id,active_power
0,0.0
1,0.0
2,0.0
3,0.0
4,0.0
5,0.0
6,0.0
7,0.0
8,0.0
9,0.0
10,0.0
11,0.0
12,0.0
13,0.0
14,0.0
15,0.0
16,0.0
17,0.0
18,0.0
19,0.0
20,0.0
21,0.0
22,0.0
23,0.0
24,0.0
25,0.0
26,55.0
27,55.0
28,55.0
29,110.0
30,110.0
31,55.0
32,0.0
33,0.0
34,0.0
35,0.0
36,0.0
37,0.0
38,0.0
39,0.0
40,0.0
41,0.0
42,0.0
43,0.0
44,0.0
45,0.0
46,0.0
47,0.0
48,0.0
49,0.0
50,0.0
51,0.0
52,0.0
53,0.0
54,0.0
55,0.0
56,0.0
57,0.0
58,0.0
59,0.0
60,0.0
61,0.0
62,0.0
63,0.0
64,0.0
65,0.0
66,0.0
67,0.0
68,0.0
69,0.0
70,0.0
71,0.0
72,0.0
73,0.0
74,0.0
75,0.0
76,0.0
77,0.0
78,0.0
79,0.0
80,0.0
81,0.0
82,0.0
83,0.0
84,0.0
85,0.0
86,0.0
87,0.0
88,0.0
89,0.0
90,0.0
91,0.0
92,0.0
93,0.0
94,0.0
95,0.0
96,0.0
97,0.0
98,0.0
99,0.0
100,55.0
101,0.0
102,0.0
103,0.0
104,0.0
105,0.0
106,0.0
107,0.0
108,0.0
109,0.0
110,0.0
111,0.0
112,0.0
113,0.0
114,0.0
115,0.0
116,55.0
117,55.0
118,55.0
119,55.0
120,55.0
121,110.0
122,55.0
123,55.0
124,110.0
125,186.0
126,264.0
127,186.0
128,186.0
129,110.0
130,55.0
131,55.0
132,110.0
133,0.0
134,0.0
135,55.0
136,0.0
137,55.0
138,110.0
139,55.0
140,0.0
141,0.0
142,0.0
143,0.0
144,0.0
145,0.0
146,0.0
147,0.0
148,0.0
149,0.0
150,0.0
151,0.0
152,0.0
153,0.0
154,0.0
155,0.0
156,0.0
157,0.0
158,0.0
159,0.0
160,0.0
161,0.0
162,0.0
163,55.0
164,55.0
165,0.0
166,55.0
167,0.0
168,55.0
169,55.0
170,110.0
171,186.0
172,186.0
173,110.0
174,110.0
175,110.0
176,110.0
177,110.0
178,186.0
179,110.0
180,186.0
181,110.0
182,110.0
183,110.0
184,55.0
185,110.0
186,110.0
187,110.0
188,110.0
189,186.0
190,110.0
191,110.0
192,55.0
193,110.0
194,264.0
195,186.0
196,110.0
197,110.0
198,110.0
199,110.0
200,110.0
201,110.0
202,110.0
203,110.0
204,110.0
205,110.0
206,110.0
207,110.0
208,110.0
209,264.0
210,264.0
211,264.0
212,264.0
213,186.0
214,264.0
215,186.0
216,186.0
217,110.0
218,186.0
219,186.0
220,186.0
221,186.0
222,186.0
223,186.0
224,110.0
225,186.0
226,110.0
227,264.0
228,110.0
229,186.0
230,110.0
231,110.0
232,186.0
233,110.0
234,186.0
235,110.0
236,55.0
237,110.0
238,55.0
239,0.0
240,55.0
241,55.0
242,0.0
243,0.0
244,55.0
245,0.0
246,0.0
247,55.0
248,0.0
249,0.0
250,0.0
251,0.0
252,0.0
253,0.0
254,0.0
255,0.0
256,0.0
257,0.0
258,0.0
259,0.0
260,0.0
261,0.0
262,0.0
263,0.0
264,0.0
265,0.0
266,0.0
267,0.0
268,0.0
269,0.0
270,0.0
271,0.0
272,0.0
273,0.0
274,0.0
275,0.0
276,0.0
277,0.0
278,0.0
279,0.0
280,0.0
281,0.0
282,0.0
283,0.0
284,0.0
285,0.0
286,0.0
287,0.0
288,0.0
289,0.0
290,0.0
291,0.0
292,0.0
293,0.0
294,0.0
295,0.0
296,0.0
297,0.0
298,0.0
299,0.0
300,0.0
301,0.0
302,0.0
303,0.0
304,0.0
305,0.0
306,0.0
307,0.0
308,0.0
309,0.0
310,0.0
311,0.0
312,0.0
313,0.0
314,0.0
315,0.0
316,0.0
317,0.0
318,0.0
319,0.0
320,0.0
321,0.0
322,0.0
323,0.0
324,0.0
325,0.0
326,0.0
327,0.0
328,0.0
329,0.0
330,0.0
331,0.0
332,0.0
333,0.0
334,0.0
335,0.0
336,0.0
337,0.0
338,0.0
339,0.0
340,0.0
341,0.0
342,0.0
343,0.0
344,0.0
345,0.0
346,0.0
347,0.0
348,0.0
349,0.0
350,0.0
351,0.0
352,0.0
353,0.0
354,0.0
355,0.0
356,0.0
357,0.0
358,0.0
359,0.0
360,0.0
361,0.0
362,0.0
363,0.0
364,0.0
365,0.0
366,0.0
367,0.0
368,0.0
369,0.0
370,0.0
371,0.0
372,0.0
373,0.0
374,0.0
375,0.0
376,0.0
377,0.0
378,0.0
379,0.0
380,0.0
381,0.0
382,0.0
383,0.0
384,0.0
385,0.0
386,0.0
387,0.0
388,0.0
389,0.0
390,0.0
391,0.0
392,0.0
393,0.0
394,0.0
395,0.0
396,0.0
397,0.0
398,0.0
399,0.0
400,0.0
401,0.0
402,0.0
403,0.0
404,0.0
405,0.0
406,0.0
407,0.0
408,0.0
409,0.0
410,0.0
411,0.0
412,0.0
413,0.0
414,0.0
415,0.0
416,0.0
417,0.0
418,0.0
419,0.0
420,0.0
421,0.0
422,0.0
423,0.0
424,0.0
425,0.0
426,0.0
427,0.0
428,0.0
429,0.0
430,0.0
431,0.0
432,0.0
433,0.0
434,0.0
435,0.0
436,0.0
437,0.0
438,0.0
439,0.0
440,0.0
441,0.0
442,0.0
443,0.0
444,0.0
445,0.0
446,0.0
447,0.0
448,0.0
449,0.0
450,0.0
451,0.0
452,0.0
453,0.0
454,0.0
455,0.0
456,0.0
457,0.0
458,0.0
459,0.0
460,0.0
461,0.0
462,0.0
463,0.0
464,0.0
465,0.0
466,0.0
467,0.0
468,0.0
469,0.0
470,0.0
471,0.0
472,0.0
473,0.0
474,0.0
475,0.0
476,0.0
477,0.0
478,0.0
479,0.0
480,0.0
481,0.0
482,0.0
483,0.0
484,0.0
485,0.0
486,0.0
487,0.0
488,0.0
489,0.0
490,0.0
491,0.0
492,0.0
493,0.0
494,0.0
495,0.0
496,0.0
497,0.0
498,0.0
499,0.0
500,0.0
501,0.0
502,0.0
503,0.0
504,0.0
505,0.0
506,0.0
507,0.0
508,0.0
509,0.0
510,0.0
511,0.0
512,0.0
513,0.0
514,0.0
515,0.0
516,0.0
517,0.0
518,0.0
519,0.0
520,0.0
521,0.0
522,0.0
523,0.0
524,0.0
525,0.0
526,0.0
527,0.0
528,0.0
529,0.0
530,0.0
531,0.0
532,0.0
533,0.0
534,0.0
535,0.0
536,0.0
537,0.0
538,0.0
539,0.0
540,0.0
541,0.0
542,0.0
543,0.0
544,0.0
545,0.0
546,0.0
547,0.0
548,0.0
549,0.0
550,0.0
551,0.0
552,0.0
553,0.0
554,0.0
555,0.0
556,0.0
557,0.0
558,0.0
559,0.0
560,0.0
561,0.0
562,0.0
563,0.0
564,0.0
565,0.0
566,0.0
567,0.0
568,0.0
569,0.0
570,0.0
571,0.0
572,0.0
573,0.0
574,0.0
575,0.0
576,0.0
577,0.0
578,0.0
579,0.0
580,0.0
581,0.0
582,0.0
583,0.0
584,0.0
585,0.0
586,0.0
587,0.0
588,0.0
589,0.0
590,0.0
591,0.0
592,0.0
593,0.0
594,0.0
595,0.0
596,0.0
597,0.0
598,0.0
599,0.0
600,0.0
601,0.0
602,0.0
603,0.0
604,0.0
605,0.0
606,0.0
607,0.0
608,0.0
609,0.0
610,0.0
611,0.0
612,0.0
613,0.0
614,0.0
615,0.0
616,0.0
617,0.0
618,0.0
619,0.0
620,0.0
621,0.0
622,0.0
623,0.0
624,0.0
625,0.0
626,0.0
627,0.0
628,0.0
629,0.0
630,0.0
631,0.0
632,0.0
633,0.0
634,0.0
635,0.0
636,0.0
637,0.0
638,0.0
639,0.0
640,0.0
641,0.0
642,0.0
643,0.0
644,0.0
645,0.0
646,0.0
647,0.0
648,0.0
649,0.0
650,0.0
651,0.0
652,0.0
653,0.0
654,0.0
655,0.0
656,0.0
657,0.0
658,0.0
659,0.0
660,0.0
661,0.0
662,0.0
663,0.0
664,0.0
665,0.0
666,0.0
667,0.0
668,0.0
669,0.0
670,0.0
671,0.0
672,0.0
673,0.0
674,0.0
675,0.0
676,0.0
677,0.0
678,0.0
679,0.0
680,0.0
681,0.0
682,0.0
683,0.0
684,0.0
685,0.0
686,0.0
687,0.0
688,0.0
689,0.0
690,0.0
691,0.0
692,0.0
693,0.0
694,0.0
695,0.0
696,0.0
697,0.0
698,0.0
699,0.0
700,0.0
701,0.0
702,0.0
703,0.0
704,0.0
705,0.0
706,0.0
707,0.0
708,0.0
709,0.0
710,0.0
711,0.0
712,0.0
713,0.0
714,0.0
715,0.0
716,0.0
717,0.0
718,0.0
719,0.0
720,0.0
721,0.0
722,0.0
723,0.0
724,0.0
725,0.0
726,0.0
727,0.0
728,0.0
729,0.0
730,0.0
731,0.0
732,0.0
733,0.0
734,0.0
735,0.0
736,0.0
737,0.0
738,0.0
739,0.0
740,0.0
741,0.0
742,0.0
743,0.0
744,0.0
745,0.0
746,0.0
747,0.0
748,0.0
749,0.0
750,0.0
751,0.0
752,0.0
753,0.0
754,0.0
755,0.0
756,0.0
757,0.0
758,0.0
759,0.0
760,0.0
761,0.0
762,0.0
763,0.0
764,0.0
765,0.0
766,0.0
767,0.0
768,0.0
769,0.0
770,0.0
771,0.0
772,0.0
773,0.0
774,0.0
775,0.0
776,0.0
777,0.0
778,0.0
779,0.0
780,0.0
781,0.0
782,0.0
783,0.0
784,0.0
785,0.0
786,0.0
787,0.0
788,0.0
789,0.0
790,0.0
791,0.0
792,0.0
793,0.0
794,0.0
795,0.0
796,0.0
797,0.0
798,0.0
799,0.0
800,0.0
801,0.0
802,0.0
803,0.0
804,0.0
805,0.0
806,0.0
807,0.0
808,0.0
809,0.0
810,0.0
811,0.0
812,0.0
813,0.0
814,0.0
815,0.0
816,0.0
817,0.0
818,0.0
819,0.0
820,0.0
821,0.0
822,0.0
823,0.0
824,0.0
825,0.0
826,0.0
827,0.0
828,0.0
829,0.0
830,0.0
831,0.0
832,0.0
833,0.0
834,0.0
835,0.0
836,0.0
837,0.0
838,0.0
839,0.0
840,0.0
841,0.0
842,0.0
843,0.0
844,0.0
845,0.0
846,0.0
847,0.0
848,0.0
849,0.0
850,0.0
851,0.0
852,0.0
853,0.0
854,0.0
855,0.0
856,0.0
857,0.0
858,0.0
859,0.0
860,0.0
861,0.0
862,0.0
863,0.0
864,0.0
865,0.0
866,0.0
867,0.0
868,0.0
869,0.0
870,0.0
871,0.0
872,0.0
873,0.0
874,0.0
875,0.0
876,0.0
877,0.0
878,0.0
879,0.0
880,0.0
881,0.0
882,0.0
883,0.0
884,0.0
885,0.0
886,0.0
887,0.0
888,0.0
889,0.0
890,0.0
891,0.0
892,0.0
893,0.0
894,0.0
895,0.0
896,0.0
897,0.0
898,0.0
899,0.0
900,0.0
901,0.0
902,0.0
903,0.0
904,0.0
905,0.0
906,0.0
907,0.0
908,0.0
909,0.0
910,0.0
911,0.0
912,0.0
913,0.0
914,0.0
915,0.0
916,0.0
917,0.0
918,0.0
919,0.0
920,0.0
921,0.0
922,0.0
923,0.0
924,0.0
925,0.0
926,0.0
927,0.0
928,0.0
929,0.0
930,0.0
931,0.0
932,0.0
933,0.0
934,0.0
935,0.0
936,0.0
937,0.0
938,0.0
939,0.0
940,0.0
941,0.0
942,0.0
943,0.0
944,0.0
945,0.0
946,0.0
947,0.0
948,0.0
949,0.0
950,0.0
951,0.0
952,0.0
953,0.0
954,0.0
955,0.0
956,0.0
957,0.0
958,0.0
959,0.0
960,0.0
961,0.0
962,0.0
963,0.0
964,0.0
965,0.0
966,0.0
967,0.0
968,0.0
969,0.0
970,0.0
971,0.0
972,0.0
973,0.0
974,0.0
975,0.0
976,0.0
977,0.0
978,0.0
979,0.0
980,0.0
981,0.0
982,0.0
983,0.0
984,0.0
985,0.0
986,0.0
987,0.0
988,0.0
989,0.0
990,0.0
991,0.0
992,0.0
993,0.0
994,0.0
995,0.0
996,0.0
997,0.0
998,0.0
999,0.0
1000,0.0
1001,0.0
1002,0.0
1003,0.0
1004,0.0
1005,0.0
1006,0.0
1007,0.0
1008,0.0
1009,0.0
1010,0.0
1011,0.0
1012,0.0
1013,0.0
1014,0.0
1015,0.0
1016,0.0
1017,0.0
1018,0.0
1019,0.0
1020,0.0
1021,0.0
1022,0.0
1023,0.0
1024,0.0
1025,0.0
1026,0.0
1027,0.0
1028,0.0
1029,0.0
1030,0.0
1031,0.0
1032,0.0
1033,0.0
1034,0.0
1035,0.0
1036,0.0
1037,0.0
1038,0.0
1039,0.0
1040,0.0
1041,0.0
1042,0.0
1043,0.0
1044,0.0
1045,0.0
1046,0.0
1047,0.0
1048,0.0
1049,0.0
1050,0.0
1051,0.0
1052,0.0
1053,0.0
1054,0.0
1055,0.0
1056,0.0
1057,0.0
1058,0.0
1059,0.0
1060,0.0
1061,0.0
1062,0.0
1063,0.0
1064,0.0
1065,0.0
1066,0.0
1067,0.0
1068,0.0
1069,0.0
1070,0.0
1071,0.0
1072,0.0
1073,0.0
1074,0.0
1075,0.0
1076,0.0
1077,0.0
1078,55.0
1079,0.0
1080,0.0
1081,55.0
1082,55.0
1083,0.0
1084,55.0
1085,0.0
1086,0.0
1087,0.0
1088,55.0
1089,110.0
1090,110.0
1091,186.0
1092,186.0
1093,264.0
1094,342.0
1095,110.0
1096,110.0
1097,110.0
1098,186.0
1099,186.0
1100,264.0
1101,264.0
1102,342.0
1103,110.0
1104,186.0
1105,264.0
1106,110.0
1107,55.0
1108,55.0
1109,110.0
1110,264.0
1111,186.0
1112,186.0
1113,342.0
1114,342.0
1115,342.0
1116,342.0
1117,424.0
1118,506.0
1119,424.0
1120,342.0
1121,186.0
1122,55.0
1123,0.0
1124,0.0
1125,0.0
1126,0.0
1127,0.0
1128,55.0
1129,0.0
1130,0.0
1131,0.0
1132,0.0
1133,0.0
1134,0.0
1135,0.0
1136,0.0
1137,0.0
1138,0.0
1139,0.0
1140,0.0
1141,0.0
1142,0.0
1143,0.0
1144,0.0
1145,0.0
1146,0.0
1147,0.0
1148,0.0
1149,0.0
1150,0.0
1151,0.0
1152,0.0
1153,0.0
1154,0.0
1155,0.0
1156,0.0
1157,0.0
1158,0.0
1159,0.0
1160,0.0
1161,0.0
1162,0.0
1163,0.0
1164,0.0
1165,0.0
1166,0.0
1167,0.0
1168,0.0
1169,0.0
1170,0.0
1171,0.0
1172,0.0
1173,0.0
1174,0.0
1175,0.0
1176,0.0
1177,0.0
1178,0.0
1179,0.0
1180,0.0
1181,0.0
1182,0.0
1183,0.0
1184,0.0
1185,0.0
1186,0.0
1187,0.0
1188,0.0
1189,0.0
1190,0.0
1191,0.0
1192,0.0
1193,0.0
1194,0.0
1195,0.0
1196,0.0
1197,0.0
1198,0.0
1199,0.0
1200,0.0
1201,0.0
1202,0.0
1203,0.0
1204,0.0
1205,55.0
1206,0.0
1207,0.0
1208,0.0
1209,0.0
1210,0.0
1211,0.0
1212,0.0
1213,0.0
1214,0.0
1215,0.0
1216,0.0
1217,0.0
1218,0.0
1219,0.0
1220,0.0
1221,0.0
1222,0.0
1223,0.0
1224,0.0
1225,0.0
1226,0.0
1227,0.0
1228,0.0
1229,0.0
1230,0.0
1231,0.0
1232,0.0
1233,0.0
1234,0.0
1235,0.0
1236,0.0
1237,0.0
1238,0.0
1239,0.0
1240,0.0
1241,0.0
1242,0.0
1243,0.0
1244,0.0
1245,0.0
1246,0.0
1247,0.0
1248,0.0
1249,0.0
1250,0.0
1251,0.0
1252,0.0
1253,0.0
1254,0.0
1255,0.0
1256,0.0
1257,0.0
1258,0.0
1259,0.0
1260,0.0
1261,0.0
1262,0.0
1263,0.0
1264,0.0
1265,0.0
1266,0.0
1267,0.0
1268,0.0
1269,0.0
1270,0.0
1271,0.0
1272,0.0
1273,0.0
1274,0.0
1275,0.0
1276,0.0
1277,0.0
1278,0.0
1279,0.0
1280,0.0
1281,0.0
1282,0.0
1283,0.0
1284,0.0
1285,0.0
1286,0.0
1287,0.0
1288,0.0
1289,0.0
1290,0.0
1291,0.0
1292,0.0
1293,0.0
1294,0.0
1295,0.0
1296,0.0
1297,0.0
1298,0.0
1299,0.0
1300,0.0
1301,0.0
1302,0.0
1303,0.0
1304,0.0
1305,0.0
1306,0.0
1307,0.0
1308,0.0
1309,0.0
1310,0.0
1311,0.0
1312,0.0
1313,0.0
1314,0.0
1315,0.0
1316,0.0
1317,0.0
1318,0.0
1319,0.0
1320,0.0
1321,0.0
1322,0.0
1323,0.0
1324,0.0
1325,0.0
1326,0.0
1327,0.0
1328,55.0
1329,0.0
1330,0.0
1331,55.0
1332,110.0
1333,110.0
1334,110.0
1335,186.0
1336,186.0
1337,110.0
1338,186.0
1339,110.0
1340,264.0
1341,186.0
1342,110.0
1343,186.0
1344,186.0
1345,186.0
1346,186.0
1347,186.0
1348,264.0
1349,264.0
1350,186.0
1351,186.0
1352,264.0
1353,264.0
1354,264.0
1355,186.0
1356,186.0
1357,186.0
1358,264.0
1359,186.0
1360,264.0
1361,264.0
1362,342.0
1363,424.0
1364,342.0
1365,186.0
1366,264.0
1367,264.0
1368,264.0
1369,264.0
1370,342.0
1371,342.0
1372,424.0
1373,618.0
1374,342.0
1375,342.0
1376,264.0
1377,264.0
1378,264.0
1379,264.0
1380,424.0
1381,424.0
1382,342.0
1383,424.0
1384,424.0
1385,424.0
1386,342.0
1387,424.0
1388,342.0
1389,342.0
1390,264.0
1391,264.0
1392,264.0
1393,342.0
1394,264.0
1395,342.0
1396,264.0
1397,342.0
1398,342.0
1399,264.0
1400,264.0
1401,264.0
1402,342.0
1403,342.0
1404,342.0
1405,342.0
1406,424.0
1407,424.0
1408,424.0
1409,424.0
1410,424.0
1411,424.0
1412,342.0
1413,342.0
1414,424.0
1415,342.0
1416,424.0
1417,342.0
1418,264.0
1419,264.0
1420,342.0
1421,342.0
1422,342.0
1423,264.0
1424,342.0
1425,342.0
1426,342.0
1427,342.0
1428,342.0
1429,264.0
1430,424.0
1431,342.0
1432,342.0
1433,342.0
1434,424.0
1435,424.0
1436,424.0
1437,424.0
1438,264.0
1439,264.0
1440,264.0
1441,264.0
1442,186.0
1443,264.0
1444,186.0
1445,110.0
1446,186.0
1447,264.0
1448,186.0
1449,264.0
1450,186.0
1451,264.0
1452,264.0
1453,186.0
1454,186.0
1455,264.0
1456,186.0
1457,55.0
1458,110.0
1459,186.0
1460,186.0
1461,186.0
1462,110.0
1463,110.0
1464,186.0
1465,264.0
1466,264.0
1467,186.0
1468,264.0
1469,342.0
1470,186.0
1471,264.0
1472,186.0
1473,186.0
1474,342.0
1475,342.0
1476,342.0
1477,424.0
1478,424.0
1479,264.0
1480,186.0
1481,186.0
1482,110.0
1483,110.0
1484,55.0
1485,110.0
1486,110.0
1487,110.0
1488,55.0
1489,110.0
1490,110.0
1491,110.0
1492,110.0
1493,55.0
1494,264.0
1495,55.0
1496,0.0
1497,0.0
1498,0.0
1499,0.0
1500,0.0
1501,55.0
1502,186.0
1503,110.0
1504,110.0
1505,55.0
1506,55.0
1507,55.0
1508,110.0
1509,110.0
1510,110.0
1511,110.0
1512,264.0
1513,264.0
1514,264.0
1515,110.0
1516,110.0
1517,110.0
1518,186.0
1519,186.0
1520,186.0
1521,186.0
1522,110.0
1523,110.0
1524,110.0
1525,110.0
1526,0.0
1527,0.0
1528,0.0
1529,0.0
1530,55.0
1531,0.0
1532,0.0
1533,110.0
1534,0.0
1535,55.0
1536,55.0
1537,0.0
1538,0.0
1539,0.0
1540,0.0
1541,0.0
1542,0.0
1543,0.0
1544,0.0
1545,0.0
1546,110.0
1547,186.0
1548,186.0
1549,186.0
1550,186.0
1551,186.0
1552,264.0
1553,186.0
1554,110.0
1555,186.0
1556,186.0
1557,186.0
1558,264.0
1559,186.0
1560,186.0
1561,264.0
1562,264.0
1563,186.0
1564,110.0
1565,110.0
1566,186.0
1567,186.0
1568,264.0
1569,342.0
1570,264.0
1571,342.0
1572,342.0
1573,264.0
1574,342.0
1575,342.0
1576,342.0
1577,264.0
1578,264.0
1579,342.0
1580,424.0
1581,342.0
1582,424.0
1583,342.0
1584,342.0
1585,342.0
1586,424.0
1587,342.0
1588,342.0
1589,342.0
1590,342.0
1591,342.0
1592,342.0
1593,424.0
1594,506.0
1595,618.0
1596,342.0
1597,264.0
1598,342.0
1599,424.0
1600,342.0
1601,424.0
1602,342.0
1603,424.0
1604,424.0
1605,506.0
1606,730.0
1607,730.0
1608,506.0
1609,506.0
1610,506.0
1611,730.0
1612,618.0
1613,618.0
1614,424.0
1615,506.0
1616,506.0
1617,618.0
1618,424.0
1619,730.0
1620,618.0
1621,424.0
1622,506.0
1623,424.0
1624,618.0
1625,506.0
1626,618.0
1627,730.0
1628,730.0
1629,1195.0
1630,1724.0
1631,1828.0
1632,1828.0
1633,1828.0
1634,1828.0
1635,1558.0
1636,1724.0
1637,1828.0
1638,1828.0
1639,1724.0
1640,1909.0
1641,1960.0
1642,1960.0
1643,1960.0
1644,1828.0
1645,1724.0
1646,1391.0
1647,1195.0
1648,1195.0
1649,999.0
1650,865.0
1651,865.0
1652,999.0
1653,865.0
1654,999.0
1655,1195.0
1656,1391.0
1657,999.0
1658,1195.0
1659,999.0
1660,999.0
1661,1195.0
1662,999.0
1663,865.0
1664,999.0
1665,730.0
1666,865.0
1667,999.0
1668,999.0
1669,999.0
1670,1195.0
1671,1195.0
1672,1391.0
1673,999.0
1674,1195.0
1675,999.0
1676,1391.0
1677,999.0
1678,865.0
1679,865.0
1680,618.0
1681,618.0
1682,730.0
1683,865.0
1684,865.0
1685,424.0
1686,506.0
1687,424.0
1688,618.0
1689,618.0
1690,424.0
1691,506.0
1692,424.0
1693,342.0
1694,424.0
1695,424.0
1696,424.0
1697,506.0
1698,424.0
1699,342.0
1700,424.0
1701,424.0
1702,342.0
1703,424.0
1704,342.0
1705,342.0
1706,342.0
1707,424.0
1708,424.0
1709,506.0
1710,424.0
1711,424.0
1712,506.0
1713,506.0
1714,506.0
1715,618.0
1716,506.0
1717,424.0
1718,506.0
1719,506.0
1720,424.0
1721,342.0
1722,342.0
1723,506.0
1724,506.0
1725,424.0
1726,264.0
1727,264.0
1728,264.0
1729,186.0
1730,264.0
1731,342.0
1732,342.0
1733,342.0
1734,424.0
1735,342.0
1736,342.0
1737,264.0
1738,264.0
1739,342.0
1740,264.0
1741,186.0
1742,186.0
1743,264.0
1744,342.0
1745,264.0
1746,342.0
1747,342.0
1748,342.0
1749,342.0
1750,342.0
1751,342.0
1752,424.0
1753,342.0
1754,342.0
1755,342.0
1756,424.0
1757,424.0
1758,424.0
1759,424.0
1760,424.0
1761,424.0
1762,424.0
1763,424.0
1764,342.0
1765,424.0
1766,865.0
1767,618.0
1768,506.0
1769,506.0
1770,342.0
1771,424.0
1772,342.0
1773,342.0
1774,424.0
1775,264.0
1776,342.0
1777,342.0
1778,342.0
1779,264.0
1780,264.0
1781,342.0
1782,186.0
1783,342.0
1784,342.0
1785,342.0
1786,264.0
1787,424.0
1788,506.0
1789,506.0
1790,506.0
1791,424.0
1792,506.0
1793,506.0
1794,424.0
1795,424.0
1796,424.0
1797,342.0
1798,424.0
1799,618.0
1800,506.0
1801,506.0
1802,618.0
1803,730.0
1804,865.0
1805,865.0
1806,865.0
1807,1558.0
1808,1391.0
1809,1391.0
1810,1558.0
1811,1724.0
1812,1909.0
1813,1828.0
1814,1960.0
1815,2002.0
1816,2025.0
1817,1909.0
1818,1960.0
1819,1909.0
1820,1724.0
1821,1960.0
1822,2050.0
1823,2025.0
1824,2050.0
1825,2050.0
1826,2050.0
1827,2050.0
1828,2050.0
1829,2050.0
1830,2050.0
1831,2050.0
1832,2050.0
1833,2050.0
1834,2050.0
1835,2050.0
1836,2044.0
1837,2050.0
1838,2050.0
1839,2050.0
1840,2050.0
1841,2050.0
1842,2050.0
1843,2050.0
1844,2050.0
1845,2050.0
1846,2050.0
1847,2050.0
1848,2050.0
1849,2050.0
1850,2050.0
1851,2050.0
1852,2044.0
1853,2050.0
1854,2050.0
1855,2050.0
1856,2025.0
1857,2025.0
1858,2044.0
1859,2044.0
1860,2044.0
1861,2002.0
1862,1960.0
1863,2025.0
1864,2002.0
1865,1909.0
1866,1828.0
1867,1909.0
1868,1960.0
1869,1909.0
1870,1724.0
1871,1558.0
1872,1960.0
1873,1828.0
1874,1724.0
1875,1724.0
1876,1558.0
1877,1391.0
1878,999.0
1879,999.0
1880,999.0
1881,1195.0
1882,865.0
1883,730.0
1884,865.0
1885,730.0
1886,865.0
1887,865.0
1888,730.0
1889,865.0
1890,730.0
1891,618.0
1892,865.0
1893,1195.0
1894,730.0
1895,999.0
1896,865.0
1897,424.0
1898,618.0
1899,618.0
1900,865.0
1901,865.0
1902,865.0
1903,1391.0
1904,1391.0
1905,730.0
1906,865.0
1907,999.0
1908,865.0
1909,730.0
1910,730.0
1911,865.0
1912,865.0
1913,618.0
1914,730.0
1915,424.0
1916,506.0
1917,506.0
1918,424.0
1919,506.0
1920,506.0
1921,424.0
1922,424.0
1923,424.0
1924,424.0
1925,264.0
1926,342.0
1927,865.0
1928,618.0
1929,618.0
1930,865.0
1931,618.0
1932,424.0
1933,1195.0
1934,1195.0
1935,730.0
1936,506.0
1937,424.0
1938,618.0
1939,424.0
1940,424.0
1941,506.0
1942,506.0
1943,342.0
1944,342.0
1945,342.0
1946,424.0
1947,424.0
1948,506.0
1949,506.0
1950,506.0
1951,424.0
1952,506.0
1953,506.0
1954,506.0
1955,506.0
1956,424.0
1957,506.0
1958,506.0
1959,618.0
1960,1391.0
1961,1558.0
1962,1724.0
1963,1909.0
1964,1828.0
1965,1558.0
1966,1195.0
1967,1195.0
1968,1391.0
1969,1195.0
1970,1724.0
1971,1724.0
1972,1828.0
1973,1558.0
1974,1391.0
1975,1195.0
1976,865.0
1977,865.0
1978,865.0
1979,865.0
1980,1195.0
1981,1391.0
1982,1391.0
1983,1195.0
1984,1391.0
1985,1195.0
1986,1391.0
1987,1558.0
1988,1558.0
1989,1195.0
1990,1195.0
1991,1391.0
1992,1391.0
1993,865.0
1994,730.0
1995,730.0
1996,506.0
1997,730.0
1998,865.0
1999,618.0
2000,618.0
2001,730.0
2002,618.0
2003,865.0
2004,865.0
2005,865.0
2006,618.0
2007,618.0
2008,730.0
2009,618.0
2010,865.0
2011,865.0
2012,618.0
2013,618.0
2014,618.0
2015,618.0
2016,730.0
2017,730.0
2018,865.0
2019,999.0
2020,865.0
2021,999.0
2022,730.0
2023,1195.0
2024,999.0
2025,999.0
2026,730.0
2027,730.0
2028,865.0
2029,730.0
2030,730.0
2031,999.0
2032,865.0
2033,865.0
2034,865.0
2035,865.0
2036,999.0
2037,999.0
2038,865.0
2039,865.0
2040,999.0
2041,618.0
2042,730.0
2043,506.0
2044,506.0
2045,618.0
2046,506.0
2047,865.0
2048,865.0
2049,865.0
2050,730.0
2051,730.0
2052,618.0
2053,506.0
2054,424.0
2055,424.0
2056,342.0
2057,342.0
2058,342.0
2059,424.0
2060,264.0
2061,264.0
2062,342.0
2063,264.0
2064,264.0
2065,342.0
2066,264.0
2067,342.0
2068,342.0
2069,342.0
2070,424.0
2071,424.0
2072,342.0
2073,264.0
2074,424.0
2075,264.0
2076,186.0
2077,110.0
2078,264.0
2079,342.0
2080,264.0
2081,264.0
2082,264.0
2083,342.0
2084,424.0
2085,342.0
2086,264.0
2087,424.0
2088,506.0
2089,618.0
2090,618.0
2091,342.0
2092,342.0
2093,506.0
2094,506.0
2095,424.0
2096,424.0
2097,342.0
2098,342.0
2099,342.0
2100,424.0
2101,342.0
2102,264.0
2103,264.0
2104,264.0
2105,264.0
2106,110.0
2107,186.0
2108,264.0
2109,342.0
2110,264.0
2111,264.0
2112,342.0
2113,342.0
2114,424.0
2115,342.0
2116,342.0
2117,342.0
2118,264.0
2119,186.0
2120,186.0
2121,264.0
2122,342.0
2123,342.0
2124,264.0
2125,264.0
2126,342.0
2127,186.0
2128,342.0
2129,110.0
2130,186.0
2131,342.0
2132,264.0
2133,264.0
2134,186.0
2135,342.0
2136,264.0
2137,342.0
2138,186.0
2139,186.0
2140,110.0
2141,186.0
2142,55.0
2143,0.0
2144,0.0
2145,0.0
2146,0.0
2147,0.0
2148,110.0
2149,110.0
2150,110.0
2151,110.0
2152,186.0
2153,186.0
2154,110.0
2155,186.0
2156,264.0
2157,264.0
2158,264.0
2159,264.0
2160,264.0
2161,264.0
2162,186.0
2163,110.0
2164,110.0
2165,110.0
2166,186.0
2167,110.0
2168,55.0
2169,110.0
2170,264.0
2171,186.0
2172,186.0
2173,110.0
2174,186.0
2175,186.0
2176,186.0
2177,110.0
2178,264.0
2179,186.0
2180,110.0
2181,186.0
2182,264.0
2183,186.0
2184,186.0
2185,424.0
2186,110.0
2187,186.0
2188,186.0
2189,110.0
2190,110.0
2191,110.0
2192,110.0
2193,110.0
2194,110.0
2195,110.0
2196,55.0
2197,55.0
2198,110.0
2199,110.0
2200,110.0
2201,55.0
2202,55.0
2203,0.0
2204,0.0
2205,0.0
2206,0.0
2207,0.0
2208,0.0
2209,0.0
2210,0.0
2211,0.0
2212,55.0
2213,0.0
2214,55.0
2215,0.0
2216,0.0
2217,55.0
2218,0.0
2219,0.0
2220,0.0
2221,0.0
2222,0.0
2223,0.0
2224,0.0
2225,0.0
2226,0.0
2227,0.0
2228,0.0
2229,0.0
2230,55.0
2231,110.0
2232,55.0
2233,55.0
2234,0.0
2235,0.0
2236,0.0
2237,0.0
2238,0.0
2239,0.0
2240,0.0
2241,0.0
2242,0.0
2243,0.0
2244,0.0
2245,0.0
2246,0.0
2247,0.0
2248,0.0
2249,55.0
2250,55.0
2251,110.0
2252,110.0
2253,110.0
2254,55.0
2255,55.0
2256,110.0
2257,55.0
2258,55.0
2259,0.0
2260,0.0
2261,0.0
2262,0.0
2263,55.0
2264,0.0
2265,0.0
2266,0.0
2267,0.0
2268,0.0
2269,0.0
2270,0.0
2271,0.0
2272,0.0
2273,0.0
2274,0.0
2275,0.0
2276,0.0
2277,0.0
2278,0.0
2279,0.0
2280,0.0
2281,0.0
2282,0.0
2283,0.0
2284,0.0
2285,0.0
2286,55.0
2287,55.0
2288,55.0
2289,0.0
2290,55.0
2291,110.0
2292,55.0
2293,55.0
2294,110.0
2295,110.0
2296,110.0
2297,186.0
2298,186.0
2299,186.0
2300,186.0
2301,55.0
2302,0.0
2303,0.0
2304,0.0
2305,0.0
2306,0.0
2307,55.0
2308,186.0
2309,342.0
2310,342.0
2311,264.0
2312,110.0
2313,55.0
2314,186.0
2315,186.0
2316,186.0
2317,55.0
2318,0.0
2319,0.0
2320,0.0
2321,0.0
2322,0.0
2323,110.0
2324,55.0
2325,55.0
2326,55.0
2327,0.0
2328,0.0
2329,0.0
2330,0.0
2331,55.0
2332,0.0
2333,55.0
2334,55.0
2335,110.0
2336,110.0
2337,110.0
2338,186.0
2339,110.0
2340,110.0
2341,110.0
2342,110.0
2343,55.0
2344,0.0
2345,0.0
2346,0.0
2347,0.0
2348,0.0
2349,186.0
2350,186.0
2351,55.0
2352,0.0
2353,55.0
2354,186.0
2355,264.0
2356,110.0
2357,110.0
2358,110.0
2359,110.0
2360,110.0
2361,55.0
2362,264.0
2363,342.0
2364,264.0
2365,186.0
2366,110.0
2367,0.0
2368,0.0
2369,0.0
2370,0.0
2371,110.0
2372,264.0
2373,342.0
2374,264.0
2375,186.0
2376,110.0
2377,110.0
2378,186.0
2379,186.0
2380,186.0
2381,264.0
2382,424.0
2383,264.0
2384,264.0
2385,186.0
2386,264.0
2387,186.0
2388,264.0
2389,342.0
2390,342.0
2391,342.0
2392,424.0
2393,506.0
2394,506.0
2395,506.0
2396,618.0
2397,424.0
2398,424.0
2399,424.0
2400,342.0
2401,506.0
2402,424.0
2403,424.0
2404,424.0
2405,342.0
2406,424.0
2407,424.0
2408,506.0
2409,424.0
2410,424.0
2411,506.0
2412,618.0
2413,506.0
2414,506.0
2415,618.0
2416,730.0
2417,730.0
2418,730.0
2419,618.0
2420,618.0
2421,618.0
2422,730.0
2423,618.0
2424,506.0
2425,424.0
2426,424.0
2427,618.0
2428,730.0
2429,730.0
2430,618.0
2431,618.0
2432,865.0
2433,865.0
2434,999.0
2435,730.0
2436,424.0
2437,424.0
2438,618.0
2439,506.0
2440,618.0
2441,730.0
2442,730.0
2443,865.0
2444,730.0
2445,730.0
2446,865.0
2447,618.0
2448,618.0
2449,618.0
2450,730.0
2451,730.0
2452,865.0
2453,865.0
2454,999.0
2455,730.0
2456,730.0
2457,730.0
2458,865.0
2459,730.0
2460,865.0
2461,865.0
2462,618.0
2463,618.0
2464,730.0
2465,865.0
2466,730.0
2467,999.0
2468,1195.0
2469,730.0
2470,865.0
2471,999.0
2472,999.0
2473,865.0
2474,999.0
2475,865.0
2476,1195.0
2477,1195.0
2478,865.0
2479,1195.0
2480,1391.0
2481,865.0
2482,865.0
2483,999.0
2484,865.0
2485,1195.0
2486,865.0
2487,999.0
2488,999.0
2489,999.0
2490,1391.0
2491,1558.0
2492,1724.0
2493,1391.0
2494,865.0
2495,999.0
2496,865.0
2497,618.0
2498,1195.0
2499,1195.0
2500,999.0
2501,865.0
2502,865.0
2503,1391.0
2504,1195.0
2505,1828.0
2506,1391.0
2507,1195.0
2508,618.0
2509,730.0
2510,999.0
2511,999.0
2512,1558.0
2513,1195.0
2514,1391.0
2515,1195.0
2516,1195.0
2517,1195.0
2518,730.0
2519,618.0
2520,618.0
2521,618.0
2522,865.0
2523,1195.0
2524,1195.0
2525,1195.0
2526,1391.0
2527,1724.0
2528,1558.0
2529,1558.0
2530,1195.0
2531,1558.0
2532,1558.0
2533,999.0
2534,999.0
2535,1195.0
2536,1558.0
2537,1828.0
2538,1724.0
2539,1724.0
2540,1724.0
2541,1724.0
2542,1558.0
2543,1724.0
2544,1828.0
2545,1909.0
2546,1909.0
2547,1909.0
2548,1960.0
2549,1960.0
2550,2002.0
2551,2025.0
2552,2050.0
2553,2044.0
2554,2002.0
2555,2002.0
2556,1909.0
2557,2002.0
2558,2002.0
2559,2002.0
2560,1960.0
2561,1960.0
2562,1828.0
2563,1909.0
2564,1828.0
2565,1828.0
2566,1909.0
2567,1909.0
2568,1960.0
2569,1724.0
2570,1909.0
2571,1828.0
2572,1828.0
2573,1724.0
2574,1828.0
2575,1828.0
2576,1909.0
2577,1909.0
2578,1960.0
2579,1960.0
2580,1909.0
2581,1828.0
2582,1828.0
2583,1909.0
2584,1828.0
2585,1724.0
2586,1828.0
2587,1828.0
2588,1828.0
2589,1828.0
2590,1909.0
2591,1960.0
2592,2002.0
2593,2025.0
2594,2002.0
2595,2002.0
2596,1960.0
2597,1960.0
2598,1960.0
2599,1909.0
2600,1909.0
2601,1909.0
2602,1960.0
2603,1909.0
2604,1828.0
2605,1828.0
2606,1724.0
2607,1828.0
2608,1724.0
2609,1724.0
2610,1828.0
2611,1724.0
2612,1828.0
2613,1828.0
2614,1828.0
2615,1558.0
2616,1724.0
2617,1909.0
2618,1909.0
2619,1909.0
2620,1828.0
2621,1909.0
2622,2002.0
2623,1909.0
2624,2002.0
2625,2002.0
2626,2025.0
2627,1960.0
2628,1909.0
2629,1960.0
2630,1724.0
2631,1909.0
2632,1960.0
2633,1909.0
2634,1909.0
2635,1909.0
2636,1558.0
2637,1724.0
2638,1558.0
2639,1724.0
2640,1909.0
2641,1558.0
2642,1828.0
2643,1391.0
2644,1558.0
2645,1960.0
2646,1828.0
2647,1558.0
2648,1391.0
2649,1724.0
2650,1558.0
2651,1724.0
2652,1828.0
2653,1724.0
2654,1909.0
2655,1828.0
2656,1828.0
2657,1558.0
2658,1724.0
2659,1558.0
2660,1724.0
2661,1724.0
2662,1558.0
2663,1391.0
2664,1391.0
2665,1391.0
2666,1558.0
2667,1391.0
2668,1195.0
2669,1391.0
2670,1828.0
2671,1909.0
2672,1960.0
2673,1960.0
2674,1909.0
2675,2025.0
2676,1960.0
2677,1960.0
2678,2025.0
2679,1960.0
2680,1960.0
2681,2025.0
2682,2044.0
2683,2025.0
2684,2044.0
2685,2002.0
2686,2025.0
2687,2044.0
2688,2025.0
2689,2002.0
2690,1960.0
2691,2002.0
2692,1960.0
2693,1909.0
2694,1960.0
2695,1909.0
2696,1828.0
2697,1909.0
2698,1909.0
2699,1909.0
2700,1724.0
2701,1828.0
2702,1828.0
2703,1724.0
2704,1558.0
2705,1391.0
2706,1391.0
2707,1195.0
2708,1391.0
2709,1391.0
2710,1558.0
2711,1558.0
2712,1391.0
2713,999.0
2714,999.0
2715,999.0
2716,999.0
2717,1391.0
2718,1195.0
2719,1195.0
2720,999.0
2721,865.0
2722,730.0
2723,506.0
2724,730.0
2725,999.0
2726,1195.0
2727,1558.0
2728,1391.0
2729,1195.0
2730,865.0
2731,865.0
2732,730.0
2733,999.0
2734,1391.0
2735,865.0
2736,506.0
2737,342.0
2738,342.0
2739,264.0
2740,342.0
2741,342.0
2742,424.0
2743,342.0
2744,424.0
2745,506.0
2746,618.0
2747,506.0
2748,506.0
2749,618.0
2750,865.0
2751,865.0
2752,730.0
2753,730.0
2754,618.0
2755,424.0
2756,424.0
2757,506.0
2758,342.0
2759,342.0
2760,342.0
2761,424.0
2762,264.0
2763,342.0
2764,264.0
2765,506.0
2766,424.0
2767,424.0
2768,264.0
2769,424.0
2770,264.0
2771,342.0
2772,342.0
2773,342.0
2774,506.0
2775,424.0
2776,424.0
2777,618.0
2778,506.0
2779,506.0
2780,506.0
2781,506.0
2782,424.0
2783,264.0
2784,342.0
2785,506.0
2786,506.0
2787,618.0
2788,506.0
2789,424.0
2790,424.0
2791,618.0
2792,730.0
2793,730.0
2794,506.0
2795,618.0
2796,506.0
2797,618.0
2798,506.0
2799,424.0
2800,186.0
2801,110.0
2802,110.0
2803,264.0
2804,424.0
2805,506.0
2806,618.0
2807,618.0
2808,865.0
2809,1391.0
2810,1195.0
2811,1391.0
2812,1391.0
2813,1195.0
2814,1391.0
2815,1391.0
2816,999.0
2817,730.0
2818,618.0
2819,424.0
2820,342.0
2821,424.0
2822,424.0
2823,506.0
2824,506.0
2825,264.0
2826,186.0
2827,110.0
2828,110.0
2829,110.0
2830,110.0
2831,110.0
2832,110.0
2833,110.0
2834,186.0
2835,110.0
2836,424.0
2837,342.0
2838,424.0
2839,424.0
2840,506.0
2841,506.0
2842,342.0
2843,342.0
2844,342.0
2845,424.0
2846,424.0
2847,424.0
2848,342.0
2849,342.0
2850,342.0
2851,342.0
2852,264.0
2853,264.0
2854,264.0
2855,264.0
2856,342.0
2857,342.0
2858,342.0
2859,342.0
2860,342.0
2861,424.0
2862,424.0
2863,342.0
2864,424.0
2865,342.0
2866,264.0
2867,264.0
2868,342.0
2869,424.0
2870,424.0
2871,424.0
2872,506.0
2873,506.0
2874,506.0
2875,424.0
2876,342.0
2877,264.0
2878,264.0
2879,186.0
2880,186.0
2881,264.0
2882,264.0
2883,264.0
2884,264.0
2885,264.0
2886,264.0
2887,424.0
2888,342.0
2889,342.0
2890,264.0
2891,264.0
2892,264.0
2893,186.0
2894,264.0
2895,264.0
2896,264.0
2897,264.0
2898,342.0
2899,264.0
2900,264.0
2901,186.0
2902,186.0
2903,264.0
2904,342.0
2905,342.0
2906,342.0
2907,264.0
2908,264.0
2909,264.0
2910,264.0
2911,342.0
2912,264.0
2913,186.0
2914,186.0
2915,264.0
2916,264.0
2917,264.0
2918,186.0
2919,186.0
2920,55.0
2921,0.0
2922,55.0
2923,55.0
2924,0.0
2925,55.0
2926,55.0
2927,55.0
2928,0.0
2929,55.0
2930,0.0
2931,0.0
2932,55.0
2933,55.0
2934,0.0
2935,0.0
2936,0.0
2937,0.0
2938,0.0
2939,0.0
2940,55.0
2941,55.0
2942,55.0
2943,55.0
2944,55.0
2945,110.0
2946,110.0
2947,110.0
2948,110.0
2949,110.0
2950,110.0
2951,186.0
2952,264.0
2953,264.0
2954,186.0
2955,186.0
2956,186.0
2957,186.0
2958,186.0
2959,110.0
2960,110.0
2961,55.0
2962,55.0
2963,110.0
2964,110.0
2965,0.0
2966,55.0
2967,55.0
2968,110.0
2969,110.0
2970,55.0
2971,55.0
2972,55.0
2973,55.0
2974,110.0
2975,110.0
2976,110.0
2977,186.0
2978,186.0
2979,186.0
2980,186.0
2981,264.0
2982,264.0
2983,264.0
2984,186.0
2985,186.0
2986,186.0
2987,186.0
2988,186.0
2989,264.0
2990,342.0
2991,342.0
2992,264.0
2993,186.0
2994,186.0
2995,186.0
2996,186.0
2997,264.0
2998,264.0
2999,264.0
3000,264.0
3001,342.0
3002,342.0
3003,342.0
3004,264.0
3005,186.0
3006,186.0
3007,110.0
3008,110.0
3009,110.0
3010,110.0
3011,186.0
3012,264.0
3013,186.0
3014,110.0
3015,186.0
3016,264.0
3017,264.0
3018,264.0
3019,186.0
3020,264.0
3021,264.0
3022,264.0
3023,186.0
3024,264.0
3025,264.0
3026,264.0
3027,264.0
3028,264.0
3029,186.0
3030,186.0
3031,186.0
3032,0.0
3033,0.0
3034,55.0
3035,0.0
3036,0.0
3037,110.0
3038,110.0
3039,110.0
3040,110.0
3041,55.0
3042,110.0
3043,110.0
3044,110.0
3045,110.0
3046,110.0
3047,110.0
3048,110.0
3049,55.0
3050,186.0
3051,264.0
3052,186.0
3053,186.0
3054,110.0
3055,186.0
3056,186.0
3057,110.0
3058,110.0
3059,55.0
3060,110.0
3061,55.0
3062,55.0
3063,55.0
3064,55.0
3065,0.0
3066,0.0
3067,0.0
3068,0.0
3069,0.0
3070,0.0
3071,0.0
3072,0.0
3073,0.0
3074,0.0
3075,0.0
3076,0.0
3077,0.0
3078,0.0
3079,0.0
3080,0.0
3081,0.0
3082,0.0
3083,0.0
3084,0.0
3085,0.0
3086,0.0
3087,0.0
3088,0.0
3089,0.0
3090,0.0
3091,0.0
3092,0.0
3093,0.0
3094,0.0
3095,0.0
3096,0.0
3097,0.0
3098,0.0
3099,0.0
3100,55.0
3101,55.0
3102,55.0
3103,55.0
3104,0.0
3105,55.0
3106,55.0
3107,0.0
3108,0.0
3109,264.0
3110,186.0
3111,186.0
3112,110.0
3113,110.0
3114,186.0
3115,186.0
3116,186.0
3117,186.0
3118,186.0
3119,264.0
3120,264.0
3121,264.0
3122,342.0
3123,264.0
3124,264.0
3125,186.0
3126,186.0
3127,110.0
3128,186.0
3129,264.0
3130,342.0
3131,342.0
3132,264.0
3133,186.0
3134,264.0
3135,264.0
3136,186.0
3137,186.0
3138,186.0
3139,110.0
3140,110.0
3141,110.0
3142,110.0
3143,55.0
3144,110.0
3145,110.0
3146,110.0
3147,110.0
3148,186.0
3149,186.0
3150,264.0
3151,186.0
3152,110.0
3153,186.0
3154,186.0
3155,110.0
3156,186.0
3157,186.0
3158,186.0
3159,186.0
3160,186.0
3161,186.0
3162,264.0
3163,186.0
3164,186.0
3165,186.0
3166,110.0
3167,186.0
3168,264.0
3169,342.0
3170,264.0
3171,342.0
3172,424.0
3173,342.0
3174,342.0
3175,342.0
3176,342.0
3177,342.0
3178,342.0
3179,424.0
3180,342.0
3181,342.0
3182,342.0
3183,424.0
3184,424.0
3185,424.0
3186,424.0
3187,424.0
3188,424.0
3189,342.0
3190,342.0
3191,264.0
3192,264.0
3193,264.0
3194,264.0
3195,342.0
3196,264.0
3197,186.0
3198,186.0
3199,110.0
3200,55.0
3201,0.0
3202,55.0
3203,55.0
3204,55.0
3205,0.0
3206,0.0
3207,0.0
3208,0.0
3209,0.0
3210,0.0
3211,55.0
3212,110.0
3213,264.0
3214,264.0
3215,55.0
3216,0.0
3217,0.0
3218,0.0
3219,0.0
3220,55.0
3221,110.0
3222,0.0
3223,0.0
3224,0.0
3225,110.0
3226,55.0
3227,110.0
3228,110.0
3229,110.0
3230,186.0
3231,110.0
3232,110.0
3233,0.0
3234,55.0
3235,55.0
3236,110.0
3237,264.0
3238,424.0
3239,264.0
3240,186.0
3241,264.0
3242,264.0
3243,264.0
3244,342.0
3245,342.0
3246,264.0
3247,186.0
3248,110.0
3249,186.0
3250,186.0
3251,186.0
3252,264.0
3253,264.0
3254,342.0
3255,186.0
3256,186.0
3257,186.0
3258,186.0
3259,186.0
3260,186.0
3261,110.0
3262,110.0
3263,110.0
3264,110.0
3265,110.0
3266,110.0
3267,110.0
3268,110.0
3269,55.0
3270,0.0
3271,0.0
3272,55.0
3273,55.0
3274,55.0
3275,0.0
3276,55.0
3277,110.0
3278,55.0
3279,55.0
3280,55.0
3281,0.0
3282,0.0
3283,0.0
3284,0.0
3285,0.0
3286,55.0
3287,110.0
3288,186.0
3289,186.0
3290,186.0
3291,55.0
3292,110.0
3293,110.0
3294,0.0
3295,0.0
3296,110.0
3297,0.0
3298,0.0
3299,110.0
3300,55.0
3301,55.0
3302,55.0
3303,55.0
3304,110.0
3305,186.0
3306,110.0
3307,110.0
3308,264.0
3309,186.0
3310,264.0
3311,342.0
3312,424.0
3313,506.0
3314,424.0
3315,424.0
3316,424.0
3317,264.0
3318,186.0
3319,186.0
3320,264.0
3321,264.0
3322,264.0
3323,264.0
3324,186.0
3325,186.0
3326,186.0
3327,186.0
3328,110.0
3329,186.0
3330,186.0
3331,186.0
3332,186.0
3333,186.0
3334,110.0
3335,110.0
3336,186.0
3337,110.0
3338,110.0
3339,110.0
3340,186.0
3341,186.0
3342,110.0
3343,110.0
3344,110.0
3345,110.0
3346,110.0
3347,55.0
3348,55.0
3349,0.0
3350,0.0
3351,55.0
3352,110.0
3353,55.0
3354,55.0
3355,55.0
3356,55.0
3357,0.0
3358,0.0
3359,0.0
3360,0.0
3361,0.0
3362,0.0
3363,0.0
3364,0.0
3365,0.0
3366,0.0
3367,55.0
3368,110.0
3369,0.0
3370,55.0
3371,55.0
3372,55.0
3373,55.0
3374,110.0
3375,110.0
3376,110.0
3377,186.0
3378,110.0
3379,186.0
3380,186.0
3381,186.0
3382,264.0
3383,264.0
3384,264.0
3385,264.0
3386,264.0
3387,264.0
3388,186.0
3389,186.0
3390,186.0
3391,264.0
3392,264.0
3393,264.0
3394,342.0
3395,342.0
3396,342.0
3397,342.0
3398,342.0
3399,342.0
3400,342.0
3401,342.0
3402,342.0
3403,342.0
3404,264.0
3405,264.0
3406,264.0
3407,342.0
3408,264.0
3409,264.0
3410,186.0
3411,186.0
3412,186.0
3413,264.0
3414,342.0
3415,342.0
3416,342.0
3417,424.0
3418,424.0
3419,424.0
3420,342.0
3421,342.0
3422,342.0
3423,424.0
3424,342.0
3425,342.0
3426,264.0
3427,342.0
3428,342.0
3429,264.0
3430,264.0
3431,264.0
3432,186.0
3433,186.0
3434,186.0
3435,186.0
3436,186.0
3437,110.0
3438,186.0
3439,110.0
3440,110.0
3441,110.0
3442,55.0
3443,55.0
3444,0.0
3445,0.0
3446,0.0
3447,0.0
3448,0.0
3449,0.0
3450,0.0
3451,0.0
3452,0.0
3453,0.0
3454,0.0
3455,0.0
3456,0.0
3457,0.0
3458,0.0
3459,0.0
3460,0.0
3461,0.0
3462,0.0
3463,0.0
3464,0.0
3465,0.0
3466,0.0
3467,0.0
3468,0.0
3469,0.0
3470,0.0
3471,0.0
3472,0.0
3473,0.0
3474,0.0
3475,0.0
3476,0.0
3477,0.0
3478,0.0
3479,0.0
3480,0.0
3481,0.0
3482,0.0
3483,0.0
3484,0.0
3485,0.0
3486,0.0
3487,0.0
3488,0.0
3489,0.0
3490,0.0
3491,0.0
3492,0.0
3493,0.0
3494,0.0
3495,0.0
3496,0.0
3497,0.0
3498,0.0
3499,0.0
3500,0.0
3501,0.0
3502,0.0
3503,0.0
3504,0.0
3505,0.0
3506,0.0
3507,0.0
3508,0.0
3509,0.0
3510,0.0
3511,0.0
3512,0.0
3513,0.0
3514,0.0
3515,0.0
3516,0.0
3517,0.0
3518,0.0
3519,0.0
3520,0.0
3521,0.0
3522,55.0
3523,110.0
3524,55.0
3525,110.0
3526,110.0
3527,110.0
3528,55.0
3529,0.0
3530,0.0
3531,0.0
3532,0.0
3533,55.0
3534,110.0
3535,186.0
3536,186.0
3537,110.0
3538,110.0
3539,110.0
3540,110.0
3541,110.0
3542,110.0
3543,110.0
3544,186.0
3545,186.0
3546,186.0
3547,186.0
3548,110.0
3549,110.0
3550,110.0
3551,110.0
3552,186.0
3553,110.0
3554,186.0
3555,186.0
3556,264.0
3557,264.0
3558,342.0
3559,264.0
3560,342.0
3561,186.0
3562,264.0
3563,342.0
3564,264.0
3565,342.0
3566,264.0
3567,342.0
3568,424.0
3569,618.0
3570,618.0
3571,618.0
3572,424.0
3573,342.0
3574,342.0
3575,264.0
3576,342.0
3577,342.0
3578,186.0
3579,264.0
3580,342.0
3581,264.0
3582,342.0
3583,264.0
3584,342.0
3585,264.0
3586,342.0
3587,342.0
3588,342.0
3589,186.0
3590,186.0
3591,110.0
3592,110.0
3593,186.0
3594,264.0
3595,264.0
3596,264.0
3597,264.0
3598,342.0
3599,342.0
3600,342.0
3601,424.0
3602,186.0
3603,424.0
3604,264.0
3605,342.0
3606,342.0
3607,424.0
3608,342.0
3609,424.0
3610,342.0
3611,342.0
3612,506.0
3613,424.0
3614,424.0
3615,506.0
3616,424.0
3617,424.0
3618,264.0
3619,264.0
3620,186.0
3621,186.0
3622,264.0
3623,110.0
3624,186.0
3625,110.0
3626,110.0
3627,186.0
3628,264.0
3629,342.0
3630,264.0
3631,264.0
3632,264.0
3633,342.0
3634,186.0
3635,186.0
3636,186.0
3637,186.0
3638,186.0
3639,264.0
3640,264.0
3641,110.0
3642,110.0
3643,186.0
3644,186.0
3645,186.0
3646,186.0
3647,110.0
3648,110.0
3649,186.0
3650,186.0
3651,264.0
3652,264.0
3653,342.0
3654,264.0
3655,186.0
3656,264.0
3657,186.0
3658,186.0
3659,186.0
3660,186.0
3661,186.0
3662,264.0
3663,186.0
3664,264.0
3665,506.0
3666,506.0
3667,424.0
3668,342.0
3669,342.0
3670,506.0
3671,506.0
3672,506.0
3673,506.0
3674,424.0
3675,342.0
3676,424.0
3677,264.0
3678,264.0
3679,342.0
3680,424.0
3681,342.0
3682,264.0
3683,342.0
3684,186.0
3685,342.0
3686,342.0
3687,264.0
3688,342.0
3689,342.0
3690,342.0
3691,342.0
3692,424.0
3693,264.0
3694,186.0
3695,110.0
3696,110.0
3697,110.0
3698,110.0
3699,110.0
3700,186.0
3701,186.0
3702,264.0
3703,186.0
3704,186.0
3705,186.0
3706,186.0
3707,110.0
3708,186.0
3709,186.0
3710,186.0
3711,186.0
3712,186.0
3713,186.0
3714,186.0
3715,55.0
3716,110.0
3717,55.0
3718,55.0
3719,55.0
3720,110.0
3721,110.0
3722,55.0
3723,55.0
3724,55.0
3725,110.0
3726,55.0
3727,55.0
3728,110.0
3729,110.0
3730,110.0
3731,110.0
3732,110.0
3733,110.0
3734,110.0
3735,110.0
3736,186.0
3737,110.0
3738,110.0
3739,110.0
3740,186.0
3741,186.0
3742,110.0
3743,110.0
3744,110.0
3745,110.0
3746,186.0
3747,186.0
3748,110.0
3749,110.0
3750,186.0
3751,186.0
3752,186.0
3753,186.0
3754,110.0
3755,186.0
3756,186.0
3757,264.0
3758,264.0
3759,264.0
3760,342.0
3761,342.0
3762,264.0
3763,186.0
3764,186.0
3765,186.0
3766,264.0
3767,264.0
3768,342.0
3769,424.0
3770,424.0
3771,424.0
3772,342.0
3773,264.0
3774,342.0
3775,342.0
3776,342.0
3777,264.0
3778,342.0
3779,264.0
3780,264.0
3781,264.0
3782,342.0
3783,264.0
3784,264.0
3785,264.0
3786,264.0
3787,264.0
3788,342.0
3789,342.0
3790,424.0
3791,424.0
3792,342.0
3793,342.0
3794,264.0
3795,342.0
3796,342.0
3797,264.0
3798,264.0
3799,264.0
3800,264.0
3801,186.0
3802,264.0
3803,186.0
3804,186.0
3805,186.0
3806,186.0
3807,186.0
3808,186.0
3809,264.0
3810,110.0
3811,186.0
3812,186.0
3813,110.0
3814,110.0
3815,55.0
3816,55.0
3817,110.0
3818,110.0
3819,110.0
3820,186.0
3821,186.0
3822,186.0
3823,186.0
3824,186.0
3825,186.0
3826,264.0
3827,342.0
3828,342.0
3829,264.0
3830,186.0
3831,186.0
3832,186.0
3833,186.0
3834,264.0
3835,506.0
3836,424.0
3837,342.0
3838,264.0
3839,342.0
3840,264.0
3841,424.0
3842,424.0
3843,424.0
3844,264.0
3845,342.0
3846,342.0
3847,424.0
3848,342.0
3849,342.0
3850,342.0
3851,264.0
3852,342.0
3853,342.0
3854,186.0
3855,186.0
3856,264.0
3857,264.0
3858,186.0
3859,186.0
3860,264.0
3861,506.0
3862,186.0
3863,110.0
3864,264.0
3865,110.0
3866,342.0
3867,424.0
3868,264.0
3869,264.0
3870,264.0
3871,264.0
3872,186.0
3873,264.0
3874,186.0
3875,186.0
3876,186.0
3877,110.0
3878,186.0
3879,264.0
3880,186.0
3881,264.0
3882,264.0
3883,264.0
3884,264.0
3885,342.0
3886,264.0
3887,506.0
3888,506.0
3889,342.0
3890,424.0
3891,506.0
3892,506.0
3893,424.0
3894,424.0
3895,424.0
3896,424.0
3897,424.0
3898,424.0
3899,424.0
3900,342.0
3901,264.0
3902,424.0
3903,424.0
3904,342.0
3905,186.0
3906,110.0
3907,264.0
3908,424.0
3909,424.0
3910,424.0
3911,424.0
3912,424.0
3913,506.0
3914,730.0
3915,618.0
3916,506.0
3917,506.0
3918,730.0
3919,618.0
3920,618.0
3921,506.0
3922,506.0
3923,424.0
3924,506.0
3925,424.0
3926,424.0
3927,424.0
3928,424.0
3929,424.0
3930,424.0
3931,506.0
3932,506.0
3933,506.0
3934,618.0
3935,424.0
3936,506.0
3937,730.0
3938,506.0
3939,618.0
3940,618.0
3941,730.0
3942,424.0
3943,424.0
3944,186.0
3945,110.0
3946,55.0
3947,110.0
3948,186.0
3949,186.0
3950,186.0
3951,186.0
3952,264.0
3953,186.0
3954,186.0
3955,342.0
3956,264.0
3957,186.0
3958,264.0
3959,264.0
3960,264.0
3961,264.0
3962,264.0
3963,264.0
3964,264.0
3965,264.0
3966,342.0
3967,342.0
3968,424.0
3969,264.0
3970,186.0
3971,264.0
3972,342.0
3973,342.0
3974,264.0
3975,186.0
3976,110.0
3977,55.0
3978,110.0
3979,55.0
3980,0.0
3981,0.0
3982,0.0
3983,110.0
3984,110.0
3985,110.0
3986,186.0
3987,264.0
3988,186.0
3989,186.0
3990,186.0
3991,186.0
3992,110.0
3993,110.0
3994,110.0
3995,55.0
3996,110.0
3997,55.0
3998,0.0
3999,55.0
4000,110.0
4001,55.0
4002,55.0
4003,0.0
4004,0.0
4005,55.0
4006,55.0
4007,55.0
4008,0.0
4009,55.0
4010,55.0
4011,110.0
4012,55.0
4013,110.0
4014,55.0
4015,110.0
4016,110.0
4017,110.0
4018,110.0
4019,186.0
4020,186.0
4021,186.0
4022,342.0
4023,424.0
4024,424.0
4025,342.0
4026,424.0
4027,342.0
4028,506.0
4029,342.0
4030,264.0
4031,264.0
4032,186.0
4033,110.0
4034,110.0
4035,264.0
4036,342.0
4037,424.0
4038,264.0
4039,0.0
4040,0.0
4041,0.0
4042,0.0
4043,0.0
4044,55.0
4045,342.0
4046,186.0
4047,55.0
4048,0.0
4049,0.0
4050,0.0
4051,110.0
4052,186.0
4053,264.0
4054,264.0
4055,264.0
4056,264.0
4057,186.0
4058,186.0
4059,186.0
4060,186.0
4061,186.0
4062,110.0
4063,110.0
4064,110.0
4065,110.0
4066,186.0
4067,186.0
4068,110.0
4069,0.0
4070,0.0
4071,0.0
4072,0.0
4073,0.0
4074,110.0
4075,186.0
4076,186.0
4077,186.0
4078,186.0
4079,55.0
4080,0.0
4081,0.0
4082,186.0
4083,110.0
4084,110.0
4085,110.0
4086,110.0
4087,186.0
4088,186.0
4089,186.0
4090,186.0
4091,110.0
4092,110.0
4093,110.0
4094,186.0
4095,186.0
4096,186.0
4097,186.0
4098,342.0
4099,342.0
4100,342.0
4101,342.0
4102,264.0
4103,264.0
4104,186.0
4105,110.0
4106,110.0
4107,186.0
4108,186.0
4109,186.0
4110,264.0
4111,264.0
4112,342.0
4113,342.0
4114,264.0
4115,264.0
4116,264.0
4117,186.0
4118,264.0
4119,342.0
4120,264.0
4121,264.0
4122,264.0
4123,186.0
4124,264.0
4125,342.0
4126,424.0
4127,506.0
4128,506.0
4129,424.0
4130,342.0
4131,424.0
4132,342.0
4133,424.0
4134,424.0
4135,424.0
4136,424.0
4137,342.0
4138,342.0
4139,264.0
4140,264.0
4141,264.0
4142,264.0
4143,264.0
4144,342.0
4145,342.0
4146,342.0
4147,264.0
4148,264.0
4149,264.0
4150,264.0
4151,264.0
4152,264.0
4153,424.0
4154,342.0
4155,186.0
4156,264.0
4157,342.0
4158,342.0
4159,264.0
4160,264.0
4161,264.0
4162,342.0
4163,342.0
4164,424.0
4165,342.0
4166,342.0
4167,264.0
4168,186.0
4169,186.0
4170,186.0
4171,186.0
4172,186.0
4173,186.0
4174,264.0
4175,186.0
4176,110.0
4177,186.0
4178,110.0
4179,186.0
4180,186.0
4181,264.0
4182,264.0
4183,264.0
4184,264.0
4185,264.0
4186,342.0
4187,342.0
4188,342.0
4189,342.0
4190,342.0
4191,264.0
4192,342.0
4193,424.0
4194,424.0
4195,424.0
4196,342.0
4197,424.0
4198,342.0
4199,342.0
4200,264.0
4201,342.0
4202,342.0
4203,186.0
4204,110.0
4205,186.0
4206,186.0
4207,110.0
4208,186.0
4209,342.0
4210,342.0
4211,424.0
4212,424.0
4213,506.0
4214,424.0
4215,424.0
4216,342.0
4217,342.0
4218,342.0
4219,342.0
4220,424.0
4221,342.0
4222,342.0
4223,342.0
4224,424.0
4225,424.0
4226,424.0
4227,424.0
4228,424.0
4229,264.0
4230,264.0
4231,186.0
4232,342.0
4233,342.0
4234,342.0
4235,264.0
4236,186.0
4237,186.0
4238,110.0
4239,0.0
4240,110.0
4241,55.0
4242,110.0
4243,110.0
4244,55.0
4245,110.0
4246,55.0
4247,110.0
4248,55.0
4249,110.0
4250,186.0
4251,186.0
4252,264.0
4253,264.0
4254,264.0
4255,186.0
4256,186.0
4257,264.0
4258,264.0
4259,264.0
4260,342.0
4261,342.0
4262,342.0
4263,424.0
4264,424.0
4265,424.0
4266,424.0
4267,424.0
4268,424.0
4269,424.0
4270,424.0
4271,342.0
4272,342.0
4273,342.0
4274,342.0
4275,424.0
4276,342.0
4277,424.0
4278,424.0
4279,506.0
4280,424.0
4281,342.0
4282,342.0
4283,342.0
4284,506.0
4285,424.0
4286,424.0
4287,506.0
4288,342.0
4289,342.0
4290,342.0
4291,342.0
4292,424.0
4293,506.0
4294,506.0
4295,730.0
4296,618.0
4297,730.0
4298,618.0
4299,506.0
4300,506.0
4301,506.0
4302,506.0
4303,506.0
4304,506.0
4305,424.0
4306,424.0
4307,424.0
4308,506.0
4309,506.0
4310,730.0
4311,865.0
4312,618.0
4313,506.0
4314,730.0
4315,618.0
4316,506.0
4317,618.0
4318,506.0
4319,424.0
4320,506.0
4321,618.0
4322,618.0
4323,424.0
4324,424.0
4325,424.0
4326,342.0
4327,424.0
4328,506.0
4329,618.0
4330,999.0
4331,999.0
4332,865.0
4333,865.0
4334,865.0
4335,865.0
4336,865.0
4337,618.0
4338,865.0
4339,730.0
4340,618.0
4341,506.0
4342,618.0
4343,506.0
4344,506.0
4345,424.0
4346,342.0
4347,506.0
4348,424.0
4349,506.0
4350,424.0
4351,506.0
4352,506.0
4353,506.0
4354,506.0
4355,424.0
4356,424.0
4357,424.0
4358,424.0
4359,424.0
4360,342.0
4361,424.0
4362,506.0
4363,424.0
4364,424.0
4365,342.0
4366,506.0
4367,424.0
4368,424.0
4369,342.0
4370,424.0
4371,424.0
4372,342.0
4373,424.0
4374,506.0
4375,424.0
4376,506.0
4377,618.0
4378,618.0
4379,506.0
4380,506.0
4381,618.0
4382,506.0
4383,424.0
4384,506.0
4385,424.0
4386,424.0
4387,424.0
4388,424.0
4389,424.0
4390,506.0
4391,506.0
4392,506.0
4393,506.0
4394,506.0
4395,424.0
4396,506.0
4397,424.0
4398,424.0
4399,506.0
4400,506.0
4401,424.0
4402,424.0
4403,424.0
4404,424.0
4405,424.0
4406,424.0
4407,424.0
4408,424.0
4409,424.0
4410,424.0
4411,506.0
4412,506.0
4413,424.0
4414,506.0
4415,506.0
4416,618.0
4417,424.0
4418,424.0
4419,424.0
4420,424.0
4421,342.0
4422,342.0
4423,424.0
4424,506.0
4425,506.0
4426,424.0
4427,342.0
4428,342.0
4429,342.0
4430,342.0
4431,342.0
4432,264.0
4433,264.0
4434,342.0
4435,264.0
4436,264.0
4437,264.0
4438,264.0
4439,342.0
4440,264.0
4441,342.0
4442,342.0
4443,424.0
4444,342.0
4445,342.0
4446,424.0
4447,342.0
4448,342.0
4449,342.0
4450,424.0
4451,424.0
4452,506.0
4453,424.0
4454,424.0
4455,342.0
4456,424.0
4457,424.0
4458,342.0
4459,342.0
4460,342.0
4461,342.0
4462,342.0
4463,342.0
4464,342.0
4465,342.0
4466,264.0
4467,342.0
4468,264.0
4469,264.0
4470,264.0
4471,264.0
4472,342.0
4473,424.0
4474,424.0
4475,424.0
4476,424.0
4477,424.0
4478,342.0
4479,342.0
4480,342.0
4481,424.0
4482,342.0
4483,506.0
4484,424.0
4485,424.0
4486,424.0
4487,342.0
4488,342.0
4489,342.0
4490,342.0
4491,342.0
4492,264.0
4493,264.0
4494,264.0
4495,342.0
4496,342.0
4497,342.0
4498,264.0
4499,186.0
4500,264.0
4501,264.0
4502,264.0
4503,264.0
4504,264.0
4505,264.0
4506,186.0
4507,186.0
4508,186.0
4509,186.0
4510,186.0
4511,186.0
4512,110.0
4513,110.0
4514,110.0
4515,0.0
4516,55.0
4517,55.0
4518,0.0
4519,55.0
4520,0.0
4521,110.0
4522,110.0
4523,110.0
4524,55.0
4525,55.0
4526,0.0
4527,0.0
4528,0.0
4529,0.0
4530,0.0
4531,0.0
4532,0.0
4533,0.0
4534,0.0
4535,0.0
4536,0.0
4537,0.0
4538,0.0
4539,0.0
4540,0.0
4541,0.0
4542,0.0
4543,0.0
4544,0.0
4545,0.0
4546,0.0
4547,0.0
4548,0.0
4549,0.0
4550,0.0
4551,0.0
4552,0.0
4553,0.0
4554,0.0
4555,0.0
4556,0.0
4557,0.0
4558,0.0
4559,0.0
4560,0.0
4561,0.0
4562,0.0
4563,0.0
4564,0.0
4565,0.0
4566,0.0
4567,0.0
4568,0.0
4569,0.0
4570,0.0
4571,0.0
4572,0.0
4573,0.0
4574,0.0
4575,0.0
4576,0.0
4577,0.0
4578,0.0
4579,0.0
4580,0.0
4581,0.0
4582,0.0
4583,0.0
4584,0.0
4585,0.0
4586,0.0
4587,0.0
4588,0.0
4589,0.0
4590,0.0
4591,0.0
4592,0.0
4593,0.0
4594,0.0
4595,0.0
4596,55.0
4597,0.0
4598,0.0
4599,0.0
4600,55.0
4601,55.0
4602,0.0
4603,55.0
4604,55.0
4605,110.0
4606,264.0
4607,264.0
4608,110.0
4609,55.0
4610,110.0
4611,0.0
4612,0.0
4613,0.0
4614,0.0
4615,0.0
4616,55.0
4617,55.0
4618,55.0
4619,0.0
4620,0.0
4621,0.0
4622,55.0
4623,55.0
4624,0.0
4625,0.0
4626,0.0
4627,55.0
4628,110.0
4629,55.0
4630,55.0
4631,55.0
4632,110.0
4633,110.0
4634,110.0
4635,110.0
4636,186.0
4637,186.0
4638,186.0
4639,186.0
4640,186.0
4641,186.0
4642,186.0
4643,186.0
4644,186.0
4645,186.0
4646,186.0
4647,186.0
4648,186.0
4649,186.0
4650,110.0
4651,186.0
4652,264.0
4653,264.0
4654,110.0
4655,186.0
4656,110.0
4657,186.0
4658,186.0
4659,186.0
4660,186.0
4661,264.0
4662,186.0
4663,186.0
4664,110.0
4665,264.0
4666,264.0
4667,264.0
4668,264.0
4669,264.0
4670,264.0
4671,342.0
4672,342.0
4673,264.0
4674,264.0
4675,186.0
4676,186.0
4677,264.0
4678,264.0
4679,342.0
4680,342.0
4681,506.0
4682,342.0
4683,424.0
4684,506.0
4685,506.0
4686,342.0
4687,342.0
4688,424.0
4689,342.0
4690,342.0
4691,264.0
4692,342.0
4693,342.0
4694,342.0
4695,342.0
4696,424.0
4697,424.0
4698,342.0
4699,342.0
4700,342.0
4701,424.0
4702,342.0
4703,342.0
4704,342.0
4705,342.0
4706,264.0
4707,264.0
4708,342.0
4709,342.0
4710,342.0
4711,264.0
4712,424.0
4713,424.0
4714,342.0
4715,264.0
4716,110.0
4717,186.0
4718,110.0
4719,186.0
4720,186.0
4721,186.0
4722,186.0
4723,186.0
4724,110.0
4725,186.0
4726,186.0
4727,186.0
4728,186.0
4729,110.0
4730,186.0
4731,186.0
4732,110.0
4733,264.0
4734,264.0
4735,264.0
4736,186.0
4737,186.0
4738,186.0
4739,264.0
4740,264.0
4741,264.0
4742,264.0
4743,342.0
4744,264.0
4745,342.0
4746,342.0
4747,264.0
4748,342.0
4749,424.0
4750,342.0
4751,342.0
4752,342.0
4753,342.0
4754,342.0
4755,264.0
4756,264.0
4757,342.0
4758,342.0
4759,342.0
4760,186.0
4761,264.0
4762,342.0
4763,618.0
4764,730.0
4765,618.0
4766,506.0
4767,424.0
4768,424.0
4769,506.0
4770,506.0
4771,506.0
4772,618.0
4773,506.0
4774,424.0
4775,506.0
4776,424.0
4777,424.0
4778,424.0
4779,506.0
4780,618.0
4781,506.0
4782,618.0
4783,506.0
4784,730.0
4785,506.0
4786,506.0
4787,424.0
4788,424.0
4789,424.0
4790,424.0
4791,865.0
4792,865.0
4793,730.0
4794,618.0
4795,999.0
4796,1558.0
4797,1195.0
4798,1558.0
4799,1391.0
4800,1391.0
4801,1724.0
4802,2002.0
4803,1558.0
4804,999.0
4805,1195.0
4806,1724.0
4807,999.0
4808,1195.0
4809,865.0
4810,1558.0
4811,1828.0
4812,1724.0
4813,1960.0
4814,1724.0
4815,1558.0
4816,865.0
4817,730.0
4818,865.0
4819,618.0
4820,730.0
4821,618.0
4822,618.0
4823,730.0
4824,618.0
4825,618.0
4826,506.0
4827,506.0
4828,618.0
4829,730.0
4830,618.0
4831,618.0
4832,618.0
4833,618.0
4834,730.0
4835,618.0
4836,506.0
4837,506.0
4838,618.0
4839,618.0
4840,730.0
4841,865.0
4842,865.0
4843,865.0
4844,865.0
4845,730.0
4846,618.0
4847,618.0
4848,506.0
4849,424.0
4850,424.0
4851,424.0
4852,506.0
4853,618.0
4854,618.0
4855,618.0
4856,730.0
4857,1558.0
4858,1391.0
4859,1558.0
4860,1558.0
4861,1724.0
4862,1195.0
4863,730.0
4864,865.0
4865,865.0
4866,730.0
4867,618.0
4868,730.0
4869,618.0
4870,618.0
4871,730.0
4872,506.0
4873,424.0
4874,506.0
4875,999.0
4876,865.0
4877,865.0
4878,1724.0
4879,1195.0
4880,506.0
4881,618.0
4882,618.0
4883,506.0
4884,730.0
4885,618.0
4886,730.0
4887,506.0
4888,424.0
4889,342.0
4890,424.0
4891,424.0
4892,342.0
4893,424.0
4894,424.0
4895,342.0
4896,342.0
4897,342.0
4898,342.0
4899,424.0
4900,424.0
4901,424.0
4902,424.0
4903,424.0
4904,424.0
4905,506.0
4906,424.0
4907,506.0
4908,506.0
4909,506.0
4910,618.0
4911,618.0
4912,506.0
4913,618.0
4914,506.0
4915,342.0
4916,342.0
4917,424.0
4918,342.0
4919,424.0
4920,506.0
4921,618.0
4922,424.0
4923,342.0
4924,506.0
4925,424.0
4926,424.0
4927,264.0
4928,424.0
4929,506.0
4930,342.0
4931,264.0
4932,342.0
4933,342.0
4934,424.0
4935,342.0
4936,424.0
4937,424.0
4938,424.0
4939,424.0
4940,186.0
4941,186.0
4942,342.0
4943,186.0
4944,264.0
4945,506.0
4946,424.0
4947,618.0
4948,424.0
4949,342.0
4950,506.0
4951,506.0
4952,342.0
4953,424.0
4954,506.0
4955,506.0
4956,865.0
4957,506.0
4958,865.0
4959,424.0
4960,506.0
4961,424.0
4962,506.0
4963,424.0
4964,730.0
4965,730.0
4966,1195.0
4967,1195.0
4968,1195.0
4969,618.0
4970,730.0
4971,1195.0
4972,999.0
4973,1195.0
4974,1391.0
4975,1391.0
4976,1909.0
4977,1909.0
4978,1828.0
4979,1909.0
4980,1558.0
4981,1558.0
4982,1391.0
4983,1391.0
4984,1558.0
4985,1724.0
4986,1558.0
4987,1828.0
4988,1828.0
4989,1909.0
4990,1828.0
4991,1960.0
4992,1828.0
4993,1828.0
4994,1558.0
4995,1558.0
4996,1724.0
4997,1909.0
4998,1558.0
4999,1828.0
5000,1724.0
5001,1724.0
5002,1724.0
5003,1828.0
5004,1558.0
5005,1558.0
5006,1558.0
5007,1391.0
5008,999.0
5009,865.0
5010,999.0
5011,1195.0
5012,865.0
5013,865.0
5014,730.0
5015,730.0
5016,618.0
5017,999.0
5018,618.0
5019,730.0
5020,506.0
5021,264.0
5022,264.0
5023,424.0
5024,342.0
5025,264.0
5026,264.0
5027,424.0
5028,424.0
5029,618.0
5030,506.0
5031,506.0
5032,506.0
5033,424.0
5034,342.0
5035,264.0
5036,424.0
5037,342.0
5038,424.0
5039,342.0
5040,342.0
5041,342.0
5042,424.0
5043,424.0
5044,424.0
5045,506.0
5046,506.0
5047,506.0
5048,618.0
5049,618.0
5050,424.0
5051,342.0
5052,342.0
5053,865.0
5054,999.0
5055,1195.0
5056,999.0
5057,999.0
5058,1391.0
5059,999.0
5060,1558.0
5061,1828.0
5062,1558.0
5063,1828.0
5064,1828.0
5065,1828.0
5066,1724.0
5067,1724.0
5068,1558.0
5069,1391.0
5070,1724.0
5071,1195.0
5072,1558.0
5073,1724.0
5074,1195.0
5075,1391.0
5076,1558.0
5077,1558.0
5078,1195.0
5079,1195.0
5080,1195.0
5081,999.0
5082,1195.0
5083,999.0
5084,865.0
5085,1558.0
5086,1558.0
5087,1960.0
5088,1828.0
5089,1391.0
5090,1558.0
5091,1195.0
5092,1724.0
5093,1960.0
5094,1909.0
5095,2025.0
5096,2025.0
5097,2050.0
5098,1960.0
5099,1960.0
5100,2002.0
5101,2044.0
5102,2025.0
5103,2002.0
5104,1960.0
5105,1724.0
5106,1909.0
5107,1724.0
5108,1909.0
5109,1828.0
5110,2002.0
5111,2050.0
5112,2025.0
5113,1909.0
5114,2002.0
5115,1909.0
5116,2002.0
5117,1960.0
5118,2002.0
5119,2002.0
5120,1960.0
5121,1909.0
5122,2002.0
5123,1960.0
5124,1724.0
5125,2002.0
5126,1195.0
5127,1391.0
5128,1195.0
5129,1558.0
5130,1558.0
5131,1391.0
5132,1558.0
5133,1558.0
5134,730.0
5135,1195.0
5136,1828.0
5137,1558.0
5138,1195.0
5139,730.0
5140,1195.0
5141,1828.0
5142,1558.0
5143,1558.0
5144,1391.0
5145,999.0
5146,999.0
5147,618.0
5148,506.0
5149,342.0
5150,424.0
5151,342.0
5152,424.0
5153,506.0
5154,506.0
5155,506.0
5156,424.0
5157,506.0
5158,618.0
5159,618.0
5160,506.0
5161,424.0
5162,506.0
5163,424.0
5164,424.0
5165,424.0
5166,264.0
5167,264.0
5168,342.0
5169,424.0
5170,264.0
5171,264.0
5172,342.0
5173,342.0
5174,424.0
5175,342.0
5176,186.0
5177,110.0
5178,186.0
5179,342.0
5180,424.0
5181,506.0
5182,342.0
5183,424.0
5184,506.0
5185,424.0
5186,342.0
5187,186.0
5188,186.0
5189,186.0
5190,110.0
5191,55.0
5192,55.0
5193,0.0
5194,55.0
5195,0.0
5196,55.0
5197,186.0
5198,264.0
5199,264.0
5200,264.0
5201,264.0
5202,342.0
5203,424.0
5204,424.0
5205,506.0
5206,424.0
5207,424.0
5208,506.0
5209,424.0
5210,424.0
5211,424.0
5212,342.0
5213,424.0
5214,342.0
5215,424.0
5216,342.0
5217,342.0
5218,342.0
5219,424.0
5220,264.0
5221,264.0
5222,506.0
5223,506.0
5224,424.0
5225,506.0
5226,424.0
5227,264.0
5228,264.0
5229,264.0
5230,186.0
5231,264.0
5232,264.0
5233,342.0
5234,264.0
5235,110.0
5236,186.0
5237,110.0
5238,110.0
5239,55.0
5240,186.0
5241,110.0
5242,110.0
5243,110.0
5244,110.0
5245,55.0
5246,55.0
5247,0.0
5248,0.0
5249,55.0
5250,186.0
5251,110.0
5252,186.0
5253,186.0
5254,186.0
5255,186.0
5256,110.0
5257,55.0
5258,55.0
5259,110.0
5260,186.0
5261,186.0
5262,186.0
5263,55.0
5264,0.0
5265,0.0
5266,0.0
5267,0.0
5268,0.0
5269,0.0
5270,0.0
5271,0.0
5272,0.0
5273,0.0
5274,0.0
5275,0.0
5276,0.0
5277,0.0
5278,0.0
5279,0.0
5280,0.0
5281,0.0
5282,0.0
5283,0.0
5284,0.0
5285,0.0
5286,55.0
5287,0.0
5288,0.0
5289,0.0
5290,0.0
5291,0.0
5292,110.0
5293,264.0
5294,342.0
5295,424.0
5296,264.0
5297,186.0
5298,186.0
5299,264.0
5300,186.0
5301,110.0
5302,186.0
5303,110.0
5304,342.0
5305,342.0
5306,264.0
5307,264.0
5308,342.0
5309,342.0
5310,264.0
5311,264.0
5312,186.0
5313,186.0
5314,264.0
5315,342.0
5316,264.0
5317,264.0
5318,342.0
5319,342.0
5320,264.0
5321,264.0
5322,264.0
5323,342.0
5324,342.0
5325,342.0
5326,424.0
5327,342.0
5328,342.0
5329,264.0
5330,342.0
5331,264.0
5332,342.0
5333,186.0
5334,110.0
5335,264.0
5336,342.0
5337,264.0
5338,342.0
5339,264.0
5340,264.0
5341,110.0
5342,110.0
5343,0.0
5344,0.0
5345,0.0
5346,55.0
5347,110.0
5348,186.0
5349,186.0
5350,110.0
5351,55.0
5352,55.0
5353,110.0
5354,55.0
5355,0.0
5356,55.0
5357,0.0
5358,55.0
5359,110.0
5360,186.0
5361,186.0
5362,186.0
5363,186.0
5364,186.0
5365,342.0
5366,506.0
5367,506.0
5368,506.0
5369,424.0
5370,264.0
5371,55.0
5372,0.0
5373,55.0
5374,186.0
5375,110.0
5376,186.0
5377,110.0
5378,110.0
5379,55.0
5380,55.0
5381,55.0
5382,0.0
5383,0.0
5384,0.0
5385,0.0
5386,0.0
5387,0.0
5388,0.0
5389,0.0
5390,0.0
5391,0.0
5392,0.0
5393,0.0
5394,0.0
5395,0.0
5396,0.0
5397,0.0
5398,0.0
5399,0.0
5400,0.0
5401,0.0
5402,0.0
5403,0.0
5404,0.0
5405,0.0
5406,0.0
5407,0.0
5408,0.0
5409,0.0
5410,0.0
5411,186.0
5412,186.0
5413,110.0
5414,110.0
5415,110.0
5416,55.0
5417,110.0
5418,55.0
5419,0.0
5420,0.0
5421,0.0
5422,0.0
5423,0.0
5424,0.0
5425,0.0
5426,0.0
5427,0.0
5428,186.0
5429,110.0
5430,110.0
5431,0.0
5432,55.0
5433,55.0
5434,0.0
5435,0.0
5436,0.0
5437,0.0
5438,0.0
5439,0.0
5440,0.0
5441,0.0
5442,0.0
5443,0.0
5444,0.0
5445,0.0
5446,0.0
5447,0.0
5448,0.0
5449,0.0
5450,0.0
5451,0.0
5452,0.0
5453,0.0
5454,0.0
5455,0.0
5456,0.0
5457,0.0
5458,0.0
5459,0.0
5460,0.0
5461,0.0
5462,0.0
5463,0.0
5464,0.0
5465,0.0
5466,0.0
5467,0.0
5468,0.0
5469,0.0
5470,0.0
5471,0.0
5472,0.0
5473,0.0
5474,0.0
5475,0.0
5476,110.0
5477,110.0
5478,110.0
5479,55.0
5480,55.0
5481,186.0
5482,110.0
5483,264.0
5484,186.0
5485,110.0
5486,186.0
5487,264.0
5488,186.0
5489,110.0
5490,110.0
5491,186.0
5492,186.0
5493,264.0
5494,264.0
5495,264.0
5496,342.0
5497,264.0
5498,186.0
5499,186.0
5500,186.0
5501,186.0
5502,110.0
5503,55.0
5504,110.0
5505,342.0
5506,342.0
5507,342.0
5508,342.0
5509,264.0
5510,186.0
5511,186.0
5512,110.0
5513,55.0
5514,186.0
5515,186.0
5516,110.0
5517,186.0
5518,186.0
5519,186.0
5520,110.0
5521,55.0
5522,110.0
5523,110.0
5524,186.0
5525,264.0
5526,264.0
5527,186.0
5528,186.0
5529,110.0
5530,110.0
5531,110.0
5532,110.0
5533,55.0
5534,0.0
5535,55.0
5536,0.0
5537,0.0
5538,0.0
5539,0.0
5540,0.0
5541,0.0
5542,0.0
5543,0.0
5544,0.0
5545,0.0
5546,0.0
5547,0.0
5548,0.0
5549,0.0
5550,0.0
5551,0.0
5552,0.0
5553,0.0
5554,0.0
5555,0.0
5556,0.0
5557,0.0
5558,0.0
5559,0.0
5560,0.0
5561,0.0
5562,0.0
5563,0.0
5564,0.0
5565,0.0
5566,0.0
5567,0.0
5568,0.0
5569,0.0
5570,0.0
5571,0.0
5572,0.0
5573,0.0
5574,0.0
5575,0.0
5576,0.0
5577,0.0
5578,0.0
5579,0.0
5580,0.0
5581,0.0
5582,0.0
5583,0.0
5584,0.0
5585,0.0
5586,0.0
5587,55.0
5588,110.0
5589,55.0
5590,55.0
5591,0.0
5592,0.0
5593,0.0
5594,55.0
5595,0.0
5596,0.0
5597,0.0
5598,0.0
5599,0.0
5600,55.0
5601,55.0
5602,55.0
5603,0.0
5604,0.0
5605,0.0
5606,110.0
5607,55.0
5608,0.0
5609,0.0
5610,0.0
5611,55.0
5612,110.0
5613,110.0
5614,186.0
5615,186.0
5616,110.0
5617,55.0
5618,55.0
5619,55.0
5620,0.0
5621,0.0
5622,0.0
5623,0.0
5624,0.0
5625,0.0
5626,0.0
5627,0.0
5628,0.0
5629,0.0
5630,0.0
5631,0.0
5632,0.0
5633,0.0
5634,0.0
5635,0.0
5636,0.0
5637,0.0
5638,0.0
5639,0.0
5640,0.0
5641,0.0
5642,0.0
5643,0.0
5644,0.0
5645,0.0
5646,0.0
5647,0.0
5648,0.0
5649,0.0
5650,0.0
5651,0.0
5652,0.0
5653,0.0
5654,0.0
5655,0.0
5656,0.0
5657,0.0
5658,0.0
5659,0.0
5660,0.0
5661,0.0
5662,0.0
5663,0.0
5664,0.0
5665,0.0
5666,0.0
5667,0.0
5668,0.0
5669,0.0
5670,0.0
5671,0.0
5672,0.0
5673,0.0
5674,0.0
5675,0.0
5676,0.0
5677,0.0
5678,0.0
5679,0.0
5680,0.0
5681,0.0
5682,110.0
5683,0.0
5684,0.0
5685,55.0
5686,110.0
5687,0.0
5688,0.0
5689,0.0
5690,0.0
5691,0.0
5692,0.0
5693,0.0
5694,0.0
5695,0.0
5696,0.0
5697,55.0
5698,110.0
5699,110.0
5700,110.0
5701,55.0
5702,186.0
5703,110.0
5704,110.0
5705,110.0
5706,110.0
5707,110.0
5708,55.0
5709,186.0
5710,186.0
5711,110.0
5712,110.0
5713,110.0
5714,110.0
5715,55.0
5716,110.0
5717,55.0
5718,186.0
5719,186.0
5720,186.0
5721,110.0
5722,110.0
5723,110.0
5724,55.0
5725,110.0
5726,186.0
5727,186.0
5728,186.0
5729,110.0
5730,186.0
5731,110.0
5732,186.0
5733,186.0
5734,264.0
5735,264.0
5736,264.0
5737,264.0
5738,264.0
5739,342.0
5740,424.0
5741,424.0
5742,424.0
5743,424.0
5744,424.0
5745,424.0
5746,506.0
5747,424.0
5748,424.0
5749,424.0
5750,506.0
5751,506.0
5752,424.0
5753,424.0
5754,424.0
5755,342.0
5756,342.0
5757,342.0
5758,342.0
5759,342.0
5760,342.0
5761,264.0
5762,342.0
5763,342.0
5764,342.0
5765,424.0
5766,424.0
5767,424.0
5768,424.0
5769,342.0
5770,342.0
5771,342.0
5772,342.0
5773,424.0
5774,424.0
5775,424.0
5776,342.0
5777,342.0
5778,342.0
5779,342.0
5780,264.0
5781,342.0
5782,424.0
5783,506.0
5784,424.0
5785,424.0
5786,342.0
5787,342.0
5788,264.0
5789,264.0
5790,186.0
5791,186.0
5792,186.0
5793,186.0
5794,186.0
5795,264.0
5796,110.0
5797,186.0
5798,186.0
5799,264.0
5800,342.0
5801,264.0
5802,264.0
5803,342.0
5804,342.0
5805,342.0
5806,424.0
5807,424.0
5808,506.0
5809,506.0
5810,506.0
5811,999.0
5812,999.0
5813,618.0
5814,506.0
5815,618.0
5816,506.0
5817,618.0
5818,506.0
5819,506.0
5820,618.0
5821,424.0
5822,618.0
5823,506.0
5824,730.0
5825,618.0
5826,506.0
5827,342.0
5828,424.0
5829,342.0
5830,506.0
5831,424.0
5832,342.0
5833,424.0
5834,424.0
5835,506.0
5836,506.0
5837,618.0
5838,506.0
5839,424.0
5840,424.0
5841,506.0
5842,506.0
5843,506.0
5844,424.0
5845,424.0
5846,342.0
5847,342.0
5848,342.0
5849,342.0
5850,342.0
5851,342.0
5852,342.0
5853,264.0
5854,264.0
5855,264.0
5856,342.0
5857,424.0
5858,342.0
5859,342.0
5860,342.0
5861,264.0
5862,186.0
5863,264.0
5864,186.0
5865,186.0
5866,186.0
5867,186.0
5868,110.0
5869,186.0
5870,110.0
5871,110.0
5872,110.0
5873,186.0
5874,186.0
5875,186.0
5876,186.0
5877,186.0
5878,186.0
5879,264.0
5880,186.0
5881,186.0
5882,264.0
5883,264.0
5884,264.0
5885,186.0
5886,186.0
5887,186.0
5888,186.0
5889,110.0
5890,110.0
5891,110.0
5892,110.0
5893,110.0
5894,110.0
5895,186.0
5896,186.0
5897,186.0
5898,186.0
5899,186.0
5900,186.0
5901,186.0
5902,186.0
5903,186.0
5904,110.0
5905,55.0
5906,110.0
5907,55.0
5908,55.0
5909,110.0
5910,55.0
5911,55.0
5912,55.0
5913,55.0
5914,55.0
5915,0.0
5916,110.0
5917,110.0
5918,110.0
5919,110.0
5920,110.0
5921,110.0
5922,110.0
5923,0.0
5924,110.0
5925,0.0
5926,0.0
5927,55.0
5928,55.0
5929,55.0
5930,0.0
5931,0.0
5932,0.0
5933,55.0
5934,0.0
5935,0.0
5936,0.0
5937,0.0
5938,0.0
5939,0.0
5940,0.0
5941,0.0
5942,0.0
5943,0.0
5944,0.0
5945,0.0
5946,0.0
5947,0.0
5948,0.0
5949,55.0
5950,55.0
5951,0.0
5952,0.0
5953,0.0
5954,0.0
5955,0.0
5956,0.0
5957,0.0
5958,0.0
5959,0.0
5960,0.0
5961,0.0
5962,0.0
5963,0.0
5964,0.0
5965,0.0
5966,0.0
5967,0.0
5968,0.0
5969,0.0
5970,0.0
5971,0.0
5972,0.0
5973,0.0
5974,0.0
5975,0.0
5976,0.0
5977,0.0
5978,0.0
5979,0.0
5980,0.0
5981,0.0
5982,0.0
5983,0.0
5984,55.0
5985,55.0
5986,55.0
5987,55.0
5988,55.0
5989,55.0
5990,55.0
5991,0.0
5992,0.0
5993,0.0
5994,0.0
5995,0.0
5996,0.0
5997,0.0
5998,0.0
5999,0.0
6000,0.0
6001,110.0
6002,55.0
6003,55.0
6004,55.0
6005,55.0
6006,110.0
6007,110.0
6008,55.0
6009,55.0
6010,55.0
6011,0.0
6012,0.0
6013,0.0
6014,0.0
6015,0.0
6016,0.0
6017,0.0
6018,0.0
6019,0.0
6020,0.0
6021,0.0
6022,0.0
6023,0.0
6024,0.0
6025,0.0
6026,0.0
6027,0.0
6028,0.0
6029,0.0
6030,0.0
6031,0.0
6032,0.0
6033,0.0
6034,0.0
6035,0.0
6036,0.0
6037,0.0
6038,0.0
6039,0.0
6040,0.0
6041,0.0
6042,0.0
6043,0.0
6044,0.0
6045,0.0
6046,0.0
6047,0.0
6048,0.0
6049,0.0
6050,0.0
6051,0.0
6052,0.0
6053,0.0
6054,0.0
6055,0.0
6056,0.0
6057,0.0
6058,0.0
6059,0.0
6060,0.0
6061,0.0
6062,0.0
6063,0.0
6064,0.0
6065,0.0
6066,0.0
6067,0.0
6068,0.0
6069,0.0
6070,0.0
6071,0.0
6072,0.0
6073,0.0
6074,0.0
6075,0.0
6076,0.0
6077,0.0
6078,0.0
6079,0.0
6080,0.0
6081,0.0
6082,0.0
6083,0.0
6084,0.0
6085,0.0
6086,0.0
6087,0.0
6088,0.0
6089,0.0
6090,0.0
6091,0.0
6092,0.0
6093,0.0
6094,0.0
6095,0.0
6096,0.0
6097,0.0
6098,0.0
6099,0.0
6100,0.0
6101,0.0
6102,0.0
6103,0.0
6104,0.0
6105,0.0
6106,0.0
6107,0.0
6108,0.0
6109,0.0
6110,0.0
6111,0.0
6112,0.0
6113,0.0
6114,0.0
6115,0.0
6116,0.0
6117,0.0
6118,0.0
6119,0.0
6120,0.0
6121,0.0
6122,0.0
6123,0.0
6124,0.0
6125,0.0
6126,0.0
6127,0.0
6128,0.0
6129,0.0
6130,0.0
6131,0.0
6132,0.0
6133,0.0
6134,0.0
6135,0.0
6136,0.0
6137,0.0
6138,0.0
6139,0.0
6140,0.0
6141,0.0
6142,0.0
6143,0.0
6144,0.0
6145,0.0
6146,0.0
6147,0.0
6148,0.0
6149,0.0
6150,0.0
6151,0.0
6152,0.0
6153,0.0
6154,0.0
6155,0.0
6156,0.0
6157,0.0
6158,0.0
6159,0.0
6160,0.0
6161,0.0
6162,0.0
6163,0.0
6164,0.0
6165,0.0
6166,0.0
6167,0.0
6168,0.0
6169,0.0
6170,0.0
6171,0.0
6172,0.0
6173,0.0
6174,0.0
6175,0.0
6176,0.0
6177,0.0
6178,0.0
6179,0.0
6180,0.0
6181,0.0
6182,0.0
6183,0.0
6184,0.0
6185,0.0
6186,0.0
6187,0.0
6188,0.0
6189,0.0
6190,0.0
6191,55.0
6192,55.0
6193,186.0
6194,110.0
6195,186.0
6196,110.0
6197,264.0
6198,264.0
6199,264.0
6200,264.0
6201,342.0
6202,342.0
6203,264.0
6204,264.0
6205,424.0
6206,424.0
6207,424.0
6208,264.0
6209,264.0
6210,264.0
6211,342.0
6212,424.0
6213,342.0
6214,264.0
6215,342.0
6216,264.0
6217,342.0
6218,264.0
6219,264.0
6220,342.0
6221,342.0
6222,264.0
6223,264.0
6224,186.0
6225,110.0
6226,342.0
6227,186.0
6228,0.0
6229,0.0
6230,0.0
6231,0.0
6232,55.0
6233,110.0
6234,110.0
6235,110.0
6236,55.0
6237,0.0
6238,0.0
6239,55.0
6240,110.0
6241,264.0
6242,186.0
6243,264.0
6244,264.0
6245,264.0
6246,342.0
6247,342.0
6248,342.0
6249,342.0
6250,264.0
6251,342.0
6252,264.0
6253,424.0
6254,264.0
6255,264.0
6256,342.0
6257,424.0
6258,424.0
6259,424.0
6260,424.0
6261,506.0
6262,506.0
6263,618.0
6264,506.0
6265,424.0
6266,342.0
6267,342.0
6268,342.0
6269,424.0
6270,424.0
6271,424.0
6272,342.0
6273,264.0
6274,424.0
6275,424.0
6276,424.0
6277,506.0
6278,424.0
6279,424.0
6280,424.0
6281,424.0
6282,424.0
6283,424.0
6284,424.0
6285,506.0
6286,506.0
6287,506.0
6288,424.0
6289,506.0
6290,424.0
6291,506.0
6292,618.0
6293,506.0
6294,342.0
6295,342.0
6296,424.0
6297,424.0
6298,424.0
6299,342.0
6300,342.0
6301,264.0
6302,264.0
6303,342.0
6304,424.0
6305,424.0
6306,342.0
6307,424.0
6308,424.0
6309,424.0
6310,424.0
6311,424.0
6312,424.0
6313,424.0
6314,342.0
6315,424.0
6316,342.0
6317,342.0
6318,342.0
6319,342.0
6320,342.0
6321,342.0
6322,342.0
6323,424.0
6324,424.0
6325,424.0
6326,424.0
6327,506.0
6328,506.0
6329,424.0
6330,424.0
6331,424.0
6332,424.0
6333,618.0
6334,730.0
6335,865.0
6336,999.0
6337,865.0
6338,865.0
6339,865.0
6340,865.0
6341,618.0
6342,999.0
6343,999.0
6344,999.0
6345,1195.0
6346,999.0
6347,999.0
6348,999.0
6349,618.0
6350,618.0
6351,1195.0
6352,1558.0
6353,1391.0
6354,999.0
6355,1391.0
6356,1391.0
6357,1195.0
6358,999.0
6359,999.0
6360,865.0
6361,865.0
6362,865.0
6363,999.0
6364,1195.0
6365,1195.0
6366,1391.0
6367,1724.0
6368,1724.0
6369,1391.0
6370,1195.0
6371,999.0
6372,1724.0
6373,1391.0
6374,999.0
6375,865.0
6376,865.0
6377,730.0
6378,618.0
6379,865.0
6380,999.0
6381,999.0
6382,999.0
6383,1391.0
6384,999.0
6385,865.0
6386,730.0
6387,999.0
6388,1195.0
6389,999.0
6390,865.0
6391,730.0
6392,999.0
6393,730.0
6394,999.0
6395,865.0
6396,1195.0
6397,865.0
6398,730.0
6399,1195.0
6400,1391.0
6401,1195.0
6402,999.0
6403,865.0
6404,999.0
6405,618.0
6406,506.0
6407,618.0
6408,865.0
6409,506.0
6410,618.0
6411,618.0
6412,618.0
6413,730.0
6414,865.0
6415,999.0
6416,999.0
6417,1195.0
6418,999.0
6419,999.0
6420,999.0
6421,999.0
6422,730.0
6423,730.0
6424,865.0
6425,730.0
6426,730.0
6427,865.0
6428,730.0
6429,618.0
6430,730.0
6431,730.0
6432,618.0
6433,506.0
6434,730.0
6435,730.0
6436,730.0
6437,506.0
6438,618.0
6439,506.0
6440,618.0
6441,506.0
6442,618.0
6443,618.0
6444,730.0
6445,506.0
6446,424.0
6447,342.0
6448,264.0
6449,264.0
6450,264.0
6451,264.0
6452,424.0
6453,342.0
6454,342.0
6455,424.0
6456,342.0
6457,424.0
6458,342.0
6459,424.0
6460,424.0
6461,424.0
6462,506.0
6463,618.0
6464,424.0
6465,342.0
6466,342.0
6467,342.0
6468,264.0
6469,264.0
6470,264.0
6471,264.0
6472,264.0
6473,186.0
6474,110.0
6475,110.0
6476,110.0
6477,186.0
6478,186.0
6479,186.0
6480,186.0
6481,186.0
6482,186.0
6483,186.0
6484,186.0
6485,110.0
6486,110.0
6487,55.0
6488,110.0
6489,110.0
6490,110.0
6491,55.0
6492,110.0
6493,55.0
6494,55.0
6495,186.0
6496,110.0
6497,110.0
6498,186.0
6499,186.0
6500,186.0
6501,186.0
6502,110.0
6503,186.0
6504,264.0
6505,186.0
6506,186.0
6507,110.0
6508,186.0
6509,186.0
6510,264.0
6511,186.0
6512,186.0
6513,186.0
6514,110.0
6515,0.0
6516,0.0
6517,0.0
6518,55.0
6519,110.0
6520,110.0
6521,55.0
6522,110.0
6523,110.0
6524,186.0
6525,110.0
6526,110.0
6527,186.0
6528,110.0
6529,110.0
6530,186.0
6531,110.0
6532,55.0
6533,0.0
6534,55.0
6535,0.0
6536,0.0
6537,55.0
6538,55.0
6539,0.0
6540,0.0
6541,0.0
6542,0.0
6543,0.0
6544,0.0
6545,0.0
6546,0.0
6547,0.0
6548,0.0
6549,0.0
6550,0.0
6551,0.0
6552,0.0
6553,0.0
6554,0.0
6555,0.0
6556,0.0
6557,0.0
6558,0.0
6559,0.0
6560,0.0
6561,0.0
6562,0.0
6563,0.0
6564,0.0
6565,0.0
6566,0.0
6567,0.0
6568,0.0
6569,0.0
6570,0.0
6571,0.0
6572,0.0
6573,0.0
6574,55.0
6575,55.0
6576,55.0
6577,0.0
6578,110.0
6579,110.0
6580,110.0
6581,110.0
6582,110.0
6583,110.0
6584,110.0
6585,0.0
6586,55.0
6587,110.0
6588,55.0
6589,110.0
6590,55.0
6591,0.0
6592,55.0
6593,55.0
6594,55.0
6595,55.0
6596,110.0
6597,110.0
6598,186.0
6599,186.0
6600,186.0
6601,186.0
6602,186.0
6603,186.0
6604,110.0
6605,110.0
6606,186.0
6607,110.0
6608,186.0
6609,264.0
6610,342.0
6611,264.0
6612,342.0
6613,342.0
6614,342.0
6615,424.0
6616,424.0
6617,342.0
6618,424.0
6619,264.0
6620,264.0
6621,186.0
6622,186.0
6623,186.0
6624,264.0
6625,264.0
6626,264.0
6627,264.0
6628,342.0
6629,342.0
6630,264.0
6631,264.0
6632,264.0
6633,342.0
6634,424.0
6635,342.0
6636,264.0
6637,264.0
6638,264.0
6639,264.0
6640,264.0
6641,264.0
6642,264.0
6643,264.0
6644,264.0
6645,264.0
6646,264.0
6647,186.0
6648,110.0
6649,186.0
6650,110.0
6651,110.0
6652,110.0
6653,55.0
6654,0.0
6655,55.0
6656,55.0
6657,0.0
6658,0.0
6659,0.0
6660,0.0
6661,0.0
6662,0.0
6663,0.0
6664,0.0
6665,110.0
6666,186.0
6667,342.0
6668,186.0
6669,264.0
6670,110.0
6671,55.0
6672,110.0
6673,110.0
6674,110.0
6675,186.0
6676,186.0
6677,342.0
6678,264.0
6679,186.0
6680,110.0
6681,110.0
6682,110.0
6683,186.0
6684,264.0
6685,342.0
6686,342.0
6687,264.0
6688,186.0
6689,264.0
6690,424.0
6691,342.0
6692,264.0
6693,424.0
6694,342.0
6695,264.0
6696,342.0
6697,424.0
6698,342.0
6699,342.0
6700,342.0
6701,424.0
6702,424.0
6703,506.0
6704,342.0
6705,264.0
6706,342.0
6707,342.0
6708,264.0
6709,264.0
6710,342.0
6711,342.0
6712,424.0
6713,424.0
6714,264.0
6715,342.0
6716,424.0
6717,342.0
6718,424.0
6719,506.0
6720,424.0
6721,424.0
6722,424.0
6723,342.0
6724,424.0
6725,424.0
6726,506.0
6727,506.0
6728,424.0
6729,424.0
6730,506.0
6731,424.0
6732,424.0
6733,424.0
6734,342.0
6735,424.0
6736,342.0
6737,342.0
6738,264.0
6739,264.0
6740,264.0
6741,264.0
6742,264.0
6743,342.0
6744,342.0
6745,342.0
6746,342.0
6747,342.0
6748,264.0
6749,264.0
6750,264.0
6751,264.0
6752,264.0
6753,264.0
6754,264.0
6755,264.0
6756,264.0
6757,264.0
6758,342.0
6759,264.0
6760,264.0
6761,264.0
6762,186.0
6763,110.0
6764,110.0
6765,55.0
6766,55.0
6767,55.0
6768,0.0
6769,0.0
6770,0.0
6771,0.0
6772,55.0
6773,55.0
6774,55.0
6775,0.0
6776,0.0
6777,0.0
6778,0.0
6779,0.0
6780,0.0
6781,0.0
6782,55.0
6783,110.0
6784,110.0
6785,110.0
6786,110.0
6787,110.0
6788,110.0
6789,186.0
6790,110.0
6791,110.0
6792,55.0
6793,55.0
6794,110.0
6795,110.0
6796,55.0
6797,55.0
6798,110.0
6799,110.0
6800,55.0
6801,55.0
6802,0.0
6803,0.0
6804,0.0
6805,55.0
6806,186.0
6807,186.0
6808,264.0
6809,186.0
6810,264.0
6811,186.0
6812,186.0
6813,186.0
6814,186.0
6815,110.0
6816,186.0
6817,264.0
6818,264.0
6819,264.0
6820,186.0
6821,186.0
6822,55.0
6823,186.0
6824,110.0
6825,55.0
6826,0.0
6827,55.0
6828,110.0
6829,0.0
6830,0.0
6831,0.0
6832,0.0
6833,0.0
6834,0.0
6835,0.0
6836,0.0
6837,0.0
6838,55.0
6839,186.0
6840,0.0
6841,0.0
6842,0.0
6843,110.0
6844,0.0
6845,0.0
6846,0.0
6847,0.0
6848,0.0
6849,0.0
6850,0.0
6851,0.0
6852,0.0
6853,264.0
6854,55.0
6855,186.0
6856,264.0
6857,264.0
6858,342.0
6859,264.0
6860,55.0
6861,0.0
6862,0.0
6863,0.0
6864,0.0
6865,0.0
6866,0.0
6867,55.0
6868,110.0
6869,110.0
6870,110.0
6871,110.0
6872,55.0
6873,55.0
6874,110.0
6875,186.0
6876,110.0
6877,0.0
6878,0.0
6879,55.0
6880,55.0
6881,0.0
6882,0.0
6883,0.0
6884,186.0
6885,264.0
6886,264.0
6887,264.0
6888,264.0
6889,264.0
6890,186.0
6891,264.0
6892,186.0
6893,186.0
6894,186.0
6895,186.0
6896,186.0
6897,186.0
6898,264.0
6899,264.0
6900,264.0
6901,264.0
6902,186.0
6903,186.0
6904,186.0
6905,186.0
6906,186.0
6907,110.0
6908,55.0
6909,110.0
6910,110.0
6911,110.0
6912,55.0
6913,55.0
6914,110.0
6915,55.0
6916,110.0
6917,55.0
6918,186.0
6919,264.0
6920,186.0
6921,186.0
6922,264.0
6923,110.0
6924,186.0
6925,186.0
6926,186.0
6927,110.0
6928,110.0
6929,110.0
6930,110.0
6931,55.0
6932,55.0
6933,0.0
6934,0.0
6935,110.0
6936,110.0
6937,55.0
6938,55.0
6939,0.0
6940,0.0
6941,0.0
6942,0.0
6943,0.0
6944,0.0
6945,55.0
6946,55.0
6947,55.0
6948,110.0
6949,55.0
6950,55.0
6951,55.0
6952,110.0
6953,55.0
6954,110.0
6955,110.0
6956,0.0
6957,55.0
6958,110.0
6959,110.0
6960,110.0
6961,55.0
6962,110.0
6963,186.0
6964,110.0
6965,186.0
6966,186.0
6967,186.0
6968,264.0
6969,264.0
6970,110.0
6971,186.0
6972,186.0
6973,186.0
6974,264.0
6975,264.0
6976,186.0
6977,110.0
6978,55.0
6979,0.0
6980,55.0
6981,0.0
6982,0.0
6983,0.0
6984,0.0
6985,0.0
6986,0.0
6987,0.0
6988,0.0
6989,0.0
6990,0.0
6991,0.0
6992,0.0
6993,0.0
6994,0.0
6995,0.0
6996,0.0
6997,0.0
6998,0.0
6999,0.0
7000,0.0
7001,0.0
7002,0.0
7003,0.0
7004,0.0
7005,0.0
7006,0.0
7007,0.0
7008,0.0
7009,0.0
7010,0.0
7011,0.0
7012,0.0
7013,0.0
7014,0.0
7015,110.0
7016,110.0
7017,110.0
7018,0.0
7019,55.0
7020,55.0
7021,55.0
7022,0.0
7023,55.0
7024,110.0
7025,55.0
7026,0.0
7027,0.0
7028,0.0
7029,0.0
7030,0.0
7031,0.0
7032,55.0
7033,0.0
7034,0.0
7035,0.0
7036,0.0
7037,0.0
7038,0.0
7039,55.0
7040,0.0
7041,0.0
7042,0.0
7043,0.0
7044,0.0
7045,55.0
7046,0.0
7047,0.0
7048,0.0
7049,0.0
7050,0.0
7051,0.0
7052,0.0
7053,0.0
7054,0.0
7055,0.0
7056,55.0
7057,55.0
7058,55.0
7059,0.0
7060,0.0
7061,0.0
7062,0.0
7063,55.0
7064,110.0
7065,110.0
7066,110.0
7067,110.0
7068,110.0
7069,110.0
7070,55.0
7071,110.0
7072,0.0
7073,0.0
7074,0.0
7075,0.0
7076,0.0
7077,0.0
7078,0.0
7079,0.0
7080,0.0
7081,0.0
7082,0.0
7083,0.0
7084,0.0
7085,0.0
7086,0.0
7087,0.0
7088,0.0
7089,0.0
7090,0.0
7091,0.0
7092,0.0
7093,0.0
7094,0.0
7095,55.0
7096,110.0
7097,110.0
7098,264.0
7099,186.0
7100,264.0
7101,186.0
7102,110.0
7103,264.0
7104,110.0
7105,186.0
7106,186.0
7107,186.0
7108,110.0
7109,110.0
7110,110.0
7111,110.0
7112,110.0
7113,110.0
7114,0.0
7115,110.0
7116,186.0
7117,186.0
7118,110.0
7119,110.0
7120,186.0
7121,186.0
7122,110.0
7123,186.0
7124,186.0
7125,186.0
7126,186.0
7127,424.0
7128,264.0
7129,110.0
7130,55.0
7131,0.0
7132,55.0
7133,110.0
7134,186.0
7135,186.0
7136,186.0
7137,186.0
7138,264.0
7139,264.0
7140,186.0
7141,264.0
7142,264.0
7143,264.0
7144,264.0
7145,264.0
7146,264.0
7147,264.0
7148,186.0
7149,110.0
7150,110.0
7151,186.0
7152,186.0
7153,186.0
7154,110.0
7155,186.0
7156,110.0
7157,110.0
7158,186.0
7159,110.0
7160,55.0
7161,110.0
7162,55.0
7163,0.0
7164,55.0
7165,55.0
7166,0.0
7167,0.0
7168,0.0
7169,0.0
7170,0.0
7171,0.0
7172,0.0
7173,0.0
7174,0.0
7175,0.0
7176,0.0
7177,0.0
7178,0.0
7179,0.0
7180,0.0
7181,0.0
7182,0.0
7183,0.0
7184,0.0
7185,0.0
7186,0.0
7187,0.0
7188,0.0
7189,0.0
7190,0.0
7191,0.0
7192,0.0
7193,0.0
7194,0.0
7195,0.0
7196,0.0
7197,0.0
7198,0.0
7199,0.0
7200,186.0
7201,186.0
7202,264.0
7203,264.0
7204,264.0
7205,264.0
7206,342.0
7207,342.0
7208,424.0
7209,342.0
7210,342.0
7211,264.0
7212,264.0
7213,342.0
7214,264.0
7215,342.0
7216,264.0
7217,264.0
7218,186.0
7219,110.0
7220,186.0
7221,110.0
7222,55.0
7223,186.0
7224,186.0
7225,55.0
7226,55.0
7227,55.0
7228,55.0
7229,0.0
7230,0.0
7231,0.0
7232,0.0
7233,0.0
7234,0.0
7235,0.0
7236,0.0
7237,0.0
7238,0.0
7239,0.0
7240,0.0
7241,0.0
7242,110.0
7243,186.0
7244,186.0
7245,110.0
7246,186.0
7247,110.0
7248,186.0
7249,186.0
7250,110.0
7251,186.0
7252,110.0
7253,264.0
7254,264.0
7255,342.0
7256,342.0
7257,424.0
7258,342.0
7259,186.0
7260,264.0
7261,342.0
7262,342.0
7263,342.0
7264,342.0
7265,186.0
7266,264.0
7267,424.0
7268,506.0
7269,342.0
7270,342.0
7271,424.0
7272,264.0
7273,342.0
7274,342.0
7275,342.0
7276,506.0
7277,506.0
7278,618.0
7279,506.0
7280,506.0
7281,506.0
7282,618.0
7283,618.0
7284,618.0
7285,618.0
7286,730.0
7287,618.0
7288,506.0
7289,424.0
7290,506.0
7291,506.0
7292,424.0
7293,424.0
7294,342.0
7295,424.0
7296,424.0
7297,424.0
7298,424.0
7299,424.0
7300,342.0
7301,264.0
7302,186.0
7303,186.0
7304,110.0
7305,110.0
7306,110.0
7307,55.0
7308,0.0
7309,0.0
7310,0.0
7311,0.0
7312,0.0
7313,0.0
7314,55.0
7315,55.0
7316,55.0
7317,55.0
7318,110.0
7319,186.0
7320,264.0
7321,264.0
7322,264.0
7323,264.0
7324,264.0
7325,186.0
7326,110.0
7327,186.0
7328,186.0
7329,186.0
7330,264.0
7331,186.0
7332,264.0
7333,186.0
7334,186.0
7335,186.0
7336,342.0
7337,186.0
7338,110.0
7339,55.0
7340,186.0
7341,186.0
7342,186.0
7343,186.0
7344,186.0
7345,186.0
7346,186.0
7347,186.0
7348,264.0
7349,186.0
7350,186.0
7351,264.0
7352,342.0
7353,342.0
7354,264.0
7355,264.0
7356,264.0
7357,186.0
7358,186.0
7359,186.0
7360,264.0
7361,264.0
7362,264.0
7363,342.0
7364,342.0
7365,342.0
7366,342.0
7367,342.0
7368,342.0
7369,264.0
7370,186.0
7371,264.0
7372,342.0
7373,342.0
7374,342.0
7375,186.0
7376,264.0
7377,342.0
7378,342.0
7379,342.0
7380,342.0
7381,424.0
7382,342.0
7383,342.0
7384,342.0
7385,342.0
7386,342.0
7387,264.0
7388,424.0
7389,730.0
7390,618.0
7391,618.0
7392,424.0
7393,424.0
7394,424.0
7395,424.0
7396,618.0
7397,506.0
7398,506.0
7399,424.0
7400,506.0
7401,618.0
7402,506.0
7403,424.0
7404,424.0
7405,506.0
7406,865.0
7407,730.0
7408,730.0
7409,865.0
7410,506.0
7411,618.0
7412,730.0
7413,618.0
7414,618.0
7415,618.0
7416,730.0
7417,618.0
7418,730.0
7419,865.0
7420,865.0
7421,999.0
7422,865.0
7423,999.0
7424,618.0
7425,730.0
7426,730.0
7427,730.0
7428,730.0
7429,1195.0
7430,730.0
7431,730.0
7432,618.0
7433,506.0
7434,730.0
7435,730.0
7436,506.0
7437,506.0
7438,506.0
7439,506.0
7440,618.0
7441,506.0
7442,424.0
7443,342.0
7444,342.0
7445,264.0
7446,342.0
7447,342.0
7448,424.0
7449,506.0
7450,506.0
7451,424.0
7452,342.0
7453,424.0
7454,342.0
7455,342.0
7456,264.0
7457,342.0
7458,424.0
7459,424.0
7460,506.0
7461,506.0
7462,424.0
7463,506.0
7464,506.0
7465,506.0
7466,506.0
7467,424.0
7468,424.0
7469,424.0
7470,506.0
7471,618.0
7472,618.0
7473,506.0
7474,618.0
7475,618.0
7476,618.0
7477,618.0
7478,424.0
7479,506.0
7480,730.0
7481,730.0
7482,618.0
7483,618.0
7484,618.0
7485,424.0
7486,506.0
7487,618.0
7488,618.0
7489,618.0
7490,618.0
7491,506.0
7492,730.0
7493,618.0
7494,730.0
7495,618.0
7496,506.0
7497,730.0
7498,618.0
7499,618.0
7500,618.0
7501,730.0
7502,618.0
7503,618.0
7504,618.0
7505,618.0
7506,730.0
7507,865.0
7508,730.0
7509,506.0
7510,506.0
7511,618.0
7512,618.0
7513,865.0
7514,506.0
7515,730.0
7516,618.0
7517,618.0
7518,730.0
7519,424.0
7520,730.0
7521,506.0
7522,730.0
7523,618.0
7524,865.0
7525,730.0
7526,618.0
7527,618.0
7528,865.0
7529,1195.0
7530,999.0
7531,730.0
7532,865.0
7533,730.0
7534,865.0
7535,618.0
7536,618.0
7537,865.0
7538,730.0
7539,730.0
7540,730.0
7541,618.0
7542,730.0
7543,618.0
7544,618.0
7545,506.0
7546,342.0
7547,424.0
7548,424.0
7549,424.0
7550,618.0
7551,342.0
7552,424.0
7553,730.0
7554,730.0
7555,618.0
7556,506.0
7557,342.0
7558,342.0
7559,342.0
7560,424.0
7561,424.0
7562,424.0
7563,342.0
7564,342.0
7565,342.0
7566,342.0
7567,342.0
7568,264.0
7569,342.0
7570,264.0
7571,264.0
7572,264.0
7573,342.0
7574,342.0
7575,342.0
7576,342.0
7577,342.0
7578,342.0
7579,342.0
7580,342.0
7581,424.0
7582,264.0
7583,264.0
7584,424.0
7585,506.0
7586,506.0
7587,506.0
7588,618.0
7589,424.0
7590,424.0
7591,618.0
7592,506.0
7593,506.0
7594,506.0
7595,506.0
7596,618.0
7597,506.0
7598,865.0
7599,865.0
7600,865.0
7601,730.0
7602,730.0
7603,506.0
7604,506.0
7605,618.0
7606,618.0
7607,424.0
7608,424.0
7609,506.0
7610,506.0
7611,424.0
7612,618.0
7613,506.0
7614,618.0
7615,730.0
7616,865.0
7617,618.0
7618,999.0
7619,730.0
7620,865.0
7621,1195.0
7622,1195.0
7623,1195.0
7624,1558.0
7625,1391.0
7626,999.0
7627,865.0
7628,730.0
7629,865.0
7630,618.0
7631,618.0
7632,999.0
7633,1195.0
7634,1391.0
7635,1391.0
7636,1195.0
7637,1195.0
7638,865.0
7639,865.0
7640,999.0
7641,999.0
7642,999.0
7643,1391.0
7644,1391.0
7645,1391.0
7646,1391.0
7647,1558.0
7648,1828.0
7649,1558.0
7650,1724.0
7651,1391.0
7652,999.0
7653,999.0
7654,1391.0
7655,1195.0
7656,999.0
7657,1558.0
7658,1391.0
7659,1391.0
7660,1558.0
7661,1195.0
7662,1391.0
7663,1391.0
7664,1558.0
7665,1558.0
7666,1391.0
7667,1391.0
7668,999.0
7669,1391.0
7670,999.0
7671,1558.0
7672,1391.0
7673,1724.0
7674,1724.0
7675,1909.0
7676,1909.0
7677,1828.0
7678,1724.0
7679,1558.0
7680,1724.0
7681,1724.0
7682,1724.0
7683,1724.0
7684,1724.0
7685,1724.0
7686,1724.0
7687,1960.0
7688,1909.0
7689,1828.0
7690,1909.0
7691,1558.0
7692,1391.0
7693,1558.0
7694,1391.0
7695,1391.0
7696,1391.0
7697,1724.0
7698,1724.0
7699,1558.0
7700,1558.0
7701,1558.0
7702,1558.0
7703,1828.0
7704,1558.0
7705,1391.0
7706,1391.0
7707,1558.0
7708,1391.0
7709,1195.0
7710,1195.0
7711,1195.0
7712,1195.0
7713,1391.0
7714,1195.0
7715,999.0
7716,1195.0
7717,999.0
7718,1195.0
7719,1391.0
7720,1195.0
7721,1724.0
7722,1558.0
7723,1391.0
7724,1558.0
7725,1724.0
7726,1558.0
7727,1391.0
7728,1391.0
7729,1391.0
7730,1391.0
7731,1195.0
7732,1195.0
7733,999.0
7734,1195.0
7735,999.0
7736,999.0
7737,1195.0
7738,999.0
7739,1195.0
7740,1391.0
7741,1195.0
7742,1195.0
7743,1195.0
7744,1195.0
7745,1195.0
7746,1195.0
7747,999.0
7748,1391.0
7749,999.0
7750,865.0
7751,865.0
7752,865.0
7753,865.0
7754,730.0
7755,999.0
7756,1195.0
7757,1391.0
7758,1724.0
7759,1558.0
7760,1724.0
7761,1724.0
7762,1828.0
7763,1724.0
7764,1828.0
7765,1909.0
7766,1724.0
7767,1828.0
7768,1724.0
7769,1558.0
7770,1558.0
7771,1558.0
7772,1391.0
7773,1195.0
7774,1195.0
7775,999.0
7776,1195.0
7777,999.0
7778,730.0
7779,618.0
7780,865.0
7781,865.0
7782,1195.0
7783,865.0
7784,865.0
7785,730.0
7786,618.0
7787,618.0
7788,999.0
7789,1391.0
7790,1391.0
7791,1558.0
7792,1724.0
7793,1391.0
7794,999.0
7795,1391.0
7796,1391.0
7797,1195.0
7798,1195.0
7799,1558.0
7800,1558.0
7801,1828.0
7802,1828.0
7803,1195.0
7804,1391.0
7805,1391.0
7806,730.0
7807,865.0
7808,865.0
7809,865.0
7810,1391.0
7811,1391.0
7812,999.0
7813,999.0
7814,1195.0
7815,1558.0
7816,1558.0
7817,1724.0
7818,1195.0
7819,1724.0
7820,1828.0
7821,1724.0
7822,2002.0
7823,2002.0
7824,1909.0
7825,2044.0
7826,2044.0
7827,2002.0
7828,1724.0
7829,1828.0
7830,1724.0
7831,1558.0
7832,2025.0
7833,2002.0
7834,1828.0
7835,1558.0
7836,1960.0
7837,2002.0
7838,1960.0
7839,1724.0
7840,1960.0
7841,1828.0
7842,2050.0
7843,1960.0
7844,2044.0
7845,2002.0
7846,2050.0
7847,2002.0
7848,2025.0
7849,2002.0
7850,2025.0
7851,2002.0
7852,1960.0
7853,2044.0
7854,2050.0
7855,2002.0
7856,2002.0
7857,1960.0
7858,1960.0
7859,1909.0
7860,1960.0
7861,1828.0
7862,999.0
7863,1195.0
7864,1558.0
7865,1558.0
7866,1724.0
7867,1195.0
7868,999.0
7869,999.0
7870,999.0
7871,1391.0
7872,1724.0
7873,1391.0
7874,1391.0
7875,1195.0
7876,1391.0
7877,865.0
7878,999.0
7879,1195.0
7880,1391.0
7881,1558.0
7882,1724.0
7883,999.0
7884,1195.0
7885,999.0
7886,1558.0
7887,1558.0
7888,1195.0
7889,865.0
7890,730.0
7891,999.0
7892,865.0
7893,999.0
7894,999.0
7895,999.0
7896,865.0
7897,865.0
7898,730.0
7899,618.0
7900,506.0
7901,506.0
7902,730.0
7903,618.0
7904,730.0
7905,506.0
7906,506.0
7907,424.0
7908,506.0
7909,506.0
7910,506.0
7911,506.0
7912,506.0
7913,865.0
7914,506.0
7915,506.0
7916,506.0
7917,424.0
7918,506.0
7919,424.0
7920,424.0
7921,342.0
7922,424.0
7923,424.0
7924,506.0
7925,506.0
7926,424.0
7927,424.0
7928,424.0
7929,342.0
7930,342.0
7931,264.0
7932,264.0
7933,342.0
7934,342.0
7935,342.0
7936,424.0
7937,424.0
7938,424.0
7939,506.0
7940,424.0
7941,424.0
7942,424.0
7943,424.0
7944,342.0
7945,264.0
7946,342.0
7947,342.0
7948,342.0
7949,342.0
7950,264.0
7951,186.0
7952,264.0
7953,342.0
7954,186.0
7955,264.0
7956,424.0
7957,264.0
7958,264.0
7959,342.0
7960,264.0
7961,264.0
7962,342.0
7963,865.0
7964,424.0
7965,264.0
7966,264.0
7967,342.0
7968,342.0
7969,264.0
7970,110.0
7971,0.0
7972,0.0
7973,264.0
7974,186.0
7975,110.0
7976,186.0
7977,342.0
7978,186.0
7979,186.0
7980,264.0
7981,110.0
7982,110.0
7983,186.0
7984,506.0
7985,342.0
7986,342.0
7987,186.0
7988,264.0
7989,264.0
7990,264.0
7991,506.0
7992,618.0
7993,424.0
7994,264.0
7995,186.0
7996,110.0
7997,110.0
7998,55.0
7999,110.0
8000,0.0
8001,0.0
8002,0.0
8003,0.0
8004,0.0
8005,0.0
8006,55.0
8007,110.0
8008,186.0
8009,342.0
8010,424.0
8011,264.0
8012,186.0
8013,55.0
8014,55.0
8015,0.0
8016,0.0
8017,0.0
8018,0.0
8019,0.0
8020,0.0
8021,0.0
8022,0.0
8023,0.0
8024,0.0
8025,0.0
8026,0.0
8027,0.0
8028,0.0
8029,0.0
8030,0.0
8031,0.0
8032,0.0
8033,0.0
8034,0.0
8035,0.0
8036,0.0
8037,0.0
8038,0.0
8039,0.0
8040,0.0
8041,0.0
8042,0.0
8043,0.0
8044,0.0
8045,0.0
8046,0.0
8047,0.0
8048,0.0
8049,0.0
8050,0.0
8051,0.0
8052,0.0
8053,0.0
8054,0.0
8055,0.0
8056,0.0
8057,0.0
8058,0.0
8059,0.0
8060,0.0
8061,0.0
8062,0.0
8063,0.0
8064,0.0
8065,0.0
8066,0.0
8067,0.0
8068,0.0
8069,0.0
8070,0.0
8071,0.0
8072,0.0
8073,0.0
8074,0.0
8075,0.0
8076,0.0
8077,0.0
8078,0.0
8079,0.0
8080,0.0
8081,0.0
8082,0.0
8083,0.0
8084,0.0
8085,0.0
8086,0.0
8087,0.0
8088,0.0
8089,0.0
8090,0.0
8091,0.0
8092,0.0
8093,0.0
8094,0.0
8095,0.0
8096,0.0
8097,0.0
8098,0.0
8099,0.0
8100,0.0
8101,0.0
8102,0.0
8103,0.0
8104,0.0
8105,0.0
8106,0.0
8107,0.0
8108,0.0
8109,0.0
8110,0.0
8111,0.0
8112,0.0
8113,55.0
8114,0.0
8115,0.0
8116,0.0
8117,0.0
8118,0.0
8119,0.0
8120,0.0
8121,0.0
8122,0.0
8123,55.0
8124,55.0
8125,55.0
8126,55.0
8127,0.0
8128,0.0
8129,55.0
8130,0.0
8131,55.0
8132,55.0
8133,55.0
8134,55.0
8135,0.0
8136,0.0
8137,0.0
8138,0.0
8139,0.0
8140,0.0
8141,0.0
8142,0.0
8143,0.0
8144,0.0
8145,0.0
8146,0.0
8147,0.0
8148,0.0
8149,0.0
8150,0.0
8151,0.0
8152,0.0
8153,0.0
8154,186.0
8155,264.0
8156,264.0
8157,186.0
8158,342.0
8159,342.0
8160,424.0
8161,506.0
8162,424.0
8163,342.0
8164,342.0
8165,342.0
8166,424.0
8167,342.0
8168,424.0
8169,506.0
8170,424.0
8171,424.0
8172,506.0
8173,506.0
8174,506.0
8175,342.0
8176,186.0
8177,342.0
8178,424.0
8179,424.0
8180,424.0
8181,424.0
8182,342.0
8183,264.0
8184,342.0
8185,264.0
8186,264.0
8187,342.0
8188,342.0
8189,424.0
8190,342.0
8191,424.0
8192,342.0
8193,342.0
8194,342.0
8195,424.0
8196,342.0
8197,342.0
8198,264.0
8199,264.0
8200,264.0
8201,342.0
8202,424.0
8203,264.0
8204,264.0
8205,110.0
8206,186.0
8207,264.0
8208,264.0
8209,342.0
8210,342.0
8211,424.0
8212,342.0
8213,342.0
8214,424.0
8215,506.0
8216,342.0
8217,424.0
8218,424.0
8219,424.0
8220,506.0
8221,424.0
8222,424.0
8223,506.0
8224,424.0
8225,506.0
8226,506.0
8227,506.0
8228,506.0
8229,506.0
8230,342.0
8231,424.0
8232,506.0
8233,424.0
8234,424.0
8235,424.0
8236,424.0
8237,618.0
8238,618.0
8239,618.0
8240,618.0
8241,506.0
8242,424.0
8243,618.0
8244,865.0
8245,618.0
8246,730.0
8247,618.0
8248,730.0
8249,618.0
8250,730.0
8251,865.0
8252,865.0
8253,730.0
8254,865.0
8255,999.0
8256,1391.0
8257,1558.0
8258,1391.0
8259,1195.0
8260,999.0
8261,999.0
8262,865.0
8263,999.0
8264,999.0
8265,1195.0
8266,1195.0
8267,730.0
8268,618.0
8269,618.0
8270,506.0
8271,730.0
8272,618.0
8273,506.0
8274,618.0
8275,730.0
8276,618.0
8277,865.0
8278,618.0
8279,506.0
8280,618.0
8281,730.0
8282,730.0
8283,618.0
8284,506.0
8285,424.0
8286,424.0
8287,506.0
8288,506.0
8289,342.0
8290,342.0
8291,342.0
8292,342.0
8293,506.0
8294,424.0
8295,506.0
8296,506.0
8297,618.0
8298,730.0
8299,730.0
8300,618.0
8301,618.0
8302,618.0
8303,618.0
8304,506.0
8305,618.0
8306,506.0
8307,424.0
8308,618.0
8309,506.0
8310,424.0
8311,424.0
8312,342.0
8313,264.0
8314,342.0
8315,342.0
8316,424.0
8317,506.0
8318,342.0
8319,424.0
8320,342.0
8321,424.0
8322,424.0
8323,506.0
8324,424.0
8325,424.0
8326,424.0
8327,506.0
8328,618.0
8329,618.0
8330,424.0
8331,424.0
8332,730.0
8333,618.0
8334,506.0
8335,506.0
8336,506.0
8337,506.0
8338,506.0
8339,424.0
8340,342.0
8341,506.0
8342,424.0
8343,424.0
8344,424.0
8345,424.0
8346,342.0
8347,506.0
8348,618.0
8349,865.0
8350,506.0
8351,424.0
8352,424.0
8353,424.0
8354,424.0
8355,264.0
8356,342.0
8357,264.0
8358,424.0
8359,506.0
8360,342.0
8361,424.0
8362,506.0
8363,506.0
8364,618.0
8365,865.0
8366,342.0
8367,424.0
8368,264.0
8369,186.0
8370,424.0
8371,342.0
8372,264.0
8373,342.0
8374,342.0
8375,342.0
8376,424.0
8377,424.0
8378,618.0
8379,618.0
8380,424.0
8381,506.0
8382,865.0
8383,865.0
8384,1558.0
8385,1558.0
8386,1195.0
8387,1195.0
8388,1391.0
8389,618.0
8390,618.0
8391,1558.0
8392,999.0
8393,999.0
8394,1195.0
8395,1828.0
8396,1558.0
8397,1558.0
8398,999.0
8399,1195.0
8400,1391.0
8401,1391.0
8402,865.0
8403,999.0
8404,999.0
8405,999.0
8406,1195.0
8407,1391.0
8408,1391.0
8409,1195.0
8410,865.0
8411,865.0
8412,865.0
8413,865.0
8414,1195.0
8415,1724.0
8416,1724.0
8417,2002.0
8418,1909.0
8419,1724.0
8420,1724.0
8421,1558.0
8422,1391.0
8423,1828.0
8424,1828.0
8425,1909.0
8426,1909.0
8427,1960.0
8428,1724.0
8429,1828.0
8430,1909.0
8431,1909.0
8432,1909.0
8433,2050.0
8434,2050.0
8435,2050.0
8436,2050.0
8437,2050.0
8438,2050.0
8439,2050.0
8440,2050.0
8441,2050.0
8442,2050.0
8443,2050.0
8444,1909.0
8445,2002.0
8446,2044.0
8447,2025.0
8448,2044.0
8449,2002.0
8450,1828.0
8451,999.0
8452,506.0
8453,865.0
8454,1828.0
8455,1909.0
8456,1828.0
8457,1391.0
8458,1724.0
8459,1828.0
8460,1724.0
8461,1558.0
8462,1558.0
8463,1195.0
8464,1391.0
8465,1828.0
8466,2025.0
8467,2025.0
8468,1828.0
8469,1960.0
8470,1960.0
8471,1909.0
8472,1909.0
8473,1828.0
8474,1558.0
8475,1724.0
8476,1828.0
8477,1724.0
8478,1724.0
8479,1828.0
8480,1724.0
8481,1828.0
8482,1391.0
8483,999.0
8484,1195.0
8485,1391.0
8486,1391.0
8487,1909.0
8488,2002.0
8489,1828.0
8490,1724.0
8491,1558.0
8492,1558.0
8493,1724.0
8494,1391.0
8495,999.0
8496,1558.0
8497,1724.0
8498,1558.0
8499,1828.0
8500,1960.0
8501,1828.0
8502,2002.0
8503,1724.0
8504,1558.0
8505,1909.0
8506,1724.0
8507,1724.0
8508,1195.0
8509,1391.0
8510,865.0
8511,506.0
8512,865.0
8513,506.0
8514,506.0
8515,342.0
8516,424.0
8517,506.0
8518,424.0
8519,424.0
8520,424.0
8521,342.0
8522,424.0
8523,618.0
8524,730.0
8525,506.0
8526,618.0
8527,618.0
8528,424.0
8529,506.0
8530,730.0
8531,506.0
8532,730.0
8533,424.0
8534,506.0
8535,424.0
8536,865.0
8537,618.0
8538,730.0
8539,618.0
8540,618.0
8541,730.0
8542,999.0
8543,1909.0
8544,2002.0
8545,2050.0
8546,2050.0
8547,2050.0
8548,2044.0
8549,2044.0
8550,2050.0
8551,2050.0
8552,2050.0
8553,2050.0
8554,2025.0
8555,1909.0
8556,2025.0
8557,2002.0
8558,1909.0
8559,1960.0
8560,2002.0
8561,1391.0
8562,1195.0
8563,1391.0
8564,1828.0
8565,1558.0
8566,1558.0
8567,1724.0
8568,1391.0
8569,865.0
8570,865.0
8571,1195.0
8572,730.0
8573,730.0
8574,730.0
8575,618.0
8576,424.0
8577,618.0
8578,618.0
8579,618.0
8580,730.0
8581,999.0
8582,1828.0
8583,1960.0
8584,1724.0
8585,1195.0
8586,999.0
8587,1195.0
8588,1195.0
8589,1195.0
8590,1558.0
8591,1391.0
8592,1391.0
8593,1724.0
8594,1828.0
8595,1558.0
8596,1391.0
8597,1558.0
8598,1391.0
8599,1558.0
8600,1391.0
8601,1724.0
8602,1724.0
8603,1724.0
8604,1724.0
8605,1909.0
8606,1960.0
8607,1909.0
8608,1828.0
8609,1724.0
8610,1391.0
8611,1391.0
8612,1909.0
8613,1960.0
8614,1909.0
8615,1960.0
8616,2025.0
8617,2002.0
8618,1909.0
8619,1960.0
8620,1828.0
8621,1724.0
8622,1724.0
8623,1828.0
8624,1828.0
8625,1558.0
8626,1391.0
8627,1391.0
8628,1558.0
8629,1909.0
8630,1558.0
8631,1724.0
8632,1391.0
8633,1558.0
8634,1391.0
8635,1724.0
8636,1828.0
8637,1558.0
8638,1391.0
8639,1195.0
8640,1195.0
8641,1724.0
8642,1724.0
8643,1558.0
8644,1391.0
8645,1391.0
8646,1391.0
8647,1391.0
8648,1724.0
8649,1724.0
8650,1828.0
8651,1558.0
8652,1391.0
8653,1391.0
8654,1391.0
8655,1558.0
8656,1724.0
8657,865.0
8658,999.0
8659,1195.0
8660,999.0
8661,865.0
8662,730.0
8663,618.0
8664,730.0
8665,865.0
8666,999.0
8667,999.0
8668,865.0
8669,865.0
8670,730.0
8671,618.0
8672,618.0
8673,618.0
8674,730.0
8675,999.0
8676,865.0
8677,999.0
8678,1195.0
8679,1195.0
8680,1391.0
8681,1195.0
8682,865.0
8683,999.0
8684,1391.0
8685,999.0
8686,1195.0
8687,1558.0
8688,1195.0
8689,999.0
8690,1724.0
8691,865.0
8692,1195.0
8693,999.0
8694,1909.0
8695,1724.0
8696,1828.0
8697,1909.0
8698,1195.0
8699,1558.0
8700,2002.0
8701,2025.0
8702,1558.0
8703,1391.0
8704,1909.0
8705,1724.0
8706,1724.0
8707,1195.0
8708,1558.0
8709,1909.0
8710,2002.0
8711,1828.0
8712,1558.0
8713,1724.0
8714,1724.0
8715,1828.0
8716,1558.0
8717,1828.0
8718,1724.0
8719,1391.0
8720,1195.0
8721,1724.0
8722,1391.0
8723,1195.0
8724,1724.0
8725,1558.0
8726,1724.0
8727,1391.0
8728,1558.0
8729,1828.0
8730,1391.0
8731,1391.0
8732,1724.0
8733,1724.0
8734,1724.0
8735,1909.0
8736,1909.0
8737,1960.0
8738,1960.0
8739,1960.0
8740,2002.0
8741,2002.0
8742,1828.0
8743,2002.0
8744,1960.0
8745,1909.0
8746,1558.0
8747,1724.0
8748,1391.0
8749,1195.0
8750,1195.0
8751,1195.0
8752,865.0
8753,1391.0
8754,1724.0
8755,1960.0
8756,1960.0
8757,2025.0
8758,1960.0
8759,1960.0
8760,1960.0
8761,2025.0
8762,1909.0
8763,1909.0
8764,1828.0
8765,1960.0
8766,1909.0
8767,1558.0
8768,1724.0
8769,1960.0
8770,1909.0
8771,1724.0
8772,1558.0
8773,1391.0
8774,1558.0
8775,1195.0
8776,1195.0
8777,1195.0
8778,1195.0
8779,999.0
8780,999.0
8781,865.0
8782,1195.0
8783,1195.0
8784,1558.0
8785,1391.0
8786,1195.0
8787,1558.0
8788,1195.0
8789,999.0
8790,999.0
8791,999.0
8792,865.0
8793,865.0
8794,730.0
8795,999.0
8796,999.0
8797,999.0
8798,865.0
8799,1195.0
8800,865.0
8801,865.0
8802,730.0
8803,730.0
8804,865.0
8805,999.0
8806,865.0
8807,865.0
8808,618.0
8809,999.0
8810,1195.0
8811,1391.0
8812,865.0
8813,1558.0
8814,1558.0
8815,1724.0
8816,1391.0
8817,1558.0
8818,1195.0
8819,865.0
8820,999.0
8821,865.0
8822,1195.0
8823,999.0
8824,1195.0
8825,999.0
8826,865.0
8827,865.0
8828,1558.0
8829,1391.0
8830,1195.0
8831,1558.0
8832,1195.0
8833,730.0
8834,999.0
8835,506.0
8836,730.0
8837,730.0
8838,342.0
8839,999.0
8840,730.0
8841,730.0
8842,999.0
8843,865.0
8844,618.0
8845,506.0
8846,618.0
8847,999.0
8848,506.0
8849,342.0
8850,424.0
8851,264.0
8852,424.0
8853,342.0
8854,618.0
8855,424.0
8856,618.0
8857,424.0
8858,342.0
8859,342.0
8860,424.0
8861,424.0
8862,424.0
8863,424.0
8864,424.0
8865,342.0
8866,186.0
8867,264.0
8868,342.0
8869,342.0
8870,342.0
8871,342.0
8872,264.0
8873,342.0
8874,342.0
8875,342.0
8876,342.0
8877,342.0
8878,264.0
8879,264.0
8880,264.0
8881,186.0
8882,186.0
8883,110.0
8884,110.0
8885,110.0
8886,55.0
8887,0.0
8888,55.0
8889,0.0
8890,0.0
8891,0.0
8892,0.0
8893,0.0
8894,0.0
8895,0.0
8896,0.0
8897,0.0
8898,0.0
8899,0.0
8900,0.0
8901,55.0
8902,55.0
8903,55.0
8904,55.0
8905,0.0
8906,55.0
8907,186.0
8908,264.0
8909,342.0
8910,342.0
8911,264.0
8912,186.0
8913,186.0
8914,186.0
8915,186.0
8916,186.0
8917,186.0
8918,264.0
8919,264.0
8920,342.0
8921,342.0
8922,424.0
8923,424.0
8924,424.0
8925,342.0
8926,186.0
8927,264.0
8928,342.0
8929,342.0
8930,424.0
8931,424.0
8932,506.0
8933,424.0
8934,424.0
8935,506.0
8936,342.0
8937,264.0
8938,186.0
8939,186.0
8940,186.0
8941,264.0
8942,186.0
8943,55.0
8944,186.0
8945,264.0
8946,264.0
8947,264.0
8948,264.0
8949,264.0
8950,342.0
8951,264.0
8952,186.0
8953,186.0
8954,264.0
8955,342.0
8956,264.0
8957,342.0
8958,424.0
8959,618.0
8960,999.0
8961,1195.0
8962,1391.0
8963,1195.0
8964,865.0
8965,865.0
8966,865.0
8967,865.0
8968,865.0
8969,506.0
8970,424.0
8971,424.0
8972,865.0
8973,865.0
8974,865.0
8975,1195.0
8976,618.0
8977,1195.0
8978,1391.0
8979,1195.0
8980,999.0
8981,1558.0
8982,1724.0
8983,1724.0
8984,1391.0
8985,1960.0
8986,1909.0
8987,1909.0
8988,1558.0
8989,1828.0
8990,1909.0
8991,1828.0
8992,1828.0
8993,1960.0
8994,1909.0
8995,1909.0
8996,1909.0
8997,1909.0
8998,2002.0
8999,2025.0
9000,2002.0
9001,2025.0
9002,1960.0
9003,2002.0
9004,2025.0
9005,1909.0
9006,2002.0
9007,1909.0
9008,1960.0
9009,1828.0
9010,1909.0
9011,1828.0
9012,1724.0
9013,1724.0
9014,1724.0
9015,1391.0
9016,1391.0
9017,999.0
9018,1195.0
9019,999.0
9020,1558.0
9021,1558.0
9022,1391.0
9023,1828.0
9024,1391.0
9025,1195.0
9026,1195.0
9027,1391.0
9028,1558.0
9029,1828.0
9030,2044.0
9031,2002.0
9032,2044.0
9033,2025.0
9034,2025.0
9035,2044.0
9036,2050.0
9037,2050.0
9038,2025.0
9039,2025.0
9040,2025.0
9041,1960.0
9042,2044.0
9043,2044.0
9044,2044.0
9045,2050.0
9046,2044.0
9047,2050.0
9048,2044.0
9049,2025.0
9050,2025.0
9051,1960.0
9052,1828.0
9053,1828.0
9054,1828.0
9055,1391.0
9056,1391.0
9057,865.0
9058,865.0
9059,618.0
9060,264.0
9061,342.0
9062,264.0
9063,342.0
9064,342.0
9065,342.0
9066,342.0
9067,264.0
9068,264.0
9069,342.0
9070,342.0
9071,264.0
9072,264.0
9073,264.0
9074,264.0
9075,186.0
9076,110.0
9077,0.0
9078,0.0
9079,0.0
9080,55.0
9081,55.0
9082,0.0
9083,110.0
9084,110.0
9085,110.0
9086,186.0
9087,186.0
9088,186.0
9089,264.0
9090,186.0
9091,110.0
9092,186.0
9093,186.0
9094,264.0
9095,186.0
9096,110.0
9097,110.0
9098,110.0
9099,110.0
9100,110.0
9101,110.0
9102,264.0
9103,264.0
9104,110.0
9105,110.0
9106,0.0
9107,186.0
9108,264.0
9109,186.0
9110,264.0
9111,342.0
9112,424.0
9113,342.0
9114,424.0
9115,342.0
9116,424.0
9117,186.0
9118,264.0
9119,186.0
9120,2044.0
9121,2050.0
9122,1960.0
9123,1828.0
9124,1558.0
9125,1391.0
9126,1391.0
9127,1391.0
9128,1391.0
9129,1724.0
9130,999.0
9131,865.0
9132,618.0
9133,506.0
9134,999.0
9135,999.0
9136,506.0
9137,264.0
9138,110.0
9139,424.0
9140,264.0
9141,342.0
9142,618.0
9143,618.0
9144,506.0
9145,506.0
9146,999.0
9147,1391.0
9148,1391.0
9149,1391.0
9150,618.0
9151,424.0
9152,506.0
9153,424.0
9154,424.0
9155,424.0
9156,424.0
9157,506.0
9158,424.0
9159,1391.0
9160,999.0
9161,999.0
9162,1195.0
9163,1724.0
9164,1558.0
9165,1558.0
9166,1391.0
9167,1558.0
9168,999.0
9169,865.0
9170,865.0
9171,865.0
9172,730.0
9173,865.0
9174,999.0
9175,865.0
9176,865.0
9177,730.0
9178,618.0
9179,730.0
9180,865.0
9181,618.0
9182,865.0
9183,1195.0
9184,999.0
9185,1195.0
9186,999.0
9187,865.0
9188,999.0
9189,865.0
9190,999.0
9191,730.0
9192,618.0
9193,865.0
9194,999.0
9195,1195.0
9196,1391.0
9197,1195.0
9198,1195.0
9199,1195.0
9200,999.0
9201,865.0
9202,865.0
9203,730.0
9204,865.0
9205,730.0
9206,730.0
9207,618.0
9208,506.0
9209,618.0
9210,618.0
9211,506.0
9212,506.0
9213,424.0
9214,342.0
9215,424.0
9216,424.0
9217,424.0
9218,506.0
9219,730.0
9220,865.0
9221,865.0
9222,865.0
9223,618.0
9224,730.0
9225,506.0
9226,618.0
9227,618.0
9228,424.0
9229,506.0
9230,618.0
9231,506.0
9232,618.0
9233,730.0
9234,730.0
9235,865.0
9236,865.0
9237,424.0
9238,618.0
9239,618.0
9240,618.0
9241,865.0
9242,865.0
9243,730.0
9244,730.0
9245,865.0
9246,730.0
9247,865.0
9248,999.0
9249,865.0
9250,1391.0
9251,1195.0
9252,1558.0
9253,1909.0
9254,1195.0
9255,1391.0
9256,1558.0
9257,1828.0
9258,1391.0
9259,1558.0
9260,2025.0
9261,1558.0
9262,1828.0
9263,1828.0
9264,2025.0
9265,2002.0
9266,1909.0
9267,1724.0
9268,1909.0
9269,2050.0
9270,2050.0
9271,2044.0
9272,2044.0
9273,1960.0
9274,1828.0
9275,1909.0
9276,1909.0
9277,1909.0
9278,1828.0
9279,2025.0
9280,1909.0
9281,1724.0
9282,1724.0
9283,1558.0
9284,1195.0
9285,1724.0
9286,2025.0
9287,1909.0
9288,1960.0
9289,1724.0
9290,1558.0
9291,1558.0
9292,1195.0
9293,1195.0
9294,1391.0
9295,999.0
9296,999.0
9297,999.0
9298,1828.0
9299,1724.0
9300,1724.0
9301,1724.0
9302,1828.0
9303,1724.0
9304,1828.0
9305,1724.0
9306,1558.0
9307,1724.0
9308,1909.0
9309,1724.0
9310,1558.0
9311,1195.0
9312,1195.0
9313,865.0
9314,1558.0
9315,1391.0
9316,1391.0
9317,1195.0
9318,1195.0
9319,1195.0
9320,999.0
9321,1391.0
9322,1391.0
9323,1828.0
9324,1724.0
9325,1558.0
9326,1828.0
9327,1724.0
9328,1724.0
9329,1558.0
9330,1724.0
9331,1558.0
9332,1391.0
9333,1724.0
9334,1724.0
9335,1724.0
9336,1724.0
9337,1828.0
9338,1828.0
9339,1724.0
9340,1828.0
9341,1724.0
9342,1724.0
9343,1558.0
9344,1724.0
9345,1828.0
9346,1724.0
9347,1724.0
9348,1195.0
9349,1391.0
9350,1724.0
9351,1391.0
9352,1195.0
9353,1391.0
9354,1558.0
9355,1558.0
9356,1558.0
9357,1391.0
9358,1195.0
9359,1391.0
9360,1391.0
9361,999.0
9362,1195.0
9363,1391.0
9364,999.0
9365,1195.0
9366,1195.0
9367,1195.0
9368,1195.0
9369,999.0
9370,999.0
9371,618.0
9372,730.0
9373,506.0
9374,618.0
9375,506.0
9376,506.0
9377,730.0
9378,999.0
9379,999.0
9380,730.0
9381,865.0
9382,865.0
9383,618.0
9384,506.0
9385,506.0
9386,424.0
9387,424.0
9388,506.0
9389,506.0
9390,264.0
9391,264.0
9392,342.0
9393,186.0
9394,186.0
9395,186.0
9396,264.0
9397,186.0
9398,264.0
9399,342.0
9400,342.0
9401,342.0
9402,342.0
9403,264.0
9404,342.0
9405,424.0
9406,424.0
9407,342.0
9408,186.0
9409,186.0
9410,110.0
9411,0.0
9412,0.0
9413,55.0
9414,0.0
9415,0.0
9416,0.0
9417,0.0
9418,0.0
9419,0.0
9420,0.0
9421,0.0
9422,0.0
9423,0.0
9424,0.0
9425,0.0
9426,0.0
9427,55.0
9428,110.0
9429,110.0
9430,264.0
9431,424.0
9432,342.0
9433,342.0
9434,342.0
9435,618.0
9436,618.0
9437,618.0
9438,618.0
9439,618.0
9440,618.0
9441,730.0
9442,618.0
9443,506.0
9444,506.0
9445,730.0
9446,618.0
9447,618.0
9448,424.0
9449,730.0
9450,618.0
9451,618.0
9452,865.0
9453,730.0
9454,999.0
9455,865.0
9456,865.0
9457,999.0
9458,865.0
9459,730.0
9460,730.0
9461,865.0
9462,730.0
9463,730.0
9464,999.0
9465,999.0
9466,730.0
9467,1195.0
9468,865.0
9469,618.0
9470,999.0
9471,618.0
9472,618.0
9473,730.0
9474,618.0
9475,865.0
9476,618.0
9477,730.0
9478,865.0
9479,618.0
9480,865.0
9481,618.0
9482,506.0
9483,424.0
9484,424.0
9485,424.0
9486,424.0
9487,264.0
9488,342.0
9489,264.0
9490,264.0
9491,342.0
9492,264.0
9493,264.0
9494,264.0
9495,264.0
9496,264.0
9497,264.0
9498,264.0
9499,186.0
9500,186.0
9501,186.0
9502,342.0
9503,264.0
9504,186.0
9505,264.0
9506,264.0
9507,264.0
9508,186.0
9509,110.0
9510,186.0
9511,186.0
9512,186.0
9513,186.0
9514,186.0
9515,264.0
9516,342.0
9517,342.0
9518,342.0
9519,342.0
9520,264.0
9521,264.0
9522,264.0
9523,506.0
9524,264.0
9525,264.0
9526,342.0
9527,506.0
9528,186.0
9529,110.0
9530,186.0
9531,186.0
9532,264.0
9533,264.0
9534,264.0
9535,264.0
9536,342.0
9537,342.0
9538,342.0
9539,264.0
9540,186.0
9541,264.0
9542,186.0
9543,186.0
9544,264.0
9545,186.0
9546,186.0
9547,342.0
9548,186.0
9549,264.0
9550,342.0
9551,264.0
9552,342.0
9553,186.0
9554,186.0
9555,342.0
9556,424.0
9557,424.0
9558,506.0
9559,506.0
9560,424.0
9561,264.0
9562,55.0
9563,110.0
9564,186.0
9565,424.0
9566,264.0
9567,186.0
9568,186.0
9569,264.0
9570,186.0
9571,264.0
9572,186.0
9573,186.0
9574,186.0
9575,999.0
9576,506.0
9577,342.0
9578,424.0
9579,424.0
9580,55.0
9581,110.0
9582,186.0
9583,264.0
9584,342.0
9585,342.0
9586,264.0
9587,342.0
9588,264.0
9589,186.0
9590,264.0
9591,424.0
9592,424.0
9593,618.0
9594,506.0
9595,424.0
9596,424.0
9597,424.0
9598,506.0
9599,424.0
9600,342.0
9601,342.0
9602,264.0
9603,342.0
9604,186.0
9605,264.0
9606,342.0
9607,342.0
9608,264.0
9609,264.0
9610,424.0
9611,342.0
9612,424.0
9613,424.0
9614,342.0
9615,264.0
9616,342.0
9617,342.0
9618,264.0
9619,186.0
9620,264.0
9621,342.0
9622,264.0
9623,264.0
9624,342.0
9625,342.0
9626,264.0
9627,186.0
9628,264.0
9629,264.0
9630,186.0
9631,264.0
9632,264.0
9633,264.0
9634,264.0
9635,264.0
9636,342.0
9637,264.0
9638,264.0
9639,264.0
9640,264.0
9641,264.0
9642,264.0
9643,342.0
9644,342.0
9645,424.0
9646,424.0
9647,342.0
9648,424.0
9649,424.0
9650,506.0
9651,506.0
9652,618.0
9653,618.0
9654,730.0
9655,730.0
9656,730.0
9657,730.0
9658,618.0
9659,618.0
9660,618.0
9661,506.0
9662,506.0
9663,424.0
9664,506.0
9665,506.0
9666,506.0
9667,730.0
9668,730.0
9669,865.0
9670,865.0
9671,999.0
9672,999.0
9673,1391.0
9674,1195.0
9675,999.0
9676,1195.0
9677,999.0
9678,999.0
9679,999.0
9680,865.0
9681,1391.0
9682,999.0
9683,1195.0
9684,865.0
9685,730.0
9686,506.0
9687,865.0
9688,618.0
9689,730.0
9690,730.0
9691,618.0
9692,618.0
9693,730.0
9694,618.0
9695,618.0
9696,506.0
9697,506.0
9698,506.0
9699,618.0
9700,618.0
9701,618.0
9702,618.0
9703,618.0
9704,506.0
9705,618.0
9706,618.0
9707,730.0
9708,865.0
9709,865.0
9710,618.0
9711,730.0
9712,999.0
9713,999.0
9714,865.0
9715,865.0
9716,730.0
9717,865.0
9718,865.0
9719,506.0
9720,506.0
9721,506.0
9722,424.0
9723,424.0
9724,506.0
9725,424.0
9726,506.0
9727,506.0
9728,618.0
9729,618.0
9730,865.0
9731,865.0
9732,999.0
9733,865.0
9734,865.0
9735,999.0
9736,865.0
9737,1391.0
9738,1391.0
9739,1391.0
9740,1558.0
9741,1391.0
9742,1195.0
9743,865.0
9744,999.0
9745,865.0
9746,999.0
9747,1195.0
9748,1195.0
9749,999.0
9750,999.0
9751,730.0
9752,865.0
9753,865.0
9754,865.0
9755,999.0
9756,1195.0
9757,1195.0
9758,1195.0
9759,999.0
9760,999.0
9761,999.0
9762,1195.0
9763,1195.0
9764,730.0
9765,865.0
9766,999.0
9767,999.0
9768,730.0
9769,999.0
9770,730.0
9771,730.0
9772,865.0
9773,999.0
9774,865.0
9775,865.0
9776,730.0
9777,865.0
9778,1195.0
9779,865.0
9780,865.0
9781,999.0
9782,730.0
9783,999.0
9784,618.0
9785,999.0
9786,865.0
9787,730.0
9788,730.0
9789,865.0
9790,999.0
9791,999.0
9792,865.0
9793,865.0
9794,730.0
9795,506.0
9796,506.0
9797,506.0
9798,618.0
9799,618.0
9800,506.0
9801,506.0
9802,506.0
9803,424.0
9804,506.0
9805,506.0
9806,618.0
9807,618.0
9808,730.0
9809,618.0
9810,506.0
9811,506.0
9812,865.0
9813,865.0
9814,865.0
9815,999.0
9816,865.0
9817,730.0
9818,618.0
9819,730.0
9820,999.0
9821,618.0
9822,730.0
9823,730.0
9824,730.0
9825,730.0
9826,618.0
9827,506.0
9828,730.0
9829,506.0
9830,506.0
9831,506.0
9832,618.0
9833,424.0
9834,424.0
9835,424.0
9836,424.0
9837,424.0
9838,506.0
9839,730.0
9840,618.0
9841,618.0
9842,730.0
9843,730.0
9844,865.0
9845,730.0
9846,618.0
9847,999.0
9848,865.0
9849,618.0
9850,730.0
9851,730.0
9852,618.0
9853,618.0
9854,424.0
9855,618.0
9856,424.0
9857,506.0
9858,618.0
9859,424.0
9860,342.0
9861,424.0
9862,424.0
9863,618.0
9864,424.0
9865,424.0
9866,424.0
9867,342.0
9868,424.0
9869,342.0
9870,342.0
9871,424.0
9872,342.0
9873,342.0
9874,264.0
9875,342.0
9876,264.0
9877,424.0
9878,424.0
9879,342.0
9880,424.0
9881,342.0
9882,342.0
9883,424.0
9884,424.0
9885,264.0
9886,264.0
9887,342.0
9888,342.0
9889,342.0
9890,264.0
9891,186.0
9892,264.0
9893,264.0
9894,264.0
9895,264.0
9896,264.0
9897,342.0
9898,342.0
9899,264.0
9900,110.0
9901,55.0
9902,55.0
9903,0.0
9904,55.0
9905,342.0
9906,342.0
9907,110.0
9908,186.0
9909,55.0
9910,264.0
9911,186.0
9912,264.0
9913,186.0
9914,110.0
9915,110.0
9916,186.0
9917,186.0
9918,186.0
9919,186.0
9920,110.0
9921,186.0
9922,110.0
9923,110.0
9924,0.0
9925,0.0
9926,0.0
9927,0.0
9928,0.0
9929,0.0
9930,0.0
9931,0.0
9932,0.0
9933,0.0
9934,0.0
9935,0.0
9936,0.0
9937,0.0
9938,0.0
9939,0.0
9940,0.0
9941,0.0
9942,0.0
9943,0.0
9944,0.0
9945,0.0
9946,0.0
9947,0.0
9948,0.0
9949,0.0
9950,0.0
9951,0.0
9952,0.0
9953,0.0
9954,0.0
9955,0.0
9956,0.0
9957,0.0
9958,0.0
9959,0.0
9960,0.0
9961,0.0
9962,0.0
9963,0.0
9964,0.0
9965,0.0
9966,0.0
9967,0.0
9968,0.0
9969,0.0
9970,0.0
9971,0.0
9972,0.0
9973,0.0
9974,0.0
9975,0.0
9976,0.0
9977,0.0
9978,0.0
9979,0.0
9980,0.0
9981,0.0
9982,0.0
9983,0.0
9984,0.0
9985,0.0
9986,0.0
9987,0.0
9988,0.0
9989,0.0
9990,0.0
9991,0.0
9992,0.0
9993,0.0
9994,0.0
9995,0.0
9996,0.0
9997,0.0
9998,0.0
9999,0.0
10000,0.0
10001,0.0
10002,0.0
10003,0.0
10004,0.0
10005,0.0
10006,0.0
10007,0.0
10008,0.0
10009,0.0
10010,0.0
10011,0.0
10012,0.0
10013,0.0
10014,0.0
10015,0.0
10016,0.0
10017,0.0
10018,55.0
10019,55.0
10020,110.0
10021,110.0
10022,186.0
10023,264.0
10024,424.0
10025,424.0
10026,424.0
10027,342.0
10028,342.0
10029,342.0
10030,264.0
10031,186.0
10032,110.0
10033,0.0
10034,55.0
10035,110.0
10036,110.0
10037,186.0
10038,186.0
10039,186.0
10040,186.0
10041,186.0
10042,186.0
10043,186.0
10044,186.0
10045,186.0
10046,264.0
10047,186.0
10048,186.0
10049,186.0
10050,186.0
10051,186.0
10052,110.0
10053,110.0
10054,264.0
10055,264.0
10056,186.0
10057,110.0
10058,186.0
10059,186.0
10060,110.0
10061,110.0
10062,110.0
10063,110.0
10064,186.0
10065,186.0
10066,110.0
10067,55.0
10068,0.0
10069,55.0
10070,55.0
10071,110.0
10072,110.0
10073,110.0
10074,110.0
10075,110.0
10076,110.0
10077,0.0
10078,0.0
10079,0.0
10080,0.0
10081,0.0
10082,0.0
10083,0.0
10084,0.0
10085,55.0
10086,55.0
10087,55.0
10088,55.0
10089,110.0
10090,186.0
10091,186.0
10092,186.0
10093,264.0
10094,264.0
10095,342.0
10096,264.0
10097,264.0
10098,186.0
10099,186.0
10100,110.0
10101,264.0
10102,110.0
10103,55.0
10104,110.0
10105,110.0
10106,110.0
10107,55.0
10108,0.0
10109,0.0
10110,0.0
10111,0.0
10112,0.0
10113,0.0
10114,0.0
10115,0.0
10116,0.0
10117,0.0
10118,0.0
10119,0.0
10120,0.0
10121,0.0
10122,0.0
10123,0.0
10124,0.0
10125,0.0
10126,0.0
10127,0.0
10128,0.0
10129,0.0
10130,0.0
10131,0.0
10132,0.0
10133,0.0
10134,0.0
10135,0.0
10136,0.0
10137,0.0
10138,0.0
10139,0.0
10140,0.0
10141,0.0
10142,0.0
10143,55.0
10144,55.0
10145,55.0
10146,55.0
10147,0.0
10148,0.0
10149,55.0
10150,0.0
10151,0.0
10152,0.0
10153,55.0
10154,110.0
10155,186.0
10156,186.0
10157,264.0
10158,264.0
10159,264.0
10160,186.0
10161,264.0
10162,264.0
10163,264.0
10164,264.0
10165,186.0
10166,186.0
10167,186.0
10168,264.0
10169,264.0
10170,264.0
10171,264.0
10172,264.0
10173,186.0
10174,186.0
10175,186.0
10176,186.0
10177,186.0
10178,186.0
10179,186.0
10180,186.0
10181,186.0
10182,110.0
10183,110.0
10184,110.0
10185,110.0
10186,110.0
10187,55.0
10188,0.0
10189,55.0
10190,55.0
10191,55.0
10192,55.0
10193,0.0
10194,55.0
10195,110.0
10196,55.0
10197,55.0
10198,55.0
10199,0.0
10200,0.0
10201,0.0
10202,0.0
10203,55.0
10204,0.0
10205,0.0
10206,55.0
10207,55.0
10208,55.0
10209,0.0
10210,0.0
10211,0.0
10212,0.0
10213,0.0
10214,0.0
10215,0.0
10216,0.0
10217,0.0
10218,0.0
10219,0.0
10220,0.0
10221,0.0
10222,55.0
10223,0.0
10224,0.0
10225,55.0
10226,55.0
10227,0.0
10228,110.0
10229,110.0
10230,110.0
10231,342.0
10232,186.0
10233,186.0
10234,186.0
10235,264.0
10236,264.0
10237,264.0
10238,264.0
10239,264.0
10240,264.0
10241,264.0
10242,264.0
10243,186.0
10244,186.0
10245,186.0
10246,186.0
10247,186.0
10248,110.0
10249,55.0
10250,55.0
10251,55.0
10252,0.0
10253,0.0
10254,0.0
10255,0.0
10256,0.0
10257,0.0
10258,0.0
10259,0.0
10260,0.0
10261,0.0
10262,0.0
10263,0.0
10264,0.0
10265,110.0
10266,110.0
10267,55.0
10268,110.0
10269,110.0
10270,55.0
10271,110.0
10272,0.0
10273,0.0
10274,0.0
10275,0.0
10276,0.0
10277,55.0
10278,55.0
10279,0.0
10280,0.0
10281,0.0
10282,0.0
10283,0.0
10284,0.0
10285,0.0
10286,0.0
10287,0.0
10288,0.0
10289,0.0
10290,0.0
10291,0.0
10292,0.0
10293,0.0
10294,0.0
10295,0.0
10296,0.0
10297,0.0
10298,0.0
10299,0.0
10300,0.0
10301,0.0
10302,0.0
10303,0.0
10304,0.0
10305,0.0
10306,0.0
10307,55.0
10308,110.0
10309,110.0
10310,55.0
10311,55.0
10312,55.0
10313,0.0
10314,0.0
10315,55.0
10316,186.0
10317,186.0
10318,110.0
10319,0.0
10320,0.0
10321,55.0
10322,55.0
10323,110.0
10324,110.0
10325,110.0
10326,186.0
10327,110.0
10328,264.0
10329,342.0
10330,264.0
10331,186.0
10332,186.0
10333,186.0
10334,110.0
10335,186.0
10336,186.0
10337,110.0
10338,110.0
10339,55.0
10340,110.0
10341,110.0
10342,110.0
10343,110.0
10344,110.0
10345,110.0
10346,110.0
10347,110.0
10348,55.0
10349,55.0
10350,110.0
10351,55.0
10352,55.0
10353,0.0
10354,55.0
10355,55.0
10356,186.0
10357,110.0
10358,55.0
10359,110.0
10360,110.0
10361,110.0
10362,186.0
10363,264.0
10364,186.0
10365,186.0
10366,110.0
10367,110.0
10368,264.0
10369,264.0
10370,264.0
10371,342.0
10372,342.0
10373,342.0
10374,342.0
10375,342.0
10376,342.0
10377,342.0
10378,342.0
10379,342.0
10380,342.0
10381,264.0
10382,264.0
10383,186.0
10384,186.0
10385,186.0
10386,186.0
10387,186.0
10388,110.0
10389,55.0
10390,55.0
10391,55.0
10392,55.0
10393,0.0
10394,0.0
10395,0.0
10396,0.0
10397,0.0
10398,0.0
10399,0.0
10400,0.0
10401,0.0
10402,0.0
10403,0.0
10404,0.0
10405,0.0
10406,0.0
10407,110.0
10408,110.0
10409,110.0
10410,186.0
10411,264.0
10412,186.0
10413,186.0
10414,0.0
10415,0.0
10416,55.0
10417,55.0
10418,110.0
10419,110.0
10420,0.0
10421,0.0
10422,55.0
10423,186.0
10424,264.0
10425,186.0
10426,264.0
10427,110.0
10428,0.0
10429,264.0
10430,186.0
10431,186.0
10432,110.0
10433,264.0
10434,264.0
10435,186.0
10436,264.0
10437,186.0
10438,110.0
10439,186.0
10440,264.0
10441,264.0
10442,186.0
10443,186.0
10444,110.0
10445,110.0
10446,186.0
10447,110.0
10448,110.0
10449,110.0
10450,264.0
10451,424.0
10452,424.0
10453,342.0
10454,110.0
10455,264.0
10456,186.0
10457,110.0
10458,264.0
10459,186.0
10460,186.0
10461,186.0
10462,264.0
10463,264.0
10464,424.0
10465,424.0
10466,506.0
10467,506.0
10468,424.0
10469,506.0
10470,618.0
10471,506.0
10472,506.0
10473,506.0
10474,506.0
10475,424.0
10476,424.0
10477,342.0
10478,342.0
10479,342.0
10480,342.0
10481,342.0
10482,342.0
10483,342.0
10484,342.0
10485,342.0
10486,342.0
10487,264.0
10488,342.0
10489,342.0
10490,342.0
10491,342.0
10492,424.0
10493,342.0
10494,342.0
10495,264.0
10496,264.0
10497,264.0
10498,264.0
10499,264.0
10500,264.0
10501,264.0
10502,186.0
10503,110.0
10504,55.0
10505,186.0
10506,186.0
10507,186.0
10508,110.0
10509,55.0
10510,110.0
10511,110.0
10512,55.0
10513,0.0
10514,0.0
10515,0.0
10516,0.0
10517,0.0
10518,0.0
10519,0.0
10520,0.0
10521,0.0
10522,0.0
10523,0.0
10524,0.0
10525,0.0
10526,0.0
10527,0.0
10528,0.0
10529,0.0
10530,0.0
10531,0.0
10532,0.0
10533,0.0
10534,0.0
10535,0.0
10536,0.0
10537,0.0
10538,0.0
10539,0.0
10540,0.0
10541,0.0
10542,0.0
10543,0.0
10544,0.0
10545,0.0
10546,0.0
10547,0.0
10548,0.0
10549,0.0
10550,0.0
10551,0.0
10552,0.0
10553,0.0
10554,0.0
10555,0.0
10556,0.0
10557,0.0
10558,0.0
10559,0.0
10560,0.0
10561,0.0
10562,0.0
10563,0.0
10564,0.0
10565,55.0
10566,55.0
10567,0.0
10568,0.0
10569,0.0
10570,110.0
10571,186.0
10572,110.0
10573,0.0
10574,110.0
10575,186.0
10576,264.0
10577,186.0
10578,110.0
10579,186.0
10580,186.0
10581,186.0
10582,264.0
10583,110.0
10584,186.0
10585,110.0
10586,110.0
10587,110.0
10588,55.0
10589,55.0
10590,110.0
10591,110.0
10592,55.0
10593,55.0
10594,0.0
10595,0.0
10596,0.0
10597,110.0
10598,0.0
10599,55.0
10600,55.0
10601,110.0
10602,0.0
10603,0.0
10604,55.0
10605,55.0
10606,186.0
10607,342.0
10608,264.0
10609,264.0
10610,186.0
10611,186.0
10612,186.0
10613,186.0
10614,186.0
10615,110.0
10616,55.0
10617,0.0
10618,55.0
10619,186.0
10620,110.0
10621,55.0
10622,0.0
10623,0.0
10624,0.0
10625,0.0
10626,0.0
10627,0.0
10628,0.0
10629,0.0
10630,0.0
10631,0.0
10632,0.0
10633,0.0
10634,0.0
10635,0.0
10636,186.0
10637,342.0
10638,264.0
10639,264.0
10640,264.0
10641,264.0
10642,110.0
10643,110.0
10644,0.0
10645,0.0
10646,0.0
10647,0.0
10648,0.0
10649,0.0
10650,0.0
10651,0.0
10652,0.0
10653,0.0
10654,55.0
10655,0.0
10656,55.0
10657,0.0
10658,0.0
10659,0.0
10660,0.0
10661,0.0
10662,0.0
10663,0.0
10664,0.0
10665,0.0
10666,0.0
10667,0.0
10668,0.0
10669,0.0
10670,110.0
10671,55.0
10672,0.0
10673,110.0
10674,110.0
10675,110.0
10676,186.0
10677,110.0
10678,55.0
10679,55.0
10680,0.0
10681,110.0
10682,110.0
10683,110.0
10684,0.0
10685,55.0
10686,55.0
10687,186.0
10688,186.0
10689,186.0
10690,186.0
10691,55.0
10692,55.0
10693,0.0
10694,0.0
10695,0.0
10696,0.0
10697,110.0
10698,110.0
10699,55.0
10700,0.0
10701,0.0
10702,0.0
10703,0.0
10704,0.0
10705,0.0
10706,0.0
10707,0.0
10708,0.0
10709,55.0
10710,110.0
10711,55.0
10712,55.0
10713,110.0
10714,110.0
10715,110.0
10716,110.0
10717,110.0
10718,0.0
10719,0.0
10720,55.0
10721,110.0
10722,110.0
10723,0.0
10724,55.0
10725,55.0
10726,55.0
10727,110.0
10728,110.0
10729,186.0
10730,186.0
10731,186.0
10732,186.0
10733,186.0
10734,110.0
10735,110.0
10736,186.0
10737,110.0
10738,110.0
10739,186.0
10740,264.0
10741,342.0
10742,342.0
10743,342.0
10744,424.0
10745,342.0
10746,342.0
10747,342.0
10748,264.0
10749,264.0
10750,342.0
10751,424.0
10752,424.0
10753,424.0
10754,424.0
10755,424.0
10756,424.0
10757,424.0
10758,424.0
10759,424.0
10760,424.0
10761,342.0
10762,342.0
10763,342.0
10764,424.0
10765,424.0
10766,424.0
10767,342.0
10768,342.0
10769,424.0
10770,506.0
10771,424.0
10772,424.0
10773,424.0
10774,424.0
10775,342.0
10776,342.0
10777,424.0
10778,424.0
10779,424.0
10780,424.0
10781,424.0
10782,506.0
10783,506.0
10784,506.0
10785,424.0
10786,424.0
10787,424.0
10788,342.0
10789,424.0
10790,342.0
10791,342.0
10792,424.0
10793,424.0
10794,424.0
10795,342.0
10796,424.0
10797,424.0
10798,342.0
10799,264.0
10800,264.0
10801,186.0
10802,186.0
10803,264.0
10804,186.0
10805,186.0
10806,186.0
10807,186.0
10808,264.0
10809,264.0
10810,264.0
10811,342.0
10812,342.0
10813,342.0
10814,424.0
10815,424.0
10816,342.0
10817,342.0
10818,264.0
10819,186.0
10820,110.0
10821,110.0
10822,55.0
10823,0.0
10824,55.0
10825,55.0
10826,0.0
10827,0.0
10828,0.0
10829,0.0
10830,0.0
10831,0.0
10832,0.0
10833,0.0
10834,0.0
10835,0.0
10836,0.0
10837,0.0
10838,0.0
10839,0.0
10840,0.0
10841,0.0
10842,0.0
10843,0.0
10844,0.0
10845,0.0
10846,0.0
10847,0.0
10848,0.0
10849,0.0
10850,0.0
10851,0.0
10852,0.0
10853,0.0
10854,0.0
10855,0.0
10856,0.0
10857,0.0
10858,0.0
10859,0.0
10860,0.0
10861,0.0
10862,0.0
10863,0.0
10864,0.0
10865,0.0
10866,0.0
10867,0.0
10868,0.0
10869,0.0
10870,0.0
10871,0.0
10872,0.0
10873,0.0
10874,0.0
10875,0.0
10876,0.0
10877,0.0
10878,0.0
10879,0.0
10880,0.0
10881,0.0
10882,0.0
10883,0.0
10884,0.0
10885,0.0
10886,0.0
10887,0.0
10888,0.0
10889,0.0
10890,110.0
10891,110.0
10892,186.0
10893,186.0
10894,186.0
10895,186.0
10896,110.0
10897,186.0
10898,186.0
10899,186.0
10900,264.0
10901,264.0
10902,264.0
10903,424.0
10904,342.0
10905,342.0
10906,618.0
10907,618.0
10908,618.0
10909,618.0
10910,730.0
10911,730.0
10912,618.0
10913,506.0
10914,618.0
10915,618.0
10916,618.0
10917,506.0
10918,506.0
10919,506.0
10920,506.0
10921,506.0
10922,506.0
10923,506.0
10924,506.0
10925,618.0
10926,618.0
10927,506.0
10928,506.0
10929,618.0
10930,618.0
10931,618.0
10932,618.0
10933,618.0
10934,865.0
10935,999.0
10936,999.0
10937,999.0
10938,865.0
10939,999.0
10940,999.0
10941,865.0
10942,865.0
10943,730.0
10944,730.0
10945,618.0
10946,730.0
10947,618.0
10948,506.0
10949,506.0
10950,618.0
10951,506.0
10952,506.0
10953,506.0
10954,506.0
10955,506.0
10956,506.0
10957,424.0
10958,506.0
10959,506.0
10960,618.0
10961,618.0
10962,618.0
10963,618.0
10964,506.0
10965,506.0
10966,342.0
10967,342.0
10968,424.0
10969,730.0
10970,342.0
10971,186.0
10972,186.0
10973,264.0
10974,264.0
10975,424.0
10976,342.0
10977,424.0
10978,264.0
10979,342.0
10980,342.0
10981,618.0
10982,342.0
10983,342.0
10984,342.0
10985,110.0
10986,264.0
10987,264.0
10988,186.0
10989,186.0
10990,342.0
10991,342.0
10992,424.0
10993,424.0
10994,342.0
10995,264.0
10996,186.0
10997,264.0
10998,342.0
10999,264.0
11000,264.0
11001,264.0
11002,342.0
11003,342.0
11004,264.0
11005,264.0
11006,424.0
11007,342.0
11008,264.0
11009,186.0
11010,186.0
11011,264.0
11012,186.0
11013,264.0
11014,342.0
11015,342.0
11016,424.0
11017,342.0
11018,186.0
11019,110.0
11020,110.0
11021,264.0
11022,264.0
11023,264.0
11024,342.0
11025,342.0
11026,424.0
11027,424.0
11028,424.0
11029,424.0
11030,424.0
11031,424.0
11032,424.0
11033,506.0
11034,506.0
11035,506.0
11036,424.0
11037,424.0
11038,424.0
11039,506.0
11040,506.0
11041,506.0
11042,506.0
11043,506.0
11044,618.0
11045,618.0
11046,730.0
11047,618.0
11048,618.0
11049,618.0
11050,618.0
11051,506.0
11052,506.0
11053,730.0
11054,865.0
11055,999.0
11056,999.0
11057,865.0
11058,730.0
11059,730.0
11060,730.0
11061,618.0
11062,618.0
11063,618.0
11064,506.0
11065,618.0
11066,865.0
11067,999.0
11068,999.0
11069,999.0
11070,999.0
11071,999.0
11072,999.0
11073,999.0
11074,999.0
11075,999.0
11076,1195.0
11077,1391.0
11078,1558.0
11079,1828.0
11080,2025.0
11081,2044.0
11082,1960.0
11083,1960.0
11084,1960.0
11085,1724.0
11086,1724.0
11087,1828.0
11088,1828.0
11089,1828.0
11090,1724.0
11091,1558.0
11092,1724.0
11093,1828.0
11094,1909.0
11095,1960.0
11096,1909.0
11097,1828.0
11098,1828.0
11099,1828.0
11100,1909.0
11101,1828.0
11102,1724.0
11103,1828.0
11104,1724.0
11105,1828.0
11106,1724.0
11107,1724.0
11108,1558.0
11109,1391.0
11110,1391.0
11111,1391.0
11112,1391.0
11113,1195.0
11114,1391.0
11115,1195.0
11116,999.0
11117,865.0
11118,865.0
11119,1195.0
11120,1391.0
11121,1195.0
11122,1391.0
11123,999.0
11124,1391.0
11125,1195.0
11126,999.0
11127,865.0
11128,865.0
11129,1195.0
11130,1195.0
11131,1558.0
11132,1195.0
11133,1391.0
11134,1724.0
11135,1391.0
11136,1391.0
11137,1558.0
11138,1724.0
11139,1724.0
11140,1558.0
11141,1558.0
11142,1724.0
11143,1724.0
11144,1558.0
11145,1558.0
11146,999.0
11147,1195.0
11148,1195.0
11149,1195.0
11150,1391.0
11151,1195.0
11152,1391.0
11153,1195.0
11154,1391.0
11155,999.0
11156,999.0
11157,865.0
11158,999.0
11159,730.0
11160,999.0
11161,999.0
11162,1391.0
11163,1391.0
11164,999.0
11165,865.0
11166,865.0
11167,999.0
11168,1195.0
11169,865.0
11170,865.0
11171,730.0
11172,999.0
11173,1391.0
11174,999.0
11175,1195.0
11176,999.0
11177,999.0
11178,1195.0
11179,999.0
11180,1195.0
11181,865.0
11182,1195.0
11183,1195.0
11184,865.0
11185,1195.0
11186,1195.0
11187,1391.0
11188,1391.0
11189,999.0
11190,1195.0
11191,865.0
11192,1195.0
11193,865.0
11194,1195.0
11195,1391.0
11196,1195.0
11197,1195.0
11198,1195.0
11199,1195.0
11200,1195.0
11201,1195.0
11202,865.0
11203,506.0
11204,424.0
11205,865.0
11206,865.0
11207,999.0
11208,865.0
11209,730.0
11210,730.0
11211,618.0
11212,999.0
11213,865.0
11214,865.0
11215,865.0
11216,865.0
11217,999.0
11218,999.0
11219,1195.0
11220,1195.0
11221,999.0
11222,999.0
11223,1195.0
11224,999.0
11225,999.0
11226,999.0
11227,999.0
11228,730.0
11229,730.0
11230,618.0
11231,618.0
11232,865.0
11233,730.0
11234,999.0
11235,730.0
11236,618.0
11237,506.0
11238,506.0
11239,618.0
11240,618.0
11241,730.0
11242,618.0
11243,506.0
11244,424.0
11245,618.0
11246,618.0
11247,730.0
11248,506.0
11249,506.0
11250,424.0
11251,506.0
11252,506.0
11253,618.0
11254,618.0
11255,618.0
11256,730.0
11257,618.0
11258,730.0
11259,730.0
11260,618.0
11261,618.0
11262,730.0
11263,618.0
11264,618.0
11265,424.0
11266,424.0
11267,506.0
11268,506.0
11269,424.0
11270,506.0
11271,618.0
11272,618.0
11273,730.0
11274,424.0
11275,618.0
11276,618.0
11277,730.0
11278,730.0
11279,618.0
11280,618.0
11281,506.0
11282,342.0
11283,424.0
11284,506.0
11285,424.0
11286,506.0
11287,506.0
11288,506.0
11289,342.0
11290,618.0
11291,506.0
11292,618.0
11293,730.0
11294,865.0
11295,618.0
11296,730.0
11297,865.0
11298,618.0
11299,618.0
11300,999.0
11301,730.0
11302,865.0
11303,999.0
11304,999.0
11305,999.0
11306,1195.0
11307,730.0
11308,730.0
11309,730.0
11310,618.0
11311,506.0
11312,424.0
11313,424.0
11314,424.0
11315,424.0
11316,424.0
11317,424.0
11318,618.0
11319,618.0
11320,506.0
11321,424.0
11322,506.0
11323,618.0
11324,618.0
11325,506.0
11326,506.0
11327,618.0
11328,424.0
11329,424.0
11330,424.0
11331,506.0
11332,424.0
11333,506.0
11334,506.0
11335,506.0
11336,506.0
11337,506.0
11338,424.0
11339,424.0
11340,342.0
11341,342.0
11342,506.0
11343,506.0
11344,424.0
11345,342.0
11346,342.0
11347,342.0
11348,186.0
11349,186.0
11350,264.0
11351,264.0
11352,342.0
11353,342.0
11354,342.0
11355,342.0
11356,264.0
11357,342.0
11358,342.0
11359,342.0
11360,342.0
11361,264.0
11362,264.0
11363,342.0
11364,264.0
11365,342.0
11366,264.0
11367,264.0
11368,186.0
11369,186.0
11370,110.0
11371,110.0
11372,186.0
11373,264.0
11374,264.0
11375,186.0
11376,186.0
11377,186.0
11378,186.0
11379,110.0
11380,186.0
11381,186.0
11382,186.0
11383,110.0
11384,186.0
11385,110.0
11386,110.0
11387,186.0
11388,264.0
11389,186.0
11390,186.0
11391,186.0
11392,264.0
11393,264.0
11394,186.0
11395,342.0
11396,264.0
11397,342.0
11398,342.0
11399,342.0
11400,424.0
11401,342.0
11402,264.0
11403,342.0
11404,424.0
11405,342.0
11406,264.0
11407,342.0
11408,424.0
11409,506.0
11410,424.0
11411,506.0
11412,618.0
11413,506.0
11414,618.0
11415,506.0
11416,506.0
11417,506.0
11418,424.0
11419,506.0
11420,618.0
11421,506.0
11422,506.0
11423,506.0
11424,618.0
11425,618.0
11426,618.0
11427,618.0
11428,618.0
11429,730.0
11430,730.0
11431,730.0
11432,865.0
11433,506.0
11434,999.0
11435,730.0
11436,730.0
11437,730.0
11438,1195.0
11439,1195.0
11440,730.0
11441,730.0
11442,424.0
11443,618.0
11444,424.0
11445,506.0
11446,618.0
11447,506.0
11448,730.0
11449,506.0
11450,618.0
11451,506.0
11452,424.0
11453,424.0
11454,506.0
11455,424.0
11456,506.0
11457,506.0
11458,506.0
11459,506.0
11460,506.0
11461,424.0
11462,424.0
11463,424.0
11464,506.0
11465,618.0
11466,618.0
11467,506.0
11468,506.0
11469,506.0
11470,506.0
11471,506.0
11472,424.0
11473,424.0
11474,424.0
11475,424.0
11476,424.0
11477,506.0
11478,424.0
11479,506.0
11480,424.0
11481,506.0
11482,506.0
11483,506.0
11484,618.0
11485,730.0
11486,618.0
11487,506.0
11488,618.0
11489,618.0
11490,618.0
11491,506.0
11492,865.0
11493,618.0
11494,618.0
11495,618.0
11496,506.0
11497,506.0
11498,618.0
11499,506.0
11500,424.0
11501,424.0
11502,506.0
11503,506.0
11504,506.0
11505,506.0
11506,730.0
11507,506.0
11508,424.0
11509,618.0
11510,618.0
11511,506.0
11512,618.0
11513,506.0
11514,506.0
11515,424.0
11516,506.0
11517,424.0
11518,506.0
11519,424.0
11520,506.0
11521,506.0
11522,424.0
11523,506.0
11524,506.0
11525,506.0
11526,506.0
11527,618.0
11528,506.0
11529,506.0
11530,618.0
11531,506.0
11532,424.0
11533,424.0
11534,424.0
11535,506.0
11536,424.0
11537,342.0
11538,342.0
11539,424.0
11540,342.0
11541,264.0
11542,342.0
11543,424.0
11544,264.0
11545,342.0
11546,342.0
11547,264.0
11548,186.0
11549,186.0
11550,110.0
11551,110.0
11552,110.0
11553,110.0
11554,110.0
11555,110.0
11556,186.0
11557,110.0
11558,55.0
11559,186.0
11560,264.0
11561,264.0
11562,55.0
11563,186.0
11564,110.0
11565,110.0
11566,0.0
11567,55.0
11568,110.0
11569,424.0
11570,424.0
11571,342.0
11572,342.0
11573,264.0
11574,186.0
11575,55.0
11576,0.0
11577,55.0
11578,730.0
11579,506.0
11580,342.0
11581,264.0
11582,342.0
11583,424.0
11584,342.0
11585,342.0
11586,506.0
11587,424.0
11588,730.0
11589,730.0
11590,506.0
11591,424.0
11592,264.0
11593,186.0
11594,55.0
11595,0.0
11596,0.0
11597,0.0
11598,0.0
11599,0.0
11600,0.0
11601,0.0
11602,0.0
11603,0.0
11604,0.0
11605,0.0
11606,0.0
11607,0.0
11608,0.0
11609,0.0
11610,0.0
11611,0.0
11612,0.0
11613,0.0
11614,0.0
11615,0.0
11616,0.0
11617,0.0
11618,0.0
11619,0.0
11620,0.0
11621,0.0
11622,0.0
11623,0.0
11624,0.0
11625,0.0
11626,0.0
11627,0.0
11628,0.0
11629,0.0
11630,0.0
11631,0.0
11632,0.0
11633,0.0
11634,0.0
11635,0.0
11636,0.0
11637,0.0
11638,0.0
11639,0.0
11640,0.0
11641,0.0
11642,0.0
11643,0.0
11644,0.0
11645,0.0
11646,0.0
11647,0.0
11648,0.0
11649,0.0
11650,0.0
11651,0.0
11652,0.0
11653,0.0
11654,0.0
11655,0.0
11656,0.0
11657,0.0
11658,0.0
11659,0.0
11660,0.0
11661,0.0
11662,0.0
11663,0.0
11664,0.0
11665,0.0
11666,0.0
11667,0.0
11668,0.0
11669,0.0
11670,0.0
11671,0.0
11672,0.0
11673,0.0
11674,0.0
11675,0.0
11676,0.0
11677,0.0
11678,0.0
11679,0.0
11680,0.0
11681,0.0
11682,0.0
11683,0.0
11684,0.0
11685,0.0
11686,0.0
11687,0.0
11688,0.0
11689,0.0
11690,0.0
11691,0.0
11692,0.0
11693,0.0
11694,0.0
11695,0.0
11696,0.0
11697,0.0
11698,0.0
11699,0.0
11700,55.0
11701,0.0
11702,0.0
11703,0.0
11704,0.0
11705,0.0
11706,0.0
11707,0.0
11708,55.0
11709,0.0
11710,110.0
11711,55.0
11712,110.0
11713,0.0
11714,55.0
11715,55.0
11716,55.0
11717,55.0
11718,186.0
11719,186.0
11720,186.0
11721,264.0
11722,110.0
11723,186.0
11724,186.0
11725,342.0
11726,342.0
11727,264.0
11728,186.0
11729,110.0
11730,186.0
11731,186.0
11732,264.0
11733,186.0
11734,186.0
11735,110.0
11736,110.0
11737,186.0
11738,186.0
11739,110.0
11740,186.0
11741,110.0
11742,55.0
11743,55.0
11744,110.0
11745,186.0
11746,110.0
11747,0.0
11748,0.0
11749,0.0
11750,0.0
11751,0.0
11752,0.0
11753,0.0
11754,0.0
11755,0.0
11756,186.0
11757,264.0
11758,424.0
11759,424.0
11760,424.0
11761,264.0
11762,264.0
11763,55.0
11764,110.0
11765,186.0
11766,110.0
11767,110.0
11768,55.0
11769,55.0
11770,55.0
11771,55.0
11772,110.0
11773,110.0
11774,110.0
11775,110.0
11776,186.0
11777,186.0
11778,186.0
11779,186.0
11780,186.0
11781,186.0
11782,264.0
11783,186.0
11784,264.0
11785,424.0
11786,342.0
11787,342.0
11788,342.0
11789,424.0
11790,424.0
11791,424.0
11792,506.0
11793,424.0
11794,424.0
11795,506.0
11796,424.0
11797,424.0
11798,506.0
11799,424.0
11800,424.0
11801,424.0
11802,342.0
11803,342.0
11804,186.0
11805,264.0
11806,342.0
11807,424.0
11808,506.0
11809,424.0
11810,342.0
11811,342.0
11812,618.0
11813,618.0
11814,730.0
11815,865.0
11816,506.0
11817,264.0
11818,55.0
11819,55.0
11820,110.0
11821,110.0
11822,110.0
11823,186.0
11824,186.0
11825,186.0
11826,186.0
11827,186.0
11828,55.0
11829,55.0
11830,55.0
11831,55.0
11832,55.0
11833,110.0
11834,264.0
11835,264.0
11836,110.0
11837,110.0
11838,110.0
11839,110.0
11840,110.0
11841,110.0
11842,110.0
11843,186.0
11844,264.0
11845,342.0
11846,264.0
11847,186.0
11848,186.0
11849,342.0
11850,186.0
11851,186.0
11852,186.0
11853,110.0
11854,55.0
11855,0.0
11856,186.0
11857,264.0
11858,186.0
11859,264.0
11860,264.0
11861,342.0
11862,424.0
11863,342.0
11864,342.0
11865,342.0
11866,342.0
11867,424.0
11868,342.0
11869,424.0
11870,424.0
11871,342.0
11872,618.0
11873,865.0
11874,730.0
11875,618.0
11876,730.0
11877,730.0
11878,730.0
11879,506.0
11880,506.0
11881,618.0
11882,730.0
11883,730.0
11884,865.0
11885,999.0
11886,865.0
11887,1195.0
11888,999.0
11889,1195.0
11890,1195.0
11891,1195.0
11892,1195.0
11893,865.0
11894,865.0
11895,730.0
11896,999.0
11897,865.0
11898,730.0
11899,506.0
11900,618.0
11901,618.0
11902,342.0
11903,424.0
11904,342.0
11905,110.0
11906,0.0
11907,0.0
11908,186.0
11909,264.0
11910,264.0
11911,264.0
11912,506.0
11913,506.0
11914,342.0
11915,424.0
11916,342.0
11917,264.0
11918,342.0
11919,264.0
11920,186.0
11921,110.0
11922,186.0
11923,0.0
11924,0.0
11925,0.0
11926,0.0
11927,0.0
11928,0.0
11929,0.0
11930,0.0
11931,0.0
11932,0.0
11933,0.0
11934,0.0
11935,0.0
11936,0.0
11937,0.0
11938,186.0
11939,186.0
11940,264.0
11941,264.0
11942,186.0
11943,55.0
11944,186.0
11945,55.0
11946,110.0
11947,186.0
11948,110.0
11949,55.0
11950,55.0
11951,264.0
11952,342.0
11953,342.0
11954,424.0
11955,342.0
11956,110.0
11957,186.0
11958,186.0
11959,110.0
11960,110.0
11961,186.0
11962,55.0
11963,186.0
11964,342.0
11965,342.0
11966,342.0
11967,264.0
11968,342.0
11969,342.0
11970,186.0
11971,55.0
11972,0.0
11973,0.0
11974,0.0
11975,110.0
11976,264.0
11977,186.0
11978,186.0
11979,264.0
11980,186.0
11981,110.0
11982,110.0
11983,110.0
11984,264.0
11985,264.0
11986,186.0
11987,264.0
11988,186.0
11989,264.0
11990,342.0
11991,424.0
11992,424.0
11993,506.0
11994,424.0
11995,424.0
11996,618.0
11997,342.0
11998,342.0
11999,618.0
12000,618.0
12001,618.0
12002,730.0
12003,730.0
12004,999.0
12005,730.0
12006,865.0
12007,999.0
12008,730.0
12009,506.0
12010,730.0
12011,506.0
12012,618.0
12013,506.0
12014,730.0
12015,1195.0
12016,865.0
12017,730.0
12018,865.0
12019,730.0
12020,618.0
12021,506.0
12022,865.0
12023,730.0
12024,865.0
12025,1195.0
12026,865.0
12027,730.0
12028,506.0
12029,342.0
12030,342.0
12031,342.0
12032,264.0
12033,55.0
12034,186.0
12035,264.0
12036,342.0
12037,506.0
12038,506.0
12039,865.0
12040,999.0
12041,865.0
12042,730.0
12043,865.0
12044,865.0
12045,865.0
12046,865.0
12047,865.0
12048,999.0
12049,865.0
12050,1195.0
12051,999.0
12052,999.0
12053,999.0
12054,1195.0
12055,1195.0
12056,1195.0
12057,1724.0
12058,1558.0
12059,1391.0
12060,1558.0
12061,999.0
12062,1724.0
12063,1724.0
12064,1724.0
12065,1909.0
12066,1960.0
12067,1828.0
12068,1724.0
12069,1391.0
12070,1195.0
12071,1195.0
12072,999.0
12073,1195.0
12074,1195.0
12075,1195.0
12076,1391.0
12077,999.0
12078,999.0
12079,865.0
12080,999.0
12081,1391.0
12082,1558.0
12083,1558.0
12084,1558.0
12085,1724.0
12086,1724.0
12087,1828.0
12088,1828.0
12089,1828.0
12090,1558.0
12091,1558.0
12092,1828.0
12093,1558.0
12094,1558.0
12095,1724.0
12096,1391.0
12097,1391.0
12098,1724.0
12099,1724.0
12100,1828.0
12101,1724.0
12102,1558.0
12103,1558.0
12104,1391.0
12105,1724.0
12106,1724.0
12107,1558.0
12108,1558.0
12109,1391.0
12110,1391.0
12111,1391.0
12112,1828.0
12113,1909.0
12114,1558.0
12115,1195.0
12116,1724.0
12117,1828.0
12118,2002.0
12119,1960.0
12120,2025.0
12121,2002.0
12122,2044.0
12123,2044.0
12124,1960.0
12125,1909.0
12126,1828.0
12127,1828.0
12128,1828.0
12129,1960.0
12130,1909.0
12131,1828.0
12132,2002.0
12133,1909.0
12134,1909.0
12135,1828.0
12136,1724.0
12137,1724.0
12138,1391.0
12139,1724.0
12140,1909.0
12141,1724.0
12142,1558.0
12143,1909.0
12144,1828.0
12145,1724.0
12146,1909.0
12147,1960.0
12148,1960.0
12149,2044.0
12150,2002.0
12151,2025.0
12152,2002.0
12153,2050.0
12154,2025.0
12155,2050.0
12156,2044.0
12157,2002.0
12158,2002.0
12159,2002.0
12160,1828.0
12161,1724.0
12162,2002.0
12163,1828.0
12164,1828.0
12165,1909.0
12166,2025.0
12167,1960.0
12168,2002.0
12169,1909.0
12170,2002.0
12171,1960.0
12172,1909.0
12173,1724.0
12174,1391.0
12175,1391.0
12176,1558.0
12177,1724.0
12178,1828.0
12179,1724.0
12180,1724.0
12181,1724.0
12182,1724.0
12183,1724.0
12184,1909.0
12185,1828.0
12186,1909.0
12187,1909.0
12188,1909.0
12189,1828.0
12190,1724.0
12191,1391.0
12192,865.0
12193,865.0
12194,618.0
12195,618.0
12196,506.0
12197,424.0
12198,342.0
12199,342.0
12200,342.0
12201,424.0
12202,424.0
12203,342.0
12204,110.0
12205,110.0
12206,186.0
12207,342.0
12208,264.0
12209,342.0
12210,424.0
12211,506.0
12212,424.0
12213,424.0
12214,424.0
12215,424.0
12216,424.0
12217,424.0
12218,424.0
12219,424.0
12220,424.0
12221,424.0
12222,264.0
12223,424.0
12224,110.0
12225,424.0
12226,186.0
12227,55.0
12228,110.0
12229,186.0
12230,186.0
12231,342.0
12232,342.0
12233,342.0
12234,186.0
12235,264.0
12236,186.0
12237,186.0
12238,110.0
12239,55.0
12240,55.0
12241,55.0
12242,186.0
12243,110.0
12244,186.0
12245,55.0
12246,55.0
12247,110.0
12248,110.0
12249,55.0
12250,0.0
12251,0.0
12252,55.0
12253,110.0
12254,0.0
12255,186.0
12256,55.0
12257,110.0
12258,55.0
12259,110.0
12260,186.0
12261,55.0
12262,55.0
12263,55.0
12264,55.0
12265,55.0
12266,55.0
12267,0.0
12268,0.0
12269,0.0
12270,0.0
12271,0.0
12272,0.0
12273,0.0
12274,0.0
12275,110.0
12276,55.0
12277,0.0
12278,110.0
12279,186.0
12280,110.0
12281,55.0
12282,0.0
12283,0.0
12284,0.0
12285,0.0
12286,0.0
12287,0.0
12288,0.0
12289,55.0
12290,55.0
12291,0.0
12292,0.0
12293,0.0
12294,0.0
12295,0.0
12296,0.0
12297,0.0
12298,0.0
12299,0.0
12300,0.0
12301,110.0
12302,186.0
12303,110.0
12304,110.0
12305,55.0
12306,110.0
12307,110.0
12308,110.0
12309,55.0
12310,55.0
12311,55.0
12312,110.0
12313,264.0
12314,264.0
12315,342.0
12316,264.0
12317,186.0
12318,186.0
12319,186.0
12320,264.0
12321,342.0
12322,424.0
12323,424.0
12324,424.0
12325,424.0
12326,342.0
12327,342.0
12328,342.0
12329,342.0
12330,342.0
12331,186.0
12332,110.0
12333,110.0
12334,0.0
12335,0.0
12336,0.0
12337,0.0
12338,0.0
12339,186.0
12340,110.0
12341,186.0
12342,55.0
12343,0.0
12344,0.0
12345,0.0
12346,0.0
12347,0.0
12348,0.0
12349,0.0
12350,0.0
12351,0.0
12352,0.0
12353,0.0
12354,0.0
12355,0.0
12356,0.0
12357,0.0
12358,55.0
12359,55.0
12360,0.0
12361,0.0
12362,0.0
12363,0.0
12364,0.0
12365,0.0
12366,55.0
12367,110.0
12368,55.0
12369,55.0
12370,55.0
12371,55.0
12372,55.0
12373,55.0
12374,110.0
12375,110.0
12376,110.0
12377,55.0
12378,55.0
12379,110.0
12380,110.0
12381,55.0
12382,110.0
12383,110.0
12384,186.0
12385,342.0
12386,424.0
12387,342.0
12388,342.0
12389,186.0
12390,186.0
12391,186.0
12392,186.0
12393,186.0
12394,110.0
12395,110.0
12396,110.0
12397,186.0
12398,264.0
12399,264.0
12400,186.0
12401,110.0
12402,110.0
12403,110.0
12404,55.0
12405,55.0
12406,55.0
12407,55.0
12408,55.0
12409,186.0
12410,186.0
12411,186.0
12412,186.0
12413,264.0
12414,186.0
12415,264.0
12416,110.0
12417,110.0
12418,0.0
12419,0.0
12420,110.0
12421,0.0
12422,0.0
12423,186.0
12424,110.0
12425,186.0
12426,186.0
12427,186.0
12428,186.0
12429,264.0
12430,264.0
12431,264.0
12432,264.0
12433,186.0
12434,110.0
12435,110.0
12436,186.0
12437,264.0
12438,186.0
12439,110.0
12440,264.0
12441,264.0
12442,342.0
12443,264.0
12444,264.0
12445,110.0
12446,110.0
12447,186.0
12448,342.0
12449,264.0
12450,110.0
12451,0.0
12452,55.0
12453,186.0
12454,264.0
12455,264.0
12456,186.0
12457,186.0
12458,186.0
12459,186.0
12460,186.0
12461,186.0
12462,264.0
12463,264.0
12464,342.0
12465,424.0
12466,424.0
12467,342.0
12468,342.0
12469,342.0
12470,342.0
12471,264.0
12472,264.0
12473,264.0
12474,342.0
12475,264.0
12476,264.0
12477,342.0
12478,342.0
12479,342.0
12480,342.0
12481,424.0
12482,424.0
12483,342.0
12484,342.0
12485,424.0
12486,618.0
12487,618.0
12488,618.0
12489,506.0
12490,618.0
12491,424.0
12492,342.0
12493,424.0
12494,424.0
12495,424.0
12496,424.0
12497,424.0
12498,424.0
12499,342.0
12500,342.0
12501,424.0
12502,424.0
12503,424.0
12504,264.0
12505,186.0
12506,264.0
12507,186.0
12508,186.0
12509,186.0
12510,110.0
12511,110.0
12512,110.0
12513,110.0
12514,186.0
12515,186.0
12516,264.0
12517,264.0
12518,186.0
12519,186.0
12520,186.0
12521,110.0
12522,186.0
12523,186.0
12524,186.0
12525,186.0
12526,342.0
12527,342.0
12528,264.0
12529,264.0
12530,264.0
12531,264.0
12532,186.0
12533,186.0
12534,186.0
12535,55.0
12536,110.0
12537,186.0
12538,186.0
12539,186.0
12540,264.0
12541,186.0
12542,110.0
12543,186.0
12544,186.0
12545,55.0
12546,0.0
12547,0.0
12548,0.0
12549,0.0
12550,0.0
12551,0.0
12552,0.0
12553,0.0
12554,0.0
12555,0.0
12556,55.0
12557,110.0
12558,264.0
12559,186.0
12560,186.0
12561,55.0
12562,186.0
12563,186.0
12564,186.0
12565,264.0
12566,186.0
12567,186.0
12568,186.0
12569,110.0
12570,0.0
12571,186.0
12572,424.0
12573,342.0
12574,342.0
12575,264.0
12576,264.0
12577,264.0
12578,342.0
12579,186.0
12580,110.0
12581,110.0
12582,264.0
12583,264.0
12584,264.0
12585,342.0
12586,264.0
12587,424.0
12588,424.0
12589,424.0
12590,342.0
12591,424.0
12592,342.0
12593,264.0
12594,186.0
12595,186.0
12596,264.0
12597,342.0
12598,264.0
12599,264.0
12600,342.0
12601,424.0
12602,424.0
12603,424.0
12604,424.0
12605,424.0
12606,342.0
12607,424.0
12608,506.0
12609,506.0
12610,506.0
12611,424.0
12612,618.0
12613,618.0
12614,506.0
12615,618.0
12616,506.0
12617,506.0
12618,506.0
12619,618.0
12620,618.0
12621,618.0
12622,506.0
12623,506.0
12624,506.0
12625,506.0
12626,506.0
12627,424.0
12628,424.0
12629,424.0
12630,342.0
12631,342.0
12632,264.0
12633,342.0
12634,342.0
12635,342.0
12636,264.0
12637,264.0
12638,264.0
12639,264.0
12640,264.0
12641,264.0
12642,264.0
12643,186.0
12644,186.0
12645,186.0
12646,264.0
12647,264.0
12648,264.0
12649,264.0
12650,264.0
12651,264.0
12652,264.0
12653,264.0
12654,264.0
12655,264.0
12656,264.0
12657,264.0
12658,264.0
12659,186.0
12660,264.0
12661,264.0
12662,186.0
12663,264.0
12664,264.0
12665,342.0
12666,264.0
12667,264.0
12668,264.0
12669,264.0
12670,264.0
12671,186.0
12672,186.0
12673,186.0
12674,186.0
12675,186.0
12676,110.0
12677,55.0
12678,0.0
12679,0.0
12680,0.0
12681,0.0
12682,0.0
12683,0.0
12684,0.0
12685,0.0
12686,0.0
12687,0.0
12688,110.0
12689,110.0
12690,110.0
12691,110.0
12692,186.0
12693,264.0
12694,186.0
12695,264.0
12696,186.0
12697,186.0
12698,0.0
12699,110.0
12700,186.0
12701,186.0
12702,186.0
12703,186.0
12704,186.0
12705,110.0
12706,110.0
12707,186.0
12708,0.0
12709,186.0
12710,110.0
12711,55.0
12712,186.0
12713,0.0
12714,264.0
12715,0.0
12716,55.0
12717,55.0
12718,55.0
12719,0.0
12720,0.0
12721,55.0
12722,0.0
12723,0.0
12724,55.0
12725,0.0
12726,0.0
12727,0.0
12728,0.0
12729,0.0
12730,0.0
12731,0.0
12732,0.0
12733,0.0
12734,0.0
12735,0.0
12736,0.0
12737,0.0
12738,0.0
12739,0.0
12740,0.0
12741,0.0
12742,0.0
12743,0.0
12744,0.0
12745,0.0
12746,0.0
12747,0.0
12748,0.0
12749,0.0
12750,0.0
12751,0.0
12752,0.0
12753,55.0
12754,110.0
12755,55.0
12756,0.0
12757,0.0
12758,0.0
12759,0.0
12760,0.0
12761,0.0
12762,0.0
12763,110.0
12764,110.0
12765,110.0
12766,110.0
12767,110.0
12768,55.0
12769,55.0
12770,55.0
12771,110.0
12772,186.0
12773,186.0
12774,186.0
12775,110.0
12776,110.0
12777,110.0
12778,110.0
12779,110.0
12780,186.0
12781,110.0
12782,110.0
12783,186.0
12784,186.0
12785,110.0
12786,186.0
12787,110.0
12788,110.0
12789,110.0
12790,110.0
12791,186.0
12792,110.0
12793,186.0
12794,110.0
12795,110.0
12796,110.0
12797,55.0
12798,55.0
12799,0.0
12800,0.0
12801,55.0
12802,186.0
12803,264.0
12804,342.0
12805,342.0
12806,342.0
12807,342.0
12808,342.0
12809,264.0
12810,186.0
12811,264.0
12812,264.0
12813,186.0
12814,186.0
12815,264.0
12816,186.0
12817,264.0
12818,186.0
12819,264.0
12820,186.0
12821,110.0
12822,110.0
12823,110.0
12824,0.0
12825,0.0
12826,0.0
12827,55.0
12828,110.0
12829,264.0
12830,110.0
12831,186.0
12832,55.0
12833,55.0
12834,110.0
12835,55.0
12836,186.0
12837,186.0
12838,186.0
12839,264.0
12840,424.0
12841,342.0
12842,264.0
12843,186.0
12844,264.0
12845,264.0
12846,264.0
12847,186.0
12848,186.0
12849,0.0
12850,110.0
12851,110.0
12852,186.0
12853,55.0
12854,110.0
12855,0.0
12856,55.0
12857,0.0
12858,0.0
12859,0.0
12860,0.0
12861,0.0
12862,0.0
12863,0.0
12864,0.0
12865,0.0
12866,0.0
12867,110.0
12868,186.0
12869,55.0
12870,55.0
12871,0.0
12872,55.0
12873,110.0
12874,110.0
12875,55.0
12876,186.0
12877,110.0
12878,55.0
12879,55.0
12880,55.0
12881,55.0
12882,55.0
12883,0.0
12884,0.0
12885,0.0
12886,55.0
12887,110.0
12888,110.0
12889,264.0
12890,264.0
12891,264.0
12892,264.0
12893,342.0
12894,342.0
12895,264.0
12896,264.0
12897,264.0
12898,264.0
12899,264.0
12900,264.0
12901,186.0
12902,342.0
12903,264.0
12904,264.0
12905,264.0
12906,264.0
12907,186.0
12908,264.0
12909,264.0
12910,342.0
12911,342.0
12912,342.0
12913,424.0
12914,424.0
12915,424.0
12916,506.0
12917,618.0
12918,730.0
12919,999.0
12920,1195.0
12921,999.0
12922,999.0
12923,999.0
12924,865.0
12925,999.0
12926,730.0
12927,618.0
12928,865.0
12929,999.0
12930,865.0
12931,730.0
12932,506.0
12933,506.0
12934,506.0
12935,506.0
12936,506.0
12937,506.0
12938,424.0
12939,264.0
12940,424.0
12941,424.0
12942,618.0
12943,506.0
12944,618.0
12945,999.0
12946,730.0
12947,999.0
12948,730.0
12949,865.0
12950,999.0
12951,1391.0
12952,1391.0
12953,999.0
12954,1391.0
12955,999.0
12956,999.0
12957,730.0
12958,618.0
12959,506.0
12960,618.0
12961,342.0
12962,424.0
12963,424.0
12964,506.0
12965,424.0
12966,424.0
12967,506.0
12968,424.0
12969,618.0
12970,506.0
12971,506.0
12972,506.0
12973,506.0
12974,506.0
12975,618.0
12976,424.0
12977,342.0
12978,424.0
12979,342.0
12980,342.0
12981,424.0
12982,424.0
12983,342.0
12984,506.0
12985,506.0
12986,424.0
12987,506.0
12988,424.0
12989,506.0
12990,186.0
12991,264.0
12992,424.0
12993,264.0
12994,264.0
12995,342.0
12996,342.0
12997,424.0
12998,342.0
12999,186.0
13000,342.0
13001,342.0
13002,264.0
13003,264.0
13004,342.0
13005,424.0
13006,342.0
13007,424.0
13008,424.0
13009,264.0
13010,424.0
13011,506.0
13012,424.0
13013,342.0
13014,506.0
13015,506.0
13016,618.0
13017,730.0
13018,342.0
13019,342.0
13020,264.0
13021,264.0
13022,110.0
13023,110.0
13024,0.0
13025,0.0
13026,55.0
13027,110.0
13028,186.0
13029,264.0
13030,264.0
13031,110.0
13032,110.0
13033,110.0
13034,110.0
13035,186.0
13036,264.0
13037,186.0
13038,186.0
13039,186.0
13040,110.0
13041,186.0
13042,264.0
13043,186.0
13044,186.0
13045,186.0
13046,264.0
13047,342.0
13048,342.0
13049,342.0
13050,342.0
13051,424.0
13052,424.0
13053,342.0
13054,264.0
13055,342.0
13056,264.0
13057,110.0
13058,0.0
13059,110.0
13060,0.0
13061,0.0
13062,0.0
13063,0.0
13064,186.0
13065,110.0
13066,0.0
13067,0.0
13068,55.0
13069,0.0
13070,0.0
13071,0.0
13072,0.0
13073,0.0
13074,0.0
13075,0.0
13076,55.0
13077,55.0
13078,0.0
13079,0.0
13080,0.0
13081,0.0
13082,0.0
13083,0.0
13084,0.0
13085,0.0
13086,0.0
13087,0.0
13088,0.0
13089,0.0
13090,0.0
13091,0.0
13092,0.0
13093,0.0
13094,0.0
13095,0.0
13096,0.0
13097,0.0
13098,0.0
13099,0.0
13100,0.0
13101,0.0
13102,0.0
13103,0.0
13104,0.0
13105,0.0
13106,0.0
13107,55.0
13108,264.0
13109,424.0
13110,186.0
13111,55.0
13112,0.0
13113,0.0
13114,55.0
13115,0.0
13116,0.0
13117,55.0
13118,110.0
13119,186.0
13120,342.0
13121,186.0
13122,264.0
13123,186.0
13124,186.0
13125,186.0
13126,264.0
13127,342.0
13128,424.0
13129,618.0
13130,618.0
13131,424.0
13132,186.0
13133,55.0
13134,264.0
13135,264.0
13136,110.0
13137,110.0
13138,110.0
13139,110.0
13140,55.0
13141,0.0
13142,0.0
13143,0.0
13144,0.0
13145,0.0
13146,0.0
13147,0.0
13148,0.0
13149,0.0
13150,55.0
13151,55.0
13152,55.0
13153,186.0
13154,186.0
13155,110.0
13156,110.0
13157,110.0
13158,110.0
13159,0.0
13160,0.0
13161,0.0
13162,0.0
13163,0.0
13164,0.0
13165,0.0
13166,0.0
13167,0.0
13168,0.0
13169,0.0
13170,0.0
13171,0.0
13172,0.0
13173,0.0
13174,0.0
13175,0.0
13176,0.0
13177,0.0
13178,0.0
13179,0.0
13180,0.0
13181,0.0
13182,0.0
13183,0.0
13184,0.0
13185,0.0
13186,0.0
13187,0.0
13188,0.0
13189,0.0
13190,0.0
13191,55.0
13192,110.0
13193,110.0
13194,110.0
13195,55.0
13196,55.0
13197,55.0
13198,110.0
13199,110.0
13200,186.0
13201,110.0
13202,55.0
13203,0.0
13204,55.0
13205,55.0
13206,55.0
13207,0.0
13208,0.0
13209,0.0
13210,0.0
13211,0.0
13212,0.0
13213,0.0
13214,0.0
13215,0.0
13216,0.0
13217,0.0
13218,0.0
13219,0.0
13220,0.0
13221,0.0
13222,0.0
13223,0.0
13224,0.0
13225,0.0
13226,110.0
13227,110.0
13228,55.0
13229,0.0
13230,0.0
13231,0.0
13232,0.0
13233,0.0
13234,0.0
13235,0.0
13236,0.0
13237,0.0
13238,0.0
13239,0.0
13240,0.0
13241,0.0
13242,0.0
13243,0.0
13244,0.0
13245,0.0
13246,0.0
13247,0.0
13248,0.0
13249,0.0
13250,55.0
13251,110.0
13252,186.0
13253,186.0
13254,55.0
13255,55.0
13256,0.0
13257,0.0
13258,0.0
13259,0.0
13260,0.0
13261,0.0
13262,0.0
13263,0.0
13264,0.0
13265,0.0
13266,0.0
13267,0.0
13268,0.0
13269,55.0
13270,186.0
13271,55.0
13272,55.0
13273,55.0
13274,110.0
13275,55.0
13276,0.0
13277,0.0
13278,55.0
13279,55.0
13280,110.0
13281,110.0
13282,186.0
13283,110.0
13284,110.0
13285,264.0
13286,186.0
13287,264.0
13288,264.0
13289,264.0
13290,264.0
13291,342.0
13292,264.0
13293,264.0
13294,342.0
13295,342.0
13296,264.0
13297,264.0
13298,342.0
13299,424.0
13300,342.0
13301,186.0
13302,342.0
13303,424.0
13304,342.0
13305,342.0
13306,264.0
13307,342.0
13308,424.0
13309,342.0
13310,264.0
13311,264.0
13312,264.0
13313,186.0
13314,264.0
13315,342.0
13316,264.0
13317,264.0
13318,342.0
13319,342.0
13320,110.0
13321,110.0
13322,264.0
13323,342.0
13324,424.0
13325,424.0
13326,342.0
13327,342.0
13328,342.0
13329,506.0
13330,618.0
13331,618.0
13332,618.0
13333,618.0
13334,618.0
13335,730.0
13336,730.0
13337,618.0
13338,730.0
13339,618.0
13340,506.0
13341,506.0
13342,506.0
13343,506.0
13344,506.0
13345,506.0
13346,618.0
13347,618.0
13348,506.0
13349,618.0
13350,506.0
13351,506.0
13352,424.0
13353,618.0
13354,506.0
13355,618.0
13356,618.0
13357,506.0
13358,618.0
13359,618.0
13360,506.0
13361,506.0
13362,424.0
13363,506.0
13364,424.0
13365,424.0
13366,424.0
13367,342.0
13368,342.0
13369,342.0
13370,342.0
13371,264.0
13372,342.0
13373,342.0
13374,342.0
13375,342.0
13376,342.0
13377,424.0
13378,424.0
13379,342.0
13380,264.0
13381,264.0
13382,264.0
13383,342.0
13384,342.0
13385,342.0
13386,264.0
13387,264.0
13388,264.0
13389,264.0
13390,264.0
13391,264.0
13392,264.0
13393,342.0
13394,264.0
13395,264.0
13396,186.0
13397,110.0
13398,110.0
13399,55.0
13400,110.0
13401,110.0
13402,186.0
13403,110.0
13404,110.0
13405,186.0
13406,110.0
13407,110.0
13408,110.0
13409,110.0
13410,110.0
13411,110.0
13412,55.0
13413,55.0
13414,110.0
13415,110.0
13416,110.0
13417,186.0
13418,110.0
13419,110.0
13420,186.0
13421,110.0
13422,186.0
13423,110.0
13424,186.0
13425,110.0
13426,110.0
13427,55.0
13428,110.0
13429,264.0
13430,110.0
13431,110.0
13432,186.0
13433,264.0
13434,264.0
13435,110.0
13436,55.0
13437,0.0
13438,264.0
13439,186.0
13440,110.0
13441,110.0
13442,55.0
13443,186.0
13444,424.0
13445,342.0
13446,186.0
13447,110.0
13448,55.0
13449,264.0
13450,264.0
13451,110.0
13452,110.0
13453,186.0
13454,186.0
13455,186.0
13456,186.0
13457,264.0
13458,186.0
13459,186.0
13460,110.0
13461,110.0
13462,110.0
13463,186.0
13464,264.0
13465,264.0
13466,342.0
13467,264.0
13468,264.0
13469,264.0
13470,264.0
13471,342.0
13472,342.0
13473,264.0
13474,264.0
13475,264.0
13476,264.0
13477,186.0
13478,186.0
13479,506.0
13480,865.0
13481,1391.0
13482,999.0
13483,999.0
13484,865.0
13485,865.0
13486,999.0
13487,865.0
13488,865.0
13489,730.0
13490,618.0
13491,618.0
13492,506.0
13493,424.0
13494,424.0
13495,424.0
13496,424.0
13497,342.0
13498,342.0
13499,264.0
13500,186.0
13501,110.0
13502,110.0
13503,110.0
13504,110.0
13505,186.0
13506,186.0
13507,186.0
13508,264.0
13509,342.0
13510,342.0
13511,342.0
13512,424.0
13513,342.0
13514,264.0
13515,264.0
13516,186.0
13517,264.0
13518,264.0
13519,186.0
13520,264.0
13521,264.0
13522,264.0
13523,264.0
13524,342.0
13525,264.0
13526,186.0
13527,186.0
13528,186.0
13529,110.0
13530,186.0
13531,186.0
13532,55.0
13533,55.0
13534,55.0
13535,110.0
13536,110.0
13537,186.0
13538,186.0
13539,186.0
13540,0.0
13541,0.0
13542,0.0
13543,0.0
13544,0.0
13545,55.0
13546,186.0
13547,264.0
13548,342.0
13549,186.0
13550,342.0
13551,264.0
13552,264.0
13553,264.0
13554,342.0
13555,342.0
13556,342.0
13557,424.0
13558,342.0
13559,186.0
13560,55.0
13561,186.0
13562,342.0
13563,424.0
13564,264.0
13565,186.0
13566,186.0
13567,110.0
13568,264.0
13569,342.0
13570,342.0
13571,342.0
13572,264.0
13573,264.0
13574,186.0
13575,264.0
13576,264.0
13577,264.0
13578,186.0
13579,264.0
13580,264.0
13581,342.0
13582,342.0
13583,342.0
13584,424.0
13585,342.0
13586,264.0
13587,186.0
13588,55.0
13589,55.0
13590,186.0
13591,186.0
13592,55.0
13593,186.0
13594,342.0
13595,264.0
13596,110.0
13597,55.0
13598,55.0
13599,0.0
13600,0.0
13601,0.0
13602,0.0
13603,0.0
13604,186.0
13605,110.0
13606,186.0
13607,264.0
13608,264.0
13609,186.0
13610,186.0
13611,186.0
13612,264.0
13613,342.0
13614,342.0
13615,264.0
13616,186.0
13617,264.0
13618,110.0
13619,186.0
13620,110.0
13621,110.0
13622,110.0
13623,186.0
13624,186.0
13625,342.0
13626,424.0
13627,506.0
13628,506.0
13629,506.0
13630,506.0
13631,506.0
13632,506.0
13633,506.0
13634,506.0
13635,506.0
13636,506.0
13637,424.0
13638,424.0
13639,424.0
13640,424.0
13641,424.0
13642,424.0
13643,424.0
13644,424.0
13645,342.0
13646,264.0
13647,342.0
13648,424.0
13649,424.0
13650,424.0
13651,424.0
13652,424.0
13653,424.0
13654,506.0
13655,506.0
13656,424.0
13657,424.0
13658,506.0
13659,424.0
13660,424.0
13661,424.0
13662,342.0
13663,342.0
13664,424.0
13665,342.0
13666,264.0
13667,342.0
13668,342.0
13669,342.0
13670,342.0
13671,342.0
13672,342.0
13673,424.0
13674,424.0
13675,424.0
13676,424.0
13677,424.0
13678,506.0
13679,506.0
13680,506.0
13681,424.0
13682,424.0
13683,424.0
13684,264.0
13685,264.0
13686,342.0
13687,264.0
13688,264.0
13689,342.0
13690,264.0
13691,186.0
13692,186.0
13693,110.0
13694,110.0
13695,0.0
13696,110.0
13697,264.0
13698,186.0
13699,264.0
13700,186.0
13701,186.0
13702,264.0
13703,186.0
13704,264.0
13705,186.0
13706,264.0
13707,186.0
13708,186.0
13709,186.0
13710,110.0
13711,186.0
13712,264.0
13713,186.0
13714,342.0
13715,264.0
13716,264.0
13717,342.0
13718,342.0
13719,506.0
13720,186.0
13721,264.0
13722,264.0
13723,264.0
13724,264.0
13725,342.0
13726,186.0
13727,186.0
13728,342.0
13729,424.0
13730,342.0
13731,264.0
13732,264.0
13733,342.0
13734,342.0
13735,342.0
13736,424.0
13737,342.0
13738,342.0
13739,424.0
13740,424.0
13741,342.0
13742,342.0
13743,424.0
13744,506.0
13745,342.0
13746,506.0
13747,342.0
13748,342.0
13749,342.0
13750,342.0
13751,264.0
13752,186.0
13753,186.0
13754,264.0
13755,424.0
13756,342.0
13757,342.0
13758,424.0
13759,342.0
13760,342.0
13761,342.0
13762,342.0
13763,342.0
13764,342.0
13765,342.0
13766,342.0
13767,342.0
13768,342.0
13769,424.0
13770,424.0
13771,424.0
13772,424.0
13773,342.0
13774,264.0
13775,424.0
13776,424.0
13777,186.0
13778,186.0
13779,264.0
13780,264.0
13781,264.0
13782,342.0
13783,424.0
13784,424.0
13785,424.0
13786,424.0
13787,506.0
13788,618.0
13789,618.0
13790,424.0
13791,424.0
13792,506.0
13793,506.0
13794,506.0
13795,424.0
13796,342.0
13797,342.0
13798,342.0
13799,424.0
13800,618.0
13801,618.0
13802,506.0
13803,618.0
13804,618.0
13805,618.0
13806,730.0
13807,730.0
13808,506.0
13809,618.0
13810,506.0
13811,424.0
13812,342.0
13813,264.0
13814,342.0
13815,342.0
13816,342.0
13817,342.0
13818,424.0
13819,424.0
13820,342.0
13821,264.0
13822,264.0
13823,342.0
13824,424.0
13825,342.0
13826,506.0
13827,618.0
13828,730.0
13829,506.0
13830,506.0
13831,424.0
13832,424.0
13833,424.0
13834,424.0
13835,342.0
13836,424.0
13837,342.0
13838,424.0
13839,506.0
13840,424.0
13841,424.0
13842,342.0
13843,264.0
13844,342.0
13845,424.0
13846,424.0
13847,424.0
13848,506.0
13849,424.0
13850,506.0
13851,342.0
13852,506.0
13853,264.0
13854,264.0
13855,264.0
13856,424.0
13857,264.0
13858,342.0
13859,342.0
13860,342.0
13861,424.0
13862,424.0
13863,424.0
13864,424.0
13865,618.0
13866,506.0
13867,506.0
13868,424.0
13869,506.0
13870,506.0
13871,342.0
13872,506.0
13873,342.0
13874,424.0
13875,342.0
13876,264.0
13877,424.0
13878,342.0
13879,424.0
13880,342.0
13881,342.0
13882,342.0
13883,264.0
13884,342.0
13885,342.0
13886,342.0
13887,342.0
13888,342.0
13889,342.0
13890,264.0
13891,264.0
13892,264.0
13893,264.0
13894,186.0
13895,186.0
13896,264.0
13897,264.0
13898,264.0
13899,264.0
13900,264.0
13901,264.0
13902,264.0
13903,342.0
13904,424.0
13905,424.0
13906,424.0
13907,424.0
13908,342.0
13909,424.0
13910,424.0
13911,342.0
13912,342.0
13913,342.0
13914,342.0
13915,342.0
13916,342.0
13917,342.0
13918,342.0
13919,342.0
13920,424.0
13921,424.0
13922,424.0
13923,424.0
13924,424.0
13925,424.0
13926,424.0
13927,424.0
13928,342.0
13929,342.0
13930,342.0
13931,342.0
13932,424.0
13933,342.0
13934,342.0
13935,342.0
13936,342.0
13937,342.0
13938,424.0
13939,342.0
13940,342.0
13941,264.0
13942,264.0
13943,342.0
13944,342.0
13945,264.0
13946,264.0
13947,264.0
13948,264.0
13949,264.0
13950,342.0
13951,342.0
13952,342.0
13953,264.0
13954,264.0
13955,264.0
13956,264.0
13957,186.0
13958,186.0
13959,186.0
13960,110.0
13961,110.0
13962,110.0
13963,110.0
13964,55.0
13965,55.0
13966,55.0
13967,0.0
13968,0.0
13969,0.0
13970,0.0
13971,0.0
13972,0.0
13973,0.0
13974,0.0
13975,0.0
13976,0.0
13977,0.0
13978,0.0
13979,55.0
13980,0.0
13981,0.0
13982,0.0
13983,0.0
13984,0.0
13985,0.0
13986,0.0
13987,0.0
13988,0.0
13989,0.0
13990,0.0
13991,0.0
13992,0.0
13993,0.0
13994,0.0
13995,0.0
13996,0.0
13997,0.0
13998,0.0
13999,0.0
14000,0.0
14001,0.0
14002,0.0
14003,0.0
14004,110.0
14005,55.0
14006,55.0
14007,0.0
14008,110.0
14009,186.0
14010,110.0
14011,55.0
14012,0.0
14013,0.0
14014,55.0
14015,0.0
14016,0.0
14017,110.0
14018,0.0
14019,55.0
14020,110.0
14021,186.0
14022,110.0
14023,110.0
14024,110.0
14025,110.0
14026,110.0
14027,110.0
14028,55.0
14029,0.0
14030,110.0
14031,0.0
14032,0.0
14033,0.0
14034,0.0
14035,55.0
14036,110.0
14037,186.0
14038,264.0
14039,264.0
14040,342.0
14041,342.0
14042,264.0
14043,424.0
14044,342.0
14045,424.0
14046,342.0
14047,342.0
14048,342.0
14049,264.0
14050,186.0
14051,264.0
14052,264.0
14053,264.0
14054,342.0
14055,342.0
14056,506.0
14057,424.0
14058,424.0
14059,342.0
14060,342.0
14061,264.0
14062,186.0
14063,186.0
14064,186.0
14065,110.0
14066,110.0
14067,55.0
14068,110.0
14069,0.0
14070,0.0
14071,0.0
14072,0.0
14073,0.0
14074,55.0
14075,0.0
14076,0.0
14077,0.0
14078,0.0
14079,0.0
14080,0.0
14081,55.0
14082,0.0
14083,0.0
14084,0.0
14085,0.0
14086,0.0
14087,0.0
14088,0.0
14089,0.0
14090,55.0
14091,0.0
14092,0.0
14093,0.0
14094,0.0
14095,0.0
14096,0.0
14097,0.0
14098,110.0
14099,110.0
14100,55.0
14101,55.0
14102,55.0
14103,0.0
14104,0.0
14105,0.0
14106,0.0
14107,0.0
14108,0.0
14109,0.0
14110,0.0
14111,0.0
14112,0.0
14113,0.0
14114,0.0
14115,0.0
14116,0.0
14117,0.0
14118,0.0
14119,0.0
14120,0.0
14121,0.0
14122,0.0
14123,0.0
14124,0.0
14125,0.0
14126,0.0
14127,0.0
14128,0.0
14129,0.0
14130,0.0
14131,0.0
14132,0.0
14133,0.0
14134,0.0
14135,0.0
14136,0.0
14137,0.0
14138,0.0
14139,0.0
14140,0.0
14141,0.0
14142,0.0
14143,0.0
14144,0.0
14145,0.0
14146,0.0
14147,0.0
14148,0.0
14149,0.0
14150,0.0
14151,0.0
14152,0.0
14153,0.0
14154,0.0
14155,0.0
14156,0.0
14157,0.0
14158,0.0
14159,0.0
14160,0.0
14161,0.0
14162,0.0
14163,0.0
14164,0.0
14165,0.0
14166,0.0
14167,0.0
14168,0.0
14169,0.0
14170,0.0
14171,0.0
14172,0.0
14173,0.0
14174,0.0
14175,0.0
14176,0.0
14177,0.0
14178,0.0
14179,0.0
14180,0.0
14181,0.0
14182,0.0
14183,0.0
14184,0.0
14185,55.0
14186,110.0
14187,110.0
14188,55.0
14189,55.0
14190,55.0
14191,110.0
14192,110.0
14193,110.0
14194,55.0
14195,55.0
14196,110.0
14197,186.0
14198,55.0
14199,55.0
14200,55.0
14201,55.0
14202,55.0
14203,55.0
14204,55.0
14205,55.0
14206,110.0
14207,55.0
14208,0.0
14209,110.0
14210,55.0
14211,55.0
14212,110.0
14213,55.0
14214,55.0
14215,110.0
14216,110.0
14217,186.0
14218,264.0
14219,342.0
14220,342.0
14221,342.0
14222,342.0
14223,342.0
14224,342.0
14225,342.0
14226,264.0
14227,264.0
14228,264.0
14229,264.0
14230,186.0
14231,186.0
14232,186.0
14233,186.0
14234,110.0
14235,110.0
14236,110.0
14237,110.0
14238,110.0
14239,110.0
14240,0.0
14241,55.0
14242,55.0
14243,110.0
14244,55.0
14245,0.0
14246,0.0
14247,0.0
14248,55.0
14249,55.0
14250,55.0
14251,55.0
14252,55.0
14253,0.0
14254,55.0
14255,55.0
14256,110.0
14257,55.0
14258,0.0
14259,55.0
14260,0.0
14261,0.0
14262,0.0
14263,0.0
14264,0.0
14265,0.0
14266,0.0
14267,0.0
14268,0.0
14269,0.0
14270,0.0
14271,0.0
14272,0.0
14273,0.0
14274,0.0
14275,0.0
14276,0.0
14277,0.0
14278,0.0
14279,0.0
14280,0.0
14281,0.0
14282,0.0
14283,0.0
14284,0.0
14285,0.0
14286,0.0
14287,0.0
14288,0.0
14289,0.0
14290,0.0
14291,0.0
14292,0.0
14293,0.0
14294,0.0
14295,0.0
14296,0.0
14297,0.0
14298,110.0
14299,0.0
14300,186.0
14301,110.0
14302,186.0
14303,0.0
14304,0.0
14305,110.0
14306,186.0
14307,110.0
14308,186.0
14309,110.0
14310,110.0
14311,110.0
14312,0.0
14313,0.0
14314,0.0
14315,0.0
14316,0.0
14317,0.0
14318,0.0
14319,0.0
14320,0.0
14321,55.0
14322,55.0
14323,0.0
14324,55.0
14325,55.0
14326,55.0
14327,110.0
14328,186.0
14329,186.0
14330,186.0
14331,186.0
14332,186.0
14333,264.0
14334,186.0
14335,264.0
14336,342.0
14337,342.0
14338,264.0
14339,342.0
14340,342.0
14341,264.0
14342,264.0
14343,342.0
14344,342.0
14345,342.0
14346,264.0
14347,342.0
14348,342.0
14349,342.0
14350,342.0
14351,264.0
14352,186.0
14353,55.0
14354,0.0
14355,0.0
14356,55.0
14357,0.0
14358,0.0
14359,0.0
14360,0.0
14361,0.0
14362,0.0
14363,55.0
14364,55.0
14365,55.0
14366,55.0
14367,110.0
14368,55.0
14369,55.0
14370,55.0
14371,55.0
14372,55.0
14373,110.0
14374,55.0
14375,55.0
14376,55.0
14377,55.0
14378,55.0
14379,110.0
14380,110.0
14381,110.0
14382,186.0
14383,186.0
14384,342.0
14385,424.0
14386,424.0
14387,424.0
14388,424.0
14389,506.0
14390,506.0
14391,506.0
14392,506.0
14393,506.0
14394,506.0
14395,506.0
14396,506.0
14397,618.0
14398,618.0
14399,618.0
14400,618.0
14401,618.0
14402,618.0
14403,506.0
14404,424.0
14405,186.0
14406,342.0
14407,110.0
14408,110.0
14409,110.0
14410,110.0
14411,186.0
14412,264.0
14413,186.0
14414,264.0
14415,186.0
14416,264.0
14417,264.0
14418,424.0
14419,342.0
14420,506.0
14421,506.0
14422,424.0
14423,506.0
14424,506.0
14425,424.0
14426,424.0
14427,506.0
14428,506.0
14429,506.0
14430,424.0
14431,424.0
14432,506.0
14433,506.0
14434,865.0
14435,999.0
14436,865.0
14437,999.0
14438,865.0
14439,865.0
14440,618.0
14441,618.0
14442,618.0
14443,730.0
14444,618.0
14445,506.0
14446,424.0
14447,618.0
14448,506.0
14449,424.0
14450,506.0
14451,618.0
14452,424.0
14453,618.0
14454,865.0
14455,618.0
14456,730.0
14457,618.0
14458,730.0
14459,999.0
14460,618.0
14461,865.0
14462,506.0
14463,424.0
14464,424.0
14465,342.0
14466,186.0
14467,264.0
14468,264.0
14469,264.0
14470,342.0
14471,342.0
14472,424.0
14473,342.0
14474,342.0
14475,342.0
14476,264.0
14477,110.0
14478,264.0
14479,186.0
14480,186.0
14481,110.0
14482,186.0
14483,264.0
14484,264.0
14485,264.0
14486,186.0
14487,55.0
14488,55.0
14489,110.0
14490,110.0
14491,186.0
14492,186.0
14493,264.0
14494,264.0
14495,342.0
14496,264.0
14497,424.0
14498,506.0
14499,506.0
14500,506.0
14501,342.0
14502,424.0
14503,506.0
14504,424.0
14505,424.0
14506,618.0
14507,506.0
14508,506.0
14509,424.0
14510,424.0
14511,342.0
14512,342.0
14513,264.0
14514,186.0
14515,110.0
14516,110.0
14517,110.0
14518,186.0
14519,186.0
14520,110.0
14521,186.0
14522,110.0
14523,110.0
14524,110.0
14525,186.0
14526,186.0
14527,110.0
14528,110.0
14529,110.0
14530,110.0
14531,110.0
14532,110.0
14533,186.0
14534,186.0
14535,186.0
14536,110.0
14537,110.0
14538,186.0
14539,186.0
14540,186.0
14541,186.0
14542,186.0
14543,186.0
14544,186.0
14545,186.0
14546,110.0
14547,186.0
14548,110.0
14549,186.0
14550,186.0
14551,110.0
14552,55.0
14553,110.0
14554,110.0
14555,110.0
14556,110.0
14557,55.0
14558,55.0
14559,110.0
14560,0.0
14561,0.0
14562,0.0
14563,0.0
14564,0.0
14565,55.0
14566,0.0
14567,110.0
14568,110.0
14569,0.0
14570,186.0
14571,55.0
14572,110.0
14573,110.0
14574,110.0
14575,0.0
14576,0.0
14577,0.0
14578,186.0
14579,55.0
14580,0.0
14581,110.0
14582,0.0
14583,0.0
14584,55.0
14585,0.0
14586,0.0
14587,0.0
14588,0.0
14589,110.0
14590,0.0
14591,110.0
14592,55.0
14593,0.0
14594,55.0
14595,0.0
14596,110.0
14597,186.0
14598,0.0
14599,0.0
14600,0.0
14601,186.0
14602,186.0
14603,186.0
14604,110.0
14605,110.0
14606,55.0
14607,110.0
14608,0.0
14609,0.0
14610,0.0
14611,55.0
14612,110.0
14613,110.0
14614,110.0
14615,186.0
14616,110.0
14617,110.0
14618,55.0
14619,55.0
14620,110.0
14621,110.0
14622,186.0
14623,55.0
14624,0.0
14625,0.0
14626,0.0
14627,0.0
14628,0.0
14629,0.0
14630,0.0
14631,0.0
14632,0.0
14633,0.0
14634,0.0
14635,0.0
14636,0.0
14637,0.0
14638,0.0
14639,0.0
14640,0.0
14641,0.0
14642,0.0
14643,0.0
14644,0.0
14645,55.0
14646,264.0
14647,186.0
14648,264.0
14649,264.0
14650,342.0
14651,342.0
14652,342.0
14653,342.0
14654,342.0
14655,342.0
14656,342.0
14657,424.0
14658,342.0
14659,264.0
14660,186.0
14661,110.0
14662,110.0
14663,0.0
14664,0.0
14665,0.0
14666,0.0
14667,0.0
14668,0.0
14669,0.0
14670,0.0
14671,0.0
14672,0.0
14673,0.0
14674,0.0
14675,0.0
14676,0.0
14677,0.0
14678,0.0
14679,0.0
14680,0.0
14681,0.0
14682,0.0
14683,0.0
14684,0.0
14685,0.0
14686,0.0
14687,0.0
14688,0.0
14689,0.0
14690,0.0
14691,0.0
14692,0.0
14693,0.0
14694,0.0
14695,0.0
14696,0.0
14697,0.0
14698,0.0
14699,0.0
14700,0.0
14701,0.0
14702,0.0
14703,110.0
14704,264.0
14705,110.0
14706,110.0
14707,264.0
14708,186.0
14709,264.0
14710,264.0
14711,264.0
14712,186.0
14713,186.0
14714,264.0
14715,186.0
14716,186.0
14717,264.0
14718,186.0
14719,342.0
14720,110.0
14721,264.0
14722,264.0
14723,264.0
14724,264.0
14725,264.0
14726,264.0
14727,342.0
14728,342.0
14729,186.0
14730,342.0
14731,342.0
14732,424.0
14733,506.0
14734,424.0
14735,264.0
14736,264.0
14737,424.0
14738,342.0
14739,618.0
14740,424.0
14741,342.0
14742,506.0
14743,506.0
14744,618.0
14745,342.0
14746,618.0
14747,342.0
14748,506.0
14749,342.0
14750,506.0
14751,424.0
14752,342.0
14753,506.0
14754,342.0
14755,424.0
14756,342.0
14757,424.0
14758,506.0
14759,424.0
14760,424.0
14761,424.0
14762,342.0
14763,424.0
14764,342.0
14765,424.0
14766,506.0
14767,424.0
14768,506.0
14769,506.0
14770,506.0
14771,618.0
14772,730.0
14773,865.0
14774,865.0
14775,730.0
14776,865.0
14777,865.0
14778,865.0
14779,730.0
14780,730.0
14781,865.0
14782,865.0
14783,424.0
14784,342.0
14785,264.0
14786,264.0
14787,264.0
14788,110.0
14789,186.0
14790,342.0
14791,506.0
14792,506.0
14793,342.0
14794,342.0
14795,264.0
14796,342.0
14797,424.0
14798,342.0
14799,264.0
14800,342.0
14801,424.0
14802,342.0
14803,342.0
14804,264.0
14805,342.0
14806,424.0
14807,424.0
14808,342.0
14809,342.0
14810,424.0
14811,506.0
14812,506.0
14813,506.0
14814,618.0
14815,618.0
14816,618.0
14817,618.0
14818,730.0
14819,618.0
14820,424.0
14821,264.0
14822,186.0
14823,110.0
14824,186.0
14825,342.0
14826,424.0
14827,506.0
14828,424.0
14829,506.0
14830,424.0
14831,506.0
14832,506.0
14833,506.0
14834,424.0
14835,506.0
14836,342.0
14837,264.0
14838,264.0
14839,186.0
14840,186.0
14841,186.0
14842,110.0
14843,110.0
14844,186.0
14845,110.0
14846,186.0
14847,186.0
14848,186.0
14849,186.0
14850,186.0
14851,110.0
14852,186.0
14853,110.0
14854,186.0
14855,186.0
14856,186.0
14857,264.0
14858,264.0
14859,264.0
14860,264.0
14861,186.0
14862,186.0
14863,110.0
14864,110.0
14865,110.0
14866,110.0
14867,110.0
14868,110.0
14869,110.0
14870,110.0
14871,186.0
14872,264.0
14873,264.0
14874,264.0
14875,264.0
14876,264.0
14877,186.0
14878,110.0
14879,342.0
14880,342.0
14881,342.0
14882,186.0
14883,342.0
14884,342.0
14885,186.0
14886,264.0
14887,186.0
14888,264.0
14889,110.0
14890,110.0
14891,55.0
14892,55.0
14893,55.0
14894,55.0
14895,110.0
14896,186.0
14897,110.0
14898,0.0
14899,0.0
14900,55.0
14901,0.0
14902,0.0
14903,55.0
14904,0.0
14905,0.0
14906,55.0
14907,110.0
14908,186.0
14909,186.0
14910,110.0
14911,110.0
14912,55.0
14913,186.0
14914,110.0
14915,55.0
14916,55.0
14917,0.0
14918,0.0
14919,0.0
14920,0.0
14921,55.0
14922,55.0
14923,55.0
14924,0.0
14925,0.0
14926,55.0
14927,0.0
14928,55.0
14929,0.0
14930,0.0
14931,0.0
14932,0.0
14933,0.0
14934,0.0
14935,0.0
14936,0.0
14937,0.0
14938,0.0
14939,0.0
14940,0.0
14941,0.0
14942,0.0
14943,0.0
14944,0.0
14945,0.0
14946,0.0
14947,0.0
14948,0.0
14949,0.0
14950,0.0
14951,0.0
14952,0.0
14953,0.0
14954,0.0
14955,0.0
14956,0.0
14957,0.0
14958,0.0
14959,0.0
14960,0.0
14961,0.0
14962,0.0
14963,0.0
14964,0.0
14965,0.0
14966,0.0
14967,0.0
14968,0.0
14969,0.0
14970,0.0
14971,0.0
14972,0.0
14973,0.0
14974,0.0
14975,0.0
14976,0.0
14977,0.0
14978,0.0
14979,0.0
14980,0.0
14981,0.0
14982,0.0
14983,0.0
14984,0.0
14985,0.0
14986,0.0
14987,0.0
14988,0.0
14989,0.0
14990,0.0
14991,0.0
14992,0.0
14993,0.0
14994,0.0
14995,0.0
14996,55.0
14997,110.0
14998,55.0
14999,110.0
15000,186.0
15001,186.0
15002,110.0
15003,186.0
15004,110.0
15005,186.0
15006,186.0
15007,186.0
15008,186.0
15009,186.0
15010,186.0
15011,110.0
15012,0.0
15013,186.0
15014,186.0
15015,110.0
15016,110.0
15017,55.0
15018,0.0
15019,186.0
15020,264.0
15021,110.0
15022,110.0
15023,186.0
15024,55.0
15025,264.0
15026,186.0
15027,110.0
15028,186.0
15029,186.0
15030,110.0
15031,342.0
15032,264.0
15033,186.0
15034,264.0
15035,186.0
15036,186.0
15037,186.0
15038,110.0
15039,55.0
15040,55.0
15041,110.0
15042,0.0
15043,110.0
15044,110.0
15045,0.0
15046,0.0
15047,55.0
15048,55.0
15049,55.0
15050,55.0
15051,110.0
15052,110.0
15053,110.0
15054,186.0
15055,186.0
15056,110.0
15057,110.0
15058,110.0
15059,110.0
15060,55.0
15061,55.0
15062,55.0
15063,55.0
15064,110.0
15065,110.0
15066,110.0
15067,110.0
15068,55.0
15069,110.0
15070,110.0
15071,110.0
15072,186.0
15073,186.0
15074,186.0
15075,186.0
15076,264.0
15077,264.0
15078,264.0
15079,110.0
15080,110.0
15081,110.0
15082,110.0
15083,110.0
15084,110.0
15085,110.0
15086,186.0
15087,186.0
15088,55.0
15089,0.0
15090,110.0
15091,55.0
15092,0.0
15093,0.0
15094,0.0
15095,0.0
15096,0.0
15097,0.0
15098,0.0
15099,0.0
15100,0.0
15101,0.0
15102,55.0
15103,110.0
15104,55.0
15105,110.0
15106,186.0
15107,110.0
15108,110.0
15109,186.0
15110,186.0
15111,264.0
15112,342.0
15113,342.0
15114,342.0
15115,424.0
15116,424.0
15117,342.0
15118,342.0
15119,342.0
15120,264.0
15121,342.0
15122,264.0
15123,264.0
15124,264.0
15125,342.0
15126,424.0
15127,342.0
15128,264.0
15129,264.0
15130,186.0
15131,110.0
15132,186.0
15133,264.0
15134,342.0
15135,264.0
15136,342.0
15137,264.0
15138,424.0
15139,342.0
15140,342.0
15141,506.0
15142,506.0
15143,424.0
15144,506.0
15145,424.0
15146,506.0
15147,618.0
15148,618.0
15149,730.0
15150,865.0
15151,618.0
15152,865.0
15153,730.0
15154,865.0
15155,618.0
15156,730.0
15157,730.0
15158,999.0
15159,506.0
15160,999.0
15161,730.0
15162,506.0
15163,506.0
15164,424.0
15165,342.0
15166,264.0
15167,424.0
15168,618.0
15169,618.0
15170,506.0
15171,506.0
15172,424.0
15173,342.0
15174,264.0
15175,424.0
15176,342.0
15177,342.0
15178,186.0
15179,186.0
15180,186.0
15181,110.0
15182,110.0
15183,110.0
15184,342.0
15185,342.0
15186,342.0
15187,342.0
15188,264.0
15189,264.0
15190,264.0
15191,342.0
15192,264.0
15193,186.0
15194,264.0
15195,264.0
15196,264.0
15197,264.0
15198,264.0
15199,342.0
15200,342.0
15201,342.0
15202,342.0
15203,424.0
15204,342.0
15205,342.0
15206,342.0
15207,424.0
15208,342.0
15209,342.0
15210,342.0
15211,342.0
15212,424.0
15213,342.0
15214,342.0
15215,264.0
15216,186.0
15217,186.0
15218,110.0
15219,186.0
15220,110.0
15221,55.0
15222,110.0
15223,186.0
15224,110.0
15225,110.0
15226,110.0
15227,186.0
15228,264.0
15229,186.0
15230,186.0
15231,55.0
15232,110.0
15233,55.0
15234,186.0
15235,264.0
15236,186.0
15237,110.0
15238,186.0
15239,110.0
15240,186.0
15241,186.0
15242,186.0
15243,110.0
15244,110.0
15245,55.0
15246,55.0
15247,55.0
15248,110.0
15249,186.0
15250,264.0
15251,342.0
15252,264.0
15253,342.0
15254,342.0
15255,264.0
15256,186.0
15257,424.0
15258,424.0
15259,264.0
15260,264.0
15261,264.0
15262,264.0
15263,186.0
15264,186.0
15265,264.0
15266,186.0
15267,110.0
15268,186.0
15269,110.0
15270,186.0
15271,110.0
15272,264.0
15273,264.0
15274,186.0
15275,264.0
15276,186.0
15277,186.0
15278,110.0
15279,110.0
15280,110.0
15281,342.0
15282,264.0
15283,186.0
15284,110.0
15285,264.0
15286,264.0
15287,264.0
15288,186.0
15289,110.0
15290,186.0
15291,342.0
15292,424.0
15293,342.0
15294,264.0
15295,424.0
15296,424.0
15297,424.0
15298,424.0
15299,264.0
15300,424.0
15301,424.0
15302,506.0
15303,424.0
15304,506.0
15305,506.0
15306,506.0
15307,342.0
15308,264.0
15309,186.0
15310,342.0
15311,264.0
15312,264.0
15313,342.0
15314,342.0
15315,342.0
15316,342.0
15317,424.0
15318,424.0
15319,506.0
15320,342.0
15321,424.0
15322,424.0
15323,186.0
15324,186.0
15325,342.0
15326,110.0
15327,186.0
15328,264.0
15329,264.0
15330,264.0
15331,110.0
15332,110.0
15333,186.0
15334,186.0
15335,186.0
15336,186.0
15337,186.0
15338,186.0
15339,264.0
15340,186.0
15341,186.0
15342,110.0
15343,110.0
15344,186.0
15345,186.0
15346,186.0
15347,186.0
15348,186.0
15349,186.0
15350,264.0
15351,186.0
15352,264.0
15353,264.0
15354,264.0
15355,264.0
15356,264.0
15357,342.0
15358,342.0
15359,342.0
15360,342.0
15361,342.0
15362,264.0
15363,186.0
15364,110.0
15365,186.0
15366,186.0
15367,264.0
15368,186.0
15369,186.0
15370,264.0
15371,264.0
15372,264.0
15373,264.0
15374,342.0
15375,342.0
15376,424.0
15377,342.0
15378,424.0
15379,424.0
15380,424.0
15381,506.0
15382,506.0
15383,506.0
15384,506.0
15385,506.0
15386,506.0
15387,506.0
15388,506.0
15389,506.0
15390,506.0
15391,506.0
15392,506.0
15393,506.0
15394,506.0
15395,506.0
15396,506.0
15397,424.0
15398,424.0
15399,342.0
15400,342.0
15401,342.0
15402,342.0
15403,424.0
15404,342.0
15405,342.0
15406,424.0
15407,342.0
15408,264.0
15409,342.0
15410,424.0
15411,424.0
15412,424.0
15413,424.0
15414,342.0
15415,342.0
15416,424.0
15417,424.0
15418,424.0
15419,424.0
15420,424.0
15421,424.0
15422,342.0
15423,506.0
15424,342.0
15425,424.0
15426,264.0
15427,342.0
15428,424.0
15429,424.0
15430,424.0
15431,424.0
15432,424.0
15433,506.0
15434,506.0
15435,618.0
15436,342.0
15437,424.0
15438,506.0
15439,618.0
15440,506.0
15441,506.0
15442,424.0
15443,424.0
15444,730.0
15445,730.0
15446,342.0
15447,424.0
15448,424.0
15449,506.0
15450,424.0
15451,424.0
15452,342.0
15453,342.0
15454,424.0
15455,424.0
15456,506.0
15457,342.0
15458,264.0
15459,186.0
15460,506.0
15461,999.0
15462,506.0
15463,342.0
15464,865.0
15465,618.0
15466,618.0
15467,424.0
15468,506.0
15469,618.0
15470,506.0
15471,264.0
15472,264.0
15473,342.0
15474,264.0
15475,264.0
15476,264.0
15477,186.0
15478,264.0
15479,110.0
15480,0.0
15481,55.0
15482,55.0
15483,55.0
15484,110.0
15485,110.0
15486,186.0
15487,186.0
15488,110.0
15489,55.0
15490,110.0
15491,186.0
15492,110.0
15493,110.0
15494,110.0
15495,186.0
15496,110.0
15497,186.0
15498,110.0
15499,110.0
15500,110.0
15501,55.0
15502,110.0
15503,55.0
15504,55.0
15505,186.0
15506,342.0
15507,264.0
15508,264.0
15509,264.0
15510,506.0
15511,618.0
15512,618.0
15513,730.0
15514,506.0
15515,424.0
15516,424.0
15517,424.0
15518,424.0
15519,424.0
15520,424.0
15521,424.0
15522,424.0
15523,424.0
15524,342.0
15525,342.0
15526,342.0
15527,342.0
15528,342.0
15529,342.0
15530,342.0
15531,424.0
15532,424.0
15533,424.0
15534,506.0
15535,424.0
15536,424.0
15537,424.0
15538,424.0
15539,424.0
15540,342.0
15541,424.0
15542,424.0
15543,424.0
15544,424.0
15545,506.0
15546,506.0
15547,506.0
15548,506.0
15549,506.0
15550,506.0
15551,506.0
15552,506.0
15553,424.0
15554,342.0
15555,186.0
15556,186.0
15557,186.0
15558,342.0
15559,264.0
15560,264.0
15561,186.0
15562,110.0
15563,342.0
15564,342.0
15565,264.0
15566,264.0
15567,186.0
15568,186.0
15569,110.0
15570,186.0
15571,110.0
15572,110.0
15573,264.0
15574,110.0
15575,110.0
15576,186.0
15577,186.0
15578,186.0
15579,110.0
15580,186.0
15581,110.0
15582,55.0
15583,186.0
15584,186.0
15585,55.0
15586,110.0
15587,0.0
15588,186.0
15589,342.0
15590,110.0
15591,110.0
15592,0.0
15593,342.0
15594,110.0
15595,0.0
15596,0.0
15597,0.0
15598,0.0
15599,342.0
15600,264.0
15601,264.0
15602,264.0
15603,110.0
15604,186.0
15605,264.0
15606,342.0
15607,186.0
15608,342.0
15609,424.0
15610,424.0
15611,424.0
15612,1558.0
15613,999.0
15614,342.0
15615,110.0
15616,0.0
15617,0.0
15618,0.0
15619,0.0
15620,55.0
15621,110.0
15622,264.0
15623,342.0
15624,424.0
15625,424.0
15626,424.0
15627,342.0
15628,424.0
15629,342.0
15630,424.0
15631,424.0
15632,342.0
15633,342.0
15634,186.0
15635,424.0
15636,506.0
15637,618.0
15638,506.0
15639,506.0
15640,506.0
15641,424.0
15642,342.0
15643,424.0
15644,506.0
15645,424.0
15646,264.0
15647,424.0
15648,424.0
15649,618.0
15650,618.0
15651,618.0
15652,618.0
15653,618.0
15654,506.0
15655,618.0
15656,506.0
15657,618.0
15658,730.0
15659,730.0
15660,730.0
15661,618.0
15662,618.0
15663,506.0
15664,424.0
15665,506.0
15666,506.0
15667,506.0
15668,506.0
15669,506.0
15670,506.0
15671,424.0
15672,506.0
15673,506.0
15674,506.0
15675,506.0
15676,424.0
15677,424.0
15678,506.0
15679,506.0
15680,424.0
15681,424.0
15682,424.0
15683,424.0
15684,424.0
15685,342.0
15686,342.0
15687,342.0
15688,424.0
15689,424.0
15690,506.0
15691,424.0
15692,424.0
15693,424.0
15694,424.0
15695,342.0
15696,424.0
15697,342.0
15698,342.0
15699,186.0
15700,264.0
15701,186.0
15702,264.0
15703,264.0
15704,264.0
15705,186.0
15706,186.0
15707,264.0
15708,264.0
15709,264.0
15710,342.0
15711,264.0
15712,506.0
15713,618.0
15714,342.0
15715,424.0
15716,506.0
15717,424.0
15718,618.0
15719,618.0
15720,424.0
15721,424.0
15722,264.0
15723,342.0
15724,506.0
15725,342.0
15726,424.0
15727,618.0
15728,342.0
15729,506.0
15730,424.0
15731,264.0
15732,865.0
15733,865.0
15734,730.0
15735,506.0
15736,424.0
15737,865.0
15738,618.0
15739,506.0
15740,506.0
15741,730.0
15742,730.0
15743,618.0
15744,424.0
15745,865.0
15746,506.0
15747,506.0
15748,618.0
15749,506.0
15750,618.0
15751,618.0
15752,865.0
15753,264.0
15754,506.0
15755,618.0
15756,730.0
15757,730.0
15758,424.0
15759,342.0
15760,730.0
15761,342.0
15762,506.0
15763,342.0
15764,342.0
15765,342.0
15766,342.0
15767,264.0
15768,342.0
15769,618.0
15770,424.0
15771,424.0
15772,424.0
15773,506.0
15774,618.0
15775,618.0
15776,506.0
15777,506.0
15778,506.0
15779,618.0
15780,618.0
15781,506.0
15782,506.0
15783,506.0
15784,730.0
15785,618.0
15786,618.0
15787,506.0
15788,506.0
15789,506.0
15790,424.0
15791,424.0
15792,424.0
15793,424.0
15794,506.0
15795,424.0
15796,424.0
15797,424.0
15798,424.0
15799,424.0
15800,424.0
15801,424.0
15802,424.0
15803,424.0
15804,424.0
15805,424.0
15806,424.0
15807,424.0
15808,506.0
15809,506.0
15810,424.0
15811,424.0
15812,424.0
15813,424.0
15814,424.0
15815,424.0
15816,342.0
15817,424.0
15818,506.0
15819,506.0
15820,506.0
15821,506.0
15822,618.0
15823,618.0
15824,506.0
15825,618.0
15826,618.0
15827,506.0
15828,506.0
15829,424.0
15830,424.0
15831,424.0
15832,424.0
15833,342.0
15834,424.0
15835,424.0
15836,342.0
15837,342.0
15838,342.0
15839,264.0
15840,186.0
15841,342.0
15842,342.0
15843,424.0
15844,424.0
15845,424.0
15846,424.0
15847,424.0
15848,342.0
15849,424.0
15850,506.0
15851,506.0
15852,730.0
15853,730.0
15854,506.0
15855,342.0
15856,342.0
15857,424.0
15858,424.0
15859,506.0
15860,506.0
15861,506.0
15862,506.0
15863,506.0
15864,424.0
15865,618.0
15866,424.0
15867,506.0
15868,506.0
15869,342.0
15870,342.0
15871,342.0
15872,618.0
15873,342.0
15874,506.0
15875,506.0
15876,506.0
15877,618.0
15878,506.0
15879,342.0
15880,424.0
15881,186.0
15882,424.0
15883,264.0
15884,264.0
15885,264.0
15886,342.0
15887,186.0
15888,264.0
15889,110.0
15890,186.0
15891,264.0
15892,110.0
15893,264.0
15894,110.0
15895,264.0
15896,186.0
15897,264.0
15898,110.0
15899,186.0
15900,0.0
15901,110.0
15902,186.0
15903,186.0
15904,110.0
15905,186.0
15906,186.0
15907,186.0
15908,186.0
15909,264.0
15910,186.0
15911,186.0
15912,186.0
15913,186.0
15914,264.0
15915,264.0
15916,186.0
15917,55.0
15918,55.0
15919,110.0
15920,110.0
15921,110.0
15922,186.0
15923,264.0
15924,186.0
15925,264.0
15926,264.0
15927,186.0
15928,110.0
15929,110.0
15930,55.0
15931,55.0
15932,55.0
15933,110.0
15934,110.0
15935,110.0
15936,110.0
15937,110.0
15938,110.0
15939,55.0
15940,55.0
15941,55.0
15942,110.0
15943,110.0
15944,110.0
15945,55.0
15946,0.0
15947,55.0
15948,0.0
15949,0.0
15950,0.0
15951,0.0
15952,0.0
15953,0.0
15954,0.0
15955,0.0
15956,0.0
15957,0.0
15958,0.0
15959,0.0
15960,0.0
15961,0.0
15962,0.0
15963,0.0
15964,0.0
15965,0.0
15966,0.0
15967,0.0
15968,0.0
15969,0.0
15970,0.0
15971,0.0
15972,0.0
15973,0.0
15974,0.0
15975,0.0
15976,0.0
15977,0.0
15978,0.0
15979,0.0
15980,0.0
15981,0.0
15982,0.0
15983,0.0
15984,0.0
15985,0.0
15986,0.0
15987,0.0
15988,0.0
15989,0.0
15990,0.0
15991,0.0
15992,0.0
15993,0.0
15994,0.0
15995,0.0
15996,0.0
15997,0.0
15998,0.0
15999,0.0
16000,0.0
16001,0.0
16002,0.0
16003,0.0
16004,0.0
16005,0.0
16006,0.0
16007,0.0
16008,0.0
16009,0.0
16010,0.0
16011,0.0
16012,0.0
16013,0.0
16014,0.0
16015,0.0
16016,0.0
16017,0.0
16018,0.0
16019,55.0
16020,0.0
16021,0.0
16022,0.0
16023,0.0
16024,0.0
16025,0.0
16026,0.0
16027,0.0
16028,0.0
16029,0.0
16030,0.0
16031,0.0
16032,0.0
16033,55.0
16034,0.0
16035,0.0
16036,0.0
16037,186.0
16038,0.0
16039,55.0
16040,55.0
16041,0.0
16042,0.0
16043,0.0
16044,110.0
16045,0.0
16046,0.0
16047,55.0
16048,0.0
16049,110.0
16050,0.0
16051,55.0
16052,55.0
16053,110.0
16054,110.0
16055,186.0
16056,264.0
16057,264.0
16058,264.0
16059,264.0
16060,264.0
16061,186.0
16062,424.0
16063,342.0
16064,424.0
16065,506.0
16066,424.0
16067,424.0
16068,264.0
16069,186.0
16070,186.0
16071,264.0
16072,186.0
16073,186.0
16074,110.0
16075,186.0
16076,186.0
16077,186.0
16078,186.0
16079,264.0
16080,186.0
16081,186.0
16082,186.0
16083,186.0
16084,186.0
16085,186.0
16086,342.0
16087,342.0
16088,186.0
16089,186.0
16090,186.0
16091,110.0
16092,186.0
16093,186.0
16094,186.0
16095,186.0
16096,110.0
16097,186.0
16098,264.0
16099,264.0
16100,342.0
16101,264.0
16102,186.0
16103,110.0
16104,110.0
16105,55.0
16106,0.0
16107,55.0
16108,110.0
16109,110.0
16110,0.0
16111,0.0
16112,0.0
16113,0.0
16114,0.0
16115,0.0
16116,0.0
16117,0.0
16118,0.0
16119,0.0
16120,0.0
16121,0.0
16122,0.0
16123,55.0
16124,186.0
16125,110.0
16126,186.0
16127,110.0
16128,55.0
16129,186.0
16130,264.0
16131,264.0
16132,110.0
16133,110.0
16134,110.0
16135,55.0
16136,55.0
16137,110.0
16138,110.0
16139,55.0
16140,110.0
16141,110.0
16142,110.0
16143,110.0
16144,55.0
16145,110.0
16146,110.0
16147,110.0
16148,55.0
16149,0.0
16150,0.0
16151,0.0
16152,0.0
16153,0.0
16154,55.0
16155,55.0
16156,55.0
16157,110.0
16158,186.0
16159,186.0
16160,186.0
16161,264.0
16162,342.0
16163,264.0
16164,186.0
16165,186.0
16166,186.0
16167,264.0
16168,342.0
16169,342.0
16170,342.0
16171,264.0
16172,342.0
16173,264.0
16174,264.0
16175,264.0
16176,424.0
16177,342.0
16178,186.0
16179,186.0
16180,264.0
16181,342.0
16182,342.0
16183,264.0
16184,424.0
16185,342.0
16186,424.0
16187,264.0
16188,264.0
16189,186.0
16190,110.0
16191,55.0
16192,0.0
16193,0.0
16194,0.0
16195,0.0
16196,0.0
16197,0.0
16198,55.0
16199,55.0
16200,0.0
16201,0.0
16202,0.0
16203,55.0
16204,55.0
16205,55.0
16206,0.0
16207,55.0
16208,55.0
16209,55.0
16210,0.0
16211,0.0
16212,0.0
16213,55.0
16214,110.0
16215,110.0
16216,110.0
16217,55.0
16218,55.0
16219,55.0
16220,110.0
16221,110.0
16222,186.0
16223,186.0
16224,186.0
16225,264.0
16226,424.0
16227,424.0
16228,424.0
16229,506.0
16230,506.0
16231,618.0
16232,506.0
16233,424.0
16234,506.0
16235,424.0
16236,424.0
16237,342.0
16238,342.0
16239,342.0
16240,264.0
16241,342.0
16242,342.0
16243,342.0
16244,342.0
16245,342.0
16246,342.0
16247,424.0
16248,424.0
16249,342.0
16250,342.0
16251,342.0
16252,342.0
16253,342.0
16254,342.0
16255,342.0
16256,342.0
16257,342.0
16258,342.0
16259,264.0
16260,342.0
16261,342.0
16262,264.0
16263,264.0
16264,342.0
16265,342.0
16266,342.0
16267,342.0
16268,342.0
16269,342.0
16270,264.0
16271,264.0
16272,110.0
16273,186.0
16274,186.0
16275,342.0
16276,342.0
16277,264.0
16278,186.0
16279,186.0
16280,264.0
16281,264.0
16282,264.0
16283,264.0
16284,264.0
16285,264.0
16286,186.0
16287,110.0
16288,110.0
16289,186.0
16290,186.0
16291,110.0
16292,264.0
16293,186.0
16294,186.0
16295,0.0
16296,0.0
16297,55.0
16298,55.0
16299,0.0
16300,55.0
16301,0.0
16302,110.0
16303,110.0
16304,55.0
16305,186.0
16306,0.0
16307,0.0
16308,110.0
16309,0.0
16310,110.0
16311,110.0
16312,55.0
16313,186.0
16314,0.0
16315,110.0
16316,0.0
16317,55.0
16318,186.0
16319,0.0
16320,186.0
16321,110.0
16322,264.0
16323,110.0
16324,55.0
16325,110.0
16326,110.0
16327,110.0
16328,264.0
16329,264.0
16330,110.0
16331,186.0
16332,186.0
16333,110.0
16334,186.0
16335,186.0
16336,264.0
16337,186.0
16338,264.0
16339,264.0
16340,264.0
16341,264.0
16342,264.0
16343,264.0
16344,264.0
16345,264.0
16346,264.0
16347,264.0
16348,264.0
16349,264.0
16350,342.0
16351,342.0
16352,342.0
16353,342.0
16354,342.0
16355,342.0
16356,186.0
16357,264.0
16358,264.0
16359,264.0
16360,264.0
16361,342.0
16362,342.0
16363,424.0
16364,342.0
16365,342.0
16366,342.0
16367,424.0
16368,424.0
16369,424.0
16370,342.0
16371,424.0
16372,342.0
16373,342.0
16374,264.0
16375,342.0
16376,264.0
16377,264.0
16378,264.0
16379,264.0
16380,264.0
16381,342.0
16382,264.0
16383,342.0
16384,342.0
16385,342.0
16386,264.0
16387,264.0
16388,186.0
16389,264.0
16390,264.0
16391,264.0
16392,264.0
16393,342.0
16394,264.0
16395,264.0
16396,186.0
16397,186.0
16398,186.0
16399,186.0
16400,186.0
16401,264.0
16402,264.0
16403,264.0
16404,186.0
16405,186.0
16406,186.0
16407,110.0
16408,110.0
16409,55.0
16410,55.0
16411,110.0
16412,55.0
16413,0.0
16414,0.0
16415,0.0
16416,0.0
16417,0.0
16418,0.0
16419,0.0
16420,0.0
16421,0.0
16422,0.0
16423,0.0
16424,0.0
16425,0.0
16426,0.0
16427,0.0
16428,0.0
16429,0.0
16430,0.0
16431,0.0
16432,0.0
16433,0.0
16434,0.0
16435,0.0
16436,0.0
16437,0.0
16438,0.0
16439,0.0
16440,55.0
16441,0.0
16442,0.0
16443,0.0
16444,0.0
16445,0.0
16446,0.0
16447,0.0
16448,0.0
16449,0.0
16450,0.0
16451,0.0
16452,0.0
16453,0.0
16454,0.0
16455,0.0
16456,0.0
16457,110.0
16458,186.0
16459,264.0
16460,186.0
16461,0.0
16462,0.0
16463,0.0
16464,110.0
16465,0.0
16466,55.0
16467,0.0
16468,55.0
16469,186.0
16470,264.0
16471,264.0
16472,186.0
16473,264.0
16474,264.0
16475,186.0
16476,264.0
16477,0.0
16478,110.0
16479,342.0
16480,264.0
16481,264.0
16482,264.0
16483,264.0
16484,264.0
16485,186.0
16486,264.0
16487,342.0
16488,424.0
16489,264.0
16490,424.0
16491,424.0
16492,424.0
16493,424.0
16494,424.0
16495,424.0
16496,342.0
16497,186.0
16498,264.0
16499,186.0
16500,0.0
16501,0.0
16502,55.0
16503,55.0
16504,0.0
16505,0.0
16506,0.0
16507,0.0
16508,55.0
16509,110.0
16510,186.0
16511,264.0
16512,342.0
16513,342.0
16514,342.0
16515,342.0
16516,342.0
16517,186.0
16518,110.0
16519,110.0
16520,55.0
16521,110.0
16522,110.0
16523,110.0
16524,186.0
16525,506.0
16526,618.0
16527,424.0
16528,264.0
16529,186.0
16530,264.0
16531,264.0
16532,186.0
16533,264.0
16534,264.0
16535,264.0
16536,264.0
16537,264.0
16538,264.0
16539,264.0
16540,264.0
16541,264.0
16542,264.0
16543,342.0
16544,424.0
16545,342.0
16546,342.0
16547,424.0
16548,424.0
16549,424.0
16550,424.0
16551,424.0
16552,424.0
16553,424.0
16554,424.0
16555,342.0
16556,342.0
16557,342.0
16558,342.0
16559,424.0
16560,264.0
16561,264.0
16562,264.0
16563,264.0
16564,110.0
16565,110.0
16566,186.0
16567,110.0
16568,186.0
16569,186.0
16570,186.0
16571,186.0
16572,186.0
16573,186.0
16574,186.0
16575,110.0
16576,110.0
16577,186.0
16578,110.0
16579,264.0
16580,264.0
16581,264.0
16582,186.0
16583,186.0
16584,186.0
16585,186.0
16586,186.0
16587,264.0
16588,264.0
16589,264.0
16590,186.0
16591,264.0
16592,264.0
16593,342.0
16594,342.0
16595,342.0
16596,342.0
16597,342.0
16598,342.0
16599,264.0
16600,264.0
16601,342.0
16602,264.0
16603,264.0
16604,264.0
16605,342.0
16606,264.0
16607,186.0
16608,186.0
16609,0.0
16610,0.0
16611,0.0
16612,0.0
16613,0.0
16614,0.0
16615,0.0
16616,0.0
16617,0.0
16618,0.0
16619,0.0
16620,0.0
16621,0.0
16622,0.0
16623,0.0
16624,0.0
16625,0.0
16626,0.0
16627,0.0
16628,0.0
16629,0.0
16630,0.0
16631,0.0
16632,0.0
16633,0.0
16634,0.0
16635,0.0
16636,0.0
16637,0.0
16638,0.0
16639,0.0
16640,0.0
16641,0.0
16642,0.0
16643,0.0
16644,0.0
16645,0.0
16646,0.0
16647,0.0
16648,0.0
16649,0.0
16650,0.0
16651,0.0
16652,0.0
16653,0.0
16654,0.0
16655,0.0
16656,0.0
16657,0.0
16658,0.0
16659,0.0
16660,0.0
16661,0.0
16662,0.0
16663,0.0
16664,0.0
16665,0.0
16666,0.0
16667,0.0
16668,0.0
16669,0.0
16670,0.0
16671,0.0
16672,0.0
16673,0.0
16674,0.0
16675,0.0
16676,0.0
16677,0.0
16678,0.0
16679,0.0
16680,0.0
16681,0.0
16682,0.0
16683,0.0
16684,0.0
16685,0.0
16686,0.0
16687,0.0
16688,0.0
16689,55.0
16690,0.0
16691,0.0
16692,186.0
16693,110.0
16694,55.0
16695,110.0
16696,55.0
16697,110.0
16698,110.0
16699,55.0
16700,0.0
16701,0.0
16702,0.0
16703,0.0
16704,0.0
16705,0.0
16706,0.0
16707,0.0
16708,0.0
16709,0.0
16710,0.0
16711,0.0
16712,110.0
16713,110.0
16714,110.0
16715,55.0
16716,0.0
16717,0.0
16718,0.0
16719,0.0
16720,0.0
16721,0.0
16722,0.0
16723,0.0
16724,55.0
16725,0.0
16726,0.0
16727,0.0
16728,0.0
16729,0.0
16730,0.0
16731,0.0
16732,0.0
16733,110.0
16734,0.0
16735,0.0
16736,0.0
16737,0.0
16738,342.0
16739,342.0
16740,110.0
16741,55.0
16742,0.0
16743,0.0
16744,0.0
16745,0.0
16746,0.0
16747,55.0
16748,264.0
16749,186.0
16750,186.0
16751,186.0
16752,186.0
16753,110.0
16754,186.0
16755,264.0
16756,186.0
16757,186.0
16758,110.0
16759,424.0
16760,55.0
16761,55.0
16762,0.0
16763,0.0
16764,0.0
16765,0.0
16766,0.0
16767,110.0
16768,264.0
16769,186.0
16770,110.0
16771,0.0
16772,0.0
16773,55.0
16774,0.0
16775,0.0
16776,0.0
16777,0.0
16778,0.0
16779,0.0
16780,0.0
16781,0.0
16782,0.0
16783,0.0
16784,0.0
16785,0.0
16786,0.0
16787,0.0
16788,0.0
16789,0.0
16790,0.0
16791,0.0
16792,0.0
16793,0.0
16794,0.0
16795,0.0
16796,0.0
16797,0.0
16798,0.0
16799,0.0
16800,0.0
16801,0.0
16802,0.0
16803,0.0
16804,0.0
16805,0.0
16806,0.0
16807,0.0
16808,0.0
16809,0.0
16810,0.0
16811,0.0
16812,0.0
16813,0.0
16814,0.0
16815,0.0
16816,186.0
16817,186.0
16818,186.0
16819,110.0
16820,110.0
16821,55.0
16822,0.0
16823,0.0
16824,0.0
16825,0.0
16826,0.0
16827,0.0
16828,0.0
16829,0.0
16830,0.0
16831,0.0
16832,0.0
16833,0.0
16834,0.0
16835,0.0
16836,0.0
16837,0.0
16838,0.0
16839,0.0
16840,0.0
16841,0.0
16842,0.0
16843,0.0
16844,0.0
16845,0.0
16846,0.0
16847,0.0
16848,0.0
16849,0.0
16850,0.0
16851,0.0
16852,0.0
16853,0.0
16854,0.0
16855,0.0
16856,0.0
16857,0.0
16858,0.0
16859,0.0
16860,0.0
16861,0.0
16862,0.0
16863,0.0
16864,0.0
16865,0.0
16866,0.0
16867,0.0
16868,0.0
16869,264.0
16870,342.0
16871,342.0
16872,424.0
16873,424.0
16874,110.0
16875,0.0
16876,0.0
16877,0.0
16878,0.0
16879,0.0
16880,0.0
16881,0.0
16882,0.0
16883,0.0
16884,264.0
16885,55.0
16886,0.0
16887,0.0
16888,0.0
16889,55.0
16890,0.0
16891,0.0
16892,0.0
16893,0.0
16894,0.0
16895,342.0
16896,424.0
16897,342.0
16898,186.0
16899,264.0
16900,186.0
16901,110.0
16902,0.0
16903,0.0
16904,0.0
16905,0.0
16906,0.0
16907,0.0
16908,0.0
16909,0.0
16910,0.0
16911,618.0
16912,424.0
16913,186.0
16914,0.0
16915,0.0
16916,0.0
16917,0.0
16918,0.0
16919,0.0
16920,0.0
16921,0.0
16922,0.0
16923,0.0
16924,186.0
16925,186.0
16926,342.0
16927,264.0
16928,186.0
16929,110.0
16930,110.0
16931,424.0
16932,424.0
16933,424.0
16934,424.0
16935,424.0
16936,342.0
16937,424.0
16938,424.0
16939,424.0
16940,506.0
16941,618.0
16942,506.0
16943,618.0
16944,730.0
16945,865.0
16946,730.0
16947,730.0
16948,999.0
16949,999.0
16950,865.0
16951,865.0
16952,730.0
16953,618.0
16954,618.0
16955,730.0
16956,865.0
16957,730.0
16958,730.0
16959,618.0
16960,506.0
16961,506.0
16962,506.0
16963,506.0
16964,424.0
16965,342.0
16966,342.0
16967,424.0
16968,424.0
16969,424.0
16970,506.0
16971,424.0
16972,506.0
16973,506.0
16974,424.0
16975,342.0
16976,264.0
16977,186.0
16978,186.0
16979,186.0
16980,264.0
16981,342.0
16982,342.0
16983,186.0
16984,186.0
16985,186.0
16986,186.0
16987,186.0
16988,186.0
16989,110.0
16990,186.0
16991,110.0
16992,110.0
16993,55.0
16994,0.0
16995,55.0
16996,55.0
16997,55.0
16998,55.0
16999,0.0
17000,110.0
17001,186.0
17002,55.0
17003,186.0
17004,186.0
17005,110.0
17006,110.0
17007,186.0
17008,186.0
17009,110.0
17010,342.0
17011,264.0
17012,264.0
17013,424.0
17014,264.0
17015,186.0
17016,264.0
17017,186.0
17018,264.0
17019,264.0
17020,110.0
17021,110.0
17022,55.0
17023,264.0
17024,342.0
17025,186.0
17026,264.0
17027,342.0
17028,342.0
17029,264.0
17030,342.0
17031,424.0
17032,342.0
17033,342.0
17034,264.0
17035,264.0
17036,424.0
17037,342.0
17038,342.0
17039,342.0
17040,264.0
17041,264.0
17042,186.0
17043,186.0
17044,264.0
17045,110.0
17046,110.0
17047,55.0
17048,186.0
17049,186.0
17050,110.0
17051,264.0
17052,186.0
17053,110.0
17054,186.0
17055,186.0
17056,264.0
17057,110.0
17058,264.0
17059,110.0
17060,110.0
17061,110.0
17062,186.0
17063,264.0
17064,264.0
17065,264.0
17066,186.0
17067,264.0
17068,264.0
17069,264.0
17070,264.0
17071,342.0
17072,342.0
17073,342.0
17074,424.0
17075,264.0
17076,342.0
17077,342.0
17078,264.0
17079,342.0
17080,342.0
17081,264.0
17082,264.0
17083,264.0
17084,264.0
17085,186.0
17086,186.0
17087,186.0
17088,186.0
17089,110.0
17090,186.0
17091,110.0
17092,186.0
17093,264.0
17094,424.0
17095,424.0
17096,342.0
17097,264.0
17098,186.0
17099,264.0
17100,264.0
17101,264.0
17102,264.0
17103,186.0
17104,110.0
17105,110.0
17106,55.0
17107,0.0
17108,0.0
17109,55.0
17110,110.0
17111,55.0
17112,0.0
17113,0.0
17114,0.0
17115,0.0
17116,0.0
17117,0.0
17118,0.0
17119,0.0
17120,0.0
17121,0.0
17122,0.0
17123,0.0
17124,0.0
17125,0.0
17126,0.0
17127,0.0
17128,0.0
17129,0.0
17130,0.0
17131,0.0
17132,0.0
17133,0.0
17134,0.0
17135,0.0
17136,0.0
17137,0.0
17138,0.0
17139,0.0
17140,0.0
17141,0.0
17142,0.0
17143,0.0
17144,0.0
17145,0.0
17146,0.0
17147,0.0
17148,0.0
17149,0.0
17150,0.0
17151,0.0
17152,0.0
17153,0.0
17154,0.0
17155,0.0
17156,0.0
17157,0.0
17158,0.0
17159,0.0
17160,0.0
17161,0.0
17162,0.0
17163,0.0
17164,0.0
17165,0.0
17166,0.0
17167,0.0
17168,0.0
17169,0.0
17170,0.0
17171,0.0
17172,0.0
17173,0.0
17174,0.0
17175,0.0
17176,0.0
17177,0.0
17178,0.0
17179,0.0
17180,0.0
17181,0.0
17182,55.0
17183,55.0
17184,0.0
17185,0.0
17186,0.0
17187,110.0
17188,264.0
17189,110.0
17190,110.0
17191,0.0
17192,0.0
17193,110.0
17194,55.0
17195,0.0
17196,0.0
17197,110.0
17198,55.0
17199,0.0
17200,0.0
17201,110.0
17202,110.0
17203,110.0
17204,110.0
17205,186.0
17206,110.0
17207,186.0
17208,186.0
17209,264.0
17210,264.0
17211,264.0
17212,342.0
17213,264.0
17214,264.0
17215,342.0
17216,342.0
17217,424.0
17218,342.0
17219,342.0
17220,342.0
17221,342.0
17222,342.0
17223,342.0
17224,342.0
17225,342.0
17226,424.0
17227,424.0
17228,342.0
17229,342.0
17230,264.0
17231,264.0
17232,264.0
17233,342.0
17234,342.0
17235,342.0
17236,264.0
17237,264.0
17238,342.0
17239,264.0
17240,264.0
17241,264.0
17242,342.0
17243,264.0
17244,186.0
17245,342.0
17246,342.0
17247,264.0
17248,264.0
17249,342.0
17250,264.0
17251,264.0
17252,264.0
17253,264.0
17254,264.0
17255,264.0
17256,264.0
17257,264.0
17258,342.0
17259,342.0
17260,424.0
17261,424.0
17262,424.0
17263,264.0
17264,264.0
17265,186.0
17266,264.0
17267,342.0
17268,342.0
17269,342.0
17270,264.0
17271,264.0
17272,264.0
17273,264.0
17274,264.0
17275,186.0
17276,186.0
17277,110.0
17278,110.0
17279,186.0
17280,342.0
17281,424.0
17282,424.0
17283,424.0
17284,424.0
17285,424.0
17286,264.0
17287,424.0
17288,342.0
17289,506.0
17290,424.0
17291,618.0
17292,506.0
17293,618.0
17294,618.0
17295,618.0
17296,618.0
17297,999.0
17298,865.0
17299,730.0
17300,865.0
17301,865.0
17302,999.0
17303,865.0
17304,865.0
17305,865.0
17306,1391.0
17307,865.0
17308,1724.0
17309,1391.0
17310,1391.0
17311,730.0
17312,999.0
17313,730.0
17314,424.0
17315,618.0
17316,1195.0
17317,999.0
17318,865.0
17319,865.0
17320,1558.0
17321,1724.0
17322,999.0
17323,999.0
17324,1391.0
17325,1195.0
17326,999.0
17327,1558.0
17328,1828.0
17329,1558.0
17330,999.0
17331,865.0
17332,1558.0
17333,865.0
17334,999.0
17335,1391.0
17336,1391.0
17337,1558.0
17338,730.0
17339,618.0
17340,1195.0
17341,1558.0
17342,1195.0
17343,1960.0
17344,1960.0
17345,1828.0
17346,1391.0
17347,999.0
17348,618.0
17349,506.0
17350,865.0
17351,865.0
17352,999.0
17353,1558.0
17354,1828.0
17355,2025.0
17356,1828.0
17357,1909.0
17358,1909.0
17359,1828.0
17360,1391.0
17361,1724.0
17362,1195.0
17363,1558.0
17364,2002.0
17365,1391.0
17366,618.0
17367,264.0
17368,424.0
17369,424.0
17370,424.0
17371,264.0
17372,264.0
17373,264.0
17374,186.0
17375,110.0
17376,55.0
17377,264.0
17378,342.0
17379,1391.0
17380,865.0
17381,506.0
17382,865.0
17383,506.0
17384,618.0
17385,618.0
17386,618.0
17387,424.0
17388,424.0
17389,424.0
17390,506.0
17391,342.0
17392,342.0
17393,264.0
17394,264.0
17395,264.0
17396,424.0
17397,424.0
17398,506.0
17399,506.0
17400,506.0
17401,506.0
17402,506.0
17403,506.0
17404,424.0
17405,424.0
17406,424.0
17407,342.0
17408,424.0
17409,618.0
17410,506.0
17411,424.0
17412,424.0
17413,506.0
17414,506.0
17415,424.0
17416,342.0
17417,342.0
17418,342.0
17419,342.0
17420,424.0
17421,424.0
17422,342.0
17423,342.0
17424,342.0
17425,424.0
17426,424.0
17427,424.0
17428,506.0
17429,506.0
17430,424.0
17431,506.0
17432,506.0
17433,506.0
17434,506.0
17435,424.0
17436,506.0
17437,424.0
17438,264.0
17439,342.0
17440,342.0
17441,186.0
17442,424.0
17443,186.0
17444,186.0
17445,264.0
17446,342.0
17447,264.0
17448,55.0
17449,264.0
17450,618.0
17451,342.0
17452,186.0
17453,264.0
17454,424.0
17455,264.0
17456,110.0
17457,110.0
17458,110.0
17459,264.0
17460,424.0
17461,424.0
17462,264.0
17463,342.0
17464,506.0
17465,618.0
17466,618.0
17467,506.0
17468,424.0
17469,424.0
17470,264.0
17471,424.0
17472,424.0
17473,342.0
17474,264.0
17475,342.0
17476,264.0
17477,342.0
17478,264.0
17479,342.0
17480,186.0
17481,342.0
17482,264.0
17483,264.0
17484,186.0
17485,110.0
17486,264.0
17487,506.0
17488,506.0
17489,424.0
17490,424.0
17491,186.0
17492,264.0
17493,110.0
17494,55.0
17495,55.0
17496,110.0
17497,110.0
17498,186.0
17499,186.0
17500,186.0
17501,186.0
17502,186.0
17503,264.0
17504,424.0
17505,506.0
17506,506.0
17507,424.0
17508,264.0
17509,186.0
17510,186.0
17511,186.0
17512,264.0
17513,342.0
17514,342.0
17515,342.0
17516,424.0
17517,264.0
17518,186.0
17519,264.0
17520,342.0
17521,424.0
17522,424.0
17523,424.0
17524,424.0
17525,506.0
17526,506.0
17527,264.0
17528,264.0
17529,264.0
17530,264.0
17531,264.0
17532,186.0
17533,110.0
17534,110.0
17535,110.0
17536,110.0
17537,55.0
17538,55.0
17539,55.0
17540,0.0
17541,0.0
17542,0.0
17543,0.0
17544,0.0
17545,0.0
17546,55.0
17547,55.0
17548,55.0
17549,55.0
17550,55.0
17551,55.0
17552,110.0
17553,55.0
17554,0.0
17555,0.0
17556,0.0
17557,0.0
17558,0.0
17559,0.0
17560,0.0
17561,0.0
17562,0.0
17563,0.0
17564,0.0
17565,0.0
17566,0.0
17567,0.0
17568,0.0
17569,0.0
17570,0.0
17571,0.0
17572,0.0
17573,0.0
17574,0.0
17575,0.0
17576,0.0
17577,0.0
17578,0.0
17579,0.0
17580,0.0
17581,0.0
17582,0.0
17583,0.0
17584,0.0
17585,0.0
17586,0.0
17587,0.0
17588,0.0
17589,0.0
17590,0.0
17591,0.0
17592,0.0
17593,0.0
17594,0.0
17595,0.0
17596,0.0
17597,0.0
17598,0.0
17599,0.0
17600,0.0
17601,0.0
17602,0.0
17603,0.0
17604,0.0
17605,0.0
17606,0.0
17607,0.0
17608,0.0
17609,0.0
17610,0.0
17611,0.0
17612,0.0
17613,0.0
17614,264.0
17615,186.0
17616,186.0
17617,110.0
17618,55.0
17619,55.0
17620,110.0
17621,110.0
17622,186.0
17623,186.0
17624,186.0
17625,186.0
17626,186.0
17627,186.0
17628,186.0
17629,186.0
17630,186.0
17631,186.0
17632,110.0
17633,186.0
17634,264.0
17635,264.0
17636,186.0
17637,264.0
17638,264.0
17639,110.0
17640,0.0
17641,0.0
17642,110.0
17643,110.0
17644,186.0
17645,264.0
17646,264.0
17647,110.0
17648,55.0
17649,110.0
17650,110.0
17651,55.0
17652,55.0
17653,0.0
17654,0.0
17655,0.0
17656,110.0
17657,110.0
17658,110.0
17659,110.0
17660,110.0
17661,110.0
17662,55.0
17663,110.0
17664,186.0
17665,110.0
17666,0.0
17667,0.0
17668,0.0
17669,0.0
17670,0.0
17671,0.0
17672,0.0
17673,0.0
17674,0.0
17675,0.0
17676,0.0
17677,0.0
17678,0.0
17679,0.0
17680,0.0
17681,0.0
17682,0.0
17683,0.0
17684,0.0
17685,0.0
17686,0.0
17687,0.0
17688,0.0
17689,0.0
17690,0.0
17691,0.0
17692,0.0
17693,0.0
17694,0.0
17695,0.0
17696,0.0
17697,0.0
17698,0.0
17699,0.0
17700,0.0
17701,0.0
17702,0.0
17703,0.0
17704,0.0
17705,0.0
17706,0.0
17707,0.0
17708,0.0
17709,0.0
17710,0.0
17711,0.0
17712,0.0
17713,0.0
17714,0.0
17715,0.0
17716,0.0
17717,0.0
17718,0.0
17719,0.0
17720,0.0
17721,0.0
17722,0.0
17723,0.0
17724,0.0
17725,0.0
17726,0.0
17727,0.0
17728,0.0
17729,0.0
17730,0.0
17731,186.0
17732,342.0
17733,264.0
17734,342.0
17735,424.0
17736,264.0
17737,110.0
17738,55.0
17739,186.0
17740,110.0
17741,110.0
17742,186.0
17743,110.0
17744,110.0
17745,55.0
17746,110.0
17747,55.0
17748,55.0
17749,0.0
17750,0.0
17751,0.0
17752,0.0
17753,0.0
17754,0.0
17755,0.0
17756,0.0
17757,0.0
17758,0.0
17759,0.0
17760,0.0
17761,0.0
17762,0.0
17763,0.0
17764,0.0
17765,0.0
17766,0.0
17767,0.0
17768,0.0
17769,0.0
17770,0.0
17771,0.0
17772,0.0
17773,0.0
17774,0.0
17775,0.0
17776,0.0
17777,0.0
17778,0.0
17779,0.0
17780,0.0
17781,0.0
17782,0.0
17783,0.0
17784,0.0
17785,0.0
17786,0.0
17787,0.0
17788,0.0
17789,0.0
17790,0.0
17791,0.0
17792,0.0
17793,0.0
17794,0.0
17795,0.0
17796,0.0
17797,0.0
17798,0.0
17799,0.0
17800,0.0
17801,0.0
17802,0.0
17803,0.0
17804,0.0
17805,0.0
17806,0.0
17807,0.0
17808,0.0
17809,0.0
17810,0.0
17811,0.0
17812,0.0
17813,0.0
17814,0.0
17815,0.0
17816,0.0
17817,0.0
17818,0.0
17819,0.0
17820,0.0
17821,0.0
17822,0.0
17823,0.0
17824,0.0
17825,0.0
17826,0.0
17827,0.0
17828,0.0
17829,0.0
17830,0.0
17831,0.0
17832,0.0
17833,0.0
17834,0.0
17835,0.0
17836,0.0
17837,0.0
17838,0.0
17839,0.0
17840,0.0
17841,0.0
17842,0.0
17843,0.0
17844,0.0
17845,0.0
17846,0.0
17847,0.0
17848,0.0
17849,0.0
17850,0.0
17851,0.0
17852,0.0
17853,0.0
17854,0.0
17855,0.0
17856,0.0
17857,0.0
17858,0.0
17859,0.0
17860,0.0
17861,0.0
17862,0.0
17863,0.0
17864,0.0
17865,0.0
17866,0.0
17867,0.0
17868,0.0
17869,0.0
17870,0.0
17871,0.0
17872,55.0
17873,0.0
17874,0.0
17875,0.0
17876,0.0
17877,0.0
17878,55.0
17879,55.0
17880,110.0
17881,186.0
17882,110.0
17883,186.0
17884,0.0
17885,0.0
17886,0.0
17887,0.0
17888,0.0
17889,0.0
17890,0.0
17891,0.0
17892,0.0
17893,0.0
17894,186.0
17895,55.0
17896,55.0
17897,55.0
17898,110.0
17899,0.0
17900,0.0
17901,0.0
17902,55.0
17903,0.0
17904,110.0
17905,110.0
17906,55.0
17907,0.0
17908,0.0
17909,0.0
17910,110.0
17911,0.0
17912,0.0
17913,0.0
17914,0.0
17915,186.0
17916,186.0
17917,186.0
17918,55.0
17919,0.0
17920,0.0
17921,0.0
17922,0.0
17923,0.0
17924,0.0
17925,0.0
17926,186.0
17927,110.0
17928,186.0
17929,110.0
17930,55.0
17931,55.0
17932,110.0
17933,110.0
17934,55.0
17935,0.0
17936,55.0
17937,55.0
17938,0.0
17939,0.0
17940,0.0
17941,0.0
17942,0.0
17943,0.0
17944,0.0
17945,0.0
17946,0.0
17947,0.0
17948,0.0
17949,0.0
17950,0.0
17951,0.0
17952,0.0
17953,0.0
17954,0.0
17955,0.0
17956,0.0
17957,0.0
17958,0.0
17959,0.0
17960,0.0
17961,0.0
17962,0.0
17963,0.0
17964,0.0
17965,0.0
17966,0.0
17967,0.0
17968,0.0
17969,0.0
17970,0.0
17971,0.0
17972,0.0
17973,0.0
17974,0.0
17975,0.0
17976,0.0
17977,0.0
17978,0.0
17979,0.0
17980,0.0
17981,0.0
17982,0.0
17983,0.0
17984,0.0
17985,0.0
17986,0.0
17987,0.0
17988,0.0
17989,0.0
17990,0.0
17991,0.0
17992,0.0
17993,0.0
17994,0.0
17995,0.0
17996,0.0
17997,0.0
17998,0.0
17999,0.0
18000,0.0
18001,0.0
18002,0.0
18003,0.0
18004,0.0
18005,0.0
18006,0.0
18007,0.0
18008,0.0
18009,0.0
18010,0.0
18011,0.0
18012,0.0
18013,0.0
18014,0.0
18015,0.0
18016,0.0
18017,0.0
18018,0.0
18019,0.0
18020,0.0
18021,0.0
18022,55.0
18023,110.0
18024,110.0
18025,110.0
18026,110.0
18027,110.0
18028,110.0
18029,264.0
18030,264.0
18031,264.0
18032,264.0
18033,264.0
18034,186.0
18035,186.0
18036,186.0
18037,55.0
18038,110.0
18039,55.0
18040,186.0
18041,110.0
18042,342.0
18043,186.0
18044,264.0
18045,110.0
18046,186.0
18047,264.0
18048,342.0
18049,264.0
18050,424.0
18051,186.0
18052,110.0
18053,424.0
18054,264.0
18055,186.0
18056,264.0
18057,264.0
18058,342.0
18059,342.0
18060,264.0
18061,424.0
18062,342.0
18063,264.0
18064,186.0
18065,342.0
18066,264.0
18067,342.0
18068,342.0
18069,424.0
18070,506.0
18071,506.0
18072,424.0
18073,618.0
18074,618.0
18075,618.0
18076,618.0
18077,506.0
18078,424.0
18079,506.0
18080,506.0
18081,506.0
18082,618.0
18083,618.0
18084,506.0
18085,506.0
18086,506.0
18087,506.0
18088,506.0
18089,342.0
18090,342.0
18091,342.0
18092,424.0
18093,506.0
18094,424.0
18095,424.0
18096,424.0
18097,342.0
18098,264.0
18099,186.0
18100,264.0
18101,264.0
18102,264.0
18103,264.0
18104,264.0
18105,264.0
18106,264.0
18107,264.0
18108,342.0
18109,342.0
18110,342.0
18111,424.0
18112,424.0
18113,342.0
18114,342.0
18115,342.0
18116,342.0
18117,342.0
18118,264.0
18119,264.0
18120,186.0
18121,186.0
18122,186.0
18123,264.0
18124,264.0
18125,186.0
18126,110.0
18127,264.0
18128,264.0
18129,264.0
18130,342.0
18131,424.0
18132,342.0
18133,186.0
18134,186.0
18135,110.0
18136,55.0
18137,55.0
18138,110.0
18139,55.0
18140,110.0
18141,110.0
18142,110.0
18143,110.0
18144,110.0
18145,55.0
18146,0.0
18147,0.0
18148,0.0
18149,0.0
18150,0.0
18151,0.0
18152,0.0
18153,0.0
18154,0.0
18155,0.0
18156,55.0
18157,0.0
18158,0.0
18159,0.0
18160,0.0
18161,0.0
18162,0.0
18163,0.0
18164,0.0
18165,0.0
18166,0.0
18167,55.0
18168,264.0
18169,186.0
18170,342.0
18171,342.0
18172,186.0
18173,342.0
18174,342.0
18175,264.0
18176,186.0
18177,264.0
18178,342.0
18179,342.0
18180,186.0
18181,342.0
18182,424.0
18183,424.0
18184,506.0
18185,342.0
18186,342.0
18187,264.0
18188,342.0
18189,424.0
18190,424.0
18191,618.0
18192,424.0
18193,264.0
18194,186.0
18195,264.0
18196,342.0
18197,264.0
18198,264.0
18199,264.0
18200,186.0
18201,110.0
18202,110.0
18203,186.0
18204,110.0
18205,110.0
18206,55.0
18207,110.0
18208,55.0
18209,110.0
18210,186.0
18211,264.0
18212,1195.0
18213,999.0
18214,999.0
18215,999.0
18216,618.0
18217,1195.0
18218,999.0
18219,865.0
18220,730.0
18221,999.0
18222,999.0
18223,1195.0
18224,1195.0
18225,999.0
18226,999.0
18227,999.0
18228,1724.0
18229,999.0
18230,865.0
18231,730.0
18232,730.0
18233,730.0
18234,865.0
18235,730.0
18236,730.0
18237,865.0
18238,999.0
18239,999.0
18240,865.0
18241,618.0
18242,618.0
18243,506.0
18244,618.0
18245,506.0
18246,865.0
18247,424.0
18248,342.0
18249,506.0
18250,506.0
18251,618.0
18252,506.0
18253,506.0
18254,506.0
18255,618.0
18256,424.0
18257,506.0
18258,506.0
18259,424.0
18260,342.0
18261,264.0
18262,342.0
18263,424.0
18264,506.0
18265,618.0
18266,618.0
18267,506.0
18268,424.0
18269,506.0
18270,342.0
18271,424.0
18272,618.0
18273,865.0
18274,730.0
18275,618.0
18276,506.0
18277,506.0
18278,342.0
18279,342.0
18280,264.0
18281,342.0
18282,342.0
18283,264.0
18284,264.0
18285,424.0
18286,264.0
18287,186.0
18288,264.0
18289,342.0
18290,264.0
18291,264.0
18292,264.0
18293,264.0
18294,342.0
18295,264.0
18296,264.0
18297,264.0
18298,186.0
18299,186.0
18300,264.0
18301,186.0
18302,186.0
18303,264.0
18304,186.0
18305,186.0
18306,110.0
18307,110.0
18308,186.0
18309,264.0
18310,186.0
18311,186.0
18312,186.0
18313,186.0
18314,186.0
18315,110.0
18316,110.0
18317,110.0
18318,55.0
18319,110.0
18320,186.0
18321,110.0
18322,55.0
18323,342.0
18324,506.0
18325,424.0
18326,424.0
18327,424.0
18328,424.0
18329,424.0
18330,342.0
18331,342.0
18332,342.0
18333,342.0
18334,424.0
18335,342.0
18336,342.0
18337,264.0
18338,342.0
18339,424.0
18340,342.0
18341,342.0
18342,424.0
18343,342.0
18344,424.0
18345,424.0
18346,506.0
18347,424.0
18348,342.0
18349,342.0
18350,424.0
18351,506.0
18352,424.0
18353,506.0
18354,506.0
18355,342.0
18356,342.0
18357,424.0
18358,342.0
18359,506.0
18360,424.0
18361,342.0
18362,424.0
18363,506.0
18364,730.0
18365,999.0
18366,424.0
18367,424.0
18368,424.0
18369,424.0
18370,506.0
18371,506.0
18372,618.0
18373,618.0
18374,506.0
18375,342.0
18376,424.0
18377,506.0
18378,506.0
18379,424.0
18380,506.0
18381,506.0
18382,424.0
18383,424.0
18384,342.0
18385,264.0
18386,186.0
18387,110.0
18388,186.0
18389,342.0
18390,342.0
18391,264.0
18392,342.0
18393,424.0
18394,424.0
18395,342.0
18396,110.0
18397,55.0
18398,55.0
18399,55.0
18400,110.0
18401,55.0
18402,55.0
18403,110.0
18404,186.0
18405,110.0
18406,110.0
18407,186.0
18408,186.0
18409,186.0
18410,186.0
18411,186.0
18412,186.0
18413,186.0
18414,186.0
18415,186.0
18416,186.0
18417,186.0
18418,264.0
18419,264.0
18420,264.0
18421,264.0
18422,186.0
18423,342.0
18424,342.0
18425,342.0
18426,506.0
18427,506.0
18428,342.0
18429,342.0
18430,264.0
18431,186.0
18432,55.0
18433,110.0
18434,264.0
18435,342.0
18436,264.0
18437,110.0
18438,110.0
18439,55.0
18440,55.0
18441,110.0
18442,110.0
18443,55.0
18444,186.0
18445,110.0
18446,0.0
18447,110.0
18448,264.0
18449,186.0
18450,110.0
18451,186.0
18452,186.0
18453,342.0
18454,264.0
18455,264.0
18456,186.0
18457,264.0
18458,342.0
18459,264.0
18460,186.0
18461,55.0
18462,0.0
18463,110.0
18464,264.0
18465,186.0
18466,186.0
18467,186.0
18468,264.0
18469,264.0
18470,110.0
18471,110.0
18472,0.0
18473,55.0
18474,424.0
18475,342.0
18476,342.0
18477,264.0
18478,110.0
18479,55.0
18480,0.0
18481,0.0
18482,0.0
18483,186.0
18484,186.0
18485,110.0
18486,55.0
18487,110.0
18488,0.0
18489,55.0
18490,0.0
18491,0.0
18492,0.0
18493,0.0
18494,0.0
18495,0.0
18496,0.0
18497,55.0
18498,55.0
18499,0.0
18500,0.0
18501,0.0
18502,0.0
18503,0.0
18504,0.0
18505,0.0
18506,55.0
18507,186.0
18508,186.0
18509,186.0
18510,110.0
18511,110.0
18512,55.0
18513,110.0
18514,110.0
18515,110.0
18516,110.0
18517,110.0
18518,110.0
18519,186.0
18520,110.0
18521,110.0
18522,110.0
18523,55.0
18524,55.0
18525,110.0
18526,186.0
18527,110.0
18528,186.0
18529,186.0
18530,186.0
18531,264.0
18532,186.0
18533,186.0
18534,186.0
18535,0.0
18536,0.0
18537,0.0
18538,264.0
18539,186.0
18540,186.0
18541,264.0
18542,264.0
18543,186.0
18544,110.0
18545,110.0
18546,186.0
18547,186.0
18548,186.0
18549,186.0
18550,186.0
18551,186.0
18552,186.0
18553,186.0
18554,186.0
18555,264.0
18556,264.0
18557,186.0
18558,186.0
18559,186.0
18560,186.0
18561,264.0
18562,186.0
18563,186.0
18564,110.0
18565,0.0
18566,0.0
18567,110.0
18568,110.0
18569,55.0
18570,0.0
18571,0.0
18572,0.0
18573,0.0
18574,0.0
18575,0.0
18576,55.0
18577,0.0
18578,55.0
18579,55.0
18580,110.0
18581,186.0
18582,264.0
18583,186.0
18584,186.0
18585,55.0
18586,264.0
18587,186.0
18588,186.0
18589,186.0
18590,186.0
18591,186.0
18592,186.0
18593,110.0
18594,0.0
18595,110.0
18596,110.0
18597,186.0
18598,186.0
18599,110.0
18600,264.0
18601,264.0
18602,110.0
18603,110.0
18604,264.0
18605,186.0
18606,186.0
18607,110.0
18608,186.0
18609,186.0
18610,186.0
18611,55.0
18612,0.0
18613,55.0
18614,0.0
18615,0.0
18616,186.0
18617,55.0
18618,186.0
18619,110.0
18620,186.0
18621,110.0
18622,186.0
18623,186.0
18624,186.0
18625,110.0
18626,186.0
18627,186.0
18628,110.0
18629,110.0
18630,110.0
18631,186.0
18632,110.0
18633,55.0
18634,110.0
18635,110.0
18636,110.0
18637,186.0
18638,55.0
18639,186.0
18640,264.0
18641,186.0
18642,110.0
18643,55.0
18644,110.0
18645,110.0
18646,110.0
18647,186.0
18648,186.0
18649,110.0
18650,110.0
18651,186.0
18652,186.0
18653,186.0
18654,186.0
18655,186.0
18656,110.0
18657,110.0
18658,186.0
18659,186.0
18660,186.0
18661,110.0
18662,186.0
18663,186.0
18664,186.0
18665,264.0
18666,264.0
18667,264.0
18668,264.0
18669,342.0
18670,264.0
18671,264.0
18672,264.0
18673,342.0
18674,264.0
18675,264.0
18676,264.0
18677,264.0
18678,264.0
18679,264.0
18680,264.0
18681,264.0
18682,264.0
18683,186.0
18684,186.0
18685,186.0
18686,110.0
18687,110.0
18688,110.0
18689,110.0
18690,186.0
18691,186.0
18692,186.0
18693,186.0
18694,264.0
18695,264.0
18696,264.0
18697,264.0
18698,264.0
18699,342.0
18700,342.0
18701,342.0
18702,264.0
18703,264.0
18704,264.0
18705,264.0
18706,186.0
18707,186.0
18708,110.0
18709,110.0
18710,264.0
18711,186.0
18712,186.0
18713,110.0
18714,186.0
18715,186.0
18716,110.0
18717,55.0
18718,0.0
18719,0.0
18720,0.0
18721,0.0
18722,0.0
18723,0.0
18724,0.0
18725,0.0
18726,0.0
18727,0.0
18728,0.0
18729,0.0
18730,0.0
18731,110.0
18732,110.0
18733,110.0
18734,186.0
18735,186.0
18736,110.0
18737,110.0
18738,55.0
18739,55.0
18740,0.0
18741,0.0
18742,55.0
18743,0.0
18744,110.0
18745,0.0
18746,110.0
18747,110.0
18748,186.0
18749,55.0
18750,55.0
18751,55.0
18752,110.0
18753,186.0
18754,110.0
18755,186.0
18756,186.0
18757,110.0
18758,110.0
18759,110.0
18760,55.0
18761,0.0
18762,110.0
18763,110.0
18764,55.0
18765,186.0
18766,186.0
18767,0.0
18768,110.0
18769,0.0
18770,110.0
18771,110.0
18772,186.0
18773,186.0
18774,110.0
18775,186.0
18776,264.0
18777,264.0
18778,264.0
18779,342.0
18780,264.0
18781,342.0
18782,264.0
18783,424.0
18784,264.0
18785,186.0
18786,424.0
18787,424.0
18788,264.0
18789,264.0
18790,186.0
18791,186.0
18792,186.0
18793,264.0
18794,342.0
18795,264.0
18796,264.0
18797,264.0
18798,342.0
18799,506.0
18800,730.0
18801,730.0
18802,506.0
18803,618.0
18804,730.0
18805,618.0
18806,424.0
18807,506.0
18808,424.0
18809,506.0
18810,506.0
18811,618.0
18812,999.0
18813,999.0
18814,730.0
18815,618.0
18816,618.0
18817,730.0
18818,730.0
18819,618.0
18820,506.0
18821,618.0
18822,424.0
18823,424.0
18824,506.0
18825,618.0
18826,506.0
18827,618.0
18828,506.0
18829,506.0
18830,618.0
18831,618.0
18832,730.0
18833,424.0
18834,424.0
18835,506.0
18836,618.0
18837,506.0
18838,506.0
18839,342.0
18840,264.0
18841,186.0
18842,186.0
18843,186.0
18844,186.0
18845,264.0
18846,342.0
18847,424.0
18848,424.0
18849,342.0
18850,424.0
18851,424.0
18852,342.0
18853,342.0
18854,342.0
18855,264.0
18856,186.0
18857,186.0
18858,264.0
18859,264.0
18860,424.0
18861,424.0
18862,506.0
18863,424.0
18864,342.0
18865,342.0
18866,424.0
18867,618.0
18868,730.0
18869,506.0
18870,865.0
18871,506.0
18872,1391.0
18873,1195.0
18874,999.0
18875,1558.0
18876,1195.0
18877,865.0
18878,1195.0
18879,1724.0
18880,1391.0
18881,999.0
18882,1391.0
18883,999.0
18884,865.0
18885,424.0
18886,865.0
18887,865.0
18888,1391.0
18889,1724.0
18890,1724.0
18891,1195.0
18892,1391.0
18893,1391.0
18894,1724.0
18895,1195.0
18896,1558.0
18897,1909.0
18898,1391.0
18899,999.0
18900,1195.0
18901,865.0
18902,264.0
18903,424.0
18904,186.0
18905,110.0
18906,55.0
18907,55.0
18908,110.0
18909,55.0
18910,110.0
18911,186.0
18912,264.0
18913,186.0
18914,186.0
18915,186.0
18916,186.0
18917,110.0
18918,264.0
18919,264.0
18920,264.0
18921,342.0
18922,342.0
18923,424.0
18924,342.0
18925,342.0
18926,186.0
18927,264.0
18928,264.0
18929,264.0
18930,264.0
18931,264.0
18932,264.0
18933,186.0
18934,342.0
18935,618.0
18936,618.0
18937,506.0
18938,506.0
18939,424.0
18940,342.0
18941,424.0
18942,424.0
18943,424.0
18944,342.0
18945,342.0
18946,342.0
18947,342.0
18948,424.0
18949,424.0
18950,342.0
18951,424.0
18952,424.0
18953,424.0
18954,424.0
18955,424.0
18956,618.0
18957,506.0
18958,506.0
18959,506.0
18960,424.0
18961,424.0
18962,342.0
18963,342.0
18964,424.0
18965,506.0
18966,424.0
18967,424.0
18968,424.0
18969,342.0
18970,342.0
18971,342.0
18972,342.0
18973,264.0
18974,342.0
18975,342.0
18976,424.0
18977,424.0
18978,424.0
18979,506.0
18980,424.0
18981,424.0
18982,506.0
18983,506.0
18984,424.0
18985,424.0
18986,506.0
18987,424.0
18988,424.0
18989,424.0
18990,424.0
18991,506.0
18992,506.0
18993,342.0
18994,264.0
18995,342.0
18996,342.0
18997,424.0
18998,424.0
18999,342.0
19000,342.0
19001,342.0
19002,186.0
19003,264.0
19004,264.0
19005,264.0
19006,264.0
19007,342.0
19008,110.0
19009,0.0
19010,55.0
19011,0.0
19012,0.0
19013,0.0
19014,0.0
19015,0.0
19016,0.0
19017,0.0
19018,0.0
19019,55.0
19020,0.0
19021,0.0
19022,0.0
19023,0.0
19024,55.0
19025,0.0
19026,55.0
19027,0.0
19028,0.0
19029,0.0
19030,0.0
19031,55.0
19032,110.0
19033,186.0
19034,110.0
19035,264.0
19036,342.0
19037,342.0
19038,110.0
19039,618.0
19040,730.0
19041,730.0
19042,618.0
19043,506.0
19044,264.0
19045,506.0
19046,424.0
19047,342.0
19048,264.0
19049,264.0
19050,342.0
19051,186.0
19052,342.0
19053,342.0
19054,342.0
19055,264.0
19056,342.0
19057,264.0
19058,342.0
19059,110.0
19060,264.0
19061,186.0
19062,186.0
19063,110.0
19064,264.0
19065,264.0
19066,424.0
19067,264.0
19068,186.0
19069,342.0
19070,264.0
19071,186.0
19072,342.0
19073,342.0
19074,342.0
19075,342.0
19076,342.0
19077,424.0
19078,342.0
19079,342.0
19080,342.0
19081,342.0
19082,730.0
19083,730.0
19084,342.0
19085,264.0
19086,264.0
19087,342.0
19088,424.0
19089,424.0
19090,424.0
19091,506.0
19092,506.0
19093,506.0
19094,506.0
19095,424.0
19096,424.0
19097,506.0
19098,506.0
19099,424.0
19100,506.0
19101,618.0
19102,730.0
19103,618.0
19104,506.0
19105,424.0
19106,424.0
19107,424.0
19108,424.0
19109,342.0
19110,264.0
19111,342.0
19112,424.0
19113,342.0
19114,424.0
19115,342.0
19116,264.0
19117,264.0
19118,264.0
19119,186.0
19120,264.0
19121,264.0
19122,264.0
19123,186.0
19124,110.0
19125,55.0
19126,55.0
19127,55.0
19128,186.0
19129,110.0
19130,110.0
19131,186.0
19132,186.0
19133,186.0
19134,186.0
19135,186.0
19136,110.0
19137,110.0
19138,264.0
19139,264.0
19140,110.0
19141,110.0
19142,55.0
19143,110.0
19144,55.0
19145,55.0
19146,55.0
19147,55.0
19148,0.0
19149,0.0
19150,0.0
19151,0.0
19152,110.0
19153,110.0
19154,110.0
19155,55.0
19156,55.0
19157,110.0
19158,110.0
19159,0.0
19160,0.0
19161,0.0
19162,0.0
19163,0.0
19164,0.0
19165,0.0
19166,0.0
19167,110.0
19168,0.0
19169,0.0
19170,0.0
19171,0.0
19172,0.0
19173,0.0
19174,0.0
19175,0.0
19176,0.0
19177,186.0
19178,110.0
19179,0.0
19180,0.0
19181,0.0
19182,0.0
19183,342.0
19184,264.0
19185,186.0
19186,55.0
19187,55.0
19188,55.0
19189,110.0
19190,110.0
19191,110.0
19192,618.0
19193,264.0
19194,264.0
19195,342.0
19196,342.0
19197,506.0
19198,424.0
19199,424.0
19200,264.0
19201,186.0
19202,186.0
19203,110.0
19204,110.0
19205,186.0
19206,55.0
19207,55.0
19208,55.0
19209,55.0
19210,110.0
19211,110.0
19212,186.0
19213,186.0
19214,186.0
19215,110.0
19216,186.0
19217,110.0
19218,110.0
19219,110.0
19220,186.0
19221,110.0
19222,186.0
19223,264.0
19224,264.0
19225,264.0
19226,342.0
19227,424.0
19228,506.0
19229,424.0
19230,424.0
19231,424.0
19232,264.0
19233,264.0
19234,424.0
19235,264.0
19236,110.0
19237,110.0
19238,110.0
19239,110.0
19240,110.0
19241,186.0
19242,186.0
19243,186.0
19244,186.0
19245,186.0
19246,110.0
19247,186.0
19248,110.0
19249,186.0
19250,186.0
19251,264.0
19252,264.0
19253,264.0
19254,342.0
19255,342.0
19256,342.0
19257,342.0
19258,342.0
19259,342.0
19260,264.0
19261,186.0
19262,186.0
19263,264.0
19264,186.0
19265,186.0
19266,264.0
19267,186.0
19268,186.0
19269,186.0
19270,186.0
19271,264.0
19272,264.0
19273,264.0
19274,186.0
19275,186.0
19276,264.0
19277,264.0
19278,424.0
19279,424.0
19280,506.0
19281,730.0
19282,730.0
19283,618.0
19284,865.0
19285,999.0
19286,865.0
19287,730.0
19288,618.0
19289,506.0
19290,424.0
19291,342.0
19292,264.0
19293,264.0
19294,264.0
19295,342.0
19296,186.0
19297,110.0
19298,55.0
19299,0.0
19300,110.0
19301,110.0
19302,55.0
19303,0.0
19304,0.0
19305,0.0
19306,0.0
19307,110.0
19308,55.0
19309,55.0
19310,0.0
19311,55.0
19312,110.0
19313,264.0
19314,110.0
19315,110.0
19316,110.0
19317,110.0
19318,264.0
19319,264.0
19320,264.0
19321,342.0
19322,264.0
19323,342.0
19324,424.0
19325,186.0
19326,264.0
19327,424.0
19328,424.0
19329,264.0
19330,264.0
19331,424.0
19332,342.0
19333,342.0
19334,342.0
19335,186.0
19336,342.0
19337,186.0
19338,342.0
19339,424.0
19340,342.0
19341,264.0
19342,342.0
19343,342.0
19344,264.0
19345,342.0
19346,264.0
19347,264.0
19348,186.0
19349,264.0
19350,342.0
19351,424.0
19352,342.0
19353,424.0
19354,424.0
19355,424.0
19356,342.0
19357,264.0
19358,342.0
19359,1558.0
19360,2044.0
19361,618.0
19362,342.0
19363,264.0
19364,110.0
19365,186.0
19366,110.0
19367,55.0
19368,186.0
19369,342.0
19370,424.0
19371,264.0
19372,264.0
19373,264.0
19374,186.0
19375,186.0
19376,186.0
19377,264.0
19378,264.0
19379,186.0
19380,186.0
19381,110.0
19382,110.0
19383,55.0
19384,0.0
19385,0.0
19386,0.0
19387,55.0
19388,55.0
19389,55.0
19390,0.0
19391,0.0
19392,0.0
19393,110.0
19394,55.0
19395,55.0
19396,0.0
19397,0.0
19398,55.0
19399,0.0
19400,0.0
19401,0.0
19402,0.0
19403,0.0
19404,0.0
19405,0.0
19406,0.0
19407,0.0
19408,0.0
19409,0.0
19410,0.0
19411,0.0
19412,0.0
19413,0.0
19414,0.0
19415,0.0
19416,0.0
19417,0.0
19418,0.0
19419,0.0
19420,0.0
19421,0.0
19422,0.0
19423,0.0
19424,0.0
19425,0.0
19426,0.0
19427,0.0
19428,0.0
19429,0.0
19430,0.0
19431,0.0
19432,0.0
19433,0.0
19434,0.0
19435,0.0
19436,0.0
19437,0.0
19438,0.0
19439,0.0
19440,0.0
19441,0.0
19442,0.0
19443,0.0
19444,0.0
19445,0.0
19446,0.0
19447,0.0
19448,0.0
19449,0.0
19450,0.0
19451,0.0
19452,0.0
19453,0.0
19454,0.0
19455,0.0
19456,0.0
19457,0.0
19458,0.0
19459,0.0
19460,0.0
19461,0.0
19462,0.0
19463,0.0
19464,0.0
19465,0.0
19466,0.0
19467,0.0
19468,0.0
19469,0.0
19470,0.0
19471,0.0
19472,0.0
19473,0.0
19474,0.0
19475,0.0
19476,0.0
19477,0.0
19478,0.0
19479,0.0
19480,0.0
19481,0.0
19482,0.0
19483,0.0
19484,0.0
19485,0.0
19486,0.0
19487,0.0
19488,0.0
19489,0.0
19490,0.0
19491,0.0
19492,55.0
19493,0.0
19494,0.0
19495,0.0
19496,0.0
19497,0.0
19498,0.0
19499,0.0
19500,0.0
19501,0.0
19502,0.0
19503,0.0
19504,0.0
19505,0.0
19506,0.0
19507,0.0
19508,0.0
19509,0.0
19510,0.0
19511,0.0
19512,0.0
19513,0.0
19514,0.0
19515,0.0
19516,0.0
19517,0.0
19518,0.0
19519,0.0
19520,0.0
19521,0.0
19522,0.0
19523,0.0
19524,0.0
19525,0.0
19526,0.0
19527,0.0
19528,0.0
19529,0.0
19530,0.0
19531,0.0
19532,0.0
19533,0.0
19534,0.0
19535,55.0
19536,186.0
19537,110.0
19538,186.0
19539,186.0
19540,186.0
19541,186.0
19542,186.0
19543,186.0
19544,186.0
19545,186.0
19546,186.0
19547,186.0
19548,186.0
19549,264.0
19550,264.0
19551,264.0
19552,186.0
19553,186.0
19554,186.0
19555,264.0
19556,186.0
19557,186.0
19558,186.0
19559,55.0
19560,0.0
19561,55.0
19562,55.0
19563,0.0
19564,55.0
19565,110.0
19566,55.0
19567,55.0
19568,55.0
19569,0.0
19570,0.0
19571,0.0
19572,0.0
19573,0.0
19574,0.0
19575,0.0
19576,0.0
19577,0.0
19578,0.0
19579,0.0
19580,0.0
19581,0.0
19582,0.0
19583,55.0
19584,110.0
19585,0.0
19586,0.0
19587,0.0
19588,0.0
19589,0.0
19590,0.0
19591,0.0
19592,0.0
19593,0.0
19594,0.0
19595,0.0
19596,0.0
19597,0.0
19598,0.0
19599,0.0
19600,0.0
19601,0.0
19602,0.0
19603,0.0
19604,0.0
19605,0.0
19606,0.0
19607,0.0
19608,0.0
19609,0.0
19610,186.0
19611,55.0
19612,0.0
19613,55.0
19614,0.0
19615,55.0
19616,110.0
19617,0.0
19618,0.0
19619,0.0
19620,0.0
19621,0.0
19622,0.0
19623,0.0
19624,0.0
19625,0.0
19626,0.0
19627,0.0
19628,0.0
19629,0.0
19630,0.0
19631,0.0
19632,0.0
19633,0.0
19634,0.0
19635,0.0
19636,0.0
19637,0.0
19638,0.0
19639,0.0
19640,0.0
19641,0.0
19642,0.0
19643,0.0
19644,0.0
19645,0.0
19646,0.0
19647,0.0
19648,0.0
19649,0.0
19650,0.0
19651,0.0
19652,0.0
19653,0.0
19654,0.0
19655,0.0
19656,0.0
19657,0.0
19658,0.0
19659,110.0
19660,186.0
19661,264.0
19662,264.0
19663,264.0
19664,264.0
19665,264.0
19666,186.0
19667,264.0
19668,186.0
19669,186.0
19670,186.0
19671,186.0
19672,186.0
19673,186.0
19674,186.0
19675,264.0
19676,186.0
19677,186.0
19678,186.0
19679,186.0
19680,186.0
19681,186.0
19682,186.0
19683,186.0
19684,186.0
19685,186.0
19686,186.0
19687,186.0
19688,186.0
19689,110.0
19690,186.0
19691,186.0
19692,110.0
19693,110.0
19694,110.0
19695,110.0
19696,110.0
19697,110.0
19698,110.0
19699,110.0
19700,186.0
19701,186.0
19702,186.0
19703,110.0
19704,0.0
19705,0.0
19706,0.0
19707,0.0
19708,0.0
19709,0.0
19710,0.0
19711,0.0
19712,0.0
19713,0.0
19714,0.0
19715,0.0
19716,0.0
19717,0.0
19718,0.0
19719,0.0
19720,0.0
19721,0.0
19722,110.0
19723,110.0
19724,55.0
19725,55.0
19726,55.0
19727,55.0
19728,110.0
19729,110.0
19730,110.0
19731,110.0
19732,55.0
19733,110.0
19734,264.0
19735,264.0
19736,264.0
19737,186.0
19738,55.0
19739,110.0
19740,186.0
19741,264.0
19742,342.0
19743,186.0
19744,110.0
19745,186.0
19746,186.0
19747,186.0
19748,264.0
19749,264.0
19750,186.0
19751,186.0
19752,186.0
19753,110.0
19754,186.0
19755,186.0
19756,0.0
19757,110.0
19758,186.0
19759,264.0
19760,342.0
19761,264.0
19762,342.0
19763,186.0
19764,424.0
19765,342.0
19766,342.0
19767,342.0
19768,424.0
19769,186.0
19770,424.0
19771,264.0
19772,264.0
19773,342.0
19774,264.0
19775,424.0
19776,424.0
19777,424.0
19778,424.0
19779,424.0
19780,342.0
19781,342.0
19782,424.0
19783,424.0
19784,424.0
19785,342.0
19786,342.0
19787,424.0
19788,342.0
19789,342.0
19790,342.0
19791,264.0
19792,264.0
19793,264.0
19794,186.0
19795,342.0
19796,342.0
19797,264.0
19798,342.0
19799,264.0
19800,342.0
19801,342.0
19802,342.0
19803,342.0
19804,342.0
19805,424.0
19806,424.0
19807,424.0
19808,424.0
19809,506.0
19810,506.0
19811,506.0
19812,506.0
19813,506.0
19814,506.0
19815,424.0
19816,424.0
19817,424.0
19818,342.0
19819,424.0
19820,506.0
19821,506.0
19822,618.0
19823,506.0
19824,506.0
19825,618.0
19826,506.0
19827,618.0
19828,730.0
19829,999.0
19830,1391.0
19831,1391.0
19832,1195.0
19833,865.0
19834,618.0
19835,424.0
19836,342.0
19837,186.0
19838,55.0
19839,110.0
19840,342.0
19841,506.0
19842,506.0
19843,264.0
19844,264.0
19845,342.0
19846,342.0
19847,342.0
19848,342.0
19849,342.0
19850,342.0
19851,264.0
19852,186.0
19853,110.0
19854,55.0
19855,110.0
19856,110.0
19857,186.0
19858,55.0
19859,55.0
19860,110.0
19861,110.0
19862,55.0
19863,264.0
19864,110.0
19865,186.0
19866,264.0
19867,186.0
19868,342.0
19869,264.0
19870,186.0
19871,0.0
19872,55.0
19873,264.0
19874,186.0
19875,110.0
19876,186.0
19877,110.0
19878,186.0
19879,186.0
19880,264.0
19881,186.0
19882,110.0
19883,110.0
19884,55.0
19885,0.0
19886,0.0
19887,0.0
19888,0.0
19889,0.0
19890,0.0
19891,0.0
19892,0.0
19893,0.0
19894,0.0
19895,55.0
19896,0.0
19897,0.0
19898,0.0
19899,186.0
19900,110.0
19901,55.0
19902,0.0
19903,0.0
19904,0.0
19905,0.0
19906,0.0
19907,0.0
19908,0.0
19909,0.0
19910,0.0
19911,0.0
19912,110.0
19913,0.0
19914,0.0
19915,0.0
19916,0.0
19917,55.0
19918,0.0
19919,0.0
19920,110.0
19921,264.0
19922,424.0
19923,342.0
19924,424.0
19925,506.0
19926,342.0
19927,342.0
19928,264.0
19929,264.0
19930,342.0
19931,186.0
19932,186.0
19933,110.0
19934,186.0
19935,110.0
19936,186.0
19937,55.0
19938,0.0
19939,0.0
19940,110.0
19941,186.0
19942,186.0
19943,264.0
19944,264.0
19945,264.0
19946,342.0
19947,342.0
19948,424.0
19949,424.0
19950,506.0
19951,506.0
19952,424.0
19953,424.0
19954,730.0
19955,618.0
19956,618.0
19957,999.0
19958,618.0
19959,999.0
19960,865.0
19961,730.0
19962,865.0
19963,424.0
19964,1195.0
19965,999.0
19966,865.0
19967,730.0
19968,1195.0
19969,1195.0
19970,999.0
19971,730.0
19972,999.0
19973,1724.0
19974,618.0
19975,424.0
19976,424.0
19977,506.0
19978,506.0
19979,424.0
19980,424.0
19981,424.0
19982,424.0
19983,342.0
19984,424.0
19985,186.0
19986,264.0
19987,264.0
19988,110.0
19989,264.0
19990,342.0
19991,264.0
19992,424.0
19993,424.0
19994,424.0
19995,618.0
19996,342.0
19997,342.0
19998,342.0
19999,264.0
20000,264.0
20001,342.0
20002,264.0
20003,110.0
20004,264.0
20005,342.0
20006,424.0
20007,342.0
20008,264.0
20009,186.0
20010,264.0
20011,264.0
20012,342.0
20013,264.0
20014,264.0
20015,264.0
20016,186.0
20017,342.0
20018,342.0
20019,342.0
20020,342.0
20021,264.0
20022,264.0
20023,424.0
20024,424.0
20025,506.0
20026,424.0
20027,424.0
20028,618.0
20029,506.0
20030,264.0
20031,186.0
20032,186.0
20033,186.0
20034,264.0
20035,506.0
20036,342.0
20037,264.0
20038,264.0
20039,110.0
20040,186.0
20041,342.0
20042,342.0
20043,264.0
20044,110.0
20045,55.0
20046,264.0
20047,342.0
20048,342.0
20049,342.0
20050,186.0
20051,264.0
20052,342.0
20053,186.0
20054,186.0
20055,55.0
20056,186.0
20057,264.0
20058,110.0
20059,264.0
20060,186.0
20061,264.0
20062,186.0
20063,110.0
20064,55.0
20065,55.0
20066,55.0
20067,0.0
20068,0.0
20069,55.0
20070,110.0
20071,55.0
20072,55.0
20073,618.0
20074,618.0
20075,424.0
20076,424.0
20077,264.0
20078,264.0
20079,110.0
20080,110.0
20081,110.0
20082,264.0
20083,264.0
20084,110.0
20085,264.0
20086,264.0
20087,186.0
20088,186.0
20089,264.0
20090,342.0
20091,342.0
20092,264.0
20093,264.0
20094,186.0
20095,110.0
20096,110.0
20097,110.0
20098,110.0
20099,110.0
20100,186.0
20101,264.0
20102,264.0
20103,264.0
20104,264.0
20105,186.0
20106,186.0
20107,186.0
20108,186.0
20109,186.0
20110,186.0
20111,264.0
20112,342.0
20113,342.0
20114,264.0
20115,264.0
20116,264.0
20117,186.0
20118,264.0
20119,342.0
20120,264.0
20121,186.0
20122,264.0
20123,186.0
20124,186.0
20125,186.0
20126,186.0
20127,424.0
20128,342.0
20129,342.0
20130,342.0
20131,264.0
20132,186.0
20133,186.0
20134,264.0
20135,264.0
20136,264.0
20137,264.0
20138,264.0
20139,342.0
20140,342.0
20141,264.0
20142,342.0
20143,424.0
20144,424.0
20145,342.0
20146,342.0
20147,424.0
20148,342.0
20149,342.0
20150,342.0
20151,424.0
20152,506.0
20153,506.0
20154,342.0
20155,424.0
20156,342.0
20157,342.0
20158,424.0
20159,342.0
20160,264.0
20161,186.0
20162,0.0
20163,186.0
20164,55.0
20165,55.0
20166,110.0
20167,186.0
20168,186.0
20169,264.0
20170,342.0
20171,110.0
20172,110.0
20173,186.0
20174,110.0
20175,186.0
20176,110.0
20177,0.0
20178,110.0
20179,186.0
20180,110.0
20181,55.0
20182,0.0
20183,0.0
20184,0.0
20185,0.0
20186,0.0
20187,0.0
20188,0.0
20189,0.0
20190,0.0
20191,0.0
20192,0.0
20193,110.0
20194,0.0
20195,0.0
20196,0.0
20197,0.0
20198,0.0
20199,55.0
20200,55.0
20201,55.0
20202,55.0
20203,55.0
20204,110.0
20205,55.0
20206,0.0
20207,0.0
20208,0.0
20209,0.0
20210,0.0
20211,0.0
20212,0.0
20213,0.0
20214,0.0
20215,0.0
20216,110.0
20217,110.0
20218,110.0
20219,110.0
20220,55.0
20221,110.0
20222,110.0
20223,55.0
20224,0.0
20225,0.0
20226,0.0
20227,0.0
20228,0.0
20229,0.0
20230,0.0
20231,0.0
20232,0.0
20233,0.0
20234,0.0
20235,0.0
20236,0.0
20237,0.0
20238,0.0
20239,0.0
20240,0.0
20241,0.0
20242,0.0
20243,0.0
20244,0.0
20245,0.0
20246,0.0
20247,0.0
20248,0.0
20249,0.0
20250,0.0
20251,0.0
20252,0.0
20253,0.0
20254,0.0
20255,0.0
20256,0.0
20257,0.0
20258,0.0
20259,0.0
20260,0.0
20261,0.0
20262,0.0
20263,0.0
20264,0.0
20265,55.0
20266,110.0
20267,186.0
20268,264.0
20269,186.0
20270,110.0
20271,55.0
20272,0.0
20273,55.0
20274,186.0
20275,110.0
20276,110.0
20277,110.0
20278,186.0
20279,264.0
20280,264.0
20281,264.0
20282,186.0
20283,186.0
20284,186.0
20285,186.0
20286,110.0
20287,264.0
20288,264.0
20289,342.0
20290,264.0
20291,264.0
20292,264.0
20293,110.0
20294,55.0
20295,186.0
20296,186.0
20297,186.0
20298,186.0
20299,55.0
20300,186.0
20301,0.0
20302,110.0
20303,0.0
20304,186.0
20305,110.0
20306,186.0
20307,55.0
20308,186.0
20309,110.0
20310,55.0
20311,0.0
20312,186.0
20313,110.0
20314,0.0
20315,55.0
20316,110.0
20317,110.0
20318,110.0
20319,55.0
20320,110.0
20321,110.0
20322,186.0
20323,0.0
20324,0.0
20325,0.0
20326,186.0
20327,186.0
20328,0.0
20329,0.0
20330,55.0
20331,110.0
20332,186.0
20333,110.0
20334,186.0
20335,186.0
20336,186.0
20337,186.0
20338,110.0
20339,186.0
20340,264.0
20341,264.0
20342,264.0
20343,186.0
20344,186.0
20345,264.0
20346,264.0
20347,186.0
20348,186.0
20349,186.0
20350,264.0
20351,342.0
20352,342.0
20353,342.0
20354,264.0
20355,264.0
20356,342.0
20357,342.0
20358,342.0
20359,424.0
20360,342.0
20361,264.0
20362,264.0
20363,264.0
20364,186.0
20365,264.0
20366,264.0
20367,264.0
20368,264.0
20369,186.0
20370,186.0
20371,186.0
20372,110.0
20373,110.0
20374,110.0
20375,186.0
20376,186.0
20377,186.0
20378,186.0
20379,186.0
20380,186.0
20381,110.0
20382,186.0
20383,186.0
20384,186.0
20385,186.0
20386,186.0
20387,186.0
20388,186.0
20389,264.0
20390,264.0
20391,264.0
20392,264.0
20393,186.0
20394,264.0
20395,186.0
20396,110.0
20397,186.0
20398,186.0
20399,186.0
20400,110.0
20401,110.0
20402,110.0
20403,110.0
20404,110.0
20405,110.0
20406,110.0
20407,110.0
20408,110.0
20409,110.0
20410,55.0
20411,55.0
20412,55.0
20413,55.0
20414,0.0
20415,0.0
20416,0.0
20417,0.0
20418,0.0
20419,0.0
20420,0.0
20421,0.0
20422,0.0
20423,0.0
20424,0.0
20425,0.0
20426,0.0
20427,0.0
20428,0.0
20429,110.0
20430,110.0
20431,186.0
20432,186.0
20433,110.0
20434,186.0
20435,110.0
20436,55.0
20437,0.0
20438,186.0
20439,264.0
20440,264.0
20441,0.0
20442,55.0
20443,0.0
20444,55.0
20445,0.0
20446,55.0
20447,0.0
20448,264.0
20449,110.0
20450,0.0
20451,0.0
20452,110.0
20453,55.0
20454,0.0
20455,55.0
20456,55.0
20457,0.0
20458,0.0
20459,0.0
20460,0.0
20461,0.0
20462,0.0
20463,0.0
20464,0.0
20465,0.0
20466,0.0
20467,0.0
20468,0.0
20469,0.0
20470,0.0
20471,0.0
20472,0.0
20473,0.0
20474,0.0
20475,0.0
20476,0.0
20477,0.0
20478,55.0
20479,55.0
20480,0.0
20481,0.0
20482,0.0
20483,0.0
20484,0.0
20485,0.0
20486,0.0
20487,0.0
20488,0.0
20489,0.0
20490,0.0
20491,0.0
20492,0.0
20493,0.0
20494,0.0
20495,0.0
20496,0.0
20497,0.0
20498,0.0
20499,0.0
20500,0.0
20501,0.0
20502,0.0
20503,0.0
20504,0.0
20505,0.0
20506,110.0
20507,55.0
20508,0.0
20509,55.0
20510,55.0
20511,55.0
20512,55.0
20513,110.0
20514,110.0
20515,186.0
20516,186.0
20517,110.0
20518,55.0
20519,110.0
20520,110.0
20521,55.0
20522,55.0
20523,110.0
20524,186.0
20525,110.0
20526,186.0
20527,110.0
20528,110.0
20529,110.0
20530,110.0
20531,264.0
20532,342.0
20533,342.0
20534,342.0
20535,342.0
20536,342.0
20537,342.0
20538,342.0
20539,424.0
20540,424.0
20541,424.0
20542,424.0
20543,424.0
20544,424.0
20545,424.0
20546,424.0
20547,424.0
20548,424.0
20549,424.0
20550,424.0
20551,424.0
20552,342.0
20553,342.0
20554,342.0
20555,342.0
20556,424.0
20557,342.0
20558,264.0
20559,186.0
20560,110.0
20561,110.0
20562,110.0
20563,110.0
20564,55.0
20565,110.0
20566,55.0
20567,110.0
20568,55.0
20569,55.0
20570,110.0
20571,110.0
20572,110.0
20573,186.0
20574,264.0
20575,110.0
20576,186.0
20577,264.0
20578,264.0
20579,342.0
20580,264.0
20581,186.0
20582,264.0
20583,110.0
20584,264.0
20585,264.0
20586,186.0
20587,264.0
20588,264.0
20589,264.0
20590,264.0
20591,264.0
20592,186.0
20593,264.0
20594,342.0
20595,424.0
20596,424.0
20597,424.0
20598,424.0
20599,424.0
20600,424.0
20601,342.0
20602,506.0
20603,506.0
20604,618.0
20605,618.0
20606,865.0
20607,618.0
20608,424.0
20609,506.0
20610,618.0
20611,506.0
20612,506.0
20613,424.0
20614,424.0
20615,424.0
20616,424.0
20617,506.0
20618,424.0
20619,424.0
20620,506.0
20621,264.0
20622,342.0
20623,424.0
20624,342.0
20625,506.0
20626,424.0
20627,424.0
20628,424.0
20629,506.0
20630,506.0
20631,506.0
20632,424.0
20633,342.0
20634,342.0
20635,424.0
20636,424.0
20637,264.0
20638,186.0
20639,186.0
20640,110.0
20641,110.0
20642,186.0
20643,186.0
20644,186.0
20645,186.0
20646,110.0
20647,110.0
20648,110.0
20649,264.0
20650,342.0
20651,506.0
20652,618.0
20653,618.0
20654,618.0
20655,506.0
20656,506.0
20657,506.0
20658,506.0
20659,730.0
20660,730.0
20661,618.0
20662,618.0
20663,506.0
20664,506.0
20665,506.0
20666,506.0
20667,342.0
20668,264.0
20669,264.0
20670,186.0
20671,186.0
20672,186.0
20673,186.0
20674,186.0
20675,186.0
20676,186.0
20677,186.0
20678,186.0
20679,110.0
20680,55.0
20681,0.0
20682,0.0
20683,0.0
20684,0.0
20685,0.0
20686,0.0
20687,0.0
20688,0.0
20689,0.0
20690,0.0
20691,0.0
20692,0.0
20693,0.0
20694,0.0
20695,0.0
20696,0.0
20697,0.0
20698,0.0
20699,0.0
20700,0.0
20701,0.0
20702,0.0
20703,0.0
20704,0.0
20705,0.0
20706,0.0
20707,0.0
20708,0.0
20709,0.0
20710,0.0
20711,0.0
20712,0.0
20713,0.0
20714,0.0
20715,0.0
20716,0.0
20717,0.0
20718,0.0
20719,0.0
20720,0.0
20721,0.0
20722,0.0
20723,0.0
20724,0.0
20725,0.0
20726,0.0
20727,0.0
20728,0.0
20729,110.0
20730,0.0
20731,0.0
20732,0.0
20733,0.0
20734,0.0
20735,0.0
20736,0.0
20737,0.0
20738,0.0
20739,55.0
20740,0.0
20741,55.0
20742,0.0
20743,0.0
20744,0.0
20745,0.0
20746,0.0
20747,0.0
20748,0.0
20749,0.0
20750,0.0
20751,0.0
20752,0.0
20753,110.0
20754,186.0
20755,0.0
20756,55.0
20757,110.0
20758,110.0
20759,186.0
20760,110.0
20761,110.0
20762,110.0
20763,0.0
20764,186.0
20765,264.0
20766,186.0
20767,186.0
20768,186.0
20769,186.0
20770,186.0
20771,186.0
20772,186.0
20773,264.0
20774,264.0
20775,186.0
20776,186.0
20777,110.0
20778,186.0
20779,186.0
20780,264.0
20781,264.0
20782,264.0
20783,424.0
20784,424.0
20785,424.0
20786,424.0
20787,342.0
20788,342.0
20789,342.0
20790,424.0
20791,424.0
20792,424.0
20793,424.0
20794,424.0
20795,506.0
20796,618.0
20797,424.0
20798,342.0
20799,342.0
20800,342.0
20801,424.0
20802,342.0
20803,342.0
20804,264.0
20805,186.0
20806,186.0
20807,110.0
20808,186.0
20809,55.0
20810,55.0
20811,55.0
20812,186.0
20813,186.0
20814,186.0
20815,264.0
20816,342.0
20817,342.0
20818,424.0
20819,506.0
20820,424.0
20821,264.0
20822,264.0
20823,186.0
20824,264.0
20825,264.0
20826,342.0
20827,342.0
20828,424.0
20829,342.0
20830,264.0
20831,342.0
20832,342.0
20833,342.0
20834,264.0
20835,342.0
20836,342.0
20837,342.0
20838,264.0
20839,264.0
20840,264.0
20841,186.0
20842,186.0
20843,186.0
20844,186.0
20845,186.0
20846,110.0
20847,186.0
20848,186.0
20849,186.0
20850,110.0
20851,110.0
20852,55.0
20853,110.0
20854,186.0
20855,110.0
20856,110.0
20857,110.0
20858,186.0
20859,110.0
20860,110.0
20861,55.0
20862,186.0
20863,186.0
20864,186.0
20865,264.0
20866,186.0
20867,264.0
20868,264.0
20869,264.0
20870,264.0
20871,264.0
20872,342.0
20873,342.0
20874,342.0
20875,264.0
20876,342.0
20877,424.0
20878,342.0
20879,506.0
20880,342.0
20881,342.0
20882,424.0
20883,342.0
20884,342.0
20885,264.0
20886,342.0
20887,424.0
20888,342.0
20889,424.0
20890,424.0
20891,342.0
20892,506.0
20893,424.0
20894,506.0
20895,424.0
20896,506.0
20897,342.0
20898,424.0
20899,506.0
20900,618.0
20901,424.0
20902,506.0
20903,618.0
20904,506.0
20905,618.0
20906,506.0
20907,506.0
20908,506.0
20909,424.0
20910,424.0
20911,506.0
20912,506.0
20913,342.0
20914,618.0
20915,424.0
20916,506.0
20917,424.0
20918,506.0
20919,618.0
20920,618.0
20921,618.0
20922,618.0
20923,506.0
20924,424.0
20925,424.0
20926,506.0
20927,506.0
20928,506.0
20929,506.0
20930,618.0
20931,730.0
20932,618.0
20933,865.0
20934,730.0
20935,618.0
20936,506.0
20937,506.0
20938,506.0
20939,424.0
20940,424.0
20941,342.0
20942,342.0
20943,264.0
20944,342.0
20945,342.0
20946,424.0
20947,424.0
20948,424.0
20949,342.0
20950,424.0
20951,506.0
20952,424.0
20953,424.0
20954,506.0
20955,618.0
20956,618.0
20957,618.0
20958,618.0
20959,618.0
20960,730.0
20961,730.0
20962,999.0
20963,730.0
20964,999.0
20965,999.0
20966,1195.0
20967,999.0
20968,865.0
20969,730.0
20970,618.0
20971,506.0
20972,506.0
20973,618.0
20974,730.0
20975,618.0
20976,506.0
20977,424.0
20978,424.0
20979,506.0
20980,506.0
20981,424.0
20982,424.0
20983,506.0
20984,618.0
20985,618.0
20986,618.0
20987,424.0
20988,424.0
20989,424.0
20990,424.0
20991,424.0
20992,506.0
20993,506.0
20994,618.0
20995,618.0
20996,730.0
20997,865.0
20998,506.0
20999,506.0
21000,730.0
21001,618.0
21002,618.0
21003,618.0
21004,999.0
21005,999.0
21006,865.0
21007,865.0
21008,865.0
21009,730.0
21010,618.0
21011,506.0
21012,618.0
21013,424.0
21014,506.0
21015,506.0
21016,506.0
21017,618.0
21018,506.0
21019,730.0
21020,506.0
21021,506.0
21022,424.0
21023,506.0
21024,506.0
21025,506.0
21026,506.0
21027,506.0
21028,506.0
21029,342.0
21030,424.0
21031,424.0
21032,506.0
21033,424.0
21034,342.0
21035,506.0
21036,424.0
21037,424.0
21038,424.0
21039,424.0
21040,424.0
21041,506.0
21042,506.0
21043,342.0
21044,506.0
21045,342.0
21046,342.0
21047,342.0
21048,264.0
21049,342.0
21050,342.0
21051,264.0
21052,424.0
21053,264.0
21054,342.0
21055,342.0
21056,342.0
21057,424.0
21058,424.0
21059,506.0
21060,424.0
21061,424.0
21062,424.0
21063,506.0
21064,424.0
21065,424.0
21066,424.0
21067,342.0
21068,424.0
21069,506.0
21070,506.0
21071,506.0
21072,506.0
21073,424.0
21074,424.0
21075,424.0
21076,424.0
21077,424.0
21078,424.0
21079,424.0
21080,264.0
21081,342.0
21082,506.0
21083,342.0
21084,342.0
21085,342.0
21086,342.0
21087,342.0
21088,342.0
21089,342.0
21090,342.0
21091,342.0
21092,424.0
21093,424.0
21094,342.0
21095,264.0
21096,264.0
21097,186.0
21098,186.0
21099,110.0
21100,55.0
21101,110.0
21102,186.0
21103,186.0
21104,186.0
21105,186.0
21106,264.0
21107,342.0
21108,342.0
21109,424.0
21110,342.0
21111,342.0
21112,424.0
21113,342.0
21114,264.0
21115,264.0
21116,342.0
21117,264.0
21118,342.0
21119,342.0
21120,264.0
21121,264.0
21122,264.0
21123,342.0
21124,264.0
21125,264.0
21126,186.0
21127,186.0
21128,186.0
21129,186.0
21130,186.0
21131,264.0
21132,186.0
21133,186.0
21134,186.0
21135,186.0
21136,110.0
21137,186.0
21138,186.0
21139,110.0
21140,110.0
21141,186.0
21142,186.0
21143,264.0
21144,110.0
21145,342.0
21146,264.0
21147,264.0
21148,264.0
21149,264.0
21150,186.0
21151,186.0
21152,186.0
21153,186.0
21154,186.0
21155,110.0
21156,110.0
21157,0.0
21158,0.0
21159,110.0
21160,55.0
21161,110.0
21162,55.0
21163,0.0
21164,110.0
21165,110.0
21166,186.0
21167,110.0
21168,110.0
21169,110.0
21170,186.0
21171,110.0
21172,186.0
21173,0.0
21174,0.0
21175,55.0
21176,264.0
21177,55.0
21178,0.0
21179,0.0
21180,0.0
21181,110.0
21182,110.0
21183,55.0
21184,110.0
21185,55.0
21186,110.0
21187,110.0
21188,0.0
21189,55.0
21190,0.0
21191,0.0
21192,0.0
21193,186.0
21194,186.0
21195,186.0
21196,264.0
21197,264.0
21198,342.0
21199,618.0
21200,424.0
21201,424.0
21202,506.0
21203,506.0
21204,342.0
21205,865.0
21206,730.0
21207,342.0
21208,186.0
21209,0.0
21210,618.0
21211,618.0
21212,264.0
21213,0.0
21214,0.0
21215,0.0
21216,0.0
21217,110.0
21218,186.0
21219,186.0
21220,264.0
21221,342.0
21222,264.0
21223,264.0
21224,186.0
21225,186.0
21226,186.0
21227,186.0
21228,264.0
21229,264.0
21230,264.0
21231,264.0
21232,264.0
21233,264.0
21234,342.0
21235,342.0
21236,264.0
21237,264.0
21238,342.0
21239,264.0
21240,186.0
21241,342.0
21242,342.0
21243,342.0
21244,264.0
21245,264.0
21246,342.0
21247,342.0
21248,424.0
21249,424.0
21250,506.0
21251,424.0
21252,342.0
21253,424.0
21254,424.0
21255,506.0
21256,342.0
21257,342.0
21258,186.0
21259,186.0
21260,110.0
21261,110.0
21262,110.0
21263,110.0
21264,55.0
21265,55.0
21266,55.0
21267,55.0
21268,110.0
21269,55.0
21270,55.0
21271,110.0
21272,0.0
21273,0.0
21274,0.0
21275,110.0
21276,110.0
21277,110.0
21278,0.0
21279,0.0
21280,110.0
21281,110.0
21282,110.0
21283,186.0
21284,186.0
21285,110.0
21286,264.0
21287,264.0
21288,264.0
21289,186.0
21290,186.0
21291,186.0
21292,186.0
21293,186.0
21294,186.0
21295,264.0
21296,264.0
21297,186.0
21298,264.0
21299,264.0
21300,186.0
21301,55.0
21302,186.0
21303,186.0
21304,264.0
21305,110.0
21306,110.0
21307,110.0
21308,55.0
21309,0.0
21310,110.0
21311,0.0
21312,110.0
21313,55.0
21314,110.0
21315,55.0
21316,55.0
21317,186.0
21318,110.0
21319,186.0
21320,186.0
21321,186.0
21322,186.0
21323,110.0
21324,110.0
21325,55.0
21326,55.0
21327,55.0
21328,55.0
21329,0.0
21330,55.0
21331,110.0
21332,110.0
21333,186.0
21334,264.0
21335,264.0
21336,264.0
21337,264.0
21338,264.0
21339,264.0
21340,264.0
21341,264.0
21342,186.0
21343,186.0
21344,186.0
21345,186.0
21346,264.0
21347,342.0
21348,342.0
21349,342.0
21350,342.0
21351,342.0
21352,342.0
21353,264.0
21354,264.0
21355,342.0
21356,424.0
21357,424.0
21358,506.0
21359,618.0
21360,618.0
21361,506.0
21362,730.0
21363,730.0
21364,618.0
21365,618.0
21366,506.0
21367,506.0
21368,618.0
21369,730.0
21370,730.0
21371,865.0
21372,999.0
21373,999.0
21374,865.0
21375,865.0
21376,730.0
21377,730.0
21378,730.0
21379,506.0
21380,506.0
21381,424.0
21382,424.0
21383,506.0
21384,424.0
21385,264.0
21386,424.0
21387,424.0
21388,424.0
21389,342.0
21390,618.0
21391,618.0
21392,424.0
21393,186.0
21394,342.0
21395,342.0
21396,424.0
21397,342.0
21398,186.0
21399,264.0
21400,186.0
21401,186.0
21402,186.0
21403,186.0
21404,264.0
21405,186.0
21406,55.0
21407,110.0
21408,110.0
21409,110.0
21410,110.0
21411,186.0
21412,186.0
21413,186.0
21414,186.0
21415,186.0
21416,264.0
21417,55.0
21418,110.0
21419,264.0
21420,264.0
21421,264.0
21422,264.0
21423,186.0
21424,342.0
21425,424.0
21426,424.0
21427,424.0
21428,424.0
21429,618.0
21430,618.0
21431,424.0
21432,506.0
21433,865.0
21434,865.0
21435,865.0
21436,999.0
21437,865.0
21438,618.0
21439,618.0
21440,618.0
21441,730.0
21442,618.0
21443,506.0
21444,730.0
21445,865.0
21446,730.0
21447,730.0
21448,506.0
21449,342.0
21450,506.0
21451,618.0
21452,618.0
21453,506.0
21454,506.0
21455,618.0
21456,618.0
21457,424.0
21458,506.0
21459,424.0
21460,424.0
21461,424.0
21462,342.0
21463,264.0
21464,264.0
21465,186.0
21466,186.0
21467,264.0
21468,110.0
21469,342.0
21470,342.0
21471,424.0
21472,424.0
21473,342.0
21474,342.0
21475,424.0
21476,264.0
21477,264.0
21478,342.0
21479,506.0
21480,506.0
21481,506.0
21482,424.0
21483,424.0
21484,424.0
21485,424.0
21486,506.0
21487,506.0
21488,424.0
21489,342.0
21490,342.0
21491,264.0
21492,342.0
21493,424.0
21494,424.0
21495,424.0
21496,424.0
21497,424.0
21498,424.0
21499,506.0
21500,506.0
21501,506.0
21502,506.0
21503,506.0
21504,618.0
21505,618.0
21506,618.0
21507,730.0
21508,730.0
21509,618.0
21510,506.0
21511,506.0
21512,424.0
21513,506.0
21514,424.0
21515,264.0
21516,186.0
21517,186.0
21518,186.0
21519,110.0
21520,186.0
21521,342.0
21522,342.0
21523,264.0
21524,186.0
21525,264.0
21526,264.0
21527,264.0
21528,506.0
21529,506.0
21530,424.0
21531,342.0
21532,264.0
21533,342.0
21534,342.0
21535,264.0
21536,264.0
21537,186.0
21538,264.0
21539,186.0
21540,0.0
21541,0.0
21542,0.0
21543,55.0
21544,342.0
21545,342.0
21546,264.0
21547,264.0
21548,264.0
21549,264.0
21550,264.0
21551,264.0
21552,342.0
21553,186.0
21554,342.0
21555,264.0
21556,264.0
21557,342.0
21558,342.0
21559,342.0
21560,424.0
21561,342.0
21562,424.0
21563,424.0
21564,342.0
21565,424.0
21566,264.0
21567,264.0
21568,342.0
21569,342.0
21570,342.0
21571,342.0
21572,264.0
21573,506.0
21574,424.0
21575,342.0
21576,264.0
21577,264.0
21578,342.0
21579,342.0
21580,264.0
21581,424.0
21582,424.0
21583,424.0
21584,342.0
21585,342.0
21586,424.0
21587,506.0
21588,506.0
21589,424.0
21590,424.0
21591,424.0
21592,342.0
21593,342.0
21594,342.0
21595,342.0
21596,342.0
21597,424.0
21598,342.0
21599,264.0
21600,342.0
21601,264.0
21602,186.0
21603,264.0
21604,264.0
21605,186.0
21606,424.0
21607,342.0
21608,424.0
21609,342.0
21610,264.0
21611,424.0
21612,342.0
21613,424.0
21614,186.0
21615,110.0
21616,264.0
21617,186.0
21618,264.0
21619,264.0
21620,264.0
21621,342.0
21622,264.0
21623,110.0
21624,55.0
21625,55.0
21626,55.0
21627,0.0
21628,55.0
21629,55.0
21630,110.0
21631,186.0
21632,186.0
21633,264.0
21634,264.0
21635,264.0
21636,342.0
21637,264.0
21638,264.0
21639,264.0
21640,424.0
21641,424.0
21642,342.0
21643,424.0
21644,342.0
21645,342.0
21646,424.0
21647,424.0
21648,342.0
21649,342.0
21650,342.0
21651,424.0
21652,424.0
21653,424.0
21654,342.0
21655,342.0
21656,342.0
21657,342.0
21658,424.0
21659,424.0
21660,424.0
21661,424.0
21662,342.0
21663,342.0
21664,342.0
21665,264.0
21666,264.0
21667,186.0
21668,264.0
21669,264.0
21670,264.0
21671,264.0
21672,264.0
21673,264.0
21674,186.0
21675,110.0
21676,110.0
21677,110.0
21678,186.0
21679,186.0
21680,186.0
21681,186.0
21682,186.0
21683,186.0
21684,55.0
21685,55.0
21686,0.0
21687,0.0
21688,0.0
21689,0.0
21690,0.0
21691,0.0
21692,0.0
21693,0.0
21694,0.0
21695,0.0
21696,0.0
21697,0.0
21698,0.0
21699,0.0
21700,0.0
21701,0.0
21702,0.0
21703,0.0
21704,0.0
21705,0.0
21706,0.0
21707,0.0
21708,0.0
21709,0.0
21710,0.0
21711,0.0
21712,0.0
21713,0.0
21714,0.0
21715,0.0
21716,0.0
21717,0.0
21718,0.0
21719,0.0
21720,0.0
21721,0.0
21722,55.0
21723,0.0
21724,0.0
21725,0.0
21726,55.0
21727,0.0
21728,0.0
21729,0.0
21730,0.0
21731,0.0
21732,55.0
21733,0.0
21734,0.0
21735,55.0
21736,110.0
21737,0.0
21738,0.0
21739,55.0
21740,55.0
21741,0.0
21742,0.0
21743,0.0
21744,186.0
21745,264.0
21746,186.0
21747,186.0
21748,186.0
21749,186.0
21750,110.0
21751,55.0
21752,186.0
21753,55.0
21754,110.0
21755,55.0
21756,110.0
21757,186.0
21758,110.0
21759,186.0
21760,110.0
21761,110.0
21762,55.0
21763,0.0
21764,55.0
21765,110.0
21766,186.0
21767,110.0
21768,55.0
21769,110.0
21770,264.0
21771,264.0
21772,264.0
21773,264.0
21774,342.0
21775,342.0
21776,342.0
21777,264.0
21778,264.0
21779,264.0
21780,264.0
21781,342.0
21782,264.0
21783,264.0
21784,264.0
21785,264.0
21786,342.0
21787,264.0
21788,264.0
21789,264.0
21790,186.0
21791,186.0
21792,186.0
21793,110.0
21794,110.0
21795,186.0
21796,186.0
21797,186.0
21798,264.0
21799,186.0
21800,186.0
21801,186.0
21802,264.0
21803,186.0
21804,110.0
21805,110.0
21806,110.0
21807,110.0
21808,55.0
21809,110.0
21810,55.0
21811,110.0
21812,110.0
21813,55.0
21814,110.0
21815,110.0
21816,110.0
21817,55.0
21818,55.0
21819,0.0
21820,0.0
21821,0.0
21822,0.0
21823,0.0
21824,0.0
21825,0.0
21826,0.0
21827,0.0
21828,0.0
21829,0.0
21830,0.0
21831,0.0
21832,0.0
21833,0.0
21834,0.0
21835,0.0
21836,0.0
21837,0.0
21838,0.0
21839,0.0
21840,0.0
21841,0.0
21842,0.0
21843,0.0
21844,0.0
21845,0.0
21846,0.0
21847,0.0
21848,0.0
21849,0.0
21850,0.0
21851,0.0
21852,0.0
21853,0.0
21854,0.0
21855,0.0
21856,0.0
21857,0.0
21858,0.0
21859,0.0
21860,0.0
21861,0.0
21862,0.0
21863,0.0
21864,0.0
21865,0.0
21866,0.0
21867,0.0
21868,0.0
21869,0.0
21870,0.0
21871,0.0
21872,0.0
21873,0.0
21874,0.0
21875,0.0
21876,0.0
21877,0.0
21878,0.0
21879,0.0
21880,0.0
21881,0.0
21882,0.0
21883,0.0
21884,0.0
21885,0.0
21886,0.0
21887,0.0
21888,0.0
21889,0.0
21890,0.0
21891,0.0
21892,0.0
21893,0.0
21894,0.0
21895,0.0
21896,0.0
21897,0.0
21898,0.0
21899,0.0
21900,0.0
21901,0.0
21902,0.0
21903,0.0
21904,0.0
21905,0.0
21906,0.0
21907,0.0
21908,0.0
21909,0.0
21910,0.0
21911,0.0
21912,0.0
21913,0.0
21914,0.0
21915,0.0
21916,0.0
21917,0.0
21918,0.0
21919,0.0
21920,0.0
21921,0.0
21922,0.0
21923,110.0
21924,110.0
21925,186.0
21926,110.0
21927,110.0
21928,110.0
21929,186.0
21930,186.0
21931,186.0
21932,110.0
21933,110.0
21934,110.0
21935,110.0
21936,55.0
21937,110.0
21938,186.0
21939,110.0
21940,110.0
21941,110.0
21942,110.0
21943,55.0
21944,55.0
21945,55.0
21946,0.0
21947,0.0
21948,0.0
21949,0.0
21950,0.0
21951,0.0
21952,0.0
21953,0.0
21954,0.0
21955,0.0
21956,0.0
21957,0.0
21958,0.0
21959,0.0
21960,0.0
21961,0.0
21962,0.0
21963,55.0
21964,0.0
21965,0.0
21966,0.0
21967,110.0
21968,55.0
21969,0.0
21970,55.0
21971,0.0
21972,0.0
21973,0.0
21974,0.0
21975,0.0
21976,0.0
21977,0.0
21978,0.0
21979,0.0
21980,0.0
21981,0.0
21982,0.0
21983,0.0
21984,0.0
21985,0.0
21986,0.0
21987,0.0
21988,0.0
21989,0.0
21990,0.0
21991,0.0
21992,55.0
21993,0.0
21994,0.0
21995,0.0
21996,0.0
21997,110.0
21998,110.0
21999,0.0
22000,0.0
22001,110.0
22002,0.0
22003,110.0
22004,0.0
22005,264.0
22006,342.0
22007,424.0
22008,424.0
22009,264.0
22010,264.0
22011,0.0
22012,0.0
22013,506.0
22014,186.0
22015,0.0
22016,0.0
22017,0.0
22018,0.0
22019,0.0
22020,424.0
22021,424.0
22022,264.0
22023,55.0
22024,0.0
22025,0.0
22026,0.0
22027,0.0
22028,0.0
22029,186.0
22030,506.0
22031,730.0
22032,730.0
22033,618.0
22034,506.0
22035,342.0
22036,110.0
22037,0.0
22038,0.0
22039,0.0
22040,0.0
22041,0.0
22042,0.0
22043,0.0
22044,0.0
22045,0.0
22046,0.0
22047,0.0
22048,0.0
22049,0.0
22050,0.0
22051,0.0
22052,55.0
22053,110.0
22054,264.0
22055,264.0
22056,186.0
22057,186.0
22058,186.0
22059,55.0
22060,0.0
22061,0.0
22062,0.0
22063,0.0
22064,0.0
22065,0.0
22066,0.0
22067,0.0
22068,0.0
22069,0.0
22070,0.0
22071,0.0
22072,0.0
22073,0.0
22074,0.0
22075,0.0
22076,0.0
22077,0.0
22078,0.0
22079,0.0
22080,0.0
22081,0.0
22082,0.0
22083,0.0
22084,0.0
22085,186.0
22086,186.0
22087,186.0
22088,110.0
22089,0.0
22090,0.0
22091,0.0
22092,0.0
22093,0.0
22094,0.0
22095,0.0
22096,0.0
22097,0.0
22098,0.0
22099,0.0
22100,0.0
22101,110.0
22102,110.0
22103,110.0
22104,110.0
22105,110.0
22106,110.0
22107,186.0
22108,264.0
22109,186.0
22110,110.0
22111,110.0
22112,186.0
22113,342.0
22114,264.0
22115,186.0
22116,186.0
22117,264.0
22118,110.0
22119,55.0
22120,55.0
22121,0.0
22122,0.0
22123,0.0
22124,0.0
22125,0.0
22126,0.0
22127,0.0
22128,0.0
22129,0.0
22130,0.0
22131,0.0
22132,0.0
22133,0.0
22134,110.0
22135,186.0
22136,110.0
22137,55.0
22138,0.0
22139,0.0
22140,0.0
22141,0.0
22142,0.0
22143,0.0
22144,0.0
22145,55.0
22146,55.0
22147,110.0
22148,110.0
22149,110.0
22150,264.0
22151,264.0
22152,264.0
22153,186.0
22154,186.0
22155,186.0
22156,264.0
22157,264.0
22158,264.0
22159,110.0
22160,186.0
22161,186.0
22162,264.0
22163,110.0
22164,110.0
22165,186.0
22166,186.0
22167,342.0
22168,342.0
22169,342.0
22170,342.0
22171,55.0
22172,186.0
22173,186.0
22174,186.0
22175,110.0
22176,186.0
22177,55.0
22178,55.0
22179,110.0
22180,55.0
22181,186.0
22182,264.0
22183,110.0
22184,55.0
22185,55.0
22186,110.0
22187,110.0
22188,186.0
22189,110.0
22190,55.0
22191,55.0
22192,55.0
22193,0.0
22194,0.0
22195,0.0
22196,0.0
22197,0.0
22198,0.0
22199,0.0
22200,0.0
22201,0.0
22202,0.0
22203,0.0
22204,110.0
22205,264.0
22206,264.0
22207,342.0
22208,618.0
22209,506.0
22210,424.0
22211,264.0
22212,110.0
22213,264.0
22214,342.0
22215,424.0
22216,424.0
22217,730.0
22218,730.0
22219,506.0
22220,424.0
22221,424.0
22222,506.0
22223,424.0
22224,264.0
22225,424.0
22226,506.0
22227,730.0
22228,999.0
22229,730.0
22230,618.0
22231,424.0
22232,506.0
22233,506.0
22234,618.0
22235,506.0
22236,1391.0
22237,999.0
22238,865.0
22239,865.0
22240,424.0
22241,618.0
22242,999.0
22243,865.0
22244,730.0
22245,618.0
22246,730.0
22247,618.0
22248,506.0
22249,618.0
22250,730.0
22251,618.0
22252,730.0
22253,865.0
22254,865.0
22255,865.0
22256,730.0
22257,730.0
22258,506.0
22259,506.0
22260,618.0
22261,506.0
22262,506.0
22263,506.0
22264,506.0
22265,424.0
22266,506.0
22267,424.0
22268,618.0
22269,506.0
22270,506.0
22271,506.0
22272,730.0
22273,506.0
22274,424.0
22275,618.0
22276,506.0
22277,342.0
22278,342.0
22279,424.0
22280,342.0
22281,424.0
22282,342.0
22283,264.0
22284,110.0
22285,110.0
22286,110.0
22287,186.0
22288,264.0
22289,264.0
22290,186.0
22291,110.0
22292,110.0
22293,186.0
22294,186.0
22295,110.0
22296,186.0
22297,264.0
22298,264.0
22299,186.0
22300,186.0
22301,186.0
22302,264.0
22303,264.0
22304,342.0
22305,110.0
22306,264.0
22307,186.0
22308,264.0
22309,55.0
22310,186.0
22311,55.0
22312,55.0
22313,110.0
22314,110.0
22315,110.0
22316,0.0
22317,55.0
22318,110.0
22319,55.0
22320,110.0
22321,186.0
22322,0.0
22323,55.0
22324,110.0
22325,0.0
22326,0.0
22327,0.0
22328,0.0
22329,0.0
22330,0.0
22331,0.0
22332,0.0
22333,0.0
22334,55.0
22335,55.0
22336,55.0
22337,0.0
22338,0.0
22339,0.0
22340,0.0
22341,0.0
22342,0.0
22343,0.0
22344,0.0
22345,0.0
22346,0.0
22347,0.0
22348,0.0
22349,0.0
22350,0.0
22351,0.0
22352,0.0
22353,0.0
22354,0.0
22355,0.0
22356,0.0
22357,0.0
22358,0.0
22359,0.0
22360,0.0
22361,0.0
22362,0.0
22363,0.0
22364,0.0
22365,0.0
22366,0.0
22367,0.0
22368,0.0
22369,0.0
22370,0.0
22371,0.0
22372,0.0
22373,0.0
22374,55.0
22375,186.0
22376,264.0
22377,186.0
22378,0.0
22379,0.0
22380,0.0
22381,0.0
22382,55.0
22383,0.0
22384,0.0
22385,0.0
22386,0.0
22387,0.0
22388,0.0
22389,0.0
22390,0.0
22391,0.0
22392,0.0
22393,0.0
22394,0.0
22395,0.0
22396,0.0
22397,0.0
22398,0.0
22399,0.0
22400,0.0
22401,0.0
22402,0.0
22403,0.0
22404,0.0
22405,0.0
22406,0.0
22407,0.0
22408,0.0
22409,0.0
22410,0.0
22411,0.0
22412,0.0
22413,0.0
22414,0.0
22415,0.0
22416,0.0
22417,0.0
22418,0.0
22419,0.0
22420,0.0
22421,0.0
22422,0.0
22423,0.0
22424,0.0
22425,0.0
22426,0.0
22427,0.0
22428,0.0
22429,0.0
22430,0.0
22431,0.0
22432,0.0
22433,0.0
22434,0.0
22435,0.0
22436,0.0
22437,0.0
22438,0.0
22439,0.0
22440,0.0
22441,0.0
22442,0.0
22443,0.0
22444,55.0
22445,0.0
22446,0.0
22447,0.0
22448,0.0
22449,0.0
22450,0.0
22451,0.0
22452,0.0
22453,0.0
22454,0.0
22455,0.0
22456,0.0
22457,0.0
22458,0.0
22459,0.0
22460,0.0
22461,0.0
22462,0.0
22463,110.0
22464,0.0
22465,55.0
22466,0.0
22467,0.0
22468,0.0
22469,0.0
22470,0.0
22471,110.0
22472,0.0
22473,0.0
22474,0.0
22475,110.0
22476,110.0
22477,55.0
22478,0.0
22479,0.0
22480,0.0
22481,0.0
22482,0.0
22483,0.0
22484,0.0
22485,0.0
22486,0.0
22487,0.0
22488,55.0
22489,186.0
22490,186.0
22491,186.0
22492,264.0
22493,342.0
22494,342.0
22495,342.0
22496,342.0
22497,342.0
22498,506.0
22499,506.0
22500,618.0
22501,618.0
22502,506.0
22503,506.0
22504,506.0
22505,506.0
22506,618.0
22507,618.0
22508,618.0
22509,506.0
22510,506.0
22511,506.0
22512,618.0
22513,506.0
22514,506.0
22515,506.0
22516,506.0
22517,618.0
22518,865.0
22519,730.0
22520,618.0
22521,506.0
22522,506.0
22523,506.0
22524,618.0
22525,618.0
22526,506.0
22527,506.0
22528,618.0
22529,618.0
22530,506.0
22531,506.0
22532,618.0
22533,506.0
22534,506.0
22535,618.0
22536,999.0
22537,999.0
22538,1195.0
22539,865.0
22540,1195.0
22541,1391.0
22542,865.0
22543,730.0
22544,730.0
22545,730.0
22546,730.0
22547,1195.0
22548,999.0
22549,730.0
22550,865.0
22551,999.0
22552,865.0
22553,999.0
22554,1195.0
22555,1391.0
22556,865.0
22557,865.0
22558,999.0
22559,1828.0
22560,730.0
22561,999.0
22562,1391.0
22563,865.0
22564,999.0
22565,1558.0
22566,1909.0
22567,1828.0
22568,2044.0
22569,1724.0
22570,1909.0
22571,1909.0
22572,1828.0
22573,1828.0
22574,1391.0
22575,1724.0
22576,1195.0
22577,865.0
22578,1558.0
22579,1391.0
22580,1558.0
22581,1558.0
22582,1558.0
22583,865.0
22584,1391.0
22585,1558.0
22586,1828.0
22587,1558.0
22588,1828.0
22589,1960.0
22590,1960.0
22591,1909.0
22592,1909.0
22593,1724.0
22594,1558.0
22595,1909.0
22596,1828.0
22597,1724.0
22598,1724.0
22599,1960.0
22600,2002.0
22601,2044.0
22602,1724.0
22603,1391.0
22604,1558.0
22605,1724.0
22606,2025.0
22607,865.0
22608,506.0
22609,424.0
22610,424.0
22611,506.0
22612,865.0
22613,865.0
22614,506.0
22615,618.0
22616,342.0
22617,186.0
22618,342.0
22619,424.0
22620,424.0
22621,506.0
22622,506.0
22623,506.0
22624,506.0
22625,506.0
22626,506.0
22627,618.0
22628,618.0
22629,618.0
22630,865.0
22631,730.0
22632,424.0
22633,342.0
22634,342.0
22635,264.0
22636,110.0
22637,186.0
22638,264.0
22639,55.0
22640,55.0
22641,0.0
22642,0.0
22643,0.0
22644,186.0
22645,264.0
22646,264.0
22647,506.0
22648,506.0
22649,506.0
22650,506.0
22651,730.0
22652,999.0
22653,865.0
22654,999.0
22655,999.0
22656,1195.0
22657,1195.0
22658,999.0
22659,999.0
22660,1195.0
22661,865.0
22662,865.0
22663,999.0
22664,865.0
22665,865.0
22666,999.0
22667,999.0
22668,730.0
22669,730.0
22670,618.0
22671,618.0
22672,618.0
22673,618.0
22674,506.0
22675,618.0
22676,618.0
22677,506.0
22678,506.0
22679,424.0
22680,506.0
22681,506.0
22682,506.0
22683,618.0
22684,506.0
22685,618.0
22686,618.0
22687,865.0
22688,618.0
22689,506.0
22690,506.0
22691,618.0
22692,506.0
22693,424.0
22694,342.0
22695,424.0
22696,730.0
22697,730.0
22698,618.0
22699,999.0
22700,730.0
22701,506.0
22702,865.0
22703,865.0
22704,999.0
22705,865.0
22706,1391.0
22707,1391.0
22708,999.0
22709,1195.0
22710,1391.0
22711,1195.0
22712,999.0
22713,1391.0
22714,730.0
22715,730.0
22716,1195.0
22717,1724.0
22718,730.0
22719,999.0
22720,1909.0
22721,1391.0
22722,1195.0
22723,1391.0
22724,1724.0
22725,1195.0
22726,1828.0
22727,1195.0
22728,618.0
22729,999.0
22730,999.0
22731,1195.0
22732,1195.0
22733,730.0
22734,999.0
22735,999.0
22736,506.0
22737,506.0
22738,424.0
22739,424.0
22740,730.0
22741,506.0
22742,865.0
22743,618.0
22744,865.0
22745,730.0
22746,730.0
22747,506.0
22748,999.0
22749,999.0
22750,999.0
22751,424.0
22752,424.0
22753,424.0
22754,342.0
22755,506.0
22756,342.0
22757,618.0
22758,424.0
22759,342.0
22760,506.0
22761,506.0
22762,424.0
22763,342.0
22764,342.0
22765,342.0
22766,342.0
22767,342.0
22768,342.0
22769,264.0
22770,264.0
22771,186.0
22772,264.0
22773,342.0
22774,342.0
22775,264.0
22776,186.0
22777,110.0
22778,110.0
22779,110.0
22780,110.0
22781,186.0
22782,264.0
22783,264.0
22784,264.0
22785,264.0
22786,264.0
22787,342.0
22788,264.0
22789,342.0
22790,342.0
22791,342.0
22792,342.0
22793,342.0
22794,264.0
22795,264.0
22796,264.0
22797,264.0
22798,342.0
22799,342.0
22800,342.0
22801,264.0
22802,342.0
22803,342.0
22804,264.0
22805,264.0
22806,264.0
22807,186.0
22808,264.0
22809,264.0
22810,264.0
22811,264.0
22812,264.0
22813,264.0
22814,342.0
22815,342.0
22816,342.0
22817,342.0
22818,342.0
22819,264.0
22820,110.0
22821,110.0
22822,186.0
22823,186.0
22824,186.0
22825,264.0
22826,186.0
22827,186.0
22828,186.0
22829,264.0
22830,186.0
22831,186.0
22832,264.0
22833,264.0
22834,264.0
22835,264.0
22836,264.0
22837,110.0
22838,186.0
22839,55.0
22840,186.0
22841,110.0
22842,186.0
22843,186.0
22844,186.0
22845,186.0
22846,264.0
22847,264.0
22848,110.0
22849,55.0
22850,55.0
22851,0.0
22852,264.0
22853,264.0
22854,186.0
22855,264.0
22856,264.0
22857,342.0
22858,264.0
22859,264.0
22860,186.0
22861,342.0
22862,264.0
22863,342.0
22864,264.0
22865,110.0
22866,186.0
22867,264.0
22868,264.0
22869,264.0
22870,342.0
22871,264.0
22872,186.0
22873,264.0
22874,186.0
22875,264.0
22876,342.0
22877,264.0
22878,264.0
22879,186.0
22880,264.0
22881,264.0
22882,186.0
22883,186.0
22884,186.0
22885,186.0
22886,264.0
22887,264.0
22888,264.0
22889,264.0
22890,264.0
22891,186.0
22892,186.0
22893,264.0
22894,342.0
22895,342.0
22896,264.0
22897,264.0
22898,424.0
22899,424.0
22900,342.0
22901,342.0
22902,342.0
22903,424.0
22904,506.0
22905,424.0
22906,264.0
22907,342.0
22908,424.0
22909,424.0
22910,506.0
22911,618.0
22912,865.0
22913,730.0
22914,618.0
22915,506.0
22916,618.0
22917,424.0
22918,424.0
22919,618.0
22920,730.0
22921,618.0
22922,618.0
22923,730.0
22924,999.0
22925,1195.0
22926,999.0
22927,999.0
22928,999.0
22929,730.0
22930,618.0
22931,618.0
22932,730.0
22933,618.0
22934,999.0
22935,865.0
22936,865.0
22937,730.0
22938,999.0
22939,1558.0
22940,1195.0
22941,865.0
22942,730.0
22943,506.0
22944,342.0
22945,264.0
22946,0.0
22947,55.0
22948,55.0
22949,186.0
22950,342.0
22951,342.0
22952,342.0
22953,342.0
22954,110.0
22955,264.0
22956,186.0
22957,186.0
22958,186.0
22959,342.0
22960,342.0
22961,342.0
22962,264.0
22963,264.0
22964,342.0
22965,506.0
22966,424.0
22967,342.0
22968,506.0
22969,424.0
22970,506.0
22971,506.0
22972,342.0
22973,264.0
22974,186.0
22975,186.0
22976,264.0
22977,264.0
22978,55.0
22979,110.0
22980,55.0
22981,0.0
22982,0.0
22983,0.0
22984,110.0
22985,264.0
22986,424.0
22987,342.0
22988,424.0
22989,342.0
22990,865.0
22991,618.0
22992,424.0
22993,342.0
22994,342.0
22995,506.0
22996,506.0
22997,618.0
22998,730.0
22999,865.0
23000,865.0
23001,618.0
23002,618.0
23003,730.0
23004,865.0
23005,865.0
23006,1195.0
23007,999.0
23008,999.0
23009,1391.0
23010,999.0
23011,1195.0
23012,730.0
23013,618.0
23014,618.0
23015,1195.0
23016,999.0
23017,618.0
23018,342.0
23019,424.0
23020,424.0
23021,264.0
23022,424.0
23023,424.0
23024,506.0
23025,424.0
23026,424.0
23027,342.0
23028,342.0
23029,424.0
23030,424.0
23031,506.0
23032,506.0
23033,506.0
23034,186.0
23035,55.0
23036,0.0
23037,0.0
23038,55.0
23039,55.0
23040,0.0
23041,0.0
23042,0.0
23043,0.0
23044,0.0
23045,0.0
23046,0.0
23047,0.0
23048,0.0
23049,0.0
23050,0.0
23051,0.0
23052,0.0
23053,0.0
23054,0.0
23055,0.0
23056,0.0
23057,0.0
23058,0.0
23059,0.0
23060,0.0
23061,0.0
23062,0.0
23063,0.0
23064,0.0
23065,0.0
23066,0.0
23067,0.0
23068,0.0
23069,0.0
23070,0.0
23071,0.0
23072,0.0
23073,0.0
23074,0.0
23075,0.0
23076,0.0
23077,0.0
23078,0.0
23079,0.0
23080,0.0
23081,55.0
23082,186.0
23083,0.0
23084,0.0
23085,0.0
23086,110.0
23087,110.0
23088,0.0
23089,186.0
23090,0.0
23091,110.0
23092,0.0
23093,0.0
23094,0.0
23095,0.0
23096,55.0
23097,186.0
23098,0.0
23099,0.0
23100,0.0
23101,0.0
23102,0.0
23103,0.0
23104,0.0
23105,0.0
23106,0.0
23107,0.0
23108,0.0
23109,0.0
23110,0.0
23111,0.0
23112,0.0
23113,0.0
23114,0.0
23115,0.0
23116,0.0
23117,0.0
23118,0.0
23119,0.0
23120,0.0
23121,0.0
23122,0.0
23123,0.0
23124,0.0
23125,0.0
23126,0.0
23127,55.0
23128,186.0
23129,186.0
23130,186.0
23131,186.0
23132,186.0
23133,264.0
23134,186.0
23135,186.0
23136,264.0
23137,264.0
23138,186.0
23139,186.0
23140,55.0
23141,55.0
23142,264.0
23143,264.0
23144,264.0
23145,264.0
23146,186.0
23147,186.0
23148,186.0
23149,186.0
23150,110.0
23151,110.0
23152,110.0
23153,55.0
23154,110.0
23155,55.0
23156,55.0
23157,0.0
23158,0.0
23159,0.0
23160,0.0
23161,0.0
23162,0.0
23163,0.0
23164,0.0
23165,0.0
23166,0.0
23167,0.0
23168,0.0
23169,0.0
23170,0.0
23171,0.0
23172,0.0
23173,0.0
23174,0.0
23175,0.0
23176,0.0
23177,0.0
23178,0.0
23179,0.0
23180,0.0
23181,0.0
23182,0.0
23183,0.0
23184,0.0
23185,0.0
23186,0.0
23187,0.0
23188,0.0
23189,0.0
23190,0.0
23191,0.0
23192,0.0
23193,0.0
23194,0.0
23195,0.0
23196,0.0
23197,0.0
23198,0.0
23199,0.0
23200,0.0
23201,0.0
23202,0.0
23203,0.0
23204,0.0
23205,110.0
23206,110.0
23207,0.0
23208,0.0
23209,0.0
23210,110.0
23211,186.0
23212,110.0
23213,186.0
23214,264.0
23215,186.0
23216,186.0
23217,110.0
23218,186.0
23219,264.0
23220,186.0
23221,55.0
23222,110.0
23223,264.0
23224,186.0
23225,264.0
23226,186.0
23227,264.0
23228,110.0
23229,342.0
23230,342.0
23231,342.0
23232,186.0
23233,186.0
23234,186.0
23235,264.0
23236,264.0
23237,342.0
23238,264.0
23239,110.0
23240,110.0
23241,110.0
23242,186.0
23243,264.0
23244,342.0
23245,424.0
23246,424.0
23247,342.0
23248,264.0
23249,264.0
23250,264.0
23251,264.0
23252,424.0
23253,618.0
23254,618.0
23255,618.0
23256,618.0
23257,506.0
23258,618.0
23259,618.0
23260,618.0
23261,618.0
23262,618.0
23263,730.0
23264,506.0
23265,424.0
23266,506.0
23267,618.0
23268,730.0
23269,865.0
23270,999.0
23271,999.0
23272,730.0
23273,506.0
23274,618.0
23275,424.0
23276,506.0
23277,424.0
23278,424.0
23279,424.0
23280,424.0
23281,506.0
23282,424.0
23283,506.0
23284,506.0
23285,618.0
23286,618.0
23287,506.0
23288,342.0
23289,342.0
23290,264.0
23291,264.0
23292,186.0
23293,342.0
23294,342.0
23295,342.0
23296,342.0
23297,342.0
23298,342.0
23299,342.0
23300,424.0
23301,424.0
23302,342.0
23303,342.0
23304,342.0
23305,264.0
23306,342.0
23307,342.0
23308,342.0
23309,186.0
23310,186.0
23311,342.0
23312,264.0
23313,110.0
23314,342.0
23315,342.0
23316,342.0
23317,264.0
23318,186.0
23319,55.0
23320,110.0
23321,110.0
23322,264.0
23323,55.0
23324,110.0
23325,110.0
23326,110.0
23327,424.0
23328,264.0
23329,342.0
23330,264.0
23331,264.0
23332,342.0
23333,186.0
23334,264.0
23335,342.0
23336,264.0
23337,424.0
23338,506.0
23339,424.0
23340,424.0
23341,264.0
23342,342.0
23343,506.0
23344,342.0
23345,618.0
23346,506.0
23347,506.0
23348,55.0
23349,0.0
23350,186.0
23351,342.0
23352,264.0
23353,186.0
23354,264.0
23355,264.0
23356,342.0
23357,264.0
23358,424.0
23359,342.0
23360,264.0
23361,186.0
23362,186.0
23363,264.0
23364,264.0
23365,186.0
23366,342.0
23367,342.0
23368,342.0
23369,342.0
23370,342.0
23371,342.0
23372,342.0
23373,342.0
23374,424.0
23375,342.0
23376,264.0
23377,264.0
23378,110.0
23379,110.0
23380,264.0
23381,342.0
23382,424.0
23383,424.0
23384,342.0
23385,264.0
23386,186.0
23387,264.0
23388,424.0
23389,424.0
23390,264.0
23391,186.0
23392,186.0
23393,264.0
23394,55.0
23395,0.0
23396,0.0
23397,0.0
23398,0.0
23399,0.0
23400,0.0
23401,0.0
23402,0.0
23403,0.0
23404,0.0
23405,0.0
23406,0.0
23407,0.0
23408,0.0
23409,0.0
23410,0.0
23411,0.0
23412,0.0
23413,0.0
23414,0.0
23415,0.0
23416,0.0
23417,0.0
23418,0.0
23419,0.0
23420,0.0
23421,0.0
23422,0.0
23423,0.0
23424,0.0
23425,0.0
23426,0.0
23427,0.0
23428,0.0
23429,0.0
23430,0.0
23431,0.0
23432,0.0
23433,0.0
23434,0.0
23435,0.0
23436,0.0
23437,0.0
23438,0.0
23439,0.0
23440,264.0
23441,264.0
23442,110.0
23443,186.0
23444,264.0
23445,264.0
23446,264.0
23447,424.0
23448,186.0
23449,110.0
23450,55.0
23451,186.0
23452,186.0
23453,264.0
23454,342.0
23455,186.0
23456,186.0
23457,55.0
23458,55.0
23459,55.0
23460,186.0
23461,186.0
23462,424.0
23463,618.0
23464,618.0
23465,506.0
23466,506.0
23467,264.0
23468,730.0
23469,506.0
23470,264.0
23471,618.0
23472,506.0
23473,618.0
23474,506.0
23475,186.0
23476,110.0
23477,186.0
23478,0.0
23479,0.0
23480,865.0
23481,506.0
23482,424.0
23483,264.0
23484,0.0
23485,0.0
23486,0.0
23487,0.0
23488,0.0
23489,0.0
23490,0.0
23491,0.0
23492,55.0
23493,110.0
23494,55.0
23495,110.0
23496,342.0
23497,618.0
23498,865.0
23499,865.0
23500,618.0
23501,618.0
23502,424.0
23503,186.0
23504,264.0
23505,264.0
23506,342.0
23507,342.0
23508,264.0
23509,342.0
23510,506.0
23511,506.0
23512,264.0
23513,264.0
23514,264.0
23515,186.0
23516,186.0
23517,342.0
23518,342.0
23519,342.0
23520,264.0
23521,342.0
23522,264.0
23523,506.0
23524,618.0
23525,865.0
23526,865.0
23527,865.0
23528,865.0
23529,865.0
23530,730.0
23531,618.0
23532,618.0
23533,618.0
23534,506.0
23535,264.0
23536,342.0
23537,424.0
23538,506.0
23539,506.0
23540,342.0
23541,342.0
23542,342.0
23543,342.0
23544,424.0
23545,424.0
23546,424.0
23547,342.0
23548,264.0
23549,110.0
23550,55.0
23551,0.0
23552,0.0
23553,0.0
23554,0.0
23555,264.0
23556,264.0
23557,55.0
23558,110.0
23559,55.0
23560,264.0
23561,264.0
23562,186.0
23563,186.0
23564,342.0
23565,264.0
23566,342.0
23567,264.0
23568,264.0
23569,264.0
23570,264.0
23571,264.0
23572,264.0
23573,186.0
23574,264.0
23575,264.0
23576,264.0
23577,55.0
23578,264.0
23579,342.0
23580,186.0
23581,342.0
23582,342.0
23583,424.0
23584,342.0
23585,506.0
23586,506.0
23587,264.0
23588,264.0
23589,264.0
23590,264.0
23591,110.0
23592,186.0
23593,186.0
23594,424.0
23595,186.0
23596,186.0
23597,342.0
23598,424.0
23599,424.0
23600,424.0
23601,424.0
23602,342.0
23603,342.0
23604,264.0
23605,342.0
23606,264.0
23607,342.0
23608,264.0
23609,424.0
23610,424.0
23611,342.0
23612,342.0
23613,342.0
23614,342.0
23615,342.0
23616,186.0
23617,342.0
23618,264.0
23619,264.0
23620,186.0
23621,110.0
23622,264.0
23623,264.0
23624,186.0
23625,110.0
23626,186.0
23627,186.0
23628,110.0
23629,186.0
23630,110.0
23631,110.0
23632,55.0
23633,55.0
23634,0.0
23635,0.0
23636,0.0
23637,55.0
23638,55.0
23639,0.0
23640,186.0
23641,264.0
23642,186.0
23643,264.0
23644,186.0
23645,186.0
23646,110.0
23647,186.0
23648,186.0
23649,186.0
23650,264.0
23651,264.0
23652,264.0
23653,424.0
23654,424.0
23655,424.0
23656,424.0
23657,424.0
23658,506.0
23659,506.0
23660,618.0
23661,730.0
23662,618.0
23663,618.0
23664,618.0
23665,618.0
23666,506.0
23667,506.0
23668,506.0
23669,506.0
23670,506.0
23671,506.0
23672,506.0
23673,424.0
23674,424.0
23675,424.0
23676,424.0
23677,424.0
23678,342.0
23679,342.0
23680,424.0
23681,424.0
23682,342.0
23683,342.0
23684,342.0
23685,342.0
23686,342.0
23687,342.0
23688,342.0
23689,342.0
23690,264.0
23691,342.0
23692,342.0
23693,342.0
23694,342.0
23695,342.0
23696,264.0
23697,264.0
23698,186.0
23699,55.0
23700,110.0
23701,110.0
23702,110.0
23703,186.0
23704,110.0
23705,55.0
23706,110.0
23707,55.0
23708,55.0
23709,110.0
23710,55.0
23711,186.0
23712,110.0
23713,55.0
23714,55.0
23715,110.0
23716,110.0
23717,110.0
23718,186.0
23719,55.0
23720,55.0
23721,110.0
23722,110.0
23723,186.0
23724,186.0
23725,264.0
23726,264.0
23727,110.0
23728,55.0
23729,0.0
23730,0.0
23731,110.0
23732,186.0
23733,264.0
23734,186.0
23735,186.0
23736,110.0
23737,186.0
23738,186.0
23739,264.0
23740,264.0
23741,186.0
23742,342.0
23743,342.0
23744,186.0
23745,264.0
23746,264.0
23747,264.0
23748,264.0
23749,186.0
23750,186.0
23751,342.0
23752,424.0
23753,264.0
23754,264.0
23755,264.0
23756,186.0
23757,264.0
23758,186.0
23759,186.0
23760,186.0
23761,55.0
23762,110.0
23763,110.0
23764,186.0
23765,264.0
23766,186.0
23767,186.0
23768,110.0
23769,186.0
23770,264.0
23771,264.0
23772,186.0
23773,186.0
23774,110.0
23775,110.0
23776,110.0
23777,110.0
23778,186.0
23779,186.0
23780,264.0
23781,264.0
23782,264.0
23783,186.0
23784,264.0
23785,264.0
23786,342.0
23787,342.0
23788,55.0
23789,110.0
23790,186.0
23791,55.0
23792,0.0
23793,0.0
23794,0.0
23795,0.0
23796,0.0
23797,0.0
23798,0.0
23799,0.0
23800,0.0
23801,55.0
23802,110.0
23803,186.0
23804,186.0
23805,110.0
23806,110.0
23807,186.0
23808,186.0
23809,186.0
23810,264.0
23811,186.0
23812,186.0
23813,186.0
23814,186.0
23815,186.0
23816,186.0
23817,110.0
23818,186.0
23819,264.0
23820,264.0
23821,342.0
23822,342.0
23823,342.0
23824,264.0
23825,264.0
23826,342.0
23827,342.0
23828,424.0
23829,424.0
23830,424.0
23831,342.0
23832,424.0
23833,342.0
23834,342.0
23835,342.0
23836,342.0
23837,342.0
23838,342.0
23839,424.0
23840,424.0
23841,342.0
23842,342.0
23843,264.0
23844,424.0
23845,424.0
23846,506.0
23847,730.0
23848,618.0
23849,730.0
23850,730.0
23851,865.0
23852,618.0
23853,730.0
23854,999.0
23855,999.0
23856,1558.0
23857,1195.0
23858,1391.0
23859,1391.0
23860,1391.0
23861,1391.0
23862,1724.0
23863,1195.0
23864,1195.0
23865,1391.0
23866,1195.0
23867,1391.0
23868,999.0
23869,865.0
23870,865.0
23871,730.0
23872,1195.0
23873,1195.0
23874,1195.0
23875,1195.0
23876,999.0
23877,999.0
23878,865.0
23879,730.0
23880,1195.0
23881,865.0
23882,865.0
23883,730.0
23884,865.0
23885,730.0
23886,730.0
23887,730.0
23888,865.0
23889,618.0
23890,865.0
23891,730.0
23892,618.0
23893,730.0
23894,999.0
23895,730.0
23896,865.0
23897,865.0
23898,999.0
23899,730.0
23900,865.0
23901,999.0
23902,865.0
23903,730.0
23904,999.0
23905,618.0
23906,865.0
23907,618.0
23908,999.0
23909,865.0
23910,865.0
23911,999.0
23912,865.0
23913,999.0
23914,506.0
23915,865.0
23916,865.0
23917,618.0
23918,506.0
23919,618.0
23920,506.0
23921,424.0
23922,424.0
23923,506.0
23924,424.0
23925,424.0
23926,424.0
23927,424.0
23928,424.0
23929,506.0
23930,506.0
23931,618.0
23932,506.0
23933,506.0
23934,424.0
23935,424.0
23936,342.0
23937,342.0
23938,342.0
23939,264.0
23940,264.0
23941,264.0
23942,264.0
23943,264.0
23944,264.0
23945,264.0
23946,264.0
23947,264.0
23948,186.0
23949,186.0
23950,186.0
23951,186.0
23952,186.0
23953,110.0
23954,110.0
23955,110.0
23956,110.0
23957,110.0
23958,110.0
23959,110.0
23960,110.0
23961,110.0
23962,110.0
23963,55.0
23964,110.0
23965,110.0
23966,110.0
23967,110.0
23968,110.0
23969,110.0
23970,110.0
23971,110.0
23972,55.0
23973,110.0
23974,186.0
23975,186.0
23976,110.0
23977,186.0
23978,186.0
23979,110.0
23980,110.0
23981,55.0
23982,110.0
23983,110.0
23984,186.0
23985,55.0
23986,55.0
23987,55.0
23988,0.0
23989,0.0
23990,0.0
23991,0.0
23992,0.0
23993,0.0
23994,0.0
23995,0.0
23996,0.0
23997,0.0
23998,0.0
23999,0.0
24000,0.0
24001,264.0
24002,186.0
24003,186.0
24004,110.0
24005,110.0
24006,0.0
24007,0.0
24008,55.0
24009,0.0
24010,0.0
24011,55.0
24012,55.0
24013,0.0
24014,0.0
24015,0.0
24016,0.0
24017,0.0
24018,0.0
24019,0.0
24020,0.0
24021,55.0
24022,0.0
24023,55.0
24024,0.0
24025,0.0
24026,0.0
24027,0.0
24028,0.0
24029,0.0
24030,0.0
24031,0.0
24032,0.0
24033,0.0
24034,0.0
24035,0.0
24036,0.0
24037,0.0
24038,0.0
24039,0.0
24040,110.0
24041,0.0
24042,0.0
24043,0.0
24044,0.0
24045,0.0
24046,0.0
24047,0.0
24048,0.0
24049,0.0
24050,0.0
24051,55.0
24052,186.0
24053,110.0
24054,55.0
24055,0.0
24056,55.0
24057,0.0
24058,55.0
24059,0.0
24060,0.0
24061,110.0
24062,55.0
24063,110.0
24064,264.0
24065,264.0
24066,342.0
24067,342.0
24068,342.0
24069,342.0
24070,342.0
24071,342.0
24072,264.0
24073,342.0
24074,264.0
24075,264.0
24076,264.0
24077,264.0
24078,264.0
24079,264.0
24080,342.0
24081,342.0
24082,264.0
24083,264.0
24084,186.0
24085,264.0
24086,264.0
24087,342.0
24088,342.0
24089,342.0
24090,264.0
24091,342.0
24092,342.0
24093,342.0
24094,342.0
24095,424.0
24096,342.0
24097,264.0
24098,264.0
24099,342.0
24100,264.0
24101,342.0
24102,342.0
24103,342.0
24104,342.0
24105,186.0
24106,110.0
24107,110.0
24108,186.0
24109,264.0
24110,264.0
24111,264.0
24112,264.0
24113,264.0
24114,264.0
24115,264.0
24116,186.0
24117,186.0
24118,186.0
24119,110.0
24120,110.0
24121,186.0
24122,186.0
24123,110.0
24124,110.0
24125,110.0
24126,110.0
24127,186.0
24128,186.0
24129,0.0
24130,0.0
24131,0.0
24132,0.0
24133,0.0
24134,0.0
24135,0.0
24136,0.0
24137,0.0
24138,0.0
24139,0.0
24140,0.0
24141,0.0
24142,0.0
24143,0.0
24144,0.0
24145,0.0
24146,0.0
24147,0.0
24148,0.0
24149,0.0
24150,0.0
24151,0.0
24152,0.0
24153,0.0
24154,55.0
24155,0.0
24156,186.0
24157,110.0
24158,110.0
24159,186.0
24160,186.0
24161,342.0
24162,506.0
24163,342.0
24164,424.0
24165,342.0
24166,424.0
24167,506.0
24168,342.0
24169,506.0
24170,506.0
24171,424.0
24172,342.0
24173,264.0
24174,342.0
24175,424.0
24176,186.0
24177,264.0
24178,342.0
24179,618.0
24180,424.0
24181,342.0
24182,424.0
24183,424.0
24184,342.0
24185,424.0
24186,342.0
24187,424.0
24188,264.0
24189,264.0
24190,110.0
24191,110.0
24192,264.0
24193,186.0
24194,264.0
24195,186.0
24196,186.0
24197,264.0
24198,264.0
24199,264.0
24200,264.0
24201,264.0
24202,186.0
24203,264.0
24204,264.0
24205,186.0
24206,55.0
24207,55.0
24208,186.0
24209,55.0
24210,0.0
24211,0.0
24212,55.0
24213,186.0
24214,264.0
24215,264.0
24216,186.0
24217,110.0
24218,55.0
24219,0.0
24220,0.0
24221,0.0
24222,0.0
24223,0.0
24224,0.0
24225,0.0
24226,55.0
24227,110.0
24228,110.0
24229,110.0
24230,186.0
24231,264.0
24232,264.0
24233,186.0
24234,110.0
24235,55.0
24236,110.0
24237,110.0
24238,186.0
24239,110.0
24240,110.0
24241,55.0
24242,55.0
24243,186.0
24244,342.0
24245,264.0
24246,110.0
24247,110.0
24248,55.0
24249,0.0
24250,0.0
24251,0.0
24252,0.0
24253,0.0
24254,0.0
24255,0.0
24256,0.0
24257,0.0
24258,0.0
24259,0.0
24260,0.0
24261,0.0
24262,0.0
24263,110.0
24264,55.0
24265,0.0
24266,0.0
24267,0.0
24268,0.0
24269,55.0
24270,186.0
24271,110.0
24272,55.0
24273,55.0
24274,0.0
24275,0.0
24276,0.0
24277,0.0
24278,0.0
24279,0.0
24280,0.0
24281,0.0
24282,0.0
24283,0.0
24284,0.0
24285,0.0
24286,0.0
24287,0.0
24288,0.0
24289,0.0
24290,0.0
24291,0.0
24292,0.0
24293,0.0
24294,0.0
24295,0.0
24296,0.0
24297,0.0
24298,0.0
24299,0.0
24300,0.0
24301,0.0
24302,0.0
24303,0.0
24304,0.0
24305,0.0
24306,0.0
24307,0.0
24308,0.0
24309,0.0
24310,0.0
24311,0.0
24312,110.0
24313,110.0
24314,110.0
24315,0.0
24316,0.0
24317,0.0
24318,0.0
24319,0.0
24320,0.0
24321,0.0
24322,110.0
24323,55.0
24324,0.0
24325,0.0
24326,55.0
24327,0.0
24328,0.0
24329,110.0
24330,0.0
24331,0.0
24332,186.0
24333,55.0
24334,186.0
24335,186.0
24336,264.0
24337,186.0
24338,186.0
24339,186.0
24340,264.0
24341,186.0
24342,55.0
24343,186.0
24344,110.0
24345,186.0
24346,110.0
24347,186.0
24348,186.0
24349,110.0
24350,110.0
24351,186.0
24352,110.0
24353,186.0
24354,186.0
24355,110.0
24356,186.0
24357,186.0
24358,186.0
24359,55.0
24360,55.0
24361,0.0
24362,0.0
24363,0.0
24364,0.0
24365,0.0
24366,0.0
24367,0.0
24368,0.0
24369,0.0
24370,0.0
24371,0.0
24372,0.0
24373,0.0
24374,0.0
24375,0.0
24376,0.0
24377,0.0
24378,0.0
24379,110.0
24380,110.0
24381,55.0
24382,55.0
24383,55.0
24384,0.0
24385,0.0
24386,0.0
24387,55.0
24388,264.0
24389,264.0
24390,264.0
24391,186.0
24392,264.0
24393,342.0
24394,264.0
24395,264.0
24396,342.0
24397,424.0
24398,424.0
24399,342.0
24400,264.0
24401,264.0
24402,264.0
24403,342.0
24404,342.0
24405,342.0
24406,342.0
24407,342.0
24408,264.0
24409,264.0
24410,264.0
24411,264.0
24412,264.0
24413,264.0
24414,264.0
24415,342.0
24416,342.0
24417,342.0
24418,342.0
24419,264.0
24420,264.0
24421,264.0
24422,264.0
24423,342.0
24424,264.0
24425,264.0
24426,264.0
24427,264.0
24428,186.0
24429,186.0
24430,264.0
24431,186.0
24432,264.0
24433,264.0
24434,186.0
24435,264.0
24436,264.0
24437,264.0
24438,424.0
24439,424.0
24440,264.0
24441,424.0
24442,506.0
24443,424.0
24444,506.0
24445,618.0
24446,618.0
24447,506.0
24448,618.0
24449,730.0
24450,506.0
24451,506.0
24452,865.0
24453,730.0
24454,618.0
24455,506.0
24456,506.0
24457,618.0
24458,506.0
24459,730.0
24460,999.0
24461,730.0
24462,730.0
24463,999.0
24464,1195.0
24465,506.0
24466,342.0
24467,424.0
24468,730.0
24469,999.0
24470,1195.0
24471,1195.0
24472,1195.0
24473,730.0
24474,1558.0
24475,730.0
24476,1195.0
24477,1391.0
24478,618.0
24479,865.0
24480,865.0
24481,618.0
24482,865.0
24483,865.0
24484,999.0
24485,730.0
24486,1391.0
24487,1195.0
24488,1391.0
24489,1195.0
24490,865.0
24491,730.0
24492,618.0
24493,424.0
24494,506.0
24495,506.0
24496,424.0
24497,424.0
24498,424.0
24499,506.0
24500,506.0
24501,506.0
24502,506.0
24503,506.0
24504,506.0
24505,506.0
24506,506.0
24507,618.0
24508,730.0
24509,999.0
24510,999.0
24511,999.0
24512,865.0
24513,730.0
24514,865.0
24515,618.0
24516,424.0
24517,424.0
24518,342.0
24519,424.0
24520,424.0
24521,342.0
24522,342.0
24523,342.0
24524,342.0
24525,342.0
24526,424.0
24527,506.0
24528,865.0
24529,730.0
24530,730.0
24531,618.0
24532,618.0
24533,865.0
24534,999.0
24535,730.0
24536,618.0
24537,730.0
24538,865.0
24539,730.0
24540,618.0
24541,506.0
24542,424.0
24543,342.0
24544,264.0
24545,110.0
24546,110.0
24547,110.0
24548,55.0
24549,0.0
24550,110.0
24551,186.0
24552,264.0
24553,264.0
24554,186.0
24555,110.0
24556,110.0
24557,186.0
24558,264.0
24559,342.0
24560,342.0
24561,424.0
24562,264.0
24563,342.0
24564,342.0
24565,342.0
24566,342.0
24567,264.0
24568,342.0
24569,342.0
24570,424.0
24571,264.0
24572,264.0
24573,424.0
24574,424.0
24575,342.0
24576,506.0
24577,730.0
24578,618.0
24579,424.0
24580,506.0
24581,506.0
24582,342.0
24583,506.0
24584,506.0
24585,730.0
24586,865.0
24587,730.0
24588,618.0
24589,424.0
24590,342.0
24591,424.0
24592,342.0
24593,264.0
24594,264.0
24595,342.0
24596,424.0
24597,264.0
24598,506.0
24599,506.0
24600,865.0
24601,730.0
24602,618.0
24603,618.0
24604,618.0
24605,618.0
24606,999.0
24607,506.0
24608,999.0
24609,618.0
24610,506.0
24611,730.0
24612,506.0
24613,730.0
24614,506.0
24615,730.0
24616,506.0
24617,506.0
24618,618.0
24619,506.0
24620,618.0
24621,424.0
24622,424.0
24623,342.0
24624,424.0
24625,506.0
24626,618.0
24627,506.0
24628,424.0
24629,424.0
24630,342.0
24631,342.0
24632,506.0
24633,342.0
24634,264.0
24635,424.0
24636,506.0
24637,424.0
24638,342.0
24639,342.0
24640,424.0
24641,342.0
24642,264.0
24643,342.0
24644,264.0
24645,264.0
24646,342.0
24647,342.0
24648,342.0
24649,424.0
24650,424.0
24651,424.0
24652,424.0
24653,424.0
24654,424.0
24655,342.0
24656,342.0
24657,342.0
24658,424.0
24659,424.0
24660,186.0
24661,264.0
24662,342.0
24663,264.0
24664,186.0
24665,186.0
24666,264.0
24667,264.0
24668,264.0
24669,264.0
24670,186.0
24671,110.0
24672,342.0
24673,186.0
24674,264.0
24675,110.0
24676,186.0
24677,342.0
24678,264.0
24679,186.0
24680,110.0
24681,0.0
24682,0.0
24683,0.0
24684,0.0
24685,0.0
24686,55.0
24687,0.0
24688,0.0
24689,0.0
24690,0.0
24691,0.0
24692,55.0
24693,110.0
24694,186.0
24695,186.0
24696,55.0
24697,55.0
24698,55.0
24699,0.0
24700,0.0
24701,0.0
24702,55.0
24703,55.0
24704,110.0
24705,110.0
24706,110.0
24707,110.0
24708,0.0
24709,110.0
24710,110.0
24711,55.0
24712,110.0
24713,110.0
24714,55.0
24715,55.0
24716,55.0
24717,0.0
24718,0.0
24719,0.0
24720,55.0
24721,55.0
24722,55.0
24723,110.0
24724,55.0
24725,110.0
24726,264.0
24727,264.0
24728,186.0
24729,264.0
24730,506.0
24731,506.0
24732,424.0
24733,342.0
24734,424.0
24735,424.0
24736,264.0
24737,342.0
24738,342.0
24739,186.0
24740,186.0
24741,342.0
24742,342.0
24743,264.0
24744,342.0
24745,424.0
24746,342.0
24747,342.0
24748,264.0
24749,424.0
24750,264.0
24751,342.0
24752,264.0
24753,424.0
24754,264.0
24755,342.0
24756,110.0
24757,0.0
24758,342.0
24759,342.0
24760,424.0
24761,264.0
24762,55.0
24763,186.0
24764,264.0
24765,342.0
24766,342.0
24767,186.0
24768,186.0
24769,342.0
24770,264.0
24771,342.0
24772,186.0
24773,110.0
24774,186.0
24775,342.0
24776,110.0
24777,264.0
24778,342.0
24779,264.0
24780,424.0
24781,342.0
24782,264.0
24783,342.0
24784,186.0
24785,186.0
24786,186.0
24787,264.0
24788,264.0
24789,342.0
24790,264.0
24791,264.0
24792,186.0
24793,186.0
24794,342.0
24795,424.0
24796,506.0
24797,506.0
24798,424.0
24799,424.0
24800,506.0
24801,618.0
24802,506.0
24803,342.0
24804,342.0
24805,424.0
24806,506.0
24807,618.0
24808,618.0
24809,618.0
24810,506.0
24811,424.0
24812,424.0
24813,424.0
24814,424.0
24815,424.0
24816,424.0
24817,424.0
24818,424.0
24819,424.0
24820,506.0
24821,424.0
24822,424.0
24823,424.0
24824,424.0
24825,506.0
24826,506.0
24827,506.0
24828,618.0
24829,618.0
24830,506.0
24831,506.0
24832,424.0
24833,424.0
24834,506.0
24835,506.0
24836,506.0
24837,618.0
24838,618.0
24839,618.0
24840,730.0
24841,730.0
24842,618.0
24843,618.0
24844,506.0
24845,506.0
24846,506.0
24847,424.0
24848,424.0
24849,424.0
24850,424.0
24851,342.0
24852,264.0
24853,506.0
24854,342.0
24855,264.0
24856,342.0
24857,264.0
24858,186.0
24859,264.0
24860,342.0
24861,618.0
24862,506.0
24863,424.0
24864,506.0
24865,730.0
24866,424.0
24867,506.0
24868,506.0
24869,506.0
24870,424.0
24871,424.0
24872,424.0
24873,342.0
24874,342.0
24875,506.0
24876,264.0
24877,506.0
24878,424.0
24879,506.0
24880,506.0
24881,506.0
24882,424.0
24883,506.0
24884,506.0
24885,424.0
24886,730.0
24887,618.0
24888,730.0
24889,865.0
24890,424.0
24891,618.0
24892,730.0
24893,618.0
24894,506.0
24895,730.0
24896,730.0
24897,730.0
24898,424.0
24899,1195.0
24900,999.0
24901,730.0
24902,865.0
24903,730.0
24904,730.0
24905,730.0
24906,342.0
24907,342.0
24908,342.0
24909,342.0
24910,342.0
24911,342.0
24912,342.0
24913,342.0
24914,110.0
24915,264.0
24916,342.0
24917,264.0
24918,110.0
24919,424.0
24920,342.0
24921,0.0
24922,110.0
24923,342.0
24924,186.0
24925,186.0
24926,186.0
24927,55.0
24928,264.0
24929,186.0
24930,186.0
24931,186.0
24932,342.0
24933,264.0
24934,264.0
24935,264.0
24936,264.0
24937,186.0
24938,186.0
24939,186.0
24940,264.0
24941,264.0
24942,342.0
24943,342.0
24944,424.0
24945,424.0
24946,424.0
24947,342.0
24948,424.0
24949,424.0
24950,424.0
24951,424.0
24952,424.0
24953,424.0
24954,506.0
24955,506.0
24956,618.0
24957,730.0
24958,730.0
24959,730.0
24960,506.0
24961,424.0
24962,424.0
24963,424.0
24964,506.0
24965,424.0
24966,424.0
24967,506.0
24968,506.0
24969,506.0
24970,618.0
24971,618.0
24972,730.0
24973,730.0
24974,618.0
24975,506.0
24976,506.0
24977,424.0
24978,424.0
24979,424.0
24980,424.0
24981,342.0
24982,264.0
24983,186.0
24984,55.0
24985,0.0
24986,0.0
24987,0.0
24988,0.0
24989,0.0
24990,0.0
24991,0.0
24992,0.0
24993,0.0
24994,0.0
24995,0.0
24996,0.0
24997,0.0
24998,0.0
24999,0.0
25000,0.0
25001,0.0
25002,0.0
25003,0.0
25004,0.0
25005,0.0
25006,0.0
25007,0.0
25008,0.0
25009,0.0
25010,0.0
25011,0.0
25012,0.0
25013,0.0
25014,0.0
25015,0.0
25016,0.0
25017,0.0
25018,0.0
25019,0.0
25020,0.0
25021,0.0
25022,0.0
25023,0.0
25024,0.0
25025,0.0
25026,0.0
25027,0.0
25028,0.0
25029,0.0
25030,0.0
25031,0.0
25032,0.0
25033,0.0
25034,0.0
25035,0.0
25036,0.0
25037,0.0
25038,0.0
25039,0.0
25040,0.0
25041,0.0
25042,0.0
25043,0.0
25044,110.0
25045,110.0
25046,110.0
25047,110.0
25048,186.0
25049,186.0
25050,186.0
25051,0.0
25052,0.0
25053,0.0
25054,264.0
25055,110.0
25056,110.0
25057,186.0
25058,55.0
25059,0.0
25060,0.0
25061,0.0
25062,0.0
25063,55.0
25064,0.0
25065,55.0
25066,110.0
25067,55.0
25068,110.0
25069,0.0
25070,0.0
25071,110.0
25072,186.0
25073,110.0
25074,55.0
25075,110.0
25076,110.0
25077,55.0
25078,110.0
25079,110.0
25080,186.0
25081,55.0
25082,0.0
25083,0.0
25084,110.0
25085,342.0
25086,424.0
25087,342.0
25088,264.0
25089,55.0
25090,0.0
25091,110.0
25092,55.0
25093,0.0
25094,0.0
25095,0.0
25096,0.0
25097,0.0
25098,0.0
25099,55.0
25100,0.0
25101,55.0
25102,110.0
25103,110.0
25104,55.0
25105,0.0
25106,0.0
25107,110.0
25108,110.0
25109,186.0
25110,186.0
25111,110.0
25112,186.0
25113,110.0
25114,110.0
25115,186.0
25116,186.0
25117,186.0
25118,186.0
25119,55.0
25120,55.0
25121,0.0
25122,0.0
25123,110.0
25124,55.0
25125,0.0
25126,0.0
25127,0.0
25128,0.0
25129,55.0
25130,110.0
25131,110.0
25132,110.0
25133,110.0
25134,55.0
25135,110.0
25136,186.0
25137,110.0
25138,186.0
25139,186.0
25140,264.0
25141,264.0
25142,342.0
25143,264.0
25144,342.0
25145,424.0
25146,186.0
25147,342.0
25148,110.0
25149,0.0
25150,55.0
25151,0.0
25152,0.0
25153,0.0
25154,0.0
25155,0.0
25156,0.0
25157,0.0
25158,0.0
25159,0.0
25160,0.0
25161,264.0
25162,186.0
25163,110.0
25164,264.0
25165,110.0
25166,186.0
25167,186.0
25168,55.0
25169,55.0
25170,0.0
25171,0.0
25172,0.0
25173,0.0
25174,110.0
25175,342.0
25176,342.0
25177,264.0
25178,264.0
25179,110.0
25180,0.0
25181,55.0
25182,0.0
25183,0.0
25184,0.0
25185,0.0
25186,110.0
25187,55.0
25188,110.0
25189,110.0
25190,55.0
25191,0.0
25192,110.0
25193,264.0
25194,186.0
25195,110.0
25196,0.0
25197,0.0
25198,55.0
25199,55.0
25200,0.0
25201,0.0
25202,0.0
25203,0.0
25204,0.0
25205,0.0
25206,0.0
25207,264.0
25208,2050.0
25209,999.0
25210,1828.0
25211,1960.0
25212,1558.0
25213,865.0
25214,730.0
25215,618.0
25216,506.0
25217,424.0
25218,264.0
25219,0.0
25220,0.0
25221,0.0
25222,0.0
25223,0.0
25224,0.0
25225,186.0
25226,110.0
25227,110.0
25228,110.0
25229,110.0
25230,110.0
25231,342.0
25232,342.0
25233,342.0
25234,342.0
25235,506.0
25236,618.0
25237,506.0
25238,424.0
25239,424.0
25240,506.0
25241,730.0
25242,506.0
25243,730.0
25244,730.0
25245,730.0
25246,865.0
25247,730.0
25248,1195.0
25249,865.0
25250,999.0
25251,730.0
25252,730.0
25253,618.0
25254,730.0
25255,618.0
25256,424.0
25257,618.0
25258,618.0
25259,730.0
25260,865.0
25261,865.0
25262,506.0
25263,424.0
25264,618.0
25265,618.0
25266,730.0
25267,865.0
25268,865.0
25269,730.0
25270,865.0
25271,865.0
25272,1195.0
25273,1724.0
25274,999.0
25275,999.0
25276,618.0
25277,730.0
25278,730.0
25279,618.0
25280,506.0
25281,506.0
25282,506.0
25283,506.0
25284,424.0
25285,506.0
25286,424.0
25287,506.0
25288,264.0
25289,264.0
25290,342.0
25291,342.0
25292,618.0
25293,730.0
25294,730.0
25295,506.0
25296,618.0
25297,506.0
25298,424.0
25299,424.0
25300,186.0
25301,264.0
25302,264.0
25303,110.0
25304,186.0
25305,186.0
25306,186.0
25307,186.0
25308,186.0
25309,0.0
25310,0.0
25311,0.0
25312,0.0
25313,0.0
25314,0.0
25315,264.0
25316,506.0
25317,264.0
25318,264.0
25319,264.0
25320,186.0
25321,264.0
25322,506.0
25323,618.0
25324,730.0
25325,999.0
25326,618.0
25327,424.0
25328,342.0
25329,342.0
25330,186.0
25331,264.0
25332,186.0
25333,186.0
25334,110.0
25335,110.0
25336,186.0
25337,264.0
25338,342.0
25339,424.0
25340,424.0
25341,506.0
25342,424.0
25343,342.0
25344,264.0
25345,342.0
25346,342.0
25347,424.0
25348,342.0
25349,264.0
25350,424.0
25351,342.0
25352,342.0
25353,264.0
25354,506.0
25355,424.0
25356,618.0
25357,424.0
25358,506.0
25359,424.0
25360,424.0
25361,618.0
25362,506.0
25363,618.0
25364,618.0
25365,506.0
25366,506.0
25367,618.0
25368,424.0
25369,506.0
25370,618.0
25371,506.0
25372,424.0
25373,506.0
25374,506.0
25375,424.0
25376,618.0
25377,506.0
25378,506.0
25379,506.0
25380,424.0
25381,424.0
25382,506.0
25383,506.0
25384,506.0
25385,506.0
25386,730.0
25387,506.0
25388,506.0
25389,506.0
25390,618.0
25391,618.0
25392,506.0
25393,342.0
25394,424.0
25395,506.0
25396,424.0
25397,342.0
25398,342.0
25399,342.0
25400,186.0
25401,110.0
25402,186.0
25403,186.0
25404,264.0
25405,264.0
25406,342.0
25407,424.0
25408,424.0
25409,342.0
25410,342.0
25411,264.0
25412,264.0
25413,264.0
25414,424.0
25415,342.0
25416,342.0
25417,264.0
25418,342.0
25419,342.0
25420,186.0
25421,424.0
25422,506.0
25423,506.0
25424,342.0
25425,506.0
25426,424.0
25427,264.0
25428,342.0
25429,618.0
25430,1195.0
25431,1391.0
25432,618.0
25433,424.0
25434,506.0
25435,506.0
25436,424.0
25437,264.0
25438,730.0
25439,506.0
25440,424.0
25441,424.0
25442,506.0
25443,730.0
25444,865.0
25445,865.0
25446,1391.0
25447,865.0
25448,618.0
25449,424.0
25450,506.0
25451,865.0
25452,865.0
25453,730.0
25454,1195.0
25455,618.0
25456,506.0
25457,186.0
25458,186.0
25459,110.0
25460,342.0
25461,1558.0
25462,506.0
25463,506.0
25464,506.0
25465,730.0
25466,618.0
25467,618.0
25468,506.0
25469,342.0
25470,424.0
25471,424.0
25472,424.0
25473,424.0
25474,618.0
25475,618.0
25476,342.0
25477,264.0
25478,186.0
25479,342.0
25480,342.0
25481,342.0
25482,424.0
25483,424.0
25484,1558.0
25485,506.0
25486,424.0
25487,342.0
25488,186.0
25489,264.0
25490,424.0
25491,424.0
25492,342.0
25493,264.0
25494,186.0
25495,264.0
25496,424.0
25497,506.0
25498,424.0
25499,424.0
25500,342.0
25501,342.0
25502,342.0
25503,424.0
25504,424.0
25505,424.0
25506,618.0
25507,618.0
25508,865.0
25509,730.0
25510,730.0
25511,618.0
25512,506.0
25513,618.0
25514,424.0
25515,424.0
25516,424.0
25517,424.0
25518,506.0
25519,424.0
25520,424.0
25521,506.0
25522,730.0
25523,865.0
25524,865.0
25525,730.0
25526,730.0
25527,730.0
25528,730.0
25529,730.0
25530,730.0
25531,618.0
25532,618.0
25533,506.0
25534,424.0
25535,506.0
25536,424.0
25537,424.0
25538,424.0
25539,506.0
25540,506.0
25541,424.0
25542,506.0
25543,424.0
25544,506.0
25545,506.0
25546,424.0
25547,342.0
25548,424.0
25549,424.0
25550,424.0
25551,342.0
25552,424.0
25553,506.0
25554,506.0
25555,424.0
25556,506.0
25557,424.0
25558,506.0
25559,618.0
25560,424.0
25561,342.0
25562,730.0
25563,506.0
25564,342.0
25565,424.0
25566,618.0
25567,506.0
25568,730.0
25569,1195.0
25570,730.0
25571,506.0
25572,730.0
25573,730.0
25574,506.0
25575,730.0
25576,865.0
25577,1195.0
25578,1558.0
25579,999.0
25580,506.0
25581,424.0
25582,506.0
25583,865.0
25584,1391.0
25585,618.0
25586,618.0
25587,999.0
25588,1391.0
25589,865.0
25590,506.0
25591,264.0
25592,342.0
25593,865.0
25594,618.0
25595,730.0
25596,342.0
25597,342.0
25598,618.0
25599,506.0
25600,506.0
25601,342.0
25602,424.0
25603,506.0
25604,342.0
25605,342.0
25606,264.0
25607,618.0
25608,618.0
25609,264.0
25610,424.0
25611,342.0
25612,342.0
25613,342.0
25614,342.0
25615,342.0
25616,342.0
25617,264.0
25618,424.0
25619,424.0
25620,424.0
25621,342.0
25622,186.0
25623,264.0
25624,264.0
25625,342.0
25626,424.0
25627,424.0
25628,424.0
25629,424.0
25630,424.0
25631,506.0
25632,506.0
25633,506.0
25634,618.0
25635,506.0
25636,506.0
25637,618.0
25638,618.0
25639,618.0
25640,618.0
25641,506.0
25642,506.0
25643,618.0
25644,730.0
25645,506.0
25646,506.0
25647,424.0
25648,506.0
25649,424.0
25650,424.0
25651,424.0
25652,424.0
25653,506.0
25654,506.0
25655,618.0
25656,506.0
25657,506.0
25658,506.0
25659,506.0
25660,506.0
25661,424.0
25662,506.0
25663,506.0
25664,506.0
25665,424.0
25666,424.0
25667,424.0
25668,506.0
25669,424.0
25670,424.0
25671,506.0
25672,730.0
25673,730.0
25674,506.0
25675,618.0
25676,506.0
25677,618.0
25678,618.0
25679,506.0
25680,506.0
25681,506.0
25682,506.0
25683,865.0
25684,618.0
25685,618.0
25686,618.0
25687,618.0
25688,506.0
25689,506.0
25690,506.0
25691,506.0
25692,506.0
25693,506.0
25694,342.0
25695,424.0
25696,506.0
25697,424.0
25698,618.0
25699,618.0
25700,506.0
25701,424.0
25702,424.0
25703,424.0
25704,424.0
25705,506.0
25706,342.0
25707,342.0
25708,342.0
25709,264.0
25710,342.0
25711,424.0
25712,264.0
25713,424.0
25714,342.0
25715,424.0
25716,424.0
25717,424.0
25718,506.0
25719,342.0
25720,506.0
25721,424.0
25722,506.0
25723,506.0
25724,618.0
25725,506.0
25726,730.0
25727,999.0
25728,730.0
25729,730.0
25730,999.0
25731,865.0
25732,999.0
25733,1195.0
25734,865.0
25735,865.0
25736,1558.0
25737,1195.0
25738,1558.0
25739,1558.0
25740,1558.0
25741,1391.0
25742,999.0
25743,1195.0
25744,1195.0
25745,506.0
25746,264.0
25747,264.0
25748,264.0
25749,264.0
25750,264.0
25751,506.0
25752,424.0
25753,506.0
25754,342.0
25755,506.0
25756,424.0
25757,506.0
25758,424.0
25759,424.0
25760,342.0
25761,342.0
25762,342.0
25763,424.0
25764,424.0
25765,342.0
25766,342.0
25767,342.0
25768,342.0
25769,264.0
25770,264.0
25771,264.0
25772,264.0
25773,264.0
25774,342.0
25775,424.0
25776,342.0
25777,342.0
25778,424.0
25779,424.0
25780,342.0
25781,342.0
25782,342.0
25783,342.0
25784,342.0
25785,342.0
25786,264.0
25787,424.0
25788,342.0
25789,424.0
25790,506.0
25791,342.0
25792,342.0
25793,342.0
25794,342.0
25795,342.0
25796,342.0
25797,342.0
25798,264.0
25799,264.0
25800,342.0
25801,424.0
25802,342.0
25803,342.0
25804,264.0
25805,264.0
25806,264.0
25807,264.0
25808,342.0
25809,264.0
25810,342.0
25811,264.0
25812,264.0
25813,264.0
25814,264.0
25815,342.0
25816,264.0
25817,264.0
25818,342.0
25819,424.0
25820,424.0
25821,424.0
25822,424.0
25823,424.0
25824,264.0
25825,264.0
25826,342.0
25827,342.0
25828,424.0
25829,342.0
25830,264.0
25831,186.0
25832,186.0
25833,264.0
25834,342.0
25835,424.0
25836,342.0
25837,110.0
25838,186.0
25839,110.0
25840,110.0
25841,264.0
25842,186.0
25843,110.0
25844,55.0
25845,55.0
25846,55.0
25847,55.0
25848,55.0
25849,110.0
25850,186.0
25851,264.0
25852,342.0
25853,342.0
25854,186.0
25855,424.0
25856,424.0
25857,342.0
25858,424.0
25859,424.0
25860,264.0
25861,342.0
25862,264.0
25863,424.0
25864,264.0
25865,264.0
25866,342.0
25867,264.0
25868,186.0
25869,424.0
25870,424.0
25871,342.0
25872,186.0
25873,186.0
25874,55.0
25875,110.0
25876,424.0
25877,618.0
25878,264.0
25879,186.0
25880,264.0
25881,186.0
25882,186.0
25883,264.0
25884,110.0
25885,110.0
25886,342.0
25887,342.0
25888,342.0
25889,342.0
25890,342.0
25891,342.0
25892,342.0
25893,342.0
25894,342.0
25895,424.0
25896,342.0
25897,264.0
25898,186.0
25899,186.0
25900,342.0
25901,342.0
25902,342.0
25903,342.0
25904,342.0
25905,264.0
25906,342.0
25907,186.0
25908,55.0
25909,186.0
25910,186.0
25911,110.0
25912,55.0
25913,55.0
25914,110.0
25915,0.0
25916,0.0
25917,0.0
25918,0.0
25919,55.0
25920,55.0
25921,0.0
25922,0.0
25923,0.0
25924,0.0
25925,0.0
25926,55.0
25927,186.0
25928,186.0
25929,186.0
25930,186.0
25931,55.0
25932,110.0
25933,55.0
25934,0.0
25935,0.0
25936,0.0
25937,0.0
25938,55.0
25939,110.0
25940,55.0
25941,55.0
25942,55.0
25943,110.0
25944,0.0
25945,55.0
25946,110.0
25947,110.0
25948,55.0
25949,55.0
25950,0.0
25951,110.0
25952,186.0
25953,55.0
25954,0.0
25955,0.0
25956,0.0
25957,0.0
25958,0.0
25959,0.0
25960,0.0
25961,0.0
25962,0.0
25963,0.0
25964,0.0
25965,0.0
25966,0.0
25967,0.0
25968,0.0
25969,0.0
25970,0.0
25971,0.0
25972,0.0
25973,0.0
25974,0.0
25975,0.0
25976,0.0
25977,0.0
25978,110.0
25979,110.0
25980,55.0
25981,186.0
25982,110.0
25983,186.0
25984,186.0
25985,110.0
25986,186.0
25987,110.0
25988,110.0
25989,0.0
25990,55.0
25991,55.0
25992,0.0
25993,0.0
25994,0.0
25995,0.0
25996,110.0
25997,186.0
25998,110.0
25999,342.0
26000,342.0
26001,264.0
26002,342.0
26003,264.0
26004,110.0
26005,186.0
26006,186.0
26007,264.0
26008,186.0
26009,264.0
26010,186.0
26011,264.0
26012,186.0
26013,186.0
26014,186.0
26015,264.0
26016,186.0
26017,186.0
26018,342.0
26019,110.0
26020,110.0
26021,264.0
26022,186.0
26023,342.0
26024,186.0
26025,55.0
26026,342.0
26027,186.0
26028,264.0
26029,264.0
26030,186.0
26031,264.0
26032,0.0
26033,110.0
26034,186.0
26035,186.0
26036,110.0
26037,0.0
26038,110.0
26039,110.0
26040,55.0
26041,0.0
26042,0.0
26043,0.0
26044,110.0
26045,110.0
26046,342.0
26047,264.0
26048,186.0
26049,110.0
26050,186.0
26051,186.0
26052,186.0
26053,186.0
26054,110.0
26055,0.0
26056,110.0
26057,110.0
26058,186.0
26059,186.0
26060,264.0
26061,342.0
26062,264.0
26063,342.0
26064,264.0
26065,264.0
26066,342.0
26067,424.0
26068,424.0
26069,424.0
26070,424.0
26071,424.0
26072,424.0
26073,424.0
26074,424.0
26075,506.0
26076,506.0
26077,506.0
26078,506.0
26079,506.0
26080,424.0
26081,424.0
26082,424.0
26083,424.0
26084,342.0
26085,424.0
26086,342.0
26087,186.0
26088,0.0
26089,0.0
26090,0.0
26091,0.0
26092,0.0
26093,55.0
26094,0.0
26095,0.0
26096,0.0
26097,110.0
26098,55.0
26099,55.0
26100,55.0
26101,0.0
26102,0.0
26103,0.0
26104,0.0
26105,0.0
26106,0.0
26107,0.0
26108,0.0
26109,0.0
26110,0.0
26111,0.0
26112,0.0
26113,0.0
26114,0.0
26115,0.0
26116,0.0
26117,0.0
26118,0.0
26119,0.0
26120,0.0
26121,0.0
26122,0.0
26123,0.0
26124,0.0
26125,0.0
26126,0.0
26127,0.0
26128,0.0
26129,0.0
26130,0.0
26131,0.0
26132,0.0
26133,0.0
26134,0.0
26135,0.0
26136,0.0
26137,0.0
26138,0.0
26139,0.0
26140,0.0
26141,0.0
26142,0.0
26143,0.0
26144,0.0
26145,0.0
26146,0.0
26147,0.0
26148,0.0
26149,0.0
26150,0.0
26151,0.0
26152,0.0
26153,0.0
26154,0.0
26155,0.0
26156,0.0
26157,0.0
26158,0.0
26159,0.0
26160,0.0
26161,0.0
26162,0.0
26163,0.0
26164,0.0
26165,0.0
26166,0.0
26167,0.0
26168,55.0
26169,186.0
26170,264.0
26171,186.0
26172,186.0
26173,110.0
26174,55.0
26175,0.0
26176,0.0
26177,0.0
26178,0.0
26179,0.0
26180,0.0
26181,0.0
26182,0.0
26183,0.0
26184,0.0
26185,0.0
26186,0.0
26187,0.0
26188,0.0
26189,0.0
26190,0.0
26191,0.0
26192,0.0
26193,0.0
26194,0.0
26195,0.0
26196,0.0
26197,0.0
26198,0.0
26199,0.0
26200,55.0
26201,110.0
26202,55.0
26203,0.0
26204,0.0
26205,0.0
26206,0.0
26207,0.0
26208,0.0
26209,0.0
26210,0.0
26211,0.0
26212,0.0
26213,0.0
26214,0.0
26215,0.0
26216,0.0
26217,0.0
26218,0.0
26219,0.0
26220,0.0
26221,0.0
26222,0.0
26223,0.0
26224,0.0
26225,0.0
26226,0.0
26227,0.0
26228,0.0
26229,0.0
26230,0.0
26231,0.0
26232,0.0
26233,0.0
26234,0.0
26235,0.0
26236,0.0
26237,0.0
26238,0.0
26239,0.0
26240,0.0
26241,0.0
26242,0.0
26243,0.0
26244,0.0
26245,0.0
26246,0.0
26247,0.0
26248,0.0
26249,0.0
26250,0.0
26251,0.0
26252,0.0
26253,0.0
26254,0.0
26255,0.0
26256,0.0
26257,0.0
26258,0.0
26259,0.0
26260,0.0
26261,0.0
26262,0.0
26263,0.0
26264,0.0
26265,0.0
26266,0.0
26267,0.0
26268,0.0
26269,0.0
26270,0.0
26271,0.0
26272,0.0
26273,0.0
26274,0.0
26275,0.0
26276,0.0
26277,0.0
26278,0.0
26279,0.0
26280,0.0
26281,0.0
26282,0.0
26283,0.0
26284,0.0
26285,0.0
26286,0.0
26287,0.0
26288,0.0
26289,0.0
26290,0.0
26291,0.0
26292,0.0
26293,0.0
26294,0.0
26295,0.0
26296,0.0
26297,0.0
26298,0.0
26299,0.0
26300,0.0
26301,0.0
26302,0.0
26303,0.0
26304,0.0
26305,0.0
26306,0.0
26307,0.0
26308,0.0
26309,0.0
26310,0.0
26311,0.0
26312,110.0
26313,186.0
26314,186.0
26315,186.0
26316,186.0
26317,264.0
26318,186.0
26319,186.0
26320,186.0
26321,186.0
26322,186.0
26323,110.0
26324,110.0
26325,110.0
26326,186.0
26327,186.0
26328,264.0
26329,264.0
26330,186.0
26331,186.0
26332,186.0
26333,186.0
26334,186.0
26335,110.0
26336,110.0
26337,0.0
26338,0.0
26339,110.0
26340,55.0
26341,55.0
26342,55.0
26343,0.0
26344,0.0
26345,0.0
26346,55.0
26347,0.0
26348,55.0
26349,110.0
26350,110.0
26351,186.0
26352,186.0
26353,186.0
26354,186.0
26355,186.0
26356,186.0
26357,186.0
26358,186.0
26359,186.0
26360,186.0
26361,186.0
26362,264.0
26363,264.0
26364,186.0
26365,110.0
26366,186.0
26367,186.0
26368,186.0
26369,186.0
26370,264.0
26371,264.0
26372,264.0
26373,186.0
26374,110.0
26375,110.0
26376,264.0
26377,186.0
26378,186.0
26379,110.0
26380,110.0
26381,0.0
26382,0.0
26383,55.0
26384,0.0
26385,55.0
26386,55.0
26387,0.0
26388,110.0
26389,186.0
26390,110.0
26391,186.0
26392,110.0
26393,55.0
26394,55.0
26395,55.0
26396,55.0
26397,55.0
26398,110.0
26399,55.0
26400,0.0
26401,0.0
26402,0.0
26403,0.0
26404,0.0
26405,0.0
26406,0.0
26407,0.0
26408,0.0
26409,0.0
26410,0.0
26411,0.0
26412,0.0
26413,0.0
26414,0.0
26415,0.0
26416,0.0
26417,0.0
26418,0.0
26419,0.0
26420,0.0
26421,0.0
26422,0.0
26423,0.0
26424,0.0
26425,0.0
26426,0.0
26427,0.0
26428,0.0
26429,0.0
26430,0.0
26431,55.0
26432,186.0
26433,55.0
26434,110.0
26435,110.0
26436,110.0
26437,424.0
26438,264.0
26439,264.0
26440,264.0
26441,186.0
26442,186.0
26443,186.0
26444,342.0
26445,342.0
26446,264.0
26447,342.0
26448,424.0
26449,424.0
26450,424.0
26451,506.0
26452,506.0
26453,506.0
26454,506.0
26455,506.0
26456,618.0
26457,424.0
26458,424.0
26459,424.0
26460,424.0
26461,730.0
26462,730.0
26463,1195.0
26464,730.0
26465,506.0
26466,506.0
26467,506.0
26468,424.0
26469,424.0
26470,506.0
26471,618.0
26472,264.0
26473,186.0
26474,186.0
26475,186.0
26476,0.0
26477,0.0
26478,110.0
26479,55.0
26480,186.0
26481,55.0
26482,55.0
26483,110.0
26484,55.0
26485,110.0
26486,186.0
26487,186.0
26488,186.0
26489,110.0
26490,0.0
26491,55.0
26492,0.0
26493,0.0
26494,0.0
26495,110.0
26496,264.0
26497,186.0
26498,342.0
26499,506.0
26500,506.0
26501,506.0
26502,618.0
26503,730.0
26504,730.0
26505,618.0
26506,618.0
26507,730.0
26508,865.0
26509,999.0
26510,865.0
26511,730.0
26512,865.0
26513,730.0
26514,730.0
26515,730.0
26516,730.0
26517,506.0
26518,618.0
26519,506.0
26520,506.0
26521,506.0
26522,424.0
26523,264.0
26524,424.0
26525,342.0
26526,424.0
26527,424.0
26528,264.0
26529,506.0
26530,424.0
26531,424.0
26532,342.0
26533,342.0
26534,506.0
26535,424.0
26536,342.0
26537,424.0
26538,506.0
26539,342.0
26540,342.0
26541,506.0
26542,424.0
26543,424.0
26544,342.0
26545,342.0
26546,342.0
26547,342.0
26548,342.0
26549,424.0
26550,506.0
26551,506.0
26552,506.0
26553,506.0
26554,342.0
26555,186.0
26556,264.0
26557,342.0
26558,264.0
26559,342.0
26560,264.0
26561,264.0
26562,342.0
26563,264.0
26564,264.0
26565,264.0
26566,264.0
26567,424.0
26568,424.0
26569,264.0
26570,424.0
26571,342.0
26572,264.0
26573,264.0
26574,264.0
26575,342.0
26576,264.0
26577,264.0
26578,186.0
26579,110.0
26580,264.0
26581,110.0
26582,110.0
26583,0.0
26584,110.0
26585,0.0
26586,55.0
26587,110.0
26588,0.0
26589,55.0
26590,110.0
26591,110.0
26592,186.0
26593,264.0
26594,186.0
26595,186.0
26596,186.0
26597,110.0
26598,186.0
26599,110.0
26600,110.0
26601,186.0
26602,186.0
26603,264.0
26604,342.0
26605,342.0
26606,342.0
26607,264.0
26608,264.0
26609,342.0
26610,424.0
26611,424.0
26612,264.0
26613,264.0
26614,110.0
26615,110.0
26616,55.0
26617,55.0
26618,0.0
26619,0.0
26620,0.0
26621,0.0
26622,0.0
26623,0.0
26624,0.0
26625,0.0
26626,0.0
26627,0.0
26628,0.0
26629,0.0
26630,0.0
26631,0.0
26632,0.0
26633,0.0
26634,0.0
26635,0.0
26636,0.0
26637,0.0
26638,0.0
26639,0.0
26640,0.0
26641,0.0
26642,0.0
26643,0.0
26644,0.0
26645,0.0
26646,0.0
26647,0.0
26648,0.0
26649,0.0
26650,0.0
26651,0.0
26652,0.0
26653,0.0
26654,0.0
26655,0.0
26656,0.0
26657,0.0
26658,0.0
26659,0.0
26660,0.0
26661,0.0
26662,0.0
26663,0.0
26664,0.0
26665,0.0
26666,0.0
26667,0.0
26668,0.0
26669,0.0
26670,0.0
26671,0.0
26672,0.0
26673,0.0
26674,0.0
26675,0.0
26676,0.0
26677,0.0
26678,0.0
26679,0.0
26680,0.0
26681,0.0
26682,0.0
26683,0.0
26684,0.0
26685,110.0
26686,0.0
26687,186.0
26688,110.0
26689,186.0
26690,186.0
26691,264.0
26692,264.0
26693,264.0
26694,264.0
26695,264.0
26696,342.0
26697,342.0
26698,264.0
26699,264.0
26700,424.0
26701,424.0
26702,424.0
26703,264.0
26704,342.0
26705,424.0
26706,342.0
26707,264.0
26708,264.0
26709,110.0
26710,110.0
26711,55.0
26712,0.0
26713,55.0
26714,186.0
26715,186.0
26716,110.0
26717,110.0
26718,55.0
26719,0.0
26720,0.0
26721,186.0
26722,110.0
26723,110.0
26724,110.0
26725,186.0
26726,186.0
26727,186.0
26728,110.0
26729,0.0
26730,0.0
26731,0.0
26732,55.0
26733,55.0
26734,55.0
26735,0.0
26736,0.0
26737,0.0
26738,110.0
26739,55.0
26740,0.0
26741,0.0
26742,0.0
26743,0.0
26744,0.0
26745,110.0
26746,55.0
26747,110.0
26748,186.0
26749,186.0
26750,342.0
26751,186.0
26752,342.0
26753,186.0
26754,0.0
26755,55.0
26756,186.0
26757,186.0
26758,110.0
26759,110.0
26760,0.0
26761,0.0
26762,0.0
26763,0.0
26764,0.0
26765,0.0
26766,0.0
26767,0.0
26768,730.0
26769,618.0
26770,342.0
26771,186.0
26772,55.0
26773,0.0
26774,0.0
26775,0.0
26776,0.0
26777,0.0
26778,0.0
26779,0.0
26780,0.0
26781,0.0
26782,0.0
26783,0.0
26784,0.0
26785,0.0
26786,186.0
26787,342.0
26788,0.0
26789,0.0
26790,0.0
26791,0.0
26792,0.0
26793,0.0
26794,0.0
26795,0.0
26796,0.0
26797,0.0
26798,0.0
26799,0.0
26800,55.0
26801,110.0
26802,186.0
26803,0.0
26804,0.0
26805,0.0
26806,0.0
26807,0.0
26808,0.0
26809,0.0
26810,0.0
26811,0.0
26812,0.0
26813,0.0
26814,0.0
26815,0.0
26816,0.0
26817,0.0
26818,0.0
26819,0.0
26820,0.0
26821,0.0
26822,0.0
26823,0.0
26824,0.0
26825,0.0
26826,0.0
26827,0.0
26828,0.0
26829,0.0
26830,0.0
26831,0.0
26832,0.0
26833,55.0
26834,342.0
26835,424.0
26836,342.0
26837,424.0
26838,506.0
26839,506.0
26840,342.0
26841,424.0
26842,424.0
26843,264.0
26844,55.0
26845,0.0
26846,0.0
26847,0.0
26848,0.0
26849,110.0
26850,0.0
26851,0.0
26852,0.0
26853,0.0
26854,0.0
26855,0.0
26856,0.0
26857,0.0
26858,0.0
26859,55.0
26860,55.0
26861,186.0
26862,110.0
26863,186.0
26864,55.0
26865,55.0
26866,0.0
26867,0.0
26868,0.0
26869,0.0
26870,0.0
26871,0.0
26872,0.0
26873,0.0
26874,0.0
26875,0.0
26876,0.0
26877,186.0
26878,264.0
26879,424.0
26880,506.0
26881,999.0
26882,1558.0
26883,1391.0
26884,1391.0
26885,1391.0
26886,1558.0
26887,730.0
26888,618.0
26889,618.0
26890,618.0
26891,342.0
26892,264.0
26893,186.0
26894,264.0
26895,264.0
26896,264.0
26897,186.0
26898,264.0
26899,342.0
26900,424.0
26901,342.0
26902,264.0
26903,506.0
26904,506.0
26905,506.0
26906,506.0
26907,264.0
26908,264.0
26909,264.0
26910,342.0
26911,342.0
26912,342.0
26913,342.0
26914,264.0
26915,342.0
26916,264.0
26917,186.0
26918,110.0
26919,0.0
26920,0.0
26921,0.0
26922,0.0
26923,0.0
26924,0.0
26925,0.0
26926,0.0
26927,0.0
26928,0.0
26929,110.0
26930,186.0
26931,110.0
26932,110.0
26933,110.0
26934,264.0
26935,264.0
26936,186.0
26937,186.0
26938,264.0
26939,342.0
26940,424.0
26941,342.0
26942,342.0
26943,342.0
26944,342.0
26945,424.0
26946,424.0
26947,424.0
26948,342.0
26949,424.0
26950,342.0
26951,424.0
26952,506.0
26953,342.0
26954,506.0
26955,342.0
26956,506.0
26957,506.0
26958,424.0
26959,506.0
26960,506.0
26961,424.0
26962,506.0
26963,506.0
26964,506.0
26965,618.0
26966,618.0
26967,618.0
26968,506.0
26969,424.0
26970,424.0
26971,264.0
26972,186.0
26973,186.0
26974,110.0
26975,186.0
26976,110.0
26977,110.0
26978,55.0
26979,264.0
26980,186.0
26981,186.0
26982,186.0
26983,186.0
26984,186.0
26985,186.0
26986,186.0
26987,110.0
26988,110.0
26989,110.0
26990,55.0
26991,55.0
26992,55.0
26993,55.0
26994,55.0
26995,0.0
26996,0.0
26997,186.0
26998,186.0
26999,186.0
27000,186.0
27001,186.0
27002,55.0
27003,0.0
27004,264.0
27005,424.0
27006,342.0
27007,186.0
27008,55.0
27009,55.0
27010,55.0
27011,0.0
27012,0.0
27013,0.0
27014,0.0
27015,0.0
27016,0.0
27017,0.0
27018,110.0
27019,186.0
27020,186.0
27021,264.0
27022,264.0
27023,110.0
27024,264.0
27025,264.0
27026,424.0
27027,424.0
27028,424.0
27029,424.0
27030,506.0
27031,506.0
27032,506.0
27033,424.0
27034,424.0
27035,342.0
27036,424.0
27037,424.0
27038,424.0
27039,424.0
27040,342.0
27041,424.0
27042,424.0
27043,424.0
27044,424.0
27045,342.0
27046,342.0
27047,342.0
27048,506.0
27049,424.0
27050,424.0
27051,506.0
27052,506.0
27053,506.0
27054,424.0
27055,342.0
27056,342.0
27057,342.0
27058,424.0
27059,424.0
27060,506.0
27061,506.0
27062,424.0
27063,342.0
27064,342.0
27065,264.0
27066,186.0
27067,264.0
27068,342.0
27069,264.0
27070,264.0
27071,264.0
27072,264.0
27073,342.0
27074,264.0
27075,186.0
27076,264.0
27077,342.0
27078,264.0
27079,264.0
27080,264.0
27081,264.0
27082,264.0
27083,264.0
27084,264.0
27085,342.0
27086,264.0
27087,264.0
27088,264.0
27089,342.0
27090,264.0
27091,264.0
27092,264.0
27093,264.0
27094,186.0
27095,186.0
27096,264.0
27097,186.0
27098,186.0
27099,186.0
27100,186.0
27101,186.0
27102,186.0
27103,55.0
27104,110.0
27105,110.0
27106,186.0
27107,264.0
27108,110.0
27109,110.0
27110,186.0
27111,0.0
27112,0.0
27113,0.0
27114,110.0
27115,186.0
27116,186.0
27117,110.0
27118,264.0
27119,186.0
27120,186.0
27121,186.0
27122,342.0
27123,264.0
27124,264.0
27125,186.0
27126,342.0
27127,424.0
27128,424.0
27129,342.0
27130,342.0
27131,424.0
27132,342.0
27133,264.0
27134,506.0
27135,506.0
27136,506.0
27137,618.0
27138,618.0
27139,424.0
27140,424.0
27141,264.0
27142,424.0
27143,424.0
27144,342.0
27145,264.0
27146,424.0
27147,264.0
27148,506.0
27149,506.0
27150,730.0
27151,506.0
27152,865.0
27153,730.0
27154,618.0
27155,618.0
27156,506.0
27157,424.0
27158,618.0
27159,506.0
27160,506.0
27161,342.0
27162,424.0
27163,342.0
27164,264.0
27165,342.0
27166,264.0
27167,186.0
27168,110.0
27169,186.0
27170,186.0
27171,186.0
27172,264.0
27173,264.0
27174,186.0
27175,186.0
27176,55.0
27177,0.0
27178,55.0
27179,110.0
27180,110.0
27181,110.0
27182,186.0
27183,186.0
27184,186.0
27185,264.0
27186,186.0
27187,264.0
27188,342.0
27189,264.0
27190,186.0
27191,342.0
27192,264.0
27193,264.0
27194,264.0
27195,342.0
27196,424.0
27197,342.0
27198,342.0
27199,424.0
27200,506.0
27201,424.0
27202,506.0
27203,424.0
27204,506.0
27205,618.0
27206,618.0
27207,618.0
27208,618.0
27209,618.0
27210,506.0
27211,506.0
27212,506.0
27213,424.0
27214,424.0
27215,424.0
27216,506.0
27217,506.0
27218,506.0
27219,424.0
27220,424.0
27221,506.0
27222,618.0
27223,618.0
27224,618.0
27225,730.0
27226,865.0
27227,865.0
27228,865.0
27229,999.0
27230,730.0
27231,865.0
27232,865.0
27233,865.0
27234,730.0
27235,730.0
27236,730.0
27237,618.0
27238,618.0
27239,865.0
27240,865.0
27241,999.0
27242,1195.0
27243,1195.0
27244,865.0
27245,1558.0
27246,1828.0
27247,1195.0
27248,1195.0
27249,1558.0
27250,1391.0
27251,1558.0
27252,1558.0
27253,1724.0
27254,1391.0
27255,1724.0
27256,1195.0
27257,730.0
27258,1195.0
27259,1195.0
27260,1195.0
27261,1391.0
27262,999.0
27263,999.0
27264,865.0
27265,1195.0
27266,1909.0
27267,1558.0
27268,1195.0
27269,1558.0
27270,1724.0
27271,1558.0
27272,1391.0
27273,1558.0
27274,999.0
27275,1558.0
27276,999.0
27277,730.0
27278,1558.0
27279,1391.0
27280,1960.0
27281,1391.0
27282,1391.0
27283,999.0
27284,999.0
27285,999.0
27286,1195.0
27287,1195.0
27288,1558.0
27289,1558.0
27290,1391.0
27291,865.0
27292,730.0
27293,865.0
27294,618.0
27295,865.0
27296,730.0
27297,999.0
27298,865.0
27299,1391.0
27300,506.0
27301,424.0
27302,264.0
27303,264.0
27304,186.0
27305,186.0
27306,186.0
27307,186.0
27308,110.0
27309,186.0
27310,110.0
27311,186.0
27312,186.0
27313,186.0
27314,110.0
27315,186.0
27316,186.0
27317,186.0
27318,186.0
27319,55.0
27320,110.0
27321,110.0
27322,186.0
27323,110.0
27324,0.0
27325,0.0
27326,0.0
27327,0.0
27328,0.0
27329,55.0
27330,55.0
27331,55.0
27332,55.0
27333,55.0
27334,186.0
27335,186.0
27336,110.0
27337,0.0
27338,110.0
27339,186.0
27340,110.0
27341,186.0
27342,110.0
27343,186.0
27344,186.0
27345,186.0
27346,264.0
27347,342.0
27348,264.0
27349,186.0
27350,186.0
27351,110.0
27352,186.0
27353,186.0
27354,186.0
27355,186.0
27356,186.0
27357,110.0
27358,264.0
27359,264.0
27360,264.0
27361,186.0
27362,110.0
27363,110.0
27364,110.0
27365,110.0
27366,186.0
27367,186.0
27368,186.0
27369,186.0
27370,186.0
27371,186.0
27372,186.0
27373,186.0
27374,186.0
27375,186.0
27376,110.0
27377,110.0
27378,110.0
27379,264.0
27380,186.0
27381,110.0
27382,186.0
27383,264.0
27384,264.0
27385,264.0
27386,186.0
27387,264.0
27388,264.0
27389,264.0
27390,342.0
27391,264.0
27392,264.0
27393,186.0
27394,110.0
27395,110.0
27396,110.0
27397,0.0
27398,0.0
27399,0.0
27400,0.0
27401,0.0
27402,0.0
27403,0.0
27404,0.0
27405,0.0
27406,0.0
27407,0.0
27408,0.0
27409,0.0
27410,0.0
27411,0.0
27412,0.0
27413,0.0
27414,0.0
27415,0.0
27416,0.0
27417,0.0
27418,0.0
27419,0.0
27420,0.0
27421,0.0
27422,0.0
27423,0.0
27424,0.0
27425,0.0
27426,0.0
27427,0.0
27428,0.0
27429,110.0
27430,264.0
27431,264.0
27432,342.0
27433,264.0
27434,110.0
27435,110.0
27436,55.0
27437,0.0
27438,0.0
27439,0.0
27440,0.0
27441,0.0
27442,0.0
27443,0.0
27444,0.0
27445,0.0
27446,0.0
27447,0.0
27448,0.0
27449,0.0
27450,0.0
27451,0.0
27452,0.0
27453,0.0
27454,0.0
27455,0.0
27456,0.0
27457,0.0
27458,0.0
27459,0.0
27460,0.0
27461,0.0
27462,0.0
27463,0.0
27464,0.0
27465,0.0
27466,0.0
27467,55.0
27468,186.0
27469,186.0
27470,264.0
27471,342.0
27472,424.0
27473,424.0
27474,264.0
27475,110.0
27476,0.0
27477,0.0
27478,0.0
27479,0.0
27480,0.0
27481,0.0
27482,0.0
27483,0.0
27484,110.0
27485,186.0
27486,342.0
27487,342.0
27488,264.0
27489,186.0
27490,186.0
27491,110.0
27492,264.0
27493,342.0
27494,342.0
27495,506.0
27496,424.0
27497,424.0
27498,424.0
27499,424.0
27500,264.0
27501,424.0
27502,424.0
27503,342.0
27504,342.0
27505,186.0
27506,342.0
27507,342.0
27508,424.0
27509,424.0
27510,342.0
27511,424.0
27512,506.0
27513,618.0
27514,618.0
27515,424.0
27516,424.0
27517,424.0
27518,730.0
27519,618.0
27520,424.0
27521,618.0
27522,618.0
27523,506.0
27524,618.0
27525,506.0
27526,618.0
27527,618.0
27528,506.0
27529,424.0
27530,506.0
27531,264.0
27532,342.0
27533,342.0
27534,506.0
27535,342.0
27536,342.0
27537,342.0
27538,618.0
27539,424.0
27540,618.0
27541,424.0
27542,730.0
27543,730.0
27544,506.0
27545,506.0
27546,618.0
27547,424.0
27548,424.0
27549,506.0
27550,506.0
27551,618.0
27552,424.0
27553,424.0
27554,424.0
27555,424.0
27556,424.0
27557,264.0
27558,342.0
27559,264.0
27560,264.0
27561,342.0
27562,342.0
27563,264.0
27564,264.0
27565,264.0
27566,186.0
27567,186.0
27568,264.0
27569,264.0
27570,264.0
27571,264.0
27572,186.0
27573,186.0
27574,110.0
27575,186.0
27576,342.0
27577,342.0
27578,110.0
27579,186.0
27580,186.0
27581,186.0
27582,264.0
27583,342.0
27584,342.0
27585,342.0
27586,424.0
27587,342.0
27588,264.0
27589,342.0
27590,342.0
27591,424.0
27592,342.0
27593,264.0
27594,186.0
27595,55.0
27596,55.0
27597,0.0
27598,0.0
27599,0.0
27600,0.0
27601,0.0
27602,0.0
27603,0.0
27604,0.0
27605,0.0
27606,0.0
27607,0.0
27608,0.0
27609,0.0
27610,0.0
27611,0.0
27612,0.0
27613,0.0
27614,0.0
27615,0.0
27616,0.0
27617,0.0
27618,0.0
27619,0.0
27620,0.0
27621,0.0
27622,0.0
27623,0.0
27624,0.0
27625,0.0
27626,0.0
27627,0.0
27628,0.0
27629,0.0
27630,0.0
27631,0.0
27632,0.0
27633,0.0
27634,0.0
27635,0.0
27636,0.0
27637,0.0
27638,0.0
27639,0.0
27640,0.0
27641,0.0
27642,0.0
27643,0.0
27644,0.0
27645,0.0
27646,0.0
27647,0.0
27648,0.0
27649,0.0
27650,0.0
27651,0.0
27652,0.0
27653,0.0
27654,55.0
27655,0.0
27656,0.0
27657,55.0
27658,0.0
27659,0.0
27660,0.0
27661,0.0
27662,0.0
27663,0.0
27664,55.0
27665,0.0
27666,0.0
27667,0.0
27668,0.0
27669,0.0
27670,110.0
27671,0.0
27672,0.0
27673,0.0
27674,0.0
27675,110.0
27676,0.0
27677,0.0
27678,0.0
27679,0.0
27680,0.0
27681,0.0
27682,0.0
27683,0.0
27684,0.0
27685,0.0
27686,0.0
27687,0.0
27688,0.0
27689,0.0
27690,0.0
27691,0.0
27692,0.0
27693,0.0
27694,0.0
27695,0.0
27696,0.0
27697,0.0
27698,0.0
27699,0.0
27700,0.0
27701,0.0
27702,0.0
27703,0.0
27704,0.0
27705,0.0
27706,0.0
27707,0.0
27708,0.0
27709,0.0
27710,0.0
27711,0.0
27712,0.0
27713,0.0
27714,0.0
27715,0.0
27716,0.0
27717,0.0
27718,0.0
27719,0.0
27720,0.0
27721,0.0
27722,0.0
27723,0.0
27724,0.0
27725,0.0
27726,55.0
27727,55.0
27728,0.0
27729,0.0
27730,186.0
27731,264.0
27732,342.0
27733,186.0
27734,0.0
27735,0.0
27736,0.0
27737,0.0
27738,0.0
27739,0.0
27740,0.0
27741,0.0
27742,0.0
27743,0.0
27744,0.0
27745,55.0
27746,55.0
27747,110.0
27748,110.0
27749,110.0
27750,55.0
27751,0.0
27752,0.0
27753,55.0
27754,0.0
27755,0.0
27756,0.0
27757,0.0
27758,0.0
27759,0.0
27760,0.0
27761,0.0
27762,0.0
27763,0.0
27764,0.0
27765,110.0
27766,110.0
27767,186.0
27768,186.0
27769,110.0
27770,55.0
27771,110.0
27772,0.0
27773,55.0
27774,186.0
27775,110.0
27776,110.0
27777,0.0
27778,0.0
27779,0.0
27780,0.0
27781,0.0
27782,0.0
27783,0.0
27784,0.0
27785,0.0
27786,0.0
27787,0.0
27788,0.0
27789,0.0
27790,0.0
27791,0.0
27792,0.0
27793,0.0
27794,0.0
27795,0.0
27796,0.0
27797,0.0
27798,110.0
27799,0.0
27800,0.0
27801,0.0
27802,0.0
27803,0.0
27804,0.0
27805,55.0
27806,110.0
27807,110.0
27808,55.0
27809,0.0
27810,55.0
27811,0.0
27812,0.0
27813,55.0
27814,110.0
27815,55.0
27816,55.0
27817,0.0
27818,0.0
27819,0.0
27820,0.0
27821,0.0
27822,0.0
27823,0.0
27824,0.0
27825,0.0
27826,0.0
27827,0.0
27828,55.0
27829,55.0
27830,55.0
27831,55.0
27832,55.0
27833,0.0
27834,0.0
27835,0.0
27836,55.0
27837,55.0
27838,55.0
27839,55.0
27840,0.0
27841,55.0
27842,55.0
27843,55.0
27844,0.0
27845,0.0
27846,0.0
27847,0.0
27848,55.0
27849,55.0
27850,55.0
27851,55.0
27852,110.0
27853,55.0
27854,0.0
27855,0.0
27856,0.0
27857,55.0
27858,55.0
27859,55.0
27860,55.0
27861,0.0
27862,0.0
27863,0.0
27864,0.0
27865,0.0
27866,0.0
27867,0.0
27868,0.0
27869,0.0
27870,0.0
27871,0.0
27872,0.0
27873,0.0
27874,0.0
27875,0.0
27876,0.0
27877,0.0
27878,0.0
27879,55.0
27880,0.0
27881,110.0
27882,55.0
27883,0.0
27884,0.0
27885,0.0
27886,0.0
27887,0.0
27888,0.0
27889,0.0
27890,0.0
27891,110.0
27892,55.0
27893,0.0
27894,0.0
27895,0.0
27896,0.0
27897,0.0
27898,0.0
27899,0.0
27900,0.0
27901,0.0
27902,0.0
27903,0.0
27904,0.0
27905,0.0
27906,0.0
27907,0.0
27908,0.0
27909,0.0
27910,0.0
27911,0.0
27912,0.0
27913,110.0
27914,110.0
27915,55.0
27916,186.0
27917,186.0
27918,264.0
27919,186.0
27920,264.0
27921,186.0
27922,264.0
27923,342.0
27924,264.0
27925,264.0
27926,264.0
27927,342.0
27928,424.0
27929,424.0
27930,424.0
27931,424.0
27932,424.0
27933,424.0
27934,342.0
27935,264.0
27936,264.0
27937,264.0
27938,264.0
27939,264.0
27940,264.0
27941,342.0
27942,342.0
27943,342.0
27944,342.0
27945,342.0
27946,342.0
27947,424.0
27948,342.0
27949,342.0
27950,264.0
27951,264.0
27952,264.0
27953,264.0
27954,264.0
27955,264.0
27956,264.0
27957,264.0
27958,264.0
27959,264.0
27960,342.0
27961,342.0
27962,342.0
27963,342.0
27964,424.0
27965,342.0
27966,342.0
27967,264.0
27968,264.0
27969,264.0
27970,342.0
27971,264.0
27972,264.0
27973,264.0
27974,342.0
27975,342.0
27976,342.0
27977,264.0
27978,342.0
27979,424.0
27980,424.0
27981,342.0
27982,342.0
27983,342.0
27984,342.0
27985,186.0
27986,186.0
27987,186.0
27988,264.0
27989,264.0
27990,186.0
27991,186.0
27992,110.0
27993,55.0
27994,110.0
27995,110.0
27996,110.0
27997,110.0
27998,55.0
27999,110.0
28000,110.0
28001,110.0
28002,186.0
28003,110.0
28004,55.0
28005,55.0
28006,0.0
28007,0.0
28008,110.0
28009,55.0
28010,0.0
28011,110.0
28012,186.0
28013,110.0
28014,110.0
28015,55.0
28016,186.0
28017,110.0
28018,264.0
28019,186.0
28020,342.0
28021,424.0
28022,186.0
28023,186.0
28024,342.0
28025,342.0
28026,342.0
28027,264.0
28028,264.0
28029,264.0
28030,424.0
28031,264.0
28032,264.0
28033,342.0
28034,424.0
28035,342.0
28036,186.0
28037,424.0
28038,342.0
28039,342.0
28040,264.0
28041,342.0
28042,264.0
28043,342.0
28044,264.0
28045,342.0
28046,186.0
28047,186.0
28048,342.0
28049,342.0
28050,424.0
28051,264.0
28052,186.0
28053,342.0
28054,342.0
28055,186.0
28056,264.0
28057,55.0
28058,0.0
28059,110.0
28060,55.0
28061,55.0
28062,55.0
28063,55.0
28064,55.0
28065,55.0
28066,110.0
28067,110.0
28068,186.0
28069,186.0
28070,264.0
28071,342.0
28072,264.0
28073,186.0
28074,264.0
28075,342.0
28076,186.0
28077,186.0
28078,186.0
28079,264.0
28080,264.0
28081,264.0
28082,264.0
28083,264.0
28084,264.0
28085,264.0
28086,342.0
28087,342.0
28088,424.0
28089,342.0
28090,424.0
28091,506.0
28092,424.0
28093,342.0
28094,342.0
28095,506.0
28096,506.0
28097,618.0
28098,730.0
28099,618.0
28100,730.0
28101,730.0
28102,999.0
28103,618.0
28104,618.0
28105,618.0
28106,865.0
28107,730.0
28108,618.0
28109,618.0
28110,730.0
28111,730.0
28112,618.0
28113,618.0
28114,506.0
28115,342.0
28116,730.0
28117,618.0
28118,618.0
28119,730.0
28120,618.0
28121,730.0
28122,618.0
28123,506.0
28124,506.0
28125,424.0
28126,424.0
28127,342.0
28128,424.0
28129,342.0
28130,342.0
28131,342.0
28132,342.0
28133,342.0
28134,264.0
28135,264.0
28136,264.0
28137,264.0
28138,264.0
28139,264.0
28140,264.0
28141,264.0
28142,264.0
28143,342.0
28144,264.0
28145,186.0
28146,186.0
28147,264.0
28148,424.0
28149,424.0
28150,424.0
28151,264.0
28152,186.0
28153,186.0
28154,342.0
28155,110.0
28156,342.0
28157,342.0
28158,342.0
28159,186.0
28160,186.0
28161,264.0
28162,264.0
28163,264.0
28164,186.0
28165,264.0
28166,186.0
28167,186.0
28168,110.0
28169,264.0
28170,264.0
28171,264.0
28172,186.0
28173,186.0
28174,186.0
28175,186.0
28176,110.0
28177,342.0
28178,186.0
28179,264.0
28180,0.0
28181,110.0
28182,0.0
28183,424.0
28184,424.0
28185,342.0
28186,264.0
28187,186.0
28188,342.0
28189,55.0
28190,110.0
28191,342.0
28192,424.0
28193,264.0
28194,264.0
28195,424.0
28196,264.0
28197,110.0
28198,55.0
28199,186.0
28200,186.0
28201,186.0
28202,55.0
28203,186.0
28204,264.0
28205,110.0
28206,0.0
28207,0.0
28208,110.0
28209,264.0
28210,342.0
28211,342.0
28212,264.0
28213,186.0
28214,110.0
28215,0.0
28216,0.0
28217,0.0
28218,0.0
28219,0.0
28220,0.0
28221,0.0
28222,0.0
28223,0.0
28224,55.0
28225,110.0
28226,110.0
28227,186.0
28228,424.0
28229,506.0
28230,730.0
28231,618.0
28232,618.0
28233,618.0
28234,506.0
28235,506.0
28236,424.0
28237,424.0
28238,865.0
28239,730.0
28240,1828.0
28241,999.0
28242,618.0
28243,730.0
28244,865.0
28245,1724.0
28246,506.0
28247,424.0
28248,342.0
28249,618.0
28250,999.0
28251,1558.0
28252,865.0
28253,730.0
28254,865.0
28255,865.0
28256,865.0
28257,730.0
28258,424.0
28259,342.0
28260,424.0
28261,506.0
28262,424.0
28263,342.0
28264,342.0
28265,424.0
28266,264.0
28267,186.0
28268,342.0
28269,264.0
28270,186.0
28271,264.0
28272,424.0
28273,506.0
28274,730.0
28275,506.0
28276,342.0
28277,424.0
28278,618.0
28279,506.0
28280,342.0
28281,342.0
28282,342.0
28283,342.0
28284,506.0
28285,424.0
28286,424.0
28287,342.0
28288,342.0
28289,506.0
28290,424.0
28291,264.0
28292,264.0
28293,342.0
28294,264.0
28295,342.0
28296,506.0
28297,424.0
28298,506.0
28299,865.0
28300,506.0
28301,1195.0
28302,1391.0
28303,1391.0
28304,730.0
28305,999.0
28306,999.0
28307,1195.0
28308,1195.0
28309,999.0
28310,999.0
28311,1558.0
28312,2002.0
28313,1724.0
28314,1195.0
28315,1558.0
28316,999.0
28317,865.0
28318,1391.0
28319,1724.0
28320,1195.0
28321,730.0
28322,999.0
28323,1558.0
28324,1391.0
28325,618.0
28326,1195.0
28327,1558.0
28328,1195.0
28329,1391.0
28330,1391.0
28331,999.0
28332,730.0
28333,865.0
28334,865.0
28335,865.0
28336,730.0
28337,999.0
28338,999.0
28339,865.0
28340,730.0
28341,730.0
28342,618.0
28343,618.0
28344,506.0
28345,730.0
28346,618.0
28347,618.0
28348,424.0
28349,506.0
28350,342.0
28351,424.0
28352,424.0
28353,264.0
28354,264.0
28355,342.0
28356,186.0
28357,264.0
28358,264.0
28359,424.0
28360,424.0
28361,342.0
28362,424.0
28363,424.0
28364,424.0
28365,424.0
28366,342.0
28367,264.0
28368,186.0
28369,264.0
28370,342.0
28371,342.0
28372,264.0
28373,264.0
28374,186.0
28375,110.0
28376,110.0
28377,55.0
28378,55.0
28379,55.0
28380,55.0
28381,55.0
28382,55.0
28383,55.0
28384,55.0
28385,0.0
28386,55.0
28387,110.0
28388,110.0
28389,110.0
28390,186.0
28391,186.0
28392,186.0
28393,110.0
28394,55.0
28395,110.0
28396,110.0
28397,0.0
28398,0.0
28399,0.0
28400,0.0
28401,0.0
28402,0.0
28403,0.0
28404,0.0
28405,0.0
28406,0.0
28407,110.0
28408,110.0
28409,55.0
28410,110.0
28411,110.0
28412,55.0
28413,0.0
28414,0.0
28415,0.0
28416,0.0
28417,110.0
28418,110.0
28419,110.0
28420,110.0
28421,0.0
28422,55.0
28423,55.0
28424,0.0
28425,0.0
28426,0.0
28427,0.0
28428,0.0
28429,0.0
28430,0.0
28431,0.0
28432,0.0
28433,0.0
28434,55.0
28435,110.0
28436,55.0
28437,55.0
28438,0.0
28439,0.0
28440,0.0
28441,0.0
28442,0.0
28443,0.0
28444,0.0
28445,0.0
28446,0.0
28447,0.0
28448,0.0
28449,0.0
28450,0.0
28451,186.0
28452,110.0
28453,110.0
28454,0.0
28455,0.0
28456,186.0
28457,110.0
28458,0.0
28459,0.0
28460,0.0
28461,55.0
28462,0.0
28463,0.0
28464,0.0
28465,0.0
28466,55.0
28467,0.0
28468,0.0
28469,0.0
28470,0.0
28471,0.0
28472,0.0
28473,0.0
28474,0.0
28475,0.0
28476,0.0
28477,110.0
28478,0.0
28479,0.0
28480,0.0
28481,0.0
28482,0.0
28483,0.0
28484,0.0
28485,0.0
28486,0.0
28487,0.0
28488,0.0
28489,0.0
28490,110.0
28491,110.0
28492,55.0
28493,0.0
28494,0.0
28495,0.0
28496,0.0
28497,0.0
28498,0.0
28499,110.0
28500,264.0
28501,264.0
28502,186.0
28503,186.0
28504,264.0
28505,424.0
28506,424.0
28507,424.0
28508,264.0
28509,342.0
28510,264.0
28511,186.0
28512,264.0
28513,264.0
28514,186.0
28515,110.0
28516,110.0
28517,186.0
28518,264.0
28519,264.0
28520,186.0
28521,186.0
28522,110.0
28523,55.0
28524,55.0
28525,110.0
28526,110.0
28527,186.0
28528,55.0
28529,55.0
28530,55.0
28531,55.0
28532,186.0
28533,186.0
28534,186.0
28535,186.0
28536,110.0
28537,186.0
28538,264.0
28539,342.0
28540,264.0
28541,264.0
28542,342.0
28543,342.0
28544,342.0
28545,264.0
28546,186.0
28547,264.0
28548,264.0
28549,186.0
28550,264.0
28551,342.0
28552,264.0
28553,264.0
28554,186.0
28555,110.0
28556,110.0
28557,110.0
28558,110.0
28559,110.0
28560,110.0
28561,110.0
28562,110.0
28563,186.0
28564,110.0
28565,110.0
28566,55.0
28567,0.0
28568,55.0
28569,55.0
28570,55.0
28571,55.0
28572,0.0
28573,0.0
28574,0.0
28575,0.0
28576,110.0
28577,110.0
28578,110.0
28579,186.0
28580,186.0
28581,110.0
28582,55.0
28583,55.0
28584,110.0
28585,264.0
28586,264.0
28587,342.0
28588,342.0
28589,264.0
28590,424.0
28591,506.0
28592,506.0
28593,342.0
28594,342.0
28595,424.0
28596,342.0
28597,342.0
28598,342.0
28599,506.0
28600,424.0
28601,618.0
28602,730.0
28603,618.0
28604,342.0
28605,424.0
28606,506.0
28607,506.0
28608,618.0
28609,506.0
28610,618.0
28611,342.0
28612,506.0
28613,506.0
28614,264.0
28615,342.0
28616,424.0
28617,424.0
28618,506.0
28619,264.0
28620,264.0
28621,424.0
28622,264.0
28623,424.0
28624,424.0
28625,264.0
28626,342.0
28627,342.0
28628,342.0
28629,264.0
28630,264.0
28631,186.0
28632,264.0
28633,264.0
28634,264.0
28635,342.0
28636,1724.0
28637,1195.0
28638,1195.0
28639,1724.0
28640,1195.0
28641,1195.0
28642,1195.0
28643,424.0
28644,342.0
28645,110.0
28646,186.0
28647,424.0
28648,506.0
28649,506.0
28650,618.0
28651,730.0
28652,506.0
28653,424.0
28654,424.0
28655,506.0
28656,506.0
28657,506.0
28658,506.0
28659,506.0
28660,424.0
28661,506.0
28662,618.0
28663,506.0
28664,506.0
28665,865.0
28666,1558.0
28667,1558.0
28668,1391.0
28669,1195.0
28670,999.0
28671,999.0
28672,865.0
28673,999.0
28674,999.0
28675,865.0
28676,618.0
28677,506.0
28678,618.0
28679,618.0
28680,618.0
28681,618.0
28682,730.0
28683,999.0
28684,999.0
28685,1391.0
28686,1558.0
28687,1724.0
28688,1558.0
28689,1391.0
28690,999.0
28691,999.0
28692,999.0
28693,1195.0
28694,730.0
28695,730.0
28696,424.0
28697,618.0
28698,618.0
28699,506.0
28700,342.0
28701,264.0
28702,342.0
28703,424.0
28704,342.0
28705,342.0
28706,506.0
28707,424.0
28708,264.0
28709,342.0
28710,424.0
28711,342.0
28712,342.0
28713,342.0
28714,506.0
28715,506.0
28716,424.0
28717,506.0
28718,506.0
28719,506.0
28720,618.0
28721,999.0
28722,865.0
28723,618.0
28724,999.0
28725,730.0
28726,1391.0
28727,999.0
28728,999.0
28729,865.0
28730,1195.0
28731,999.0
28732,730.0
28733,730.0
28734,999.0
28735,999.0
28736,618.0
28737,618.0
28738,730.0
28739,1391.0
28740,1391.0
28741,1195.0
28742,618.0
28743,1558.0
28744,865.0
28745,506.0
28746,865.0
28747,730.0
28748,618.0
28749,730.0
28750,730.0
28751,730.0
28752,506.0
28753,506.0
28754,506.0
28755,618.0
28756,730.0
28757,865.0
28758,618.0
28759,506.0
28760,342.0
28761,342.0
28762,264.0
28763,424.0
28764,342.0
28765,424.0
28766,424.0
28767,342.0
28768,264.0
28769,186.0
28770,55.0
28771,110.0
28772,186.0
28773,55.0
28774,55.0
28775,0.0
28776,55.0
28777,0.0
28778,55.0
28779,186.0
28780,110.0
28781,0.0
28782,0.0
28783,0.0
28784,110.0
28785,186.0
28786,0.0
28787,0.0
28788,55.0
28789,55.0
28790,186.0
28791,342.0
28792,424.0
28793,424.0
28794,506.0
28795,424.0
28796,424.0
28797,424.0
28798,342.0
28799,264.0
28800,264.0
28801,186.0
28802,186.0
28803,0.0
28804,0.0
28805,0.0
28806,0.0
28807,0.0
28808,0.0
28809,0.0
28810,0.0
28811,0.0
28812,0.0
28813,0.0
28814,110.0
28815,110.0
28816,186.0
28817,264.0
28818,264.0
28819,186.0
28820,264.0
28821,264.0
28822,264.0
28823,264.0
28824,342.0
28825,424.0
28826,506.0
28827,618.0
28828,730.0
28829,1828.0
28830,1558.0
28831,1391.0
28832,1195.0
28833,618.0
28834,424.0
28835,342.0
28836,342.0
28837,264.0
28838,424.0
28839,506.0
28840,342.0
28841,264.0
28842,424.0
28843,110.0
28844,186.0
28845,264.0
28846,264.0
28847,342.0
28848,342.0
28849,264.0
28850,424.0
28851,424.0
28852,342.0
28853,264.0
28854,342.0
28855,342.0
28856,506.0
28857,342.0
28858,342.0
28859,264.0
28860,264.0
28861,264.0
28862,342.0
28863,264.0
28864,424.0
28865,424.0
28866,424.0
28867,506.0
28868,342.0
28869,424.0
28870,506.0
28871,618.0
28872,506.0
28873,506.0
28874,730.0
28875,506.0
28876,730.0
28877,618.0
28878,506.0
28879,342.0
28880,424.0
28881,506.0
28882,730.0
28883,506.0
28884,424.0
28885,264.0
28886,424.0
28887,506.0
28888,424.0
28889,730.0
28890,730.0
28891,506.0
28892,730.0
28893,1195.0
28894,999.0
28895,730.0
28896,730.0
28897,730.0
28898,424.0
28899,730.0
28900,865.0
28901,730.0
28902,1195.0
28903,999.0
28904,424.0
28905,506.0
28906,730.0
28907,618.0
28908,618.0
28909,730.0
28910,424.0
28911,506.0
28912,506.0
28913,730.0
28914,618.0
28915,506.0
28916,424.0
28917,618.0
28918,618.0
28919,506.0
28920,506.0
28921,424.0
28922,506.0
28923,264.0
28924,342.0
28925,264.0
28926,186.0
28927,342.0
28928,342.0
28929,424.0
28930,264.0
28931,342.0
28932,264.0
28933,342.0
28934,424.0
28935,342.0
28936,264.0
28937,264.0
28938,264.0
28939,342.0
28940,424.0
28941,424.0
28942,342.0
28943,424.0
28944,264.0
28945,186.0
28946,186.0
28947,264.0
28948,264.0
28949,342.0
28950,264.0
28951,264.0
28952,424.0
28953,424.0
28954,506.0
28955,424.0
28956,342.0
28957,424.0
28958,342.0
28959,342.0
28960,264.0
28961,264.0
28962,264.0
28963,424.0
28964,424.0
28965,264.0
28966,264.0
28967,424.0
28968,424.0
28969,342.0
28970,264.0
28971,186.0
28972,264.0
28973,264.0
28974,342.0
28975,424.0
28976,424.0
28977,342.0
28978,264.0
28979,110.0
28980,186.0
28981,186.0
28982,110.0
28983,55.0
28984,0.0
28985,186.0
28986,110.0
28987,55.0
28988,186.0
28989,186.0
28990,186.0
28991,186.0
28992,110.0
28993,186.0
28994,110.0
28995,55.0
28996,186.0
28997,264.0
28998,342.0
28999,342.0
29000,424.0
29001,424.0
29002,342.0
29003,264.0
29004,264.0
29005,186.0
29006,186.0
29007,264.0
29008,342.0
29009,186.0
29010,186.0
29011,264.0
29012,110.0
29013,110.0
29014,186.0
29015,424.0
29016,342.0
29017,424.0
29018,342.0
29019,264.0
29020,342.0
29021,506.0
29022,264.0
29023,342.0
29024,506.0
29025,424.0
29026,264.0
29027,342.0
29028,264.0
29029,424.0
29030,342.0
29031,342.0
29032,618.0
29033,342.0
29034,342.0
29035,618.0
29036,618.0
29037,424.0
29038,618.0
29039,506.0
29040,618.0
29041,506.0
29042,618.0
29043,730.0
29044,506.0
29045,865.0
29046,618.0
29047,1195.0
29048,999.0
29049,730.0
29050,730.0
29051,730.0
29052,506.0
29053,730.0
29054,999.0
29055,730.0
29056,865.0
29057,618.0
29058,865.0
29059,865.0
29060,730.0
29061,999.0
29062,618.0
29063,865.0
29064,506.0
29065,618.0
29066,618.0
29067,618.0
29068,730.0
29069,618.0
29070,506.0
29071,506.0
29072,506.0
29073,618.0
29074,506.0
29075,506.0
29076,618.0
29077,730.0
29078,730.0
29079,730.0
29080,730.0
29081,730.0
29082,618.0
29083,618.0
29084,618.0
29085,618.0
29086,424.0
29087,424.0
29088,424.0
29089,506.0
29090,424.0
29091,424.0
29092,618.0
29093,618.0
29094,730.0
29095,618.0
29096,506.0
29097,424.0
29098,424.0
29099,342.0
29100,342.0
29101,264.0
29102,342.0
29103,342.0
29104,342.0
29105,342.0
29106,424.0
29107,506.0
29108,506.0
29109,424.0
29110,618.0
29111,424.0
29112,424.0
29113,618.0
29114,618.0
29115,424.0
29116,424.0
29117,506.0
29118,618.0
29119,506.0
29120,424.0
29121,424.0
29122,342.0
29123,342.0
29124,342.0
29125,342.0
29126,264.0
29127,186.0
29128,110.0
29129,264.0
29130,342.0
29131,424.0
29132,424.0
29133,424.0
29134,424.0
29135,342.0
29136,342.0
29137,186.0
29138,110.0
29139,186.0
29140,186.0
29141,110.0
29142,264.0
29143,186.0
29144,186.0
29145,264.0
29146,264.0
29147,264.0
29148,342.0
29149,264.0
29150,342.0
29151,424.0
29152,506.0
29153,342.0
29154,424.0
29155,342.0
29156,186.0
29157,186.0
29158,264.0
29159,264.0
29160,264.0
29161,342.0
29162,264.0
29163,264.0
29164,342.0
29165,342.0
29166,342.0
29167,342.0
29168,506.0
29169,264.0
29170,342.0
29171,264.0
29172,342.0
29173,186.0
29174,264.0
29175,264.0
29176,264.0
29177,424.0
29178,342.0
29179,264.0
29180,424.0
29181,342.0
29182,342.0
29183,186.0
29184,342.0
29185,506.0
29186,264.0
29187,342.0
29188,424.0
29189,342.0
29190,342.0
29191,506.0
29192,264.0
29193,342.0
29194,342.0
29195,342.0
29196,342.0
29197,342.0
29198,186.0
29199,264.0
29200,342.0
29201,342.0
29202,342.0
29203,264.0
29204,110.0
29205,264.0
29206,186.0
29207,110.0
29208,55.0
29209,110.0
29210,186.0
29211,186.0
29212,110.0
29213,110.0
29214,264.0
29215,424.0
29216,424.0
29217,506.0
29218,424.0
29219,424.0
29220,424.0
29221,424.0
29222,730.0
29223,865.0
29224,999.0
29225,1195.0
29226,999.0
29227,730.0
29228,730.0
29229,506.0
29230,506.0
29231,424.0
29232,424.0
29233,506.0
29234,506.0
29235,506.0
29236,424.0
29237,424.0
29238,506.0
29239,506.0
29240,424.0
29241,424.0
29242,424.0
29243,424.0
29244,424.0
29245,342.0
29246,424.0
29247,342.0
29248,424.0
29249,424.0
29250,424.0
29251,424.0
29252,424.0
29253,424.0
29254,342.0
29255,424.0
29256,424.0
29257,506.0
29258,506.0
29259,506.0
29260,730.0
29261,506.0
29262,506.0
29263,424.0
29264,506.0
29265,424.0
29266,424.0
29267,342.0
29268,342.0
29269,424.0
29270,424.0
29271,424.0
29272,342.0
29273,342.0
29274,342.0
29275,342.0
29276,342.0
29277,506.0
29278,506.0
29279,424.0
29280,424.0
29281,424.0
29282,506.0
29283,424.0
29284,342.0
29285,342.0
29286,342.0
29287,342.0
29288,264.0
29289,342.0
29290,186.0
29291,264.0
29292,342.0
29293,424.0
29294,342.0
29295,342.0
29296,342.0
29297,618.0
29298,730.0
29299,506.0
29300,618.0
29301,424.0
29302,264.0
29303,342.0
29304,424.0
29305,424.0
29306,506.0
29307,618.0
29308,618.0
29309,506.0
29310,618.0
29311,865.0
29312,618.0
29313,506.0
29314,506.0
29315,506.0
29316,506.0
29317,506.0
29318,506.0
29319,506.0
29320,264.0
29321,424.0
29322,424.0
29323,424.0
29324,506.0
29325,424.0
29326,618.0
29327,506.0
29328,424.0
29329,342.0
29330,424.0
29331,342.0
29332,342.0
29333,424.0
29334,618.0
29335,506.0
29336,506.0
29337,506.0
29338,618.0
29339,506.0
29340,342.0
29341,264.0
29342,342.0
29343,618.0
29344,618.0
29345,999.0
29346,865.0
29347,865.0
29348,730.0
29349,618.0
29350,506.0
29351,424.0
29352,424.0
29353,424.0
29354,424.0
29355,424.0
29356,342.0
29357,342.0
29358,342.0
29359,342.0
29360,342.0
29361,342.0
29362,342.0
29363,342.0
29364,342.0
29365,424.0
29366,424.0
29367,342.0
29368,424.0
29369,424.0
29370,506.0
29371,506.0
29372,618.0
29373,618.0
29374,506.0
29375,506.0
29376,618.0
29377,618.0
29378,618.0
29379,506.0
29380,424.0
29381,424.0
29382,342.0
29383,342.0
29384,342.0
29385,342.0
29386,424.0
29387,342.0
29388,424.0
29389,342.0
29390,424.0
29391,424.0
29392,424.0
29393,424.0
29394,424.0
29395,424.0
29396,342.0
29397,342.0
29398,342.0
29399,342.0
29400,424.0
29401,342.0
29402,342.0
29403,342.0
29404,342.0
29405,424.0
29406,342.0
29407,342.0
29408,342.0
29409,342.0
29410,424.0
29411,424.0
29412,424.0
29413,424.0
29414,424.0
29415,424.0
29416,424.0
29417,342.0
29418,342.0
29419,264.0
29420,264.0
29421,264.0
29422,342.0
29423,342.0
29424,342.0
29425,342.0
29426,264.0
29427,186.0
29428,110.0
29429,110.0
29430,186.0
29431,264.0
29432,186.0
29433,186.0
29434,264.0
29435,110.0
29436,186.0
29437,186.0
29438,186.0
29439,264.0
29440,186.0
29441,110.0
29442,110.0
29443,264.0
29444,342.0
29445,186.0
29446,264.0
29447,264.0
29448,186.0
29449,264.0
29450,264.0
29451,186.0
29452,186.0
29453,264.0
29454,186.0
29455,264.0
29456,264.0
29457,186.0
29458,110.0
29459,186.0
29460,264.0
29461,264.0
29462,186.0
29463,264.0
29464,110.0
29465,264.0
29466,186.0
29467,110.0
29468,186.0
29469,186.0
29470,110.0
29471,55.0
29472,186.0
29473,264.0
29474,264.0
29475,186.0
29476,186.0
29477,264.0
29478,424.0
29479,186.0
29480,186.0
29481,186.0
29482,342.0
29483,424.0
29484,342.0
29485,424.0
29486,342.0
29487,342.0
29488,110.0
29489,342.0
29490,264.0
29491,342.0
29492,264.0
29493,264.0
29494,424.0
29495,342.0
29496,342.0
29497,264.0
29498,186.0
29499,110.0
29500,110.0
29501,110.0
29502,110.0
29503,186.0
29504,110.0
29505,0.0
29506,0.0
29507,0.0
29508,0.0
29509,0.0
29510,0.0
29511,110.0
29512,110.0
29513,186.0
29514,110.0
29515,110.0
29516,186.0
29517,264.0
29518,264.0
29519,186.0
29520,186.0
29521,264.0
29522,264.0
29523,264.0
29524,264.0
29525,264.0
29526,264.0
29527,264.0
29528,264.0
29529,264.0
29530,264.0
29531,264.0
29532,342.0
29533,342.0
29534,342.0
29535,424.0
29536,342.0
29537,342.0
29538,342.0
29539,264.0
29540,264.0
29541,342.0
29542,342.0
29543,342.0
29544,342.0
29545,342.0
29546,342.0
29547,342.0
29548,424.0
29549,424.0
29550,424.0
29551,424.0
29552,424.0
29553,506.0
29554,618.0
29555,730.0
29556,618.0
29557,618.0
29558,506.0
29559,506.0
29560,506.0
29561,424.0
29562,618.0
29563,506.0
29564,506.0
29565,506.0
29566,424.0
29567,506.0
29568,618.0
29569,618.0
29570,506.0
29571,506.0
29572,506.0
29573,424.0
29574,342.0
29575,618.0
29576,506.0
29577,424.0
29578,264.0
29579,424.0
29580,342.0
29581,618.0
29582,730.0
29583,618.0
29584,506.0
29585,424.0
29586,424.0
29587,342.0
29588,264.0
29589,424.0
29590,342.0
29591,186.0
29592,186.0
29593,264.0
29594,264.0
29595,110.0
29596,55.0
29597,186.0
29598,186.0
29599,264.0
29600,264.0
29601,186.0
29602,264.0
29603,264.0
29604,264.0
29605,342.0
29606,186.0
29607,342.0
29608,186.0
29609,186.0
29610,424.0
29611,424.0
29612,342.0
29613,186.0
29614,186.0
29615,342.0
29616,264.0
29617,264.0
29618,186.0
29619,264.0
29620,186.0
29621,342.0
29622,342.0
29623,264.0
29624,186.0
29625,264.0
29626,264.0
29627,186.0
29628,110.0
29629,55.0
29630,0.0
29631,186.0
29632,264.0
29633,264.0
29634,186.0
29635,264.0
29636,186.0
29637,264.0
29638,264.0
29639,186.0
29640,264.0
29641,342.0
29642,342.0
29643,342.0
29644,342.0
29645,342.0
29646,342.0
29647,424.0
29648,424.0
29649,424.0
29650,424.0
29651,424.0
29652,424.0
29653,424.0
29654,424.0
29655,424.0
29656,424.0
29657,506.0
29658,424.0
29659,506.0
29660,618.0
29661,618.0
29662,730.0
29663,730.0
29664,730.0
29665,730.0
29666,618.0
29667,730.0
29668,618.0
29669,730.0
29670,730.0
29671,865.0
29672,618.0
29673,618.0
29674,506.0
29675,506.0
29676,618.0
29677,618.0
29678,618.0
29679,424.0
29680,506.0
29681,424.0
29682,506.0
29683,730.0
29684,618.0
29685,618.0
29686,506.0
29687,506.0
29688,618.0
29689,730.0
29690,865.0
29691,730.0
29692,506.0
29693,618.0
29694,730.0
29695,730.0
29696,865.0
29697,618.0
29698,618.0
29699,730.0
29700,730.0
29701,730.0
29702,506.0
29703,618.0
29704,1195.0
29705,1195.0
29706,1195.0
29707,999.0
29708,999.0
29709,1195.0
29710,1195.0
29711,1391.0
29712,1391.0
29713,1391.0
29714,999.0
29715,865.0
29716,1391.0
29717,1195.0
29718,999.0
29719,865.0
29720,865.0
29721,506.0
29722,264.0
29723,424.0
29724,506.0
29725,618.0
29726,618.0
29727,424.0
29728,865.0
29729,1195.0
29730,865.0
29731,618.0
29732,618.0
29733,424.0
29734,342.0
29735,506.0
29736,730.0
29737,506.0
29738,506.0
29739,506.0
29740,264.0
29741,342.0
29742,264.0
29743,186.0
29744,264.0
29745,186.0
29746,264.0
29747,342.0
29748,424.0
29749,342.0
29750,342.0
29751,424.0
29752,342.0
29753,424.0
29754,506.0
29755,618.0
29756,506.0
29757,506.0
29758,730.0
29759,618.0
29760,999.0
29761,1195.0
29762,1195.0
29763,1195.0
29764,730.0
29765,730.0
29766,730.0
29767,865.0
29768,342.0
29769,506.0
29770,506.0
29771,506.0
29772,730.0
29773,618.0
29774,618.0
29775,618.0
29776,618.0
29777,264.0
29778,264.0
29779,424.0
29780,342.0
29781,264.0
29782,342.0
29783,264.0
29784,264.0
29785,342.0
29786,424.0
29787,424.0
29788,264.0
29789,110.0
29790,55.0
29791,0.0
29792,55.0
29793,55.0
29794,55.0
29795,55.0
29796,0.0
29797,0.0
29798,55.0
29799,110.0
29800,55.0
29801,55.0
29802,0.0
29803,55.0
29804,55.0
29805,55.0
29806,55.0
29807,186.0
29808,186.0
29809,55.0
29810,55.0
29811,110.0
29812,55.0
29813,186.0
29814,186.0
29815,264.0
29816,342.0
29817,342.0
29818,424.0
29819,424.0
29820,342.0
29821,342.0
29822,264.0
29823,424.0
29824,506.0
29825,506.0
29826,865.0
29827,999.0
29828,730.0
29829,865.0
29830,618.0
29831,618.0
29832,424.0
29833,424.0
29834,506.0
29835,424.0
29836,506.0
29837,618.0
29838,618.0
29839,506.0
29840,506.0
29841,506.0
29842,506.0
29843,618.0
29844,424.0
29845,342.0
29846,342.0
29847,342.0
29848,264.0
29849,264.0
29850,55.0
29851,0.0
29852,0.0
29853,0.0
29854,0.0
29855,0.0
29856,0.0
29857,0.0
29858,0.0
29859,0.0
29860,0.0
29861,0.0
29862,0.0
29863,0.0
29864,0.0
29865,0.0
29866,0.0
29867,0.0
29868,0.0
29869,0.0
29870,0.0
29871,0.0
29872,0.0
29873,0.0
29874,0.0
29875,0.0
29876,0.0
29877,0.0
29878,0.0
29879,0.0
29880,0.0
29881,0.0
29882,0.0
29883,0.0
29884,0.0
29885,0.0
29886,0.0
29887,0.0
29888,0.0
29889,0.0
29890,0.0
29891,0.0
29892,0.0
29893,0.0
29894,0.0
29895,0.0
29896,0.0
29897,0.0
29898,0.0
29899,0.0
29900,0.0
29901,0.0
29902,0.0
29903,0.0
29904,0.0
29905,0.0
29906,0.0
29907,0.0
29908,0.0
29909,0.0
29910,0.0
29911,0.0
29912,0.0
29913,0.0
29914,0.0
29915,0.0
29916,0.0
29917,0.0
29918,0.0
29919,0.0
29920,110.0
29921,110.0
29922,110.0
29923,186.0
29924,186.0
29925,186.0
29926,110.0
29927,186.0
29928,186.0
29929,186.0
29930,186.0
29931,110.0
29932,110.0
29933,55.0
29934,55.0
29935,110.0
29936,186.0
29937,186.0
29938,110.0
29939,186.0
29940,110.0
29941,55.0
29942,0.0
29943,110.0
29944,110.0
29945,110.0
29946,506.0
29947,1828.0
29948,1558.0
29949,999.0
29950,264.0
29951,186.0
29952,55.0
29953,0.0
29954,110.0
29955,110.0
29956,186.0
29957,110.0
29958,0.0
29959,0.0
29960,424.0
29961,730.0
29962,730.0
29963,342.0
29964,342.0
29965,424.0
29966,424.0
29967,0.0
29968,0.0
29969,0.0
29970,0.0
29971,0.0
29972,0.0
29973,0.0
29974,186.0
29975,264.0
29976,186.0
29977,0.0
29978,0.0
29979,0.0
29980,0.0
29981,0.0
29982,0.0
29983,0.0
29984,0.0
29985,0.0
29986,0.0
29987,0.0
29988,0.0
29989,55.0
29990,55.0
29991,0.0
29992,0.0
29993,1391.0
29994,0.0
29995,0.0
29996,0.0
29997,0.0
29998,0.0
29999,0.0
30000,0.0
30001,0.0
30002,0.0
30003,0.0
30004,0.0
30005,0.0
30006,0.0
30007,0.0
30008,0.0
30009,0.0
30010,0.0
30011,342.0
30012,424.0
30013,186.0
30014,342.0
30015,264.0
30016,0.0
30017,0.0
30018,0.0
30019,0.0
30020,0.0
30021,342.0
30022,424.0
30023,55.0
30024,0.0
30025,0.0
30026,186.0
30027,424.0
30028,424.0
30029,264.0
30030,110.0
30031,0.0
30032,0.0
30033,186.0
30034,110.0
30035,865.0
30036,186.0
30037,0.0
30038,186.0
30039,110.0
30040,110.0
30041,110.0
30042,186.0
30043,186.0
30044,342.0
30045,264.0
30046,186.0
30047,264.0
30048,264.0
30049,264.0
30050,186.0
30051,110.0
30052,264.0
30053,264.0
30054,186.0
30055,186.0
30056,186.0
30057,186.0
30058,186.0
30059,264.0
30060,0.0
30061,0.0
30062,0.0
30063,0.0
30064,0.0
30065,0.0
30066,0.0
30067,0.0
30068,0.0
30069,0.0
30070,0.0
30071,0.0
30072,0.0
30073,0.0
30074,0.0
30075,0.0
30076,0.0
30077,0.0
30078,0.0
30079,0.0
30080,0.0
30081,0.0
30082,0.0
30083,0.0
30084,0.0
30085,0.0
30086,0.0
30087,0.0
30088,0.0
30089,0.0
30090,0.0
30091,0.0
30092,0.0
30093,0.0
30094,0.0
30095,0.0
30096,0.0
30097,0.0
30098,0.0
30099,0.0
30100,0.0
30101,0.0
30102,0.0
30103,0.0
30104,0.0
30105,0.0
30106,0.0
30107,0.0
30108,0.0
30109,0.0
30110,0.0
30111,0.0
30112,0.0
30113,0.0
30114,0.0
30115,0.0
30116,0.0
30117,0.0
30118,0.0
30119,110.0
30120,110.0
30121,110.0
30122,110.0
30123,110.0
30124,55.0
30125,55.0
30126,110.0
30127,186.0
30128,110.0
30129,110.0
30130,110.0
30131,110.0
30132,55.0
30133,110.0
30134,110.0
30135,0.0
30136,0.0
30137,55.0
30138,55.0
30139,0.0
30140,55.0
30141,110.0
30142,186.0
30143,264.0
30144,264.0
30145,110.0
30146,55.0
30147,55.0
30148,186.0
30149,110.0
30150,186.0
30151,110.0
30152,55.0
30153,55.0
30154,0.0
30155,55.0
30156,55.0
30157,110.0
30158,110.0
30159,55.0
30160,186.0
30161,186.0
30162,110.0
30163,186.0
30164,264.0
30165,342.0
30166,264.0
30167,186.0
30168,264.0
30169,264.0
30170,186.0
30171,186.0
30172,186.0
30173,342.0
30174,264.0
30175,186.0
30176,186.0
30177,186.0
30178,264.0
30179,424.0
30180,342.0
30181,186.0
30182,186.0
30183,110.0
30184,0.0
30185,55.0
30186,186.0
30187,186.0
30188,264.0
30189,186.0
30190,264.0
30191,110.0
30192,186.0
30193,186.0
30194,342.0
30195,264.0
30196,186.0
30197,264.0
30198,186.0
30199,186.0
30200,264.0
30201,264.0
30202,110.0
30203,110.0
30204,110.0
30205,186.0
30206,110.0
30207,110.0
30208,186.0
30209,186.0
30210,186.0
30211,186.0
30212,186.0
30213,264.0
30214,186.0
30215,110.0
30216,110.0
30217,55.0
30218,0.0
30219,0.0
30220,110.0
30221,55.0
30222,0.0
30223,0.0
30224,55.0
30225,55.0
30226,110.0
30227,55.0
30228,55.0
30229,110.0
30230,186.0
30231,264.0
30232,264.0
30233,264.0
30234,342.0
30235,342.0
30236,424.0
30237,342.0
30238,264.0
30239,186.0
30240,186.0
30241,342.0
30242,186.0
30243,264.0
30244,342.0
30245,264.0
30246,342.0
30247,342.0
30248,342.0
30249,342.0
30250,264.0
30251,342.0
30252,342.0
30253,506.0
30254,618.0
30255,506.0
30256,618.0
30257,730.0
30258,730.0
30259,506.0
30260,618.0
30261,506.0
30262,506.0
30263,424.0
30264,342.0
30265,424.0
30266,424.0
30267,424.0
30268,424.0
30269,424.0
30270,424.0
30271,424.0
30272,264.0
30273,342.0
30274,424.0
30275,264.0
30276,264.0
30277,264.0
30278,424.0
30279,506.0
30280,506.0
30281,424.0
30282,342.0
30283,342.0
30284,264.0
30285,424.0
30286,424.0
30287,424.0
30288,506.0
30289,618.0
30290,865.0
30291,730.0
30292,1195.0
30293,999.0
30294,730.0
30295,730.0
30296,999.0
30297,618.0
30298,618.0
30299,506.0
30300,506.0
30301,506.0
30302,506.0
30303,506.0
30304,730.0
30305,730.0
30306,1195.0
30307,865.0
30308,1391.0
30309,999.0
30310,999.0
30311,999.0
30312,1558.0
30313,730.0
30314,999.0
30315,999.0
30316,999.0
30317,730.0
30318,730.0
30319,730.0
30320,1391.0
30321,1195.0
30322,1558.0
30323,1391.0
30324,1558.0
30325,1195.0
30326,999.0
30327,1195.0
30328,865.0
30329,730.0
30330,730.0
30331,1195.0
30332,999.0
30333,999.0
30334,1195.0
30335,1195.0
30336,1828.0
30337,1391.0
30338,730.0
30339,1195.0
30340,865.0
30341,1195.0
30342,424.0
30343,506.0
30344,342.0
30345,342.0
30346,342.0
30347,618.0
30348,506.0
30349,424.0
30350,342.0
30351,342.0
30352,264.0
30353,186.0
30354,264.0
30355,186.0
30356,186.0
30357,110.0
30358,186.0
30359,186.0
30360,264.0
30361,264.0
30362,264.0
30363,424.0
30364,506.0
30365,424.0
30366,342.0
30367,424.0
30368,424.0
30369,342.0
30370,264.0
30371,264.0
30372,264.0
30373,342.0
30374,424.0
30375,424.0
30376,506.0
30377,506.0
30378,506.0
30379,618.0
30380,618.0
30381,618.0
30382,730.0
30383,730.0
30384,618.0
30385,618.0
30386,618.0
30387,618.0
30388,618.0
30389,506.0
30390,506.0
30391,424.0
30392,424.0
30393,424.0
30394,506.0
30395,506.0
30396,506.0
30397,506.0
30398,506.0
30399,506.0
30400,618.0
30401,618.0
30402,506.0
30403,618.0
30404,506.0
30405,506.0
30406,506.0
30407,506.0
30408,506.0
30409,506.0
30410,506.0
30411,618.0
30412,618.0
30413,618.0
30414,618.0
30415,618.0
30416,506.0
30417,424.0
30418,424.0
30419,424.0
30420,424.0
30421,264.0
30422,264.0
30423,342.0
30424,264.0
30425,264.0
30426,264.0
30427,264.0
30428,186.0
30429,342.0
30430,424.0
30431,506.0
30432,506.0
30433,424.0
30434,424.0
30435,342.0
30436,506.0
30437,618.0
30438,506.0
30439,506.0
30440,506.0
30441,342.0
30442,730.0
30443,618.0
30444,342.0
30445,424.0
30446,342.0
30447,424.0
30448,424.0
30449,424.0
30450,424.0
30451,424.0
30452,506.0
30453,424.0
30454,506.0
30455,506.0
30456,424.0
30457,424.0
30458,424.0
30459,730.0
30460,865.0
30461,865.0
30462,730.0
30463,618.0
30464,865.0
30465,618.0
30466,618.0
30467,424.0
30468,424.0
30469,424.0
30470,424.0
30471,342.0
30472,424.0
30473,424.0
30474,506.0
30475,342.0
30476,424.0
30477,342.0
30478,342.0
30479,506.0
30480,186.0
30481,264.0
30482,342.0
30483,264.0
30484,424.0
30485,186.0
30486,264.0
30487,342.0
30488,264.0
30489,264.0
30490,186.0
30491,264.0
30492,186.0
30493,264.0
30494,264.0
30495,264.0
30496,186.0
30497,186.0
30498,110.0
30499,55.0
30500,0.0
30501,110.0
30502,110.0
30503,55.0
30504,55.0
30505,0.0
30506,0.0
30507,0.0
30508,0.0
30509,0.0
30510,0.0
30511,55.0
30512,0.0
30513,0.0
30514,0.0
30515,0.0
30516,55.0
30517,110.0
30518,55.0
30519,55.0
30520,55.0
30521,55.0
30522,55.0
30523,0.0
30524,55.0
30525,186.0
30526,264.0
30527,342.0
30528,264.0
30529,264.0
30530,342.0
30531,342.0
30532,342.0
30533,342.0
30534,264.0
30535,342.0
30536,342.0
30537,342.0
30538,342.0
30539,424.0
30540,424.0
30541,342.0
30542,424.0
30543,424.0
30544,424.0
30545,342.0
30546,342.0
30547,342.0
30548,342.0
30549,342.0
30550,342.0
30551,424.0
30552,506.0
30553,424.0
30554,342.0
30555,424.0
30556,342.0
30557,342.0
30558,506.0
30559,424.0
30560,264.0
30561,342.0
30562,424.0
30563,424.0
30564,506.0
30565,618.0
30566,730.0
30567,618.0
30568,730.0
30569,618.0
30570,506.0
30571,506.0
30572,424.0
30573,618.0
30574,424.0
30575,506.0
30576,730.0
30577,618.0
30578,424.0
30579,424.0
30580,424.0
30581,424.0
30582,506.0
30583,618.0
30584,506.0
30585,342.0
30586,424.0
30587,730.0
30588,618.0
30589,999.0
30590,1195.0
30591,865.0
30592,865.0
30593,506.0
30594,506.0
30595,506.0
30596,506.0
30597,506.0
30598,618.0
30599,730.0
30600,424.0
30601,424.0
30602,618.0
30603,342.0
30604,730.0
30605,618.0
30606,730.0
30607,730.0
30608,618.0
30609,506.0
30610,618.0
30611,618.0
30612,424.0
30613,618.0
30614,342.0
30615,264.0
30616,342.0
30617,342.0
30618,342.0
30619,264.0
30620,342.0
30621,506.0
30622,342.0
30623,424.0
30624,342.0
30625,342.0
30626,342.0
30627,264.0
30628,186.0
30629,264.0
30630,264.0
30631,110.0
30632,110.0
30633,186.0
30634,186.0
30635,186.0
30636,264.0
30637,342.0
30638,264.0
30639,186.0
30640,186.0
30641,186.0
30642,186.0
30643,186.0
30644,186.0
30645,186.0
30646,264.0
30647,264.0
30648,264.0
30649,264.0
30650,264.0
30651,342.0
30652,264.0
30653,264.0
30654,186.0
30655,55.0
30656,55.0
30657,110.0
30658,110.0
30659,110.0
30660,186.0
30661,186.0
30662,342.0
30663,424.0
30664,424.0
30665,424.0
30666,424.0
30667,424.0
30668,506.0
30669,506.0
30670,506.0
30671,506.0
30672,506.0
30673,618.0
30674,506.0
30675,618.0
30676,506.0
30677,424.0
30678,424.0
30679,424.0
30680,342.0
30681,110.0
30682,55.0
30683,110.0
30684,110.0
30685,110.0
30686,110.0
30687,186.0
30688,110.0
30689,55.0
30690,186.0
30691,186.0
30692,110.0
30693,55.0
30694,55.0
30695,110.0
30696,55.0
30697,110.0
30698,186.0
30699,264.0
30700,264.0
30701,264.0
30702,264.0
30703,186.0
30704,110.0
30705,0.0
30706,0.0
30707,0.0
30708,0.0
30709,0.0
30710,0.0
30711,0.0
30712,0.0
30713,0.0
30714,0.0
30715,0.0
30716,0.0
30717,0.0
30718,0.0
30719,0.0
30720,0.0
30721,0.0
30722,0.0
30723,0.0
30724,0.0
30725,0.0
30726,0.0
30727,0.0
30728,0.0
30729,0.0
30730,0.0
30731,0.0
30732,0.0
30733,0.0
30734,0.0
30735,55.0
30736,0.0
30737,186.0
30738,0.0
30739,55.0
30740,110.0
30741,55.0
30742,0.0
30743,186.0
30744,55.0
30745,55.0
30746,110.0
30747,110.0
30748,0.0
30749,110.0
30750,110.0
30751,0.0
30752,0.0
30753,0.0
30754,0.0
30755,55.0
30756,0.0
30757,110.0
30758,0.0
30759,0.0
30760,0.0
30761,0.0
30762,0.0
30763,0.0
30764,0.0
30765,0.0
30766,0.0
30767,0.0
30768,0.0
30769,0.0
30770,0.0
30771,0.0
30772,0.0
30773,0.0
30774,110.0
30775,110.0
30776,55.0
30777,110.0
30778,110.0
30779,110.0
30780,55.0
30781,110.0
30782,110.0
30783,110.0
30784,110.0
30785,55.0
30786,110.0
30787,186.0
30788,264.0
30789,264.0
30790,342.0
30791,424.0
30792,424.0
30793,424.0
30794,424.0
30795,342.0
30796,342.0
30797,264.0
30798,264.0
30799,264.0
30800,264.0
30801,264.0
30802,186.0
30803,264.0
30804,186.0
30805,342.0
30806,342.0
30807,264.0
30808,264.0
30809,264.0
30810,264.0
30811,264.0
30812,342.0
30813,342.0
30814,264.0
30815,264.0
30816,264.0
30817,264.0
30818,264.0
30819,264.0
30820,264.0
30821,264.0
30822,264.0
30823,264.0
30824,264.0
30825,264.0
30826,264.0
30827,186.0
30828,186.0
30829,186.0
30830,264.0
30831,186.0
30832,264.0
30833,264.0
30834,264.0
30835,264.0
30836,264.0
30837,264.0
30838,264.0
30839,264.0
30840,264.0
30841,264.0
30842,186.0
30843,186.0
30844,186.0
30845,110.0
30846,110.0
30847,110.0
30848,55.0
30849,0.0
30850,0.0
30851,0.0
30852,0.0
30853,0.0
30854,0.0
30855,0.0
30856,0.0
30857,0.0
30858,0.0
30859,0.0
30860,0.0
30861,0.0
30862,0.0
30863,0.0
30864,0.0
30865,0.0
30866,0.0
30867,0.0
30868,0.0
30869,0.0
30870,0.0
30871,0.0
30872,0.0
30873,0.0
30874,0.0
30875,0.0
30876,0.0
30877,0.0
30878,0.0
30879,0.0
30880,0.0
30881,0.0
30882,0.0
30883,0.0
30884,55.0
30885,0.0
30886,0.0
30887,55.0
30888,55.0
30889,110.0
30890,110.0
30891,186.0
30892,186.0
30893,342.0
30894,186.0
30895,264.0
30896,264.0
30897,264.0
30898,186.0
30899,264.0
30900,186.0
30901,110.0
30902,55.0
30903,110.0
30904,110.0
30905,110.0
30906,186.0
30907,264.0
30908,55.0
30909,110.0
30910,186.0
30911,55.0
30912,186.0
30913,110.0
30914,186.0
30915,186.0
30916,264.0
30917,342.0
30918,342.0
30919,264.0
30920,342.0
30921,342.0
30922,342.0
30923,342.0
30924,264.0
30925,342.0
30926,264.0
30927,264.0
30928,186.0
30929,110.0
30930,110.0
30931,186.0
30932,110.0
30933,110.0
30934,186.0
30935,110.0
30936,110.0
30937,110.0
30938,110.0
30939,55.0
30940,55.0
30941,0.0
30942,0.0
30943,0.0
30944,0.0
30945,0.0
30946,0.0
30947,55.0
30948,186.0
30949,264.0
30950,264.0
30951,342.0
30952,342.0
30953,186.0
30954,55.0
30955,0.0
30956,0.0
30957,55.0
30958,110.0
30959,55.0
30960,110.0
30961,186.0
30962,186.0
30963,186.0
30964,186.0
30965,264.0
30966,186.0
30967,186.0
30968,264.0
30969,342.0
30970,506.0
30971,506.0
30972,424.0
30973,424.0
30974,424.0
30975,264.0
30976,186.0
30977,186.0
30978,342.0
30979,424.0
30980,506.0
30981,424.0
30982,342.0
30983,342.0
30984,424.0
30985,730.0
30986,424.0
30987,424.0
30988,342.0
30989,342.0
30990,264.0
30991,264.0
30992,264.0
30993,186.0
30994,186.0
30995,264.0
30996,342.0
30997,264.0
30998,424.0
30999,506.0
31000,506.0
31001,424.0
31002,618.0
31003,506.0
31004,424.0
31005,424.0
31006,424.0
31007,424.0
31008,506.0
31009,999.0
31010,1391.0
31011,999.0
31012,999.0
31013,1195.0
31014,1391.0
31015,1558.0
31016,865.0
31017,999.0
31018,1195.0
31019,618.0
31020,865.0
31021,865.0
31022,999.0
31023,1195.0
31024,999.0
31025,730.0
31026,618.0
31027,618.0
31028,730.0
31029,730.0
31030,999.0
31031,618.0
31032,618.0
31033,865.0
31034,999.0
31035,730.0
31036,865.0
31037,730.0
31038,424.0
31039,424.0
31040,618.0
31041,264.0
31042,424.0
31043,424.0
31044,342.0
31045,424.0
31046,342.0
31047,342.0
31048,342.0
31049,618.0
31050,1558.0
31051,2025.0
31052,1909.0
31053,999.0
31054,424.0
31055,730.0
31056,730.0
31057,730.0
31058,730.0
31059,506.0
31060,506.0
31061,506.0
31062,264.0
31063,186.0
31064,342.0
31065,342.0
31066,342.0
31067,264.0
31068,342.0
31069,424.0
31070,506.0
31071,730.0
31072,618.0
31073,506.0
31074,506.0
31075,424.0
31076,342.0
31077,424.0
31078,342.0
31079,342.0
31080,342.0
31081,342.0
31082,264.0
31083,342.0
31084,342.0
31085,264.0
31086,264.0
31087,342.0
31088,264.0
31089,186.0
31090,186.0
31091,264.0
31092,186.0
31093,186.0
31094,186.0
31095,55.0
31096,0.0
31097,0.0
31098,0.0
31099,55.0
31100,55.0
31101,186.0
31102,186.0
31103,110.0
31104,110.0
31105,186.0
31106,186.0
31107,186.0
31108,264.0
31109,264.0
31110,264.0
31111,264.0
31112,186.0
31113,186.0
31114,186.0
31115,186.0
31116,264.0
31117,264.0
31118,342.0
31119,264.0
31120,264.0
31121,264.0
31122,110.0
31123,110.0
31124,55.0
31125,0.0
31126,0.0
31127,0.0
31128,0.0
31129,0.0
31130,0.0
31131,0.0
31132,0.0
31133,0.0
31134,0.0
31135,0.0
31136,0.0
31137,0.0
31138,0.0
31139,0.0
31140,0.0
31141,0.0
31142,0.0
31143,0.0
31144,0.0
31145,0.0
31146,0.0
31147,0.0
31148,0.0
31149,0.0
31150,0.0
31151,0.0
31152,0.0
31153,55.0
31154,0.0
31155,0.0
31156,0.0
31157,0.0
31158,0.0
31159,0.0
31160,0.0
31161,0.0
31162,0.0
31163,0.0
31164,0.0
31165,0.0
31166,0.0
31167,0.0
31168,0.0
31169,0.0
31170,0.0
31171,55.0
31172,0.0
31173,0.0
31174,0.0
31175,110.0
31176,55.0
31177,186.0
31178,110.0
31179,55.0
31180,55.0
31181,0.0
31182,424.0
31183,424.0
31184,264.0
31185,424.0
31186,342.0
31187,342.0
31188,342.0
31189,342.0
31190,342.0
31191,342.0
31192,264.0
31193,264.0
31194,342.0
31195,264.0
31196,264.0
31197,186.0
31198,186.0
31199,264.0
31200,110.0
31201,186.0
31202,264.0
31203,110.0
31204,110.0
31205,55.0
31206,55.0
31207,110.0
31208,55.0
31209,264.0
31210,342.0
31211,424.0
31212,342.0
31213,424.0
31214,342.0
31215,264.0
31216,264.0
31217,264.0
31218,186.0
31219,186.0
31220,264.0
31221,264.0
31222,186.0
31223,110.0
31224,0.0
31225,0.0
31226,0.0
31227,0.0
31228,110.0
31229,186.0
31230,186.0
31231,186.0
31232,186.0
31233,0.0
31234,55.0
31235,110.0
31236,110.0
31237,0.0
31238,0.0
31239,0.0
31240,0.0
31241,0.0
31242,0.0
31243,0.0
31244,0.0
31245,0.0
31246,0.0
31247,55.0
31248,110.0
31249,55.0
31250,55.0
31251,186.0
31252,186.0
31253,110.0
31254,110.0
31255,110.0
31256,186.0
31257,110.0
31258,110.0
31259,110.0
31260,110.0
31261,110.0
31262,186.0
31263,264.0
31264,110.0
31265,0.0
31266,0.0
31267,0.0
31268,0.0
31269,0.0
31270,0.0
31271,0.0
31272,0.0
31273,0.0
31274,0.0
31275,0.0
31276,0.0
31277,0.0
31278,0.0
31279,0.0
31280,0.0
31281,0.0
31282,0.0
31283,0.0
31284,0.0
31285,0.0
31286,0.0
31287,0.0
31288,0.0
31289,0.0
31290,0.0
31291,0.0
31292,0.0
31293,0.0
31294,0.0
31295,0.0
31296,0.0
31297,0.0
31298,0.0
31299,0.0
31300,0.0
31301,0.0
31302,0.0
31303,0.0
31304,0.0
31305,0.0
31306,0.0
31307,0.0
31308,0.0
31309,0.0
31310,0.0
31311,0.0
31312,0.0
31313,0.0
31314,0.0
31315,0.0
31316,0.0
31317,0.0
31318,0.0
31319,0.0
31320,0.0
31321,0.0
31322,0.0
31323,0.0
31324,0.0
31325,0.0
31326,0.0
31327,0.0
31328,0.0
31329,0.0
31330,0.0
31331,0.0
31332,0.0
31333,0.0
31334,0.0
31335,110.0
31336,110.0
31337,55.0
31338,110.0
31339,110.0
31340,186.0
31341,110.0
31342,186.0
31343,55.0
31344,0.0
31345,110.0
31346,342.0
31347,342.0
31348,186.0
31349,110.0
31350,110.0
31351,186.0
31352,186.0
31353,110.0
31354,0.0
31355,0.0
31356,0.0
31357,0.0
31358,0.0
31359,0.0
31360,0.0
31361,0.0
31362,0.0
31363,0.0
31364,0.0
31365,0.0
31366,0.0
31367,0.0
31368,0.0
31369,0.0
31370,0.0
31371,0.0
31372,0.0
31373,0.0
31374,0.0
31375,0.0
31376,0.0
31377,0.0
31378,0.0
31379,0.0
31380,0.0
31381,0.0
31382,0.0
31383,0.0
31384,0.0
31385,0.0
31386,0.0
31387,0.0
31388,0.0
31389,0.0
31390,0.0
31391,0.0
31392,0.0
31393,110.0
31394,0.0
31395,55.0
31396,110.0
31397,110.0
31398,110.0
31399,110.0
31400,55.0
31401,55.0
31402,110.0
31403,110.0
31404,264.0
31405,264.0
31406,264.0
31407,186.0
31408,186.0
31409,186.0
31410,186.0
31411,186.0
31412,264.0
31413,186.0
31414,186.0
31415,110.0
31416,55.0
31417,55.0
31418,55.0
31419,55.0
31420,110.0
31421,110.0
31422,0.0
31423,0.0
31424,0.0
31425,55.0
31426,0.0
31427,0.0
31428,0.0
31429,55.0
31430,110.0
31431,186.0
31432,342.0
31433,342.0
31434,342.0
31435,424.0
31436,506.0
31437,342.0
31438,342.0
31439,342.0
31440,424.0
31441,342.0
31442,424.0
31443,424.0
31444,424.0
31445,424.0
31446,424.0
31447,424.0
31448,264.0
31449,342.0
31450,342.0
31451,506.0
31452,342.0
31453,506.0
31454,424.0
31455,424.0
31456,506.0
31457,342.0
31458,342.0
31459,424.0
31460,506.0
31461,424.0
31462,186.0
31463,186.0
31464,264.0
31465,264.0
31466,342.0
31467,342.0
31468,424.0
31469,264.0
31470,264.0
31471,342.0
31472,264.0
31473,264.0
31474,186.0
31475,264.0
31476,264.0
31477,342.0
31478,264.0
31479,186.0
31480,264.0
31481,264.0
31482,264.0
31483,264.0
31484,264.0
31485,264.0
31486,186.0
31487,342.0
31488,342.0
31489,424.0
31490,424.0
31491,424.0
31492,424.0
31493,424.0
31494,424.0
31495,424.0
31496,424.0
31497,424.0
31498,342.0
31499,342.0
31500,424.0
31501,342.0
31502,342.0
31503,264.0
31504,264.0
31505,342.0
31506,424.0
31507,506.0
31508,506.0
31509,506.0
31510,506.0
31511,424.0
31512,424.0
31513,424.0
31514,424.0
31515,424.0
31516,424.0
31517,342.0
31518,424.0
31519,424.0
31520,506.0
31521,424.0
31522,506.0
31523,424.0
31524,342.0
31525,342.0
31526,342.0
31527,342.0
31528,424.0
31529,342.0
31530,342.0
31531,342.0
31532,342.0
31533,186.0
31534,110.0
31535,55.0
31536,0.0
31537,55.0
31538,186.0
31539,264.0
31540,264.0
31541,186.0
31542,264.0
31543,264.0
31544,264.0
31545,186.0
31546,186.0
31547,186.0
31548,264.0
31549,264.0
31550,342.0
31551,264.0
31552,186.0
31553,186.0
31554,264.0
31555,186.0
31556,342.0
31557,186.0
31558,110.0
31559,110.0
31560,342.0
31561,186.0
31562,342.0
31563,264.0
31564,424.0
31565,618.0
31566,618.0
31567,506.0
31568,730.0
31569,506.0
31570,506.0
31571,506.0
31572,506.0
31573,424.0
31574,342.0
31575,342.0
31576,264.0
31577,342.0
31578,424.0
31579,506.0
31580,506.0
31581,506.0
31582,618.0
31583,618.0
31584,730.0
31585,730.0
31586,618.0
31587,865.0
31588,730.0
31589,730.0
31590,730.0
31591,730.0
31592,506.0
31593,506.0
31594,865.0
31595,424.0
31596,618.0
31597,730.0
31598,618.0
31599,506.0
31600,618.0
31601,424.0
31602,618.0
31603,424.0
31604,342.0
31605,424.0
31606,618.0
31607,618.0
31608,865.0
31609,506.0
31610,730.0
31611,506.0
31612,506.0
31613,424.0
31614,618.0
31615,506.0
31616,506.0
31617,424.0
31618,424.0
31619,506.0
31620,506.0
31621,506.0
31622,618.0
31623,506.0
31624,342.0
31625,264.0
31626,264.0
31627,186.0
31628,186.0
31629,186.0
31630,186.0
31631,186.0
31632,186.0
31633,110.0
31634,110.0
31635,110.0
31636,110.0
31637,110.0
31638,186.0
31639,264.0
31640,342.0
31641,264.0
31642,264.0
31643,264.0
31644,264.0
31645,186.0
31646,186.0
31647,186.0
31648,264.0
31649,264.0
31650,264.0
31651,342.0
31652,264.0
31653,186.0
31654,186.0
31655,55.0
31656,110.0
31657,55.0
31658,0.0
31659,55.0
31660,110.0
31661,110.0
31662,186.0
31663,186.0
31664,110.0
31665,110.0
31666,186.0
31667,186.0
31668,110.0
31669,186.0
31670,186.0
31671,264.0
31672,264.0
31673,186.0
31674,186.0
31675,110.0
31676,110.0
31677,110.0
31678,110.0
31679,110.0
31680,110.0
31681,110.0
31682,110.0
31683,110.0
31684,110.0
31685,55.0
31686,55.0
31687,0.0
31688,0.0
31689,0.0
31690,0.0
31691,0.0
31692,0.0
31693,0.0
31694,0.0
31695,0.0
31696,0.0
31697,0.0
31698,0.0
31699,0.0
31700,0.0
31701,0.0
31702,0.0
31703,0.0
31704,0.0
31705,0.0
31706,0.0
31707,0.0
31708,0.0
31709,0.0
31710,0.0
31711,0.0
31712,0.0
31713,0.0
31714,0.0
31715,0.0
31716,0.0
31717,0.0
31718,0.0
31719,0.0
31720,0.0
31721,0.0
31722,0.0
31723,0.0
31724,0.0
31725,0.0
31726,55.0
31727,0.0
31728,0.0
31729,0.0
31730,0.0
31731,0.0
31732,0.0
31733,0.0
31734,55.0
31735,55.0
31736,110.0
31737,55.0
31738,0.0
31739,110.0
31740,0.0
31741,0.0
31742,0.0
31743,0.0
31744,0.0
31745,0.0
31746,0.0
31747,0.0
31748,0.0
31749,0.0
31750,0.0
31751,0.0
31752,0.0
31753,0.0
31754,0.0
31755,55.0
31756,0.0
31757,0.0
31758,0.0
31759,0.0
31760,0.0
31761,0.0
31762,0.0
31763,0.0
31764,55.0
31765,0.0
31766,0.0
31767,55.0
31768,55.0
31769,0.0
31770,0.0
31771,0.0
31772,0.0
31773,0.0
31774,0.0
31775,0.0
31776,0.0
31777,0.0
31778,0.0
31779,0.0
31780,55.0
31781,55.0
31782,0.0
31783,55.0
31784,55.0
31785,55.0
31786,110.0
31787,110.0
31788,110.0
31789,110.0
31790,186.0
31791,186.0
31792,186.0
31793,186.0
31794,110.0
31795,110.0
31796,110.0
31797,186.0
31798,186.0
31799,186.0
31800,110.0
31801,186.0
31802,110.0
31803,110.0
31804,110.0
31805,110.0
31806,110.0
31807,186.0
31808,110.0
31809,186.0
31810,186.0
31811,186.0
31812,110.0
31813,110.0
31814,55.0
31815,0.0
31816,55.0
31817,110.0
31818,55.0
31819,55.0
31820,55.0
31821,55.0
31822,55.0
31823,55.0
31824,0.0
31825,0.0
31826,0.0
31827,0.0
31828,0.0
31829,0.0
31830,0.0
31831,0.0
31832,0.0
31833,0.0
31834,0.0
31835,0.0
31836,0.0
31837,0.0
31838,0.0
31839,0.0
31840,0.0
31841,0.0
31842,0.0
31843,0.0
31844,0.0
31845,0.0
31846,0.0
31847,0.0
31848,0.0
31849,0.0
31850,0.0
31851,0.0
31852,0.0
31853,0.0
31854,0.0
31855,0.0
31856,0.0
31857,0.0
31858,0.0
31859,55.0
31860,55.0
31861,0.0
31862,0.0
31863,0.0
31864,0.0
31865,0.0
31866,55.0
31867,0.0
31868,0.0
31869,110.0
31870,110.0
31871,55.0
31872,0.0
31873,0.0
31874,0.0
31875,0.0
31876,0.0
31877,0.0
31878,55.0
31879,55.0
31880,0.0
31881,0.0
31882,0.0
31883,0.0
31884,0.0
31885,0.0
31886,0.0
31887,110.0
31888,264.0
31889,55.0
31890,0.0
31891,0.0
31892,0.0
31893,0.0
31894,0.0
31895,0.0
31896,0.0
31897,0.0
31898,0.0
31899,0.0
31900,110.0
31901,110.0
31902,0.0
31903,0.0
31904,0.0
31905,55.0
31906,110.0
31907,186.0
31908,186.0
31909,186.0
31910,186.0
31911,186.0
31912,264.0
31913,186.0
31914,264.0
31915,264.0
31916,264.0
31917,264.0
31918,264.0
31919,264.0
31920,264.0
31921,264.0
31922,264.0
31923,264.0
31924,264.0
31925,186.0
31926,264.0
31927,264.0
31928,264.0
31929,264.0
31930,264.0
31931,264.0
31932,186.0
31933,264.0
31934,264.0
31935,264.0
31936,264.0
31937,342.0
31938,264.0
31939,264.0
31940,264.0
31941,264.0
31942,264.0
31943,264.0
31944,264.0
31945,264.0
31946,424.0
31947,424.0
31948,424.0
31949,342.0
31950,264.0
31951,264.0
31952,186.0
31953,264.0
31954,264.0
31955,264.0
31956,264.0
31957,186.0
31958,110.0
31959,186.0
31960,264.0
31961,342.0
31962,424.0
31963,506.0
31964,424.0
31965,424.0
31966,264.0
31967,342.0
31968,424.0
31969,342.0
31970,424.0
31971,506.0
31972,618.0
31973,506.0
31974,506.0
31975,424.0
31976,506.0
31977,506.0
31978,424.0
31979,424.0
31980,342.0
31981,342.0
31982,424.0
31983,342.0
31984,264.0
31985,342.0
31986,342.0
31987,342.0
31988,424.0
31989,424.0
31990,618.0
31991,1195.0
31992,2002.0
31993,1558.0
31994,865.0
31995,424.0
31996,342.0
31997,424.0
31998,264.0
31999,55.0
32000,186.0
32001,424.0
32002,424.0
32003,506.0
32004,424.0
32005,424.0
32006,506.0
32007,506.0
32008,424.0
32009,506.0
32010,506.0
32011,506.0
32012,618.0
32013,730.0
32014,865.0
32015,865.0
32016,999.0
32017,999.0
32018,618.0
32019,506.0
32020,424.0
32021,506.0
32022,424.0
32023,424.0
32024,264.0
32025,186.0
32026,110.0
32027,264.0
32028,342.0
32029,342.0
32030,342.0
32031,342.0
32032,186.0
32033,55.0
32034,264.0
32035,424.0
32036,424.0
32037,506.0
32038,506.0
32039,424.0
32040,506.0
32041,506.0
32042,506.0
32043,424.0
32044,424.0
32045,618.0
32046,506.0
32047,730.0
32048,424.0
32049,424.0
32050,424.0
32051,506.0
32052,506.0
32053,506.0
32054,506.0
32055,506.0
32056,424.0
32057,342.0
32058,342.0
32059,424.0
32060,342.0
32061,186.0
32062,186.0
32063,55.0
32064,0.0
32065,0.0
32066,0.0
32067,0.0
32068,0.0
32069,0.0
32070,0.0
32071,0.0
32072,730.0
32073,342.0
32074,110.0
32075,0.0
32076,0.0
32077,0.0
32078,110.0
32079,0.0
32080,0.0
32081,0.0
32082,0.0
32083,0.0
32084,55.0
32085,0.0
32086,0.0
32087,0.0
32088,0.0
32089,0.0
32090,0.0
32091,0.0
32092,0.0
32093,0.0
32094,0.0
32095,0.0
32096,0.0
32097,0.0
32098,0.0
32099,0.0
32100,0.0
32101,0.0
32102,0.0
32103,0.0
32104,0.0
32105,0.0
32106,0.0
32107,0.0
32108,0.0
32109,0.0
32110,0.0
32111,0.0
32112,0.0
32113,0.0
32114,0.0
32115,0.0
32116,0.0
32117,0.0
32118,0.0
32119,0.0
32120,55.0
32121,0.0
32122,0.0
32123,0.0
32124,0.0
32125,0.0
32126,0.0
32127,0.0
32128,0.0
32129,0.0
32130,0.0
32131,0.0
32132,0.0
32133,0.0
32134,0.0
32135,0.0
32136,0.0
32137,0.0
32138,0.0
32139,0.0
32140,0.0
32141,0.0
32142,0.0
32143,0.0
32144,0.0
32145,0.0
32146,0.0
32147,0.0
32148,0.0
32149,0.0
32150,0.0
32151,0.0
32152,0.0
32153,0.0
32154,0.0
32155,0.0
32156,0.0
32157,0.0
32158,0.0
32159,0.0
32160,0.0
32161,0.0
32162,0.0
32163,0.0
32164,0.0
32165,0.0
32166,0.0
32167,0.0
32168,0.0
32169,0.0
32170,0.0
32171,0.0
32172,0.0
32173,0.0
32174,0.0
32175,0.0
32176,0.0
32177,0.0
32178,0.0
32179,0.0
32180,0.0
32181,0.0
32182,0.0
32183,0.0
32184,0.0
32185,0.0
32186,0.0
32187,0.0
32188,0.0
32189,0.0
32190,0.0
32191,0.0
32192,55.0
32193,0.0
32194,0.0
32195,55.0
32196,55.0
32197,55.0
32198,55.0
32199,110.0
32200,264.0
32201,342.0
32202,342.0
32203,342.0
32204,342.0
32205,342.0
32206,342.0
32207,424.0
32208,506.0
32209,506.0
32210,424.0
32211,424.0
32212,424.0
32213,424.0
32214,342.0
32215,424.0
32216,424.0
32217,506.0
32218,424.0
32219,424.0
32220,264.0
32221,342.0
32222,264.0
32223,264.0
32224,342.0
32225,264.0
32226,342.0
32227,342.0
32228,342.0
32229,264.0
32230,342.0
32231,342.0
32232,264.0
32233,264.0
32234,342.0
32235,424.0
32236,424.0
32237,506.0
32238,342.0
32239,424.0
32240,342.0
32241,424.0
32242,730.0
32243,618.0
32244,618.0
32245,730.0
32246,730.0
32247,618.0
32248,506.0
32249,730.0
32250,730.0
32251,730.0
32252,424.0
32253,506.0
32254,506.0
32255,342.0
32256,506.0
32257,618.0
32258,424.0
32259,506.0
32260,342.0
32261,506.0
32262,506.0
32263,618.0
32264,424.0
32265,342.0
32266,424.0
32267,424.0
32268,424.0
32269,618.0
32270,424.0
32271,424.0
32272,506.0
32273,424.0
32274,506.0
32275,506.0
32276,506.0
32277,424.0
32278,342.0
32279,342.0
32280,110.0
32281,110.0
32282,110.0
32283,186.0
32284,186.0
32285,424.0
32286,342.0
32287,342.0
32288,264.0
32289,342.0
32290,264.0
32291,264.0
32292,264.0
32293,186.0
32294,264.0
32295,264.0
32296,342.0
32297,424.0
32298,342.0
32299,342.0
32300,264.0
32301,342.0
32302,342.0
32303,424.0
32304,264.0
32305,264.0
32306,342.0
32307,342.0
32308,342.0
32309,342.0
32310,424.0
32311,424.0
32312,424.0
32313,506.0
32314,424.0
32315,424.0
32316,424.0
32317,506.0
32318,424.0
32319,424.0
32320,424.0
32321,342.0
32322,342.0
32323,424.0
32324,342.0
32325,342.0
32326,342.0
32327,342.0
32328,342.0
32329,342.0
32330,342.0
32331,424.0
32332,424.0
32333,424.0
32334,424.0
32335,342.0
32336,342.0
32337,424.0
32338,424.0
32339,506.0
32340,506.0
32341,730.0
32342,618.0
32343,506.0
32344,424.0
32345,506.0
32346,618.0
32347,506.0
32348,506.0
32349,424.0
32350,424.0
32351,342.0
32352,424.0
32353,618.0
32354,618.0
32355,506.0
32356,618.0
32357,424.0
32358,342.0
32359,264.0
32360,186.0
32361,264.0
32362,186.0
32363,264.0
32364,342.0
32365,342.0
32366,342.0
32367,342.0
32368,264.0
32369,342.0
32370,342.0
32371,424.0
32372,342.0
32373,342.0
32374,342.0
32375,424.0
32376,342.0
32377,506.0
32378,342.0
32379,342.0
32380,342.0
32381,506.0
32382,618.0
32383,342.0
32384,506.0
32385,730.0
32386,618.0
32387,506.0
32388,730.0
32389,865.0
32390,730.0
32391,618.0
32392,865.0
32393,1195.0
32394,618.0
32395,1195.0
32396,1391.0
32397,1558.0
32398,1724.0
32399,865.0
32400,618.0
32401,999.0
32402,730.0
32403,618.0
32404,618.0
32405,506.0
32406,506.0
32407,618.0
32408,618.0
32409,506.0
32410,424.0
32411,424.0
32412,342.0
32413,264.0
32414,186.0
32415,264.0
32416,424.0
32417,342.0
32418,342.0
32419,424.0
32420,264.0
32421,342.0
32422,342.0
32423,342.0
32424,264.0
32425,424.0
32426,424.0
32427,342.0
32428,424.0
32429,618.0
32430,730.0
32431,506.0
32432,424.0
32433,342.0
32434,342.0
32435,342.0
32436,424.0
32437,424.0
32438,342.0
32439,342.0
32440,424.0
32441,424.0
32442,342.0
32443,264.0
32444,342.0
32445,342.0
32446,342.0
32447,424.0
32448,424.0
32449,424.0
32450,424.0
32451,342.0
32452,342.0
32453,424.0
32454,342.0
32455,424.0
32456,424.0
32457,506.0
32458,424.0
32459,424.0
32460,342.0
32461,424.0
32462,424.0
32463,424.0
32464,264.0
32465,186.0
32466,110.0
32467,110.0
32468,264.0
32469,186.0
32470,0.0
32471,0.0
32472,0.0
32473,0.0
32474,0.0
32475,55.0
32476,0.0
32477,110.0
32478,186.0
32479,110.0
32480,186.0
32481,186.0
32482,186.0
32483,186.0
32484,110.0
32485,110.0
32486,186.0
32487,264.0
32488,186.0
32489,264.0
32490,186.0
32491,186.0
32492,342.0
32493,186.0
32494,342.0
32495,264.0
32496,186.0
32497,186.0
32498,55.0
32499,186.0
32500,110.0
32501,110.0
32502,110.0
32503,110.0
32504,186.0
32505,264.0
32506,186.0
32507,186.0
32508,186.0
32509,55.0
32510,55.0
32511,55.0
32512,186.0
32513,110.0
32514,55.0
32515,110.0
32516,342.0
32517,264.0
32518,110.0
32519,342.0
32520,342.0
32521,264.0
32522,342.0
32523,264.0
32524,342.0
32525,342.0
32526,424.0
32527,186.0
32528,342.0
32529,424.0
32530,424.0
32531,506.0
32532,342.0
32533,342.0
32534,264.0
32535,186.0
32536,264.0
32537,424.0
32538,506.0
32539,506.0
32540,506.0
32541,506.0
32542,506.0
32543,506.0
32544,342.0
32545,342.0
32546,186.0
32547,424.0
32548,424.0
32549,424.0
32550,618.0
32551,424.0
32552,342.0
32553,264.0
32554,342.0
32555,186.0
32556,342.0
32557,264.0
32558,342.0
32559,424.0
32560,424.0
32561,264.0
32562,186.0
32563,264.0
32564,424.0
32565,424.0
32566,506.0
32567,186.0
32568,110.0
32569,424.0
32570,264.0
32571,264.0
32572,342.0
32573,264.0
32574,264.0
32575,186.0
32576,264.0
32577,342.0
32578,186.0
32579,186.0
32580,186.0
32581,186.0
32582,264.0
32583,342.0
32584,424.0
32585,424.0
32586,506.0
32587,342.0
32588,342.0
32589,342.0
32590,264.0
32591,264.0
32592,264.0
32593,264.0
32594,264.0
32595,342.0
32596,264.0
32597,264.0
32598,264.0
32599,186.0
32600,110.0
32601,110.0
32602,55.0
32603,0.0
32604,0.0
32605,0.0
32606,0.0
32607,0.0
32608,0.0
32609,0.0
32610,0.0
32611,0.0
32612,0.0
32613,0.0
32614,0.0
32615,0.0
32616,0.0
32617,0.0
32618,186.0
32619,342.0
32620,264.0
32621,342.0
32622,342.0
32623,424.0
32624,264.0
32625,264.0
32626,342.0
32627,186.0
32628,110.0
32629,110.0
32630,110.0
32631,55.0
32632,55.0
32633,0.0
32634,0.0
32635,0.0
32636,0.0
32637,0.0
32638,0.0
32639,0.0
32640,0.0
32641,0.0
32642,0.0
32643,0.0
32644,0.0
32645,0.0
32646,0.0
32647,0.0
32648,0.0
32649,110.0
32650,110.0
32651,186.0
32652,110.0
32653,110.0
32654,55.0
32655,0.0
32656,0.0
32657,0.0
32658,0.0
32659,0.0
32660,55.0
32661,55.0
32662,55.0
32663,0.0
32664,0.0
32665,55.0
32666,110.0
32667,55.0
32668,110.0
32669,186.0
32670,110.0
32671,110.0
32672,55.0
32673,186.0
32674,110.0
32675,110.0
32676,110.0
32677,110.0
32678,186.0
32679,0.0
32680,186.0
32681,264.0
32682,264.0
32683,186.0
32684,186.0
32685,264.0
32686,264.0
32687,264.0
32688,186.0
32689,342.0
32690,264.0
32691,110.0
32692,186.0
32693,186.0
32694,110.0
32695,55.0
32696,0.0
32697,186.0
32698,55.0
32699,110.0
32700,0.0
32701,186.0
32702,110.0
32703,186.0
32704,186.0
32705,264.0
32706,186.0
32707,110.0
32708,186.0
32709,186.0
32710,186.0
32711,110.0
32712,186.0
32713,55.0
32714,0.0
32715,0.0
32716,0.0
32717,0.0
32718,0.0
32719,0.0
32720,0.0
32721,110.0
32722,55.0
32723,0.0
32724,0.0
32725,0.0
32726,0.0
32727,0.0
32728,0.0
32729,0.0
32730,0.0
32731,55.0
32732,0.0
32733,55.0
32734,55.0
32735,0.0
32736,0.0
32737,0.0
32738,0.0
32739,0.0
32740,0.0
32741,0.0
32742,0.0
32743,0.0
32744,0.0
32745,0.0
32746,0.0
32747,0.0
32748,0.0
32749,0.0
32750,0.0
32751,0.0
32752,0.0
32753,0.0
32754,0.0
32755,0.0
32756,0.0
32757,0.0
32758,0.0
32759,0.0
32760,0.0
32761,0.0
32762,0.0
32763,0.0
32764,0.0
32765,0.0
32766,0.0
32767,0.0
32768,0.0
32769,0.0
32770,0.0
32771,0.0
32772,0.0
32773,0.0
32774,0.0
32775,0.0
32776,0.0
32777,0.0
32778,0.0
32779,0.0
32780,0.0
32781,0.0
32782,0.0
32783,0.0
32784,0.0
32785,0.0
32786,0.0
32787,0.0
32788,0.0
32789,0.0
32790,0.0
32791,0.0
32792,0.0
32793,0.0
32794,0.0
32795,0.0
32796,0.0
32797,0.0
32798,0.0
32799,0.0
32800,0.0
32801,0.0
32802,0.0
32803,0.0
32804,0.0
32805,0.0
32806,0.0
32807,0.0
32808,0.0
32809,0.0
32810,0.0
32811,0.0
32812,0.0
32813,0.0
32814,0.0
32815,0.0
32816,0.0
32817,0.0
32818,0.0
32819,0.0
32820,0.0
32821,0.0
32822,0.0
32823,0.0
32824,0.0
32825,0.0
32826,0.0
32827,55.0
32828,0.0
32829,0.0
32830,0.0
32831,0.0
32832,0.0
32833,0.0
32834,0.0
32835,0.0
32836,0.0
32837,0.0
32838,0.0
32839,0.0
32840,0.0
32841,0.0
32842,0.0
32843,0.0
32844,0.0
32845,0.0
32846,0.0
32847,0.0
32848,0.0
32849,0.0
32850,0.0
32851,0.0
32852,0.0
32853,0.0
32854,0.0
32855,0.0
32856,0.0
32857,0.0
32858,0.0
32859,0.0
32860,0.0
32861,0.0
32862,0.0
32863,0.0
32864,0.0
32865,0.0
32866,0.0
32867,0.0
32868,0.0
32869,0.0
32870,0.0
32871,0.0
32872,0.0
32873,0.0
32874,0.0
32875,0.0
32876,0.0
32877,0.0
32878,0.0
32879,0.0
32880,0.0
32881,0.0
32882,0.0
32883,0.0
32884,0.0
32885,0.0
32886,0.0
32887,0.0
32888,0.0
32889,0.0
32890,0.0
32891,0.0
32892,0.0
32893,0.0
32894,0.0
32895,0.0
32896,0.0
32897,0.0
32898,0.0
32899,0.0
32900,0.0
32901,0.0
32902,0.0
32903,0.0
32904,0.0
32905,0.0
32906,0.0
32907,0.0
32908,0.0
32909,0.0
32910,0.0
32911,0.0
32912,0.0
32913,0.0
32914,0.0
32915,0.0
32916,0.0
32917,55.0
32918,0.0
32919,0.0
32920,0.0
32921,0.0
32922,0.0
32923,0.0
32924,0.0
32925,0.0
32926,55.0
32927,55.0
32928,110.0
32929,186.0
32930,110.0
32931,110.0
32932,264.0
32933,264.0
32934,264.0
32935,264.0
32936,264.0
32937,264.0
32938,342.0
32939,342.0
32940,264.0
32941,264.0
32942,264.0
32943,264.0
32944,264.0
32945,264.0
32946,342.0
32947,342.0
32948,342.0
32949,342.0
32950,342.0
32951,342.0
32952,342.0
32953,264.0
32954,342.0
32955,186.0
32956,186.0
32957,264.0
32958,186.0
32959,186.0
32960,186.0
32961,110.0
32962,110.0
32963,110.0
32964,186.0
32965,110.0
32966,55.0
32967,55.0
32968,0.0
32969,110.0
32970,110.0
32971,110.0
32972,110.0
32973,55.0
32974,55.0
32975,0.0
32976,0.0
32977,0.0
32978,0.0
32979,55.0
32980,55.0
32981,55.0
32982,55.0
32983,55.0
32984,110.0
32985,55.0
32986,0.0
32987,0.0
32988,0.0
32989,0.0
32990,55.0
32991,0.0
32992,0.0
32993,55.0
32994,0.0
32995,0.0
32996,55.0
32997,55.0
32998,55.0
32999,55.0
33000,55.0
33001,55.0
33002,55.0
33003,110.0
33004,110.0
33005,186.0
33006,264.0
33007,264.0
33008,264.0
33009,342.0
33010,424.0
33011,110.0
33012,0.0
33013,55.0
33014,0.0
33015,0.0
33016,0.0
33017,0.0
33018,0.0
33019,0.0
33020,0.0
33021,0.0
33022,0.0
33023,0.0
33024,0.0
33025,0.0
33026,0.0
33027,0.0
33028,0.0
33029,0.0
33030,0.0
33031,0.0
33032,0.0
33033,0.0
33034,0.0
33035,0.0
33036,0.0
33037,0.0
33038,0.0
33039,0.0
33040,55.0
33041,55.0
33042,110.0
33043,0.0
33044,0.0
33045,110.0
33046,110.0
33047,110.0
33048,0.0
33049,186.0
33050,0.0
33051,0.0
33052,0.0
33053,0.0
33054,55.0
33055,110.0
33056,55.0
33057,0.0
33058,0.0
33059,0.0
33060,0.0
33061,0.0
33062,110.0
33063,186.0
33064,186.0
33065,186.0
33066,342.0
33067,424.0
33068,424.0
33069,424.0
33070,342.0
33071,342.0
33072,342.0
33073,264.0
33074,424.0
33075,506.0
33076,424.0
33077,506.0
33078,342.0
33079,424.0
33080,424.0
33081,424.0
33082,424.0
33083,506.0
33084,424.0
33085,342.0
33086,342.0
33087,424.0
33088,424.0
33089,424.0
33090,424.0
33091,506.0
33092,424.0
33093,424.0
33094,424.0
33095,424.0
33096,424.0
33097,424.0
33098,506.0
33099,506.0
33100,424.0
33101,342.0
33102,342.0
33103,342.0
33104,342.0
33105,342.0
33106,342.0
33107,342.0
33108,342.0
33109,342.0
33110,264.0
33111,264.0
33112,264.0
33113,264.0
33114,186.0
33115,264.0
33116,186.0
33117,110.0
33118,110.0
33119,110.0
33120,55.0
33121,0.0
33122,0.0
33123,55.0
33124,55.0
33125,186.0
33126,186.0
33127,110.0
33128,55.0
33129,0.0
33130,0.0
33131,0.0
33132,0.0
33133,0.0
33134,0.0
33135,0.0
33136,0.0
33137,0.0
33138,0.0
33139,0.0
33140,0.0
33141,0.0
33142,0.0
33143,0.0
33144,0.0
33145,0.0
33146,0.0
33147,0.0
33148,0.0
33149,0.0
33150,0.0
33151,0.0
33152,0.0
33153,0.0
33154,0.0
33155,0.0
33156,0.0
33157,0.0
33158,0.0
33159,0.0
33160,0.0
33161,0.0
33162,0.0
33163,0.0
33164,0.0
33165,0.0
33166,0.0
33167,0.0
33168,0.0
33169,0.0
33170,0.0
33171,0.0
33172,0.0
33173,0.0
33174,0.0
33175,0.0
33176,0.0
33177,0.0
33178,0.0
33179,0.0
33180,0.0
33181,0.0
33182,0.0
33183,0.0
33184,0.0
33185,0.0
33186,0.0
33187,0.0
33188,0.0
33189,0.0
33190,0.0
33191,0.0
33192,0.0
33193,0.0
33194,0.0
33195,0.0
33196,0.0
33197,0.0
33198,0.0
33199,0.0
33200,0.0
33201,0.0
33202,0.0
33203,0.0
33204,0.0
33205,0.0
33206,55.0
33207,186.0
33208,110.0
33209,110.0
33210,186.0
33211,186.0
33212,186.0
33213,264.0
33214,264.0
33215,264.0
33216,264.0
33217,264.0
33218,264.0
33219,264.0
33220,342.0
33221,342.0
33222,424.0
33223,264.0
33224,264.0
33225,264.0
33226,264.0
33227,264.0
33228,264.0
33229,264.0
33230,264.0
33231,264.0
33232,264.0
33233,342.0
33234,342.0
33235,342.0
33236,264.0
33237,342.0
33238,342.0
33239,342.0
33240,342.0
33241,264.0
33242,186.0
33243,186.0
33244,186.0
33245,186.0
33246,186.0
33247,264.0
33248,186.0
33249,264.0
33250,186.0
33251,110.0
33252,55.0
33253,55.0
33254,55.0
33255,110.0
33256,55.0
33257,110.0
33258,186.0
33259,110.0
33260,186.0
33261,110.0
33262,110.0
33263,110.0
33264,110.0
33265,110.0
33266,110.0
33267,186.0
33268,186.0
33269,110.0
33270,110.0
33271,110.0
33272,186.0
33273,110.0
33274,0.0
33275,55.0
33276,55.0
33277,55.0
33278,55.0
33279,55.0
33280,110.0
33281,110.0
33282,55.0
33283,55.0
33284,110.0
33285,110.0
33286,186.0
33287,186.0
33288,110.0
33289,110.0
33290,110.0
33291,264.0
33292,186.0
33293,186.0
33294,186.0
33295,186.0
33296,110.0
33297,55.0
33298,55.0
33299,0.0
33300,0.0
33301,0.0
33302,0.0
33303,0.0
33304,0.0
33305,0.0
33306,110.0
33307,186.0
33308,186.0
33309,110.0
33310,110.0
33311,110.0
33312,55.0
33313,186.0
33314,264.0
33315,186.0
33316,264.0
33317,186.0
33318,110.0
33319,264.0
33320,186.0
33321,186.0
33322,264.0
33323,186.0
33324,55.0
33325,0.0
33326,0.0
33327,0.0
33328,55.0
33329,55.0
33330,55.0
33331,0.0
33332,0.0
33333,0.0
33334,0.0
33335,0.0
33336,0.0
33337,0.0
33338,0.0
33339,0.0
33340,0.0
33341,0.0
33342,0.0
33343,0.0
33344,0.0
33345,0.0
33346,0.0
33347,0.0
33348,0.0
33349,0.0
33350,0.0
33351,0.0
33352,0.0
33353,0.0
33354,0.0
33355,0.0
33356,0.0
33357,0.0
33358,0.0
33359,0.0
33360,0.0
33361,0.0
33362,0.0
33363,0.0
33364,0.0
33365,55.0
33366,110.0
33367,110.0
33368,110.0
33369,55.0
33370,110.0
33371,264.0
33372,186.0
33373,186.0
33374,186.0
33375,264.0
33376,264.0
33377,186.0
33378,264.0
33379,264.0
33380,264.0
33381,342.0
33382,342.0
33383,264.0
33384,186.0
33385,186.0
33386,186.0
33387,264.0
33388,186.0
33389,264.0
33390,342.0
33391,424.0
33392,264.0
33393,186.0
33394,264.0
33395,186.0
33396,264.0
33397,342.0
33398,264.0
33399,342.0
33400,424.0
33401,342.0
33402,342.0
33403,424.0
33404,342.0
33405,424.0
33406,506.0
33407,506.0
33408,506.0
33409,424.0
33410,424.0
33411,424.0
33412,506.0
33413,506.0
33414,424.0
33415,424.0
33416,424.0
33417,424.0
33418,424.0
33419,424.0
33420,424.0
33421,342.0
33422,342.0
33423,342.0
33424,264.0
33425,342.0
33426,342.0
33427,264.0
33428,110.0
33429,186.0
33430,186.0
33431,110.0
33432,55.0
33433,0.0
33434,0.0
33435,0.0
33436,0.0
33437,0.0
33438,0.0
33439,0.0
33440,0.0
33441,0.0
33442,55.0
33443,55.0
33444,264.0
33445,186.0
33446,264.0
33447,264.0
33448,264.0
33449,110.0
33450,110.0
33451,186.0
33452,186.0
33453,110.0
33454,110.0
33455,186.0
33456,0.0
33457,110.0
33458,264.0
33459,264.0
33460,186.0
33461,186.0
33462,0.0
33463,264.0
33464,342.0
33465,264.0
33466,186.0
33467,342.0
33468,110.0
33469,186.0
33470,55.0
33471,264.0
33472,0.0
33473,55.0
33474,186.0
33475,55.0
33476,186.0
33477,186.0
33478,264.0
33479,264.0
33480,264.0
33481,264.0
33482,264.0
33483,110.0
33484,186.0
33485,186.0
33486,186.0
33487,110.0
33488,186.0
33489,110.0
33490,0.0
33491,110.0
33492,55.0
33493,55.0
33494,0.0
33495,0.0
33496,0.0
33497,0.0
33498,0.0
33499,0.0
33500,0.0
33501,0.0
33502,0.0
33503,0.0
33504,110.0
33505,110.0
33506,186.0
33507,186.0
33508,186.0
33509,186.0
33510,186.0
33511,55.0
33512,55.0
33513,55.0
33514,55.0
33515,0.0
33516,110.0
33517,264.0
33518,264.0
33519,342.0
33520,186.0
33521,264.0
33522,264.0
33523,264.0
33524,264.0
33525,342.0
33526,264.0
33527,264.0
33528,264.0
33529,342.0
33530,264.0
33531,186.0
33532,186.0
33533,186.0
33534,264.0
33535,186.0
33536,110.0
33537,110.0
33538,110.0
33539,110.0
33540,110.0
33541,110.0
33542,110.0
33543,110.0
33544,110.0
33545,110.0
33546,110.0
33547,110.0
33548,110.0
33549,110.0
33550,55.0
33551,55.0
33552,55.0
33553,55.0
33554,110.0
33555,110.0
33556,110.0
33557,110.0
33558,110.0
33559,110.0
33560,55.0
33561,0.0
33562,0.0
33563,0.0
33564,0.0
33565,110.0
33566,55.0
33567,0.0
33568,0.0
33569,55.0
33570,110.0
33571,186.0
33572,186.0
33573,186.0
33574,110.0
33575,110.0
33576,0.0
33577,0.0
33578,0.0
33579,0.0
33580,0.0
33581,0.0
33582,0.0
33583,0.0
33584,0.0
33585,0.0
33586,0.0
33587,0.0
33588,0.0
33589,0.0
33590,55.0
33591,186.0
33592,186.0
33593,186.0
33594,0.0
33595,0.0
33596,0.0
33597,0.0
33598,0.0
33599,0.0
33600,0.0
33601,0.0
33602,0.0
33603,0.0
33604,0.0
33605,55.0
33606,0.0
33607,55.0
33608,110.0
33609,55.0
33610,110.0
33611,110.0
33612,186.0
33613,110.0
33614,186.0
33615,110.0
33616,0.0
33617,55.0
33618,0.0
33619,55.0
33620,55.0
33621,55.0
33622,55.0
33623,55.0
33624,55.0
33625,110.0
33626,55.0
33627,110.0
33628,110.0
33629,110.0
33630,186.0
33631,186.0
33632,264.0
33633,186.0
33634,186.0
33635,186.0
33636,186.0
33637,186.0
33638,186.0
33639,186.0
33640,110.0
33641,110.0
33642,186.0
33643,110.0
33644,110.0
33645,110.0
33646,110.0
33647,110.0
33648,110.0
33649,186.0
33650,110.0
33651,110.0
33652,186.0
33653,186.0
33654,55.0
33655,0.0
33656,55.0
33657,0.0
33658,0.0
33659,55.0
33660,55.0
33661,110.0
33662,55.0
33663,55.0
33664,55.0
33665,55.0
33666,0.0
33667,0.0
33668,0.0
33669,0.0
33670,0.0
33671,0.0
33672,0.0
33673,0.0
33674,55.0
33675,110.0
33676,110.0
33677,110.0
33678,110.0
33679,110.0
33680,110.0
33681,110.0
33682,186.0
33683,186.0
33684,186.0
33685,186.0
33686,110.0
33687,0.0
33688,0.0
33689,0.0
33690,0.0
33691,55.0
33692,110.0
33693,110.0
33694,186.0
33695,110.0
33696,110.0
33697,55.0
33698,0.0
33699,0.0
33700,0.0
33701,0.0
33702,0.0
33703,0.0
33704,0.0
33705,0.0
33706,0.0
33707,0.0
33708,110.0
33709,186.0
33710,110.0
33711,110.0
33712,110.0
33713,186.0
33714,186.0
33715,110.0
33716,55.0
33717,0.0
33718,0.0
33719,0.0
33720,0.0
33721,0.0
33722,0.0
33723,0.0
33724,0.0
33725,0.0
33726,0.0
33727,0.0
33728,0.0
33729,0.0
33730,0.0
33731,0.0
33732,0.0
33733,0.0
33734,0.0
33735,0.0
33736,0.0
33737,0.0
33738,55.0
33739,55.0
33740,0.0
33741,0.0
33742,0.0
33743,0.0
33744,0.0
33745,0.0
33746,0.0
33747,0.0
33748,0.0
33749,0.0
33750,55.0
33751,110.0
33752,0.0
33753,0.0
33754,110.0
33755,110.0
33756,110.0
33757,55.0
33758,55.0
33759,110.0
33760,110.0
33761,186.0
33762,186.0
33763,186.0
33764,186.0
33765,186.0
33766,264.0
33767,342.0
33768,342.0
33769,264.0
33770,264.0
33771,264.0
33772,264.0
33773,342.0
33774,342.0
33775,264.0
33776,264.0
33777,264.0
33778,264.0
33779,342.0
33780,342.0
33781,342.0
33782,264.0
33783,264.0
33784,264.0
33785,342.0
33786,264.0
33787,342.0
33788,342.0
33789,264.0
33790,264.0
33791,264.0
33792,186.0
33793,264.0
33794,186.0
33795,186.0
33796,186.0
33797,186.0
33798,186.0
33799,264.0
33800,264.0
33801,186.0
33802,186.0
33803,264.0
33804,186.0
33805,186.0
33806,264.0
33807,264.0
33808,110.0
33809,186.0
33810,186.0
33811,186.0
33812,186.0
33813,186.0
33814,55.0
33815,0.0
33816,0.0
33817,0.0
33818,0.0
33819,0.0
33820,0.0
33821,0.0
33822,0.0
33823,0.0
33824,55.0
33825,55.0
33826,0.0
33827,55.0
33828,55.0
33829,0.0
33830,55.0
33831,55.0
33832,55.0
33833,110.0
33834,55.0
33835,0.0
33836,55.0
33837,55.0
33838,55.0
33839,55.0
33840,0.0
33841,55.0
33842,55.0
33843,0.0
33844,0.0
33845,0.0
33846,0.0
33847,0.0
33848,0.0
33849,0.0
33850,0.0
33851,0.0
33852,0.0
33853,0.0
33854,0.0
33855,0.0
33856,0.0
33857,0.0
33858,0.0
33859,0.0
33860,0.0
33861,0.0
33862,0.0
33863,0.0
33864,0.0
33865,0.0
33866,0.0
33867,0.0
33868,0.0
33869,0.0
33870,0.0
33871,0.0
33872,0.0
33873,0.0
33874,0.0
33875,0.0
33876,0.0
33877,0.0
33878,0.0
33879,0.0
33880,0.0
33881,0.0
33882,0.0
33883,0.0
33884,0.0
33885,0.0
33886,0.0
33887,0.0
33888,0.0
33889,0.0
33890,0.0
33891,0.0
33892,0.0
33893,110.0
33894,110.0
33895,186.0
33896,186.0
33897,186.0
33898,186.0
33899,186.0
33900,110.0
33901,186.0
33902,186.0
33903,186.0
33904,186.0
33905,264.0
33906,186.0
33907,264.0
33908,186.0
33909,186.0
33910,186.0
33911,186.0
33912,264.0
33913,264.0
33914,264.0
33915,264.0
33916,264.0
33917,264.0
33918,342.0
33919,424.0
33920,342.0
33921,342.0
33922,342.0
33923,342.0
33924,342.0
33925,342.0
33926,342.0
33927,424.0
33928,506.0
33929,506.0
33930,506.0
33931,506.0
33932,506.0
33933,506.0
33934,506.0
33935,506.0
33936,618.0
33937,618.0
33938,618.0
33939,618.0
33940,618.0
33941,618.0
33942,618.0
33943,424.0
33944,424.0
33945,506.0
33946,506.0
33947,730.0
33948,618.0
33949,506.0
33950,506.0
33951,618.0
33952,506.0
33953,506.0
33954,424.0
33955,424.0
33956,424.0
33957,424.0
33958,618.0
33959,730.0
33960,618.0
33961,618.0
33962,618.0
33963,506.0
33964,618.0
33965,730.0
33966,730.0
33967,730.0
33968,506.0
33969,424.0
33970,424.0
33971,424.0
33972,342.0
33973,424.0
33974,424.0
33975,506.0
33976,506.0
33977,424.0
33978,424.0
33979,618.0
33980,618.0
33981,618.0
33982,730.0
33983,424.0
33984,424.0
33985,186.0
33986,342.0
33987,424.0
33988,424.0
33989,424.0
33990,730.0
33991,730.0
33992,618.0
33993,618.0
33994,424.0
33995,506.0
33996,424.0
33997,618.0
33998,506.0
33999,424.0
34000,342.0
34001,264.0
34002,186.0
34003,186.0
34004,55.0
34005,55.0
34006,186.0
34007,264.0
34008,264.0
34009,264.0
34010,186.0
34011,55.0
34012,186.0
34013,264.0
34014,264.0
34015,186.0
34016,110.0
34017,186.0
34018,186.0
34019,264.0
34020,186.0
34021,264.0
34022,264.0
34023,186.0
34024,342.0
34025,342.0
34026,342.0
34027,264.0
34028,186.0
34029,264.0
34030,264.0
34031,186.0
34032,264.0
34033,424.0
34034,342.0
34035,424.0
34036,506.0
34037,342.0
34038,424.0
34039,424.0
34040,424.0
34041,506.0
34042,424.0
34043,506.0
34044,424.0
34045,264.0
34046,342.0
34047,264.0
34048,264.0
34049,506.0
34050,506.0
34051,424.0
34052,618.0
34053,506.0
34054,506.0
34055,342.0
34056,506.0
34057,618.0
34058,618.0
34059,506.0
34060,342.0
34061,342.0
34062,264.0
34063,424.0
34064,342.0
34065,342.0
34066,424.0
34067,424.0
34068,424.0
34069,424.0
34070,424.0
34071,264.0
34072,342.0
34073,342.0
34074,342.0
34075,342.0
34076,506.0
34077,506.0
34078,342.0
34079,342.0
34080,342.0
34081,264.0
34082,342.0
34083,730.0
34084,730.0
34085,264.0
34086,424.0
34087,424.0
34088,264.0
34089,424.0
34090,506.0
34091,424.0
34092,506.0
34093,865.0
34094,730.0
34095,1391.0
34096,1724.0
34097,1391.0
34098,1195.0
34099,730.0
34100,618.0
34101,999.0
34102,999.0
34103,1195.0
34104,1195.0
34105,999.0
34106,506.0
34107,424.0
34108,730.0
34109,865.0
34110,506.0
34111,506.0
34112,618.0
34113,730.0
34114,1195.0
34115,618.0
34116,730.0
34117,506.0
34118,424.0
34119,342.0
34120,424.0
34121,618.0
34122,506.0
34123,618.0
34124,342.0
34125,424.0
34126,342.0
34127,342.0
34128,342.0
34129,186.0
34130,342.0
34131,186.0
34132,264.0
34133,186.0
34134,186.0
34135,110.0
34136,186.0
34137,110.0
34138,186.0
34139,342.0
34140,424.0
34141,264.0
34142,186.0
34143,110.0
34144,186.0
34145,186.0
34146,110.0
34147,55.0
34148,110.0
34149,110.0
34150,110.0
34151,186.0
34152,110.0
34153,55.0
34154,110.0
34155,55.0
34156,55.0
34157,0.0
34158,110.0
34159,0.0
34160,110.0
34161,186.0
34162,55.0
34163,0.0
34164,0.0
34165,0.0
34166,110.0
34167,110.0
34168,110.0
34169,0.0
34170,110.0
34171,0.0
34172,0.0
34173,0.0
34174,55.0
34175,55.0
34176,0.0
34177,0.0
34178,0.0
34179,0.0
34180,0.0
34181,0.0
34182,0.0
34183,0.0
34184,0.0
34185,0.0
34186,0.0
34187,0.0
34188,0.0
34189,0.0
34190,0.0
34191,0.0
34192,0.0
34193,0.0
34194,0.0
34195,0.0
34196,0.0
34197,0.0
34198,0.0
34199,0.0
34200,110.0
34201,55.0
34202,55.0
34203,55.0
34204,55.0
34205,55.0
34206,55.0
34207,0.0
34208,0.0
34209,0.0
34210,0.0
34211,0.0
34212,55.0
34213,0.0
34214,0.0
34215,0.0
34216,0.0
34217,0.0
34218,0.0
34219,0.0
34220,0.0
34221,0.0
34222,0.0
34223,0.0
34224,0.0
34225,0.0
34226,0.0
34227,0.0
34228,0.0
34229,0.0
34230,0.0
34231,0.0
34232,0.0
34233,0.0
34234,0.0
34235,0.0
34236,0.0
34237,0.0
34238,0.0
34239,0.0
34240,0.0
34241,0.0
34242,0.0
34243,0.0
34244,0.0
34245,0.0
34246,0.0
34247,0.0
34248,0.0
34249,0.0
34250,0.0
34251,0.0
34252,0.0
34253,0.0
34254,0.0
34255,0.0
34256,0.0
34257,0.0
34258,0.0
34259,0.0
34260,0.0
34261,0.0
34262,0.0
34263,0.0
34264,0.0
34265,0.0
34266,0.0
34267,0.0
34268,0.0
34269,0.0
34270,0.0
34271,0.0
34272,0.0
34273,0.0
34274,0.0
34275,0.0
34276,0.0
34277,0.0
34278,0.0
34279,0.0
34280,55.0
34281,0.0
34282,55.0
34283,0.0
34284,0.0
34285,0.0
34286,0.0
34287,0.0
34288,110.0
34289,55.0
34290,55.0
34291,110.0
34292,110.0
34293,0.0
34294,186.0
34295,264.0
34296,186.0
34297,186.0
34298,186.0
34299,186.0
34300,110.0
34301,110.0
34302,55.0
34303,0.0
34304,55.0
34305,342.0
34306,424.0
34307,342.0
34308,264.0
34309,424.0
34310,264.0
34311,342.0
34312,264.0
34313,186.0
34314,186.0
34315,0.0
34316,0.0
34317,0.0
34318,0.0
34319,0.0
34320,186.0
34321,424.0
34322,506.0
34323,506.0
34324,506.0
34325,424.0
34326,506.0
34327,730.0
34328,506.0
34329,506.0
34330,424.0
34331,424.0
34332,342.0
34333,506.0
34334,618.0
34335,424.0
34336,506.0
34337,342.0
34338,186.0
34339,264.0
34340,186.0
34341,55.0
34342,186.0
34343,264.0
34344,264.0
34345,110.0
34346,55.0
34347,55.0
34348,110.0
34349,110.0
34350,0.0
34351,0.0
34352,0.0
34353,55.0
34354,55.0
34355,55.0
34356,0.0
34357,0.0
34358,0.0
34359,55.0
34360,110.0
34361,110.0
34362,186.0
34363,186.0
34364,186.0
34365,264.0
34366,264.0
34367,264.0
34368,264.0
34369,264.0
34370,186.0
34371,110.0
34372,110.0
34373,186.0
34374,264.0
34375,424.0
34376,342.0
34377,186.0
34378,186.0
34379,55.0
34380,0.0
34381,0.0
34382,0.0
34383,0.0
34384,0.0
34385,0.0
34386,0.0
34387,0.0
34388,0.0
34389,0.0
34390,0.0
34391,0.0
34392,0.0
34393,0.0
34394,0.0
34395,55.0
34396,110.0
34397,186.0
34398,186.0
34399,110.0
34400,110.0
34401,186.0
34402,110.0
34403,110.0
34404,186.0
34405,264.0
34406,186.0
34407,186.0
34408,186.0
34409,186.0
34410,186.0
34411,186.0
34412,110.0
34413,110.0
34414,186.0
34415,186.0
34416,186.0
34417,264.0
34418,110.0
34419,186.0
34420,186.0
34421,110.0
34422,110.0
34423,110.0
34424,110.0
34425,110.0
34426,110.0
34427,186.0
34428,186.0
34429,110.0
34430,264.0
34431,110.0
34432,110.0
34433,186.0
34434,110.0
34435,186.0
34436,424.0
34437,424.0
34438,186.0
34439,186.0
34440,55.0
34441,110.0
34442,186.0
34443,424.0
34444,424.0
34445,342.0
34446,342.0
34447,506.0
34448,264.0
34449,264.0
34450,264.0
34451,186.0
34452,264.0
34453,264.0
34454,186.0
34455,342.0
34456,264.0
34457,186.0
34458,186.0
34459,264.0
34460,342.0
34461,264.0
34462,424.0
34463,342.0
34464,110.0
34465,186.0
34466,424.0
34467,342.0
34468,186.0
34469,110.0
34470,186.0
34471,0.0
34472,0.0
34473,0.0
34474,0.0
34475,0.0
34476,0.0
34477,0.0
34478,0.0
34479,0.0
34480,0.0
34481,0.0
34482,0.0
34483,0.0
34484,0.0
34485,0.0
34486,0.0
34487,0.0
34488,0.0
34489,0.0
34490,0.0
34491,0.0
34492,0.0
34493,55.0
34494,55.0
34495,0.0
34496,0.0
34497,0.0
34498,0.0
34499,0.0
34500,0.0
34501,0.0
34502,0.0
34503,0.0
34504,0.0
34505,0.0
34506,0.0
34507,0.0
34508,0.0
34509,55.0
34510,0.0
34511,0.0
34512,0.0
34513,0.0
34514,0.0
34515,0.0
34516,0.0
34517,0.0
34518,0.0
34519,0.0
34520,0.0
34521,0.0
34522,0.0
34523,0.0
34524,0.0
34525,0.0
34526,0.0
34527,0.0
34528,0.0
34529,0.0
34530,0.0
34531,0.0
34532,0.0
34533,0.0
34534,0.0
34535,0.0
34536,0.0
34537,0.0
34538,0.0
34539,0.0
34540,0.0
34541,0.0
34542,55.0
34543,55.0
34544,55.0
34545,55.0
34546,110.0
34547,0.0
34548,0.0
34549,0.0
34550,0.0
34551,0.0
34552,0.0
34553,0.0
34554,0.0
34555,0.0
34556,0.0
34557,0.0
34558,0.0
34559,0.0
34560,0.0
34561,0.0
34562,0.0
34563,0.0
34564,0.0
34565,0.0
34566,0.0
34567,0.0
34568,0.0
34569,0.0
34570,0.0
34571,0.0
34572,0.0
34573,0.0
34574,0.0
34575,55.0
34576,110.0
34577,110.0
34578,0.0
34579,110.0
34580,0.0
34581,0.0
34582,0.0
34583,0.0
34584,0.0
34585,0.0
34586,0.0
34587,0.0
34588,0.0
34589,0.0
34590,0.0
34591,0.0
34592,0.0
34593,0.0
34594,0.0
34595,0.0
34596,0.0
34597,0.0
34598,0.0
34599,0.0
34600,0.0
34601,0.0
34602,0.0
34603,0.0
34604,0.0
34605,0.0
34606,0.0
34607,0.0
34608,0.0
34609,0.0
34610,0.0
34611,0.0
34612,0.0
34613,0.0
34614,0.0
34615,0.0
34616,0.0
34617,0.0
34618,110.0
34619,186.0
34620,186.0
34621,186.0
34622,186.0
34623,110.0
34624,186.0
34625,55.0
34626,0.0
34627,110.0
34628,110.0
34629,110.0
34630,186.0
34631,110.0
34632,186.0
34633,186.0
34634,186.0
34635,110.0
34636,186.0
34637,110.0
34638,110.0
34639,55.0
34640,55.0
34641,0.0
34642,0.0
34643,55.0
34644,0.0
34645,55.0
34646,110.0
34647,110.0
34648,110.0
34649,55.0
34650,55.0
34651,110.0
34652,110.0
34653,110.0
34654,110.0
34655,55.0
34656,110.0
34657,55.0
34658,0.0
34659,0.0
34660,0.0
34661,0.0
34662,55.0
34663,55.0
34664,55.0
34665,55.0
34666,0.0
34667,55.0
34668,0.0
34669,0.0
34670,0.0
34671,55.0
34672,55.0
34673,186.0
34674,186.0
34675,186.0
34676,186.0
34677,110.0
34678,264.0
34679,264.0
34680,264.0
34681,110.0
34682,186.0
34683,110.0
34684,110.0
34685,110.0
34686,110.0
34687,110.0
34688,55.0
34689,55.0
34690,0.0
34691,0.0
34692,0.0
34693,0.0
34694,0.0
34695,0.0
34696,0.0
34697,0.0
34698,0.0
34699,0.0
34700,0.0
34701,0.0
34702,0.0
34703,342.0
34704,342.0
34705,424.0
34706,424.0
34707,424.0
34708,506.0
34709,506.0
34710,424.0
34711,506.0
34712,506.0
34713,506.0
34714,424.0
34715,342.0
34716,424.0
34717,424.0
34718,424.0
34719,506.0
34720,618.0
34721,506.0
34722,424.0
34723,424.0
34724,424.0
34725,506.0
34726,506.0
34727,424.0
34728,424.0
34729,342.0
34730,342.0
34731,264.0
34732,186.0
34733,264.0
34734,264.0
34735,264.0
34736,342.0
34737,424.0
34738,424.0
34739,342.0
34740,342.0
34741,264.0
34742,264.0
34743,342.0
34744,342.0
34745,424.0
34746,342.0
34747,342.0
34748,264.0
34749,264.0
34750,264.0
34751,110.0
34752,264.0
34753,264.0
34754,264.0
34755,342.0
34756,342.0
34757,264.0
34758,342.0
34759,186.0
34760,186.0
34761,264.0
34762,342.0
34763,342.0
34764,342.0
34765,424.0
34766,424.0
34767,424.0
34768,342.0
34769,424.0
34770,424.0
34771,506.0
34772,424.0
34773,506.0
34774,424.0
34775,424.0
34776,424.0
34777,506.0
34778,424.0
34779,506.0
34780,618.0
34781,506.0
34782,424.0
34783,506.0
34784,506.0
34785,730.0
34786,730.0
34787,506.0
34788,424.0
34789,264.0
34790,342.0
34791,264.0
34792,342.0
34793,424.0
34794,264.0
34795,618.0
34796,424.0
34797,506.0
34798,506.0
34799,342.0
34800,264.0
34801,342.0
34802,342.0
34803,186.0
34804,264.0
34805,264.0
34806,342.0
34807,186.0
34808,186.0
34809,186.0
34810,186.0
34811,342.0
34812,342.0
34813,342.0
34814,264.0
34815,264.0
34816,342.0
34817,424.0
34818,424.0
34819,342.0
34820,342.0
34821,264.0
34822,186.0
34823,264.0
34824,342.0
34825,424.0
34826,424.0
34827,424.0
34828,342.0
34829,186.0
34830,342.0
34831,424.0
34832,342.0
34833,424.0
34834,424.0
34835,424.0
34836,342.0
34837,342.0
34838,424.0
34839,506.0
34840,424.0
34841,424.0
34842,424.0
34843,424.0
34844,342.0
34845,342.0
34846,342.0
34847,342.0
34848,424.0
34849,424.0
34850,424.0
34851,506.0
34852,618.0
34853,865.0
34854,506.0
34855,618.0
34856,730.0
34857,618.0
34858,506.0
34859,730.0
34860,865.0
34861,865.0
34862,506.0
34863,506.0
34864,506.0
34865,424.0
34866,506.0
34867,342.0
34868,424.0
34869,424.0
34870,342.0
34871,342.0
34872,342.0
34873,424.0
34874,424.0
34875,342.0
34876,424.0
34877,424.0
34878,506.0
34879,506.0
34880,618.0
34881,506.0
34882,506.0
34883,424.0
34884,342.0
34885,730.0
34886,999.0
34887,730.0
34888,618.0
34889,424.0
34890,424.0
34891,506.0
34892,424.0
34893,424.0
34894,506.0
34895,618.0
34896,424.0
34897,424.0
34898,506.0
34899,424.0
34900,506.0
34901,730.0
34902,424.0
34903,865.0
34904,506.0
34905,506.0
34906,506.0
34907,424.0
34908,865.0
34909,506.0
34910,424.0
34911,506.0
34912,730.0
34913,730.0
34914,865.0
34915,730.0
34916,506.0
34917,506.0
34918,730.0
34919,618.0
34920,506.0
34921,730.0
34922,618.0
34923,342.0
34924,342.0
34925,264.0
34926,506.0
34927,618.0
34928,506.0
34929,618.0
34930,618.0
34931,865.0
34932,506.0
34933,506.0
34934,424.0
34935,506.0
34936,506.0
34937,730.0
34938,506.0
34939,506.0
34940,618.0
34941,424.0
34942,342.0
34943,506.0
34944,730.0
34945,424.0
34946,424.0
34947,424.0
34948,424.0
34949,424.0
34950,342.0
34951,264.0
34952,342.0
34953,264.0
34954,264.0
34955,264.0
34956,264.0
34957,342.0
34958,264.0
34959,264.0
34960,264.0
34961,264.0
34962,264.0
34963,264.0
34964,264.0
34965,342.0
34966,264.0
34967,264.0
34968,342.0
34969,342.0
34970,342.0
34971,264.0
34972,342.0
34973,342.0
34974,342.0
34975,264.0
34976,264.0
34977,186.0
34978,110.0
34979,55.0
34980,55.0
34981,110.0
34982,186.0
34983,186.0
34984,110.0
34985,186.0
34986,186.0
34987,264.0
34988,186.0
34989,110.0
34990,186.0
34991,186.0
34992,342.0
34993,342.0
34994,186.0
34995,186.0
34996,186.0
34997,186.0
34998,186.0
34999,186.0
35000,186.0
35001,110.0
35002,186.0
35003,110.0
35004,110.0
35005,186.0
35006,186.0
35007,264.0
35008,264.0
35009,264.0
35010,186.0
35011,186.0
35012,110.0
35013,110.0
35014,110.0
35015,110.0
35016,110.0
35017,186.0
35018,186.0
35019,110.0
35020,186.0
35021,264.0
35022,264.0
35023,264.0
35024,264.0
35025,264.0
35026,264.0
35027,342.0
35028,342.0
35029,186.0
35030,342.0
35031,264.0
35032,110.0
35033,55.0
35034,55.0
35035,55.0
35036,55.0
35037,110.0
35038,55.0
35039,0.0
35040,55.0
35041,110.0
35042,0.0
35043,0.0
35044,0.0
35045,0.0
35046,55.0
35047,110.0
35048,55.0
35049,55.0
35050,55.0
35051,0.0
35052,0.0
35053,0.0
35054,0.0
35055,0.0
35056,0.0
35057,0.0
35058,0.0
35059,0.0
35060,0.0
35061,0.0
35062,55.0
35063,110.0
35064,0.0
35065,0.0
35066,0.0
35067,0.0
35068,0.0
35069,55.0
35070,0.0
35071,55.0
35072,55.0
35073,110.0
35074,55.0
35075,0.0
35076,55.0
35077,0.0
35078,0.0
35079,55.0
35080,186.0
35081,424.0
35082,506.0
35083,424.0
35084,424.0
35085,506.0
35086,506.0
35087,618.0
35088,506.0
35089,618.0
35090,506.0
35091,506.0
35092,506.0
35093,424.0
35094,342.0
35095,506.0
35096,342.0
35097,264.0
35098,264.0
35099,264.0
35100,264.0
35101,264.0
35102,186.0
35103,186.0
35104,264.0
35105,264.0
35106,264.0
35107,264.0
35108,424.0
35109,342.0
35110,424.0
35111,506.0
35112,618.0
35113,506.0
35114,730.0
35115,730.0
35116,424.0
35117,506.0
35118,424.0
35119,618.0
35120,730.0
35121,506.0
35122,618.0
35123,618.0
35124,730.0
35125,999.0
35126,999.0
35127,730.0
35128,618.0
35129,730.0
35130,999.0
35131,618.0
35132,730.0
35133,730.0
35134,506.0
35135,618.0
35136,865.0
35137,1195.0
35138,618.0
35139,865.0
35140,1195.0
35141,1724.0
35142,1195.0
35143,1558.0
35144,1195.0
35145,1391.0
35146,999.0
35147,1724.0
35148,1724.0
35149,1391.0
35150,999.0
35151,1195.0
35152,1391.0
35153,999.0
35154,999.0
35155,1195.0
35156,865.0
35157,1391.0
35158,1195.0
35159,999.0
35160,1558.0
35161,1828.0
35162,1558.0
35163,1558.0
35164,1195.0
35165,999.0
35166,1195.0
35167,999.0
35168,1195.0
35169,730.0
35170,618.0
35171,730.0
35172,618.0
35173,730.0
35174,865.0
35175,1391.0
35176,730.0
35177,424.0
35178,424.0
35179,618.0
35180,865.0
35181,1195.0
35182,730.0
35183,730.0
35184,865.0
35185,999.0
35186,865.0
35187,865.0
35188,999.0
35189,730.0
35190,618.0
35191,730.0
35192,618.0
35193,865.0
35194,865.0
35195,730.0
35196,999.0
35197,1558.0
35198,999.0
35199,865.0
35200,865.0
35201,1195.0
35202,1391.0
35203,1391.0
35204,1195.0
35205,865.0
35206,865.0
35207,730.0
35208,865.0
35209,999.0
35210,999.0
35211,865.0
35212,999.0
35213,1195.0
35214,1195.0
35215,1391.0
35216,1195.0
35217,1195.0
35218,999.0
35219,865.0
35220,1195.0
35221,1391.0
35222,1391.0
35223,999.0
35224,1391.0
35225,999.0
35226,865.0
35227,865.0
35228,999.0
35229,618.0
35230,618.0
35231,730.0
35232,865.0
35233,1195.0
35234,865.0
35235,1195.0
35236,1391.0
35237,1195.0
35238,1391.0
35239,1828.0
35240,1828.0
35241,1828.0
35242,1558.0
35243,1909.0
35244,1724.0
35245,1195.0
35246,865.0
35247,730.0
35248,730.0
35249,865.0
35250,730.0
35251,618.0
35252,730.0
35253,865.0
35254,865.0
35255,865.0
35256,618.0
35257,865.0
35258,1195.0
35259,1558.0
35260,865.0
35261,730.0
35262,1195.0
35263,1558.0
35264,1195.0
35265,730.0
35266,730.0
35267,618.0
35268,618.0
35269,506.0
35270,618.0
35271,999.0
35272,865.0
35273,865.0
35274,730.0
35275,618.0
35276,618.0
35277,506.0
35278,618.0
35279,506.0
35280,618.0
35281,618.0
35282,506.0
35283,618.0
35284,730.0
35285,618.0
35286,730.0
35287,865.0
35288,1195.0
35289,618.0
35290,506.0
35291,506.0
35292,1195.0
35293,865.0
35294,342.0
35295,342.0
35296,342.0
35297,424.0
35298,342.0
35299,342.0
35300,424.0
35301,342.0
35302,342.0
35303,342.0
35304,424.0
35305,424.0
35306,506.0
35307,424.0
35308,342.0
35309,342.0
35310,342.0
35311,264.0
35312,342.0
35313,264.0
35314,264.0
35315,342.0
35316,424.0
35317,618.0
35318,424.0
35319,618.0
35320,506.0
35321,424.0
35322,264.0
35323,186.0
35324,186.0
35325,264.0
35326,342.0
35327,264.0
35328,264.0
35329,264.0
35330,342.0
35331,424.0
35332,342.0
35333,342.0
35334,424.0
35335,342.0
35336,424.0
35337,424.0
35338,342.0
35339,186.0
35340,110.0
35341,186.0
35342,264.0
35343,264.0
35344,264.0
35345,264.0
35346,110.0
35347,55.0
35348,0.0
35349,55.0
35350,110.0
35351,186.0
35352,186.0
35353,186.0
35354,186.0
35355,186.0
35356,110.0
35357,110.0
35358,264.0
35359,264.0
35360,264.0
35361,342.0
35362,342.0
35363,424.0
35364,342.0
35365,342.0
35366,342.0
35367,342.0
35368,342.0
35369,342.0
35370,342.0
35371,264.0
35372,264.0
35373,186.0
35374,186.0
35375,186.0
35376,186.0
35377,186.0
35378,186.0
35379,264.0
35380,342.0
35381,342.0
35382,506.0
35383,506.0
35384,618.0
35385,506.0
35386,424.0
35387,424.0
35388,342.0
35389,342.0
35390,342.0
35391,264.0
35392,186.0
35393,110.0
35394,110.0
35395,264.0
35396,186.0
35397,55.0
35398,55.0
35399,0.0
35400,0.0
35401,0.0
35402,0.0
35403,0.0
35404,0.0
35405,0.0
35406,0.0
35407,0.0
35408,0.0
35409,0.0
35410,0.0
35411,0.0
35412,0.0
35413,0.0
35414,0.0
35415,0.0
35416,0.0
35417,0.0
35418,0.0
35419,0.0
35420,0.0
35421,55.0
35422,55.0
35423,110.0
35424,186.0
35425,186.0
35426,186.0
35427,186.0
35428,264.0
35429,865.0
35430,1195.0
35431,999.0
35432,865.0
35433,730.0
35434,618.0
35435,730.0
35436,618.0
35437,1195.0
35438,999.0
35439,865.0
35440,865.0
35441,730.0
35442,730.0
35443,730.0
35444,618.0
35445,506.0
35446,618.0
35447,730.0
35448,506.0
35449,506.0
35450,618.0
35451,424.0
35452,424.0
35453,342.0
35454,424.0
35455,424.0
35456,342.0
35457,506.0
35458,506.0
35459,618.0
35460,618.0
35461,999.0
35462,1195.0
35463,1195.0
35464,1558.0
35465,1195.0
35466,1195.0
35467,865.0
35468,506.0
35469,506.0
35470,506.0
35471,506.0
35472,618.0
35473,506.0
35474,865.0
35475,730.0
35476,506.0
35477,618.0
35478,618.0
35479,730.0
35480,730.0
35481,999.0
35482,1558.0
35483,730.0
35484,506.0
35485,730.0
35486,424.0
35487,506.0
35488,730.0
35489,618.0
35490,999.0
35491,730.0
35492,506.0
35493,1391.0
35494,1558.0
35495,865.0
35496,618.0
35497,1558.0
35498,865.0
35499,1558.0
35500,1391.0
35501,1391.0
35502,1960.0
35503,1828.0
35504,1724.0
35505,1558.0
35506,1391.0
35507,1558.0
35508,1391.0
35509,1391.0
35510,1558.0
35511,2002.0
35512,1724.0
35513,1391.0
35514,1391.0
35515,1195.0
35516,1724.0
35517,1195.0
35518,1724.0
35519,1195.0
35520,999.0
35521,1960.0
35522,1391.0
35523,865.0
35524,618.0
35525,506.0
35526,424.0
35527,342.0
35528,264.0
35529,342.0
35530,424.0
35531,730.0
35532,618.0
35533,506.0
35534,506.0
35535,424.0
35536,506.0
35537,506.0
35538,618.0
35539,618.0
35540,506.0
35541,424.0
35542,424.0
35543,506.0
35544,424.0
35545,506.0
35546,424.0
35547,424.0
35548,506.0
35549,506.0
35550,618.0
35551,618.0
35552,618.0
35553,618.0
35554,618.0
35555,730.0
35556,865.0
35557,730.0
35558,730.0
35559,730.0
35560,730.0
35561,730.0
35562,730.0
35563,865.0
35564,506.0
35565,506.0
35566,424.0
35567,506.0
35568,424.0
35569,506.0
35570,506.0
35571,506.0
35572,506.0
35573,424.0
35574,424.0
35575,342.0
35576,424.0
35577,424.0
35578,424.0
35579,342.0
35580,342.0
35581,342.0
35582,424.0
35583,342.0
35584,424.0
35585,506.0
35586,506.0
35587,506.0
35588,506.0
35589,424.0
35590,424.0
35591,424.0
35592,342.0
35593,342.0
35594,342.0
35595,342.0
35596,424.0
35597,342.0
35598,424.0
35599,506.0
35600,424.0
35601,342.0
35602,342.0
35603,424.0
35604,342.0
35605,424.0
35606,424.0
35607,342.0
35608,424.0
35609,424.0
35610,424.0
35611,264.0
35612,424.0
35613,506.0
35614,506.0
35615,424.0
35616,506.0
35617,730.0
35618,730.0
35619,618.0
35620,506.0
35621,424.0
35622,342.0
35623,342.0
35624,424.0
35625,618.0
35626,730.0
35627,506.0
35628,618.0
35629,865.0
35630,1195.0
35631,999.0
35632,1195.0
35633,1195.0
35634,999.0
35635,999.0
35636,1391.0
35637,999.0
35638,506.0
35639,865.0
35640,730.0
35641,618.0
35642,730.0
35643,999.0
35644,865.0
35645,506.0
35646,865.0
35647,865.0
35648,730.0
35649,865.0
35650,999.0
35651,506.0
35652,730.0
35653,424.0
35654,506.0
35655,865.0
35656,618.0
35657,618.0
35658,618.0
35659,999.0
35660,342.0
35661,342.0
35662,264.0
35663,186.0
35664,264.0
35665,342.0
35666,424.0
35667,730.0
35668,730.0
35669,618.0
35670,618.0
35671,424.0
35672,342.0
35673,342.0
35674,342.0
35675,342.0
35676,342.0
35677,424.0
35678,506.0
35679,424.0
35680,506.0
35681,618.0
35682,506.0
35683,506.0
35684,506.0
35685,424.0
35686,424.0
35687,424.0
35688,424.0
35689,424.0
35690,506.0
35691,506.0
35692,618.0
35693,618.0
35694,618.0
35695,618.0
35696,618.0
35697,618.0
35698,618.0
35699,618.0
35700,730.0
35701,730.0
35702,865.0
35703,999.0
35704,730.0
35705,865.0
35706,865.0
35707,865.0
35708,865.0
35709,730.0
35710,730.0
35711,865.0
35712,999.0
35713,1195.0
35714,1195.0
35715,1558.0
35716,1558.0
35717,1558.0
35718,1828.0
35719,1828.0
35720,1828.0
35721,1558.0
35722,1391.0
35723,1724.0
35724,1828.0
35725,1724.0
35726,1724.0
35727,1909.0
35728,1909.0
35729,1909.0
35730,1960.0
35731,1909.0
35732,1909.0
35733,1909.0
35734,2025.0
35735,2050.0
35736,2025.0
35737,2044.0
35738,2044.0
35739,2044.0
35740,1960.0
35741,2002.0
35742,1960.0
35743,2002.0
35744,2002.0
35745,2002.0
35746,2025.0
35747,2025.0
35748,2002.0
35749,1960.0
35750,2044.0
35751,2025.0
35752,2044.0
35753,2050.0
35754,2050.0
35755,2044.0
35756,2044.0
35757,2044.0
35758,2002.0
35759,1960.0
35760,2002.0
35761,1960.0
35762,2002.0
35763,2002.0
35764,2002.0
35765,2025.0
35766,2044.0
35767,2050.0
35768,2050.0
35769,2050.0
35770,2050.0
35771,2050.0
35772,1960.0
35773,2002.0
35774,1960.0
35775,1909.0
35776,1909.0
35777,2002.0
35778,1909.0
35779,2002.0
35780,1960.0
35781,1909.0
35782,1960.0
35783,1828.0
35784,1909.0
35785,1828.0
35786,1909.0
35787,1909.0
35788,1909.0
35789,2002.0
35790,1960.0
35791,1909.0
35792,1960.0
35793,2002.0
35794,2002.0
35795,1960.0
35796,1828.0
35797,1724.0
35798,1828.0
35799,1960.0
35800,1960.0
35801,1960.0
35802,2002.0
35803,1909.0
35804,1724.0
35805,1909.0
35806,1909.0
35807,2002.0
35808,2002.0
35809,1909.0
35810,2050.0
35811,2050.0
35812,2044.0
35813,2025.0
35814,1960.0
35815,1909.0
35816,1960.0
35817,1828.0
35818,1828.0
35819,1960.0
35820,2025.0
35821,2044.0
35822,2025.0
35823,2025.0
35824,2050.0
35825,2050.0
35826,2025.0
35827,1909.0
35828,1909.0
35829,1828.0
35830,1960.0
35831,2002.0
35832,2044.0
35833,2025.0
35834,2002.0
35835,1960.0
35836,1960.0
35837,1828.0
35838,1828.0
35839,2050.0
35840,2050.0
35841,2050.0
35842,2050.0
35843,2050.0
35844,2050.0
35845,2050.0
35846,2050.0
35847,2044.0
35848,2050.0
35849,2050.0
35850,2044.0
35851,2002.0
35852,2025.0
35853,2002.0
35854,2050.0
35855,2050.0
35856,2050.0
35857,2050.0
35858,2025.0
35859,730.0
35860,506.0
35861,506.0
35862,618.0
35863,264.0
35864,264.0
35865,264.0
35866,186.0
35867,186.0
35868,110.0
35869,264.0
35870,506.0
35871,342.0
35872,342.0
35873,264.0
35874,264.0
35875,342.0
35876,424.0
35877,730.0
35878,506.0
35879,618.0
35880,1558.0
35881,1391.0
35882,1195.0
35883,865.0
35884,865.0
35885,730.0
35886,999.0
35887,730.0
35888,506.0
35889,730.0
35890,730.0
35891,999.0
35892,1724.0
35893,1391.0
35894,1558.0
35895,1558.0
35896,1558.0
35897,1391.0
35898,1195.0
35899,1391.0
35900,999.0
35901,1724.0
35902,1828.0
35903,1724.0
35904,1828.0
35905,1828.0
35906,1724.0
35907,1558.0
35908,999.0
35909,1828.0
35910,1828.0
35911,1724.0
35912,999.0
35913,1195.0
35914,999.0
35915,865.0
35916,1391.0
35917,1195.0
35918,1391.0
35919,1558.0
35920,1391.0
35921,865.0
35922,1558.0
35923,1909.0
35924,1558.0
35925,865.0
35926,999.0
35927,1909.0
35928,1828.0
35929,1724.0
35930,1909.0
35931,1828.0
35932,1724.0
35933,1828.0
35934,1558.0
35935,1195.0
35936,1558.0
35937,865.0
35938,1909.0
35939,1724.0
35940,1909.0
35941,1195.0
35942,1558.0
35943,1909.0
35944,1828.0
35945,1391.0
35946,1909.0
35947,1391.0
35948,1558.0
35949,1391.0
35950,1558.0
35951,1558.0
35952,1391.0
35953,1558.0
35954,1195.0
35955,1391.0
35956,1558.0
35957,730.0
35958,730.0
35959,506.0
35960,730.0
35961,999.0
35962,865.0
35963,730.0
35964,618.0
35965,618.0
35966,618.0
35967,618.0
35968,618.0
35969,506.0
35970,506.0
35971,424.0
35972,342.0
35973,342.0
35974,618.0
35975,730.0
35976,618.0
35977,618.0
35978,730.0
35979,865.0
35980,730.0
35981,865.0
35982,730.0
35983,865.0
35984,865.0
35985,730.0
35986,730.0
35987,424.0
35988,424.0
35989,424.0
35990,424.0
35991,506.0
35992,424.0
35993,424.0
35994,424.0
35995,506.0
35996,618.0
35997,424.0
35998,342.0
35999,342.0
36000,342.0
36001,264.0
36002,342.0
36003,424.0
36004,424.0
36005,506.0
36006,506.0
36007,424.0
36008,424.0
36009,506.0
36010,424.0
36011,424.0
36012,342.0
36013,264.0
36014,264.0
36015,342.0
36016,424.0
36017,424.0
36018,424.0
36019,342.0
36020,342.0
36021,342.0
36022,342.0
36023,342.0
36024,264.0
36025,264.0
36026,264.0
36027,264.0
36028,264.0
36029,342.0
36030,506.0
36031,424.0
36032,424.0
36033,342.0
36034,264.0
36035,264.0
36036,264.0
36037,264.0
36038,264.0
36039,264.0
36040,264.0
36041,186.0
36042,110.0
36043,110.0
36044,264.0
36045,186.0
36046,186.0
36047,186.0
36048,186.0
36049,186.0
36050,264.0
36051,186.0
36052,264.0
36053,186.0
36054,264.0
36055,264.0
36056,342.0
36057,264.0
36058,110.0
36059,110.0
36060,110.0
36061,342.0
36062,264.0
36063,342.0
36064,264.0
36065,342.0
36066,342.0
36067,186.0
36068,264.0
36069,186.0
36070,186.0
36071,342.0
36072,186.0
36073,55.0
36074,0.0
36075,110.0
36076,186.0
36077,55.0
36078,55.0
36079,110.0
36080,110.0
36081,264.0
36082,186.0
36083,186.0
36084,264.0
36085,264.0
36086,186.0
36087,342.0
36088,186.0
36089,424.0
36090,342.0
36091,342.0
36092,342.0
36093,342.0
36094,342.0
36095,264.0
36096,424.0
36097,342.0
36098,110.0
36099,110.0
36100,55.0
36101,0.0
36102,0.0
36103,0.0
36104,55.0
36105,110.0
36106,110.0
36107,55.0
36108,0.0
36109,0.0
36110,0.0
36111,0.0
36112,0.0
36113,0.0
36114,0.0
36115,0.0
36116,0.0
36117,0.0
36118,0.0
36119,0.0
36120,0.0
36121,0.0
36122,0.0
36123,0.0
36124,0.0
36125,0.0
36126,0.0
36127,0.0
36128,0.0
36129,0.0
36130,0.0
36131,0.0
36132,0.0
36133,0.0
36134,0.0
36135,55.0
36136,55.0
36137,110.0
36138,55.0
36139,55.0
36140,55.0
36141,110.0
36142,186.0
36143,110.0
36144,186.0
36145,264.0
36146,264.0
36147,264.0
36148,186.0
36149,186.0
36150,110.0
36151,186.0
36152,110.0
36153,186.0
36154,186.0
36155,186.0
36156,186.0
36157,264.0
36158,186.0
36159,264.0
36160,110.0
36161,0.0
36162,0.0
36163,0.0
36164,0.0
36165,0.0
36166,0.0
36167,0.0
36168,0.0
36169,0.0
36170,0.0
36171,0.0
36172,0.0
36173,0.0
36174,0.0
36175,0.0
36176,0.0
36177,0.0
36178,0.0
36179,0.0
36180,0.0
36181,110.0
36182,55.0
36183,264.0
36184,55.0
36185,0.0
36186,0.0
36187,186.0
36188,424.0
36189,506.0
36190,342.0
36191,186.0
36192,55.0
36193,0.0
36194,0.0
36195,0.0
36196,0.0
36197,0.0
36198,0.0
36199,0.0
36200,0.0
36201,0.0
36202,0.0
36203,0.0
36204,264.0
36205,264.0
36206,186.0
36207,110.0
36208,0.0
36209,0.0
36210,0.0
36211,0.0
36212,0.0
36213,0.0
36214,0.0
36215,0.0
36216,0.0
36217,0.0
36218,0.0
36219,0.0
36220,0.0
36221,0.0
36222,0.0
36223,264.0
36224,110.0
36225,0.0
36226,0.0
36227,0.0
36228,0.0
36229,0.0
36230,0.0
36231,0.0
36232,0.0
36233,0.0
36234,0.0
36235,0.0
36236,0.0
36237,0.0
36238,0.0
36239,0.0
36240,0.0
36241,0.0
36242,0.0
36243,0.0
36244,0.0
36245,0.0
36246,0.0
36247,55.0
36248,55.0
36249,110.0
36250,110.0
36251,186.0
36252,186.0
36253,186.0
36254,186.0
36255,186.0
36256,186.0
36257,186.0
36258,110.0
36259,110.0
36260,110.0
36261,110.0
36262,110.0
36263,110.0
36264,264.0
36265,424.0
36266,342.0
36267,264.0
36268,186.0
36269,186.0
36270,186.0
36271,264.0
36272,186.0
36273,186.0
36274,186.0
36275,264.0
36276,264.0
36277,342.0
36278,342.0
36279,342.0
36280,264.0
36281,264.0
36282,264.0
36283,186.0
36284,186.0
36285,186.0
36286,110.0
36287,110.0
36288,55.0
36289,110.0
36290,110.0
36291,110.0
36292,55.0
36293,55.0
36294,110.0
36295,110.0
36296,110.0
36297,55.0
36298,0.0
36299,0.0
36300,0.0
36301,0.0
36302,0.0
36303,0.0
36304,55.0
36305,55.0
36306,0.0
36307,0.0
36308,55.0
36309,55.0
36310,55.0
36311,0.0
36312,0.0
36313,0.0
36314,0.0
36315,0.0
36316,0.0
36317,0.0
36318,0.0
36319,0.0
36320,0.0
36321,0.0
36322,55.0
36323,55.0
36324,110.0
36325,55.0
36326,0.0
36327,0.0
36328,0.0
36329,0.0
36330,55.0
36331,55.0
36332,0.0
36333,0.0
36334,0.0
36335,0.0
36336,0.0
36337,0.0
36338,186.0
36339,55.0
36340,55.0
36341,0.0
36342,55.0
36343,264.0
36344,264.0
36345,264.0
36346,264.0
36347,186.0
36348,342.0
36349,342.0
36350,424.0
36351,264.0
36352,186.0
36353,55.0
36354,0.0
36355,186.0
36356,186.0
36357,186.0
36358,186.0
36359,186.0
36360,55.0
36361,0.0
36362,0.0
36363,0.0
36364,0.0
36365,0.0
36366,0.0
36367,0.0
36368,0.0
36369,0.0
36370,0.0
36371,0.0
36372,0.0
36373,0.0
36374,0.0
36375,0.0
36376,0.0
36377,0.0
36378,0.0
36379,0.0
36380,0.0
36381,0.0
36382,0.0
36383,55.0
36384,110.0
36385,110.0
36386,186.0
36387,186.0
36388,264.0
36389,264.0
36390,186.0
36391,186.0
36392,110.0
36393,110.0
36394,110.0
36395,186.0
36396,110.0
36397,186.0
36398,186.0
36399,186.0
36400,110.0
36401,110.0
36402,186.0
36403,186.0
36404,186.0
36405,186.0
36406,55.0
36407,55.0
36408,110.0
36409,55.0
36410,110.0
36411,110.0
36412,110.0
36413,55.0
36414,55.0
36415,55.0
36416,110.0
36417,110.0
36418,55.0
36419,55.0
36420,55.0
36421,110.0
36422,55.0
36423,0.0
36424,0.0
36425,0.0
36426,0.0
36427,0.0
36428,0.0
36429,0.0
36430,0.0
36431,0.0
36432,0.0
36433,110.0
36434,110.0
36435,55.0
36436,55.0
36437,55.0
36438,55.0
36439,55.0
36440,55.0
36441,55.0
36442,55.0
36443,55.0
36444,55.0
36445,110.0
36446,186.0
36447,186.0
36448,110.0
36449,186.0
36450,186.0
36451,264.0
36452,186.0
36453,186.0
36454,55.0
36455,55.0
36456,0.0
36457,0.0
36458,55.0
36459,55.0
36460,110.0
36461,0.0
36462,55.0
36463,110.0
36464,110.0
36465,110.0
36466,110.0
36467,110.0
36468,110.0
36469,110.0
36470,110.0
36471,110.0
36472,55.0
36473,55.0
36474,55.0
36475,0.0
36476,0.0
36477,186.0
36478,110.0
36479,110.0
36480,55.0
36481,186.0
36482,110.0
36483,110.0
36484,55.0
36485,110.0
36486,55.0
36487,0.0
36488,0.0
36489,110.0
36490,186.0
36491,264.0
36492,264.0
36493,342.0
36494,264.0
36495,342.0
36496,264.0
36497,186.0
36498,186.0
36499,342.0
36500,186.0
36501,110.0
36502,186.0
36503,186.0
36504,186.0
36505,186.0
36506,264.0
36507,110.0
36508,55.0
36509,0.0
36510,0.0
36511,0.0
36512,0.0
36513,55.0
36514,186.0
36515,264.0
36516,186.0
36517,186.0
36518,55.0
36519,55.0
36520,55.0
36521,110.0
36522,186.0
36523,186.0
36524,186.0
36525,186.0
36526,186.0
36527,264.0
36528,342.0
36529,506.0
36530,424.0
36531,342.0
36532,342.0
36533,342.0
36534,342.0
36535,342.0
36536,342.0
36537,424.0
36538,424.0
36539,342.0
36540,342.0
36541,342.0
36542,424.0
36543,342.0
36544,342.0
36545,264.0
36546,342.0
36547,342.0
36548,264.0
36549,264.0
36550,342.0
36551,264.0
36552,264.0
36553,342.0
36554,342.0
36555,264.0
36556,264.0
36557,186.0
36558,110.0
36559,110.0
36560,186.0
36561,186.0
36562,264.0
36563,342.0
36564,342.0
36565,264.0
36566,264.0
36567,342.0
36568,264.0
36569,264.0
36570,186.0
36571,264.0
36572,186.0
36573,110.0
36574,55.0
36575,55.0
36576,0.0
36577,0.0
36578,0.0
36579,0.0
36580,110.0
36581,186.0
36582,55.0
36583,110.0
36584,110.0
36585,55.0
36586,110.0
36587,0.0
36588,110.0
36589,55.0
36590,0.0
36591,55.0
36592,0.0
36593,0.0
36594,0.0
36595,0.0
36596,0.0
36597,55.0
36598,55.0
36599,55.0
36600,0.0
36601,0.0
36602,0.0
36603,0.0
36604,0.0
36605,0.0
36606,0.0
36607,0.0
36608,0.0
36609,0.0
36610,55.0
36611,110.0
36612,110.0
36613,0.0
36614,0.0
36615,0.0
36616,55.0
36617,110.0
36618,55.0
36619,264.0
36620,342.0
36621,264.0
36622,342.0
36623,424.0
36624,424.0
36625,424.0
36626,342.0
36627,342.0
36628,424.0
36629,264.0
36630,342.0
36631,186.0
36632,186.0
36633,264.0
36634,342.0
36635,424.0
36636,342.0
36637,264.0
36638,424.0
36639,424.0
36640,424.0
36641,342.0
36642,342.0
36643,424.0
36644,264.0
36645,186.0
36646,264.0
36647,264.0
36648,424.0
36649,506.0
36650,424.0
36651,342.0
36652,342.0
36653,264.0
36654,186.0
36655,264.0
36656,264.0
36657,342.0
36658,424.0
36659,264.0
36660,186.0
36661,264.0
36662,264.0
36663,424.0
36664,424.0
36665,424.0
36666,506.0
36667,618.0
36668,506.0
36669,506.0
36670,506.0
36671,424.0
36672,424.0
36673,342.0
36674,342.0
36675,424.0
36676,342.0
36677,342.0
36678,342.0
36679,424.0
36680,506.0
36681,424.0
36682,342.0
36683,424.0
36684,424.0
36685,424.0
36686,424.0
36687,342.0
36688,342.0
36689,424.0
36690,424.0
36691,264.0
36692,186.0
36693,264.0
36694,264.0
36695,342.0
36696,342.0
36697,186.0
36698,186.0
36699,342.0
36700,264.0
36701,342.0
36702,264.0
36703,264.0
36704,264.0
36705,186.0
36706,110.0
36707,110.0
36708,55.0
36709,55.0
36710,110.0
36711,55.0
36712,0.0
36713,0.0
36714,0.0
36715,0.0
36716,0.0
36717,0.0
36718,0.0
36719,0.0
36720,0.0
36721,0.0
36722,0.0
36723,0.0
36724,0.0
36725,0.0
36726,0.0
36727,0.0
36728,0.0
36729,55.0
36730,110.0
36731,110.0
36732,110.0
36733,110.0
36734,55.0
36735,110.0
36736,110.0
36737,0.0
36738,0.0
36739,110.0
36740,186.0
36741,55.0
36742,55.0
36743,0.0
36744,0.0
36745,0.0
36746,0.0
36747,0.0
36748,0.0
36749,0.0
36750,55.0
36751,110.0
36752,110.0
36753,0.0
36754,0.0
36755,0.0
36756,0.0
36757,0.0
36758,0.0
36759,0.0
36760,0.0
36761,0.0
36762,0.0
36763,0.0
36764,0.0
36765,0.0
36766,0.0
36767,0.0
36768,0.0
36769,0.0
36770,0.0
36771,0.0
36772,55.0
36773,55.0
36774,55.0
36775,0.0
36776,0.0
36777,0.0
36778,0.0
36779,110.0
36780,0.0
36781,0.0
36782,0.0
36783,0.0
36784,0.0
36785,0.0
36786,0.0
36787,0.0
36788,0.0
36789,0.0
36790,0.0
36791,0.0
36792,0.0
36793,0.0
36794,0.0
36795,0.0
36796,0.0
36797,0.0
36798,0.0
36799,0.0
36800,0.0
36801,0.0
36802,0.0
36803,0.0
36804,0.0
36805,0.0
36806,186.0
36807,186.0
36808,110.0
36809,110.0
36810,55.0
36811,55.0
36812,55.0
36813,55.0
36814,110.0
36815,55.0
36816,55.0
36817,55.0
36818,55.0
36819,0.0
36820,0.0
36821,0.0
36822,0.0
36823,110.0
36824,55.0
36825,110.0
36826,110.0
36827,110.0
36828,110.0
36829,110.0
36830,110.0
36831,55.0
36832,55.0
36833,0.0
36834,0.0
36835,0.0
36836,0.0
36837,0.0
36838,0.0
36839,0.0
36840,0.0
36841,0.0
36842,0.0
36843,0.0
36844,0.0
36845,0.0
36846,0.0
36847,0.0
36848,0.0
36849,0.0
36850,0.0
36851,0.0
36852,0.0
36853,0.0
36854,0.0
36855,0.0
36856,0.0
36857,0.0
36858,0.0
36859,0.0
36860,0.0
36861,0.0
36862,0.0
36863,0.0
36864,0.0
36865,0.0
36866,0.0
36867,0.0
36868,0.0
36869,0.0
36870,0.0
36871,0.0
36872,0.0
36873,0.0
36874,55.0
36875,55.0
36876,110.0
36877,55.0
36878,0.0
36879,0.0
36880,0.0
36881,0.0
36882,0.0
36883,0.0
36884,0.0
36885,0.0
36886,0.0
36887,0.0
36888,0.0
36889,0.0
36890,0.0
36891,0.0
36892,0.0
36893,0.0
36894,0.0
36895,0.0
36896,0.0
36897,0.0
36898,0.0
36899,0.0
36900,0.0
36901,0.0
36902,0.0
36903,0.0
36904,0.0
36905,0.0
36906,0.0
36907,0.0
36908,0.0
36909,0.0
36910,0.0
36911,0.0
36912,0.0
36913,0.0
36914,0.0
36915,0.0
36916,0.0
36917,0.0
36918,0.0
36919,0.0
36920,0.0
36921,0.0
36922,0.0
36923,0.0
36924,55.0
36925,0.0
36926,0.0
36927,0.0
36928,0.0
36929,0.0
36930,0.0
36931,0.0
36932,0.0
36933,0.0
36934,0.0
36935,0.0
36936,0.0
36937,0.0
36938,0.0
36939,55.0
36940,0.0
36941,55.0
36942,55.0
36943,55.0
36944,55.0
36945,0.0
36946,0.0
36947,0.0
36948,0.0
36949,0.0
36950,0.0
36951,0.0
36952,0.0
36953,0.0
36954,0.0
36955,0.0
36956,0.0
36957,0.0
36958,0.0
36959,0.0
36960,0.0
36961,0.0
36962,110.0
36963,186.0
36964,264.0
36965,186.0
36966,186.0
36967,186.0
36968,110.0
36969,110.0
36970,110.0
36971,110.0
36972,110.0
36973,0.0
36974,55.0
36975,110.0
36976,110.0
36977,55.0
36978,110.0
36979,110.0
36980,110.0
36981,110.0
36982,0.0
36983,110.0
36984,186.0
36985,110.0
36986,110.0
36987,0.0
36988,55.0
36989,0.0
36990,0.0
36991,0.0
36992,0.0
36993,0.0
36994,0.0
36995,0.0
36996,0.0
36997,0.0
36998,0.0
36999,0.0
37000,0.0
37001,0.0
37002,0.0
37003,0.0
37004,0.0
37005,0.0
37006,0.0
37007,0.0
37008,0.0
37009,0.0
37010,0.0
37011,0.0
37012,0.0
37013,0.0
37014,0.0
37015,0.0
37016,0.0
37017,0.0
37018,0.0
37019,55.0
37020,0.0
37021,0.0
37022,55.0
37023,110.0
37024,55.0
37025,110.0
37026,186.0
37027,186.0
37028,186.0
37029,110.0
37030,55.0
37031,110.0
37032,55.0
37033,186.0
37034,110.0
37035,55.0
37036,55.0
37037,55.0
37038,55.0
37039,55.0
37040,55.0
37041,55.0
37042,110.0
37043,110.0
37044,110.0
37045,55.0
37046,110.0
37047,186.0
37048,186.0
37049,264.0
37050,110.0
37051,0.0
37052,0.0
37053,110.0
37054,55.0
37055,55.0
37056,110.0
37057,55.0
37058,55.0
37059,110.0
37060,186.0
37061,186.0
37062,264.0
37063,264.0
37064,342.0
37065,342.0
37066,342.0
37067,342.0
37068,424.0
37069,342.0
37070,342.0
37071,342.0
37072,342.0
37073,264.0
37074,264.0
37075,264.0
37076,186.0
37077,186.0
37078,264.0
37079,110.0
37080,186.0
37081,110.0
37082,55.0
37083,110.0
37084,110.0
37085,186.0
37086,110.0
37087,55.0
37088,0.0
37089,55.0
37090,55.0
37091,55.0
37092,110.0
37093,55.0
37094,55.0
37095,55.0
37096,0.0
37097,55.0
37098,55.0
37099,0.0
37100,55.0
37101,55.0
37102,0.0
37103,0.0
37104,0.0
37105,0.0
37106,0.0
37107,0.0
37108,0.0
37109,0.0
37110,0.0
37111,0.0
37112,0.0
37113,0.0
37114,0.0
37115,0.0
37116,0.0
37117,0.0
37118,0.0
37119,0.0
37120,0.0
37121,0.0
37122,0.0
37123,0.0
37124,0.0
37125,0.0
37126,0.0
37127,110.0
37128,186.0
37129,110.0
37130,55.0
37131,0.0
37132,0.0
37133,0.0
37134,0.0
37135,0.0
37136,0.0
37137,0.0
37138,0.0
37139,0.0
37140,0.0
37141,0.0
37142,0.0
37143,0.0
37144,0.0
37145,0.0
37146,0.0
37147,0.0
37148,0.0
37149,0.0
37150,0.0
37151,0.0
37152,0.0
37153,0.0
37154,0.0
37155,0.0
37156,0.0
37157,0.0
37158,0.0
37159,0.0
37160,0.0
37161,0.0
37162,0.0
37163,0.0
37164,0.0
37165,0.0
37166,0.0
37167,0.0
37168,0.0
37169,55.0
37170,55.0
37171,110.0
37172,110.0
37173,0.0
37174,0.0
37175,0.0
37176,0.0
37177,0.0
37178,0.0
37179,0.0
37180,0.0
37181,0.0
37182,0.0
37183,0.0
37184,0.0
37185,0.0
37186,0.0
37187,0.0
37188,0.0
37189,0.0
37190,0.0
37191,0.0
37192,55.0
37193,55.0
37194,55.0
37195,55.0
37196,55.0
37197,55.0
37198,110.0
37199,110.0
37200,110.0
37201,55.0
37202,55.0
37203,110.0
37204,110.0
37205,110.0
37206,186.0
37207,186.0
37208,186.0
37209,186.0
37210,186.0
37211,186.0
37212,186.0
37213,186.0
37214,186.0
37215,186.0
37216,110.0
37217,110.0
37218,110.0
37219,110.0
37220,186.0
37221,110.0
37222,186.0
37223,186.0
37224,110.0
37225,110.0
37226,110.0
37227,110.0
37228,110.0
37229,110.0
37230,55.0
37231,55.0
37232,55.0
37233,0.0
37234,55.0
37235,55.0
37236,55.0
37237,0.0
37238,0.0
37239,0.0
37240,55.0
37241,110.0
37242,110.0
37243,110.0
37244,110.0
37245,110.0
37246,110.0
37247,110.0
37248,186.0
37249,186.0
37250,186.0
37251,186.0
37252,186.0
37253,110.0
37254,186.0
37255,186.0
37256,186.0
37257,186.0
37258,55.0
37259,110.0
37260,110.0
37261,55.0
37262,110.0
37263,55.0
37264,55.0
37265,55.0
37266,55.0
37267,55.0
37268,110.0
37269,110.0
37270,110.0
37271,110.0
37272,110.0
37273,55.0
37274,55.0
37275,0.0
37276,0.0
37277,0.0
37278,55.0
37279,110.0
37280,55.0
37281,0.0
37282,0.0
37283,0.0
37284,0.0
37285,0.0
37286,0.0
37287,0.0
37288,0.0
37289,0.0
37290,0.0
37291,0.0
37292,0.0
37293,0.0
37294,110.0
37295,110.0
37296,186.0
37297,55.0
37298,55.0
37299,0.0
37300,55.0
37301,55.0
37302,0.0
37303,0.0
37304,0.0
37305,0.0
37306,0.0
37307,0.0
37308,0.0
37309,0.0
37310,55.0
37311,55.0
37312,0.0
37313,55.0
37314,0.0
37315,0.0
37316,0.0
37317,0.0
37318,0.0
37319,0.0
37320,0.0
37321,0.0
37322,0.0
37323,0.0
37324,0.0
37325,55.0
37326,55.0
37327,110.0
37328,0.0
37329,55.0
37330,0.0
37331,55.0
37332,55.0
37333,110.0
37334,110.0
37335,110.0
37336,186.0
37337,186.0
37338,186.0
37339,186.0
37340,186.0
37341,186.0
37342,186.0
37343,186.0
37344,186.0
37345,186.0
37346,186.0
37347,186.0
37348,264.0
37349,264.0
37350,342.0
37351,264.0
37352,342.0
37353,264.0
37354,186.0
37355,342.0
37356,342.0
37357,264.0
37358,264.0
37359,264.0
37360,264.0
37361,186.0
37362,264.0
37363,186.0
37364,186.0
37365,186.0
37366,110.0
37367,110.0
37368,110.0
37369,186.0
37370,264.0
37371,186.0
37372,186.0
37373,264.0
37374,264.0
37375,186.0
37376,110.0
37377,110.0
37378,110.0
37379,110.0
37380,110.0
37381,110.0
37382,186.0
37383,110.0
37384,55.0
37385,110.0
37386,110.0
37387,110.0
37388,55.0
37389,0.0
37390,0.0
37391,0.0
37392,55.0
37393,0.0
37394,110.0
37395,0.0
37396,0.0
37397,110.0
37398,110.0
37399,55.0
37400,0.0
37401,0.0
37402,0.0
37403,0.0
37404,0.0
37405,110.0
37406,55.0
37407,55.0
37408,110.0
37409,110.0
37410,55.0
37411,0.0
37412,0.0
37413,0.0
37414,0.0
37415,0.0
37416,0.0
37417,0.0
37418,0.0
37419,0.0
37420,0.0
37421,0.0
37422,0.0
37423,0.0
37424,0.0
37425,0.0
37426,0.0
37427,0.0
37428,0.0
37429,0.0
37430,0.0
37431,0.0
37432,0.0
37433,0.0
37434,0.0
37435,0.0
37436,0.0
37437,0.0
37438,0.0
37439,0.0
37440,0.0
37441,0.0
37442,0.0
37443,0.0
37444,0.0
37445,0.0
37446,0.0
37447,0.0
37448,0.0
37449,0.0
37450,0.0
37451,0.0
37452,0.0
37453,0.0
37454,0.0
37455,0.0
37456,55.0
37457,110.0
37458,110.0
37459,110.0
37460,110.0
37461,55.0
37462,110.0
37463,110.0
37464,110.0
37465,110.0
37466,110.0
37467,110.0
37468,55.0
37469,55.0
37470,55.0
37471,55.0
37472,55.0
37473,55.0
37474,55.0
37475,55.0
37476,55.0
37477,55.0
37478,0.0
37479,0.0
37480,0.0
37481,55.0
37482,55.0
37483,110.0
37484,0.0
37485,110.0
37486,55.0
37487,0.0
37488,0.0
37489,110.0
37490,0.0
37491,0.0
37492,0.0
37493,0.0
37494,0.0
37495,0.0
37496,0.0
37497,0.0
37498,0.0
37499,0.0
37500,0.0
37501,0.0
37502,0.0
37503,0.0
37504,0.0
37505,0.0
37506,0.0
37507,0.0
37508,0.0
37509,0.0
37510,0.0
37511,0.0
37512,0.0
37513,0.0
37514,0.0
37515,0.0
37516,0.0
37517,0.0
37518,0.0
37519,0.0
37520,0.0
37521,0.0
37522,0.0
37523,0.0
37524,0.0
37525,0.0
37526,0.0
37527,0.0
37528,0.0
37529,0.0
37530,0.0
37531,0.0
37532,0.0
37533,0.0
37534,0.0
37535,0.0
37536,0.0
37537,0.0
37538,0.0
37539,0.0
37540,0.0
37541,0.0
37542,0.0
37543,0.0
37544,0.0
37545,110.0
37546,0.0
37547,0.0
37548,0.0
37549,0.0
37550,0.0
37551,0.0
37552,0.0
37553,0.0
37554,0.0
37555,0.0
37556,0.0
37557,0.0
37558,0.0
37559,0.0
37560,0.0
37561,0.0
37562,0.0
37563,0.0
37564,0.0
37565,0.0
37566,0.0
37567,0.0
37568,0.0
37569,0.0
37570,0.0
37571,0.0
37572,0.0
37573,0.0
37574,55.0
37575,0.0
37576,0.0
37577,0.0
37578,0.0
37579,0.0
37580,0.0
37581,0.0
37582,0.0
37583,0.0
37584,0.0
37585,0.0
37586,0.0
37587,0.0
37588,0.0
37589,0.0
37590,0.0
37591,0.0
37592,0.0
37593,0.0
37594,0.0
37595,0.0
37596,0.0
37597,0.0
37598,0.0
37599,0.0
37600,0.0
37601,0.0
37602,0.0
37603,0.0
37604,0.0
37605,0.0
37606,0.0
37607,0.0
37608,0.0
37609,0.0
37610,0.0
37611,0.0
37612,0.0
37613,0.0
37614,0.0
37615,0.0
37616,0.0
37617,0.0
37618,0.0
37619,0.0
37620,0.0
37621,0.0
37622,0.0
37623,0.0
37624,0.0
37625,0.0
37626,0.0
37627,0.0
37628,0.0
37629,0.0
37630,0.0
37631,0.0
37632,0.0
37633,0.0
37634,0.0
37635,0.0
37636,0.0
37637,0.0
37638,0.0
37639,0.0
37640,0.0
37641,0.0
37642,0.0
37643,0.0
37644,0.0
37645,0.0
37646,0.0
37647,0.0
37648,0.0
37649,0.0
37650,0.0
37651,0.0
37652,0.0
37653,0.0
37654,0.0
37655,0.0
37656,0.0
37657,0.0
37658,0.0
37659,0.0
37660,0.0
37661,0.0
37662,0.0
37663,0.0
37664,0.0
37665,0.0
37666,0.0
37667,0.0
37668,0.0
37669,0.0
37670,0.0
37671,0.0
37672,0.0
37673,0.0
37674,55.0
37675,55.0
37676,0.0
37677,0.0
37678,0.0
37679,0.0
37680,0.0
37681,0.0
37682,0.0
37683,0.0
37684,0.0
37685,0.0
37686,0.0
37687,0.0
37688,0.0
37689,0.0
37690,0.0
37691,0.0
37692,0.0
37693,0.0
37694,0.0
37695,0.0
37696,0.0
37697,0.0
37698,0.0
37699,0.0
37700,0.0
37701,0.0
37702,0.0
37703,0.0
37704,0.0
37705,0.0
37706,0.0
37707,0.0
37708,0.0
37709,0.0
37710,0.0
37711,0.0
37712,0.0
37713,0.0
37714,0.0
37715,0.0
37716,0.0
37717,0.0
37718,0.0
37719,0.0
37720,0.0
37721,0.0
37722,0.0
37723,0.0
37724,0.0
37725,110.0
37726,110.0
37727,186.0
37728,186.0
37729,110.0
37730,186.0
37731,186.0
37732,186.0
37733,186.0
37734,186.0
37735,186.0
37736,110.0
37737,186.0
37738,186.0
37739,186.0
37740,264.0
37741,186.0
37742,264.0
37743,264.0
37744,264.0
37745,186.0
37746,264.0
37747,264.0
37748,342.0
37749,424.0
37750,424.0
37751,424.0
37752,424.0
37753,342.0
37754,264.0
37755,264.0
37756,342.0
37757,342.0
37758,342.0
37759,424.0
37760,342.0
37761,424.0
37762,424.0
37763,342.0
37764,342.0
37765,342.0
37766,424.0
37767,424.0
37768,424.0
37769,342.0
37770,424.0
37771,424.0
37772,264.0
37773,264.0
37774,342.0
37775,342.0
37776,342.0
37777,264.0
37778,264.0
37779,342.0
37780,342.0
37781,264.0
37782,342.0
37783,264.0
37784,342.0
37785,264.0
37786,264.0
37787,110.0
37788,186.0
37789,0.0
37790,0.0
37791,0.0
37792,110.0
37793,186.0
37794,55.0
37795,110.0
37796,110.0
37797,55.0
37798,0.0
37799,55.0
37800,55.0
37801,55.0
37802,55.0
37803,110.0
37804,55.0
37805,55.0
37806,186.0
37807,110.0
37808,186.0
37809,186.0
37810,186.0
37811,110.0
37812,110.0
37813,110.0
37814,186.0
37815,110.0
37816,55.0
37817,0.0
37818,0.0
37819,55.0
37820,110.0
37821,110.0
37822,110.0
37823,0.0
37824,0.0
37825,0.0
37826,0.0
37827,0.0
37828,55.0
37829,0.0
37830,186.0
37831,186.0
37832,0.0
37833,0.0
37834,0.0
37835,55.0
37836,110.0
37837,0.0
37838,110.0
37839,0.0
37840,110.0
37841,55.0
37842,110.0
37843,110.0
37844,0.0
37845,110.0
37846,0.0
37847,0.0
37848,0.0
37849,0.0
37850,0.0
37851,0.0
37852,0.0
37853,0.0
37854,0.0
37855,0.0
37856,0.0
37857,0.0
37858,0.0
37859,0.0
37860,0.0
37861,0.0
37862,0.0
37863,55.0
37864,55.0
37865,0.0
37866,0.0
37867,0.0
37868,0.0
37869,0.0
37870,0.0
37871,0.0
37872,0.0
37873,0.0
37874,0.0
37875,0.0
37876,0.0
37877,0.0
37878,0.0
37879,0.0
37880,0.0
37881,0.0
37882,0.0
37883,0.0
37884,0.0
37885,0.0
37886,0.0
37887,0.0
37888,0.0
37889,0.0
37890,0.0
37891,0.0
37892,0.0
37893,0.0
37894,0.0
37895,0.0
37896,0.0
37897,0.0
37898,0.0
37899,0.0
37900,0.0
37901,0.0
37902,0.0
37903,0.0
37904,0.0
37905,55.0
37906,55.0
37907,55.0
37908,55.0
37909,55.0
37910,55.0
37911,55.0
37912,55.0
37913,110.0
37914,55.0
37915,0.0
37916,55.0
37917,55.0
37918,0.0
37919,0.0
37920,0.0
37921,0.0
37922,0.0
37923,0.0
37924,0.0
37925,0.0
37926,0.0
37927,0.0
37928,55.0
37929,110.0
37930,55.0
37931,110.0
37932,110.0
37933,110.0
37934,110.0
37935,55.0
37936,110.0
37937,186.0
37938,110.0
37939,110.0
37940,110.0
37941,186.0
37942,110.0
37943,110.0
37944,55.0
37945,55.0
37946,110.0
37947,55.0
37948,55.0
37949,55.0
37950,110.0
37951,55.0
37952,55.0
37953,110.0
37954,110.0
37955,186.0
37956,55.0
37957,186.0
37958,264.0
37959,186.0
37960,186.0
37961,55.0
37962,110.0
37963,186.0
37964,186.0
37965,186.0
37966,186.0
37967,186.0
37968,264.0
37969,110.0
37970,110.0
37971,186.0
37972,186.0
37973,110.0
37974,110.0
37975,55.0
37976,110.0
37977,186.0
37978,0.0
37979,110.0
37980,55.0
37981,110.0
37982,0.0
37983,55.0
37984,110.0
37985,0.0
37986,55.0
37987,55.0
37988,110.0
37989,186.0
37990,110.0
37991,110.0
37992,186.0
37993,186.0
37994,186.0
37995,186.0
37996,110.0
37997,110.0
37998,110.0
37999,110.0
38000,110.0
38001,110.0
38002,186.0
38003,186.0
38004,186.0
38005,264.0
38006,264.0
38007,264.0
38008,186.0
38009,264.0
38010,264.0
38011,264.0
38012,264.0
38013,264.0
38014,342.0
38015,342.0
38016,342.0
38017,342.0
38018,264.0
38019,264.0
38020,342.0
38021,264.0
38022,264.0
38023,186.0
38024,186.0
38025,264.0
38026,342.0
38027,342.0
38028,342.0
38029,424.0
38030,424.0
38031,342.0
38032,342.0
38033,424.0
38034,424.0
38035,506.0
38036,424.0
38037,342.0
38038,342.0
38039,424.0
38040,506.0
38041,618.0
38042,424.0
38043,424.0
38044,506.0
38045,424.0
38046,506.0
38047,424.0
38048,342.0
38049,342.0
38050,342.0
38051,264.0
38052,264.0
38053,342.0
38054,264.0
38055,342.0
38056,424.0
38057,342.0
38058,342.0
38059,342.0
38060,264.0
38061,342.0
38062,342.0
38063,342.0
38064,342.0
38065,342.0
38066,264.0
38067,264.0
38068,506.0
38069,730.0
38070,730.0
38071,618.0
38072,506.0
38073,342.0
38074,342.0
38075,186.0
38076,110.0
38077,186.0
38078,110.0
38079,0.0
38080,110.0
38081,186.0
38082,264.0
38083,110.0
38084,55.0
38085,110.0
38086,110.0
38087,55.0
38088,55.0
38089,55.0
38090,55.0
38091,0.0
38092,0.0
38093,0.0
38094,0.0
38095,0.0
38096,0.0
38097,0.0
38098,110.0
38099,618.0
38100,865.0
38101,618.0
38102,865.0
38103,618.0
38104,424.0
38105,186.0
38106,506.0
38107,424.0
38108,342.0
38109,424.0
38110,342.0
38111,186.0
38112,186.0
38113,264.0
38114,342.0
38115,424.0
38116,342.0
38117,186.0
38118,0.0
38119,0.0
38120,0.0
38121,0.0
38122,0.0
38123,0.0
38124,0.0
38125,0.0
38126,0.0
38127,0.0
38128,55.0
38129,342.0
38130,186.0
38131,264.0
38132,186.0
38133,110.0
38134,186.0
38135,186.0
38136,186.0
38137,264.0
38138,186.0
38139,264.0
38140,186.0
38141,186.0
38142,264.0
38143,186.0
38144,110.0
38145,110.0
38146,110.0
38147,110.0
38148,110.0
38149,110.0
38150,110.0
38151,110.0
38152,110.0
38153,110.0
38154,110.0
38155,110.0
38156,110.0
38157,110.0
38158,110.0
38159,186.0
38160,110.0
38161,186.0
38162,186.0
38163,110.0
38164,110.0
38165,110.0
38166,110.0
38167,110.0
38168,110.0
38169,186.0
38170,186.0
38171,186.0
38172,110.0
38173,110.0
38174,110.0
38175,110.0
38176,110.0
38177,55.0
38178,0.0
38179,0.0
38180,0.0
38181,55.0
38182,55.0
38183,55.0
38184,55.0
38185,55.0
38186,55.0
38187,55.0
38188,0.0
38189,0.0
38190,0.0
38191,0.0
38192,55.0
38193,0.0
38194,55.0
38195,55.0
38196,110.0
38197,186.0
38198,186.0
38199,110.0
38200,110.0
38201,55.0
38202,0.0
38203,0.0
38204,0.0
38205,55.0
38206,55.0
38207,55.0
38208,0.0
38209,55.0
38210,0.0
38211,0.0
38212,55.0
38213,55.0
38214,110.0
38215,110.0
38216,55.0
38217,110.0
38218,0.0
38219,0.0
38220,110.0
38221,55.0
38222,0.0
38223,0.0
38224,0.0
38225,0.0
38226,0.0
38227,0.0
38228,0.0
38229,0.0
38230,0.0
38231,0.0
38232,0.0
38233,0.0
38234,0.0
38235,0.0
38236,0.0
38237,0.0
38238,0.0
38239,0.0
38240,0.0
38241,0.0
38242,0.0
38243,0.0
38244,0.0
38245,55.0
38246,0.0
38247,110.0
38248,0.0
38249,0.0
38250,0.0
38251,0.0
38252,55.0
38253,0.0
38254,0.0
38255,0.0
38256,0.0
38257,0.0
38258,0.0
38259,0.0
38260,0.0
38261,0.0
38262,0.0
38263,0.0
38264,0.0
38265,55.0
38266,55.0
38267,55.0
38268,55.0
38269,0.0
38270,0.0
38271,0.0
38272,0.0
38273,55.0
38274,110.0
38275,0.0
38276,55.0
38277,55.0
38278,110.0
38279,186.0
38280,186.0
38281,186.0
38282,264.0
38283,264.0
38284,264.0
38285,264.0
38286,186.0
38287,264.0
38288,110.0
38289,186.0
38290,264.0
38291,55.0
38292,110.0
38293,186.0
38294,186.0
38295,264.0
38296,424.0
38297,342.0
38298,424.0
38299,424.0
38300,342.0
38301,342.0
38302,342.0
38303,342.0
38304,342.0
38305,424.0
38306,424.0
38307,264.0
38308,186.0
38309,264.0
38310,264.0
38311,342.0
38312,342.0
38313,424.0
38314,424.0
38315,424.0
38316,342.0
38317,342.0
38318,424.0
38319,342.0
38320,342.0
38321,342.0
38322,342.0
38323,264.0
38324,342.0
38325,424.0
38326,424.0
38327,342.0
38328,424.0
38329,506.0
38330,506.0
38331,424.0
38332,424.0
38333,506.0
38334,424.0
38335,506.0
38336,618.0
38337,618.0
38338,506.0
38339,424.0
38340,342.0
38341,424.0
38342,424.0
38343,506.0
38344,424.0
38345,264.0
38346,264.0
38347,264.0
38348,264.0
38349,264.0
38350,264.0
38351,342.0
38352,342.0
38353,342.0
38354,424.0
38355,424.0
38356,424.0
38357,424.0
38358,424.0
38359,424.0
38360,506.0
38361,424.0
38362,424.0
38363,424.0
38364,506.0
38365,506.0
38366,506.0
38367,618.0
38368,506.0
38369,618.0
38370,618.0
38371,618.0
38372,506.0
38373,865.0
38374,618.0
38375,618.0
38376,618.0
38377,730.0
38378,865.0
38379,730.0
38380,618.0
38381,730.0
38382,730.0
38383,730.0
38384,865.0
38385,865.0
38386,865.0
38387,999.0
38388,999.0
38389,865.0
38390,1391.0
38391,865.0
38392,865.0
38393,999.0
38394,730.0
38395,1195.0
38396,865.0
38397,865.0
38398,730.0
38399,730.0
38400,506.0
38401,618.0
38402,730.0
38403,618.0
38404,424.0
38405,618.0
38406,730.0
38407,730.0
38408,618.0
38409,618.0
38410,730.0
38411,506.0
38412,342.0
38413,424.0
38414,506.0
38415,506.0
38416,424.0
38417,424.0
38418,506.0
38419,618.0
38420,730.0
38421,999.0
38422,730.0
38423,865.0
38424,730.0
38425,618.0
38426,618.0
38427,506.0
38428,506.0
38429,506.0
38430,618.0
38431,618.0
38432,424.0
38433,506.0
38434,506.0
38435,506.0
38436,424.0
38437,424.0
38438,424.0
38439,342.0
38440,342.0
38441,506.0
38442,506.0
38443,618.0
38444,730.0
38445,618.0
38446,506.0
38447,424.0
38448,342.0
38449,342.0
38450,424.0
38451,342.0
38452,424.0
38453,424.0
38454,424.0
38455,424.0
38456,618.0
38457,730.0
38458,618.0
38459,506.0
38460,618.0
38461,506.0
38462,618.0
38463,618.0
38464,865.0
38465,730.0
38466,618.0
38467,506.0
38468,506.0
38469,618.0
38470,730.0
38471,730.0
38472,999.0
38473,1195.0
38474,1195.0
38475,1724.0
38476,1195.0
38477,1195.0
38478,865.0
38479,424.0
38480,342.0
38481,264.0
38482,264.0
38483,424.0
38484,264.0
38485,186.0
38486,264.0
38487,186.0
38488,264.0
38489,506.0
38490,342.0
38491,342.0
38492,342.0
38493,342.0
38494,506.0
38495,618.0
38496,424.0
38497,424.0
38498,424.0
38499,424.0
38500,506.0
38501,264.0
38502,186.0
38503,186.0
38504,264.0
38505,264.0
38506,110.0
38507,110.0
38508,55.0
38509,110.0
38510,110.0
38511,110.0
38512,110.0
38513,424.0
38514,186.0
38515,186.0
38516,186.0
38517,264.0
38518,186.0
38519,186.0
38520,186.0
38521,110.0
38522,55.0
38523,55.0
38524,110.0
38525,186.0
38526,186.0
38527,110.0
38528,186.0
38529,110.0
38530,110.0
38531,110.0
38532,55.0
38533,186.0
38534,55.0
38535,264.0
38536,264.0
38537,186.0
38538,110.0
38539,55.0
38540,186.0
38541,186.0
38542,186.0
38543,55.0
38544,110.0
38545,186.0
38546,186.0
38547,0.0
38548,0.0
38549,0.0
38550,110.0
38551,186.0
38552,186.0
38553,55.0
38554,110.0
38555,110.0
38556,110.0
38557,264.0
38558,186.0
38559,0.0
38560,0.0
38561,186.0
38562,110.0
38563,55.0
38564,55.0
38565,55.0
38566,110.0
38567,110.0
38568,110.0
38569,110.0
38570,55.0
38571,0.0
38572,0.0
38573,55.0
38574,0.0
38575,0.0
38576,0.0
38577,0.0
38578,55.0
38579,55.0
38580,0.0
38581,0.0
38582,110.0
38583,55.0
38584,55.0
38585,0.0
38586,0.0
38587,0.0
38588,0.0
38589,0.0
38590,0.0
38591,0.0
38592,0.0
38593,0.0
38594,0.0
38595,0.0
38596,0.0
38597,0.0
38598,0.0
38599,0.0
38600,0.0
38601,0.0
38602,0.0
38603,0.0
38604,0.0
38605,0.0
38606,0.0
38607,0.0
38608,0.0
38609,0.0
38610,0.0
38611,0.0
38612,0.0
38613,0.0
38614,0.0
38615,0.0
38616,0.0
38617,0.0
38618,0.0
38619,0.0
38620,0.0
38621,0.0
38622,0.0
38623,0.0
38624,0.0
38625,0.0
38626,0.0
38627,0.0
38628,0.0
38629,0.0
38630,55.0
38631,110.0
38632,110.0
38633,55.0
38634,110.0
38635,55.0
38636,55.0
38637,110.0
38638,110.0
38639,186.0
38640,110.0
38641,186.0
38642,186.0
38643,110.0
38644,55.0
38645,110.0
38646,110.0
38647,55.0
38648,55.0
38649,0.0
38650,110.0
38651,186.0
38652,110.0
38653,186.0
38654,186.0
38655,186.0
38656,186.0
38657,186.0
38658,186.0
38659,110.0
38660,186.0
38661,264.0
38662,264.0
38663,342.0
38664,342.0
38665,424.0
38666,342.0
38667,264.0
38668,342.0
38669,186.0
38670,186.0
38671,264.0
38672,186.0
38673,186.0
38674,186.0
38675,186.0
38676,186.0
38677,264.0
38678,342.0
38679,264.0
38680,186.0
38681,110.0
38682,186.0
38683,342.0
38684,264.0
38685,264.0
38686,264.0
38687,264.0
38688,264.0
38689,186.0
38690,264.0
38691,186.0
38692,264.0
38693,264.0
38694,264.0
38695,264.0
38696,186.0
38697,264.0
38698,342.0
38699,264.0
38700,264.0
38701,342.0
38702,342.0
38703,342.0
38704,342.0
38705,424.0
38706,424.0
38707,506.0
38708,618.0
38709,506.0
38710,730.0
38711,865.0
38712,999.0
38713,865.0
38714,730.0
38715,730.0
38716,865.0
38717,865.0
38718,730.0
38719,618.0
38720,618.0
38721,730.0
38722,865.0
38723,865.0
38724,730.0
38725,618.0
38726,730.0
38727,730.0
38728,730.0
38729,730.0
38730,618.0
38731,506.0
38732,506.0
38733,618.0
38734,618.0
38735,618.0
38736,730.0
38737,730.0
38738,730.0
38739,730.0
38740,730.0
38741,730.0
38742,865.0
38743,999.0
38744,999.0
38745,999.0
38746,999.0
38747,999.0
38748,999.0
38749,999.0
38750,865.0
38751,865.0
38752,865.0
38753,865.0
38754,999.0
38755,999.0
38756,999.0
38757,1195.0
38758,1391.0
38759,1391.0
38760,1558.0
38761,1391.0
38762,1391.0
38763,1391.0
38764,1391.0
38765,1391.0
38766,1391.0
38767,1558.0
38768,1724.0
38769,1558.0
38770,1558.0
38771,1558.0
38772,1558.0
38773,1391.0
38774,1558.0
38775,1558.0
38776,1724.0
38777,1558.0
38778,1391.0
38779,1391.0
38780,1558.0
38781,1558.0
38782,1195.0
38783,730.0
38784,999.0
38785,999.0
38786,1391.0
38787,1195.0
38788,1391.0
38789,999.0
38790,1195.0
38791,865.0
38792,1391.0
38793,1558.0
38794,1391.0
38795,1195.0
38796,1558.0
38797,1558.0
38798,1828.0
38799,1391.0
38800,999.0
38801,1195.0
38802,1724.0
38803,1391.0
38804,1391.0
38805,1195.0
38806,1558.0
38807,1828.0
38808,1558.0
38809,730.0
38810,618.0
38811,730.0
38812,618.0
38813,618.0
38814,865.0
38815,1195.0
38816,999.0
38817,730.0
38818,1558.0
38819,865.0
38820,424.0
38821,618.0
38822,618.0
38823,506.0
38824,618.0
38825,506.0
38826,730.0
38827,618.0
38828,730.0
38829,618.0
38830,424.0
38831,506.0
38832,730.0
38833,730.0
38834,618.0
38835,730.0
38836,506.0
38837,506.0
38838,506.0
38839,506.0
38840,506.0
38841,424.0
38842,730.0
38843,730.0
38844,424.0
38845,506.0
38846,424.0
38847,264.0
38848,55.0
38849,110.0
38850,186.0
38851,186.0
38852,110.0
38853,186.0
38854,186.0
38855,110.0
38856,110.0
38857,264.0
38858,264.0
38859,264.0
38860,342.0
38861,342.0
38862,424.0
38863,424.0
38864,506.0
38865,424.0
38866,424.0
38867,424.0
38868,424.0
38869,342.0
38870,342.0
38871,264.0
38872,264.0
38873,264.0
38874,264.0
38875,186.0
38876,186.0
38877,186.0
38878,186.0
38879,110.0
38880,110.0
38881,110.0
38882,55.0
38883,186.0
38884,186.0
38885,264.0
38886,186.0
38887,186.0
38888,186.0
38889,264.0
38890,110.0
38891,110.0
38892,110.0
38893,264.0
38894,342.0
38895,186.0
38896,186.0
38897,186.0
38898,186.0
38899,186.0
38900,342.0
38901,342.0
38902,342.0
38903,342.0
38904,342.0
38905,264.0
38906,342.0
38907,342.0
38908,342.0
38909,342.0
38910,342.0
38911,264.0
38912,264.0
38913,264.0
38914,342.0
38915,342.0
38916,264.0
38917,186.0
38918,186.0
38919,264.0
38920,264.0
38921,264.0
38922,264.0
38923,186.0
38924,264.0
38925,186.0
38926,186.0
38927,186.0
38928,110.0
38929,110.0
38930,110.0
38931,55.0
38932,110.0
38933,55.0
38934,110.0
38935,55.0
38936,0.0
38937,0.0
38938,110.0
38939,186.0
38940,110.0
38941,186.0
38942,186.0
38943,186.0
38944,110.0
38945,186.0
38946,186.0
38947,110.0
38948,186.0
38949,186.0
38950,110.0
38951,264.0
38952,186.0
38953,186.0
38954,110.0
38955,264.0
38956,342.0
38957,186.0
38958,264.0
38959,342.0
38960,342.0
38961,342.0
38962,264.0
38963,264.0
38964,342.0
38965,186.0
38966,264.0
38967,342.0
38968,264.0
38969,110.0
38970,264.0
38971,110.0
38972,264.0
38973,264.0
38974,186.0
38975,186.0
38976,342.0
38977,506.0
38978,264.0
38979,186.0
38980,186.0
38981,186.0
38982,186.0
38983,264.0
38984,264.0
38985,342.0
38986,506.0
38987,342.0
38988,342.0
38989,342.0
38990,342.0
38991,342.0
38992,264.0
38993,186.0
38994,110.0
38995,110.0
38996,264.0
38997,110.0
38998,110.0
38999,110.0
39000,264.0
39001,342.0
39002,264.0
39003,342.0
39004,342.0
39005,342.0
39006,186.0
39007,186.0
39008,110.0
39009,110.0
39010,110.0
39011,55.0
39012,0.0
39013,0.0
39014,0.0
39015,0.0
39016,0.0
39017,0.0
39018,186.0
39019,264.0
39020,342.0
39021,186.0
39022,186.0
39023,264.0
39024,186.0
39025,186.0
39026,264.0
39027,342.0
39028,264.0
39029,342.0
39030,264.0
39031,186.0
39032,55.0
39033,55.0
39034,0.0
39035,0.0
39036,0.0
39037,0.0
39038,0.0
39039,0.0
39040,0.0
39041,0.0
39042,0.0
39043,0.0
39044,0.0
39045,0.0
39046,0.0
39047,0.0
39048,0.0
39049,0.0
39050,0.0
39051,0.0
39052,0.0
39053,55.0
39054,110.0
39055,186.0
39056,186.0
39057,186.0
39058,186.0
39059,186.0
39060,186.0
39061,342.0
39062,342.0
39063,342.0
39064,424.0
39065,424.0
39066,506.0
39067,506.0
39068,506.0
39069,506.0
39070,342.0
39071,264.0
39072,264.0
39073,342.0
39074,342.0
39075,264.0
39076,342.0
39077,264.0
39078,264.0
39079,186.0
39080,264.0
39081,342.0
39082,342.0
39083,342.0
39084,342.0
39085,424.0
39086,424.0
39087,424.0
39088,506.0
39089,506.0
39090,424.0
39091,506.0
39092,618.0
39093,342.0
39094,342.0
39095,506.0
39096,342.0
39097,342.0
39098,264.0
39099,342.0
39100,506.0
39101,506.0
39102,342.0
39103,264.0
39104,506.0
39105,506.0
39106,342.0
39107,342.0
39108,342.0
39109,618.0
39110,424.0
39111,424.0
39112,424.0
39113,342.0
39114,264.0
39115,342.0
39116,342.0
39117,342.0
39118,342.0
39119,424.0
39120,424.0
39121,264.0
39122,264.0
39123,424.0
39124,424.0
39125,424.0
39126,264.0
39127,342.0
39128,424.0
39129,506.0
39130,506.0
39131,506.0
39132,618.0
39133,618.0
39134,618.0
39135,618.0
39136,730.0
39137,730.0
39138,730.0
39139,730.0
39140,730.0
39141,730.0
39142,865.0
39143,730.0
39144,730.0
39145,1195.0
39146,865.0
39147,730.0
39148,618.0
39149,730.0
39150,865.0
39151,999.0
39152,1195.0
39153,1195.0
39154,999.0
39155,730.0
39156,730.0
39157,999.0
39158,999.0
39159,865.0
39160,730.0
39161,865.0
39162,865.0
39163,999.0
39164,999.0
39165,1195.0
39166,999.0
39167,618.0
39168,730.0
39169,865.0
39170,618.0
39171,506.0
39172,506.0
39173,618.0
39174,506.0
39175,424.0
39176,424.0
39177,424.0
39178,424.0
39179,424.0
39180,342.0
39181,342.0
39182,424.0
39183,424.0
39184,424.0
39185,506.0
39186,506.0
39187,506.0
39188,618.0
39189,506.0
39190,618.0
39191,506.0
39192,506.0
39193,506.0
39194,506.0
39195,424.0
39196,342.0
39197,342.0
39198,264.0
39199,264.0
39200,264.0
39201,264.0
39202,264.0
39203,264.0
39204,264.0
39205,264.0
39206,264.0
39207,186.0
39208,264.0
39209,264.0
39210,186.0
39211,186.0
39212,110.0
39213,110.0
39214,110.0
39215,0.0
39216,0.0
39217,110.0
39218,55.0
39219,110.0
39220,110.0
39221,264.0
39222,186.0
39223,186.0
39224,110.0
39225,110.0
39226,186.0
39227,110.0
39228,186.0
39229,110.0
39230,110.0
39231,110.0
39232,110.0
39233,0.0
39234,0.0
39235,0.0
39236,0.0
39237,0.0
39238,0.0
39239,0.0
39240,0.0
39241,0.0
39242,0.0
39243,0.0
39244,0.0
39245,0.0
39246,0.0
39247,0.0
39248,0.0
39249,0.0
39250,0.0
39251,0.0
39252,0.0
39253,0.0
39254,0.0
39255,0.0
39256,0.0
39257,0.0
39258,0.0
39259,0.0
39260,0.0
39261,55.0
39262,110.0
39263,186.0
39264,110.0
39265,110.0
39266,55.0
39267,55.0
39268,110.0
39269,110.0
39270,55.0
39271,0.0
39272,55.0
39273,55.0
39274,0.0
39275,0.0
39276,0.0
39277,0.0
39278,0.0
39279,0.0
39280,0.0
39281,0.0
39282,0.0
39283,110.0
39284,110.0
39285,186.0
39286,110.0
39287,55.0
39288,0.0
39289,0.0
39290,0.0
39291,55.0
39292,0.0
39293,0.0
39294,0.0
39295,0.0
39296,55.0
39297,55.0
39298,55.0
39299,0.0
39300,0.0
39301,0.0
39302,0.0
39303,0.0
39304,0.0
39305,0.0
39306,0.0
39307,0.0
39308,0.0
39309,0.0
39310,0.0
39311,0.0
39312,0.0
39313,0.0
39314,0.0
39315,0.0
39316,0.0
39317,0.0
39318,0.0
39319,0.0
39320,0.0
39321,0.0
39322,0.0
39323,0.0
39324,0.0
39325,0.0
39326,0.0
39327,0.0
39328,0.0
39329,0.0
39330,0.0
39331,0.0
39332,0.0
39333,0.0
39334,0.0
39335,0.0
39336,0.0
39337,0.0
39338,0.0
39339,0.0
39340,0.0
39341,0.0
39342,0.0
39343,0.0
39344,0.0
39345,0.0
39346,0.0
39347,0.0
39348,0.0
39349,0.0
39350,0.0
39351,0.0
39352,0.0
39353,0.0
39354,0.0
39355,0.0
39356,0.0
39357,0.0
39358,0.0
39359,0.0
39360,0.0
39361,0.0
39362,0.0
39363,0.0
39364,0.0
39365,0.0
39366,0.0
39367,0.0
39368,0.0
39369,0.0
39370,0.0
39371,0.0
39372,0.0
39373,0.0
39374,0.0
39375,0.0
39376,0.0
39377,0.0
39378,55.0
39379,0.0
39380,0.0
39381,0.0
39382,0.0
39383,0.0
39384,0.0
39385,0.0
39386,0.0
39387,0.0
39388,0.0
39389,0.0
39390,0.0
39391,0.0
39392,0.0
39393,55.0
39394,0.0
39395,0.0
39396,0.0
39397,0.0
39398,0.0
39399,0.0
39400,0.0
39401,0.0
39402,55.0
39403,0.0
39404,55.0
39405,0.0
39406,0.0
39407,0.0
39408,0.0
39409,110.0
39410,264.0
39411,264.0
39412,264.0
39413,264.0
39414,264.0
39415,264.0
39416,264.0
39417,264.0
39418,264.0
39419,264.0
39420,186.0
39421,264.0
39422,264.0
39423,264.0
39424,264.0
39425,186.0
39426,186.0
39427,264.0
39428,342.0
39429,264.0
39430,264.0
39431,342.0
39432,342.0
39433,342.0
39434,342.0
39435,264.0
39436,264.0
39437,264.0
39438,264.0
39439,264.0
39440,186.0
39441,186.0
39442,264.0
39443,264.0
39444,264.0
39445,264.0
39446,264.0
39447,342.0
39448,424.0
39449,342.0
39450,342.0
39451,424.0
39452,342.0
39453,424.0
39454,424.0
39455,424.0
39456,424.0
39457,424.0
39458,424.0
39459,506.0
39460,506.0
39461,506.0
39462,424.0
39463,424.0
39464,506.0
39465,618.0
39466,506.0
39467,506.0
39468,506.0
39469,424.0
39470,506.0
39471,506.0
39472,424.0
39473,506.0
39474,506.0
39475,506.0
39476,424.0
39477,424.0
39478,424.0
39479,342.0
39480,424.0
39481,342.0
39482,264.0
39483,264.0
39484,264.0
39485,264.0
39486,264.0
39487,264.0
39488,342.0
39489,424.0
39490,342.0
39491,342.0
39492,342.0
39493,342.0
39494,342.0
39495,424.0
39496,424.0
39497,424.0
39498,342.0
39499,342.0
39500,264.0
39501,342.0
39502,342.0
39503,264.0
39504,264.0
39505,342.0
39506,264.0
39507,264.0
39508,264.0
39509,186.0
39510,342.0
39511,186.0
39512,186.0
39513,186.0
39514,186.0
39515,186.0
39516,186.0
39517,110.0
39518,110.0
39519,110.0
39520,186.0
39521,110.0
39522,110.0
39523,110.0
39524,186.0
39525,186.0
39526,55.0
39527,55.0
39528,110.0
39529,110.0
39530,110.0
39531,110.0
39532,186.0
39533,186.0
39534,186.0
39535,186.0
39536,110.0
39537,186.0
39538,186.0
39539,110.0
39540,110.0
39541,186.0
39542,110.0
39543,110.0
39544,55.0
39545,110.0
39546,186.0
39547,186.0
39548,186.0
39549,110.0
39550,110.0
39551,0.0
39552,0.0
39553,0.0
39554,55.0
39555,110.0
39556,186.0
39557,264.0
39558,342.0
39559,342.0
39560,264.0
39561,342.0
39562,342.0
39563,342.0
39564,342.0
39565,264.0
39566,264.0
39567,342.0
39568,342.0
39569,342.0
39570,264.0
39571,342.0
39572,424.0
39573,342.0
39574,424.0
39575,424.0
39576,424.0
39577,342.0
39578,342.0
39579,264.0
39580,264.0
39581,264.0
39582,264.0
39583,264.0
39584,264.0
39585,342.0
39586,424.0
39587,424.0
39588,424.0
39589,506.0
39590,506.0
39591,506.0
39592,424.0
39593,342.0
39594,342.0
39595,342.0
39596,264.0
39597,264.0
39598,264.0
39599,264.0
39600,342.0
39601,424.0
39602,424.0
39603,342.0
39604,186.0
39605,186.0
39606,342.0
39607,342.0
39608,264.0
39609,264.0
39610,342.0
39611,342.0
39612,342.0
39613,342.0
39614,342.0
39615,342.0
39616,342.0
39617,342.0
39618,264.0
39619,264.0
39620,186.0
39621,186.0
39622,186.0
39623,110.0
39624,55.0
39625,55.0
39626,110.0
39627,55.0
39628,0.0
39629,55.0
39630,0.0
39631,0.0
39632,0.0
39633,55.0
39634,0.0
39635,0.0
39636,0.0
39637,0.0
39638,55.0
39639,0.0
39640,0.0
39641,110.0
39642,55.0
39643,186.0
39644,110.0
39645,186.0
39646,186.0
39647,110.0
39648,0.0
39649,110.0
39650,110.0
39651,186.0
39652,110.0
39653,55.0
39654,0.0
39655,0.0
39656,0.0
39657,264.0
39658,110.0
39659,186.0
39660,186.0
39661,264.0
39662,186.0
39663,186.0
39664,264.0
39665,264.0
39666,264.0
39667,506.0
39668,264.0
39669,264.0
39670,342.0
39671,264.0
39672,186.0
39673,186.0
39674,342.0
39675,264.0
39676,186.0
39677,342.0
39678,186.0
39679,264.0
39680,342.0
39681,342.0
39682,424.0
39683,424.0
39684,342.0
39685,342.0
39686,342.0
39687,264.0
39688,342.0
39689,342.0
39690,342.0
39691,342.0
39692,264.0
39693,186.0
39694,264.0
39695,342.0
39696,424.0
39697,424.0
39698,506.0
39699,618.0
39700,618.0
39701,865.0
39702,865.0
39703,730.0
39704,618.0
39705,618.0
39706,506.0
39707,424.0
39708,506.0
39709,506.0
39710,618.0
39711,618.0
39712,618.0
39713,506.0
39714,506.0
39715,618.0
39716,730.0
39717,618.0
39718,618.0
39719,618.0
39720,618.0
39721,618.0
39722,618.0
39723,730.0
39724,730.0
39725,730.0
39726,730.0
39727,730.0
39728,730.0
39729,730.0
39730,618.0
39731,506.0
39732,506.0
39733,506.0
39734,506.0
39735,424.0
39736,424.0
39737,506.0
39738,506.0
39739,506.0
39740,506.0
39741,506.0
39742,506.0
39743,618.0
39744,618.0
39745,730.0
39746,730.0
39747,865.0
39748,865.0
39749,865.0
39750,730.0
39751,865.0
39752,730.0
39753,618.0
39754,730.0
39755,730.0
39756,730.0
39757,618.0
39758,618.0
39759,618.0
39760,506.0
39761,618.0
39762,618.0
39763,618.0
39764,506.0
39765,424.0
39766,342.0
39767,342.0
39768,424.0
39769,424.0
39770,506.0
39771,506.0
39772,506.0
39773,506.0
39774,424.0
39775,342.0
39776,264.0
39777,264.0
39778,342.0
39779,264.0
39780,342.0
39781,342.0
39782,264.0
39783,186.0
39784,186.0
39785,264.0
39786,342.0
39787,342.0
39788,342.0
39789,264.0
39790,264.0
39791,342.0
39792,342.0
39793,342.0
39794,342.0
39795,264.0
39796,264.0
39797,264.0
39798,342.0
39799,264.0
39800,264.0
39801,264.0
39802,264.0
39803,264.0
39804,264.0
39805,186.0
39806,342.0
39807,186.0
39808,186.0
39809,110.0
39810,0.0
39811,110.0
39812,186.0
39813,264.0
39814,264.0
39815,264.0
39816,264.0
39817,264.0
39818,110.0
39819,110.0
39820,186.0
39821,186.0
39822,264.0
39823,186.0
39824,186.0
39825,110.0
39826,264.0
39827,424.0
39828,264.0
39829,342.0
39830,264.0
39831,264.0
39832,264.0
39833,342.0
39834,264.0
39835,264.0
39836,264.0
39837,264.0
39838,186.0
39839,186.0
39840,186.0
39841,264.0
39842,264.0
39843,264.0
39844,342.0
39845,342.0
39846,424.0
39847,424.0
39848,506.0
39849,506.0
39850,506.0
39851,506.0
39852,424.0
39853,506.0
39854,424.0
39855,424.0
39856,424.0
39857,424.0
39858,424.0
39859,424.0
39860,424.0
39861,424.0
39862,342.0
39863,342.0
39864,424.0
39865,342.0
39866,424.0
39867,424.0
39868,506.0
39869,506.0
39870,506.0
39871,506.0
39872,506.0
39873,506.0
39874,424.0
39875,506.0
39876,506.0
39877,424.0
39878,342.0
39879,342.0
39880,342.0
39881,342.0
39882,264.0
39883,264.0
39884,186.0
39885,186.0
39886,186.0
39887,186.0
39888,110.0
39889,110.0
39890,110.0
39891,110.0
39892,110.0
39893,110.0
39894,110.0
39895,110.0
39896,110.0
39897,186.0
39898,55.0
39899,55.0
39900,110.0
39901,110.0
39902,110.0
39903,110.0
39904,55.0
39905,55.0
39906,55.0
39907,55.0
39908,55.0
39909,55.0
39910,55.0
39911,55.0
39912,0.0
39913,0.0
39914,0.0
39915,0.0
39916,0.0
39917,55.0
39918,0.0
39919,0.0
39920,0.0
39921,0.0
39922,0.0
39923,0.0
39924,0.0
39925,0.0
39926,0.0
39927,0.0
39928,0.0
39929,0.0
39930,0.0
39931,0.0
39932,0.0
39933,0.0
39934,0.0
39935,0.0
39936,0.0
39937,0.0
39938,0.0
39939,0.0
39940,0.0
39941,0.0
39942,0.0
39943,0.0
39944,0.0
39945,0.0
39946,0.0
39947,0.0
39948,0.0
39949,0.0
39950,0.0
39951,0.0
39952,0.0
39953,0.0
39954,0.0
39955,0.0
39956,0.0
39957,0.0
39958,0.0
39959,0.0
39960,0.0
39961,0.0
39962,0.0
39963,0.0
39964,0.0
39965,0.0
39966,0.0
39967,0.0
39968,0.0
39969,0.0
39970,0.0
39971,0.0
39972,0.0
39973,0.0
39974,0.0
39975,0.0
39976,0.0
39977,0.0
39978,0.0
39979,0.0
39980,0.0
39981,0.0
39982,0.0
39983,110.0
39984,110.0
39985,186.0
39986,186.0
39987,186.0
39988,186.0
39989,110.0
39990,186.0
39991,264.0
39992,264.0
39993,186.0
39994,110.0
39995,110.0
39996,110.0
39997,186.0
39998,186.0
39999,186.0
40000,110.0
40001,110.0
40002,55.0
40003,55.0
40004,110.0
40005,55.0
40006,55.0
40007,0.0
40008,0.0
40009,0.0
40010,0.0
40011,0.0
40012,0.0
40013,0.0
40014,0.0
40015,0.0
40016,55.0
40017,55.0
40018,55.0
40019,0.0
40020,55.0
40021,0.0
40022,0.0
40023,0.0
40024,0.0
40025,0.0
40026,0.0
40027,0.0
40028,0.0
40029,0.0
40030,0.0
40031,0.0
40032,0.0
40033,0.0
40034,0.0
40035,0.0
40036,0.0
40037,0.0
40038,0.0
40039,0.0
40040,55.0
40041,55.0
40042,110.0
40043,110.0
40044,55.0
40045,0.0
40046,0.0
40047,0.0
40048,0.0
40049,0.0
40050,0.0
40051,0.0
40052,0.0
40053,0.0
40054,0.0
40055,0.0
40056,0.0
40057,0.0
40058,0.0
40059,0.0
40060,0.0
40061,0.0
40062,0.0
40063,0.0
40064,0.0
40065,0.0
40066,0.0
40067,0.0
40068,0.0
40069,0.0
40070,0.0
40071,0.0
40072,0.0
40073,0.0
40074,0.0
40075,0.0
40076,0.0
40077,0.0
40078,0.0
40079,0.0
40080,0.0
40081,0.0
40082,0.0
40083,0.0
40084,0.0
40085,0.0
40086,0.0
40087,0.0
40088,0.0
40089,0.0
40090,0.0
40091,0.0
40092,0.0
40093,0.0
40094,0.0
40095,0.0
40096,0.0
40097,186.0
40098,264.0
40099,264.0
40100,186.0
40101,186.0
40102,186.0
40103,110.0
40104,186.0
40105,186.0
40106,186.0
40107,186.0
40108,186.0
40109,264.0
40110,264.0
40111,264.0
40112,264.0
40113,264.0
40114,264.0
40115,186.0
40116,186.0
40117,264.0
40118,264.0
40119,264.0
40120,264.0
40121,264.0
40122,264.0
40123,264.0
40124,264.0
40125,342.0
40126,342.0
40127,264.0
40128,264.0
40129,264.0
40130,342.0
40131,342.0
40132,424.0
40133,424.0
40134,424.0
40135,506.0
40136,424.0
40137,424.0
40138,342.0
40139,342.0
40140,342.0
40141,342.0
40142,424.0
40143,424.0
40144,424.0
40145,342.0
40146,424.0
40147,342.0
40148,264.0
40149,110.0
40150,110.0
40151,110.0
40152,110.0
40153,186.0
40154,264.0
40155,264.0
40156,264.0
40157,342.0
40158,342.0
40159,342.0
40160,342.0
40161,342.0
40162,342.0
40163,342.0
40164,342.0
40165,342.0
40166,506.0
40167,506.0
40168,424.0
40169,424.0
40170,424.0
40171,342.0
40172,342.0
40173,342.0
40174,342.0
40175,342.0
40176,342.0
40177,342.0
40178,342.0
40179,264.0
40180,110.0
40181,55.0
40182,186.0
40183,186.0
40184,186.0
40185,342.0
40186,424.0
40187,506.0
40188,424.0
40189,342.0
40190,424.0
40191,342.0
40192,342.0
40193,424.0
40194,186.0
40195,342.0
40196,424.0
40197,342.0
40198,342.0
40199,342.0
40200,264.0
40201,264.0
40202,264.0
40203,186.0
40204,264.0
40205,110.0
40206,264.0
40207,186.0
40208,186.0
40209,110.0
40210,186.0
40211,342.0
40212,264.0
40213,55.0
40214,110.0
40215,110.0
40216,264.0
40217,264.0
40218,264.0
40219,264.0
40220,342.0
40221,342.0
40222,264.0
40223,186.0
40224,110.0
40225,264.0
40226,264.0
40227,264.0
40228,264.0
40229,264.0
40230,264.0
40231,264.0
40232,264.0
40233,342.0
40234,342.0
40235,424.0
40236,424.0
40237,618.0
40238,618.0
40239,618.0
40240,730.0
40241,618.0
40242,618.0
40243,618.0
40244,618.0
40245,730.0
40246,730.0
40247,730.0
40248,506.0
40249,618.0
40250,506.0
40251,424.0
40252,424.0
40253,506.0
40254,506.0
40255,506.0
40256,424.0
40257,342.0
40258,424.0
40259,506.0
40260,506.0
40261,424.0
40262,424.0
40263,342.0
40264,424.0
40265,342.0
40266,342.0
40267,264.0
40268,264.0
40269,264.0
40270,264.0
40271,264.0
40272,264.0
40273,264.0
40274,264.0
40275,264.0
40276,264.0
40277,186.0
40278,264.0
40279,186.0
40280,186.0
40281,110.0
40282,186.0
40283,110.0
40284,186.0
40285,264.0
40286,342.0
40287,186.0
40288,186.0
40289,186.0
40290,264.0
40291,342.0
40292,424.0
40293,506.0
40294,506.0
40295,506.0
40296,506.0
40297,506.0
40298,506.0
40299,506.0
40300,506.0
40301,506.0
40302,506.0
40303,424.0
40304,424.0
40305,506.0
40306,424.0
40307,424.0
40308,424.0
40309,424.0
40310,342.0
40311,342.0
40312,424.0
40313,506.0
40314,618.0
40315,506.0
40316,506.0
40317,506.0
40318,424.0
40319,424.0
40320,424.0
40321,424.0
40322,424.0
40323,424.0
40324,342.0
40325,342.0
40326,264.0
40327,342.0
40328,506.0
40329,730.0
40330,730.0
40331,506.0
40332,618.0
40333,618.0
40334,506.0
40335,424.0
40336,424.0
40337,342.0
40338,342.0
40339,506.0
40340,424.0
40341,730.0
40342,506.0
40343,618.0
40344,730.0
40345,506.0
40346,730.0
40347,506.0
40348,506.0
40349,506.0
40350,730.0
40351,999.0
40352,506.0
40353,730.0
40354,506.0
40355,730.0
40356,618.0
40357,506.0
40358,506.0
40359,506.0
40360,506.0
40361,424.0
40362,342.0
40363,342.0
40364,424.0
40365,424.0
40366,506.0
40367,730.0
40368,618.0
40369,424.0
40370,506.0
40371,424.0
40372,424.0
40373,342.0
40374,342.0
40375,264.0
40376,342.0
40377,342.0
40378,506.0
40379,618.0
40380,618.0
40381,730.0
40382,618.0
40383,730.0
40384,618.0
40385,618.0
40386,865.0
40387,999.0
40388,1195.0
40389,865.0
40390,730.0
40391,618.0
40392,730.0
40393,730.0
40394,618.0
40395,506.0
40396,424.0
40397,618.0
40398,618.0
40399,506.0
40400,618.0
40401,506.0
40402,730.0
40403,506.0
40404,506.0
40405,424.0
40406,424.0
40407,424.0
40408,424.0
40409,342.0
40410,342.0
40411,264.0
40412,186.0
40413,186.0
40414,186.0
40415,264.0
40416,264.0
40417,264.0
40418,264.0
40419,264.0
40420,186.0
40421,264.0
40422,186.0
40423,186.0
40424,110.0
40425,110.0
40426,55.0
40427,0.0
40428,0.0
40429,0.0
40430,55.0
40431,55.0
40432,0.0
40433,0.0
40434,186.0
40435,110.0
40436,186.0
40437,186.0
40438,186.0
40439,186.0
40440,110.0
40441,110.0
40442,110.0
40443,55.0
40444,55.0
40445,55.0
40446,0.0
40447,55.0
40448,0.0
40449,0.0
40450,55.0
40451,55.0
40452,0.0
40453,55.0
40454,0.0
40455,0.0
40456,0.0
40457,0.0
40458,0.0
40459,0.0
40460,0.0
40461,0.0
40462,55.0
40463,0.0
40464,0.0
40465,0.0
40466,0.0
40467,0.0
40468,0.0
40469,0.0
40470,0.0
40471,0.0
40472,0.0
40473,0.0
40474,0.0
40475,0.0
40476,0.0
40477,0.0
40478,0.0
40479,0.0
40480,0.0
40481,0.0
40482,0.0
40483,0.0
40484,0.0
40485,55.0
40486,0.0
40487,0.0
40488,55.0
40489,0.0
40490,55.0
40491,55.0
40492,55.0
40493,55.0
40494,55.0
40495,186.0
40496,110.0
40497,55.0
40498,110.0
40499,55.0
40500,0.0
40501,0.0
40502,0.0
40503,0.0
40504,0.0
40505,55.0
40506,0.0
40507,55.0
40508,55.0
40509,0.0
40510,0.0
40511,55.0
40512,55.0
40513,186.0
40514,186.0
40515,110.0
40516,0.0
40517,0.0
40518,0.0
40519,0.0
40520,0.0
40521,110.0
40522,186.0
40523,186.0
40524,186.0
40525,186.0
40526,264.0
40527,264.0
40528,264.0
40529,342.0
40530,342.0
40531,424.0
40532,424.0
40533,506.0
40534,506.0
40535,506.0
40536,506.0
40537,506.0
40538,618.0
40539,506.0
40540,506.0
40541,618.0
40542,618.0
40543,618.0
40544,618.0
40545,730.0
40546,865.0
40547,999.0
40548,999.0
40549,999.0
40550,999.0
40551,999.0
40552,865.0
40553,865.0
40554,865.0
40555,865.0
40556,1195.0
40557,865.0
40558,865.0
40559,865.0
40560,1195.0
40561,730.0
40562,865.0
40563,865.0
40564,865.0
40565,730.0
40566,730.0
40567,618.0
40568,865.0
40569,730.0
40570,506.0
40571,424.0
40572,424.0
40573,618.0
40574,424.0
40575,264.0
40576,264.0
40577,264.0
40578,342.0
40579,424.0
40580,424.0
40581,506.0
40582,730.0
40583,618.0
40584,618.0
40585,618.0
40586,618.0
40587,730.0
40588,730.0
40589,730.0
40590,730.0
40591,618.0
40592,506.0
40593,506.0
40594,424.0
40595,506.0
40596,424.0
40597,342.0
40598,264.0
40599,264.0
40600,506.0
40601,506.0
40602,342.0
40603,186.0
40604,342.0
40605,424.0
40606,342.0
40607,506.0
40608,506.0
40609,424.0
40610,424.0
40611,618.0
40612,506.0
40613,506.0
40614,424.0
40615,264.0
40616,424.0
40617,424.0
40618,342.0
40619,424.0
40620,342.0
40621,424.0
40622,342.0
40623,264.0
40624,264.0
40625,186.0
40626,186.0
40627,264.0
40628,264.0
40629,110.0
40630,110.0
40631,55.0
40632,55.0
40633,55.0
40634,55.0
40635,110.0
40636,186.0
40637,186.0
40638,110.0
40639,186.0
40640,264.0
40641,264.0
40642,186.0
40643,55.0
40644,110.0
40645,55.0
40646,0.0
40647,0.0
40648,0.0
40649,0.0
40650,0.0
40651,55.0
40652,0.0
40653,0.0
40654,0.0
40655,0.0
40656,0.0
40657,0.0
40658,0.0
40659,0.0
40660,0.0
40661,0.0
40662,264.0
40663,264.0
40664,186.0
40665,186.0
40666,186.0
40667,186.0
40668,186.0
40669,186.0
40670,110.0
40671,110.0
40672,186.0
40673,110.0
40674,55.0
40675,0.0
40676,55.0
40677,110.0
40678,110.0
40679,110.0
40680,110.0
40681,110.0
40682,110.0
40683,186.0
40684,186.0
40685,264.0
40686,264.0
40687,264.0
40688,264.0
40689,264.0
40690,264.0
40691,264.0
40692,424.0
40693,424.0
40694,342.0
40695,342.0
40696,424.0
40697,424.0
40698,424.0
40699,424.0
40700,424.0
40701,342.0
40702,342.0
40703,424.0
40704,342.0
40705,342.0
40706,264.0
40707,264.0
40708,264.0
40709,424.0
40710,506.0
40711,424.0
40712,424.0
40713,342.0
40714,424.0
40715,424.0
40716,424.0
40717,424.0
40718,506.0
40719,506.0
40720,618.0
40721,618.0
40722,730.0
40723,618.0
40724,506.0
40725,506.0
40726,424.0
40727,424.0
40728,424.0
40729,424.0
40730,342.0
40731,424.0
40732,506.0
40733,506.0
40734,506.0
40735,424.0
40736,342.0
40737,342.0
40738,424.0
40739,424.0
40740,424.0
40741,506.0
40742,618.0
40743,730.0
40744,618.0
40745,424.0
40746,424.0
40747,506.0
40748,506.0
40749,618.0
40750,730.0
40751,730.0
40752,730.0
40753,730.0
40754,618.0
40755,999.0
40756,865.0
40757,618.0
40758,424.0
40759,342.0
40760,424.0
40761,264.0
40762,264.0
40763,264.0
40764,264.0
40765,264.0
40766,264.0
40767,342.0
40768,264.0
40769,342.0
40770,342.0
40771,264.0
40772,264.0
40773,264.0
40774,342.0
40775,342.0
40776,264.0
40777,342.0
40778,186.0
40779,342.0
40780,506.0
40781,342.0
40782,424.0
40783,342.0
40784,264.0
40785,264.0
40786,264.0
40787,264.0
40788,264.0
40789,186.0
40790,264.0
40791,264.0
40792,342.0
40793,342.0
40794,264.0
40795,264.0
40796,264.0
40797,186.0
40798,186.0
40799,264.0
40800,264.0
40801,342.0
40802,342.0
40803,342.0
40804,424.0
40805,342.0
40806,342.0
40807,342.0
40808,342.0
40809,424.0
40810,424.0
40811,424.0
40812,424.0
40813,506.0
40814,618.0
40815,618.0
40816,618.0
40817,618.0
40818,618.0
40819,506.0
40820,506.0
40821,506.0
40822,506.0
40823,506.0
40824,618.0
40825,618.0
40826,618.0
40827,730.0
40828,730.0
40829,730.0
40830,730.0
40831,730.0
40832,618.0
40833,730.0
40834,618.0
40835,618.0
40836,730.0
40837,618.0
40838,618.0
40839,730.0
40840,730.0
40841,730.0
40842,999.0
40843,730.0
40844,865.0
40845,730.0
40846,506.0
40847,506.0
40848,730.0
40849,865.0
40850,865.0
40851,730.0
40852,1195.0
40853,999.0
40854,999.0
40855,618.0
40856,424.0
40857,506.0
40858,424.0
40859,506.0
40860,506.0
40861,506.0
40862,506.0
40863,342.0
40864,424.0
40865,506.0
40866,424.0
40867,424.0
40868,506.0
40869,506.0
40870,424.0
40871,618.0
40872,618.0
40873,618.0
40874,730.0
40875,999.0
40876,1195.0
40877,1391.0
40878,1195.0
40879,999.0
40880,865.0
40881,865.0
40882,618.0
40883,730.0
40884,865.0
40885,999.0
40886,1195.0
40887,1195.0
40888,1195.0
40889,1391.0
40890,1391.0
40891,1391.0
40892,999.0
40893,1724.0
40894,865.0
40895,1724.0
40896,999.0
40897,1195.0
40898,999.0
40899,730.0
40900,618.0
40901,618.0
40902,618.0
40903,865.0
40904,730.0
40905,730.0
40906,618.0
40907,730.0
40908,618.0
40909,506.0
40910,506.0
40911,506.0
40912,424.0
40913,424.0
40914,618.0
40915,506.0
40916,424.0
40917,506.0
40918,506.0
40919,506.0
40920,424.0
40921,424.0
40922,506.0
40923,618.0
40924,865.0
40925,618.0
40926,424.0
40927,730.0
40928,618.0
40929,506.0
40930,506.0
40931,506.0
40932,342.0
40933,506.0
40934,424.0
40935,730.0
40936,618.0
40937,424.0
40938,506.0
40939,506.0
40940,506.0
40941,424.0
40942,424.0
40943,506.0
40944,506.0
40945,424.0
40946,424.0
40947,424.0
40948,342.0
40949,342.0
40950,342.0
40951,342.0
40952,264.0
40953,342.0
40954,424.0
40955,342.0
40956,342.0
40957,342.0
40958,342.0
40959,342.0
40960,342.0
40961,264.0
40962,342.0
40963,342.0
40964,342.0
40965,342.0
40966,342.0
40967,342.0
40968,424.0
40969,424.0
40970,506.0
40971,506.0
40972,424.0
40973,506.0
40974,506.0
40975,506.0
40976,506.0
40977,730.0
40978,618.0
40979,730.0
40980,730.0
40981,506.0
40982,618.0
40983,506.0
40984,618.0
40985,618.0
40986,506.0
40987,618.0
40988,506.0
40989,506.0
40990,506.0
40991,506.0
40992,506.0
40993,618.0
40994,618.0
40995,618.0
40996,424.0
40997,424.0
40998,424.0
40999,506.0
41000,424.0
41001,424.0
41002,424.0
41003,342.0
41004,342.0
41005,342.0
41006,424.0
41007,506.0
41008,506.0
41009,618.0
41010,506.0
41011,506.0
41012,342.0
41013,342.0
41014,342.0
41015,424.0
41016,424.0
41017,506.0
41018,506.0
41019,506.0
41020,506.0
41021,506.0
41022,730.0
41023,506.0
41024,506.0
41025,506.0
41026,506.0
41027,730.0
41028,730.0
41029,730.0
41030,618.0
41031,424.0
41032,506.0
41033,506.0
41034,424.0
41035,506.0
41036,730.0
41037,865.0
41038,730.0
41039,506.0
41040,506.0
41041,506.0
41042,506.0
41043,618.0
41044,730.0
41045,506.0
41046,506.0
41047,506.0
41048,618.0
41049,730.0
41050,865.0
41051,1195.0
41052,865.0
41053,618.0
41054,618.0
41055,618.0
41056,506.0
41057,264.0
41058,186.0
41059,186.0
41060,424.0
41061,1391.0
41062,1391.0
41063,999.0
41064,1391.0
41065,1558.0
41066,1391.0
41067,1195.0
41068,999.0
41069,999.0
41070,618.0
41071,618.0
41072,618.0
41073,506.0
41074,424.0
41075,424.0
41076,424.0
41077,342.0
41078,424.0
41079,506.0
41080,506.0
41081,730.0
41082,999.0
41083,1391.0
41084,999.0
41085,506.0
41086,424.0
41087,506.0
41088,506.0
41089,424.0
41090,506.0
41091,506.0
41092,506.0
41093,506.0
41094,618.0
41095,506.0
41096,618.0
41097,424.0
41098,342.0
41099,424.0
41100,424.0
41101,618.0
41102,618.0
41103,424.0
41104,506.0
41105,730.0
41106,730.0
41107,1195.0
41108,865.0
41109,730.0
41110,424.0
41111,342.0
41112,342.0
41113,342.0
41114,999.0
41115,1558.0
41116,1195.0
41117,506.0
41118,424.0
41119,506.0
41120,618.0
41121,618.0
41122,999.0
41123,1195.0
41124,1195.0
41125,1558.0
41126,1195.0
41127,1195.0
41128,1391.0
41129,1195.0
41130,999.0
41131,999.0
41132,1195.0
41133,1195.0
41134,1195.0
41135,865.0
41136,999.0
41137,999.0
41138,730.0
41139,999.0
41140,999.0
41141,865.0
41142,999.0
41143,865.0
41144,730.0
41145,865.0
41146,1195.0
41147,999.0
41148,999.0
41149,1558.0
41150,1558.0
41151,1391.0
41152,1558.0
41153,1391.0
41154,1391.0
41155,1195.0
41156,1391.0
41157,1558.0
41158,1558.0
41159,1391.0
41160,1558.0
41161,1558.0
41162,1558.0
41163,1558.0
41164,1391.0
41165,1391.0
41166,1558.0
41167,1558.0
41168,1558.0
41169,1391.0
41170,1558.0
41171,1558.0
41172,1724.0
41173,1195.0
41174,1558.0
41175,1558.0
41176,1558.0
41177,1724.0
41178,1558.0
41179,1724.0
41180,1195.0
41181,1391.0
41182,1558.0
41183,1391.0
41184,1391.0
41185,999.0
41186,1195.0
41187,1195.0
41188,1195.0
41189,1195.0
41190,999.0
41191,999.0
41192,999.0
41193,865.0
41194,999.0
41195,1195.0
41196,999.0
41197,1195.0
41198,1391.0
41199,999.0
41200,999.0
41201,865.0
41202,999.0
41203,1195.0
41204,730.0
41205,618.0
41206,618.0
41207,865.0
41208,865.0
41209,506.0
41210,424.0
41211,264.0
41212,865.0
41213,506.0
41214,506.0
41215,730.0
41216,730.0
41217,618.0
41218,618.0
41219,618.0
41220,506.0
41221,342.0
41222,424.0
41223,424.0
41224,424.0
41225,264.0
41226,1558.0
41227,342.0
41228,264.0
41229,342.0
41230,342.0
41231,342.0
41232,424.0
41233,506.0
41234,424.0
41235,424.0
41236,424.0
41237,264.0
41238,186.0
41239,342.0
41240,506.0
41241,506.0
41242,506.0
41243,506.0
41244,424.0
41245,424.0
41246,424.0
41247,424.0
41248,342.0
41249,342.0
41250,506.0
41251,618.0
41252,506.0
41253,424.0
41254,424.0
41255,424.0
41256,342.0
41257,424.0
41258,424.0
41259,424.0
41260,424.0
41261,424.0
41262,424.0
41263,424.0
41264,342.0
41265,424.0
41266,342.0
41267,264.0
41268,424.0
41269,730.0
41270,618.0
41271,506.0
41272,506.0
41273,342.0
41274,264.0
41275,186.0
41276,186.0
41277,186.0
41278,342.0
41279,342.0
41280,342.0
41281,264.0
41282,264.0
41283,264.0
41284,186.0
41285,264.0
41286,264.0
41287,186.0
41288,186.0
41289,186.0
41290,264.0
41291,342.0
41292,264.0
41293,264.0
41294,264.0
41295,186.0
41296,186.0
41297,264.0
41298,264.0
41299,186.0
41300,264.0
41301,342.0
41302,424.0
41303,424.0
41304,342.0
41305,264.0
41306,264.0
41307,342.0
41308,264.0
41309,264.0
41310,186.0
41311,186.0
41312,110.0
41313,110.0
41314,186.0
41315,186.0
41316,186.0
41317,186.0
41318,110.0
41319,55.0
41320,186.0
41321,186.0
41322,264.0
41323,110.0
41324,110.0
41325,264.0
41326,264.0
41327,110.0
41328,264.0
41329,110.0
41330,186.0
41331,55.0
41332,110.0
41333,0.0
41334,186.0
41335,110.0
41336,110.0
41337,264.0
41338,186.0
41339,264.0
41340,186.0
41341,264.0
41342,186.0
41343,110.0
41344,186.0
41345,186.0
41346,55.0
41347,264.0
41348,264.0
41349,342.0
41350,342.0
41351,342.0
41352,342.0
41353,342.0
41354,342.0
41355,342.0
41356,264.0
41357,264.0
41358,264.0
41359,186.0
41360,264.0
41361,110.0
41362,110.0
41363,186.0
41364,110.0
41365,110.0
41366,264.0
41367,264.0
41368,186.0
41369,264.0
41370,342.0
41371,424.0
41372,342.0
41373,342.0
41374,342.0
41375,342.0
41376,342.0
41377,342.0
41378,424.0
41379,506.0
41380,506.0
41381,424.0
41382,264.0
41383,264.0
41384,264.0
41385,264.0
41386,264.0
41387,264.0
41388,342.0
41389,342.0
41390,264.0
41391,264.0
41392,342.0
41393,342.0
41394,342.0
41395,342.0
41396,264.0
41397,342.0
41398,264.0
41399,342.0
41400,264.0
41401,186.0
41402,186.0
41403,186.0
41404,186.0
41405,186.0
41406,186.0
41407,264.0
41408,264.0
41409,264.0
41410,342.0
41411,342.0
41412,342.0
41413,342.0
41414,264.0
41415,264.0
41416,342.0
41417,342.0
41418,186.0
41419,186.0
41420,264.0
41421,186.0
41422,264.0
41423,186.0
41424,186.0
41425,264.0
41426,186.0
41427,264.0
41428,186.0
41429,264.0
41430,186.0
41431,186.0
41432,186.0
41433,186.0
41434,186.0
41435,186.0
41436,110.0
41437,186.0
41438,186.0
41439,110.0
41440,110.0
41441,110.0
41442,186.0
41443,264.0
41444,186.0
41445,186.0
41446,264.0
41447,186.0
41448,264.0
41449,342.0
41450,342.0
41451,264.0
41452,264.0
41453,264.0
41454,342.0
41455,264.0
41456,264.0
41457,264.0
41458,186.0
41459,186.0
41460,186.0
41461,110.0
41462,264.0
41463,342.0
41464,264.0
41465,264.0
41466,186.0
41467,264.0
41468,186.0
41469,186.0
41470,186.0
41471,264.0
41472,186.0
41473,264.0
41474,186.0
41475,110.0
41476,110.0
41477,186.0
41478,186.0
41479,186.0
41480,264.0
41481,110.0
41482,186.0
41483,186.0
41484,186.0
41485,264.0
41486,264.0
41487,264.0
41488,186.0
41489,110.0
41490,110.0
41491,110.0
41492,186.0
41493,186.0
41494,186.0
41495,186.0
41496,186.0
41497,342.0
41498,264.0
41499,264.0
41500,186.0
41501,186.0
41502,342.0
41503,264.0
41504,186.0
41505,186.0
41506,186.0
41507,264.0
41508,186.0
41509,186.0
41510,186.0
41511,110.0
41512,186.0
41513,186.0
41514,186.0
41515,186.0
41516,186.0
41517,264.0
41518,186.0
41519,110.0
41520,264.0
41521,264.0
41522,264.0
41523,264.0
41524,264.0
41525,186.0
41526,264.0
41527,264.0
41528,186.0
41529,186.0
41530,186.0
41531,110.0
41532,186.0
41533,110.0
41534,186.0
41535,186.0
41536,186.0
41537,264.0
41538,264.0
41539,186.0
41540,110.0
41541,186.0
41542,186.0
41543,110.0
41544,110.0
41545,110.0
41546,55.0
41547,0.0
41548,55.0
41549,110.0
41550,110.0
41551,110.0
41552,110.0
41553,110.0
41554,110.0
41555,186.0
41556,110.0
41557,186.0
41558,110.0
41559,110.0
41560,110.0
41561,110.0
41562,110.0
41563,110.0
41564,110.0
41565,186.0
41566,186.0
41567,0.0
41568,0.0
41569,55.0
41570,0.0
41571,0.0
41572,0.0
41573,0.0
41574,0.0
41575,55.0
41576,55.0
41577,110.0
41578,110.0
41579,110.0
41580,55.0
41581,110.0
41582,186.0
41583,186.0
41584,110.0
41585,110.0
41586,186.0
41587,110.0
41588,110.0
41589,55.0
41590,110.0
41591,110.0
41592,186.0
41593,110.0
41594,186.0
41595,0.0
41596,55.0
41597,55.0
41598,55.0
41599,0.0
41600,0.0
41601,0.0
41602,0.0
41603,55.0
41604,186.0
41605,110.0
41606,110.0
41607,110.0
41608,55.0
41609,110.0
41610,186.0
41611,55.0
41612,110.0
41613,110.0
41614,186.0
41615,186.0
41616,110.0
41617,186.0
41618,186.0
41619,186.0
41620,110.0
41621,55.0
41622,110.0
41623,110.0
41624,110.0
41625,186.0
41626,110.0
41627,55.0
41628,110.0
41629,55.0
41630,0.0
41631,110.0
41632,55.0
41633,110.0
41634,110.0
41635,0.0
41636,0.0
41637,0.0
41638,0.0
41639,0.0
41640,0.0
41641,0.0
41642,55.0
41643,55.0
41644,55.0
41645,55.0
41646,55.0
41647,55.0
41648,0.0
41649,55.0
41650,55.0
41651,110.0
41652,110.0
41653,110.0
41654,110.0
41655,55.0
41656,0.0
41657,0.0
41658,0.0
41659,0.0
41660,0.0
41661,0.0
41662,0.0
41663,0.0
41664,55.0
41665,0.0
41666,0.0
41667,0.0
41668,0.0
41669,0.0
41670,0.0
41671,0.0
41672,0.0
41673,0.0
41674,0.0
41675,0.0
41676,0.0
41677,0.0
41678,0.0
41679,0.0
41680,0.0
41681,0.0
41682,0.0
41683,0.0
41684,0.0
41685,0.0
41686,0.0
41687,0.0
41688,0.0
41689,0.0
41690,0.0
41691,0.0
41692,0.0
41693,0.0
41694,0.0
41695,0.0
41696,0.0
41697,55.0
41698,186.0
41699,186.0
41700,186.0
41701,264.0
41702,186.0
41703,110.0
41704,264.0
41705,264.0
41706,264.0
41707,186.0
41708,186.0
41709,110.0
41710,55.0
41711,110.0
41712,110.0
41713,186.0
41714,110.0
41715,110.0
41716,186.0
41717,342.0
41718,264.0
41719,342.0
41720,186.0
41721,186.0
41722,186.0
41723,186.0
41724,186.0
41725,264.0
41726,264.0
41727,110.0
41728,110.0
41729,110.0
41730,110.0
41731,110.0
41732,110.0
41733,110.0
41734,0.0
41735,0.0
41736,0.0
41737,0.0
41738,110.0
41739,186.0
41740,55.0
41741,0.0
41742,0.0
41743,0.0
41744,0.0
41745,0.0
41746,0.0
41747,0.0
41748,0.0
41749,0.0
41750,0.0
41751,0.0
41752,0.0
41753,0.0
41754,0.0
41755,0.0
41756,0.0
41757,0.0
41758,0.0
41759,0.0
41760,0.0
41761,0.0
41762,0.0
41763,0.0
41764,0.0
41765,0.0
41766,0.0
41767,0.0
41768,0.0
41769,0.0
41770,0.0
41771,0.0
41772,0.0
41773,0.0
41774,0.0
41775,0.0
41776,0.0
41777,0.0
41778,0.0
41779,0.0
41780,0.0
41781,0.0
41782,0.0
41783,0.0
41784,0.0
41785,0.0
41786,0.0
41787,55.0
41788,186.0
41789,186.0
41790,110.0
41791,110.0
41792,110.0
41793,110.0
41794,186.0
41795,186.0
41796,264.0
41797,264.0
41798,264.0
41799,264.0
41800,186.0
41801,55.0
41802,0.0
41803,186.0
41804,110.0
41805,186.0
41806,186.0
41807,186.0
41808,186.0
41809,264.0
41810,264.0
41811,342.0
41812,506.0
41813,424.0
41814,342.0
41815,424.0
41816,618.0
41817,730.0
41818,506.0
41819,424.0
41820,424.0
41821,342.0
41822,264.0
41823,264.0
41824,264.0
41825,264.0
41826,186.0
41827,264.0
41828,342.0
41829,342.0
41830,264.0
41831,342.0
41832,264.0
41833,264.0
41834,342.0
41835,342.0
41836,264.0
41837,424.0
41838,264.0
41839,186.0
41840,110.0
41841,55.0
41842,110.0
41843,186.0
41844,186.0
41845,186.0
41846,264.0
41847,264.0
41848,264.0
41849,186.0
41850,424.0
41851,264.0
41852,264.0
41853,264.0
41854,186.0
41855,186.0
41856,264.0
41857,342.0
41858,342.0
41859,186.0
41860,186.0
41861,110.0
41862,186.0
41863,186.0
41864,110.0
41865,110.0
41866,186.0
41867,264.0
41868,424.0
41869,342.0
41870,264.0
41871,424.0
41872,264.0
41873,342.0
41874,110.0
41875,186.0
41876,264.0
41877,264.0
41878,264.0
41879,506.0
41880,264.0
41881,342.0
41882,110.0
41883,264.0
41884,506.0
41885,424.0
41886,186.0
41887,186.0
41888,264.0
41889,342.0
41890,264.0
41891,264.0
41892,424.0
41893,110.0
41894,186.0
41895,342.0
41896,342.0
41897,264.0
41898,186.0
41899,264.0
41900,342.0
41901,264.0
41902,424.0
41903,342.0
41904,342.0
41905,342.0
41906,424.0
41907,424.0
41908,424.0
41909,506.0
41910,506.0
41911,506.0
41912,506.0
41913,506.0
41914,424.0
41915,424.0
41916,342.0
41917,424.0
41918,342.0
41919,264.0
41920,264.0
41921,342.0
41922,264.0
41923,264.0
41924,342.0
41925,342.0
41926,506.0
41927,506.0
41928,424.0
41929,424.0
41930,342.0
41931,424.0
41932,342.0
41933,506.0
41934,424.0
41935,506.0
41936,618.0
41937,618.0
41938,506.0
41939,424.0
41940,424.0
41941,424.0
41942,424.0
41943,424.0
41944,506.0
41945,424.0
41946,342.0
41947,264.0
41948,264.0
41949,342.0
41950,264.0
41951,264.0
41952,186.0
41953,186.0
41954,186.0
41955,186.0
41956,110.0
41957,110.0
41958,55.0
41959,110.0
41960,110.0
41961,55.0
41962,55.0
41963,55.0
41964,0.0
41965,0.0
41966,0.0
41967,0.0
41968,0.0
41969,0.0
41970,0.0
41971,0.0
41972,0.0
41973,0.0
41974,0.0
41975,0.0
41976,0.0
41977,0.0
41978,0.0
41979,264.0
41980,424.0
41981,264.0
41982,264.0
41983,264.0
41984,186.0
41985,186.0
41986,264.0
41987,342.0
41988,424.0
41989,342.0
41990,264.0
41991,186.0
41992,110.0
41993,110.0
41994,264.0
41995,264.0
41996,186.0
41997,264.0
41998,186.0
41999,186.0
42000,264.0
42001,186.0
42002,264.0
42003,264.0
42004,424.0
42005,424.0
42006,506.0
42007,506.0
42008,342.0
42009,424.0
42010,264.0
42011,342.0
42012,506.0
42013,424.0
42014,618.0
42015,506.0
42016,618.0
42017,618.0
42018,730.0
42019,618.0
42020,506.0
42021,506.0
42022,506.0
42023,506.0
42024,506.0
42025,618.0
42026,618.0
42027,424.0
42028,424.0
42029,424.0
42030,618.0
42031,618.0
42032,506.0
42033,342.0
42034,342.0
42035,506.0
42036,506.0
42037,618.0
42038,506.0
42039,424.0
42040,618.0
42041,865.0
42042,730.0
42043,730.0
42044,618.0
42045,618.0
42046,618.0
42047,506.0
42048,424.0
42049,506.0
42050,342.0
42051,506.0
42052,506.0
42053,506.0
42054,506.0
42055,424.0
42056,424.0
42057,424.0
42058,424.0
42059,506.0
42060,506.0
42061,506.0
42062,730.0
42063,730.0
42064,730.0
42065,999.0
42066,999.0
42067,999.0
42068,1195.0
42069,1391.0
42070,1558.0
42071,1558.0
42072,1724.0
42073,1828.0
42074,1558.0
42075,1558.0
42076,1391.0
42077,999.0
42078,730.0
42079,865.0
42080,618.0
42081,618.0
42082,506.0
42083,730.0
42084,730.0
42085,618.0
42086,730.0
42087,730.0
42088,730.0
42089,865.0
42090,730.0
42091,730.0
42092,730.0
42093,730.0
42094,865.0
42095,865.0
42096,999.0
42097,865.0
42098,865.0
42099,999.0
42100,1828.0
42101,1558.0
42102,1391.0
42103,1391.0
42104,1724.0
42105,1558.0
42106,1828.0
42107,1724.0
42108,1724.0
42109,1391.0
42110,1391.0
42111,1391.0
42112,1558.0
42113,865.0
42114,865.0
42115,865.0
42116,999.0
42117,1195.0
42118,999.0
42119,1195.0
42120,1195.0
42121,1195.0
42122,1391.0
42123,999.0
42124,1724.0
42125,1558.0
42126,1558.0
42127,1558.0
42128,1558.0
42129,1391.0
42130,1391.0
42131,1391.0
42132,1195.0
42133,1195.0
42134,1195.0
42135,1391.0
42136,1195.0
42137,1558.0
42138,865.0
42139,1195.0
42140,1391.0
42141,865.0
42142,865.0
42143,999.0
42144,730.0
42145,1195.0
42146,730.0
42147,865.0
42148,865.0
42149,618.0
42150,730.0
42151,865.0
42152,865.0
42153,865.0
42154,865.0
42155,730.0
42156,730.0
42157,865.0
42158,730.0
42159,730.0
42160,730.0
42161,506.0
42162,506.0
42163,506.0
42164,342.0
42165,264.0
42166,264.0
42167,186.0
42168,110.0
42169,186.0
42170,264.0
42171,264.0
42172,264.0
42173,264.0
42174,110.0
42175,186.0
42176,110.0
42177,55.0
42178,0.0
42179,264.0
42180,264.0
42181,424.0
42182,506.0
42183,264.0
42184,264.0
42185,186.0
42186,186.0
42187,110.0
42188,110.0
42189,110.0
42190,55.0
42191,110.0
42192,186.0
42193,264.0
42194,186.0
42195,110.0
42196,264.0
42197,186.0
42198,264.0
42199,186.0
42200,264.0
42201,342.0
42202,424.0
42203,424.0
42204,730.0
42205,865.0
42206,865.0
42207,730.0
42208,865.0
42209,730.0
42210,730.0
42211,730.0
42212,618.0
42213,506.0
42214,424.0
42215,342.0
42216,342.0
42217,342.0
42218,264.0
42219,264.0
42220,342.0
42221,342.0
42222,342.0
42223,264.0
42224,264.0
42225,264.0
42226,264.0
42227,264.0
42228,264.0
42229,342.0
42230,342.0
42231,342.0
42232,342.0
42233,264.0
42234,342.0
42235,342.0
42236,342.0
42237,264.0
42238,264.0
42239,342.0
42240,342.0
42241,342.0
42242,424.0
42243,342.0
42244,342.0
42245,342.0
42246,342.0
42247,186.0
42248,264.0
42249,186.0
42250,110.0
42251,186.0
42252,186.0
42253,264.0
42254,342.0
42255,264.0
42256,342.0
42257,342.0
42258,424.0
42259,424.0
42260,424.0
42261,506.0
42262,424.0
42263,424.0
42264,424.0
42265,342.0
42266,264.0
42267,264.0
42268,264.0
42269,264.0
42270,110.0
42271,55.0
42272,55.0
42273,55.0
42274,186.0
42275,186.0
42276,186.0
42277,110.0
42278,55.0
42279,0.0
42280,0.0
42281,55.0
42282,0.0
42283,110.0
42284,186.0
42285,55.0
42286,0.0
42287,0.0
42288,0.0
42289,264.0
42290,186.0
42291,186.0
42292,110.0
42293,186.0
42294,110.0
42295,186.0
42296,110.0
42297,186.0
42298,186.0
42299,110.0
42300,186.0
42301,342.0
42302,264.0
42303,110.0
42304,186.0
42305,186.0
42306,264.0
42307,186.0
42308,264.0
42309,186.0
42310,110.0
42311,186.0
42312,186.0
42313,186.0
42314,186.0
42315,110.0
42316,110.0
42317,110.0
42318,55.0
42319,110.0
42320,110.0
42321,55.0
42322,0.0
42323,0.0
42324,186.0
42325,342.0
42326,342.0
42327,264.0
42328,342.0
42329,264.0
42330,264.0
42331,264.0
42332,264.0
42333,342.0
42334,264.0
42335,186.0
42336,264.0
42337,264.0
42338,186.0
42339,186.0
42340,264.0
42341,264.0
42342,186.0
42343,186.0
42344,186.0
42345,186.0
42346,110.0
42347,110.0
42348,110.0
42349,55.0
42350,55.0
42351,55.0
42352,55.0
42353,110.0
42354,55.0
42355,110.0
42356,110.0
42357,110.0
42358,55.0
42359,110.0
42360,110.0
42361,186.0
42362,110.0
42363,186.0
42364,186.0
42365,110.0
42366,110.0
42367,110.0
42368,186.0
42369,186.0
42370,264.0
42371,264.0
42372,186.0
42373,186.0
42374,264.0
42375,264.0
42376,264.0
42377,264.0
42378,186.0
42379,186.0
42380,264.0
42381,264.0
42382,264.0
42383,264.0
42384,264.0
42385,264.0
42386,264.0
42387,264.0
42388,264.0
42389,264.0
42390,264.0
42391,342.0
42392,186.0
42393,186.0
42394,186.0
42395,186.0
42396,186.0
42397,186.0
42398,264.0
42399,264.0
42400,186.0
42401,186.0
42402,264.0
42403,264.0
42404,264.0
42405,264.0
42406,264.0
42407,264.0
42408,186.0
42409,110.0
42410,186.0
42411,186.0
42412,186.0
42413,264.0
42414,186.0
42415,186.0
42416,110.0
42417,110.0
42418,110.0
42419,110.0
42420,110.0
42421,110.0
42422,110.0
42423,110.0
42424,110.0
42425,55.0
42426,55.0
42427,55.0
42428,55.0
42429,0.0
42430,0.0
42431,0.0
42432,0.0
42433,0.0
42434,0.0
42435,0.0
42436,0.0
42437,0.0
42438,55.0
42439,110.0
42440,55.0
42441,0.0
42442,0.0
42443,0.0
42444,0.0
42445,55.0
42446,0.0
42447,55.0
42448,0.0
42449,0.0
42450,0.0
42451,0.0
42452,0.0
42453,0.0
42454,0.0
42455,0.0
42456,0.0
42457,0.0
42458,0.0
42459,0.0
42460,0.0
42461,0.0
42462,0.0
42463,0.0
42464,0.0
42465,0.0
42466,0.0
42467,0.0
42468,0.0
42469,0.0
42470,0.0
42471,0.0
42472,0.0
42473,0.0
42474,0.0
42475,0.0
42476,0.0
42477,0.0
42478,0.0
42479,0.0
42480,0.0
42481,0.0
42482,0.0
42483,0.0
42484,0.0
42485,0.0
42486,0.0
42487,0.0
42488,0.0
42489,0.0
42490,0.0
42491,0.0
42492,0.0
42493,0.0
42494,0.0
42495,0.0
42496,0.0
42497,0.0
42498,0.0
42499,0.0
42500,0.0
42501,0.0
42502,0.0
42503,0.0
42504,0.0
42505,0.0
42506,0.0
42507,0.0
42508,0.0
42509,0.0
42510,55.0
42511,55.0
42512,110.0
42513,110.0
42514,55.0
42515,0.0
42516,0.0
42517,0.0
42518,0.0
42519,0.0
42520,55.0
42521,55.0
42522,55.0
42523,0.0
42524,55.0
42525,110.0
42526,110.0
42527,110.0
42528,55.0
42529,110.0
42530,110.0
42531,55.0
42532,55.0
42533,55.0
42534,55.0
42535,55.0
42536,55.0
42537,110.0
42538,110.0
42539,186.0
42540,0.0
42541,0.0
42542,0.0
42543,0.0
42544,0.0
42545,0.0
42546,110.0
42547,0.0
42548,0.0
42549,0.0
42550,0.0
42551,0.0
42552,0.0
42553,0.0
42554,0.0
42555,0.0
42556,0.0
42557,0.0
42558,0.0
42559,0.0
42560,0.0
42561,0.0
42562,0.0
42563,0.0
42564,0.0
42565,0.0
42566,0.0
42567,0.0
42568,0.0
42569,0.0
42570,0.0
42571,0.0
42572,0.0
42573,0.0
42574,0.0
42575,0.0
42576,0.0
42577,0.0
42578,0.0
42579,0.0
42580,0.0
42581,0.0
42582,0.0
42583,0.0
42584,0.0
42585,0.0
42586,0.0
42587,0.0
42588,0.0
42589,0.0
42590,0.0
42591,0.0
42592,0.0
42593,0.0
42594,0.0
42595,0.0
42596,0.0
42597,0.0
42598,186.0
42599,342.0
42600,264.0
42601,186.0
42602,186.0
42603,186.0
42604,264.0
42605,264.0
42606,264.0
42607,186.0
42608,342.0
42609,186.0
42610,186.0
42611,264.0
42612,342.0
42613,424.0
42614,424.0
42615,424.0
42616,424.0
42617,506.0
42618,618.0
42619,506.0
42620,618.0
42621,618.0
42622,506.0
42623,865.0
42624,618.0
42625,999.0
42626,1195.0
42627,865.0
42628,730.0
42629,506.0
42630,730.0
42631,730.0
42632,999.0
42633,865.0
42634,865.0
42635,865.0
42636,730.0
42637,506.0
42638,424.0
42639,424.0
42640,424.0
42641,506.0
42642,618.0
42643,506.0
42644,342.0
42645,424.0
42646,506.0
42647,506.0
42648,618.0
42649,506.0
42650,618.0
42651,618.0
42652,618.0
42653,618.0
42654,506.0
42655,618.0
42656,506.0
42657,618.0
42658,618.0
42659,618.0
42660,618.0
42661,618.0
42662,506.0
42663,506.0
42664,424.0
42665,506.0
42666,506.0
42667,506.0
42668,424.0
42669,618.0
42670,730.0
42671,618.0
42672,730.0
42673,618.0
42674,618.0
42675,730.0
42676,506.0
42677,618.0
42678,506.0
42679,506.0
42680,618.0
42681,730.0
42682,618.0
42683,618.0
42684,618.0
42685,730.0
42686,506.0
42687,506.0
42688,424.0
42689,506.0
42690,506.0
42691,618.0
42692,618.0
42693,618.0
42694,506.0
42695,424.0
42696,424.0
42697,506.0
42698,424.0
42699,264.0
42700,342.0
42701,342.0
42702,424.0
42703,342.0
42704,506.0
42705,424.0
42706,342.0
42707,342.0
42708,424.0
42709,618.0
42710,424.0
42711,506.0
42712,424.0
42713,506.0
42714,618.0
42715,618.0
42716,424.0
42717,264.0
42718,186.0
42719,342.0
42720,264.0
42721,186.0
42722,186.0
42723,264.0
42724,264.0
42725,186.0
42726,110.0
42727,110.0
42728,110.0
42729,264.0
42730,186.0
42731,55.0
42732,0.0
42733,0.0
42734,0.0
42735,0.0
42736,0.0
42737,0.0
42738,0.0
42739,0.0
42740,0.0
42741,0.0
42742,0.0
42743,0.0
42744,0.0
42745,0.0
42746,0.0
42747,0.0
42748,0.0
42749,0.0
42750,0.0
42751,0.0
42752,0.0
42753,0.0
42754,0.0
42755,0.0
42756,0.0
42757,0.0
42758,0.0
42759,0.0
42760,0.0
42761,0.0
42762,0.0
42763,0.0
42764,0.0
42765,0.0
42766,0.0
42767,0.0
42768,0.0
42769,0.0
42770,0.0
42771,0.0
42772,0.0
42773,0.0
42774,0.0
42775,0.0
42776,0.0
42777,0.0
42778,0.0
42779,0.0
42780,0.0
42781,0.0
42782,0.0
42783,0.0
42784,0.0
42785,0.0
42786,0.0
42787,0.0
42788,0.0
42789,0.0
42790,0.0
42791,0.0
42792,0.0
42793,0.0
42794,0.0
42795,0.0
42796,0.0
42797,0.0
42798,0.0
42799,0.0
42800,0.0
42801,0.0
42802,0.0
42803,0.0
42804,0.0
42805,0.0
42806,0.0
42807,0.0
42808,0.0
42809,0.0
42810,0.0
42811,0.0
42812,0.0
42813,0.0
42814,0.0
42815,0.0
42816,0.0
42817,0.0
42818,0.0
42819,110.0
42820,110.0
42821,186.0
42822,110.0
42823,110.0
42824,110.0
42825,55.0
42826,110.0
42827,110.0
42828,110.0
42829,110.0
42830,186.0
42831,186.0
42832,186.0
42833,264.0
42834,264.0
42835,342.0
42836,264.0
42837,264.0
42838,424.0
42839,506.0
42840,506.0
42841,506.0
42842,506.0
42843,618.0
42844,506.0
42845,506.0
42846,506.0
42847,506.0
42848,618.0
42849,506.0
42850,424.0
42851,424.0
42852,424.0
42853,342.0
42854,342.0
42855,424.0
42856,342.0
42857,342.0
42858,264.0
42859,342.0
42860,424.0
42861,506.0
42862,342.0
42863,506.0
42864,424.0
42865,506.0
42866,506.0
42867,506.0
42868,424.0
42869,506.0
42870,424.0
42871,424.0
42872,342.0
42873,342.0
42874,424.0
42875,424.0
42876,424.0
42877,424.0
42878,424.0
42879,506.0
42880,618.0
42881,618.0
42882,506.0
42883,506.0
42884,506.0
42885,342.0
42886,424.0
42887,424.0
42888,342.0
42889,342.0
42890,424.0
42891,424.0
42892,424.0
42893,342.0
42894,506.0
42895,506.0
42896,342.0
42897,342.0
42898,342.0
42899,264.0
42900,186.0
42901,186.0
42902,186.0
42903,264.0
42904,186.0
42905,186.0
42906,186.0
42907,186.0
42908,110.0
42909,110.0
42910,264.0
42911,424.0
42912,506.0
42913,424.0
42914,342.0
42915,424.0
42916,342.0
42917,506.0
42918,506.0
42919,424.0
42920,342.0
42921,342.0
42922,506.0
42923,618.0
42924,618.0
42925,506.0
42926,264.0
42927,618.0
42928,342.0
42929,506.0
42930,342.0
42931,264.0
42932,186.0
42933,186.0
42934,186.0
42935,186.0
42936,110.0
42937,186.0
42938,110.0
42939,110.0
42940,186.0
42941,342.0
42942,342.0
42943,342.0
42944,342.0
42945,424.0
42946,424.0
42947,264.0
42948,342.0
42949,342.0
42950,342.0
42951,424.0
42952,342.0
42953,264.0
42954,342.0
42955,342.0
42956,424.0
42957,186.0
42958,264.0
42959,264.0
42960,264.0
42961,342.0
42962,342.0
42963,264.0
42964,264.0
42965,342.0
42966,264.0
42967,342.0
42968,424.0
42969,342.0
42970,424.0
42971,506.0
42972,506.0
42973,424.0
42974,424.0
42975,264.0
42976,264.0
42977,264.0
42978,342.0
42979,424.0
42980,424.0
42981,342.0
42982,342.0
42983,424.0
42984,424.0
42985,342.0
42986,264.0
42987,264.0
42988,342.0
42989,342.0
42990,424.0
42991,342.0
42992,424.0
42993,618.0
42994,506.0
42995,342.0
42996,424.0
42997,342.0
42998,342.0
42999,342.0
43000,342.0
43001,264.0
43002,342.0
43003,424.0
43004,342.0
43005,342.0
43006,424.0
43007,424.0
43008,2002.0
43009,2044.0
43010,2025.0
43011,1909.0
43012,1909.0
43013,1724.0
43014,1724.0
43015,1195.0
43016,865.0
43017,424.0
43018,424.0
43019,506.0
43020,424.0
43021,506.0
43022,424.0
43023,618.0
43024,618.0
43025,506.0
43026,424.0
43027,424.0
43028,506.0
43029,264.0
43030,424.0
43031,618.0
43032,618.0
43033,999.0
43034,730.0
43035,618.0
43036,264.0
43037,264.0
43038,424.0
43039,342.0
43040,618.0
43041,424.0
43042,424.0
43043,342.0
43044,110.0
43045,342.0
43046,264.0
43047,506.0
43048,424.0
43049,342.0
43050,506.0
43051,506.0
43052,506.0
43053,506.0
43054,424.0
43055,424.0
43056,506.0
43057,506.0
43058,342.0
43059,186.0
43060,264.0
43061,424.0
43062,186.0
43063,342.0
43064,424.0
43065,424.0
43066,618.0
43067,424.0
43068,424.0
43069,342.0
43070,506.0
43071,424.0
43072,506.0
43073,424.0
43074,342.0
43075,264.0
43076,506.0
43077,342.0
43078,424.0
43079,264.0
43080,264.0
43081,186.0
43082,186.0
43083,110.0
43084,0.0
43085,0.0
43086,110.0
43087,186.0
43088,264.0
43089,342.0
43090,264.0
43091,264.0
43092,264.0
43093,264.0
43094,264.0
43095,264.0
43096,342.0
43097,342.0
43098,342.0
43099,264.0
43100,264.0
43101,186.0
43102,110.0
43103,110.0
43104,110.0
43105,110.0
43106,110.0
43107,110.0
43108,110.0
43109,55.0
43110,55.0
43111,110.0
43112,186.0
43113,110.0
43114,110.0
43115,110.0
43116,186.0
43117,342.0
43118,342.0
43119,342.0
43120,342.0
43121,342.0
43122,264.0
43123,186.0
43124,264.0
43125,342.0
43126,342.0
43127,342.0
43128,424.0
43129,342.0
43130,424.0
43131,506.0
43132,506.0
43133,424.0
43134,424.0
43135,342.0
43136,424.0
43137,342.0
43138,186.0
43139,186.0
43140,186.0
43141,186.0
43142,264.0
43143,264.0
43144,342.0
43145,424.0
43146,506.0
43147,506.0
43148,506.0
43149,424.0
43150,342.0
43151,342.0
43152,342.0
43153,342.0
43154,342.0
43155,506.0
43156,506.0
43157,506.0
43158,55.0
43159,186.0
43160,264.0
43161,342.0
43162,342.0
43163,342.0
43164,342.0
43165,342.0
43166,424.0
43167,506.0
43168,506.0
43169,506.0
43170,618.0
43171,506.0
43172,506.0
43173,342.0
43174,264.0
43175,264.0
43176,424.0
43177,342.0
43178,342.0
43179,342.0
43180,424.0
43181,506.0
43182,424.0
43183,506.0
43184,424.0
43185,424.0
43186,342.0
43187,342.0
43188,186.0
43189,186.0
43190,186.0
43191,186.0
43192,342.0
43193,186.0
43194,110.0
43195,110.0
43196,55.0
43197,110.0
43198,186.0
43199,110.0
43200,110.0
43201,186.0
43202,186.0
43203,186.0
43204,342.0
43205,264.0
43206,264.0
43207,342.0
43208,186.0
43209,264.0
43210,264.0
43211,110.0
43212,110.0
43213,186.0
43214,186.0
43215,186.0
43216,186.0
43217,186.0
43218,186.0
43219,186.0
43220,186.0
43221,186.0
43222,186.0
43223,264.0
43224,264.0
43225,264.0
43226,342.0
43227,342.0
43228,342.0
43229,342.0
43230,264.0
43231,506.0
43232,342.0
43233,342.0
43234,424.0
43235,342.0
43236,424.0
43237,424.0
43238,506.0
43239,506.0
43240,506.0
43241,506.0
43242,506.0
43243,506.0
43244,506.0
43245,506.0
43246,618.0
43247,618.0
43248,618.0
43249,730.0
43250,730.0
43251,618.0
43252,730.0
43253,618.0
43254,618.0
43255,506.0
43256,618.0
43257,618.0
43258,618.0
43259,730.0
43260,865.0
43261,730.0
43262,730.0
43263,730.0
43264,730.0
43265,618.0
43266,730.0
43267,865.0
43268,865.0
43269,999.0
43270,865.0
43271,730.0
43272,618.0
43273,424.0
43274,730.0
43275,865.0
43276,1195.0
43277,999.0
43278,999.0
43279,999.0
43280,865.0
43281,999.0
43282,1195.0
43283,999.0
43284,865.0
43285,865.0
43286,730.0
43287,865.0
43288,865.0
43289,730.0
43290,730.0
43291,506.0
43292,506.0
43293,506.0
43294,424.0
43295,424.0
43296,424.0
43297,618.0
43298,618.0
43299,618.0
43300,506.0
43301,342.0
43302,264.0
43303,264.0
43304,424.0
43305,424.0
43306,506.0
43307,424.0
43308,424.0
43309,506.0
43310,506.0
43311,506.0
43312,506.0
43313,424.0
43314,506.0
43315,342.0
43316,342.0
43317,342.0
43318,264.0
43319,264.0
43320,264.0
43321,342.0
43322,342.0
43323,342.0
43324,264.0
43325,342.0
43326,342.0
43327,186.0
43328,186.0
43329,264.0
43330,264.0
43331,186.0
43332,186.0
43333,264.0
43334,110.0
43335,110.0
43336,110.0
43337,110.0
43338,110.0
43339,110.0
43340,55.0
43341,55.0
43342,55.0
43343,110.0
43344,110.0
43345,110.0
43346,55.0
43347,110.0
43348,55.0
43349,55.0
43350,110.0
43351,110.0
43352,55.0
43353,110.0
43354,110.0
43355,55.0
43356,55.0
43357,110.0
43358,186.0
43359,186.0
43360,55.0
43361,55.0
43362,110.0
43363,55.0
43364,55.0
43365,0.0
43366,55.0
43367,55.0
43368,0.0
43369,0.0
43370,110.0
43371,55.0
43372,0.0
43373,0.0
43374,0.0
43375,0.0
43376,0.0
43377,0.0
43378,0.0
43379,0.0
43380,0.0
43381,55.0
43382,55.0
43383,0.0
43384,0.0
43385,0.0
43386,0.0
43387,0.0
43388,0.0
43389,0.0
43390,0.0
43391,55.0
43392,0.0
43393,0.0
43394,110.0
43395,110.0
43396,55.0
43397,110.0
43398,55.0
43399,110.0
43400,0.0
43401,0.0
43402,0.0
43403,0.0
43404,0.0
43405,0.0
43406,0.0
43407,0.0
43408,0.0
43409,0.0
43410,0.0
43411,0.0
43412,0.0
43413,0.0
43414,110.0
43415,110.0
43416,55.0
43417,0.0
43418,0.0
43419,186.0
43420,186.0
43421,186.0
43422,186.0
43423,186.0
43424,110.0
43425,110.0
43426,55.0
43427,110.0
43428,186.0
43429,186.0
43430,186.0
43431,186.0
43432,264.0
43433,264.0
43434,186.0
43435,186.0
43436,264.0
43437,264.0
43438,264.0
43439,342.0
43440,186.0
43441,264.0
43442,342.0
43443,342.0
43444,342.0
43445,264.0
43446,264.0
43447,264.0
43448,264.0
43449,186.0
43450,264.0
43451,186.0
43452,110.0
43453,55.0
43454,55.0
43455,0.0
43456,0.0
43457,110.0
43458,55.0
43459,0.0
43460,55.0
43461,110.0
43462,110.0
43463,110.0
43464,186.0
43465,110.0
43466,110.0
43467,186.0
43468,186.0
43469,110.0
43470,186.0
43471,186.0
43472,186.0
43473,186.0
43474,186.0
43475,110.0
43476,110.0
43477,110.0
43478,0.0
43479,55.0
43480,55.0
43481,110.0
43482,55.0
43483,55.0
43484,0.0
43485,0.0
43486,0.0
43487,0.0
43488,0.0
43489,0.0
43490,0.0
43491,0.0
43492,0.0
43493,0.0
43494,0.0
43495,0.0
43496,0.0
43497,0.0
43498,0.0
43499,0.0
43500,0.0
43501,0.0
43502,0.0
43503,0.0
43504,0.0
43505,0.0
43506,0.0
43507,0.0
43508,0.0
43509,0.0
43510,0.0
43511,0.0
43512,110.0
43513,186.0
43514,55.0
43515,0.0
43516,0.0
43517,0.0
43518,0.0
43519,0.0
43520,0.0
43521,0.0
43522,0.0
43523,0.0
43524,0.0
43525,0.0
43526,0.0
43527,0.0
43528,0.0
43529,0.0
43530,0.0
43531,0.0
43532,0.0
43533,0.0
43534,0.0
43535,0.0
43536,0.0
43537,0.0
43538,0.0
43539,0.0
43540,0.0
43541,0.0
43542,0.0
43543,0.0
43544,0.0
43545,0.0
43546,0.0
43547,0.0
43548,0.0
43549,0.0
43550,0.0
43551,0.0
43552,0.0
43553,0.0
43554,0.0
43555,0.0
43556,0.0
43557,0.0
43558,0.0
43559,0.0
43560,0.0
43561,0.0
43562,0.0
43563,0.0
43564,0.0
43565,0.0
43566,0.0
43567,0.0
43568,0.0
43569,0.0
43570,0.0
43571,0.0
43572,0.0
43573,0.0
43574,0.0
43575,0.0
43576,0.0
43577,0.0
43578,0.0
43579,0.0
43580,0.0
43581,0.0
43582,0.0
43583,0.0
43584,0.0
43585,0.0
43586,0.0
43587,0.0
43588,0.0
43589,0.0
43590,0.0
43591,0.0
43592,0.0
43593,0.0
43594,0.0
43595,0.0
43596,110.0
43597,0.0
43598,0.0
43599,0.0
43600,55.0
43601,0.0
43602,0.0
43603,0.0
43604,0.0
43605,0.0
43606,0.0
43607,0.0
43608,0.0
43609,0.0
43610,0.0
43611,0.0
43612,0.0
43613,0.0
43614,0.0
43615,0.0
43616,0.0
43617,0.0
43618,0.0
43619,0.0
43620,0.0
43621,0.0
43622,0.0
43623,0.0
43624,0.0
43625,0.0
43626,0.0
43627,0.0
43628,0.0
43629,0.0
43630,55.0
43631,55.0
43632,55.0
43633,0.0
43634,0.0
43635,0.0
43636,0.0
43637,0.0
43638,55.0
43639,110.0
43640,110.0
43641,0.0
43642,0.0
43643,0.0
43644,0.0
43645,0.0
43646,0.0
43647,0.0
43648,0.0
43649,0.0
43650,0.0
43651,0.0
43652,0.0
43653,0.0
43654,0.0
43655,55.0
43656,110.0
43657,186.0
43658,264.0
43659,186.0
43660,186.0
43661,186.0
43662,186.0
43663,186.0
43664,110.0
43665,186.0
43666,186.0
43667,264.0
43668,186.0
43669,264.0
43670,264.0
43671,264.0
43672,264.0
43673,264.0
43674,342.0
43675,264.0
43676,186.0
43677,186.0
43678,186.0
43679,342.0
43680,342.0
43681,264.0
43682,424.0
43683,424.0
43684,424.0
43685,424.0
43686,342.0
43687,424.0
43688,506.0
43689,424.0
43690,506.0
43691,618.0
43692,424.0
43693,424.0
43694,424.0
43695,342.0
43696,424.0
43697,618.0
43698,618.0
43699,506.0
43700,506.0
43701,424.0
43702,424.0
43703,424.0
43704,342.0
43705,342.0
43706,424.0
43707,506.0
43708,506.0
43709,424.0
43710,424.0
43711,424.0
43712,342.0
43713,424.0
43714,424.0
43715,424.0
43716,506.0
43717,506.0
43718,506.0
43719,506.0
43720,506.0
43721,506.0
43722,506.0
43723,618.0
43724,730.0
43725,618.0
43726,618.0
43727,618.0
43728,506.0
43729,424.0
43730,342.0
43731,342.0
43732,506.0
43733,424.0
43734,424.0
43735,424.0
43736,424.0
43737,506.0
43738,424.0
43739,618.0
43740,506.0
43741,618.0
43742,618.0
43743,618.0
43744,506.0
43745,506.0
43746,618.0
43747,424.0
43748,506.0
43749,618.0
43750,618.0
43751,865.0
43752,730.0
43753,618.0
43754,506.0
43755,618.0
43756,618.0
43757,730.0
43758,730.0
43759,865.0
43760,865.0
43761,865.0
43762,730.0
43763,865.0
43764,730.0
43765,865.0
43766,865.0
43767,618.0
43768,730.0
43769,618.0
43770,618.0
43771,618.0
43772,618.0
43773,730.0
43774,865.0
43775,730.0
43776,618.0
43777,730.0
43778,618.0
43779,730.0
43780,618.0
43781,730.0
43782,730.0
43783,618.0
43784,730.0
43785,618.0
43786,618.0
43787,506.0
43788,506.0
43789,506.0
43790,424.0
43791,424.0
43792,424.0
43793,424.0
43794,342.0
43795,264.0
43796,264.0
43797,186.0
43798,186.0
43799,342.0
43800,342.0
43801,424.0
43802,342.0
43803,342.0
43804,342.0
43805,424.0
43806,186.0
43807,110.0
43808,55.0
43809,55.0
43810,110.0
43811,186.0
43812,264.0
43813,264.0
43814,186.0
43815,110.0
43816,110.0
43817,110.0
43818,110.0
43819,110.0
43820,110.0
43821,110.0
43822,55.0
43823,55.0
43824,55.0
43825,55.0
43826,55.0
43827,55.0
43828,55.0
43829,55.0
43830,110.0
43831,110.0
43832,55.0
43833,55.0
43834,55.0
43835,55.0
43836,186.0
43837,186.0
43838,264.0
43839,264.0
43840,264.0
43841,264.0
43842,186.0
43843,186.0
43844,186.0
43845,186.0
43846,110.0
43847,186.0
43848,264.0
43849,186.0
43850,264.0
43851,264.0
43852,264.0
43853,264.0
43854,186.0
43855,186.0
43856,264.0
43857,264.0
43858,264.0
43859,264.0
43860,264.0
43861,424.0
43862,424.0
43863,506.0
43864,506.0
43865,506.0
43866,506.0
43867,506.0
43868,424.0
43869,424.0
43870,618.0
43871,618.0
43872,730.0
43873,865.0
43874,1195.0
43875,865.0
43876,1195.0
43877,1391.0
43878,1391.0
43879,1724.0
43880,1558.0
43881,1558.0
43882,1724.0
43883,1724.0
43884,2002.0
43885,1828.0
43886,1909.0
43887,1960.0
43888,1909.0
43889,1909.0
43890,1724.0
43891,1909.0
43892,1909.0
43893,1828.0
43894,1724.0
43895,1724.0
43896,1724.0
43897,1724.0
43898,1724.0
43899,1391.0
43900,1391.0
43901,1558.0
43902,1558.0
43903,1391.0
43904,1558.0
43905,1391.0
43906,1558.0
43907,1391.0
43908,1724.0
43909,1724.0
43910,1724.0
43911,1195.0
43912,1195.0
43913,1391.0
43914,1391.0
43915,999.0
43916,999.0
43917,1195.0
43918,1391.0
43919,1195.0
43920,1195.0
43921,1558.0
43922,1195.0
43923,1195.0
43924,999.0
43925,1195.0
43926,999.0
43927,999.0
43928,1195.0
43929,865.0
43930,865.0
43931,730.0
43932,865.0
43933,730.0
43934,730.0
43935,730.0
43936,618.0
43937,506.0
43938,424.0
43939,424.0
43940,424.0
43941,424.0
43942,424.0
43943,342.0
43944,342.0
43945,264.0
43946,342.0
43947,264.0
43948,342.0
43949,342.0
43950,264.0
43951,186.0
43952,186.0
43953,264.0
43954,186.0
43955,264.0
43956,264.0
43957,264.0
43958,264.0
43959,264.0
43960,342.0
43961,342.0
43962,342.0
43963,342.0
43964,264.0
43965,342.0
43966,264.0
43967,342.0
43968,424.0
43969,342.0
43970,342.0
43971,342.0
43972,264.0
43973,186.0
43974,186.0
43975,186.0
43976,186.0
43977,110.0
43978,186.0
43979,110.0
43980,0.0
43981,0.0
43982,55.0
43983,0.0
43984,110.0
43985,110.0
43986,110.0
43987,110.0
43988,0.0
43989,0.0
43990,0.0
43991,110.0
43992,110.0
43993,110.0
43994,55.0
43995,110.0
43996,55.0
43997,0.0
43998,110.0
43999,110.0
44000,110.0
44001,186.0
44002,186.0
44003,264.0
44004,342.0
44005,506.0
44006,865.0
44007,1195.0
44008,1558.0
44009,1724.0
44010,1558.0
44011,1960.0
44012,2002.0
44013,2002.0
44014,2044.0
44015,1909.0
44016,2050.0
44017,2025.0
44018,2044.0
44019,2025.0
44020,2025.0
44021,1960.0
44022,2025.0
44023,1960.0
44024,1960.0
44025,1909.0
44026,1960.0
44027,1960.0
44028,1960.0
44029,2002.0
44030,1909.0
44031,2044.0
44032,2025.0
44033,2025.0
44034,2050.0
44035,2050.0
44036,2050.0
44037,2050.0
44038,2050.0
44039,1828.0
44040,999.0
44041,1195.0
44042,1558.0
44043,999.0
44044,1724.0
44045,1391.0
44046,865.0
44047,865.0
44048,1195.0
44049,1195.0
44050,1558.0
44051,1558.0
44052,1195.0
44053,1391.0
44054,730.0
44055,1195.0
44056,506.0
44057,1195.0
44058,730.0
44059,730.0
44060,730.0
44061,506.0
44062,342.0
44063,506.0
44064,424.0
44065,342.0
44066,424.0
44067,730.0
44068,1391.0
44069,865.0
44070,424.0
44071,342.0
44072,506.0
44073,618.0
44074,865.0
44075,730.0
44076,999.0
44077,865.0
44078,999.0
44079,865.0
44080,865.0
44081,999.0
44082,1558.0
44083,999.0
44084,865.0
44085,999.0
44086,865.0
44087,999.0
44088,1391.0
44089,1391.0
44090,999.0
44091,865.0
44092,730.0
44093,999.0
44094,1195.0
44095,865.0
44096,506.0
44097,506.0
44098,618.0
44099,618.0
44100,865.0
44101,618.0
44102,618.0
44103,865.0
44104,618.0
44105,730.0
44106,618.0
44107,618.0
44108,618.0
44109,730.0
44110,618.0
44111,618.0
44112,618.0
44113,618.0
44114,506.0
44115,506.0
44116,506.0
44117,342.0
44118,424.0
44119,424.0
44120,424.0
44121,424.0
44122,506.0
44123,730.0
44124,618.0
44125,865.0
44126,618.0
44127,424.0
44128,342.0
44129,506.0
44130,506.0
44131,342.0
44132,506.0
44133,424.0
44134,424.0
44135,506.0
44136,342.0
44137,618.0
44138,424.0
44139,506.0
44140,342.0
44141,424.0
44142,506.0
44143,424.0
44144,342.0
44145,506.0
44146,342.0
44147,342.0
44148,424.0
44149,506.0
44150,506.0
44151,618.0
44152,424.0
44153,424.0
44154,424.0
44155,424.0
44156,730.0
44157,618.0
44158,618.0
44159,424.0
44160,186.0
44161,186.0
44162,264.0
44163,110.0
44164,186.0
44165,186.0
44166,264.0
44167,342.0
44168,342.0
44169,342.0
44170,424.0
44171,342.0
44172,264.0
44173,264.0
44174,264.0
44175,264.0
44176,264.0
44177,342.0
44178,264.0
44179,342.0
44180,264.0
44181,264.0
44182,264.0
44183,264.0
44184,264.0
44185,342.0
44186,342.0
44187,342.0
44188,342.0
44189,342.0
44190,342.0
44191,342.0
44192,506.0
44193,618.0
44194,506.0
44195,618.0
44196,424.0
44197,342.0
44198,424.0
44199,342.0
44200,424.0
44201,506.0
44202,618.0
44203,618.0
44204,730.0
44205,618.0
44206,618.0
44207,506.0
44208,506.0
44209,506.0
44210,506.0
44211,424.0
44212,506.0
44213,424.0
44214,424.0
44215,506.0
44216,506.0
44217,342.0
44218,424.0
44219,424.0
44220,342.0
44221,424.0
44222,342.0
44223,342.0
44224,342.0
44225,342.0
44226,264.0
44227,342.0
44228,342.0
44229,342.0
44230,342.0
44231,342.0
44232,264.0
44233,264.0
44234,110.0
44235,55.0
44236,0.0
44237,0.0
44238,55.0
44239,264.0
44240,264.0
44241,264.0
44242,186.0
44243,55.0
44244,110.0
44245,110.0
44246,186.0
44247,186.0
44248,55.0
44249,0.0
44250,0.0
44251,0.0
44252,0.0
44253,0.0
44254,0.0
44255,0.0
44256,0.0
44257,0.0
44258,0.0
44259,0.0
44260,0.0
44261,0.0
44262,0.0
44263,0.0
44264,110.0
44265,0.0
44266,55.0
44267,0.0
44268,0.0
44269,0.0
44270,0.0
44271,0.0
44272,0.0
44273,0.0
44274,0.0
44275,0.0
44276,0.0
44277,0.0
44278,0.0
44279,0.0
44280,0.0
44281,0.0
44282,0.0
44283,0.0
44284,0.0
44285,0.0
44286,0.0
44287,0.0
44288,0.0
44289,0.0
44290,0.0
44291,0.0
44292,55.0
44293,55.0
44294,110.0
44295,110.0
44296,110.0
44297,55.0
44298,55.0
44299,110.0
44300,55.0
44301,55.0
44302,110.0
44303,186.0
44304,186.0
44305,186.0
44306,186.0
44307,186.0
44308,264.0
44309,264.0
44310,342.0
44311,342.0
44312,342.0
44313,424.0
44314,186.0
44315,186.0
44316,342.0
44317,424.0
44318,342.0
44319,424.0
44320,264.0
44321,264.0
44322,424.0
44323,342.0
44324,342.0
44325,424.0
44326,264.0
44327,264.0
44328,264.0
44329,342.0
44330,264.0
44331,264.0
44332,110.0
44333,110.0
44334,110.0
44335,186.0
44336,186.0
44337,186.0
44338,110.0
44339,110.0
44340,55.0
44341,0.0
44342,55.0
44343,110.0
44344,0.0
44345,55.0
44346,0.0
44347,55.0
44348,0.0
44349,55.0
44350,110.0
44351,0.0
44352,0.0
44353,0.0
44354,55.0
44355,110.0
44356,110.0
44357,110.0
44358,110.0
44359,55.0
44360,55.0
44361,55.0
44362,110.0
44363,110.0
44364,55.0
44365,0.0
44366,55.0
44367,0.0
44368,110.0
44369,186.0
44370,186.0
44371,110.0
44372,55.0
44373,55.0
44374,110.0
44375,186.0
44376,186.0
44377,186.0
44378,186.0
44379,186.0
44380,186.0
44381,186.0
44382,186.0
44383,186.0
44384,264.0
44385,264.0
44386,342.0
44387,342.0
44388,424.0
44389,342.0
44390,342.0
44391,424.0
44392,342.0
44393,264.0
44394,264.0
44395,186.0
44396,264.0
44397,186.0
44398,186.0
44399,186.0
44400,186.0
44401,186.0
44402,110.0
44403,186.0
44404,264.0
44405,264.0
44406,342.0
44407,342.0
44408,264.0
44409,264.0
44410,342.0
44411,264.0
44412,264.0
44413,342.0
44414,424.0
44415,506.0
44416,506.0
44417,506.0
44418,424.0
44419,506.0
44420,424.0
44421,506.0
44422,424.0
44423,342.0
44424,342.0
44425,264.0
44426,264.0
44427,264.0
44428,264.0
44429,264.0
44430,264.0
44431,342.0
44432,342.0
44433,342.0
44434,264.0
44435,264.0
44436,264.0
44437,264.0
44438,264.0
44439,264.0
44440,264.0
44441,264.0
44442,264.0
44443,186.0
44444,186.0
44445,110.0
44446,110.0
44447,110.0
44448,55.0
44449,0.0
44450,110.0
44451,110.0
44452,55.0
44453,55.0
44454,0.0
44455,0.0
44456,0.0
44457,0.0
44458,0.0
44459,0.0
44460,0.0
44461,0.0
44462,0.0
44463,0.0
44464,0.0
44465,0.0
44466,0.0
44467,0.0
44468,0.0
44469,0.0
44470,0.0
44471,0.0
44472,0.0
44473,0.0
44474,0.0
44475,0.0
44476,0.0
44477,0.0
44478,0.0
44479,0.0
44480,0.0
44481,0.0
44482,0.0
44483,0.0
44484,0.0
44485,0.0
44486,0.0
44487,0.0
44488,0.0
44489,0.0
44490,0.0
44491,0.0
44492,0.0
44493,0.0
44494,0.0
44495,0.0
44496,0.0
44497,0.0
44498,0.0
44499,0.0
44500,0.0
44501,0.0
44502,0.0
44503,0.0
44504,186.0
44505,55.0
44506,110.0
44507,55.0
44508,55.0
44509,55.0
44510,55.0
44511,110.0
44512,55.0
44513,55.0
44514,0.0
44515,0.0
44516,110.0
44517,110.0
44518,110.0
44519,186.0
44520,186.0
44521,110.0
44522,110.0
44523,110.0
44524,110.0
44525,55.0
44526,186.0
44527,110.0
44528,186.0
44529,186.0
44530,186.0
44531,186.0
44532,110.0
44533,55.0
44534,110.0
44535,110.0
44536,110.0
44537,110.0
44538,0.0
44539,0.0
44540,0.0
44541,0.0
44542,0.0
44543,0.0
44544,0.0
44545,0.0
44546,0.0
44547,0.0
44548,0.0
44549,0.0
44550,0.0
44551,0.0
44552,0.0
44553,0.0
44554,0.0
44555,0.0
44556,0.0
44557,0.0
44558,0.0
44559,0.0
44560,0.0
44561,55.0
44562,0.0
44563,0.0
44564,0.0
44565,0.0
44566,0.0
44567,55.0
44568,186.0
44569,110.0
44570,55.0
44571,110.0
44572,186.0
44573,110.0
44574,110.0
44575,55.0
44576,110.0
44577,55.0
44578,0.0
44579,0.0
44580,0.0
44581,0.0
44582,0.0
44583,0.0
44584,0.0
44585,0.0
44586,0.0
44587,0.0
44588,0.0
44589,0.0
44590,0.0
44591,0.0
44592,0.0
44593,0.0
44594,0.0
44595,0.0
44596,0.0
44597,0.0
44598,0.0
44599,0.0
44600,0.0
44601,0.0
44602,0.0
44603,0.0
44604,0.0
44605,0.0
44606,0.0
44607,0.0
44608,0.0
44609,0.0
44610,0.0
44611,0.0
44612,0.0
44613,0.0
44614,0.0
44615,0.0
44616,0.0
44617,0.0
44618,0.0
44619,0.0
44620,0.0
44621,0.0
44622,0.0
44623,0.0
44624,0.0
44625,0.0
44626,0.0
44627,0.0
44628,0.0
44629,0.0
44630,0.0
44631,0.0
44632,0.0
44633,0.0
44634,0.0
44635,0.0
44636,0.0
44637,0.0
44638,0.0
44639,0.0
44640,0.0
44641,0.0
44642,0.0
44643,0.0
44644,0.0
44645,0.0
44646,0.0
44647,0.0
44648,0.0
44649,0.0
44650,0.0
44651,0.0
44652,0.0
44653,0.0
44654,0.0
44655,0.0
44656,0.0
44657,0.0
44658,0.0
44659,0.0
44660,0.0
44661,55.0
44662,55.0
44663,0.0
44664,55.0
44665,0.0
44666,55.0
44667,0.0
44668,0.0
44669,55.0
44670,0.0
44671,55.0
44672,110.0
44673,110.0
44674,55.0
44675,0.0
44676,55.0
44677,55.0
44678,55.0
44679,110.0
44680,186.0
44681,110.0
44682,110.0
44683,110.0
44684,55.0
44685,0.0
44686,0.0
44687,0.0
44688,0.0
44689,0.0
44690,55.0
44691,0.0
44692,0.0
44693,0.0
44694,0.0
44695,0.0
44696,55.0
44697,186.0
44698,110.0
44699,55.0
44700,55.0
44701,110.0
44702,110.0
44703,110.0
44704,110.0
44705,186.0
44706,110.0
44707,264.0
44708,186.0
44709,186.0
44710,186.0
44711,186.0
44712,110.0
44713,186.0
44714,186.0
44715,264.0
44716,342.0
44717,264.0
44718,342.0
44719,264.0
44720,264.0
44721,264.0
44722,264.0
44723,110.0
44724,110.0
44725,186.0
44726,264.0
44727,264.0
44728,264.0
44729,264.0
44730,186.0
44731,264.0
44732,264.0
44733,342.0
44734,342.0
44735,342.0
44736,342.0
44737,342.0
44738,342.0
44739,424.0
44740,424.0
44741,264.0
44742,424.0
44743,506.0
44744,618.0
44745,506.0
44746,506.0
44747,424.0
44748,506.0
44749,506.0
44750,424.0
44751,506.0
44752,506.0
44753,506.0
44754,506.0
44755,424.0
44756,506.0
44757,618.0
44758,618.0
44759,618.0
44760,506.0
44761,618.0
44762,730.0
44763,865.0
44764,999.0
44765,1195.0
44766,1195.0
44767,1195.0
44768,999.0
44769,1195.0
44770,865.0
44771,999.0
44772,865.0
44773,730.0
44774,999.0
44775,1391.0
44776,999.0
44777,865.0
44778,865.0
44779,730.0
44780,865.0
44781,618.0
44782,506.0
44783,424.0
44784,424.0
44785,506.0
44786,506.0
44787,506.0
44788,506.0
44789,506.0
44790,506.0
44791,506.0
44792,506.0
44793,424.0
44794,506.0
44795,424.0
44796,342.0
44797,424.0
44798,342.0
44799,424.0
44800,264.0
44801,342.0
44802,264.0
44803,506.0
44804,342.0
44805,186.0
44806,110.0
44807,186.0
44808,264.0
44809,186.0
44810,264.0
44811,264.0
44812,264.0
44813,186.0
44814,186.0
44815,186.0
44816,186.0
44817,186.0
44818,186.0
44819,110.0
44820,110.0
44821,55.0
44822,110.0
44823,55.0
44824,110.0
44825,0.0
44826,0.0
44827,0.0
44828,0.0
44829,110.0
44830,0.0
44831,110.0
44832,110.0
44833,110.0
44834,186.0
44835,0.0
44836,55.0
44837,186.0
44838,264.0
44839,264.0
44840,186.0
44841,110.0
44842,186.0
44843,264.0
44844,264.0
44845,264.0
44846,186.0
44847,186.0
44848,110.0
44849,186.0
44850,264.0
44851,264.0
44852,186.0
44853,186.0
44854,110.0
44855,186.0
44856,186.0
44857,186.0
44858,110.0
44859,186.0
44860,110.0
44861,55.0
44862,55.0
44863,110.0
44864,264.0
44865,264.0
44866,264.0
44867,186.0
44868,264.0
44869,264.0
44870,342.0
44871,342.0
44872,264.0
44873,264.0
44874,110.0
44875,186.0
44876,186.0
44877,110.0
44878,0.0
44879,0.0
44880,0.0
44881,0.0
44882,0.0
44883,0.0
44884,0.0
44885,0.0
44886,0.0
44887,0.0
44888,0.0
44889,0.0
44890,55.0
44891,110.0
44892,110.0
44893,110.0
44894,55.0
44895,0.0
44896,0.0
44897,0.0
44898,0.0
44899,0.0
44900,0.0
44901,0.0
44902,0.0
44903,0.0
44904,110.0
44905,110.0
44906,55.0
44907,186.0
44908,186.0
44909,186.0
44910,186.0
44911,110.0
44912,110.0
44913,186.0
44914,186.0
44915,264.0
44916,264.0
44917,264.0
44918,264.0
44919,342.0
44920,342.0
44921,506.0
44922,506.0
44923,424.0
44924,506.0
44925,506.0
44926,506.0
44927,506.0
44928,342.0
44929,342.0
44930,264.0
44931,264.0
44932,342.0
44933,342.0
44934,506.0
44935,506.0
44936,424.0
44937,424.0
44938,342.0
44939,342.0
44940,424.0
44941,424.0
44942,342.0
44943,342.0
44944,264.0
44945,342.0
44946,342.0
44947,264.0
44948,186.0
44949,186.0
44950,186.0
44951,264.0
44952,264.0
44953,264.0
44954,264.0
44955,264.0
44956,186.0
44957,186.0
44958,264.0
44959,186.0
44960,264.0
44961,264.0
44962,264.0
44963,264.0
44964,264.0
44965,186.0
44966,110.0
44967,186.0
44968,110.0
44969,186.0
44970,110.0
44971,186.0
44972,55.0
44973,186.0
44974,186.0
44975,264.0
44976,342.0
44977,186.0
44978,264.0
44979,264.0
44980,186.0
44981,342.0
44982,424.0
44983,506.0
44984,506.0
44985,618.0
44986,424.0
44987,424.0
44988,506.0
44989,424.0
44990,424.0
44991,424.0
44992,424.0
44993,424.0
44994,424.0
44995,424.0
44996,506.0
44997,424.0
44998,424.0
44999,424.0
45000,424.0
45001,424.0
45002,342.0
45003,264.0
45004,342.0
45005,186.0
45006,110.0
45007,264.0
45008,342.0
45009,506.0
45010,618.0
45011,618.0
45012,506.0
45013,730.0
45014,730.0
45015,506.0
45016,506.0
45017,730.0
45018,865.0
45019,999.0
45020,730.0
45021,506.0
45022,506.0
45023,865.0
45024,730.0
45025,865.0
45026,999.0
45027,1391.0
45028,1391.0
45029,1195.0
45030,999.0
45031,865.0
45032,999.0
45033,1195.0
45034,1391.0
45035,1391.0
45036,1391.0
45037,1391.0
45038,1724.0
45039,1558.0
45040,1195.0
45041,999.0
45042,1391.0
45043,1391.0
45044,1195.0
45045,1195.0
45046,999.0
45047,865.0
45048,865.0
45049,865.0
45050,999.0
45051,999.0
45052,999.0
45053,865.0
45054,730.0
45055,730.0
45056,865.0
45057,999.0
45058,999.0
45059,999.0
45060,865.0
45061,618.0
45062,618.0
45063,730.0
45064,618.0
45065,730.0
45066,865.0
45067,999.0
45068,999.0
45069,999.0
45070,1195.0
45071,1391.0
45072,865.0
45073,730.0
45074,730.0
45075,730.0
45076,865.0
45077,999.0
45078,999.0
45079,999.0
45080,730.0
45081,618.0
45082,506.0
45083,618.0
45084,618.0
45085,618.0
45086,506.0
45087,618.0
45088,506.0
45089,618.0
45090,506.0
45091,618.0
45092,730.0
45093,506.0
45094,506.0
45095,342.0
45096,264.0
45097,342.0
45098,342.0
45099,424.0
45100,506.0
45101,506.0
45102,506.0
45103,424.0
45104,424.0
45105,424.0
45106,186.0
45107,424.0
45108,342.0
45109,424.0
45110,424.0
45111,506.0
45112,424.0
45113,506.0
45114,342.0
45115,424.0
45116,506.0
45117,424.0
45118,424.0
45119,424.0
45120,264.0
45121,342.0
45122,342.0
45123,264.0
45124,342.0
45125,424.0
45126,424.0
45127,618.0
45128,618.0
45129,618.0
45130,618.0
45131,506.0
45132,506.0
45133,618.0
45134,618.0
45135,618.0
45136,424.0
45137,342.0
45138,342.0
45139,186.0
45140,110.0
45141,110.0
45142,110.0
45143,110.0
45144,186.0
45145,0.0
45146,0.0
45147,0.0
45148,0.0
45149,55.0
45150,110.0
45151,110.0
45152,110.0
45153,186.0
45154,186.0
45155,186.0
45156,186.0
45157,264.0
45158,264.0
45159,342.0
45160,424.0
45161,424.0
45162,865.0
45163,1195.0
45164,1391.0
45165,1558.0
45166,1195.0
45167,1195.0
45168,1195.0
45169,1558.0
45170,1558.0
45171,1558.0
45172,1558.0
45173,1558.0
45174,1558.0
45175,1195.0
45176,1195.0
45177,1195.0
45178,1195.0
45179,865.0
45180,865.0
45181,730.0
45182,618.0
45183,618.0
45184,506.0
45185,506.0
45186,506.0
45187,506.0
45188,730.0
45189,618.0
45190,424.0
45191,342.0
45192,342.0
45193,342.0
45194,342.0
45195,424.0
45196,506.0
45197,618.0
45198,618.0
45199,618.0
45200,506.0
45201,618.0
45202,618.0
45203,506.0
45204,424.0
45205,506.0
45206,506.0
45207,506.0
45208,342.0
45209,424.0
45210,424.0
45211,424.0
45212,424.0
45213,506.0
45214,865.0
45215,865.0
45216,618.0
45217,506.0
45218,506.0
45219,506.0
45220,730.0
45221,865.0
45222,865.0
45223,999.0
45224,999.0
45225,999.0
45226,865.0
45227,865.0
45228,618.0
45229,618.0
45230,506.0
45231,618.0
45232,424.0
45233,618.0
45234,506.0
45235,506.0
45236,506.0
45237,424.0
45238,424.0
45239,342.0
45240,342.0
45241,342.0
45242,264.0
45243,342.0
45244,506.0
45245,424.0
45246,424.0
45247,506.0
45248,424.0
45249,264.0
45250,342.0
45251,264.0
45252,264.0
45253,342.0
45254,264.0
45255,424.0
45256,424.0
45257,342.0
45258,110.0
45259,0.0
45260,55.0
45261,55.0
45262,0.0
45263,0.0
45264,110.0
45265,110.0
45266,55.0
45267,0.0
45268,0.0
45269,0.0
45270,0.0
45271,0.0
45272,0.0
45273,110.0
45274,186.0
45275,186.0
45276,186.0
45277,110.0
45278,186.0
45279,342.0
45280,342.0
45281,264.0
45282,342.0
45283,424.0
45284,618.0
45285,506.0
45286,618.0
45287,618.0
45288,618.0
45289,618.0
45290,730.0
45291,730.0
45292,730.0
45293,865.0
45294,865.0
45295,999.0
45296,1195.0
45297,999.0
45298,865.0
45299,865.0
45300,865.0
45301,730.0
45302,730.0
45303,865.0
45304,1195.0
45305,1195.0
45306,1195.0
45307,999.0
45308,730.0
45309,506.0
45310,424.0
45311,342.0
45312,264.0
45313,264.0
45314,342.0
45315,342.0
45316,618.0
45317,618.0
45318,506.0
45319,342.0
45320,186.0
45321,264.0
45322,264.0
45323,186.0
45324,264.0
45325,506.0
45326,999.0
45327,999.0
45328,1195.0
45329,999.0
45330,865.0
45331,618.0
45332,618.0
45333,865.0
45334,730.0
45335,618.0
45336,730.0
45337,865.0
45338,999.0
45339,999.0
45340,999.0
45341,1724.0
45342,1558.0
45343,999.0
45344,865.0
45345,999.0
45346,865.0
45347,865.0
45348,730.0
45349,730.0
45350,618.0
45351,618.0
45352,506.0
45353,506.0
45354,730.0
45355,999.0
45356,1724.0
45357,1391.0
45358,1391.0
45359,1558.0
45360,1724.0
45361,1391.0
45362,1558.0
45363,1195.0
45364,1195.0
45365,1724.0
45366,1558.0
45367,1558.0
45368,1558.0
45369,1558.0
45370,1195.0
45371,1391.0
45372,1558.0
45373,1909.0
45374,1909.0
45375,1909.0
45376,1909.0
45377,2002.0
45378,1960.0
45379,2002.0
45380,2002.0
45381,1558.0
45382,1391.0
45383,1828.0
45384,1724.0
45385,1558.0
45386,1909.0
45387,1828.0
45388,1828.0
45389,1724.0
45390,1391.0
45391,1195.0
45392,1558.0
45393,1195.0
45394,1724.0
45395,1391.0
45396,1391.0
45397,1828.0
45398,1828.0
45399,1724.0
45400,1558.0
45401,1391.0
45402,999.0
45403,865.0
45404,865.0
45405,1391.0
45406,1195.0
45407,1828.0
45408,1828.0
45409,2002.0
45410,999.0
45411,1558.0
45412,999.0
45413,424.0
45414,506.0
45415,424.0
45416,506.0
45417,618.0
45418,999.0
45419,999.0
45420,1195.0
45421,999.0
45422,865.0
45423,1391.0
45424,1195.0
45425,1195.0
45426,1195.0
45427,1195.0
45428,1195.0
45429,1195.0
45430,999.0
45431,999.0
45432,1195.0
45433,1391.0
45434,1195.0
45435,999.0
45436,865.0
45437,730.0
45438,618.0
45439,618.0
45440,618.0
45441,506.0
45442,506.0
45443,618.0
45444,618.0
45445,618.0
45446,506.0
45447,424.0
45448,618.0
45449,618.0
45450,730.0
45451,730.0
45452,730.0
45453,999.0
45454,865.0
45455,865.0
45456,999.0
45457,999.0
45458,999.0
45459,865.0
45460,730.0
45461,618.0
45462,618.0
45463,618.0
45464,730.0
45465,618.0
45466,999.0
45467,999.0
45468,999.0
45469,865.0
45470,999.0
45471,730.0
45472,618.0
45473,730.0
45474,865.0
45475,865.0
45476,618.0
45477,618.0
45478,618.0
45479,618.0
45480,865.0
45481,865.0
45482,865.0
45483,999.0
45484,1195.0
45485,865.0
45486,865.0
45487,1195.0
45488,1558.0
45489,999.0
45490,865.0
45491,865.0
45492,999.0
45493,865.0
45494,999.0
45495,1195.0
45496,1391.0
45497,1195.0
45498,1195.0
45499,1558.0
45500,1558.0
45501,1558.0
45502,999.0
45503,1195.0
45504,1391.0
45505,865.0
45506,999.0
45507,1195.0
45508,865.0
45509,865.0
45510,999.0
45511,999.0
45512,865.0
45513,730.0
45514,730.0
45515,730.0
45516,730.0
45517,1195.0
45518,999.0
45519,730.0
45520,506.0
45521,506.0
45522,506.0
45523,618.0
45524,730.0
45525,618.0
45526,618.0
45527,506.0
45528,506.0
45529,618.0
45530,730.0
45531,506.0
45532,506.0
45533,730.0
45534,730.0
45535,730.0
45536,865.0
45537,730.0
45538,730.0
45539,730.0
45540,618.0
45541,730.0
45542,618.0
45543,618.0
45544,618.0
45545,618.0
45546,506.0
45547,618.0
45548,730.0
45549,730.0
45550,730.0
45551,618.0
45552,618.0
45553,730.0
45554,999.0
45555,1195.0
45556,1195.0
45557,999.0
45558,730.0
45559,618.0
45560,506.0
45561,730.0
45562,730.0
45563,618.0
45564,618.0
45565,865.0
45566,618.0
45567,730.0
45568,618.0
45569,618.0
45570,865.0
45571,865.0
45572,730.0
45573,618.0
45574,424.0
45575,506.0
45576,730.0
45577,506.0
45578,618.0
45579,730.0
45580,618.0
45581,865.0
45582,618.0
45583,730.0
45584,865.0
45585,999.0
45586,999.0
45587,618.0
45588,618.0
45589,618.0
45590,424.0
45591,424.0
45592,342.0
45593,424.0
45594,424.0
45595,424.0
45596,424.0
45597,618.0
45598,342.0
45599,618.0
45600,506.0
45601,424.0
45602,264.0
45603,342.0
45604,342.0
45605,264.0
45606,342.0
45607,424.0
45608,342.0
45609,342.0
45610,264.0
45611,264.0
45612,264.0
45613,264.0
45614,342.0
45615,342.0
45616,264.0
45617,264.0
45618,264.0
45619,264.0
45620,264.0
45621,264.0
45622,264.0
45623,264.0
45624,186.0
45625,264.0
45626,186.0
45627,264.0
45628,186.0
45629,186.0
45630,55.0
45631,110.0
45632,55.0
45633,0.0
45634,110.0
45635,0.0
45636,0.0
45637,0.0
45638,55.0
45639,186.0
45640,342.0
45641,264.0
45642,186.0
45643,110.0
45644,110.0
45645,110.0
45646,110.0
45647,110.0
45648,186.0
45649,342.0
45650,342.0
45651,342.0
45652,342.0
45653,342.0
45654,342.0
45655,264.0
45656,110.0
45657,55.0
45658,264.0
45659,342.0
45660,264.0
45661,264.0
45662,264.0
45663,264.0
45664,264.0
45665,342.0
45666,342.0
45667,264.0
45668,342.0
45669,342.0
45670,342.0
45671,424.0
45672,342.0
45673,506.0
45674,506.0
45675,730.0
45676,342.0
45677,424.0
45678,730.0
45679,1391.0
45680,730.0
45681,618.0
45682,865.0
45683,999.0
45684,865.0
45685,730.0
45686,865.0
45687,730.0
45688,618.0
45689,730.0
45690,618.0
45691,730.0
45692,342.0
45693,865.0
45694,618.0
45695,424.0
45696,342.0
45697,342.0
45698,110.0
45699,110.0
45700,186.0
45701,186.0
45702,110.0
45703,110.0
45704,342.0
45705,730.0
45706,1195.0
45707,999.0
45708,730.0
45709,730.0
45710,730.0
45711,618.0
45712,730.0
45713,618.0
45714,506.0
45715,264.0
45716,186.0
45717,110.0
45718,186.0
45719,342.0
45720,342.0
45721,186.0
45722,264.0
45723,342.0
45724,264.0
45725,424.0
45726,342.0
45727,342.0
45728,618.0
45729,506.0
45730,424.0
45731,506.0
45732,506.0
45733,506.0
45734,424.0
45735,342.0
45736,342.0
45737,424.0
45738,342.0
45739,618.0
45740,424.0
45741,424.0
45742,506.0
45743,618.0
45744,730.0
45745,865.0
45746,999.0
45747,865.0
45748,730.0
45749,865.0
45750,865.0
45751,865.0
45752,730.0
45753,618.0
45754,618.0
45755,618.0
45756,618.0
45757,424.0
45758,424.0
45759,424.0
45760,424.0
45761,342.0
45762,342.0
45763,342.0
45764,342.0
45765,342.0
45766,506.0
45767,506.0
45768,618.0
45769,618.0
45770,424.0
45771,424.0
45772,424.0
45773,424.0
45774,342.0
45775,424.0
45776,424.0
45777,424.0
45778,424.0
45779,424.0
45780,506.0
45781,506.0
45782,424.0
45783,424.0
45784,424.0
45785,424.0
45786,342.0
45787,264.0
45788,186.0
45789,264.0
45790,264.0
45791,264.0
45792,264.0
45793,186.0
45794,186.0
45795,264.0
45796,342.0
45797,424.0
45798,424.0
45799,264.0
45800,264.0
45801,342.0
45802,342.0
45803,424.0
45804,342.0
45805,342.0
45806,264.0
45807,342.0
45808,342.0
45809,342.0
45810,264.0
45811,264.0
45812,342.0
45813,264.0
45814,264.0
45815,264.0
45816,342.0
45817,342.0
45818,506.0
45819,506.0
45820,424.0
45821,424.0
45822,342.0
45823,264.0
45824,264.0
45825,342.0
45826,264.0
45827,342.0
45828,342.0
45829,342.0
45830,342.0
45831,264.0
45832,342.0
45833,264.0
45834,264.0
45835,342.0
45836,342.0
45837,424.0
45838,264.0
45839,264.0
45840,264.0
45841,264.0
45842,186.0
45843,264.0
45844,264.0
45845,342.0
45846,342.0
45847,264.0
45848,342.0
45849,264.0
45850,264.0
45851,264.0
45852,264.0
45853,264.0
45854,342.0
45855,264.0
45856,264.0
45857,264.0
45858,186.0
45859,186.0
45860,186.0
45861,186.0
45862,186.0
45863,186.0
45864,264.0
45865,264.0
45866,264.0
45867,264.0
45868,0.0
45869,0.0
45870,264.0
45871,264.0
45872,110.0
45873,264.0
45874,186.0
45875,342.0
45876,264.0
45877,264.0
45878,264.0
45879,264.0
45880,264.0
45881,342.0
45882,342.0
45883,342.0
45884,342.0
45885,264.0
45886,264.0
45887,342.0
45888,342.0
45889,342.0
45890,342.0
45891,264.0
45892,264.0
45893,186.0
45894,186.0
45895,186.0
45896,186.0
45897,186.0
45898,264.0
45899,264.0
45900,342.0
45901,264.0
45902,264.0
45903,264.0
45904,186.0
45905,186.0
45906,264.0
45907,264.0
45908,264.0
45909,264.0
45910,264.0
45911,264.0
45912,186.0
45913,264.0
45914,264.0
45915,264.0
45916,264.0
45917,342.0
45918,264.0
45919,264.0
45920,264.0
45921,342.0
45922,342.0
45923,342.0
45924,342.0
45925,342.0
45926,342.0
45927,342.0
45928,424.0
45929,424.0
45930,342.0
45931,506.0
45932,424.0
45933,424.0
45934,424.0
45935,618.0
45936,618.0
45937,618.0
45938,618.0
45939,506.0
45940,506.0
45941,730.0
45942,730.0
45943,618.0
45944,618.0
45945,506.0
45946,618.0
45947,730.0
45948,865.0
45949,1195.0
45950,865.0
45951,999.0
45952,865.0
45953,999.0
45954,1391.0
45955,999.0
45956,865.0
45957,865.0
45958,730.0
45959,865.0
45960,865.0
45961,865.0
45962,999.0
45963,1391.0
45964,1391.0
45965,999.0
45966,865.0
45967,1195.0
45968,1391.0
45969,1195.0
45970,1195.0
45971,1391.0
45972,999.0
45973,1195.0
45974,865.0
45975,999.0
45976,999.0
45977,1195.0
45978,1195.0
45979,1195.0
45980,1391.0
45981,1195.0
45982,1391.0
45983,1558.0
45984,1724.0
45985,1828.0
45986,1828.0
45987,1828.0
45988,1724.0
45989,1960.0
45990,1828.0
45991,1909.0
45992,1909.0
45993,1909.0
45994,1909.0
45995,1960.0
45996,1909.0
45997,1828.0
45998,1724.0
45999,1909.0
46000,1960.0
46001,1960.0
46002,1960.0
46003,1960.0
46004,1960.0
46005,1909.0
46006,1960.0
46007,1960.0
46008,2025.0
46009,2025.0
46010,2002.0
46011,1909.0
46012,1960.0
46013,1828.0
46014,1828.0
46015,1909.0
46016,1828.0
46017,1960.0
46018,1960.0
46019,1828.0
46020,1960.0
46021,1828.0
46022,1828.0
46023,1724.0
46024,1909.0
46025,1828.0
46026,1909.0
46027,1909.0
46028,1960.0
46029,1909.0
46030,1909.0
46031,1828.0
46032,1724.0
46033,1724.0
46034,1909.0
46035,1909.0
46036,1828.0
46037,1960.0
46038,1909.0
46039,1909.0
46040,1909.0
46041,1909.0
46042,1960.0
46043,1828.0
46044,1909.0
46045,2002.0
46046,1828.0
46047,1960.0
46048,1828.0
46049,2002.0
46050,1960.0
46051,1828.0
46052,1960.0
46053,1828.0
46054,1909.0
46055,1960.0
46056,1909.0
46057,1909.0
46058,1960.0
46059,2002.0
46060,2002.0
46061,2002.0
46062,1960.0
46063,2002.0
46064,1909.0
46065,1960.0
46066,2002.0
46067,2002.0
46068,2002.0
46069,1960.0
46070,1960.0
46071,1828.0
46072,1724.0
46073,1909.0
46074,1960.0
46075,1960.0
46076,1828.0
46077,1724.0
46078,1391.0
46079,1724.0
46080,1558.0
46081,1391.0
46082,1391.0
46083,865.0
46084,999.0
46085,730.0
46086,618.0
46087,506.0
46088,618.0
46089,618.0
46090,506.0
46091,424.0
46092,506.0
46093,506.0
46094,264.0
46095,186.0
46096,342.0
46097,264.0
46098,186.0
46099,0.0
46100,0.0
46101,0.0
46102,0.0
46103,0.0
46104,0.0
46105,0.0
46106,0.0
46107,0.0
46108,0.0
46109,0.0
46110,0.0
46111,0.0
46112,0.0
46113,0.0
46114,0.0
46115,0.0
46116,55.0
46117,55.0
46118,55.0
46119,55.0
46120,110.0
46121,55.0
46122,110.0
46123,110.0
46124,110.0
46125,186.0
46126,186.0
46127,110.0
46128,55.0
46129,0.0
46130,0.0
46131,0.0
46132,0.0
46133,0.0
46134,0.0
46135,55.0
46136,110.0
46137,110.0
46138,110.0
46139,186.0
46140,264.0
46141,264.0
46142,186.0
46143,264.0
46144,110.0
46145,186.0
46146,186.0
46147,110.0
46148,186.0
46149,264.0
46150,264.0
46151,264.0
46152,264.0
46153,186.0
46154,264.0
46155,264.0
46156,186.0
46157,264.0
46158,264.0
46159,110.0
46160,264.0
46161,342.0
46162,264.0
46163,264.0
46164,264.0
46165,186.0
46166,264.0
46167,342.0
46168,342.0
46169,264.0
46170,264.0
46171,264.0
46172,342.0
46173,342.0
46174,264.0
46175,342.0
46176,424.0
46177,424.0
46178,264.0
46179,186.0
46180,186.0
46181,186.0
46182,264.0
46183,264.0
46184,342.0
46185,342.0
46186,342.0
46187,342.0
46188,264.0
46189,342.0
46190,424.0
46191,342.0
46192,342.0
46193,264.0
46194,186.0
46195,186.0
46196,186.0
46197,186.0
46198,186.0
46199,110.0
46200,186.0
46201,110.0
46202,186.0
46203,264.0
46204,264.0
46205,264.0
46206,264.0
46207,110.0
46208,110.0
46209,110.0
46210,110.0
46211,186.0
46212,186.0
46213,342.0
46214,264.0
46215,264.0
46216,264.0
46217,264.0
46218,264.0
46219,264.0
46220,264.0
46221,342.0
46222,342.0
46223,186.0
46224,342.0
46225,342.0
46226,186.0
46227,186.0
46228,186.0
46229,186.0
46230,186.0
46231,110.0
46232,186.0
46233,55.0
46234,110.0
46235,110.0
46236,110.0
46237,186.0
46238,110.0
46239,55.0
46240,110.0
46241,0.0
46242,0.0
46243,110.0
46244,0.0
46245,0.0
46246,0.0
46247,186.0
46248,186.0
46249,186.0
46250,55.0
46251,110.0
46252,110.0
46253,110.0
46254,55.0
46255,110.0
46256,110.0
46257,55.0
46258,110.0
46259,110.0
46260,55.0
46261,110.0
46262,110.0
46263,186.0
46264,186.0
46265,55.0
46266,186.0
46267,186.0
46268,0.0
46269,0.0
46270,0.0
46271,55.0
46272,110.0
46273,110.0
46274,0.0
46275,110.0
46276,110.0
46277,264.0
46278,424.0
46279,342.0
46280,342.0
46281,264.0
46282,186.0
46283,264.0
46284,342.0
46285,342.0
46286,342.0
46287,264.0
46288,186.0
46289,186.0
46290,186.0
46291,186.0
46292,264.0
46293,342.0
46294,342.0
46295,264.0
46296,342.0
46297,342.0
46298,264.0
46299,264.0
46300,264.0
46301,342.0
46302,342.0
46303,342.0
46304,424.0
46305,424.0
46306,424.0
46307,506.0
46308,506.0
46309,424.0
46310,424.0
46311,506.0
46312,730.0
46313,730.0
46314,506.0
46315,730.0
46316,506.0
46317,506.0
46318,424.0
46319,342.0
46320,424.0
46321,342.0
46322,424.0
46323,424.0
46324,342.0
46325,264.0
46326,264.0
46327,264.0
46328,342.0
46329,264.0
46330,424.0
46331,424.0
46332,424.0
46333,264.0
46334,186.0
46335,186.0
46336,186.0
46337,264.0
46338,424.0
46339,342.0
46340,342.0
46341,342.0
46342,264.0
46343,264.0
46344,186.0
46345,186.0
46346,264.0
46347,264.0
46348,264.0
46349,342.0
46350,110.0
46351,110.0
46352,186.0
46353,264.0
46354,186.0
46355,186.0
46356,186.0
46357,186.0
46358,186.0
46359,264.0
46360,264.0
46361,264.0
46362,186.0
46363,186.0
46364,264.0
46365,264.0
46366,186.0
46367,186.0
46368,186.0
46369,186.0
46370,186.0
46371,186.0
46372,110.0
46373,110.0
46374,110.0
46375,110.0
46376,110.0
46377,110.0
46378,110.0
46379,186.0
46380,55.0
46381,110.0
46382,55.0
46383,55.0
46384,264.0
46385,186.0
46386,264.0
46387,110.0
46388,110.0
46389,264.0
46390,342.0
46391,342.0
46392,342.0
46393,342.0
46394,342.0
46395,342.0
46396,186.0
46397,264.0
46398,342.0
46399,342.0
46400,424.0
46401,424.0
46402,342.0
46403,424.0
46404,264.0
46405,186.0
46406,264.0
46407,264.0
46408,186.0
46409,55.0
46410,342.0
46411,424.0
46412,424.0
46413,342.0
46414,342.0
46415,264.0
46416,186.0
46417,186.0
46418,264.0
46419,342.0
46420,506.0
46421,424.0
46422,424.0
46423,110.0
46424,110.0
46425,110.0
46426,110.0
46427,186.0
46428,186.0
46429,186.0
46430,186.0
46431,264.0
46432,264.0
46433,264.0
46434,264.0
46435,264.0
46436,186.0
46437,186.0
46438,264.0
46439,110.0
46440,186.0
46441,186.0
46442,264.0
46443,186.0
46444,186.0
46445,264.0
46446,264.0
46447,264.0
46448,55.0
46449,55.0
46450,0.0
46451,55.0
46452,110.0
46453,110.0
46454,55.0
46455,0.0
46456,264.0
46457,186.0
46458,110.0
46459,55.0
46460,0.0
46461,0.0
46462,0.0
46463,0.0
46464,0.0
46465,0.0
46466,0.0
46467,0.0
46468,0.0
46469,0.0
46470,55.0
46471,110.0
46472,186.0
46473,110.0
46474,110.0
46475,55.0
46476,110.0
46477,110.0
46478,110.0
46479,110.0
46480,110.0
46481,110.0
46482,186.0
46483,186.0
46484,186.0
46485,264.0
46486,264.0
46487,264.0
46488,264.0
46489,264.0
46490,264.0
46491,264.0
46492,342.0
46493,342.0
46494,264.0
46495,186.0
46496,264.0
46497,342.0
46498,342.0
46499,342.0
46500,186.0
46501,186.0
46502,264.0
46503,186.0
46504,264.0
46505,186.0
46506,186.0
46507,186.0
46508,186.0
46509,186.0
46510,186.0
46511,186.0
46512,186.0
46513,186.0
46514,186.0
46515,110.0
46516,110.0
46517,110.0
46518,110.0
46519,110.0
46520,55.0
46521,55.0
46522,0.0
46523,0.0
46524,0.0
46525,0.0
46526,0.0
46527,0.0
46528,0.0
46529,0.0
46530,0.0
46531,0.0
46532,0.0
46533,0.0
46534,0.0
46535,0.0
46536,0.0
46537,0.0
46538,0.0
46539,0.0
46540,0.0
46541,55.0
46542,110.0
46543,55.0
46544,110.0
46545,110.0
46546,110.0
46547,0.0
46548,110.0
46549,186.0
46550,186.0
46551,186.0
46552,110.0
46553,110.0
46554,110.0
46555,55.0
46556,55.0
46557,186.0
46558,110.0
46559,0.0
46560,55.0
46561,110.0
46562,186.0
46563,110.0
46564,55.0
46565,110.0
46566,55.0
46567,110.0
46568,110.0
46569,186.0
46570,264.0
46571,186.0
46572,186.0
46573,186.0
46574,264.0
46575,342.0
46576,342.0
46577,342.0
46578,342.0
46579,186.0
46580,110.0
46581,110.0
46582,264.0
46583,264.0
46584,186.0
46585,186.0
46586,264.0
46587,264.0
46588,110.0
46589,186.0
46590,264.0
46591,264.0
46592,342.0
46593,264.0
46594,264.0
46595,264.0
46596,264.0
46597,264.0
46598,264.0
46599,264.0
46600,342.0
46601,342.0
46602,424.0
46603,342.0
46604,424.0
46605,424.0
46606,424.0
46607,424.0
46608,342.0
46609,424.0
46610,506.0
46611,424.0
46612,342.0
46613,342.0
46614,342.0
46615,424.0
46616,506.0
46617,506.0
46618,424.0
46619,342.0
46620,342.0
46621,264.0
46622,264.0
46623,264.0
46624,264.0
46625,264.0
46626,342.0
46627,264.0
46628,264.0
46629,342.0
46630,342.0
46631,264.0
46632,342.0
46633,264.0
46634,424.0
46635,424.0
46636,618.0
46637,506.0
46638,424.0
46639,506.0
46640,506.0
46641,618.0
46642,342.0
46643,424.0
46644,424.0
46645,506.0
46646,506.0
46647,506.0
46648,424.0
46649,424.0
46650,424.0
46651,424.0
46652,342.0
46653,342.0
46654,424.0
46655,424.0
46656,506.0
46657,506.0
46658,506.0
46659,506.0
46660,506.0
46661,506.0
46662,506.0
46663,506.0
46664,424.0
46665,342.0
46666,264.0
46667,342.0
46668,424.0
46669,264.0
46670,186.0
46671,110.0
46672,186.0
46673,186.0
46674,186.0
46675,264.0
46676,264.0
46677,186.0
46678,110.0
46679,110.0
46680,110.0
46681,110.0
46682,186.0
46683,264.0
46684,342.0
46685,342.0
46686,264.0
46687,342.0
46688,342.0
46689,342.0
46690,342.0
46691,342.0
46692,264.0
46693,264.0
46694,186.0
46695,186.0
46696,264.0
46697,264.0
46698,342.0
46699,342.0
46700,342.0
46701,264.0
46702,186.0
46703,186.0
46704,186.0
46705,110.0
46706,186.0
46707,264.0
46708,342.0
46709,186.0
46710,342.0
46711,342.0
46712,186.0
46713,110.0
46714,186.0
46715,186.0
46716,186.0
46717,110.0
46718,264.0
46719,110.0
46720,110.0
46721,110.0
46722,186.0
46723,186.0
46724,264.0
46725,186.0
46726,186.0
46727,55.0
46728,110.0
46729,55.0
46730,55.0
46731,110.0
46732,110.0
46733,55.0
46734,55.0
46735,110.0
46736,0.0
46737,55.0
46738,55.0
46739,0.0
46740,0.0
46741,0.0
46742,0.0
46743,0.0
46744,0.0
46745,0.0
46746,0.0
46747,0.0
46748,0.0
46749,0.0
46750,0.0
46751,0.0
46752,0.0
46753,0.0
46754,0.0
46755,0.0
46756,0.0
46757,0.0
46758,0.0
46759,0.0
46760,0.0
46761,0.0
46762,0.0
46763,0.0
46764,0.0
46765,0.0
46766,0.0
46767,0.0
46768,0.0
46769,0.0
46770,0.0
46771,0.0
46772,0.0
46773,0.0
46774,0.0
46775,0.0
46776,0.0
46777,0.0
46778,0.0
46779,0.0
46780,0.0
46781,0.0
46782,0.0
46783,0.0
46784,0.0
46785,0.0
46786,0.0
46787,0.0
46788,0.0
46789,0.0
46790,0.0
46791,0.0
46792,0.0
46793,0.0
46794,0.0
46795,0.0
46796,55.0
46797,55.0
46798,55.0
46799,0.0
46800,0.0
46801,55.0
46802,55.0
46803,0.0
46804,0.0
46805,0.0
46806,55.0
46807,0.0
46808,0.0
46809,0.0
46810,0.0
46811,0.0
46812,0.0
46813,0.0
46814,0.0
46815,0.0
46816,0.0
46817,0.0
46818,0.0
46819,55.0
46820,0.0
46821,0.0
46822,55.0
46823,0.0
46824,110.0
46825,110.0
46826,110.0
46827,186.0
46828,264.0
46829,186.0
46830,186.0
46831,186.0
46832,110.0
46833,110.0
46834,110.0
46835,110.0
46836,186.0
46837,264.0
46838,264.0
46839,264.0
46840,264.0
46841,342.0
46842,342.0
46843,342.0
46844,264.0
46845,342.0
46846,264.0
46847,186.0
46848,264.0
46849,264.0
46850,342.0
46851,342.0
46852,342.0
46853,342.0
46854,342.0
46855,342.0
46856,342.0
46857,424.0
46858,342.0
46859,342.0
46860,264.0
46861,342.0
46862,264.0
46863,186.0
46864,55.0
46865,110.0
46866,110.0
46867,186.0
46868,110.0
46869,55.0
46870,186.0
46871,186.0
46872,186.0
46873,186.0
46874,0.0
46875,0.0
46876,0.0
46877,0.0
46878,0.0
46879,0.0
46880,0.0
46881,0.0
46882,0.0
46883,0.0
46884,0.0
46885,0.0
46886,0.0
46887,0.0
46888,0.0
46889,0.0
46890,0.0
46891,0.0
46892,0.0
46893,0.0
46894,0.0
46895,0.0
46896,0.0
46897,0.0
46898,0.0
46899,0.0
46900,0.0
46901,0.0
46902,0.0
46903,0.0
46904,0.0
46905,0.0
46906,0.0
46907,0.0
46908,0.0
46909,0.0
46910,0.0
46911,0.0
46912,0.0
46913,0.0
46914,0.0
46915,0.0
46916,0.0
46917,0.0
46918,0.0
46919,0.0
46920,0.0
46921,0.0
46922,0.0
46923,0.0
46924,0.0
46925,0.0
46926,0.0
46927,0.0
46928,0.0
46929,0.0
46930,0.0
46931,0.0
46932,0.0
46933,0.0
46934,0.0
46935,0.0
46936,0.0
46937,0.0
46938,0.0
46939,0.0
46940,0.0
46941,0.0
46942,55.0
46943,186.0
46944,342.0
46945,264.0
46946,186.0
46947,186.0
46948,186.0
46949,186.0
46950,264.0
46951,264.0
46952,264.0
46953,186.0
46954,186.0
46955,264.0
46956,264.0
46957,264.0
46958,186.0
46959,186.0
46960,264.0
46961,342.0
46962,264.0
46963,186.0
46964,264.0
46965,264.0
46966,264.0
46967,186.0
46968,186.0
46969,186.0
46970,264.0
46971,342.0
46972,424.0
46973,342.0
46974,342.0
46975,342.0
46976,342.0
46977,264.0
46978,110.0
46979,264.0
46980,186.0
46981,55.0
46982,0.0
46983,0.0
46984,186.0
46985,186.0
46986,186.0
46987,55.0
46988,0.0
46989,186.0
46990,342.0
46991,342.0
46992,264.0
46993,264.0
46994,264.0
46995,264.0
46996,264.0
46997,264.0
46998,186.0
46999,186.0
47000,186.0
47001,110.0
47002,186.0
47003,186.0
47004,110.0
47005,186.0
47006,186.0
47007,110.0
47008,186.0
47009,264.0
47010,264.0
47011,186.0
47012,186.0
47013,186.0
47014,186.0
47015,110.0
47016,55.0
47017,110.0
47018,55.0
47019,55.0
47020,55.0
47021,110.0
47022,0.0
47023,0.0
47024,0.0
47025,0.0
47026,0.0
47027,0.0
47028,0.0
47029,0.0
47030,55.0
47031,0.0
47032,0.0
47033,0.0
47034,0.0
47035,0.0
47036,0.0
47037,0.0
47038,0.0
47039,0.0
47040,0.0
47041,0.0
47042,0.0
47043,0.0
47044,0.0
47045,0.0
47046,0.0
47047,0.0
47048,55.0
47049,110.0
47050,55.0
47051,55.0
47052,0.0
47053,0.0
47054,0.0
47055,0.0
47056,110.0
47057,186.0
47058,186.0
47059,110.0
47060,55.0
47061,186.0
47062,110.0
47063,110.0
47064,55.0
47065,0.0
47066,0.0
47067,55.0
47068,55.0
47069,55.0
47070,0.0
47071,0.0
47072,0.0
47073,0.0
47074,0.0
47075,0.0
47076,0.0
47077,0.0
47078,0.0
47079,0.0
47080,0.0
47081,55.0
47082,55.0
47083,110.0
47084,110.0
47085,110.0
47086,55.0
47087,0.0
47088,0.0
47089,0.0
47090,0.0
47091,0.0
47092,0.0
47093,0.0
47094,0.0
47095,0.0
47096,0.0
47097,0.0
47098,0.0
47099,0.0
47100,0.0
47101,0.0
47102,0.0
47103,0.0
47104,0.0
47105,0.0
47106,0.0
47107,0.0
47108,0.0
47109,0.0
47110,0.0
47111,0.0
47112,0.0
47113,0.0
47114,0.0
47115,0.0
47116,0.0
47117,0.0
47118,0.0
47119,0.0
47120,0.0
47121,0.0
47122,0.0
47123,55.0
47124,110.0
47125,55.0
47126,55.0
47127,55.0
47128,55.0
47129,0.0
47130,55.0
47131,110.0
47132,110.0
47133,110.0
47134,55.0
47135,0.0
47136,0.0
47137,0.0
47138,55.0
47139,186.0
47140,110.0
47141,55.0
47142,55.0
47143,55.0
47144,55.0
47145,55.0
47146,0.0
47147,0.0
47148,55.0
47149,110.0
47150,110.0
47151,264.0
47152,264.0
47153,186.0
47154,186.0
47155,186.0
47156,110.0
47157,186.0
47158,186.0
47159,186.0
47160,186.0
47161,264.0
47162,264.0
47163,264.0
47164,264.0
47165,110.0
47166,186.0
47167,186.0
47168,186.0
47169,186.0
47170,264.0
47171,264.0
47172,186.0
47173,110.0
47174,110.0
47175,110.0
47176,55.0
47177,55.0
47178,0.0
47179,0.0
47180,55.0
47181,0.0
47182,0.0
47183,0.0
47184,0.0
47185,0.0
47186,0.0
47187,55.0
47188,110.0
47189,110.0
47190,110.0
47191,55.0
47192,55.0
47193,0.0
47194,0.0
47195,0.0
47196,0.0
47197,0.0
47198,0.0
47199,0.0
47200,0.0
47201,0.0
47202,0.0
47203,0.0
47204,0.0
47205,0.0
47206,0.0
47207,55.0
47208,55.0
47209,55.0
47210,55.0
47211,0.0
47212,0.0
47213,0.0
47214,0.0
47215,0.0
47216,0.0
47217,0.0
47218,0.0
47219,0.0
47220,0.0
47221,0.0
47222,0.0
47223,0.0
47224,0.0
47225,0.0
47226,0.0
47227,0.0
47228,0.0
47229,0.0
47230,0.0
47231,0.0
47232,0.0
47233,0.0
47234,0.0
47235,0.0
47236,0.0
47237,0.0
47238,0.0
47239,0.0
47240,0.0
47241,0.0
47242,0.0
47243,0.0
47244,0.0
47245,0.0
47246,0.0
47247,0.0
47248,0.0
47249,0.0
47250,0.0
47251,0.0
47252,0.0
47253,0.0
47254,0.0
47255,0.0
47256,0.0
47257,0.0
47258,0.0
47259,0.0
47260,0.0
47261,0.0
47262,0.0
47263,0.0
47264,0.0
47265,0.0
47266,0.0
47267,0.0
47268,0.0
47269,55.0
47270,0.0
47271,0.0
47272,0.0
47273,0.0
47274,0.0
47275,0.0
47276,0.0
47277,0.0
47278,0.0
47279,0.0
47280,110.0
47281,55.0
47282,0.0
47283,0.0
47284,110.0
47285,110.0
47286,110.0
47287,110.0
47288,55.0
47289,110.0
47290,55.0
47291,55.0
47292,264.0
47293,186.0
47294,55.0
47295,0.0
47296,0.0
47297,0.0
47298,0.0
47299,0.0
47300,0.0
47301,0.0
47302,0.0
47303,0.0
47304,0.0
47305,0.0
47306,0.0
47307,0.0
47308,0.0
47309,0.0
47310,0.0
47311,0.0
47312,0.0
47313,0.0
47314,0.0
47315,0.0
47316,0.0
47317,0.0
47318,0.0
47319,0.0
47320,0.0
47321,0.0
47322,0.0
47323,0.0
47324,0.0
47325,0.0
47326,0.0
47327,0.0
47328,0.0
47329,0.0
47330,0.0
47331,0.0
47332,0.0
47333,0.0
47334,0.0
47335,0.0
47336,0.0
47337,0.0
47338,0.0
47339,0.0
47340,0.0
47341,0.0
47342,55.0
47343,55.0
47344,55.0
47345,55.0
47346,0.0
47347,0.0
47348,0.0
47349,55.0
47350,55.0
47351,55.0
47352,110.0
47353,730.0
47354,730.0
47355,730.0
47356,618.0
47357,618.0
47358,618.0
47359,865.0
47360,730.0
47361,730.0
47362,730.0
47363,506.0
47364,730.0
47365,618.0
47366,618.0
47367,618.0
47368,618.0
47369,618.0
47370,865.0
47371,865.0
47372,999.0
47373,999.0
47374,999.0
47375,1195.0
47376,999.0
47377,1195.0
47378,1391.0
47379,1558.0
47380,1195.0
47381,999.0
47382,865.0
47383,865.0
47384,730.0
47385,618.0
47386,424.0
47387,506.0
47388,506.0
47389,506.0
47390,506.0
47391,506.0
47392,424.0
47393,424.0
47394,424.0
47395,618.0
47396,618.0
47397,618.0
47398,506.0
47399,618.0
47400,618.0
47401,730.0
47402,999.0
47403,1195.0
47404,1391.0
47405,1391.0
47406,618.0
47407,1195.0
47408,1558.0
47409,1558.0
47410,1724.0
47411,1828.0
47412,1828.0
47413,1960.0
47414,1909.0
47415,1960.0
47416,1909.0
47417,1960.0
47418,2002.0
47419,1960.0
47420,2002.0
47421,1960.0
47422,1909.0
47423,1724.0
47424,1828.0
47425,1724.0
47426,1828.0
47427,1558.0
47428,1558.0
47429,1828.0
47430,1828.0
47431,1909.0
47432,1909.0
47433,1909.0
47434,1909.0
47435,1960.0
47436,1960.0
47437,2002.0
47438,2025.0
47439,1724.0
47440,1558.0
47441,1828.0
47442,1724.0
47443,1724.0
47444,1558.0
47445,1558.0
47446,1724.0
47447,1724.0
47448,1558.0
47449,1391.0
47450,1195.0
47451,1391.0
47452,1391.0
47453,999.0
47454,730.0
47455,865.0
47456,618.0
47457,506.0
47458,618.0
47459,618.0
47460,424.0
47461,342.0
47462,264.0
47463,186.0
47464,186.0
47465,186.0
47466,186.0
47467,186.0
47468,110.0
47469,110.0
47470,264.0
47471,186.0
47472,264.0
47473,342.0
47474,424.0
47475,342.0
47476,186.0
47477,186.0
47478,342.0
47479,342.0
47480,342.0
47481,342.0
47482,342.0
47483,342.0
47484,342.0
47485,264.0
47486,342.0
47487,342.0
47488,506.0
47489,506.0
47490,424.0
47491,424.0
47492,424.0
47493,342.0
47494,342.0
47495,342.0
47496,424.0
47497,506.0
47498,618.0
47499,506.0
47500,424.0
47501,865.0
47502,999.0
47503,865.0
47504,1391.0
47505,1391.0
47506,1960.0
47507,1195.0
47508,730.0
47509,618.0
47510,730.0
47511,618.0
47512,730.0
47513,1195.0
47514,730.0
47515,730.0
47516,865.0
47517,618.0
47518,730.0
47519,618.0
47520,865.0
47521,865.0
47522,999.0
47523,506.0
47524,618.0
47525,618.0
47526,424.0
47527,424.0
47528,506.0
47529,730.0
47530,1391.0
47531,865.0
47532,865.0
47533,618.0
47534,618.0
47535,730.0
47536,999.0
47537,730.0
47538,506.0
47539,424.0
47540,424.0
47541,424.0
47542,424.0
47543,1724.0
47544,999.0
47545,618.0
47546,424.0
47547,186.0
47548,186.0
47549,264.0
47550,424.0
47551,424.0
47552,506.0
47553,506.0
47554,618.0
47555,506.0
47556,424.0
47557,424.0
47558,506.0
47559,865.0
47560,618.0
47561,618.0
47562,506.0
47563,506.0
47564,506.0
47565,424.0
47566,424.0
47567,506.0
47568,424.0
47569,506.0
47570,506.0
47571,865.0
47572,506.0
47573,618.0
47574,730.0
47575,730.0
47576,506.0
47577,506.0
47578,865.0
47579,865.0
47580,618.0
47581,506.0
47582,618.0
47583,730.0
47584,730.0
47585,342.0
47586,506.0
47587,424.0
47588,342.0
47589,264.0
47590,424.0
47591,424.0
47592,424.0
47593,342.0
47594,506.0
47595,618.0
47596,424.0
47597,424.0
47598,264.0
47599,264.0
47600,264.0
47601,186.0
47602,264.0
47603,342.0
47604,342.0
47605,264.0
47606,342.0
47607,424.0
47608,506.0
47609,618.0
47610,506.0
47611,342.0
47612,424.0
47613,342.0
47614,264.0
47615,264.0
47616,264.0
47617,264.0
47618,186.0
47619,264.0
47620,342.0
47621,186.0
47622,186.0
47623,110.0
47624,110.0
47625,264.0
47626,186.0
47627,186.0
47628,186.0
47629,110.0
47630,110.0
47631,264.0
47632,264.0
47633,110.0
47634,186.0
47635,186.0
47636,110.0
47637,264.0
47638,424.0
47639,424.0
47640,424.0
47641,424.0
47642,342.0
47643,342.0
47644,342.0
47645,342.0
47646,342.0
47647,424.0
47648,342.0
47649,424.0
47650,424.0
47651,424.0
47652,424.0
47653,424.0
47654,342.0
47655,424.0
47656,424.0
47657,506.0
47658,424.0
47659,424.0
47660,342.0
47661,110.0
47662,264.0
47663,342.0
47664,342.0
47665,186.0
47666,264.0
47667,424.0
47668,424.0
47669,424.0
47670,424.0
47671,424.0
47672,424.0
47673,424.0
47674,424.0
47675,342.0
47676,342.0
47677,342.0
47678,342.0
47679,342.0
47680,342.0
47681,342.0
47682,342.0
47683,342.0
47684,264.0
47685,264.0
47686,264.0
47687,264.0
47688,342.0
47689,342.0
47690,342.0
47691,424.0
47692,342.0
47693,424.0
47694,342.0
47695,424.0
47696,424.0
47697,424.0
47698,424.0
47699,424.0
47700,342.0
47701,342.0
47702,342.0
47703,264.0
47704,264.0
47705,342.0
47706,424.0
47707,424.0
47708,424.0
47709,424.0
47710,342.0
47711,424.0
47712,506.0
47713,424.0
47714,342.0
47715,424.0
47716,342.0
47717,424.0
47718,342.0
47719,342.0
47720,424.0
47721,342.0
47722,342.0
47723,342.0
47724,342.0
47725,424.0
47726,342.0
47727,424.0
47728,424.0
47729,342.0
47730,424.0
47731,342.0
47732,342.0
47733,342.0
47734,424.0
47735,506.0
47736,342.0
47737,424.0
47738,424.0
47739,618.0
47740,506.0
47741,424.0
47742,342.0
47743,342.0
47744,424.0
47745,424.0
47746,424.0
47747,506.0
47748,424.0
47749,342.0
47750,264.0
47751,342.0
47752,264.0
47753,424.0
47754,424.0
47755,424.0
47756,506.0
47757,506.0
47758,730.0
47759,506.0
47760,506.0
47761,865.0
47762,730.0
47763,999.0
47764,999.0
47765,865.0
47766,730.0
47767,999.0
47768,1195.0
47769,1558.0
47770,1558.0
47771,1828.0
47772,1828.0
47773,1909.0
47774,1828.0
47775,1909.0
47776,1909.0
47777,1909.0
47778,1960.0
47779,1960.0
47780,1960.0
47781,2025.0
47782,1909.0
47783,2050.0
47784,2044.0
47785,2044.0
47786,2050.0
47787,2050.0
47788,2044.0
47789,1828.0
47790,1558.0
47791,999.0
47792,730.0
47793,618.0
47794,424.0
47795,0.0
47796,0.0
47797,0.0
47798,0.0
47799,0.0
47800,0.0
47801,0.0
47802,0.0
47803,0.0
47804,730.0
47805,1828.0
47806,1724.0
47807,1724.0
47808,2002.0
47809,1828.0
47810,1909.0
47811,2002.0
47812,2002.0
47813,2002.0
47814,1960.0
47815,2025.0
47816,2050.0
47817,2044.0
47818,2050.0
47819,1909.0
47820,1724.0
47821,1960.0
47822,1909.0
47823,1828.0
47824,1828.0
47825,1558.0
47826,1909.0
47827,1960.0
47828,1828.0
47829,1828.0
47830,1558.0
47831,1960.0
47832,1828.0
47833,1960.0
47834,2002.0
47835,2002.0
47836,2025.0
47837,2002.0
47838,2025.0
47839,1909.0
47840,1828.0
47841,1558.0
47842,1909.0
47843,2002.0
47844,1724.0
47845,730.0
47846,506.0
47847,1195.0
47848,1391.0
47849,1195.0
47850,1558.0
47851,1558.0
47852,1195.0
47853,1195.0
47854,1195.0
47855,1558.0
47856,1960.0
47857,1558.0
47858,1909.0
47859,1558.0
47860,865.0
47861,618.0
47862,424.0
47863,424.0
47864,618.0
47865,865.0
47866,999.0
47867,1195.0
47868,999.0
47869,865.0
47870,618.0
47871,730.0
47872,999.0
47873,865.0
47874,618.0
47875,424.0
47876,424.0
47877,424.0
47878,264.0
47879,342.0
47880,342.0
47881,342.0
47882,342.0
47883,342.0
47884,342.0
47885,342.0
47886,342.0
47887,342.0
47888,342.0
47889,424.0
47890,342.0
47891,342.0
47892,342.0
47893,186.0
47894,424.0
47895,342.0
47896,264.0
47897,264.0
47898,264.0
47899,264.0
47900,264.0
47901,342.0
47902,264.0
47903,506.0
47904,618.0
47905,424.0
47906,618.0
47907,506.0
47908,865.0
47909,1558.0
47910,1724.0
47911,1724.0
47912,2025.0
47913,2025.0
47914,2002.0
47915,2044.0
47916,2044.0
47917,2044.0
47918,2050.0
47919,2044.0
47920,2025.0
47921,2044.0
47922,2044.0
47923,2025.0
47924,2002.0
47925,1960.0
47926,1960.0
47927,1828.0
47928,1960.0
47929,2025.0
47930,2002.0
47931,1828.0
47932,1828.0
47933,1195.0
47934,865.0
47935,1195.0
47936,1558.0
47937,1558.0
47938,1724.0
47939,1909.0
47940,2025.0
47941,2002.0
47942,1960.0
47943,1960.0
47944,1960.0
47945,2002.0
47946,1558.0
47947,1558.0
47948,1828.0
47949,1724.0
47950,1391.0
47951,1558.0
47952,999.0
47953,1391.0
47954,865.0
47955,1195.0
47956,1558.0
47957,1391.0
47958,1391.0
47959,999.0
47960,999.0
47961,1391.0
47962,1195.0
47963,1724.0
47964,1828.0
47965,1558.0
47966,1558.0
47967,1391.0
47968,1724.0
47969,1391.0
47970,1558.0
47971,1195.0
47972,1724.0
47973,1828.0
47974,1724.0
47975,1724.0
47976,1909.0
47977,1828.0
47978,1909.0
47979,1909.0
47980,1724.0
47981,1558.0
47982,1391.0
47983,1558.0
47984,1558.0
47985,1724.0
47986,1909.0
47987,1960.0
47988,2050.0
47989,2050.0
47990,2044.0
47991,2044.0
47992,2025.0
47993,2044.0
47994,2044.0
47995,2025.0
47996,2044.0
47997,2050.0
47998,2050.0
47999,2044.0
48000,2002.0
48001,2025.0
48002,2025.0
48003,1960.0
48004,2025.0
48005,2050.0
48006,2002.0
48007,2044.0
48008,1960.0
48009,2044.0
48010,1960.0
48011,2002.0
48012,1960.0
48013,1960.0
48014,2025.0
48015,2025.0
48016,1960.0
48017,1909.0
48018,1558.0
48019,1724.0
48020,1558.0
48021,1558.0
48022,999.0
48023,1391.0
48024,1391.0
48025,1828.0
48026,1724.0
48027,1909.0
48028,1724.0
48029,1960.0
48030,1909.0
48031,1724.0
48032,1724.0
48033,1724.0
48034,1828.0
48035,1195.0
48036,1391.0
48037,1391.0
48038,999.0
48039,865.0
48040,730.0
48041,506.0
48042,730.0
48043,865.0
48044,618.0
48045,730.0
48046,618.0
48047,618.0
48048,506.0
48049,618.0
48050,730.0
48051,618.0
48052,730.0
48053,730.0
48054,999.0
48055,1558.0
48056,730.0
48057,730.0
48058,730.0
48059,506.0
48060,506.0
48061,506.0
48062,618.0
48063,618.0
48064,506.0
48065,342.0
48066,342.0
48067,424.0
48068,506.0
48069,424.0
48070,424.0
48071,424.0
48072,424.0
48073,506.0
48074,424.0
48075,506.0
48076,342.0
48077,342.0
48078,264.0
48079,264.0
48080,342.0
48081,342.0
48082,186.0
48083,186.0
48084,424.0
48085,424.0
48086,342.0
48087,264.0
48088,342.0
48089,506.0
48090,506.0
48091,424.0
48092,342.0
48093,506.0
48094,506.0
48095,424.0
48096,424.0
48097,618.0
48098,424.0
48099,506.0
48100,424.0
48101,424.0
48102,342.0
48103,342.0
48104,186.0
48105,186.0
48106,110.0
48107,110.0
48108,424.0
48109,424.0
48110,618.0
48111,424.0
48112,342.0
48113,342.0
48114,424.0
48115,424.0
48116,186.0
48117,424.0
48118,264.0
48119,264.0
48120,186.0
48121,186.0
48122,186.0
48123,506.0
48124,618.0
48125,264.0
48126,264.0
48127,264.0
48128,342.0
48129,264.0
48130,264.0
48131,264.0
48132,264.0
48133,342.0
48134,264.0
48135,186.0
48136,186.0
48137,264.0
48138,342.0
48139,424.0
48140,618.0
48141,618.0
48142,618.0
48143,618.0
48144,618.0
48145,506.0
48146,424.0
48147,424.0
48148,424.0
48149,424.0
48150,424.0
48151,342.0
48152,424.0
48153,342.0
48154,264.0
48155,342.0
48156,342.0
48157,424.0
48158,506.0
48159,424.0
48160,424.0
48161,730.0
48162,730.0
48163,999.0
48164,999.0
48165,865.0
48166,730.0
48167,618.0
48168,506.0
48169,424.0
48170,618.0
48171,506.0
48172,618.0
48173,730.0
48174,618.0
48175,730.0
48176,999.0
48177,999.0
48178,865.0
48179,999.0
48180,999.0
48181,999.0
48182,1195.0
48183,865.0
48184,424.0
48185,618.0
48186,618.0
48187,730.0
48188,618.0
48189,618.0
48190,618.0
48191,730.0
48192,730.0
48193,865.0
48194,730.0
48195,730.0
48196,506.0
48197,730.0
48198,730.0
48199,865.0
48200,730.0
48201,865.0
48202,865.0
48203,865.0
48204,1195.0
48205,1195.0
48206,999.0
48207,999.0
48208,999.0
48209,999.0
48210,999.0
48211,1195.0
48212,1195.0
48213,1558.0
48214,1828.0
48215,1391.0
48216,1724.0
48217,999.0
48218,999.0
48219,999.0
48220,1391.0
48221,1724.0
48222,1195.0
48223,999.0
48224,999.0
48225,865.0
48226,1195.0
48227,1724.0
48228,1828.0
48229,1828.0
48230,1558.0
48231,2025.0
48232,2025.0
48233,2002.0
48234,1960.0
48235,1909.0
48236,1909.0
48237,1828.0
48238,1828.0
48239,1828.0
48240,1724.0
48241,1724.0
48242,1558.0
48243,1724.0
48244,1909.0
48245,2044.0
48246,2002.0
48247,2002.0
48248,1960.0
48249,1909.0
48250,1724.0
48251,1828.0
48252,1724.0
48253,1828.0
48254,1828.0
48255,1724.0
48256,1391.0
48257,1195.0
48258,1195.0
48259,999.0
48260,865.0
48261,1195.0
48262,1195.0
48263,1391.0
48264,1195.0
48265,1195.0
48266,1195.0
48267,1558.0
48268,999.0
48269,1391.0
48270,1391.0
48271,1391.0
48272,999.0
48273,1724.0
48274,1558.0
48275,1724.0
48276,1558.0
48277,1724.0
48278,1724.0
48279,1828.0
48280,1828.0
48281,1828.0
48282,1828.0
48283,1960.0
48284,1909.0
48285,1724.0
48286,1828.0
48287,1909.0
48288,2002.0
48289,2002.0
48290,2002.0
48291,2002.0
48292,2002.0
48293,2044.0
48294,2044.0
48295,2025.0
48296,2025.0
48297,2002.0
48298,2025.0
48299,1828.0
48300,1558.0
48301,1724.0
48302,1909.0
48303,1391.0
48304,1195.0
48305,1195.0
48306,1391.0
48307,730.0
48308,1558.0
48309,1724.0
48310,999.0
48311,1391.0
48312,1724.0
48313,1828.0
48314,1828.0
48315,1724.0
48316,1724.0
48317,1909.0
48318,1909.0
48319,1828.0
48320,2002.0
48321,2050.0
48322,2050.0
48323,2050.0
48324,2050.0
48325,2050.0
48326,2050.0
48327,2050.0
48328,2050.0
48329,2050.0
48330,2044.0
48331,2002.0
48332,2002.0
48333,2025.0
48334,2044.0
48335,2025.0
48336,1960.0
48337,1909.0
48338,1909.0
48339,1724.0
48340,1558.0
48341,1724.0
48342,1558.0
48343,999.0
48344,999.0
48345,1195.0
48346,1391.0
48347,1391.0
48348,1195.0
48349,1391.0
48350,1195.0
48351,1391.0
48352,1195.0
48353,1391.0
48354,1195.0
48355,1391.0
48356,1391.0
48357,1558.0
48358,1391.0
48359,1195.0
48360,1558.0
48361,1391.0
48362,1724.0
48363,1558.0
48364,1391.0
48365,1724.0
48366,1724.0
48367,1909.0
48368,1828.0
48369,1828.0
48370,1828.0
48371,1909.0
48372,1909.0
48373,1909.0
48374,1909.0
48375,1909.0
48376,1960.0
48377,1909.0
48378,2025.0
48379,1960.0
48380,1909.0
48381,1909.0
48382,1909.0
48383,2044.0
48384,1960.0
48385,2002.0
48386,1960.0
48387,1828.0
48388,1909.0
48389,1724.0
48390,1909.0
48391,1828.0
48392,1909.0
48393,1828.0
48394,2002.0
48395,1909.0
48396,1909.0
48397,1828.0
48398,1828.0
48399,1960.0
48400,1724.0
48401,1828.0
48402,1558.0
48403,1195.0
48404,1391.0
48405,1195.0
48406,865.0
48407,730.0
48408,618.0
48409,506.0
48410,1195.0
48411,999.0
48412,1195.0
48413,865.0
48414,865.0
48415,865.0
48416,730.0
48417,730.0
48418,999.0
48419,999.0
48420,730.0
48421,1391.0
48422,999.0
48423,1195.0
48424,1391.0
48425,999.0
48426,1558.0
48427,1558.0
48428,1391.0
48429,999.0
48430,1558.0
48431,999.0
48432,1391.0
48433,1195.0
48434,730.0
48435,999.0
48436,506.0
48437,506.0
48438,506.0
48439,730.0
48440,1391.0
48441,1558.0
48442,1558.0
48443,1960.0
48444,1828.0
48445,1558.0
48446,1195.0
48447,1558.0
48448,1391.0
48449,1828.0
48450,1724.0
48451,1558.0
48452,1558.0
48453,1558.0
48454,1195.0
48455,999.0
48456,999.0
48457,999.0
48458,999.0
48459,865.0
48460,999.0
48461,999.0
48462,618.0
48463,618.0
48464,730.0
48465,999.0
48466,999.0
48467,999.0
48468,1558.0
48469,1558.0
48470,1195.0
48471,1391.0
48472,1558.0
48473,999.0
48474,999.0
48475,865.0
48476,865.0
48477,865.0
48478,865.0
48479,730.0
48480,618.0
48481,506.0
48482,618.0
48483,730.0
48484,730.0
48485,865.0
48486,999.0
48487,1195.0
48488,865.0
48489,999.0
48490,999.0
48491,865.0
48492,1195.0
48493,1558.0
48494,1195.0
48495,1195.0
48496,999.0
48497,999.0
48498,999.0
48499,865.0
48500,865.0
48501,865.0
48502,999.0
48503,1391.0
48504,1195.0
48505,1558.0
48506,1195.0
48507,999.0
48508,999.0
48509,1558.0
48510,1391.0
48511,1195.0
48512,1391.0
48513,1724.0
48514,1724.0
48515,1558.0
48516,999.0
48517,1391.0
48518,1195.0
48519,999.0
48520,999.0
48521,1391.0
48522,1195.0
48523,618.0
48524,999.0
48525,999.0
48526,1558.0
48527,1195.0
48528,999.0
48529,865.0
48530,999.0
48531,999.0
48532,1195.0
48533,999.0
48534,1391.0
48535,1195.0
48536,1391.0
48537,865.0
48538,865.0
48539,186.0
48540,186.0
48541,264.0
48542,264.0
48543,342.0
48544,264.0
48545,110.0
48546,186.0
48547,186.0
48548,55.0
48549,0.0
48550,55.0
48551,0.0
48552,55.0
48553,186.0
48554,186.0
48555,342.0
48556,342.0
48557,186.0
48558,110.0
48559,264.0
48560,342.0
48561,110.0
48562,0.0
48563,0.0
48564,55.0
48565,55.0
48566,186.0
48567,186.0
48568,186.0
48569,186.0
48570,264.0
48571,186.0
48572,186.0
48573,342.0
48574,424.0
48575,506.0
48576,342.0
48577,264.0
48578,342.0
48579,186.0
48580,264.0
48581,110.0
48582,264.0
48583,342.0
48584,424.0
48585,342.0
48586,618.0
48587,264.0
48588,186.0
48589,264.0
48590,0.0
48591,0.0
48592,0.0
48593,0.0
48594,0.0
48595,0.0
48596,0.0
48597,0.0
48598,0.0
48599,0.0
48600,0.0
48601,0.0
48602,0.0
48603,0.0
48604,0.0
48605,0.0
48606,0.0
48607,0.0
48608,0.0
48609,0.0
48610,0.0
48611,0.0
48612,0.0
48613,0.0
48614,0.0
48615,0.0
48616,0.0
48617,0.0
48618,55.0
48619,110.0
48620,55.0
48621,186.0
48622,110.0
48623,186.0
48624,186.0
48625,264.0
48626,264.0
48627,264.0
48628,186.0
48629,342.0
48630,186.0
48631,186.0
48632,264.0
48633,186.0
48634,186.0
48635,264.0
48636,264.0
48637,506.0
48638,730.0
48639,618.0
48640,618.0
48641,506.0
48642,424.0
48643,342.0
48644,424.0
48645,506.0
48646,424.0
48647,342.0
48648,506.0
48649,618.0
48650,618.0
48651,618.0
48652,506.0
48653,618.0
48654,506.0
48655,730.0
48656,730.0
48657,865.0
48658,1195.0
48659,1195.0
48660,865.0
48661,865.0
48662,618.0
48663,730.0
48664,999.0
48665,865.0
48666,1195.0
48667,730.0
48668,865.0
48669,618.0
48670,506.0
48671,730.0
48672,618.0
48673,424.0
48674,342.0
48675,342.0
48676,342.0
48677,424.0
48678,506.0
48679,618.0
48680,506.0
48681,424.0
48682,506.0
48683,424.0
48684,342.0
48685,264.0
48686,55.0
48687,110.0
48688,0.0
48689,0.0
48690,0.0
48691,110.0
48692,110.0
48693,55.0
48694,55.0
48695,55.0
48696,110.0
48697,186.0
48698,110.0
48699,342.0
48700,506.0
48701,424.0
48702,342.0
48703,424.0
48704,424.0
48705,506.0
48706,506.0
48707,342.0
48708,342.0
48709,424.0
48710,424.0
48711,506.0
48712,618.0
48713,506.0
48714,506.0
48715,506.0
48716,618.0
48717,424.0
48718,506.0
48719,424.0
48720,424.0
48721,424.0
48722,424.0
48723,424.0
48724,342.0
48725,342.0
48726,342.0
48727,342.0
48728,264.0
48729,342.0
48730,342.0
48731,342.0
48732,264.0
48733,264.0
48734,264.0
48735,424.0
48736,264.0
48737,264.0
48738,186.0
48739,264.0
48740,264.0
48741,264.0
48742,264.0
48743,186.0
48744,186.0
48745,110.0
48746,264.0
48747,342.0
48748,264.0
48749,186.0
48750,186.0
48751,186.0
48752,342.0
48753,264.0
48754,186.0
48755,186.0
48756,186.0
48757,264.0
48758,342.0
48759,342.0
48760,424.0
48761,342.0
48762,342.0
48763,264.0
48764,264.0
48765,264.0
48766,264.0
48767,264.0
48768,264.0
48769,186.0
48770,110.0
48771,186.0
48772,55.0
48773,186.0
48774,264.0
48775,186.0
48776,186.0
48777,186.0
48778,186.0
48779,186.0
48780,186.0
48781,264.0
48782,264.0
48783,186.0
48784,186.0
48785,264.0
48786,186.0
48787,186.0
48788,110.0
48789,186.0
48790,110.0
48791,110.0
48792,110.0
48793,186.0
48794,110.0
48795,186.0
48796,110.0
48797,55.0
48798,55.0
48799,0.0
48800,0.0
48801,0.0
48802,55.0
48803,0.0
48804,110.0
48805,186.0
48806,110.0
48807,110.0
48808,55.0
48809,55.0
48810,264.0
48811,342.0
48812,186.0
48813,264.0
48814,186.0
48815,186.0
48816,186.0
48817,186.0
48818,110.0
48819,110.0
48820,186.0
48821,110.0
48822,186.0
48823,186.0
48824,186.0
48825,186.0
48826,342.0
48827,264.0
48828,264.0
48829,186.0
48830,186.0
48831,342.0
48832,264.0
48833,0.0
48834,186.0
48835,186.0
48836,110.0
48837,55.0
48838,55.0
48839,0.0
48840,0.0
48841,0.0
48842,0.0
48843,0.0
48844,0.0
48845,0.0
48846,0.0
48847,0.0
48848,0.0
48849,0.0
48850,55.0
48851,110.0
48852,186.0
48853,186.0
48854,110.0
48855,186.0
48856,55.0
48857,55.0
48858,55.0
48859,55.0
48860,0.0
48861,0.0
48862,0.0
48863,0.0
48864,0.0
48865,0.0
48866,0.0
48867,110.0
48868,110.0
48869,110.0
48870,186.0
48871,264.0
48872,342.0
48873,264.0
48874,110.0
48875,186.0
48876,110.0
48877,110.0
48878,186.0
48879,110.0
48880,264.0
48881,342.0
48882,186.0
48883,264.0
48884,342.0
48885,264.0
48886,186.0
48887,264.0
48888,264.0
48889,342.0
48890,424.0
48891,342.0
48892,342.0
48893,342.0
48894,264.0
48895,186.0
48896,186.0
48897,186.0
48898,110.0
48899,186.0
48900,186.0
48901,186.0
48902,264.0
48903,264.0
48904,264.0
48905,264.0
48906,186.0
48907,264.0
48908,264.0
48909,264.0
48910,186.0
48911,186.0
48912,110.0
48913,186.0
48914,264.0
48915,264.0
48916,264.0
48917,264.0
48918,264.0
48919,264.0
48920,264.0
48921,264.0
48922,264.0
48923,264.0
48924,186.0
48925,110.0
48926,55.0
48927,0.0
48928,0.0
48929,0.0
48930,0.0
48931,0.0
48932,0.0
48933,0.0
48934,0.0
48935,55.0
48936,0.0
48937,55.0
48938,55.0
48939,0.0
48940,0.0
48941,0.0
48942,0.0
48943,0.0
48944,0.0
48945,55.0
48946,0.0
48947,0.0
48948,0.0
48949,55.0
48950,110.0
48951,55.0
48952,55.0
48953,55.0
48954,0.0
48955,0.0
48956,0.0
48957,0.0
48958,55.0
48959,110.0
48960,110.0
48961,55.0
48962,55.0
48963,55.0
48964,55.0
48965,55.0
48966,110.0
48967,0.0
48968,0.0
48969,0.0
48970,0.0
48971,0.0
48972,0.0
48973,0.0
48974,0.0
48975,0.0
48976,110.0
48977,110.0
48978,0.0
48979,55.0
48980,55.0
48981,110.0
48982,55.0
48983,110.0
48984,186.0
48985,55.0
48986,0.0
48987,0.0
48988,0.0
48989,0.0
48990,0.0
48991,0.0
48992,0.0
48993,110.0
48994,186.0
48995,186.0
48996,55.0
48997,0.0
48998,0.0
48999,0.0
49000,0.0
49001,0.0
49002,0.0
49003,0.0
49004,0.0
49005,0.0
49006,0.0
49007,0.0
49008,0.0
49009,0.0
49010,0.0
49011,0.0
49012,0.0
49013,55.0
49014,0.0
49015,0.0
49016,0.0
49017,0.0
49018,0.0
49019,0.0
49020,0.0
49021,0.0
49022,0.0
49023,0.0
49024,55.0
49025,0.0
49026,0.0
49027,0.0
49028,0.0
49029,0.0
49030,0.0
49031,110.0
49032,110.0
49033,110.0
49034,110.0
49035,110.0
49036,110.0
49037,110.0
49038,110.0
49039,55.0
49040,55.0
49041,0.0
49042,55.0
49043,55.0
49044,110.0
49045,55.0
49046,0.0
49047,0.0
49048,0.0
49049,55.0
49050,55.0
49051,55.0
49052,110.0
49053,0.0
49054,55.0
49055,0.0
49056,0.0
49057,110.0
49058,110.0
49059,186.0
49060,110.0
49061,264.0
49062,264.0
49063,264.0
49064,264.0
49065,186.0
49066,186.0
49067,186.0
49068,110.0
49069,186.0
49070,110.0
49071,110.0
49072,186.0
49073,264.0
49074,264.0
49075,264.0
49076,264.0
49077,264.0
49078,186.0
49079,110.0
49080,55.0
49081,110.0
49082,110.0
49083,110.0
49084,110.0
49085,110.0
49086,110.0
49087,110.0
49088,55.0
49089,55.0
49090,110.0
49091,55.0
49092,55.0
49093,0.0
49094,0.0
49095,0.0
49096,55.0
49097,55.0
49098,55.0
49099,55.0
49100,110.0
49101,186.0
49102,186.0
49103,186.0
49104,186.0
49105,55.0
49106,0.0
49107,0.0
49108,0.0
49109,0.0
49110,0.0
49111,0.0
49112,0.0
49113,0.0
49114,0.0
49115,0.0
49116,0.0
49117,0.0
49118,0.0
49119,0.0
49120,0.0
49121,0.0
49122,0.0
49123,0.0
49124,0.0
49125,0.0
49126,0.0
49127,110.0
49128,110.0
49129,110.0
49130,110.0
49131,110.0
49132,55.0
49133,55.0
49134,110.0
49135,186.0
49136,186.0
49137,186.0
49138,186.0
49139,186.0
49140,110.0
49141,110.0
49142,110.0
49143,110.0
49144,55.0
49145,55.0
49146,110.0
49147,110.0
49148,186.0
49149,186.0
49150,264.0
49151,264.0
49152,264.0
49153,264.0
49154,264.0
49155,342.0
49156,342.0
49157,342.0
49158,264.0
49159,342.0
49160,264.0
49161,264.0
49162,342.0
49163,342.0
49164,264.0
49165,186.0
49166,186.0
49167,110.0
49168,110.0
49169,186.0
49170,186.0
49171,110.0
49172,0.0
49173,0.0
49174,110.0
49175,342.0
49176,186.0
49177,264.0
49178,264.0
49179,186.0
49180,55.0
49181,110.0
49182,110.0
49183,0.0
49184,0.0
49185,0.0
49186,0.0
49187,0.0
49188,0.0
49189,55.0
49190,55.0
49191,0.0
49192,0.0
49193,0.0
49194,0.0
49195,0.0
49196,0.0
49197,0.0
49198,0.0
49199,0.0
49200,0.0
49201,0.0
49202,55.0
49203,110.0
49204,110.0
49205,186.0
49206,264.0
49207,264.0
49208,264.0
49209,264.0
49210,264.0
49211,264.0
49212,186.0
49213,55.0
49214,0.0
49215,0.0
49216,55.0
49217,55.0
49218,0.0
49219,0.0
49220,0.0
49221,0.0
49222,0.0
49223,0.0
49224,0.0
49225,0.0
49226,0.0
49227,0.0
49228,0.0
49229,0.0
49230,0.0
49231,0.0
49232,0.0
49233,0.0
49234,0.0
49235,0.0
49236,0.0
49237,0.0
49238,0.0
49239,0.0
49240,110.0
49241,55.0
49242,0.0
49243,0.0
49244,55.0
49245,0.0
49246,0.0
49247,0.0
49248,0.0
49249,0.0
49250,0.0
49251,0.0
49252,0.0
49253,0.0
49254,0.0
49255,0.0
49256,0.0
49257,0.0
49258,0.0
49259,0.0
49260,0.0
49261,0.0
49262,0.0
49263,0.0
49264,0.0
49265,0.0
49266,0.0
49267,0.0
49268,0.0
49269,0.0
49270,0.0
49271,0.0
49272,0.0
49273,0.0
49274,0.0
49275,0.0
49276,0.0
49277,0.0
49278,0.0
49279,0.0
49280,0.0
49281,0.0
49282,0.0
49283,0.0
49284,0.0
49285,0.0
49286,0.0
49287,0.0
49288,0.0
49289,0.0
49290,0.0
49291,0.0
49292,0.0
49293,0.0
49294,0.0
49295,0.0
49296,0.0
49297,0.0
49298,0.0
49299,0.0
49300,0.0
49301,0.0
49302,0.0
49303,0.0
49304,0.0
49305,0.0
49306,0.0
49307,0.0
49308,0.0
49309,0.0
49310,0.0
49311,0.0
49312,0.0
49313,0.0
49314,0.0
49315,0.0
49316,0.0
49317,0.0
49318,0.0
49319,0.0
49320,0.0
49321,0.0
49322,0.0
49323,0.0
49324,0.0
49325,0.0
49326,0.0
49327,0.0
49328,0.0
49329,0.0
49330,0.0
49331,0.0
49332,0.0
49333,0.0
49334,0.0
49335,0.0
49336,186.0
49337,110.0
49338,0.0
49339,186.0
49340,186.0
49341,186.0
49342,0.0
49343,55.0
49344,186.0
49345,55.0
49346,186.0
49347,264.0
49348,264.0
49349,110.0
49350,186.0
49351,55.0
49352,55.0
49353,55.0
49354,186.0
49355,55.0
49356,55.0
49357,55.0
49358,55.0
49359,55.0
49360,55.0
49361,0.0
49362,55.0
49363,55.0
49364,110.0
49365,55.0
49366,55.0
49367,110.0
49368,55.0
49369,55.0
49370,55.0
49371,55.0
49372,110.0
49373,110.0
49374,110.0
49375,110.0
49376,110.0
49377,110.0
49378,186.0
49379,186.0
49380,110.0
49381,110.0
49382,55.0
49383,55.0
49384,110.0
49385,110.0
49386,110.0
49387,110.0
49388,110.0
49389,110.0
49390,186.0
49391,186.0
49392,186.0
49393,264.0
49394,264.0
49395,264.0
49396,342.0
49397,264.0
49398,264.0
49399,342.0
49400,264.0
49401,186.0
49402,264.0
49403,264.0
49404,342.0
49405,342.0
49406,264.0
49407,342.0
49408,264.0
49409,342.0
49410,264.0
49411,186.0
49412,186.0
49413,264.0
49414,342.0
49415,264.0
49416,342.0
49417,186.0
49418,186.0
49419,55.0
49420,186.0
49421,110.0
49422,186.0
49423,342.0
49424,264.0
49425,342.0
49426,264.0
49427,264.0
49428,342.0
49429,264.0
49430,342.0
49431,264.0
49432,264.0
49433,264.0
49434,264.0
49435,186.0
49436,186.0
49437,264.0
49438,110.0
49439,186.0
49440,186.0
49441,110.0
49442,186.0
49443,264.0
49444,342.0
49445,264.0
49446,264.0
49447,186.0
49448,186.0
49449,186.0
49450,186.0
49451,186.0
49452,186.0
49453,186.0
49454,110.0
49455,186.0
49456,186.0
49457,342.0
49458,264.0
49459,186.0
49460,264.0
49461,424.0
49462,342.0
49463,342.0
49464,264.0
49465,342.0
49466,264.0
49467,186.0
49468,186.0
49469,186.0
49470,342.0
49471,424.0
49472,342.0
49473,264.0
49474,264.0
49475,186.0
49476,186.0
49477,264.0
49478,264.0
49479,110.0
49480,186.0
49481,110.0
49482,186.0
49483,110.0
49484,186.0
49485,264.0
49486,186.0
49487,264.0
49488,264.0
49489,264.0
49490,264.0
49491,186.0
49492,110.0
49493,186.0
49494,186.0
49495,264.0
49496,264.0
49497,264.0
49498,186.0
49499,264.0
49500,424.0
49501,342.0
49502,264.0
49503,342.0
49504,424.0
49505,264.0
49506,186.0
49507,186.0
49508,264.0
49509,186.0
49510,110.0
49511,186.0
49512,264.0
49513,186.0
49514,110.0
49515,110.0
49516,186.0
49517,264.0
49518,264.0
49519,342.0
49520,186.0
49521,186.0
49522,186.0
49523,110.0
49524,110.0
49525,0.0
49526,55.0
49527,186.0
49528,186.0
49529,186.0
49530,186.0
49531,264.0
49532,110.0
49533,55.0
49534,110.0
49535,186.0
49536,110.0
49537,186.0
49538,110.0
49539,186.0
49540,186.0
49541,264.0
49542,264.0
49543,264.0
49544,264.0
49545,342.0
49546,342.0
49547,424.0
49548,342.0
49549,264.0
49550,186.0
49551,186.0
49552,110.0
49553,110.0
49554,110.0
49555,186.0
49556,186.0
49557,186.0
49558,110.0
49559,110.0
49560,186.0
49561,186.0
49562,55.0
49563,110.0
49564,110.0
49565,55.0
49566,55.0
49567,0.0
49568,110.0
49569,55.0
49570,55.0
49571,55.0
49572,110.0
49573,264.0
49574,186.0
49575,186.0
49576,110.0
49577,186.0
49578,55.0
49579,0.0
49580,0.0
49581,0.0
49582,0.0
49583,0.0
49584,0.0
49585,0.0
49586,0.0
49587,55.0
49588,110.0
49589,110.0
49590,186.0
49591,264.0
49592,264.0
49593,110.0
49594,0.0
49595,55.0
49596,110.0
49597,110.0
49598,110.0
49599,0.0
49600,186.0
49601,342.0
49602,186.0
49603,186.0
49604,186.0
49605,110.0
49606,264.0
49607,110.0
49608,186.0
49609,264.0
49610,186.0
49611,186.0
49612,110.0
49613,186.0
49614,342.0
49615,342.0
49616,342.0
49617,186.0
49618,264.0
49619,186.0
49620,110.0
49621,186.0
49622,186.0
49623,110.0
49624,186.0
49625,264.0
49626,264.0
49627,186.0
49628,264.0
49629,264.0
49630,342.0
49631,342.0
49632,264.0
49633,186.0
49634,55.0
49635,186.0
49636,342.0
49637,342.0
49638,264.0
49639,186.0
49640,110.0
49641,186.0
49642,264.0
49643,264.0
49644,186.0
49645,264.0
49646,186.0
49647,264.0
49648,186.0
49649,110.0
49650,110.0
49651,186.0
49652,264.0
49653,264.0
49654,186.0
49655,186.0
49656,186.0
49657,264.0
49658,264.0
49659,186.0
49660,110.0
49661,186.0
49662,264.0
49663,342.0
49664,424.0
49665,264.0
49666,264.0
49667,264.0
49668,342.0
49669,264.0
49670,264.0
49671,342.0
49672,424.0
49673,342.0
49674,342.0
49675,424.0
49676,424.0
49677,424.0
49678,424.0
49679,506.0
49680,506.0
49681,506.0
49682,618.0
49683,618.0
49684,730.0
49685,730.0
49686,865.0
49687,1195.0
49688,1391.0
49689,1391.0
49690,1558.0
49691,1195.0
49692,1724.0
49693,1558.0
49694,1195.0
49695,999.0
49696,865.0
49697,865.0
49698,865.0
49699,730.0
49700,618.0
49701,618.0
49702,730.0
49703,730.0
49704,618.0
49705,730.0
49706,730.0
49707,865.0
49708,865.0
49709,999.0
49710,865.0
49711,999.0
49712,730.0
49713,865.0
49714,618.0
49715,618.0
49716,618.0
49717,730.0
49718,618.0
49719,730.0
49720,730.0
49721,730.0
49722,865.0
49723,618.0
49724,999.0
49725,1195.0
49726,1558.0
49727,1195.0
49728,999.0
49729,1391.0
49730,1391.0
49731,1724.0
49732,1391.0
49733,999.0
49734,1391.0
49735,1391.0
49736,1391.0
49737,1724.0
49738,1960.0
49739,2002.0
49740,1909.0
49741,1724.0
49742,1909.0
49743,1724.0
49744,1960.0
49745,2002.0
49746,2002.0
49747,1960.0
49748,1909.0
49749,2002.0
49750,2002.0
49751,2002.0
49752,2050.0
49753,2025.0
49754,2002.0
49755,2050.0
49756,2050.0
49757,2050.0
49758,2050.0
49759,2050.0
49760,2050.0
49761,2050.0
49762,2050.0
49763,2050.0
49764,2044.0
49765,2044.0
49766,2025.0
49767,2025.0
49768,1558.0
49769,1909.0
49770,1724.0
49771,1558.0
49772,1724.0
49773,1828.0
49774,1391.0
49775,1391.0
49776,1558.0
49777,1558.0
49778,1195.0
49779,865.0
49780,999.0
49781,1391.0
49782,1724.0
49783,1195.0
49784,1724.0
49785,1828.0
49786,1391.0
49787,865.0
49788,1195.0
49789,1391.0
49790,1391.0
49791,730.0
49792,865.0
49793,1195.0
49794,865.0
49795,999.0
49796,730.0
49797,506.0
49798,424.0
49799,506.0
49800,506.0
49801,506.0
49802,506.0
49803,506.0
49804,506.0
49805,424.0
49806,342.0
49807,342.0
49808,424.0
49809,506.0
49810,342.0
49811,342.0
49812,342.0
49813,424.0
49814,424.0
49815,506.0
49816,506.0
49817,506.0
49818,506.0
49819,618.0
49820,618.0
49821,865.0
49822,1195.0
49823,865.0
49824,865.0
49825,1195.0
49826,1391.0
49827,999.0
49828,1391.0
49829,1558.0
49830,999.0
49831,999.0
49832,1391.0
49833,1391.0
49834,730.0
49835,506.0
49836,618.0
49837,730.0
49838,618.0
49839,865.0
49840,865.0
49841,1195.0
49842,1195.0
49843,999.0
49844,999.0
49845,730.0
49846,999.0
49847,865.0
49848,506.0
49849,618.0
49850,730.0
49851,730.0
49852,1195.0
49853,1828.0
49854,1558.0
49855,1558.0
49856,1558.0
49857,1195.0
49858,1558.0
49859,1724.0
49860,1724.0
49861,1391.0
49862,1391.0
49863,999.0
49864,865.0
49865,730.0
49866,730.0
49867,1195.0
49868,865.0
49869,1195.0
49870,1391.0
49871,1724.0
49872,1828.0
49873,1960.0
49874,2050.0
49875,1960.0
49876,1960.0
49877,1960.0
49878,1909.0
49879,1909.0
49880,2002.0
49881,1960.0
49882,2025.0
49883,2002.0
49884,2002.0
49885,1960.0
49886,1909.0
49887,1558.0
49888,1724.0
49889,1828.0
49890,1828.0
49891,1724.0
49892,1391.0
49893,1195.0
49894,1558.0
49895,1828.0
49896,1828.0
49897,1558.0
49898,1828.0
49899,1558.0
49900,1391.0
49901,1724.0
49902,1195.0
49903,999.0
49904,1391.0
49905,730.0
49906,618.0
49907,730.0
49908,865.0
49909,618.0
49910,730.0
49911,1195.0
49912,730.0
49913,506.0
49914,865.0
49915,1391.0
49916,865.0
49917,999.0
49918,865.0
49919,865.0
49920,730.0
49921,730.0
49922,865.0
49923,865.0
49924,730.0
49925,865.0
49926,506.0
49927,424.0
49928,506.0
49929,618.0
49930,424.0
49931,342.0
49932,342.0
49933,342.0
49934,424.0
49935,506.0
49936,1195.0
49937,999.0
49938,865.0
49939,999.0
49940,999.0
49941,618.0
49942,1391.0
49943,1391.0
49944,1195.0
49945,1558.0
49946,865.0
49947,865.0
49948,1195.0
49949,1558.0
49950,999.0
49951,730.0
49952,1195.0
49953,865.0
49954,865.0
49955,865.0
49956,999.0
49957,865.0
49958,730.0
49959,424.0
49960,506.0
49961,506.0
49962,342.0
49963,342.0
49964,342.0
49965,424.0
49966,506.0
49967,506.0
49968,618.0
49969,618.0
49970,424.0
49971,424.0
49972,424.0
49973,618.0
49974,730.0
49975,618.0
49976,618.0
49977,618.0
49978,618.0
49979,618.0
49980,618.0
49981,730.0
49982,999.0
49983,999.0
49984,999.0
49985,1195.0
49986,865.0
49987,865.0
49988,1195.0
49989,1391.0
49990,1195.0
49991,1391.0
49992,1558.0
49993,1391.0
49994,1828.0
49995,1558.0
49996,1558.0
49997,1724.0
49998,1391.0
49999,1724.0
50000,1724.0
50001,1391.0
50002,1724.0
50003,1558.0
50004,1724.0
50005,1558.0
50006,1391.0
50007,1195.0
50008,1828.0
50009,1391.0
50010,1391.0
50011,1558.0
50012,1195.0
50013,999.0
50014,999.0
50015,1195.0
50016,999.0
50017,1195.0
50018,1195.0
50019,865.0
50020,999.0
50021,1195.0
50022,865.0
50023,730.0
50024,865.0
50025,730.0
50026,424.0
50027,342.0
50028,424.0
50029,506.0
50030,506.0
50031,506.0
50032,618.0
50033,618.0
50034,999.0
50035,730.0
50036,506.0
50037,424.0
50038,424.0
50039,342.0
50040,424.0
50041,342.0
50042,506.0
50043,618.0
50044,506.0
50045,506.0
50046,424.0
50047,424.0
50048,506.0
50049,424.0
50050,264.0
50051,264.0
50052,342.0
50053,424.0
50054,424.0
50055,506.0
50056,424.0
50057,264.0
50058,342.0
50059,424.0
50060,186.0
50061,186.0
50062,186.0
50063,110.0
50064,110.0
50065,186.0
50066,186.0
50067,264.0
50068,110.0
50069,186.0
50070,110.0
50071,110.0
50072,110.0
50073,0.0
50074,0.0
50075,0.0
50076,110.0
50077,55.0
50078,186.0
50079,264.0
50080,342.0
50081,264.0
50082,264.0
50083,264.0
50084,342.0
50085,342.0
50086,264.0
50087,264.0
50088,186.0
50089,342.0
50090,264.0
50091,264.0
50092,264.0
50093,264.0
50094,264.0
50095,264.0
50096,186.0
50097,110.0
50098,110.0
50099,264.0
50100,342.0
50101,186.0
50102,55.0
50103,186.0
50104,264.0
50105,264.0
50106,264.0
50107,186.0
50108,264.0
50109,186.0
50110,186.0
50111,186.0
50112,264.0
50113,264.0
50114,342.0
50115,424.0
50116,424.0
50117,424.0
50118,424.0
50119,424.0
50120,264.0
50121,342.0
50122,342.0
50123,342.0
50124,424.0
50125,424.0
50126,424.0
50127,342.0
50128,186.0
50129,186.0
50130,186.0
50131,186.0
50132,186.0
50133,186.0
50134,186.0
50135,264.0
50136,342.0
50137,342.0
50138,342.0
50139,264.0
50140,264.0
50141,342.0
50142,264.0
50143,264.0
50144,264.0
50145,342.0
50146,424.0
50147,424.0
50148,342.0
50149,264.0
50150,264.0
50151,342.0
50152,264.0
50153,186.0
50154,342.0
50155,186.0
50156,186.0
50157,186.0
50158,186.0
50159,110.0
50160,110.0
50161,264.0
50162,264.0
50163,264.0
50164,342.0
50165,342.0
50166,342.0
50167,342.0
50168,264.0
50169,342.0
50170,342.0
50171,342.0
50172,342.0
50173,342.0
50174,264.0
50175,264.0
50176,342.0
50177,424.0
50178,264.0
50179,424.0
50180,424.0
50181,424.0
50182,424.0
50183,424.0
50184,506.0
50185,342.0
50186,342.0
50187,264.0
50188,342.0
50189,424.0
50190,342.0
50191,342.0
50192,424.0
50193,342.0
50194,506.0
50195,618.0
50196,424.0
50197,506.0
50198,618.0
50199,730.0
50200,618.0
50201,506.0
50202,506.0
50203,424.0
50204,730.0
50205,865.0
50206,999.0
50207,865.0
50208,1195.0
50209,1391.0
50210,1391.0
50211,1558.0
50212,1391.0
50213,1558.0
50214,1558.0
50215,1828.0
50216,1558.0
50217,2002.0
50218,1960.0
50219,1391.0
50220,1909.0
50221,2002.0
50222,1909.0
50223,1828.0
50224,1724.0
50225,1724.0
50226,1724.0
50227,1724.0
50228,1724.0
50229,1909.0
50230,1828.0
50231,1391.0
50232,1724.0
50233,1724.0
50234,1391.0
50235,730.0
50236,1391.0
50237,1724.0
50238,1391.0
50239,865.0
50240,999.0
50241,865.0
50242,618.0
50243,424.0
50244,618.0
50245,865.0
50246,999.0
50247,1558.0
50248,1724.0
50249,1828.0
50250,1828.0
50251,1960.0
50252,1828.0
50253,1724.0
50254,1909.0
50255,1909.0
50256,1828.0
50257,1558.0
50258,1558.0
50259,1391.0
50260,1195.0
50261,1195.0
50262,1195.0
50263,1724.0
50264,999.0
50265,865.0
50266,865.0
50267,865.0
50268,865.0
50269,730.0
50270,730.0
50271,730.0
50272,865.0
50273,618.0
50274,618.0
50275,618.0
50276,618.0
50277,618.0
50278,506.0
50279,506.0
50280,342.0
50281,264.0
50282,342.0
50283,506.0
50284,506.0
50285,424.0
50286,506.0
50287,424.0
50288,424.0
50289,424.0
50290,424.0
50291,424.0
50292,618.0
50293,730.0
50294,618.0
50295,506.0
50296,424.0
50297,424.0
50298,424.0
50299,618.0
50300,506.0
50301,506.0
50302,424.0
50303,506.0
50304,730.0
50305,618.0
50306,865.0
50307,999.0
50308,865.0
50309,999.0
50310,730.0
50311,618.0
50312,618.0
50313,506.0
50314,506.0
50315,506.0
50316,506.0
50317,618.0
50318,618.0
50319,865.0
50320,865.0
50321,999.0
50322,1195.0
50323,999.0
50324,1558.0
50325,1558.0
50326,1558.0
50327,1195.0
50328,1724.0
50329,1724.0
50330,1558.0
50331,1391.0
50332,1558.0
50333,1195.0
50334,1195.0
50335,865.0
50336,999.0
50337,999.0
50338,730.0
50339,999.0
50340,1195.0
50341,999.0
50342,1195.0
50343,1558.0
50344,1195.0
50345,999.0
50346,1724.0
50347,1909.0
50348,1724.0
50349,1558.0
50350,1391.0
50351,1724.0
50352,1195.0
50353,1724.0
50354,1724.0
50355,1724.0
50356,1960.0
50357,2025.0
50358,1909.0
50359,1724.0
50360,1724.0
50361,1909.0
50362,1724.0
50363,1909.0
50364,2025.0
50365,2002.0
50366,1960.0
50367,1828.0
50368,1558.0
50369,1391.0
50370,1391.0
50371,1558.0
50372,1724.0
50373,1828.0
50374,1828.0
50375,1909.0
50376,2002.0
50377,1828.0
50378,1909.0
50379,1828.0
50380,1828.0
50381,1960.0
50382,1909.0
50383,1909.0
50384,1960.0
50385,2002.0
50386,2002.0
50387,1909.0
50388,1828.0
50389,1828.0
50390,1909.0
50391,1909.0
50392,2025.0
50393,2002.0
50394,2002.0
50395,1960.0
50396,2025.0
50397,2002.0
50398,2025.0
50399,1960.0
50400,2044.0
50401,2044.0
50402,2044.0
50403,1960.0
50404,2025.0
50405,2050.0
50406,2050.0
50407,2050.0
50408,2002.0
50409,2050.0
50410,2002.0
50411,1909.0
50412,1909.0
50413,1909.0
50414,1909.0
50415,2002.0
50416,1909.0
50417,1909.0
50418,1828.0
50419,1960.0
50420,2044.0
50421,2002.0
50422,2002.0
50423,1828.0
50424,1960.0
50425,1960.0
50426,1960.0
50427,2002.0
50428,1960.0
50429,2002.0
50430,1960.0
50431,1909.0
50432,2025.0
50433,1909.0
50434,2025.0
50435,2002.0
50436,1960.0
50437,2002.0
50438,2002.0
50439,1960.0
50440,1909.0
50441,1909.0
50442,1909.0
50443,2002.0
50444,1960.0
50445,1828.0
50446,2002.0
50447,2002.0
50448,2002.0
50449,2050.0
50450,2050.0
50451,2050.0
50452,2025.0
50453,2025.0
50454,2002.0
50455,1960.0
50456,1909.0
50457,1909.0
50458,1909.0
50459,1828.0
50460,1828.0
50461,1909.0
50462,1909.0
50463,1724.0
50464,1724.0
50465,1724.0
50466,1558.0
50467,1195.0
50468,1724.0
50469,1391.0
50470,999.0
50471,865.0
50472,999.0
50473,1558.0
50474,1195.0
50475,1391.0
50476,1724.0
50477,1724.0
50478,1828.0
50479,2025.0
50480,1724.0
50481,1558.0
50482,1828.0
50483,1391.0
50484,1195.0
50485,1391.0
50486,1391.0
50487,1195.0
50488,730.0
50489,1195.0
50490,1391.0
50491,1558.0
50492,1724.0
50493,1391.0
50494,999.0
50495,1195.0
50496,1195.0
50497,999.0
50498,865.0
50499,1558.0
50500,1558.0
50501,1195.0
50502,1195.0
50503,1195.0
50504,1558.0
50505,999.0
50506,865.0
50507,506.0
50508,618.0
50509,730.0
50510,730.0
50511,865.0
50512,865.0
50513,865.0
50514,730.0
50515,999.0
50516,999.0
50517,730.0
50518,730.0
50519,506.0
50520,506.0
50521,618.0
50522,506.0
50523,506.0
50524,424.0
50525,506.0
50526,618.0
50527,865.0
50528,865.0
50529,730.0
50530,865.0
50531,730.0
50532,618.0
50533,618.0
50534,865.0
50535,865.0
50536,730.0
50537,999.0
50538,999.0
50539,999.0
50540,1558.0
50541,1558.0
50542,1391.0
50543,1391.0
50544,1828.0
50545,1909.0
50546,2002.0
50547,2050.0
50548,2044.0
50549,2050.0
50550,1909.0
50551,1724.0
50552,1558.0
50553,1724.0
50554,1828.0
50555,1391.0
50556,1558.0
50557,1558.0
50558,1558.0
50559,1558.0
50560,1909.0
50561,1828.0
50562,1724.0
50563,1391.0
50564,1828.0
50565,1724.0
50566,1558.0
50567,1391.0
50568,1724.0
50569,1724.0
50570,1724.0
50571,1558.0
50572,1724.0
50573,1909.0
50574,1909.0
50575,1909.0
50576,1828.0
50577,1909.0
50578,1195.0
50579,1960.0
50580,1909.0
50581,1828.0
50582,1724.0
50583,1724.0
50584,1828.0
50585,1828.0
50586,1724.0
50587,1828.0
50588,1960.0
50589,1828.0
50590,1724.0
50591,2002.0
50592,1828.0
50593,999.0
50594,1724.0
50595,2002.0
50596,1828.0
50597,2002.0
50598,1828.0
50599,1828.0
50600,1828.0
50601,1724.0
50602,1558.0
50603,1724.0
50604,1195.0
50605,1828.0
50606,1558.0
50607,1828.0
50608,1960.0
50609,1558.0
50610,1391.0
50611,1391.0
50612,1391.0
50613,1724.0
50614,1828.0
50615,1391.0
50616,730.0
50617,999.0
50618,1195.0
50619,999.0
50620,865.0
50621,1391.0
50622,1558.0
50623,1558.0
50624,1195.0
50625,1558.0
50626,1391.0
50627,1724.0
50628,1391.0
50629,1724.0
50630,999.0
50631,1195.0
50632,1558.0
50633,1391.0
50634,1391.0
50635,1558.0
50636,1558.0
50637,1558.0
50638,1558.0
50639,1558.0
50640,1558.0
50641,1558.0
50642,2002.0
50643,2025.0
50644,2002.0
50645,2002.0
50646,2025.0
50647,2044.0
50648,2002.0
50649,2050.0
50650,2044.0
50651,2050.0
50652,2050.0
50653,2025.0
50654,2050.0
50655,2050.0
50656,2050.0
50657,2050.0
50658,2050.0
50659,2050.0
50660,2050.0
50661,2050.0
50662,2050.0
50663,2050.0
50664,2050.0
50665,2050.0
50666,2050.0
50667,2050.0
50668,2050.0
50669,2050.0
50670,2025.0
50671,2002.0
50672,1828.0
50673,2002.0
50674,2002.0
50675,2050.0
50676,2044.0
50677,2050.0
50678,2050.0
50679,2050.0
50680,2050.0
50681,2050.0
50682,2050.0
50683,2002.0
50684,1960.0
50685,1909.0
50686,1960.0
50687,2050.0
50688,2050.0
50689,2050.0
50690,2050.0
50691,2050.0
50692,2050.0
50693,2050.0
50694,1960.0
50695,2002.0
50696,2044.0
50697,2050.0
50698,2002.0
50699,2025.0
50700,2002.0
50701,2025.0
50702,2044.0
50703,2002.0
50704,2002.0
50705,2025.0
50706,999.0
50707,424.0
50708,999.0
50709,1724.0
50710,1909.0
50711,1828.0
50712,1724.0
50713,2002.0
50714,1558.0
50715,1558.0
50716,1558.0
50717,1195.0
50718,1195.0
50719,1558.0
50720,1558.0
50721,1558.0
50722,1391.0
50723,1724.0
50724,1391.0
50725,1195.0
50726,1558.0
50727,1724.0
50728,1724.0
50729,1724.0
50730,1724.0
50731,1195.0
50732,1724.0
50733,1391.0
50734,1724.0
50735,1724.0
50736,999.0
50737,1828.0
50738,1558.0
50739,1391.0
50740,999.0
50741,1391.0
50742,1195.0
50743,865.0
50744,1195.0
50745,865.0
50746,1558.0
50747,1195.0
50748,1391.0
50749,999.0
50750,730.0
50751,865.0
50752,865.0
50753,865.0
50754,1195.0
50755,999.0
50756,730.0
50757,999.0
50758,730.0
50759,865.0
50760,1195.0
50761,1195.0
50762,999.0
50763,999.0
50764,865.0
50765,730.0
50766,730.0
50767,618.0
50768,506.0
50769,506.0
50770,424.0
50771,618.0
50772,424.0
50773,424.0
50774,342.0
50775,424.0
50776,424.0
50777,506.0
50778,506.0
50779,506.0
50780,342.0
50781,424.0
50782,506.0
50783,424.0
50784,506.0
50785,506.0
50786,424.0
50787,506.0
50788,506.0
50789,506.0
50790,424.0
50791,506.0
50792,506.0
50793,618.0
50794,424.0
50795,618.0
50796,618.0
50797,618.0
50798,506.0
50799,618.0
50800,506.0
50801,424.0
50802,342.0
50803,424.0
50804,424.0
50805,424.0
50806,342.0
50807,424.0
50808,506.0
50809,506.0
50810,618.0
50811,506.0
50812,342.0
50813,342.0
50814,342.0
50815,506.0
50816,506.0
50817,424.0
50818,865.0
50819,865.0
50820,999.0
50821,730.0
50822,999.0
50823,865.0
50824,1391.0
50825,1391.0
50826,1391.0
50827,1195.0
50828,1391.0
50829,999.0
50830,1391.0
50831,1195.0
50832,1391.0
50833,1195.0
50834,1724.0
50835,865.0
50836,865.0
50837,865.0
50838,865.0
50839,999.0
50840,730.0
50841,999.0
50842,865.0
50843,999.0
50844,1195.0
50845,865.0
50846,730.0
50847,730.0
50848,730.0
50849,618.0
50850,730.0
50851,730.0
50852,730.0
50853,618.0
50854,865.0
50855,865.0
50856,1391.0
50857,1558.0
50858,1195.0
50859,1195.0
50860,1391.0
50861,1724.0
50862,1909.0
50863,1909.0
50864,1960.0
50865,2025.0
50866,2050.0
50867,2025.0
50868,2050.0
50869,2044.0
50870,2044.0
50871,2050.0
50872,2050.0
50873,2050.0
50874,2050.0
50875,2050.0
50876,2050.0
50877,2050.0
50878,2050.0
50879,2050.0
50880,2050.0
50881,2050.0
50882,2050.0
50883,2050.0
50884,2050.0
50885,2050.0
50886,2050.0
50887,2050.0
50888,2050.0
50889,2050.0
50890,2050.0
50891,2050.0
50892,2050.0
50893,2050.0
50894,2050.0
50895,2050.0
50896,2050.0
50897,2050.0
50898,2050.0
50899,2050.0
50900,2050.0
50901,2044.0
50902,2044.0
50903,2050.0
50904,2050.0
50905,2044.0
50906,2002.0
50907,2025.0
50908,2050.0
50909,2050.0
50910,2050.0
50911,2050.0
50912,2050.0
50913,2050.0
50914,2050.0
50915,2044.0
50916,2025.0
50917,2044.0
50918,2002.0
50919,2050.0
50920,2025.0
50921,2025.0
50922,2050.0
50923,1960.0
50924,2050.0
50925,2050.0
50926,2050.0
50927,2002.0
50928,1960.0
50929,1909.0
50930,2044.0
50931,2050.0
50932,2044.0
50933,1909.0
50934,2050.0
50935,2050.0
50936,2044.0
50937,2002.0
50938,2050.0
50939,2002.0
50940,1960.0
50941,1724.0
50942,1724.0
50943,1909.0
50944,1909.0
50945,2002.0
50946,1195.0
50947,999.0
50948,865.0
50949,999.0
50950,1558.0
50951,999.0
50952,1391.0
50953,865.0
50954,730.0
50955,865.0
50956,730.0
50957,865.0
50958,999.0
50959,999.0
50960,1195.0
50961,999.0
50962,1195.0
50963,1195.0
50964,1391.0
50965,999.0
50966,730.0
50967,730.0
50968,865.0
50969,1195.0
50970,1391.0
50971,1391.0
50972,1558.0
50973,1828.0
50974,1909.0
50975,1724.0
50976,1909.0
50977,1195.0
50978,1195.0
50979,1391.0
50980,1558.0
50981,1558.0
50982,1558.0
50983,1828.0
50984,1828.0
50985,1558.0
50986,999.0
50987,865.0
50988,999.0
50989,999.0
50990,1558.0
50991,1391.0
50992,1391.0
50993,999.0
50994,1391.0
50995,1391.0
50996,1724.0
50997,1724.0
50998,1724.0
50999,1909.0
51000,1828.0
51001,1960.0
51002,1558.0
51003,1391.0
51004,1195.0
51005,999.0
51006,865.0
51007,618.0
51008,618.0
51009,424.0
51010,506.0
51011,506.0
51012,618.0
51013,618.0
51014,618.0
51015,424.0
51016,506.0
51017,424.0
51018,342.0
51019,342.0
51020,264.0
51021,264.0
51022,264.0
51023,264.0
51024,264.0
51025,264.0
51026,424.0
51027,424.0
51028,506.0
51029,506.0
51030,506.0
51031,424.0
51032,424.0
51033,506.0
51034,506.0
51035,865.0
51036,730.0
51037,424.0
51038,506.0
51039,424.0
51040,424.0
51041,424.0
51042,424.0
51043,342.0
51044,424.0
51045,424.0
51046,424.0
51047,424.0
51048,424.0
51049,618.0
51050,506.0
51051,506.0
51052,506.0
51053,506.0
51054,618.0
51055,999.0
51056,1195.0
51057,1558.0
51058,1558.0
51059,1558.0
51060,1960.0
51061,1960.0
51062,1960.0
51063,1960.0
51064,2002.0
51065,1828.0
51066,1724.0
51067,1828.0
51068,1724.0
51069,1960.0
51070,1909.0
51071,1960.0
51072,1960.0
51073,2002.0
51074,2002.0
51075,1909.0
51076,1960.0
51077,2025.0
51078,2002.0
51079,1960.0
51080,1909.0
51081,1960.0
51082,1909.0
51083,1909.0
51084,2025.0
51085,2025.0
51086,2025.0
51087,1960.0
51088,2050.0
51089,2050.0
51090,2044.0
51091,2050.0
51092,2050.0
51093,2050.0
51094,2044.0
51095,2025.0
51096,2002.0
51097,2050.0
51098,2025.0
51099,2025.0
51100,2002.0
51101,2002.0
51102,2002.0
51103,1960.0
51104,2002.0
51105,2025.0
51106,2044.0
51107,2044.0
51108,2025.0
51109,2044.0
51110,2050.0
51111,2002.0
51112,1960.0
51113,2044.0
51114,2025.0
51115,2025.0
51116,1960.0
51117,2050.0
51118,2025.0
51119,1960.0
51120,1724.0
51121,1558.0
51122,1391.0
51123,1558.0
51124,1724.0
51125,1724.0
51126,1195.0
51127,1558.0
51128,1724.0
51129,1558.0
51130,1724.0
51131,1195.0
51132,1724.0
51133,1558.0
51134,1558.0
51135,1391.0
51136,1558.0
51137,1724.0
51138,1558.0
51139,1558.0
51140,1195.0
51141,1558.0
51142,1558.0
51143,1195.0
51144,1391.0
51145,1558.0
51146,1391.0
51147,1558.0
51148,1828.0
51149,1391.0
51150,865.0
51151,999.0
51152,1391.0
51153,1391.0
51154,1724.0
51155,1391.0
51156,1195.0
51157,1391.0
51158,1391.0
51159,1195.0
51160,999.0
51161,999.0
51162,1195.0
51163,999.0
51164,1195.0
51165,1195.0
51166,1558.0
51167,1195.0
51168,1195.0
51169,865.0
51170,730.0
51171,730.0
51172,730.0
51173,618.0
51174,730.0
51175,730.0
51176,999.0
51177,999.0
51178,1195.0
51179,1195.0
51180,999.0
51181,999.0
51182,1558.0
51183,1195.0
51184,1391.0
51185,1195.0
51186,1391.0
51187,1391.0
51188,999.0
51189,999.0
51190,999.0
51191,1391.0
51192,618.0
51193,506.0
51194,424.0
51195,506.0
51196,424.0
51197,506.0
51198,506.0
51199,618.0
51200,506.0
51201,506.0
51202,506.0
51203,424.0
51204,424.0
51205,424.0
51206,424.0
51207,506.0
51208,506.0
51209,730.0
51210,618.0
51211,342.0
51212,186.0
51213,186.0
51214,186.0
51215,342.0
51216,424.0
51217,342.0
51218,342.0
51219,342.0
51220,618.0
51221,618.0
51222,506.0
51223,618.0
51224,865.0
51225,865.0
51226,618.0
51227,618.0
51228,506.0
51229,424.0
51230,424.0
51231,342.0
51232,506.0
51233,424.0
51234,424.0
51235,506.0
51236,506.0
51237,506.0
51238,424.0
51239,424.0
51240,506.0
51241,618.0
51242,618.0
51243,618.0
51244,506.0
51245,424.0
51246,342.0
51247,342.0
51248,342.0
51249,342.0
51250,342.0
51251,342.0
51252,424.0
51253,342.0
51254,506.0
51255,424.0
51256,424.0
51257,424.0
51258,424.0
51259,342.0
51260,342.0
51261,342.0
51262,264.0
51263,342.0
51264,424.0
51265,424.0
51266,424.0
51267,342.0
51268,342.0
51269,424.0
51270,424.0
51271,424.0
51272,342.0
51273,342.0
51274,424.0
51275,506.0
51276,342.0
51277,342.0
51278,342.0
51279,424.0
51280,342.0
51281,342.0
51282,342.0
51283,342.0
51284,342.0
51285,186.0
51286,186.0
51287,110.0
51288,110.0
51289,186.0
51290,110.0
51291,110.0
51292,110.0
51293,186.0
51294,186.0
51295,110.0
51296,55.0
51297,110.0
51298,110.0
51299,186.0
51300,186.0
51301,186.0
51302,110.0
51303,55.0
51304,55.0
51305,110.0
51306,186.0
51307,264.0
51308,186.0
51309,110.0
51310,55.0
51311,55.0
51312,55.0
51313,55.0
51314,110.0
51315,55.0
51316,55.0
51317,55.0
51318,0.0
51319,0.0
51320,0.0
51321,0.0
51322,55.0
51323,0.0
51324,0.0
51325,55.0
51326,0.0
51327,0.0
51328,0.0
51329,0.0
51330,0.0
51331,0.0
51332,0.0
51333,0.0
51334,0.0
51335,0.0
51336,0.0
51337,0.0
51338,0.0
51339,0.0
51340,0.0
51341,0.0
51342,0.0
51343,0.0
51344,0.0
51345,0.0
51346,0.0
51347,0.0
51348,0.0
51349,0.0
51350,0.0
51351,0.0
51352,0.0
51353,0.0
51354,0.0
51355,0.0
51356,0.0
51357,0.0
51358,0.0
51359,0.0
51360,0.0
51361,0.0
51362,0.0
51363,0.0
51364,0.0
51365,0.0
51366,0.0
51367,0.0
51368,0.0
51369,0.0
51370,0.0
51371,0.0
51372,0.0
51373,0.0
51374,0.0
51375,0.0
51376,0.0
51377,110.0
51378,110.0
51379,110.0
51380,110.0
51381,110.0
51382,110.0
51383,110.0
51384,110.0
51385,55.0
51386,110.0
51387,186.0
51388,186.0
51389,110.0
51390,110.0
51391,264.0
51392,264.0
51393,342.0
51394,342.0
51395,424.0
51396,342.0
51397,186.0
51398,424.0
51399,342.0
51400,264.0
51401,342.0
51402,342.0
51403,264.0
51404,186.0
51405,186.0
51406,186.0
51407,264.0
51408,186.0
51409,110.0
51410,264.0
51411,264.0
51412,264.0
51413,264.0
51414,186.0
51415,186.0
51416,186.0
51417,264.0
51418,186.0
51419,186.0
51420,110.0
51421,110.0
51422,110.0
51423,110.0
51424,264.0
51425,186.0
51426,186.0
51427,110.0
51428,186.0
51429,186.0
51430,186.0
51431,110.0
51432,186.0
51433,186.0
51434,186.0
51435,186.0
51436,186.0
51437,186.0
51438,186.0
51439,264.0
51440,264.0
51441,264.0
51442,186.0
51443,186.0
51444,186.0
51445,186.0
51446,186.0
51447,264.0
51448,264.0
51449,342.0
51450,264.0
51451,342.0
51452,424.0
51453,342.0
51454,342.0
51455,424.0
51456,342.0
51457,424.0
51458,424.0
51459,342.0
51460,342.0
51461,424.0
51462,424.0
51463,342.0
51464,506.0
51465,506.0
51466,618.0
51467,506.0
51468,618.0
51469,618.0
51470,618.0
51471,506.0
51472,424.0
51473,618.0
51474,730.0
51475,618.0
51476,506.0
51477,618.0
51478,730.0
51479,506.0
51480,730.0
51481,865.0
51482,999.0
51483,999.0
51484,865.0
51485,1195.0
51486,730.0
51487,730.0
51488,999.0
51489,865.0
51490,999.0
51491,865.0
51492,999.0
51493,730.0
51494,865.0
51495,730.0
51496,730.0
51497,618.0
51498,618.0
51499,730.0
51500,865.0
51501,618.0
51502,999.0
51503,730.0
51504,618.0
51505,1195.0
51506,1391.0
51507,1195.0
51508,1391.0
51509,1195.0
51510,1909.0
51511,1960.0
51512,1391.0
51513,730.0
51514,730.0
51515,618.0
51516,618.0
51517,730.0
51518,618.0
51519,730.0
51520,1195.0
51521,1195.0
51522,1391.0
51523,1195.0
51524,865.0
51525,1195.0
51526,1391.0
51527,1391.0
51528,1724.0
51529,1828.0
51530,1724.0
51531,1724.0
51532,1724.0
51533,1828.0
51534,1391.0
51535,1558.0
51536,1558.0
51537,1828.0
51538,1724.0
51539,1724.0
51540,1724.0
51541,1909.0
51542,1828.0
51543,1828.0
51544,1960.0
51545,1960.0
51546,1828.0
51547,1828.0
51548,1909.0
51549,1909.0
51550,1828.0
51551,1828.0
51552,1391.0
51553,1724.0
51554,1391.0
51555,1558.0
51556,1724.0
51557,999.0
51558,1391.0
51559,1724.0
51560,1391.0
51561,999.0
51562,999.0
51563,865.0
51564,999.0
51565,1195.0
51566,1195.0
51567,865.0
51568,999.0
51569,730.0
51570,1195.0
51571,730.0
51572,730.0
51573,865.0
51574,618.0
51575,506.0
51576,618.0
51577,999.0
51578,999.0
51579,865.0
51580,730.0
51581,730.0
51582,865.0
51583,865.0
51584,865.0
51585,865.0
51586,999.0
51587,1195.0
51588,999.0
51589,999.0
51590,999.0
51591,1558.0
51592,1391.0
51593,1391.0
51594,1391.0
51595,730.0
51596,730.0
51597,865.0
51598,1195.0
51599,618.0
51600,618.0
51601,506.0
51602,424.0
51603,618.0
51604,1195.0
51605,999.0
51606,865.0
51607,999.0
51608,865.0
51609,618.0
51610,730.0
51611,506.0
51612,424.0
51613,424.0
51614,618.0
51615,506.0
51616,424.0
51617,424.0
51618,424.0
51619,424.0
51620,424.0
51621,424.0
51622,424.0
51623,424.0
51624,424.0
51625,730.0
51626,865.0
51627,730.0
51628,730.0
51629,618.0
51630,506.0
51631,618.0
51632,730.0
51633,730.0
51634,865.0
51635,865.0
51636,730.0
51637,618.0
51638,730.0
51639,865.0
51640,865.0
51641,618.0
51642,618.0
51643,424.0
51644,424.0
51645,506.0
51646,730.0
51647,730.0
51648,730.0
51649,730.0
51650,730.0
51651,730.0
51652,506.0
51653,506.0
51654,424.0
51655,424.0
51656,506.0
51657,618.0
51658,506.0
51659,730.0
51660,865.0
51661,865.0
51662,424.0
51663,424.0
51664,730.0
51665,618.0
51666,618.0
51667,506.0
51668,342.0
51669,342.0
51670,342.0
51671,424.0
51672,342.0
51673,342.0
51674,506.0
51675,424.0
51676,506.0
51677,506.0
51678,264.0
51679,264.0
51680,424.0
51681,506.0
51682,865.0
51683,1195.0
51684,999.0
51685,1195.0
51686,865.0
51687,618.0
51688,999.0
51689,618.0
51690,618.0
51691,506.0
51692,618.0
51693,618.0
51694,618.0
51695,999.0
51696,730.0
51697,506.0
51698,618.0
51699,618.0
51700,618.0
51701,506.0
51702,506.0
51703,506.0
51704,506.0
51705,424.0
51706,264.0
51707,342.0
51708,506.0
51709,506.0
51710,618.0
51711,730.0
51712,506.0
51713,424.0
51714,424.0
51715,342.0
51716,342.0
51717,424.0
51718,618.0
51719,618.0
51720,618.0
51721,865.0
51722,865.0
51723,618.0
51724,618.0
51725,618.0
51726,618.0
51727,424.0
51728,342.0
51729,424.0
51730,342.0
51731,264.0
51732,264.0
51733,264.0
51734,186.0
51735,342.0
51736,342.0
51737,264.0
51738,264.0
51739,264.0
51740,186.0
51741,186.0
51742,55.0
51743,0.0
51744,0.0
51745,0.0
51746,55.0
51747,55.0
51748,186.0
51749,110.0
51750,0.0
51751,0.0
51752,55.0
51753,0.0
51754,0.0
51755,0.0
51756,0.0
51757,0.0
51758,55.0
51759,0.0
51760,0.0
51761,186.0
51762,186.0
51763,0.0
51764,0.0
51765,0.0
51766,0.0
51767,0.0
51768,0.0
51769,110.0
51770,186.0
51771,186.0
51772,110.0
51773,0.0
51774,0.0
51775,0.0
51776,186.0
51777,186.0
51778,55.0
51779,0.0
51780,0.0
51781,0.0
51782,0.0
51783,0.0
51784,0.0
51785,0.0
51786,55.0
51787,424.0
51788,618.0
51789,186.0
51790,186.0
51791,264.0
51792,186.0
51793,55.0
51794,0.0
51795,186.0
51796,186.0
51797,186.0
51798,186.0
51799,264.0
51800,186.0
51801,55.0
51802,424.0
51803,110.0
51804,0.0
51805,110.0
51806,186.0
51807,264.0
51808,186.0
51809,186.0
51810,264.0
51811,342.0
51812,264.0
51813,424.0
51814,618.0
51815,618.0
51816,618.0
51817,506.0
51818,730.0
51819,730.0
51820,730.0
51821,999.0
51822,618.0
51823,618.0
51824,506.0
51825,730.0
51826,618.0
51827,506.0
51828,506.0
51829,506.0
51830,342.0
51831,506.0
51832,424.0
51833,618.0
51834,424.0
51835,342.0
51836,424.0
51837,424.0
51838,342.0
51839,264.0
51840,264.0
51841,342.0
51842,342.0
51843,342.0
51844,424.0
51845,342.0
51846,342.0
51847,506.0
51848,506.0
51849,342.0
51850,424.0
51851,342.0
51852,342.0
51853,264.0
51854,186.0
51855,264.0
51856,264.0
51857,186.0
51858,264.0
51859,264.0
51860,342.0
51861,424.0
51862,342.0
51863,342.0
51864,342.0
51865,342.0
51866,342.0
51867,342.0
51868,342.0
51869,342.0
51870,342.0
51871,424.0
51872,506.0
51873,342.0
51874,342.0
51875,264.0
51876,342.0
51877,424.0
51878,342.0
51879,264.0
51880,264.0
51881,264.0
51882,264.0
51883,342.0
51884,264.0
51885,264.0
51886,264.0
51887,264.0
51888,186.0
51889,186.0
51890,264.0
51891,264.0
51892,264.0
51893,264.0
51894,264.0
51895,342.0
51896,342.0
51897,342.0
51898,424.0
51899,342.0
51900,186.0
51901,264.0
51902,264.0
51903,264.0
51904,264.0
51905,264.0
51906,186.0
51907,264.0
51908,186.0
51909,264.0
51910,264.0
51911,186.0
51912,186.0
51913,186.0
51914,264.0
51915,264.0
51916,264.0
51917,264.0
51918,186.0
51919,264.0
51920,264.0
51921,264.0
51922,186.0
51923,264.0
51924,264.0
51925,186.0
51926,110.0
51927,186.0
51928,264.0
51929,264.0
51930,264.0
51931,264.0
51932,264.0
51933,264.0
51934,264.0
51935,342.0
51936,342.0
51937,424.0
51938,424.0
51939,342.0
51940,264.0
51941,186.0
51942,186.0
51943,186.0
51944,264.0
51945,186.0
51946,264.0
51947,186.0
51948,264.0
51949,186.0
51950,342.0
51951,264.0
51952,342.0
51953,342.0
51954,264.0
51955,264.0
51956,424.0
51957,342.0
51958,264.0
51959,342.0
51960,264.0
51961,186.0
51962,186.0
51963,186.0
51964,186.0
51965,186.0
51966,186.0
51967,110.0
51968,110.0
51969,55.0
51970,110.0
51971,55.0
51972,110.0
51973,110.0
51974,110.0
51975,110.0
51976,110.0
51977,110.0
51978,186.0
51979,186.0
51980,186.0
51981,264.0
51982,264.0
51983,342.0
51984,342.0
51985,264.0
51986,264.0
51987,264.0
51988,186.0
51989,186.0
51990,186.0
51991,264.0
51992,424.0
51993,424.0
51994,424.0
51995,342.0
51996,264.0
51997,264.0
51998,264.0
51999,186.0
52000,186.0
52001,186.0
52002,186.0
52003,186.0
52004,186.0
52005,264.0
52006,186.0
52007,186.0
52008,264.0
52009,186.0
52010,264.0
52011,186.0
52012,110.0
52013,0.0
52014,0.0
52015,0.0
52016,0.0
52017,0.0
52018,0.0
52019,0.0
52020,0.0
52021,0.0
52022,0.0
52023,0.0
52024,0.0
52025,0.0
52026,0.0
52027,0.0
52028,0.0
52029,0.0
52030,0.0
52031,0.0
52032,0.0
52033,0.0
52034,0.0
52035,0.0
52036,0.0
52037,0.0
52038,0.0
52039,0.0
52040,55.0
52041,110.0
52042,110.0
52043,110.0
52044,110.0
52045,0.0
52046,0.0
52047,0.0
52048,0.0
52049,0.0
52050,0.0
52051,0.0
52052,0.0
52053,0.0
52054,0.0
52055,0.0
52056,0.0
52057,0.0
52058,0.0
52059,0.0
52060,0.0
52061,0.0
52062,0.0
52063,0.0
52064,0.0
52065,0.0
52066,0.0
52067,0.0
52068,110.0
52069,110.0
52070,110.0
52071,186.0
52072,186.0
52073,186.0
52074,186.0
52075,55.0
52076,0.0
52077,0.0
52078,0.0
52079,0.0
52080,0.0
52081,0.0
52082,0.0
52083,0.0
52084,0.0
52085,0.0
52086,0.0
52087,0.0
52088,0.0
52089,0.0
52090,0.0
52091,0.0
52092,0.0
52093,0.0
52094,0.0
52095,0.0
52096,0.0
52097,0.0
52098,0.0
52099,0.0
52100,0.0
52101,0.0
52102,0.0
52103,0.0
52104,0.0
52105,0.0
52106,0.0
52107,55.0
52108,110.0
52109,55.0
52110,110.0
52111,55.0
52112,55.0
52113,0.0
52114,0.0
52115,0.0
52116,0.0
52117,0.0
52118,0.0
52119,0.0
52120,0.0
52121,0.0
52122,0.0
52123,0.0
52124,0.0
52125,0.0
52126,0.0
52127,0.0
52128,0.0
52129,0.0
52130,0.0
52131,0.0
52132,0.0
52133,0.0
52134,0.0
52135,0.0
52136,0.0
52137,0.0
52138,0.0
52139,0.0
52140,0.0
52141,0.0
52142,0.0
52143,55.0
52144,55.0
52145,0.0
52146,0.0
52147,55.0
52148,0.0
52149,110.0
52150,110.0
52151,110.0
52152,55.0
52153,0.0
52154,55.0
52155,110.0
52156,55.0
52157,110.0
52158,55.0
52159,0.0
52160,0.0
52161,0.0
52162,0.0
52163,0.0
52164,0.0
52165,0.0
52166,0.0
52167,0.0
52168,0.0
52169,0.0
52170,0.0
52171,0.0
52172,0.0
52173,0.0
52174,0.0
52175,0.0
52176,0.0
52177,0.0
52178,0.0
52179,0.0
52180,0.0
52181,0.0
52182,0.0
52183,0.0
52184,0.0
52185,0.0
52186,110.0
52187,110.0
52188,110.0
52189,110.0
52190,110.0
52191,110.0
52192,110.0
52193,55.0
52194,55.0
52195,110.0
52196,110.0
52197,186.0
52198,264.0
52199,264.0
52200,264.0
52201,264.0
52202,264.0
52203,264.0
52204,264.0
52205,186.0
52206,186.0
52207,110.0
52208,110.0
52209,55.0
52210,110.0
52211,55.0
52212,110.0
52213,55.0
52214,55.0
52215,110.0
52216,55.0
52217,55.0
52218,110.0
52219,110.0
52220,186.0
52221,186.0
52222,186.0
52223,110.0
52224,0.0
52225,0.0
52226,0.0
52227,0.0
