id,active_power
0,-3.0143325
1,7.215778
2,-2.8734214
3,-2.2379923
4,3.66821
5,15.766767
6,11.437323
7,-0.35710075
8,13.864943
9,-0.88401836
10,2.4058185
11,11.776399
12,-1.4468056
13,-1.207801
14,-1.1267214
15,-1.2235979
16,-1.2381158
17,-1.2381158
18,-1.207801
19,-1.2235979
20,-1.2533699
21,-1.2533699
22,-1.2533699
23,-1.250355
24,-1.1577941
25,20.524172
26,23.521364
27,37.98374
28,53.01074
29,65.67469
30,49.877335
31,25.786081
32,11.178104
33,-3.2754242
34,-2.9422233
35,-2.706338
36,-0.18868144
37,-0.7053832
38,-0.8809939
39,-0.9393893
40,-1.4856713
41,-0.8810249
42,-0.89577115
43,-0.865789
44,-0.865789
45,-1.0127347
46,-1.0546432
47,-1.1589231
48,-1.1382257
49,-1.1148592
50,-1.16748
51,-1.2124457
52,-1.283542
53,-1.3772068
54,-1.3761605
55,-1.3884624
56,-1.2966557
57,-1.3165
58,-1.3440953
59,-1.307574
60,-1.3400949
61,-1.245867
62,-1.2693795
63,-1.2693795
64,-1.3262675
65,-1.3814735
66,-1.2787414
67,-1.1528727
68,-1.1528727
69,-1.1528727
70,-1.1212337
71,-1.1453961
72,-1.1220573
73,-1.1471176
74,-1.2435428
75,-1.345383
76,-1.3542145
77,-1.3658837
78,-1.3542145
79,-1.3542145
80,-1.4441463
81,-1.292427
82,-1.5475503
83,-1.536863
84,-1.3124421
85,-1.3124421
86,-1.2635456
87,-1.3804649
88,-1.3921341
89,-1.3139224
90,-1.3310928
91,-1.5164918
92,-1.342689
93,-1.5777625
94,-1.5266807
95,-1.5805342
96,-1.4377762
97,-1.5362192
98,-1.604291
99,17.629118
100,34.64664
101,6.268021
102,-5.440232
103,-0.7917082
104,-4.424891
105,-1.4463596
106,-1.4863769
107,-1.4854609
108,-1.4646093
109,-1.4383565
110,-1.5118788
111,-1.5339323
112,-1.4535775
113,-1.6060147
114,21.805443
115,21.083502
116,26.858517
117,39.574314
118,33.412785
119,25.89276
120,35.09915
121,55.938942
122,39.971275
123,24.235153
124,65.58538
125,132.63126
126,171.43546
127,136.27933
128,112.65319
129,98.21869
130,53.34418
131,33.456184
132,72.25211
133,16.441364
134,9.5500765
135,24.191174
136,17.682371
137,27.21322
138,49.884506
139,23.441101
140,-0.41703078
141,-0.43205902
142,-0.5492281
143,-0.5881728
144,-0.6039697
145,-1.2321188
146,-0.57559615
147,-0.507138
148,-0.46253178
149,-0.5181388
150,-0.4634764
151,-0.15487383
152,-0.110219
153,-0.4188215
154,-0.487488
155,-0.5734466
156,-0.5947631
157,-0.58439577
158,-0.6413839
159,-0.7246807
160,-0.73491776
161,-0.48542923
162,-0.4951441
163,-0.69536346
164,46.578323
165,34.139973
166,55.038845
167,27.697313
168,40.824554
169,45.7209
170,57.816536
171,79.86212
172,76.67003
173,73.0497
174,74.353775
175,79.362495
176,70.317184
177,82.84618
178,97.32761
179,68.52618
180,110.14539
181,55.94577
182,69.89864
183,98.43378
184,42.68637
185,90.43639
186,127.92637
187,127.444534
188,125.88678
189,215.80672
190,124.26353
191,105.38061
192,88.28984
193,115.000824
194,345.4363
195,235.69992
196,165.65782
197,127.398155
198,102.74839
199,118.79878
200,92.7211
201,110.93576
202,81.89334
203,116.249466
204,115.87157
205,114.3216
206,113.892365
207,121.20335
208,124.86742
209,236.35771
210,315.79758
211,283.85196
212,374.81982
213,282.9034
214,299.82877
215,223.30363
216,199.84023
217,141.78595
218,152.82178
219,171.55234
220,180.16049
221,232.11053
222,204.74356
223,205.81091
224,124.424095
225,180.7971
226,113.32298
227,179.66129
228,124.98114
229,153.11887
230,111.82832
231,136.27527
232,138.38141
233,118.458855
234,162.13017
235,126.907814
236,88.32805
237,128.99419
238,101.334404
239,45.416534
240,54.527775
241,53.57975
242,40.66384
243,48.668613
244,68.96493
245,52.395985
246,56.00106
247,92.18232
248,31.557714
249,-1.8760042
250,-0.5917838
251,-0.6255519
252,-0.64810455
253,-0.6264907
254,-0.62010074
255,-0.58246404
256,-0.68415445
257,-0.73832846
258,-0.67943704
259,-0.7560937
260,-0.7955075
261,-0.72448075
262,-0.6497771
263,-0.73807526
264,-0.77852684
265,-0.83275414
266,-0.8156592
267,-0.7852227
268,-0.80454665
269,-0.8156592
270,-0.83275414
271,-0.8258558
272,-0.8281359
273,-0.85080093
274,-0.8376192
275,-0.8235341
276,-0.65499574
277,-0.70652175
278,-0.6554342
279,-0.7763131
280,-0.8277022
281,-1.1389837
282,-1.1389837
283,-1.039602
284,-1.0059607
285,-1.2179937
286,-1.1600325
287,-1.0256846
288,-1.2911717
289,-1.3929948
290,-1.2888916
291,-1.0595258
292,-1.0582246
293,-1.0672287
294,-1.0778478
295,-1.0840605
296,-1.1004395
297,-1.1004395
298,-0.71341866
299,-0.7273072
300,-0.7273072
301,-0.7072273
302,-0.16000554
303,-0.83264613
304,-0.85643077
305,-0.8391151
306,-0.95477384
307,-0.8570018
308,-0.8570018
309,-0.8570018
310,-1.2382234
311,-1.2382234
312,-1.2492826
313,-1.2609518
314,-1.2609518
315,-1.2609518
316,-1.2382234
317,-1.2609518
318,-1.2609518
319,-1.2609518
320,-1.2609518
321,-1.2609518
322,-1.2807053
323,-1.2807053
324,-1.2807053
325,-1.2807053
326,-1.2807053
327,-1.2807053
328,-1.2807053
329,-1.2969875
330,-1.2969875
331,-1.2969875
332,-1.2969875
333,-1.2969875
334,-1.2969875
335,-1.2969875
336,-1.2969875
337,-1.2969875
338,-1.231947
339,-1.301873
340,-1.3594203
341,-1.3681378
342,-1.3681378
343,-1.3681378
344,-1.3681378
345,-1.3681378
346,-1.3564687
347,-1.3681378
348,-1.3681378
349,-1.3564687
350,-1.4165745
351,-1.4165745
352,-1.3504426
353,-1.3504426
354,-1.3504426
355,-1.3504426
356,-1.3504426
357,-1.3504426
358,-1.3965778
359,-1.4202826
360,-1.4440168
361,-1.4202826
362,-1.4202826
363,-1.4202826
364,-1.5487117
365,-1.3585703
366,-1.3818825
367,-1.3818825
368,-1.3818825
369,-1.3818825
370,-1.3679281
371,-1.356259
372,-1.356259
373,-1.3855906
374,-1.3855906
375,-1.3855906
376,-1.3700267
377,-1.3700267
378,-1.3700267
379,-1.3700267
380,-1.3700267
381,-1.3700267
382,-1.5333513
383,-1.5333513
384,-1.5333513
385,-1.5333513
386,-1.5333513
387,-1.5216821
388,-1.3306216
389,-1.3306216
390,-1.3306216
391,-1.3199708
392,-1.33164
393,-1.3199708
394,-1.3199708
395,-1.3306216
396,-1.3306216
397,-1.3306216
398,-1.3306216
399,-1.2138395
400,-1.3461854
401,-1.2201556
402,-1.2318248
403,-1.2201556
404,-1.2201556
405,-1.3461854
406,-1.3636149
407,-1.3636149
408,-1.3532674
409,-1.3636149
410,-1.3636149
411,-1.3636149
412,-1.219097
413,-1.3636149
414,-1.3636149
415,-1.3532674
416,-1.3636149
417,-1.3636149
418,-1.3692743
419,-1.3692743
420,-1.3692743
421,-1.3385252
422,-1.2786665
423,-1.2786665
424,-1.2786665
425,-1.2416096
426,-1.2416096
427,-1.2786665
428,-1.2786665
429,-1.2786665
430,-1.2669973
431,-1.1639618
432,-1.1639618
433,-1.1639618
434,-1.2669973
435,-1.2116793
436,-1.2140538
437,-1.2188807
438,-1.2188807
439,-1.3458452
440,-1.3834889
441,-1.3458452
442,-1.367925
443,-1.367925
444,-1.3575776
445,-1.367925
446,-1.3575776
447,-1.367925
448,-1.3458452
449,-1.2297232
450,-1.2001505
451,-1.3458452
452,-1.3458452
453,-1.3458452
454,-1.3458452
455,-1.3458452
456,-1.3458452
457,-1.3458452
458,-1.3458452
459,-1.3834889
460,-1.3575776
461,-1.2639215
462,-1.2642791
463,-1.3575776
464,-1.3575776
465,-1.2016815
466,-1.2958679
467,-1.2353883
468,-1.371532
469,-1.371532
470,-1.371532
471,-1.371532
472,-1.371532
473,-1.3832011
474,-1.371532
475,-1.3832011
476,-1.371532
477,-1.3832011
478,-1.3575776
479,-1.3692467
480,-1.3692467
481,-1.3575776
482,-1.3692467
483,-1.3575776
484,-1.3692467
485,-1.3692467
486,-1.3692467
487,-1.3575776
488,-1.3575776
489,-1.3575776
490,-1.3570659
491,-1.3575776
492,-1.3692467
493,-1.3692467
494,-1.3453968
495,-1.3453968
496,-1.3634475
497,-1.3634475
498,-1.3634475
499,-1.3517784
500,-1.3634475
501,-1.3634475
502,-1.3551832
503,-1.3551832
504,-1.3430024
505,-1.3430024
506,-1.3430024
507,-1.3551832
508,-1.359376
509,-1.359376
510,-1.363621
511,-1.359376
512,-1.359376
513,-1.359376
514,-1.3535765
515,-1.3535765
516,-1.29333
517,-1.29333
518,-1.29333
519,-1.29333
520,-1.4746261
521,-1.4746261
522,-1.4604461
523,-1.4746261
524,-1.4746261
525,-1.4746261
526,-1.8707088
527,-1.8590394
528,-1.8707088
529,-2.2956867
530,-2.2487876
531,-2.2956867
532,-2.2493055
533,-2.2493055
534,-2.2493055
535,-2.2493055
536,-2.2493055
537,-2.2493055
538,-1.4805149
539,-1.4805149
540,-1.4805149
541,-1.4805149
542,-1.4805149
543,-1.4805149
544,-1.4147546
545,-1.4147546
546,-1.4044315
547,-1.4147546
548,-1.4147546
549,-1.3795247
550,-1.7781063
551,-1.7781063
552,-1.605443
553,-1.6046543
554,-1.6046543
555,-1.6046543
556,0.9548494
557,0.9548494
558,0.9548494
559,0.9548494
560,2.5276332
561,2.5276332
562,3.7092865
563,3.7092865
564,3.7092865
565,3.7092865
566,3.7092865
567,3.9006908
568,3.9006908
569,3.8777611
570,3.9006908
571,3.8983982
572,3.9767983
573,3.9767983
574,3.216692
575,4.1756706
576,4.3854475
577,4.2540703
578,4.3854475
579,4.117884
580,1.0439874
581,1.0416948
582,1.0416948
583,1.1200944
584,1.2448338
585,1.1200944
586,-0.74784744
587,-0.4437867
588,-0.4437867
589,-0.4437867
590,-0.77099615
591,-0.836037
592,3.5524805
593,3.3570535
594,3.5524805
595,3.5524805
596,3.338628
597,3.403669
598,-0.24263324
599,-0.24263324
600,0.112425044
601,-0.22142258
602,-0.24263324
603,-0.28646308
604,8.029645
605,7.815794
606,7.815794
607,8.029645
608,8.029645
609,8.029645
610,-0.2633453
611,-0.19830485
612,-0.15447503
613,0.17273508
614,0.047995374
615,0.09181683
616,-1.6986804
617,-1.6108975
618,-1.5977588
619,-1.3946196
620,-1.5193591
621,-1.3501643
622,0.024329612
623,-1.103546
624,0.14840014
625,0.30770987
626,-1.2715784
627,0.10686304
628,0.12998085
629,-1.4078294
630,0.17381059
631,0.026766492
632,0.3746574
633,-1.4665419
634,-1.3359023
635,-1.5575099
636,-1.3570131
637,-1.15993
638,-1.1084582
639,-1.0913281
640,-1.5415717
641,-1.3902341
642,-1.1471807
643,-1.1794143
644,-1.545858
645,-1.7282814
646,-1.5736785
647,-1.434319
648,-1.5494186
649,-1.2324785
650,-1.8797288
651,-1.8777828
652,-2.547546
653,-1.4304178
654,-1.4043981
655,-1.4043981
656,-1.4286582
657,-1.4286582
658,-1.45235
659,-1.4541095
660,-1.4280899
661,-1.4344126
662,-1.5100766
663,-1.4997535
664,-1.5604192
665,-1.6561428
666,-1.5604192
667,-1.5947962
668,-1.667681
669,-1.667681
670,-1.3791975
671,-1.3791975
672,-1.3791975
673,-1.3791975
674,-1.3791975
675,-1.3791975
676,-1.8068336
677,-1.8068336
678,-1.7716037
679,-1.6758801
680,-1.7965106
681,-1.8068336
682,-1.6897873
683,-1.7001103
684,-1.7001103
685,-1.7001103
686,-1.6648804
687,-1.7001103
688,-1.6485194
689,-1.6485194
690,-1.6485194
691,-1.6485194
692,-1.6485194
693,-1.6485194
694,-1.8401304
695,-1.8401304
696,-1.8401304
697,-1.8401304
698,-1.8401304
699,-1.8401304
700,-1.622184
701,-1.622184
702,-1.622184
703,-1.622184
704,-1.622184
705,-1.622184
706,-1.5164013
707,-1.5164013
708,-1.5164013
709,-1.5164013
710,-1.5164013
711,-1.5164013
712,-1.4017197
713,-1.4369496
714,-1.4369496
715,-1.4298588
716,-1.4262968
717,-1.4262968
718,-1.5057485
719,-1.5093105
720,-1.5057485
721,-1.5093105
722,-1.5057485
723,-1.5057485
724,-1.7964122
725,-1.7964122
726,-1.7964122
727,-1.7964122
728,-1.8006995
729,-1.7278147
730,-1.5047218
731,-1.5399517
732,-1.5399517
733,-1.5353334
734,-1.5353334
735,-1.5310462
736,-1.5399517
737,-1.5399517
738,-1.5399517
739,-1.5399517
740,-1.5399517
741,-1.5399517
742,-1.6090802
743,-1.5841734
744,-1.5841734
745,-1.5841734
746,-1.6194034
747,-1.6264942
748,-1.7341553
749,-1.7341553
750,-1.7341553
751,-1.7341553
752,-1.7341553
753,-1.7341553
754,-1.67399
755,-1.67399
756,-1.67399
757,-1.67399
758,-1.67399
759,-1.67399
760,-1.440224
761,-1.440224
762,-1.440224
763,-1.440224
764,-1.440224
765,-1.440224
766,-1.4969438
767,-1.4969438
768,-1.473252
769,-1.3019893
770,-1.3379668
771,-1.3379668
772,-1.5127844
773,-1.5127844
774,-1.5127844
775,-1.5127844
776,-1.4890926
777,-1.382587
778,-1.203244
779,-1.2462274
780,-1.4170891
781,-1.4449549
782,-1.2740932
783,-1.2462274
784,-1.6348083
785,-1.6348083
786,-1.6348083
787,-1.6348083
788,-1.6348083
789,-1.6348083
790,-1.5851216
791,-1.5780308
792,-1.5780308
793,-1.5153332
794,-1.1808547
795,-1.1016766
796,-0.9515367
797,-1.3461794
798,-0.9581743
799,-1.3319994
800,-1.3680868
801,-1.3638418
802,-1.3638418
803,-1.3638418
804,-1.3638418
805,-1.3638418
806,-1.3030462
807,-0.97583675
808,-1.178976
809,-1.3474035
810,-1.3680868
811,-1.3638418
812,-1.3638418
813,-1.1921148
814,-1.3731744
815,-1.4382153
816,-1.4339702
817,-1.3630862
818,-1.1924002
819,-1.2923169
820,-1.1936126
821,-1.3199755
822,-1.3850161
823,-0.9927659
824,-1.209044
825,-1.209044
826,-1.3815601
827,-1.3858051
828,-1.3815601
829,-1.3815601
830,-1.3673801
831,-1.3815601
832,-1.3815601
833,-0.99355483
834,-0.98691726
835,-1.3673801
836,-0.7897368
837,-0.6981985
838,-0.73423254
839,-0.73423254
840,-0.6558329
841,-0.7319399
842,-0.7319399
843,-0.7319399
844,-0.6199089
845,-0.69830847
846,-0.69601583
847,-0.71144724
848,-0.8667363
849,-0.8874196
850,-0.984553
851,-0.984553
852,-0.984553
853,-0.5856653
854,-0.9661282
855,-0.984553
856,-0.984553
857,-0.984553
858,-0.984553
859,-0.984553
860,-0.984553
861,-0.984553
862,-0.984553
863,-0.984553
864,-0.96386975
865,-0.984553
866,-0.984553
867,-0.984553
868,-0.99876773
869,-0.99876773
870,-0.99876773
871,-0.99876773
872,-0.99876773
873,-0.99876773
874,-1.0346917
875,-1.0346917
876,-1.0346917
877,-1.0346917
878,-1.0346917
879,-0.9696513
880,-0.90108836
881,-0.90108836
882,-0.9661293
883,-0.9661293
884,-0.9454459
885,-0.77472556
886,-0.8096566
887,-0.99876773
888,-0.99876773
889,-0.99876773
890,-0.99876773
891,-0.99876773
892,-2.0710702
893,-2.0644326
894,-2.2742088
895,-1.8758799
896,-1.8675443
897,-1.0929595
898,-0.88462013
899,-0.88462013
900,-0.49236998
901,-0.8639367
902,-0.88462013
903,-0.88462013
904,-0.843288
905,-0.76718104
906,-1.0346917
907,-1.0346917
908,-1.4180745
909,-1.4180745
910,-2.8787675
911,-2.8787675
912,-2.1487534
913,-2.8580842
914,-3.0402994
915,-3.0402994
916,-3.9951653
917,-4.1106515
918,-4.0929894
919,-1.816806
920,-4.1106515
921,-4.1106515
922,-1.5245718
923,-1.5069094
924,-1.73023
925,-1.5069094
926,-1.5069094
927,-1.5069094
928,-1.361621
929,-1.343196
930,-1.361621
931,-1.361621
932,-1.304917
933,-1.304917
934,-1.3489529
935,-0.914677
936,-0.8048016
937,-0.6254806
938,-1.2712301
939,-1.3648437
940,-2.2302072
941,-2.2887113
942,-2.3822336
943,-1.4638286
944,-1.0972878
945,-1.633863
946,-1.6375004
947,-1.5989875
948,-1.3740861
949,-1.5782322
950,-0.76847774
951,-1.1168449
952,-0.9611413
953,-1.4422235
954,-1.3109794
955,-0.92607707
956,-1.0573215
957,-0.9611413
958,-0.82989675
959,-0.99899143
960,-1.1250653
961,-1.0933836
962,-0.9333716
963,-1.094949
964,-1.1630405
965,-1.1093855
966,-0.84845203
967,-1.1174965
968,-0.73781866
969,-0.73706025
970,-1.1033978
971,-0.978541
972,-0.76034844
973,-0.9670026
974,-1.1098514
975,-1.1786227
976,-1.204863
977,-1.0764132
978,-0.75107354
979,-1.1408113
980,-1.1549913
981,-1.1883899
982,-0.78330594
983,-1.3233443
984,-1.3601502
985,-1.3601502
986,-1.0449932
987,-1.215679
988,-1.1685845
989,-1.1690634
990,-1.215679
991,-1.215679
992,-1.234104
993,-1.234104
994,-1.298599
995,-1.298599
996,-1.2639539
997,-1.2639539
998,-1.298599
999,-1.298599
1000,-1.2104096
1001,-1.2104096
1002,-1.1226269
1003,-1.1226269
1004,-1.298599
1005,-1.298599
1006,-1.286432
1007,-1.286432
1008,-1.286432
1009,-1.298599
1010,-1.298599
1011,-1.298599
1012,-1.297509
1013,-1.2858398
1014,-1.2529545
1015,-1.1279353
1016,-1.2858398
1017,-1.2858398
1018,-1.2858398
1019,-1.2858398
1020,-1.2858398
1021,-1.2652986
1022,-0.51450604
1023,-1.2656019
1024,-1.1781926
1025,-1.1781926
1026,-1.1781926
1027,-1.2748308
1028,-1.2748308
1029,-1.2748308
1030,-1.2706852
1031,-1.2706852
1032,-1.2706852
1033,-1.2823544
1034,-1.2823544
1035,-1.2823544
1036,-1.1315668
1037,-1.1315668
1038,-1.1315668
1039,-1.1315668
1040,-1.1315668
1041,-1.2817307
1042,-1.1787546
1043,-1.1670854
1044,-1.1670854
1045,-1.1670854
1046,-1.1787546
1047,-1.1787546
1048,-1.2748777
1049,-1.4463357
1050,-1.2748777
1051,-1.4463357
1052,-1.4463357
1053,-1.4463357
1054,-1.4621505
1055,-1.4621505
1056,-2.0657446
1057,-1.4173877
1058,-1.4057186
1059,-1.4338887
1060,-2.000626
1061,-1.1837485
1062,-1.2015419
1063,-1.1740108
1064,-1.2015419
1065,-1.1587671
1066,-1.1985886
1067,-1.2102578
1068,-1.2260548
1069,-1.2819939
1070,-1.2102578
1071,-1.2102578
1072,-1.1931558
1073,-2.0054524
1074,-1.2034676
1075,-1.2003084
1076,-1.178255
1077,-0.4522861
1078,-1.0678006
1079,-0.59812194
1080,-1.349092
1081,-1.6658958
1082,-0.88261086
1083,-1.4561362
1084,-2.246063
1085,-0.646221
1086,-0.86476994
1087,-1.2730553
1088,-1.1380568
1089,70.31813
1090,42.507416
1091,69.377304
1092,68.811226
1093,111.27415
1094,156.96544
1095,48.762886
1096,40.553566
1097,53.292873
1098,67.70097
1099,66.81378
1100,91.5065
1101,108.31913
1102,137.76685
1103,50.285492
1104,95.727066
1105,79.14298
1106,54.7114
1107,32.912514
1108,32.6712
1109,61.251686
1110,77.88751
1111,61.08653
1112,56.486088
1113,104.756256
1114,132.6376
1115,149.28606
1116,159.76569
1117,161.0002
1118,237.67061
1119,204.05084
1120,118.7015
1121,77.87582
1122,24.992945
1123,24.181812
1124,-1.1025875
1125,-1.0799958
1126,-0.96696687
1127,-0.9850248
1128,19.626692
1129,21.542847
1130,-0.9696661
1131,-1.0792489
1132,-1.1177548
1133,-1.1221384
1134,-1.136007
1135,-1.1221384
1136,-1.1026293
1137,-1.0415221
1138,-1.1162461
1139,-1.1037289
1140,-1.1166697
1141,-1.1760218
1142,-1.1467311
1143,-1.1619748
1144,-1.1048446
1145,-1.2599453
1146,-1.2946295
1147,-1.3153301
1148,-1.356939
1149,-0.9625506
1150,-1.2938591
1151,-1.3153301
1152,-1.2946295
1153,-1.2991056
1154,-1.2991056
1155,-1.3013858
1156,-1.3047553
1157,-1.3047553
1158,-1.2826498
1159,-1.2418302
1160,-1.2301611
1161,-1.2301611
1162,-1.2301611
1163,-1.1808542
1164,-1.2363307
1165,-1.2822198
1166,-1.2184019
1167,-1.2418302
1168,-1.2581124
1169,-1.2581124
1170,-1.2581124
1171,-1.2598249
1172,-1.2581124
1173,-1.2672656
1174,-1.2672656
1175,-1.2555964
1176,-1.2672656
1177,-1.3384159
1178,-1.5154771
1179,-1.5358629
1180,-1.54454
1181,-1.54454
1182,-1.54454
1183,-1.5746398
1184,-1.54454
1185,-1.54454
1186,-1.2014138
1187,-1.2014138
1188,-1.5565757
1189,-1.5565757
1190,-1.5381507
1191,-1.3806036
1192,-1.2841103
1193,-1.5587116
1194,-1.5587116
1195,-1.2035497
1196,-1.1664618
1197,-1.2912011
1198,-1.2605848
1199,-1.363799
1200,-1.431305
1201,-1.2628775
1202,-1.0597382
1203,-1.7124697
1204,-1.314038
1205,-0.7626405
1206,-1.2637808
1207,-1.3910284
1208,-1.4062841
1209,-1.3229585
1210,-1.390221
1211,-1.372229
1212,-1.2812216
1213,-1.2423166
1214,-1.3073703
1215,-1.3452207
1216,-1.2877743
1217,-1.3648319
1218,-1.3159677
1219,-1.3330759
1220,-1.2922759
1221,-1.3317647
1222,-1.2911793
1223,-1.3077034
1224,-1.2840116
1225,-1.2840116
1226,-1.3455538
1227,-1.2908049
1228,-1.3296118
1229,-1.3454087
1230,-1.30592
1231,-1.3901451
1232,-1.3145843
1233,-1.3296118
1234,-1.0698161
1235,-1.4186026
1236,-1.4422944
1237,-1.4069334
1238,-1.4186026
1239,-1.4422944
1240,-1.4422944
1241,-1.4306252
1242,-1.4422944
1243,-1.4390357
1244,-1.4273665
1245,-1.4273665
1246,-1.4145584
1247,-1.4028893
1248,-1.4028893
1249,-1.4028893
1250,-1.3996305
1251,-1.4028893
1252,-1.4143816
1253,-1.4380734
1254,-1.4348147
1255,-1.4348147
1256,-1.4380734
1257,-1.4348147
1258,-1.5408127
1259,-1.5447967
1260,-1.5447967
1261,-1.5447967
1262,-1.5447967
1263,-1.5447967
1264,-1.4380734
1265,-1.4380734
1266,-2.0886805
1267,-1.4380734
1268,-1.3534214
1269,-1.3447747
1270,-1.4510641
1271,-1.5591508
1272,-1.5591508
1273,-1.5591508
1274,-1.5668992
1275,-1.5668992
1276,-1.5621369
1277,-1.5621369
1278,-1.5621369
1279,-1.5621369
1280,-1.5621369
1281,-1.4324901
1282,-1.283106
1283,-1.3075453
1284,-1.3244439
1285,-1.3244439
1286,-1.3251692
1287,-1.3251692
1288,-1.4642295
1289,-1.2869141
1290,-1.3190875
1291,-1.3183622
1292,-1.3190875
1293,-1.3187842
1294,-1.4478323
1295,-1.4482006
1296,-1.4478973
1297,-1.4478973
1298,-1.4478973
1299,-1.4482006
1300,-1.5277321
1301,-1.5069455
1302,-1.4952763
1303,-1.4952763
1304,-1.516063
1305,-1.5069455
1306,-1.5126266
1307,-1.5126266
1308,-1.5126266
1309,-1.5126266
1310,-1.5126266
1311,-1.4560769
1312,-1.5069455
1313,-1.4620649
1314,-1.5227425
1315,-1.5372604
1316,-1.6510887
1317,-1.6510887
1318,-1.6567699
1319,-1.527385
1320,-1.6451007
1321,-1.623229
1322,-1.6440157
1323,-1.6258281
1324,-1.4906476
1325,-1.3075587
1326,-2.0351052
1327,-1.3770369
1328,-1.4173137
1329,-0.59926695
1330,-1.0193102
1331,-0.88240916
1332,-1.3206561
1333,-1.3546695
1334,-0.857398
1335,-0.03150399
1336,-0.13643304
1337,-2.0130491
1338,-0.026229972
1339,43.092144
1340,96.736465
1341,88.24883
1342,68.108536
1343,108.33343
1344,94.29085
1345,107.804184
1346,109.63147
1347,79.159096
1348,109.94935
1349,122.05324
1350,140.33966
1351,124.08671
1352,156.88277
1353,201.60785
1354,171.01097
1355,112.09352
1356,131.85417
1357,86.083435
1358,134.85588
1359,76.218445
1360,139.41714
1361,111.02982
1362,180.49144
1363,262.86868
1364,280.10046
1365,114.36167
1366,174.97649
1367,171.10072
1368,195.92763
1369,152.82387
1370,257.09433
1371,315.71695
1372,324.61703
1373,527.2223
1374,213.34892
1375,232.51778
1376,258.51184
1377,220.08002
1378,215.0495
1379,157.05511
1380,306.44894
1381,405.20938
1382,338.83582
1383,466.61014
1384,449.43375
1385,359.2634
1386,293.94824
1387,366.13074
1388,303.21375
1389,247.09355
1390,206.41156
1391,165.84381
1392,178.40327
1393,196.15135
1394,186.5089
1395,238.96468
1396,192.15524
1397,206.20282
1398,233.3343
1399,187.1122
1400,189.38525
1401,223.5426
1402,259.1139
1403,257.53976
1404,241.9793
1405,284.0935
1406,377.79895
1407,455.188
1408,319.79
1409,323.82367
1410,382.33923
1411,353.5248
1412,296.0386
1413,273.45602
1414,331.95456
1415,256.039
1416,454.5764
1417,338.36374
1418,226.2752
1419,204.11572
1420,248.99936
1421,294.64258
1422,303.8739
1423,210.48888
1424,249.92555
1425,292.5209
1426,256.6008
1427,290.65552
1428,331.01633
1429,247.22482
1430,411.62418
1431,356.2345
1432,308.8155
1433,338.76544
1434,508.03333
1435,517.64746
1436,595.0816
1437,515.7233
1438,325.3267
1439,327.85147
1440,331.29404
1441,268.59494
1442,219.86244
1443,331.84027
1444,187.97186
1445,121.71155
1446,119.91116
1447,180.64249
1448,186.96152
1449,277.4939
1450,268.46005
1451,325.35123
1452,415.89557
1453,258.72513
1454,270.334
1455,325.6031
1456,190.13123
1457,59.999866
1458,87.6593
1459,193.16469
1460,165.94519
1461,122.29084
1462,73.549866
1463,89.44626
1464,127.68927
1465,185.986
1466,223.50967
1467,136.94376
1468,217.5777
1469,212.61165
1470,137.71971
1471,248.37811
1472,173.71785
1473,168.44952
1474,339.9011
1475,282.27188
1476,291.0582
1477,390.2908
1478,356.1898
1479,215.07753
1480,138.88974
1481,107.02738
1482,89.922066
1483,73.37915
1484,52.83071
1485,59.653374
1486,99.53395
1487,75.6854
1488,71.94515
1489,86.54944
1490,83.21745
1491,80.10028
1492,75.42246
1493,55.038807
1494,171.40686
1495,56.410023
1496,11.500122
1497,-0.23440808
1498,-0.28618675
1499,-0.23854092
1500,-0.39082414
1501,2.2635972
1502,122.834496
1503,83.37457
1504,64.47874
1505,54.995922
1506,55.879566
1507,53.671574
1508,67.02597
1509,83.60993
1510,91.1263
1511,106.36417
1512,213.7922
1513,202.18971
1514,204.92192
1515,99.69819
1516,55.32
1517,76.98005
1518,94.196884
1519,130.49956
1520,104.67258
1521,102.42808
1522,85.49144
1523,70.34078
1524,91.37075
1525,70.65753
1526,15.756312
1527,2.2475624
1528,-1.2585659
1529,-0.32490742
1530,23.11358
1531,3.316494
1532,6.89046
1533,108.11374
1534,26.927576
1535,33.634506
1536,50.690445
1537,21.145033
1538,-1.8281453
1539,-0.56950474
1540,-0.5065975
1541,-1.1550508
1542,-0.61496544
1543,-0.4916716
1544,-0.33365917
1545,-0.2690077
1546,31.718506
1547,93.803085
1548,101.77416
1549,104.793015
1550,78.54589
1551,104.51948
1552,107.24698
1553,70.06341
1554,68.779175
1555,105.34504
1556,105.04464
1557,105.5696
1558,155.0426
1559,125.70645
1560,96.16451
1561,146.84912
1562,213.53369
1563,111.94695
1564,66.78669
1565,96.30745
1566,129.7546
1567,121.53973
1568,219.37483
1569,274.87146
1570,268.62744
1571,287.06464
1572,305.22726
1573,246.1716
1574,310.7329
1575,334.14093
1576,339.97476
1577,234.75397
1578,187.83092
1579,238.02818
1580,254.77318
1581,240.53156
1582,359.29312
1583,397.9401
1584,374.8648
1585,375.60962
1586,418.91174
1587,315.8561
1588,270.1051
1589,389.56635
1590,380.1614
1591,422.00833
1592,396.9153
1593,545.9368
1594,583.687
1595,682.6604
1596,358.17276
1597,240.09184
1598,312.95813
1599,417.05634
1600,385.3441
1601,376.71094
1602,314.68277
1603,432.40222
1604,471.50305
1605,583.2352
1606,747.6799
1607,797.26886
1608,587.0315
1609,588.4809
1610,614.86615
1611,818.0655
1612,669.7409
1613,706.5991
1614,488.75186
1615,533.18823
1616,591.9996
1617,735.57294
1618,432.36984
1619,817.8119
1620,731.88666
1621,499.0725
1622,527.7759
1623,478.92065
1624,673.25916
1625,587.29803
1626,720.1956
1627,897.3589
1628,909.5975
1629,1156.1763
1630,1650.2008
1631,1758.7179
1632,1771.9247
1633,1738.3649
1634,1690.3682
1635,1491.6255
1636,1482.9825
1637,1646.4786
1638,1672.0659
1639,1573.2288
1640,1731.9106
1641,1870.3036
1642,1780.5703
1643,1781.1188
1644,1619.9999
1645,1583.5875
1646,983.6772
1647,78.517784
1648,1151.841
1649,1096.105
1650,1047.3582
1651,983.9428
1652,1078.3911
1653,948.77026
1654,1149.9117
1655,1229.7559
1656,1368.684
1657,1137.1497
1658,1131.2651
1659,513.212
1660,0.14761873
1661,1082.3961
1662,1097.1627
1663,919.2804
1664,1053.7063
1665,896.0566
1666,993.4336
1667,1168.6454
1668,1146.8663
1669,1142.2363
1670,1085.93
1671,1102.9866
1672,1315.9731
1673,1136.1952
1674,1062.4437
1675,942.2516
1676,1273.8326
1677,1159.361
1678,1005.5501
1679,983.35706
1680,677.1034
1681,716.8118
1682,840.4754
1683,999.01843
1684,932.736
1685,424.59592
1686,548.6676
1687,519.8394
1688,651.04266
1689,701.3083
1690,482.71136
1691,607.8708
1692,524.4647
1693,405.71817
1694,432.13428
1695,416.69064
1696,389.62094
1697,530.319
1698,497.8998
1699,414.32944
1700,438.5961
1701,516.4973
1702,316.08105
1703,417.24042
1704,376.8841
1705,390.18344
1706,393.67957
1707,432.6287
1708,452.68356
1709,590.8717
1710,526.3786
1711,433.84583
1712,574.9968
1713,542.27246
1714,611.0321
1715,617.3753
1716,566.05524
1717,468.97305
1718,549.47723
1719,552.1143
1720,381.11136
1721,302.8583
1722,295.43195
1723,468.10443
1724,470.83066
1725,411.55655
1726,276.02286
1727,224.63971
1728,209.61763
1729,165.40044
1730,202.91887
1731,295.30994
1732,324.3888
1733,334.18256
1734,383.40546
1735,310.6791
1736,270.1653
1737,183.4577
1738,168.76222
1739,271.96805
1740,158.47209
1741,88.894104
1742,111.045784
1743,160.55293
1744,284.9072
1745,222.16975
1746,269.9932
1747,340.46048
1748,273.84412
1749,307.19165
1750,316.77338
1751,296.37314
1752,341.40207
1753,409.9184
1754,373.12848
1755,422.80927
1756,479.9929
1757,441.42676
1758,528.08844
1759,550.14813
1760,500.0324
1761,454.9815
1762,443.1156
1763,390.27414
1764,258.8124
1765,416.46094
1766,975.643
1767,819.7808
1768,655.935
1769,497.74408
1770,322.03055
1771,482.3745
1772,410.6093
1773,390.6649
1774,472.40668
1775,257.84106
1776,328.77444
1777,338.78125
1778,360.6278
1779,229.24771
1780,223.5693
1781,349.51862
1782,118.75842
1783,319.4196
1784,297.3828
1785,313.93466
1786,255.20428
1787,394.46436
1788,514.459
1789,499.39957
1790,465.6016
1791,443.98755
1792,525.4225
1793,510.4905
1794,390.47186
1795,425.11905
1796,385.6515
1797,270.47217
1798,472.85062
1799,672.5442
1800,609.0918
1801,665.5513
1802,781.9471
1803,937.3273
1804,981.15295
1805,928.735
1806,1013.1067
1807,1514.2981
1808,1365.7112
1809,1329.978
1810,1501.1052
1811,1549.8649
1812,1750.6908
1813,1751.0974
1814,1799.8345
1815,1864.7737
1816,1871.6621
1817,1770.4956
1818,1870.8987
1819,1680.0365
1820,1564.3918
1821,1813.5938
1822,1954.246
1823,1865.7832
1824,1951.7168
1825,1942.5676
1826,1939.047
1827,1955.1761
1828,1953.6146
1829,1946.9866
1830,1949.7075
1831,570.4528
1832,12.856751
1833,6.146542
1834,6.5270844
1835,4.927577
1836,7.348503
1837,8.071544
1838,-0.7753625
1839,1095.9515
1840,1936.3285
1841,1936.2034
1842,1944.2554
1843,1917.3569
1844,1944.4203
1845,1929.1809
1846,1909.4757
1847,1923.0203
1848,1923.8329
1849,1922.141
1850,1911.7024
1851,1079.0426
1852,-7.8587294
1853,1095.1381
1854,1904.2086
1855,1900.6654
1856,1800.285
1857,1790.9281
1858,1852.6343
1859,1877.1562
1860,1862.1792
1861,1792.2303
1862,1776.9159
1863,1771.6648
1864,1819.2579
1865,1754.434
1866,1681.2028
1867,1778.2358
1868,1815.8008
1869,1749.3981
1870,1605.3363
1871,1522.3333
1872,1774.9258
1873,1644.3778
1874,1579.0493
1875,1493.1842
1876,1614.6917
1877,1358.1934
1878,1124.0801
1879,1100.6056
1880,1155.6132
1881,1198.5575
1882,962.2208
1883,915.3246
1884,998.20825
1885,820.04156
1886,1023.39996
1887,981.44257
1888,786.49664
1889,965.9032
1890,907.55994
1891,704.77625
1892,902.79565
1893,1356.5121
1894,830.39496
1895,1084.0088
1896,958.2594
1897,402.36823
1898,724.32904
1899,703.9698
1900,979.89374
1901,893.18835
1902,1013.75903
1903,1288.119
1904,1189.9619
1905,839.87256
1906,990.1656
1907,1120.1221
1908,992.25903
1909,915.6542
1910,872.902
1911,984.2444
1912,1011.3402
1913,768.07764
1914,753.984
1915,445.0208
1916,473.0158
1917,597.45013
1918,401.17703
1919,562.7672
1920,567.1815
1921,473.32303
1922,426.85544
1923,435.70404
1924,51.376717
1925,-1.1990955
1926,-0.0008814732
1927,0.6879797
1928,-1.1457595
1929,-3.1854534
1930,823.06366
1931,725.05804
1932,419.33148
1933,1240.6683
1934,1273.5083
1935,918.9798
1936,530.34344
1937,503.28564
1938,701.21924
1939,421.3547
1940,516.58984
1941,552.24084
1942,513.08093
1943,444.9132
1944,432.227
1945,416.76605
1946,539.2566
1947,513.1779
1948,627.9316
1949,707.4097
1950,603.64923
1951,548.2162
1952,631.9996
1953,615.8746
1954,723.13
1955,633.6871
1956,556.3907
1957,549.20514
1958,660.55096
1959,650.1789
1960,1333.0428
1961,1457.4469
1962,1540.2833
1963,1699.0414
1964,1638.879
1965,1438.609
1966,1194.8918
1967,1239.8136
1968,1411.5209
1969,1350.049
1970,1624.9089
1971,1591.2347
1972,1692.6584
1973,1530.0859
1974,1337.3851
1975,1150.1027
1976,1097.2251
1977,1033.8362
1978,1113.6255
1979,1102.9208
1980,1325.5735
1981,1424.7274
1982,1404.5735
1983,1369.2136
1984,1444.91
1985,1214.0144
1986,1462.8977
1987,1565.8696
1988,1567.2859
1989,1157.992
1990,1096.7338
1991,1212.9463
1992,1184.9076
1993,884.01886
1994,983.1125
1995,916.0876
1996,630.7775
1997,832.776
1998,991.36975
1999,748.72345
2000,775.2801
2001,807.4583
2002,826.485
2003,1033.5055
2004,995.7169
2005,966.9334
2006,672.4105
2007,658.06775
2008,855.74164
2009,721.1207
2010,984.1726
2011,942.0384
2012,792.8596
2013,762.3641
2014,680.5496
2015,703.89417
2016,827.7887
2017,903.8094
2018,1038.0847
2019,1086.037
2020,1072.8922
2021,1085.9307
2022,940.7281
2023,1336.3353
2024,1115.6758
2025,1068.342
2026,942.8032
2027,848.8261
2028,1051.9448
2029,844.7616
2030,794.9886
2031,1128.2913
2032,1018.2629
2033,1173.6332
2034,1053.1625
2035,1018.3768
2036,1195.5411
2037,1088.0684
2038,1053.9032
2039,1016.262
2040,1094.4819
2041,800.1188
2042,878.9414
2043,621.93695
2044,668.9843
2045,714.3396
2046,738.9333
2047,1107.726
2048,1020.8922
2049,1052.5876
2050,1017.5321
2051,911.0121
2052,805.72845
2053,587.28357
2054,478.54974
2055,471.8288
2056,339.0317
2057,426.09415
2058,412.2825
2059,481.18454
2060,235.29631
2061,231.354
2062,314.38406
2063,240.4051
2064,255.14253
2065,302.04315
2066,256.0646
2067,303.24942
2068,382.1073
2069,445.89774
2070,476.28162
2071,493.2739
2072,409.77927
2073,290.89038
2074,396.5856
2075,286.23346
2076,169.6286
2077,95.600586
2078,196.65456
2079,262.1764
2080,233.39218
2081,230.59363
2082,281.72116
2083,307.456
2084,463.42584
2085,305.03107
2086,240.66776
2087,459.23907
2088,734.1832
2089,810.2088
2090,867.7266
2091,399.03458
2092,380.34128
2093,671.6382
2094,631.3681
2095,472.29092
2096,495.6701
2097,397.15958
2098,309.484
2099,337.2745
2100,427.5185
2101,356.5764
2102,275.69867
2103,236.96811
2104,270.73163
2105,222.6991
2106,128.60318
2107,130.45534
2108,256.40518
2109,315.7641
2110,281.22092
2111,299.14243
2112,383.20026
2113,346.90918
2114,521.9597
2115,414.89334
2116,436.20145
2117,342.3667
2118,264.83188
2119,189.88303
2120,149.33156
2121,257.233
2122,348.4176
2123,385.49695
2124,280.82547
2125,267.4689
2126,379.17535
2127,200.69498
2128,368.43158
2129,118.13593
2130,183.04433
2131,384.59644
2132,288.48352
2133,214.31169
2134,165.42328
2135,342.77615
2136,192.58636
2137,263.23932
2138,140.48045
2139,108.019936
2140,120.44061
2141,124.49485
2142,57.694984
2143,29.089655
2144,13.310501
2145,-4.128215
2146,-4.2002063
2147,14.223584
2148,69.80486
2149,94.01486
2150,88.65272
2151,107.1694
2152,109.621765
2153,103.205345
2154,141.17543
2155,224.59673
2156,230.28996
2157,283.3382
2158,237.73236
2159,277.03024
2160,259.5114
2161,287.66107
2162,180.91168
2163,91.11561
2164,133.55846
2165,143.37192
2166,160.1884
2167,96.74479
2168,70.382034
2169,105.523506
2170,270.13867
2171,175.46521
2172,131.97961
2173,108.21801
2174,157.29488
2175,188.82031
2176,127.39795
2177,134.49875
2178,205.13354
2179,176.19373
2180,107.251
2181,133.70372
2182,261.1862
2183,193.38667
2184,175.5246
2185,434.7604
2186,128.98134
2187,134.6999
2188,148.455
2189,75.901436
2190,109.22183
2191,99.93984
2192,109.749374
2193,80.22235
2194,119.680244
2195,89.565865
2196,39.49745
2197,84.97743
2198,87.368805
2199,84.74906
2200,115.24201
2201,54.60384
2202,39.205547
2203,6.8633204
2204,-0.6635802
2205,13.760285
2206,23.923754
2207,4.4930563
2208,-0.58646363
2209,-0.49961787
2210,-0.5608892
2211,-0.8384612
2212,63.85162
2213,36.84837
2214,45.885437
2215,-0.934106
2216,-0.48976374
2217,20.099232
2218,-0.3902458
2219,-0.30934784
2220,-0.5212603
2221,-0.5850561
2222,-0.48673883
2223,-0.47421834
2224,-0.5112426
2225,-0.42600974
2226,-0.5133011
2227,-0.65857965
2228,-0.48755652
2229,-0.37447155
2230,16.343512
2231,56.606483
2232,42.16278
2233,39.394306
2234,8.755955
2235,-1.150729
2236,-4.7148695
2237,-5.5305004
2238,-1.9846826
2239,-0.6306053
2240,-0.5457059
2241,-1.1960877
2242,-0.58614385
2243,-0.5117301
2244,-0.4694369
2245,-0.5066389
2246,-0.5629531
2247,-0.9514492
2248,-0.19614035
2249,27.001322
2250,51.54097
2251,67.064415
2252,67.50046
2253,74.97917
2254,79.02691
2255,69.39941
2256,73.77168
2257,53.510975
2258,48.758347
2259,16.024302
2260,2.05789
2261,12.693626
2262,14.1813
2263,43.998787
2264,19.039145
2265,13.193673
2266,-0.11924453
2267,-1.4652629
2268,-1.4057039
2269,-1.2979608
2270,-1.3143729
2271,-1.2277704
2272,-1.1810515
2273,-1.1810515
2274,-1.0294018
2275,-1.0602269
2276,-1.7221459
2277,-1.1074692
2278,-1.1971711
2279,-1.2350214
2280,-1.0440115
2281,-1.0063167
2282,-1.0398618
2283,-1.0687248
2284,-1.1987818
2285,-1.7967955
2286,24.99705
2287,30.243849
2288,35.3928
2289,1.5942569
2290,62.209595
2291,77.41197
2292,76.26802
2293,53.470997
2294,79.23287
2295,112.8081
2296,105.85355
2297,181.37479
2298,176.12126
2299,184.77274
2300,130.22261
2301,63.786007
2302,46.206734
2303,7.017708
2304,-0.5477752
2305,-0.47632706
2306,-0.35248995
2307,34.417603
2308,94.7607
2309,195.34619
2310,339.92
2311,288.8733
2312,143.83043
2313,59.528336
2314,77.14248
2315,104.74247
2316,66.250694
2317,66.47422
2318,22.79691
2319,-2.0507207
2320,-0.18305853
2321,0.17369205
2322,-0.040527515
2323,51.03955
2324,63.51613
2325,49.765842
2326,45.1053
2327,42.087566
2328,23.345728
2329,4.430944
2330,16.955349
2331,52.415997
2332,34.13275
2333,64.65636
2334,59.085415
2335,79.58431
2336,79.7427
2337,83.935196
2338,158.22781
2339,75.958145
2340,122.196785
2341,122.42508
2342,103.35744
2343,58.276306
2344,15.450549
2345,-1.0102242
2346,-1.1394364
2347,-0.66105306
2348,0.4584685
2349,91.381935
2350,135.14894
2351,54.08056
2352,25.56633
2353,41.353527
2354,121.07851
2355,197.10544
2356,93.8033
2357,87.76471
2358,101.06579
2359,79.64987
2360,98.5314
2361,64.39501
2362,193.87593
2363,289.37573
2364,178.20648
2365,146.02493
2366,102.494514
2367,11.479525
2368,6.3852735
2369,-0.5164403
2370,0.7415009
2371,95.60944
2372,215.60378
2373,337.03284
2374,264.53827
2375,194.81604
2376,95.97324
2377,100.54373
2378,149.49808
2379,139.87956
2380,106.941536
2381,216.18207
2382,335.54434
2383,302.45258
2384,227.99287
2385,211.23402
2386,249.63586
2387,213.49481
2388,245.74684
2389,372.42477
2390,429.7467
2391,439.98914
2392,498.94733
2393,656.1606
2394,742.7502
2395,735.62177
2396,786.05676
2397,583.71356
2398,474.26657
2399,542.7125
2400,436.54492
2401,698.27313
2402,621.6699
2403,548.88696
2404,485.99707
2405,427.82504
2406,458.12656
2407,493.11646
2408,627.4142
2409,548.1489
2410,536.55646
2411,647.9085
2412,738.6212
2413,677.6427
2414,777.35535
2415,836.3167
2416,958.7227
2417,1012.37103
2418,989.03235
2419,936.92755
2420,889.7699
2421,925.80707
2422,1018.5218
2423,844.51105
2424,740.41736
2425,590.96466
2426,552.9008
2427,823.1944
2428,1032.1184
2429,982.00665
2430,946.27167
2431,844.8088
2432,1104.6671
2433,1141.4319
2434,1217.541
2435,902.1601
2436,564.324
2437,541.3395
2438,849.72473
2439,791.5831
2440,838.7755
2441,967.1013
2442,988.22473
2443,1088.7976
2444,1063.9562
2445,1037.7753
2446,1118.8174
2447,871.5849
2448,755.9303
2449,799.4634
2450,953.35767
2451,1010.5787
2452,1099.6078
2453,1134.6648
2454,1328.0358
2455,1063.0463
2456,932.0865
2457,850.66534
2458,1079.4747
2459,971.933
2460,1060.5438
2461,1007.3158
2462,811.57776
2463,751.86115
2464,992.84064
2465,979.6259
2466,938.6202
2467,1183.0356
2468,1405.0491
2469,996.6119
2470,1038.9751
2471,1159.0591
2472,1126.7804
2473,1137.9398
2474,1174.5465
2475,1049.054
2476,1423.3124
2477,1413.1636
2478,1097.8752
2479,1436.6481
2480,1564.5916
2481,1145.446
2482,1141.8213
2483,1318.396
2484,1188.3491
2485,1416.4697
2486,1069.9586
2487,1251.4006
2488,1149.6382
2489,1127.5018
2490,1549.0675
2491,1684.556
2492,1724.8308
2493,1655.3438
2494,980.8133
2495,1148.956
2496,1105.3927
2497,925.62756
2498,1267.4912
2499,1382.2439
2500,1279.2363
2501,1109.2472
2502,1079.52
2503,1575.5114
2504,1434.7875
2505,1861.0594
2506,1502.1178
2507,1383.4447
2508,802.64264
2509,953.7347
2510,1142.9872
2511,1155.8042
2512,1624.8553
2513,1495.0084
2514,1536.4299
2515,1378.664
2516,1392.2343
2517,1312.5146
2518,968.76227
2519,743.0229
2520,737.9986
2521,835.13043
2522,1087.0616
2523,1423.4575
2524,1427.294
2525,1527.5836
2526,1651.7598
2527,1827.6389
2528,1710.5629
2529,1695.8235
2530,1384.2351
2531,1746.2957
2532,1729.1288
2533,1162.823
2534,1256.2698
2535,1511.3094
2536,1735.5311
2537,1879.0754
2538,1887.8433
2539,1879.8215
2540,1785.9563
2541,1811.45
2542,1740.1384
2543,1828.722
2544,1890.6775
2545,1869.3022
2546,1883.8868
2547,1901.5317
2548,1948.827
2549,1945.8672
2550,1948.299
2551,1949.7946
2552,1988.5149
2553,1918.9733
2554,1937.7577
2555,1936.9417
2556,1857.9618
2557,1918.505
2558,1920.2279
2559,1915.8435
2560,1917.319
2561,1902.4235
2562,1849.8511
2563,1858.5282
2564,1875.1558
2565,1862.1487
2566,1861.5922
2567,1894.4333
2568,1896.8824
2569,1834.6227
2570,1892.9567
2571,1892.5217
2572,1852.7428
2573,1816.6246
2574,1896.53
2575,1895.5569
2576,1902.7056
2577,1904.247
2578,1932.2786
2579,1935.8309
2580,1894.7646
2581,1852.6724
2582,1874.843
2583,1887.0471
2584,1886.4385
2585,1896.8558
2586,1876.5485
2587,1861.7065
2588,1876.2731
2589,1874.1322
2590,1877.1476
2591,1913.6365
2592,1917.2966
2593,1917.2438
2594,1914.784
2595,1906.6782
2596,1916.329
2597,1931.4413
2598,1908.8007
2599,1899.0188
2600,1879.3203
2601,1885.9897
2602,1926.5754
2603,1890.6754
2604,1885.0022
2605,1893.6328
2606,1823.4275
2607,1883.989
2608,1755.9037
2609,1850.4149
2610,1877.2833
2611,1798.2189
2612,1883.0573
2613,1875.492
2614,1884.8794
2615,1781.8402
2616,1885.7673
2617,1892.3479
2618,1882.9991
2619,1872.8882
2620,1842.3181
2621,1874.028
2622,1928.6929
2623,1854.255
2624,1910.734
2625,1909.5403
2626,1922.377
2627,1920.9536
2628,1882.6125
2629,1904.9364
2630,1765.7845
2631,1882.2747
2632,1914.7958
2633,1865.9952
2634,1870.9882
2635,1832.846
2636,1710.7828
2637,1796.5771
2638,1653.7771
2639,1753.7919
2640,1883.8553
2641,1689.8456
2642,1848.7593
2643,1622.2885
2644,1693.8933
2645,1859.6244
2646,1833.2372
2647,1638.2842
2648,1563.6697
2649,1772.6576
2650,1705.5238
2651,1846.3282
2652,1834.5769
2653,1742.9452
2654,1876.8314
2655,1836.4818
2656,1861.6035
2657,1688.0437
2658,1779.3551
2659,1692.4806
2660,1709.1373
2661,1762.2235
2662,1712.976
2663,1613.0626
2664,1609.7229
2665,1567.639
2666,1705.4299
2667,1609.02
2668,1463.9833
2669,1640.1044
2670,1857.2979
2671,1882.02
2672,1899.863
2673,1917.4645
2674,1897.816
2675,1907.6223
2676,1935.2125
2677,1941.1107
2678,1944.1625
2679,1938.631
2680,1938.6018
2681,1949.8748
2682,1991.4094
2683,1969.9526
2684,1967.1853
2685,1944.1073
2686,1943.8392
2687,1978.8618
2688,1936.4745
2689,1929.399
2690,1933.6743
2691,1949.777
2692,1899.9911
2693,1866.0293
2694,1893.5897
2695,1833.6803
2696,1821.0225
2697,1816.1616
2698,1815.284
2699,1785.2594
2700,1706.8938
2701,1752.6345
2702,1736.5994
2703,1853.4143
2704,1745.8438
2705,1580.818
2706,1540.6436
2707,1424.9385
2708,1649.8723
2709,1648.8655
2710,1723.0785
2711,1750.695
2712,1550.0175
2713,1272.5862
2714,1263.277
2715,1239.011
2716,1224.5741
2717,1464.0383
2718,1441.5336
2719,1308.006
2720,1188.1428
2721,1021.2242
2722,991.69653
2723,751.51385
2724,911.1475
2725,1182.7457
2726,1259.6656
2727,1588.196
2728,1564.5831
2729,1436.5494
2730,1095.0255
2731,1116.2549
2732,972.7987
2733,1217.6774
2734,1510.7814
2735,1070.1084
2736,631.0759
2737,403.54834
2738,396.48175
2739,310.58868
2740,394.71353
2741,424.32468
2742,407.04205
2743,273.1764
2744,464.0637
2745,739.98395
2746,789.8851
2747,688.5616
2748,710.5947
2749,847.256
2750,1068.6869
2751,1160.2231
2752,1013.5958
2753,954.0347
2754,832.00757
2755,488.4387
2756,443.6957
2757,599.3067
2758,407.4844
2759,460.8007
2760,418.45007
2761,524.9065
2762,287.4943
2763,390.84042
2764,258.63394
2765,578.8601
2766,539.951
2767,485.34088
2768,295.33096
2769,406.85803
2770,270.49304
2771,405.40408
2772,389.82605
2773,421.51086
2774,756.4383
2775,595.6099
2776,595.3091
2777,870.2186
2778,750.1062
2779,667.1904
2780,634.6039
2781,714.0898
2782,483.18143
2783,282.84207
2784,367.49017
2785,596.6005
2786,646.9361
2787,685.15784
2788,638.74
2789,546.9153
2790,520.6001
2791,876.76294
2792,934.163
2793,891.309
2794,647.2229
2795,736.04803
2796,726.9703
2797,720.2985
2798,586.5535
2799,436.0371
2800,152.14702
2801,87.11688
2802,95.88372
2803,200.25146
2804,447.65482
2805,755.48517
2806,762.6523
2807,850.6399
2808,1129.2582
2809,1347.0051
2810,1332.0328
2811,1387.6625
2812,1384.1862
2813,1310.3362
2814,1588.053
2815,1528.5901
2816,1221.4928
2817,1068.6188
2818,807.1371
2819,396.0374
2820,269.9154
2821,368.71106
2822,535.8158
2823,674.1857
2824,574.96576
2825,244.34286
2826,160.4503
2827,100.52696
2828,87.27719
2829,121.95734
2830,105.83303
2831,97.89489
2832,97.720955
2833,125.92272
2834,120.14634
2835,108.52059
2836,446.11322
2837,325.1338
2838,440.23282
2839,449.72284
2840,562.40765
2841,517.286
2842,396.1432
2843,391.81458
2844,346.20624
2845,388.22177
2846,479.66956
2847,567.85785
2848,477.93326
2849,479.3686
2850,448.90237
2851,459.7672
2852,328.815
2853,247.64294
2854,275.98923
2855,224.4157
2856,334.4285
2857,375.1695
2858,384.79788
2859,402.07385
2860,329.18454
2861,442.25443
2862,570.359
2863,430.01334
2864,499.0982
2865,352.36108
2866,300.27032
2867,287.80734
2868,361.00836
2869,433.08612
2870,522.93427
2871,553.851
2872,645.3115
2873,656.48065
2874,579.6634
2875,455.3447
2876,379.90338
2877,318.65817
2878,234.64621
2879,172.49368
2880,189.15128
2881,262.51276
2882,258.41107
2883,294.43015
2884,249.58018
2885,275.52698
2886,276.53088
2887,388.66147
2888,427.7083
2889,378.09296
2890,299.80402
2891,242.90701
2892,238.18353
2893,158.6275
2894,235.61143
2895,253.35114
2896,317.10974
2897,294.52808
2898,330.23956
2899,265.49692
2900,262.0615
2901,210.29276
2902,198.08083
2903,287.47137
2904,326.16614
2905,316.08505
2906,293.33884
2907,216.90878
2908,268.47537
2909,227.67258
2910,297.48648
2911,324.18494
2912,267.85464
2913,145.62653
2914,163.14787
2915,210.70265
2916,252.93918
2917,268.08075
2918,198.03996
2919,165.79272
2920,75.62237
2921,34.806
2922,51.66153
2923,46.861042
2924,20.117292
2925,60.633545
2926,66.00693
2927,28.431923
2928,20.729774
2929,34.414925
2930,28.41647
2931,32.26995
2932,49.993385
2933,35.339756
2934,10.365847
2935,-5.106224
2936,7.7553406
2937,-5.3497343
2938,-3.253444
2939,12.926584
2940,30.971138
2941,44.022926
2942,37.00829
2943,38.50704
2944,37.673985
2945,65.85771
2946,72.6861
2947,73.49363
2948,70.383316
2949,70.098404
2950,66.62015
2951,100.94335
2952,129.84383
2953,136.21489
2954,127.75511
2955,114.87563
2956,99.21857
2957,81.554115
2958,84.69621
2959,77.23734
2960,94.04237
2961,57.72366
2962,48.573544
2963,65.73006
2964,56.712093
2965,26.075714
2966,31.380938
2967,52.40036
2968,69.41948
2969,65.49059
2970,55.3551
2971,45.160484
2972,57.319515
2973,45.700287
2974,59.985786
2975,99.0986
2976,109.05327
2977,143.37956
2978,149.25566
2979,199.2077
2980,209.93723
2981,224.27925
2982,236.97374
2983,204.49074
2984,174.69794
2985,160.17921
2986,194.67229
2987,175.96683
2988,191.07085
2989,234.40843
2990,271.11557
2991,285.1454
2992,214.1872
2993,175.29268
2994,159.09908
2995,134.05843
2996,121.76121
2997,214.69498
2998,283.99228
2999,224.52054
3000,235.90117
3001,273.3841
3002,258.61
3003,256.94177
3004,265.29025
3005,175.54993
3006,125.06202
3007,93.250084
3008,84.555534
3009,88.26167
3010,97.535255
3011,135.85516
3012,212.54062
3013,123.763916
3014,98.5053
3015,114.47782
3016,143.19733
3017,163.36491
3018,146.76201
3019,145.32352
3020,173.90251
3021,140.57413
3022,133.31386
3023,129.22916
3024,134.73943
3025,123.31157
3026,103.56897
3027,108.26372
3028,106.16255
3029,114.707565
3030,105.22583
3031,67.66901
3032,22.401003
3033,21.813728
3034,39.25727
3035,38.566845
3036,41.214207
3037,59.883698
3038,96.407394
3039,109.692604
3040,82.84116
3041,91.05622
3042,93.639275
3043,94.12589
3044,91.6584
3045,78.78062
3046,89.68232
3047,83.011345
3048,63.642986
3049,41.110157
3050,57.337242
3051,98.97051
3052,79.79825
3053,86.022835
3054,80.89355
3055,92.25103
3056,101.74472
3057,67.88966
3058,49.585243
3059,34.360233
3060,52.310276
3061,43.17211
3062,29.200542
3063,30.17253
3064,29.588167
3065,1.7417265
3066,10.063126
3067,-4.9265146
3068,-5.080549
3069,-1.5657506
3070,-0.8080803
3071,-0.8704773
3072,-0.8704773
3073,-0.8693097
3074,-0.9316679
3075,-0.96686083
3076,-0.91170365
3077,-0.93833727
3078,-0.8856478
3079,-0.7972871
3080,-0.7972871
3081,-0.77296233
3082,-0.82082903
3083,-0.9288818
3084,-0.9253113
3085,-0.88178045
3086,-0.88178045
3087,-0.94791454
3088,-0.817269
3089,-0.75739545
3090,-0.74226207
3091,-1.0657645
3092,-0.81931823
3093,-0.8222199
3094,-0.8027133
3095,-0.8027133
3096,-0.7849804
3097,-0.7581118
3098,-1.2347041
3099,-0.48363668
3100,38.07352
3101,49.17563
3102,57.894623
3103,40.774796
3104,20.725069
3105,23.317932
3106,11.315525
3107,10.376713
3108,39.775555
3109,120.27615
3110,110.0313
3111,101.6516
3112,92.04694
3113,106.76908
3114,148.0946
3115,147.65315
3116,145.85896
3117,133.66273
3118,145.42531
3119,208.22678
3120,202.15964
3121,230.5351
3122,283.59677
3123,296.553
3124,246.86116
3125,189.9172
3126,140.0727
3127,124.70528
3128,147.78691
3129,216.71945
3130,250.69778
3131,242.21884
3132,212.41359
3133,145.34557
3134,168.39505
3135,212.11537
3136,187.74835
3137,178.66475
3138,151.21097
3139,128.22092
3140,115.82302
3141,96.497025
3142,83.184456
3143,93.10653
3144,101.69476
3145,112.334435
3146,105.75709
3147,103.854965
3148,117.44589
3149,123.36881
3150,155.18326
3151,132.25677
3152,132.16577
3153,178.89111
3154,146.81664
3155,106.1786
3156,132.43033
3157,153.61986
3158,153.54144
3159,168.40721
3160,181.70287
3161,180.93472
3162,228.65585
3163,201.1251
3164,180.24872
3165,154.72722
3166,133.0992
3167,226.15883
3168,273.488
3169,297.44693
3170,273.72855
3171,345.57242
3172,395.6634
3173,304.50372
3174,365.14047
3175,356.45694
3176,346.91568
3177,310.68555
3178,311.08835
3179,318.17624
3180,316.847
3181,300.6806
3182,307.18094
3183,377.9949
3184,451.20004
3185,480.9188
3186,488.61243
3187,451.19156
3188,407.18414
3189,362.73068
3190,344.00238
3191,273.6403
3192,239.31473
3193,246.67328
3194,277.9956
3195,346.12415
3196,271.8509
3197,198.3437
3198,136.24275
3199,118.8959
3200,63.470005
3201,30.132143
3202,52.19083
3203,70.07104
3204,58.237247
3205,33.67444
3206,11.872402
3207,-0.33202982
3208,2.1085553
3209,8.511173
3210,6.6681437
3211,21.468561
3212,63.121284
3213,231.58203
3214,192.51971
3215,45.529427
3216,-2.769665
3217,-0.86419636
3218,-0.81447047
3219,-0.78935105
3220,11.118327
3221,74.067
3222,13.169873
3223,4.392915
3224,23.361448
3225,71.7003
3226,56.332222
3227,88.55045
3228,107.89631
3229,73.58316
3230,111.48805
3231,88.520966
3232,55.848385
3233,19.114029
3234,39.450096
3235,34.655552
3236,64.70375
3237,150.29427
3238,403.96738
3239,215.26888
3240,185.04285
3241,246.12149
3242,221.1229
3243,240.44202
3244,335.31467
3245,333.60944
3246,282.0275
3247,172.08093
3248,112.41554
3249,144.74467
3250,131.858
3251,160.60202
3252,217.23428
3253,275.94803
3254,314.1642
3255,207.56917
3256,157.61273
3257,195.36122
3258,167.40477
3259,154.20695
3260,117.33312
3261,104.28708
3262,101.16858
3263,87.86683
3264,75.15389
3265,85.84129
3266,88.12789
3267,89.41114
3268,65.805984
3269,47.15756
3270,24.733961
3271,18.537989
3272,44.200764
3273,54.164455
3274,42.72942
3275,32.354954
3276,57.768692
3277,73.94809
3278,63.884815
3279,61.26273
3280,44.51024
3281,28.340368
3282,11.152044
3283,20.627277
3284,1.4833736
3285,-1.0156648
3286,42.850235
3287,78.804886
3288,130.7719
3289,181.82365
3290,162.32515
3291,75.8561
3292,62.285362
3293,63.570065
3294,32.48552
3295,34.199135
3296,86.11486
3297,37.99487
3298,44.88962
3299,84.711685
3300,38.70472
3301,47.4225
3302,60.60086
3303,62.49178
3304,87.12253
3305,111.36385
3306,106.32939
3307,89.597046
3308,209.76103
3309,208.23373
3310,290.5687
3311,323.10303
3312,444.11304
3313,560.2658
3314,509.63275
3315,502.34683
3316,399.8196
3317,237.24411
3318,157.98532
3319,171.07838
3320,222.48138
3321,232.38202
3322,235.23592
3323,215.53308
3324,179.0978
3325,165.67319
3326,166.18915
3327,148.99478
3328,94.165634
3329,116.5709
3330,131.52187
3331,154.97305
3332,185.71083
3333,146.3264
3334,113.356995
3335,123.16752
3336,138.25893
3337,122.99483
3338,95.15872
3339,98.730415
3340,136.75995
3341,105.27871
3342,89.686005
3343,90.04711
3344,92.25786
3345,82.53127
3346,81.21568
3347,44.42959
3348,38.767643
3349,21.607573
3350,25.798214
3351,45.023144
3352,95.83048
3353,74.2166
3354,74.1397
3355,60.832584
3356,26.446321
3357,-0.7290538
3358,-0.38434422
3359,-0.647452
3360,-0.731753
3361,-0.6890244
3362,-0.72856003
3363,-0.759162
3364,-0.7804187
3365,-0.46620825
3366,-0.42796347
3367,43.170532
3368,71.99773
3369,27.693127
3370,54.101933
3371,64.89931
3372,47.885086
3373,49.94608
3374,62.646397
3375,61.67103
3376,53.10847
3377,77.066284
3378,71.47886
3379,94.14813
3380,109.447876
3381,131.10974
3382,216.18259
3383,246.54544
3384,271.52487
3385,236.85442
3386,181.33255
3387,227.83546
3388,175.48355
3389,183.86696
3390,190.93524
3391,234.42061
3392,265.93942
3393,322.17163
3394,385.97885
3395,333.7788
3396,349.06235
3397,325.0868
3398,348.67776
3399,350.9945
3400,369.012
3401,367.30264
3402,440.02094
3403,384.5966
3404,325.6047
3405,255.57404
3406,289.5669
3407,336.37094
3408,305.99115
3409,255.19006
3410,142.60226
3411,145.17134
3412,136.58838
3413,277.02292
3414,297.74918
3415,364.81705
3416,425.7354
3417,513.0803
3418,485.5267
3419,541.91376
3420,387.6873
3421,337.88196
3422,376.9014
3423,436.62317
3424,344.94836
3425,339.9798
3426,282.26935
3427,326.40686
3428,294.31097
3429,231.38564
3430,245.98976
3431,230.61168
3432,182.18866
3433,182.00114
3434,179.10112
3435,161.68555
3436,136.69466
3437,108.80472
3438,136.99866
3439,130.82536
3440,121.57281
3441,91.76204
3442,61.13721
3443,33.654755
3444,16.011538
3445,15.615829
3446,15.72329
3447,14.692306
3448,1.9655936
3449,-0.57890403
3450,-0.23991455
3451,-0.3650193
3452,-0.1766015
3453,-0.31584042
3454,-0.4491809
3455,-0.4596085
3456,-0.47775036
3457,-0.7198339
3458,-0.4001547
3459,-0.4001547
3460,-0.7625235
3461,-0.4080485
3462,-0.74063253
3463,0.3340939
3464,-0.69667804
3465,-0.72850645
3466,-0.7562831
3467,-0.8822965
3468,-0.89396566
3469,-0.89396566
3470,-0.89396566
3471,-0.89396566
3472,-0.9073
3473,-0.9073
3474,-0.9073
3475,-0.9073
3476,-1.302515
3477,-1.077252
3478,-0.9287303
3479,-0.976469
3480,-0.5799293
3481,-0.5751325
3482,-0.8457125
3483,-0.43407637
3484,-0.42468232
3485,-0.42468232
3486,-0.40317336
3487,-0.45628598
3488,-0.5381155
3489,-0.9484828
3490,-0.9062098
3491,-0.9294359
3492,-0.917879
3493,-1.0620854
3494,-1.0620854
3495,-1.043992
3496,-1.0620854
3497,-1.0504162
3498,-1.0643376
3499,-1.0504162
3500,-1.0620854
3501,-1.0848137
3502,-1.0848137
3503,-1.0848137
3504,-1.0848137
3505,-1.0731446
3506,-1.0731446
3507,-1.0731446
3508,-1.0805198
3509,-1.0805198
3510,-1.0805198
3511,-1.0805198
3512,-1.0887764
3513,-1.0580604
3514,-1.9820231
3515,-2.0059261
3516,-2.007683
3517,-2.007683
3518,-3.242485
3519,-2.8041358
3520,-2.007683
3521,-1.7750587
3522,31.835838
3523,165.29791
3524,133.17639
3525,138.14287
3526,129.2872
3527,177.25613
3528,101.27171
3529,64.32916
3530,10.728181
3531,2.1735396
3532,8.621435
3533,58.719597
3534,141.06445
3535,234.38412
3536,188.1678
3537,189.28215
3538,165.71695
3539,168.04628
3540,174.56584
3541,184.08994
3542,211.6186
3543,264.44864
3544,331.86252
3545,316.33688
3546,277.91373
3547,233.10895
3548,248.37276
3549,177.51855
3550,165.38556
3551,190.00464
3552,307.47183
3553,144.26717
3554,304.1783
3555,292.27078
3556,340.21616
3557,431.56332
3558,580.2315
3559,423.03238
3560,465.66074
3561,364.29138
3562,410.31836
3563,538.0851
3564,496.1577
3565,560.5689
3566,404.93518
3567,785.03925
3568,725.48395
3569,863.8654
3570,869.019
3571,900.7238
3572,660.5668
3573,492.98758
3574,491.18854
3575,381.9005
3576,497.63437
3577,402.34357
3578,270.02084
3579,344.36914
3580,379.68817
3581,320.49304
3582,461.69882
3583,323.96082
3584,436.06754
3585,296.63483
3586,374.32816
3587,478.52472
3588,488.40372
3589,236.29918
3590,191.24677
3591,161.57675
3592,125.81093
3593,160.0113
3594,310.68747
3595,351.5366
3596,326.76373
3597,364.6783
3598,503.84918
3599,475.53696
3600,531.06854
3601,511.109
3602,274.37094
3603,552.872
3604,333.6936
3605,338.97897
3606,438.5056
3607,613.62836
3608,517.0941
3609,541.6493
3610,518.8732
3611,472.49518
3612,646.4418
3613,565.16864
3614,563.1704
3615,720.8358
3616,622.0375
3617,486.37796
3618,278.45773
3619,220.20337
3620,266.55496
3621,235.61351
3622,279.352
3623,157.93672
3624,213.10313
3625,129.19571
3626,86.954
3627,252.03032
3628,282.5041
3629,396.0208
3630,360.413
3631,369.27344
3632,319.48227
3633,378.566
3634,258.8274
3635,309.74463
3636,271.5948
3637,278.8489
3638,307.3803
3639,189.67017
3640,150.25798
3641,108.04617
3642,192.68855
3643,285.49875
3644,313.15323
3645,295.41867
3646,314.18564
3647,189.86272
3648,202.35541
3649,283.21008
3650,321.43375
3651,361.31836
3652,417.08978
3653,387.11856
3654,258.8115
3655,258.15378
3656,326.74875
3657,216.36272
3658,194.9088
3659,234.73654
3660,235.51135
3661,261.86752
3662,472.83264
3663,270.2048
3664,335.53644
3665,620.53107
3666,768.494
3667,539.0319
3668,426.72394
3669,454.46378
3670,682.91907
3671,705.79584
3672,716.5596
3673,760.9414
3674,626.04126
3675,437.53488
3676,525.464
3677,337.62463
3678,237.85454
3679,372.5243
3680,629.43646
3681,477.67117
3682,352.5353
3683,447.02374
3684,230.4124
3685,432.87402
3686,431.5451
3687,220.92801
3688,372.16064
3689,382.1584
3690,434.70758
3691,377.1513
3692,487.8578
3693,306.3043
3694,216.46854
3695,162.08885
3696,116.587494
3697,111.61223
3698,157.94983
3699,151.87314
3700,187.32285
3701,201.98738
3702,244.66151
3703,190.28783
3704,176.62431
3705,166.89027
3706,182.33952
3707,129.71286
3708,154.75243
3709,171.75385
3710,168.92133
3711,194.74948
3712,181.54286
3713,152.83875
3714,139.88245
3715,64.692154
3716,88.6903
3717,64.55332
3718,46.656017
3719,58.271664
3720,92.90256
3721,95.784996
3722,74.957146
3723,65.365425
3724,70.86781
3725,83.063095
3726,77.93564
3727,73.588715
3728,128.21043
3729,161.0526
3730,142.88574
3731,124.06442
3732,103.63133
3733,117.70542
3734,125.45675
3735,130.98572
3736,142.40355
3737,115.963066
3738,122.19011
3739,124.59241
3740,145.1181
3741,134.15169
3742,102.93038
3743,98.72187
3744,118.31655
3745,156.84943
3746,164.5558
3747,165.75449
3748,169.31976
3749,198.40048
3750,198.85854
3751,191.5316
3752,190.00099
3753,147.76407
3754,129.38167
3755,179.32076
3756,209.1518
3757,179.09746
3758,205.54956
3759,197.10466
3760,207.45377
3761,231.05225
3762,218.56906
3763,195.756
3764,171.62343
3765,184.84454
3766,178.6977
3767,181.19829
3768,262.2776
3769,322.82898
3770,323.33307
3771,339.70654
3772,328.3577
3773,336.52362
3774,373.47464
3775,424.28168
3776,405.87097
3777,301.8284
3778,292.78766
3779,238.20518
3780,254.50414
3781,280.9801
3782,417.15863
3783,269.26886
3784,284.99164
3785,221.0643
3786,301.057
3787,257.60132
3788,431.0983
3789,372.2172
3790,511.5749
3791,500.0937
3792,423.2812
3793,300.65314
3794,295.7197
3795,328.5358
3796,348.474
3797,214.14162
3798,248.41537
3799,180.13618
3800,201.73703
3801,143.24532
3802,192.0563
3803,151.17574
3804,140.56851
3805,127.26216
3806,164.3308
3807,145.01955
3808,139.3065
3809,133.279
3810,93.70256
3811,100.08641
3812,104.669495
3813,78.43768
3814,71.848175
3815,51.03773
3816,56.899
3817,56.289627
3818,74.41817
3819,109.51391
3820,130.41606
3821,149.44798
3822,164.8915
3823,184.01064
3824,167.6943
3825,158.22183
3826,188.56302
3827,246.285
3828,262.2922
3829,198.8881
3830,170.61566
3831,170.13701
3832,158.94826
3833,139.7558
3834,172.40857
3835,392.67316
3836,375.68582
3837,333.34235
3838,230.81467
3839,306.381
3840,251.77534
3841,404.4292
3842,456.30472
3843,481.1651
3844,269.1581
3845,304.4502
3846,335.15195
3847,397.993
3848,326.97617
3849,305.40396
3850,306.31284
3851,283.39026
3852,324.06528
3853,358.6757
3854,163.06223
3855,161.41876
3856,205.53932
3857,269.14188
3858,158.75943
3859,190.69566
3860,265.1676
3861,681.2646
3862,225.59306
3863,81.52091
3864,192.86278
3865,132.72063
3866,345.03384
3867,567.545
3868,237.83455
3869,288.49564
3870,196.28754
3871,241.10559
3872,225.82478
3873,266.06998
3874,218.34215
3875,190.24718
3876,157.91673
3877,115.619286
3878,237.25252
3879,218.13046
3880,166.67656
3881,250.68245
3882,261.82062
3883,271.36877
3884,285.8237
3885,414.9702
3886,297.6199
3887,531.41614
3888,577.9654
3889,345.56424
3890,408.831
3891,575.7744
3892,601.14636
3893,472.70303
3894,517.1425
3895,543.8002
3896,525.3875
3897,513.7729
3898,565.7487
3899,484.72705
3900,344.31403
3901,273.3884
3902,531.2159
3903,510.71176
3904,341.07895
3905,192.57341
3906,113.69041
3907,215.93188
3908,496.40753
3909,572.9872
3910,484.6508
3911,488.60727
3912,528.5083
3913,738.46857
3914,1046.6173
3915,814.0006
3916,695.93616
3917,630.9378
3918,911.1167
3919,725.96594
3920,778.4022
3921,610.77435
3922,695.58545
3923,488.62146
3924,661.84607
3925,527.7279
3926,515.9766
3927,539.3792
3928,489.28748
3929,524.51526
3930,555.8694
3931,578.78284
3932,604.6171
3933,616.146
3934,733.9952
3935,610.5304
3936,674.4296
3937,937.9917
3938,596.9097
3939,830.41254
3940,845.4338
3941,1022.9417
3942,560.7725
3943,472.954
3944,144.67848
3945,74.55394
3946,73.44068
3947,88.01221
3948,122.09591
3949,118.29362
3950,145.38707
3951,175.42015
3952,165.86578
3953,120.49648
3954,142.40553
3955,287.3316
3956,191.95274
3957,131.13765
3958,163.0105
3959,166.28708
3960,191.64578
3961,216.157
3962,187.69675
3963,206.96974
3964,179.7784
3965,175.09094
3966,251.84702
3967,262.8619
3968,352.74768
3969,252.96172
3970,154.40276
3971,192.6035
3972,206.1203
3973,163.50407
3974,114.567406
3975,122.769135
3976,87.929375
3977,51.433266
3978,91.05018
3979,52.32054
3980,24.16354
3981,36.788002
3982,41.009357
3983,54.86415
3984,55.09201
3985,68.14965
3986,70.599976
3987,112.24661
3988,84.23543
3989,105.68522
3990,115.85305
3991,97.96452
3992,68.693695
3993,76.7184
3994,68.014305
3995,60.324406
3996,48.543457
3997,40.72886
3998,40.48493
3999,42.717167
4000,61.83249
4001,36.147068
4002,51.175297
4003,39.140625
4004,28.83915
4005,56.45181
4006,64.39576
4007,57.817844
4008,44.324192
4009,46.074318
4010,53.15854
4011,71.97967
4012,75.93688
4013,91.77638
4014,87.04699
4015,116.136566
4016,97.09071
4017,106.21916
4018,125.80007
4019,164.85378
4020,204.43391
4021,178.63942
4022,311.91934
4023,408.51535
4024,384.98022
4025,320.4553
4026,413.64212
4027,342.57526
4028,451.66006
4029,311.78656
4030,197.51097
4031,182.15639
4032,151.90697
4033,75.36844
4034,109.65454
4035,222.39453
4036,299.1207
4037,390.40878
4038,227.50299
4039,39.873394
4040,-2.079372
4041,-0.8319188
4042,-0.7579114
4043,-0.7904205
4044,18.338465
4045,187.50487
4046,107.85348
4047,48.062336
4048,17.86586
4049,15.6406765
4050,0.31456473
4051,47.64557
4052,122.73936
4053,183.56036
4054,183.98169
4055,253.66399
4056,256.1915
4057,164.77863
4058,93.03201
4059,121.921555
4060,138.92459
4061,149.21828
4062,111.462456
4063,102.272064
4064,113.16138
4065,90.56802
4066,137.65334
4067,197.42468
4068,109.36884
4069,14.997639
4070,-2.7121773
4071,-3.5560205
4072,-1.5525305
4073,-2.35744
4074,48.91607
4075,142.9843
4076,167.06593
4077,154.58685
4078,115.21709
4079,46.168884
4080,21.641394
4081,13.0146
4082,105.48551
4083,76.88318
4084,69.103874
4085,89.14204
4086,104.26152
4087,111.56398
4088,152.09793
4089,163.94986
4090,109.73044
4091,98.66143
4092,114.65548
4093,97.742195
4094,145.53294
4095,123.182274
4096,147.87634
4097,170.1614
4098,350.52045
4099,330.21826
4100,296.28116
4101,292.48965
4102,247.38051
4103,189.1158
4104,138.28757
4105,75.426125
4106,60.11886
4107,123.782745
4108,153.04779
4109,194.69467
4110,225.87422
4111,192.0338
4112,207.70865
4113,249.67445
4114,267.22772
4115,255.14357
4116,269.3535
4117,186.04056
4118,218.03813
4119,264.20578
4120,237.00047
4121,248.74109
4122,274.9031
4123,176.77298
4124,205.1124
4125,318.6374
4126,467.59177
4127,664.82513
4128,553.40265
4129,496.06937
4130,376.2834
4131,395.77112
4132,354.9908
4133,476.11475
4134,495.19284
4135,456.74597
4136,450.00323
4137,382.30124
4138,325.8501
4139,268.36023
4140,203.34242
4141,262.26102
4142,235.62193
4143,201.9872
4144,302.21582
4145,321.08273
4146,303.13232
4147,262.09695
4148,247.29755
4149,268.2545
4150,283.90607
4151,240.37323
4152,289.82126
4153,418.56897
4154,280.2216
4155,127.81942
4156,204.29347
4157,330.24075
4158,260.92834
4159,185.07552
4160,202.17595
4161,256.29254
4162,283.8034
4163,282.36526
4164,355.69003
4165,327.84787
4166,309.07153
4167,205.91827
4168,166.3073
4169,174.23709
4170,129.4533
4171,119.475044
4172,106.98333
4173,115.754654
4174,153.98613
4175,102.96719
4176,62.010807
4177,118.67943
4178,109.27901
4179,143.82784
4180,165.58781
4181,196.7392
4182,190.5762
4183,179.90779
4184,209.52266
4185,261.2269
4186,330.69156
4187,315.1401
4188,293.74823
4189,388.04175
4190,328.69922
4191,248.90215
4192,294.79703
4193,402.42313
4194,460.7618
4195,427.33395
4196,342.09656
4197,385.52664
4198,441.84094
4199,358.4272
4200,292.20416
4201,307.55063
4202,385.1233
4203,167.92302
4204,68.35934
4205,113.6574
4206,121.99392
4207,72.72106
4208,115.67321
4209,295.36383
4210,377.0108
4211,474.53647
4212,462.4045
4213,578.45935
4214,526.33295
4215,506.28757
4216,340.90982
4217,300.68317
4218,339.23346
4219,298.0616
4220,429.23456
4221,359.75983
4222,339.5135
4223,311.92035
4224,429.8556
4225,425.31705
4226,436.464
4227,495.83868
4228,404.01035
4229,225.96893
4230,202.40047
4231,168.78975
4232,272.01544
4233,266.87933
4234,221.06525
4235,146.18683
4236,106.24695
4237,120.75007
4238,77.2467
4239,16.749826
4240,72.68845
4241,48.72474
4242,85.26889
4243,98.78891
4244,50.152122
4245,50.047657
4246,44.306427
4247,86.75172
4248,49.25761
4249,39.125347
4250,120.985374
4251,139.14732
4252,194.07771
4253,211.44136
4254,226.42352
4255,164.06506
4256,201.76802
4257,265.14008
4258,281.9528
4259,230.85364
4260,324.45538
4261,366.9534
4262,410.0759
4263,486.919
4264,521.8764
4265,462.06006
4266,467.73468
4267,442.00537
4268,473.81247
4269,518.2825
4270,492.82144
4271,434.2557
4272,306.40427
4273,341.4797
4274,354.88025
4275,427.47623
4276,386.84494
4277,446.988
4278,526.2063
4279,681.69165
4280,520.04974
4281,368.275
4282,388.21228
4283,341.5447
4284,566.0272
4285,571.22656
4286,526.1101
4287,562.11176
4288,370.47064
4289,370.3582
4290,359.64203
4291,368.5057
4292,535.3356
4293,621.54803
4294,653.7421
4295,850.3718
4296,779.71265
4297,851.4536
4298,692.2177
4299,677.50995
4300,677.1144
4301,682.2752
4302,607.3759
4303,634.629
4304,609.3603
4305,501.33517
4306,540.0987
4307,492.68555
4308,572.32806
4309,693.1987
4310,861.95935
4311,1046.3096
4312,710.571
4313,635.7446
4314,839.9124
4315,758.04803
4316,662.5295
4317,766.6732
4318,589.6585
4319,497.58582
4320,595.72656
4321,730.17334
4322,721.0867
4323,543.627
4324,470.67755
4325,414.19498
4326,349.53503
4327,445.074
4328,571.7082
4329,688.1502
4330,1088.5962
4331,1199.893
4332,1008.42975
4333,972.8572
4334,1043.9375
4335,1058.7969
4336,966.3374
4337,784.2986
4338,1018.78125
4339,846.54895
4340,724.5928
4341,676.19366
4342,681.3108
4343,625.3839
4344,558.24243
4345,408.4441
4346,377.82526
4347,577.3504
4348,539.13153
4349,588.3953
4350,492.6346
4351,623.4221
4352,655.9071
4353,600.1631
4354,587.96204
4355,486.28387
4356,545.25085
4357,489.90765
4358,480.70544
4359,477.05078
4360,371.04318
4361,429.77338
4362,512.5503
4363,445.31656
4364,390.76804
4365,105.88736
4366,504.79276
4367,405.7522
4368,526.39905
4369,357.27646
4370,469.71527
4371,422.61044
4372,377.7616
4373,489.6344
4374,600.5482
4375,590.06915
4376,672.37427
4377,714.7992
4378,719.2337
4379,685.2748
4380,636.7233
4381,758.1965
4382,617.6899
4383,499.1471
4384,510.62357
4385,448.6798
4386,499.15878
4387,506.4839
4388,452.78238
4389,538.4205
4390,565.9792
4391,648.8537
4392,566.86115
4393,611.0583
4394,600.5962
4395,429.6826
4396,599.6358
4397,478.5719
4398,486.5632
4399,571.1667
4400,569.7496
4401,543.40106
4402,473.78735
4403,522.5709
4404,505.10858
4405,533.48566
4406,483.05185
4407,523.0834
4408,480.73532
4409,448.5757
4410,533.0811
4411,575.26355
4412,592.5831
4413,538.57947
4414,545.56335
4415,689.25684
4416,740.39746
4417,503.1115
4418,508.08466
4419,489.7607
4420,426.538
4421,407.86646
4422,396.48578
4423,447.71008
4424,558.1801
4425,592.08044
4426,481.69748
4427,405.4135
4428,303.9298
4429,343.12216
4430,329.05066
4431,361.85287
4432,277.1473
4433,231.95625
4434,301.49112
4435,278.8166
4436,198.81615
4437,207.55176
4438,220.5517
4439,250.55624
4440,271.8637
4441,376.35205
4442,384.87045
4443,423.68027
4444,413.66232
4445,415.5336
4446,433.49408
4447,371.7582
4448,365.73203
4449,422.04834
4450,488.27386
4451,541.3302
4452,582.203
4453,481.81488
4454,493.90805
4455,421.6544
4456,486.18967
4457,450.6156
4458,354.10864
4459,341.4198
4460,317.31454
4461,333.21695
4462,317.02884
4463,332.46738
4464,364.55124
4465,308.54636
4466,268.97955
4467,281.3636
4468,240.45992
4469,237.8299
4470,254.70981
4471,288.87482
4472,442.48877
4473,486.7565
4474,436.34244
4475,425.34213
4476,479.5776
4477,444.69882
4478,367.13214
4479,344.29037
4480,348.02835
4481,434.62323
4482,425.46262
4483,589.25055
4484,440.15292
4485,496.6064
4486,544.8804
4487,420.18762
4488,340.88403
4489,334.09216
4490,323.36987
4491,292.37988
4492,298.84198
4493,273.94632
4494,289.399
4495,329.04187
4496,303.274
4497,301.39886
4498,231.23824
4499,184.39894
4500,212.07872
4501,258.25836
4502,297.49176
4503,299.61185
4504,271.1904
4505,251.30254
4506,184.62498
4507,176.04161
4508,167.2972
4509,175.11246
4510,172.96478
4511,144.45166
4512,105.87157
4513,64.36755
4514,61.23614
4515,26.634178
4516,38.90886
4517,43.115925
4518,30.295513
4519,54.097626
4520,39.108746
4521,80.510086
4522,103.562904
4523,87.14241
4524,49.039757
4525,45.688366
4526,5.648432
4527,-1.3476179
4528,-0.69112307
4529,-0.7381744
4530,-0.6846007
4531,-0.79339147
4532,-0.81566054
4533,-0.79355484
4534,-0.7542218
4535,-0.77230424
4536,-0.8022409
4537,-0.8022409
4538,-0.7316407
4539,-0.78036916
4540,-0.73033726
4541,-0.6874256
4542,-0.6568003
4543,-0.6148519
4544,-0.60445344
4545,-0.6148519
4546,-0.7048511
4547,-0.7539412
4548,-0.7644016
4549,-0.7855541
4550,-0.7855541
4551,-0.82236785
4552,-0.89012223
4553,-0.89012223
4554,-0.97120184
4555,-0.9662177
4556,-0.97120184
4557,-0.97120184
4558,-0.90344745
4559,-0.9504002
4560,-0.9504002
4561,-0.946359
4562,-0.9504002
4563,-0.9504002
4564,-1.0181546
4565,-1.0181546
4566,-0.9588128
4567,-1.0017245
4568,-0.9401738
4569,-0.9588128
4570,-0.93114847
4571,-0.92075
4572,-0.8791046
4573,-0.8791046
4574,-0.92682505
4575,-0.9383705
4576,-1.6891319
4577,-1.6713153
4578,-0.8409425
4579,-0.8264621
4580,-0.8264621
4581,-0.8016661
4582,-0.7795693
4583,-0.87112147
4584,-0.8134578
4585,-0.8848473
4586,-0.941213
4587,-0.941213
4588,-0.8939545
4589,-0.9581543
4590,-0.91618705
4591,-1.657931
4592,-0.912368
4593,-1.0342898
4594,-1.0352304
4595,-1.3426623
4596,30.25362
4597,24.608456
4598,17.299685
4599,14.178078
4600,23.862272
4601,28.43979
4602,17.430557
4603,29.798079
4604,16.540373
4605,43.61319
4606,107.267204
4607,114.94058
4608,70.45307
4609,47.81531
4610,71.20132
4611,36.115044
4612,14.856534
4613,15.440134
4614,-1.5666388
4615,1.2612416
4616,24.202505
4617,41.778034
4618,24.570494
4619,3.9251928
4620,-0.9039897
4621,25.20738
4622,46.002434
4623,28.993896
4624,18.946657
4625,16.786453
4626,25.622906
4627,52.831264
4628,52.55254
4629,54.08087
4630,32.737644
4631,45.647724
4632,75.80532
4633,93.513954
4634,91.128105
4635,69.334175
4636,100.58203
4637,173.80115
4638,149.80927
4639,132.1402
4640,131.61374
4641,117.11486
4642,128.7348
4643,138.40456
4644,122.7767
4645,108.11892
4646,145.99939
4647,119.674644
4648,125.42354
4649,105.04571
4650,59.44555
4651,109.326645
4652,232.2574
4653,177.02873
4654,80.63856
4655,165.37502
4656,97.72528
4657,136.0496
4658,127.59721
4659,138.12961
4660,164.57991
4661,191.65388
4662,182.70589
4663,144.51561
4664,97.76345
4665,184.45886
4666,182.19781
4667,246.70018
4668,200.57906
4669,261.4866
4670,248.0365
4671,273.7445
4672,315.1315
4673,210.64613
4674,268.46906
4675,161.58295
4676,149.92334
4677,183.06277
4678,256.42755
4679,392.46832
4680,361.1898
4681,546.8071
4682,371.43835
4683,488.21786
4684,689.8024
4685,683.0296
4686,386.0958
4687,430.2649
4688,494.5254
4689,358.4765
4690,368.03165
4691,264.84766
4692,317.51932
4693,349.69507
4694,360.96307
4695,381.88156
4696,429.045
4697,510.32175
4698,402.9636
4699,335.6316
4700,303.4833
4701,507.23367
4702,353.20367
4703,312.75626
4704,315.34314
4705,243.9881
4706,200.10603
4707,227.67436
4708,309.82907
4709,329.9174
4710,305.37573
4711,226.137
4712,478.49634
4713,459.34164
4714,328.281
4715,200.12961
4716,107.46444
4717,129.6188
4718,108.872856
4719,131.54985
4720,120.853745
4721,119.393166
4722,96.87512
4723,130.97357
4724,123.03387
4725,157.24117
4726,159.00189
4727,156.60489
4728,142.88423
4729,121.98884
4730,147.49799
4731,135.63678
4732,90.108955
4733,206.52164
4734,258.40036
4735,225.75568
4736,157.89243
4737,126.22987
4738,164.65417
4739,267.749
4740,244.7962
4741,261.08612
4742,225.05856
4743,304.86578
4744,273.99323
4745,329.40094
4746,303.89258
4747,249.18414
4748,393.48306
4749,468.90854
4750,406.99847
4751,353.0543
4752,349.65677
4753,317.92038
4754,289.13785
4755,247.2688
4756,193.72186
4757,250.62473
4758,391.82208
4759,308.87695
4760,153.47067
4761,205.68576
4762,387.45236
4763,740.3167
4764,947.53204
4765,782.79785
4766,641.6327
4767,451.10294
4768,479.6548
4769,557.13214
4770,611.5838
4771,665.0532
4772,748.5586
4773,599.218
4774,498.58984
4775,624.30725
4776,373.5629
4777,516.27747
4778,438.2362
4779,664.36237
4780,696.64795
4781,590.0
4782,754.722
4783,649.4306
4784,835.5574
4785,663.6318
4786,628.0116
4787,465.04865
4788,418.74472
4789,458.26913
4790,486.2329
4791,926.05914
4792,983.10596
4793,883.1363
4794,710.2901
4795,1092.6654
4796,1528.9542
4797,1190.2152
4798,1510.9718
4799,1325.7975
4800,1343.9885
4801,1579.9434
4802,1859.4087
4803,1541.7034
4804,1088.0541
4805,1189.7902
4806,1504.9471
4807,1106.6815
4808,1226.5537
4809,996.8429
4810,1391.5372
4811,1727.1353
4812,1565.0067
4813,1829.4867
4814,1530.2949
4815,1450.3832
4816,966.68
4817,878.68823
4818,935.6564
4819,742.64105
4820,909.8315
4821,809.1731
4822,732.8006
4823,893.6449
4824,811.976
4825,700.5923
4826,608.7667
4827,585.1224
4828,687.4812
4829,842.78564
4830,658.34326
4831,698.41125
4832,645.37726
4833,744.415
4834,918.431
4835,775.75696
4836,693.97614
4837,612.8248
4838,766.2575
4839,748.4508
4840,912.7395
4841,969.82904
4842,947.84393
4843,1023.93774
4844,1029.9592
4845,859.1165
4846,731.691
4847,718.81647
4848,601.8091
4849,505.89673
4850,507.95535
4851,387.16663
4852,559.51184
4853,729.66895
4854,745.0302
4855,727.7955
4856,902.236
4857,1534.5746
4858,1370.8114
4859,1468.5887
4860,1423.2192
4861,1562.7797
4862,1250.1783
4863,918.6852
4864,963.4067
4865,990.0298
4866,913.9957
4867,774.5837
4868,853.2306
4869,805.55927
4870,745.42523
4871,926.42914
4872,604.1147
4873,496.514
4874,641.536
4875,1046.151
4876,900.5138
4877,1012.9177
4878,1689.6282
4879,1296.6017
4880,574.24603
4881,664.55664
4882,660.74066
4883,576.40344
4884,954.0674
4885,805.4535
4886,892.3729
4887,632.88385
4888,484.97495
4889,451.36136
4890,421.3845
4891,470.82108
4892,298.45346
4893,389.58072
4894,446.4046
4895,339.1987
4896,392.6655
4897,316.01678
4898,335.4417
4899,401.4703
4900,394.57117
4901,466.85965
4902,405.7081
4903,473.327
4904,490.06805
4905,570.3919
4906,530.21313
4907,680.8359
4908,612.46826
4909,522.22955
4910,738.80505
4911,737.66266
4912,623.2105
4913,761.1032
4914,552.4166
4915,334.4212
4916,338.7579
4917,507.91714
4918,370.24835
4919,463.60876
4920,562.38245
4921,661.0227
4922,444.36063
4923,395.2542
4924,557.51544
4925,409.3373
4926,534.90607
4927,269.5321
4928,445.39993
4929,562.48346
4930,399.36584
4931,207.8167
4932,274.1471
4933,344.97797
4934,526.6747
4935,326.6389
4936,452.70184
4937,417.2252
4938,521.56683
4939,517.48047
4940,151.15057
4941,132.4632
4942,368.3773
4943,179.23393
4944,234.07144
4945,550.2209
4946,513.3281
4947,656.6602
4948,450.39844
4949,355.6718
4950,577.0187
4951,570.1231
4952,349.14337
4953,521.9279
4954,611.5287
4955,516.00305
4956,915.6229
4957,529.98804
4958,975.1415
4959,515.8763
4960,523.58527
4961,394.44495
4962,681.3046
4963,481.28583
4964,877.2455
4965,866.3624
4966,1290.3209
4967,1252.462
4968,1299.8583
4969,725.8703
4970,849.36676
4971,1171.2391
4972,1068.694
4973,1211.8885
4974,1390.8252
4975,1374.1144
4976,1827.8309
4977,1778.1487
4978,1770.2147
4979,1786.9109
4980,1557.1748
4981,1518.0931
4982,1404.9688
4983,1379.4384
4984,1538.4008
4985,1588.5115
4986,1523.9977
4987,1725.619
4988,1678.3541
4989,1802.9811
4990,1744.4762
4991,1889.9813
4992,1740.4137
4993,1773.9385
4994,1500.4094
4995,1548.6344
4996,1577.2839
4997,1800.6337
4998,1545.4077
4999,1614.3473
5000,1566.911
5001,1548.2634
5002,1669.5367
5003,1737.8174
5004,1525.9387
5005,1484.6272
5006,1473.6195
5007,1476.6643
5008,1050.3107
5009,1076.757
5010,1175.179
5011,1199.5142
5012,1029.1847
5013,897.9396
5014,894.68445
5015,818.7743
5016,681.3183
5017,1120.1564
5018,804.5479
5019,776.84094
5020,544.4001
5021,278.9791
5022,267.16122
5023,453.4705
5024,310.65466
5025,259.8055
5026,255.75029
5027,374.0792
5028,533.95886
5029,772.1935
5030,605.3727
5031,547.56775
5032,675.14777
5033,523.9413
5034,321.05875
5035,256.19278
5036,465.26675
5037,430.19986
5038,431.69913
5039,378.75452
5040,369.161
5041,377.28046
5042,445.06427
5043,455.49103
5044,499.42465
5045,594.6783
5046,686.7541
5047,579.5927
5048,668.4722
5049,663.94434
5050,359.39737
5051,364.14825
5052,438.58685
5053,1043.2051
5054,1227.6788
5055,1326.9866
5056,1116.7195
5057,1106.7875
5058,1448.6328
5059,1062.9427
5060,1574.105
5061,1693.5886
5062,1472.1697
5063,1766.2726
5064,1730.972
5065,1710.2925
5066,1624.0408
5067,1616.4618
5068,1403.9014
5069,1371.8408
5070,1619.0206
5071,1285.112
5072,1463.6445
5073,1539.3757
5074,1158.5687
5075,1413.3522
5076,1509.8124
5077,1518.4518
5078,1246.6155
5079,1155.5128
5080,1169.9751
5081,1157.041
5082,1238.6511
5083,1133.4648
5084,1014.196
5085,1535.6385
5086,1422.8503
5087,1820.2201
5088,1662.8746
5089,1355.3263
5090,1439.5974
5091,1185.4641
5092,1506.2289
5093,1692.9198
5094,1772.928
5095,1909.8083
5096,1878.6978
5097,1948.4126
5098,1849.988
5099,1853.9574
5100,1841.9934
5101,1943.8531
5102,1857.9255
5103,1863.5431
5104,1812.6063
5105,1470.8622
5106,1680.9651
5107,1502.1089
5108,1688.5956
5109,1635.5897
5110,1850.3402
5111,1941.1467
5112,1870.1874
5113,1762.0574
5114,1836.41
5115,1777.4283
5116,1838.1709
5117,1842.4037
5118,1849.7056
5119,1852.5256
5120,1846.4984
5121,1706.251
5122,1852.3746
5123,1847.7098
5124,1557.6417
5125,1851.6625
5126,1305.4229
5127,1293.516
5128,1217.3303
5129,1542.3036
5130,1360.4625
5131,1309.6814
5132,1494.1687
5133,1444.3512
5134,895.92633
5135,1252.7539
5136,1615.127
5137,1492.4863
5138,1226.0278
5139,904.7031
5140,1168.0851
5141,1656.7987
5142,1426.3877
5143,1498.9376
5144,1330.4609
5145,1152.7966
5146,1123.817
5147,734.3759
5148,504.09467
5149,221.82008
5150,404.27768
5151,344.62918
5152,381.01465
5153,511.70126
5154,527.3185
5155,577.3312
5156,528.92664
5157,597.6072
5158,837.9459
5159,774.697
5160,636.6259
5161,539.77466
5162,636.01886
5163,508.743
5164,421.38968
5165,396.17224
5166,259.84088
5167,226.00137
5168,328.205
5169,447.65884
5170,214.03648
5171,192.95523
5172,245.87056
5173,314.56924
5174,370.89597
5175,288.7433
5176,158.91461
5177,66.16288
5178,116.41032
5179,231.90045
5180,410.42508
5181,565.7987
5182,395.88486
5183,474.63098
5184,640.28485
5185,426.2316
5186,241.35008
5187,119.46733
5188,114.47029
5189,115.05035
5190,42.72408
5191,32.200485
5192,30.872618
5193,33.557335
5194,69.72732
5195,30.41022
5196,54.54887
5197,183.5423
5198,221.30437
5199,197.402
5200,255.06671
5201,232.31577
5202,314.86075
5203,475.7175
5204,414.7451
5205,573.5515
5206,494.52502
5207,496.67834
5208,597.15424
5209,433.0067
5210,395.59967
5211,526.7403
5212,403.86105
5213,515.1294
5214,423.7296
5215,424.73587
5216,299.45602
5217,294.79535
5218,282.3544
5219,446.0199
5220,231.12483
5221,249.18066
5222,473.13116
5223,544.35693
5224,449.47488
5225,521.238
5226,438.80606
5227,254.04036
5228,202.22092
5229,156.44012
5230,121.86437
5231,163.07886
5232,208.78136
5233,259.4352
5234,240.80421
5235,115.18344
5236,122.37304
5237,105.57298
5238,67.63592
5239,42.14447
5240,91.84928
5241,52.287422
5242,96.21077
5243,100.39502
5244,101.476944
5245,34.677975
5246,38.20312
5247,9.691022
5248,-0.34794903
5249,45.955936
5250,120.99658
5251,94.23941
5252,109.52281
5253,92.714714
5254,176.46162
5255,165.33116
5256,76.52742
5257,59.3341
5258,41.593414
5259,78.673
5260,124.967735
5261,121.655846
5262,128.63773
5263,62.07095
5264,15.044946
5265,-1.0555654
5266,-0.4487295
5267,-0.51657045
5268,-0.6397072
5269,-0.64089584
5270,-0.64089584
5271,-0.66047496
5272,-0.68482643
5273,-0.6952869
5274,-0.7164394
5275,-0.7316907
5276,-0.75325316
5277,-0.77959067
5278,-0.78002435
5279,-0.75368685
5280,-0.75368685
5281,-0.7689381
5282,-0.776367
5283,-0.7752491
5284,-0.84246266
5285,-0.82767177
5286,23.5946
5287,-2.2466674
5288,19.15784
5289,-3.7473173
5290,-0.68467444
5291,-1.2211311
5292,55.26925
5293,202.88129
5294,296.34116
5295,457.975
5296,330.91354
5297,169.55272
5298,178.78278
5299,231.40791
5300,200.69432
5301,142.36191
5302,198.98372
5303,144.58424
5304,348.10944
5305,346.14822
5306,236.41849
5307,216.61604
5308,290.1848
5309,285.8766
5310,235.33658
5311,217.26244
5312,172.18791
5313,161.7018
5314,182.72343
5315,224.28455
5316,160.24666
5317,162.56927
5318,217.6186
5319,281.3074
5320,270.04825
5321,245.38123
5322,275.38647
5323,364.43057
5324,344.1799
5325,383.52756
5326,391.697
5327,339.79175
5328,345.68268
5329,234.52684
5330,326.68665
5331,197.3095
5332,278.7098
5333,147.97046
5334,90.55209
5335,132.95172
5336,207.34639
5337,167.92769
5338,232.87976
5339,213.81601
5340,185.61319
5341,101.77329
5342,94.827866
5343,8.146982
5344,23.360577
5345,1.8010575
5346,29.447956
5347,87.05608
5348,121.580826
5349,108.322426
5350,62.870464
5351,34.0834
5352,32.916656
5353,91.87477
5354,50.87771
5355,-2.3409786
5356,56.966564
5357,13.223636
5358,25.663147
5359,85.010864
5360,172.39444
5361,146.7062
5362,161.63815
5363,119.004425
5364,152.9345
5365,312.10797
5366,604.8158
5367,645.48486
5368,489.3965
5369,485.84024
5370,262.3034
5371,32.18563
5372,-1.4895607
5373,0.16419274
5374,95.88133
5375,106.5828
5376,114.59465
5377,86.88759
5378,80.285835
5379,36.305336
5380,30.24609
5381,49.748604
5382,4.513505
5383,-0.27853352
5384,-1.0759385
5385,-0.0904988
5386,-0.3295949
5387,-0.46624625
5388,-0.4325288
5389,-0.40928724
5390,-0.40928724
5391,-0.39166412
5392,-0.43090215
5393,-0.43090215
5394,-0.47999218
5395,-0.51165617
5396,-1.2146221
5397,-0.6222312
5398,-0.5930095
5399,-0.6005896
5400,-0.6005896
5401,-0.645068
5402,-0.49858466
5403,-0.49508482
5404,-0.72620106
5405,-0.7759959
5406,-0.6032968
5407,-0.6823266
5408,-0.68832254
5409,-0.67898285
5410,-0.74902666
5411,104.66586
5412,106.526634
5413,73.243065
5414,94.47763
5415,76.274
5416,54.88825
5417,72.335266
5418,40.385868
5419,11.006249
5420,-2.08939
5421,-2.0014145
5422,-2.797118
5423,-0.67466104
5424,-0.62072957
5425,-0.67466104
5426,-0.5217256
5427,13.85975
5428,71.01222
5429,73.263374
5430,65.43711
5431,6.093072
5432,26.05053
5433,53.960136
5434,21.567787
5435,-5.5843883
5436,-2.642408
5437,-0.86205447
5438,-0.89252317
5439,-0.8179853
5440,-0.7747935
5441,-0.84737223
5442,-0.90161914
5443,-0.8487755
5444,-0.8748985
5445,-0.8665499
5446,-0.8647936
5447,-0.85949
5448,-0.7948264
5449,-0.85949
5450,-0.8572013
5451,-0.8728388
5452,-0.88898677
5453,-0.9228752
5454,-0.9329627
5455,-0.9893282
5456,-1.0774914
5457,-1.1951212
5458,-1.1589301
5459,-1.0584959
5460,-1.0099818
5461,-0.9838869
5462,-1.0024459
5463,-0.9592745
5464,-0.80013627
5465,-0.71500427
5466,-0.8699128
5467,-0.8822043
5468,-1.0240327
5469,-1.8158113
5470,-1.1040329
5471,-1.0180349
5472,-0.85890645
5473,-0.91833323
5474,-0.8560904
5475,-0.84377295
5476,58.817226
5477,100.54108
5478,66.51419
5479,35.976303
5480,48.59159
5481,116.05331
5482,79.215645
5483,186.54524
5484,178.18527
5485,97.87557
5486,131.31412
5487,249.30049
5488,142.85419
5489,108.59811
5490,77.27257
5491,109.50296
5492,138.493
5493,204.59784
5494,232.49203
5495,183.94609
5496,266.97882
5497,217.30363
5498,172.82741
5499,147.3999
5500,164.80635
5501,174.68091
5502,102.44318
5503,47.4849
5504,83.71108
5505,250.23434
5506,308.27347
5507,394.4425
5508,355.54443
5509,190.79057
5510,183.89839
5511,129.47511
5512,90.39064
5513,50.389595
5514,151.88855
5515,143.14731
5516,85.065994
5517,121.3305
5518,110.08967
5519,116.540886
5520,87.56012
5521,47.10222
5522,59.82408
5523,58.12091
5524,141.15881
5525,179.69226
5526,176.2846
5527,158.52702
5528,117.90163
5529,78.41932
5530,62.49796
5531,69.61625
5532,66.17015
5533,49.876205
5534,21.862583
5535,38.343143
5536,15.323487
5537,-2.8251579
5538,-1.7177361
5539,-1.7066821
5540,-1.7419251
5541,-1.7909703
5542,-1.4124174
5543,-1.1864833
5544,-1.1500031
5545,-1.0621604
5546,-1.1006238
5547,-1.1014943
5548,-1.6328992
5549,-1.5957404
5550,-1.5957404
5551,-1.5556868
5552,-1.5957404
5553,-1.0050095
5554,-0.8852939
5555,-0.78332317
5556,-0.82442653
5557,-0.914535
5558,-0.9033995
5559,-0.8939102
5560,-0.9037448
5561,-0.9037448
5562,-1.0252168
5563,-1.0153823
5564,-1.0474494
5565,-1.8653868
5566,-0.93908685
5567,-0.9075775
5568,-0.8636246
5569,-0.9291512
5570,-0.9247476
5571,-0.9337354
5572,-0.91688967
5573,-0.9274224
5574,-0.87546176
5575,-1.0557501
5576,-1.0652727
5577,-1.0652727
5578,-1.0193895
5579,-1.0416222
5580,-1.0030427
5581,-1.0586565
5582,-1.1688471
5583,-1.2293309
5584,-1.0622288
5585,-1.3067082
5586,-1.2502191
5587,35.035122
5588,95.34429
5589,29.660994
5590,25.360035
5591,6.619398
5592,-0.9977888
5593,8.158933
5594,19.115005
5595,25.617191
5596,20.226742
5597,-0.87174857
5598,7.4832807
5599,22.505468
5600,37.833996
5601,40.57358
5602,37.984917
5603,1.0315354
5604,14.267751
5605,21.449743
5606,65.3289
5607,46.663162
5608,16.227764
5609,2.547207
5610,19.29663
5611,46.30202
5612,50.343258
5613,44.131897
5614,112.46484
5615,124.12105
5616,84.571045
5617,51.623272
5618,52.11855
5619,32.024643
5620,13.212057
5621,12.125326
5622,-2.4204667
5623,-2.0869277
5624,-0.6862205
5625,-0.68558246
5626,-0.66848755
5627,-0.6229872
5628,-0.6172879
5629,-0.6663779
5630,-0.6742239
5631,-0.6759684
5632,-0.7722217
5633,-0.7722217
5634,-0.7722217
5635,-0.7959887
5636,-0.7959887
5637,-0.7959887
5638,-0.8034267
5639,-0.8580603
5640,-0.801324
5641,-0.8944208
5642,-0.8580603
5643,-0.8413481
5644,-0.8252934
5645,-0.8252934
5646,-0.8034267
5647,-0.8783661
5648,-0.8783661
5649,-0.8641217
5650,-0.8783661
5651,-0.7859889
5652,-0.8882738
5653,-0.898689
5654,-0.8278677
5655,-0.8355995
5656,-0.865917
5657,-0.8514442
5658,-0.95020884
5659,-0.8980254
5660,-1.057561
5661,-0.8522344
5662,-0.85451454
5663,-0.8575033
5664,-0.7152187
5665,-0.7152187
5666,-0.8379362
5667,-0.8502267
5668,-0.71483743
5669,-0.77348036
5670,-0.7152187
5671,-0.73834014
5672,-0.7598051
5673,-0.754396
5674,-0.87608975
5675,-1.052075
5676,-1.0212479
5677,-0.9122594
5678,-0.97052103
5679,-1.004112
5680,-1.5366932
5681,12.1319685
5682,44.803303
5683,8.928282
5684,13.672205
5685,14.527008
5686,45.850185
5687,28.750738
5688,10.38636
5689,-1.6373105
5690,-0.6201729
5691,-0.6796537
5692,-0.748547
5693,-0.7930636
5694,-0.7825696
5695,-1.0847034
5696,0.48978117
5697,31.795298
5698,67.17623
5699,69.44715
5700,95.23401
5701,46.273453
5702,128.81035
5703,90.15716
5704,77.01318
5705,48.392353
5706,59.26922
5707,64.019035
5708,59.343884
5709,127.62631
5710,171.78249
5711,116.05181
5712,100.07282
5713,70.261925
5714,68.65042
5715,56.55631
5716,72.35375
5717,69.06597
5718,156.04857
5719,119.43905
5720,121.312454
5721,65.852715
5722,55.334747
5723,58.356716
5724,55.565998
5725,65.2977
5726,112.08874
5727,158.34052
5728,152.01216
5729,98.80211
5730,115.66549
5731,99.887505
5732,110.88032
5733,148.14986
5734,212.39388
5735,258.79733
5736,206.69383
5737,233.24094
5738,287.039
5739,407.33926
5740,469.03104
5741,421.2538
5742,487.5508
5743,500.60303
5744,505.9429
5745,538.94604
5746,603.4124
5747,532.19586
5748,523.1341
5749,511.78375
5750,662.2608
5751,653.5486
5752,539.39703
5753,509.74368
5754,472.23328
5755,367.1017
5756,358.23105
5757,337.58472
5758,331.73642
5759,389.056
5760,385.99054
5761,312.67227
5762,325.3367
5763,376.94077
5764,367.0498
5765,451.7196
5766,461.3251
5767,452.46158
5768,406.59598
5769,395.09964
5770,323.13306
5771,327.8481
5772,331.07114
5773,487.9748
5774,468.52652
5775,414.50897
5776,329.10104
5777,388.66064
5778,330.0731
5779,330.4092
5780,308.72253
5781,387.53552
5782,472.64273
5783,641.69604
5784,538.18274
5785,430.88196
5786,419.1212
5787,375.7638
5788,306.57053
5789,233.66508
5790,201.39156
5791,166.92178
5792,146.42357
5793,136.48296
5794,122.67863
5795,212.91997
5796,101.49054
5797,116.804565
5798,141.4496
5799,195.3405
5800,350.57782
5801,256.4684
5802,255.3563
5803,357.524
5804,366.02173
5805,325.22824
5806,456.22794
5807,486.29074
5808,637.5274
5809,591.08124
5810,563.2186
5811,1128.902
5812,1158.6343
5813,811.0077
5814,600.3945
5815,790.38763
5816,671.92346
5817,708.9051
5818,649.7665
5819,529.14496
5820,807.36755
5821,511.87552
5822,774.26733
5823,622.59595
5824,977.98334
5825,750.674
5826,556.02826
5827,402.60297
5828,516.4491
5829,352.49594
5830,598.3235
5831,452.9339
5832,419.54913
5833,433.28494
5834,483.23337
5835,701.2602
5836,537.8111
5837,736.24536
5838,639.28906
5839,520.6524
5840,571.5603
5841,658.0211
5842,697.78394
5843,559.59875
5844,523.466
5845,488.17783
5846,404.4298
5847,431.81192
5848,380.2031
5849,425.31165
5850,316.62366
5851,404.32516
5852,311.6899
5853,226.12926
5854,237.09793
5855,258.2806
5856,379.58054
5857,458.6438
5858,360.27322
5859,345.01956
5860,327.35165
5861,226.03908
5862,192.38895
5863,222.80696
5864,149.12608
5865,160.3449
5866,141.4867
5867,129.53133
5868,116.23369
5869,122.726845
5870,94.29896
5871,122.748184
5872,96.95486
5873,163.82108
5874,155.2679
5875,147.19542
5876,166.7094
5877,150.98338
5878,155.21832
5879,215.45526
5880,155.84842
5881,133.25612
5882,188.07938
5883,231.55849
5884,191.70747
5885,174.3065
5886,176.97986
5887,125.540825
5888,123.96106
5889,99.956184
5890,99.69786
5891,100.4286
5892,92.582085
5893,94.2309
5894,113.38468
5895,136.84932
5896,188.138
5897,174.9056
5898,163.47482
5899,170.49396
5900,130.31128
5901,143.92152
5902,141.376
5903,135.33148
5904,107.20384
5905,47.737526
5906,67.36271
5907,49.939117
5908,62.02073
5909,71.32543
5910,49.307674
5911,57.034916
5912,40.74482
5913,61.68857
5914,51.019196
5915,23.803898
5916,63.347763
5917,86.10895
5918,71.680435
5919,96.25224
5920,102.77805
5921,78.08038
5922,76.0821
5923,36.930832
5924,69.154144
5925,24.638369
5926,22.295326
5927,50.33734
5928,57.890972
5929,55.56576
5930,13.915034
5931,8.135124
5932,1.2390256
5933,32.299507
5934,16.83812
5935,4.170562
5936,-1.2753499
5937,-1.0545313
5938,-1.049387
5939,-0.902747
5940,-0.92670023
5941,-0.9044677
5942,-0.81230104
5943,-0.7988314
5944,-0.9037953
5945,-0.8291082
5946,-0.83586144
5947,-0.98870325
5948,-1.4251702
5949,28.79576
5950,38.24115
5951,5.482455
5952,-1.171662
5953,-0.80352944
5954,-0.740146
5955,-0.84066516
5956,-0.8126388
5957,-0.7129072
5958,-0.7318598
5959,-0.79234284
5960,-0.80019337
5961,-1.0255464
5962,-0.7117982
5963,-0.7298539
5964,-0.67067635
5965,-0.9001446
5966,-0.8061453
5967,-0.8300246
5968,-0.8020379
5969,-0.84841114
5970,-0.84841114
5971,-0.90016896
5972,-0.78168833
5973,-0.84080535
5974,-0.87492245
5975,-0.80018765
5976,-0.8722016
5977,-0.9478523
5978,-1.0259356
5979,-1.0358052
5980,-1.5430882
5981,-0.83866096
5982,-0.9582238
5983,-1.1645192
5984,62.02313
5985,59.40089
5986,35.820534
5987,25.102379
5988,43.825848
5989,48.681267
5990,46.17395
5991,21.753017
5992,-1.7809263
5993,1.7450181
5994,-1.3760835
5995,11.523597
5996,-1.6593817
5997,-4.800476
5998,-0.12511556
5999,-4.8083415
6000,1.1698914
6001,55.220577
6002,31.245413
6003,43.907562
6004,36.682148
6005,33.501476
6006,58.632008
6007,68.53449
6008,49.570187
6009,26.800821
6010,38.26718
6011,16.15314
6012,-5.0216117
6013,-4.2416515
6014,-0.5583389
6015,-0.6229904
6016,-0.57438135
6017,-0.69717216
6018,-0.7367078
6019,-0.7438271
6020,-0.79020035
6021,-0.76728284
6022,-0.76176566
6023,-0.77390325
6024,-0.77390325
6025,-0.6715625
6026,-0.64960027
6027,-0.64960027
6028,-0.60230374
6029,-0.7058909
6030,-0.77250373
6031,-0.8196703
6032,-0.8548975
6033,-0.85265726
6034,-0.85749227
6035,-0.9626881
6036,-1.0631248
6037,-0.9363462
6038,-1.0580046
6039,-1.0568022
6040,-1.1002991
6041,-1.1119683
6042,-1.0530825
6043,-1.157738
6044,-1.2554417
6045,-1.157738
6046,-1.1913311
6047,-1.1493638
6048,-1.9220041
6049,-1.22257
6050,-1.1422943
6051,-1.141991
6052,-1.1965232
6053,-1.1462592
6054,-1.8304046
6055,-1.2374555
6056,-1.152222
6057,-1.8629811
6058,-1.2158608
6059,-1.3147106
6060,-1.26983
6061,-1.2175047
6062,-1.1614127
6063,-1.2400964
6064,-1.2061597
6065,-1.2200482
6066,-1.208379
6067,-1.3497428
6068,-1.3497428
6069,-1.3497428
6070,-1.3497428
6071,-1.3497428
6072,-1.3679951
6073,-1.3497428
6074,-1.3497428
6075,-1.3497428
6076,-1.5497766
6077,-1.5497766
6078,-1.591222
6079,-1.591222
6080,-1.5795529
6081,-1.5795529
6082,-1.2958337
6083,-1.3433987
6084,-1.3433987
6085,-1.3433987
6086,-1.3433987
6087,-1.3433987
6088,-1.3814446
6089,-1.3814446
6090,-1.3814446
6091,-1.3821698
6092,-1.3189416
6093,-1.3189416
6094,-1.2949836
6095,-1.3622445
6096,-1.3615192
6097,-1.3615192
6098,-1.3731884
6099,-1.3894706
6100,-4.421366
6101,-4.421366
6102,-4.466247
6103,-4.454578
6104,-4.409697
6105,-4.409697
6106,-1.2867143
6107,-1.331595
6108,-1.331595
6109,-1.331595
6110,-1.331595
6111,-1.3432641
6112,-1.3666997
6113,-1.3829079
6114,-1.3466048
6115,-1.2843455
6116,-1.2668003
6117,-1.3349357
6118,-1.3509375
6119,-1.3510032
6120,-1.3510032
6121,-1.3422908
6122,-1.3292092
6123,-1.3510032
6124,-1.3180194
6125,-1.3342273
6126,-1.3342273
6127,-1.3342273
6128,-1.3359398
6129,-1.3075491
6130,-1.3490847
6131,-1.3635925
6132,-1.3825476
6133,-1.3752617
6134,-1.4531463
6135,-1.3556379
6136,-1.2165418
6137,-1.2484835
6138,-1.3028581
6139,-1.2484835
6140,-1.182036
6141,-1.2092719
6142,-1.2467275
6143,-1.2862632
6144,-1.2549336
6145,-1.2467275
6146,-1.3446895
6147,-1.3446895
6148,-1.378519
6149,-1.378519
6150,-1.378519
6151,-1.378519
6152,-1.378519
6153,-1.2301198
6154,-1.1952559
6155,-1.378519
6156,-1.378519
6157,-1.4025565
6158,-1.3122829
6159,-1.378519
6160,-1.378519
6161,-1.4025565
6162,-1.4025565
6163,-1.4171913
6164,-1.4171913
6165,-1.4171913
6166,-1.4393395
6167,-1.4510087
6168,-1.4466094
6169,-1.4319746
6170,-1.4319746
6171,-1.4319746
6172,-1.4582785
6173,-1.4582785
6174,-1.4582785
6175,-1.4582785
6176,-1.4582785
6177,-1.4582785
6178,-1.7009141
6179,-1.7009141
6180,-1.7009141
6181,-1.7009141
6182,-1.7009141
6183,-1.7009141
6184,-1.7009141
6185,-1.7009141
6186,-1.7009141
6187,-1.7009141
6188,-1.6358736
6189,-1.308664
6190,-1.2717541
6191,-1.8692008
6192,-2.7561674
6193,82.92104
6194,86.38891
6195,156.86563
6196,107.45012
6197,248.35968
6198,252.61574
6199,230.12236
6200,233.29816
6201,293.9834
6202,276.1133
6203,217.22577
6204,253.19806
6205,394.83783
6206,423.9324
6207,373.79962
6208,271.2589
6209,215.14777
6210,246.02505
6211,360.0062
6212,385.11838
6213,338.82797
6214,243.64432
6215,317.87762
6216,227.94113
6217,269.6945
6218,221.13428
6219,191.70525
6220,280.21265
6221,307.2016
6222,212.27061
6223,205.9879
6224,134.91386
6225,81.839516
6226,202.01704
6227,91.929924
6228,10.960861
6229,15.471617
6230,29.122458
6231,0.7485518
6232,82.19975
6233,95.34303
6234,60.158264
6235,80.29339
6236,48.61848
6237,17.090866
6238,25.723726
6239,50.337704
6240,102.88741
6241,175.15132
6242,153.87611
6243,186.1386
6244,191.27217
6245,207.39787
6246,264.60168
6247,337.76724
6248,331.24786
6249,317.75635
6250,235.68846
6251,254.25925
6252,236.42332
6253,372.091
6254,238.23207
6255,270.2741
6256,327.6604
6257,521.89526
6258,484.34756
6259,472.17154
6260,546.0459
6261,647.6399
6262,639.46765
6263,745.6582
6264,677.84753
6265,488.31592
6266,326.27258
6267,288.36093
6268,412.396
6269,410.81616
6270,505.52567
6271,434.6686
6272,359.6901
6273,293.17413
6274,486.89734
6275,561.49115
6276,508.3478
6277,660.0224
6278,516.97784
6279,509.53568
6280,426.3746
6281,439.5531
6282,499.06326
6283,538.3771
6284,568.64703
6285,685.7696
6286,756.6522
6287,606.2567
6288,536.5526
6289,618.21497
6290,513.96765
6291,695.6049
6292,866.1003
6293,593.001
6294,390.0526
6295,350.89917
6296,443.9027
6297,514.5288
6298,517.23505
6299,435.3907
6300,351.8463
6301,220.13022
6302,286.3241
6303,422.25366
6304,549.31757
6305,522.7198
6306,423.3157
6307,489.20242
6308,537.52747
6309,533.1088
6310,530.5472
6311,572.29486
6312,512.69525
6313,479.5233
6314,451.35992
6315,500.7607
6316,428.39713
6317,390.3349
6318,419.15585
6319,369.6042
6320,334.4221
6321,400.48654
6322,421.41177
6323,447.29166
6324,484.1964
6325,527.23364
6326,546.64075
6327,697.4809
6328,635.41327
6329,554.51447
6330,471.58224
6331,482.81607
6332,561.5189
6333,796.1964
6334,1004.2467
6335,1046.3182
6336,1161.8439
6337,1067.2897
6338,1172.2144
6339,1137.199
6340,1012.0124
6341,786.89075
6342,1286.9208
6343,1175.5242
6344,1213.3125
6345,1300.8541
6346,1308.6584
6347,1324.1355
6348,1195.0725
6349,774.08356
6350,730.98236
6351,1323.9504
6352,1614.928
6353,1488.1976
6354,1266.0947
6355,1612.825
6356,1558.4323
6357,1353.3625
6358,1259.9308
6359,1235.625
6360,1097.5216
6361,1115.8068
6362,1119.936
6363,1190.7194
6364,1364.4252
6365,1412.5022
6366,1423.2351
6367,1723.1108
6368,1652.9119
6369,1566.816
6370,1321.3899
6371,1298.0797
6372,1712.8253
6373,1483.9523
6374,1150.2727
6375,1047.5968
6376,1041.1791
6377,849.7955
6378,790.3207
6379,1016.79553
6380,1141.0328
6381,1196.7727
6382,1185.8556
6383,1479.1776
6384,1235.494
6385,1097.1464
6386,944.3527
6387,1235.0355
6388,1389.3992
6389,1133.9174
6390,942.79016
6391,957.9515
6392,1120.227
6393,926.5726
6394,1241.4933
6395,984.04004
6396,1351.2887
6397,1019.6167
6398,886.1123
6399,1390.6575
6400,1449.9052
6401,1382.6179
6402,1145.1119
6403,1033.6641
6404,1106.6904
6405,837.0193
6406,603.3468
6407,863.9345
6408,1079.7188
6409,606.87317
6410,714.2877
6411,832.15045
6412,835.30927
6413,868.8826
6414,1103.6356
6415,1127.5504
6416,1133.2336
6417,1357.378
6418,1253.4067
6419,1225.3254
6420,1247.5131
6421,1129.8464
6422,994.8946
6423,884.0087
6424,1043.2632
6425,881.20844
6426,886.282
6427,1093.8673
6428,941.59424
6429,830.1512
6430,879.83606
6431,966.9929
6432,779.4749
6433,664.8856
6434,957.41644
6435,951.5538
6436,921.13617
6437,718.974
6438,741.79395
6439,716.20276
6440,819.70984
6441,692.4036
6442,754.879
6443,856.60834
6444,1034.6168
6445,735.2314
6446,530.16327
6447,365.90265
6448,234.78851
6449,214.99043
6450,228.06897
6451,239.2544
6452,348.517
6453,340.47153
6454,348.606
6455,332.0406
6456,308.94067
6457,318.2957
6458,314.492
6459,343.92715
6460,363.3311
6461,462.61652
6462,689.2667
6463,797.48895
6464,500.30914
6465,296.67767
6466,303.59888
6467,319.06992
6468,239.21402
6469,234.23007
6470,213.00572
6471,234.33472
6472,199.93042
6473,108.45486
6474,78.1381
6475,69.15224
6476,82.095276
6477,86.28856
6478,100.61507
6479,137.40878
6480,121.669655
6481,132.49524
6482,124.168915
6483,125.95361
6484,124.024475
6485,111.20408
6486,85.65003
6487,48.290028
6488,53.31951
6489,81.95311
6490,94.74355
6491,15.098792
6492,67.74506
6493,43.94117
6494,52.483
6495,85.00702
6496,95.274734
6497,94.29466
6498,126.185646
6499,136.71889
6500,151.72066
6501,140.82721
6502,109.17504
6503,152.3348
6504,198.69809
6505,172.98846
6506,145.83316
6507,113.7863
6508,157.46048
6509,147.04199
6510,189.0207
6511,106.11033
6512,143.16173
6513,137.48048
6514,103.1472
6515,34.256557
6516,-1.9227455
6517,8.389921
6518,34.48071
6519,70.98828
6520,70.86968
6521,53.26645
6522,73.2744
6523,83.591385
6524,100.60193
6525,63.086308
6526,79.44543
6527,139.43979
6528,104.023415
6529,105.435745
6530,123.21978
6531,82.558754
6532,37.05203
6533,17.99436
6534,49.325336
6535,21.42169
6536,17.599173
6537,30.860176
6538,35.07568
6539,24.612148
6540,21.716118
6541,0.86725146
6542,-1.6755471
6543,-0.9684263
6544,-0.6469409
6545,-0.5425802
6546,-0.4671948
6547,-0.307118
6548,-0.33076856
6549,-0.3023451
6550,-0.70581245
6551,-0.9292122
6552,-0.9389598
6553,-0.93418694
6554,-0.93418694
6555,-0.9168412
6556,-0.89509267
6557,-0.8917244
6558,-0.8917244
6559,-0.91053057
6560,-0.91053057
6561,-0.91344875
6562,-0.9698184
6563,-0.9412399
6564,-0.9323661
6565,-1.008277
6566,-1.0579622
6567,-0.9387377
6568,-1.0535026
6569,-0.8190124
6570,-0.9162419
6571,-0.92398155
6572,-0.9267024
6573,-0.89876616
6574,34.1906
6575,42.702763
6576,34.163403
6577,21.001108
6578,51.53615
6579,108.1572
6580,108.67243
6581,97.28783
6582,110.29407
6583,101.80633
6584,99.40596
6585,42.784645
6586,46.48471
6587,78.93797
6588,47.47828
6589,60.497955
6590,34.059933
6591,37.51014
6592,46.97972
6593,69.25696
6594,39.962734
6595,40.53055
6596,73.580734
6597,68.28574
6598,92.280014
6599,97.79639
6600,80.50749
6601,92.98936
6602,98.79428
6603,78.62648
6604,111.35437
6605,92.987175
6606,102.9525
6607,68.55854
6608,88.58849
6609,145.5013
6610,224.07343
6611,211.18063
6612,297.07178
6613,317.88486
6614,301.13858
6615,297.26294
6616,292.8352
6617,269.1997
6618,247.74878
6619,153.28029
6620,158.86034
6621,160.25774
6622,129.30927
6623,135.55695
6624,167.20967
6625,186.79468
6626,197.60213
6627,224.74893
6628,279.8428
6629,286.44803
6630,264.78226
6631,244.16896
6632,236.37106
6633,302.20398
6634,372.33688
6635,338.83755
6636,261.1174
6637,209.29613
6638,182.95872
6639,202.59808
6640,226.59879
6641,224.15901
6642,241.756
6643,199.00034
6644,172.34529
6645,146.41371
6646,180.05444
6647,120.44497
6648,87.21359
6649,115.337364
6650,85.71655
6651,57.876957
6652,63.008453
6653,43.904476
6654,29.365454
6655,38.92957
6656,29.974024
6657,13.730096
6658,-3.2181475
6659,-3.375982
6660,-3.314042
6661,-3.3762853
6662,-3.23137
6663,-0.7068656
6664,-1.5249157
6665,75.285675
6666,110.26104
6667,264.34677
6668,127.337555
6669,228.54251
6670,68.06995
6671,35.732563
6672,68.14593
6673,67.56778
6674,85.34933
6675,133.88536
6676,150.32353
6677,235.8443
6678,250.97292
6679,115.23678
6680,69.44246
6681,59.46159
6682,105.95492
6683,148.30269
6684,190.09575
6685,288.6754
6686,226.63042
6687,201.75786
6688,137.09975
6689,235.14899
6690,480.09378
6691,375.24228
6692,195.71861
6693,404.49887
6694,331.0335
6695,282.45972
6696,330.31146
6697,466.36
6698,422.20526
6699,287.08026
6700,274.2357
6701,369.52414
6702,521.2721
6703,565.0609
6704,413.95874
6705,235.08586
6706,279.9478
6707,318.41296
6708,226.41978
6709,217.76463
6710,237.94331
6711,365.19785
6712,437.30292
6713,523.1968
6714,319.96915
6715,309.98932
6716,432.3058
6717,418.62512
6718,524.8877
6719,652.0135
6720,436.31818
6721,507.03766
6722,488.73273
6723,404.1657
6724,444.66556
6725,522.1027
6726,674.8227
6727,595.7414
6728,442.0293
6729,409.5707
6730,626.0205
6731,564.189
6732,478.0206
6733,531.9484
6734,449.94354
6735,439.79532
6736,365.49756
6737,376.8368
6738,295.42883
6739,274.9165
6740,204.8384
6741,211.92282
6742,230.29211
6743,351.89337
6744,368.87177
6745,325.83002
6746,295.43332
6747,251.07729
6748,239.64157
6749,231.1028
6750,205.60109
6751,193.87943
6752,177.01917
6753,172.47472
6754,161.97345
6755,161.3994
6756,204.4145
6757,246.02306
6758,234.24046
6759,196.89784
6760,195.91328
6761,203.75694
6762,161.27718
6763,91.99851
6764,61.976997
6765,58.3636
6766,50.54771
6767,22.571436
6768,8.905237
6769,-6.65953
6770,-2.58801
6771,-0.9853698
6772,16.402695
6773,50.70867
6774,58.63125
6775,26.71745
6776,-4.742372
6777,-0.34461814
6778,-0.34039348
6779,-0.24483077
6780,-0.33842373
6781,0.54859364
6782,59.177525
6783,61.494713
6784,78.86116
6785,114.88508
6786,107.597725
6787,88.093124
6788,93.74607
6789,94.94851
6790,66.11087
6791,79.29944
6792,53.068672
6793,53.39665
6794,63.560658
6795,64.40257
6796,47.92376
6797,55.4836
6798,56.063484
6799,70.19696
6800,69.97541
6801,37.544415
6802,23.051529
6803,10.371986
6804,29.822823
6805,39.360867
6806,108.033195
6807,133.77386
6808,178.39102
6809,149.392
6810,169.7246
6811,119.216774
6812,136.54324
6813,172.13004
6814,110.41687
6815,83.708336
6816,126.86191
6817,209.33453
6818,258.7787
6819,230.12332
6820,171.1922
6821,120.29776
6822,-3.7415774
6823,-2.5414712
6824,-4.169125
6825,-2.8349915
6826,-3.054551
6827,-3.4921563
6828,-3.8753603
6829,-3.404328
6830,-3.9502099
6831,-2.2232504
6832,-2.1089299
6833,-2.0636241
6834,-0.9866723
6835,-0.9660775
6836,-2.1279469
6837,-2.7359533
6838,24.74521
6839,78.58409
6840,12.092413
6841,0.8788062
6842,30.266077
6843,107.646454
6844,31.973543
6845,24.995792
6846,1.9744688
6847,-1.2895854
6848,0.8806261
6849,-1.1867397
6850,-0.66616035
6851,-0.79457474
6852,-0.39013067
6853,174.91779
6854,58.914486
6855,110.582466
6856,206.57361
6857,169.00607
6858,251.7541
6859,132.5047
6860,35.78484
6861,8.694741
6862,-1.7911904
6863,-0.88548017
6864,-0.24960332
6865,-0.1905557
6866,-0.049117394
6867,38.196903
6868,67.40471
6869,82.58231
6870,67.43095
6871,100.27649
6872,59.76719
6873,63.4962
6874,100.052055
6875,92.92911
6876,91.16563
6877,21.028498
6878,-1.7883668
6879,24.59694
6880,40.679623
6881,-2.1173763
6882,-0.08492147
6883,6.438557
6884,116.36608
6885,192.75905
6886,175.39209
6887,265.69565
6888,257.53482
6889,181.94965
6890,167.47151
6891,185.43869
6892,115.752266
6893,119.554115
6894,151.80379
6895,120.464554
6896,128.82982
6897,152.74231
6898,206.69539
6899,184.05138
6900,219.10275
6901,249.72742
6902,149.90393
6903,172.96056
6904,189.13025
6905,176.97105
6906,172.90115
6907,117.2502
6908,59.035107
6909,89.88173
6910,107.29177
6911,75.70787
6912,52.016438
6913,68.20618
6914,112.01643
6915,67.21046
6916,101.670006
6917,52.408703
6918,121.061745
6919,146.92067
6920,142.1187
6921,129.06505
6922,158.21492
6923,82.94698
6924,102.76169
6925,148.89398
6926,145.29567
6927,120.81496
6928,75.920006
6929,69.702736
6930,77.119385
6931,36.676517
6932,50.11446
6933,-1.8262233
6934,-0.42744812
6935,80.541084
6936,101.71228
6937,56.428734
6938,31.541855
6939,14.100564
6940,0.124291226
6941,7.665314
6942,26.70477
6943,11.340773
6944,31.720598
6945,38.652187
6946,51.24123
6947,55.985867
6948,90.75012
6949,61.42376
6950,51.478577
6951,41.57611
6952,116.294014
6953,51.41805
6954,62.11874
6955,89.40691
6956,13.3349695
6957,13.591387
6958,70.290565
6959,104.37776
6960,56.54998
6961,43.048573
6962,63.36484
6963,126.61833
6964,77.79577
6965,112.74789
6966,126.69227
6967,121.755325
6968,166.2531
6969,183.91286
6970,82.214455
6971,150.01132
6972,118.255295
6973,173.47481
6974,206.04327
6975,233.69221
6976,114.06459
6977,82.44779
6978,19.986166
6979,6.301794
6980,56.490654
6981,6.433843
6982,-1.7528884
6983,5.9679484
6984,-0.5063617
6985,-0.46800038
6986,-0.46800038
6987,-0.3861239
6988,-0.2185546
6989,-0.2865681
6990,-0.38985422
6991,-0.39225924
6992,-0.4221289
6993,-0.23330264
6994,-0.39271167
6995,-0.5282196
6996,-0.40729824
6997,-0.5095617
6998,-0.5116202
6999,-0.558652
7000,-0.7197455
7001,-0.6379107
7002,-0.6379107
7003,-0.6585907
7004,-0.6756856
7005,-1.2258528
7006,-0.7165363
7007,-0.75584936
7008,-0.7740283
7009,-0.7951808
7010,-0.59269226
7011,-0.71392506
7012,-0.80818886
7013,-0.795157
7014,-0.87176913
7015,57.182426
7016,120.386635
7017,104.11418
7018,16.195145
7019,60.235855
7020,66.133965
7021,45.9522
7022,8.389876
7023,46.413296
7024,78.8823
7025,56.810684
7026,-3.1252406
7027,1.7906921
7028,-0.89628196
7029,7.8981686
7030,4.432895
7031,-1.839059
7032,24.57898
7033,10.274348
7034,1.377945
7035,-1.5760534
7036,-1.640025
7037,-1.8513451
7038,-1.5101124
7039,17.813496
7040,19.180626
7041,1.9687572
7042,1.559435
7043,18.73899
7044,18.668718
7045,21.987703
7046,23.210188
7047,28.18389
7048,35.799442
7049,4.910731
7050,5.32757
7051,13.732868
7052,8.700443
7053,13.623255
7054,9.725971
7055,7.112823
7056,40.70557
7057,46.432423
7058,51.870968
7059,27.795559
7060,24.470375
7061,1.8748866
7062,8.949983
7063,46.70392
7064,85.58273
7065,90.596
7066,76.86906
7067,99.69572
7068,93.2708
7069,95.807945
7070,48.23919
7071,62.806446
7072,14.973761
7073,-1.8552883
7074,7.068874
7075,-1.6091758
7076,1.593359
7077,13.190942
7078,21.450256
7079,0.26990125
7080,-0.5710929
7081,-0.5084391
7082,-0.5118765
7083,-0.52250797
7084,-0.6187434
7085,-0.56892484
7086,-0.73545647
7087,-0.73076355
7088,-0.5998423
7089,-0.628578
7090,-0.5658635
7091,-0.60704035
7092,-0.68501884
7093,-0.6359278
7094,-0.58431715
7095,20.77496
7096,80.21353
7097,75.039116
7098,154.71112
7099,121.20808
7100,171.45157
7101,127.33254
7102,94.37623
7103,169.06386
7104,103.53245
7105,151.95612
7106,169.66043
7107,153.19167
7108,81.42195
7109,67.48194
7110,75.10044
7111,68.506294
7112,74.281334
7113,84.901566
7114,-1.2470146
7115,51.72306
7116,116.12468
7117,139.19923
7118,93.10072
7119,99.72598
7120,132.31717
7121,129.68773
7122,93.26827
7123,131.61855
7124,129.1964
7125,139.12476
7126,157.98601
7127,351.86743
7128,222.13861
7129,87.75292
7130,41.919514
7131,25.33984
7132,58.958107
7133,103.20644
7134,129.06714
7135,145.51929
7136,170.0886
7137,178.19473
7138,230.8654
7139,254.93187
7140,200.18341
7141,186.19418
7142,198.82
7143,197.35974
7144,202.68074
7145,191.24155
7146,204.12006
7147,201.27452
7148,196.47308
7149,136.51427
7150,127.856255
7151,130.29846
7152,159.89781
7153,143.27623
7154,125.18006
7155,128.71512
7156,113.82551
7157,92.571434
7158,110.0096
7159,73.92449
7160,50.29274
7161,77.46071
7162,45.14087
7163,39.755337
7164,52.000343
7165,43.17039
7166,19.55946
7167,4.2788444
7168,-2.5659704
7169,-0.73014444
7170,-0.6929565
7171,-0.6283157
7172,-0.5346933
7173,-0.5346933
7174,-0.7658234
7175,-0.789445
7176,-0.7913702
7177,-0.8194851
7178,-0.8099626
7179,-0.7124114
7180,-0.7058143
7181,-0.7653648
7182,-0.77814317
7183,-0.8149569
7184,-0.8149569
7185,-0.8960365
7186,-0.90258163
7187,-0.9069261
7188,-0.9028849
7189,-0.82889146
7190,-0.8571128
7191,-0.8571128
7192,-0.8687081
7193,-0.8687081
7194,-0.8646669
7195,-1.5935612
7196,-0.71367043
7197,-0.6892796
7198,-0.6222398
7199,0.31901145
7200,92.90152
7201,131.98605
7202,162.46962
7203,151.50435
7204,174.98839
7205,172.91216
7206,239.87373
7207,251.07544
7208,308.20203
7209,394.95276
7210,409.6112
7211,234.13208
7212,258.46292
7213,258.91245
7214,224.61633
7215,279.7843
7216,227.23796
7217,219.9516
7218,179.92899
7219,108.86292
7220,124.08267
7221,90.48392
7222,57.479645
7223,99.739815
7224,83.592575
7225,48.068306
7226,53.276493
7227,44.16253
7228,34.5726
7229,25.682045
7230,7.6967096
7231,10.934885
7232,20.740387
7233,-0.21359874
7234,-0.8202712
7235,-0.89060616
7236,-0.9175873
7237,-0.9064693
7238,-1.5581056
7239,-0.78503317
7240,-0.77665424
7241,-0.7003589
7242,62.254547
7243,165.99446
7244,127.080505
7245,107.89275
7246,137.59134
7247,90.55376
7248,127.10329
7249,118.181755
7250,90.83374
7251,103.14754
7252,67.58457
7253,135.71606
7254,187.83727
7255,261.4423
7256,391.15643
7257,538.2549
7258,351.28305
7259,129.6667
7260,205.03035
7261,363.01096
7262,329.96146
7263,256.92902
7264,348.7723
7265,167.1763
7266,144.43684
7267,423.1566
7268,606.95636
7269,301.49966
7270,304.42218
7271,476.4728
7272,240.451
7273,401.74323
7274,397.55316
7275,453.11157
7276,601.4844
7277,644.6335
7278,722.4495
7279,719.83325
7280,707.5637
7281,630.1468
7282,681.868
7283,733.2106
7284,806.9899
7285,868.8809
7286,891.72235
7287,781.5605
7288,686.2289
7289,529.24133
7290,601.8853
7291,631.45825
7292,464.44003
7293,440.92065
7294,310.41632
7295,483.05875
7296,474.6201
7297,467.60577
7298,473.2214
7299,472.20486
7300,404.199
7301,222.35141
7302,172.15923
7303,180.9078
7304,127.73956
7305,117.70568
7306,89.963745
7307,44.952
7308,-3.249849
7309,-0.74064666
7310,-0.6507669
7311,-0.6605293
7312,-0.6352977
7313,-0.5522659
7314,24.48218
7315,70.5486
7316,64.07522
7317,72.94536
7318,91.50655
7319,159.43983
7320,227.0197
7321,226.60837
7322,254.80296
7323,216.5822
7324,223.59848
7325,141.80336
7326,115.6989
7327,174.83913
7328,176.75323
7329,188.65007
7330,210.5942
7331,185.70787
7332,180.60086
7333,184.76758
7334,174.31108
7335,189.00638
7336,255.20467
7337,166.42767
7338,70.91679
7339,56.182934
7340,127.811226
7341,139.15918
7342,134.25215
7343,120.10499
7344,179.4668
7345,172.85007
7346,153.10017
7347,181.40126
7348,294.3917
7349,154.18045
7350,179.3425
7351,286.25125
7352,322.76425
7353,325.65063
7354,264.37482
7355,257.29013
7356,205.76886
7357,141.94868
7358,189.42755
7359,189.11446
7360,229.4641
7361,252.0987
7362,274.3136
7363,335.01318
7364,414.17746
7365,349.81644
7366,355.7123
7367,405.2895
7368,431.32666
7369,268.90128
7370,199.7648
7371,285.2976
7372,329.2556
7373,316.10394
7374,337.44754
7375,167.41878
7376,258.89966
7377,381.93686
7378,330.56326
7379,440.84875
7380,334.5912
7381,463.34476
7382,389.77213
7383,408.2866
7384,322.59442
7385,345.2917
7386,327.4122
7387,277.6858
7388,425.45694
7389,807.95056
7390,762.9327
7391,722.84076
7392,395.69714
7393,478.1657
7394,470.4454
7395,512.9048
7396,808.3229
7397,652.2152
7398,636.2474
7399,446.50134
7400,582.1749
7401,799.4769
7402,646.69556
7403,500.4282
7404,507.97095
7405,638.74347
7406,993.7937
7407,823.2398
7408,894.93567
7409,1028.9689
7410,546.6571
7411,718.00806
7412,771.3662
7413,696.66724
7414,753.0085
7415,835.8609
7416,798.18646
7417,795.831
7418,897.3651
7419,954.62866
7420,1084.8586
7421,1176.3832
7422,1029.9276
7423,1206.6224
7424,807.68823
7425,993.4102
7426,915.03644
7427,981.8383
7428,956.5238
7429,1272.8464
7430,927.51886
7431,834.70404
7432,852.9461
7433,667.35675
7434,904.98456
7435,878.118
7436,688.9792
7437,651.99023
7438,572.2973
7439,652.1746
7440,802.72217
7441,611.49646
7442,461.74213
7443,289.3792
7444,314.56467
7445,306.69998
7446,385.42142
7447,384.16025
7448,433.81058
7449,604.9
7450,650.96814
7451,514.55707
7452,432.0881
7453,384.69855
7454,300.93958
7455,247.4799
7456,257.4398
7457,318.0846
7458,442.04025
7459,472.7484
7460,671.20593
7461,618.3859
7462,523.7355
7463,603.48395
7464,677.77905
7465,700.17285
7466,674.14343
7467,503.0102
7468,542.2059
7469,499.56473
7470,519.9099
7471,716.3368
7472,751.2546
7473,583.8114
7474,801.65796
7475,781.4606
7476,824.5437
7477,746.16113
7478,576.68097
7479,649.89355
7480,830.78546
7481,940.3916
7482,780.4361
7483,653.6804
7484,659.55286
7485,518.4755
7486,565.4212
7487,711.3111
7488,816.9272
7489,771.2643
7490,725.27295
7491,674.2831
7492,883.17554
7493,748.31104
7494,830.80316
7495,670.37354
7496,633.042
7497,777.1509
7498,690.74347
7499,645.90466
7500,770.8589
7501,876.518
7502,682.1492
7503,697.822
7504,820.8148
7505,788.51227
7506,901.5699
7507,940.9794
7508,819.77277
7509,619.3103
7510,151.92508
7511,682.7663
7512,706.9634
7513,1047.6843
7514,501.61932
7515,826.60077
7516,729.3169
7517,733.3839
7518,822.41504
7519,434.99225
7520,804.14154
7521,583.71533
7522,923.6572
7523,721.3801
7524,937.8304
7525,825.61804
7526,700.249
7527,673.3032
7528,947.27826
7529,1156.9507
7530,1020.81354
7531,788.4439
7532,882.48236
7533,880.1867
7534,907.10657
7535,732.13983
7536,649.09106
7537,951.4139
7538,862.01166
7539,849.61005
7540,873.99786
7541,647.9633
7542,819.66516
7543,693.79974
7544,673.89575
7545,518.90106
7546,332.96338
7547,473.34915
7548,450.31378
7549,343.04684
7550,661.2998
7551,282.72202
7552,456.2647
7553,713.97797
7554,724.9407
7555,602.1417
7556,527.65985
7557,305.5257
7558,243.45198
7559,351.12488
7560,385.5138
7561,473.75143
7562,455.2379
7563,360.4442
7564,340.4939
7565,346.57333
7566,302.8676
7567,405.81744
7568,269.8567
7569,293.10562
7570,254.65552
7571,285.14914
7572,270.03177
7573,339.34335
7574,340.8272
7575,327.9336
7576,296.0528
7577,323.85333
7578,339.39136
7579,330.51694
7580,391.04102
7581,392.72083
7582,253.10046
7583,239.59378
7584,406.12057
7585,548.3166
7586,558.4538
7587,594.7657
7588,775.2134
7589,466.59186
7590,449.92328
7591,688.5698
7592,570.7009
7593,526.8854
7594,541.69574
7595,510.01102
7596,654.5735
7597,515.9447
7598,897.0887
7599,913.54535
7600,1017.4001
7601,874.0639
7602,890.9979
7603,629.49445
7604,606.44745
7605,712.72125
7606,633.78375
7607,424.1886
7608,435.94415
7609,531.2247
7610,584.6748
7611,436.03046
7612,715.0455
7613,520.52655
7614,659.5206
7615,793.0428
7616,979.4674
7617,641.0316
7618,1117.8965
7619,880.81067
7620,958.61584
7621,1272.8276
7622,1241.0219
7623,1380.356
7624,1566.0271
7625,1404.8163
7626,1093.987
7627,1024.6481
7628,915.9204
7629,913.6752
7630,713.7682
7631,774.20886
7632,1129.2566
7633,1328.492
7634,1265.205
7635,1307.223
7636,1299.1437
7637,1102.8041
7638,955.7219
7639,1017.12274
7640,1153.154
7641,1102.054
7642,1133.1118
7643,1331.7882
7644,1370.7399
7645,1422.2415
7646,1390.3251
7647,1529.9736
7648,1686.4855
7649,1426.8497
7650,1554.9242
7651,1327.6294
7652,1051.8306
7653,1107.0146
7654,1319.8802
7655,1229.5437
7656,1053.5634
7657,1459.9382
7658,1301.2828
7659,1279.2657
7660,1529.8102
7661,1394.7095
7662,1417.0153
7663,1497.8175
7664,1600.3768
7665,1600.6722
7666,1380.7992
7667,1454.3833
7668,1147.0941
7669,1368.987
7670,1143.2622
7671,1433.7721
7672,1375.8961
7673,1558.6307
7674,1597.6913
7675,1782.892
7676,1773.409
7677,1728.4296
7678,1540.2346
7679,1548.2368
7680,1597.1427
7681,1527.1407
7682,1596.6508
7683,1615.5459
7684,1649.2914
7685,1657.825
7686,1672.8436
7687,1902.938
7688,1823.319
7689,1713.4147
7690,1804.354
7691,1553.8683
7692,1340.3972
7693,1481.2656
7694,1350.4109
7695,1335.2925
7696,1315.6527
7697,1528.256
7698,1546.2677
7699,1442.5723
7700,1453.4973
7701,1488.7411
7702,1452.4084
7703,1741.3854
7704,1514.3473
7705,1418.7223
7706,1404.8933
7707,1546.2172
7708,1385.1152
7709,1355.6193
7710,1387.3909
7711,1370.4613
7712,1282.0184
7713,1386.2059
7714,1305.4894
7715,1239.1418
7716,1201.8807
7717,1182.2529
7718,1216.608
7719,1394.5409
7720,1360.2097
7721,1608.1522
7722,1549.3596
7723,1363.2916
7724,1487.2893
7725,1616.8455
7726,1595.7424
7727,1422.7006
7728,1435.8882
7729,1433.9777
7730,1403.55
7731,1333.4968
7732,1194.8331
7733,1126.109
7734,1229.4572
7735,1153.4104
7736,1180.4503
7737,1322.1504
7738,1220.4819
7739,1326.1638
7740,1280.0874
7741,1266.4415
7742,1278.1572
7743,1195.987
7744,1291.0236
7745,1287.0022
7746,1253.3319
7747,1170.2772
7748,1449.7151
7749,1203.0854
7750,1078.9055
7751,1092.3507
7752,1057.2935
7753,1092.4148
7754,943.1359
7755,1171.384
7756,1331.7719
7757,1392.257
7758,1532.0984
7759,1361.6251
7760,1503.3188
7761,1678.9135
7762,1748.7449
7763,1600.3599
7764,1715.9233
7765,1774.6295
7766,1543.6101
7767,1590.3516
7768,1499.3341
7769,1468.6487
7770,1458.2018
7771,1540.885
7772,1393.1598
7773,1252.6492
7774,1305.1205
7775,1093.3624
7776,1283.9216
7777,1091.8013
7778,825.07684
7779,751.44116
7780,972.7827
7781,958.8441
7782,1247.8959
7783,996.338
7784,1003.65155
7785,973.47815
7786,817.4225
7787,763.1996
7788,1053.9072
7789,1412.7281
7790,1373.2026
7791,1483.4248
7792,1605.3793
7793,1443.0568
7794,1110.4608
7795,1263.1609
7796,1391.2216
7797,1245.0497
7798,1267.8153
7799,1481.1891
7800,1523.8823
7801,1668.138
7802,1710.8193
7803,1265.1567
7804,1349.4258
7805,1356.7195
7806,825.1127
7807,1030.0127
7808,1054.5707
7809,1068.1571
7810,1375.9967
7811,1375.4722
7812,1173.7313
7813,1120.8145
7814,1322.3861
7815,1500.5183
7816,1529.0435
7817,1652.6887
7818,1179.0372
7819,1702.9695
7820,1775.3834
7821,1606.1776
7822,1900.8499
7823,1890.4045
7824,1790.6984
7825,1961.9849
7826,1970.8435
7827,1902.9614
7828,1537.0226
7829,1720.5125
7830,1640.4341
7831,1371.8866
7832,1894.1311
7833,1906.0447
7834,1711.1815
7835,1485.1807
7836,1860.9626
7837,1902.4319
7838,1856.3667
7839,1552.3312
7840,1876.8292
7841,1737.4003
7842,1975.7998
7843,1876.1012
7844,1962.2922
7845,1911.8583
7846,1966.3954
7847,1897.7559
7848,1885.2714
7849,1908.0126
7850,1909.749
7851,1903.5801
7852,1851.6073
7853,1943.6472
7854,1943.3973
7855,1890.606
7856,1889.9836
7857,1892.6893
7858,1885.8304
7859,1760.1152
7860,1904.0411
7861,1699.92
7862,978.1615
7863,1269.8254
7864,1481.4626
7865,1512.3553
7866,1538.2644
7867,1189.5801
7868,1184.0997
7869,1069.2467
7870,1204.856
7871,1382.2958
7872,1513.6499
7873,1306.9907
7874,1347.4175
7875,1144.4863
7876,1290.4163
7877,989.42053
7878,1142.0995
7879,1250.9856
7880,1392.8728
7881,1419.078
7882,1518.7664
7883,1139.1726
7884,1242.5095
7885,1134.2809
7886,1569.69
7887,1432.4966
7888,1124.7042
7889,944.00867
7890,830.25665
7891,1121.9785
7892,998.7432
7893,1176.4106
7894,1140.9927
7895,1182.2649
7896,932.7336
7897,908.9073
7898,893.28265
7899,747.39996
7900,592.90735
7901,607.5374
7902,821.1387
7903,659.5112
7904,755.24536
7905,560.8175
7906,511.129
7907,464.23553
7908,578.1054
7909,622.5952
7910,628.84076
7911,617.4796
7912,626.38666
7913,950.0519
7914,652.40656
7915,566.13873
7916,602.9421
7917,552.7241
7918,563.63776
7919,519.5341
7920,488.9116
7921,365.678
7922,396.24045
7923,516.0064
7924,558.69666
7925,608.5335
7926,484.20517
7927,554.02686
7928,421.42416
7929,271.7589
7930,310.27188
7931,210.26994
7932,276.07532
7933,269.3596
7934,411.5548
7935,381.03012
7936,500.76883
7937,505.7521
7938,516.2903
7939,560.7921
7940,501.09753
7941,413.34067
7942,453.69058
7943,445.33768
7944,343.26486
7945,288.22272
7946,355.41446
7947,335.43015
7948,349.66556
7949,302.77542
7950,211.31444
7951,150.69017
7952,202.13649
7953,293.04968
7954,119.427315
7955,236.41103
7956,370.83456
7957,180.18674
7958,160.26418
7959,263.1918
7960,195.26057
7961,178.98842
7962,282.40863
7963,919.23157
7964,474.8032
7965,237.41438
7966,120.01331
7967,321.1547
7968,210.77106
7969,124.477196
7970,68.49485
7971,14.565953
7972,-0.2790063
7973,139.13823
7974,97.82702
7975,82.96026
7976,127.406906
7977,289.3734
7978,153.02641
7979,130.38843
7980,181.69461
7981,76.33913
7982,76.30165
7983,126.75242
7984,487.4901
7985,346.39926
7986,330.0698
7987,144.55516
7988,209.68652
7989,194.86864
7990,160.14224
7991,549.54236
7992,681.3546
7993,476.40283
7994,274.6905
7995,153.97017
7996,84.39421
7997,101.86702
7998,45.776695
7999,88.898346
8000,31.731447
8001,-1.5057077
8002,-0.44408274
8003,-0.40518904
8004,-0.4481153
8005,-0.23970181
8006,13.982401
8007,63.763275
8008,141.96066
8009,277.0008
8010,439.5412
8011,152.0838
8012,146.11084
8013,66.029274
8014,55.31467
8015,23.591974
8016,3.869877
8017,2.2192621
8018,-5.1612453
8019,-1.8668065
8020,-1.5101389
8021,-1.3717002
8022,-1.1986492
8023,-1.0395858
8024,-0.8794383
8025,-1.4874964
8026,-0.8153454
8027,-0.80009127
8028,-0.80009127
8029,-0.8153454
8030,-0.8153454
8031,-0.78557336
8032,-0.7734115
8033,-0.7734115
8034,-0.7541393
8035,-0.7535236
8036,-0.77852666
8037,-0.76185787
8038,-0.72256213
8039,-0.74710953
8040,-0.8082324
8041,-0.7999325
8042,-0.7866452
8043,-0.79334104
8044,-0.8403769
8045,-0.8349823
8046,-0.8331345
8047,-0.7466391
8048,-0.7890703
8049,-0.80032444
8050,-0.761048
8051,-0.8370183
8052,-0.8939145
8053,-1.0354729
8054,-1.0034184
8055,-1.0034184
8056,-1.06873
8057,-1.1007054
8058,-1.0587583
8059,-1.0587583
8060,-1.0587583
8061,-1.2178358
8062,-1.2208004
8063,-1.2324696
8064,-1.2208004
8065,-1.2208004
8066,-1.2354351
8067,-1.2471043
8068,-1.2613189
8069,-1.2613189
8070,-1.2496498
8071,-1.2496498
8072,-1.2558625
8073,-1.260246
8074,-1.2711704
8075,-1.2627962
8076,-1.2682526
8077,-1.2682526
8078,-1.2744653
8079,-1.2788489
8080,-1.2971743
8081,-1.2808304
8082,-1.3269248
8083,-1.4436705
8084,-1.410422
8085,-1.410422
8086,-1.3786397
8087,-1.3628427
8088,-1.3628427
8089,-1.3628427
8090,-1.3628427
8091,-1.3511735
8092,-1.3096029
8093,-1.3253999
8094,-1.3253999
8095,-1.3096029
8096,-1.3359033
8097,-1.3787934
8098,-1.4559232
8099,-1.3300933
8100,-1.2992843
8101,-1.2806454
8102,-1.3015138
8103,-1.2964423
8104,-1.3447988
8105,-3.2164772
8106,-1.1647273
8107,-1.2591084
8108,-1.2502178
8109,-1.336885
8110,-2.1262598
8111,-1.2400818
8112,-1.4209669
8113,25.815798
8114,0.894346
8115,-2.1618433
8116,2.1131957
8117,6.8694477
8118,-1.4233099
8119,19.545872
8120,-1.4778897
8121,-1.4908464
8122,-1.8015469
8123,10.860298
8124,50.177944
8125,38.394432
8126,37.520992
8127,30.108822
8128,32.183575
8129,67.35265
8130,24.153532
8131,34.420834
8132,49.55433
8133,57.563534
8134,39.770622
8135,30.960815
8136,6.253544
8137,13.426431
8138,-2.5564804
8139,-7.5542397
8140,-4.4058228
8141,-0.8106558
8142,-0.8225524
8143,-0.7114391
8144,-0.72625387
8145,-0.75743854
8146,-0.85031915
8147,-0.69981366
8148,-0.7967955
8149,-0.80576247
8150,-0.8160766
8151,-0.8651667
8152,-1.5153476
8153,-0.8438968
8154,86.782616
8155,109.57561
8156,181.49574
8157,144.38564
8158,279.24878
8159,362.99658
8160,501.4652
8161,680.80927
8162,506.93607
8163,413.5279
8164,444.12048
8165,401.85645
8166,455.3612
8167,358.09677
8168,472.8338
8169,612.7481
8170,466.88544
8171,518.9648
8172,584.76556
8173,604.6652
8174,628.932
8175,353.59973
8176,140.13416
8177,374.9024
8178,494.38046
8179,441.52905
8180,542.32336
8181,566.62585
8182,365.5367
8183,326.7968
8184,351.68243
8185,237.35783
8186,261.2565
8187,357.1401
8188,332.19016
8189,488.5289
8190,432.07718
8191,572.5829
8192,456.39697
8193,354.6384
8194,321.29373
8195,445.73965
8196,332.2699
8197,385.40924
8198,259.18195
8199,249.6052
8200,236.00346
8201,387.48483
8202,446.25708
8203,297.0832
8204,261.0029
8205,111.69666
8206,171.13817
8207,239.39142
8208,246.53857
8209,338.86157
8210,347.3432
8211,447.19882
8212,373.57983
8213,330.5186
8214,421.32938
8215,501.18848
8216,369.10538
8217,388.7781
8218,387.80023
8219,528.51434
8220,544.6993
8221,561.97955
8222,530.8444
8223,541.7587
8224,496.76096
8225,584.45685
8226,643.0741
8227,619.52734
8228,633.79553
8229,490.64874
8230,303.9043
8231,339.6942
8232,617.0543
8233,551.73553
8234,383.53445
8235,413.98947
8236,466.86996
8237,735.4723
8238,734.98804
8239,677.06946
8240,676.4115
8241,638.27185
8242,456.98196
8243,668.87396
8244,909.3161
8245,786.0733
8246,929.6208
8247,609.70374
8248,824.44055
8249,770.12494
8250,890.2746
8251,1044.1996
8252,890.29614
8253,882.0625
8254,1005.7392
8255,993.3668
8256,1424.1439
8257,1469.8395
8258,1396.5756
8259,1228.4232
8260,1168.7369
8261,1015.72485
8262,936.6961
8263,1162.4254
8264,1180.5222
8265,1224.1208
8266,1242.3384
8267,814.4608
8268,656.1114
8269,789.87384
8270,586.29865
8271,820.199
8272,760.9535
8273,616.75214
8274,715.3946
8275,913.335
8276,676.7434
8277,995.2842
8278,773.18097
8279,501.70297
8280,749.0942
8281,926.14
8282,908.59863
8283,786.0563
8284,669.67914
8285,448.05557
8286,401.8203
8287,561.1497
8288,667.96765
8289,364.019
8290,326.02792
8291,260.34305
8292,349.9026
8293,512.1669
8294,534.0811
8295,599.4961
8296,573.4751
8297,611.2411
8298,774.13776
8299,907.8725
8300,679.1969
8301,738.35834
8302,751.95593
8303,725.9514
8304,673.2053
8305,824.2848
8306,573.072
8307,466.85577
8308,643.3796
8309,635.2411
8310,500.73145
8311,439.58987
8312,385.79974
8313,270.00296
8314,282.1386
8315,329.96204
8316,418.69
8317,517.308
8318,372.25894
8319,426.9595
8320,386.1572
8321,454.8816
8322,591.92645
8323,623.6841
8324,529.67725
8325,532.7633
8326,541.1971
8327,615.6955
8328,781.50903
8329,739.981
8330,470.78552
8331,487.10522
8332,851.9451
8333,727.8367
8334,681.24335
8335,631.1767
8336,633.5641
8337,662.13367
8338,605.7533
8339,561.0319
8340,397.34286
8341,571.4242
8342,535.8913
8343,559.713
8344,408.58575
8345,514.80457
8346,394.91953
8347,593.2108
8348,774.8008
8349,951.0617
8350,590.7287
8351,494.5023
8352,442.38727
8353,380.1298
8354,414.36142
8355,270.87946
8356,402.6077
8357,295.3375
8358,401.34073
8359,543.7606
8360,386.39847
8361,425.12964
8362,696.719
8363,614.393
8364,686.2034
8365,909.83276
8366,353.6812
8367,404.50732
8368,301.6271
8369,159.49988
8370,451.65237
8371,336.3764
8372,252.9893
8373,414.15524
8374,339.52286
8375,289.4953
8376,385.06134
8377,433.12787
8378,631.9506
8379,586.0616
8380,495.02893
8381,568.02094
8382,954.85455
8383,1014.38965
8384,1431.2986
8385,1526.5665
8386,1148.0062
8387,1247.5134
8388,1273.4497
8389,718.0474
8390,720.813
8391,1539.3036
8392,1086.9037
8393,1027.6443
8394,1291.5896
8395,1742.1013
8396,1460.5837
8397,1549.559
8398,1107.7218
8399,1301.6069
8400,1324.2183
8401,1375.9987
8402,966.66223
8403,999.05505
8404,1067.4521
8405,1073.0773
8406,1309.4872
8407,1414.1183
8408,1322.5054
8409,1207.0338
8410,983.32996
8411,917.1225
8412,976.60297
8413,965.2481
8414,1247.4614
8415,1573.3318
8416,1599.4142
8417,1867.5808
8418,1781.2677
8419,1582.9768
8420,1599.066
8421,1489.8173
8422,1411.4066
8423,1637.6112
8424,1690.4012
8425,1792.4368
8426,1765.5929
8427,1751.8867
8428,1547.359
8429,1602.9412
8430,1750.3755
8431,1748.193
8432,1706.3042
8433,1747.0397
8434,1938.7483
8435,1949.212
8436,1943.3107
8437,1968.2754
8438,1947.3978
8439,1933.2919
8440,1931.6807
8441,1935.9562
8442,1956.1895
8443,1943.6726
8444,1745.0364
8445,1872.2349
8446,1945.0997
8447,1916.1345
8448,1921.8212
8449,1875.745
8450,1557.5939
8451,1009.8274
8452,495.1952
8453,950.7304
8454,1669.3647
8455,1697.8981
8456,1611.8074
8457,1205.4371
8458,1540.468
8459,1628.4044
8460,1540.6761
8461,1510.3413
8462,1517.4229
8463,1141.2964
8464,1333.0624
8465,1683.9972
8466,1919.1475
8467,1876.6772
8468,1707.629
8469,1766.4915
8470,1752.1583
8471,1748.917
8472,1774.7388
8473,1773.1729
8474,1583.0134
8475,1641.0667
8476,1726.7827
8477,1611.987
8478,1558.0258
8479,1672.0422
8480,1616.4597
8481,1735.3011
8482,1387.7642
8483,1007.7028
8484,1171.18
8485,1384.0128
8486,1332.9037
8487,1814.5995
8488,1865.3928
8489,1761.2766
8490,1684.6914
8491,1517.9125
8492,1586.6113
8493,1645.7504
8494,1351.3595
8495,1170.148
8496,1489.8887
8497,1579.6207
8498,1548.2982
8499,1756.3251
8500,1842.8634
8501,1775.4231
8502,1859.5577
8503,1511.395
8504,1535.2566
8505,1731.3008
8506,1574.4781
8507,1633.6581
8508,1232.43
8509,1347.9719
8510,1000.7261
8511,563.2698
8512,960.42755
8513,643.22595
8514,577.35626
8515,333.98077
8516,419.0285
8517,566.40375
8518,198.99985
8519,421.9605
8520,473.99728
8521,291.52066
8522,409.49948
8523,672.29065
8524,806.2494
8525,624.3664
8526,764.9229
8527,716.08716
8528,541.32874
8529,2.2286723
8530,-1.5935515
8531,50.104572
8532,837.45654
8533,483.58093
8534,516.13226
8535,405.51614
8536,898.6563
8537,592.4941
8538,941.0661
8539,797.8699
8540,633.21576
8541,790.08264
8542,1077.1638
8543,1759.5718
8544,1883.9452
8545,1935.5114
8546,1943.375
8547,1932.503
8548,1909.8706
8549,1922.1578
8550,1942.125
8551,1945.3866
8552,1943.4357
8553,1937.0375
8554,1906.3436
8555,1775.0635
8556,1886.9365
8557,1880.2491
8558,1758.1392
8559,1762.8604
8560,1833.1166
8561,1295.6697
8562,1128.0247
8563,1408.3082
8564,1656.4084
8565,1446.899
8566,1569.3506
8567,1554.7655
8568,1353.2875
8569,1052.7711
8570,958.23627
8571,1113.8699
8572,910.04224
8573,893.35754
8574,929.59
8575,745.1324
8576,416.82913
8577,716.31903
8578,658.46967
8579,692.57574
8580,817.8191
8581,1089.2877
8582,1717.625
8583,1789.586
8584,1601.2671
8585,1282.3765
8586,1088.756
8587,1232.2037
8588,1304.3837
8589,1157.7347
8590,1507.6127
8591,1401.0098
8592,1351.3635
8593,1673.649
8594,1780.0109
8595,1473.0288
8596,1445.5641
8597,1587.9891
8598,1362.607
8599,1566.3656
8600,1454.2593
8601,1620.9349
8602,1613.318
8603,1568.6542
8604,1573.7671
8605,1707.9911
8606,1819.6101
8607,1819.6678
8608,1720.8982
8609,1646.4872
8610,1348.116
8611,1413.8608
8612,1756.3674
8613,1869.7574
8614,1812.7388
8615,1849.8698
8616,1875.4882
8617,1834.3729
8618,1797.2645
8619,1865.5369
8620,1718.8091
8621,1639.5829
8622,1629.738
8623,1761.3337
8624,1738.3556
8625,1453.9889
8626,1198.241
8627,1418.0029
8628,1437.3121
8629,1738.6813
8630,1517.4015
8631,1506.3296
8632,1350.8553
8633,1463.839
8634,1306.3916
8635,1595.675
8636,1732.3555
8637,1524.0293
8638,1342.4941
8639,1191.2671
8640,1186.7074
8641,1537.3246
8642,1666.8839
8643,1463.4753
8644,1413.9064
8645,1291.4071
8646,1390.2369
8647,1327.0726
8648,1631.2638
8649,1554.0233
8650,1746.7556
8651,1515.4705
8652,1382.1798
8653,1366.9116
8654,1389.8666
8655,1464.5372
8656,1494.9231
8657,1055.5978
8658,1146.0327
8659,1216.0386
8660,1093.7512
8661,1012.29266
8662,917.0534
8663,752.41315
8664,883.34235
8665,1045.1348
8666,1080.075
8667,1171.2018
8668,914.2315
8669,1012.4266
8670,852.35614
8671,721.7031
8672,702.75903
8673,676.1059
8674,953.24713
8675,1062.607
8676,911.1075
8677,1077.4146
8678,1253.3704
8679,1178.6608
8680,1255.0941
8681,1153.7567
8682,1007.895
8683,1184.3748
8684,1280.6675
8685,1087.1973
8686,1236.997
8687,1468.9086
8688,1233.4729
8689,1118.5509
8690,1558.2671
8691,976.02106
8692,1094.91
8693,1054.0885
8694,1679.5879
8695,1630.9078
8696,1701.4152
8697,1768.4076
8698,1214.378
8699,1507.4221
8700,1877.2616
8701,1891.6372
8702,1535.2058
8703,1258.2665
8704,1803.2404
8705,1560.0969
8706,1636.1742
8707,1183.4867
8708,1482.6449
8709,1718.9631
8710,1888.7852
8711,1683.1333
8712,1495.9865
8713,1537.2695
8714,1619.753
8715,1687.0321
8716,1500.192
8717,1707.5432
8718,1518.3698
8719,1362.1694
8720,1273.4346
8721,1527.3417
8722,1324.1404
8723,1201.5273
8724,1423.6251
8725,1398.1732
8726,1556.3851
8727,1274.4838
8728,1463.3789
8729,1692.2119
8730,1419.9269
8731,1290.6462
8732,1578.8417
8733,1573.525
8734,1614.1835
8735,1822.4066
8736,1803.8425
8737,1852.2847
8738,1834.5051
8739,1818.8329
8740,1885.1328
8741,1878.7727
8742,1706.5376
8743,1835.5647
8744,1802.5607
8745,1764.8357
8746,1511.169
8747,1500.2601
8748,1244.3313
8749,1173.3701
8750,1243.4307
8751,1126.515
8752,912.29034
8753,1219.5167
8754,1598.976
8755,1784.0732
8756,1803.6013
8757,1867.5356
8758,1855.4542
8759,1876.4402
8760,1843.5258
8761,1840.5829
8762,1744.7076
8763,1752.6803
8764,1610.2313
8765,1712.486
8766,1693.8373
8767,1472.7029
8768,1540.3909
8769,1815.1927
8770,1719.3684
8771,1562.8679
8772,1465.5029
8773,1411.465
8774,1467.5387
8775,1264.7953
8776,1225.9064
8777,1143.353
8778,1260.47
8779,1122.9615
8780,1068.4474
8781,1024.8376
8782,1269.2955
8783,1277.2102
8784,1446.3451
8785,1366.2467
8786,1271.9208
8787,1432.1935
8788,1216.2184
8789,1101.5398
8790,1089.8999
8791,1200.715
8792,1033.7482
8793,1019.96625
8794,901.9297
8795,1060.6655
8796,1067.075
8797,1120.8779
8798,907.9448
8799,1213.4657
8800,1077.6671
8801,1089.062
8802,863.18
8803,878.4914
8804,992.43677
8805,1091.7897
8806,1010.3677
8807,966.85077
8808,805.0921
8809,1118.0215
8810,1304.1714
8811,1479.8359
8812,982.9924
8813,1452.9531
8814,1481.3607
8815,1585.723
8816,1452.0681
8817,1399.5859
8818,1295.916
8819,965.5101
8820,1153.1873
8821,982.4331
8822,1243.8958
8823,1058.9877
8824,1248.5393
8825,1029.0248
8826,971.1375
8827,953.83765
8828,1492.1359
8829,1408.4501
8830,1172.8525
8831,1448.5677
8832,1148.8225
8833,864.01154
8834,1153.4868
8835,530.19165
8836,757.4959
8837,814.98334
8838,335.5796
8839,1012.32574
8840,752.6795
8841,859.7091
8842,1113.0745
8843,1027.4847
8844,741.33215
8845,561.26215
8846,682.50757
8847,1114.3159
8848,599.268
8849,292.19147
8850,408.00192
8851,257.0766
8852,433.17892
8853,291.5667
8854,674.0146
8855,380.487
8856,753.7568
8857,431.73334
8858,280.00906
8859,291.1043
8860,433.06094
8861,502.6443
8862,464.33737
8863,443.187
8864,434.1084
8865,377.72577
8866,124.49341
8867,186.1031
8868,288.5939
8869,334.01385
8870,332.1629
8871,326.24768
8872,282.13324
8873,347.35336
8874,370.33734
8875,311.24622
8876,327.7094
8877,330.33862
8878,258.46646
8879,208.74
8880,211.54031
8881,124.05953
8882,100.913506
8883,83.92673
8884,81.21142
8885,72.595184
8886,49.804
8887,7.6736565
8888,18.37144
8889,-1.6299422
8890,-6.381105
8891,-2.864849
8892,-0.8081984
8893,-0.8239954
8894,-0.7070028
8895,-0.7002145
8896,-0.7028485
8897,-0.73180157
8898,-0.73386
8899,-0.87137806
8900,8.855318
8901,38.260197
8902,44.500217
8903,31.833647
8904,30.716888
8905,34.81963
8906,68.12924
8907,148.80469
8908,263.74084
8909,243.7247
8910,220.66733
8911,230.88348
8912,136.42532
8913,151.3646
8914,113.07915
8915,97.74461
8916,140.375
8917,165.38893
8918,217.28217
8919,206.4981
8920,281.84845
8921,371.28043
8922,450.01724
8923,461.118
8924,542.48785
8925,358.41327
8926,188.20128
8927,236.39432
8928,359.4646
8929,285.6382
8930,420.72137
8931,523.67255
8932,592.3683
8933,577.34344
8934,497.99762
8935,583.1803
8936,410.77966
8937,259.78275
8938,142.14336
8939,160.75462
8940,145.60857
8941,265.66745
8942,129.29517
8943,66.35487
8944,116.955475
8945,200.15633
8946,285.89062
8947,299.88687
8948,273.6002
8949,258.497
8950,315.44382
8951,205.21979
8952,188.75809
8953,158.14162
8954,194.19353
8955,292.5875
8956,203.94263
8957,331.8576
8958,455.4582
8959,710.8198
8960,1100.4315
8961,1284.5297
8962,1342.1257
8963,1318.0623
8964,944.99786
8965,968.7
8966,1013.27655
8967,994.3699
8968,936.16425
8969,528.1581
8970,445.61163
8971,429.98434
8972,1004.10406
8973,1074.7931
8974,962.3213
8975,1167.1306
8976,723.87115
8977,1169.6783
8978,1339.081
8979,1155.297
8980,1085.2701
8981,1536.8158
8982,1497.2399
8983,1515.2263
8984,1289.6992
8985,1706.0972
8986,1732.1656
8987,1729.7467
8988,1551.4537
8989,1622.9015
8990,1730.7029
8991,1709.5475
8992,1630.1648
8993,1802.9637
8994,1740.6185
8995,1745.9591
8996,1749.1938
8997,1751.0629
8998,1857.702
8999,1889.8339
9000,1851.2327
9001,1862.3169
9002,1844.7086
9003,1841.0763
9004,1866.8997
9005,1750.2401
9006,1854.6495
9007,1716.2522
9008,1780.0769
9009,1601.6145
9010,1730.4869
9011,1675.5348
9012,1500.2316
9013,1509.4158
9014,1508.9803
9015,1324.2506
9016,1344.1912
9017,1161.6217
9018,1231.1461
9019,1185.6765
9020,1512.9296
9021,1508.1888
9022,1404.5753
9023,1670.9441
9024,1378.3711
9025,1259.2703
9026,1279.9792
9027,1275.4825
9028,1526.9211
9029,1685.4192
9030,1906.729
9031,1831.8811
9032,1893.8248
9033,1847.8448
9034,1844.0977
9035,1899.8195
9036,1919.2249
9037,1916.2656
9038,1862.4623
9039,1851.9813
9040,1852.0404
9041,1843.4578
9042,1874.0714
9043,1877.65
9044,1927.5139
9045,1926.2041
9046,1884.0079
9047,1909.2316
9048,1879.5745
9049,1829.8397
9050,1822.7322
9051,1784.2238
9052,1715.057
9053,1604.8057
9054,1605.762
9055,1326.9055
9056,1248.3444
9057,992.21344
9058,1018.0451
9059,687.10614
9060,238.84186
9061,223.67241
9062,254.32867
9063,404.35938
9064,348.59
9065,400.11957
9066,339.3074
9067,266.16022
9068,260.5926
9069,287.25024
9070,302.60577
9071,266.38205
9072,228.21829
9073,264.0687
9074,214.60095
9075,152.07898
9076,65.247635
9077,12.284092
9078,-1.293359
9079,-0.63148224
9080,52.30163
9081,35.71541
9082,27.450766
9083,65.22019
9084,77.511154
9085,95.42559
9086,118.058266
9087,129.40692
9088,157.42006
9089,173.29303
9090,128.13994
9091,86.09796
9092,125.34862
9093,152.7925
9094,195.5503
9095,172.58615
9096,91.03242
9097,50.98393
9098,64.79684
9099,56.77638
9100,64.35287
9101,91.633606
9102,150.92177
9103,150.61104
9104,85.882744
9105,70.781296
9106,23.514921
9107,134.70352
9108,134.49521
9109,152.68147
9110,260.75232
9111,407.39542
9112,408.93295
9113,288.06314
9114,397.22696
9115,348.15564
9116,334.00214
9117,-3.5858555
9118,132.47815
9119,86.74554
9120,1342.0398
9121,1932.7494
9122,1827.6664
9123,1579.7482
9124,1357.0011
9125,1322.167
9126,1343.7927
9127,1267.7173
9128,1310.2029
9129,1541.04
9130,1127.1787
9131,960.1055
9132,742.75385
9133,662.7935
9134,1189.8922
9135,1110.551
9136,577.8028
9137,290.9159
9138,72.512245
9139,467.96118
9140,243.72684
9141,391.88617
9142,758.9581
9143,795.57715
9144,601.6181
9145,640.60864
9146,1078.7448
9147,1281.6952
9148,1358.8541
9149,1314.9526
9150,734.8271
9151,482.00934
9152,694.43713
9153,522.78253
9154,481.20428
9155,427.14554
9156,432.7444
9157,601.8811
9158,467.5704
9159,1212.016
9160,1071.9991
9161,1057.0845
9162,1124.2363
9163,1554.9108
9164,1480.5841
9165,1395.0365
9166,1178.2935
9167,1428.3602
9168,993.3181
9169,971.7684
9170,891.58734
9171,968.86194
9172,882.8793
9173,894.93317
9174,976.8322
9175,951.01685
9176,919.168
9177,885.68494
9178,719.6657
9179,841.64325
9180,915.9625
9181,749.3236
9182,986.5642
9183,1208.8135
9184,1152.9617
9185,1254.8569
9186,1128.6553
9187,1034.9858
9188,1025.5452
9189,955.08386
9190,1133.8723
9191,882.74536
9192,713.04517
9193,991.5768
9194,1068.6313
9195,1183.9446
9196,1465.6936
9197,1280.1787
9198,1288.526
9199,1224.7548
9200,1039.6559
9201,941.5438
9202,952.30554
9203,957.7276
9204,1016.2721
9205,948.11755
9206,852.9245
9207,676.3856
9208,567.97174
9209,735.05237
9210,749.1805
9211,545.7274
9212,570.8922
9213,463.14038
9214,395.36023
9215,398.4702
9216,420.77588
9217,453.19537
9218,494.84183
9219,810.4357
9220,1071.8627
9221,1094.8342
9222,1024.7788
9223,692.8562
9224,862.8507
9225,631.18243
9226,759.8146
9227,740.7125
9228,512.69244
9229,618.9601
9230,717.7494
9231,673.2932
9232,743.1525
9233,874.5591
9234,856.5271
9235,954.74585
9236,1027.6731
9237,442.04388
9238,688.913
9239,805.01117
9240,735.2808
9241,915.8952
9242,965.13275
9243,899.1532
9244,883.73065
9245,992.18066
9246,825.59
9247,947.6972
9248,1189.2533
9249,848.68756
9250,1295.2964
9251,1225.0978
9252,1577.274
9253,1804.5426
9254,1202.9489
9255,1321.5266
9256,1472.7169
9257,1689.5051
9258,1358.0139
9259,1415.6017
9260,1856.3232
9261,1493.1826
9262,1579.3391
9263,1747.4934
9264,1865.1648
9265,1870.4514
9266,1804.808
9267,1639.2649
9268,1710.5615
9269,1968.3992
9270,1963.5793
9271,1960.3724
9272,1908.6261
9273,1776.9241
9274,1628.0483
9275,1787.2476
9276,1791.0162
9277,1767.9858
9278,1721.4335
9279,1873.2465
9280,1794.6256
9281,1622.3872
9282,1531.1493
9283,1497.8016
9284,1266.3601
9285,1539.0408
9286,1874.7997
9287,1808.3383
9288,1873.5625
9289,1554.7513
9290,1484.6473
9291,1461.7297
9292,1119.4576
9293,1172.7401
9294,1293.8049
9295,1057.0801
9296,1136.5442
9297,1163.643
9298,1659.3721
9299,1593.3041
9300,1613.8822
9301,1596.5238
9302,1651.8068
9303,1665.7092
9304,1676.769
9305,1610.296
9306,1488.5914
9307,1579.8289
9308,1685.7097
9309,1582.3816
9310,1479.9751
9311,1317.7811
9312,1129.4126
9313,972.1519
9314,1359.6777
9315,1213.4713
9316,1236.9788
9317,1200.349
9318,1259.2236
9319,1297.9106
9320,1147.2421
9321,1325.5742
9322,1350.7523
9323,1632.8671
9324,1524.762
9325,1434.2074
9326,1583.076
9327,1503.5394
9328,1437.8646
9329,1547.8079
9330,1579.545
9331,1494.9231
9332,1423.7023
9333,1536.2214
9334,1559.095
9335,1537.4429
9336,1455.7963
9337,1635.2026
9338,1630.3545
9339,1579.8485
9340,1621.833
9341,1568.8375
9342,1596.4706
9343,1535.3599
9344,1644.2883
9345,1662.1534
9346,1601.2787
9347,1631.3368
9348,1305.7186
9349,1276.835
9350,1552.8917
9351,1413.0541
9352,1372.5822
9353,1395.8412
9354,1503.857
9355,1447.1984
9356,1533.779
9357,1351.1522
9358,1336.7965
9359,1380.5892
9360,1432.2933
9361,1054.0507
9362,1272.3121
9363,1373.4181
9364,1183.0533
9365,1236.0292
9366,1223.6963
9367,1302.2837
9368,1265.9502
9369,1224.891
9370,1044.1444
9371,749.4587
9372,729.40625
9373,649.9164
9374,709.74176
9375,680.77905
9376,721.57745
9377,899.4611
9378,1039.7069
9379,1025.7991
9380,881.2411
9381,940.55035
9382,977.9958
9383,634.40485
9384,537.4038
9385,501.5777
9386,441.33923
9387,485.36063
9388,606.04095
9389,539.90295
9390,237.99052
9391,169.10841
9392,193.95667
9393,132.76042
9394,120.2585
9395,95.337326
9396,186.40964
9397,129.30164
9398,181.42123
9399,281.91687
9400,257.32724
9401,349.73886
9402,317.44016
9403,223.45436
9404,329.45386
9405,422.29483
9406,447.77338
9407,318.92776
9408,127.68614
9409,119.477776
9410,59.047657
9411,6.789609
9412,33.677433
9413,70.378456
9414,19.42949
9415,-1.9716889
9416,-1.1997954
9417,-3.5656695
9418,-3.1390965
9419,-2.9563823
9420,-3.1728516
9421,-2.46209
9422,-1.6660849
9423,-1.256205
9424,-2.187155
9425,-1.5001324
9426,-1.2856793
9427,22.980297
9428,55.11713
9429,87.65941
9430,162.58676
9431,365.392
9432,340.43887
9433,308.4249
9434,321.1312
9435,617.77936
9436,786.947
9437,757.0305
9438,827.1017
9439,770.11926
9440,726.2145
9441,831.4098
9442,656.2744
9443,605.53186
9444,633.97675
9445,813.89056
9446,628.7661
9447,616.904
9448,410.19092
9449,830.4708
9450,803.6672
9451,678.7269
9452,989.5768
9453,841.40424
9454,1066.732
9455,827.10126
9456,910.2428
9457,1002.301
9458,898.0297
9459,890.55396
9460,863.43256
9461,959.8551
9462,843.9891
9463,753.3115
9464,996.32007
9465,1142.3164
9466,890.37256
9467,1153.7421
9468,938.8588
9469,677.75446
9470,1165.4751
9471,696.4265
9472,646.7607
9473,841.5103
9474,752.9545
9475,797.64465
9476,676.6228
9477,827.2376
9478,874.044
9479,733.28394
9480,871.3647
9481,717.9892
9482,629.7075
9483,532.1482
9484,455.87967
9485,481.475
9486,400.91025
9487,209.11192
9488,289.8959
9489,217.17061
9490,232.84624
9491,313.62122
9492,255.03639
9493,252.69539
9494,198.19283
9495,223.51244
9496,225.20427
9497,267.48486
9498,198.70525
9499,157.16624
9500,186.3793
9501,166.06828
9502,308.84122
9503,197.00429
9504,163.5603
9505,220.50572
9506,204.66902
9507,170.14453
9508,149.32788
9509,102.85607
9510,116.27459
9511,155.42296
9512,121.022964
9513,95.61627
9514,171.82042
9515,179.38953
9516,304.57806
9517,383.28708
9518,305.95697
9519,398.53088
9520,240.4533
9521,252.2412
9522,196.06021
9523,542.6903
9524,251.02643
9525,269.1654
9526,207.05194
9527,356.2176
9528,150.47218
9529,98.2033
9530,134.08434
9531,129.4557
9532,162.95259
9533,258.467
9534,213.55678
9535,209.06508
9536,305.0274
9537,350.89456
9538,281.4833
9539,165.32991
9540,99.79361
9541,202.26857
9542,157.03473
9543,128.92212
9544,183.78802
9545,134.30899
9546,146.97276
9547,293.67432
9548,210.42555
9549,199.562
9550,278.959
9551,199.99146
9552,397.68164
9553,127.43564
9554,125.3544
9555,259.76993
9556,478.54855
9557,485.83096
9558,636.99786
9559,605.00104
9560,466.34167
9561,292.06543
9562,49.526936
9563,71.4902
9564,143.54092
9565,403.8627
9566,234.88283
9567,169.19405
9568,167.33722
9569,210.21223
9570,108.19182
9571,227.76741
9572,157.4845
9573,127.22738
9574,154.22351
9575,1017.6185
9576,550.2701
9577,327.8387
9578,333.69843
9579,340.10757
9580,55.146736
9581,83.69648
9582,112.20535
9583,161.44809
9584,245.88136
9585,270.89175
9586,259.5674
9587,289.6743
9588,199.54614
9589,115.86477
9590,229.01671
9591,391.7216
9592,449.97324
9593,666.137
9594,592.7325
9595,444.34515
9596,464.23068
9597,461.59354
9598,489.68005
9599,407.7487
9600,359.42874
9601,238.0751
9602,179.32193
9603,239.42549
9604,136.59415
9605,176.59871
9606,260.35022
9607,240.58032
9608,190.28474
9609,228.32811
9610,350.93665
9611,363.79123
9612,429.66666
9613,396.4932
9614,302.86526
9615,257.16156
9616,273.82248
9617,299.9092
9618,203.30371
9619,146.39641
9620,184.88708
9621,247.55704
9622,195.40877
9623,214.79108
9624,195.43329
9625,208.71596
9626,186.49947
9627,151.90762
9628,215.66154
9629,215.17082
9630,166.06187
9631,211.15764
9632,146.92958
9633,203.09267
9634,176.66684
9635,222.95169
9636,273.69702
9637,254.45186
9638,250.25337
9639,258.42853
9640,234.91089
9641,213.26077
9642,269.9675
9643,414.16483
9644,396.25583
9645,406.73462
9646,395.6584
9647,407.97565
9648,525.5541
9649,509.13644
9650,653.7675
9651,654.2069
9652,688.9635
9653,755.5983
9654,862.0871
9655,929.9785
9656,884.0127
9657,973.83997
9658,840.94763
9659,850.17596
9660,783.60004
9661,567.95416
9662,501.12958
9663,480.20526
9664,597.12897
9665,521.58923
9666,612.9002
9667,872.6278
9668,863.95404
9669,941.2709
9670,1047.9962
9671,1211.8519
9672,1221.5782
9673,1422.8905
9674,1365.7356
9675,1202.7026
9676,1214.2316
9677,1064.6422
9678,1172.3889
9679,1172.0461
9680,1008.56604
9681,1358.375
9682,1151.3235
9683,1242.9799
9684,1014.0018
9685,794.52765
9686,643.6669
9687,950.06934
9688,797.594
9689,890.61053
9690,737.42035
9691,706.54895
9692,639.48486
9693,821.47034
9694,700.0766
9695,666.39014
9696,628.8808
9697,585.98737
9698,618.3545
9699,709.316
9700,673.4706
9701,649.0374
9702,769.9014
9703,669.8406
9704,642.8725
9705,774.03894
9706,742.9513
9707,800.0773
9708,990.27515
9709,995.4373
9710,732.01807
9711,834.58264
9712,1060.731
9713,1121.5953
9714,1010.8985
9715,1006.2314
9716,961.2398
9717,972.0937
9718,988.1657
9719,662.2153
9720,676.8586
9721,652.3717
9722,553.6811
9723,460.4101
9724,615.47534
9725,539.65485
9726,584.14
9727,622.2072
9728,681.4863
9729,795.4832
9730,1058.8486
9731,903.50134
9732,1118.8704
9733,922.93933
9734,987.15955
9735,1184.8997
9736,1053.8579
9737,1403.348
9738,1449.3125
9739,1375.9276
9740,1524.1951
9741,1360.3573
9742,1192.114
9743,935.4976
9744,1078.5413
9745,988.1846
9746,919.7552
9747,1125.0624
9748,1074.4146
9749,984.7735
9750,1071.8491
9751,792.7655
9752,1000.5166
9753,879.9245
9754,965.86163
9755,1105.1749
9756,1234.0404
9757,1143.1119
9758,1151.0276
9759,1092.7537
9760,1133.1321
9761,1036.6912
9762,1208.9955
9763,1256.7439
9764,709.07025
9765,920.5095
9766,1100.4323
9767,1099.8519
9768,857.1238
9769,1012.6632
9770,874.0121
9771,820.9801
9772,894.5463
9773,1019.8155
9774,944.65533
9775,968.48706
9776,815.6681
9777,905.431
9778,1206.2538
9779,943.47424
9780,905.1671
9781,1007.3899
9782,893.08545
9783,1036.3853
9784,763.3613
9785,1028.6445
9786,1016.93207
9787,878.4346
9788,782.2737
9789,933.0829
9790,997.68335
9791,936.014
9792,926.3111
9793,891.23615
9794,839.5073
9795,586.83234
9796,500.32602
9797,578.0698
9798,666.5469
9799,728.9
9800,576.0249
9801,573.97455
9802,579.23816
9803,440.0502
9804,521.1485
9805,499.67627
9806,620.5903
9807,688.7168
9808,841.3896
9809,770.1341
9810,626.2968
9811,638.25903
9812,972.9931
9813,985.0897
9814,918.0655
9815,991.33105
9816,939.3152
9817,69.8104
9818,283.63312
9819,860.9719
9820,1003.3207
9821,747.5688
9822,779.6559
9823,777.1753
9824,853.70435
9825,824.81
9826,642.87354
9827,518.41724
9828,779.6205
9829,480.99487
9830,508.03024
9831,602.3507
9832,658.66815
9833,411.7825
9834,432.16153
9835,411.2584
9836,368.53525
9837,430.73935
9838,542.58295
9839,742.07043
9840,679.7404
9841,647.3798
9842,765.9516
9843,740.4328
9844,868.1161
9845,798.459
9846,740.971
9847,1006.36224
9848,955.42804
9849,706.4419
9850,837.30347
9851,871.5178
9852,701.71454
9853,634.0756
9854,487.65762
9855,616.8278
9856,369.41138
9857,539.4013
9858,638.0598
9859,496.352
9860,266.23016
9861,448.1822
9862,437.17758
9863,677.92065
9864,499.28555
9865,352.89774
9866,467.20523
9867,393.54495
9868,486.38733
9869,325.7621
9870,313.80634
9871,461.96832
9872,370.89932
9873,333.34235
9874,262.5873
9875,291.95312
9876,228.00914
9877,414.98065
9878,483.38617
9879,350.5714
9880,374.67783
9881,316.63782
9882,280.8624
9883,305.57315
9884,396.4323
9885,238.8962
9886,296.2111
9887,364.46204
9888,294.15347
9889,335.7664
9890,184.48772
9891,185.85233
9892,188.83739
9893,217.41142
9894,244.88153
9895,226.75208
9896,253.20973
9897,287.9484
9898,346.7991
9899,210.07861
9900,119.62664
9901,38.89349
9902,44.471375
9903,12.941983
9904,35.084045
9905,351.666
9906,280.1453
9907,115.657715
9908,142.39758
9909,51.14224
9910,222.5489
9911,174.42697
9912,217.82234
9913,151.21472
9914,94.46683
9915,107.95733
9916,162.70465
9917,153.9891
9918,138.15112
9919,153.38338
9920,95.664894
9921,122.04042
9922,107.78857
9923,69.16397
9924,31.900114
9925,15.9207535
9926,4.1817193
9927,5.1065855
9928,-4.76366
9929,-1.6647133
9930,-0.65721685
9931,-0.6887056
9932,-0.63368714
9933,-0.64093935
9934,-0.75170034
9935,-0.6609404
9936,-0.5997498
9937,-0.59141034
9938,-0.63588876
9939,-0.5744726
9940,-0.5868244
9941,-0.63268
9942,-0.59629065
9943,-0.62346214
9944,-0.6704938
9945,-0.6809542
9946,-0.6971856
9947,-0.7339993
9948,-0.7339993
9949,-0.8150789
9950,-0.85498285
9951,-1.6059388
9952,-0.88991684
9953,-0.75880426
9954,-0.7657846
9955,-0.89307725
9956,-0.8648022
9957,-0.8648022
9958,-0.8541595
9959,-0.8541595
9960,-0.8541595
9961,-0.8828049
9962,-0.8411256
9963,-0.8818593
9964,-0.70876557
9965,-0.7590776
9966,-0.7590776
9967,-0.83306724
9968,-0.689686
9969,-0.84651726
9970,-1.0083163
9971,-0.9830563
9972,-0.9926144
9973,-1.0100163
9974,-1.0290385
9975,-0.99848616
9976,-1.0644027
9977,-1.1022526
9978,-1.0333166
9979,-1.0614567
9980,-1.0044624
9981,-0.9386267
9982,-0.93950707
9983,-1.0074142
9984,-0.9753942
9985,-1.034457
9986,-1.0342748
9987,-1.0327125
9988,-1.1155745
9989,-1.1155745
9990,-1.0917011
9991,-1.1101413
9992,-1.0236846
9993,-1.0839617
9994,-1.0838444
9995,-1.0383753
9996,-1.0368795
9997,-1.0369306
9998,-1.0252812
9999,-0.96003664
10000,-0.9272046
10001,-0.9758326
10002,-1.0042979
10003,-1.0661259
10004,-1.0058489
10005,-1.0678704
10006,-1.0126325
10007,-1.0506661
10008,-1.0429476
10009,-1.0790038
10010,-1.1844693
10011,-1.1668482
10012,-1.1820439
10013,-1.1913209
10014,-1.1137122
10015,-1.1367382
10016,-1.1238223
10017,-0.8953631
10018,27.232067
10019,49.379795
10020,67.76767
10021,79.70804
10022,132.66298
10023,192.38655
10024,291.00204
10025,381.72586
10026,433.3926
10027,387.0719
10028,358.73975
10029,337.76495
10030,268.9627
10031,125.87305
10032,64.18101
10033,21.62837
10034,45.44614
10035,97.28445
10036,93.114494
10037,120.37394
10038,138.32747
10039,167.9188
10040,163.63672
10041,168.14116
10042,179.21098
10043,174.90161
10044,169.22346
10045,167.06883
10046,196.31364
10047,153.48804
10048,136.58876
10049,138.47661
10050,180.735
10051,139.5732
10052,86.48512
10053,106.22966
10054,201.86617
10055,212.25597
10056,143.63249
10057,128.41736
10058,143.37389
10059,124.669876
10060,104.70194
10061,82.03027
10062,100.11279
10063,128.5697
10064,154.17972
10065,130.65285
10066,91.08608
10067,67.299515
10068,32.973198
10069,40.754414
10070,46.621803
10071,83.26749
10072,76.10236
10073,69.42787
10074,75.78412
10075,83.68066
10076,72.05351
10077,18.082567
10078,33.803406
10079,16.170979
10080,16.277117
10081,24.935724
10082,14.5282345
10083,23.523436
10084,43.413177
10085,50.36264
10086,54.652653
10087,50.72153
10088,46.048275
10089,88.67812
10090,133.06528
10091,122.92729
10092,166.56801
10093,221.52585
10094,216.2035
10095,218.29224
10096,194.36142
10097,168.93755
10098,130.75615
10099,98.99196
10100,88.7721
10101,100.71953
10102,88.15051
10103,57.8229
10104,73.38109
10105,68.88533
10106,56.642437
10107,30.997839
10108,6.6264963
10109,-3.5873227
10110,-4.4636817
10111,1.2016295
10112,1.5503038
10113,-2.5282469
10114,-0.9941326
10115,-0.9721036
10116,-0.9638573
10117,-0.99638325
10118,-0.9520972
10119,-0.81212825
10120,-0.79775774
10121,-0.83608294
10122,-0.8192852
10123,-0.7720358
10124,-0.93175656
10125,-0.8176047
10126,-0.76416004
10127,-0.7663608
10128,-0.7511173
10129,-0.79540336
10130,-0.8576461
10131,-0.8334079
10132,-0.8261269
10133,-0.7982605
10134,-0.9608664
10135,-0.89440924
10136,-0.90356255
10137,-1.003995
10138,-0.9441909
10139,-0.9441909
10140,-1.6327077
10141,-1.6949877
10142,7.873639
10143,55.981655
10144,34.135143
10145,29.481153
10146,31.087427
10147,11.125757
10148,7.727614
10149,29.157372
10150,20.772272
10151,5.9597783
10152,20.590458
10153,48.405766
10154,87.34558
10155,117.928314
10156,149.36282
10157,184.91412
10158,187.17764
10159,179.43945
10160,148.86897
10161,158.38693
10162,177.85666
10163,185.38852
10164,199.90802
10165,151.85698
10166,115.82154
10167,123.62779
10168,163.04704
10169,149.05902
10170,172.19383
10171,172.56334
10172,170.62198
10173,160.14526
10174,132.36649
10175,132.28122
10176,126.45891
10177,161.06122
10178,140.53845
10179,157.36621
10180,152.32062
10181,157.29672
10182,122.03274
10183,99.10317
10184,79.41149
10185,57.42279
10186,62.2169
10187,36.668182
10188,20.454582
10189,24.376469
10190,43.18131
10191,46.11797
10192,41.4444
10193,35.088074
10194,42.89102
10195,52.26767
10196,51.306835
10197,49.96355
10198,61.2189
10199,20.619204
10200,17.729671
10201,20.0698
10202,24.761507
10203,40.05353
10204,31.889603
10205,11.360224
10206,23.056852
10207,40.276924
10208,36.039722
10209,14.325401
10210,13.614715
10211,13.290114
10212,0.66947067
10213,-5.6884103
10214,-5.5746036
10215,0.67562926
10216,11.606081
10217,12.623019
10218,26.202847
10219,18.444271
10220,14.317648
10221,11.33555
10222,29.434553
10223,12.147123
10224,18.390844
10225,44.494774
10226,35.466938
10227,33.973545
10228,70.19464
10229,100.319275
10230,130.41719
10231,192.42363
10232,199.5846
10233,194.03339
10234,216.87433
10235,259.36304
10236,233.8253
10237,212.73807
10238,204.31075
10239,213.56958
10240,198.28725
10241,184.95996
10242,204.5384
10243,133.77998
10244,106.0694
10245,88.371025
10246,88.39683
10247,93.60384
10248,84.85571
10249,51.574276
10250,24.340866
10251,31.037006
10252,13.3094635
10253,9.405736
10254,-5.8669934
10255,-1.213723
10256,2.7729194
10257,3.620729
10258,-1.6180539
10259,-1.7085296
10260,-1.6920577
10261,-1.7765412
10262,-1.7217886
10263,-2.318936
10264,-2.3270447
10265,50.950375
10266,70.93335
10267,43.273094
10268,57.706062
10269,50.68319
10270,35.83387
10271,62.054413
10272,5.6943984
10273,14.347742
10274,0.42525828
10275,-0.7939013
10276,-0.15447854
10277,41.927082
10278,27.410006
10279,15.428814
10280,13.086345
10281,12.017129
10282,3.7046194
10283,-1.4141328
10284,-1.4637471
10285,-1.4088805
10286,-1.4459367
10287,-1.3951538
10288,-1.4032173
10289,-1.4688381
10290,-1.409918
10291,-1.4032173
10292,-1.4032173
10293,-1.4765041
10294,-1.3787446
10295,-1.3542699
10296,-1.2517346
10297,-1.0491084
10298,-1.0535384
10299,-0.92773014
10300,-0.9697428
10301,-1.0032036
10302,-1.0058842
10303,-1.0010889
10304,-1.0206985
10305,-0.94928104
10306,-1.5919338
10307,16.985428
10308,67.56361
10309,75.99054
10310,46.394062
10311,42.265694
10312,29.352823
10313,8.529602
10314,7.686323
10315,35.34426
10316,107.35993
10317,122.319786
10318,67.14017
10319,22.277617
10320,16.136463
10321,24.966593
10322,46.112053
10323,73.0296
10324,86.54659
10325,92.8879
10326,98.76884
10327,91.476616
10328,166.75296
10329,180.65755
10330,214.54361
10331,170.47481
10332,129.81012
10333,131.89023
10334,124.792946
10335,123.0454
10336,121.57926
10337,97.50095
10338,84.00757
10339,53.591736
10340,81.224525
10341,105.04018
10342,92.06774
10343,97.20189
10344,112.867256
10345,109.14397
10346,103.26866
10347,98.63632
10348,61.840393
10349,49.36699
10350,77.57574
10351,64.428635
10352,33.607586
10353,9.210455
10354,43.83706
10355,37.47276
10356,89.90651
10357,75.65104
10358,53.943058
10359,67.77593
10360,96.41538
10361,107.94553
10362,140.2613
10363,179.59985
10364,113.5618
10365,123.89401
10366,145.58583
10367,137.52446
10368,193.0704
10369,218.14478
10370,260.67908
10371,298.2443
10372,358.0851
10373,384.39185
10374,342.16925
10375,372.94543
10376,397.6469
10377,328.37228
10378,298.13803
10379,319.81842
10380,316.8415
10381,279.9454
10382,259.88815
10383,198.43205
10384,183.42485
10385,195.23146
10386,197.38647
10387,189.34041
10388,128.41327
10389,77.70895
10390,50.819935
10391,44.399223
10392,47.07917
10393,-2.7294748
10394,-1.4365766
10395,-1.2551795
10396,-1.7056847
10397,-1.727706
10398,-1.4883728
10399,-1.749158
10400,-1.7689018
10401,-1.5976048
10402,-1.1171209
10403,-1.0293378
10404,-1.0283221
10405,-1.0184988
10406,7.536096
10407,46.588512
10408,103.17794
10409,103.35985
10410,121.43923
10411,157.21602
10412,142.23631
10413,100.76103
10414,4.1355424
10415,-0.5618923
10416,18.691767
10417,34.236492
10418,45.120773
10419,75.29655
10420,3.6826863
10421,1.2245476
10422,16.532516
10423,122.81656
10424,168.83252
10425,134.15463
10426,188.02281
10427,60.211414
10428,10.83576
10429,158.75662
10430,137.89227
10431,151.02415
10432,81.08241
10433,218.34233
10434,149.59105
10435,106.68833
10436,173.45177
10437,88.20905
10438,108.04692
10439,117.26083
10440,176.28714
10441,163.44267
10442,107.53299
10443,183.74736
10444,104.241905
10445,59.93262
10446,143.0845
10447,83.69937
10448,76.8089
10449,82.36417
10450,192.71347
10451,404.3598
10452,432.4005
10453,284.8565
10454,115.11803
10455,242.51334
10456,160.56358
10457,136.31451
10458,195.52011
10459,189.73793
10460,186.43562
10461,193.62695
10462,262.3803
10463,261.5446
10464,441.77863
10465,365.93616
10466,522.1667
10467,564.37537
10468,451.44455
10469,508.27002
10470,720.199
10471,662.1867
10472,541.5934
10473,539.9022
10474,601.00586
10475,511.5136
10476,437.40613
10477,394.74054
10478,361.77234
10479,409.25458
10480,383.29413
10481,342.29514
10482,388.91376
10483,399.79474
10484,333.41428
10485,361.6752
10486,290.94278
10487,304.127
10488,301.08307
10489,283.40472
10490,314.15616
10491,320.59128
10492,418.04996
10493,391.558
10494,350.66544
10495,277.85748
10496,228.55467
10497,216.57394
10498,241.45355
10499,220.84357
10500,197.62238
10501,187.85504
10502,134.57205
10503,67.11833
10504,64.061035
10505,132.4696
10506,133.23041
10507,114.54393
10508,91.63945
10509,54.684875
10510,56.741085
10511,76.049515
10512,47.76269
10513,21.726028
10514,14.80847
10515,13.306891
10516,12.037368
10517,15.09289
10518,29.783346
10519,18.166431
10520,13.513873
10521,10.428629
10522,3.712907
10523,6.777573
10524,-5.825118
10525,-6.7312026
10526,-5.218109
10527,-1.4996793
10528,-1.7256695
10529,-1.7229375
10530,-1.0063213
10531,-0.7474208
10532,-1.447778
10533,-1.5197551
10534,-1.3192728
10535,-1.0408963
10536,-0.9763006
10537,-0.87838876
10538,-0.92135125
10539,-1.0593423
10540,-1.0350845
10541,-1.1412642
10542,-1.0850201
10543,-1.0579083
10544,-1.025938
10545,-1.0473105
10546,-1.062813
10547,-1.062813
10548,-1.0416602
10549,-1.0796186
10550,-1.0094681
10551,-0.93154424
10552,-0.92076623
10553,-0.98186886
10554,-1.0607132
10555,-0.9306033
10556,-0.958
10557,-0.94683266
10558,-1.1452405
10559,-1.185608
10560,-1.7170224
10561,-1.0549577
10562,-1.2031189
10563,-1.3345568
10564,-0.4833624
10565,24.928072
10566,38.559643
10567,4.9654264
10568,-0.3637288
10569,-1.6700063
10570,59.45467
10571,97.14937
10572,60.33489
10573,14.608908
10574,71.90984
10575,120.117874
10576,145.76012
10577,112.21453
10578,75.60878
10579,102.25932
10580,130.64383
10581,172.24126
10582,192.08812
10583,59.1776
10584,78.47236
10585,88.38617
10586,76.45876
10587,71.66689
10588,37.26215
10589,28.147017
10590,52.619537
10591,66.92955
10592,36.96269
10593,25.49547
10594,21.154768
10595,-2.6052198
10596,31.044254
10597,94.05257
10598,32.60036
10599,41.34573
10600,48.026
10601,62.948616
10602,9.954224
10603,15.120208
10604,33.591255
10605,80.265335
10606,150.94507
10607,251.83826
10608,209.87599
10609,180.39812
10610,155.03313
10611,152.31322
10612,152.28491
10613,126.32927
10614,113.861694
10615,74.4222
10616,36.199505
10617,21.849573
10618,44.632225
10619,89.310265
10620,80.70674
10621,53.76021
10622,32.367603
10623,22.023064
10624,17.07506
10625,-3.2420924
10626,-3.2510633
10627,-0.95156884
10628,-0.95156884
10629,-0.969821
10630,-0.9301956
10631,-0.9484479
10632,-0.9279155
10633,-0.9131956
10634,-0.9628288
10635,-1.7037498
10636,151.17462
10637,352.93814
10638,250.14877
10639,205.95323
10640,164.63612
10641,144.15553
10642,73.60439
10643,66.58172
10644,21.572742
10645,19.6915
10646,14.434678
10647,-2.0804963
10648,-1.6234221
10649,-2.2763202
10650,-1.4451379
10651,-1.2731512
10652,-1.5033133
10653,3.5612133
10654,45.219555
10655,9.636662
10656,61.623333
10657,8.434262
10658,-1.1310349
10659,-0.5325892
10660,-0.7138301
10661,-0.7082539
10662,-0.6916093
10663,-0.62399876
10664,-0.7579005
10665,-0.7579005
10666,-0.7109119
10667,-0.7526988
10668,-0.81603616
10669,13.050776
10670,74.147415
10671,69.167175
10672,23.11774
10673,73.19877
10674,56.701885
10675,92.50111
10676,124.691154
10677,82.9625
10678,57.649445
10679,57.08415
10680,5.048026
10681,71.64297
10682,87.51654
10683,101.5371
10684,26.446972
10685,31.797838
10686,37.8017
10687,92.22892
10688,124.786354
10689,115.58939
10690,125.02478
10691,52.59285
10692,33.603756
10693,-0.14702895
10694,-1.3688457
10695,-0.63734734
10696,1.5495119
10697,77.67723
10698,50.48131
10699,24.298874
10700,5.154979
10701,-0.73052675
10702,-0.8350615
10703,-1.4650663
10704,-1.3212864
10705,-0.8364113
10706,-0.7152143
10707,-0.834493
10708,-0.85138553
10709,16.871973
10710,78.04968
10711,45.108105
10712,33.83315
10713,81.31228
10714,88.09885
10715,89.55288
10716,74.153366
10717,63.63865
10718,13.23601
10719,0.90511626
10720,32.217476
10721,43.84816
10722,85.10253
10723,27.240625
10724,58.84872
10725,56.610355
10726,49.760777
10727,84.197914
10728,95.88294
10729,122.92729
10730,122.82047
10731,147.36304
10732,121.53216
10733,119.06006
10734,94.77355
10735,101.17662
10736,155.70737
10737,90.36109
10738,100.36797
10739,185.99281
10740,176.46227
10741,278.41446
10742,284.75897
10743,299.1264
10744,426.38058
10745,334.78595
10746,365.31125
10747,340.3524
10748,262.83487
10749,301.64075
10750,342.1231
10751,414.8791
10752,446.88275
10753,405.13605
10754,434.49866
10755,415.39758
10756,378.58875
10757,424.04236
10758,435.90402
10759,441.3334
10760,417.63544
10761,380.31647
10762,352.41913
10763,359.02948
10764,410.5192
10765,401.40683
10766,415.82394
10767,445.39844
10768,422.91437
10769,473.04074
10770,501.0934
10771,469.79962
10772,408.24902
10773,411.74127
10774,369.555
10775,346.5963
10776,337.14407
10777,381.06207
10778,378.80545
10779,400.72357
10780,451.90564
10781,442.61917
10782,472.64026
10783,508.2806
10784,527.21106
10785,467.0164
10786,444.82657
10787,397.03003
10788,392.11685
10789,391.472
10790,367.57324
10791,367.2303
10792,431.32886
10793,495.81247
10794,454.40326
10795,397.21997
10796,367.61356
10797,329.77576
10798,305.6297
10799,262.5255
10800,218.19586
10801,177.57115
10802,184.24786
10803,163.17203
10804,112.62952
10805,151.18794
10806,174.48856
10807,174.55084
10808,196.65187
10809,203.2511
10810,276.3777
10811,316.3532
10812,299.5684
10813,311.11237
10814,372.54846
10815,444.03796
10816,388.2639
10817,281.94196
10818,233.33244
10819,137.2251
10820,65.41712
10821,55.327827
10822,32.341652
10823,32.10719
10824,21.761328
10825,39.839508
10826,19.356325
10827,26.968325
10828,20.879658
10829,4.6252303
10830,-7.3587747
10831,-2.0692577
10832,-0.8588546
10833,-0.8361896
10834,-0.86413527
10835,-0.8344715
10836,-0.8857026
10837,-0.95240915
10838,-0.83485985
10839,-0.9213736
10840,-0.90913445
10841,-0.90082324
10842,-0.95880187
10843,-0.96816534
10844,-0.9061039
10845,-1.0481104
10846,-1.0134968
10847,-1.0202061
10848,-1.0202061
10849,-1.5736176
10850,-0.86924016
10851,-0.8577078
10852,-0.9051491
10853,-0.8769587
10854,-0.922227
10855,-0.8577078
10856,-0.86542636
10857,-0.8577078
10858,-0.922227
10859,-0.922227
10860,-0.922227
10861,-0.922227
10862,-0.9992068
10863,-1.0108613
10864,-0.98861676
10865,-0.8941484
10866,-0.8941484
10867,-0.9244632
10868,-0.859944
10869,-1.0177253
10870,-1.026972
10871,-0.8959394
10872,-0.9861462
10873,-1.5870298
10874,-1.54666
10875,-0.9424326
10876,-0.9107476
10877,-0.9355805
10878,-0.925339
10879,-0.9579715
10880,-0.9174036
10881,-0.85929024
10882,-0.9634815
10883,-0.98809224
10884,-0.99037236
10885,-1.0341343
10886,-1.6559144
10887,-0.9419025
10888,-0.9865005
10889,-1.7122387
10890,48.650158
10891,75.90537
10892,99.81697
10893,116.043755
10894,136.59067
10895,129.6283
10896,105.31329
10897,131.89612
10898,125.23103
10899,150.41287
10900,186.69522
10901,207.18863
10902,181.0333
10903,320.86267
10904,340.54648
10905,367.98602
10906,642.6921
10907,650.6473
10908,671.7095
10909,784.52783
10910,805.06696
10911,910.8737
10912,722.08044
10913,586.61395
10914,775.1253
10915,657.16174
10916,694.8615
10917,662.0702
10918,709.895
10919,605.1149
10920,515.8333
10921,555.11224
10922,540.2357
10923,548.3023
10924,570.24945
10925,650.07733
10926,656.28064
10927,650.53644
10928,665.3882
10929,746.09155
10930,742.3731
10931,781.4738
10932,735.25256
10933,760.309
10934,950.3532
10935,1138.7233
10936,1153.859
10937,1088.6398
10938,1035.6324
10939,1092.8448
10940,1101.5288
10941,1020.1992
10942,969.5226
10943,832.87585
10944,825.388
10945,771.213
10946,798.2628
10947,760.8933
10948,692.5955
10949,691.6992
10950,702.45544
10951,655.41345
10952,593.96356
10953,590.6614
10954,640.8948
10955,664.17535
10956,597.7404
10957,559.53174
10958,626.171
10959,642.8695
10960,760.25464
10961,788.764
10962,763.77856
10963,716.65674
10964,639.67316
10965,540.7021
10966,331.81158
10967,306.6899
10968,399.62427
10969,848.4843
10970,273.0981
10971,124.51635
10972,133.9456
10973,216.34232
10974,275.4822
10975,367.24158
10976,306.45184
10977,412.10953
10978,211.53423
10979,269.04977
10980,285.6547
10981,613.4639
10982,259.5592
10983,337.75726
10984,336.34943
10985,117.13557
10986,200.63286
10987,190.87
10988,190.0206
10989,176.1154
10990,302.8911
10991,366.95587
10992,413.80252
10993,390.10513
10994,285.9355
10995,233.79842
10996,214.02667
10997,256.54398
10998,254.9462
10999,217.48239
11000,255.77145
11001,277.83307
11002,280.07825
11003,338.54102
11004,196.71854
11005,277.09308
11006,385.0146
11007,415.34583
11008,261.78217
11009,122.06336
11010,155.11133
11011,177.6602
11012,132.94865
11013,262.0486
11014,345.26266
11015,364.1392
11016,480.52377
11017,263.68307
11018,172.496
11019,95.01736
11020,98.65322
11021,223.35295
11022,218.6842
11023,250.50902
11024,321.3684
11025,357.76993
11026,478.8742
11027,466.53406
11028,421.97244
11029,395.56732
11030,420.21707
11031,425.83237
11032,420.56277
11033,571.81177
11034,545.26776
11035,541.8783
11036,490.89795
11037,475.66278
11038,484.15225
11039,602.4572
11040,645.60754
11041,589.2327
11042,595.528
11043,664.6509
11044,722.9442
11045,839.518
11046,862.3402
11047,719.7967
11048,787.9487
11049,849.61475
11050,809.99567
11051,697.9653
11052,724.3734
11053,1005.94727
11054,1098.0074
11055,1170.5806
11056,1136.435
11057,1029.9475
11058,945.12085
11059,974.8887
11060,875.62085
11061,862.47845
11062,797.08093
11063,785.609
11064,680.66956
11065,744.31116
11066,996.3584
11067,1093.3942
11068,1130.1519
11069,1127.4595
11070,1103.6821
11071,1179.744
11072,1197.4503
11073,1104.293
11074,1164.2043
11075,1178.1316
11076,1319.9392
11077,1407.2164
11078,1498.6127
11079,1737.664
11080,1896.244
11081,1925.7533
11082,1870.6995
11083,1883.8973
11084,1865.5635
11085,1741.3442
11086,1719.3823
11087,1771.1992
11088,1833.0121
11089,1819.845
11090,1699.7498
11091,1612.9512
11092,1648.8057
11093,1790.5645
11094,1859.4489
11095,1866.6918
11096,1875.1002
11097,1811.6058
11098,1746.3569
11099,1749.3269
11100,1806.1709
11101,1768.1508
11102,1659.0764
11103,1696.0634
11104,1587.2378
11105,1739.6104
11106,1582.5034
11107,1625.3691
11108,1507.2877
11109,1370.4218
11110,1411.9095
11111,1410.7587
11112,1318.1471
11113,1293.5604
11114,1302.9839
11115,1184.689
11116,1145.6145
11117,970.518
11118,1031.7153
11119,1227.8743
11120,1359.3674
11121,1091.84
11122,1178.446
11123,1054.2229
11124,1209.8406
11125,1171.493
11126,1039.5645
11127,1035.2861
11128,1017.1513
11129,1154.9812
11130,1295.1224
11131,1423.6357
11132,1217.891
11133,1350.6351
11134,1423.3445
11135,1245.3408
11136,1258.6205
11137,1430.3816
11138,1497.1959
11139,1551.0771
11140,1425.0878
11141,1511.7716
11142,1541.0499
11143,1437.1862
11144,1403.3994
11145,1375.9326
11146,1080.575
11147,1220.6398
11148,1226.1052
11149,1252.9349
11150,1303.6335
11151,1235.6731
11152,1217.2292
11153,1214.6635
11154,1346.843
11155,1043.3596
11156,1033.3976
11157,860.9285
11158,1006.08594
11159,810.5087
11160,1029.3835
11161,935.69635
11162,1144.4541
11163,1208.6697
11164,1113.9694
11165,1050.2762
11166,995.6151
11167,1161.3953
11168,1271.118
11169,1005.6149
11170,933.53076
11171,856.1126
11172,1023.9096
11173,1166.3258
11174,1063.9476
11175,1179.4382
11176,1174.9521
11177,1170.6534
11178,1313.2568
11179,1174.7026
11180,1321.5461
11181,979.9034
11182,1226.7427
11183,1234.6764
11184,914.20056
11185,1252.9967
11186,1295.9974
11187,1407.2816
11188,1458.5735
11189,1101.9729
11190,1234.3009
11191,983.7233
11192,1109.7227
11193,1008.2016
11194,1163.4213
11195,1338.96
11196,1183.9369
11197,1185.457
11198,1245.6747
11199,1191.1235
11200,1125.5039
11201,1168.2681
11202,976.64813
11203,555.3284
11204,510.49554
11205,978.8475
11206,982.955
11207,1076.0902
11208,943.8808
11209,795.99084
11210,917.9531
11211,762.1998
11212,964.17285
11213,980.15485
11214,937.5004
11215,988.7491
11216,1030.6354
11217,1034.1648
11218,986.23334
11219,1164.3783
11220,1197.0664
11221,1087.2493
11222,1058.4633
11223,1160.5171
11224,1135.9231
11225,1132.573
11226,1064.4089
11227,1121.222
11228,864.2296
11229,844.1177
11230,717.9641
11231,792.80365
11232,1014.4805
11233,850.01654
11234,999.2834
11235,895.70184
11236,721.3688
11237,635.91046
11238,573.5818
11239,678.2233
11240,683.8165
11241,749.2875
11242,709.9297
11243,624.6319
11244,462.99805
11245,718.6768
11246,682.03033
11247,846.87573
11248,579.2338
11249,544.46246
11250,435.17062
11251,586.17566
11252,621.0053
11253,679.7735
11254,697.3665
11255,767.2828
11256,868.97675
11257,827.3358
11258,843.8327
11259,806.40216
11260,668.52704
11261,688.4115
11262,828.861
11263,762.8092
11264,752.7615
11265,539.6945
11266,440.33472
11267,494.86258
11268,572.87274
11269,477.49777
11270,565.71826
11271,662.8126
11272,767.9486
11273,823.2872
11274,482.67816
11275,690.8051
11276,712.60236
11277,885.27856
11278,828.9565
11279,815.652
11280,786.1564
11281,615.5132
11282,368.4755
11283,503.77783
11284,608.9768
11285,462.33084
11286,568.41016
11287,518.2247
11288,576.508
11289,398.66782
11290,708.9541
11291,575.99036
11292,660.76117
11293,875.58575
11294,993.7783
11295,750.04236
11296,928.86536
11297,1016.9557
11298,778.4944
11299,808.0756
11300,1149.048
11301,918.9574
11302,1052.8915
11303,1059.8597
11304,1102.3185
11305,1205.3324
11306,1280.3645
11307,891.95874
11308,895.14307
11309,841.94543
11310,786.20917
11311,637.79865
11312,463.92322
11313,509.66232
11314,471.61276
11315,416.87088
11316,389.0897
11317,541.80304
11318,761.2811
11319,650.63116
11320,574.8273
11321,511.15997
11322,558.02386
11323,745.4136
11324,681.97174
11325,681.25006
11326,572.1456
11327,668.03
11328,451.56213
11329,412.41742
11330,487.20166
11331,551.04846
11332,394.19217
11333,588.0873
11334,648.1012
11335,581.8962
11336,594.44403
11337,624.1046
11338,508.67728
11339,437.75482
11340,319.39212
11341,343.25522
11342,529.0558
11343,603.6934
11344,426.37216
11345,385.644
11346,401.96625
11347,323.59335
11348,159.29025
11349,178.5655
11350,206.16772
11351,191.96303
11352,275.00897
11353,358.3107
11354,287.5122
11355,304.01648
11356,221.89095
11357,281.81134
11358,289.16724
11359,332.2992
11360,337.5511
11361,199.01274
11362,201.18915
11363,210.66785
11364,161.39676
11365,217.47923
11366,161.57962
11367,147.59729
11368,97.615456
11369,97.16811
11370,95.07882
11371,101.62459
11372,150.99161
11373,189.17934
11374,174.70874
11375,189.11992
11376,173.33556
11377,150.3645
11378,151.53174
11379,107.71087
11380,145.67247
11381,161.97047
11382,178.44374
11383,111.82754
11384,131.49951
11385,91.4062
11386,90.75878
11387,118.01395
11388,227.54713
11389,174.82706
11390,140.15767
11391,159.66113
11392,260.65787
11393,250.64166
11394,199.7894
11395,292.8735
11396,247.80176
11397,276.44943
11398,331.80853
11399,324.9287
11400,426.57068
11401,306.2726
11402,259.87683
11403,333.84067
11404,496.95514
11405,349.6751
11406,231.86243
11407,370.96307
11408,442.86545
11409,459.25034
11410,381.929
11411,526.39966
11412,712.6729
11413,548.69244
11414,735.2323
11415,560.5956
11416,581.93036
11417,630.2598
11418,416.85104
11419,667.37103
11420,678.2632
11421,533.22705
11422,624.74445
11423,566.50323
11424,728.7704
11425,649.42413
11426,760.42786
11427,694.3108
11428,687.7917
11429,883.2046
11430,915.77313
11431,926.708
11432,888.7709
11433,495.9604
11434,1034.179
11435,833.15375
11436,883.33704
11437,882.88684
11438,1201.1259
11439,1284.2867
11440,825.84576
11441,768.1482
11442,405.94727
11443,657.4915
11444,503.66486
11445,585.9454
11446,675.24817
11447,624.1123
11448,918.26465
11449,567.62915
11450,643.4078
11451,613.3279
11452,362.57867
11453,485.12628
11454,607.63477
11455,481.26514
11456,539.825
11457,627.53357
11458,560.887
11459,615.1315
11460,568.7312
11461,487.69003
11462,511.94208
11463,474.0604
11464,620.5533
11465,676.6617
11466,780.0359
11467,693.3187
11468,593.77655
11469,595.06134
11470,594.4303
11471,632.6558
11472,508.13516
11473,438.21823
11474,473.47626
11475,451.40555
11476,495.62177
11477,509.39923
11478,440.58423
11479,549.2831
11480,506.3682
11481,634.4946
11482,567.6742
11483,660.5659
11484,748.3024
11485,779.6415
11486,721.79224
11487,611.9612
11488,774.6562
11489,806.48346
11490,779.7416
11491,615.38544
11492,961.4298
11493,820.63336
11494,786.8494
11495,770.3316
11496,629.7068
11497,653.06213
11498,784.2131
11499,599.7173
11500,552.4196
11501,497.94708
11502,600.77783
11503,597.0158
11504,578.8531
11505,619.568
11506,860.33124
11507,641.3134
11508,497.1452
11509,714.7506
11510,712.3292
11511,574.47314
11512,736.6668
11513,607.79785
11514,545.50854
11515,489.88412
11516,546.8778
11517,465.7449
11518,656.2553
11519,455.58322
11520,500.85132
11521,577.3391
11522,551.28705
11523,603.3176
11524,519.7221
11525,550.78235
11526,560.53534
11527,678.5845
11528,621.3286
11529,570.79694
11530,709.7419
11531,605.3242
11532,399.72406
11533,469.94882
11534,457.8622
11535,576.3023
11536,477.52667
11537,425.48727
11538,464.6133
11539,425.7363
11540,382.109
11541,314.09448
11542,405.95502
11543,446.3409
11544,305.07675
11545,380.9102
11546,392.11124
11547,289.19354
11548,201.64362
11549,165.87108
11550,116.93275
11551,117.678764
11552,103.27072
11553,111.91622
11554,94.772285
11555,117.39468
11556,127.67507
11557,79.72691
11558,62.584633
11559,131.31477
11560,219.9551
11561,202.0467
11562,73.83325
11563,145.06897
11564,91.136
11565,106.55488
11566,54.88218
11567,78.97752
11568,101.37138
11569,491.87784
11570,385.77243
11571,291.17755
11572,279.50223
11573,87.77001
11574,126.02446
11575,64.13394
11576,19.871485
11577,76.987526
11578,805.5555
11579,454.21927
11580,247.59654
11581,206.83784
11582,209.59616
11583,537.27155
11584,370.8918
11585,393.3534
11586,484.9441
11587,446.46466
11588,801.26044
11589,850.2854
11590,422.83392
11591,350.16428
11592,251.52362
11593,167.30377
11594,56.773323
11595,-1.1742958
11596,-2.5815523
11597,-2.7426615
11598,-1.8292426
11599,-2.1090193
11600,-2.8288028
11601,-2.8288028
11602,-2.8443668
11603,-2.8443668
11604,-2.9141974
11605,-2.5042465
11606,-2.4691772
11607,-2.5158317
11608,-1.9289331
11609,-1.9062529
11610,-1.6441793
11611,-1.7159097
11612,-1.3568895
11613,-1.4015192
11614,-1.3653494
11615,-1.3068719
11616,-1.3642589
11617,-1.3642589
11618,-1.1865668
11619,-2.2083936
11620,-1.596772
11621,-1.4295329
11622,-1.3784537
11623,-1.7808876
11624,-1.1514316
11625,-1.0107328
11626,-0.9679984
11627,-1.6156541
11628,-0.888793
11629,-1.0263206
11630,-0.9716131
11631,-1.0118027
11632,-1.0381119
11633,-1.0436323
11634,-1.1608515
11635,-1.2075716
11636,-1.2075716
11637,-1.8706242
11638,-1.1087039
11639,-0.9825962
11640,-0.9825962
11641,-1.0207068
11642,-0.9825962
11643,-0.9480747
11644,-0.9437615
11645,-0.9730011
11646,-1.0464873
11647,-1.0316725
11648,-1.1115794
11649,-1.1275246
11650,-1.1397123
11651,-1.0947258
11652,-1.1430863
11653,-1.14204
11654,-1.1726152
11655,-1.0094777
11656,-1.1633059
11657,-1.2738082
11658,-1.1896219
11659,-1.1563734
11660,-1.1173092
11661,-1.0997581
11662,-1.1121122
11663,-1.12663
11664,-1.12663
11665,-1.8199201
11666,-1.0434228
11667,-1.1773349
11668,-1.1294674
11669,-1.1127552
11670,-1.1127552
11671,-1.0371476
11672,-1.0371476
11673,-1.0619615
11674,-1.0872536
11675,-1.0934663
11676,-1.1124811
11677,-1.1273963
11678,-1.1157272
11679,-1.1273963
11680,-1.1255709
11681,-1.143122
11682,-1.1576397
11683,-1.1412134
11684,-1.865841
11685,-1.1521922
11686,-1.2474425
11687,-1.4060732
11688,-1.4296851
11689,-1.4445503
11690,-1.4302223
11691,-1.3958803
11692,-1.2975882
11693,-1.3423611
11694,-1.296963
11695,-1.4102051
11696,-1.4872726
11697,-1.4617611
11698,-1.2953062
11699,-1.2548579
11700,26.698372
11701,19.816305
11702,7.406167
11703,3.2310314
11704,-1.121085
11705,-1.8599602
11706,13.068303
11707,12.34695
11708,23.443663
11709,18.97508
11710,72.51801
11711,47.124775
11712,77.60591
11713,33.662148
11714,31.5136
11715,40.614243
11716,37.61956
11717,34.011543
11718,107.54994
11719,111.0898
11720,173.4614
11721,198.0419
11722,99.16461
11723,132.40111
11724,154.90625
11725,260.491
11726,254.61633
11727,231.6436
11728,199.291
11729,98.01458
11730,107.0378
11731,136.61316
11732,188.34683
11733,129.32275
11734,145.1352
11735,98.47514
11736,104.15055
11737,144.64
11738,132.06204
11739,120.755974
11740,138.8124
11741,66.30223
11742,67.86092
11743,42.6994
11744,74.425835
11745,89.531624
11746,62.145645
11747,20.79801
11748,-3.2741137
11749,-1.0154381
11750,-0.77895993
11751,-0.900908
11752,-0.47750568
11753,-0.47750568
11754,-0.47750568
11755,-0.483463
11756,118.46059
11757,200.89532
11758,327.17422
11759,418.60095
11760,425.56567
11761,268.52664
11762,230.44511
11763,46.45945
11764,67.25338
11765,130.69556
11766,112.372025
11767,97.73421
11768,42.456192
11769,46.774513
11770,57.692238
11771,56.328938
11772,98.09882
11773,95.52113
11774,84.06076
11775,95.761856
11776,139.0634
11777,147.07146
11778,126.17847
11779,162.76086
11780,186.90564
11781,179.61443
11782,220.92323
11783,166.66035
11784,259.80127
11785,443.36224
11786,363.63672
11787,329.5761
11788,426.12335
11789,504.17398
11790,465.29565
11791,470.56506
11792,565.31274
11793,528.62463
11794,521.7555
11795,629.25464
11796,538.2002
11797,578.7623
11798,582.3499
11799,559.37335
11800,573.2196
11801,467.58676
11802,419.71997
11803,327.12445
11804,153.35368
11805,258.18073
11806,316.32413
11807,471.16138
11808,578.8455
11809,467.3758
11810,366.8337
11811,403.8058
11812,691.7201
11813,758.22766
11814,885.11896
11815,1019.7459
11816,571.375
11817,220.07898
11818,24.023182
11819,54.140007
11820,131.45746
11821,98.21573
11822,100.40497
11823,123.587585
11824,120.46149
11825,133.34145
11826,153.5458
11827,108.60696
11828,82.00037
11829,67.29381
11830,71.65071
11831,67.181854
11832,63.49919
11833,123.33603
11834,164.41692
11835,150.45576
11836,95.57719
11837,85.96442
11838,93.71353
11839,81.85422
11840,108.72373
11841,104.85812
11842,131.30653
11843,175.1195
11844,185.41348
11845,250.37701
11846,213.24118
11847,135.9608
11848,108.80685
11849,272.781
11850,145.86154
11851,121.25023
11852,100.90805
11853,87.925316
11854,41.123844
11855,0.9816568
11856,81.388565
11857,138.72775
11858,133.4582
11859,186.07758
11860,245.0005
11861,389.97742
11862,448.69455
11863,369.1968
11864,339.83118
11865,324.3372
11866,332.19357
11867,440.3046
11868,303.66058
11869,396.91492
11870,394.10095
11871,258.3615
11872,661.82245
11873,932.2585
11874,819.8693
11875,743.5884
11876,870.6085
11877,795.52155
11878,850.2038
11879,602.38116
11880,617.6173
11881,702.1979
11882,947.61237
11883,800.6364
11884,991.30365
11885,1152.6497
11886,1043.2054
11887,1240.2756
11888,1147.8906
11889,1258.3602
11890,1240.8789
11891,1265.2223
11892,1342.2308
11893,1023.4462
11894,1016.25397
11895,931.20087
11896,1027.2551
11897,996.34393
11898,856.48505
11899,565.78784
11900,677.1191
11901,650.3094
11902,337.17877
11903,436.2628
11904,308.28662
11905,52.28308
11906,0.21091989
11907,-1.7646163
11908,134.46855
11909,216.90668
11910,287.2929
11911,267.38962
11912,537.9191
11913,664.3454
11914,357.39685
11915,369.82013
11916,326.0499
11917,262.04285
11918,318.72604
11919,199.88109
11920,122.8522
11921,87.52814
11922,105.07124
11923,6.321942
11924,-0.777357
11925,-0.777357
11926,-1.833428
11927,-0.94896126
11928,11.052727
11929,-1.7854714
11930,-0.73874867
11931,-0.73874867
11932,-1.465887
11933,-0.80275273
11934,-0.8311837
11935,-0.8097683
11936,-0.81248903
11937,-1.0340391
11938,113.11622
11939,116.061615
11940,154.82832
11941,167.87598
11942,134.19322
11943,35.93255
11944,120.24379
11945,49.04578
11946,58.58872
11947,105.078186
11948,60.295452
11949,47.02582
11950,29.027739
11951,239.54477
11952,336.19064
11953,248.32681
11954,361.76025
11955,324.37866
11956,85.21253
11957,160.89943
11958,138.43236
11959,71.230644
11960,70.509346
11961,127.40377
11962,61.2732
11963,133.42436
11964,308.0807
11965,326.55835
11966,326.89563
11967,232.12271
11968,339.6482
11969,336.40283
11970,178.78482
11971,67.10817
11972,34.780777
11973,33.7288
11974,18.064747
11975,90.6589
11976,205.92694
11977,137.95187
11978,170.80197
11979,206.66426
11980,137.08395
11981,99.083084
11982,104.5988
11983,106.28788
11984,213.00047
11985,202.88992
11986,191.7862
11987,203.15186
11988,169.6048
11989,275.07077
11990,334.47412
11991,455.5537
11992,474.55365
11993,573.6052
11994,545.0763
11995,507.85498
11996,689.086
11997,369.43756
11998,417.7117
11999,639.0384
12000,773.46185
12001,742.4662
12002,947.03253
12003,848.25073
12004,1197.558
12005,933.0521
12006,921.0745
12007,1208.0463
12008,899.9643
12009,638.5734
12010,840.4373
12011,614.1294
12012,728.126
12013,600.73694
12014,839.9525
12015,1347.1476
12016,1056.3639
12017,919.9852
12018,1029.3256
12019,867.40576
12020,741.9103
12021,677.1065
12022,973.00397
12023,882.21606
12024,1026.5015
12025,1275.9934
12026,1038.1133
12027,742.6048
12028,569.3238
12029,313.70624
12030,362.57352
12031,341.3887
12032,218.2732
12033,54.441135
12034,136.83234
12035,230.16219
12036,377.92847
12037,608.723
12038,569.6078
12039,1047.7834
12040,1151.7021
12041,1082.649
12042,998.1707
12043,1010.8865
12044,1027.7201
12045,972.6943
12046,1114.2805
12047,1123.9968
12048,1123.716
12049,1081.877
12050,1227.5487
12051,1159.6276
12052,1130.0044
12053,1232.5021
12054,1303.5532
12055,1311.8636
12056,1377.569
12057,1666.6696
12058,1637.584
12059,1486.8822
12060,1599.7434
12061,1180.1134
12062,1698.1776
12063,1710.5421
12064,1651.4064
12065,1813.6525
12066,1881.5803
12067,1832.9752
12068,1713.6437
12069,1433.8584
12070,1301.508
12071,1249.068
12072,1192.0979
12073,1331.7072
12074,1366.8643
12075,1271.472
12076,1492.2231
12077,1158.6809
12078,1102.437
12079,1041.454
12080,1251.1407
12081,1467.5029
12082,1617.9448
12083,1602.3058
12084,1590.6648
12085,1762.8184
12086,1699.5299
12087,1815.3087
12088,1818.7421
12089,1827.7728
12090,1660.7797
12091,1632.0958
12092,1816.5367
12093,1627.6538
12094,1658.1338
12095,1699.2925
12096,1441.7445
12097,1430.3782
12098,1558.5865
12099,1567.656
12100,1701.0994
12101,1694.4297
12102,1508.3552
12103,1477.4618
12104,1476.323
12105,1755.8372
12106,1711.6091
12107,1563.9303
12108,1561.2059
12109,1500.513
12110,1468.3746
12111,1534.3866
12112,1835.5645
12113,1842.3112
12114,1637.8065
12115,1395.5643
12116,1665.3036
12117,1821.4203
12118,1867.1903
12119,1920.1063
12120,1924.8864
12121,1922.8846
12122,1967.8885
12123,1930.401
12124,1837.4114
12125,1820.1318
12126,1809.6373
12127,1821.8656
12128,1815.7227
12129,1859.0448
12130,1831.8049
12131,1815.2715
12132,1881.8751
12133,1851.6611
12134,1833.5684
12135,1750.7472
12136,1704.4789
12137,1624.146
12138,1447.531
12139,1719.3303
12140,1764.9902
12141,1605.8552
12142,1471.6307
12143,1785.3868
12144,1750.0449
12145,1671.8213
12146,1829.1001
12147,1866.708
12148,1870.8679
12149,1943.8474
12150,1871.2506
12151,1877.2264
12152,1883.769
12153,1959.8412
12154,1869.5846
12155,1954.375
12156,1949.9541
12157,1886.4349
12158,1864.0178
12159,1882.7576
12160,1789.1737
12161,1695.0061
12162,1885.1626
12163,1790.0375
12164,1740.4342
12165,1762.9934
12166,1925.4395
12167,1870.8518
12168,1880.4373
12169,1789.0547
12170,1879.8611
12171,1861.5441
12172,1828.3451
12173,1640.321
12174,1439.0997
12175,1383.8463
12176,1560.473
12177,1668.4327
12178,1751.3971
12179,1724.7095
12180,1664.6742
12181,1624.7349
12182,1764.0233
12183,1736.1229
12184,1811.2578
12185,1800.9828
12186,1799.2399
12187,1805.7437
12188,1805.7428
12189,1777.2742
12190,1690.4742
12191,1496.5522
12192,1044.7664
12193,983.2742
12194,755.5244
12195,671.64966
12196,583.71155
12197,370.42737
12198,352.94153
12199,295.06503
12200,365.34174
12201,334.25235
12202,427.38672
12203,389.47003
12204,118.05556
12205,92.252945
12206,135.7338
12207,299.55417
12208,257.90857
12209,302.81226
12210,440.57465
12211,574.5934
12212,548.44653
12213,478.1924
12214,499.6722
12215,462.35184
12216,420.2624
12217,494.65036
12218,428.51468
12219,439.3655
12220,412.41974
12221,498.3369
12222,263.18756
12223,471.76
12224,130.08199
12225,517.7147
12226,153.03511
12227,74.68486
12228,106.06917
12229,130.66963
12230,153.87589
12231,257.3463
12232,274.85464
12233,240.17128
12234,177.40565
12235,176.79262
12236,159.23164
12237,134.18057
12238,100.70104
12239,45.64599
12240,44.00424
12241,71.84952
12242,112.28248
12243,86.46755
12244,94.71567
12245,51.88389
12246,51.47891
12247,95.664185
12248,75.95687
12249,38.308548
12250,13.118152
12251,11.052059
12252,35.758286
12253,37.493298
12254,17.647469
12255,80.95326
12256,55.932037
12257,37.008472
12258,45.671383
12259,56.70336
12260,98.91384
12261,50.214783
12262,33.27046
12263,19.31906
12264,29.657438
12265,17.678665
12266,32.37947
12267,6.408147
12268,-0.88652545
12269,-0.86559325
12270,-1.1799783
12271,4.382865
12272,-0.8648269
12273,-0.79246545
12274,-0.6812021
12275,46.31992
12276,42.306892
12277,4.36356
12278,75.31274
12279,156.22209
12280,59.198875
12281,39.25738
12282,-2.0188568
12283,-1.5424128
12284,-1.5642611
12285,-1.5952996
12286,-1.9403658
12287,-1.411964
12288,-1.101574
12289,40.89441
12290,21.068916
12291,-0.9722677
12292,-1.1348274
12293,-1.079316
12294,-1.0372283
12295,11.482665
12296,6.689882
12297,-1.036506
12298,-0.98576546
12299,-0.9540639
12300,6.29839
12301,91.06446
12302,141.49008
12303,78.0713
12304,101.188225
12305,31.997482
12306,82.63027
12307,79.05893
12308,63.848213
12309,27.498638
12310,23.491188
12311,34.808872
12312,68.16759
12313,160.91647
12314,221.87709
12315,267.85034
12316,222.79796
12317,123.87391
12318,111.01886
12319,96.16694
12320,134.90273
12321,218.46094
12322,290.49567
12323,396.7018
12324,417.94266
12325,466.78314
12326,402.59872
12327,357.23203
12328,373.944
12329,356.43176
12330,264.81357
12331,164.73013
12332,96.733574
12333,83.37946
12334,21.372211
12335,-1.9437932
12336,-0.94643575
12337,-0.98787946
12338,7.4338245
12339,129.93051
12340,85.63189
12341,124.48906
12342,46.935448
12343,-1.7284931
12344,-1.0238979
12345,-1.0734539
12346,17.226458
12347,19.42748
12348,9.962761
12349,-5.3584576
12350,-4.1177735
12351,-4.175665
12352,4.622674
12353,15.819798
12354,15.252038
12355,8.939205
12356,-2.8658757
12357,-2.2911634
12358,74.53296
12359,69.534904
12360,23.407845
12361,14.160116
12362,-5.2377195
12363,4.5864506
12364,8.007042
12365,4.95937
12366,34.21304
12367,60.00141
12368,58.6727
12369,56.87176
12370,62.75287
12371,71.70044
12372,91.798065
12373,83.26984
12374,122.26726
12375,171.02061
12376,89.86885
12377,68.386826
12378,68.15311
12379,88.25607
12380,68.925026
12381,51.670715
12382,95.12334
12383,93.027214
12384,173.8842
12385,248.36316
12386,370.00708
12387,349.3553
12388,329.11008
12389,144.07553
12390,144.62448
12391,174.94292
12392,159.1037
12393,152.729
12394,105.62208
12395,120.88375
12396,123.34645
12397,108.70185
12398,152.779
12399,177.20227
12400,109.4262
12401,66.42093
12402,72.004395
12403,83.082054
12404,42.74733
12405,47.936195
12406,46.363346
12407,48.768093
12408,59.047935
12409,116.76231
12410,79.82934
12411,86.45806
12412,126.0748
12413,166.04114
12414,166.06369
12415,161.65173
12416,80.215744
12417,52.067654
12418,15.946637
12419,-0.24684332
12420,41.926647
12421,0.60117173
12422,-0.90555626
12423,72.341896
12424,81.58498
12425,106.36303
12426,139.63458
12427,142.19121
12428,149.3335
12429,155.01994
12430,220.87985
12431,151.2364
12432,230.78197
12433,95.502174
12434,76.005165
12435,48.0694
12436,139.89302
12437,239.63889
12438,166.35284
12439,76.36619
12440,209.97829
12441,155.27151
12442,240.12794
12443,213.61353
12444,180.14702
12445,82.64956
12446,49.139175
12447,161.78992
12448,314.74014
12449,177.82957
12450,106.430595
12451,11.838995
12452,56.681282
12453,107.98928
12454,210.11314
12455,204.02164
12456,176.59003
12457,146.07996
12458,115.49595
12459,128.74283
12460,92.49927
12461,98.301445
12462,162.35759
12463,246.34421
12464,271.25876
12465,410.9967
12466,386.04337
12467,318.9067
12468,298.13617
12469,276.38718
12470,282.21286
12471,250.581
12472,223.64934
12473,257.63602
12474,285.99274
12475,261.81747
12476,245.38625
12477,279.88458
12478,309.52365
12479,274.47882
12480,363.9747
12481,485.97784
12482,414.3333
12483,340.53583
12484,370.57816
12485,403.6197
12486,661.80597
12487,763.6727
12488,774.6443
12489,695.4172
12490,753.5771
12491,452.31842
12492,331.21423
12493,400.99884
12494,520.499
12495,509.922
12496,527.9011
12497,506.88104
12498,495.30484
12499,312.0941
12500,346.71503
12501,346.2734
12502,397.77487
12503,388.34552
12504,232.31169
12505,187.46375
12506,212.16939
12507,128.52336
12508,139.10593
12509,118.21345
12510,90.63764
12511,101.81956
12512,85.43903
12513,115.50266
12514,150.98563
12515,168.7975
12516,212.38533
12517,230.61674
12518,177.9918
12519,138.39438
12520,118.478035
12521,110.83269
12522,146.43405
12523,168.14633
12524,188.76144
12525,173.24811
12526,290.15768
12527,298.87857
12528,255.97096
12529,236.37766
12530,223.07954
12531,186.68109
12532,146.4455
12533,130.78134
12534,109.96325
12535,47.870712
12536,90.48586
12537,146.10623
12538,111.107376
12539,92.052155
12540,131.41876
12541,94.14926
12542,75.12802
12543,100.85669
12544,91.99357
12545,48.58188
12546,-1.5166979
12547,-0.9850294
12548,-0.9928282
12549,-1.050807
12550,-0.99898547
12551,-0.99898547
12552,-0.9168207
12553,-1.0472733
12554,-1.0875738
12555,-0.6824706
12556,28.681055
12557,84.67688
12558,133.39003
12559,144.9762
12560,74.981804
12561,16.141085
12562,113.956055
12563,118.07666
12564,82.87984
12565,130.31784
12566,147.03699
12567,153.04137
12568,94.45259
12569,16.967499
12570,2.4382374
12571,84.309586
12572,306.23715
12573,197.10011
12574,236.90462
12575,171.28458
12576,153.31398
12577,191.59686
12578,245.09221
12579,117.80835
12580,78.55707
12581,40.66369
12582,187.16983
12583,206.70142
12584,213.7027
12585,232.60608
12586,194.60484
12587,333.35165
12588,410.133
12589,458.97192
12590,361.61414
12591,462.0409
12592,301.0123
12593,148.0568
12594,146.00058
12595,127.713066
12596,227.34561
12597,293.28568
12598,205.29102
12599,236.19136
12600,338.61404
12601,374.022
12602,447.5037
12603,507.7787
12604,400.67792
12605,449.29416
12606,336.91608
12607,445.54926
12608,484.20428
12609,556.9459
12610,490.77148
12611,401.02835
12612,687.4157
12613,654.77026
12614,637.8976
12615,667.72876
12616,575.19165
12617,602.83014
12618,595.6071
12619,738.6481
12620,756.3677
12621,713.9253
12622,576.66223
12623,518.023
12624,539.68024
12625,537.07477
12626,518.023
12627,472.58484
12628,450.8435
12629,427.21466
12630,324.11627
12631,279.33408
12632,232.33101
12633,242.38708
12634,244.8864
12635,225.92172
12636,212.1659
12637,211.56409
12638,238.85687
12639,240.08331
12640,273.57178
12641,260.43378
12642,221.05788
12643,154.52914
12644,137.64711
12645,155.16844
12646,205.17212
12647,172.9176
12648,192.04205
12649,197.4594
12650,180.49495
12651,171.23624
12652,163.23134
12653,140.3439
12654,151.886
12655,150.40784
12656,161.03992
12657,207.69785
12658,175.83504
12659,153.46155
12660,207.62106
12661,205.84897
12662,173.15205
12663,196.3423
12664,186.91644
12665,293.78735
12666,231.89359
12667,180.9808
12668,158.71536
12669,176.04332
12670,160.96336
12671,121.03708
12672,127.35349
12673,118.9796
12674,112.71244
12675,88.94859
12676,65.69185
12677,27.889715
12678,7.0732036
12679,-2.0388975
12680,-1.378261
12681,-1.1161494
12682,-1.6374055
12683,-0.9911227
12684,-0.8322029
12685,-0.82816756
12686,-0.7596685
12687,-0.99154794
12688,42.73496
12689,49.70526
12690,67.87047
12691,89.93343
12692,115.78954
12693,186.6186
12694,124.742355
12695,170.03584
12696,87.742744
12697,75.5326
12698,12.599
12699,58.142437
12700,126.935
12701,126.05958
12702,85.17677
12703,98.71343
12704,97.29656
12705,52.777885
12706,52.73184
12707,153.8673
12708,5.600203
12709,83.58251
12710,54.57979
12711,19.588514
12712,106.11157
12713,-0.7452821
12714,123.42373
12715,12.666777
12716,21.169283
12717,28.617548
12718,22.631147
12719,3.1471167
12720,-0.83115005
12721,14.888444
12722,-1.4425105
12723,8.498152
12724,23.448181
12725,5.4626904
12726,-2.2559109
12727,-0.7379207
12728,-1.6205033
12729,-0.76892895
12730,-0.808789
12731,-1.4480968
12732,-0.80437297
12733,-0.81209034
12734,-0.86606103
12735,-0.8489661
12736,-0.86933976
12737,-0.86933976
12738,-0.8086741
12739,-0.8062626
12740,-0.8238897
12741,-0.8409846
12742,-0.8194022
12743,-0.63984376
12744,-0.7666774
12745,-0.7221542
12746,-0.7314229
12747,-0.7157093
12748,-0.8216344
12749,-0.8600676
12750,-0.89355165
12751,-0.89355165
12752,-0.89355165
12753,10.153837
12754,60.44436
12755,40.457104
12756,28.17748
12757,-2.4620252
12758,4.377319
12759,15.769692
12760,-6.2257757
12761,8.939287
12762,11.582426
12763,61.265152
12764,59.08162
12765,70.07695
12766,58.206116
12767,62.609505
12768,47.662407
12769,45.71053
12770,29.018644
12771,61.115242
12772,95.63181
12773,96.06642
12774,105.04157
12775,77.020515
12776,74.13778
12777,103.867294
12778,63.187683
12779,71.849915
12780,94.99278
12781,75.665085
12782,80.04196
12783,122.85213
12784,106.894806
12785,52.850845
12786,82.10759
12787,87.13353
12788,56.16531
12789,69.342674
12790,60.83214
12791,95.97479
12792,75.213356
12793,128.27956
12794,72.25157
12795,73.60326
12796,52.66411
12797,31.076218
12798,23.687178
12799,-0.5982373
12800,-0.2502703
12801,12.322811
12802,76.36963
12803,114.35372
12804,160.37578
12805,210.8316
12806,262.2233
12807,257.10696
12808,264.61615
12809,176.2694
12810,125.9145
12811,181.50327
12812,181.49959
12813,138.1819
12814,139.93715
12815,161.22528
12816,169.03273
12817,166.3351
12818,135.64473
12819,177.07251
12820,121.720985
12821,93.5386
12822,98.150406
12823,84.85719
12824,19.246275
12825,-0.71694297
12826,-0.7556069
12827,14.250902
12828,85.255844
12829,176.63203
12830,84.56786
12831,87.70399
12832,27.077246
12833,21.521282
12834,59.713093
12835,27.684488
12836,120.00435
12837,114.81504
12838,94.00968
12839,176.41736
12840,325.1503
12841,278.55508
12842,199.69751
12843,114.27077
12844,195.77353
12845,156.62135
12846,143.06815
12847,78.43495
12848,94.72447
12849,2.0166128
12850,58.842163
12851,59.15685
12852,78.96091
12853,22.806349
12854,55.115585
12855,10.616616
12856,46.860355
12857,2.705694
12858,-0.87829554
12859,-0.889971
12860,-0.9966732
12861,-0.8869885
12862,-0.90768933
12863,-1.6665083
12864,14.313303
12865,2.9662943
12866,-0.8145821
12867,55.28371
12868,107.444824
12869,33.961796
12870,29.74074
12871,11.677447
12872,27.681528
12873,55.812656
12874,62.582165
12875,19.088282
12876,76.29322
12877,52.839733
12878,13.995153
12879,21.732725
12880,24.698315
12881,41.26215
12882,31.5067
12883,11.443617
12884,17.17117
12885,25.790411
12886,48.354107
12887,55.992287
12888,59.611317
12889,124.8492
12890,144.81291
12891,133.17836
12892,174.11145
12893,267.36426
12894,233.71672
12895,181.05115
12896,154.2246
12897,184.43173
12898,209.19487
12899,180.4997
12900,172.84435
12901,129.02148
12902,228.19319
12903,220.97804
12904,218.91815
12905,169.83923
12906,152.12727
12907,137.76486
12908,184.09097
12909,169.20099
12910,278.8119
12911,314.42923
12912,334.75583
12913,481.47055
12914,516.2708
12915,529.3695
12916,639.13007
12917,744.45325
12918,921.6534
12919,1082.9268
12920,1189.794
12921,1147.4614
12922,1164.0582
12923,1078.6968
12924,940.2443
12925,1034.1539
12926,849.20056
12927,790.59143
12928,920.2285
12929,1035.8721
12930,974.88824
12931,889.482
12932,649.7864
12933,611.35626
12934,568.68713
12935,552.7667
12936,573.5072
12937,561.7555
12938,384.32996
12939,283.25223
12940,397.88257
12941,491.47824
12942,736.3614
12943,621.4474
12944,608.8044
12945,1070.4093
12946,909.54736
12947,1106.1453
12948,909.7481
12949,963.12103
12950,1191.6084
12951,1455.039
12952,1383.6216
12953,1175.9805
12954,1370.0277
12955,1033.3544
12956,1059.9976
12957,890.662
12958,762.0329
12959,579.4485
12960,711.2389
12961,312.9308
12962,409.58484
12963,436.15277
12964,568.5851
12965,388.18573
12966,378.59717
12967,589.4328
12968,405.37695
12969,604.62225
12970,569.1111
12971,527.56635
12972,570.5386
12973,611.8255
12974,606.2699
12975,679.3881
12976,408.65634
12977,321.53098
12978,406.66162
12979,295.97055
12980,272.06436
12981,410.9003
12982,413.2329
12983,311.11673
12984,453.33548
12985,446.11273
12986,373.23544
12987,544.0818
12988,283.5558
12989,440.2427
12990,132.11766
12991,207.80165
12992,438.84842
12993,170.71596
12994,210.28557
12995,235.05962
12996,258.09827
12997,398.6786
12998,330.23492
12999,98.52261
13000,205.79135
13001,271.66296
13002,177.18385
13003,188.5198
13004,273.78146
13005,370.23785
13006,266.44763
13007,395.34708
13008,425.45032
13009,196.75595
13010,417.9378
13011,521.2026
13012,419.43912
13013,313.27332
13014,443.84415
13015,600.231
13016,589.7265
13017,733.49713
13018,323.84473
13019,320.44745
13020,201.41438
13021,191.76144
13022,89.827065
13023,47.90387
13024,32.866234
13025,26.017101
13026,52.655563
13027,73.665184
13028,102.445526
13029,166.4888
13030,168.35625
13031,69.96051
13032,58.018986
13033,66.84627
13034,86.85463
13035,124.04903
13036,209.41057
13037,162.84648
13038,152.30022
13039,108.95838
13040,79.90107
13041,99.81196
13042,150.33194
13043,120.88434
13044,92.056015
13045,101.97923
13046,178.47864
13047,255.0201
13048,316.77075
13049,314.98438
13050,298.6439
13051,363.22623
13052,351.9654
13053,274.17398
13054,236.2721
13055,271.89816
13056,212.41936
13057,82.23534
13058,32.18075
13059,68.531494
13060,-4.3571734
13061,-1.4074488
13062,-1.6601387
13063,8.8521
13064,108.33211
13065,86.649475
13066,2.6403909
13067,22.159985
13068,38.53424
13069,17.888718
13070,-3.9499576
13071,-2.215767
13072,-2.7487729
13073,-5.1160626
13074,-5.1830482
13075,-4.8656006
13076,22.178183
13077,22.401714
13078,-2.6960263
13079,-3.9416685
13080,-1.3801538
13081,-1.3298199
13082,-1.2054355
13083,-1.0157524
13084,-0.92019546
13085,-0.81220263
13086,-0.9305304
13087,-0.9007584
13088,-0.8837429
13089,-0.8313801
13090,-0.8814919
13091,-0.7929362
13092,-0.92079145
13093,-2.5001304
13094,-2.6512814
13095,-0.82759243
13096,-0.82759243
13097,-0.8406808
13098,-0.84098405
13099,-0.84098405
13100,-0.819889
13101,-0.8949457
13102,-0.87575465
13103,-0.80143064
13104,-0.9229906
13105,5.9866595
13106,6.81658
13107,45.0205
13108,188.26215
13109,427.07144
13110,151.81065
13111,39.278675
13112,-2.8242214
13113,-0.97442603
13114,20.165144
13115,14.57491
13116,22.633438
13117,55.62962
13118,59.939747
13119,106.88802
13120,271.22644
13121,166.07863
13122,176.1451
13123,165.57182
13124,160.67302
13125,128.62483
13126,166.89223
13127,284.52048
13128,428.19473
13129,718.2923
13130,662.1534
13131,445.46466
13132,123.31898
13133,32.439346
13134,181.58467
13135,182.2928
13136,82.02545
13137,63.43745
13138,50.248653
13139,67.71746
13140,24.110657
13141,14.430396
13142,0.6174473
13143,-0.88527703
13144,-0.16446309
13145,-1.0689322
13146,-0.8479805
13147,-0.7983902
13148,-0.7838722
13149,11.995454
13150,52.348236
13151,7.1309977
13152,43.28312
13153,128.945
13154,126.56372
13155,100.598816
13156,56.661507
13157,77.54802
13158,77.45722
13159,-3.3174107
13160,-0.82620215
13161,-0.8084141
13162,-0.816638
13163,-1.4006215
13164,16.366652
13165,-0.9987062
13166,-1.0106385
13167,-0.95899546
13168,-0.816916
13169,-0.8833308
13170,-0.81144196
13171,-0.887712
13172,-0.8399915
13173,-0.8040168
13174,-0.8040168
13175,-0.7571513
13176,-0.7571513
13177,-0.6597974
13178,-0.7571513
13179,-0.83746046
13180,-0.83746046
13181,-0.7413008
13182,-0.68772715
13183,-0.76977324
13184,-0.70650655
13185,-0.85216457
13186,-0.8596321
13187,-1.4644517
13188,-0.8633551
13189,-0.83165354
13190,-1.5069973
13191,16.096294
13192,69.42678
13193,57.10099
13194,41.995853
13195,42.798157
13196,29.324429
13197,56.70498
13198,70.51453
13199,97.76917
13200,120.280106
13201,97.57486
13202,63.34912
13203,32.441208
13204,44.016083
13205,39.391094
13206,48.003723
13207,15.231879
13208,-2.6029725
13209,0.85339516
13210,-6.104816
13211,-6.20539
13212,-5.457444
13213,-1.0198579
13214,-1.4404423
13215,-0.95955193
13216,-0.89619225
13217,-0.83394957
13218,-0.8905534
13219,-0.8230987
13220,-0.8300776
13221,-0.7742271
13222,-0.899748
13223,-1.5672584
13224,-0.73780555
13225,-0.83385086
13226,63.99875
13227,90.752304
13228,28.0579
13229,-2.5997567
13230,-1.0549815
13231,-0.9248075
13232,-0.91528493
13233,-0.8434445
13234,-0.9195671
13235,-0.93781936
13236,-0.83510506
13237,-0.8124934
13238,-0.873684
13239,-0.80618566
13240,-0.7862512
13241,-0.836781
13242,-0.88381267
13243,-0.9257802
13244,-0.8942731
13245,-0.98708916
13246,-0.9618591
13247,-0.99867296
13248,-1.726129
13249,-0.77538943
13250,31.689316
13251,64.316795
13252,111.64533
13253,108.936455
13254,34.270718
13255,52.151802
13256,17.181429
13257,7.3738055
13258,-2.1577458
13259,-0.70216614
13260,-0.71302456
13261,-0.89405876
13262,-0.9036132
13263,-0.9361174
13264,-1.5806229
13265,-0.7134187
13266,-0.7664867
13267,-0.7664867
13268,-0.51727927
13269,35.946934
13270,100.62192
13271,39.4149
13272,44.151787
13273,50.577686
13274,55.98652
13275,35.506294
13276,-1.2891132
13277,8.005169
13278,29.21136
13279,38.45423
13280,59.504776
13281,57.21515
13282,96.95783
13283,56.196053
13284,42.609108
13285,144.09982
13286,111.00502
13287,164.47775
13288,184.99632
13289,196.24907
13290,211.06274
13291,273.02795
13292,205.98917
13293,155.80338
13294,245.8436
13295,350.4909
13296,257.7392
13297,234.60338
13298,304.29733
13299,440.92844
13300,310.9966
13301,139.2817
13302,297.63425
13303,431.2575
13304,402.86618
13305,365.71246
13306,269.73303
13307,357.71658
13308,441.6942
13309,376.64847
13310,181.42593
13311,198.91862
13312,211.67302
13313,162.66989
13314,184.64192
13315,224.37234
13316,133.19489
13317,173.89412
13318,181.5669
13319,194.76381
13320,95.431046
13321,85.31962
13322,169.3998
13323,261.20145
13324,345.17926
13325,357.39752
13326,293.99683
13327,334.7748
13328,356.82602
13329,464.3
13330,647.6435
13331,697.7916
13332,775.55054
13333,748.9216
13334,727.14026
13335,847.44116
13336,807.02936
13337,759.4151
13338,837.7876
13339,730.7778
13340,588.66156
13341,537.94275
13342,581.4339
13343,563.36456
13344,582.4323
13345,670.66943
13346,745.13763
13347,754.2939
13348,696.7531
13349,736.1892
13350,612.4834
13351,586.06146
13352,568.5769
13353,708.2507
13354,696.71265
13355,869.953
13356,752.4303
13357,670.3174
13358,754.16626
13359,709.25146
13360,585.1089
13361,570.5938
13362,502.4489
13363,608.9212
13364,433.32782
13365,412.85254
13366,435.72925
13367,327.34625
13368,293.91495
13369,348.08633
13370,381.44144
13371,281.50424
13372,327.3291
13373,308.43457
13374,327.1443
13375,320.42004
13376,360.6391
13377,421.8263
13378,473.14346
13379,389.87103
13380,245.28406
13381,204.88829
13382,242.24135
13383,314.6116
13384,346.15433
13385,274.5465
13386,274.46933
13387,249.95163
13388,258.8681
13389,250.34404
13390,260.62827
13391,244.56781
13392,211.98409
13393,274.12842
13394,278.62555
13395,232.08672
13396,199.00905
13397,105.7349
13398,77.25606
13399,56.729443
13400,97.57955
13401,115.2846
13402,141.33511
13403,88.238884
13404,62.412567
13405,99.38159
13406,85.63954
13407,73.67498
13408,81.7389
13409,101.679825
13410,81.96876
13411,56.101387
13412,30.723202
13413,41.942726
13414,55.475384
13415,53.835682
13416,58.43894
13417,79.00072
13418,63.524582
13419,55.307697
13420,102.78785
13421,64.4862
13422,111.56375
13423,95.37031
13424,145.66753
13425,67.770004
13426,89.25837
13427,31.535112
13428,77.96775
13429,166.52406
13430,86.74009
13431,42.07459
13432,72.98313
13433,191.10919
13434,177.9841
13435,95.92308
13436,21.239101
13437,-1.6557225
13438,212.54922
13439,130.3054
13440,43.666058
13441,49.69403
13442,37.957314
13443,98.78977
13444,376.54202
13445,263.9877
13446,116.69348
13447,67.74165
13448,45.428486
13449,169.49193
13450,164.83865
13451,82.259476
13452,74.06312
13453,106.9987
13454,120.1465
13455,162.05013
13456,142.87206
13457,167.07677
13458,125.323494
13459,92.36793
13460,96.36622
13461,72.39363
13462,72.494026
13463,94.82576
13464,186.93233
13465,220.3189
13466,264.17703
13467,259.14926
13468,241.74022
13469,251.02309
13470,230.91751
13471,291.66995
13472,278.94
13473,240.43907
13474,206.28313
13475,194.51572
13476,188.74266
13477,100.43389
13478,122.15728
13479,502.29535
13480,1043.572
13481,1292.5173
13482,1196.8523
13483,1182.4445
13484,1044.0465
13485,1052.5328
13486,1124.5311
13487,1002.8353
13488,893.362
13489,785.83026
13490,765.563
13491,673.53455
13492,638.07196
13493,561.15204
13494,457.12787
13495,443.52725
13496,456.4792
13497,336.62024
13498,308.7794
13499,239.60425
13500,154.31209
13501,109.96793
13502,66.604256
13503,69.7776
13504,104.05446
13505,124.75792
13506,110.456314
13507,123.775345
13508,187.4331
13509,272.105
13510,287.79932
13511,303.99548
13512,357.63177
13513,320.90585
13514,208.05457
13515,195.42288
13516,193.89015
13517,236.09839
13518,254.1795
13519,174.25667
13520,196.94856
13521,194.00414
13522,190.3168
13523,256.3292
13524,329.0424
13525,194.96477
13526,139.10956
13527,105.71973
13528,114.569954
13529,107.23235
13530,144.34023
13531,131.40254
13532,45.61057
13533,47.843914
13534,58.337994
13535,66.15223
13536,91.056175
13537,159.23285
13538,178.73442
13539,128.38895
13540,30.975283
13541,2.45583
13542,-2.1246104
13543,-1.8478295
13544,-1.7614053
13545,33.25883
13546,105.975815
13547,187.83766
13548,252.76529
13549,143.85703
13550,273.94495
13551,209.26714
13552,239.90727
13553,198.97995
13554,326.6672
13555,370.90506
13556,358.60214
13557,407.79013
13558,260.69534
13559,101.46133
13560,38.3385
13561,137.38802
13562,318.965
13563,403.38785
13564,195.97006
13565,122.59496
13566,123.30927
13567,89.88263
13568,153.86609
13569,267.3075
13570,250.2128
13571,259.47784
13572,230.03983
13573,147.38243
13574,99.7063
13575,189.78459
13576,201.97319
13577,143.48537
13578,100.30193
13579,161.57727
13580,194.85327
13581,299.39044
13582,331.1478
13583,310.53625
13584,489.02472
13585,272.73187
13586,219.12373
13587,136.92793
13588,29.980452
13589,20.376026
13590,135.61237
13591,122.56946
13592,27.495548
13593,83.75063
13594,220.14314
13595,166.58365
13596,89.031166
13597,21.378496
13598,32.65521
13599,30.200481
13600,32.066334
13601,3.035453
13602,-0.20639925
13603,21.270376
13604,106.00561
13605,71.93458
13606,139.58368
13607,211.31339
13608,171.22685
13609,120.54455
13610,119.77691
13611,131.3927
13612,160.5237
13613,208.15651
13614,197.77211
13615,186.43613
13616,173.75484
13617,186.76437
13618,120.85501
13619,121.84424
13620,86.34609
13621,89.93231
13622,89.23088
13623,120.33204
13624,132.04547
13625,264.86603
13626,463.60016
13627,516.551
13628,586.31525
13629,621.69965
13630,595.8159
13631,514.6693
13632,567.6652
13633,569.442
13634,597.1776
13635,623.3756
13636,560.7369
13637,482.99686
13638,463.26642
13639,476.24088
13640,494.1545
13641,488.905
13642,449.02798
13643,445.06793
13644,510.33142
13645,414.05902
13646,279.46536
13647,325.2292
13648,390.6579
13649,496.1495
13650,480.5087
13651,510.77948
13652,558.8528
13653,536.13715
13654,706.5079
13655,552.7507
13656,466.65378
13657,598.2531
13658,589.5363
13659,445.23218
13660,558.6038
13661,490.5052
13662,361.29593
13663,336.22397
13664,435.24582
13665,321.2341
13666,188.38533
13667,333.5943
13668,442.70227
13669,406.46307
13670,349.82532
13671,364.27197
13672,399.0118
13673,439.10706
13674,456.7009
13675,485.369
13676,573.3708
13677,511.6051
13678,546.7352
13679,650.18207
13680,586.89636
13681,592.21014
13682,564.71185
13683,467.76636
13684,317.1172
13685,229.40802
13686,312.11133
13687,287.71564
13688,249.06163
13689,262.87326
13690,220.15443
13691,142.66034
13692,160.79391
13693,109.38825
13694,65.22646
13695,23.840952
13696,84.47338
13697,199.40056
13698,182.10683
13699,222.26625
13700,118.67122
13701,135.17897
13702,210.3689
13703,150.8448
13704,191.73503
13705,150.40726
13706,187.4925
13707,119.34578
13708,99.546684
13709,111.584015
13710,70.358025
13711,126.83006
13712,194.75894
13713,138.31451
13714,226.38979
13715,207.77885
13716,230.74084
13717,213.6997
13718,356.31238
13719,529.79675
13720,149.59175
13721,168.91513
13722,202.187
13723,193.17572
13724,147.83897
13725,265.37732
13726,107.787575
13727,132.81299
13728,269.65826
13729,408.0717
13730,240.52908
13731,200.7522
13732,219.7955
13733,290.3653
13734,325.3197
13735,230.17531
13736,364.61414
13737,324.45663
13738,347.40524
13739,419.88025
13740,418.13873
13741,341.99298
13742,288.67966
13743,493.52298
13744,574.0176
13745,334.7446
13746,533.4889
13747,305.15503
13748,333.1429
13749,264.66742
13750,373.68268
13751,218.67099
13752,180.41162
13753,150.784
13754,256.1804
13755,428.1129
13756,378.99197
13757,346.95053
13758,414.29187
13759,326.7643
13760,353.69034
13761,279.5643
13762,341.84195
13763,316.5283
13764,279.9847
13765,351.56546
13766,305.60764
13767,251.18593
13768,276.05923
13769,427.96033
13770,432.8031
13771,482.37607
13772,420.4218
13773,330.65396
13774,239.74538
13775,474.19785
13776,503.4158
13777,172.5846
13778,182.00742
13779,193.7286
13780,244.91899
13781,224.49126
13782,351.81396
13783,449.5756
13784,438.35132
13785,448.01117
13786,522.4762
13787,583.2368
13788,850.75146
13789,753.706
13790,557.69305
13791,501.62375
13792,582.6415
13793,648.5078
13794,620.65234
13795,439.44336
13796,404.2734
13797,399.65134
13798,425.9099
13799,554.0774
13800,756.25146
13801,772.0106
13802,717.38306
13803,754.69324
13804,843.0426
13805,726.2781
13806,869.1693
13807,896.8699
13808,681.257
13809,777.453
13810,567.11584
13811,466.98767
13812,405.51965
13813,277.17227
13814,367.6368
13815,378.00513
13816,401.71832
13817,411.531
13818,532.3536
13819,536.43567
13820,355.569
13821,245.41272
13822,41.96466
13823,311.40463
13824,438.51767
13825,344.64255
13826,636.71735
13827,718.8664
13828,811.8742
13829,638.2664
13830,621.2622
13831,458.47964
13832,428.75497
13833,459.71027
13834,481.18893
13835,363.14722
13836,348.62302
13837,352.9538
13838,464.84225
13839,517.2242
13840,392.01932
13841,432.25552
13842,338.07114
13843,269.8816
13844,387.61234
13845,518.009
13846,487.65247
13847,520.8171
13848,551.2468
13849,447.6468
13850,567.42773
13851,316.7386
13852,488.32358
13853,248.24794
13854,270.93484
13855,263.68738
13856,374.66977
13857,226.84991
13858,284.32916
13859,320.94846
13860,333.28793
13861,343.09695
13862,421.83786
13863,466.1974
13864,505.55106
13865,706.4513
13866,581.5929
13867,541.69885
13868,513.1268
13869,587.5601
13870,691.19037
13871,440.78043
13872,526.78613
13873,360.49814
13874,494.25143
13875,404.13034
13876,285.96423
13877,416.0945
13878,288.5781
13879,410.3704
13880,263.7397
13881,302.07178
13882,314.30112
13883,185.64835
13884,309.81815
13885,373.43274
13886,410.87268
13887,417.24185
13888,374.71814
13889,333.7253
13890,272.49878
13891,239.38634
13892,224.81396
13893,233.19264
13894,158.07176
13895,144.13318
13896,201.07703
13897,264.39398
13898,254.98349
13899,221.57622
13900,243.42389
13901,225.6621
13902,259.6742
13903,303.4025
13904,407.30408
13905,443.25092
13906,493.8201
13907,447.2468
13908,400.85678
13909,449.02982
13910,435.43103
13911,342.0294
13912,338.78027
13913,302.99808
13914,303.01633
13915,330.95038
13916,332.9
13917,300.58395
13918,329.25043
13919,379.13327
13920,497.54385
13921,577.733
13922,461.84836
13923,479.36255
13924,543.25854
13925,548.53485
13926,536.74817
13927,468.65094
13928,428.8426
13929,385.6951
13930,383.08243
13931,424.20816
13932,410.51944
13933,391.98044
13934,326.2457
13935,359.09726
13936,368.07837
13937,331.2896
13938,382.92987
13939,385.0263
13940,335.70892
13941,219.36281
13942,210.7319
13943,287.54352
13944,312.7254
13945,271.88434
13946,240.51157
13947,217.96935
13948,214.0733
13949,262.66583
13950,277.7938
13951,281.46985
13952,281.5208
13953,263.39334
13954,256.2701
13955,221.56938
13956,202.57945
13957,157.89009
13958,128.05405
13959,114.563354
13960,86.200096
13961,53.932934
13962,61.78894
13963,77.656494
13964,54.7171
13965,44.81642
13966,44.083294
13967,20.48136
13968,-2.1721728
13969,-0.40482306
13970,-0.36013103
13971,-1.0385927
13972,-1.0401254
13973,-2.3849194
13974,-1.6092621
13975,-1.1169962
13976,-1.9667544
13977,-1.3060392
13978,-1.3729509
13979,-0.061963588
13980,-1.2424558
13981,-1.9236498
13982,-1.3900288
13983,-0.9767445
13984,-1.5747443
13985,-1.5953131
13986,-1.077603
13987,-1.1416463
13988,-1.0090115
13989,15.013225
13990,2.107233
13991,-1.5494725
13992,-1.49786
13993,-0.876724
13994,-1.5534409
13995,-0.93214434
13996,-0.8803575
13997,-0.94546676
13998,-0.88634175
13999,-0.76022774
14000,-0.7431127
14001,-0.7078721
14002,-0.74728197
14003,-1.0051022
14004,54.8341
14005,45.636433
14006,27.255735
14007,7.0146875
14008,70.13198
14009,113.27669
14010,56.722595
14011,39.30475
14012,3.9727094
14013,11.632016
14014,18.686054
14015,-1.7116501
14016,-1.0746061
14017,50.70762
14018,-1.2580583
14019,-1.4723687
14020,81.050156
14021,97.05268
14022,82.79364
14023,86.76465
14024,77.53688
14025,65.90964
14026,71.178276
14027,54.086666
14028,21.4846
14029,11.58965
14030,48.192215
14031,13.806066
14032,-2.1132495
14033,-1.2920392
14034,-2.207586
14035,30.797787
14036,71.54242
14037,107.48379
14038,141.68774
14039,140.16199
14040,199.4094
14041,192.53267
14042,137.71759
14043,274.02054
14044,368.14862
14045,401.6583
14046,382.32867
14047,335.6769
14048,362.9713
14049,247.403
14050,128.4247
14051,181.62743
14052,215.59747
14053,258.67538
14054,354.39777
14055,386.1708
14056,491.05795
14057,477.24084
14058,423.50565
14059,378.33783
14060,288.97064
14061,205.0805
14062,164.88449
14063,143.95659
14064,133.57599
14065,111.97075
14066,82.312965
14067,39.59518
14068,54.098213
14069,17.327688
14070,2.3072708
14071,22.113361
14072,14.464971
14073,2.414681
14074,44.411392
14075,24.346107
14076,17.600338
14077,14.667471
14078,14.133679
14079,20.689585
14080,16.609066
14081,24.517612
14082,13.651557
14083,6.3196564
14084,3.6590579
14085,-5.283841
14086,-5.195133
14087,-2.4040606
14088,-0.9339254
14089,-0.8899082
14090,18.293526
14091,37.974037
14092,18.43642
14093,8.786317
14094,-4.071001
14095,-0.8638281
14096,-1.4758614
14097,-0.78014904
14098,59.14009
14099,44.42942
14100,41.96301
14101,26.590004
14102,18.762129
14103,0.37006307
14104,-3.9006386
14105,-7.470682
14106,-3.6059387
14107,-1.6010137
14108,-1.7138059
14109,-1.7798657
14110,-1.7709124
14111,-1.8206325
14112,-1.7036883
14113,-1.7604027
14114,-1.7036883
14115,-1.6926225
14116,-1.5994692
14117,-1.2066817
14118,-1.2246761
14119,-1.155254
14120,-1.1236413
14121,-1.0632396
14122,-1.0109938
14123,-0.86009675
14124,-0.85005665
14125,-0.8394199
14126,-0.8394199
14127,-0.87291104
14128,-0.87291104
14129,-0.9366386
14130,-1.0555658
14131,-1.0401862
14132,-1.010114
14133,-1.0807397
14134,-1.0652428
14135,-1.0652428
14136,-1.1466318
14137,-1.1466318
14138,-1.1466318
14139,-1.1185485
14140,-1.1509522
14141,-1.1509522
14142,-1.2154716
14143,-1.2154716
14144,-1.2036079
14145,-1.2128367
14146,-1.2247005
14147,-1.2163725
14148,-1.8994212
14149,-1.016463
14150,-0.9546391
14151,-1.6182512
14152,-1.1482246
14153,-1.0630981
14154,-1.1628276
14155,-1.7982711
14156,-1.0648112
14157,-0.9893001
14158,-1.0006574
14159,-1.724729
14160,-1.7704303
14161,-1.0392238
14162,6.9458447
14163,-1.0611304
14164,-1.0340782
14165,-1.068472
14166,-1.0206548
14167,-1.0760447
14168,-1.0634612
14169,-1.1038593
14170,-1.1253744
14171,-1.0640444
14172,-1.0640444
14173,-1.0843834
14174,-1.0585705
14175,-1.05578
14176,-1.0954429
14177,-1.0831524
14178,-1.0850075
14179,-1.1514012
14180,-1.0117059
14181,-1.0219702
14182,-1.0100914
14183,-1.0277051
14184,-1.6759049
14185,19.227484
14186,59.622826
14187,64.431854
14188,45.857765
14189,42.387806
14190,40.589966
14191,54.02194
14192,58.798904
14193,55.697727
14194,45.40475
14195,34.3834
14196,60.326195
14197,88.93311
14198,50.760277
14199,43.666084
14200,41.114338
14201,39.141075
14202,21.047113
14203,36.634087
14204,39.158802
14205,36.552094
14206,41.807453
14207,32.89409
14208,22.221846
14209,48.22569
14210,46.341286
14211,48.46375
14212,54.40273
14213,45.729874
14214,46.95063
14215,54.473946
14216,67.038605
14217,81.8909
14218,119.900734
14219,168.23128
14220,201.12737
14221,205.48933
14222,197.53217
14223,176.9102
14224,196.974
14225,198.19331
14226,170.53746
14227,159.90529
14228,129.97066
14229,125.36581
14230,104.69706
14231,96.505196
14232,100.937004
14233,77.058464
14234,46.24943
14235,43.260155
14236,43.34611
14237,47.49417
14238,48.417583
14239,45.32336
14240,18.502789
14241,26.391851
14242,30.924644
14243,41.73359
14244,31.554546
14245,8.824101
14246,-2.3380928
14247,12.07301
14248,25.844454
14249,20.733145
14250,21.670193
14251,16.620886
14252,11.455001
14253,9.913587
14254,21.11382
14255,27.96667
14256,30.854351
14257,10.85522
14258,4.8118243
14259,24.98181
14260,16.640902
14261,16.992126
14262,18.328836
14263,-3.5840712
14264,-1.5376825
14265,-1.4752266
14266,-1.5564235
14267,-1.6719462
14268,-1.7843779
14269,-1.7110909
14270,-1.7414058
14271,-2.3127272
14272,-1.4732844
14273,-1.3595132
14274,-1.2199752
14275,-1.0476356
14276,-0.9502877
14277,-0.9111063
14278,-1.746976
14279,-1.1574259
14280,-1.1352506
14281,-1.0347928
14282,-1.0166953
14283,-0.9633863
14284,-0.96906376
14285,-0.8930325
14286,-0.9873444
14287,-0.9615315
14288,-1.0171689
14289,-0.96258885
14290,-0.9692008
14291,-1.022513
14292,-1.0581677
14293,-1.6685408
14294,-0.9683828
14295,-0.97570485
14296,-0.9112506
14297,-1.0277206
14298,54.02607
14299,9.666092
14300,60.673126
14301,69.59162
14302,58.32653
14303,1.7354934
14304,-2.1851764
14305,71.419815
14306,130.61264
14307,72.78607
14308,76.90648
14309,74.530975
14310,76.59672
14311,45.362602
14312,22.200632
14313,5.598842
14314,-1.2008855
14315,-1.8307179
14316,-1.2795119
14317,-1.183676
14318,-1.1833849
14319,-1.3904389
14320,-1.23996
14321,15.576649
14322,9.482464
14323,13.811701
14324,54.333992
14325,39.751232
14326,31.86855
14327,61.013424
14328,77.64915
14329,109.02883
14330,115.08514
14331,115.96382
14332,110.15032
14333,141.6724
14334,140.3897
14335,159.97739
14336,222.39148
14337,233.82027
14338,205.72638
14339,258.21024
14340,209.81946
14341,235.2743
14342,169.44792
14343,251.59467
14344,272.73395
14345,243.77126
14346,192.85822
14347,216.29912
14348,283.11765
14349,249.37617
14350,256.79074
14351,192.35434
14352,111.62393
14353,28.020576
14354,-6.4828324
14355,32.187855
14356,34.955246
14357,15.326082
14358,0.46792328
14359,6.559327
14360,8.866703
14361,8.90688
14362,-2.6456983
14363,25.139582
14364,28.912073
14365,44.522114
14366,25.720953
14367,44.91929
14368,34.522236
14369,31.871054
14370,35.704678
14371,34.188534
14372,27.808453
14373,39.90464
14374,45.119366
14375,42.621006
14376,35.944344
14377,21.586893
14378,41.035583
14379,39.908897
14380,45.158867
14381,53.173275
14382,77.7755
14383,100.37529
14384,186.27852
14385,317.99173
14386,400.0378
14387,431.4137
14388,456.22778
14389,532.3679
14390,523.42017
14391,531.65393
14392,572.031
14393,552.0068
14394,569.46436
14395,504.15765
14396,525.5361
14397,726.2612
14398,711.87604
14399,681.67914
14400,673.8395
14401,747.7595
14402,658.744
14403,599.61285
14404,482.5322
14405,192.70776
14406,255.23486
14407,60.57805
14408,61.605297
14409,48.18325
14410,79.18701
14411,116.705574
14412,155.12679
14413,115.90747
14414,175.51404
14415,142.52449
14416,168.23685
14417,193.27892
14418,362.55734
14419,293.20465
14420,500.83585
14421,534.95447
14422,432.3943
14423,505.8683
14424,473.9785
14425,332.5938
14426,299.05984
14427,493.50995
14428,453.91556
14429,511.3252
14430,413.5164
14431,358.98428
14432,482.5229
14433,536.8472
14434,974.0174
14435,1034.4775
14436,881.80237
14437,1021.2258
14438,981.2503
14439,1036.3121
14440,681.19525
14441,651.6572
14442,702.38586
14443,898.73206
14444,687.60077
14445,458.07205
14446,422.9235
14447,623.5047
14448,472.78745
14449,399.20685
14450,504.36542
14451,654.0378
14452,437.24683
14453,611.67114
14454,950.5556
14455,648.48785
14456,807.4867
14457,693.61456
14458,799.5955
14459,1012.5329
14460,613.8034
14461,1016.62366
14462,604.1547
14463,374.33698
14464,372.17932
14465,355.33432
14466,162.87105
14467,223.37012
14468,274.69315
14469,202.12894
14470,291.75003
14471,355.64548
14472,390.94
14473,291.182
14474,324.20792
14475,344.53387
14476,243.59494
14477,119.52185
14478,247.10114
14479,160.89432
14480,119.2491
14481,89.82751
14482,149.9269
14483,219.46729
14484,225.02184
14485,187.30537
14486,93.56503
14487,44.381073
14488,34.926064
14489,65.24341
14490,80.46904
14491,119.5226
14492,151.41835
14493,219.02373
14494,182.18701
14495,249.56155
14496,249.51817
14497,397.55038
14498,533.6498
14499,604.393
14500,539.5622
14501,387.45627
14502,406.0298
14503,557.2352
14504,510.1854
14505,560.8853
14506,751.349
14507,663.1248
14508,543.9469
14509,503.15024
14510,459.22174
14511,357.19272
14512,389.0361
14513,268.20584
14514,112.51902
14515,93.31184
14516,82.30026
14517,92.21576
14518,157.48816
14519,119.72432
14520,108.7119
14521,130.20457
14522,112.84081
14523,74.7048
14524,98.68378
14525,168.28462
14526,138.10414
14527,114.71088
14528,89.46241
14529,89.173676
14530,117.19309
14531,131.89607
14532,113.56049
14533,107.62483
14534,116.25618
14535,109.23418
14536,99.17342
14537,120.92255
14538,140.80586
14539,153.54396
14540,165.02649
14541,148.40816
14542,162.22736
14543,176.54109
14544,165.43243
14545,148.06456
14546,69.35469
14547,106.01903
14548,116.18669
14549,163.52591
14550,111.822296
14551,85.531906
14552,49.578224
14553,39.82976
14554,70.057205
14555,84.953354
14556,76.085884
14557,30.568348
14558,42.36558
14559,59.519367
14560,1.9101846
14561,-2.3192577
14562,-1.0053812
14563,-0.9480125
14564,-0.87912554
14565,20.00705
14566,-1.0772222
14567,76.21445
14568,77.038956
14569,4.72831
14570,102.94928
14571,57.85416
14572,101.88691
14573,62.14467
14574,70.40028
14575,-1.56404
14576,8.5403385
14577,3.806458
14578,128.12473
14579,43.30852
14580,8.260182
14581,68.856514
14582,-0.33995134
14583,15.549436
14584,20.15623
14585,-1.4799615
14586,6.7673807
14587,8.390545
14588,-0.7743651
14589,50.58618
14590,-0.25045642
14591,45.642136
14592,11.973924
14593,19.554682
14594,19.632826
14595,7.3392434
14596,62.95059
14597,116.25288
14598,-0.5360857
14599,-1.5715566
14600,-1.1320081
14601,110.92598
14602,135.47057
14603,126.380714
14604,93.12337
14605,48.741604
14606,41.36008
14607,72.233086
14608,11.393384
14609,23.551264
14610,14.128069
14611,50.145103
14612,57.664204
14613,73.29374
14614,67.482124
14615,103.45721
14616,98.40388
14617,62.60709
14618,47.820137
14619,40.9347
14620,57.976467
14621,71.38353
14622,99.182434
14623,38.09475
14624,17.004475
14625,2.9567685
14626,-2.2868738
14627,-5.338181
14628,-4.873917
14629,-8.205798
14630,-2.4579446
14631,-0.9509476
14632,-0.8686745
14633,-0.9032027
14634,-0.8668267
14635,-0.87990826
14636,-0.73264384
14637,-0.7292065
14638,-0.7374304
14639,-0.7374304
14640,-0.72526336
14641,-0.7374304
14642,-0.7292065
14643,-0.7681328
14644,-0.8144671
14645,-0.6593443
14646,215.56303
14647,131.54451
14648,184.54192
14649,245.45807
14650,287.93573
14651,311.4106
14652,323.39206
14653,348.74084
14654,307.09384
14655,314.97137
14656,380.6631
14657,388.62427
14658,335.92645
14659,264.66742
14660,133.25774
14661,74.87347
14662,57.054386
14663,19.17367
14664,-0.12064112
14665,-5.5176935
14666,-3.301929
14667,-1.4153088
14668,-1.5257568
14669,-1.6140018
14670,-1.6851692
14671,-1.6750847
14672,-1.6129534
14673,-1.5874189
14674,-1.5572876
14675,-1.454456
14676,-1.174426
14677,-1.0212318
14678,-1.0457315
14679,-0.96222836
14680,-0.94049853
14681,-0.94049853
14682,-0.85941935
14683,-0.9093922
14684,-0.9093922
14685,-0.87357056
14686,-0.8367568
14687,-0.9275262
14688,-0.97146404
14689,-0.97146404
14690,-0.9843798
14691,-0.96230304
14692,-0.96230304
14693,-0.96230304
14694,-0.9926175
14695,-0.96230304
14696,-0.9926175
14697,-1.0081419
14698,-1.0387883
14699,-1.0136192
14700,-1.7357305
14701,-1.7635007
14702,-1.1119968
14703,41.234196
14704,153.26794
14705,77.72413
14706,39.70196
14707,172.647
14708,104.54851
14709,239.03888
14710,234.90262
14711,166.31871
14712,87.396545
14713,130.50089
14714,198.25873
14715,156.83858
14716,120.13976
14717,173.6153
14718,166.32852
14719,252.40929
14720,64.93795
14721,148.17856
14722,177.65697
14723,220.47072
14724,201.75162
14725,158.81761
14726,192.508
14727,295.5675
14728,317.1757
14729,173.7244
14730,302.4079
14731,223.33603
14732,328.26788
14733,467.04468
14734,348.23434
14735,241.19067
14736,200.44151
14737,396.8412
14738,297.56995
14739,614.8591
14740,465.98373
14741,267.2346
14742,521.09564
14743,436.57834
14744,636.39954
14745,336.1914
14746,692.49506
14747,309.3237
14748,502.5993
14749,281.15735
14750,475.71356
14751,428.6728
14752,302.1393
14753,479.04846
14754,262.46768
14755,425.9103
14756,354.20975
14757,385.5634
14758,528.323
14759,431.58075
14760,438.9518
14761,521.3584
14762,359.66367
14763,405.116
14764,358.9528
14765,438.60178
14766,528.11456
14767,417.52423
14768,497.7559
14769,566.2485
14770,649.55176
14771,757.2067
14772,881.6026
14773,945.0187
14774,984.64716
14775,919.4778
14776,1025.7937
14777,989.05444
14778,990.4115
14779,898.05707
14780,867.4306
14781,946.7236
14782,995.3169
14783,551.7072
14784,374.89523
14785,249.6106
14786,189.23068
14787,248.47496
14788,142.90912
14789,152.89684
14790,278.82343
14791,551.99603
14792,616.52155
14793,335.14508
14794,289.50818
14795,286.86096
14796,343.509
14797,431.8581
14798,368.31375
14799,273.95105
14800,277.93747
14801,375.9452
14802,352.13953
14803,232.03864
14804,191.0107
14805,296.10254
14806,478.17734
14807,400.96887
14808,376.8086
14809,430.11694
14810,553.63104
14811,586.36127
14812,597.39557
14813,698.6125
14814,851.1139
14815,833.05774
14816,805.87463
14817,812.0262
14818,832.4875
14819,693.5884
14820,535.80225
14821,310.71924
14822,197.52411
14823,106.27479
14824,144.48688
14825,291.33118
14826,495.75833
14827,603.38745
14828,537.5901
14829,553.88336
14830,497.60135
14831,567.76825
14832,580.63245
14833,396.87946
14834,337.5875
14835,542.3562
14836,339.93118
14837,253.30565
14838,157.75348
14839,208.30951
14840,92.468216
14841,128.1026
14842,88.26719
14843,95.34526
14844,129.56108
14845,102.49405
14846,141.93582
14847,105.29628
14848,129.88405
14849,109.24329
14850,135.49614
14851,73.64645
14852,130.84149
14853,78.48896
14854,145.10106
14855,127.79116
14856,134.10373
14857,166.47139
14858,139.0537
14859,174.90622
14860,170.16809
14861,120.21682
14862,125.07534
14863,110.23407
14864,72.56489
14865,74.85545
14866,72.46977
14867,78.554726
14868,46.524025
14869,87.23837
14870,60.006424
14871,133.0783
14872,221.09503
14873,185.34103
14874,189.07925
14875,249.08557
14876,182.67636
14877,126.784294
14878,76.93152
14879,223.22371
14880,245.90923
14881,311.74283
14882,167.9613
14883,262.81772
14884,273.23395
14885,149.7035
14886,178.73628
14887,133.93954
14888,213.72697
14889,78.972725
14890,83.07864
14891,48.60104
14892,31.99397
14893,31.155388
14894,37.10104
14895,59.37493
14896,95.442535
14897,53.299633
14898,5.7109823
14899,-1.0363076
14900,23.46143
14901,4.191927
14902,13.930806
14903,17.916992
14904,2.41141
14905,19.020395
14906,25.32716
14907,79.43922
14908,121.68964
14909,100.26469
14910,56.91193
14911,67.61632
14912,36.413723
14913,105.86569
14914,77.00139
14915,49.417706
14916,30.298048
14917,31.49206
14918,2.4769783
14919,-6.666242
14920,4.3904476
14921,32.3557
14922,38.025707
14923,30.564598
14924,18.894035
14925,8.418867
14926,50.11238
14927,19.97076
14928,26.442078
14929,-3.3429945
14930,-1.3787888
14931,-6.455693
14932,-6.6636214
14933,-2.9773445
14934,-1.718093
14935,-1.7752166
14936,-1.6975594
14937,-1.4999131
14938,-1.4833072
14939,-1.7628931
14940,-1.8167472
14941,-1.885592
14942,-1.885592
14943,-1.7434931
14944,-1.7434931
14945,-1.7434931
14946,-1.7434931
14947,-1.6495508
14948,-1.6716717
14949,-1.461009
14950,-1.3728857
14951,-1.3165203
14952,-1.115666
14953,-1.115666
14954,-1.1106844
14955,-1.0970938
14956,-1.0970938
14957,-1.1229883
14958,-1.0744288
14959,-1.0696744
14960,-1.7812427
14961,-1.0937126
14962,-1.0937126
14963,-1.1045368
14964,-1.1068169
14965,-1.1068169
14966,-1.0066869
14967,-0.95350075
14968,-0.90182555
14969,-1.017227
14970,-1.017227
14971,-1.017227
14972,-0.97334707
14973,-1.0146158
14974,-0.9796955
14975,-1.0140172
14976,-0.96729004
14977,-1.004043
14978,-1.0152894
14979,-1.058157
14980,-1.0354767
14981,-1.0647815
14982,-1.0776973
14983,-1.0776973
14984,-1.0776973
14985,-1.097385
14986,-1.097385
14987,-1.1203685
14988,-1.1558583
14989,-1.0845947
14990,-1.1480054
14991,-1.1562927
14992,-1.1413021
14993,-1.1220233
14994,-1.1395576
14995,-1.6703478
14996,15.88727
14997,66.735214
14998,33.678776
14999,77.48559
15000,119.34907
15001,112.80721
15002,51.092407
15003,91.06404
15004,50.083023
15005,118.67693
15006,107.77325
15007,102.17613
15008,94.45477
15009,154.79404
15010,145.83163
15011,103.37449
15012,-0.047057662
15013,81.58123
15014,151.50632
15015,85.49047
15016,48.759563
15017,39.158443
15018,2.0068836
15019,105.573
15020,164.25697
15021,40.793304
15022,69.09345
15023,116.88672
15024,45.359898
15025,149.09848
15026,140.60382
15027,65.93524
15028,141.69315
15029,141.30174
15030,78.16019
15031,265.74203
15032,227.76791
15033,130.73274
15034,157.78409
15035,95.88403
15036,92.65155
15037,127.749054
15038,75.22307
15039,21.36375
15040,32.6062
15041,58.827274
15042,3.2067053
15043,52.653965
15044,56.3076
15045,7.6482573
15046,-1.0496813
15047,18.721762
15048,24.014282
15049,33.75664
15050,42.020897
15051,62.482067
15052,74.60359
15053,71.62096
15054,106.40297
15055,115.98366
15056,75.139915
15057,89.90412
15058,85.9208
15059,60.01364
15060,46.02761
15061,46.45432
15062,33.015205
15063,43.883766
15064,75.28239
15065,61.412926
15066,73.40429
15067,49.967236
15068,50.661434
15069,54.386116
15070,64.999985
15071,88.02089
15072,103.0058
15073,97.85943
15074,117.8717
15075,160.41109
15076,199.61206
15077,253.14474
15078,171.38135
15079,82.31353
15080,85.76184
15081,74.96607
15082,69.591576
15083,61.041466
15084,65.24934
15085,75.1662
15086,100.799866
15087,99.85837
15088,39.308388
15089,13.3989725
15090,54.003757
15091,33.723335
15092,-2.93898
15093,-0.8658134
15094,-0.851455
15095,-0.80229586
15096,-0.90001357
15097,-1.5446284
15098,-0.8967662
15099,9.6584215
15100,-4.055502
15101,-0.7766134
15102,15.340448
15103,76.8066
15104,38.177006
15105,69.53455
15106,95.00237
15107,72.22716
15108,96.13225
15109,120.76392
15110,159.69836
15111,221.53526
15112,251.50883
15113,292.95465
15114,330.32346
15115,406.36163
15116,416.3473
15117,337.74368
15118,329.4136
15119,343.24588
15120,244.3442
15121,276.8555
15122,243.38623
15123,267.2526
15124,229.78871
15125,293.54086
15126,496.46536
15127,279.42444
15128,243.3892
15129,188.85619
15130,145.62732
15131,62.95192
15132,87.44683
15133,174.35791
15134,318.70334
15135,206.99574
15136,301.68243
15137,257.65326
15138,399.85245
15139,244.33557
15140,293.50955
15141,579.00464
15142,568.11975
15143,423.97977
15144,551.13165
15145,367.53958
15146,586.29443
15147,601.423
15148,656.3093
15149,802.553
15150,858.6822
15151,684.5145
15152,908.2311
15153,788.8604
15154,986.18665
15155,690.05786
15156,802.3608
15157,796.40717
15158,1079.9241
15159,572.2002
15160,1002.42444
15161,837.6284
15162,595.7172
15163,579.7352
15164,507.3838
15165,338.10773
15166,202.16771
15167,447.86826
15168,635.9491
15169,738.7835
15170,608.9287
15171,531.4673
15172,505.65005
15173,310.37012
15174,221.68475
15175,499.7594
15176,365.1126
15177,308.2395
15178,182.54047
15179,151.05182
15180,104.711876
15181,76.51404
15182,68.64849
15183,68.40138
15184,293.1078
15185,299.75333
15186,233.90953
15187,267.42804
15188,268.9841
15189,235.27386
15190,267.9807
15191,321.3527
15192,244.9435
15193,175.47421
15194,268.51596
15195,234.26695
15196,216.94864
15197,178.3483
15198,177.31926
15199,321.97717
15200,323.8522
15201,320.66617
15202,347.23273
15203,358.11877
15204,347.44928
15205,366.91132
15206,380.4322
15207,412.70102
15208,328.21625
15209,342.61227
15210,290.02686
15211,283.40018
15212,374.7989
15213,341.79437
15214,302.79642
15215,232.84897
15216,160.964
15217,128.40195
15218,98.50803
15219,142.019
15220,62.18731
15221,41.429436
15222,62.44703
15223,90.76694
15224,79.368706
15225,106.863174
15226,117.743706
15227,103.26322
15228,269.31622
15229,167.12798
15230,124.5571
15231,52.737514
15232,49.654316
15233,26.797691
15234,125.38549
15235,190.2313
15236,151.64018
15237,93.19717
15238,117.30965
15239,111.1233
15240,117.68463
15241,85.9104
15242,131.81215
15243,71.21466
15244,66.77235
15245,46.687073
15246,51.49079
15247,50.11705
15248,71.74631
15249,96.46728
15250,156.80623
15251,264.50574
15252,229.1763
15253,376.46722
15254,330.21344
15255,260.30426
15256,158.07101
15257,307.11282
15258,385.26776
15259,194.53923
15260,209.00911
15261,221.0666
15262,221.61263
15263,133.60213
15264,145.46346
15265,222.91487
15266,160.00911
15267,95.24087
15268,108.110695
15269,110.77312
15270,120.78165
15271,88.836
15272,212.7792
15273,225.36005
15274,125.5218
15275,222.01633
15276,149.89308
15277,120.24214
15278,94.49975
15279,82.885086
15280,65.855995
15281,301.45505
15282,195.8578
15283,161.79277
15284,87.23442
15285,173.48409
15286,204.09148
15287,223.8147
15288,157.95438
15289,103.61767
15290,155.42348
15291,226.57335
15292,452.4179
15293,406.84888
15294,223.35847
15295,359.10126
15296,423.74573
15297,404.61465
15298,418.6176
15299,220.82108
15300,409.419
15301,403.1342
15302,479.4521
15303,367.3557
15304,607.1657
15305,519.65967
15306,551.6341
15307,297.25104
15308,221.53114
15309,120.96823
15310,307.86856
15311,284.7406
15312,156.7787
15313,282.81793
15314,260.78836
15315,297.6655
15316,377.85553
15317,391.9877
15318,444.2935
15319,570.9192
15320,305.05902
15321,389.11636
15322,363.08292
15323,163.15413
15324,166.20929
15325,271.96973
15326,104.89504
15327,134.21054
15328,204.1678
15329,207.79178
15330,142.0035
15331,77.202156
15332,77.990524
15333,107.51312
15334,93.22016
15335,76.48495
15336,71.89209
15337,113.66169
15338,138.98807
15339,167.38104
15340,160.8474
15341,140.1666
15342,99.03712
15343,105.207115
15344,115.18116
15345,130.21649
15346,90.11553
15347,92.32994
15348,105.2116
15349,140.02888
15350,141.75562
15351,123.480705
15352,141.45943
15353,158.93745
15354,165.85744
15355,166.50293
15356,184.00735
15357,201.858
15358,194.38698
15359,199.56279
15360,190.00577
15361,194.19597
15362,150.74182
15363,124.91351
15364,116.290825
15365,128.47543
15366,157.6133
15367,188.18906
15368,142.7768
15369,171.59976
15370,187.93085
15371,260.66074
15372,218.8715
15373,264.22592
15374,315.1437
15375,330.64487
15376,391.0419
15377,352.63287
15378,416.13892
15379,472.1889
15380,458.65652
15381,535.9746
15382,602.03735
15383,612.0304
15384,658.5285
15385,702.1633
15386,684.2752
15387,680.6063
15388,691.6018
15389,640.998
15390,581.953
15391,582.48535
15392,638.64545
15393,590.4033
15394,550.8342
15395,533.8804
15396,593.24335
15397,526.26666
15398,472.3759
15399,389.15714
15400,367.7187
15401,356.39365
15402,345.51828
15403,446.28397
15404,425.49435
15405,358.24957
15406,433.74408
15407,286.56146
15408,202.51471
15409,277.771
15410,441.23972
15411,468.0006
15412,469.67664
15413,430.26266
15414,357.12012
15415,275.06894
15416,432.6142
15417,479.4765
15418,493.65802
15419,412.75534
15420,435.6323
15421,440.64105
15422,340.19208
15423,526.78046
15424,407.25278
15425,469.0383
15426,269.59952
15427,345.3451
15428,430.62213
15429,400.3702
15430,433.5769
15431,405.9477
15432,406.9939
15433,546.46735
15434,472.38754
15435,742.0839
15436,403.75745
15437,472.19977
15438,667.54846
15439,624.2935
15440,517.8286
15441,613.5596
15442,469.8894
15443,420.59387
15444,833.6476
15445,880.84064
15446,320.67465
15447,411.96982
15448,432.98334
15449,541.7933
15450,514.5864
15451,461.30103
15452,308.7837
15453,358.71423
15454,384.7435
15455,398.35114
15456,593.6875
15457,339.25128
15458,216.8479
15459,134.18785
15460,454.89844
15461,1063.632
15462,523.81866
15463,342.9528
15464,963.05176
15465,691.7057
15466,682.60815
15467,413.97202
15468,520.00745
15469,805.997
15470,631.1368
15471,286.74124
15472,264.5997
15473,368.7584
15474,254.55864
15475,220.69011
15476,265.45193
15477,199.25725
15478,207.06053
15479,127.163605
15480,11.812561
15481,51.55999
15482,54.903248
15483,49.677204
15484,78.12627
15485,108.36579
15486,168.84851
15487,153.71906
15488,98.86626
15489,43.488037
15490,85.97859
15491,114.956505
15492,87.0711
15493,108.69495
15494,84.88189
15495,98.59371
15496,94.755035
15497,144.71873
15498,104.127205
15499,103.24874
15500,111.05557
15501,91.28948
15502,76.95698
15503,63.053543
15504,65.64495
15505,156.94205
15506,289.92966
15507,258.5951
15508,258.3502
15509,267.56323
15510,619.9008
15511,708.903
15512,803.30005
15513,886.27716
15514,585.93536
15515,483.24554
15516,528.0775
15517,517.25586
15518,448.2299
15519,430.94485
15520,407.2103
15521,462.48645
15522,514.7207
15523,419.6917
15524,357.96002
15525,322.00372
15526,328.45175
15527,260.85168
15528,305.5064
15529,290.07962
15530,316.0326
15531,391.03934
15532,539.285
15533,488.49228
15534,594.26935
15535,470.4151
15536,505.89664
15537,434.92862
15538,433.4201
15539,447.152
15540,422.53845
15541,463.81033
15542,487.42758
15543,431.6056
15544,425.27228
15545,516.61847
15546,562.8212
15547,633.92206
15548,619.4085
15549,606.5179
15550,616.1331
15551,655.84875
15552,639.10004
15553,464.0595
15554,400.2038
15555,148.93405
15556,97.58421
15557,138.30023
15558,267.14746
15559,220.26834
15560,177.07869
15561,146.06305
15562,98.15169
15563,264.532
15564,258.12308
15565,195.32697
15566,232.13783
15567,154.20638
15568,145.54982
15569,66.73965
15570,122.418915
15571,78.42127
15572,78.27607
15573,169.05618
15574,96.74457
15575,95.69887
15576,137.51923
15577,108.52738
15578,121.174126
15579,109.380005
15580,120.93341
15581,98.89167
15582,73.26711
15583,48.172863
15584,144.23631
15585,53.638695
15586,37.665462
15587,3.147734
15588,77.92209
15589,236.98453
15590,115.1314
15591,71.29789
15592,3.2631993
15593,118.73017
15594,133.05945
15595,-1.133481
15596,-0.64493775
15597,-0.87787306
15598,-1.4247651
15599,296.4253
15600,246.77989
15601,184.25708
15602,160.10356
15603,73.675995
15604,90.24522
15605,206.95294
15606,307.9796
15607,144.68367
15608,304.34866
15609,469.55615
15610,437.64056
15611,392.16104
15612,405.5023
15613,1223.5414
15614,299.96567
15615,83.21587
15616,-0.24307877
15617,-0.81993234
15618,-0.46090695
15619,-0.28486082
15620,24.447266
15621,116.09196
15622,186.59262
15623,307.59738
15624,438.00766
15625,494.18976
15626,506.48947
15627,246.12251
15628,399.05197
15629,399.69986
15630,458.81287
15631,412.35745
15632,330.394
15633,328.86154
15634,178.704
15635,344.0726
15636,534.12756
15637,741.8734
15638,635.9725
15639,572.353
15640,565.8574
15641,450.06995
15642,403.27542
15643,513.32526
15644,565.76294
15645,480.45587
15646,282.7146
15647,464.00385
15648,562.55133
15649,763.98816
15650,823.192
15651,866.8758
15652,851.6883
15653,820.1721
15654,663.1041
15655,696.01654
15656,707.2337
15657,844.7697
15658,957.84875
15659,1010.35297
15660,974.48193
15661,766.12396
15662,767.00836
15663,670.7558
15664,533.17694
15665,545.45337
15666,588.9557
15667,601.803
15668,665.8757
15669,693.1558
15670,688.00854
15671,549.5416
15672,575.21216
15673,558.34296
15674,550.0817
15675,663.71796
15676,595.19696
15677,589.772
15678,654.6906
15679,601.96375
15680,616.75055
15681,534.2292
15682,519.9198
15683,469.86346
15684,504.42233
15685,454.34708
15686,393.006
15687,402.52896
15688,482.7532
15689,528.1206
15690,584.1414
15691,566.90717
15692,526.06354
15693,500.56073
15694,448.95728
15695,379.15454
15696,429.91592
15697,358.5203
15698,293.40646
15699,159.19226
15700,223.34329
15701,173.09123
15702,193.9696
15703,205.91005
15704,163.51915
15705,146.59984
15706,127.190735
15707,179.01363
15708,204.56944
15709,177.69307
15710,330.9498
15711,166.88371
15712,495.01602
15713,751.9368
15714,296.73154
15715,371.50635
15716,621.6258
15717,359.03943
15718,732.62634
15719,695.4667
15720,487.30383
15721,510.7693
15722,225.90126
15723,255.12639
15724,492.66812
15725,268.15387
15726,532.18427
15727,666.18384
15728,366.72314
15729,577.5498
15730,457.30472
15731,233.02065
15732,1106.2181
15733,1085.9272
15734,953.9102
15735,574.08405
15736,396.35532
15737,1028.4514
15738,701.77
15739,628.429
15740,590.4247
15741,838.3004
15742,897.09564
15743,704.0331
15744,343.8186
15745,1061.3203
15746,529.4459
15747,573.54645
15748,773.9449
15749,487.41357
15750,671.56525
15751,624.5082
15752,953.5683
15753,286.87454
15754,470.92142
15755,732.216
15756,940.7423
15757,980.7986
15758,397.57315
15759,324.97995
15760,892.3518
15761,305.7189
15762,571.86456
15763,330.53134
15764,390.52557
15765,349.71588
15766,227.78645
15767,154.17284
15768,232.36258
15769,700.62274
15770,468.3852
15771,397.0544
15772,492.65253
15773,567.1948
15774,832.8254
15775,721.4662
15776,583.167
15777,611.818
15778,687.4548
15779,713.6611
15780,739.74817
15781,591.5889
15782,620.8844
15783,592.74695
15784,912.9697
15785,846.77405
15786,744.59424
15787,629.2408
15788,657.88135
15789,568.375
15790,474.85013
15791,414.88394
15792,505.09354
15793,505.19608
15794,591.2862
15795,563.07117
15796,501.7427
15797,444.67276
15798,532.7079
15799,501.0671
15800,483.93964
15801,489.58844
15802,513.47205
15803,440.65494
15804,426.54944
15805,435.33856
15806,491.99475
15807,488.2398
15808,621.3792
15809,621.64813
15810,588.7882
15811,502.83405
15812,532.4967
15813,522.2632
15814,498.51498
15815,464.61786
15816,429.08798
15817,521.1701
15818,727.2084
15819,744.24414
15820,749.33405
15821,761.18494
15822,779.0555
15823,870.9903
15824,727.1099
15825,808.1807
15826,827.46936
15827,692.04803
15828,639.6978
15829,578.45233
15830,529.47003
15831,498.01443
15832,475.67355
15833,402.61227
15834,471.49924
15835,485.7925
15836,427.7008
15837,397.99963
15838,364.21405
15839,256.80457
15840,193.90356
15841,179.92914
15842,175.22417
15843,442.50046
15844,524.3592
15845,509.73007
15846,442.9834
15847,467.6701
15848,358.8852
15849,466.82196
15850,567.6036
15851,586.81006
15852,966.0824
15853,927.9363
15854,548.43427
15855,296.7058
15856,313.17853
15857,388.4207
15858,415.84137
15859,590.3319
15860,581.16345
15861,522.8787
15862,559.3892
15863,540.45166
15864,393.61252
15865,724.02625
15866,389.95804
15867,509.16074
15868,549.8387
15869,341.9922
15870,338.51346
15871,356.71906
15872,630.12195
15873,272.3077
15874,580.29834
15875,500.6944
15876,533.2986
15877,638.8663
15878,556.5973
15879,211.8207
15880,342.7421
15881,99.08194
15882,404.98273
15883,256.7597
15884,174.6754
15885,231.82762
15886,301.18045
15887,109.20074
15888,177.82474
15889,102.12585
15890,121.78349
15891,101.010185
15892,60.42691
15893,179.05447
15894,90.75674
15895,199.28943
15896,114.65593
15897,193.2598
15898,106.34162
15899,109.26731
15900,11.203433
15901,34.23092
15902,181.74803
15903,130.41568
15904,89.551315
15905,133.63004
15906,91.445145
15907,124.146706
15908,144.39197
15909,213.12796
15910,154.88094
15911,154.56575
15912,168.78001
15913,180.9072
15914,209.70326
15915,212.84692
15916,128.26704
15917,44.545155
15918,40.408943
15919,91.3393
15920,72.26188
15921,70.81158
15922,121.216644
15923,158.3041
15924,180.23293
15925,198.13065
15926,205.58893
15927,161.21877
15928,108.637596
15929,84.55511
15930,58.778095
15931,49.63715
15932,51.3766
15933,52.488754
15934,59.077858
15935,57.57708
15936,47.610184
15937,61.31844
15938,46.172626
15939,30.517286
15940,21.839487
15941,36.195854
15942,49.94283
15943,55.972294
15944,60.517735
15945,44.477905
15946,22.34563
15947,20.132284
15948,18.112837
15949,10.279318
15950,-5.651017
15951,-5.6323314
15952,-1.6135395
15953,-1.8104066
15954,-1.8172354
15955,-1.8523649
15956,-1.8511955
15957,-1.8519692
15958,-1.9467107
15959,-1.9467107
15960,-1.9467107
15961,-1.9299983
15962,-1.8841274
15963,-1.878014
15964,-1.6579831
15965,-1.5443099
15966,-1.5443099
15967,-1.400136
15968,-1.3440602
15969,-1.2336149
15970,-1.1997415
15971,-1.177509
15972,-1.177509
15973,-1.1302506
15974,-1.1302506
15975,-1.107601
15976,-1.0458385
15977,-1.1035333
15978,-1.1108215
15979,-1.054456
15980,-1.0319754
15981,-1.0056765
15982,-1.0056765
15983,-1.0213516
15984,-1.0116017
15985,-1.0545132
15986,-1.0330157
15987,-0.9820038
15988,-0.93233687
15989,-1.0140488
15990,-1.0501679
15991,-1.0512066
15992,-1.0429827
15993,-0.63540447
15994,-0.63540447
15995,-0.61273944
15996,-0.61273944
15997,-0.66571915
15998,-1.7964684
15999,-0.3842942
16000,-0.64588815
16001,-0.7220173
16002,-0.6409377
16003,-0.63072824
16004,-0.67202175
16005,-0.90813625
16006,-0.8461664
16007,-0.83200735
16008,-0.83200735
16009,-0.91995704
16010,-0.84716856
16011,-1.0113195
16012,-0.80180085
16013,-0.8852556
16014,-0.7554947
16015,-0.8537918
16016,-0.8394019
16017,-0.9166781
16018,-0.39105356
16019,25.905157
16020,-0.89823204
16021,-0.8329671
16022,-0.9159843
16023,-0.91822696
16024,-2.060863
16025,-0.42945683
16026,-1.2350184
16027,-1.235168
16028,-1.0524042
16029,-2.0239053
16030,6.4955454
16031,-1.7114569
16032,-1.9613186
16033,19.32899
16034,1.6584004
16035,-1.080287
16036,-1.1034594
16037,96.15975
16038,11.679148
16039,20.248682
16040,36.502117
16041,17.192013
16042,-1.7467608
16043,4.574085
16044,46.09403
16045,1.0549409
16046,0.914974
16047,39.59697
16048,1.6568426
16049,37.829052
16050,2.0102487
16051,41.270382
16052,26.991592
16053,59.73205
16054,89.20328
16055,106.16472
16056,156.33302
16057,175.19168
16058,193.22607
16059,242.5221
16060,208.7277
16061,155.29396
16062,329.88736
16063,319.82767
16064,334.42682
16065,500.93997
16066,506.95404
16067,429.5588
16068,248.11476
16069,196.49759
16070,181.9761
16071,155.84177
16072,122.02136
16073,115.74314
16074,102.610466
16075,115.17833
16076,103.030014
16077,130.35667
16078,184.1247
16079,220.99118
16080,183.6042
16081,208.3189
16082,182.71118
16083,188.15147
16084,144.05528
16085,159.51059
16086,257.1347
16087,247.63875
16088,143.21356
16089,144.82231
16090,158.73634
16091,106.34672
16092,123.96639
16093,111.75146
16094,105.79631
16095,132.80415
16096,106.00543
16097,138.79936
16098,196.42688
16099,195.07436
16100,283.38165
16101,216.76543
16102,159.0394
16103,103.196556
16104,78.92077
16105,43.49618
16106,30.912537
16107,39.80991
16108,65.71813
16109,62.29217
16110,15.445909
16111,-5.4818206
16112,-1.64109
16113,-1.3460841
16114,-1.0993414
16115,-0.8570949
16116,-0.88673925
16117,-0.87122065
16118,-0.83892405
16119,-0.8407293
16120,-0.8334073
16121,-0.805911
16122,-2.066417
16123,43.40709
16124,116.89301
16125,84.64023
16126,120.08207
16127,78.459015
16128,30.069221
16129,122.95749
16130,205.89131
16131,190.98657
16132,101.27969
16133,69.29341
16134,58.251667
16135,44.869015
16136,63.564545
16137,72.91176
16138,56.294895
16139,36.116474
16140,93.95119
16141,56.731182
16142,62.99617
16143,86.34859
16144,51.406494
16145,68.38655
16146,81.32951
16147,73.97845
16148,53.726444
16149,2.489103
16150,-0.6708663
16151,-0.5836326
16152,-1.4387
16153,-1.4211062
16154,21.469936
16155,28.95047
16156,36.269005
16157,100.139946
16158,81.26155
16159,125.74352
16160,178.1401
16161,252.84875
16162,234.57072
16163,161.70718
16164,106.78002
16165,117.88383
16166,99.22098
16167,265.34778
16168,308.29922
16169,247.30014
16170,314.90964
16171,182.2092
16172,291.93643
16173,194.91986
16174,198.39967
16175,152.69977
16176,484.62033
16177,352.17355
16178,154.08788
16179,114.60462
16180,159.92435
16181,313.3231
16182,370.08105
16183,232.5952
16184,444.40054
16185,379.72058
16186,464.1386
16187,259.7895
16188,250.03279
16189,149.14748
16190,71.22799
16191,22.58556
16192,3.3812613
16193,-1.1645236
16194,-0.7772175
16195,-0.7772175
16196,-0.7849361
16197,-0.5914743
16198,31.343988
16199,45.744736
16200,16.736385
16201,6.646609
16202,2.7771034
16203,35.96896
16204,40.323128
16205,31.290916
16206,19.679653
16207,34.938305
16208,41.80256
16209,37.489727
16210,17.411913
16211,7.7874985
16212,9.784983
16213,35.26922
16214,75.26186
16215,82.69438
16216,69.361
16217,45.9309
16218,44.390907
16219,47.431335
16220,93.353546
16221,76.43015
16222,113.519424
16223,163.5141
16224,192.60962
16225,286.0149
16226,479.6516
16227,459.9915
16228,564.84534
16229,678.4716
16230,665.60297
16231,716.55664
16232,643.0821
16233,598.65173
16234,650.5215
16235,482.59103
16236,452.2529
16237,353.4933
16238,366.46478
16239,347.58157
16240,296.45038
16241,373.16794
16242,372.066
16243,400.6486
16244,398.3766
16245,381.43002
16246,389.76282
16247,414.93884
16248,397.28482
16249,395.34097
16250,303.04337
16251,286.74088
16252,284.5999
16253,330.509
16254,316.07965
16255,322.99115
16256,321.0823
16257,330.7564
16258,382.82434
16259,253.23924
16260,308.0469
16261,351.37018
16262,258.92007
16263,279.56393
16264,285.47415
16265,324.47638
16266,326.91296
16267,287.25998
16268,340.5446
16269,327.7744
16270,278.35532
16271,202.0675
16272,106.687515
16273,136.64929
16274,166.91035
16275,288.2516
16276,332.19684
16277,213.59679
16278,177.10829
16279,166.74814
16280,182.64015
16281,220.2205
16282,177.34769
16283,249.99872
16284,231.76576
16285,171.36514
16286,96.43058
16287,79.0039
16288,93.713394
16289,121.4299
16290,121.056755
16291,95.77082
16292,182.74457
16293,129.72005
16294,153.68321
16295,-0.57165146
16296,12.588097
16297,15.199861
16298,26.537539
16299,-0.6812351
16300,3.848544
16301,7.936282
16302,50.37199
16303,61.342693
16304,22.096134
16305,101.913925
16306,3.817914
16307,5.956535
16308,55.994728
16309,-1.9620159
16310,38.2664
16311,84.70884
16312,61.70955
16313,108.33864
16314,7.5269604
16315,77.90149
16316,8.828479
16317,38.788437
16318,130.6958
16319,1.0248799
16320,85.92114
16321,48.71141
16322,176.07176
16323,66.57936
16324,25.903418
16325,78.20023
16326,57.503555
16327,102.000595
16328,175.88774
16329,177.80066
16330,41.69574
16331,121.03122
16332,118.52778
16333,72.244255
16334,104.43925
16335,139.84566
16336,173.61847
16337,95.10567
16338,191.9798
16339,178.64272
16340,235.25395
16341,243.38524
16342,206.50217
16343,160.50667
16344,209.8403
16345,249.50044
16346,252.31573
16347,213.91052
16348,247.75621
16349,206.53362
16350,286.44077
16351,308.27243
16352,330.94174
16353,344.4382
16354,382.5083
16355,412.81668
16356,193.90018
16357,263.8688
16358,253.34557
16359,228.68869
16360,241.59093
16361,276.13776
16362,326.84152
16363,335.96124
16364,319.75784
16365,331.51804
16366,342.10257
16367,448.48773
16368,448.91986
16369,424.1228
16370,325.3133
16371,375.5536
16372,352.043
16373,303.23282
16374,273.4933
16375,303.2037
16376,240.79579
16377,43.65691
16378,195.53296
16379,169.66905
16380,177.05652
16381,208.38492
16382,198.01703
16383,196.90273
16384,244.92618
16385,233.56133
16386,218.36598
16387,167.35547
16388,154.89105
16389,175.2712
16390,179.67345
16391,180.66713
16392,171.52301
16393,253.88853
16394,245.30307
16395,211.17279
16396,156.95215
16397,142.23552
16398,145.92097
16399,154.34003
16400,144.06128
16401,173.97305
16402,176.75053
16403,160.03847
16404,133.93831
16405,95.56193
16406,102.775696
16407,96.29308
16408,65.750725
16409,48.412693
16410,52.611862
16411,66.46145
16412,52.032475
16413,18.749165
16414,4.8355412
16415,8.949519
16416,-2.5232584
16417,-4.891939
16418,-2.9610486
16419,-1.515628
16420,-1.6496398
16421,-1.4690193
16422,-1.7479309
16423,-1.8056507
16424,-1.7787864
16425,-1.5925336
16426,-1.8013659
16427,-1.888896
16428,-1.888896
16429,-1.888896
16430,-1.8875544
16431,-4.012372
16432,-1.7061657
16433,-1.5890331
16434,-1.2883841
16435,-1.2593513
16436,-1.2431178
16437,-1.0248531
16438,-0.94295895
16439,-0.9125333
16440,23.509676
16441,-1.4292532
16442,-0.99918085
16443,-1.8053536
16444,-1.7954595
16445,-1.1656307
16446,-1.1260977
16447,-1.1564615
16448,-1.111593
16449,-1.7536743
16450,-1.1360717
16451,-1.8952562
16452,-1.1350958
16453,-2.1778176
16454,-1.7372738
16455,5.5793395
16456,10.781311
16457,50.65708
16458,92.581856
16459,147.48198
16460,107.62593
16461,5.8069963
16462,-1.3600252
16463,3.1648924
16464,78.48563
16465,-0.38623944
16466,27.309517
16467,-1.5736029
16468,-0.873759
16469,75.249916
16470,126.23167
16471,226.99167
16472,147.2742
16473,144.23639
16474,256.6698
16475,143.76666
16476,150.49365
16477,15.384583
16478,98.66188
16479,252.10765
16480,185.47084
16481,169.16246
16482,157.00165
16483,208.88368
16484,187.85126
16485,168.83296
16486,180.29582
16487,379.57654
16488,396.719
16489,253.53351
16490,345.17783
16491,405.1424
16492,369.9594
16493,377.00574
16494,381.8399
16495,417.14764
16496,259.1212
16497,112.345665
16498,179.49797
16499,106.20424
16500,18.25614
16501,25.885702
16502,45.238384
16503,34.44048
16504,15.00337
16505,13.752067
16506,16.401793
16507,15.796026
16508,35.57144
16509,88.03062
16510,152.15816
16511,216.91846
16512,231.2507
16513,272.69266
16514,317.23352
16515,366.49258
16516,323.88486
16517,166.11401
16518,89.81462
16519,66.7712
16520,65.38254
16521,75.65208
16522,93.56768
16523,97.092804
16524,150.91104
16525,555.69415
16526,642.6568
16527,416.89566
16528,243.87126
16529,166.66187
16530,215.46532
16531,204.75702
16532,155.75797
16533,176.89587
16534,182.31679
16535,217.26038
16536,214.2053
16537,209.94492
16538,219.6987
16539,274.13077
16540,247.53754
16541,171.14877
16542,192.81837
16543,263.32504
16544,270.01602
16545,292.61777
16546,306.09708
16547,321.6965
16548,346.95215
16549,315.07175
16550,302.78476
16551,370.4425
16552,425.63815
16553,403.75916
16554,374.2827
16555,352.92413
16556,332.431
16557,290.98312
16558,379.65417
16559,449.93344
16560,310.66187
16561,245.36201
16562,176.81877
16563,184.8701
16564,73.635506
16565,79.78548
16566,167.06631
16567,88.059
16568,160.75583
16569,139.88776
16570,168.5777
16571,129.77151
16572,145.62885
16573,172.78067
16574,112.00412
16575,63.814137
16576,76.41245
16577,160.07295
16578,102.28565
16579,186.47368
16580,169.3439
16581,222.3067
16582,192.23059
16583,196.74968
16584,155.99596
16585,113.536514
16586,115.110054
16587,223.6824
16588,236.58427
16589,239.43723
16590,117.21089
16591,179.40805
16592,211.78056
16593,356.04785
16594,269.50333
16595,339.0877
16596,325.29065
16597,306.10654
16598,278.73303
16599,253.15254
16600,230.2744
16601,265.9288
16602,179.44225
16603,145.43213
16604,175.64003
16605,355.71426
16606,224.61125
16607,156.48203
16608,121.376335
16609,25.234858
16610,24.380898
16611,-1.4851094
16612,-0.6684538
16613,-0.3903686
16614,-0.2898293
16615,-0.5761278
16616,-0.5178481
16617,-0.4898571
16618,-0.43484
16619,-1.17999
16620,-1.238438
16621,-0.5544184
16622,-0.55426085
16623,0.48943716
16624,-0.48337758
16625,-0.5232815
16626,-0.5852083
16627,-0.5852083
16628,-0.62766707
16629,-0.7094327
16630,-0.7338926
16631,-0.7338926
16632,-0.7338926
16633,-0.7094327
16634,-0.69706154
16635,-0.76984364
16636,-0.75389844
16637,-0.79361063
16638,-0.76984364
16639,-0.8182709
16640,-0.9389861
16641,-0.7076619
16642,-0.6725927
16643,-0.6725927
16644,-0.69482523
16645,-0.76075596
16646,-1.5851969
16647,-0.7252193
16648,-0.6633799
16649,-0.53863394
16650,-0.48786572
16651,-0.5366726
16652,-0.4720209
16653,-0.4888797
16654,-0.5041232
16655,-0.3682887
16656,-0.5633008
16657,-0.5633008
16658,-0.65115964
16659,-0.5076737
16660,-0.5809607
16661,-0.6030142
16662,-0.6518441
16663,-0.61212105
16664,-0.61212105
16665,-0.61302936
16666,-0.628273
16667,-0.76236445
16668,-0.88720995
16669,-0.8861638
16670,-0.91123056
16671,-1.0780679
16672,-1.0884955
16673,-1.8046352
16674,-1.1438257
16675,-1.1438257
16676,-1.1384562
16677,-1.0654112
16678,-1.0806223
16679,-1.0806223
16680,-1.0654112
16681,-1.0654112
16682,-1.0496142
16683,-1.0119963
16684,-1.0119963
16685,-1.0340059
16686,-1.0485237
16687,-1.8141749
16688,-1.0061805
16689,17.792852
16690,24.41969
16691,20.878616
16692,117.39536
16693,57.54154
16694,41.938393
16695,54.082733
16696,50.04087
16697,80.786255
16698,61.62969
16699,43.576355
16700,20.76812
16701,-0.62859696
16702,-0.6931015
16703,-0.70173633
16704,-0.6098051
16705,-1.3577325
16706,-0.58797055
16707,-0.5500947
16708,-0.62506783
16709,-0.77462804
16710,-0.14613801
16711,14.598513
16712,46.119175
16713,73.891594
16714,46.31338
16715,22.147049
16716,22.472425
16717,-1.1079074
16718,0.7842667
16719,-0.6124634
16720,-0.774244
16721,-0.646651
16722,-0.68798745
16723,-1.337795
16724,22.756754
16725,2.84297
16726,-0.63665247
16727,-0.5387687
16728,-0.49745086
16729,-0.537304
16730,-0.6842892
16731,-0.5192039
16732,-0.37888736
16733,62.84035
16734,25.324839
16735,-0.79064006
16736,-0.6888931
16737,-1.2419991
16738,365.94983
16739,338.7031
16740,77.41756
16741,39.40116
16742,-3.4978666
16743,-0.76361626
16744,-0.6287453
16745,-0.7293687
16746,-0.7591576
16747,13.698861
16748,170.28813
16749,185.5235
16750,118.93986
16751,115.691124
16752,156.61755
16753,77.810974
16754,129.92964
16755,266.03372
16756,148.58716
16757,108.794716
16758,84.214935
16759,343.36157
16760,40.76613
16761,39.977566
16762,1.4349256
16763,0.5460128
16764,-3.6136801
16765,-3.2019653
16766,-2.8359954
16767,59.994133
16768,171.5506
16769,134.10759
16770,45.76354
16771,-1.5181122
16772,0.45671663
16773,36.600468
16774,-1.5211867
16775,-0.8810869
16776,-0.81163335
16777,10.918055
16778,6.609617
16779,18.249958
16780,0.023799881
16781,-0.7233294
16782,-0.6583852
16783,-1.2632306
16784,-0.4327207
16785,-0.59055823
16786,-0.62769353
16787,-0.6894346
16788,-0.61298454
16789,-0.57043874
16790,-0.7000571
16791,-0.6719237
16792,-0.76273453
16793,-0.6159916
16794,-0.70102257
16795,-0.86514544
16796,-0.90699416
16797,-0.64007396
16798,-0.81746477
16799,-0.7769984
16800,-0.6337741
16801,-0.77833456
16802,-0.7089677
16803,-0.65260255
16804,-0.6350535
16805,-0.69942605
16806,-0.8208418
16807,-0.8430743
16808,-0.87070847
16809,-0.9672508
16810,-1.0463809
16811,-1.0453346
16812,-1.0536258
16813,-1.1740782
16814,-1.188596
16815,-1.7463418
16816,101.451065
16817,115.536644
16818,137.40569
16819,77.34416
16820,66.48885
16821,45.601562
16822,30.59841
16823,1.8583423
16824,-4.2500496
16825,-3.2487152
16826,-0.7695556
16827,-0.75564176
16828,-0.7856089
16829,-0.7961029
16830,-0.5307772
16831,-0.650302
16832,-0.6874344
16833,-0.93086153
16834,-0.9513938
16835,-0.9362603
16836,-0.93314165
16837,-1.5649763
16838,-0.90772694
16839,-0.8924728
16840,-0.8924728
16841,-0.9006199
16842,-1.5510019
16843,-0.8956527
16844,-0.9514859
16845,-0.80470145
16846,-0.7619144
16847,-0.7949544
16848,-0.88740957
16849,-0.8082019
16850,-0.8633927
16851,-1.0380731
16852,-1.0603056
16853,-1.0995764
16854,-1.0826404
16855,-1.1165141
16856,-1.1415815
16857,-1.0983244
16858,-1.0129998
16859,-1.072723
16860,-1.0388494
16861,-1.8014061
16862,-0.97849303
16863,-0.8139308
16864,-0.9828499
16865,-0.9945624
16866,-1.0192844
16867,-1.0192844
16868,-0.9249507
16869,97.096954
16870,380.04495
16871,368.72488
16872,363.77243
16873,472.1463
16874,63.86276
16875,-0.352329
16876,-0.43101737
16877,-0.17476285
16878,-0.9087315
16879,-0.790529
16880,-0.7788632
16881,-0.78442585
16882,-0.60722256
16883,-1.3554552
16884,23.178875
16885,37.31209
16886,7.801822
16887,-6.2103415
16888,-0.65822643
16889,-1.380062
16890,-1.4223268
16891,-1.2954098
16892,-1.2954098
16893,-0.8886708
16894,-0.90793216
16895,48.86113
16896,449.55716
16897,270.4832
16898,-0.6057054
16899,239.98253
16900,122.82474
16901,87.21257
16902,9.393088
16903,-3.0158184
16904,3.3217008
16905,-0.89710826
16906,-0.9156395
16907,-0.89113486
16908,-0.83297145
16909,-1.457093
16910,-1.2586261
16911,362.90518
16912,532.1619
16913,123.66729
16914,0.34914082
16915,-2.1908205
16916,-0.5720949
16917,-0.57945806
16918,-0.49568814
16919,-0.47848937
16920,-0.47875032
16921,-0.8246912
16922,-0.8246912
16923,4.6066957
16924,97.93887
16925,158.13425
16926,253.77771
16927,229.75476
16928,164.39839
16929,141.00655
16930,120.99652
16931,374.9359
16932,481.58755
16933,416.347
16934,419.70874
16935,465.9793
16936,440.09244
16937,545.33136
16938,525.91266
16939,519.0027
16940,678.0956
16941,727.43054
16942,715.2512
16943,731.3415
16944,853.6578
16945,1034.2944
16946,946.45746
16947,847.6838
16948,1129.0208
16949,1132.3091
16950,1029.3417
16951,1040.3054
16952,923.7788
16953,795.1629
16954,798.9683
16955,965.83545
16956,1004.2444
16957,909.6303
16958,931.5064
16959,789.21423
16960,635.24915
16961,621.97906
16962,667.4588
16963,523.5099
16964,398.87
16965,433.19006
16966,455.6722
16967,493.33594
16968,561.7283
16969,522.5691
16970,579.49615
16971,498.75244
16972,599.9441
16973,605.929
16974,404.07407
16975,381.0659
16976,236.23221
16977,170.92426
16978,123.31945
16979,138.6664
16980,205.61505
16981,260.1169
16982,255.93314
16983,131.27008
16984,165.01833
16985,158.65823
16986,142.72505
16987,167.37029
16988,143.42734
16989,113.28003
16990,93.587944
16991,73.70489
16992,72.05658
16993,24.658838
16994,17.302368
16995,22.639591
16996,29.239786
16997,37.754063
16998,46.16122
16999,30.330587
17000,60.975475
17001,96.438965
17002,36.35843
17003,98.457344
17004,180.91608
17005,80.65267
17006,92.25947
17007,119.43865
17008,181.97958
17009,85.49445
17010,346.26974
17011,232.19135
17012,246.61769
17013,379.73032
17014,245.37633
17015,162.79599
17016,233.49957
17017,148.65266
17018,256.9393
17019,178.79094
17020,89.88474
17021,34.193806
17022,16.059841
17023,121.132744
17024,333.65598
17025,119.51207
17026,190.8719
17027,277.96594
17028,305.27585
17029,268.66754
17030,307.09885
17031,414.4275
17032,347.56622
17033,285.00967
17034,221.15433
17035,189.18614
17036,365.26187
17037,289.87024
17038,279.53876
17039,282.94037
17040,190.19371
17041,167.2025
17042,152.93515
17043,106.10319
17044,187.83429
17045,100.920944
17046,110.241585
17047,58.57969
17048,117.878975
17049,106.23949
17050,115.514465
17051,219.22693
17052,97.26096
17053,81.46109
17054,113.84333
17055,150.9951
17056,158.81406
17057,109.2571
17058,190.41219
17059,115.2881
17060,94.80449
17061,112.35257
17062,124.37656
17063,221.88611
17064,232.32967
17065,209.55402
17066,187.52008
17067,209.4436
17068,197.17917
17069,183.2615
17070,185.8209
17071,259.7552
17072,297.89066
17073,239.70175
17074,266.65665
17075,233.37271
17076,265.74905
17077,288.09827
17078,206.11688
17079,301.28726
17080,322.56314
17081,253.54553
17082,244.51616
17083,231.79378
17084,220.86485
17085,159.11601
17086,146.12431
17087,154.01027
17088,176.97513
17089,122.28994
17090,123.52919
17091,114.21082
17092,133.91089
17093,190.37216
17094,448.86023
17095,505.6215
17096,371.943
17097,264.50455
17098,194.35199
17099,264.70975
17100,247.86363
17101,211.11
17102,204.8504
17103,178.22943
17104,127.775604
17105,94.35507
17106,28.465635
17107,1.629879
17108,14.095133
17109,21.8021
17110,46.71748
17111,23.785938
17112,4.587242
17113,-2.9393592
17114,-0.9091715
17115,-0.94775045
17116,-0.84995866
17117,-0.7686665
17118,-0.747514
17119,-0.74476606
17120,-0.6977344
17121,-0.73786116
17122,-0.7848928
17123,-0.8183505
17124,-0.8183505
17125,-0.82881093
17126,-0.8535112
17127,-0.9585698
17128,-0.9585698
17129,-1.0127038
17130,-0.9815861
17131,-0.9720924
17132,-0.98790354
17133,-0.98790354
17134,-1.004641
17135,-1.0740561
17136,-1.0857204
17137,-1.0180452
17138,-1.0276033
17139,-0.9465237
17140,-0.9465237
17141,-0.9964963
17142,-0.99475205
17143,-1.0227857
17144,-0.9842876
17145,-1.0476208
17146,-2.0747929
17147,-1.0298036
17148,-0.9837591
17149,-1.6698498
17150,-1.1035805
17151,-1.051558
17152,-0.9000994
17153,-0.88593274
17154,-0.91297525
17155,-0.97579914
17156,-0.9926516
17157,-0.9480895
17158,-1.0379574
17159,-1.0379574
17160,-0.8950844
17161,-1.0046047
17162,-0.8665635
17163,-0.9497525
17164,-0.93457013
17165,-0.99905473
17166,-0.9321556
17167,-0.7942492
17168,-0.76739866
17169,-1.028024
17170,-0.8956143
17171,-0.8863655
17172,-0.8985325
17173,-0.8779913
17174,-1.0168289
17175,-0.8367571
17176,-1.1517137
17177,-0.8336803
17178,-0.784402
17179,-0.7444522
17180,-0.89533234
17181,-1.0114672
17182,20.530645
17183,28.667479
17184,-1.0036908
17185,-1.7075032
17186,-0.9547662
17187,34.98731
17188,161.10516
17189,88.20859
17190,56.53502
17191,-1.1901592
17192,13.998402
17193,51.250217
17194,21.621122
17195,3.7899103
17196,13.847372
17197,76.20131
17198,24.504498
17199,8.396517
17200,-1.4564743
17201,56.275444
17202,68.09973
17203,53.840687
17204,67.480415
17205,96.44642
17206,56.93536
17207,126.62562
17208,138.77814
17209,162.67621
17210,204.0146
17211,222.09491
17212,286.70706
17213,240.36972
17214,256.03442
17215,292.88904
17216,339.45303
17217,382.94843
17218,356.87234
17219,334.54657
17220,365.5144
17221,392.26575
17222,376.52365
17223,393.29794
17224,360.10736
17225,342.4242
17226,419.67447
17227,396.5121
17228,329.33975
17229,281.05817
17230,189.271
17231,184.089
17232,240.3376
17233,282.99655
17234,304.31543
17235,320.67838
17236,237.7937
17237,250.1175
17238,280.7028
17239,226.5858
17240,239.00833
17241,263.76172
17242,280.13376
17243,205.3185
17244,179.25471
17245,243.5917
17246,249.80641
17247,217.2224
17248,259.68146
17249,279.40143
17250,241.40082
17251,207.54855
17252,204.31007
17253,181.5519
17254,216.14488
17255,259.75998
17256,266.96164
17257,273.99084
17258,310.805
17259,365.45343
17260,485.58673
17261,477.89163
17262,441.54138
17263,258.2407
17264,248.4577
17265,190.99315
17266,241.85033
17267,323.9806
17268,286.6168
17269,363.16867
17270,246.70921
17271,189.1202
17272,250.0394
17273,231.20894
17274,201.0595
17275,138.18907
17276,152.61143
17277,108.86617
17278,79.25282
17279,136.51437
17280,307.84344
17281,379.0983
17282,382.09073
17283,513.7874
17284,489.27426
17285,442.92734
17286,280.21213
17287,373.71265
17288,288.49814
17289,594.1187
17290,389.14026
17291,641.1914
17292,548.33246
17293,671.36255
17294,640.76184
17295,735.21686
17296,719.77795
17297,1027.4313
17298,913.2454
17299,804.28143
17300,871.6444
17301,915.8254
17302,1049.8824
17303,927.24255
17304,911.92084
17305,901.10785
17306,1280.1028
17307,820.45026
17308,1515.4658
17309,1307.007
17310,1291.8984
17311,834.23206
17312,1027.6936
17313,629.147
17314,346.85126
17315,698.41925
17316,1126.3585
17317,1042.9824
17318,861.07605
17319,932.00104
17320,1434.4673
17321,1482.9589
17322,1096.9819
17323,1033.1111
17324,1302.8099
17325,1134.6642
17326,996.75635
17327,1415.8893
17328,1700.4192
17329,1475.7684
17330,1073.409
17331,838.73846
17332,1437.9468
17333,850.2605
17334,1057.4823
17335,1303.1621
17336,1371.168
17337,1455.1073
17338,691.4516
17339,579.0161
17340,1019.5222
17341,1465.1566
17342,1113.9214
17343,1755.4421
17344,1792.8013
17345,1624.5857
17346,1329.5854
17347,1084.024
17348,702.52374
17349,478.1526
17350,875.8754
17351,883.4554
17352,1062.7228
17353,1426.4078
17354,1685.9558
17355,1814.4625
17356,1683.7972
17357,1676.2196
17358,1755.4589
17359,1568.3104
17360,1321.7538
17361,1617.4429
17362,1257.3036
17363,1392.1558
17364,1868.5046
17365,1282.3787
17366,649.6943
17367,254.5612
17368,389.70566
17369,358.25137
17370,392.7456
17371,275.64252
17372,221.69122
17373,215.14627
17374,99.2267
17375,55.6318
17376,30.179148
17377,137.81183
17378,312.32343
17379,1259.8744
17380,1018.3402
17381,526.3929
17382,987.5326
17383,621.64606
17384,691.13367
17385,835.6732
17386,814.0377
17387,558.8912
17388,516.2245
17389,481.16235
17390,577.56305
17391,322.47467
17392,319.29935
17393,278.33655
17394,281.5368
17395,235.39476
17396,441.79315
17397,455.46213
17398,549.9709
17399,596.8365
17400,559.0656
17401,657.23914
17402,642.4974
17403,621.1549
17404,534.8681
17405,473.89023
17406,470.98026
17407,383.7206
17408,456.96365
17409,733.4682
17410,685.6791
17411,530.3124
17412,459.70175
17413,548.31055
17414,586.0414
17415,476.72147
17416,412.07578
17417,376.7023
17418,411.89328
17419,413.82175
17420,413.3772
17421,483.33914
17422,313.40268
17423,333.2838
17424,416.11322
17425,410.48044
17426,436.65317
17427,398.25705
17428,555.61383
17429,579.3553
17430,512.5658
17431,652.50995
17432,641.7295
17433,583.96313
17434,622.94104
17435,445.78568
17436,564.41016
17437,408.31168
17438,332.3573
17439,385.30823
17440,337.71625
17441,160.804
17442,386.74155
17443,179.1725
17444,142.92906
17445,233.79056
17446,339.4798
17447,195.99936
17448,34.88515
17449,216.35168
17450,721.95496
17451,386.7281
17452,154.93515
17453,263.4311
17454,487.48334
17455,229.72191
17456,91.22578
17457,57.218056
17458,74.22354
17459,189.43675
17460,422.58487
17461,470.7127
17462,198.49457
17463,315.6039
17464,515.3855
17465,579.28577
17466,630.3589
17467,542.36206
17468,330.69482
17469,323.88452
17470,222.58624
17471,459.70645
17472,411.29175
17473,358.1562
17474,253.42783
17475,311.90768
17476,194.87648
17477,268.40976
17478,145.91185
17479,216.37007
17480,102.36506
17481,218.75407
17482,213.1701
17483,189.82881
17484,115.54729
17485,72.588326
17486,195.97992
17487,492.97806
17488,586.839
17489,380.44952
17490,405.06152
17491,167.39983
17492,121.269684
17493,74.106255
17494,45.16031
17495,45.824387
17496,75.912224
17497,69.004005
17498,159.60622
17499,177.47142
17500,124.76121
17501,139.82411
17502,101.938286
17503,208.91151
17504,466.16827
17505,545.4957
17506,631.8419
17507,373.3164
17508,241.59969
17509,182.98524
17510,153.75671
17511,130.80455
17512,156.73572
17513,199.81728
17514,215.98843
17515,250.0156
17516,294.4566
17517,254.59357
17518,171.34872
17519,210.4715
17520,292.52066
17521,384.57187
17522,419.78568
17523,425.39688
17524,461.61792
17525,563.9249
17526,551.72
17527,270.60178
17528,216.41824
17529,233.49739
17530,254.59555
17531,265.64557
17532,179.19044
17533,116.52173
17534,91.797775
17535,59.81133
17536,68.375114
17537,51.59331
17538,35.912716
17539,41.624855
17540,26.875889
17541,6.5115895
17542,27.141441
17543,12.934622
17544,3.4043355
17545,4.3672276
17546,39.55138
17547,37.10424
17548,41.018494
17549,49.475838
17550,46.21807
17551,44.807602
17552,51.746742
17553,42.744858
17554,-2.0795121
17555,-1.0270532
17556,-1.0597798
17557,-1.0404568
17558,-0.89002246
17559,-0.9039863
17560,-0.98503125
17561,-0.86783624
17562,-0.97857255
17563,-0.945495
17564,-0.82912475
17565,-0.75069463
17566,-0.75069463
17567,-0.75069463
17568,-0.76804036
17569,-0.82508713
17570,-0.78285426
17571,-0.78285426
17572,-0.82815987
17573,-0.78285426
17574,-0.82815987
17575,-0.839379
17576,-0.839379
17577,-0.839379
17578,-0.839379
17579,-0.84019357
17580,-0.91558033
17581,-0.9291406
17582,-0.8981548
17583,-0.8365465
17584,-0.8362432
17585,-0.83916134
17586,-0.887175
17587,-1.0007119
17588,-1.0206614
17589,-1.0497307
17590,-1.0248568
17591,-1.0162687
17592,-0.95143336
17593,-1.0671154
17594,-1.2246225
17595,-1.1536459
17596,-1.111458
17597,-1.0998806
17598,-1.111458
17599,-1.0479172
17600,-1.0594945
17601,-1.0308365
17602,-1.0317067
17603,-1.0317067
17604,-0.9863937
17605,-0.9265491
17606,-0.9329922
17607,-0.8722613
17608,-0.9265491
17609,-0.9265491
17610,-0.95078397
17611,-0.93779385
17612,-0.8731344
17613,-0.8731344
17614,148.76392
17615,112.668915
17616,131.40347
17617,73.2375
17618,51.356544
17619,54.5473
17620,66.02012
17621,93.62366
17622,153.85313
17623,170.01904
17624,161.39815
17625,78.99117
17626,137.14937
17627,147.9221
17628,168.8743
17629,171.18105
17630,170.55861
17631,140.22159
17632,83.406715
17633,122.38034
17634,185.2934
17635,226.13936
17636,159.57512
17637,202.59453
17638,185.78299
17639,79.19763
17640,-1.1576803
17641,6.07464
17642,88.12718
17643,93.2792
17644,110.25871
17645,190.65096
17646,167.94969
17647,94.65743
17648,39.851646
17649,76.62985
17650,62.319004
17651,26.614662
17652,26.605856
17653,1.0749274
17654,17.892014
17655,23.959322
17656,67.63616
17657,79.86242
17658,69.68465
17659,78.70438
17660,99.275925
17661,75.07871
17662,55.625412
17663,84.31449
17664,102.97027
17665,83.0548
17666,9.811883
17667,-2.641513
17668,-1.8897791
17669,-1.2743589
17670,-1.1716238
17671,-1.1275676
17672,-1.1159376
17673,-1.0584455
17674,-1.0563871
17675,-1.0563871
17676,-0.88051915
17677,-0.88660616
17678,-0.8165696
17679,-0.89425236
17680,-0.9151016
17681,-0.9225136
17682,-0.9767605
17683,-0.9113431
17684,-0.94815683
17685,-0.94457406
17686,-0.94457406
17687,-0.94457406
17688,-0.94457406
17689,-0.95625967
17690,-1.0135742
17691,-1.0135742
17692,-1.0332978
17693,-1.0946537
17694,-1.0946537
17695,-1.0412812
17696,-1.0412812
17697,-0.9727063
17698,-0.97992545
17699,-0.9796222
17700,-0.98559034
17701,-0.9312733
17702,-0.85869515
17703,-0.94038254
17704,-0.9556013
17705,-1.0934641
17706,-0.7846035
17707,-0.7542564
17708,-0.79451007
17709,-0.8594108
17710,-0.9494505
17711,-0.9820027
17712,-1.0154914
17713,-1.0942408
17714,-1.1441611
17715,-1.1441611
17716,-1.0942408
17717,-1.1001469
17718,-1.045363
17719,-1.0570308
17720,-1.071775
17721,-1.0570308
17722,-1.0980061
17723,-1.1533685
17724,-1.1065521
17725,-1.7076178
17726,-1.0747385
17727,-1.0543848
17728,-1.1402514
17729,-0.99390787
17730,-0.9038848
17731,143.83862
17732,317.42447
17733,206.08649
17734,238.77998
17735,405.23447
17736,215.50719
17737,101.37565
17738,58.623962
17739,118.88046
17740,78.75945
17741,69.70482
17742,105.08203
17743,48.825672
17744,47.71703
17745,28.692162
17746,67.17499
17747,46.889137
17748,45.80286
17749,1.6641966
17750,-0.84135324
17751,-0.84179443
17752,-0.73317236
17753,-0.719562
17754,-0.7986154
17755,-0.77511835
17756,-0.6993352
17757,-0.75770307
17758,-0.7573998
17759,-0.9326291
17760,-0.9343459
17761,-1.0191696
17762,-1.0052452
17763,-1.9020156
17764,-0.8075405
17765,-1.0281656
17766,-1.0115597
17767,-0.87931764
17768,-1.0039258
17769,-0.97261834
17770,-0.9290285
17771,-0.9064168
17772,-0.92337716
17773,-0.9019166
17774,-1.5409694
17775,-0.94653964
17776,-0.87025535
17777,-0.82586884
17778,-0.8172165
17779,-0.81772673
17780,-0.6992606
17781,-0.7126523
17782,-0.6992606
17783,-0.6623789
17784,-0.6992606
17785,-0.7903024
17786,-0.8561304
17787,-0.8561304
17788,-0.92316765
17789,-0.9547805
17790,-0.956525
17791,-0.97102827
17792,-0.97102827
17793,-0.9658269
17794,-0.9662555
17795,-1.0473353
17796,-1.0225
17797,-1.0460802
17798,-1.0059371
17799,-1.0059371
17800,-1.0059371
17801,-1.0059371
17802,-1.0059371
17803,-0.9854854
17804,-0.9854854
17805,-0.98219556
17806,-0.9430812
17807,-0.946371
17808,-0.946371
17809,-0.96917474
17810,-0.99183965
17811,-1.0026982
17812,-1.0285926
17813,-1.0026982
17814,-0.9833231
17815,-1.028069
17816,-1.028069
17817,-1.0021744
17818,-1.0389299
17819,-1.054727
17820,-1.0216309
17821,-1.0477545
17822,-1.0559018
17823,-1.0401047
17824,-1.0559018
17825,-1.0761404
17826,-1.1381141
17827,-1.1436028
17828,-1.1900401
17829,-1.2314075
17830,-1.1081599
17831,-1.1669289
17832,-1.2369909
17833,-1.94648
17834,-1.2987554
17835,-1.1166638
17836,-1.2314907
17837,-1.2307652
17838,-1.131255
17839,-1.2024833
17840,-1.1578119
17841,-1.0605382
17842,-1.0605382
17843,-1.0934751
17844,-1.1437484
17845,-1.1572794
17846,-1.0899533
17847,-1.2809348
17848,-1.0979823
17849,-1.2429459
17850,-1.2190347
17851,-1.1844004
17852,-1.1844004
17853,-1.1784323
17854,-1.1784323
17855,-1.235876
17856,-1.1944933
17857,-1.38411
17858,-1.3685952
17859,-1.3685952
17860,-1.3250004
17861,-1.3527682
17862,-1.374859
17863,-1.3439347
17864,-1.2769144
17865,-1.2501996
17866,-1.1580288
17867,-1.1277139
17868,-1.1032833
17869,-1.7970587
17870,-1.273556
17871,-1.130907
17872,37.368984
17873,2.9275916
17874,-1.2071726
17875,-1.3236222
17876,-1.3084514
17877,-1.8634784
17878,19.09557
17879,36.07384
17880,84.14333
17881,115.5887
17882,73.74246
17883,104.02718
17884,12.367429
17885,-2.6256564
17886,-1.0950819
17887,-1.6890094
17888,-1.6679907
17889,-1.554562
17890,3.6054912
17891,13.75765
17892,-0.82733285
17893,-1.2171705
17894,126.60419
17895,50.412247
17896,24.76363
17897,23.743038
17898,38.17263
17899,-2.794963
17900,-1.0290455
17901,-1.6759322
17902,21.208296
17903,-1.5142889
17904,74.580444
17905,87.845856
17906,52.804363
17907,-0.9695916
17908,-0.51336133
17909,-1.3425739
17910,57.516953
17911,17.035889
17912,-0.7737932
17913,-0.8838656
17914,-1.2403734
17915,114.08469
17916,92.43241
17917,104.29685
17918,75.86115
17919,5.04198
17920,-1.8765581
17921,-0.8481195
17922,-0.8481195
17923,-0.82542557
17924,-1.4683563
17925,8.446609
17926,107.033165
17927,60.065544
17928,116.588745
17929,85.6015
17930,57.17407
17931,52.156723
17932,65.222336
17933,53.518513
17934,49.723667
17935,23.266201
17936,31.68102
17937,40.066124
17938,9.667136
17939,-4.3156314
17940,-6.2110114
17941,-2.2053058
17942,-0.8752388
17943,-1.5010958
17944,-0.9361908
17945,-0.9384709
17946,-0.9384709
17947,-0.9325344
17948,-0.9842705
17949,-0.8423797
17950,-0.94000185
17951,-0.8897115
17952,-0.835341
17953,-0.7876468
17954,-0.8248874
17955,-0.7858311
17956,-0.8450804
17957,-0.8291924
17958,-0.8468941
17959,-0.8046338
17960,-0.84138685
17961,-0.8884185
17962,-0.8988789
17963,-0.96787626
17964,-0.96787626
17965,-0.99470663
17966,-0.99470663
17967,-0.9986917
17968,-1.0328674
17969,-1.1607023
17970,-1.9077878
17971,-0.962159
17972,-0.962159
17973,-1.0188731
17974,-1.0482874
17975,-1.0653822
17976,-1.0653822
17977,-1.0707158
17978,-1.0356469
17979,-1.0333668
17980,-1.0356469
17981,-1.0277349
17982,-1.0277349
17983,-1.0273553
17984,-1.0901822
17985,-1.0901822
17986,-1.0806596
17987,-1.0801923
17988,-0.9891573
17989,-1.0118221
17990,-1.8099049
17991,-1.2083628
17992,-1.2353642
17993,-1.2376443
17994,-1.7354534
17995,-1.1141018
17996,-1.2199246
17997,-1.1385058
17998,-1.1533206
17999,-1.1336453
18000,-1.1289867
18001,-1.0729927
18002,-1.0729927
18003,-1.0729927
18004,-0.99191356
18005,-0.99191356
18006,-1.0222281
18007,-1.0165503
18008,-1.0020324
18009,-1.0165503
18010,-1.7272779
18011,-1.1032084
18012,-1.1086824
18013,-1.2146546
18014,-1.0062147
18015,-1.1926255
18016,-1.2183927
18017,-1.1971555
18018,-1.0824354
18019,-1.1193638
18020,-0.8781762
18021,-0.9919491
18022,27.584631
18023,95.3227
18024,58.430813
18025,66.901115
18026,100.29012
18027,73.95269
18028,98.70497
18029,141.9056
18030,137.76329
18031,177.52496
18032,160.36267
18033,154.26518
18034,107.75218
18035,143.20586
18036,140.60933
18037,5.342544
18038,103.71944
18039,33.10515
18040,150.20224
18041,83.4308
18042,234.38577
18043,129.07823
18044,179.57344
18045,66.26964
18046,93.15467
18047,123.59533
18048,310.62354
18049,161.51689
18050,404.2782
18051,137.17932
18052,91.10403
18053,404.03983
18054,189.24371
18055,123.391655
18056,125.012665
18057,130.31125
18058,323.58978
18059,340.92487
18060,216.49011
18061,410.0693
18062,266.39584
18063,223.03389
18064,130.79709
18065,261.9927
18066,262.2546
18067,292.63284
18068,276.2831
18069,406.4144
18070,479.59515
18071,495.57547
18072,465.69434
18073,687.3111
18074,754.937
18075,671.48334
18076,723.4885
18077,669.72485
18078,540.3402
18079,635.2906
18080,594.9412
18081,596.88806
18082,718.74316
18083,711.3596
18084,633.6893
18085,604.2428
18086,523.7526
18087,563.47327
18088,498.59583
18089,379.0794
18090,374.052
18091,397.736
18092,453.55014
18093,540.09454
18094,525.99274
18095,425.29794
18096,405.843
18097,300.99973
18098,186.49144
18099,176.97548
18100,235.54126
18101,200.18391
18102,222.85345
18103,175.99483
18104,232.54684
18105,222.6045
18106,248.66492
18107,241.17917
18108,368.39136
18109,396.65576
18110,356.16507
18111,450.07547
18112,459.43646
18113,364.08142
18114,293.06662
18115,297.5911
18116,304.98248
18117,296.7847
18118,210.4562
18119,184.8597
18120,162.48688
18121,133.09688
18122,172.07086
18123,176.72702
18124,192.1742
18125,117.20993
18126,117.87343
18127,232.71304
18128,233.3434
18129,232.08893
18130,322.37766
18131,436.10962
18132,316.66425
18133,180.22025
18134,165.43417
18135,110.77208
18136,61.891273
18137,59.145206
18138,85.788765
18139,63.729965
18140,88.03443
18141,72.649475
18142,75.42696
18143,61.912724
18144,82.87877
18145,58.38755
18146,31.397171
18147,29.156683
18148,4.583441
18149,-2.5385942
18150,-2.0560184
18151,-0.6544345
18152,-0.592547
18153,-0.592547
18154,-0.58288753
18155,16.152575
18156,28.18329
18157,0.10807278
18158,-0.74713975
18159,-0.73628443
18160,-0.70596963
18161,-0.6035839
18162,-0.6928006
18163,-0.72724926
18164,-0.7455014
18165,-0.71162033
18166,-1.3684659
18167,35.84158
18168,210.23792
18169,154.54129
18170,223.51053
18171,282.5622
18172,172.10976
18173,329.7115
18174,281.83655
18175,154.31761
18176,109.23654
18177,144.53088
18178,267.29608
18179,277.9003
18180,147.07692
18181,311.7334
18182,432.18726
18183,377.56937
18184,503.87024
18185,265.85333
18186,323.2532
18187,254.68068
18188,321.68573
18189,349.62717
18190,442.2348
18191,682.8263
18192,422.7393
18193,221.07964
18194,112.81129
18195,236.88489
18196,329.12723
18197,184.6102
18198,195.1749
18199,177.17906
18200,139.86209
18201,102.738785
18202,102.22342
18203,161.86772
18204,108.45974
18205,72.463806
18206,41.412235
18207,61.96777
18208,51.461613
18209,85.3929
18210,111.87733
18211,167.63052
18212,1165.8083
18213,1117.1663
18214,1007.74023
18215,1019.643
18216,647.37994
18217,1074.9696
18218,1017.04175
18219,895.4985
18220,799.60803
18221,1068.7834
18222,1057.7181
18223,1161.8762
18224,1152.2693
18225,1060.4639
18226,1095.1426
18227,1036.7489
18228,1510.8158
18229,1145.589
18230,971.8879
18231,751.2605
18232,847.1414
18233,790.084
18234,924.3793
18235,777.1275
18236,731.11707
18237,910.6156
18238,1008.7166
18239,991.6206
18240,908.7893
18241,708.046
18242,728.4762
18243,521.20123
18244,625.31085
18245,519.9725
18246,917.29
18247,500.64032
18248,368.16492
18249,492.9742
18250,527.51654
18251,584.0417
18252,544.37244
18253,558.0801
18254,579.8694
18255,661.1251
18256,466.242
18257,528.0701
18258,540.4625
18259,426.23315
18260,264.81647
18261,193.82909
18262,297.74442
18263,379.5575
18264,463.70102
18265,694.4507
18266,668.3361
18267,647.21155
18268,459.1955
18269,485.0675
18270,298.4011
18271,393.16687
18272,676.82904
18273,895.78735
18274,847.693
18275,728.6051
18276,593.4493
18277,497.31973
18278,329.9283
18279,286.9153
18280,220.75586
18281,374.22205
18282,374.652
18283,228.49298
18284,250.46466
18285,385.4363
18286,219.84677
18287,121.25799
18288,221.86499
18289,324.27374
18290,188.16493
18291,235.25493
18292,174.67847
18293,182.67448
18294,275.79688
18295,174.12468
18296,236.38034
18297,215.469
18298,149.68858
18299,163.66971
18300,185.32103
18301,158.22285
18302,142.89143
18303,179.23843
18304,102.28086
18305,146.22975
18306,69.86023
18307,84.718376
18308,175.3553
18309,172.51746
18310,102.65089
18311,148.27547
18312,131.4227
18313,141.59659
18314,151.04509
18315,98.282425
18316,91.303825
18317,84.79746
18318,54.10658
18319,63.76108
18320,125.73134
18321,67.76138
18322,68.53929
18323,281.89813
18324,503.61557
18325,393.37152
18326,447.8001
18327,525.71484
18328,386.9146
18329,419.03033
18330,363.13956
18331,316.42883
18332,355.90295
18333,391.11774
18334,397.28308
18335,362.05963
18336,364.31195
18337,291.8399
18338,356.4218
18339,419.53867
18340,391.1688
18341,355.98096
18342,504.41208
18343,329.60025
18344,486.33243
18345,492.70847
18346,579.02655
18347,460.14136
18348,312.17227
18349,351.41266
18350,488.05048
18351,587.93115
18352,371.61478
18353,571.1325
18354,522.67615
18355,316.03357
18356,405.8142
18357,456.06558
18358,329.5122
18359,532.79126
18360,451.51276
18361,303.0135
18362,404.92224
18363,587.02155
18364,759.4498
18365,1006.7913
18366,474.41174
18367,467.99512
18368,433.5719
18369,442.52817
18370,610.03455
18371,616.45667
18372,779.5228
18373,808.4101
18374,640.4328
18375,402.67365
18376,452.9642
18377,612.88434
18378,577.0399
18379,483.9967
18380,549.10614
18381,534.12854
18382,441.99402
18383,425.74194
18384,277.89923
18385,205.82147
18386,123.23447
18387,128.29314
18388,164.9392
18389,287.8009
18390,359.65332
18391,255.16245
18392,327.95367
18393,477.78345
18394,410.24518
18395,366.26398
18396,79.53864
18397,46.524574
18398,61.72195
18399,24.573061
18400,111.495415
18401,43.386562
18402,67.0804
18403,86.511925
18404,134.7664
18405,99.09383
18406,116.198425
18407,154.09644
18408,163.76959
18409,125.112114
18410,153.97458
18411,180.11711
18412,177.0089
18413,147.13553
18414,154.3886
18415,121.44223
18416,188.67088
18417,154.38744
18418,209.2934
18419,286.09247
18420,242.07104
18421,231.25133
18422,129.79657
18423,339.3413
18424,362.83673
18425,430.10284
18426,681.1489
18427,611.15515
18428,365.07034
18429,409.75763
18430,237.83403
18431,150.96451
18432,42.986786
18433,83.26739
18434,156.66446
18435,377.1535
18436,261.4995
18437,88.629074
18438,77.49755
18439,62.018536
18440,50.107418
18441,124.06854
18442,116.50407
18443,83.79477
18444,171.40358
18445,95.96627
18446,24.259789
18447,83.93631
18448,174.8997
18449,179.74524
18450,86.917786
18451,108.663605
18452,182.2995
18453,293.44058
18454,219.80228
18455,216.10735
18456,136.39911
18457,257.50955
18458,328.12418
18459,278.72964
18460,186.82672
18461,64.955475
18462,-1.5398616
18463,83.63898
18464,203.5678
18465,159.4003
18466,98.24574
18467,126.91125
18468,194.1538
18469,200.80673
18470,102.820175
18471,98.36385
18472,19.384758
18473,45.627426
18474,475.74518
18475,410.69775
18476,317.58286
18477,206.2477
18478,98.838104
18479,54.090733
18480,7.875945
18481,1.9888406
18482,-0.77919763
18483,76.64857
18484,132.89761
18485,84.64515
18486,50.45916
18487,59.66451
18488,27.218187
18489,43.077084
18490,13.658349
18491,-2.3095446
18492,-0.8908634
18493,-0.8502572
18494,-0.89890903
18495,-0.75338346
18496,-0.6417363
18497,16.297213
18498,33.505802
18499,4.3199644
18500,-2.0439556
18501,-0.8930728
18502,-0.78498507
18503,-0.6621053
18504,-0.59815216
18505,-0.6769426
18506,22.575193
18507,88.78382
18508,141.5553
18509,113.364555
18510,100.76247
18511,93.34271
18512,47.42707
18513,65.26888
18514,104.69243
18515,97.300026
18516,119.321465
18517,119.84948
18518,121.5415
18519,140.47794
18520,106.596405
18521,74.9281
18522,70.46333
18523,59.570587
18524,48.459187
18525,68.18298
18526,124.264206
18527,100.8954
18528,126.84422
18529,165.48756
18530,141.21712
18531,201.20357
18532,160.35504
18533,180.71822
18534,118.72546
18535,1.093154
18536,-0.6150247
18537,-1.1128317
18538,156.37767
18539,193.40472
18540,117.58528
18541,82.18125
18542,228.49924
18543,156.29366
18544,81.22693
18545,90.3126
18546,121.83133
18547,119.64757
18548,159.26233
18549,123.64196
18550,115.63874
18551,123.21345
18552,118.346924
18553,143.65572
18554,146.3653
18555,182.01785
18556,216.60239
18557,188.26161
18558,196.88106
18559,193.84311
18560,200.35883
18561,221.00398
18562,185.21333
18563,171.44571
18564,95.39913
18565,21.294596
18566,-1.997013
18567,59.01614
18568,61.03539
18569,43.444267
18570,32.983356
18571,-0.44179082
18572,-0.38122582
18573,-0.49197125
18574,-0.4468375
18575,-1.2137446
18576,-0.25644186
18577,0.4636297
18578,22.684769
18579,44.409058
18580,87.46283
18581,118.46604
18582,174.80896
18583,137.04681
18584,167.21552
18585,48.96756
18586,234.30403
18587,120.2245
18588,156.36429
18589,150.67368
18590,151.00691
18591,111.770134
18592,104.894714
18593,54.53068
18594,4.738857
18595,68.49259
18596,76.2097
18597,153.34335
18598,149.933
18599,80.7081
18600,177.34085
18601,181.55107
18602,61.057835
18603,96.51427
18604,229.20778
18605,109.54204
18606,105.8771
18607,83.7032
18608,98.771545
18609,94.9476
18610,113.955574
18611,64.49092
18612,-0.97080606
18613,31.297775
18614,-0.8514995
18615,-0.36682317
18616,91.35479
18617,55.21923
18618,118.738335
18619,69.80557
18620,99.34131
18621,64.23578
18622,88.98831
18623,126.445885
18624,116.526054
18625,48.75496
18626,104.100716
18627,115.43381
18628,103.922615
18629,86.84574
18630,88.68067
18631,122.572495
18632,122.556335
18633,27.227636
18634,106.5369
18635,102.08303
18636,62.579815
18637,159.69781
18638,38.534046
18639,117.77744
18640,139.11407
18641,131.3144
18642,64.16958
18643,50.755196
18644,87.758736
18645,71.77486
18646,89.967
18647,124.365135
18648,109.90305
18649,94.328064
18650,95.20428
18651,139.08638
18652,150.98904
18653,105.861404
18654,122.930115
18655,124.00722
18656,95.55666
18657,79.457596
18658,115.09253
18659,146.32997
18660,113.86796
18661,104.51641
18662,136.59895
18663,148.99881
18664,143.09558
18665,196.86581
18666,226.31137
18667,231.64343
18668,288.6455
18669,300.6374
18670,260.5009
18671,262.17474
18672,275.49756
18673,282.70737
18674,255.56122
18675,186.77849
18676,187.01614
18677,203.33682
18678,211.68108
18679,187.9554
18680,267.0227
18681,271.90625
18682,205.97911
18683,170.1469
18684,137.6935
18685,132.2533
18686,98.35733
18687,88.490776
18688,81.672905
18689,86.34494
18690,155.98769
18691,170.84729
18692,152.95065
18693,143.56581
18694,208.47557
18695,216.4085
18696,214.10985
18697,260.32172
18698,236.59846
18699,291.8214
18700,369.87524
18701,285.91617
18702,255.60815
18703,244.40108
18704,183.36221
18705,206.11652
18706,147.41843
18707,155.50812
18708,110.48336
18709,108.49015
18710,161.51875
18711,129.14229
18712,105.53891
18713,109.98437
18714,140.4962
18715,131.53983
18716,83.061356
18717,54.549965
18718,8.712681
18719,4.3076243
18720,2.3105435
18721,-0.4261727
18722,5.1025968
18723,2.1211855
18724,4.317642
18725,0.9014413
18726,-2.1300642
18727,-3.4762597
18728,-3.4433792
18729,-1.6409849
18730,17.948694
18731,48.898064
18732,53.642986
18733,80.18441
18734,126.98917
18735,143.00528
18736,93.6389
18737,48.880226
18738,40.963367
18739,34.392586
18740,2.5033624
18741,-0.8546607
18742,22.59267
18743,-0.8969831
18744,65.88803
18745,4.8968573
18746,80.5394
18747,63.98081
18748,108.239044
18749,15.369517
18750,25.338112
18751,14.496362
18752,88.09594
18753,154.29922
18754,65.273285
18755,115.97781
18756,71.45399
18757,57.992607
18758,82.248535
18759,44.014286
18760,43.67207
18761,4.1399436
18762,38.95865
18763,41.172287
18764,35.33365
18765,116.88632
18766,70.564316
18767,18.286188
18768,48.391994
18769,11.928821
18770,98.818634
18771,68.52915
18772,127.07227
18773,122.09482
18774,76.794556
18775,97.85168
18776,192.38351
18777,168.45528
18778,199.40852
18779,296.2492
18780,196.98007
18781,226.28514
18782,241.62373
18783,406.2473
18784,218.98228
18785,103.9285
18786,387.6747
18787,352.21967
18788,224.12508
18789,156.05508
18790,109.91751
18791,89.22131
18792,124.05261
18793,130.99406
18794,190.75618
18795,142.32684
18796,181.58418
18797,187.03777
18798,289.05197
18799,506.81522
18800,813.79663
18801,768.75287
18802,489.7559
18803,664.0457
18804,786.94025
18805,743.63495
18806,401.77536
18807,552.8071
18808,495.29166
18809,603.23676
18810,591.1849
18811,786.80304
18812,1034.7627
18813,1059.2914
18814,866.91437
18815,799.7789
18816,736.49396
18817,786.574
18818,795.88934
18819,673.74457
18820,639.6708
18821,680.37286
18822,476.42184
18823,475.15732
18824,569.07935
18825,638.6869
18826,651.7891
18827,673.9232
18828,494.68057
18829,560.2483
18830,746.3421
18831,725.04443
18832,816.3222
18833,456.61215
18834,405.10114
18835,608.7464
18836,673.1407
18837,574.52484
18838,586.4104
18839,384.62817
18840,188.59387
18841,135.23328
18842,192.5172
18843,129.75224
18844,111.350395
18845,225.4724
18846,292.92087
18847,407.79105
18848,423.22806
18849,369.24216
18850,426.4325
18851,482.26233
18852,367.3777
18853,327.67224
18854,328.10257
18855,280.83224
18856,168.73108
18857,112.880905
18858,218.42735
18859,220.97398
18860,355.02176
18861,431.0828
18862,553.95544
18863,438.3192
18864,317.0326
18865,296.61407
18866,400.26236
18867,623.9951
18868,793.22644
18869,530.6525
18870,-5.1632485
18871,-3.4363801
18872,-1.0020145
18873,0.81979305
18874,-3.0905843
18875,-1.1619941
18876,-6.6105123
18877,-4.787531
18878,-8.155617
18879,8.328191
18880,0.06812909
18881,-3.514177
18882,2.8098273
18883,0.7452348
18884,3.2629447
18885,-1.8031286
18886,2.9258795
18887,-0.17638943
18888,1.3170549
18889,8.259781
18890,9.5716305
18891,-1.2498022
18892,0.6391803
18893,0.9658471
18894,6.2910066
18895,0.55956423
18896,0.61071324
18897,-4.31034
18898,-2.6538625
18899,-0.97453874
18900,4.676578
18901,0.44108987
18902,-0.70633507
18903,-0.51005054
18904,2.7430542
18905,2.3166313
18906,-1.9595335
18907,-2.2593184
18908,-1.7305486
18909,-1.4048173
18910,-0.7054335
18911,27.441383
18912,103.372925
18913,115.70499
18914,129.38898
18915,141.3025
18916,119.54259
18917,72.77733
18918,187.42136
18919,198.92122
18920,251.46684
18921,274.34146
18922,354.05524
18923,393.49326
18924,317.58344
18925,169.55011
18926,118.321785
18927,220.4823
18928,211.52052
18929,119.20785
18930,184.71451
18931,215.98831
18932,169.25511
18933,161.26796
18934,348.64774
18935,589.3026
18936,617.5832
18937,571.4398
18938,597.18225
18939,453.03058
18940,385.6218
18941,392.93048
18942,495.7492
18943,457.49106
18944,324.54254
18945,306.347
18946,330.25287
18947,325.0513
18948,437.39856
18949,382.51752
18950,373.06848
18951,494.00262
18952,418.74976
18953,421.49933
18954,417.49692
18955,389.52243
18956,675.3307
18957,585.61975
18958,583.23956
18959,536.564
18960,464.50546
18961,447.4811
18962,318.54608
18963,347.519
18964,429.63626
18965,554.0873
18966,456.35013
18967,411.0312
18968,426.41296
18969,362.12048
18970,316.7902
18971,286.09167
18972,324.35263
18973,182.75475
18974,265.95975
18975,337.27704
18976,443.4158
18977,449.82953
18978,448.64517
18979,521.7746
18980,472.80386
18981,500.8606
18982,550.37244
18983,610.055
18984,368.43408
18985,438.5666
18986,630.61975
18987,473.60962
18988,533.64777
18989,458.78986
18990,470.19772
18991,617.0
18992,552.3778
18993,391.02054
18994,264.9322
18995,273.46484
18996,334.30978
18997,419.40637
18998,431.73715
18999,348.80548
19000,285.54013
19001,332.47366
19002,167.27104
19003,169.31752
19004,192.34912
19005,222.83704
19006,215.29051
19007,278.39328
19008,80.588036
19009,12.192712
19010,30.112982
19011,16.577538
19012,-0.7172248
19013,-1.0613743
19014,-0.86986244
19015,-0.82184803
19016,-2.052268
19017,-1.5633523
19018,-0.79471517
19019,-0.6104075
19020,-0.88066393
19021,-1.1264095
19022,-2.576411
19023,-1.3074375
19024,-0.44461226
19025,-0.9063108
19026,-1.2010049
19027,-1.676592
19028,-1.3194627
19029,-1.6165229
19030,-1.1529571
19031,-1.8682398
19032,-1.0714623
19033,1.0708945
19034,-0.6106812
19035,-2.0249956
19036,0.6902435
19037,0.6133214
19038,-1.0219908
19039,-0.09227391
19040,0.38435444
19041,1.0406367
19042,90.69383
19043,0.31404418
19044,-1.2848936
19045,-0.14833736
19046,0.8435166
19047,71.36647
19048,214.13972
19049,225.12273
19050,269.79678
19051,107.74446
19052,344.94614
19053,246.3117
19054,236.41977
19055,227.21613
19056,367.0091
19057,218.11412
19058,350.03076
19059,55.98169
19060,207.62193
19061,103.499374
19062,105.34707
19063,63.24351
19064,184.0532
19065,185.59578
19066,370.01416
19067,232.07315
19068,98.99982
19069,286.44043
19070,202.0557
19071,159.71274
19072,233.39642
19073,293.06683
19074,266.52316
19075,258.5223
19076,239.9178
19077,485.8244
19078,347.83902
19079,258.8508
19080,327.44696
19081,276.79565
19082,725.2345
19083,773.1323
19084,312.32635
19085,219.04604
19086,244.51775
19087,314.46027
19088,434.26724
19089,451.9869
19090,448.1292
19091,562.7241
19092,468.48187
19093,539.049
19094,535.9424
19095,457.4104
19096,452.84006
19097,579.8229
19098,539.2862
19099,491.68256
19100,614.8841
19101,695.8314
19102,857.15204
19103,700.54425
19104,585.8925
19105,454.30197
19106,481.26437
19107,433.48804
19108,372.57706
19109,297.8732
19110,225.99536
19111,289.97302
19112,400.86108
19113,315.3668
19114,391.85684
19115,346.14243
19116,240.17424
19117,198.92336
19118,149.90779
19119,142.42801
19120,162.0127
19121,222.75156
19122,193.35638
19123,126.03975
19124,55.802895
19125,30.544758
19126,26.857723
19127,40.707558
19128,107.33203
19129,91.51951
19130,83.99505
19131,118.972626
19132,140.84874
19133,161.18657
19134,134.3667
19135,103.065636
19136,87.41813
19137,79.91208
19138,174.21759
19139,173.78224
19140,76.814186
19141,63.029984
19142,64.141655
19143,56.017914
19144,44.290363
19145,45.06922
19146,34.785725
19147,33.20471
19148,19.977104
19149,17.730623
19150,3.8740373
19151,21.719666
19152,63.173084
19153,47.172077
19154,55.62745
19155,43.723724
19156,51.72852
19157,66.147354
19158,73.777016
19159,21.470402
19160,16.503984
19161,1.0309651
19162,-1.029425
19163,-0.99275756
19164,-1.0377675
19165,-0.81439084
19166,-0.8510437
19167,58.32097
19168,12.054263
19169,0.4855529
19170,-0.82925916
19171,-0.76797974
19172,-0.7369715
19173,-0.72484136
19174,-0.72484136
19175,-2.209715
19176,47.146885
19177,129.25415
19178,59.07457
19179,-3.3282585
19180,-1.288264
19181,-0.82735634
19182,-1.0370283
19183,233.42717
19184,208.55807
19185,99.50516
19186,47.610523
19187,28.168589
19188,27.52421
19189,64.94219
19190,66.67109
19191,78.49585
19192,673.7844
19193,185.7071
19194,158.4594
19195,232.8724
19196,340.05893
19197,558.8259
19198,391.68646
19199,436.94427
19200,227.12451
19201,131.61377
19202,127.84624
19203,88.66453
19204,67.30952
19205,86.68958
19206,34.238487
19207,32.55218
19208,31.562508
19209,43.649235
19210,73.30341
19211,91.163536
19212,128.4117
19213,100.72408
19214,117.36435
19215,109.11652
19216,126.36172
19217,85.75198
19218,66.50582
19219,44.184303
19220,97.51826
19221,70.22821
19222,101.444534
19223,169.4002
19224,197.83975
19225,158.0446
19226,334.66812
19227,437.45392
19228,518.47437
19229,484.40002
19230,481.33755
19231,454.57877
19232,210.19035
19233,183.64017
19234,369.61203
19235,195.11447
19236,95.23039
19237,56.834995
19238,68.018135
19239,87.25859
19240,85.54972
19241,117.997505
19242,123.56739
19243,150.65973
19244,165.46913
19245,165.62988
19246,104.71066
19247,100.86346
19248,99.42866
19249,129.86615
19250,155.72969
19251,195.56732
19252,223.74335
19253,222.97455
19254,305.28568
19255,278.5464
19256,278.25146
19257,262.60257
19258,277.58267
19259,292.0101
19260,211.66057
19261,160.24284
19262,155.10292
19263,193.71408
19264,173.46819
19265,150.77411
19266,179.98495
19267,160.91884
19268,128.20094
19269,124.668526
19270,147.97707
19271,173.3678
19272,192.2756
19273,232.42381
19274,154.4817
19275,117.90893
19276,173.75464
19277,217.72041
19278,392.2351
19279,488.94116
19280,540.9738
19281,810.2324
19282,845.33264
19283,766.81146
19284,922.7667
19285,1140.9231
19286,989.6037
19287,857.8861
19288,694.2156
19289,619.2687
19290,469.67194
19291,325.71793
19292,236.59567
19293,198.20953
19294,185.98705
19295,256.40512
19296,127.031746
19297,114.05994
19298,64.817726
19299,3.5528104
19300,62.572918
19301,86.16876
19302,22.522396
19303,-2.7734344
19304,-0.43448737
19305,1.8193228
19306,-0.82551736
19307,58.11946
19308,46.267654
19309,33.570755
19310,6.403985
19311,22.768354
19312,87.18815
19313,258.54205
19314,103.69831
19315,71.853386
19316,73.146454
19317,74.40721
19318,135.8658
19319,180.60481
19320,178.46338
19321,303.6305
19322,138.9486
19323,303.34415
19324,359.4822
19325,119.836525
19326,199.17459
19327,447.9157
19328,297.3078
19329,138.35284
19330,128.35559
19331,359.49347
19332,300.85922
19333,207.59523
19334,274.7367
19335,132.22742
19336,332.65585
19337,115.9737
19338,240.73349
19339,348.3184
19340,303.46182
19341,193.45837
19342,254.8816
19343,342.72684
19344,177.35568
19345,262.58914
19346,224.66383
19347,154.70125
19348,96.11688
19349,219.05452
19350,287.66125
19351,323.7745
19352,294.61975
19353,362.50302
19354,323.82614
19355,418.68408
19356,320.44348
19357,174.9461
19358,308.08618
19359,1361.2429
19360,1908.3105
19361,622.30066
19362,297.11624
19363,170.19206
19364,100.44363
19365,112.89159
19366,70.50139
19367,32.53899
19368,117.91711
19369,214.01067
19370,305.713
19371,204.70651
19372,171.04797
19373,196.04414
19374,145.24281
19375,167.31944
19376,151.86339
19377,172.3835
19378,144.62454
19379,116.64071
19380,134.53923
19381,100.32337
19382,69.34762
19383,54.05137
19384,19.584415
19385,15.825551
19386,31.06358
19387,43.584484
19388,43.594254
19389,57.300423
19390,18.341179
19391,21.815054
19392,18.256384
19393,72.030174
19394,51.603966
19395,41.342632
19396,19.098349
19397,35.362568
19398,33.213173
19399,22.580214
19400,-4.2690606
19401,-0.8950326
19402,-0.9058879
19403,-0.87461704
19404,-0.8361108
19405,-0.8698086
19406,-4.3027673
19407,-3.6569076
19408,-0.88553876
19409,-0.91508317
19410,-0.93324053
19411,-0.89442265
19412,-0.83178675
19413,-0.83178675
19414,-0.83178675
19415,-0.843687
19416,-0.83178675
19417,-0.83746463
19418,-0.84831995
19419,-0.8534003
19420,-0.8080947
19421,-0.8080947
19422,-0.8653004
19423,-0.8623067
19424,-0.8623067
19425,-0.8514514
19426,-0.8514514
19427,-0.8500127
19428,-0.8500127
19429,-0.9398981
19430,-0.9365601
19431,-0.9785276
19432,-1.0483963
19433,-0.9365601
19434,-0.9365601
19435,-0.941963
19436,-0.941963
19437,-0.941963
19438,-0.941963
19439,-0.941963
19440,-0.941963
19441,-0.9184911
19442,-0.9184911
19443,-0.9184911
19444,-0.792001
19445,-0.792001
19446,-0.792001
19447,-0.8321143
19448,-0.83355296
19449,-0.9322145
19450,-0.99019325
19451,-0.99019325
19452,-1.0377742
19453,-0.93740875
19454,-0.8357313
19455,-0.81097525
19456,-0.82132286
19457,-0.8749308
19458,-0.7272293
19459,-0.8337336
19460,-0.9519716
19461,-0.857313
19462,-0.9626953
19463,-1.0684085
19464,-1.1082183
19465,-1.021654
19466,-1.0592202
19467,-1.021654
19468,-0.974907
19469,-0.96982676
19470,-1.033207
19471,-1.0372518
19472,-1.0539752
19473,-0.99417275
19474,-0.94153243
19475,-0.9159029
19476,-0.9236215
19477,-0.9159029
19478,-0.8961238
19479,-1.7068752
19480,-0.9746906
19481,-0.8964271
19482,-1.5930569
19483,-1.1249173
19484,-1.042283
19485,-1.0317398
19486,-1.1457374
19487,-1.6588843
19488,-0.9657462
19489,-0.92354435
19490,-0.94963986
19491,-1.5788759
19492,14.840778
19493,2.8035583
19494,-0.8913731
19495,-0.8002028
19496,-0.8838312
19497,-0.7918053
19498,-1.5012165
19499,3.225136
19500,-0.8561509
19501,-0.699027
19502,-0.71427065
19503,-0.8040163
19504,-0.86860734
19505,-0.86860734
19506,-0.7023484
19507,-0.75562614
19508,-0.8663989
19509,-0.90555876
19510,-0.9114544
19511,-0.9196989
19512,-0.9196989
19513,-0.936549
19514,-0.9606325
19515,-0.85921025
19516,-0.8926698
19517,-0.96569467
19518,-0.9466517
19519,-0.9466822
19520,-1.0237999
19521,-1.0225762
19522,-1.0043242
19523,-1.0185364
19524,-1.6535794
19525,-0.88020575
19526,-0.99784803
19527,-1.0999442
19528,-1.0504887
19529,-1.0965827
19530,-1.1499465
19531,-1.1844712
19532,-1.0513997
19533,-0.96764976
19534,-1.0361489
19535,9.556198
19536,102.581375
19537,75.90618
19538,109.926704
19539,98.07923
19540,97.086716
19541,112.55608
19542,99.22335
19543,103.123375
19544,124.47534
19545,97.051384
19546,107.69592
19547,115.65864
19548,110.69449
19549,129.69322
19550,125.87812
19551,113.83469
19552,121.99364
19553,99.3363
19554,105.35761
19555,104.41654
19556,93.50399
19557,77.94736
19558,71.17662
19559,42.293793
19560,16.056973
19561,15.400385
19562,20.620026
19563,16.695765
19564,39.074844
19565,49.984528
19566,27.485868
19567,40.087654
19568,31.090631
19569,9.450272
19570,-1.956531
19571,-4.140031
19572,-5.3736944
19573,-3.4916916
19574,-1.4735562
19575,-1.5271791
19576,-1.4736975
19577,-1.2873404
19578,-1.4817759
19579,-1.7169452
19580,-1.6827823
19581,-2.3830829
19582,-1.1302583
19583,39.773903
19584,63.40994
19585,0.6715934
19586,4.669628
19587,4.987201
19588,-0.9358237
19589,-0.92369366
19590,-0.92369366
19591,-1.0154637
19592,-0.9651159
19593,-1.0924727
19594,-1.105212
19595,-1.0960646
19596,-1.1105822
19597,-0.8680828
19598,-0.97140044
19599,-0.8005571
19600,-0.7548407
19601,-0.80827564
19602,-0.8089312
19603,-0.8715628
19604,-1.4597042
19605,5.810465
19606,-0.79990655
19607,-1.0199023
19608,-1.518909
19609,-1.5138183
19610,66.293106
19611,35.934887
19612,8.18185
19613,27.450764
19614,2.7305038
19615,25.103582
19616,57.967545
19617,4.625704
19618,-0.8575331
19619,-0.79593694
19620,-1.520262
19621,-0.934155
19622,-0.9645742
19623,-0.8197851
19624,-0.87646794
19625,-1.4999382
19626,-0.8269452
19627,-0.7827568
19628,-0.9198133
19629,-0.82060707
19630,-0.75295174
19631,-0.8761518
19632,-0.8928641
19633,-0.7827568
19634,-0.8928641
19635,-0.7856616
19636,-0.88848674
19637,-0.7827568
19638,-0.87321913
19639,-0.81834245
19640,-0.8051623
19641,-0.8120043
19642,-0.9251362
19643,-0.8362508
19644,-0.82307065
19645,-0.8065349
19646,-0.83754313
19647,-0.8136951
19648,-0.87447333
19649,-0.8708669
19650,-0.94031215
19651,-0.9372847
19652,-0.92705035
19653,-0.912838
19654,-0.912838
19655,-0.94427025
19656,-0.9402305
19657,-1.4959519
19658,-0.95818627
19659,67.01872
19660,135.00957
19661,166.16351
19662,185.55817
19663,166.25964
19664,183.8394
19665,163.61392
19666,119.64149
19667,155.10635
19668,111.278305
19669,110.92726
19670,108.92857
19671,113.31181
19672,146.8921
19673,118.87888
19674,93.391235
19675,143.12718
19676,120.95576
19677,116.290474
19678,119.06946
19679,107.207214
19680,103.84283
19681,101.25613
19682,129.72824
19683,112.806175
19684,125.861534
19685,107.30986
19686,106.05734
19687,87.52036
19688,78.990814
19689,76.35462
19690,90.74748
19691,94.86038
19692,80.85016
19693,73.25599
19694,61.377296
19695,61.209927
19696,61.02093
19697,68.18788
19698,51.349937
19699,64.31487
19700,83.30686
19701,73.907074
19702,77.29798
19703,52.772636
19704,8.056361
19705,-3.1215136
19706,-0.90455365
19707,-0.82083935
19708,-2.9991786
19709,-2.7966886
19710,-1.6141952
19711,-1.4189942
19712,-0.8912738
19713,-0.9303303
19714,-0.93971944
19715,-0.9275524
19716,-1.5064315
19717,-0.938412
19718,-0.94171333
19719,-0.94388604
19720,-0.9207909
19721,4.8193617
19722,67.50157
19723,37.301746
19724,38.699696
19725,44.415348
19726,32.81058
19727,33.07271
19728,62.11955
19729,62.754456
19730,85.05891
19731,44.36646
19732,32.29193
19733,65.89044
19734,209.96935
19735,195.05286
19736,177.25798
19737,116.43132
19738,31.850512
19739,74.95083
19740,101.01705
19741,143.53384
19742,220.77287
19743,103.21676
19744,56.11215
19745,105.69012
19746,130.32266
19747,80.42723
19748,147.92622
19749,136.11786
19750,98.112656
19751,106.878494
19752,127.056595
19753,94.679825
19754,98.58713
19755,126.78821
19756,14.708671
19757,36.237045
19758,114.68582
19759,169.41652
19760,209.18893
19761,152.72694
19762,195.2636
19763,98.7531
19764,288.78604
19765,160.72797
19766,226.00902
19767,171.47305
19768,350.85217
19769,119.231384
19770,342.0462
19771,169.68561
19772,211.85464
19773,318.21753
19774,255.31978
19775,405.62653
19776,324.892
19777,354.86505
19778,335.30896
19779,320.58438
19780,225.74509
19781,285.71164
19782,397.81952
19783,338.35388
19784,373.06882
19785,239.45125
19786,222.15643
19787,364.10617
19788,276.69424
19789,300.59293
19790,249.45404
19791,211.81483
19792,152.05232
19793,159.31993
19794,137.42546
19795,249.03836
19796,241.00441
19797,182.3724
19798,211.25427
19799,166.98401
19800,220.25978
19801,297.28958
19802,291.73138
19803,270.7007
19804,278.81424
19805,333.86673
19806,309.73862
19807,442.1955
19808,471.36356
19809,500.66025
19810,549.85
19811,538.7055
19812,573.11194
19813,567.7129
19814,499.35345
19815,406.08752
19816,388.11044
19817,363.7795
19818,331.89413
19819,411.76065
19820,520.69183
19821,579.66754
19822,706.72736
19823,603.38965
19824,566.72943
19825,652.7337
19826,509.94788
19827,573.6001
19828,267.1518
19829,1016.5463
19830,1309.152
19831,1375.5328
19832,1286.6952
19833,981.79443
19834,603.3046
19835,431.25153
19836,234.28966
19837,94.76347
19838,50.386486
19839,78.8133
19840,214.3787
19841,468.74442
19842,460.2666
19843,189.6242
19844,145.67595
19845,188.11621
19846,301.15958
19847,310.1646
19848,309.62125
19849,258.0345
19850,253.28769
19851,170.24626
19852,105.86225
19853,45.80461
19854,33.77878
19855,61.864693
19856,61.792847
19857,76.16818
19858,31.100988
19859,35.01552
19860,90.80104
19861,97.758446
19862,74.132645
19863,171.58495
19864,93.60006
19865,161.17035
19866,163.08003
19867,134.61467
19868,254.7837
19869,172.56511
19870,127.06777
19871,-1.3077686
19872,43.09362
19873,223.19093
19874,149.5434
19875,93.421326
19876,132.28705
19877,82.40855
19878,105.81162
19879,130.21747
19880,190.79022
19881,158.44524
19882,93.22219
19883,72.42354
19884,19.412533
19885,0.9910486
19886,-1.2229607
19887,-1.0356767
19888,-1.2197895
19889,-1.0691155
19890,-0.9903245
19891,-0.9250028
19892,-1.0631126
19893,-0.9126854
19894,13.867658
19895,34.506336
19896,-1.9043201
19897,-0.82702446
19898,-0.18195942
19899,130.28606
19900,89.25039
19901,35.57516
19902,0.20353062
19903,-1.0032523
19904,-0.91995513
19905,-0.84862804
19906,-0.9435147
19907,-0.82598084
19908,-0.85095614
19909,-0.8492244
19910,-1.5093865
19911,-1.1404738
19912,48.638176
19913,13.053082
19914,8.744937
19915,-1.6143335
19916,6.4232883
19917,47.19423
19918,3.2296154
19919,-1.4142103
19920,91.7002
19921,197.20323
19922,388.10266
19923,275.72366
19924,390.9928
19925,508.22318
19926,300.34497
19927,299.7443
19928,166.86162
19929,154.59882
19930,263.26474
19931,115.54872
19932,117.95453
19933,77.94077
19934,93.204895
19935,68.5835
19936,98.00984
19937,40.667007
19938,10.268373
19939,9.485321
19940,39.987335
19941,98.971664
19942,123.62336
19943,140.99963
19944,157.49187
19945,167.89973
19946,285.67908
19947,312.97607
19948,460.61887
19949,368.38687
19950,479.80368
19951,473.31534
19952,454.25876
19953,439.6787
19954,843.55084
19955,612.1118
19956,567.78564
19957,1065.6112
19958,553.2626
19959,1092.9899
19960,987.0748
19961,864.91455
19962,828.66394
19963,456.00153
19964,1134.58
19965,1154.6938
19966,881.1563
19967,854.83453
19968,1230.4415
19969,1166.6902
19970,1155.571
19971,880.47546
19972,1053.4468
19973,1603.0981
19974,718.3138
19975,479.30295
19976,411.12894
19977,506.79523
19978,561.2216
19979,465.53146
19980,401.8694
19981,449.69293
19982,492.8015
19983,392.95175
19984,414.35007
19985,187.56454
19986,250.28938
19987,253.87383
19988,102.40839
19989,192.35408
19990,310.11578
19991,232.06996
19992,513.6705
19993,508.22812
19994,437.70685
19995,691.19495
19996,358.3787
19997,302.54037
19998,373.57257
19999,285.9345
20000,243.10895
20001,331.53406
20002,219.72578
20003,102.84846
20004,236.99207
20005,346.8394
20006,404.19623
20007,317.24454
20008,178.13019
20009,124.98525
20010,237.32484
20011,237.09578
20012,364.17026
20013,269.96747
20014,244.66269
20015,260.39026
20016,176.00212
20017,392.2017
20018,292.34558
20019,379.2379
20020,271.4175
20021,289.5945
20022,210.17676
20023,419.75345
20024,392.97067
20025,477.6731
20026,392.22913
20027,436.24585
20028,599.69543
20029,523.4096
20030,291.20395
20031,124.46829
20032,139.19553
20033,157.54796
20034,52.491688
20035,599.4106
20036,323.01392
20037,223.33305
20038,229.29387
20039,116.73278
20040,134.7876
20041,247.14682
20042,264.9616
20043,213.15984
20044,104.36396
20045,38.229515
20046,135.42126
20047,205.71718
20048,333.66187
20049,378.3974
20050,145.83926
20051,281.62653
20052,274.91504
20053,167.28459
20054,103.08174
20055,47.096832
20056,108.747406
20057,149.98535
20058,74.989136
20059,168.91101
20060,141.3197
20061,195.30719
20062,132.70271
20063,62.60608
20064,32.220573
20065,24.442282
20066,39.259544
20067,2.4660642
20068,-0.96837324
20069,28.520452
20070,86.47527
20071,52.283142
20072,35.54724
20073,680.1868
20074,733.59174
20075,495.44067
20076,416.4809
20077,222.5276
20078,163.01253
20079,85.718315
20080,64.46818
20081,58.257362
20082,204.2897
20083,118.699554
20084,84.1791
20085,221.91458
20086,237.72034
20087,110.22717
20088,116.259415
20089,155.23032
20090,246.34126
20091,302.92697
20092,254.57658
20093,204.75954
20094,146.68376
20095,47.08628
20096,61.619377
20097,52.983696
20098,66.63044
20099,75.613464
20100,112.248535
20101,222.55388
20102,248.0769
20103,262.9998
20104,232.77051
20105,132.82822
20106,118.722626
20107,121.79028
20108,122.57252
20109,177.94157
20110,174.26515
20111,203.24182
20112,212.463
20113,233.31154
20114,177.74382
20115,247.34604
20116,202.54903
20117,184.84755
20118,223.83287
20119,324.72318
20120,280.40314
20121,141.14404
20122,207.36195
20123,197.35582
20124,204.85184
20125,185.86388
20126,173.3732
20127,392.68942
20128,339.48425
20129,331.15097
20130,320.452
20131,257.48172
20132,160.43842
20133,138.65445
20134,184.56256
20135,255.43326
20136,195.71904
20137,197.39894
20138,236.56888
20139,283.9568
20140,250.79291
20141,219.7114
20142,350.021
20143,512.1903
20144,463.51562
20145,372.90393
20146,378.11392
20147,423.28622
20148,397.50653
20149,379.42944
20150,386.6722
20151,504.35037
20152,513.41455
20153,518.7077
20154,380.68698
20155,447.09305
20156,390.83167
20157,299.86633
20158,512.80054
20159,324.0224
20160,241.55243
20161,213.14906
20162,-0.43156523
20163,150.64113
20164,62.2813
20165,37.090588
20166,61.885036
20167,163.9184
20168,153.4361
20169,207.64772
20170,344.54373
20171,74.10259
20172,93.42484
20173,100.92166
20174,51.39096
20175,80.496635
20176,79.07173
20177,18.70343
20178,69.36419
20179,119.80068
20180,67.651054
20181,37.14385
20182,31.048862
20183,15.980414
20184,-1.4262961
20185,-1.4940528
20186,-0.9013201
20187,-0.8922249
20188,-0.83805656
20189,-0.83760965
20190,-1.6805078
20191,-0.94481623
20192,3.0807736
20193,39.38471
20194,8.442836
20195,-1.4919773
20196,-0.88629204
20197,-0.8448152
20198,-0.82327765
20199,25.286171
20200,31.383701
20201,22.12992
20202,20.819122
20203,25.046764
20204,69.30711
20205,39.717896
20206,16.550219
20207,-1.125223
20208,17.923403
20209,9.799568
20210,2.2682333
20211,-1.5610626
20212,-1.7213086
20213,-1.681675
20214,-1.6168721
20215,-1.3370261
20216,65.71699
20217,59.717266
20218,63.542973
20219,64.54357
20220,41.063656
20221,43.38909
20222,47.638817
20223,46.334953
20224,8.910564
20225,22.72391
20226,-1.6867924
20227,-0.850944
20228,-0.8655049
20229,-0.88896054
20230,-0.88264555
20231,-0.86508137
20232,-0.9018999
20233,-0.88030463
20234,-0.88030463
20235,-0.88030463
20236,-0.8707821
20237,-0.80208856
20238,-0.80208856
20239,-0.85398453
20240,-0.85398453
20241,-0.8586114
20242,-0.84037757
20243,-0.8105683
20244,-0.80142975
20245,-0.7655732
20246,-0.77774024
20247,-0.77774024
20248,-0.77774024
20249,-1.5141361
20250,-0.90958226
20251,-0.83326495
20252,-0.93979377
20253,-0.93232626
20254,-0.91707224
20255,-0.92453974
20256,-0.92453974
20257,-0.9621436
20258,-0.9174517
20259,-0.909733
20260,-0.8945995
20261,-0.8184582
20262,-0.92128617
20263,-0.8423878
20264,-0.86164844
20265,14.618063
20266,61.726437
20267,90.91982
20268,116.56741
20269,94.16978
20270,70.686455
20271,27.886896
20272,9.84971
20273,46.490345
20274,108.08608
20275,71.21914
20276,108.27416
20277,92.66955
20278,123.59362
20279,170.19849
20280,170.70576
20281,155.4271
20282,115.06053
20283,122.8061
20284,117.79273
20285,84.249405
20286,72.87712
20287,167.5676
20288,171.67921
20289,241.23706
20290,198.6892
20291,182.16144
20292,195.2089
20293,88.495865
20294,48.77628
20295,131.10973
20296,133.28384
20297,111.75845
20298,83.15466
20299,47.543163
20300,108.77235
20301,9.819533
20302,49.09008
20303,-2.6587625
20304,152.36235
20305,71.86563
20306,110.29383
20307,28.51626
20308,106.37847
20309,76.102585
20310,31.767649
20311,11.231618
20312,74.228264
20313,105.77379
20314,-0.76436543
20315,23.700089
20316,44.47365
20317,37.369633
20318,55.338886
20319,32.490814
20320,51.96412
20321,50.195538
20322,101.57999
20323,-0.7715113
20324,-1.4667184
20325,-1.6055877
20326,77.721825
20327,148.00505
20328,2.5281296
20329,-1.3322344
20330,40.190563
20331,61.640312
20332,135.17104
20333,75.48486
20334,153.09303
20335,134.39195
20336,75.75991
20337,81.20847
20338,89.954796
20339,97.90081
20340,126.70182
20341,153.73888
20342,196.34206
20343,150.18289
20344,149.78204
20345,201.18993
20346,170.45692
20347,150.35768
20348,113.57856
20349,134.35533
20350,216.27197
20351,287.20477
20352,274.21277
20353,223.94597
20354,160.49168
20355,126.17065
20356,151.49504
20357,223.55513
20358,283.93735
20359,318.22177
20360,273.38037
20361,234.87396
20362,218.27515
20363,215.84688
20364,195.95624
20365,200.23505
20366,231.96588
20367,231.96588
20368,211.3669
20369,158.26332
20370,151.16232
20371,148.80467
20372,100.65222
20373,91.82792
20374,86.21903
20375,96.744606
20376,111.69106
20377,123.86878
20378,117.32162
20379,134.66885
20380,119.8851
20381,101.624535
20382,113.09573
20383,137.83925
20384,150.7561
20385,122.820076
20386,126.51729
20387,155.7875
20388,152.54822
20389,198.65257
20390,194.62164
20391,173.78476
20392,189.03506
20393,137.84056
20394,137.66875
20395,98.39494
20396,88.26281
20397,147.1164
20398,151.32166
20399,125.16155
20400,80.14569
20401,75.71917
20402,71.63316
20403,66.32268
20404,60.582504
20405,72.37629
20406,72.301056
20407,72.36883
20408,61.956425
20409,78.47727
20410,58.964104
20411,55.254456
20412,42.983
20413,48.7295
20414,21.225344
20415,-3.131716
20416,-2.0454543
20417,-0.75851303
20418,-0.7929368
20419,-0.8369108
20420,-0.930433
20421,-0.8253237
20422,-0.8716082
20423,-0.93080544
20424,-0.8527752
20425,-0.8339208
20426,-0.8363516
20427,-0.8869592
20428,-0.38738036
20429,64.16589
20430,58.132267
20431,97.21437
20432,117.09315
20433,83.27071
20434,107.28495
20435,71.7858
20436,16.152466
20437,1.8415354
20438,66.35783
20439,155.39713
20440,164.50061
20441,11.439058
20442,37.704212
20443,9.2740555
20444,2.7771342
20445,13.072846
20446,28.865112
20447,-1.4621655
20448,99.23319
20449,93.761314
20450,-1.4098215
20451,-1.2246404
20452,48.423367
20453,25.154903
20454,-0.78102183
20455,14.700623
20456,23.951181
20457,-1.5336431
20458,-1.566499
20459,-0.8708514
20460,-0.81083226
20461,-0.82303894
20462,-0.7931888
20463,-0.88499117
20464,-0.82303894
20465,-0.8434659
20466,-0.7821933
20467,-0.8402028
20468,-0.82186747
20469,-0.8663459
20470,-0.82303894
20471,-0.82186747
20472,-1.5137918
20473,-0.7597071
20474,-0.82057583
20475,-0.789209
20476,-0.78803754
20477,-0.78297496
20478,11.5586405
20479,25.410849
20480,-2.1888437
20481,-5.3175545
20482,-3.0492513
20483,-0.86877525
20484,-0.8913969
20485,-0.84921575
20486,-0.79290986
20487,-1.4245769
20488,-0.807984
20489,-0.83072245
20490,-0.8272852
20491,-0.8509195
20492,-0.84160054
20493,-0.8245057
20494,-0.84160054
20495,-0.84160054
20496,-0.80292535
20497,-0.83231103
20498,-1.4649142
20499,-0.7687694
20500,-0.8527658
20501,-0.83451366
20502,-1.4651532
20503,-1.4772644
20504,-0.7414186
20505,-0.74763715
20506,50.689247
20507,43.677765
20508,8.290264
20509,34.660954
20510,42.231964
20511,40.090603
20512,27.581404
20513,49.436073
20514,51.62342
20515,68.895096
20516,67.3733
20517,44.26693
20518,31.96275
20519,39.08024
20520,40.037354
20521,25.836737
20522,34.91329
20523,47.96999
20524,70.381805
20525,59.217968
20526,63.825657
20527,54.64148
20528,68.38076
20529,83.10114
20530,96.55388
20531,135.26915
20532,176.19836
20533,242.60023
20534,268.80466
20535,258.85123
20536,276.7625
20537,296.238
20538,330.21402
20539,386.19388
20540,385.92352
20541,381.25842
20542,416.47736
20543,426.3425
20544,400.54053
20545,389.4709
20546,376.8715
20547,344.8465
20548,412.84262
20549,414.2796
20550,387.40735
20551,389.111
20552,318.57095
20553,246.05923
20554,282.56448
20555,330.0737
20556,356.29288
20557,289.45157
20558,212.51065
20559,144.55408
20560,78.64678
20561,98.17441
20562,85.98232
20563,58.93064
20564,21.036047
20565,43.996246
20566,17.949583
20567,65.06989
20568,21.68856
20569,24.037249
20570,58.319515
20571,60.922184
20572,30.944557
20573,105.21998
20574,148.79152
20575,38.00963
20576,101.419785
20577,113.0902
20578,165.82935
20579,202.12805
20580,201.52931
20581,86.84348
20582,129.28162
20583,43.08171
20584,123.67783
20585,180.52077
20586,124.63309
20587,157.13855
20588,171.77641
20589,169.06706
20590,171.37772
20591,175.25914
20592,90.25432
20593,139.07773
20594,189.4966
20595,374.91412
20596,359.9048
20597,321.77167
20598,357.4061
20599,284.87454
20600,351.1379
20601,283.86746
20602,505.21204
20603,503.1127
20604,655.747
20605,646.64355
20606,843.8696
20607,625.51044
20608,408.97913
20609,451.1321
20610,643.5475
20611,435.6782
20612,473.57986
20613,342.9276
20614,371.24893
20615,299.314
20616,354.1882
20617,451.33698
20618,434.67523
20619,415.59552
20620,437.21967
20621,185.18785
20622,267.11014
20623,371.36874
20624,278.04114
20625,475.96964
20626,428.06815
20627,381.63043
20628,427.31482
20629,478.3646
20630,409.8588
20631,573.28186
20632,368.86322
20633,282.31708
20634,244.88583
20635,301.53308
20636,378.90814
20637,238.00514
20638,168.30444
20639,115.68372
20640,83.09341
20641,100.22912
20642,132.92511
20643,153.30077
20644,154.51416
20645,135.22955
20646,110.16794
20647,130.94693
20648,123.905525
20649,242.0092
20650,364.45676
20651,514.18036
20652,714.87354
20653,669.4169
20654,626.442
20655,518.47205
20656,502.15207
20657,599.37494
20658,611.4825
20659,848.11255
20660,786.96356
20661,742.3811
20662,671.1911
20663,628.6968
20664,633.2566
20665,629.1046
20666,478.4676
20667,306.40164
20668,236.20105
20669,183.68213
20670,142.80928
20671,132.91234
20672,127.59222
20673,127.381516
20674,149.9453
20675,129.35371
20676,116.414764
20677,172.19005
20678,137.55354
20679,86.126785
20680,33.06644
20681,9.69865
20682,-5.2701383
20683,-2.3571527
20684,-7.1700644
20685,-4.307422
20686,-1.27626
20687,-1.298925
20688,-1.4899907
20689,-1.661667
20690,-1.7293553
20691,-1.7328093
20692,-1.8860297
20693,-2.365127
20694,-1.7639674
20695,-1.4123073
20696,-1.2157695
20697,-0.96724236
20698,-0.96887136
20699,-0.9469001
20700,-0.9887965
20701,-1.0957968
20702,-0.9687382
20703,-0.9586182
20704,-1.0418612
20705,-1.0129976
20706,-1.0634654
20707,-1.0734726
20708,-0.98397034
20709,-1.0101459
20710,-1.0004306
20711,-1.0004306
20712,-0.9953502
20713,-1.005562
20714,-0.99944466
20715,-0.9738152
20716,-0.95905375
20717,-0.95905375
20718,-0.89035714
20719,-0.89870876
20720,-1.6187478
20721,-1.7437795
20722,6.82942
20723,-1.0141094
20724,-0.9334628
20725,-0.8118252
20726,-0.91401213
20727,-2.0590382
20728,-1.0006218
20729,39.201145
20730,1.9776014
20731,-1.4900222
20732,-1.0187484
20733,-0.9788584
20734,-0.940708
20735,-1.4558611
20736,-1.5827687
20737,-0.78206277
20738,-0.37539983
20739,20.835806
20740,-1.4019206
20741,31.976748
20742,-0.85835755
20743,-0.8540771
20744,-0.40844986
20745,1.1423036
20746,1.0938712
20747,-0.87955225
20748,-1.4142556
20749,-0.86635303
20750,-1.4258983
20751,13.497234
20752,2.2379007
20753,85.00635
20754,74.80757
20755,7.1246657
20756,12.418627
20757,43.31561
20758,37.406765
20759,82.31696
20760,47.822117
20761,41.52326
20762,63.04061
20763,1.1687119
20764,110.79176
20765,151.0287
20766,96.101974
20767,134.39378
20768,113.34693
20769,122.34797
20770,126.67221
20771,116.00398
20772,77.47689
20773,157.95657
20774,145.29645
20775,117.03943
20776,96.925285
20777,50.949123
20778,80.897
20779,83.623604
20780,128.71454
20781,162.19093
20782,136.10646
20783,235.38426
20784,245.26648
20785,260.4255
20786,263.16235
20787,218.00784
20788,247.84511
20789,219.62045
20790,249.43619
20791,224.52025
20792,350.50592
20793,399.1631
20794,403.40808
20795,536.9423
20796,597.1035
20797,411.3554
20798,313.6638
20799,321.98795
20800,359.5819
20801,351.95123
20802,306.453
20803,271.4207
20804,241.77193
20805,142.94553
20806,127.42069
20807,93.81051
20808,98.94726
20809,51.981594
20810,40.011105
20811,45.645386
20812,107.827835
20813,82.815155
20814,103.3158
20815,138.77289
20816,191.94026
20817,201.41068
20818,315.2145
20819,481.47055
20820,395.96555
20821,216.46936
20822,188.48293
20823,160.88777
20824,185.17798
20825,202.9393
20826,291.12308
20827,410.6749
20828,444.0572
20829,362.94086
20830,248.899
20831,275.31845
20832,291.5614
20833,281.76395
20834,250.65512
20835,304.77878
20836,318.0051
20837,330.84787
20838,266.56323
20839,252.83351
20840,234.5086
20841,182.67485
20842,158.00307
20843,138.7823
20844,127.70057
20845,117.03185
20846,71.96152
20847,123.5066
20848,135.66664
20849,83.171776
20850,72.35454
20851,49.836597
20852,29.049788
20853,70.12897
20854,123.11669
20855,101.870926
20856,64.97435
20857,92.353676
20858,102.24934
20859,50.41536
20860,73.36142
20861,34.147972
20862,66.59801
20863,71.83786
20864,69.36379
20865,162.06483
20866,128.24948
20867,217.88918
20868,169.51808
20869,183.00954
20870,183.05247
20871,209.42871
20872,270.13577
20873,280.0657
20874,278.96268
20875,217.59317
20876,275.8268
20877,312.855
20878,281.84445
20879,450.14178
20880,312.6981
20881,282.13138
20882,384.481
20883,278.0475
20884,282.6887
20885,183.07207
20886,221.61284
20887,292.27417
20888,217.13683
20889,367.13904
20890,360.594
20891,223.04808
20892,404.74554
20893,323.3238
20894,454.21204
20895,376.1916
20896,512.6842
20897,255.5275
20898,353.60947
20899,487.1053
20900,626.96027
20901,352.55234
20902,537.0783
20903,724.2315
20904,525.1816
20905,627.9325
20906,457.80234
20907,528.9964
20908,537.625
20909,414.75766
20910,326.02292
20911,486.9623
20912,578.27924
20913,278.22775
20914,678.04095
20915,384.88754
20916,556.9736
20917,449.0496
20918,501.09726
20919,688.4825
20920,719.9025
20921,748.8447
20922,737.8623
20923,502.32947
20924,445.71964
20925,452.32837
20926,471.7823
20927,509.3054
20928,590.87213
20929,630.5238
20930,720.1145
20931,804.0054
20932,773.39
20933,942.2533
20934,871.26685
20935,666.34845
20936,625.22577
20937,593.4486
20938,528.02936
20939,478.07138
20940,432.28738
20941,268.33313
20942,285.91406
20943,283.06223
20944,287.2212
20945,331.07
20946,382.09705
20947,440.0984
20948,357.95505
20949,314.40887
20950,425.47223
20951,468.13232
20952,499.2755
20953,501.7673
20954,581.367
20955,686.3287
20956,773.85547
20957,777.5301
20958,773.56573
20959,792.81805
20960,917.1724
20961,877.2332
20962,1038.2788
20963,826.8392
20964,1035.5071
20965,1105.6932
20966,1140.4729
20967,1072.978
20968,957.611
20969,895.26447
20970,687.84393
20971,653.86755
20972,647.73755
20973,707.6731
20974,891.44635
20975,742.1367
20976,521.4763
20977,436.2399
20978,450.00867
20979,481.54486
20980,609.3325
20981,450.74634
20982,345.57303
20983,523.1076
20984,779.77747
20985,749.91284
20986,774.2158
20987,486.33365
20988,436.88205
20989,439.8483
20990,446.34348
20991,423.26654
20992,597.76794
20993,652.62585
20994,689.8765
20995,763.6692
20996,728.2332
20997,860.8631
20998,550.38153
20999,627.6933
21000,770.619
21001,660.47675
21002,650.1325
21003,615.2517
21004,1090.6984
21005,1070.6207
21006,1010.0217
21007,948.7014
21008,921.52057
21009,873.6177
21010,694.1859
21011,427.78796
21012,96.41832
21013,423.38028
21014,403.4832
21015,505.9499
21016,477.48764
21017,613.4612
21018,549.49225
21019,736.8354
21020,544.15857
21021,494.59653
21022,329.88358
21023,452.42767
21024,491.61374
21025,492.75345
21026,425.49652
21027,517.2033
21028,428.61908
21029,268.0206
21030,346.8119
21031,415.5076
21032,456.0224
21033,428.2072
21034,276.1112
21035,532.05145
21036,376.40305
21037,374.80185
21038,265.35934
21039,368.1324
21040,378.54974
21041,509.2598
21042,480.32455
21043,253.4542
21044,412.1121
21045,305.86746
21046,226.88028
21047,204.20404
21048,139.41595
21049,283.06964
21050,258.8319
21051,213.5387
21052,421.23666
21053,221.68608
21054,270.526
21055,194.80975
21056,264.95612
21057,306.1088
21058,367.86118
21059,471.8936
21060,360.58514
21061,389.9344
21062,431.7064
21063,505.70145
21064,343.07318
21065,409.55328
21066,327.96548
21067,276.805
21068,360.74597
21069,475.46756
21070,518.91656
21071,513.8099
21072,540.67847
21073,383.53284
21074,287.6744
21075,367.34357
21076,385.89536
21077,371.5019
21078,347.90732
21079,361.00504
21080,248.03593
21081,307.10672
21082,472.49545
21083,314.98862
21084,330.4338
21085,328.5088
21086,276.73517
21087,291.12552
21088,287.99997
21089,254.89339
21090,283.9545
21091,238.54749
21092,308.28534
21093,299.01157
21094,238.36078
21095,151.2227
21096,137.47545
21097,122.884575
21098,104.28529
21099,88.774666
21100,55.02951
21101,72.01915
21102,95.95985
21103,142.43439
21104,105.36589
21105,147.63666
21106,197.96231
21107,215.8669
21108,269.07977
21109,271.3743
21110,248.7738
21111,293.01443
21112,298.44693
21113,233.60219
21114,173.62685
21115,200.19002
21116,234.49574
21117,207.3437
21118,260.97626
21119,300.64255
21120,218.43935
21121,208.01599
21122,180.2212
21123,209.60004
21124,170.57657
21125,156.33289
21126,117.716774
21127,115.26723
21128,142.6216
21129,127.47467
21130,146.27217
21131,159.87933
21132,135.9476
21133,179.59116
21134,164.5679
21135,103.46908
21136,93.68339
21137,84.31238
21138,76.990326
21139,43.795517
21140,73.866844
21141,123.53125
21142,114.82883
21143,166.72153
21144,97.62882
21145,240.95853
21146,165.68837
21147,148.48215
21148,139.947
21149,171.96681
21150,109.61694
21151,126.07769
21152,92.21841
21153,77.47066
21154,94.744255
21155,54.15539
21156,33.25431
21157,-1.5083427
21158,-2.1734793
21159,34.067436
21160,23.920326
21161,32.52568
21162,2.0101528
21163,1.7745955
21164,77.63051
21165,76.75496
21166,100.49878
21167,75.73135
21168,60.14657
21169,68.7728
21170,91.32355
21171,62.256554
21172,54.627495
21173,5.6860986
21174,3.3580062
21175,8.782707
21176,112.176315
21177,7.4440994
21178,2.3361309
21179,7.013657
21180,-2.5265217
21181,36.016865
21182,27.400482
21183,27.205343
21184,41.345806
21185,16.616375
21186,54.122353
21187,29.550474
21188,-2.9522722
21189,-0.23051146
21190,-2.5209827
21191,12.535535
21192,4.024502
21193,62.137688
21194,59.620445
21195,82.166534
21196,114.227745
21197,159.08238
21198,254.94437
21199,614.99896
21200,459.23605
21201,315.9674
21202,473.25198
21203,453.6053
21204,278.10168
21205,917.9188
21206,770.3424
21207,346.54318
21208,79.657234
21209,-2.0962985
21210,413.36703
21211,665.8564
21212,168.7717
21213,-1.2154763
21214,-1.1291618
21215,-1.8195592
21216,-0.37015498
21217,3.764787
21218,82.76892
21219,120.252365
21220,190.58842
21221,206.7141
21222,191.37141
21223,162.00961
21224,120.4478
21225,112.3012
21226,104.087036
21227,112.18428
21228,119.38484
21229,135.87338
21230,139.90263
21231,157.5715
21232,136.59894
21233,187.93767
21234,269.6017
21235,224.91183
21236,189.7089
21237,167.98596
21238,191.8991
21239,159.61084
21240,116.64192
21241,228.23477
21242,256.1591
21243,242.34204
21244,198.74951
21245,167.38306
21246,177.78008
21247,217.45175
21248,253.43217
21249,283.83728
21250,396.05945
21251,400.31583
21252,323.68784
21253,364.66562
21254,344.6072
21255,488.26874
21256,345.41678
21257,327.73578
21258,172.87164
21259,105.06315
21260,76.03299
21261,83.06266
21262,71.2626
21263,68.62409
21264,21.768991
21265,31.400976
21266,31.935888
21267,12.065189
21268,48.38605
21269,18.067379
21270,36.18498
21271,86.48457
21272,18.91597
21273,-1.25888
21274,-1.6014222
21275,40.344128
21276,77.55159
21277,57.309193
21278,11.85865
21279,-0.7733804
21280,56.498264
21281,21.191994
21282,75.91034
21283,87.75876
21284,81.22255
21285,83.77338
21286,126.796295
21287,134.4047
21288,172.67177
21289,97.9404
21290,93.66743
21291,93.98067
21292,64.04152
21293,113.86154
21294,72.70149
21295,124.30255
21296,148.49362
21297,129.58723
21298,138.86168
21299,126.51475
21300,60.871906
21301,9.106126
21302,59.412415
21303,98.22014
21304,141.45088
21305,70.420166
21306,47.378315
21307,42.400154
21308,18.236448
21309,-3.416337
21310,51.514324
21311,-2.4772122
21312,55.17596
21313,33.133656
21314,42.684013
21315,28.56572
21316,13.28109
21317,78.21452
21318,46.577206
21319,88.39011
21320,88.35362
21321,100.83054
21322,90.90709
21323,66.19932
21324,47.12634
21325,25.11092
21326,16.130198
21327,27.64782
21328,17.97657
21329,3.1746185
21330,13.838531
21331,52.47788
21332,43.646275
21333,75.076584
21334,110.60225
21335,123.13574
21336,118.69239
21337,160.7083
21338,125.82529
21339,162.3754
21340,154.07227
21341,110.14598
21342,79.67742
21343,67.39529
21344,93.726036
21345,106.53928
21346,156.6644
21347,200.14073
21348,150.04535
21349,135.94089
21350,150.42969
21351,173.91322
21352,195.13403
21353,179.70149
21354,184.08627
21355,221.28076
21356,281.5928
21357,344.91428
21358,438.28766
21359,553.4308
21360,648.2093
21361,632.11395
21362,801.0576
21363,820.4176
21364,688.77594
21365,677.1485
21366,565.76385
21367,569.83673
21368,719.1573
21369,828.5212
21370,805.60614
21371,872.8747
21372,1006.6558
21373,1121.3987
21374,963.7439
21375,934.6089
21376,810.0752
21377,785.6042
21378,764.5233
21379,586.81323
21380,537.0256
21381,474.19263
21382,435.56055
21383,498.236
21384,425.7143
21385,277.39966
21386,406.18964
21387,453.35587
21388,414.5871
21389,318.76822
21390,758.9562
21391,731.5626
21392,390.16223
21393,140.65291
21394,284.9885
21395,326.67477
21396,432.9085
21397,335.50278
21398,130.2592
21399,167.59097
21400,167.37358
21401,123.639046
21402,112.20286
21403,164.51013
21404,213.76543
21405,120.09411
21406,36.106754
21407,66.885185
21408,69.29183
21409,73.48515
21410,82.25606
21411,98.0967
21412,114.43611
21413,162.82022
21414,135.82089
21415,88.17942
21416,131.75482
21417,39.49713
21418,48.96156
21419,160.58714
21420,111.27562
21421,173.6302
21422,184.67526
21423,99.62605
21424,225.83679
21425,289.82254
21426,360.4008
21427,363.5497
21428,401.44534
21429,588.48566
21430,590.96045
21431,405.28638
21432,395.97443
21433,770.4661
21434,922.59735
21435,820.139
21436,947.22955
21437,890.1117
21438,539.3493
21439,538.7629
21440,606.608
21441,772.1787
21442,543.46936
21443,480.00946
21444,667.2652
21445,774.0249
21446,726.55646
21447,661.0535
21448,493.14038
21449,286.26334
21450,452.75122
21451,547.86743
21452,552.75275
21453,486.4772
21454,527.8489
21455,605.3144
21456,615.68524
21457,389.4945
21458,491.43372
21459,313.41284
21460,318.50244
21461,344.832
21462,252.45384
21463,197.11716
21464,152.08101
21465,126.97258
21466,90.351395
21467,139.7542
21468,61.87728
21469,217.0764
21470,291.3996
21471,366.08786
21472,334.8394
21473,225.47302
21474,281.4994
21475,335.4236
21476,212.8077
21477,176.27812
21478,330.1354
21479,469.19016
21480,536.6141
21481,470.07617
21482,336.91107
21483,339.1083
21484,393.7349
21485,426.8447
21486,511.30136
21487,455.84155
21488,406.0176
21489,246.22505
21490,212.54599
21491,164.74861
21492,181.35194
21493,303.697
21494,405.21136
21495,387.0757
21496,369.17654
21497,359.69055
21498,382.76233
21499,462.07703
21500,480.39923
21501,524.6824
21502,498.95267
21503,532.1374
21504,549.8424
21505,634.8236
21506,702.9051
21507,804.8597
21508,828.9339
21509,700.6588
21510,569.64404
21511,523.7746
21512,501.69043
21513,463.11197
21514,391.25113
21515,186.12166
21516,106.8308
21517,145.29265
21518,117.18617
21519,96.54885
21520,140.45488
21521,313.1192
21522,355.26953
21523,242.15906
21524,157.09686
21525,209.90587
21526,233.5664
21527,236.99597
21528,450.18704
21529,477.97824
21530,421.4046
21531,307.42065
21532,221.66841
21533,244.6302
21534,230.76007
21535,187.83693
21536,147.13684
21537,128.68707
21538,181.21436
21539,134.85614
21540,13.589591
21541,19.079613
21542,18.874374
21543,59.735226
21544,257.79492
21545,297.96976
21546,222.73409
21547,184.76048
21548,169.58995
21549,191.74706
21550,166.774
21551,161.57796
21552,225.73602
21553,115.74991
21554,198.65681
21555,201.9008
21556,225.67905
21557,270.7257
21558,225.68912
21559,212.55759
21560,344.88687
21561,323.83823
21562,458.3654
21563,377.93228
21564,333.34824
21565,353.323
21566,215.11307
21567,209.03998
21568,198.13788
21569,208.41707
21570,291.6541
21571,279.27917
21572,160.23718
21573,441.6467
21574,363.45245
21575,253.38573
21576,145.19162
21577,180.11777
21578,225.00624
21579,239.23346
21580,183.13367
21581,321.2865
21582,389.00067
21583,326.78006
21584,273.63443
21585,269.384
21586,344.15598
21587,482.3899
21588,474.2501
21589,459.0474
21590,380.88922
21591,335.77676
21592,301.50293
21593,232.6206
21594,242.67159
21595,262.786
21596,206.3664
21597,360.8643
21598,272.18225
21599,219.76653
21600,274.92972
21601,185.88338
21602,134.5458
21603,175.99207
21604,195.96165
21605,126.10352
21606,334.90662
21607,218.34404
21608,382.4845
21609,204.82686
21610,209.10797
21611,408.5589
21612,233.69838
21613,289.07678
21614,142.12077
21615,71.25096
21616,135.08533
21617,112.04525
21618,163.8374
21619,146.8632
21620,212.22691
21621,252.0651
21622,173.97302
21623,106.249916
21624,42.39366
21625,55.236652
21626,32.21528
21627,27.578495
21628,46.900143
21629,48.5997
21630,78.296104
21631,133.08917
21632,109.70639
21633,165.32893
21634,209.60588
21635,213.12146
21636,238.7284
21637,228.83893
21638,175.81613
21639,199.04526
21640,362.916
21641,380.99603
21642,311.2713
21643,324.80048
21644,280.01584
21645,276.65897
21646,388.75195
21647,332.55295
21648,291.27307
21649,336.01517
21650,306.33432
21651,373.83783
21652,441.82214
21653,372.38358
21654,340.4072
21655,275.49384
21656,272.881
21657,296.79974
21658,444.2318
21659,492.05313
21660,407.9959
21661,329.17557
21662,321.6918
21663,321.96722
21664,285.48944
21665,218.80312
21666,181.20338
21667,145.44069
21668,150.94617
21669,168.38254
21670,220.13312
21671,216.2407
21672,203.29297
21673,253.46672
21674,159.68193
21675,88.90542
21676,61.791836
21677,61.238094
21678,94.177795
21679,121.47782
21680,133.33853
21681,152.53563
21682,145.6029
21683,102.50676
21684,48.3778
21685,41.61957
21686,25.460468
21687,35.30868
21688,0.02246172
21689,-0.6485056
21690,-0.7001963
21691,-0.6696765
21692,-0.66306657
21693,-0.66306657
21694,-0.7505841
21695,-0.77466065
21696,-0.8147324
21697,-0.91105884
21698,-0.89210707
21699,-0.8072338
21700,-0.8285632
21701,-0.7760638
21702,-0.84089386
21703,-0.78318167
21704,-0.78348494
21705,-0.78348494
21706,-0.78348494
21707,-0.7995482
21708,-0.85608184
21709,-0.7821088
21710,-0.76716423
21711,-0.76492786
21712,-0.76492786
21713,-0.74943185
21714,-0.76716423
21715,-0.76492786
21716,-0.69866526
21717,-0.7579154
21718,-0.85100734
21719,-1.7952578
21720,-0.8807706
21721,-1.5846326
21722,23.318798
21723,-1.8562671
21724,-1.5476282
21725,-0.8238257
21726,28.604433
21727,0.09809567
21728,-1.5673996
21729,-1.5655892
21730,-0.9657289
21731,-2.2042096
21732,13.208463
21733,2.1908796
21734,-1.5805793
21735,30.808706
21736,70.263824
21737,4.8938217
21738,-1.6310916
21739,17.036922
21740,19.363544
21741,-0.8455653
21742,-0.92577314
21743,-0.85254574
21744,76.62734
21745,165.01225
21746,80.539566
21747,143.6178
21748,119.28612
21749,90.08386
21750,69.84332
21751,12.8556
21752,65.85065
21753,29.6644
21754,53.680687
21755,38.203648
21756,59.743446
21757,97.3702
21758,67.842926
21759,76.49737
21760,86.21276
21761,52.935665
21762,40.559586
21763,19.564503
21764,49.721416
21765,64.24902
21766,81.19734
21767,57.916096
21768,18.337086
21769,47.183887
21770,106.935905
21771,115.86253
21772,115.06591
21773,138.12059
21774,177.18816
21775,160.7576
21776,204.1832
21777,206.91348
21778,213.2539
21779,223.18355
21780,216.80759
21781,240.11151
21782,172.55319
21783,170.6033
21784,206.30269
21785,211.3227
21786,240.4207
21787,214.77263
21788,209.34715
21789,164.49622
21790,99.1008
21791,115.889984
21792,98.503105
21793,63.074196
21794,83.75345
21795,108.767815
21796,116.7284
21797,139.17033
21798,174.97507
21799,133.074
21800,86.80643
21801,135.13338
21802,152.0731
21803,88.578865
21804,82.53843
21805,90.061455
21806,73.09286
21807,69.78615
21808,51.929455
21809,54.6329
21810,37.94989
21811,58.252407
21812,49.04684
21813,39.95301
21814,54.968452
21815,57.243065
21816,42.708096
21817,31.42665
21818,9.368548
21819,3.9108791
21820,-0.466832
21821,17.411093
21822,16.107788
21823,14.366086
21824,17.25745
21825,14.566066
21826,17.108784
21827,11.175008
21828,-3.637389
21829,8.008152
21830,-6.549791
21831,-6.629002
21832,-7.3908195
21833,-6.583145
21834,-3.3770463
21835,-1.1059388
21836,-1.013088
21837,-0.9874584
21838,-0.9271187
21839,-0.8899791
21840,-0.8899791
21841,-0.8778491
21842,-0.9423683
21843,-0.9423683
21844,-0.9096837
21845,-0.92665946
21846,-0.8670038
21847,-0.8670038
21848,-0.8670038
21849,-0.8670038
21850,-0.8670038
21851,-0.8642654
21852,-0.8642654
21853,-0.8642654
21854,-0.8642654
21855,-0.8642654
21856,-0.8642654
21857,-0.89050657
21858,-0.87638885
21859,-0.9029165
21860,-0.9029165
21861,-0.924946
21862,-0.894672
21863,-0.8776962
21864,-0.8997647
21865,-0.88535625
21866,-0.8865277
21867,-0.8865277
21868,-0.8865277
21869,-0.9311982
21870,-1.6411426
21871,-1.0293413
21872,-1.0369536
21873,-1.0411401
21874,-1.0411401
21875,-1.0948883
21876,-1.7094277
21877,-1.0492797
21878,-0.8733833
21879,-1.6608391
21880,-1.6346459
21881,-0.91189826
21882,-0.92229974
21883,-1.0280068
21884,-0.9234712
21885,-0.90293
21886,-0.8760464
21887,-0.922035
21888,-0.89758825
21889,-1.0185553
21890,-0.89758825
21891,-0.9564123
21892,-0.92284954
21893,-0.96822846
21894,-0.8842231
21895,-0.96358967
21896,-0.9436294
21897,-0.82723546
21898,-0.8534702
21899,-0.8321295
21900,-0.83314884
21901,-0.83314884
21902,-0.8569969
21903,-0.8695798
21904,-0.8695798
21905,-0.93695307
21906,-0.93695307
21907,-1.2439075
21908,-1.2439075
21909,-1.2439075
21910,-0.90657175
21911,-0.91253173
21912,-0.86423695
21913,-0.90250325
21914,-1.004085
21915,-0.96794134
21916,-1.548345
21917,-0.9533339
21918,-0.9116091
21919,-1.5105066
21920,-0.9224866
21921,-0.9214646
21922,-0.96480423
21923,56.15303
21924,72.740555
21925,80.26261
21926,65.07094
21927,67.15057
21928,56.37779
21929,80.06093
21930,80.20152
21931,73.7007
21932,62.08117
21933,42.82517
21934,54.379948
21935,49.020462
21936,28.840305
21937,38.28077
21938,98.64631
21939,71.08453
21940,72.47258
21941,57.494293
21942,69.447525
21943,21.904976
21944,12.4495535
21945,36.374683
21946,15.190687
21947,-1.0899768
21948,-0.9890953
21949,-0.9890953
21950,-1.0341669
21951,-1.5968438
21952,-0.896081
21953,-0.90391874
21954,-0.8923079
21955,-0.8100716
21956,-0.9961584
21957,-0.8940627
21958,-0.8628326
21959,-0.8818101
21960,-0.8818101
21961,-1.4842262
21962,-0.87977904
21963,16.222183
21964,27.115644
21965,2.8439274
21966,11.65025
21967,60.84937
21968,41.83928
21969,26.061304
21970,34.103245
21971,-2.1630554
21972,3.1347558
21973,-2.5240943
21974,-3.651741
21975,-1.4306256
21976,-1.5124247
21977,-1.4953063
21978,-1.520306
21979,-1.6574298
21980,-1.6382962
21981,-1.6830913
21982,-1.6935486
21983,-1.5436349
21984,-1.4048526
21985,-1.5583946
21986,-1.4663327
21987,-1.1930438
21988,-1.135323
21989,2.0629766
21990,12.0424795
21991,12.867052
21992,13.558742
21993,2.088187
21994,-1.0278707
21995,-1.1008977
21996,-1.631841
21997,70.241905
21998,45.19512
21999,0.89867246
22000,-0.5741763
22001,38.62279
22002,17.5757
22003,47.768326
22004,-1.217909
22005,114.76307
22006,246.32112
22007,333.88687
22008,347.3472
22009,183.3179
22010,192.4313
22011,17.856613
22012,-1.4821354
22013,27.22606
22014,104.03666
22015,-1.3352203
22016,-3.8274329
22017,-1.7846919
22018,-0.82425106
22019,-1.5801424
22020,310.33035
22021,404.28665
22022,225.68098
22023,41.223614
22024,-2.5571775
22025,-0.78443384
22026,-0.7913357
22027,-1.5024229
22028,-0.9763124
22029,107.15621
22030,499.765
22031,877.4666
22032,817.3409
22033,696.00824
22034,463.02634
22035,244.75722
22036,68.44286
22037,-2.6284442
22038,-1.2388611
22039,-1.2388611
22040,-1.2007042
22041,-1.2310191
22042,-1.2007042
22043,-1.4582388
22044,-2.1973176
22045,-1.5647919
22046,-1.2665473
22047,-1.188395
22048,-1.076976
22049,-1.6204678
22050,-0.82943946
22051,-0.7085791
22052,34.493023
22053,41.421825
22054,193.69157
22055,246.24294
22056,140.04625
22057,111.13045
22058,141.8791
22059,51.39117
22060,3.5152826
22061,-1.5254117
22062,-0.8376154
22063,-0.76711214
22064,-0.76711214
22065,-0.76711214
22066,-0.7757646
22067,-0.7757646
22068,-0.7757646
22069,-1.4889398
22070,-0.8456743
22071,-0.88801706
22072,-0.88022554
22073,-0.8884852
22074,-0.8150668
22075,-0.8999728
22076,-0.87896264
22077,-0.9006523
22078,-0.9189044
22079,-0.9048058
22080,-0.8926387
22081,-1.464581
22082,-0.8804078
22083,-0.8826879
22084,-1.4638188
22085,83.18254
22086,108.9306
22087,95.64837
22088,48.66713
22089,2.774846
22090,-0.76711214
22091,-0.8319483
22092,-0.8464662
22093,-0.8161514
22094,-0.8158481
22095,-0.8158481
22096,-0.82095724
22097,-0.8090161
22098,-0.8235339
22099,-0.8235339
22100,-1.484359
22101,67.331345
22102,85.71849
22103,51.453823
22104,55.619198
22105,72.92109
22106,90.92622
22107,149.42978
22108,141.96375
22109,127.3048
22110,85.42385
22111,91.11887
22112,107.43666
22113,212.06529
22114,221.9742
22115,99.152855
22116,85.99802
22117,134.40167
22118,46.503727
22119,37.816586
22120,22.71681
22121,0.47605398
22122,-0.8326668
22123,-0.8561824
22124,-0.84202045
22125,-0.83760446
22126,-0.7735214
22127,-0.8585647
22128,-0.8767449
22129,-0.8844636
22130,-1.4681522
22131,-0.861866
22132,-0.8764268
22133,-0.88646096
22134,36.506737
22135,94.83155
22136,64.8267
22137,29.714266
22138,9.6778345
22139,-0.9046557
22140,-0.8689152
22141,-0.80467737
22142,-0.80467737
22143,-0.85679436
22144,6.055484
22145,26.721691
22146,49.25439
22147,68.83422
22148,76.365875
22149,76.15768
22150,186.34853
22151,158.22664
22152,152.62245
22153,93.38576
22154,69.97198
22155,100.71919
22156,169.75565
22157,159.96873
22158,191.55688
22159,59.582817
22160,102.9817
22161,90.51085
22162,144.87979
22163,80.286514
22164,69.02206
22165,84.63418
22166,126.600296
22167,253.56564
22168,259.60916
22169,247.0071
22170,278.8766
22171,47.729103
22172,102.39618
22173,122.86352
22174,104.09258
22175,71.38016
22176,92.80546
22177,32.948193
22178,18.555843
22179,43.325996
22180,23.71429
22181,129.16838
22182,196.26074
22183,88.7357
22184,29.041924
22185,49.270576
22186,118.24233
22187,96.143265
22188,110.38866
22189,89.61302
22190,50.516537
22191,51.482643
22192,46.857533
22193,25.058266
22194,-2.6829464
22195,-1.6431279
22196,-1.7906046
22197,3.6947172
22198,20.260345
22199,1.259197
22200,16.27228
22201,12.795939
22202,-1.4814987
22203,-0.04350392
22204,82.9576
22205,187.78923
22206,223.37056
22207,251.5997
22208,566.97107
22209,538.8634
22210,381.8117
22211,164.62267
22212,63.793278
22213,147.04993
22214,274.49268
22215,343.75797
22216,439.7755
22217,885.31805
22218,795.83636
22219,529.44434
22220,383.59985
22221,459.79843
22222,554.12286
22223,379.96054
22224,265.9449
22225,304.09454
22226,503.7284
22227,733.6352
22228,1021.0239
22229,784.94006
22230,676.8826
22231,455.53406
22232,589.1188
22233,493.92923
22234,719.9611
22235,598.7046
22236,1378.9551
22237,1083.4303
22238,1026.785
22239,930.05347
22240,399.2949
22241,613.14014
22242,1082.9615
22243,1052.0754
22244,851.26355
22245,658.3265
22246,814.6277
22247,684.2314
22248,573.8007
22249,704.45294
22250,828.073
22251,798.44354
22252,953.174
22253,1052.9719
22254,1069.5732
22255,1017.9432
22256,830.6105
22257,835.74133
22258,557.7776
22259,662.74146
22260,718.66003
22261,610.055
22262,681.67737
22263,606.9267
22264,664.6475
22265,460.22272
22266,563.8885
22267,380.72806
22268,683.5922
22269,565.63153
22270,521.50824
22271,552.049
22272,896.28033
22273,538.0407
22274,473.47708
22275,693.04407
22276,569.0438
22277,350.58606
22278,358.50952
22279,419.3835
22280,277.50693
22281,462.14108
22282,302.1148
22283,252.9898
22284,91.772064
22285,88.78643
22286,92.747345
22287,150.11537
22288,159.2872
22289,208.99551
22290,160.55542
22291,106.40323
22292,96.61968
22293,182.95753
22294,121.24215
22295,72.71049
22296,145.35295
22297,256.60175
22298,224.61725
22299,139.07336
22300,147.77287
22301,133.81522
22302,187.85628
22303,216.03442
22304,252.9988
22305,49.251827
22306,132.47256
22307,128.84416
22308,122.493546
22309,17.680723
22310,126.54972
22311,55.245865
22312,26.247929
22313,35.92646
22314,39.328247
22315,61.775906
22316,10.623063
22317,20.971798
22318,58.49724
22319,40.702717
22320,70.86828
22321,137.24667
22322,13.064292
22323,28.627941
22324,71.56503
22325,0.61055994
22326,-0.8080479
22327,-0.8047466
22328,-0.8047466
22329,-0.79261196
22330,-0.8047466
22331,-0.8134856
22332,-0.7803173
22333,-0.7325969
22334,18.841137
22335,31.53319
22336,28.519743
22337,-1.977424
22338,-0.81845486
22339,-0.83038723
22340,-0.81617475
22341,-0.81617475
22342,-0.77862144
22343,-0.76921165
22344,-0.7493782
22345,-1.3936502
22346,-0.61249125
22347,-0.61249125
22348,-0.6819645
22349,-0.6824454
22350,-0.6824454
22351,-0.6283548
22352,-0.772537
22353,-0.76519144
22354,-0.81149757
22355,-0.79078394
22356,-0.79078394
22357,-0.79078394
22358,-0.7985026
22359,-0.79078394
22360,-0.79078394
22361,-0.8003525
22362,-0.8003525
22363,-1.4145834
22364,-0.8571978
22365,-0.8560404
22366,-0.8742927
22367,-0.9091051
22368,-0.9091051
22369,-0.9091051
22370,-0.9091051
22371,-0.8939716
22372,-0.9091051
22373,-1.5386639
22374,39.979816
22375,113.195526
22376,119.892296
22377,94.8275
22378,6.7069836
22379,5.151551
22380,21.89778
22381,21.8595
22382,42.61683
22383,2.026924
22384,-2.6843843
22385,-0.9343122
22386,-0.9343122
22387,-0.9343122
22388,-0.9343122
22389,-0.9368078
22390,-0.9343122
22391,-0.9262016
22392,-0.83427036
22393,-0.83427036
22394,-0.83427036
22395,-0.83427036
22396,-0.83427036
22397,-0.9164577
22398,-0.94556516
22399,-0.894352
22400,-0.8319844
22401,-0.8319844
22402,-0.8319844
22403,-0.7953198
22404,-0.7953198
22405,-0.7938811
22406,-0.7938811
22407,-0.7938811
22408,-0.9080329
22409,-0.941963
22410,-0.941963
22411,-0.941963
22412,-0.9662614
22413,-0.941963
22414,-0.941963
22415,-0.9184911
22416,-0.9184911
22417,-0.9184911
22418,-0.93216795
22419,-1.0263295
22420,-1.0287967
22421,-1.0635675
22422,-1.0635675
22423,-0.87996584
22424,-0.920333
22425,-0.8814045
22426,-0.87131345
22427,-0.86780125
22428,-0.9156854
22429,-0.9914886
22430,-0.8772578
22431,-0.87695456
22432,-0.9282379
22433,-0.7901865
22434,-0.745705
22435,-0.82998013
22436,-0.733575
22437,-0.7780565
22438,-0.85378164
22439,-0.8510804
22440,-0.99417275
22441,-0.9989496
22442,-1.7242188
22443,5.9117265
22444,30.747229
22445,-1.4799032
22446,-0.97542304
22447,-1.0185779
22448,-0.94979364
22449,-0.99063724
22450,-0.9727749
22451,-0.93950576
22452,-1.0534478
22453,-0.93950576
22454,-1.0183659
22455,6.1786165
22456,-0.93950576
22457,-0.912224
22458,-0.912224
22459,-1.5977758
22460,10.956938
22461,-0.34397054
22462,-2.1704655
22463,61.514748
22464,-1.3260273
22465,35.925133
22466,-0.75038177
22467,-0.90536493
22468,-0.90536493
22469,-1.5438389
22470,-0.89284474
22471,27.8061
22472,-0.9163353
22473,-1.5401777
22474,-1.5117987
22475,54.55552
22476,40.72989
22477,39.709503
22478,-0.708216
22479,-0.741898
22480,-0.94458956
22481,-0.6593091
22482,-0.75425154
22483,-0.76950556
22484,-0.75425154
22485,-0.70722455
22486,-0.75716585
22487,-0.6689138
22488,24.766375
22489,100.85611
22490,105.866356
22491,127.9726
22492,177.02534
22493,232.2042
22494,249.82004
22495,283.13486
22496,302.2059
22497,305.7699
22498,472.26242
22499,638.3204
22500,788.3096
22501,663.36426
22502,524.5236
22503,556.8539
22504,661.1202
22505,602.43427
22506,679.1294
22507,712.75885
22508,695.32733
22509,551.3356
22510,575.5477
22511,617.49915
22512,701.2968
22513,574.2916
22514,631.3977
22515,620.8894
22516,658.82196
22517,724.48083
22518,967.41956
22519,886.9897
22520,716.6692
22521,653.2785
22522,648.4103
22523,638.6144
22524,745.3101
22525,726.8537
22526,678.3427
22527,646.73517
22528,690.7146
22529,666.2686
22530,639.4265
22531,631.7393
22532,655.8684
22533,602.2974
22534,632.70917
22535,807.23956
22536,1152.8708
22537,1067.1927
22538,1231.2717
22539,971.83984
22540,1196.1483
22541,1326.4375
22542,941.90924
22543,850.22986
22544,794.57733
22545,852.1676
22546,870.45654
22547,1080.8645
22548,1001.9606
22549,846.83154
22550,902.0835
22551,1054.1422
22552,1069.1945
22553,1088.5588
22554,1309.8977
22555,1384.3839
22556,969.9751
22557,915.31995
22558,1102.3284
22559,1679.6012
22560,880.8332
22561,1122.7682
22562,1296.6835
22563,916.4276
22564,1151.2858
22565,1505.693
22566,1709.7264
22567,1706.0848
22568,1937.7644
22569,1548.6414
22570,1775.2722
22571,1684.358
22572,1693.3398
22573,1700.9344
22574,1275.4939
22575,1524.2025
22576,1212.1027
22577,902.4039
22578,1430.9393
22579,1429.2605
22580,1372.367
22581,1422.9165
22582,1424.4344
22583,924.1239
22584,1283.787
22585,1382.7882
22586,1708.6805
22587,1460.0431
22588,1764.1826
22589,1829.9941
22590,1844.5052
22591,1752.9694
22592,1796.5236
22593,1576.3209
22594,1448.5615
22595,1786.2216
22596,1689.799
22597,1499.92
22598,1589.7415
22599,1874.138
22600,1866.2637
22601,1917.9086
22602,1535.8007
22603,1333.6273
22604,1460.1185
22605,1511.1495
22606,1875.4495
22607,1001.5004
22608,561.0899
22609,398.55972
22610,434.90643
22611,566.71344
22612,929.4601
22613,965.34393
22614,524.34906
22615,688.7952
22616,302.5113
22617,149.38481
22618,236.68814
22619,396.36792
22620,526.7283
22621,579.96014
22622,599.931
22623,590.83746
22624,610.3167
22625,534.43616
22626,614.4419
22627,668.01013
22628,716.09656
22629,779.8736
22630,1023.72095
22631,896.567
22632,487.49393
22633,369.05655
22634,330.20154
22635,250.83258
22636,97.691795
22637,123.62739
22638,158.41634
22639,56.346695
22640,32.737556
22641,-0.5381897
22642,-0.61501205
22643,14.784897
22644,149.59306
22645,299.30563
22646,323.1648
22647,490.56464
22648,569.1081
22649,613.9843
22650,672.2375
22651,878.5098
22652,1103.9756
22653,1022.37616
22654,1165.1261
22655,1178.3628
22656,1354.299
22657,1248.8569
22658,1102.149
22659,1129.6238
22660,1178.8193
22661,1032.8014
22662,997.4785
22663,1119.4602
22664,1095.3102
22665,1072.5898
22666,1151.2456
22667,1125.7611
22668,949.09686
22669,918.4055
22670,823.6332
22671,804.4741
22672,742.0033
22673,742.093
22674,624.2857
22675,673.47815
22676,739.9539
22677,606.04584
22678,600.3645
22679,516.4687
22680,653.833
22681,571.5343
22682,619.4089
22683,699.07935
22684,562.69946
22685,784.16656
22686,782.9862
22687,889.43774
22688,657.2244
22689,573.00433
22690,582.8697
22691,689.78
22692,639.6306
22693,525.4059
22694,387.7989
22695,472.8055
22696,729.58673
22697,850.6817
22698,648.5232
22699,1123.399
22700,913.70953
22701,569.41125
22702,904.86035
22703,895.7161
22704,1192.4122
22705,1062.3215
22706,1343.6237
22707,1398.8926
22708,1136.3864
22709,1243.0956
22710,1335.0444
22711,1151.2333
22712,1122.6809
22713,1397.4321
22714,847.0428
22715,886.82556
22716,1349.0692
22717,1466.72
22718,883.78656
22719,1074.8179
22720,1822.4781
22721,1318.2351
22722,1206.328
22723,1309.0023
22724,1669.3148
22725,1215.754
22726,1714.4349
22727,1165.2076
22728,591.9604
22729,982.96893
22730,1009.5323
22731,1206.8716
22732,1309.8988
22733,760.4802
22734,1031.6969
22735,1069.0344
22736,543.62225
22737,473.18054
22738,442.97955
22739,479.86026
22740,857.93365
22741,542.1047
22742,929.8217
22743,649.8816
22744,950.35114
22745,811.4732
22746,834.59814
22747,562.4139
22748,1009.1707
22749,969.1222
22750,1010.0497
22751,455.98746
22752,360.54724
22753,405.09644
22754,318.32404
22755,487.90146
22756,269.50964
22757,639.7383
22758,379.4077
22759,248.74416
22760,465.74915
22761,519.03156
22762,419.605
22763,353.8119
22764,334.10822
22765,350.60913
22766,321.2328
22767,344.13474
22768,367.94882
22769,214.12756
22770,176.98161
22771,162.50293
22772,206.19199
22773,224.96286
22774,210.4229
22775,204.56393
22776,144.89862
22777,89.32207
22778,56.883305
22779,75.28651
22780,60.048885
22781,78.58612
22782,160.06993
22783,199.3658
22784,185.60751
22785,183.90562
22786,215.6995
22787,274.51453
22788,218.31038
22789,276.40668
22790,335.38565
22791,325.0153
22792,321.24387
22793,281.81845
22794,239.55771
22795,203.72754
22796,223.33727
22797,222.30365
22798,301.5824
22799,290.74243
22800,249.63461
22801,193.69649
22802,263.36865
22803,299.98093
22804,209.98141
22805,224.34108
22806,231.21228
22807,198.11542
22808,235.09402
22809,246.87035
22810,217.93301
22811,265.51675
22812,262.3537
22813,252.44963
22814,288.52753
22815,306.36917
22816,316.873
22817,300.8256
22818,267.18613
22819,223.46298
22820,133.93214
22821,51.93455
22822,10.4978895
22823,157.56038
22824,134.23509
22825,153.6068
22826,136.9245
22827,109.39205
22828,137.83807
22829,220.94943
22830,128.08452
22831,146.15787
22832,177.65155
22833,199.72234
22834,198.75484
22835,204.13297
22836,227.28531
22837,112.258575
22838,143.32608
22839,59.203
22840,135.40741
22841,100.40783
22842,111.15172
22843,139.64912
22844,138.58855
22845,112.489
22846,182.68146
22847,169.68892
22848,105.44662
22849,24.79013
22850,-1.5431759
22851,-0.5928995
22852,-1.3484573
22853,6.297636
22854,111.30879
22855,163.31703
22856,132.43886
22857,241.88823
22858,148.93704
22859,206.77606
22860,92.57288
22861,280.37204
22862,236.80104
22863,218.98419
22864,162.47162
22865,95.08054
22866,133.7013
22867,169.14081
22868,171.48358
22869,184.37578
22870,221.64534
22871,172.17502
22872,140.48827
22873,155.25713
22874,103.98682
22875,164.42583
22876,225.84612
22877,127.42143
22878,113.81254
22879,94.06105
22880,167.34277
22881,169.27298
22882,100.13036
22883,101.50954
22884,98.0851
22885,81.327415
22886,125.069695
22887,192.24864
22888,180.31165
22889,150.05977
22890,155.53702
22891,103.883286
22892,105.59881
22893,155.2479
22894,202.87349
22895,290.0266
22896,213.45741
22897,135.75385
22898,262.62415
22899,310.15463
22900,248.73058
22901,263.40375
22902,273.9344
22903,386.1105
22904,458.61343
22905,347.91562
22906,205.80562
22907,336.13577
22908,436.76596
22909,472.21295
22910,556.9764
22911,711.27985
22912,1009.7091
22913,843.93854
22914,686.5731
22915,618.5106
22916,758.8128
22917,472.75534
22918,406.1072
22919,678.636
22920,842.09143
22921,771.16693
22922,739.48126
22923,878.9792
22924,1098.7012
22925,1142.2509
22926,1096.896
22927,1115.7622
22928,1087.729
22929,768.6136
22930,699.03955
22931,676.1873
22932,764.80853
22933,694.37695
22934,1014.88385
22935,948.07104
22936,900.4793
22937,820.6336
22938,1182.1029
22939,1396.8018
22940,1241.1678
22941,1056.7098
22942,834.46375
22943,516.13586
22944,277.43454
22945,230.82443
22946,14.294416
22947,29.645136
22948,30.096468
22949,111.4171
22950,232.53084
22951,266.98624
22952,331.8632
22953,376.47607
22954,98.37723
22955,206.69803
22956,118.73292
22957,85.72227
22958,108.02595
22959,246.77576
22960,249.93163
22961,199.00426
22962,192.90063
22963,176.6849
22964,233.16429
22965,612.5105
22966,463.3063
22967,359.74036
22968,524.2913
22969,389.19894
22970,480.1456
22971,509.85278
22972,254.15413
22973,221.3775
22974,109.68924
22975,49.868675
22976,210.49498
22977,128.64545
22978,41.318092
22979,68.94838
22980,44.802814
22981,10.208083
22982,-0.47176275
22983,5.3504252
22984,78.8086
22985,165.13348
22986,365.7899
22987,362.12225
22988,361.29593
22989,222.94305
22990,1001.25543
22991,662.6822
22992,419.01932
22993,284.24432
22994,341.15775
22995,516.7293
22996,526.22076
22997,687.81866
22998,749.9674
22999,830.40326
23000,961.4588
23001,609.36884
23002,681.2259
23003,814.16486
23004,903.8105
23005,917.29486
23006,1175.8192
23007,978.2274
23008,1057.6276
23009,1347.6321
23010,1007.67535
23011,1204.4109
23012,759.4497
23013,652.6756
23014,686.0107
23015,1056.1318
23016,1005.34937
23017,599.94635
23018,340.8704
23019,401.05386
23020,381.9775
23021,253.75183
23022,366.19907
23023,403.2919
23024,468.40002
23025,428.01544
23026,437.2872
23027,355.20575
23028,266.7169
23029,362.94586
23030,369.62543
23031,456.7281
23032,458.83362
23033,432.40506
23034,177.7381
23035,49.35045
23036,9.704891
23037,1.9065256
23038,34.88581
23039,37.67948
23040,6.200748
23041,-3.2120082
23042,-4.69846
23043,-2.8769257
23044,-0.8269137
23045,-0.76467085
23046,-0.79995817
23047,-0.79995817
23048,-0.80543226
23049,-0.80543226
23050,-0.9234434
23051,-0.71702224
23052,-0.7540423
23053,-0.8410954
23054,-0.9255697
23055,-0.79382855
23056,-0.84331733
23057,-0.8840609
23058,-0.9988189
23059,-0.9608895
23060,-0.9988189
23061,-0.948036
23062,-0.9988189
23063,-0.9988189
23064,-0.8632427
23065,-1.0770621
23066,-0.91932786
23067,-0.94193953
23068,-1.630539
23069,-0.7896571
23070,-1.075578
23071,-0.8347308
23072,-0.8347308
23073,-1.0102737
23074,-1.0102737
23075,-1.0102737
23076,-0.85247475
23077,-0.8738887
23078,-0.776875
23079,-0.82763547
23080,-0.82763547
23081,35.27869
23082,91.477516
23083,-0.907453
23084,-0.907453
23085,-0.9401376
23086,81.145966
23087,69.71681
23088,-0.93516606
23089,92.84682
23090,-0.93516606
23091,74.66323
23092,-0.9852449
23093,-1.0378853
23094,-1.7716026
23095,-1.7123294
23096,7.6940627
23097,101.68453
23098,-1.6521833
23099,-2.427085
23100,-1.6767471
23101,-1.3962263
23102,-1.0331125
23103,-1.1438609
23104,-1.0364065
23105,-0.8818757
23106,-0.9689792
23107,-0.925718
23108,-0.8868614
23109,-0.8868614
23110,-1.5722053
23111,-0.9416838
23112,-0.9364118
23113,-0.87499076
23114,-0.96439093
23115,-0.87563807
23116,-0.9957476
23117,-0.9264211
23118,-2.509896
23119,-0.90056163
23120,-1.0578604
23121,-1.034672
23122,-0.9561259
23123,-0.928582
23124,-0.9213299
23125,-1.7311368
23126,-1.6507976
23127,8.393834
23128,102.197556
23129,101.32124
23130,101.16474
23131,118.66318
23132,110.37117
23133,132.32372
23134,131.51317
23135,125.97551
23136,164.87779
23137,190.72829
23138,140.63828
23139,135.00226
23140,24.299835
23141,-1.2788324
23142,130.40196
23143,148.48949
23144,157.60716
23145,145.77353
23146,116.12247
23147,89.245285
23148,80.195175
23149,75.48846
23150,37.321312
23151,46.644997
23152,49.47744
23153,32.993477
23154,37.92805
23155,35.65367
23156,20.91245
23157,5.087497
23158,-7.3404016
23159,-2.3858907
23160,-0.9169075
23161,-0.9261216
23162,-0.93369395
23163,-0.93369395
23164,-0.9043985
23165,-0.8247694
23166,-0.8235149
23167,-0.8235149
23168,-0.82596207
23169,-0.83885574
23170,-0.8171276
23171,-0.8612176
23172,-0.8612176
23173,-0.8612176
23174,-0.8612176
23175,-0.8015621
23176,-0.8743746
23177,-0.8743746
23178,-0.8743746
23179,-0.8743746
23180,-0.8743746
23181,-0.8755461
23182,-0.8755461
23183,-0.8729781
23184,-0.90135336
23185,-0.9016566
23186,-0.9016566
23187,-0.9811789
23188,-0.79078996
23189,-0.8729781
23190,-0.94882214
23191,-0.9465848
23192,-0.8304881
23193,-0.8304881
23194,-0.92170024
23195,-0.9346858
23196,-0.9939028
23197,-0.9331578
23198,-1.0731931
23199,-1.6829814
23200,-1.2981937
23201,-1.2956902
23202,-1.0910323
23203,-1.8445376
23204,-0.98616767
23205,36.55856
23206,84.55518
23207,20.16024
23208,1.0866743
23209,-2.3403556
23210,41.470993
23211,82.09796
23212,45.73349
23213,92.98525
23214,168.93602
23215,106.236145
23216,112.879265
23217,64.493645
23218,118.70403
23219,126.3901
23220,83.63264
23221,29.741425
23222,59.87738
23223,168.8039
23224,132.81335
23225,186.57747
23226,120.8323
23227,120.17117
23228,54.44558
23229,226.52063
23230,263.18323
23231,252.07205
23232,139.84592
23233,94.70606
23234,119.75972
23235,170.19247
23236,172.4769
23237,212.87694
23238,162.91759
23239,61.34785
23240,48.331524
23241,54.18439
23242,89.7517
23243,128.07674
23244,186.32585
23245,307.82422
23246,283.50845
23247,229.98624
23248,176.4605
23249,151.45535
23250,174.93677
23251,187.20006
23252,343.02814
23253,573.3613
23254,633.00336
23255,598.05835
23256,550.39484
23257,483.98575
23258,591.90216
23259,588.23047
23260,610.37506
23261,669.398
23262,718.9711
23263,685.69617
23264,438.13474
23265,407.5491
23266,524.16364
23267,602.3112
23268,791.4303
23269,965.08307
23270,1104.447
23271,1000.6351
23272,810.4471
23273,586.55853
23274,567.06067
23275,453.76953
23276,498.41318
23277,410.84232
23278,445.17245
23279,495.1848
23280,441.40964
23281,537.06384
23282,474.93375
23283,543.1497
23284,566.66254
23285,657.8068
23286,595.1176
23287,547.2049
23288,391.3591
23289,333.05902
23290,199.31369
23291,207.2779
23292,127.796906
23293,233.90239
23294,348.32895
23295,292.12213
23296,278.62238
23297,296.4409
23298,326.21686
23299,287.91824
23300,381.80258
23301,435.0502
23302,252.8313
23303,299.87845
23304,319.03293
23305,247.58868
23306,284.68457
23307,260.79132
23308,236.55089
23309,137.90651
23310,124.123146
23311,317.57382
23312,197.2671
23313,102.17521
23314,329.23834
23315,347.65686
23316,289.0628
23317,222.25404
23318,145.35939
23319,8.977455
23320,-0.49837884
23321,-1.1109518
23322,-1.8245176
23323,-0.94816273
23324,-1.4435297
23325,-1.6828899
23326,-1.5057029
23327,-4.5915036
23328,-1.8867401
23329,-3.705749
23330,-1.6582848
23331,-1.6697631
23332,-3.2373312
23333,-1.77512
23334,-2.1090572
23335,-3.3452032
23336,-2.6469774
23337,-3.2428088
23338,-4.9571314
23339,-4.0304265
23340,-2.9057522
23341,-2.0837677
23342,-2.496897
23343,-3.983054
23344,-2.522428
23345,-0.08687924
23346,-0.5671184
23347,-3.360213
23348,-1.5465167
23349,-0.90865785
23350,-1.7356614
23351,-1.5167189
23352,-2.0263221
23353,-0.5017574
23354,-1.8960059
23355,-1.6296526
23356,1.404389
23357,-2.2375124
23358,-2.1336458
23359,-0.069668725
23360,-2.0255547
23361,-2.1084285
23362,-0.694985
23363,-2.1574714
23364,-1.8122598
23365,-1.102174
23366,-0.6735365
23367,-0.5735565
23368,-0.8018805
23369,-0.26985976
23370,-0.59764713
23371,7.0180387
23372,6.683096
23373,6.475485
23374,-2.1360087
23375,6.362179
23376,-2.1628382
23377,-2.166537
23378,-1.3371862
23379,-0.042504214
23380,-2.604009
23381,-1.2017729
23382,-3.251682
23383,-3.35012
23384,-2.3256805
23385,-2.4606476
23386,-2.3121412
23387,5.701286
23388,-3.0322013
23389,-1.3346101
23390,0.19671215
23391,-0.8640358
23392,-0.9487095
23393,-1.0194699
23394,-1.6460086
23395,-0.67875224
23396,-1.276837
23397,-1.097377
23398,-1.4188427
23399,-1.4992427
23400,-1.44885
23401,-1.44885
23402,-1.3972365
23403,-1.3972365
23404,-1.3823951
23405,-1.151203
23406,-1.1660446
23407,-1.1660446
23408,-1.2087544
23409,-0.64610636
23410,-1.3206488
23411,-1.3090748
23412,-1.3789431
23413,-1.3743856
23414,-1.4911215
23415,-1.5942411
23416,-1.6392186
23417,-1.3689232
23418,-1.2521873
23419,-1.1389129
23420,-1.1389129
23421,-1.1389129
23422,-1.4261148
23423,-1.4853133
23424,-1.467061
23425,-1.4676085
23426,-1.509576
23427,-1.5017205
23428,-1.5017205
23429,-1.3662151
23430,-1.4081825
23431,-1.4780508
23432,-1.8265957
23433,-2.0988588
23434,-1.9868153
23435,-1.4141206
23436,-1.4074677
23437,-1.5354291
23438,-1.5332185
23439,-1.5332185
23440,-3.1477609
23441,-2.9431572
23442,-3.4597955
23443,-2.8577352
23444,-5.305179
23445,-3.188274
23446,-0.42817026
23447,-1.2960777
23448,-5.599347
23449,-6.4972477
23450,-4.5284786
23451,-5.1226096
23452,-5.121755
23453,-1.2575835
23454,-1.2069852
23455,-4.0000477
23456,-4.7540264
23457,-5.48309
23458,-3.2220042
23459,-1.9649366
23460,-2.6203856
23461,-2.7526426
23462,-4.8027415
23463,-8.114347
23464,-3.8986173
23465,-2.488251
23466,-0.18048665
23467,-1.4596089
23468,-1.1488023
23469,-3.4769773
23470,-1.4596089
23471,-1.6509678
23472,-3.2756891
23473,-3.2812033
23474,-2.3239186
23475,-1.4468551
23476,-1.5336511
23477,0.69505054
23478,-1.2563827
23479,-1.1030462
23480,-0.2774704
23481,-4.413472
23482,-1.7126791
23483,-2.121581
23484,-1.4803977
23485,-1.4500828
23486,-1.436198
23487,-1.4440533
23488,-1.4119287
23489,-1.2884903
23490,-1.529357
23491,-0.93445694
23492,-1.173167
23493,-1.544849
23494,-1.2888398
23495,-1.430919
23496,-0.7109667
23497,-0.62239957
23498,-0.6007027
23499,0.05644294
23500,-0.13487154
23501,-1.927018
23502,-3.4175758
23503,0.022120958
23504,-2.2414858
23505,-1.6629466
23506,-1.3489052
23507,-2.3090408
23508,-2.5147471
23509,-2.7099915
23510,-3.21849
23511,-3.2418478
23512,-2.5776358
23513,-2.273903
23514,-2.2028925
23515,-0.37967128
23516,-0.92489684
23517,-2.8164794
23518,-2.993218
23519,-3.1363938
23520,-2.2659624
23521,-3.1201062
23522,-2.2786276
23523,-7.277862
23524,-3.17364
23525,-6.58095
23526,-6.5823326
23527,-5.9618587
23528,-8.01282
23529,-7.9744687
23530,-3.9088235
23531,-3.8698988
23532,-0.21562366
23533,-0.3700173
23534,-1.9191865
23535,-2.5151396
23536,-1.6918412
23537,-3.657003
23538,4.7493567
23539,1.6224611
23540,-1.3808603
23541,0.2639319
23542,-1.3808603
23543,-1.4115381
23544,-3.2819836
23545,-3.2075636
23546,-3.051105
23547,-1.4425389
23548,-2.0471458
23549,-2.1029394
23550,-1.8382428
23551,-1.8443115
23552,-1.3413241
23553,-1.7070823
23554,-1.1447221
23555,-2.2094653
23556,-2.4825244
23557,-1.6016097
23558,-0.82138795
23559,-1.6031328
23560,-3.6374717
23561,-3.5838475
23562,-1.5561194
23563,-1.4762117
23564,2.6366098
23565,-3.2629259
23566,2.0361395
23567,-3.067405
23568,-3.5952663
23569,-3.0951045
23570,-2.0480297
23571,-2.501069
23572,-3.144397
23573,-1.2834736
23574,-2.476213
23575,-6.4817147
23576,-4.1784596
23577,-3.9804993
23578,-5.1446767
23579,-3.4427245
23580,-4.586537
23581,0.37247348
23582,0.024266437
23583,-1.8273373
23584,0.066298105
23585,-1.9837655
23586,-2.936213
23587,-1.0514522
23588,-2.9265437
23589,-2.1295755
23590,-2.569412
23591,-1.4307748
23592,0.0011550136
23593,-0.5403605
23594,-0.8726728
23595,0.006943714
23596,-0.35031217
23597,-0.7882922
23598,-1.1868701
23599,-0.6516223
23600,-1.454803
23601,-1.0483005
23602,-0.14561294
23603,0.4859449
23604,-1.3736477
23605,-1.0739424
23606,-1.8823717
23607,6.2242703
23608,185.36212
23609,354.17737
23610,379.34384
23611,319.0856
23612,304.96274
23613,289.94226
23614,255.75769
23615,261.7527
23616,187.8082
23617,221.50949
23618,247.79884
23619,188.5597
23620,117.614426
23621,97.45369
23622,146.38261
23623,173.37575
23624,127.76555
23625,72.69202
23626,169.70053
23627,100.63726
23628,67.69663
23629,91.18587
23630,62.102005
23631,46.587746
23632,40.22695
23633,41.152527
23634,10.173996
23635,11.278757
23636,10.490104
23637,29.057022
23638,31.068838
23639,15.5647135
23640,106.31695
23641,175.82614
23642,147.40948
23643,214.12616
23644,112.49136
23645,106.062126
23646,52.1435
23647,114.49489
23648,177.16635
23649,128.56061
23650,191.84651
23651,210.30534
23652,221.02841
23653,347.31958
23654,429.33914
23655,387.30557
23656,469.0144
23657,447.2509
23658,590.1577
23659,531.66003
23660,712.2794
23661,817.86115
23662,771.91644
23663,755.3769
23664,735.09045
23665,750.7231
23666,621.9574
23667,597.7706
23668,523.0836
23669,592.7253
23670,604.3042
23671,612.7851
23672,565.45685
23673,462.5576
23674,408.6108
23675,421.8426
23676,394.47928
23677,363.90738
23678,341.30612
23679,371.85135
23680,445.41885
23681,406.22482
23682,361.91962
23683,334.3602
23684,312.35306
23685,306.89487
23686,246.06717
23687,297.17175
23688,333.544
23689,304.0401
23690,215.15863
23691,259.8698
23692,320.7688
23693,310.78864
23694,318.9522
23695,322.07928
23696,202.20454
23697,197.47873
23698,170.52107
23699,58.042885
23700,85.586205
23701,73.61553
23702,80.05352
23703,91.01761
23704,47.921337
23705,44.699696
23706,66.4446
23707,33.929485
23708,43.224407
23709,63.025158
23710,49.73579
23711,119.82608
23712,72.909424
23713,49.872456
23714,38.197517
23715,63.19876
23716,49.584595
23717,45.045765
23718,81.565445
23719,41.081043
23720,39.110626
23721,68.48761
23722,49.443417
23723,112.29398
23724,117.339554
23725,193.90924
23726,161.33574
23727,59.639378
23728,20.734718
23729,6.729824
23730,11.351732
23731,61.02038
23732,132.57738
23733,186.93312
23734,94.25261
23735,120.57623
23736,99.20018
23737,107.07944
23738,148.8602
23739,161.55312
23740,199.2313
23741,125.64873
23742,226.52779
23743,269.66693
23744,112.91234
23745,175.32771
23746,162.41612
23747,140.45839
23748,189.32462
23749,105.76998
23750,122.24441
23751,249.85503
23752,349.7024
23753,225.39027
23754,176.15031
23755,214.51689
23756,120.12053
23757,116.083786
23758,123.72354
23759,106.5182
23760,87.700745
23761,27.95396
23762,47.89866
23763,54.72626
23764,83.02176
23765,126.20201
23766,121.14717
23767,163.19957
23768,83.219444
23769,100.50849
23770,178.69737
23771,157.53178
23772,148.38756
23773,126.546684
23774,86.730965
23775,72.65979
23776,73.80223
23777,74.86658
23778,98.14766
23779,98.04691
23780,153.48076
23781,142.56075
23782,150.92487
23783,144.02281
23784,158.3574
23785,205.52919
23786,246.3505
23787,253.50708
23788,71.63713
23789,51.143726
23790,73.83226
23791,50.530136
23792,4.905614
23793,-3.0033076
23794,9.3978
23795,15.788582
23796,22.220327
23797,-3.1334567
23798,-6.153023
23799,5.5339646
23800,10.217482
23801,33.281834
23802,72.35873
23803,86.17737
23804,95.76845
23805,61.937702
23806,80.91414
23807,134.28854
23808,146.8137
23809,124.47269
23810,142.4212
23811,122.26484
23812,118.37495
23813,120.57063
23814,133.59242
23815,150.02208
23816,132.6671
23817,96.23254
23818,109.3695
23819,164.88196
23820,175.2547
23821,197.98134
23822,203.02493
23823,173.85732
23824,191.22736
23825,225.08524
23826,236.49484
23827,274.1172
23828,369.47302
23829,395.27234
23830,445.05154
23831,360.9302
23832,368.41006
23833,312.1679
23834,324.39554
23835,387.40695
23836,365.65677
23837,286.7218
23838,345.85507
23839,386.8119
23840,423.60074
23841,313.7993
23842,342.44604
23843,252.58528
23844,352.20557
23845,431.73987
23846,540.976
23847,749.2449
23848,630.2825
23849,796.1045
23850,788.1552
23851,963.1276
23852,683.3624
23853,752.3814
23854,1151.256
23855,1082.0162
23856,1459.8967
23857,1266.8717
23858,1394.956
23859,1350.4193
23860,1380.0813
23861,1369.4534
23862,1538.4595
23863,1188.7092
23864,1154.0063
23865,1324.6987
23866,1116.0907
23867,1432.0951
23868,1018.9825
23869,831.72644
23870,967.7571
23871,743.4415
23872,1099.294
23873,1250.7362
23874,1238.6783
23875,1183.9296
23876,1072.3644
23877,1049.1869
23878,942.9095
23879,722.3338
23880,1126.4767
23881,897.7135
23882,913.90924
23883,739.2514
23884,894.66095
23885,822.4007
23886,818.7766
23887,723.0596
23888,920.25037
23889,684.3547
23890,830.9301
23891,704.0736
23892,643.28326
23893,749.359
23894,1014.278
23895,861.12805
23896,949.4374
23897,881.8081
23898,971.20935
23899,778.13513
23900,913.85364
23901,939.73456
23902,927.5373
23903,718.74915
23904,1019.36334
23905,701.3403
23906,903.16394
23907,629.40857
23908,1011.9652
23909,888.53284
23910,827.11597
23911,955.14935
23912,850.92444
23913,1009.88947
23914,524.52045
23915,861.5396
23916,855.9981
23917,679.62646
23918,540.92676
23919,655.0035
23920,558.7191
23921,436.65408
23922,417.95535
23923,538.9843
23924,425.77246
23925,345.99344
23926,402.04947
23927,406.62375
23928,474.25113
23929,556.4232
23930,572.685
23931,648.52277
23932,576.21234
23933,525.9711
23934,421.96036
23935,391.87817
23936,287.6981
23937,292.18625
23938,264.67514
23939,228.53505
23940,247.61615
23941,194.52605
23942,164.00063
23943,171.3112
23944,179.6549
23945,151.09958
23946,186.39397
23947,142.42302
23948,122.85199
23949,127.22551
23950,129.45116
23951,104.26273
23952,100.44334
23953,64.65827
23954,64.639366
23955,69.45611
23956,63.966568
23957,64.21646
23958,90.60335
23959,84.030754
23960,68.52585
23961,62.500164
23962,51.551327
23963,37.708706
23964,48.092106
23965,46.458515
23966,57.3986
23967,53.834866
23968,62.12244
23969,67.680084
23970,74.84641
23971,75.68494
23972,57.64008
23973,58.48455
23974,71.15462
23975,80.14316
23976,63.919067
23977,76.76157
23978,68.70451
23979,42.034245
23980,45.692097
23981,37.556973
23982,45.26332
23983,72.093254
23984,64.55461
23985,34.476154
23986,21.36353
23987,31.452034
23988,22.84001
23989,20.819008
23990,-2.1650019
23991,1.6420032
23992,-2.6709924
23993,-1.4792962
23994,-1.5409292
23995,-2.1450408
23996,-1.527549
23997,-1.5354552
23998,-1.5236849
23999,-1.6635698
24000,12.693519
24001,151.07442
24002,128.15428
24003,107.75532
24004,87.84179
24005,60.700485
24006,11.801279
24007,1.8273665
24008,22.495567
24009,2.127514
24010,6.151354
24011,18.56891
24012,28.781927
24013,0.750089
24014,-1.3375258
24015,-1.3500657
24016,-1.4552481
24017,-2.3258607
24018,-1.8600336
24019,-2.3072712
24020,-1.9890738
24021,15.687836
24022,-1.7123522
24023,19.478157
24024,-3.3285174
24025,-3.1996574
24026,2.5580902
24027,-1.7520003
24028,-1.3203764
24029,-1.4660218
24030,-1.3592724
24031,-1.1131794
24032,-1.0263585
24033,-1.5805757
24034,14.613031
24035,-0.928862
24036,-0.9568603
24037,-1.028428
24038,-1.886363
24039,-2.2858078
24040,52.325466
24041,6.8819923
24042,-0.92916524
24043,-2.3113363
24044,11.585849
24045,-2.2940407
24046,-1.6113458
24047,-3.193244
24048,-3.0147457
24049,-1.2155964
24050,-1.2152933
24051,17.084724
24052,125.04702
24053,56.661217
24054,35.15916
24055,-0.7299632
24056,22.913097
24057,8.306656
24058,13.4664545
24059,6.453544
24060,-2.359689
24061,45.537273
24062,3.3219054
24063,49.322784
24064,91.64879
24065,131.38048
24066,164.13695
24067,169.56998
24068,174.21837
24069,173.82587
24070,235.60376
24071,252.54588
24072,194.47115
24073,230.35214
24074,214.24469
24075,218.83778
24076,190.4073
24077,202.26735
24078,203.5185
24079,215.80438
24080,233.47673
24081,247.76207
24082,172.82361
24083,136.95102
24084,126.93773
24085,143.5081
24086,176.3301
24087,267.9472
24088,227.33313
24089,211.16255
24090,178.75078
24091,222.97377
24092,300.10553
24093,348.62915
24094,320.0641
24095,423.62555
24096,260.05707
24097,236.50589
24098,223.20425
24099,245.66408
24100,221.14278
24101,216.45163
24102,206.39069
24103,219.02953
24104,216.48947
24105,117.46638
24106,67.792336
24107,80.28358
24108,111.85547
24109,130.74986
24110,193.63902
24111,144.41652
24112,126.08693
24113,165.88493
24114,176.72824
24115,148.2386
24116,97.28287
24117,108.28083
24118,93.64882
24119,82.19243
24120,63.477226
24121,87.59586
24122,92.42615
24123,69.139465
24124,56.469635
24125,58.689285
24126,61.7089
24127,99.21408
24128,95.27252
24129,27.331469
24130,2.56634
24131,13.198509
24132,17.130825
24133,-1.0878075
24134,-1.0039449
24135,-1.0338491
24136,-1.0506343
24137,-1.2906567
24138,-1.2283078
24139,-1.2560028
24140,-1.211274
24141,-1.2560028
24142,-1.079437
24143,-0.93492264
24144,-0.93492264
24145,-0.97747093
24146,-0.97747093
24147,-0.97747093
24148,-0.9431333
24149,-1.5928959
24150,-1.0331223
24151,-0.94377637
24152,-1.0763049
24153,-2.0081363
24154,24.591969
24155,0.5572475
24156,103.94841
24157,36.375504
24158,49.342194
24159,125.07462
24160,104.08232
24161,260.8194
24162,471.37827
24163,245.06642
24164,346.0652
24165,285.16785
24166,266.5824
24167,385.38147
24168,224.0726
24169,383.85498
24170,413.6437
24171,378.456
24172,253.8776
24173,150.36954
24174,213.62343
24175,278.70312
24176,66.90123
24177,111.9231
24178,187.90192
24179,562.7705
24180,373.19025
24181,325.78104
24182,298.44495
24183,319.2886
24184,174.49149
24185,302.0925
24186,213.83669
24187,300.80945
24188,184.20915
24189,201.21426
24190,50.369812
24191,18.714613
24192,113.217896
24193,89.53217
24194,127.013756
24195,83.97941
24196,83.266106
24197,160.87146
24198,131.44786
24199,125.33425
24200,183.051
24201,135.87167
24202,104.74967
24203,114.24552
24204,133.35564
24205,82.593956
24206,16.61733
24207,23.405428
24208,79.69868
24209,26.60482
24210,1.7308617
24211,-5.224636
24212,10.346141
24213,92.222115
24214,120.94007
24215,122.50806
24216,96.30135
24217,58.476284
24218,35.635365
24219,-5.3250504
24220,-1.5549508
24221,-1.4417486
24222,-1.4439338
24223,-1.7715269
24224,-1.7857393
24225,-2.1198452
24226,11.505501
24227,69.303734
24228,62.770866
24229,70.95287
24230,114.139755
24231,169.62633
24232,145.94034
24233,101.94017
24234,41.407124
24235,15.142173
24236,34.25558
24237,62.010895
24238,74.67247
24239,38.634888
24240,30.039572
24241,17.986479
24242,19.158075
24243,84.110695
24244,160.43005
24245,162.87103
24246,86.6385
24247,68.58116
24248,33.89928
24249,3.8391633
24250,-2.7766783
24251,-1.7313052
24252,-1.8708458
24253,-1.7336175
24254,-1.7654054
24255,-1.8364394
24256,-1.7371587
24257,-1.2677342
24258,-1.2548808
24259,-1.2548808
24260,-1.0779628
24261,-1.088267
24262,-1.0739024
24263,47.384445
24264,46.341656
24265,12.984138
24266,-1.6939343
24267,-1.2651924
24268,-1.1509992
24269,24.202873
24270,74.63047
24271,42.700546
24272,21.903078
24273,7.858825
24274,-1.1215593
24275,-7.7701354
24276,-3.7202463
24277,-1.3836411
24278,-1.3914403
24279,-1.5011989
24280,-1.3919554
24281,-1.3214966
24282,-1.4045058
24283,-1.3598648
24284,-1.4087816
24285,-1.412154
24286,-1.3257437
24287,-1.3107333
24288,-1.3107333
24289,-1.3107333
24290,-1.3388731
24291,-1.1814141
24292,-1.2131064
24293,-1.2367148
24294,-1.5349282
24295,-1.5612111
24296,-1.5612111
24297,-1.508828
24298,-1.4375783
24299,-1.7604946
24300,-1.5977994
24301,-1.5977994
24302,-1.5112171
24303,-0.9917612
24304,-1.0297272
24305,-1.0497619
24306,-1.0050883
24307,-0.98247683
24308,-1.016209
24309,-0.98247683
24310,-0.98247683
24311,-0.9627451
24312,27.6979
24313,68.76463
24314,47.353954
24315,6.486417
24316,-1.0218848
24317,-1.029618
24318,-1.0219446
24319,-1.7368068
24320,-1.1131569
24321,-1.0219446
24322,35.68142
24323,27.682543
24324,-1.101513
24325,-2.4681606
24326,11.518752
24327,3.0087333
24328,-1.2158717
24329,50.325573
24330,2.5281138
24331,-1.6474652
24332,75.89535
24333,23.374083
24334,66.51968
24335,89.071
24336,168.40236
24337,104.87062
24338,97.114716
24339,68.228294
24340,99.362785
24341,106.081894
24342,16.411827
24343,68.08367
24344,31.823576
24345,108.14481
24346,52.13233
24347,81.80159
24348,94.07036
24349,79.34989
24350,71.24305
24351,75.6978
24352,55.83947
24353,84.13496
24354,76.68641
24355,57.46981
24356,76.01392
24357,71.41766
24358,74.13836
24359,35.169773
24360,17.496006
24361,-0.83899957
24362,-2.3039553
24363,6.178113
24364,-4.003505
24365,-9.610285
24366,-6.560793
24367,-2.0247834
24368,-2.0247834
24369,-1.6916984
24370,-1.5023687
24371,-1.545166
24372,-2.1567729
24373,-1.3037469
24374,-2.001832
24375,-1.3946583
24376,-1.7461854
24377,-1.0820845
24378,-1.1505437
24379,35.28573
24380,44.63141
24381,29.584076
24382,31.446716
24383,15.969245
24384,12.857623
24385,12.825129
24386,13.783285
24387,33.89797
24388,123.427635
24389,174.85931
24390,133.2545
24391,98.5864
24392,155.31169
24393,203.48871
24394,175.09372
24395,193.24298
24396,187.63792
24397,257.9667
24398,235.85541
24399,186.63145
24400,172.27057
24401,164.06915
24402,203.61127
24403,258.91626
24404,213.89224
24405,248.1669
24406,257.0064
24407,198.39107
24408,177.93677
24409,172.02504
24410,187.3321
24411,190.56755
24412,197.53784
24413,206.67332
24414,199.5355
24415,255.20874
24416,282.54282
24417,273.44904
24418,241.64732
24419,146.72891
24420,168.63129
24421,207.09688
24422,225.64845
24423,211.84106
24424,183.69882
24425,185.53482
24426,190.48349
24427,177.57185
24428,128.51642
24429,122.87573
24430,129.2244
24431,90.01749
24432,169.05527
24433,138.0944
24434,123.78839
24435,146.33636
24436,142.75758
24437,123.907875
24438,319.04868
24439,398.59262
24440,149.88799
24441,358.41296
24442,493.1483
24443,334.7804
24444,504.69473
24445,527.0349
24446,588.7833
24447,426.9216
24448,537.1517
24449,705.2519
24450,497.7941
24451,425.58005
24452,844.1517
24453,704.5595
24454,689.8596
24455,550.687
24456,548.33813
24457,591.6636
24458,558.6464
24459,775.8981
24460,1020.54974
24461,716.18524
24462,763.18085
24463,974.80786
24464,1089.7366
24465,480.99792
24466,208.20001
24467,359.57663
24468,677.23694
24469,1007.3453
24470,1142.1044
24471,1071.97
24472,1138.6887
24473,748.38477
24474,1324.9086
24475,770.8529
24476,1053.5038
24477,1285.2463
24478,580.09705
24479,932.58887
24480,804.351
24481,598.0976
24482,770.1098
24483,842.7646
24484,1059.502
24485,806.73895
24486,1267.5054
24487,1142.6937
24488,1248.9908
24489,1105.6802
24490,912.3001
24491,842.21063
24492,575.7476
24493,433.88623
24494,507.57788
24495,393.7614
24496,325.00018
24497,362.1882
24498,415.8411
24499,478.3009
24500,448.2319
24501,465.3655
24502,549.3218
24503,520.609
24504,553.73083
24505,479.9252
24506,562.37585
24507,687.9421
24508,851.7289
24509,961.1849
24510,1023.62054
24511,1001.5742
24512,878.6265
24513,792.72577
24514,843.8931
24515,597.218
24516,432.16776
24517,382.9952
24518,330.18298
24519,418.499
24520,380.956
24521,319.0397
24522,337.28815
24523,292.4441
24524,268.478
24525,363.13437
24526,426.28848
24527,492.3428
24528,982.21484
24529,872.08704
24530,854.67523
24531,681.82776
24532,760.13995
24533,937.41504
24534,1023.10657
24535,863.486
24536,727.9778
24537,879.6373
24538,906.3355
24539,843.5002
24540,688.3173
24541,528.2937
24542,394.4573
24543,280.4598
24544,178.32512
24545,77.32613
24546,61.547535
24547,50.173115
24548,40.34847
24549,23.82009
24550,68.82912
24551,118.2133
24552,164.28015
24553,143.23334
24554,90.579254
24555,71.63023
24556,91.49361
24557,189.24002
24558,247.67781
24559,275.4556
24560,347.9265
24561,358.41818
24562,207.2943
24563,254.10832
24564,258.23276
24565,193.28114
24566,217.96524
24567,206.00795
24568,232.16145
24569,283.75998
24570,391.41763
24571,207.78636
24572,181.29735
24573,355.6563
24574,379.21054
24575,338.93588
24576,485.08792
24577,774.89874
24578,640.1504
24579,403.01755
24580,616.184
24581,566.76886
24582,295.9165
24583,533.8197
24584,530.6782
24585,666.8673
24586,935.41064
24587,766.6617
24588,577.10565
24589,305.83624
24590,214.27258
24591,294.41742
24592,203.68027
24593,162.26071
24594,195.83296
24595,289.39896
24596,367.67523
24597,174.60262
24598,463.2291
24599,439.40152
24600,906.4063
24601,706.65015
24602,600.00604
24603,582.8541
24604,640.5313
24605,661.6353
24606,1067.3676
24607,446.07797
24608,946.3774
24609,535.5689
24610,453.8301
24611,726.8872
24612,520.50226
24613,708.90015
24614,482.5675
24615,676.4001
24616,535.7393
24617,486.62344
24618,566.914
24619,450.5547
24620,609.3059
24621,317.81955
24622,378.3734
24623,236.87791
24624,266.64908
24625,508.57565
24626,603.1465
24627,496.42203
24628,362.17984
24629,295.08054
24630,221.99907
24631,279.37885
24632,479.93506
24633,336.84195
24634,155.5596
24635,410.74026
24636,488.6997
24637,377.6784
24638,306.76743
24639,294.63538
24640,354.0355
24641,245.37639
24642,221.5458
24643,233.32008
24644,180.23293
24645,213.93729
24646,228.75337
24647,266.68768
24648,248.72807
24649,383.0163
24650,380.06604
24651,375.35425
24652,305.11627
24653,286.7804
24654,304.38763
24655,250.37646
24656,227.41817
24657,322.14792
24658,362.52893
24659,338.84802
24660,121.947365
24661,149.24988
24662,298.0399
24663,194.30806
24664,135.82451
24665,136.3182
24666,185.35837
24667,192.8514
24668,227.82837
24669,212.59203
24670,107.52262
24671,84.29672
24672,236.56381
24673,114.264145
24674,201.26587
24675,107.76181
24676,136.21725
24677,251.56412
24678,211.5254
24679,126.66806
24680,62.727684
24681,14.414943
24682,-4.6610217
24683,-2.5096247
24684,-1.0036922
24685,20.674223
24686,34.32665
24687,17.380129
24688,-2.0272381
24689,-1.2186922
24690,15.013086
24691,4.425452
24692,41.636425
24693,84.14222
24694,104.27083
24695,102.23088
24696,51.709843
24697,43.576035
24698,43.058693
24699,24.5529
24700,10.951268
24701,18.889154
24702,24.587044
24703,40.42848
24704,66.34426
24705,50.978405
24706,55.87462
24707,72.51054
24708,0.19936341
24709,68.35364
24710,61.32695
24711,43.08733
24712,73.65525
24713,68.68874
24714,49.948914
24715,27.980925
24716,33.624474
24717,-1.5466713
24718,-0.8233644
24719,-1.4996527
24720,26.675364
24721,39.853313
24722,23.296238
24723,48.080666
24724,20.94459
24725,63.684677
24726,166.88985
24727,146.97339
24728,93.76186
24729,181.40904
24730,476.00363
24731,524.24194
24732,334.86172
24733,268.7091
24734,359.11102
24735,364.82993
24736,173.28804
24737,200.50601
24738,206.80908
24739,84.924034
24740,128.83286
24741,277.41553
24742,222.04646
24743,161.52812
24744,231.18295
24745,300.65305
24746,293.26544
24747,312.4893
24748,168.8962
24749,326.71918
24750,184.58545
24751,250.32436
24752,176.77039
24753,332.7521
24754,173.73273
24755,251.16927
24756,51.72027
24757,2.540156
24758,250.47261
24759,230.60245
24760,343.6029
24761,216.70354
24762,16.575123
24763,66.77125
24764,178.98157
24765,328.0628
24766,355.32108
24767,117.07308
24768,88.0021
24769,261.41003
24770,170.96254
24771,259.8748
24772,104.99155
24773,72.32457
24774,121.9739
24775,220.25876
24776,61.95089
24777,221.02145
24778,273.86914
24779,158.96687
24780,344.01147
24781,313.58368
24782,179.55466
24783,222.8091
24784,132.73764
24785,119.06953
24786,124.186935
24787,207.69765
24788,187.6752
24789,250.22397
24790,199.57977
24791,207.5402
24792,105.491646
24793,132.0619
24794,234.77692
24795,369.56177
24796,513.7861
24797,462.5766
24798,350.12198
24799,339.01093
24800,539.1683
24801,671.4886
24802,486.61923
24803,327.74542
24804,260.0474
24805,344.05884
24806,511.5423
24807,546.1416
24808,660.1877
24809,671.383
24810,509.5223
24811,414.62366
24812,386.92236
24813,378.84634
24814,356.62546
24815,334.49683
24816,371.47736
24817,387.07883
24818,410.31015
24819,443.76447
24820,510.97574
24821,396.44186
24822,375.2583
24823,409.60043
24824,407.51627
24825,418.3877
24826,432.83386
24827,565.1939
24828,630.4457
24829,548.3442
24830,528.56665
24831,504.41904
24832,398.55304
24833,445.15506
24834,573.89386
24835,510.825
24836,566.8917
24837,685.85376
24838,734.00244
24839,742.418
24840,865.6025
24841,823.9169
24842,694.0052
24843,590.89886
24844,488.0771
24845,482.08344
24846,565.7708
24847,451.36874
24848,424.31403
24849,413.12692
24850,407.95413
24851,357.8177
24852,257.88394
24853,557.0562
24854,330.7269
24855,202.30177
24856,242.19714
24857,228.33463
24858,102.543175
24859,210.88953
24860,212.44817
24861,665.3955
24862,500.49118
24863,369.84644
24864,521.65674
24865,715.0954
24866,376.02338
24867,483.58685
24868,469.18622
24869,457.25256
24870,412.45895
24871,394.1296
24872,365.5262
24873,284.56345
24874,219.8793
24875,486.33093
24876,230.86969
24877,500.217
24878,444.96802
24879,563.3966
24880,484.0266
24881,471.1462
24882,326.24744
24883,520.3047
24884,496.94064
24885,328.61664
24886,703.6692
24887,608.29364
24888,808.14557
24889,877.0069
24890,348.17783
24891,612.01514
24892,772.4647
24893,553.1426
24894,517.66943
24895,745.4678
24896,725.29034
24897,720.3489
24898,306.7197
24899,1099.3877
24900,954.3414
24901,723.86487
24902,889.8687
24903,761.1119
24904,747.3518
24905,794.0446
24906,275.17416
24907,239.01665
24908,202.8537
24909,227.79242
24910,279.16397
24911,306.30725
24912,317.6258
24913,238.66286
24914,69.392105
24915,182.91559
24916,301.3184
24917,186.27203
24918,83.68562
24919,267.79175
24920,247.70036
24921,23.427528
24922,60.390503
24923,243.3799
24924,110.02628
24925,148.19453
24926,113.18779
24927,51.827747
24928,167.07954
24929,99.890656
24930,107.7746
24931,150.46762
24932,210.57895
24933,201.81325
24934,121.80095
24935,131.08862
24936,137.90907
24937,125.6182
24938,127.68096
24939,123.41537
24940,138.23442
24941,164.13452
24942,200.06854
24943,249.65323
24944,274.72025
24945,285.26184
24946,307.73972
24947,309.28268
24948,342.0845
24949,392.34662
24950,433.88907
24951,480.83176
24952,461.5841
24953,476.9754
24954,503.33597
24955,593.0463
24956,701.3017
24957,745.34845
24958,764.94
24959,766.7777
24960,580.9788
24961,460.28967
24962,467.4384
24963,487.55853
24964,496.09366
24965,461.06384
24966,488.9126
24967,519.4353
24968,544.8154
24969,530.43384
24970,624.57965
24971,722.4849
24972,821.915
24973,748.95905
24974,632.2445
24975,568.24243
24976,420.59134
24977,274.58868
24978,269.46536
24979,352.74786
24980,360.83728
24981,262.50323
24982,209.53596
24983,107.477936
24984,30.375427
24985,1.8940775
24986,-4.762045
24987,-1.4989866
24988,-1.5311034
24989,-1.6765766
24990,-1.7876251
24991,-1.75121
24992,-1.7031999
24993,-1.7031999
24994,-1.7287679
24995,-1.7372582
24996,-1.7396728
24997,-1.714424
24998,-1.714424
24999,-1.7027785
25000,-1.6547683
25001,-1.678365
25002,-3.0539253
25003,-1.5519078
25004,-1.6222855
25005,-1.6147642
25006,-1.3533678
25007,-1.3321836
25008,-1.1614324
25009,-1.1454779
25010,-1.1403979
25011,-1.1133145
25012,-1.023447
25013,-1.0331905
25014,-1.0098387
25015,-1.0205404
25016,-1.0060315
25017,-1.0482354
25018,-1.900801
25019,-0.93201274
25020,-0.90431803
25021,7.3621836
25022,-0.5443465
25023,-1.8550327
25024,-1.1436131
25025,-2.7101302
25026,4.8853674
25027,-1.0066508
25028,-0.9047699
25029,-0.99977934
25030,-1.6108923
25031,-1.3562663
25032,-0.92118204
25033,4.6929007
25034,-0.51481116
25035,-1.5400645
25036,0.8151833
25037,-1.7984592
25038,-1.0832862
25039,-1.0347842
25040,-1.5810934
25041,-1.1367499
25042,-1.2093053
25043,-1.1109645
25044,24.1804
25045,45.19119
25046,46.57986
25047,30.374691
25048,63.846756
25049,102.80344
25050,80.57238
25051,6.6674337
25052,-1.482303
25053,-0.9183693
25054,122.0296
25055,94.14329
25056,44.84908
25057,90.98213
25058,37.543446
25059,-1.4163438
25060,-1.8825847
25061,-0.9760324
25062,-1.6208595
25063,13.395833
25064,12.770231
25065,31.745441
25066,79.849846
25067,49.490177
25068,52.84141
25069,3.6511648
25070,13.291499
25071,54.60132
25072,85.850266
25073,46.4994
25074,33.219864
25075,85.17948
25076,57.713665
25077,45.3057
25078,65.10546
25079,76.96059
25080,123.22613
25081,38.26628
25082,14.46128
25083,18.730923
25084,53.400208
25085,168.84201
25086,350.91562
25087,309.2328
25088,200.00975
25089,24.5331
25090,5.6203876
25091,50.97731
25092,41.90256
25093,1.6865765
25094,-1.7325969
25095,-1.3669462
25096,-0.78275883
25097,7.233289
25098,7.120305
25099,37.861496
25100,20.769659
25101,27.708008
25102,43.980545
25103,48.419216
25104,31.967527
25105,-0.18499658
25106,3.1084661
25107,66.44432
25108,64.398766
25109,149.78165
25110,125.23463
25111,65.70228
25112,93.806656
25113,65.42792
25114,59.713707
25115,105.80252
25116,121.47406
25117,85.83568
25118,92.697845
25119,32.35622
25120,30.456392
25121,3.488142
25122,-1.721492
25123,71.51607
25124,27.55299
25125,-1.7389755
25126,-0.75068265
25127,-0.7888331
25128,0.30149943
25129,34.549347
25130,47.497814
25131,45.4813
25132,71.126465
25133,92.28715
25134,25.012383
25135,56.171722
25136,76.13612
25137,64.94792
25138,116.31836
25139,97.49249
25140,129.17227
25141,163.61342
25142,251.15523
25143,195.48138
25144,268.16312
25145,283.51324
25146,129.25069
25147,217.3219
25148,55.747196
25149,11.074672
25150,26.5856
25151,3.1082993
25152,-1.1520026
25153,-1.0024353
25154,-1.1572778
25155,-1.1569746
25156,-1.1073712
25157,-1.2512
25158,-0.040557582
25159,-0.9118298
25160,-0.26652384
25161,156.07384
25162,110.854126
25163,63.616474
25164,160.96646
25165,69.77679
25166,98.48202
25167,73.17658
25168,41.968517
25169,28.232676
25170,-2.1666095
25171,-0.8897758
25172,-0.8685052
25173,-1.0063186
25174,57.177185
25175,246.10329
25176,266.50797
25177,174.52446
25178,145.8598
25179,69.852554
25180,2.6430705
25181,22.421206
25182,-0.6228614
25183,-0.9918459
25184,-0.7764959
25185,-1.9296849
25186,34.30364
25187,23.671228
25188,32.90008
25189,37.675518
25190,22.332067
25191,0.02060491
25192,63.758533
25193,217.73209
25194,128.53265
25195,51.54211
25196,-3.1947324
25197,-3.1540887
25198,8.295261
25199,9.72452
25200,0.43367118
25201,-2.3355515
25202,-1.9598156
25203,-1.4113425
25204,-1.3795462
25205,-0.95748776
25206,-1.3281527
25207,118.521805
25208,1890.2205
25209,1008.981
25210,1569.8339
25211,1757.2042
25212,1457.0459
25213,849.1327
25214,850.48334
25215,660.68884
25216,490.95053
25217,403.88483
25218,213.1858
25219,0.44891322
25220,-0.5921811
25221,-0.69828355
25222,-0.77128863
25223,-0.77128863
25224,-1.0474945
25225,179.9041
25226,76.933266
25227,97.009544
25228,83.53741
25229,48.13759
25230,66.55373
25231,227.94907
25232,279.5605
25233,275.00803
25234,284.93707
25235,533.0875
25236,703.3097
25237,553.2534
25238,403.41122
25239,341.41843
25240,494.82858
25241,773.78357
25242,555.0488
25243,755.9239
25244,770.5017
25245,848.7824
25246,926.24634
25247,867.12
25248,1175.1522
25249,916.51117
25250,1031.4016
25251,866.9116
25252,901.4475
25253,652.8959
25254,833.6062
25255,651.66266
25256,495.2766
25257,710.58325
25258,755.48694
25259,798.9131
25260,975.75543
25261,945.4051
25262,558.4416
25263,433.75452
25264,711.8779
25265,742.4743
25266,718.7728
25267,907.3544
25268,916.77686
25269,809.1211
25270,879.73016
25271,963.8486
25272,1105.6143
25273,1482.5804
25274,1123.9587
25275,984.0095
25276,661.77
25277,794.31537
25278,867.7551
25279,738.5031
25280,507.75378
25281,467.1721
25282,564.65265
25283,533.6615
25284,514.14716
25285,520.64996
25286,406.44766
25287,514.39386
25288,248.90848
25289,180.21852
25290,267.59473
25291,254.55026
25292,695.3326
25293,809.97284
25294,727.62146
25295,588.7446
25296,637.37384
25297,554.1552
25298,469.1606
25299,415.89374
25300,161.36282
25301,162.30945
25302,198.7394
25303,84.56962
25304,131.61139
25305,114.976585
25306,106.817116
25307,68.01498
25308,81.32442
25309,14.024796
25310,-1.6190509
25311,-0.9309832
25312,-1.0037072
25313,-1.0244659
25314,-2.3646507
25315,124.36918
25316,485.07187
25317,206.44751
25318,162.11514
25319,153.14264
25320,69.341644
25321,143.01071
25322,481.4438
25323,642.36475
25324,758.6873
25325,986.45966
25326,636.31305
25327,419.7805
25328,256.73917
25329,274.58337
25330,165.75839
25331,187.83574
25332,138.66684
25333,123.84846
25334,71.281006
25335,89.434235
25336,117.52763
25337,171.96616
25338,263.1628
25339,262.57852
25340,366.2317
25341,494.68304
25342,355.99545
25343,270.93274
25344,219.72794
25345,228.64195
25346,156.31157
25347,231.70583
25348,299.58374
25349,257.2755
25350,390.76636
25351,325.95428
25352,261.8773
25353,214.41895
25354,444.62027
25355,522.1458
25356,630.2253
25357,450.64325
25358,507.61102
25359,366.9662
25360,398.1017
25361,704.6829
25362,606.278
25363,748.7857
25364,670.528
25365,533.7376
25366,638.88074
25367,575.25024
25368,443.93536
25369,578.7189
25370,762.0289
25371,621.2397
25372,445.50183
25373,585.2996
25374,523.8839
25375,466.36954
25376,622.6047
25377,625.84814
25378,573.8315
25379,591.0377
25380,439.2217
25381,413.7577
25382,597.3288
25383,538.4355
25384,515.0341
25385,593.0775
25386,861.54315
25387,625.5761
25388,598.2148
25389,601.2356
25390,641.40106
25391,636.91284
25392,560.3378
25393,334.75375
25394,413.60333
25395,523.49506
25396,388.0576
25397,266.3438
25398,288.9234
25399,252.19116
25400,161.94627
25401,104.332016
25402,105.684296
25403,120.37266
25404,155.37355
25405,211.1487
25406,341.33176
25407,390.99927
25408,456.95367
25409,362.74875
25410,331.67822
25411,193.01741
25412,189.46588
25413,224.10124
25414,328.11865
25415,339.78064
25416,272.06113
25417,153.46036
25418,302.62268
25419,285.19193
25420,136.46712
25421,382.78018
25422,550.20636
25423,543.85535
25424,283.64825
25425,492.73914
25426,381.71863
25427,235.8291
25428,314.81796
25429,605.60785
25430,1183.6788
25431,1242.6989
25432,705.2061
25433,464.3933
25434,516.2825
25435,547.7385
25436,383.5236
25437,235.86879
25438,717.6542
25439,474.1174
25440,354.74976
25441,339.72873
25442,532.9801
25443,836.1279
25444,906.99567
25445,902.8598
25446,1389.4497
25447,823.7917
25448,595.401
25449,419.74225
25450,451.33984
25451,979.8236
25452,880.03827
25453,781.8523
25454,1240.9623
25455,595.197
25456,517.7113
25457,166.86885
25458,135.96898
25459,75.5046
25460,161.83464
25461,1483.8082
25462,578.27716
25463,578.6939
25464,606.558
25465,716.43335
25466,668.61914
25467,669.9857
25468,535.28375
25469,340.45325
25470,398.74512
25471,452.7064
25472,438.9531
25473,523.4628
25474,629.00476
25475,739.5316
25476,367.98535
25477,247.19696
25478,124.235565
25479,200.315
25480,219.24313
25481,233.89601
25482,353.608
25483,403.13483
25484,1393.2997
25485,577.3922
25486,429.2417
25487,262.13333
25488,120.82534
25489,179.91919
25490,354.41254
25491,428.76306
25492,325.6772
25493,267.843
25494,163.11229
25495,186.86198
25496,393.135
25497,631.3648
25498,493.94894
25499,462.69443
25500,323.18097
25501,387.50873
25502,378.29605
25503,431.16122
25504,469.6969
25505,442.5307
25506,695.4275
25507,750.48694
25508,972.3065
25509,829.22833
25510,849.70624
25511,678.00555
25512,535.6938
25513,692.1693
25514,458.99188
25515,485.13773
25516,445.35068
25517,460.42667
25518,608.2128
25519,565.3264
25520,498.3997
25521,627.04346
25522,884.79034
25523,951.29047
25524,975.27094
25525,913.5644
25526,945.45337
25527,855.6192
25528,871.2777
25529,943.50146
25530,882.8601
25531,743.9739
25532,693.5393
25533,570.2529
25534,504.36877
25535,519.50745
25536,486.50714
25537,538.20514
25538,447.598
25539,618.87177
25540,650.67664
25541,495.90448
25542,503.23727
25543,385.69824
25544,628.6308
25545,558.148
25546,400.42538
25547,316.2501
25548,472.33688
25549,405.39813
25550,404.52213
25551,354.69482
25552,421.0275
25553,611.29504
25554,479.6689
25555,460.8481
25556,471.16293
25557,407.8074
25558,416.0589
25559,714.4786
25560,448.22592
25561,272.97037
25562,769.24774
25563,567.1347
25564,355.69794
25565,380.44168
25566,695.4107
25567,545.77844
25568,726.34393
25569,1241.6458
25570,799.5884
25571,554.4697
25572,810.17505
25573,817.6571
25574,471.6224
25575,698.6722
25576,952.17017
25577,1142.4126
25578,1502.0995
25579,1051.2119
25580,493.49243
25581,378.86752
25582,489.02832
25583,870.64624
25584,1276.297
25585,639.20795
25586,682.4171
25587,992.088
25588,1294.2574
25589,958.81824
25590,462.6742
25591,224.68626
25592,237.93205
25593,922.35925
25594,712.72205
25595,842.6178
25596,329.2616
25597,320.2607
25598,675.3468
25599,515.0966
25600,565.34064
25601,350.6475
25602,363.60638
25603,552.40216
25604,255.97417
25605,235.67537
25606,244.90817
25607,648.9303
25608,743.886
25609,233.93639
25610,393.7223
25611,257.2857
25612,265.4191
25613,351.64795
25614,323.92557
25615,248.31749
25616,304.21158
25617,226.84706
25618,523.4092
25619,451.547
25620,417.56842
25621,284.56503
25622,130.29874
25623,242.55367
25624,198.80495
25625,279.58698
25626,381.5613
25627,431.76312
25628,510.53384
25629,530.12933
25630,475.1807
25631,558.08673
25632,597.38635
25633,569.86206
25634,713.5495
25635,601.4486
25636,636.02594
25637,755.8123
25638,740.8306
25639,699.4274
25640,732.7838
25641,598.8282
25642,691.82214
25643,753.87555
25644,878.17487
25645,635.80896
25646,529.12787
25647,445.92145
25648,541.3846
25649,453.95044
25650,528.73004
25651,514.62866
25652,409.97583
25653,622.1361
25654,595.5861
25655,653.6641
25656,552.8156
25657,562.96936
25658,522.1694
25659,660.9307
25660,573.1547
25661,478.57404
25662,564.1686
25663,534.0034
25664,533.0865
25665,479.35217
25666,431.07422
25667,488.8084
25668,558.6554
25669,532.6338
25670,513.70807
25671,569.60864
25672,836.9822
25673,781.3088
25674,651.8542
25675,659.9946
25676,632.4877
25677,630.95667
25678,739.9111
25679,624.5678
25680,638.78064
25681,567.8963
25682,524.834
25683,966.6067
25684,678.4562
25685,706.72833
25686,715.7764
25687,772.4853
25688,620.1223
25689,577.2919
25690,628.0186
25691,599.06824
25692,566.997
25693,585.5538
25694,196.11562
25695,387.32306
25696,618.7246
25697,480.94754
25698,773.338
25699,747.9143
25700,543.2362
25701,488.82306
25702,512.962
25703,417.2928
25704,473.34525
25705,489.20706
25706,325.2575
25707,317.99918
25708,382.14645
25709,286.94168
25710,323.61734
25711,459.3024
25712,279.32724
25713,490.61908
25714,311.07596
25715,373.64047
25716,400.34872
25717,400.78445
25718,580.26807
25719,285.60492
25720,551.68335
25721,402.0115
25722,614.1628
25723,519.9544
25724,746.3285
25725,547.3327
25726,749.40295
25727,1021.03955
25728,810.1487
25729,780.4546
25730,1009.12305
25731,963.3803
25732,1165.0977
25733,1326.0828
25734,1005.9999
25735,884.816
25736,1452.8302
25737,1256.6272
25738,1400.9668
25739,1355.8059
25740,1385.3634
25741,1303.4236
25742,1003.1702
25743,1205.4214
25744,1168.78
25745,498.67358
25746,225.42297
25747,268.83453
25748,227.33365
25749,183.63051
25750,185.08644
25751,533.2783
25752,475.72244
25753,493.8469
25754,280.4407
25755,572.9107
25756,497.43365
25757,530.3147
25758,422.14056
25759,327.37778
25760,320.9337
25761,282.65918
25762,337.8595
25763,449.3471
25764,355.2855
25765,297.6287
25766,274.90225
25767,319.1539
25768,316.97473
25769,241.89497
25770,211.03201
25771,265.52786
25772,237.57533
25773,211.5484
25774,278.5134
25775,374.85596
25776,285.3317
25777,333.74628
25778,372.5606
25779,356.52417
25780,367.3114
25781,277.4385
25782,279.82574
25783,296.672
25784,313.88022
25785,274.66595
25786,240.86194
25787,340.6789
25788,369.42935
25789,391.77438
25790,478.4155
25791,325.3436
25792,333.03836
25793,292.17517
25794,305.61368
25795,278.29483
25796,328.26
25797,337.27206
25798,202.5929
25799,214.5846
25800,287.189
25801,388.09177
25802,311.46594
25803,296.06665
25804,214.18086
25805,203.33742
25806,208.50426
25807,240.51712
25808,262.28577
25809,229.78905
25810,262.00244
25811,223.42497
25812,240.60997
25813,252.7781
25814,192.54456
25815,268.56522
25816,251.22656
25817,286.71445
25818,354.86688
25819,471.3826
25820,443.113
25821,405.0984
25822,421.15314
25823,426.83472
25824,276.5102
25825,260.5916
25826,355.3283
25827,374.48508
25828,471.63556
25829,354.70032
25830,222.89561
25831,152.84915
25832,114.904564
25833,158.6148
25834,305.66345
25835,349.98605
25836,277.32556
25837,70.13618
25838,92.52749
25839,70.78758
25840,44.661556
25841,158.51625
25842,129.4281
25843,94.23373
25844,47.51036
25845,36.94369
25846,38.87218
25847,27.89322
25848,37.60646
25849,64.80509
25850,105.768585
25851,214.79208
25852,254.74739
25853,254.21385
25854,155.56708
25855,418.31454
25856,440.5586
25857,281.5278
25858,425.92844
25859,511.46155
25860,253.05312
25861,280.01633
25862,231.41348
25863,433.2027
25864,214.60199
25865,247.41084
25866,282.46542
25867,184.76189
25868,143.20207
25869,465.86154
25870,427.69623
25871,276.3488
25872,134.54207
25873,136.1956
25874,34.24593
25875,57.196434
25876,465.0408
25877,656.9701
25878,262.0406
25879,136.5247
25880,182.26175
25881,133.78096
25882,151.48616
25883,175.73528
25884,68.11406
25885,97.55893
25886,287.76416
25887,316.38568
25888,288.2236
25889,308.98087
25890,262.34308
25891,320.04163
25892,283.92838
25893,330.37625
25894,292.30035
25895,432.7502
25896,399.62036
25897,198.43556
25898,164.05255
25899,118.479805
25900,251.01585
25901,210.64717
25902,237.94757
25903,259.44275
25904,281.71405
25905,211.49197
25906,334.46008
25907,188.85074
25908,41.891464
25909,128.5528
25910,131.73254
25911,73.63157
25912,42.18679
25913,49.87665
25914,59.239933
25915,8.238857
25916,-2.0521533
25917,-2.1939304
25918,-2.0831225
25919,39.461426
25920,42.297234
25921,18.775928
25922,-3.9341657
25923,-0.7646791
25924,-0.7409421
25925,-0.6610619
25926,40.248974
25927,111.91445
25928,127.313995
25929,103.48546
25930,86.04087
25931,45.350105
25932,48.93787
25933,30.311745
25934,2.7924814
25935,-1.0578562
25936,-0.70294666
25937,5.3725147
25938,46.13521
25939,82.03208
25940,38.04931
25941,37.077335
25942,30.716137
25943,54.22926
25944,19.873125
25945,18.98315
25946,73.020775
25947,89.370674
25948,61.6836
25949,31.019842
25950,5.2733808
25951,75.42445
25952,116.03742
25953,28.84776
25954,-3.5525193
25955,-0.6885239
25956,-0.70487875
25957,-1.3477043
25958,-0.6715664
25959,-0.68372476
25960,-0.67740977
25961,-1.3377633
25962,-0.7115447
25963,-0.7087014
25964,-0.7317965
25965,-0.74073094
25966,-0.7529602
25967,-0.74252987
25968,-0.7597482
25969,-0.7271557
25970,-0.781046
25971,-0.7866766
25972,-0.82390803
25973,-0.89365965
25974,-0.79473114
25975,-0.8566434
25976,-1.1630553
25977,-0.5178994
25978,59.65923
25979,58.53736
25980,53.32823
25981,110.99449
25982,85.6932
25983,131.0697
25984,155.56346
25985,112.03519
25986,137.52467
25987,75.40232
25988,58.644485
25989,22.721888
25990,30.442661
25991,12.54787
25992,15.424576
25993,-2.0353935
25994,-1.9509261
25995,-2.3709586
25996,67.660545
25997,104.92252
25998,82.506454
25999,273.58118
26000,252.9701
26001,195.84085
26002,279.5727
26003,176.56386
26004,89.69794
26005,92.7922
26006,88.21343
26007,174.0659
26008,121.78537
26009,175.72496
26010,137.41249
26011,188.7579
26012,104.97236
26013,149.70044
26014,133.4744
26015,155.094
26016,104.14764
26017,142.13203
26018,245.02159
26019,99.16136
26020,93.00863
26021,111.57555
26022,97.88918
26023,234.34528
26024,161.51604
26025,32.617203
26026,163.50548
26027,87.396255
26028,176.54607
26029,177.9134
26030,139.09886
26031,120.601326
26032,0.58837205
26033,23.226105
26034,144.88855
26035,78.76992
26036,53.08173
26037,15.702555
26038,78.39974
26039,52.346287
26040,3.8256671
26041,-2.2004828
26042,-1.6710438
26043,-1.6396731
26044,54.079144
26045,77.26843
26046,256.2967
26047,218.94273
26048,164.20108
26049,95.75059
26050,91.151505
26051,115.06414
26052,119.55535
26053,115.902534
26054,76.87109
26055,4.491455
26056,44.57508
26057,81.119354
26058,105.36978
26059,113.32232
26060,181.94443
26061,213.25175
26062,180.32314
26063,219.9132
26064,160.89354
26065,171.88414
26066,226.05597
26067,321.11487
26068,380.2389
26069,355.2685
26070,400.3052
26071,421.16068
26072,417.01556
26073,383.09793
26074,394.0156
26075,449.49612
26076,460.68225
26077,508.48035
26078,470.0847
26079,458.687
26080,419.39978
26081,388.2775
26082,348.4204
26083,342.45715
26084,314.28656
26085,341.0924
26086,313.5793
26087,135.40411
26088,6.2988276
26089,11.391221
26090,-2.2763085
26091,-5.8344793
26092,-2.7879314
26093,29.161728
26094,-0.6935059
26095,-2.3627586
26096,-1.1532482
26097,78.72612
26098,35.18022
26099,34.705383
26100,28.188648
26101,6.419668
26102,-4.94204
26103,-2.7454119
26104,-0.94267774
26105,-0.9071252
26106,-0.95632887
26107,-0.9625861
26108,-0.9625861
26109,-0.93422306
26110,-0.8755457
26111,-0.852934
26112,-0.8294983
26113,-0.84390676
26114,-0.8392869
26115,-0.84753144
26116,-0.89200985
26117,-0.9066196
26118,-0.92739016
26119,-0.92739016
26120,-0.89988184
26121,-0.9022943
26122,-0.9022943
26123,-0.9022943
26124,-0.9236305
26125,-0.9236305
26126,-0.9236305
26127,-0.91150045
26128,-0.91150045
26129,-0.91150045
26130,-0.90424144
26131,-0.90424144
26132,-0.90424144
26133,-0.9180796
26134,-0.9180796
26135,-0.9180796
26136,-0.8632611
26137,-0.85488695
26138,-0.85488695
26139,-0.8035638
26140,-0.80386704
26141,-0.8450288
26142,-0.74961084
26143,-0.7604993
26144,-0.7348991
26145,-0.7380726
26146,-0.8807706
26147,-1.5400163
26148,-0.7574709
26149,-0.9008649
26150,-0.9663538
26151,-2.8784106
26152,-2.1784358
26153,-0.9109783
26154,-1.0264964
26155,-1.0046612
26156,-1.6723543
26157,-0.8798504
26158,-0.96134126
26159,-1.8444728
26160,-0.89804757
26161,-1.0055456
26162,-0.8328787
26163,-1.8826402
26164,-0.95948267
26165,-1.0378513
26166,-0.9680003
26167,-1.2340115
26168,22.467222
26169,87.856865
26170,162.06001
26171,146.17332
26172,110.62089
26173,84.103386
26174,23.733624
26175,13.01867
26176,-2.0779202
26177,-0.94431937
26178,-0.94431937
26179,-1.5437026
26180,-0.8559233
26181,-0.8489734
26182,-0.860649
26183,-0.91682386
26184,-0.91682386
26185,-0.93567836
26186,-0.9208635
26187,-0.93567836
26188,-0.9379585
26189,-0.91970634
26190,-0.91970634
26191,-0.8973303
26192,-0.90658176
26193,-0.8820435
26194,-0.7698494
26195,-0.8323513
26196,-0.7698494
26197,-0.7546059
26198,-0.89921486
26199,-0.85724366
26200,30.065964
26201,71.621765
26202,54.40331
26203,12.481128
26204,-4.9612617
26205,-0.21453212
26206,-6.1158705
26207,-0.8858516
26208,-0.889488
26209,-0.8781785
26210,-0.889488
26211,-0.8843799
26212,-0.8848003
26213,-0.889488
26214,-0.8843799
26215,-0.8781785
26216,-0.85250324
26217,-0.85250324
26218,-0.89447063
26219,-0.81551784
26220,-0.8576124
26221,-0.8576124
26222,-0.85084444
26223,-0.85084444
26224,-0.85084444
26225,-0.85084444
26226,-0.85084444
26227,-0.85084444
26228,-0.8667905
26229,-0.8433908
26230,-0.8433908
26231,-0.8433908
26232,-0.8667905
26233,-0.9320949
26234,-0.92852175
26235,-0.95055133
26236,-1.0013341
26237,-1.0013341
26238,-1.0013341
26239,-1.0013341
26240,-0.9948583
26241,-1.0105387
26242,-1.0105387
26243,-1.0105387
26244,-1.0105387
26245,-1.0105387
26246,-1.0059023
26247,-0.97820723
26248,-0.97820723
26249,-1.0059023
26250,-0.98586726
26251,-1.0550431
26252,-1.0055026
26253,-1.101208
26254,-1.085793
26255,-1.0855278
26256,-1.088247
26257,-1.0714781
26258,-1.369928
26259,-1.387247
26260,-1.3446987
26261,-1.3723936
26262,-1.3263024
26263,-1.615505
26264,-1.6259713
26265,-1.5116572
26266,-1.4978408
26267,-1.4978408
26268,-1.6145825
26269,-1.5116572
26270,-1.6289419
26271,-1.6030676
26272,-1.466247
26273,-2.1352048
26274,-1.510994
26275,-1.458555
26276,-1.4376364
26277,-1.4376364
26278,-1.4373331
26279,-1.4373331
26280,-1.4373331
26281,-1.4373331
26282,-1.3231496
26283,-1.3234528
26284,-1.4569055
26285,-1.3215001
26286,-1.3142611
26287,-2.5422866
26288,-1.4099894
26289,-1.3450652
26290,-1.3627946
26291,-1.353198
26292,-1.3725187
26293,-1.4666915
26294,-1.2767475
26295,-1.3196651
26296,-1.3278702
26297,-1.2917261
26298,-1.3730109
26299,-1.4162269
26300,-1.4270545
26301,-1.3185198
26302,-1.7579654
26303,-1.1602035
26304,-1.0596455
26305,-1.8361416
26306,-0.9565755
26307,-0.99049544
26308,-0.99049544
26309,-1.02763
26310,-1.0781168
26311,12.923742
26312,49.192596
26313,70.71489
26314,64.888824
26315,84.87372
26316,83.92452
26317,94.57554
26318,99.35628
26319,91.73095
26320,105.73121
26321,106.81934
26322,82.64243
26323,59.208187
26324,63.675987
26325,75.55276
26326,115.706924
26327,113.87041
26328,147.3485
26329,125.26152
26330,111.91757
26331,113.812004
26332,118.6503
26333,92.10825
26334,81.096375
26335,49.156437
26336,49.544254
26337,17.919386
26338,17.490982
26339,51.71513
26340,41.603024
26341,25.713326
26342,23.060015
26343,10.975169
26344,14.188614
26345,14.138094
26346,13.928605
26347,17.39551
26348,34.310833
26349,44.80607
26350,61.91052
26351,120.52083
26352,98.38283
26353,77.67457
26354,80.16623
26355,82.20761
26356,102.69124
26357,99.674805
26358,111.41609
26359,101.093155
26360,89.277534
26361,120.17352
26362,156.28886
26363,142.58891
26364,94.09479
26365,68.746346
26366,103.98278
26367,88.291756
26368,139.42436
26369,132.3734
26370,169.1347
26371,200.90105
26372,198.85834
26373,116.98263
26374,68.676254
26375,73.97822
26376,164.8004
26377,124.93606
26378,109.614174
26379,56.87451
26380,83.60723
26381,14.8289585
26382,-2.1522636
26383,26.706587
26384,-1.3906245
26385,20.67229
26386,13.606956
26387,7.5515957
26388,41.432125
26389,96.40059
26390,67.84649
26391,90.41486
26392,52.11073
26393,17.142069
26394,27.064306
26395,30.41027
26396,13.745946
26397,30.80587
26398,66.45928
26399,15.961282
26400,0.9270069
26401,-2.0613906
26402,6.3843727
26403,-1.2484217
26404,-1.7470044
26405,-1.3380835
26406,-1.2994123
26407,-1.2431035
26408,-1.0057601
26409,-1.0637697
26410,-1.0227647
26411,-0.9580393
26412,-0.9580393
26413,-0.98573446
26414,-0.9343035
26415,-0.92213655
26416,-0.965366
26417,-0.9440563
26418,-1.0052476
26419,-1.6472375
26420,-0.97754633
26421,-0.93627155
26422,-0.944924
26423,-1.8257302
26424,0.5138899
26425,-1.6438386
26426,-0.96405923
26427,-1.0133492
26428,-1.5150048
26429,27.922972
26430,15.7683935
26431,7.5253005
26432,80.42593
26433,31.758884
26434,46.129444
26435,46.394733
26436,52.03275
26437,281.81616
26438,151.68034
26439,123.72178
26440,180.53476
26441,113.83796
26442,116.78379
26443,95.299446
26444,229.43674
26445,244.96004
26446,192.28174
26447,253.79993
26448,320.78778
26449,322.51096
26450,285.99963
26451,427.6437
26452,537.237
26453,492.3187
26454,467.18677
26455,506.37967
26456,557.743
26457,403.99878
26458,425.5678
26459,407.80652
26460,443.4512
26461,694.4547
26462,795.7611
26463,1134.8973
26464,720.5785
26465,541.8982
26466,553.0848
26467,480.93744
26468,355.73526
26469,331.23053
26470,439.0832
26471,555.25146
26472,210.98839
26473,111.80861
26474,81.5944
26475,64.84582
26476,0.43064672
26477,-1.2210999
26478,62.078217
26479,40.999004
26480,85.89038
26481,31.762705
26482,45.059288
26483,86.905754
26484,43.89152
26485,44.839893
26486,73.73157
26487,83.2524
26488,95.28214
26489,75.8278
26490,16.639994
26491,-0.9974048
26492,-1.1129428
26493,-1.2820545
26494,11.949994
26495,71.98839
26496,154.48752
26497,102.783104
26498,264.7715
26499,474.3037
26500,513.10876
26501,559.25543
26502,733.225
26503,867.5634
26504,794.50275
26505,648.44684
26506,717.365
26507,779.46045
26508,944.96906
26509,1044.8201
26510,940.48944
26511,807.4009
26512,860.01135
26513,841.5702
26514,870.8976
26515,867.9554
26516,823.35846
26517,585.7561
26518,656.9851
26519,597.43634
26520,484.31488
26521,527.4888
26522,362.21164
26523,246.51967
26524,356.0306
26525,252.49472
26526,426.4715
26527,380.16446
26528,193.03749
26529,534.4185
26530,370.1426
26531,391.57373
26532,265.3633
26533,281.8711
26534,496.47723
26535,302.5927
26536,266.64752
26537,310.88913
26538,453.90723
26539,295.73138
26540,265.8317
26541,460.09518
26542,418.12582
26543,379.27905
26544,285.41797
26545,306.2978
26546,273.7045
26547,162.54332
26548,206.723
26549,343.89737
26550,477.03427
26551,420.22684
26552,551.5369
26553,496.58957
26554,293.13074
26555,60.370274
26556,143.29521
26557,213.45868
26558,208.62773
26559,215.56932
26560,188.81523
26561,140.23541
26562,220.14102
26563,168.8465
26564,166.27792
26565,170.69218
26566,124.58044
26567,267.1906
26568,311.28262
26569,183.58627
26570,268.98535
26571,209.8434
26572,136.38696
26573,165.64375
26574,159.83363
26575,267.75192
26576,175.34077
26577,100.45407
26578,131.42877
26579,60.329205
26580,136.51805
26581,71.59138
26582,47.409466
26583,-3.2229311
26584,42.460087
26585,16.694668
26586,32.187073
26587,32.684185
26588,24.807467
26589,19.459934
26590,23.632055
26591,42.371635
26592,73.78445
26593,118.50868
26594,108.74362
26595,112.83638
26596,86.682625
26597,54.435986
26598,88.59732
26599,76.85566
26600,60.15143
26601,63.91268
26602,66.227295
26603,97.08605
26604,172.97049
26605,193.70384
26606,192.61855
26607,130.88174
26608,141.40858
26609,196.6126
26610,256.60422
26611,260.3932
26612,170.89499
26613,160.79355
26614,61.405697
26615,39.70969
26616,17.529411
26617,15.226557
26618,7.320155
26619,-3.924934
26620,-1.5117506
26621,-1.3890531
26622,-1.3952315
26623,-1.3542563
26624,-1.3542563
26625,-1.3542563
26626,-1.3542563
26627,-1.2518915
26628,-1.2518915
26629,-1.2518915
26630,-1.3314148
26631,-1.3317178
26632,-1.3317178
26633,-1.3314148
26634,-1.2480646
26635,-1.1299013
26636,-1.0898196
26637,-1.0391343
26638,-1.0128254
26639,-1.0128254
26640,-1.0247257
26641,-0.94752115
26642,-0.9309768
26643,-0.9438303
26644,-0.94287694
26645,-0.98461974
26646,-0.9861747
26647,-1.8326029
26648,-0.95103157
26649,-0.83321273
26650,-0.97882956
26651,-1.0203979
26652,-1.5543464
26653,-0.9227491
26654,-0.95452315
26655,-0.9225505
26656,-0.93336093
26657,-1.6161939
26658,-0.9891949
26659,-0.94797534
26660,-0.88452476
26661,-0.862983
26662,-0.9573373
26663,-0.9573373
26664,-0.9573373
26665,-0.9585088
26666,-0.96143246
26667,-0.9367783
26668,-0.9367783
26669,-0.92491454
26670,-0.9850731
26671,-0.9850731
26672,-0.97678846
26673,-0.97678846
26674,-1.0053765
26675,-1.0298233
26676,-1.0298233
26677,-0.9529928
26678,-1.6410261
26679,-1.0250667
26680,-1.7347096
26681,-1.101541
26682,-1.2916248
26683,-1.3591532
26684,-3.111124
26685,-3.3794525
26686,10.444439
26687,94.20277
26688,47.68949
26689,91.80975
26690,111.15495
26691,145.04095
26692,148.37111
26693,141.00098
26694,145.5931
26695,140.20197
26696,237.06711
26697,267.9294
26698,136.84381
26699,208.36308
26700,328.98508
26701,331.66708
26702,315.2162
26703,165.1168
26704,185.50304
26705,305.73938
26706,209.77121
26707,145.87555
26708,160.7205
26709,57.752323
26710,51.180294
26711,7.7909265
26712,-2.863206
26713,29.347878
26714,76.79729
26715,132.92706
26716,44.909664
26717,43.72784
26718,42.08718
26719,1.178421
26720,-1.4452546
26721,63.59191
26722,48.786377
26723,29.084093
26724,31.459747
26725,68.708206
26726,90.46456
26727,69.027725
26728,65.64866
26729,-1.8725283
26730,-2.0609927
26731,-1.8803529
26732,25.118809
26733,20.333088
26734,32.759235
26735,2.7114851
26736,0.48047474
26737,12.243957
26738,48.39803
26739,21.717413
26740,-1.3196546
26741,-1.1510415
26742,-1.1212783
26743,-1.0526649
26744,-0.66888225
26745,44.72157
26746,42.31129
26747,67.17533
26748,97.19866
26749,122.08552
26750,217.90366
26751,111.85505
26752,209.88004
26753,123.57569
26754,3.4676478
26755,32.4308
26756,74.08545
26757,97.22752
26758,78.16733
26759,55.411713
26760,5.6055264
26761,-1.6054295
26762,-1.5142033
26763,-1.5309156
26764,-1.5348438
26765,-1.4099472
26766,-1.370891
26767,-2.0510387
26768,430.00513
26769,666.2355
26770,292.35852
26771,130.17673
26772,26.369232
26773,-0.36916202
26774,-1.061998
26775,-0.9588418
26776,-0.97467923
26777,-0.9785085
26778,-0.9785085
26779,-0.97467923
26780,-0.8935484
26781,-0.89737767
26782,-0.89737767
26783,-0.8603923
26784,-1.5900644
26785,-0.89548475
26786,94.858025
26787,234.16783
26788,38.88272
26789,-2.6458912
26790,-3.931614
26791,-1.0350507
26792,-1.6431302
26793,-0.9860595
26794,-0.97080535
26795,-0.8313633
26796,-0.94662124
26797,-0.8915927
26798,-0.86238295
26799,-1.3166173
26800,25.605534
26801,51.548923
26802,84.97046
26803,6.428799
26804,-0.95960927
26805,-0.8462169
26806,-0.8462169
26807,-0.8146397
26808,-0.8146397
26809,-0.8146397
26810,-0.82195514
26811,-0.82195514
26812,-0.82195514
26813,-0.82195514
26814,-0.822598
26815,-0.8368238
26816,-0.8943483
26817,-0.88248456
26818,-0.883656
26819,-0.883656
26820,-0.883656
26821,-0.9241985
26822,-0.9195149
26823,-0.9195149
26824,-0.9195149
26825,-0.9195149
26826,-0.9195149
26827,-0.9195149
26828,-0.91102076
26829,-0.91102076
26830,-0.9107175
26831,-0.92026305
26832,-0.9428748
26833,18.007067
26834,253.71765
26835,447.72797
26836,347.43802
26837,459.31296
26838,517.40466
26839,550.93054
26840,332.04587
26841,376.94052
26842,421.33908
26843,151.58156
26844,34.749306
26845,-1.9242783
26846,-1.4993322
26847,-1.5492301
26848,-1.6447752
26849,30.493326
26850,-1.2991104
26851,-1.6848994
26852,-1.2082591
26853,-1.03206
26854,-1.079529
26855,-1.0022963
26856,-0.96101654
26857,-0.96101654
26858,-1.6880083
26859,19.639606
26860,40.147865
26861,91.14243
26862,72.25858
26863,134.02202
26864,53.637695
26865,28.053562
26866,0.9529729
26867,-0.88799536
26868,-0.88799536
26869,-0.946005
26870,-1.4737474
26871,-0.94318867
26872,-0.88649523
26873,-0.96741796
26874,-0.9822327
26875,-0.99736667
26876,-0.9295131
26877,111.4448
26878,152.52695
26879,340.71375
26880,448.22632
26881,972.2202
26882,1349.3093
26883,1250.0089
26884,1322.7081
26885,1314.4639
26886,1379.1969
26887,835.39105
26888,694.71277
26889,695.8594
26890,608.53815
26891,232.99348
26892,102.94225
26893,70.37161
26894,113.4164
26895,186.94695
26896,180.40721
26897,154.45474
26898,178.92108
26899,236.45769
26900,318.61212
26901,226.03374
26902,207.96954
26903,421.14703
26904,488.59552
26905,545.3287
26906,462.50922
26907,200.918
26908,162.98357
26909,172.17584
26910,267.9193
26911,292.1416
26912,250.75381
26913,219.99904
26914,228.02536
26915,197.26723
26916,184.48477
26917,120.29949
26918,66.543976
26919,-0.70753014
26920,-0.9328457
26921,-1.6110445
26922,-0.8879595
26923,-0.8450355
26924,-1.0127546
26925,-1.005036
26926,-0.84642994
26927,-1.005036
26928,-1.3164222
26929,52.13565
26930,89.620834
26931,61.39297
26932,65.843025
26933,76.86519
26934,203.43634
26935,237.57253
26936,132.2714
26937,127.76726
26938,180.58961
26939,223.4084
26940,408.58734
26941,353.77893
26942,380.2117
26943,337.85623
26944,355.62128
26945,413.22595
26946,411.59515
26947,282.34998
26948,266.51245
26949,343.99258
26950,259.43607
26951,378.66876
26952,544.2824
26953,327.72458
26954,567.96924
26955,337.26926
26956,486.6137
26957,514.99805
26958,433.08502
26959,523.0192
26960,578.0132
26961,446.93463
26962,517.2307
26963,591.62006
26964,526.5516
26965,650.32806
26966,708.7226
26967,672.9319
26968,553.2699
26969,378.00577
26970,487.59943
26971,202.52171
26972,114.4456
26973,87.77874
26974,102.12191
26975,115.4919
26976,71.52112
26977,89.41152
26978,30.384703
26979,173.02406
26980,169.80931
26981,98.58669
26982,114.627304
26983,107.659584
26984,115.414986
26985,90.7934
26986,114.53706
26987,48.995693
26988,85.35424
26989,61.99259
26990,25.582907
26991,39.47694
26992,43.699116
26993,24.782677
26994,37.301407
26995,-1.6202552
26996,-1.1270838
26997,92.12945
26998,88.42067
26999,122.349976
27000,81.79342
27001,96.370636
27002,37.962467
27003,10.28987
27004,113.60693
27005,354.91324
27006,238.74847
27007,137.32622
27008,37.34911
27009,41.239517
27010,39.940807
27011,5.137961
27012,-4.8349032
27013,-0.84806037
27014,-0.7053207
27015,-0.78906345
27016,-0.8096775
27017,-1.3425038
27018,49.64153
27019,82.4085
27020,125.55668
27021,189.97423
27022,168.1303
27023,76.371826
27024,143.04797
27025,218.07973
27026,372.60254
27027,336.7024
27028,329.57864
27029,409.37195
27030,521.0033
27031,596.4225
27032,575.98456
27033,400.95654
27034,428.93832
27035,374.5479
27036,383.90643
27037,321.6721
27038,419.60056
27039,381.26004
27040,239.40166
27041,346.35693
27042,420.14548
27043,485.5852
27044,383.5972
27045,284.9191
27046,286.4256
27047,362.24878
27048,480.67007
27049,443.22656
27050,488.7163
27051,544.8462
27052,519.98566
27053,612.24713
27054,459.18265
27055,295.67072
27056,339.94122
27057,308.7631
27058,397.63284
27059,399.06458
27060,487.4676
27061,510.5214
27062,444.788
27063,348.4224
27064,357.01175
27065,258.33853
27066,167.47302
27067,170.71407
27068,282.24686
27069,237.31776
27070,220.96239
27071,195.82935
27072,232.55237
27073,259.45782
27074,195.31375
27075,158.39581
27076,214.13036
27077,268.42627
27078,191.43257
27079,171.74591
27080,187.26476
27081,223.49341
27082,241.93063
27083,236.50336
27084,195.27278
27085,251.6663
27086,163.44524
27087,229.26842
27088,236.46907
27089,247.32242
27090,154.56609
27091,138.74796
27092,145.04085
27093,202.93924
27094,149.56096
27095,110.2937
27096,169.01561
27097,97.59903
27098,101.96516
27099,104.765686
27100,111.08253
27101,105.63411
27102,110.23735
27103,41.107082
27104,58.30364
27105,93.794075
27106,123.07208
27107,158.62163
27108,63.795826
27109,75.69299
27110,103.335526
27111,7.4383707
27112,-1.9137189
27113,0.22707815
27114,83.84428
27115,100.75479
27116,128.29514
27117,85.234924
27118,126.034584
27119,89.81974
27120,98.6227
27121,129.78091
27122,275.37555
27123,187.07513
27124,203.6202
27125,122.13442
27126,300.43365
27127,424.88193
27128,370.59195
27129,232.44725
27130,325.4957
27131,369.82874
27132,355.32938
27133,227.61627
27134,503.12637
27135,458.37222
27136,442.02487
27137,614.9309
27138,677.6203
27139,324.94818
27140,322.3558
27141,171.00499
27142,345.5963
27143,398.74817
27144,252.06564
27145,249.88586
27146,403.48712
27147,230.40651
27148,519.8573
27149,465.87555
27150,748.8793
27151,485.30658
27152,822.70874
27153,666.59753
27154,712.5212
27155,577.4166
27156,459.8788
27157,350.21057
27158,616.94415
27159,480.54532
27160,498.74872
27161,316.9629
27162,423.807
27163,328.51123
27164,209.2386
27165,314.49612
27166,175.34111
27167,120.53541
27168,84.41358
27169,86.13643
27170,94.2759
27171,118.806496
27172,137.22194
27173,113.25316
27174,83.06714
27175,66.38115
27176,26.443136
27177,18.96089
27178,44.541267
27179,75.93966
27180,74.62253
27181,91.50098
27182,102.318085
27183,116.10791
27184,154.17552
27185,207.78136
27186,145.36046
27187,187.93182
27188,235.80762
27189,181.62584
27190,157.19563
27191,221.12245
27192,203.66129
27193,190.74876
27194,251.4723
27195,272.73834
27196,362.37573
27197,337.16266
27198,311.818
27199,445.33267
27200,547.848
27201,492.30933
27202,491.80814
27203,439.4516
27204,551.8201
27205,693.7132
27206,632.55096
27207,642.95374
27208,637.69324
27209,692.6748
27210,584.4155
27211,549.396
27212,501.9775
27213,422.55347
27214,433.4069
27215,441.9309
27216,484.40018
27217,521.1075
27218,537.7657
27219,491.1428
27220,507.40903
27221,560.2516
27222,711.54474
27223,671.51056
27224,763.996
27225,854.59924
27226,972.2538
27227,964.0016
27228,964.30585
27229,1069.5936
27230,837.2838
27231,897.80804
27232,911.49774
27233,923.0253
27234,802.11755
27235,759.5205
27236,876.5929
27237,735.8494
27238,632.2891
27239,867.1572
27240,907.2122
27241,1044.1818
27242,1162.3123
27243,1264.5546
27244,900.43823
27245,1409.3708
27246,1746.2972
27247,1201.2783
27248,1286.7211
27249,1522.6805
27250,1317.1577
27251,1467.9692
27252,1468.7509
27253,1565.7651
27254,1393.7406
27255,1632.3676
27256,1176.3752
27257,898.854
27258,1193.6143
27259,1232.5038
27260,1188.3978
27261,1428.7467
27262,1136.6543
27263,1030.1438
27264,996.5851
27265,1263.0564
27266,1771.3678
27267,1450.1244
27268,1181.8527
27269,1439.2881
27270,1602.1227
27271,1468.6387
27272,1367.1362
27273,1483.5032
27274,981.87646
27275,1390.4344
27276,1027.2606
27277,780.89355
27278,1435.535
27279,1267.719
27280,1753.8679
27281,1210.309
27282,1395.0148
27283,987.2162
27284,1000.051
27285,1042.4012
27286,1180.6285
27287,1227.6387
27288,1481.072
27289,1460.0801
27290,1373.3278
27291,876.0453
27292,758.6365
27293,886.4001
27294,665.4198
27295,942.89685
27296,827.5208
27297,1084.3954
27298,935.1813
27299,1334.4636
27300,515.92883
27301,431.76956
27302,247.91681
27303,183.60228
27304,126.999435
27305,119.33567
27306,127.23623
27307,119.49468
27308,88.42459
27309,121.54881
27310,87.270874
27311,114.90299
27312,127.475685
27313,93.70761
27314,49.64558
27315,89.029274
27316,97.40477
27317,127.25319
27318,123.07866
27319,34.177826
27320,90.90888
27321,68.26633
27322,134.56508
27323,83.53444
27324,28.764986
27325,-4.2192736
27326,7.798143
27327,18.925066
27328,18.002987
27329,20.692913
27330,38.256603
27331,28.26661
27332,30.51437
27333,55.843838
27334,107.85526
27335,144.0527
27336,77.74221
27337,11.768654
27338,82.05452
27339,135.71999
27340,101.13947
27341,142.166
27342,77.2818
27343,107.58047
27344,133.55704
27345,146.46547
27346,254.97035
27347,276.30276
27348,197.91716
27349,128.77953
27350,100.87898
27351,99.030914
27352,136.95856
27353,138.74057
27354,104.81939
27355,102.62959
27356,113.6917
27357,101.215805
27358,143.76294
27359,212.14397
27360,174.80798
27361,138.9806
27362,104.229836
27363,91.69988
27364,71.177956
27365,101.17699
27366,122.26657
27367,154.18912
27368,125.746155
27369,131.80995
27370,144.60338
27371,134.24428
27372,135.73875
27373,148.74008
27374,141.27316
27375,107.51412
27376,80.22807
27377,70.1565
27378,92.55317
27379,200.52597
27380,133.79253
27381,87.23883
27382,125.12115
27383,204.44423
27384,250.62589
27385,213.68372
27386,132.38678
27387,196.25742
27388,197.25333
27389,210.86035
27390,259.39578
27391,216.45325
27392,144.86418
27393,95.454704
27394,44.68029
27395,35.48415
27396,52.35583
27397,7.5222335
27398,-2.5368319
27399,-1.8838323
27400,-1.8813895
27401,-1.4583308
27402,-1.217881
27403,-1.1532433
27404,-1.0051205
27405,-0.9432507
27406,-0.9979554
27407,-0.9021923
27408,-0.84363276
27409,-0.792219
27410,-0.7637251
27411,-0.85461396
27412,-1.477085
27413,-0.87925047
27414,-0.9012801
27415,-0.80056864
27416,-0.74263257
27417,-0.84800094
27418,-0.780585
27419,-0.780585
27420,-0.7242797
27421,-0.7242797
27422,-1.422049
27423,-0.7800011
27424,-0.7618416
27425,-0.81256586
27426,-1.5439991
27427,-0.88407224
27428,-0.9077037
27429,43.466473
27430,144.41162
27431,183.58415
27432,277.5354
27433,167.96912
27434,74.358345
27435,48.767326
27436,43.666203
27437,8.387362
27438,-5.4343395
27439,-2.4870963
27440,-0.8492254
27441,-0.83970284
27442,-0.8104075
27443,-0.71499866
27444,-0.7894229
27445,-0.7763538
27446,-0.796263
27447,-0.75341487
27448,-0.75111115
27449,-0.8532568
27450,-1.4193183
27451,-0.8834425
27452,-0.8845918
27453,-0.9340167
27454,-0.8619782
27455,-0.90297294
27456,-0.91375875
27457,-0.91375875
27458,-0.91375875
27459,-0.91375875
27460,-0.87059915
27461,-0.8709024
27462,-0.87100214
27463,-0.87100214
27464,-0.8904781
27465,-0.8904781
27466,-0.8904781
27467,34.374702
27468,180.16833
27469,163.80333
27470,199.97
27471,264.19467
27472,392.52795
27473,394.74155
27474,237.5438
27475,78.51062
27476,16.73538
27477,-4.355404
27478,-0.8851891
27479,-0.8929077
27480,-0.80915797
27481,-0.8800474
27482,-0.8292564
27483,-0.51589066
27484,81.98937
27485,160.0669
27486,261.50366
27487,334.65817
27488,249.13419
27489,179.34708
27490,147.51746
27491,76.37742
27492,206.79988
27493,282.32184
27494,329.7733
27495,492.06772
27496,471.09897
27497,375.01007
27498,443.4657
27499,393.64505
27500,208.50417
27501,435.4139
27502,441.8739
27503,210.88492
27504,282.5348
27505,154.34705
27506,339.52646
27507,310.02893
27508,407.7472
27509,420.0298
27510,208.88705
27511,353.72318
27512,408.46655
27513,701.4743
27514,568.99225
27515,392.00983
27516,419.92743
27517,338.9755
27518,830.43713
27519,675.65686
27520,382.41788
27521,683.9384
27522,609.4803
27523,479.004
27524,694.1796
27525,459.7841
27526,647.4912
27527,571.95807
27528,409.98892
27529,473.01416
27530,530.31946
27531,253.36598
27532,265.9868
27533,295.83817
27534,451.96814
27535,328.938
27536,244.01869
27537,306.45074
27538,689.47296
27539,428.29636
27540,660.7859
27541,331.06995
27542,769.41235
27543,773.7191
27544,513.2733
27545,510.30182
27546,579.1363
27547,402.8513
27548,373.56186
27549,553.4262
27550,538.6635
27551,665.37177
27552,413.54785
27553,411.6537
27554,429.191
27555,426.41074
27556,388.49338
27557,198.09528
27558,264.1754
27559,188.54134
27560,222.23691
27561,295.44266
27562,301.90018
27563,245.52878
27564,233.40868
27565,159.04602
27566,115.1079
27567,143.88408
27568,253.6511
27569,211.96883
27570,199.00769
27571,212.497
27572,131.36176
27573,113.578255
27574,65.55604
27575,106.32834
27576,324.88794
27577,287.73224
27578,119.03388
27579,138.19043
27580,136.5168
27581,143.18665
27582,195.67853
27583,307.07385
27584,328.60025
27585,368.5472
27586,403.81985
27587,357.64886
27588,248.57861
27589,249.96785
27590,304.86307
27591,353.27414
27592,307.69028
27593,215.46097
27594,96.16824
27595,49.71364
27596,43.127342
27597,16.713049
27598,-2.4266226
27599,-6.1665545
27600,-6.912931
27601,1.2468644
27602,-5.85691
27603,-1.3669846
27604,-0.62838984
27605,-0.70613533
27606,-0.6979333
27607,-0.6829628
27608,-0.6934936
27609,-0.6998086
27610,-0.6979333
27611,-0.77623564
27612,-0.7089388
27613,-0.75593245
27614,-0.7343978
27615,-0.7144128
27616,-0.7144128
27617,-0.753246
27618,-0.8547243
27619,-0.77879006
27620,-0.8232685
27621,-0.80140173
27622,-0.7079904
27623,-0.7193727
27624,-0.81598336
27625,-0.7971183
27626,-0.69167286
27627,-0.69167286
27628,-0.75964886
27629,-0.8267765
27630,-0.800327
27631,-0.800327
27632,-0.79080445
27633,-0.7122665
27634,-0.7122665
27635,-0.800327
27636,-0.77805334
27637,-0.7997763
27638,-0.73331064
27639,-0.7791642
27640,-0.9175548
27641,-0.8698487
27642,-0.8708939
27643,-0.90060693
27644,-0.95662636
27645,-0.84827846
27646,-0.84827846
27647,-0.84827846
27648,-0.91285825
27649,-0.91285825
27650,-0.91285825
27651,-0.97461665
27652,-1.0752949
27653,-1.6529084
27654,17.235764
27655,4.6689215
27656,-1.3437684
27657,29.293993
27658,-1.83135
27659,-0.7035567
27660,-1.7198005
27661,-3.5013676
27662,-0.8693455
27663,11.396842
27664,14.580358
27665,1.9746044
27666,-0.8722047
27667,-0.8232793
27668,-0.93585736
27669,-1.7228452
27670,63.511032
27671,6.397809
27672,-0.7680815
27673,-0.82019407
27674,-0.7731672
27675,38.894154
27676,-1.2292147
27677,-1.5029762
27678,-1.4192523
27679,-0.83219415
27680,-1.4725735
27681,-0.8510482
27682,-0.8649251
27683,-1.4078854
27684,-0.8489923
27685,-0.7679761
27686,-0.8291667
27687,-0.86952454
27688,-0.88591355
27689,-0.8841755
27690,-0.89869326
27691,-0.85170454
27692,-0.90570277
27693,-0.79341507
27694,-0.8099227
27695,-0.8784218
27696,-0.9209615
27697,-0.95495796
27698,-0.91811585
27699,-0.9683747
27700,-0.9790578
27701,-0.90194
27702,-0.99891925
27703,-0.9214159
27704,-1.0417382
27705,-1.1169901
27706,-1.0183859
27707,-1.0408999
27708,-1.0328671
27709,-1.0351472
27710,-1.0351472
27711,-1.0351472
27712,-1.0256246
27713,-1.0472772
27714,-1.069875
27715,-1.1129934
27716,-1.0836979
27717,-1.7377527
27718,-1.0416001
27719,-1.0416001
27720,-1.7386819
27721,-1.0361325
27722,-1.1112032
27723,-1.6907429
27724,-1.1152427
27725,-1.0676423
27726,16.943287
27727,52.133663
27728,13.7646265
27729,7.248599
27730,84.786736
27731,180.55849
27732,278.03827
27733,106.58056
27734,-3.184714
27735,-0.9751879
27736,-0.91397846
27737,-0.95347327
27738,-0.9791823
27739,-0.83976865
27740,-0.9157223
27741,-0.9315192
27742,-0.9413517
27743,-1.5465517
27744,8.386068
27745,50.43761
27746,56.03603
27747,91.89904
27748,65.50183
27749,73.8067
27750,30.65078
27751,-0.45852214
27752,-5.193868
27753,29.129076
27754,5.2876344
27755,-0.76138234
27756,-0.724366
27757,-0.7533494
27758,-0.8104232
27759,-0.79729223
27760,-1.3488884
27761,-0.7039079
27762,-1.4710163
27763,-0.81258464
27764,-0.81258464
27765,41.086582
27766,68.36325
27767,75.67199
27768,129.4877
27769,55.565132
27770,18.947638
27771,63.21538
27772,-2.6425462
27773,8.982624
27774,91.820656
27775,46.157455
27776,44.730446
27777,6.8624425
27778,-1.4781088
27779,-1.5115703
27780,-1.2677501
27781,-1.1338876
27782,-0.9155088
27783,-0.89968854
27784,-0.93025285
27785,-0.9864976
27786,-1.8569288
27787,-1.7409009
27788,-0.92600656
27789,-0.8000312
27790,-0.9290625
27791,-0.9513775
27792,-0.8989972
27793,-0.8711616
27794,-0.955873
27795,-1.6322936
27796,-0.9267231
27797,-0.9146533
27798,29.674358
27799,0.78750837
27800,12.833809
27801,2.3401716
27802,-0.93152475
27803,-0.9577689
27804,-0.98860836
27805,9.149487
27806,61.851284
27807,53.697662
27808,22.41921
27809,-1.5905297
27810,29.232075
27811,0.14079995
27812,-1.6633439
27813,29.173569
27814,48.688404
27815,29.52723
27816,25.003136
27817,-1.6136103
27818,-1.0954069
27819,-1.1139005
27820,-1.5496255
27821,-1.6962887
27822,-0.8789551
27823,-0.87302244
27824,-0.9019232
27825,-0.8373418
27826,-0.8805579
27827,-0.88432205
27828,26.447195
27829,36.78813
27830,26.154179
27831,23.539274
27832,29.701036
27833,1.0176069
27834,3.9044397
27835,8.119652
27836,14.036165
27837,10.961543
27838,11.88605
27839,13.315196
27840,8.255844
27841,34.42723
27842,37.648083
27843,16.406855
27844,15.615485
27845,8.491542
27846,8.334822
27847,10.177144
27848,16.162796
27849,19.09765
27850,25.60012
27851,19.84685
27852,50.592964
27853,36.288742
27854,12.568223
27855,-0.14391944
27856,15.323266
27857,33.706985
27858,25.192865
27859,35.561802
27860,19.452038
27861,13.324628
27862,14.808632
27863,10.57104
27864,-4.0901527
27865,-3.8915865
27866,-3.5750585
27867,-2.2992194
27868,-2.569876
27869,-2.7984676
27870,-1.1647003
27871,-1.201153
27872,-1.0930576
27873,-1.6039417
27874,-1.0034703
27875,-1.6653502
27876,-1.0518467
27877,-1.0485934
27878,-1.0771289
27879,19.914984
27880,-1.8737723
27881,33.38369
27882,15.86478
27883,-1.6853833
27884,-1.0747833
27885,-0.98087656
27886,-1.0052371
27887,-2.0069623
27888,-1.6747963
27889,-1.0432314
27890,-1.9408222
27891,20.651882
27892,14.878427
27893,-0.947724
27894,-1.0332792
27895,-1.1019784
27896,-2.0807865
27897,-1.0865507
27898,-1.6392611
27899,-1.060792
27900,-1.0605867
27901,-0.97399616
27902,-1.069054
27903,-1.8237646
27904,-1.1846241
27905,-1.0802466
27906,-1.0276825
27907,-1.0951841
27908,-1.1380256
27909,-1.0884423
27910,-1.1161371
27911,-1.0992861
27912,-1.2455004
27913,36.58639
27914,60.498722
27915,32.418736
27916,104.556145
27917,130.05478
27918,142.3511
27919,128.22829
27920,165.43277
27921,118.70526
27922,164.88109
27923,192.78923
27924,214.78476
27925,214.39203
27926,203.87906
27927,270.52805
27928,321.47626
27929,341.0731
27930,349.93195
27931,373.90274
27932,364.7383
27933,403.14557
27934,349.20822
27935,238.69012
27936,183.00366
27937,156.26175
27938,161.94159
27939,169.31485
27940,205.29938
27941,232.75233
27942,234.20482
27943,260.17926
27944,243.87798
27945,280.10745
27946,304.3753
27947,352.29706
27948,342.15656
27949,320.75406
27950,218.33888
27951,176.85123
27952,158.71756
27953,182.92247
27954,221.31865
27955,213.79427
27956,198.32704
27957,192.13786
27958,189.41397
27959,201.95792
27960,248.99452
27961,233.26564
27962,278.36627
27963,306.78833
27964,359.654
27965,312.28992
27966,255.3008
27967,199.13014
27968,204.67825
27969,212.25156
27970,251.87225
27971,237.92224
27972,227.88672
27973,184.76375
27974,273.5871
27975,239.04248
27976,213.37491
27977,173.25201
27978,243.32533
27979,282.52307
27980,267.93723
27981,247.93529
27982,251.82588
27983,264.10663
27984,202.86774
27985,142.47925
27986,94.92839
27987,91.58496
27988,123.72736
27989,146.30911
27990,89.99482
27991,65.87092
27992,55.83147
27993,45.836258
27994,53.47196
27995,43.75337
27996,58.704147
27997,51.240597
27998,40.503796
27999,49.230206
28000,68.258835
28001,52.526466
28002,75.27004
28003,56.32724
28004,23.15743
28005,24.60661
28006,5.2585306
28007,-1.5641581
28008,42.504456
28009,19.971579
28010,-1.8276918
28011,39.521706
28012,86.5862
28013,69.96969
28014,50.21863
28015,16.949379
28016,67.9793
28017,37.036907
28018,193.0968
28019,88.60831
28020,219.53706
28021,366.98734
28022,113.966644
28023,94.871414
28024,217.91048
28025,193.25395
28026,200.79639
28027,160.42072
28028,148.26096
28029,111.656586
28030,220.70204
28031,203.37926
28032,119.67435
28033,223.53206
28034,308.22354
28035,255.67764
28036,79.818855
28037,360.62558
28038,269.7513
28039,195.03067
28040,175.12886
28041,240.25888
28042,153.6932
28043,163.41887
28044,119.62533
28045,258.08408
28046,71.63887
28047,101.23243
28048,219.78935
28049,201.80998
28050,322.15204
28051,152.30112
28052,103.712776
28053,222.04175
28054,264.29922
28055,99.50457
28056,143.41008
28057,36.698895
28058,11.023174
28059,38.689526
28060,23.604937
28061,32.895966
28062,27.632633
28063,28.73378
28064,18.861328
28065,27.44328
28066,59.831898
28067,55.018826
28068,88.98291
28069,108.48465
28070,157.21532
28071,203.38692
28072,179.23476
28073,140.67911
28074,192.76108
28075,165.82343
28076,136.0115
28077,138.50334
28078,104.10156
28079,126.34064
28080,117.085785
28081,138.09505
28082,144.5543
28083,141.37311
28084,160.53233
28085,186.0185
28086,201.12222
28087,268.96683
28088,291.58527
28089,268.8605
28090,365.36465
28091,544.8416
28092,390.34708
28093,301.84055
28094,299.21655
28095,459.13205
28096,557.244
28097,683.28455
28098,778.98553
28099,644.95276
28100,770.76843
28101,859.6671
28102,996.9135
28103,690.6475
28104,678.0212
28105,701.9477
28106,942.03546
28107,749.4414
28108,615.5958
28109,702.4563
28110,816.6644
28111,750.47363
28112,675.2727
28113,668.89905
28114,532.8178
28115,354.7711
28116,695.0166
28117,744.5309
28118,636.2263
28119,851.4773
28120,713.3759
28121,788.50476
28122,698.1717
28123,483.64496
28124,492.05466
28125,448.88043
28126,363.3765
28127,243.18149
28128,314.12024
28129,261.0898
28130,286.946
28131,311.79993
28132,253.9555
28133,248.077
28134,180.70518
28135,183.41376
28136,218.7857
28137,216.40955
28138,239.82787
28139,206.66652
28140,201.9612
28141,229.78479
28142,151.22589
28143,258.6854
28144,173.23674
28145,89.51366
28146,93.763016
28147,216.94376
28148,438.91754
28149,412.1771
28150,400.9226
28151,226.68243
28152,114.01671
28153,63.59134
28154,236.53053
28155,83.86526
28156,258.48425
28157,211.86111
28158,208.26427
28159,103.24506
28160,86.4063
28161,186.04512
28162,136.4701
28163,151.6832
28164,115.00857
28165,150.5679
28166,114.286156
28167,128.31041
28168,40.749966
28169,171.601
28170,150.89043
28171,147.56241
28172,68.120575
28173,84.313324
28174,101.9535
28175,60.45445
28176,56.753757
28177,213.26685
28178,154.64445
28179,130.80661
28180,3.84019
28181,30.918438
28182,1.4310154
28183,285.21124
28184,412.517
28185,176.63629
28186,167.83444
28187,101.76201
28188,234.88805
28189,25.076405
28190,27.96918
28191,180.59709
28192,361.2161
28193,144.52408
28194,174.66473
28195,314.50067
28196,173.413
28197,73.36972
28198,17.929037
28199,113.82904
28200,75.998604
28201,101.802155
28202,18.145514
28203,80.72603
28204,170.73412
28205,61.43884
28206,-3.214441
28207,-3.4626985
28208,41.88443
28209,157.92555
28210,286.15753
28211,250.2246
28212,163.62271
28213,85.3083
28214,74.27526
28215,-1.6389552
28216,-1.2454871
28217,-1.7785796
28218,-1.028389
28219,-1.4003652
28220,-1.3600883
28221,-1.1762497
28222,9.147623
28223,11.308473
28224,30.33911
28225,60.145752
28226,51.16593
28227,79.35626
28228,292.77167
28229,554.3324
28230,762.23724
28231,627.17004
28232,586.9988
28233,587.05695
28234,534.1291
28235,456.87137
28236,358.08395
28237,374.74316
28238,931.73944
28239,887.8369
28240,1661.5605
28241,1085.788
28242,692.9117
28243,823.1401
28244,909.49084
28245,1460.5602
28246,556.75104
28247,343.02026
28248,276.82837
28249,701.8844
28250,1060.9028
28251,1440.6965
28252,992.635
28253,779.15515
28254,957.1942
28255,948.8744
28256,936.05255
28257,811.48364
28258,420.4335
28259,261.69504
28260,422.04422
28261,557.7599
28262,393.65958
28263,351.54797
28264,287.08786
28265,409.01572
28266,196.34464
28267,172.56758
28268,266.93942
28269,210.8435
28270,181.68997
28271,157.56003
28272,358.9632
28273,557.2333
28274,757.06537
28275,555.463
28276,258.57715
28277,365.68744
28278,699.5919
28279,578.42145
28280,360.1244
28281,305.2045
28282,316.16672
28283,349.55075
28284,467.88443
28285,454.6014
28286,391.74048
28287,284.57962
28288,289.97473
28289,503.5532
28290,385.324
28291,207.85936
28292,204.00175
28293,267.33224
28294,185.06686
28295,315.90216
28296,473.27084
28297,304.7363
28298,482.80478
28299,883.4165
28300,486.56125
28301,1187.0847
28302,1374.2953
28303,1306.23
28304,831.9467
28305,888.98566
28306,953.5497
28307,1220.7498
28308,1210.2
28309,1067.3849
28310,1009.8195
28311,1496.319
28312,1835.7814
28313,1557.3158
28314,1105.5286
28315,1516.3542
28316,1036.1158
28317,773.9066
28318,1308.2427
28319,1543.2668
28320,1178.2632
28321,731.8032
28322,1005.7694
28323,1360.2667
28324,1366.4524
28325,666.7406
28326,1126.2684
28327,1484.0146
28328,1161.8777
28329,1204.0419
28330,1307.6215
28331,1092.0637
28332,744.7868
28333,786.13855
28334,855.4708
28335,859.57007
28336,785.85504
28337,1060.0822
28338,1019.4612
28339,814.62695
28340,818.729
28341,712.4692
28342,599.28217
28343,691.6835
28344,365.934
28345,779.14374
28346,554.2202
28347,607.0449
28348,455.0627
28349,563.3029
28350,250.90329
28351,317.46365
28352,381.93774
28353,183.76138
28354,181.56464
28355,279.31592
28356,149.28029
28357,163.7648
28358,203.8963
28359,413.72372
28360,397.77335
28361,304.90262
28362,377.8678
28363,446.03674
28364,379.49954
28365,408.2488
28366,359.82925
28367,167.57991
28368,148.18048
28369,221.9758
28370,242.9805
28371,249.32852
28372,226.64413
28373,206.85078
28374,129.14644
28375,94.903435
28376,77.26605
28377,31.933092
28378,36.300842
28379,24.874907
28380,42.384083
28381,42.426434
28382,59.449993
28383,45.160095
28384,48.922802
28385,12.765793
28386,46.364475
28387,78.68263
28388,84.13033
28389,75.43794
28390,92.63141
28391,86.26774
28392,80.14141
28393,43.382877
28394,31.681662
28395,67.045265
28396,52.869106
28397,5.887448
28398,-0.85448927
28399,-0.9042606
28400,-0.8329261
28401,-0.84624547
28402,-0.8242181
28403,-0.869202
28404,-1.4619555
28405,-0.76415485
28406,-0.10399457
28407,57.780277
28408,71.28683
28409,53.797596
28410,62.864433
28411,67.82002
28412,45.013813
28413,25.018724
28414,15.595925
28415,19.389776
28416,18.012222
28417,68.05629
28418,62.303074
28419,55.74424
28420,57.66871
28421,15.617026
28422,15.368995
28423,20.621542
28424,-3.056763
28425,-2.4485848
28426,-1.0263847
28427,-0.9863052
28428,-0.86626804
28429,-0.792295
28430,-0.87796783
28431,3.4419587
28432,15.993844
28433,11.446883
28434,18.558058
28435,48.83413
28436,25.827864
28437,26.2969
28438,-1.3841292
28439,-0.86759615
28440,-0.8562447
28441,-0.8500577
28442,-1.5413282
28443,-1.5073539
28444,-0.8797381
28445,-0.86082745
28446,-1.069026
28447,1.9328263
28448,-1.4346545
28449,-0.9382777
28450,-1.1472198
28451,76.09117
28452,64.44767
28453,36.40711
28454,1.3963808
28455,5.105792
28456,77.404434
28457,74.183464
28458,4.2182455
28459,-1.2215831
28460,-1.7879006
28461,20.69874
28462,-1.8937523
28463,-3.6200836
28464,-1.0364754
28465,6.4616985
28466,33.570976
28467,2.4758668
28468,-0.9194441
28469,-0.87179077
28470,-0.8541484
28471,-1.4138654
28472,-0.9953933
28473,-0.976676
28474,-1.5489726
28475,-0.7938349
28476,-1.3474011
28477,56.83675
28478,11.12907
28479,0.05710646
28480,-0.830601
28481,-0.8930665
28482,-0.8752378
28483,-0.8708428
28484,-0.75495195
28485,-0.8708428
28486,-0.871037
28487,-0.7936591
28488,-0.6915209
28489,-0.9446839
28490,31.99131
28491,66.94517
28492,36.428738
28493,16.915327
28494,9.55961
28495,-4.9135156
28496,-0.90896225
28497,-0.89482725
28498,-0.9427728
28499,42.244568
28500,159.93451
28501,217.3606
28502,122.096405
28503,114.9845
28504,180.33801
28505,357.1339
28506,373.91348
28507,322.04846
28508,198.83934
28509,243.16315
28510,207.88844
28511,143.39763
28512,150.6818
28513,205.5574
28514,121.95288
28515,71.38903
28516,85.10887
28517,117.85382
28518,194.75557
28519,173.3431
28520,162.62921
28521,126.70288
28522,58.563126
28523,5.417428
28524,10.169726
28525,73.60704
28526,74.370384
28527,68.08459
28528,33.230938
28529,26.665121
28530,41.396595
28531,48.995785
28532,116.20689
28533,110.8134
28534,109.79883
28535,99.99492
28536,70.53713
28537,85.52437
28538,174.70825
28539,260.3972
28540,162.44186
28541,149.8779
28542,246.30417
28543,273.045
28544,285.46887
28545,228.20808
28546,135.92593
28547,248.85939
28548,241.67812
28549,148.81326
28550,223.34895
28551,307.40167
28552,183.22243
28553,173.90443
28554,134.47014
28555,91.60477
28556,66.49518
28557,65.37084
28558,63.071045
28559,57.59954
28560,60.221596
28561,49.862923
28562,84.142136
28563,131.80565
28564,81.14345
28565,89.07871
28566,28.060204
28567,4.525153
28568,28.452904
28569,33.274857
28570,18.896358
28571,37.74177
28572,5.7640424
28573,-1.5103023
28574,-1.5395659
28575,2.6490998
28576,59.445156
28577,52.2583
28578,65.45169
28579,90.11773
28580,122.48624
28581,45.00348
28582,20.58053
28583,35.455574
28584,35.165874
28585,168.85397
28586,186.2738
28587,263.17618
28588,277.1433
28589,230.04907
28590,299.02658
28591,451.2242
28592,413.60406
28593,231.96504
28594,294.99667
28595,353.59863
28596,296.94348
28597,293.82455
28598,322.49945
28599,450.2371
28600,389.4731
28601,624.2856
28602,748.26996
28603,642.33527
28604,250.70767
28605,371.82916
28606,541.2752
28607,517.65857
28608,511.79248
28609,504.55045
28610,557.3289
28611,271.2245
28612,500.38196
28613,507.63583
28614,203.2854
28615,240.99724
28616,285.5645
28617,376.9695
28618,465.37106
28619,156.3694
28620,213.98285
28621,351.7
28622,156.38724
28623,303.67294
28624,389.84802
28625,178.26749
28626,245.28955
28627,189.95944
28628,238.00758
28629,195.81042
28630,189.16403
28631,118.76398
28632,147.51819
28633,222.16179
28634,176.96031
28635,280.7841
28636,1384.1393
28637,1187.167
28638,1167.4016
28639,1707.49
28640,1195.6885
28641,1268.312
28642,1315.2731
28643,396.97202
28644,260.09372
28645,89.98382
28646,146.9845
28647,386.969
28648,527.84467
28649,519.6772
28650,630.06714
28651,715.4174
28652,503.90027
28653,389.37772
28654,408.68903
28655,515.6491
28656,554.4691
28657,462.84882
28658,540.07715
28659,497.5525
28660,385.75104
28661,532.0085
28662,674.5001
28663,509.09073
28664,610.58655
28665,1035.9313
28666,1423.7422
28667,1472.3708
28668,1285.65
28669,1212.2158
28670,1145.6835
28671,1105.129
28672,1011.6774
28673,1155.651
28674,1092.1466
28675,939.5259
28676,751.3813
28677,598.70654
28678,628.6244
28679,740.4009
28680,720.019
28681,776.24005
28682,873.6835
28683,1029.1436
28684,1079.8988
28685,1307.9443
28686,1453.8081
28687,1579.9565
28688,1518.6891
28689,1264.5625
28690,1107.6743
28691,1116.6937
28692,1103.239
28693,1197.3336
28694,853.7609
28695,836.3336
28696,505.518
28697,770.1151
28698,709.82874
28699,485.1526
28700,322.20767
28701,239.47923
28702,261.82196
28703,365.5538
28704,341.6325
28705,318.3078
28706,622.7558
28707,385.41522
28708,261.90482
28709,311.8655
28710,413.4577
28711,306.18054
28712,239.82951
28713,313.4052
28714,546.3326
28715,510.46222
28716,400.25543
28717,598.548
28718,626.8973
28719,571.4767
28720,632.42633
28721,1084.1212
28722,906.3809
28723,728.5068
28724,1071.9017
28725,788.1469
28726,1358.275
28727,982.63965
28728,1130.3773
28729,955.6883
28730,1232.7125
28731,1039.6207
28732,724.0491
28733,747.579
28734,1059.8325
28735,1082.4235
28736,600.1468
28737,619.2738
28738,736.0275
28739,1355.6078
28740,1373.5288
28741,1153.7391
28742,658.89624
28743,1464.2971
28744,880.9398
28745,554.7757
28746,877.29034
28747,751.1558
28748,628.6759
28749,743.02374
28750,824.8948
28751,805.3974
28752,498.25766
28753,488.57056
28754,508.89148
28755,701.5417
28756,775.94885
28757,916.3466
28758,646.77716
28759,578.682
28760,327.55484
28761,273.19336
28762,214.0577
28763,424.52158
28764,302.37692
28765,365.1647
28766,354.17102
28767,288.10617
28768,203.33037
28769,102.0635
28770,30.956825
28771,43.4546
28772,116.881805
28773,39.033615
28774,17.475676
28775,19.238922
28776,32.80313
28777,10.47402
28778,38.891205
28779,100.53895
28780,55.438095
28781,-2.299481
28782,-1.059099
28783,-0.89115
28784,62.497852
28785,86.26922
28786,11.918395
28787,9.975289
28788,26.931103
28789,30.241774
28790,100.47282
28791,303.4521
28792,465.71677
28793,494.17688
28794,486.16916
28795,455.1602
28796,385.6415
28797,343.35638
28798,287.9283
28799,234.89189
28800,181.12051
28801,121.8166
28802,83.36144
28803,21.807316
28804,-2.2533402
28805,-0.5888277
28806,-0.5902957
28807,-0.6316757
28808,-0.6441405
28809,-0.6600704
28810,-0.6563697
28811,-0.7026758
28812,-0.7026758
28813,4.0093875
28814,69.43456
28815,79.03332
28816,102.90137
28817,151.29129
28818,200.24037
28819,163.42581
28820,255.00177
28821,261.603
28822,170.98114
28823,229.76942
28824,261.6391
28825,380.27267
28826,471.89084
28827,755.6336
28828,847.5041
28829,1598.4246
28830,1421.9562
28831,1230.0776
28832,1202.9739
28833,692.2604
28834,439.6608
28835,330.8529
28836,278.77097
28837,188.04694
28838,345.5319
28839,554.8759
28840,393.83615
28841,258.4667
28842,439.14096
28843,92.89123
28844,139.41309
28845,143.21725
28846,199.49385
28847,230.14282
28848,281.00662
28849,247.45436
28850,389.55896
28851,447.95718
28852,333.38715
28853,264.18906
28854,272.10037
28855,292.11664
28856,511.5692
28857,292.51712
28858,359.94165
28859,222.15569
28860,210.78192
28861,248.41481
28862,288.17972
28863,219.62907
28864,397.1213
28865,490.60474
28866,428.27197
28867,611.65045
28868,336.94662
28869,423.30875
28870,459.27896
28871,679.7981
28872,598.3524
28873,540.38086
28874,844.17694
28875,610.10724
28876,813.1883
28877,675.6777
28878,587.5812
28879,361.67633
28880,447.30585
28881,449.35632
28882,762.9391
28883,555.5305
28884,440.9253
28885,233.08026
28886,477.37515
28887,598.1778
28888,445.98044
28889,763.31134
28890,824.7535
28891,613.4167
28892,855.0586
28893,1238.527
28894,1017.25824
28895,890.3154
28896,813.9164
28897,777.5038
28898,456.2558
28899,801.7153
28900,936.99713
28901,827.7361
28902,1251.8496
28903,1049.7963
28904,380.08893
28905,586.10516
28906,884.0797
28907,693.3267
28908,699.8457
28909,750.6326
28910,374.09503
28911,507.14636
28912,617.2415
28913,763.1801
28914,629.57666
28915,462.58267
28916,487.7963
28917,745.1645
28918,623.3921
28919,574.1305
28920,600.1939
28921,420.18158
28922,479.29773
28923,194.17326
28924,258.63034
28925,173.87984
28926,143.87886
28927,319.47186
28928,254.25119
28929,293.7394
28930,217.67047
28931,248.44354
28932,209.47414
28933,329.6596
28934,469.06183
28935,366.4283
28936,264.8996
28937,239.57288
28938,196.30603
28939,280.1489
28940,394.84317
28941,514.43207
28942,380.33026
28943,388.67734
28944,244.27371
28945,135.12952
28946,149.94402
28947,184.76143
28948,202.417
28949,229.78523
28950,158.03201
28951,193.71416
28952,399.34073
28953,498.52313
28954,576.5403
28955,388.0341
28956,293.50952
28957,451.64526
28958,377.06628
28959,285.01196
28960,258.73248
28961,266.80634
28962,236.57512
28963,432.48074
28964,445.71634
28965,232.17592
28966,269.20773
28967,460.97586
28968,474.56552
28969,332.66562
28970,252.23877
28971,179.5665
28972,215.30125
28973,257.88525
28974,263.9746
28975,450.37943
28976,519.433
28977,353.05624
28978,260.97913
28979,116.85666
28980,148.71548
28981,130.1635
28982,97.55315
28983,60.835285
28984,20.979757
28985,98.03432
28986,68.08763
28987,31.124096
28988,114.50916
28989,141.64374
28990,117.08923
28991,125.819954
28992,87.021454
28993,137.22366
28994,95.29249
28995,38.07469
28996,114.432106
28997,149.99242
28998,313.3932
28999,323.33163
29000,376.11685
29001,350.99548
29002,287.268
29003,207.07239
29004,238.20018
29005,129.33205
29006,161.33699
29007,152.4052
29008,259.81387
29009,162.89973
29010,100.58498
29011,182.45154
29012,105.29467
29013,57.60495
29014,149.84454
29015,392.30768
29016,270.6936
29017,390.11548
29018,253.14949
29019,218.47047
29020,282.16507
29021,499.70917
29022,248.42845
29023,250.63681
29024,459.69626
29025,395.62543
29026,247.54665
29027,314.26733
29028,206.28001
29029,431.25378
29030,332.77264
29031,268.8909
29032,601.9044
29033,275.4948
29034,313.1901
29035,607.4656
29036,647.1247
29037,404.24445
29038,639.29755
29039,527.2371
29040,593.13245
29041,460.39194
29042,598.2948
29043,757.3519
29044,559.03015
29045,980.5083
29046,666.13324
29047,1161.4227
29048,994.642
29049,835.34326
29050,852.0021
29051,792.33514
29052,467.78247
29053,766.9924
29054,1008.3247
29055,751.11304
29056,914.841
29057,608.68274
29058,965.0212
29059,1003.7857
29060,733.94806
29061,1069.0789
29062,681.8127
29063,979.13416
29064,553.48047
29065,642.62823
29066,721.6922
29067,607.7521
29068,788.85004
29069,618.36365
29070,520.2227
29071,594.32855
29072,645.8183
29073,764.4649
29074,570.7325
29075,644.51385
29076,742.95325
29077,831.94226
29078,778.78125
29079,776.5425
29080,822.1456
29081,779.5946
29082,715.1348
29083,695.8665
29084,678.5605
29085,700.6644
29086,518.3177
29087,492.9558
29088,436.71747
29089,499.89258
29090,481.21912
29091,460.1855
29092,605.607
29093,718.01526
29094,884.4157
29095,732.86755
29096,638.2189
29097,454.27405
29098,426.1104
29099,373.42102
29100,328.93796
29101,250.21935
29102,287.20346
29103,379.0713
29104,329.41507
29105,336.88736
29106,440.07138
29107,636.40704
29108,624.74054
29109,537.86035
29110,671.61914
29111,561.34784
29112,463.28973
29113,662.1751
29114,741.1679
29115,470.9842
29116,474.30252
29117,638.39667
29118,721.8097
29119,593.84827
29120,498.25418
29121,417.8516
29122,322.24347
29123,286.49057
29124,343.56693
29125,309.32513
29126,212.53946
29127,130.12268
29128,116.66066
29129,242.69017
29130,280.05038
29131,518.44147
29132,489.642
29133,443.55255
29134,363.4994
29135,249.39119
29136,265.17548
29137,165.5497
29138,86.07201
29139,129.83015
29140,130.44362
29141,82.16269
29142,140.73746
29143,137.74811
29144,96.25596
29145,196.74097
29146,187.03117
29147,190.72742
29148,303.98257
29149,166.94806
29150,281.84845
29151,352.01056
29152,504.68106
29153,232.52173
29154,395.19836
29155,363.71658
29156,99.30921
29157,87.49958
29158,179.36533
29159,179.50223
29160,146.17259
29161,299.35208
29162,195.32854
29163,173.29709
29164,284.87204
29165,299.68356
29166,313.33563
29167,286.34338
29168,578.9404
29169,226.0971
29170,302.77246
29171,178.41907
29172,276.5952
29173,122.39756
29174,205.6941
29175,198.58842
29176,238.66518
29177,384.72595
29178,298.58557
29179,151.02583
29180,370.63464
29181,218.55664
29182,282.13202
29183,120.96809
29184,279.2365
29185,504.52023
29186,202.31827
29187,234.97621
29188,357.1507
29189,220.35202
29190,290.5701
29191,441.58475
29192,191.8025
29193,274.323
29194,243.53273
29195,295.62265
29196,237.03459
29197,235.338
29198,127.28689
29199,177.01886
29200,228.9291
29201,313.33725
29202,291.06793
29203,151.04317
29204,78.06489
29205,159.1647
29206,98.27497
29207,59.184734
29208,36.606647
29209,65.59465
29210,101.4914
29211,101.42535
29212,55.168377
29213,74.219734
29214,166.26863
29215,441.56653
29216,393.48425
29217,516.42487
29218,488.81882
29219,467.07285
29220,378.87283
29221,456.082
29222,728.8877
29223,880.5031
29224,1125.285
29225,1160.0962
29226,1037.1879
29227,843.3444
29228,826.2456
29229,585.3499
29230,563.4628
29231,464.92383
29232,459.6356
29233,519.2922
29234,604.34094
29235,546.2766
29236,421.84705
29237,462.43616
29238,612.4404
29239,552.76526
29240,511.82648
29241,492.73746
29242,464.01132
29243,434.70258
29244,415.58344
29245,350.10208
29246,388.5372
29247,270.67667
29248,396.1404
29249,480.5041
29250,422.76624
29251,461.08127
29252,445.50058
29253,420.6341
29254,397.89896
29255,442.41675
29256,508.05368
29257,588.3631
29258,535.1214
29259,594.5355
29260,762.4926
29261,612.1551
29262,549.9704
29263,433.77142
29264,464.85913
29265,403.51392
29266,371.32486
29267,295.26276
29268,370.0531
29269,382.05157
29270,369.55795
29271,410.9116
29272,319.76614
29273,310.59753
29274,289.82834
29275,314.5554
29276,350.1278
29277,471.0747
29278,579.86035
29279,486.2597
29280,359.30585
29281,440.4456
29282,563.4174
29283,383.6857
29284,292.17368
29285,378.92932
29286,354.6156
29287,363.9529
29288,274.8814
29289,269.737
29290,142.75441
29291,178.55379
29292,312.3777
29293,420.4869
29294,385.77475
29295,319.75333
29296,210.05324
29297,647.4038
29298,751.47577
29299,509.88678
29300,651.901
29301,467.69717
29302,231.62694
29303,362.1821
29304,393.99234
29305,397.85254
29306,549.7563
29307,715.47394
29308,661.7332
29309,479.721
29310,749.632
29311,930.7662
29312,690.30536
29313,597.25543
29314,549.4294
29315,491.573
29316,451.41287
29317,467.05365
29318,510.25964
29319,520.2113
29320,241.12321
29321,373.91956
29322,411.1951
29323,446.92776
29324,550.6843
29325,402.93494
29326,633.98566
29327,519.2162
29328,397.5861
29329,245.23372
29330,327.26205
29331,384.9463
29332,357.99286
29333,440.9322
29334,691.5488
29335,506.26794
29336,580.4239
29337,619.9473
29338,719.93823
29339,528.65356
29340,258.83267
29341,217.81389
29342,248.01216
29343,557.4091
29344,610.01935
29345,1016.41547
29346,965.86224
29347,902.23175
29348,799.8314
29349,659.0761
29350,507.5849
29351,419.7722
29352,384.60995
29353,457.25818
29354,472.87262
29355,463.96878
29356,323.80188
29357,297.17773
29358,344.77957
29359,270.99066
29360,271.6838
29361,313.21594
29362,267.7425
29363,299.42105
29364,361.3054
29365,362.04547
29366,385.89853
29367,358.78876
29368,423.0776
29369,452.4035
29370,524.97626
29371,638.337
29372,641.8813
29373,670.3086
29374,615.18286
29375,629.04474
29376,715.9131
29377,728.6548
29378,637.20544
29379,490.91733
29380,407.36908
29381,351.77808
29382,305.1067
29383,297.95047
29384,311.0336
29385,242.40639
29386,317.2386
29387,339.01608
29388,359.217
29389,341.43152
29390,367.06754
29391,380.6761
29392,419.12216
29393,393.13812
29394,435.6283
29395,389.01132
29396,314.93417
29397,281.21387
29398,287.8941
29399,319.33676
29400,325.43423
29401,295.81445
29402,318.01926
29403,321.47488
29404,346.3728
29405,349.0737
29406,342.11484
29407,265.1992
29408,273.42932
29409,258.7492
29410,265.42938
29411,254.4699
29412,334.82477
29413,363.5811
29414,367.82727
29415,454.89374
29416,372.76395
29417,340.91342
29418,315.3391
29419,244.51656
29420,209.38124
29421,262.6418
29422,337.56604
29423,310.97058
29424,355.44928
29425,284.04337
29426,183.52986
29427,135.39471
29428,74.137024
29429,62.859005
29430,151.24438
29431,229.81145
29432,156.46608
29433,145.75146
29434,216.21767
29435,66.41605
29436,116.949356
29437,119.30682
29438,133.261
29439,222.22466
29440,135.4127
29441,82.17922
29442,93.38124
29443,214.48367
29444,251.25484
29445,146.99846
29446,172.13393
29447,232.88364
29448,145.34332
29449,204.23624
29450,218.04694
29451,139.09203
29452,169.16774
29453,198.11555
29454,110.67842
29455,153.76997
29456,185.48915
29457,131.90285
29458,59.471016
29459,86.68707
29460,167.81645
29461,162.59175
29462,95.75155
29463,205.26791
29464,88.90453
29465,190.38557
29466,101.28876
29467,55.825027
29468,142.31978
29469,67.567505
29470,73.18784
29471,47.78427
29472,98.188995
29473,139.00574
29474,182.96281
29475,94.19202
29476,104.99564
29477,195.01399
29478,376.59036
29479,137.29709
29480,144.08185
29481,103.47931
29482,239.79858
29483,287.92978
29484,249.64001
29485,386.4145
29486,287.81195
29487,264.03653
29488,59.453728
29489,220.5059
29490,207.40889
29491,267.42633
29492,196.60303
29493,133.71936
29494,319.47675
29495,282.9361
29496,213.87202
29497,139.90712
29498,105.76514
29499,90.64857
29500,72.94946
29501,56.981724
29502,67.1046
29503,76.05464
29504,48.979706
29505,-3.1047676
29506,-1.8433102
29507,-1.3466884
29508,-2.0417948
29509,-1.6808271
29510,0.5837037
29511,66.03579
29512,71.02745
29513,88.054405
29514,68.42172
29515,78.50386
29516,93.30327
29517,129.13356
29518,122.623405
29519,120.181694
29520,157.58244
29521,183.95732
29522,193.68207
29523,203.20386
29524,184.89561
29525,180.89041
29526,191.54913
29527,204.15154
29528,209.34479
29529,234.64091
29530,258.7496
29531,197.38681
29532,245.69481
29533,336.5653
29534,374.23303
29535,391.209
29536,319.68637
29537,217.8228
29538,296.22516
29539,263.71588
29540,258.42633
29541,296.75177
29542,301.23068
29543,337.1192
29544,262.7052
29545,288.68826
29546,256.57922
29547,307.1627
29548,389.52512
29549,429.81097
29550,448.00525
29551,472.11884
29552,515.13434
29553,631.9852
29554,722.1678
29555,762.9118
29556,764.56573
29557,705.9686
29558,500.89798
29559,472.57123
29560,473.50098
29561,475.92514
29562,665.945
29563,630.20746
29564,574.8546
29565,531.4815
29566,499.05106
29567,662.4306
29568,775.3578
29569,670.4842
29570,538.0565
29571,543.94775
29572,548.994
29573,370.0144
29574,265.76273
29575,603.85834
29576,509.88776
29577,395.04153
29578,159.22864
29579,375.77548
29580,242.58537
29581,640.58215
29582,789.151
29583,672.2172
29584,469.80478
29585,386.13742
29586,347.28415
29587,285.26462
29588,200.2015
29589,285.1069
29590,222.38914
29591,103.58382
29592,57.844444
29593,147.69208
29594,155.28859
29595,89.40829
29596,36.28463
29597,89.25893
29598,132.87329
29599,168.62442
29600,193.29538
29601,108.737495
29602,137.91597
29603,145.7866
29604,182.22086
29605,286.98267
29606,117.87919
29607,229.50719
29608,107.59013
29609,86.6136
29610,326.11255
29611,328.53564
29612,296.50735
29613,101.43833
29614,101.99804
29615,195.9159
29616,137.82
29617,167.85007
29618,151.68924
29619,180.39381
29620,113.9236
29621,279.8755
29622,208.92894
29623,132.6159
29624,91.780495
29625,179.32263
29626,137.9141
29627,108.429
29628,74.68533
29629,13.857613
29630,10.392587
29631,122.26432
29632,188.90051
29633,126.2579
29634,87.94587
29635,166.68004
29636,107.42022
29637,154.24217
29638,195.48195
29639,115.62069
29640,187.2405
29641,206.49701
29642,210.42867
29643,240.69685
29644,235.88739
29645,265.71436
29646,283.11536
29647,317.21503
29648,394.57043
29649,356.34845
29650,365.95193
29651,405.1657
29652,379.09683
29653,376.6149
29654,373.17828
29655,381.3613
29656,379.63693
29657,443.66037
29658,373.9898
29659,454.5229
29660,581.087
29661,710.56226
29662,808.0719
29663,812.1718
29664,738.4599
29665,748.60364
29666,683.2017
29667,767.91144
29668,723.3194
29669,793.91016
29670,824.9659
29671,885.7166
29672,682.15753
29673,664.3793
29674,492.5628
29675,518.9379
29676,553.4175
29677,683.68976
29678,599.11646
29679,431.23996
29680,491.65637
29681,416.32812
29682,556.28973
29683,818.80975
29684,730.7477
29685,761.2296
29686,588.35944
29687,593.3242
29688,641.634
29689,869.4108
29690,941.3993
29691,768.612
29692,574.69226
29693,621.9668
29694,812.51984
29695,871.31555
29696,921.94934
29697,713.7268
29698,634.97034
29699,802.4557
29700,768.9624
29701,764.02954
29702,597.7963
29703,759.32916
29704,1159.118
29705,1157.3435
29706,1170.4774
29707,1019.3969
29708,1054.4052
29709,1107.0524
29710,1260.285
29711,1370.5892
29712,1290.2404
29713,1361.5487
29714,1077.7898
29715,891.4311
29716,1333.538
29717,1295.835
29718,1102.3104
29719,948.3366
29720,938.8431
29721,503.53152
29722,177.67245
29723,382.713
29724,538.789
29725,710.9465
29726,721.03424
29727,456.70047
29728,941.54834
29729,1203.5098
29730,877.7912
29731,655.7993
29732,621.93994
29733,457.09256
29734,264.0449
29735,471.1325
29736,716.0708
29737,524.1834
29738,495.21094
29739,556.83954
29740,172.6782
29741,253.51498
29742,234.82405
29743,139.36844
29744,192.31184
29745,101.19767
29746,139.70923
29747,285.24576
29748,415.14078
29749,268.0119
29750,281.816
29751,330.78766
29752,265.23392
29753,365.9825
29754,510.8233
29755,678.47864
29756,551.27325
29757,554.7249
29758,682.3083
29759,690.6078
29760,1023.2663
29761,1164.3784
29762,1212.6747
29763,1131.7814
29764,711.52405
29765,759.4546
29766,718.01196
29767,884.1387
29768,308.9001
29769,437.54147
29770,533.80597
29771,527.8436
29772,730.9154
29773,603.2786
29774,543.6254
29775,580.48944
29776,595.46216
29777,193.01756
29778,211.36426
29779,308.50922
29780,331.29016
29781,217.9115
29782,261.18988
29783,208.42828
29784,225.19887
29785,200.1489
29786,301.23193
29787,339.834
29788,184.44421
29789,43.93183
29790,25.90971
29791,10.559672
29792,26.371841
29793,44.072933
29794,48.75629
29795,37.4653
29796,12.0009365
29797,5.6751037
29798,28.161577
29799,48.371243
29800,38.896755
29801,26.302483
29802,16.261522
29803,17.254955
29804,25.428495
29805,14.860265
29806,47.914833
29807,109.03961
29808,78.78382
29809,29.678295
29810,19.695215
29811,52.657463
29812,45.779625
29813,109.03197
29814,105.11977
29815,161.73712
29816,317.97662
29817,284.6129
29818,353.05078
29819,391.43555
29820,277.2473
29821,274.4404
29822,175.16095
29823,323.76102
29824,440.0452
29825,599.5244
29826,981.8751
29827,1002.5458
29828,847.1322
29829,894.588
29830,700.5007
29831,735.64703
29832,458.6543
29833,461.20175
29834,445.67432
29835,463.29044
29836,594.0797
29837,634.2499
29838,672.7013
29839,549.9535
29840,631.73706
29841,568.924
29842,579.84534
29843,650.885
29844,357.08066
29845,314.87332
29846,320.5903
29847,306.62747
29848,184.24883
29849,196.8583
29850,52.90243
29851,8.07857
29852,-4.8589187
29853,-2.355326
29854,-3.4853768
29855,-5.9232597
29856,-2.3040557
29857,-1.5424552
29858,-1.6133809
29859,-1.6472361
29860,-1.7040344
29861,-1.7223433
29862,-1.7223433
29863,-1.7488607
29864,-1.7299879
29865,-1.777998
29866,-3.577123
29867,-1.7380207
29868,-1.6368072
29869,-1.5945698
29870,-1.5945698
29871,-1.5945698
29872,-1.5945698
29873,-1.4335746
29874,-1.3181343
29875,-0.9975752
29876,-0.98684686
29877,-0.99901384
29878,-0.98684686
29879,-0.9860732
29880,-0.9860732
29881,-0.99315983
29882,-0.99315983
29883,-0.9283524
29884,-0.9283524
29885,-1.3767002
29886,-3.3347108
29887,-0.98929495
29888,-0.98929495
29889,-1.596238
29890,-0.89758813
29891,-0.93335307
29892,-0.81040734
29893,-1.6077471
29894,-0.779183
29895,-0.8047167
29896,-0.8047167
29897,-0.7286855
29898,-0.8047167
29899,-0.8199707
29900,-0.9034584
29901,-0.84440106
29902,-0.9298087
29903,-0.9536852
29904,-0.9956874
29905,-0.9750797
29906,-0.9736579
29907,-1.026173
29908,-1.0565199
29909,-0.8718347
29910,-0.94550174
29911,-0.84158295
29912,-0.95303434
29913,-0.95303434
29914,-1.5822006
29915,-0.9436552
29916,-1.0750003
29917,-1.0126233
29918,-0.95101565
29919,-0.94062763
29920,41.22812
29921,60.400696
29922,81.936356
29923,118.70943
29924,134.76086
29925,102.99507
29926,65.007065
29927,108.90527
29928,116.060844
29929,96.85855
29930,100.732414
29931,81.57177
29932,46.010094
29933,38.732536
29934,26.197186
29935,53.027916
29936,104.96559
29937,123.19026
29938,79.90742
29939,88.972916
29940,58.6937
29941,13.817679
29942,19.218853
29943,91.79763
29944,78.05629
29945,35.671696
29946,556.06744
29947,1655.4651
29948,1558.4213
29949,1062.9622
29950,198.79318
29951,87.76177
29952,29.130375
29953,2.426992
29954,65.01134
29955,36.96872
29956,80.16725
29957,80.033745
29958,7.124552
29959,-1.029084
29960,251.08516
29961,841.3706
29962,761.6273
29963,324.8597
29964,260.8127
29965,351.6095
29966,384.0316
29967,1.6920762
29968,-1.3760536
29969,-1.2976738
29970,-1.313171
29971,-1.3181415
29972,-2.295017
29973,15.996381
29974,121.324
29975,181.48065
29976,166.13905
29977,9.903827
29978,-1.1665727
29979,-2.8271685
29980,-0.9810204
29981,-0.97272164
29982,-0.9948122
29983,-0.9948122
29984,-0.8372645
29985,-0.9017837
29986,-0.8372645
29987,-0.80694956
29988,-0.80694956
29989,12.500072
29990,31.78429
29991,-0.88629913
29992,-1.5998014
29993,483.48706
29994,0.37642673
29995,-0.88029814
29996,-0.91575134
29997,-0.87212443
29998,-0.8683542
29999,-0.78079444
30000,-0.77014375
30001,-0.90208787
30002,-1.5017544
30003,-0.7735908
30004,-1.4692723
30005,-1.5611968
30006,-0.8115808
30007,-0.84243697
30008,-0.91604257
30009,-0.850726
30010,-0.8564933
30011,80.968605
30012,296.90518
30013,92.232315
30014,226.26938
30015,178.74738
30016,-2.325941
30017,-0.8551916
30018,-0.8745884
30019,-0.74046886
30020,-1.8471705
30021,268.09537
30022,384.437
30023,30.82305
30024,-0.8601558
30025,-0.88859606
30026,70.45978
30027,380.8582
30028,350.96716
30029,180.59138
30030,81.15942
30031,22.94136
30032,2.9950154
30033,92.32233
30034,42.739567
30035,323.44257
30036,180.13232
30037,-3.1830938
30038,68.26044
30039,53.390476
30040,64.30629
30041,76.90763
30042,100.247925
30043,123.57012
30044,223.74341
30045,215.15575
30046,128.20346
30047,147.90283
30048,129.95082
30049,166.55478
30050,108.3287
30051,67.139145
30052,143.36151
30053,151.58954
30054,96.47264
30055,109.534904
30056,112.42753
30057,93.84344
30058,109.35928
30059,136.77362
30060,0.3902094
30061,-1.3658714
30062,-1.4063405
30063,-1.0780178
30064,-0.9161183
30065,-0.88343364
30066,-0.88343364
30067,-0.82923466
30068,-0.8456183
30069,-0.8456183
30070,-0.8456183
30071,-0.8470865
30072,-0.8456183
30073,-0.90873104
30074,-0.88869697
30075,-0.78596276
30076,-0.826044
30077,-0.84016174
30078,-0.84016174
30079,-0.84016174
30080,-0.84016174
30081,-0.87047654
30082,-0.87047654
30083,-0.84016174
30084,-0.84016174
30085,-0.8728463
30086,-0.8728463
30087,-0.9031611
30088,-0.9031611
30089,-0.8728463
30090,-0.8728463
30091,-0.8728463
30092,-0.8728463
30093,-0.8728463
30094,-0.8886432
30095,-0.8728463
30096,-0.90684015
30097,-0.89232224
30098,-0.89232224
30099,-0.91795164
30100,-0.91795164
30101,-0.9705921
30102,-0.9705921
30103,-0.9705921
30104,-1.0049032
30105,-1.0099835
30106,-1.0099835
30107,-1.0099835
30108,-1.7505908
30109,-0.911029
30110,-1.0466481
30111,-1.059349
30112,-1.059349
30113,-1.0210183
30114,-1.0210183
30115,-0.92737883
30116,-0.92370737
30117,-0.92370737
30118,-0.9946572
30119,47.76131
30120,54.144108
30121,67.71813
30122,60.866352
30123,88.298996
30124,42.02033
30125,26.898987
30126,77.97115
30127,76.587234
30128,85.28148
30129,67.34136
30130,55.65161
30131,69.84215
30132,50.985542
30133,47.783924
30134,51.81207
30135,16.524353
30136,12.299544
30137,36.411003
30138,40.566532
30139,2.3135443
30140,15.947881
30141,54.14465
30142,109.0564
30143,129.38924
30144,132.4277
30145,65.28995
30146,34.867905
30147,48.962532
30148,123.649765
30149,74.41767
30150,85.56259
30151,73.70553
30152,35.931858
30153,39.55417
30154,2.330386
30155,20.76691
30156,24.936138
30157,43.424076
30158,71.84506
30159,24.494047
30160,100.94856
30161,147.19044
30162,74.46088
30163,93.021866
30164,124.06549
30165,251.17929
30166,172.94113
30167,93.07905
30168,192.78253
30169,201.42284
30170,99.03041
30171,95.42929
30172,80.09198
30173,195.5302
30174,163.16644
30175,128.74107
30176,85.321594
30177,106.341095
30178,165.95862
30179,348.99252
30180,327.41287
30181,140.29834
30182,71.23419
30183,31.069992
30184,-2.524142
30185,13.12131
30186,66.381424
30187,85.24109
30188,185.9209
30189,100.56494
30190,139.1508
30191,46.925743
30192,79.275826
30193,77.16758
30194,260.7421
30195,152.2546
30196,91.242424
30197,173.86798
30198,97.938896
30199,96.03176
30200,142.089
30201,138.17645
30202,75.38784
30203,51.56793
30204,62.319042
30205,74.8942
30206,45.283863
30207,42.128517
30208,73.164856
30209,106.412605
30210,101.683
30211,116.88857
30212,105.49621
30213,113.16845
30214,80.922966
30215,48.175404
30216,45.41379
30217,36.913322
30218,7.5747643
30219,14.660736
30220,45.90509
30221,40.992153
30222,16.314138
30223,14.853287
30224,17.288223
30225,14.549592
30226,36.359154
30227,28.74698
30228,22.111681
30229,43.073048
30230,99.21923
30231,143.14781
30232,171.68987
30233,185.35191
30234,215.65161
30235,253.6355
30236,300.40152
30237,235.2351
30238,193.9162
30239,83.17365
30240,111.031204
30241,201.87816
30242,122.45107
30243,130.66924
30244,249.68117
30245,191.9561
30246,236.8855
30247,211.4819
30248,236.68222
30249,276.67465
30250,194.07797
30251,187.01381
30252,197.26541
30253,377.82996
30254,655.4434
30255,618.03534
30256,720.07324
30257,797.7493
30258,739.286
30259,563.74927
30260,619.12976
30261,485.9788
30262,433.7692
30263,354.88907
30264,228.04701
30265,316.09656
30266,378.2549
30267,378.63376
30268,411.86783
30269,379.406
30270,378.7498
30271,337.8442
30272,235.78629
30273,242.6812
30274,266.14566
30275,219.2076
30276,211.01411
30277,247.44218
30278,413.63342
30279,518.09576
30280,477.24203
30281,357.07245
30282,322.12646
30283,297.56195
30284,241.40752
30285,452.97903
30286,399.15485
30287,476.36224
30288,562.8624
30289,691.9736
30290,900.5888
30291,775.1272
30292,1144.5707
30293,1009.642
30294,750.20154
30295,851.2846
30296,1083.1492
30297,645.35187
30298,723.5399
30299,561.65234
30300,504.4141
30301,472.67758
30302,504.36874
30303,553.6531
30304,815.3367
30305,828.36523
30306,1230.0438
30307,916.64905
30308,1300.1644
30309,1040.9606
30310,1095.6534
30311,1000.3369
30312,1418.545
30313,812.8501
30314,971.38416
30315,1007.675
30316,1079.8478
30317,777.07153
30318,674.3272
30319,786.04175
30320,1306.8728
30321,1131.058
30322,1511.1597
30323,1367.2325
30324,1444.3586
30325,1197.2853
30326,1014.964
30327,1174.0862
30328,850.65283
30329,804.7647
30330,706.09656
30331,1119.548
30332,1066.6124
30333,991.22894
30334,1143.9994
30335,1166.2904
30336,1575.4233
30337,1279.8413
30338,812.49756
30339,1095.9276
30340,867.86957
30341,1227.1471
30342,358.097
30343,498.1885
30344,225.27286
30345,262.2062
30346,300.27728
30347,583.763
30348,568.2557
30349,356.0199
30350,232.00586
30351,233.52597
30352,180.20096
30353,108.24969
30354,128.9386
30355,76.076904
30356,60.73883
30357,54.797775
30358,72.74548
30359,125.978386
30360,170.49606
30361,135.03648
30362,106.55285
30363,277.21634
30364,446.1506
30365,410.52496
30366,313.6182
30367,418.84073
30368,402.00256
30369,234.7668
30370,185.63986
30371,157.3697
30372,179.3719
30373,251.03313
30374,343.45862
30375,387.68185
30376,514.5879
30377,496.58633
30378,505.54898
30379,601.93024
30380,647.03613
30381,699.86505
30382,770.90515
30383,774.7317
30384,708.49976
30385,706.5433
30386,697.0795
30387,609.5198
30388,632.00366
30389,519.5502
30390,504.6572
30391,397.72498
30392,410.07687
30393,458.37387
30394,561.7484
30395,591.0991
30396,608.30774
30397,503.9963
30398,522.26337
30399,514.75214
30400,721.8817
30401,701.39746
30402,518.3904
30403,588.4303
30404,581.4789
30405,564.7501
30406,578.92377
30407,513.5333
30408,519.8918
30409,587.5255
30410,627.46136
30411,652.0307
30412,665.48987
30413,617.298
30414,628.0883
30415,648.58936
30416,540.87115
30417,449.7432
30418,408.07755
30419,414.82007
30420,357.86377
30421,235.58719
30422,197.38484
30423,291.59583
30424,183.7963
30425,191.90749
30426,241.98991
30427,209.47931
30428,152.10971
30429,284.26038
30430,397.78772
30431,453.76263
30432,497.5413
30433,373.64987
30434,463.1662
30435,285.67484
30436,551.40405
30437,594.02313
30438,621.6604
30439,559.7043
30440,481.97934
30441,301.17145
30442,815.5482
30443,702.0875
30444,356.13815
30445,428.54422
30446,262.28683
30447,361.45963
30448,359.20523
30449,446.62604
30450,410.59253
30451,328.92157
30452,461.44232
30453,402.5323
30454,455.38513
30455,536.5524
30456,348.96094
30457,366.75366
30458,402.52304
30459,791.03723
30460,861.8792
30461,960.0752
30462,724.33813
30463,598.2765
30464,859.82294
30465,558.99084
30466,563.5426
30467,429.8093
30468,341.90472
30469,366.27863
30470,438.23364
30471,322.1345
30472,415.314
30473,404.30344
30474,434.39856
30475,222.95583
30476,404.0948
30477,215.11006
30478,242.24757
30479,433.9749
30480,143.17453
30481,187.49931
30482,295.7667
30483,178.92761
30484,320.0154
30485,109.07021
30486,136.99138
30487,281.13324
30488,230.14404
30489,180.50467
30490,135.37611
30491,176.89215
30492,92.02293
30493,158.38992
30494,156.4742
30495,150.46584
30496,98.248024
30497,86.77416
30498,77.142456
30499,18.88403
30500,16.820547
30501,46.9137
30502,66.875626
30503,36.647755
30504,32.817234
30505,-0.47479564
30506,-1.6845309
30507,-0.9049072
30508,-0.9049072
30509,-0.9049072
30510,6.128481
30511,21.126423
30512,11.322302
30513,-5.709709
30514,-0.14976105
30515,-1.7490171
30516,26.817907
30517,46.479374
30518,48.759754
30519,48.509384
30520,50.206425
30521,47.017532
30522,42.996292
30523,29.199568
30524,26.354979
30525,104.318054
30526,141.83777
30527,226.62471
30528,175.48775
30529,188.23767
30530,228.77264
30531,229.54015
30532,267.56433
30533,246.0444
30534,220.16922
30535,306.33075
30536,308.28055
30537,331.11844
30538,334.02377
30539,326.30255
30540,345.64795
30541,318.55283
30542,423.43057
30543,386.02927
30544,372.7915
30545,376.53387
30546,341.8417
30547,356.28925
30548,267.09964
30549,251.71107
30550,247.2658
30551,419.74075
30552,505.84573
30553,403.27637
30554,315.31204
30555,377.9797
30556,276.49637
30557,302.90546
30558,514.8749
30559,386.81796
30560,234.26387
30561,353.19714
30562,409.54083
30563,355.56644
30564,500.44003
30565,752.3187
30566,793.26105
30567,716.8688
30568,884.9213
30569,678.41766
30570,582.41504
30571,603.85547
30572,477.26538
30573,651.5141
30574,396.84534
30575,496.26505
30576,792.4799
30577,729.92255
30578,447.9085
30579,500.21564
30580,447.3643
30581,495.281
30582,500.48465
30583,750.8493
30584,604.0615
30585,267.34518
30586,188.57109
30587,519.3596
30588,685.131
30589,1090.799
30590,1191.0756
30591,969.8348
30592,964.48236
30593,536.0287
30594,508.29236
30595,551.09393
30596,507.27533
30597,530.9511
30598,662.0161
30599,755.3256
30600,397.4283
30601,302.3672
30602,594.51697
30603,285.26788
30604,824.1562
30605,644.24475
30606,690.0586
30607,722.2231
30608,682.8822
30609,602.656
30610,656.3773
30611,610.5126
30612,449.67963
30613,615.4043
30614,288.15952
30615,222.69424
30616,282.67352
30617,319.0063
30618,289.91452
30619,266.68552
30620,273.52356
30621,500.76163
30622,252.35577
30623,333.62692
30624,284.7427
30625,268.61826
30626,274.48727
30627,161.42416
30628,111.3843
30629,229.20515
30630,180.33562
30631,77.51094
30632,102.687195
30633,144.28616
30634,107.561874
30635,152.20152
30636,199.19931
30637,273.15884
30638,157.4875
30639,99.568184
30640,85.4853
30641,127.85107
30642,139.42181
30643,147.09045
30644,128.78058
30645,149.1553
30646,205.52054
30647,185.18127
30648,181.1699
30649,217.17404
30650,233.23454
30651,251.65489
30652,233.63826
30653,193.59645
30654,109.15084
30655,55.584156
30656,35.583153
30657,55.134144
30658,62.946342
30659,78.35405
30660,112.193474
30661,145.26068
30662,284.0048
30663,358.64316
30664,428.00912
30665,444.4681
30666,427.46378
30667,411.7953
30668,544.9744
30669,570.4617
30670,617.58673
30671,612.9035
30672,627.9365
30673,656.0988
30674,587.234
30675,622.7279
30676,502.87036
30677,465.45807
30678,460.76517
30679,400.70343
30680,302.5272
30681,104.10657
30682,43.08763
30683,64.30511
30684,86.769455
30685,78.16973
30686,88.59463
30687,112.48319
30688,81.05435
30689,38.33581
30690,90.82801
30691,101.77281
30692,78.3327
30693,73.383736
30694,63.722694
30695,78.124
30696,57.544304
30697,76.27216
30698,155.63887
30699,179.92508
30700,194.83846
30701,224.79228
30702,186.62906
30703,129.98889
30704,65.46155
30705,11.287917
30706,-3.0635512
30707,-1.4984778
30708,-0.7280639
30709,-1.3456936
30710,-1.0050389
30711,-0.8847305
30712,-0.8177751
30713,-0.9962079
30714,-1.0270004
30715,-0.9665514
30716,-0.99317735
30717,-0.9656707
30718,-0.90601504
30719,-0.90601504
30720,-0.9151052
30721,-0.9151052
30722,-0.9029752
30723,-0.90023685
30724,-0.81661224
30725,-0.8832364
30726,-0.88643247
30727,-1.5633119
30728,-0.8087354
30729,-0.7697673
30730,-0.83713746
30731,2.454312
30732,-1.4470124
30733,-0.85742605
30734,-0.8283288
30735,18.68197
30736,0.3468062
30737,73.21606
30738,8.034634
30739,27.215565
30740,42.132755
30741,31.193136
30742,-0.91169804
30743,80.676414
30744,25.238737
30745,16.448122
30746,43.868618
30747,37.131718
30748,-2.159139
30749,40.71741
30750,85.51984
30751,3.537257
30752,-0.8132936
30753,-0.8363879
30754,-1.4933726
30755,27.650574
30756,13.3712435
30757,63.48893
30758,1.3308673
30759,-0.8732339
30760,-1.4791048
30761,-0.8981576
30762,-0.8473351
30763,-0.91547334
30764,-1.4377717
30765,1.6857426
30766,5.231748
30767,-0.82586277
30768,-0.92393243
30769,-1.4975038
30770,-0.81269896
30771,-0.8347286
30772,-0.8202107
30773,-1.9673867
30774,37.312183
30775,47.207985
30776,32.15199
30777,53.922245
30778,49.363876
30779,51.08317
30780,44.992226
30781,51.79861
30782,51.58455
30783,43.131226
30784,32.93739
30785,43.334812
30786,77.28848
30787,111.14815
30788,225.3602
30789,246.93446
30790,239.34326
30791,320.11795
30792,401.2396
30793,388.7406
30794,354.41504
30795,281.04465
30796,288.49857
30797,209.0677
30798,239.75264
30799,212.39609
30800,170.57983
30801,174.05646
30802,148.53394
30803,178.0239
30804,150.89458
30805,255.11922
30806,241.7447
30807,197.93027
30808,210.40771
30809,194.91348
30810,211.41
30811,158.99026
30812,236.88487
30813,238.44481
30814,216.21791
30815,238.8557
30816,216.83597
30817,181.43947
30818,167.83563
30819,175.4671
30820,170.74411
30821,172.36372
30822,185.29106
30823,196.89798
30824,196.31151
30825,179.57031
30826,166.52063
30827,143.61227
30828,130.59497
30829,157.47063
30830,157.8958
30831,155.37999
30832,169.24434
30833,197.52449
30834,202.43292
30835,232.7056
30836,192.43224
30837,153.98058
30838,145.90257
30839,142.1311
30840,151.69032
30841,118.11946
30842,88.36041
30843,80.50647
30844,75.89009
30845,55.067898
30846,74.76546
30847,60.47239
30848,34.58336
30849,7.704833
30850,8.809048
30851,1.4180493
30852,-1.724059
30853,-1.7456187
30854,-1.7753043
30855,-1.7964623
30856,-1.7812083
30857,-1.7812083
30858,-1.7698393
30859,-2.3406775
30860,-1.6781366
30861,-1.7413121
30862,-1.4892075
30863,-1.0673748
30864,-1.7598318
30865,-1.6200532
30866,-0.94203645
30867,-1.4980156
30868,-0.8508355
30869,12.330676
30870,2.877904
30871,-0.8094198
30872,-1.5198712
30873,-0.8063091
30874,-0.81548524
30875,-0.81548524
30876,-1.5090433
30877,-0.7944031
30878,-1.504681
30879,-0.89045084
30880,-0.86275613
30881,-1.6971123
30882,-2.2764683
30883,-2.1705844
30884,29.438189
30885,-0.9574158
30886,-1.6110635
30887,63.794918
30888,17.126692
30889,37.458736
30890,47.193375
30891,113.33326
30892,101.18009
30893,224.50235
30894,103.46522
30895,164.0585
30896,151.69627
30897,169.80382
30898,102.39474
30899,142.64548
30900,113.771996
30901,68.90669
30902,35.899796
30903,31.391424
30904,32.630287
30905,51.168694
30906,114.06126
30907,158.7669
30908,25.918806
30909,70.11873
30910,109.43366
30911,36.263012
30912,114.72647
30913,81.0895
30914,93.11093
30915,108.32679
30916,169.84526
30917,225.6455
30918,199.14357
30919,201.58644
30920,236.89789
30921,259.83276
30922,228.5893
30923,241.09067
30924,210.57072
30925,225.71739
30926,198.72775
30927,148.14061
30928,106.767296
30929,65.699394
30930,71.022194
30931,91.06869
30932,60.00338
30933,70.81516
30934,87.77974
30935,65.30103
30936,44.342335
30937,52.31345
30938,53.711487
30939,37.167206
30940,30.372694
30941,14.202833
30942,10.565242
30943,15.260901
30944,18.215605
30945,-1.2777296
30946,-0.8824675
30947,31.051596
30948,107.41025
30949,162.81862
30950,164.69823
30951,241.97571
30952,215.49872
30953,142.05495
30954,39.971405
30955,20.967222
30956,13.878883
30957,35.176746
30958,77.68397
30959,42.617096
30960,50.299454
30961,141.76624
30962,123.775955
30963,115.044044
30964,142.15442
30965,156.66415
30966,97.36608
30967,133.4341
30968,161.36658
30969,243.8546
30970,455.5586
30971,574.5228
30972,388.2724
30973,338.32257
30974,284.08942
30975,173.58958
30976,129.74611
30977,132.49326
30978,286.2692
30979,488.12198
30980,541.2928
30981,468.01337
30982,284.20996
30983,242.45013
30984,431.9709
30985,828.93304
30986,390.11655
30987,358.64227
30988,305.1402
30989,232.61888
30990,186.98807
30991,165.39716
30992,166.32887
30993,149.26372
30994,88.54616
30995,244.40889
30996,317.9187
30997,243.22337
30998,362.47855
30999,527.0397
31000,483.1688
31001,346.6263
31002,704.074
31003,533.4083
31004,452.49414
31005,332.4989
31006,329.36212
31007,411.22906
31008,577.47156
31009,1076.6615
31010,1347.0177
31011,1024.6624
31012,1087.7117
31013,1176.242
31014,1340.8162
31015,1408.8027
31016,1018.7461
31017,1008.40424
31018,1335.32
31019,732.9712
31020,860.6894
31021,928.62573
31022,1022.7038
31023,1267.9377
31024,1100.2551
31025,731.0192
31026,699.68756
31027,692.7827
31028,859.3939
31029,726.858
31030,952.4325
31031,650.57025
31032,683.2326
31033,846.50836
31034,1073.4525
31035,843.67554
31036,958.2364
31037,769.814
31038,376.22202
31039,337.42734
31040,616.7212
31041,185.34889
31042,354.88715
31043,454.0058
31044,270.10214
31045,402.14606
31046,344.4298
31047,240.72272
31048,258.4931
31049,561.65405
31050,1407.1326
31051,1869.5195
31052,1786.5631
31053,1003.8621
31054,457.5493
31055,774.2288
31056,881.8125
31057,775.5189
31058,881.9658
31059,566.3694
31060,466.75198
31061,553.2472
31062,255.31602
31063,163.35147
31064,337.72147
31065,304.53137
31066,299.74506
31067,234.72398
31068,288.60382
31069,444.17422
31070,668.13654
31071,858.23364
31072,788.0902
31073,575.5657
31074,552.97546
31075,388.26773
31076,225.1449
31077,350.74292
31078,286.2033
31079,198.62743
31080,219.98993
31081,263.0686
31082,218.10027
31083,272.77606
31084,278.77536
31085,171.70232
31086,250.98718
31087,338.01865
31088,235.93626
31089,150.23436
31090,100.19645
31091,118.33195
31092,126.623024
31093,140.93654
31094,102.968666
31095,47.58809
31096,16.605711
31097,0.85017204
31098,10.367145
31099,41.54387
31100,53.18852
31101,109.0806
31102,109.94014
31103,93.809654
31104,101.76477
31105,106.81061
31106,102.31447
31107,138.05675
31108,188.01372
31109,249.25792
31110,240.52043
31111,188.70595
31112,129.213
31113,118.78121
31114,115.31668
31115,160.38374
31116,197.91975
31117,179.94684
31118,266.59003
31119,224.00386
31120,221.73187
31121,173.92043
31122,98.74001
31123,91.00447
31124,22.733484
31125,1.5128177
31126,-2.2121792
31127,-2.0862255
31128,-2.2024865
31129,-2.5222156
31130,-2.9396691
31131,-1.7989484
31132,-1.7766795
31133,-1.7822365
31134,-1.8542035
31135,-1.417909
31136,-1.186758
31137,-0.83781105
31138,-0.89057857
31139,-0.77584255
31140,-0.933018
31141,-0.84578025
31142,-0.89725035
31143,-1.410873
31144,-0.8461673
31145,-0.90831983
31146,-0.91402483
31147,-0.9247682
31148,-0.94654584
31149,-0.9339627
31150,-0.90047586
31151,-0.9719924
31152,6.333316
31153,25.677591
31154,4.0514336
31155,-0.9153423
31156,-0.9823871
31157,-1.9332463
31158,11.442596
31159,-1.5469081
31160,-0.7996755
31161,3.7389672
31162,4.1730876
31163,-0.782505
31164,-0.7168029
31165,-0.8089233
31166,-0.8005455
31167,-0.8857456
31168,-0.8814412
31169,4.1079264
31170,0.76007897
31171,35.043926
31172,-1.2360771
31173,-0.8172142
31174,-0.8051911
31175,41.505466
31176,40.098854
31177,103.21619
31178,55.871838
31179,40.199734
31180,30.224575
31181,19.910166
31182,332.19574
31183,503.3737
31184,247.82936
31185,367.94394
31186,242.84712
31187,236.6534
31188,303.66092
31189,311.54654
31190,304.14844
31191,266.4367
31192,255.65443
31193,236.73848
31194,256.24658
31195,208.39655
31196,187.55475
31197,150.5786
31198,124.968346
31199,142.77858
31200,81.93942
31201,106.35961
31202,143.19016
31203,91.91626
31204,66.367645
31205,36.05085
31206,33.0772
31207,49.45292
31208,42.514725
31209,160.41039
31210,243.52211
31211,429.10187
31212,281.4623
31213,407.97876
31214,366.2404
31215,184.20584
31216,181.68349
31217,257.72134
31218,150.2148
31219,168.139
31220,235.03548
31221,168.37932
31222,104.606636
31223,58.455635
31224,-4.201797
31225,-1.482382
31226,-1.8370486
31227,-1.8720297
31228,50.91993
31229,126.32728
31230,182.0682
31231,184.72705
31232,92.99078
31233,11.564331
31234,34.46239
31235,88.055855
31236,81.03373
31237,10.854577
31238,-1.7842281
31239,-0.68736047
31240,-0.7203539
31241,-0.7464083
31242,-0.7767232
31243,-1.3706356
31244,-0.7587432
31245,-1.4268079
31246,-1.3799425
31247,32.27998
31248,92.670425
31249,22.207932
31250,32.54583
31251,118.40587
31252,131.98958
31253,67.39618
31254,108.03949
31255,97.90911
31256,117.896805
31257,104.523224
31258,60.947567
31259,61.332184
31260,59.809307
31261,76.61461
31262,144.30504
31263,186.21617
31264,104.04083
31265,28.482992
31266,0.2950648
31267,-0.8497917
31268,-1.3140336
31269,-0.7289451
31270,-0.74546593
31271,-0.8392212
31272,-0.8299157
31273,-0.8454358
31274,-0.72504246
31275,-0.72504246
31276,-0.7301228
31277,-0.72504246
31278,-0.7301228
31279,-0.8016195
31280,-0.7867146
31281,-0.85044223
31282,-1.7207099
31283,-0.68744737
31284,-0.7717704
31285,-0.77685076
31286,-0.7754752
31287,-0.7754752
31288,-0.7591514
31289,-0.70536035
31290,-0.8817993
31291,-0.82382053
31292,-0.9135813
31293,-1.3923244
31294,-0.71211284
31295,-0.7275606
31296,-0.7451816
31297,-0.75271386
31298,-0.7283372
31299,-0.73791724
31300,-0.88245255
31301,-0.973293
31302,-1.530887
31303,-0.92599046
31304,-0.8940784
31305,-0.9891601
31306,-0.92796963
31307,-0.92796963
31308,-0.92796963
31309,-0.97555053
31310,-0.9704702
31311,-0.90793484
31312,-0.95827645
31313,-1.0289569
31314,0.01828804
31315,-1.3630699
31316,-0.80492526
31317,-0.8932188
31318,-0.9407997
31319,-0.9392806
31320,-0.9271505
31321,-0.9392806
31322,-0.92206323
31323,-0.92206323
31324,-0.916983
31325,-0.92206323
31326,-0.9341934
31327,-0.92206323
31328,-0.91084856
31329,-0.97255224
31330,-0.97255224
31331,-0.98092633
31332,-0.97255224
31333,-0.9728555
31334,-2.1408708
31335,62.040787
31336,95.295975
31337,35.23534
31338,84.26497
31339,81.06048
31340,108.40952
31341,113.178764
31342,151.61848
31343,39.15251
31344,-0.9407645
31345,57.973736
31346,254.15512
31347,275.8514
31348,119.877205
31349,71.951324
31350,97.13014
31351,116.653244
31352,123.508415
31353,104.51415
31354,13.915479
31355,14.262803
31356,17.474041
31357,13.469556
31358,3.273556
31359,6.333557
31360,-3.3048553
31361,27.094555
31362,10.901607
31363,1.0713105
31364,-5.5770693
31365,-7.435456
31366,-3.8466275
31367,-0.6796132
31368,-0.80381984
31369,-0.8423988
31370,-0.89253825
31371,-0.81059366
31372,-0.888174
31373,-0.8642948
31374,-0.90339357
31375,-0.88128775
31376,-0.821142
31377,-0.821142
31378,-0.821142
31379,-0.821142
31380,-0.82622224
31381,-0.82622224
31382,-0.75115055
31383,-0.76200587
31384,-0.76200587
31385,-0.76200587
31386,-0.8150566
31387,-0.86027783
31388,-0.84728
31389,-0.8976456
31390,-1.4760932
31391,4.60438
31392,28.99909
31393,97.12282
31394,35.400764
31395,51.93476
31396,86.33474
31397,99.79885
31398,82.582275
31399,125.871124
31400,37.59702
31401,69.15796
31402,78.67276
31403,77.1117
31404,261.6973
31405,293.0106
31406,212.65482
31407,153.87195
31408,163.39783
31409,145.75499
31410,178.85643
31411,158.61769
31412,183.4593
31413,146.4028
31414,135.22815
31415,102.7912
31416,54.650684
31417,41.77005
31418,29.48199
31419,33.684845
31420,46.33393
31421,54.44674
31422,-2.4224563
31423,-1.6100317
31424,10.954195
31425,21.280504
31426,1.6902977
31427,-0.718793
31428,-0.7740167
31429,12.8667145
31430,49.980278
31431,108.39797
31432,334.88776
31433,299.80548
31434,275.8291
31435,397.61624
31436,614.26544
31437,376.55768
31438,333.486
31439,348.8988
31440,413.2944
31441,292.87424
31442,379.26767
31443,460.21094
31444,388.04633
31445,482.89172
31446,427.54532
31447,408.9736
31448,202.67662
31449,274.53815
31450,318.12857
31451,608.75934
31452,328.26474
31453,546.6664
31454,395.71695
31455,436.61288
31456,602.4838
31457,361.30182
31458,295.3084
31459,297.28195
31460,535.21655
31461,417.4113
31462,124.04431
31463,130.1575
31464,214.39584
31465,187.89406
31466,215.87813
31467,333.9841
31468,375.31943
31469,181.18726
31470,225.9537
31471,231.62697
31472,170.22365
31473,188.91481
31474,132.31088
31475,193.90895
31476,155.9149
31477,236.79556
31478,219.0885
31479,152.23393
31480,199.34149
31481,231.97943
31482,261.43076
31483,254.18962
31484,235.8877
31485,204.72974
31486,151.75322
31487,231.39227
31488,304.64505
31489,302.56754
31490,301.36566
31491,313.3941
31492,399.7898
31493,378.2867
31494,391.24887
31495,373.81326
31496,359.1671
31497,302.83527
31498,250.54669
31499,314.87845
31500,283.13065
31501,316.84286
31502,339.27856
31503,255.14662
31504,233.76018
31505,298.38913
31506,441.74045
31507,541.769
31508,573.5317
31509,668.15594
31510,537.01556
31511,462.17627
31512,489.89798
31513,449.7596
31514,399.08768
31515,484.57968
31516,460.51083
31517,394.34644
31518,395.84378
31519,525.0954
31520,517.89777
31521,497.48145
31522,586.8736
31523,494.54752
31524,382.09634
31525,333.64716
31526,328.83963
31527,311.1971
31528,409.99976
31529,365.08792
31530,377.0721
31531,324.0117
31532,374.5739
31533,181.36598
31534,96.31679
31535,53.59213
31536,13.855312
31537,33.96853
31538,103.81241
31539,198.65706
31540,185.00539
31541,163.52658
31542,146.91158
31543,158.97227
31544,139.55887
31545,151.36406
31546,155.27034
31547,183.34805
31548,210.44647
31549,213.21552
31550,272.51483
31551,177.5968
31552,167.43344
31553,126.34756
31554,140.90967
31555,161.41269
31556,286.6168
31557,117.72274
31558,82.59885
31559,86.27999
31560,207.53865
31561,111.96027
31562,209.0091
31563,196.07732
31564,352.5183
31565,732.088
31566,679.1005
31567,542.0529
31568,872.43164
31569,459.68954
31570,604.2253
31571,539.828
31572,515.52264
31573,492.79538
31574,396.8535
31575,349.27975
31576,259.90002
31577,362.29364
31578,468.45276
31579,510.35834
31580,576.6119
31581,563.26776
31582,663.4421
31583,738.27686
31584,863.69025
31585,799.83215
31586,615.4511
31587,940.18964
31588,743.19476
31589,826.0988
31590,774.19995
31591,829.67395
31592,556.977
31593,523.53424
31594,897.04803
31595,442.39774
31596,720.3537
31597,773.8122
31598,651.5615
31599,539.96796
31600,632.207
31601,414.86798
31602,647.0774
31603,330.38138
31604,250.52545
31605,392.19122
31606,607.175
31607,711.06866
31608,921.0918
31609,612.4282
31610,734.6855
31611,508.68494
31612,531.59796
31613,348.5429
31614,664.57886
31615,516.81006
31616,522.3009
31617,391.3495
31618,514.3729
31619,541.6146
31620,442.8541
31621,526.659
31622,661.08136
31623,570.8076
31624,306.1361
31625,199.75557
31626,155.68184
31627,127.45811
31628,120.31473
31629,114.315155
31630,121.12678
31631,114.56905
31632,103.74616
31633,79.913826
31634,79.63544
31635,80.95185
31636,65.34561
31637,87.42662
31638,131.2336
31639,198.60524
31640,228.82411
31641,174.97252
31642,186.00398
31643,244.9375
31644,168.26324
31645,163.9161
31646,184.21393
31647,164.0649
31648,182.09428
31649,182.73468
31650,238.2672
31651,319.5286
31652,243.33951
31653,166.14877
31654,125.30379
31655,42.756153
31656,58.573303
31657,40.01552
31658,5.476151
31659,29.592531
31660,60.464737
31661,76.47576
31662,130.26454
31663,124.012985
31664,85.78513
31665,83.638115
31666,104.444725
31667,108.21048
31668,97.71771
31669,111.50311
31670,167.00017
31671,211.3992
31672,192.73457
31673,132.95166
31674,139.36127
31675,94.6143
31676,94.97157
31677,92.0242
31678,77.06405
31679,65.58146
31680,61.303
31681,89.553246
31682,80.36136
31683,82.24308
31684,95.87065
31685,47.517128
31686,38.235
31687,5.533362
31688,-3.7915182
31689,-1.2097431
31690,-1.3294657
31691,-1.6665548
31692,-1.8033068
31693,-1.7385055
31694,-5.3197284
31695,-3.6703913
31696,-3.762953
31697,-3.81467
31698,-3.8246405
31699,-3.805145
31700,-1.452559
31701,-1.2539002
31702,-0.9909604
31703,-0.9827647
31704,-0.8110041
31705,-0.8433874
31706,-0.83386487
31707,-0.74193364
31708,-0.74049497
31709,-0.76310664
31710,-0.83386487
31711,-0.8433874
31712,-0.83759516
31713,-0.81493336
31714,-0.8227803
31715,-0.81553787
31716,-0.8004654
31717,-0.7464494
31718,-0.77716297
31719,-0.7798838
31720,-0.76462966
31721,-0.87854534
31722,-0.9345623
31723,-0.7957319
31724,-0.9144709
31725,-1.0089393
31726,15.443935
31727,-2.017967
31728,-0.913854
31729,-0.8885903
31730,-0.8917838
31731,-1.0312113
31732,-1.0021839
31733,-1.433896
31734,11.037524
31735,36.622364
31736,60.848297
31737,35.0958
31738,-0.9451012
31739,45.67403
31740,-1.3685802
31741,-1.3251368
31742,-0.7962143
31743,-0.80393285
31744,-0.8114683
31745,-0.783508
31746,-0.8147965
31747,-0.7925119
31748,-0.7989835
31749,-0.88479334
31750,-0.85285157
31751,-0.95637125
31752,-0.9637411
31753,-0.87407774
31754,-0.79733413
31755,9.409252
31756,2.5708475
31757,3.1938534
31758,7.84968
31759,16.345667
31760,4.0804706
31761,7.2600293
31762,15.403459
31763,23.159576
31764,23.325073
31765,-2.4383574
31766,14.584892
31767,29.466677
31768,27.933716
31769,-4.2204127
31770,-4.396248
31771,20.787058
31772,20.245993
31773,10.305854
31774,-3.0265424
31775,2.3418932
31776,-4.2444277
31777,-8.343066
31778,-5.1515927
31779,-6.193165
31780,12.709134
31781,17.807331
31782,9.72177
31783,22.098791
31784,24.719128
31785,21.27529
31786,39.222454
31787,48.397755
31788,46.77462
31789,77.214424
31790,73.188965
31791,94.66741
31792,88.888115
31793,95.20861
31794,59.70979
31795,76.74007
31796,80.4021
31797,92.22955
31798,96.10702
31799,96.56673
31800,82.362206
31801,84.746445
31802,45.27423
31803,76.0223
31804,66.715675
31805,63.82776
31806,56.812767
31807,72.66976
31808,68.02681
31809,79.59769
31810,78.40583
31811,69.69388
31812,64.105576
31813,55.538635
31814,27.563875
31815,16.765553
31816,23.085379
31817,39.009506
31818,47.38755
31819,40.84716
31820,45.286945
31821,22.335033
31822,50.621075
31823,34.195026
31824,0.030417562
31825,8.783932
31826,5.926168
31827,7.335554
31828,-5.982194
31829,-2.923716
31830,-1.5223681
31831,-1.6545572
31832,-1.6560813
31833,-1.7407016
31834,-1.80568
31835,-1.5114748
31836,-1.2746212
31837,-1.1466748
31838,-0.9320244
31839,-0.9608201
31840,-0.9608201
31841,-0.9489933
31842,-0.9489933
31843,-0.96309197
31844,-0.9627887
31845,-1.0096147
31846,-1.0045342
31847,-0.95189404
31848,-0.95189404
31849,-0.9480786
31850,-0.9749889
31851,-0.94838184
31852,-0.94838184
31853,-0.92275244
31854,-1.8922484
31855,-0.97738093
31856,-1.6247914
31857,-0.99781257
31858,-1.3015695
31859,24.236885
31860,24.877289
31861,13.619498
31862,-0.93519765
31863,-1.0950433
31864,-1.0045211
31865,-2.2430718
31866,28.280817
31867,-2.242135
31868,-0.98414195
31869,48.422466
31870,44.11139
31871,12.75536
31872,-1.4670134
31873,-5.423124
31874,-1.9901844
31875,-0.8777014
31876,-0.82086337
31877,-0.8788729
31878,17.492863
31879,12.401771
31880,-1.4255558
31881,-0.8495028
31882,-0.8140545
31883,-0.8142946
31884,-0.90341663
31885,-0.8533511
31886,7.9959526
31887,38.795486
31888,170.27298
31889,24.66437
31890,-1.9569057
31891,-0.8227221
31892,-0.88370657
31893,-1.5258875
31894,5.7239914
31895,-0.86342204
31896,-0.72987986
31897,-0.8260095
31898,-0.76837444
31899,-1.4915714
31900,49.251617
31901,31.950483
31902,-0.96211624
31903,-0.8373537
31904,-0.89536333
31905,20.06749
31906,50.431633
31907,89.53066
31908,124.54286
31909,107.16103
31910,100.88106
31911,109.733055
31912,145.38985
31913,119.3685
31914,153.01514
31915,187.16177
31916,164.74263
31917,168.94969
31918,199.87257
31919,171.79205
31920,152.16512
31921,163.71669
31922,200.9475
31923,201.49017
31924,201.78949
31925,147.03886
31926,178.51985
31927,162.79239
31928,194.5204
31929,201.35289
31930,159.12775
31931,146.9294
31932,134.30142
31933,151.92859
31934,176.11899
31935,171.73012
31936,198.42615
31937,231.83057
31938,204.68819
31939,209.99295
31940,217.1795
31941,210.32164
31942,205.80711
31943,197.63983
31944,208.55392
31945,206.61528
31946,332.67264
31947,425.67047
31948,372.04404
31949,291.2023
31950,211.59537
31951,160.66681
31952,104.0998
31953,154.06995
31954,165.1589
31955,214.18228
31956,182.30122
31957,101.7407
31958,78.90809
31959,167.03555
31960,215.75827
31961,290.93448
31962,405.31485
31963,552.92236
31964,457.02557
31965,463.76688
31966,215.02333
31967,243.48244
31968,277.84436
31969,254.69637
31970,444.8727
31971,626.15814
31972,641.9408
31973,534.60913
31974,562.81573
31975,481.3815
31976,562.2732
31977,532.5866
31978,438.45844
31979,379.59818
31980,243.40063
31981,281.3326
31982,358.23227
31983,223.437
31984,218.58296
31985,318.6039
31986,300.04584
31987,256.05334
31988,351.28732
31989,351.97726
31990,752.2371
31991,1264.7346
31992,1876.4469
31993,1503.8524
31994,901.0472
31995,401.81805
31996,243.62874
31997,325.12012
31998,190.31299
31999,36.269802
32000,124.95966
32001,316.84073
32002,387.7158
32003,517.6268
32004,515.3783
32005,472.33942
32006,569.00946
32007,575.6263
32008,416.11926
32009,500.9242
32010,490.52017
32011,616.4333
32012,717.73694
32013,852.70605
32014,903.4143
32015,901.9795
32016,1023.9955
32017,1027.6538
32018,631.1839
32019,500.51758
32020,445.76996
32021,478.08185
32022,410.21872
32023,365.96643
32024,191.5335
32025,124.583885
32026,72.400665
32027,181.89873
32028,252.9706
32029,294.34903
32030,235.90895
32031,272.14957
32032,104.25565
32033,38.125763
32034,163.45018
32035,430.34085
32036,427.6251
32037,559.1318
32038,550.82025
32039,484.41818
32040,517.81305
32041,536.0525
32042,523.1575
32043,392.63513
32044,417.72925
32045,624.7738
32046,616.56226
32047,725.2632
32048,340.6603
32049,315.50705
32050,385.2978
32051,549.31146
32052,639.35614
32053,497.03946
32054,609.9202
32055,628.7116
32056,392.70456
32057,342.35544
32058,295.15274
32059,453.9921
32060,369.29233
32061,137.82518
32062,95.00974
32063,35.10756
32064,7.6507144
32065,4.2357936
32066,-2.4218466
32067,8.979217
32068,-3.0055802
32069,-1.0149119
32070,-1.0163506
32071,-2.0312626
32072,418.66937
32073,310.40808
32074,105.64637
32075,-1.4914911
32076,-1.2831898
32077,-1.5162009
32078,58.24427
32079,0.0872045
32080,-2.4170263
32081,-3.3102896
32082,-0.8592339
32083,-0.6534358
32084,21.958115
32085,-2.0313368
32086,-0.6213094
32087,-0.63571787
32088,-0.71901417
32089,-0.73537403
32090,-0.6477891
32091,-1.4358652
32092,-1.0878019
32093,-0.8180184
32094,-1.0710183
32095,-0.8273862
32096,-0.8273862
32097,-0.91124266
32098,-0.8621867
32099,-0.8621867
32100,-0.86248994
32101,-0.85676426
32102,-0.85676426
32103,-0.852935
32104,-0.9082955
32105,-0.82787883
32106,-0.82787883
32107,-0.799562
32108,-0.88608164
32109,-0.85507333
32110,-0.799562
32111,-0.9066046
32112,-1.0065404
32113,-0.8675551
32114,-0.9360541
32115,-0.965726
32116,-0.90607023
32117,-0.9432508
32118,-0.9432508
32119,8.044236
32120,36.973026
32121,3.2505198
32122,-1.5539906
32123,-0.8514863
32124,-0.82153475
32125,-0.9757245
32126,-0.94288224
32127,-0.8887006
32128,-0.93592453
32129,-0.90245986
32130,-0.91955477
32131,-0.952017
32132,-0.8664052
32133,-0.85423815
32134,-0.85423815
32135,-0.88901687
32136,-0.8664052
32137,-0.881369
32138,-0.881369
32139,-0.94005877
32140,-1.0397884
32141,-1.00097
32142,-0.94005877
32143,-0.9383789
32144,-0.9417314
32145,-0.88794035
32146,-0.9748766
32147,-1.0375082
32148,-1.0302658
32149,-0.91055363
32150,-0.9140362
32151,-0.89389926
32152,-1.6183066
32153,-0.99350196
32154,-0.95145315
32155,-1.0047959
32156,-0.8433073
32157,-0.92136973
32158,-1.0292827
32159,-0.86238116
32160,-0.9299733
32161,-1.0482633
32162,-0.9672305
32163,-0.92388576
32164,-1.690597
32165,-1.0188317
32166,-0.9202828
32167,-0.9312592
32168,-0.9485565
32169,-0.9715826
32170,-0.9043153
32171,-0.9043153
32172,-0.9507292
32173,-0.9507292
32174,-0.9631174
32175,-1.0011271
32176,-1.0338119
32177,-1.0338119
32178,-1.0326811
32179,-1.0326811
32180,-1.0326811
32181,-1.0105752
32182,-1.8828864
32183,-1.0059872
32184,-1.0146396
32185,-1.6178269
32186,-0.99617225
32187,-1.0381407
32188,-1.057897
32189,-0.86098707
32190,-1.0681099
32191,10.031938
32192,26.69625
32193,6.769482
32194,13.284888
32195,24.292429
32196,29.432978
32197,41.610394
32198,38.339027
32199,82.47835
32200,190.4018
32201,264.3464
32202,251.07083
32203,226.69676
32204,253.15294
32205,273.03873
32206,266.80194
32207,398.33423
32208,571.3166
32209,510.68503
32210,412.24768
32211,339.47623
32212,319.22165
32213,349.1233
32214,254.32141
32215,324.42468
32216,360.44855
32217,455.9564
32218,445.016
32219,309.21094
32220,95.85215
32221,273.59027
32222,174.30794
32223,169.23338
32224,271.46576
32225,266.3008
32226,300.65985
32227,364.02948
32228,317.48703
32229,256.87967
32230,257.4089
32231,331.16885
32232,244.82088
32233,198.0347
32234,285.80682
32235,381.99908
32236,496.0881
32237,511.02905
32238,259.87912
32239,354.86224
32240,293.24637
32241,361.82236
32242,755.6075
32243,683.73035
32244,532.3149
32245,839.4208
32246,811.8584
32247,571.0996
32248,504.40067
32249,772.7408
32250,789.48676
32251,734.4606
32252,385.02356
32253,550.7487
32254,521.2167
32255,314.25516
32256,508.00153
32257,659.1261
32258,343.42233
32259,489.44595
32260,232.17319
32261,390.67593
32262,505.8096
32263,655.55597
32264,388.93817
32265,248.00865
32266,329.94666
32267,364.3231
32268,351.1556
32269,617.33636
32270,361.0417
32271,359.0707
32272,498.97516
32273,376.08276
32274,524.94934
32275,472.29486
32276,466.25275
32277,329.0587
32278,240.38167
32279,203.1341
32280,65.71401
32281,44.073547
32282,55.539387
32283,124.63559
32284,124.361275
32285,360.40924
32286,283.8645
32287,244.9351
32288,208.94193
32289,267.50928
32290,157.07556
32291,156.9771
32292,188.34482
32293,128.03334
32294,163.9781
32295,199.26569
32296,274.66425
32297,355.6626
32298,275.69952
32299,235.04936
32300,211.90025
32301,327.00192
32302,277.0037
32303,328.58542
32304,206.18095
32305,183.73988
32306,211.36876
32307,199.71663
32308,159.79039
32309,195.5958
32310,247.08989
32311,272.7717
32312,251.4942
32313,371.64005
32314,387.1496
32315,381.59842
32316,416.47025
32317,468.22943
32318,389.76035
32319,353.0696
32320,318.1807
32321,290.59595
32322,277.426
32323,348.98087
32324,316.5925
32325,275.28076
32326,248.8563
32327,244.27664
32328,239.62263
32329,316.1532
32330,300.08902
32331,410.42123
32332,417.18506
32333,378.94742
32334,389.41846
32335,328.4731
32336,301.1926
32337,382.52856
32338,434.52634
32339,493.4421
32340,544.95966
32341,777.3231
32342,718.8194
32343,578.6903
32344,453.88196
32345,525.3762
32346,574.4949
32347,528.6644
32348,445.03693
32349,426.2653
32350,405.61017
32351,335.3712
32352,438.07248
32353,688.25287
32354,668.8566
32355,556.3869
32356,589.5342
32357,432.1273
32358,298.44357
32359,177.58913
32360,134.04286
32361,237.099
32362,158.76857
32363,191.08134
32364,274.81784
32365,314.18777
32366,281.8413
32367,272.11783
32368,260.11783
32369,317.824
32370,292.95596
32371,408.84845
32372,298.39807
32373,306.43265
32374,366.16562
32375,386.38495
32376,334.73734
32377,453.13342
32378,243.55957
32379,279.8944
32380,282.2384
32381,438.99234
32382,632.20776
32383,346.03653
32384,496.7426
32385,766.5429
32386,638.35565
32387,462.0351
32388,755.2439
32389,933.64087
32390,850.05054
32391,686.8256
32392,865.9152
32393,1086.6108
32394,673.45276
32395,1047.8939
32396,1307.2758
32397,1398.7477
32398,1570.856
32399,887.2733
32400,648.57806
32401,1021.96985
32402,745.24225
32403,582.8483
32404,588.03
32405,573.57935
32406,634.4014
32407,740.0359
32408,669.9229
32409,548.1802
32410,417.35696
32411,374.9824
32412,280.40442
32413,236.74236
32414,143.42355
32415,201.91283
32416,405.14597
32417,342.88638
32418,305.28238
32419,432.8868
32420,192.70789
32421,272.80423
32422,323.84387
32423,300.87592
32424,262.5281
32425,384.54736
32426,422.97037
32427,357.8671
32428,390.55576
32429,673.11597
32430,750.6562
32431,511.51685
32432,515.38666
32433,400.79422
32434,256.88187
32435,250.3862
32436,291.8161
32437,417.5149
32438,342.59952
32439,315.89886
32440,394.75195
32441,477.28125
32442,324.44638
32443,232.17024
32444,324.6805
32445,349.32953
32446,331.40588
32447,424.26532
32448,437.13358
32449,380.053
32450,454.9036
32451,382.85007
32452,378.6536
32453,456.2746
32454,350.14136
32455,405.9705
32456,419.19247
32457,489.16937
32458,441.77258
32459,336.18954
32460,321.88828
32461,447.87906
32462,433.88074
32463,362.11142
32464,170.85829
32465,73.98517
32466,84.895
32467,89.52929
32468,208.56595
32469,145.89726
32470,15.317471
32471,-4.3271923
32472,9.495578
32473,-2.0444992
32474,4.4200363
32475,15.03202
32476,15.541244
32477,83.12499
32478,102.57956
32479,108.274
32480,160.4926
32481,141.01881
32482,145.57649
32483,103.85958
32484,99.55051
32485,94.76647
32486,111.04649
32487,179.02362
32488,146.90958
32489,199.25935
32490,147.56686
32491,132.9753
32492,292.6078
32493,127.02275
32494,293.44308
32495,214.52528
32496,129.9489
32497,124.875595
32498,34.472588
32499,146.57344
32500,95.23981
32501,68.26985
32502,103.899635
32503,102.00901
32504,125.03404
32505,223.6097
32506,132.81099
32507,146.23543
32508,141.72069
32509,44.99139
32510,45.012074
32511,62.6227
32512,128.18086
32513,84.596596
32514,28.354254
32515,57.37272
32516,264.62244
32517,181.08586
32518,65.38457
32519,216.52208
32520,221.79012
32521,263.4334
32522,296.6712
32523,193.7661
32524,294.57422
32525,256.25467
32526,338.99457
32527,102.40284
32528,259.74713
32529,393.4976
32530,440.2812
32531,595.42755
32532,291.15155
32533,251.76794
32534,195.62134
32535,152.91681
32536,236.22781
32537,316.5139
32538,445.07755
32539,519.8067
32540,472.87888
32541,542.4859
32542,420.25574
32543,453.72696
32544,204.1175
32545,302.82016
32546,150.62984
32547,329.9088
32548,410.13654
32549,356.86285
32550,601.2748
32551,440.40033
32552,269.7886
32553,150.9925
32554,296.12643
32555,65.13999
32556,254.44804
32557,191.41261
32558,321.9786
32559,327.15778
32560,415.05753
32561,244.75635
32562,152.93224
32563,183.8822
32564,413.1138
32565,348.78705
32566,475.4012
32567,121.33356
32568,63.157864
32569,343.15427
32570,114.9715
32571,198.85446
32572,253.43144
32573,188.8061
32574,160.87439
32575,132.7683
32576,162.90152
32577,239.26692
32578,130.11417
32579,128.89548
32580,142.21327
32581,128.26367
32582,160.59906
32583,313.4949
32584,399.85
32585,387.5925
32586,492.03384
32587,335.97525
32588,280.79282
32589,262.4147
32590,226.18883
32591,225.25471
32592,218.11331
32593,186.17555
32594,189.97859
32595,226.03352
32596,215.69481
32597,185.50166
32598,204.02289
32599,152.43176
32600,95.7763
32601,83.30663
32602,22.305874
32603,-3.4532547
32604,-1.3064528
32605,-1.3630915
32606,-1.4099483
32607,-1.3623344
32608,-2.7853298
32609,-2.2675
32610,-2.2628222
32611,5.2908177
32612,-8.270578
32613,-4.3531847
32614,-0.9451451
32615,-0.93926436
32616,-0.934184
32617,-0.85403377
32618,100.908455
32619,272.61157
32620,175.14499
32621,351.20825
32622,344.83002
32623,400.3634
32624,279.20206
32625,203.56206
32626,287.59418
32627,186.6661
32628,74.67316
32629,95.517006
32630,55.828175
32631,17.547503
32632,37.74065
32633,7.3732243
32634,-7.9632583
32635,-5.2204843
32636,-2.917883
32637,-1.587973
32638,-0.99635947
32639,-0.8365037
32640,-0.9186141
32641,-0.8988261
32642,-0.7917139
32643,-0.8056858
32644,-0.8181315
32645,-0.8711653
32646,-0.8791402
32647,-0.88317984
32648,-0.77482265
32649,57.94659
32650,75.748634
32651,101.875244
32652,87.55465
32653,72.37978
32654,40.459827
32655,14.541713
32656,18.393034
32657,3.4203389
32658,28.161638
32659,3.3305101
32660,53.667698
32661,44.483868
32662,15.727987
32663,3.1973615
32664,-1.6038322
32665,11.877458
32666,53.39721
32667,15.792519
32668,48.29603
32669,102.78337
32670,78.29229
32671,49.823303
32672,59.94256
32673,127.11752
32674,72.48626
32675,58.63734
32676,74.91185
32677,64.09171
32678,95.514984
32679,3.5378327
32680,144.13063
32681,156.13202
32682,143.97635
32683,96.44154
32684,102.82214
32685,174.53252
32686,188.54239
32687,186.93683
32688,160.80664
32689,240.79652
32690,171.74106
32691,50.49587
32692,96.35608
32693,120.182465
32694,63.92443
32695,34.0522
32696,5.6916213
32697,82.05411
32698,63.619976
32699,90.19439
32700,11.852449
32701,102.30253
32702,84.24897
32703,131.00362
32704,161.6897
32705,217.58795
32706,130.93011
32707,80.17083
32708,128.23093
32709,140.56029
32710,123.14062
32711,62.600357
32712,118.63124
32713,26.76386
32714,-2.1305034
32715,0.6713827
32716,14.827823
32717,-1.667731
32718,-1.205224
32719,-1.1475035
32720,-1.0558311
32721,50.304264
32722,32.76168
32723,-1.915307
32724,-0.68970156
32725,-0.6753701
32726,-0.6836332
32727,-0.78556657
32728,-0.8015485
32729,-1.3259825
32730,-0.84526896
32731,19.090208
32732,13.295061
32733,34.713524
32734,37.187187
32735,16.244438
32736,6.435544
32737,17.044767
32738,4.5042467
32739,-2.9568865
32740,-1.5042697
32741,-1.4160924
32742,-1.213101
32743,-1.0436711
32744,-1.0082114
32745,-0.8452595
32746,-0.8040728
32747,-0.7931606
32748,-0.7931606
32749,-0.7931606
32750,-0.81018716
32751,-0.81018716
32752,-0.8207735
32753,-0.81042606
32754,-0.8207735
32755,-0.8207735
32756,-0.8207735
32757,-0.8193348
32758,-0.8206958
32759,-0.8206958
32760,-0.8087957
32761,-0.8206958
32762,-0.9348476
32763,-0.9348476
32764,-0.95139194
32765,-0.9637303
32766,-0.9637303
32767,-0.9637303
32768,-0.9637303
32769,-0.9637303
32770,-0.90653074
32771,-0.90653074
32772,-0.9188691
32773,-0.90653074
32774,-0.90653074
32775,-0.90824753
32776,-0.90824753
32777,-0.90824753
32778,-0.90824753
32779,-0.90824753
32780,-0.90824753
32781,-0.90824753
32782,-0.9139516
32783,-0.9139516
32784,-0.9139516
32785,-0.9139516
32786,-0.92229104
32787,-0.92229104
32788,-0.94300467
32789,-0.94300467
32790,-1.0067321
32791,-1.0067321
32792,-0.95865065
32793,-0.98660934
32794,-1.0392417
32795,-0.9781316
32796,-0.9872849
32797,-1.0475812
32798,-1.6705
32799,-1.0235505
32800,-1.1186647
32801,-1.0227884
32802,-1.0450971
32803,-1.0046687
32804,-1.025676
32805,-0.9647642
32806,-0.98026055
32807,-0.9755606
32808,-0.9725428
32809,-0.9321787
32810,-0.996473
32811,-0.9136308
32812,-0.92833894
32813,-1.0363365
32814,-0.99688137
32815,-0.9792603
32816,-1.0928793
32817,-1.7153221
32818,-1.0721325
32819,-1.0873522
32820,-1.0295902
32821,-0.9773885
32822,-1.2534499
32823,-1.9914805
32824,-1.2793325
32825,-1.2903978
32826,-1.0560768
32827,16.42486
32828,0.89046365
32829,-4.0565276
32830,-1.3384092
32831,-1.3384092
32832,-1.3471758
32833,-1.2510316
32834,-1.2594059
32835,-1.2913715
32836,-1.2634062
32837,-1.2468003
32838,-1.2468003
32839,-1.2361788
32840,-1.3582673
32841,-1.2928962
32842,-1.2831036
32843,-1.1964082
32844,-1.2166454
32845,-1.2166454
32846,-1.9507207
32847,-1.2109145
32848,-1.2322123
32849,-1.0926642
32850,-1.1195395
32851,-1.0926642
32852,-1.1350365
32853,-1.1350365
32854,-1.1350365
32855,-1.1683213
32856,-1.1081614
32857,-1.1350365
32858,-1.1350365
32859,-1.0787146
32860,-1.0787146
32861,-1.0787146
32862,-1.0787146
32863,-1.0787146
32864,-1.0787146
32865,-1.1267017
32866,-1.1591057
32867,-1.1591057
32868,-1.1591057
32869,-1.1591057
32870,-1.1591057
32871,-1.2208251
32872,-1.2053283
32873,-1.2053283
32874,-1.2053283
32875,-1.2053283
32876,-1.2469525
32877,-1.209849
32878,-1.201521
32879,-1.201521
32880,-1.9444714
32881,-1.2417098
32882,-1.0970619
32883,-1.1529009
32884,-1.1339643
32885,-1.1057729
32886,-1.0945659
32887,-1.0945659
32888,-1.0725362
32889,-1.0734804
32890,-1.0616167
32891,-1.0616167
32892,-1.09551
32893,-1.0903066
32894,-1.0914781
32895,-1.1116629
32896,-1.0822493
32897,-1.0771691
32898,-1.0392616
32899,-1.040433
32900,-1.090085
32901,-1.0366268
32902,-2.1803262
32903,-1.4092171
32904,-1.5469643
32905,-1.6914179
32906,5.714192
32907,-1.0223113
32908,-1.0028607
32909,-1.2226908
32910,-1.1847128
32911,-1.0609257
32912,-1.084588
32913,-1.1184833
32914,-1.0026222
32915,-1.1341728
32916,-1.1330013
32917,17.970621
32918,-1.7939566
32919,-1.0023715
32920,-1.0105768
32921,-1.7560569
32922,-1.1114496
32923,-1.1488312
32924,-1.1669898
32925,7.8463926
32926,33.596012
32927,25.372286
32928,40.975517
32929,85.13593
32930,59.01694
32931,75.06067
32932,135.06366
32933,171.58885
32934,168.97571
32935,170.05614
32936,164.47675
32937,147.48651
32938,237.09555
32939,267.72076
32940,201.09796
32941,184.41753
32942,169.76234
32943,176.37154
32944,198.78656
32945,197.5171
32946,198.716
32947,219.88281
32948,248.64836
32949,292.96054
32950,289.29736
32951,324.5968
32952,235.77406
32953,188.68864
32954,226.6432
32955,105.57423
32956,139.22275
32957,205.65614
32958,136.21703
32959,113.69375
32960,96.06346
32961,72.953575
32962,55.253277
32963,64.46284
32964,86.71017
32965,72.97045
32966,51.392994
32967,32.646923
32968,23.876017
32969,52.961197
32970,73.86529
32971,57.924675
32972,58.607334
32973,48.820103
32974,35.258858
32975,23.055464
32976,5.875249
32977,8.981966
32978,4.8219543
32979,15.146522
32980,19.243994
32981,20.38921
32982,34.88933
32983,41.290085
32984,43.393288
32985,35.09308
32986,13.074306
32987,-5.1605673
32988,1.9909286
32989,5.428907
32990,9.154213
32991,9.702361
32992,13.385451
32993,19.873419
32994,16.87833
32995,26.150309
32996,28.100004
32997,34.20881
32998,39.818005
32999,48.06542
33000,40.320484
33001,39.67713
33002,38.990555
33003,65.90326
33004,67.28548
33005,79.3405
33006,146.29678
33007,188.15125
33008,208.09846
33009,320.96182
33010,340.82733
33011,77.73764
33012,-1.5325191
33013,32.049477
33014,-3.353374
33015,-0.8224103
33016,-0.77836275
33017,-0.7790056
33018,-0.7790056
33019,-0.7790056
33020,-0.8816382
33021,-1.5614448
33022,-0.9323343
33023,-0.9323343
33024,-0.7908424
33025,-0.91382265
33026,-0.873211
33027,-0.82367015
33028,-0.9426744
33029,-0.9018638
33030,-0.8018155
33031,-0.8531376
33032,-0.95176864
33033,-0.95921266
33034,-0.94748795
33035,-1.6384552
33036,-0.9938067
33037,-1.0038054
33038,-1.6034741
33039,-1.0591648
33040,28.090927
33041,28.975986
33042,65.86978
33043,8.075642
33044,-1.6138172
33045,28.753344
33046,42.9754
33047,28.875994
33048,-1.4895908
33049,80.414764
33050,-1.8207536
33051,-0.9332713
33052,-0.96900487
33053,-1.6761357
33054,15.595378
33055,36.70745
33056,21.666185
33057,2.3991554
33058,-1.7708676
33059,-2.094411
33060,-2.0990367
33061,-1.6380672
33062,36.407585
33063,105.19711
33064,90.43301
33065,114.87999
33066,268.71982
33067,319.05264
33068,407.92685
33069,343.09537
33070,322.50168
33071,325.9694
33072,269.65524
33073,203.49812
33074,305.97073
33075,455.89713
33076,415.53787
33077,514.2447
33078,339.02936
33079,383.62112
33080,362.52853
33081,350.94275
33082,345.95523
33083,446.8294
33084,331.24124
33085,307.84534
33086,300.7797
33087,348.56406
33088,358.9084
33089,369.01224
33090,341.46527
33091,471.454
33092,395.83032
33093,420.9503
33094,347.05658
33095,314.52322
33096,318.06866
33097,395.80664
33098,458.6184
33099,440.99152
33100,380.415
33101,330.9593
33102,278.04575
33103,273.59778
33104,262.68036
33105,295.9089
33106,273.06335
33107,279.72208
33108,322.9005
33109,283.30478
33110,225.5329
33111,191.55907
33112,228.56073
33113,149.85074
33114,151.65182
33115,159.33873
33116,83.778755
33117,63.39631
33118,55.038967
33119,60.46259
33120,38.871407
33121,25.030155
33122,5.767077
33123,39.78398
33124,46.025917
33125,128.57573
33126,118.33965
33127,70.369675
33128,19.164385
33129,12.497675
33130,18.550714
33131,-2.107578
33132,-2.1075432
33133,-1.690422
33134,-1.7280335
33135,-1.6485695
33136,-1.5239949
33137,-1.1246142
33138,-1.0425717
33139,-1.010101
33140,-1.0499514
33141,-0.89760363
33142,-0.8970043
33143,-0.9850086
33144,-0.9995264
33145,-0.9850086
33146,-0.9692116
33147,-0.9366794
33148,-0.9533916
33149,-1.0248405
33150,-1.0236999
33151,-1.0633065
33152,-0.8679281
33153,-0.92353016
33154,-0.9827171
33155,-0.9827171
33156,-0.9827171
33157,-0.9827171
33158,-0.9827171
33159,-0.95196146
33160,-0.95196146
33161,-0.95196146
33162,-1.0295854
33163,-0.9952119
33164,-0.9076619
33165,-0.8666535
33166,-0.84404176
33167,-0.8206423
33168,-0.8206423
33169,-0.84404176
33170,-0.7843862
33171,-0.7834421
33172,-0.8487465
33173,-0.8487465
33174,-0.8487465
33175,-0.8487465
33176,-0.8407058
33177,-0.8707761
33178,-0.89093024
33179,-0.92155904
33180,-1.0192732
33181,-0.92239976
33182,-0.9167286
33183,-0.8632226
33184,-0.8620511
33185,-0.8632226
33186,-0.8632226
33187,-0.97235
33188,-0.90192795
33189,-0.86116695
33190,-0.8977456
33191,-2.2021794
33192,-0.98549736
33193,-0.9363121
33194,-0.95239556
33195,-0.86328256
33196,-0.9450531
33197,-1.7026716
33198,-0.97681487
33199,-0.9599031
33200,-0.8876138
33201,-1.0180793
33202,-1.057204
33203,-1.134761
33204,-0.9584788
33205,15.267758
33206,16.178667
33207,110.35655
33208,98.33627
33209,92.56597
33210,105.062256
33211,115.69616
33212,88.252945
33213,222.6268
33214,202.55774
33215,174.82515
33216,185.82846
33217,186.77068
33218,191.36241
33219,209.80179
33220,281.9572
33221,236.50427
33222,309.7425
33223,194.59293
33224,178.6657
33225,141.19455
33226,149.63927
33227,149.60403
33228,177.69919
33229,201.44316
33230,218.8429
33231,218.02977
33232,162.08061
33233,237.25313
33234,243.20644
33235,233.2309
33236,219.03374
33237,254.4095
33238,259.31674
33239,228.26692
33240,207.5109
33241,158.47862
33242,136.1248
33243,123.00877
33244,107.14697
33245,109.140015
33246,119.21707
33247,156.42664
33248,134.54646
33249,145.90189
33250,105.97328
33251,87.291756
33252,48.9586
33253,38.292103
33254,31.559492
33255,50.35758
33256,42.647797
33257,67.85262
33258,92.28213
33259,95.35873
33260,123.49901
33261,99.71592
33262,90.64351
33263,78.47655
33264,94.31359
33265,89.13904
33266,79.57837
33267,91.452225
33268,91.84316
33269,68.498116
33270,67.38026
33271,61.77635
33272,64.72365
33273,54.28654
33274,29.224821
33275,32.798096
33276,36.53043
33277,40.01388
33278,39.740074
33279,43.48068
33280,49.64385
33281,58.369495
33282,48.540417
33283,18.824732
33284,68.72758
33285,92.8608
33286,93.231155
33287,99.42123
33288,67.1938
33289,71.04264
33290,75.13343
33291,165.0045
33292,160.36665
33293,128.22818
33294,144.39001
33295,102.401
33296,81.599785
33297,23.707077
33298,36.73698
33299,16.121794
33300,-1.4280208
33301,-1.2606663
33302,-2.0043273
33303,-1.2700655
33304,-1.246248
33305,-1.3414537
33306,48.93521
33307,82.50429
33308,72.13782
33309,39.400738
33310,58.29419
33311,54.001865
33312,29.905867
33313,96.42791
33314,165.01938
33315,138.88593
33316,148.97209
33317,142.20395
33318,67.22611
33319,139.15031
33320,96.187195
33321,104.70981
33322,171.78223
33323,88.568985
33324,20.869183
33325,-1.4453201
33326,5.5476985
33327,12.729795
33328,6.788904
33329,14.630481
33330,15.606878
33331,6.1636515
33332,0.73238623
33333,2.328405
33334,-0.9280546
33335,-1.0588335
33336,-0.9722514
33337,-0.88355756
33338,-1.672337
33339,-1.0724187
33340,-1.0724187
33341,-1.0724187
33342,-1.0383005
33343,-1.0044233
33344,-1.0478314
33345,-1.0295793
33346,-1.0041643
33347,-1.0460719
33348,-0.96888494
33349,-0.9593624
33350,-0.93166757
33351,-0.8578938
33352,-0.8515065
33353,-0.8050717
33354,-0.75788105
33355,-0.8254783
33356,-0.7794229
33357,-0.80049217
33358,-0.8535917
33359,-0.85537064
33360,-0.92477953
33361,-0.9965339
33362,-1.037172
33363,-0.92404187
33364,-1.0655843
33365,31.225227
33366,62.566708
33367,70.25121
33368,42.375072
33369,37.791206
33370,67.33027
33371,131.7785
33372,113.83472
33373,110.26218
33374,122.23666
33375,135.46162
33376,130.47014
33377,97.737045
33378,151.15794
33379,159.07986
33380,136.99236
33381,219.10327
33382,186.40575
33383,119.227715
33384,123.0324
33385,112.09999
33386,123.17461
33387,147.0949
33388,114.505844
33389,164.83318
33390,245.57617
33391,327.76102
33392,179.02063
33393,117.67444
33394,125.322105
33395,98.81699
33396,187.89413
33397,230.65318
33398,214.01683
33399,254.61626
33400,414.48605
33401,337.29578
33402,314.1676
33403,326.54764
33404,254.99765
33405,349.2368
33406,570.22424
33407,545.33356
33408,510.6041
33409,454.20786
33410,435.2455
33411,459.24945
33412,516.89777
33413,501.4048
33414,435.83508
33415,382.54272
33416,406.7445
33417,334.113
33418,335.73755
33419,346.73645
33420,427.75253
33421,341.57343
33422,290.2989
33423,261.06216
33424,214.22093
33425,225.53479
33426,267.4006
33427,183.54279
33428,70.31182
33429,97.94089
33430,76.39354
33431,57.235294
33432,38.563396
33433,11.177041
33434,11.246196
33435,1.1359007
33436,-1.3399285
33437,-1.0718697
33438,-1.123345
33439,-1.2274342
33440,-1.0996785
33441,-1.0258832
33442,27.332064
33443,36.82976
33444,159.2705
33445,134.36641
33446,208.4411
33447,176.09993
33448,159.51959
33449,64.81247
33450,46.1025
33451,104.21901
33452,105.37424
33453,48.3569
33454,51.97291
33455,65.48324
33456,10.760894
33457,55.777668
33458,120.4601
33459,83.729416
33460,60.81574
33461,105.81855
33462,1.1781745
33463,158.18901
33464,219.18091
33465,163.92903
33466,87.560135
33467,221.60742
33468,63.201965
33469,77.081696
33470,69.560715
33471,143.7255
33472,8.630783
33473,24.407505
33474,67.59349
33475,42.911823
33476,118.50047
33477,110.55882
33478,186.32603
33479,149.24019
33480,136.69115
33481,147.27605
33482,140.43185
33483,64.79673
33484,72.56262
33485,84.84146
33486,102.02441
33487,68.93256
33488,100.653114
33489,70.70511
33490,17.066158
33491,52.20083
33492,45.517
33493,24.61801
33494,-2.9998746
33495,7.155475
33496,1.0654964
33497,-1.3675909
33498,-1.8658452
33499,-1.3899071
33500,-1.4405764
33501,-1.4926175
33502,-1.440513
33503,-1.5665852
33504,42.628677
33505,65.03635
33506,123.32053
33507,106.836815
33508,82.05602
33509,78.889336
33510,107.74482
33511,33.644466
33512,47.03559
33513,29.028664
33514,25.149748
33515,14.788477
33516,44.136955
33517,140.02748
33518,183.36427
33519,224.79428
33520,173.12611
33521,206.60007
33522,183.15714
33523,184.94795
33524,193.19875
33525,254.7974
33526,212.43271
33527,219.63905
33528,213.1324
33529,240.25931
33530,207.26715
33531,116.75955
33532,111.899376
33533,90.8359
33534,128.58075
33535,117.378395
33536,61.152107
33537,40.2406
33538,42.37278
33539,55.598614
33540,69.719795
33541,76.76398
33542,51.55288
33543,55.235413
33544,69.37377
33545,60.949398
33546,81.58231
33547,49.350002
33548,48.38891
33549,46.3436
33550,36.446148
33551,29.49803
33552,39.915684
33553,35.39127
33554,48.160263
33555,71.4494
33556,51.462994
33557,65.03576
33558,52.78682
33559,46.426777
33560,37.74524
33561,16.503756
33562,15.249586
33563,14.298696
33564,6.686976
33565,33.641193
33566,30.444046
33567,15.326664
33568,9.78704
33569,19.345987
33570,68.90606
33571,96.26016
33572,118.52117
33573,84.87718
33574,65.63597
33575,48.50985
33576,19.655243
33577,12.5867405
33578,-1.333814
33579,-0.88780653
33580,-0.7914906
33581,-0.912102
33582,-0.87230206
33583,-1.53954
33584,-1.5480899
33585,-0.9118902
33586,-0.9176534
33587,-0.8107102
33588,-0.8287779
33589,-0.92847085
33590,30.54904
33591,87.377556
33592,113.22437
33593,145.8302
33594,4.9197345
33595,-1.015501
33596,-0.83055973
33597,-1.9091986
33598,-1.6608777
33599,-0.9130603
33600,-0.9347547
33601,-1.7117636
33602,-1.0726832
33603,-1.1323303
33604,-1.7155463
33605,7.531062
33606,9.108501
33607,21.672981
33608,52.62615
33609,24.745968
33610,30.320547
33611,56.506084
33612,74.79306
33613,58.323036
33614,90.25307
33615,49.35773
33616,16.17677
33617,40.653347
33618,12.38736
33619,16.97845
33620,41.720413
33621,33.5598
33622,23.525003
33623,9.935244
33624,27.94556
33625,47.580353
33626,44.5435
33627,76.58194
33628,77.14894
33629,78.58159
33630,108.46678
33631,98.609955
33632,124.310356
33633,120.42927
33634,98.03778
33635,96.9544
33636,77.00265
33637,82.93549
33638,81.332634
33639,83.19427
33640,79.95042
33641,59.139973
33642,75.63273
33643,73.19151
33644,65.86895
33645,58.84683
33646,61.740463
33647,70.136604
33648,84.37101
33649,99.219894
33650,79.84404
33651,86.86363
33652,88.99651
33653,87.58881
33654,42.05593
33655,16.16114
33656,15.531274
33657,7.3547416
33658,12.819513
33659,26.539145
33660,40.34877
33661,54.640816
33662,36.42226
33663,15.802639
33664,33.674625
33665,17.629745
33666,13.481284
33667,15.268352
33668,-3.1322663
33669,3.9446318
33670,-6.677781
33671,30.56171
33672,35.733128
33673,9.876264
33674,23.849453
33675,54.605785
33676,50.571712
33677,76.41475
33678,84.785225
33679,73.82123
33680,60.167625
33681,81.84537
33682,126.20166
33683,100.284
33684,98.93407
33685,90.02883
33686,77.78065
33687,16.714384
33688,3.2059317
33689,0.52798945
33690,14.594808
33691,52.03857
33692,62.906498
33693,57.07582
33694,69.61209
33695,59.40275
33696,48.69088
33697,27.753538
33698,16.280048
33699,18.685001
33700,14.213887
33701,0.69827634
33702,-2.4629452
33703,-1.415276
33704,-1.0982769
33705,-1.1287547
33706,-1.0948461
33707,-1.5734317
33708,43.669872
33709,92.06115
33710,85.73703
33711,74.81182
33712,62.66037
33713,88.76854
33714,88.21443
33715,72.29096
33716,23.968927
33717,10.949798
33718,-1.9390978
33719,-1.2765833
33720,-2.0270464
33721,-1.3476145
33722,-1.9858027
33723,-1.4504205
33724,-2.058747
33725,-1.3951254
33726,-1.2344635
33727,-1.2626033
33728,-1.2369739
33729,-1.6229452
33730,-1.7161847
33731,-1.759616
33732,-1.759616
33733,-2.581097
33734,-1.8279862
33735,-1.8135108
33736,-1.6232779
33737,6.0578637
33738,11.100526
33739,25.510633
33740,-1.6779268
33741,-1.0115
33742,-1.0436532
33743,-1.052641
33744,-1.0115
33745,-0.99387896
33746,-1.0436919
33747,-0.9909619
33748,-1.012579
33749,-1.2331349
33750,19.901009
33751,42.271805
33752,11.8920355
33753,-1.8437085
33754,36.779057
33755,56.676216
33756,42.158066
33757,22.21433
33758,33.570442
33759,73.902054
33760,76.457214
33761,79.43768
33762,79.111626
33763,104.73484
33764,103.899605
33765,110.07317
33766,156.01016
33767,223.61256
33768,259.0058
33769,214.17654
33770,186.36162
33771,196.08237
33772,178.76263
33773,236.1187
33774,205.34149
33775,158.88525
33776,139.4076
33777,165.35535
33778,146.4781
33779,213.15408
33780,278.67233
33781,224.0863
33782,167.62296
33783,158.8476
33784,195.87755
33785,222.35884
33786,241.68929
33787,254.97307
33788,242.14041
33789,187.24756
33790,191.1832
33791,197.26985
33792,133.77216
33793,158.4153
33794,122.820984
33795,127.79296
33796,106.59842
33797,92.39077
33798,109.19871
33799,197.96394
33800,160.52249
33801,133.58923
33802,129.697
33803,151.66496
33804,125.40868
33805,119.658264
33806,157.30914
33807,144.12247
33808,90.19317
33809,132.41586
33810,112.837425
33811,123.93013
33812,91.56345
33813,87.650826
33814,30.673586
33815,-3.291036
33816,-6.715529
33817,-6.965851
33818,-2.499779
33819,-1.6722589
33820,-1.3370731
33821,-1.1972617
33822,-1.0642855
33823,-2.213138
33824,20.789087
33825,36.733784
33826,8.046622
33827,17.712143
33828,37.685978
33829,20.310238
33830,33.30762
33831,38.548523
33832,32.355175
33833,51.768646
33834,46.39151
33835,15.2495985
33836,29.77709
33837,38.799595
33838,38.863937
33839,25.15591
33840,8.917478
33841,33.163624
33842,26.034918
33843,11.578897
33844,-2.6088843
33845,-2.65388
33846,-0.87609243
33847,-0.88156646
33848,-0.8295601
33849,-0.83700216
33850,-0.83700216
33851,-0.85903174
33852,-0.8835801
33853,-1.5969703
33854,-0.9898327
33855,-1.0266889
33856,-1.028969
33857,-1.028969
33858,-1.028969
33859,-1.0431818
33860,-1.0349212
33861,-0.963482
33862,-0.9416745
33863,-0.9941304
33864,-0.98792875
33865,-1.0657616
33866,-1.0304776
33867,-1.093845
33868,-0.97761154
33869,-1.0359069
33870,-1.0975225
33871,-1.714243
33872,-1.0608138
33873,-1.1026059
33874,-1.781017
33875,-1.7034754
33876,-1.007461
33877,8.500635
33878,-1.0456007
33879,-1.007461
33880,-1.007461
33881,-1.022989
33882,-1.6907063
33883,-1.0672631
33884,-0.9952941
33885,-1.0718527
33886,-1.0686519
33887,-1.0289385
33888,-1.007461
33889,-0.94946015
33890,-1.007461
33891,-1.9294919
33892,-1.08752
33893,44.099236
33894,65.55321
33895,76.44134
33896,73.8692
33897,83.48004
33898,77.104065
33899,87.44693
33900,74.04864
33901,102.14727
33902,106.86236
33903,107.09155
33904,107.26361
33905,145.07529
33906,109.368195
33907,114.41813
33908,114.594864
33909,82.00137
33910,93.68463
33911,107.325165
33912,113.09714
33913,132.77841
33914,126.226074
33915,135.66203
33916,142.6937
33917,181.57976
33918,258.58383
33919,278.65182
33920,232.81526
33921,268.49695
33922,255.44873
33923,242.80013
33924,237.5558
33925,233.99692
33926,273.16565
33927,299.5453
33928,456.7499
33929,469.8972
33930,431.21194
33931,431.75485
33932,437.43402
33933,461.06302
33934,465.1912
33935,439.0665
33936,632.269
33937,739.6158
33938,696.9831
33939,695.86444
33940,683.0053
33941,696.4107
33942,645.13074
33943,436.80722
33944,348.43286
33945,537.0164
33946,461.24985
33947,704.0536
33948,656.62384
33949,502.27667
33950,505.50842
33951,617.05994
33952,514.58264
33953,634.2578
33954,457.2638
33955,432.2175
33956,487.63995
33957,386.00928
33958,634.9655
33959,813.9632
33960,758.43677
33961,624.9935
33962,659.7387
33963,554.6
33964,628.7842
33965,746.55505
33966,825.0427
33967,759.66187
33968,470.1125
33969,370.6808
33970,391.30768
33971,379.46375
33972,302.96884
33973,395.6749
33974,415.4103
33975,565.62585
33976,538.5669
33977,461.25754
33978,443.20337
33979,627.92096
33980,605.20953
33981,624.2598
33982,745.44183
33983,384.27243
33984,382.33188
33985,143.66121
33986,258.453
33987,427.087
33988,457.58417
33989,502.53772
33990,790.5378
33991,791.88434
33992,638.4222
33993,612.37305
33994,460.17856
33995,486.25854
33996,438.72113
33997,654.5733
33998,525.68713
33999,430.6319
34000,315.27737
34001,224.09865
34002,108.4706
34003,100.615364
34004,48.47731
34005,41.40583
34006,122.11188
34007,208.25618
34008,171.70995
34009,198.93433
34010,134.46295
34011,38.93027
34012,108.54396
34013,194.539
34014,163.37105
34015,122.00725
34016,74.534454
34017,102.727585
34018,151.91414
34019,224.56543
34020,136.60222
34021,214.059
34022,211.47665
34023,149.50961
34024,292.0803
34025,281.36557
34026,237.22775
34027,209.08183
34028,115.16415
34029,204.76381
34030,190.9738
34031,104.80292
34032,184.87593
34033,314.8243
34034,300.68137
34035,423.72107
34036,465.42188
34037,341.03864
34038,388.8576
34039,394.6937
34040,433.07083
34041,521.83026
34042,425.19522
34043,504.61035
34044,362.77704
34045,240.91719
34046,232.48259
34047,243.42766
34048,237.33313
34049,524.3254
34050,639.2112
34051,494.1154
34052,653.6578
34053,508.35046
34054,511.2561
34055,255.43858
34056,415.1435
34057,595.6978
34058,627.0746
34059,433.57114
34060,361.17563
34061,325.31418
34062,233.26714
34063,354.7108
34064,381.32074
34065,366.20285
34066,466.36526
34067,423.82974
34068,459.09668
34069,395.86993
34070,348.0402
34071,232.89438
34072,342.88763
34073,288.8843
34074,288.80664
34075,352.88977
34076,431.32623
34077,491.28427
34078,301.25375
34079,290.26215
34080,278.16653
34081,169.9663
34082,242.76125
34083,745.62726
34084,731.2097
34085,265.77646
34086,378.11264
34087,411.28082
34088,233.7381
34089,372.90976
34090,591.0454
34091,401.18835
34092,462.0325
34093,879.35657
34094,794.5777
34095,1214.9434
34096,1463.8596
34097,1215.4775
34098,1212.4962
34099,738.73004
34100,630.3358
34101,1048.096
34102,1144.1501
34103,1224.9734
34104,1252.3135
34105,1051.5352
34106,581.388
34107,403.7349
34108,726.25305
34109,917.6781
34110,554.8779
34111,514.423
34112,597.9818
34113,761.6787
34114,1189.9679
34115,712.4213
34116,867.9472
34117,548.89185
34118,399.84933
34119,337.53442
34120,411.77985
34121,627.1699
34122,625.63763
34123,599.6435
34124,333.33276
34125,403.3554
34126,293.43918
34127,290.5062
34128,318.89526
34129,127.30514
34130,259.2268
34131,182.21788
34132,255.76694
34133,138.95317
34134,133.75877
34135,66.46165
34136,126.2267
34137,61.71261
34138,94.60323
34139,243.07544
34140,396.14545
34141,252.7432
34142,129.78322
34143,133.03726
34144,150.75858
34145,153.22183
34146,101.85221
34147,28.397207
34148,83.452484
34149,69.01603
34150,92.88617
34151,101.34484
34152,54.05378
34153,43.195713
34154,67.276695
34155,46.813225
34156,27.865604
34157,-1.1585282
34158,62.746685
34159,-0.32456794
34160,50.813457
34161,95.68242
34162,32.091007
34163,-0.4791
34164,-0.8282731
34165,-0.7972545
34166,62.210556
34167,67.31989
34168,86.05033
34169,27.506718
34170,63.880245
34171,9.544051
34172,8.980477
34173,11.328126
34174,15.805938
34175,24.125546
34176,5.461468
34177,-1.7359343
34178,-1.6174487
34179,-1.8915616
34180,-1.4402406
34181,-0.8739528
34182,-0.90571004
34183,-0.8774733
34184,-0.7900866
34185,-0.7459564
34186,-0.7459564
34187,-0.7459564
34188,-0.79152536
34189,-0.7436123
34190,-0.7574264
34191,-0.790601
34192,-0.776083
34193,-0.7983196
34194,-0.7642257
34195,-0.8140729
34196,-1.4463518
34197,-0.8423994
34198,-0.8505139
34199,-0.8267862
34200,44.280865
34201,49.583546
34202,41.21897
34203,22.387037
34204,40.692574
34205,40.09065
34206,40.610622
34207,24.102066
34208,14.688217
34209,14.568013
34210,19.946556
34211,25.963919
34212,33.31492
34213,15.486177
34214,-0.6906927
34215,-4.00697
34216,-1.444433
34217,-1.5516752
34218,-1.7270987
34219,-1.8552259
34220,-1.7735518
34221,-1.7891113
34222,-1.7725054
34223,-1.7907575
34224,-1.9040242
34225,-1.9219413
34226,-1.9219413
34227,-1.915868
34228,-1.3853148
34229,-1.2841336
34230,-1.1469043
34231,-0.9405574
34232,-0.9405574
34233,-0.9249654
34234,-0.9249654
34235,-0.9249654
34236,-0.93064326
34237,-0.93064326
34238,-0.93064326
34239,-0.93064326
34240,-0.93064326
34241,-0.93064326
34242,-0.8691268
34243,-0.8691268
34244,-0.9110943
34245,-0.98096275
34246,-0.98096275
34247,-0.9110943
34248,-0.9094981
34249,-0.9094981
34250,-0.8675306
34251,-0.8823489
34252,-0.8823489
34253,-0.8823489
34254,-0.93367183
34255,-0.93367183
34256,-1.8737231
34257,-0.8512481
34258,-0.91057277
34259,-0.8192875
34260,-0.8301539
34261,-0.88358885
34262,-0.7815921
34263,-0.87331903
34264,-0.9031228
34265,-0.81154376
34266,-0.92472345
34267,-0.9950709
34268,-1.0497932
34269,-1.0381438
34270,-1.1138645
34271,-1.1107734
34272,-1.0750284
34273,-1.1564169
34274,-1.1730227
34275,-1.175613
34276,-1.0158534
34277,-0.9221816
34278,-0.9361764
34279,-1.0816612
34280,20.402697
34281,11.846414
34282,18.316868
34283,7.187147
34284,-0.94053626
34285,-0.9557475
34286,-1.1025226
34287,-1.2925446
34288,40.24325
34289,29.472939
34290,30.503592
34291,60.835068
34292,47.896896
34293,-2.1620216
34294,100.45055
34295,156.23865
34296,141.61551
34297,86.97937
34298,139.63393
34299,132.27483
34300,55.897217
34301,79.42599
34302,37.10862
34303,3.669546
34304,15.24289
34305,259.97864
34306,321.84665
34307,253.71272
34308,189.8488
34309,371.1783
34310,207.2145
34311,279.49393
34312,161.69759
34313,86.76903
34314,82.202324
34315,4.2497206
34316,-2.9935284
34317,-0.72027266
34318,-0.7740636
34319,-0.7525846
34320,11.094686
34321,477.71793
34322,536.8608
34323,631.1315
34324,531.7568
34325,445.6945
34326,537.39703
34327,863.69916
34328,564.807
34329,548.48694
34330,527.9792
34331,427.61276
34332,361.68674
34333,612.65045
34334,654.15857
34335,408.86765
34336,551.264
34337,343.11264
34338,171.32605
34339,177.65334
34340,105.764824
34341,49.47604
34342,147.9627
34343,225.88966
34344,178.48398
34345,56.03985
34346,31.994501
34347,35.148697
34348,72.687386
34349,96.58407
34350,20.243645
34351,19.062716
34352,3.2894695
34353,38.85848
34354,37.636246
34355,14.951863
34356,15.687241
34357,11.693262
34358,3.6194434
34359,47.714195
34360,93.85273
34361,97.012634
34362,180.8691
34363,175.42714
34364,133.72073
34365,165.99355
34366,212.6717
34367,203.26314
34368,252.54211
34369,250.43439
34370,155.4064
34371,99.757034
34372,112.53344
34373,135.92079
34374,192.08093
34375,354.0043
34376,310.80286
34377,149.95955
34378,119.46853
34379,41.91635
34380,-2.5365882
34381,-3.6748643
34382,-0.91890454
34383,-0.8579036
34384,-0.7999309
34385,-1.4257882
34386,-0.8044575
34387,-0.71149176
34388,-0.83460766
34389,-0.8669356
34390,-0.8716056
34391,-0.7591519
34392,-0.7989911
34393,-0.85918915
34394,-1.0668273
34395,32.306202
34396,88.26454
34397,131.97148
34398,161.6747
34399,96.7735
34400,75.97841
34401,121.063515
34402,93.20033
34403,77.203384
34404,117.8337
34405,183.36247
34406,152.5556
34407,123.42928
34408,134.63353
34409,148.01125
34410,130.2639
34411,123.98077
34412,68.37553
34413,81.80897
34414,123.32462
34415,169.00798
34416,166.54037
34417,225.6768
34418,84.88662
34419,100.246445
34420,113.463036
34421,98.93998
34422,80.632256
34423,89.40615
34424,100.915245
34425,67.64577
34426,69.79607
34427,94.13054
34428,143.44667
34429,78.06001
34430,181.9107
34431,104.37371
34432,77.49291
34433,172.23447
34434,76.93261
34435,104.17822
34436,384.5989
34437,367.6863
34438,148.70222
34439,81.797966
34440,26.590239
34441,49.624462
34442,127.16519
34443,406.8289
34444,372.7964
34445,292.41663
34446,337.58606
34447,565.305
34448,221.1358
34449,230.89406
34450,160.86443
34451,122.6836
34452,223.6443
34453,140.13152
34454,113.56232
34455,260.84525
34456,168.25856
34457,101.707016
34458,108.009605
34459,191.83249
34460,271.0241
34461,235.28357
34462,459.97043
34463,338.38074
34464,52.50832
34465,149.39633
34466,401.19098
34467,294.8769
34468,125.7701
34469,103.79927
34470,122.5407
34471,4.293752
34472,-0.6897733
34473,-0.74576056
34474,-1.4037997
34475,-0.7282423
34476,-0.8036588
34477,-0.744003
34478,-0.744003
34479,-0.744003
34480,-0.744003
34481,-0.70647246
34482,-0.76255924
34483,-0.76255924
34484,-0.6725263
34485,-0.76255924
34486,-0.76255924
34487,-0.6725263
34488,-0.7758414
34489,-0.7758414
34490,-1.5407904
34491,-0.86663383
34492,-1.4669412
34493,15.290885
34494,60.229237
34495,22.385315
34496,10.160894
34497,-4.3604264
34498,13.180246
34499,3.483248
34500,0.8891317
34501,-3.289857
34502,-4.246668
34503,-1.5628619
34504,-1.8753983
34505,-1.9737813
34506,-1.9132175
34507,-2.550487
34508,-1.7513689
34509,24.920238
34510,-3.6775494
34511,-5.4029675
34512,-3.6946921
34513,-0.8861088
34514,-0.9087205
34515,-0.9473678
34516,-0.8229287
34517,-0.88140297
34518,-0.87193817
34519,-0.88140297
34520,-0.88140297
34521,-0.88140297
34522,-1.7751971
34523,-0.8854461
34524,-0.89873886
34525,-0.85992086
34526,-0.79883647
34527,-0.84277433
34528,-0.84437555
34529,-0.8160587
34530,-0.7920454
34531,-0.7920454
34532,-0.7920454
34533,-0.80496126
34534,-0.80787945
34535,-0.8229769
34536,-0.8725186
34537,-0.9926097
34538,-1.0055256
34539,-0.9356571
34540,-1.0023475
34541,-0.8014079
34542,27.740519
34543,28.00956
34544,33.474735
34545,38.622982
34546,49.642963
34547,15.682123
34548,-1.8723089
34549,-0.8337779
34550,-0.7458903
34551,-0.84131724
34552,-0.84131724
34553,-0.73504764
34554,-0.72639525
34555,-0.72639525
34556,-0.72639525
34557,-0.72639525
34558,-0.75225526
34559,-0.77110565
34560,-0.8290844
34561,-0.8290844
34562,-0.8290844
34563,-0.8766653
34564,-0.8766653
34565,-0.94799185
34566,-0.94027317
34567,-0.9201299
34568,-0.99285734
34569,-1.0109679
34570,-1.0847173
34571,-0.95442915
34572,-0.9395132
34573,-1.0264459
34574,-1.0552418
34575,26.840836
34576,88.0725
34577,67.104324
34578,-2.6587617
34579,53.62635
34580,3.7177174
34581,-1.6314751
34582,-1.576147
34583,-0.91866326
34584,-0.9166051
34585,-0.92326105
34586,-0.95536387
34587,-0.91866326
34588,-0.9339173
34589,-1.5996133
34590,-0.8145889
34591,-0.84199953
34592,-0.8957478
34593,-0.97286546
34594,-0.9633429
34595,-0.8607397
34596,-1.5934505
34597,-0.8789762
34598,-0.8769181
34599,-0.9583787
34600,-0.9217706
34601,-0.84252524
34602,-0.9020473
34603,-0.88716316
34604,-1.5321902
34605,-0.92107654
34606,-0.94527435
34607,-0.9750266
34608,-0.99405134
34609,-1.5150937
34610,-0.9097023
34611,-0.78186154
34612,-0.85891116
34613,-0.9066231
34614,-0.8593992
34615,-0.8382784
34616,-1.5618317
34617,-1.0442195
34618,48.93739
34619,104.328316
34620,96.69315
34621,95.31355
34622,97.75998
34623,64.13992
34624,75.622894
34625,55.304253
34626,6.7415867
34627,48.68808
34628,60.014156
34629,68.229614
34630,102.6641
34631,69.91232
34632,98.01011
34633,116.27042
34634,95.16718
34635,69.46677
34636,76.77558
34637,70.53005
34638,55.42799
34639,27.713917
34640,40.87998
34641,3.5697281
34642,-3.2843914
34643,30.220282
34644,26.645994
34645,44.86831
34646,64.474014
34647,58.497658
34648,53.071003
34649,33.189274
34650,30.449053
34651,43.053436
34652,41.79998
34653,40.985485
34654,40.18822
34655,38.3543
34656,44.547146
34657,39.738426
34658,17.200502
34659,2.9075708
34660,-2.6372485
34661,14.29385
34662,32.77296
34663,32.159374
34664,23.935362
34665,12.4105425
34666,13.190185
34667,23.85012
34668,16.160065
34669,9.76541
34670,17.512125
34671,32.655758
34672,43.60129
34673,91.76794
34674,125.21021
34675,99.908264
34676,136.40529
34677,95.921265
34678,148.30042
34679,165.47075
34680,152.87001
34681,92.42207
34682,126.902214
34683,90.1541
34684,63.272884
34685,97.20107
34686,99.96975
34687,74.66736
34688,54.121647
34689,42.01935
34690,24.765736
34691,28.970835
34692,21.935137
34693,12.618972
34694,5.7895203
34695,-3.0927148
34696,-1.5849175
34697,-1.7132603
34698,-1.6077842
34699,-1.8553419
34700,-1.6557205
34701,-1.6217154
34702,-1.7160271
34703,227.71156
34704,302.2336
34705,345.91394
34706,294.12744
34707,309.5803
34708,454.44168
34709,480.2866
34710,435.9786
34711,477.2818
34712,530.0222
34713,564.7247
34714,354.53192
34715,266.9004
34716,323.04654
34717,386.9013
34718,325.1758
34719,514.0321
34720,570.07385
34721,491.61584
34722,378.88095
34723,383.8483
34724,466.1515
34725,549.06165
34726,495.04858
34727,432.34787
34728,393.06818
34729,361.75092
34730,299.1132
34731,156.72633
34732,92.42213
34733,141.6177
34734,141.5743
34735,180.62488
34736,219.7332
34737,327.37994
34738,335.56802
34739,284.34518
34740,222.69252
34741,235.72813
34742,207.98146
34743,248.07588
34744,244.8979
34745,333.53738
34746,317.8808
34747,252.1231
34748,207.95819
34749,215.3708
34750,220.89145
34751,98.024734
34752,155.84521
34753,148.06148
34754,202.66904
34755,274.51926
34756,263.84293
34757,219.19781
34758,279.38834
34759,162.76192
34760,136.73154
34761,181.30412
34762,261.85522
34763,259.12634
34764,255.73695
34765,403.29727
34766,420.65347
34767,403.42755
34768,302.14474
34769,298.07828
34770,387.53638
34771,494.64505
34772,405.9111
34773,567.03296
34774,353.90985
34775,364.6639
34776,381.6514
34777,523.5198
34778,400.51117
34779,546.87305
34780,659.6276
34781,568.0986
34782,436.27582
34783,492.3222
34784,466.85083
34785,772.4018
34786,730.3505
34787,513.23883
34788,368.85983
34789,162.17542
34790,237.63551
34791,233.07489
34792,296.15326
34793,361.55307
34794,202.69101
34795,603.66595
34796,329.32657
34797,551.8288
34798,542.07544
34799,320.08807
34800,208.06393
34801,285.04718
34802,227.3642
34803,109.756065
34804,149.34712
34805,204.65015
34806,251.94363
34807,162.30975
34808,146.55217
34809,129.33238
34810,140.0533
34811,205.51332
34812,268.40424
34813,200.28638
34814,180.65636
34815,136.60065
34816,202.49727
34817,207.55898
34818,249.70166
34819,245.19844
34820,247.18423
34821,207.25061
34822,101.521225
34823,176.99274
34824,279.852
34825,291.91586
34826,326.04132
34827,351.72757
34828,248.73987
34829,107.881096
34830,236.81308
34831,309.36505
34832,302.32437
34833,342.16266
34834,441.75247
34835,394.61786
34836,300.13568
34837,312.59042
34838,405.65353
34839,474.04944
34840,399.1839
34841,359.88663
34842,348.69974
34843,348.48227
34844,350.9008
34845,329.25415
34846,252.54195
34847,376.20172
34848,402.37143
34849,421.63522
34850,429.89487
34851,510.94897
34852,697.63794
34853,925.7579
34854,468.75668
34855,667.728
34856,754.41034
34857,656.5325
34858,529.8792
34859,799.8125
34860,1011.4772
34861,941.7724
34862,546.0666
34863,497.63058
34864,467.73132
34865,436.95587
34866,483.56702
34867,354.84448
34868,398.2895
34869,431.8306
34870,358.71426
34871,337.18375
34872,338.24414
34873,388.32578
34874,411.93024
34875,326.0803
34876,374.101
34877,467.0865
34878,558.78143
34879,540.11487
34880,689.41345
34881,571.9301
34882,529.5402
34883,417.40527
34884,329.26022
34885,696.71735
34886,1111.3857
34887,754.7838
34888,770.4738
34889,489.24213
34890,457.91953
34891,494.62616
34892,441.09918
34893,387.48413
34894,579.981
34895,616.1448
34896,465.17856
34897,498.4382
34898,530.67365
34899,429.67453
34900,630.3582
34901,764.14844
34902,454.44446
34903,904.85297
34904,547.361
34905,550.9034
34906,567.0866
34907,453.04807
34908,995.7037
34909,528.632
34910,428.9114
34911,511.93332
34912,735.5503
34913,767.72314
34914,856.03845
34915,877.93744
34916,545.17316
34917,435.13715
34918,748.3854
34919,682.9373
34920,478.32343
34921,764.6142
34922,683.9606
34923,310.12543
34924,372.01144
34925,214.37726
34926,487.9503
34927,779.7367
34928,607.2925
34929,744.49677
34930,708.91504
34931,877.7676
34932,559.40344
34933,539.787
34934,387.29092
34935,517.2702
34936,407.56506
34937,771.8794
34938,588.0948
34939,480.32483
34940,694.8977
34941,386.79962
34942,234.0814
34943,520.91284
34944,862.3791
34945,439.23218
34946,489.2033
34947,463.7686
34948,381.51233
34949,431.55402
34950,287.53036
34951,181.01787
34952,267.31647
34953,227.35803
34954,201.04744
34955,216.98222
34956,206.98495
34957,255.34023
34958,193.3379
34959,188.74112
34960,181.46204
34961,144.24217
34962,149.59532
34963,154.34705
34964,187.76437
34965,185.27747
34966,153.64378
34967,123.51614
34968,191.32324
34969,246.51266
34970,282.55423
34971,276.7114
34972,277.0932
34973,256.27087
34974,300.6231
34975,243.44057
34976,186.25774
34977,139.13297
34978,80.02668
34979,42.844505
34980,43.849884
34981,47.69039
34982,81.503334
34983,99.83519
34984,51.20211
34985,62.451912
34986,107.59558
34987,162.92592
34988,146.37033
34989,96.39556
34990,132.33191
34991,179.12083
34992,286.4505
34993,324.6603
34994,163.8163
34995,164.27382
34996,143.36864
34997,141.9981
34998,148.34798
34999,166.07866
35000,130.98277
35001,106.103424
35002,114.44659
35003,115.166565
35004,102.788414
35005,126.520454
35006,155.91899
35007,190.1823
35008,190.77843
35009,174.7002
35010,153.29034
35011,133.07866
35012,91.00611
35013,106.98446
35014,92.50472
35015,87.524956
35016,92.8725
35017,95.35627
35018,99.10806
35019,85.637794
35020,114.601494
35021,156.00835
35022,175.44925
35023,216.9669
35024,233.01491
35025,197.96521
35026,210.87962
35027,307.31262
35028,273.6879
35029,190.64545
35030,221.73332
35031,164.8376
35032,87.57799
35033,38.787582
35034,53.430798
35035,35.890385
35036,24.418865
35037,57.4486
35038,34.521492
35039,21.36488
35040,39.08114
35041,62.94303
35042,6.4811482
35043,-0.7570933
35044,-0.8236211
35045,-0.9234863
35046,20.28208
35047,114.34849
35048,22.601168
35049,-0.08711577
35050,-0.13957556
35051,-0.17562883
35052,-0.6688952
35053,-0.9490054
35054,0.044325534
35055,-0.77972776
35056,-0.87585646
35057,-0.9170719
35058,-0.9123798
35059,-0.9036954
35060,-0.9336805
35061,-0.6819671
35062,23.755701
35063,53.741856
35064,0.7101228
35065,-0.97600985
35066,-0.8980181
35067,-0.8158885
35068,-1.0007842
35069,-0.4244598
35070,-0.57518756
35071,-0.4318403
35072,-1.4047532
35073,-1.257228
35074,-1.313614
35075,-1.0774678
35076,-1.1673641
35077,-1.1397403
35078,-2.0808299
35079,-0.88039553
35080,-1.1635394
35081,-0.9390536
35082,-1.7107093
35083,-1.0098166
35084,-1.0098166
35085,-0.97055113
35086,-1.2754966
35087,-2.7929332
35088,0.07530283
35089,-3.16747
35090,-1.1594226
35091,-0.9188882
35092,-0.42618614
35093,-2.0384164
35094,-0.59234554
35095,-0.37790465
35096,-1.756315
35097,-1.9015483
35098,-2.142589
35099,-2.3834715
35100,-1.9944878
35101,-1.7957863
35102,-1.4542145
35103,-0.41243267
35104,-1.7015642
35105,-1.8913919
35106,-2.3050714
35107,-2.182555
35108,-1.4009675
35109,-0.88785475
35110,-1.4856414
35111,-0.9667561
35112,1.7000368
35113,-0.42619112
35114,-0.7139117
35115,1.8591851
35116,-0.9802118
35117,-0.91200197
35118,-1.2798114
35119,-1.806642
35120,0.6298165
35121,-1.4253014
35122,-0.561597
35123,-0.42677802
35124,0.55824685
35125,0.51391083
35126,-0.67052716
35127,2.0078127
35128,3.6228573
35129,3.936175
35130,0.28436247
35131,0.020370023
35132,1.1072702
35133,0.55409247
35134,-2.0515485
35135,-1.268613
35136,2.4411232
35137,1.5532535
35138,0.42310014
35139,4.2017927
35140,2.4295554
35141,309.76328
35142,2.692925
35143,2.1520603
35144,648.6664
35145,1291.694
35146,1111.67
35147,1485.7242
35148,1479.1669
35149,1353.2025
35150,1033.6644
35151,1198.6367
35152,1353.4915
35153,1062.2224
35154,1030.2391
35155,1224.486
35156,861.8846
35157,1303.6884
35158,1169.4896
35159,1057.7332
35160,1356.3472
35161,1565.5237
35162,1367.8717
35163,1492.1514
35164,1225.5497
35165,1115.3484
35166,1169.0985
35167,995.6201
35168,1098.6604
35169,770.8218
35170,632.7074
35171,819.39703
35172,751.27234
35173,827.66785
35174,947.34155
35175,1283.4213
35176,850.85565
35177,442.6557
35178,446.66324
35179,631.89166
35180,897.74524
35181,1117.2256
35182,766.9923
35183,748.09314
35184,941.6786
35185,1012.4866
35186,916.20374
35187,942.5421
35188,1039.1667
35189,846.7709
35190,700.526
35191,815.8828
35192,727.0293
35193,874.23267
35194,918.96924
35195,839.5692
35196,1124.7988
35197,1455.0015
35198,1120.1703
35199,968.8263
35200,909.5267
35201,1139.7749
35202,1266.9086
35203,1350.6753
35204,1241.7385
35205,923.91235
35206,945.8385
35207,859.7418
35208,960.35974
35209,1045.2268
35210,1058.3727
35211,979.9249
35212,1020.2866
35213,1125.2825
35214,1212.7384
35215,1283.2316
35216,1247.6498
35217,1291.6835
35218,996.80817
35219,882.2039
35220,1161.2488
35221,1268.5375
35222,1310.354
35223,1092.295
35224,1332.4747
35225,1097.2563
35226,1019.1786
35227,1017.3818
35228,1097.4697
35229,715.4098
35230,655.47943
35231,899.51465
35232,965.86646
35233,1183.5946
35234,896.3012
35235,1243.6249
35236,1251.5844
35237,1118.5894
35238,1257.4061
35239,1679.37
35240,1713.4058
35241,1668.9949
35242,1484.9152
35243,1704.8805
35244,1583.499
35245,1189.971
35246,761.1038
35247,798.3457
35248,754.80237
35249,863.28516
35250,856.62146
35251,744.6988
35252,776.85876
35253,986.58563
35254,1049.0261
35255,951.0228
35256,794.60693
35257,944.1667
35258,1277.853
35259,1461.5576
35260,860.5828
35261,766.09937
35262,1195.6896
35263,1544.0554
35264,1282.8334
35265,822.95575
35266,905.85187
35267,712.3266
35268,696.5178
35269,549.8873
35270,733.13043
35271,1141.2509
35272,1037.9713
35273,970.44977
35274,846.04016
35275,681.3249
35276,601.6275
35277,603.0912
35278,673.33905
35279,618.0361
35280,687.3974
35281,667.3635
35282,610.97754
35283,624.15656
35284,829.06635
35285,694.17053
35286,852.00214
35287,953.84705
35288,1196.4081
35289,592.7022
35290,583.42535
35291,556.61224
35292,1053.9678
35293,851.0531
35294,327.16367
35295,324.64923
35296,364.19888
35297,405.86356
35298,282.88736
35299,330.3868
35300,456.55157
35301,373.38602
35302,373.92264
35303,317.6525
35304,475.39957
35305,458.338
35306,534.3385
35307,427.02228
35308,238.54167
35309,281.68964
35310,277.57156
35311,156.3545
35312,287.56885
35313,218.83162
35314,181.80115
35315,282.97876
35316,376.2899
35317,664.07715
35318,434.07956
35319,636.55316
35320,580.0146
35321,399.0984
35322,208.24251
35323,135.86443
35324,107.07795
35325,193.45811
35326,247.65784
35327,201.81017
35328,188.75662
35329,219.39828
35330,279.11932
35331,479.30554
35332,298.97726
35333,253.49869
35334,295.08466
35335,354.356
35336,394.1671
35337,425.20853
35338,357.26385
35339,118.33339
35340,77.09749
35341,106.84935
35342,186.32591
35343,228.89018
35344,209.48204
35345,152.16013
35346,90.89128
35347,36.24596
35348,4.2681813
35349,49.44425
35350,79.84264
35351,117.73224
35352,141.08685
35353,175.99718
35354,175.90895
35355,169.94751
35356,109.30476
35357,89.1691
35358,149.80046
35359,195.10133
35360,220.81747
35361,292.40707
35362,266.81033
35363,364.32053
35364,326.00427
35365,298.86942
35366,363.48062
35367,356.41248
35368,301.64215
35369,258.9718
35370,221.26758
35371,265.87326
35372,232.64735
35373,140.83543
35374,159.80595
35375,162.45726
35376,187.55453
35377,164.80492
35378,154.10313
35379,187.93222
35380,305.75946
35381,320.59406
35382,507.83167
35383,526.16364
35384,698.5977
35385,663.2201
35386,524.84283
35387,485.6763
35388,346.00623
35389,361.314
35390,372.7698
35391,223.19554
35392,136.35138
35393,103.03935
35394,92.819466
35395,238.10329
35396,131.15555
35397,51.620464
35398,33.588516
35399,-3.4852161
35400,-3.7370877
35401,-1.3444709
35402,0.05780775
35403,7.031806
35404,-4.256494
35405,-2.0766118
35406,-1.7298163
35407,-1.065122
35408,-1.3422568
35409,-1.3016653
35410,-0.4534651
35411,-0.91329294
35412,-0.91866344
35413,-1.4746462
35414,-1.0266135
35415,-1.0158815
35416,-1.4170544
35417,-1.5324754
35418,-1.8643718
35419,-1.1660975
35420,-1.6320052
35421,29.949535
35422,53.18688
35423,93.44953
35424,148.22531
35425,159.3551
35426,163.5906
35427,123.66381
35428,197.74454
35429,1040.3628
35430,1147.822
35431,1147.6797
35432,962.51874
35433,828.25244
35434,664.19635
35435,874.6316
35436,766.1257
35437,1269.2267
35438,1042.3846
35439,948.4782
35440,926.1279
35441,808.56775
35442,804.02655
35443,802.65643
35444,720.8659
35445,550.7844
35446,689.92236
35447,909.4641
35448,644.4301
35449,597.1203
35450,690.72766
35451,453.40866
35452,517.7241
35453,360.4538
35454,421.08185
35455,431.0912
35456,377.94565
35457,562.0673
35458,565.1599
35459,636.4679
35460,751.6962
35461,1060.8905
35462,1172.8824
35463,1276.0942
35464,1550.8573
35465,1275.3857
35466,1144.014
35467,923.9728
35468,495.52945
35469,615.44183
35470,614.90295
35471,612.66986
35472,665.21027
35473,552.0607
35474,965.8039
35475,839.4139
35476,582.35034
35477,714.93115
35478,643.3205
35479,745.5016
35480,862.9521
35481,1055.7107
35482,1542.0167
35483,842.162
35484,582.3668
35485,803.4819
35486,451.80942
35487,485.86987
35488,807.3017
35489,738.3476
35490,1098.8818
35491,807.41504
35492,573.77814
35493,1324.623
35494,1457.3916
35495,929.3034
35496,587.47614
35497,1395.0426
35498,848.1404
35499,1385.8035
35500,1377.998
35501,1332.7313
35502,1871.1624
35503,1717.1384
35504,1694.702
35505,1453.867
35506,1404.956
35507,1499.4807
35508,1338.7725
35509,1341.6276
35510,1480.6708
35511,1857.3094
35512,1562.8998
35513,1349.5309
35514,1382.0656
35515,1195.5073
35516,1540.2407
35517,1278.8107
35518,1546.3712
35519,1211.0488
35520,1098.7286
35521,1846.6738
35522,1386.0645
35523,927.6062
35524,706.301
35525,522.3363
35526,381.3081
35527,270.6326
35528,215.68562
35529,250.37764
35530,423.37225
35531,847.201
35532,759.84644
35533,560.0849
35534,524.86523
35535,545.50366
35536,608.6063
35537,660.24084
35538,765.0696
35539,658.7545
35540,589.8664
35541,448.23563
35542,457.89105
35543,502.08688
35544,565.48615
35545,562.1441
35546,523.3417
35547,562.0316
35548,593.05414
35549,638.18964
35550,689.17694
35551,738.1191
35552,713.0764
35553,672.6148
35554,749.0663
35555,822.58887
35556,930.43756
35557,860.65454
35558,929.0529
35559,947.45276
35560,931.63025
35561,949.61975
35562,840.5855
35563,927.1684
35564,622.88745
35565,590.2176
35566,516.02203
35567,669.775
35568,563.45746
35569,601.2133
35570,520.18353
35571,558.0605
35572,584.8556
35573,524.2212
35574,462.01425
35575,378.50906
35576,419.115
35577,476.95972
35578,416.38324
35579,381.10992
35580,361.24622
35581,384.30023
35582,529.2579
35583,414.3617
35584,504.45465
35585,535.4773
35586,537.49945
35587,556.35046
35588,556.35425
35589,470.52853
35590,508.90503
35591,481.4081
35592,434.76328
35593,361.7769
35594,382.77563
35595,329.7385
35596,424.1775
35597,392.68277
35598,522.4187
35599,572.0389
35600,440.39453
35601,358.21588
35602,406.40533
35603,470.36142
35604,304.64685
35605,416.7688
35606,461.53043
35607,359.89526
35608,410.1071
35609,458.5051
35610,489.89276
35611,304.14835
35612,424.32504
35613,509.90732
35614,611.9716
35615,482.2244
35616,518.0758
35617,797.8638
35618,782.197
35619,661.2985
35620,673.2968
35621,453.79504
35622,306.52487
35623,341.54156
35624,358.35004
35625,695.31366
35626,810.067
35627,486.30112
35628,638.1303
35629,972.4281
35630,1245.7899
35631,1092.9445
35632,1184.6918
35633,1357.9761
35634,1034.2623
35635,1175.4565
35636,1285.5471
35637,1072.1735
35638,530.41235
35639,890.6007
35640,918.0723
35641,669.1934
35642,803.31213
35643,1034.944
35644,874.8196
35645,610.8282
35646,881.8575
35647,1033.6835
35648,871.4599
35649,926.35486
35650,1074.4583
35651,555.76733
35652,745.0337
35653,435.16562
35654,559.32196
35655,916.019
35656,683.37866
35657,665.2703
35658,616.5742
35659,997.7371
35660,283.99493
35661,268.8916
35662,240.3377
35663,114.378716
35664,162.89163
35665,265.76666
35666,409.68695
35667,828.49817
35668,810.3928
35669,695.1592
35670,627.3638
35671,418.18326
35672,409.025
35673,375.89316
35674,335.21188
35675,340.05768
35676,359.4863
35677,414.339
35678,586.5747
35679,396.72293
35680,550.84503
35681,663.127
35682,624.60626
35683,507.96652
35684,458.7208
35685,490.08774
35686,469.9479
35687,442.06982
35688,448.64386
35689,509.9575
35690,542.4187
35691,596.4306
35692,665.8306
35693,670.803
35694,677.9577
35695,743.3271
35696,750.3748
35697,746.18335
35698,721.8808
35699,720.5549
35700,872.7334
35701,750.19086
35702,945.2665
35703,1135.8384
35704,900.09326
35705,1010.4384
35706,964.66736
35707,970.74493
35708,957.1361
35709,777.4881
35710,891.8561
35711,1015.3568
35712,1165.1626
35713,1329.0756
35714,1264.6128
35715,1466.6583
35716,1504.9906
35717,1553.0735
35718,1721.3737
35719,1788.2898
35720,1763.5107
35721,1571.7999
35722,1389.5942
35723,1528.8739
35724,1691.0198
35725,1594.4634
35726,1549.9799
35727,1757.4448
35728,1738.919
35729,1742.6376
35730,1858.8047
35731,1723.1298
35732,1749.0424
35733,1726.6074
35734,1929.585
35735,1957.7721
35736,1900.5574
35737,1957.7721
35738,1900.9799
35739,1908.061
35740,1818.0453
35741,1848.1393
35742,1799.5463
35743,1863.884
35744,1857.9802
35745,1873.0247
35746,1873.462
35747,1851.9653
35748,1869.3434
35749,1850.848
35750,1901.5776
35751,1864.5049
35752,1918.9677
35753,1935.7878
35754,1935.7878
35755,1897.3854
35756,1925.7997
35757,1935.4934
35758,1862.4343
35759,1856.4497
35760,1859.0685
35761,1869.5579
35762,1847.605
35763,1849.6036
35764,1849.2877
35765,1873.4543
35766,1938.8679
35767,1940.9352
35768,1953.5115
35769,1953.8597
35770,1960.8234
35771,1958.3635
35772,1882.9579
35773,1871.2579
35774,1764.3817
35775,1730.1322
35776,1785.8408
35777,1869.5745
35778,1768.7229
35779,1844.1204
35780,1835.2529
35781,1699.2823
35782,1752.012
35783,1645.0853
35784,1675.5413
35785,1663.5161
35786,1732.6176
35787,1802.6226
35788,1797.1097
35789,1847.3948
35790,1851.9753
35791,1783.954
35792,1841.3005
35793,1855.7509
35794,1863.8503
35795,1825.038
35796,1665.5839
35797,1521.4504
35798,1705.4874
35799,1840.8605
35800,1829.4712
35801,1832.4131
35802,1830.5302
35803,1714.19
35804,1582.4712
35805,1741.8514
35806,1697.5659
35807,1839.2695
35808,1845.7043
35809,1763.1614
35810,1933.7906
35811,1922.7568
35812,1933.7916
35813,1881.5923
35814,1852.292
35815,1729.7931
35816,1824.0292
35817,1686.9426
35818,1701.3615
35819,1804.0973
35820,1871.5627
35821,1929.0199
35822,1892.7323
35823,1881.3702
35824,1929.5497
35825,1924.7487
35826,1868.5004
35827,1776.336
35828,1730.6323
35829,1668.5592
35830,1801.3364
35831,1843.7517
35832,1924.766
35833,1857.8544
35834,1840.9453
35835,1843.4904
35836,1795.5039
35837,1615.0625
35838,1654.7122
35839,1932.6494
35840,1931.4052
35841,1932.545
35842,1931.9757
35843,1946.997
35844,1940.744
35845,1944.9302
35846,1944.2058
35847,1920.9106
35848,1942.1532
35849,1922.4305
35850,1917.7673
35851,1832.2769
35852,1869.2781
35853,1829.0419
35854,1922.4751
35855,1922.741
35856,1922.155
35857,1915.7662
35858,1063.2214
35859,481.06326
35860,437.94476
35861,411.75925
35862,531.5753
35863,216.73009
35864,174.84354
35865,153.39275
35866,150.21873
35867,132.63133
35868,117.867165
35869,220.35112
35870,510.3968
35871,342.6158
35872,321.49738
35873,178.83731
35874,222.00377
35875,250.33495
35876,291.71765
35877,759.57855
35878,467.5824
35879,605.7351
35880,1492.2205
35881,1245.339
35882,1142.1497
35883,972.6576
35884,969.22327
35885,838.11444
35886,939.286
35887,837.1348
35888,671.9929
35889,871.5293
35890,923.9154
35891,1037.0116
35892,1488.562
35893,1321.8595
35894,1456.2823
35895,1462.8427
35896,1507.7578
35897,1296.9945
35898,1120.3801
35899,1433.5258
35900,1134.4639
35901,1572.4098
35902,1740.7267
35903,1650.6531
35904,1767.7406
35905,1797.6755
35906,1628.652
35907,1512.1344
35908,1102.7692
35909,1625.8374
35910,1778.044
35911,1655.1583
35912,1058.2245
35913,1140.2291
35914,1053.4152
35915,954.52625
35916,1301.5879
35917,1178.0989
35918,1413.6682
35919,1560.9122
35920,1354.0132
35921,991.7727
35922,1448.2911
35923,1778.4658
35924,1558.2651
35925,942.3736
35926,1069.4377
35927,1719.6188
35928,1738.2675
35929,1577.6763
35930,1701.471
35931,1637.6571
35932,1605.7275
35933,1698.2025
35934,1479.306
35935,1196.5605
35936,1440.3251
35937,987.9409
35938,1751.1959
35939,1582.2053
35940,1690.8497
35941,1189.1262
35942,1317.5208
35943,1780.2793
35944,1606.942
35945,1359.5415
35946,1812.5908
35947,1391.5078
35948,1525.7268
35949,1345.3807
35950,1435.041
35951,1381.0404
35952,1315.2753
35953,1403.5714
35954,1213.5856
35955,1292.3079
35956,1477.2418
35957,856.13513
35958,907.77045
35959,597.00476
35960,786.6737
35961,1120.7943
35962,948.90607
35963,932.5023
35964,775.30774
35965,780.2917
35966,716.27423
35967,726.9857
35968,798.7121
35969,630.84247
35970,634.92114
35971,457.36252
35972,354.3774
35973,298.18362
35974,728.5395
35975,872.0366
35976,813.8338
35977,752.1473
35978,969.9008
35979,973.3115
35980,892.2537
35981,933.0545
35982,942.9434
35983,987.7984
35984,1009.062
35985,938.12335
35986,863.8677
35987,565.93335
35988,425.23203
35989,446.84525
35990,502.71045
35991,597.4746
35992,530.1186
35993,464.7638
35994,474.5428
35995,610.887
35996,721.551
35997,445.99146
35998,390.22946
35999,367.03784
36000,340.33478
36001,290.1423
36002,361.31882
36003,395.83408
36004,473.40894
36005,575.1964
36006,565.60333
36007,459.18597
36008,520.68555
36009,565.83563
36010,515.2728
36011,454.5877
36012,393.75812
36013,317.64072
36014,233.86345
36015,325.12445
36016,469.48645
36017,454.9502
36018,517.2433
36019,345.06995
36020,327.87277
36021,295.57993
36022,370.6004
36023,350.05243
36024,293.77765
36025,252.27954
36026,263.7621
36027,255.67442
36028,205.86967
36029,335.04788
36030,506.10922
36031,442.27994
36032,421.79745
36033,368.8296
36034,272.6313
36035,218.75583
36036,233.57202
36037,202.93588
36038,215.63422
36039,233.38448
36040,233.32564
36041,124.15994
36042,67.58885
36043,93.74166
36044,218.79901
36045,190.82095
36046,127.84459
36047,120.21472
36048,142.41039
36049,127.14497
36050,202.982
36051,149.6289
36052,263.26895
36053,157.47379
36054,244.88129
36055,216.45583
36056,372.77264
36057,300.4666
36058,113.10754
36059,91.67564
36060,125.132324
36061,330.64334
36062,269.59442
36063,347.29565
36064,214.1314
36065,312.1892
36066,331.65277
36067,49.576786
36068,171.95255
36069,173.97173
36070,145.8286
36071,239.22108
36072,116.961006
36073,45.956657
36074,3.5993648
36075,39.31608
36076,165.9717
36077,49.41376
36078,60.817688
36079,80.194016
36080,88.86121
36081,162.64935
36082,137.33607
36083,107.11589
36084,155.13911
36085,208.84523
36086,158.79965
36087,325.25058
36088,156.3491
36089,419.57394
36090,304.0579
36091,220.58759
36092,287.34778
36093,249.28067
36094,295.74258
36095,162.66908
36096,430.22595
36097,227.40495
36098,87.1802
36099,41.747444
36100,30.779482
36101,0.47995108
36102,-2.5836535
36103,14.231575
36104,47.172455
36105,88.44109
36106,53.191887
36107,43.73553
36108,27.337883
36109,22.093643
36110,10.984163
36111,3.4440973
36112,-3.5204163
36113,-0.71752185
36114,-0.74365777
36115,-0.6961767
36116,-0.729428
36117,-0.78761464
36118,-0.9109389
36119,-0.7781865
36120,-0.8637275
36121,-0.8858332
36122,-0.8835531
36123,-0.8025368
36124,-0.93675196
36125,-0.952549
36126,-0.9403703
36127,-1.0097022
36128,-1.0097022
36129,-1.0424368
36130,-1.7742648
36131,-1.0426263
36132,-1.5342311
36133,-0.90873545
36134,-0.8290749
36135,41.29817
36136,58.27661
36137,72.46914
36138,38.604824
36139,34.646385
36140,56.814697
36141,80.42644
36142,110.62498
36143,99.18411
36144,104.246574
36145,209.58769
36146,227.37065
36147,166.76025
36148,108.036095
36149,115.83064
36150,93.90345
36151,96.64037
36152,87.80228
36153,89.335175
36154,103.046684
36155,107.591934
36156,139.96608
36157,207.5631
36158,142.80492
36159,155.66148
36160,76.51846
36161,27.636988
36162,-4.0279784
36163,-3.8492312
36164,3.875396
36165,-1.8578802
36166,-0.7971031
36167,-0.7944089
36168,-0.7526648
36169,-0.76558053
36170,-1.476289
36171,-0.8310907
36172,-0.81652975
36173,-0.8296823
36174,-0.800706
36175,-0.8310907
36176,-0.8351563
36177,-0.8782983
36178,-0.87425864
36179,-0.83092654
36180,-1.0663471
36181,67.528885
36182,31.800327
36183,138.5263
36184,42.57656
36185,10.662643
36186,-1.1224109
36187,113.00217
36188,452.18814
36189,596.1965
36190,347.49323
36191,137.90312
36192,44.690205
36193,-1.9516056
36194,-1.470298
36195,-1.5561583
36196,-1.6081548
36197,-1.6095885
36198,-1.7208685
36199,-1.6853026
36200,-1.6783773
36201,-2.401799
36202,-1.7316865
36203,-1.688213
36204,178.45721
36205,184.0395
36206,155.21956
36207,76.97426
36208,0.752096
36209,-0.6763864
36210,-0.76867694
36211,-0.7270017
36212,-0.6867333
36213,-0.69856364
36214,0.118688636
36215,-0.42689723
36216,-0.7924064
36217,-0.8237676
36218,-0.9179036
36219,-0.82227886
36220,-0.8202855
36221,-0.82227886
36222,-1.6364623
36223,156.97133
36224,114.56803
36225,23.003057
36226,28.445704
36227,-2.9393106
36228,-0.75136435
36229,-1.5351034
36230,-0.92412794
36231,-0.8105844
36232,-0.76861703
36233,-0.8379563
36234,-0.7602776
36235,-0.7602776
36236,-0.80516315
36237,-1.0717183
36238,-1.7586876
36239,-0.7590041
36240,-0.82163763
36241,-0.7723254
36242,-0.9877284
36243,-0.86322016
36244,-0.7994042
36245,-0.8549313
36246,-0.9227707
36247,12.6249695
36248,39.140907
36249,54.88082
36250,77.112885
36251,102.32912
36252,150.09412
36253,132.28625
36254,123.514694
36255,140.79718
36256,137.01987
36257,123.90198
36258,99.61685
36259,80.30607
36260,92.83383
36261,105.49051
36262,101.00678
36263,104.07905
36264,205.77289
36265,370.99673
36266,246.98325
36267,252.52966
36268,185.61624
36269,156.94437
36270,166.82722
36271,176.48807
36272,160.17087
36273,144.0636
36274,151.97815
36275,208.70209
36276,216.13756
36277,340.7264
36278,293.05472
36279,304.1245
36280,186.842
36281,188.8824
36282,190.01794
36283,167.1551
36284,190.32213
36285,153.6858
36286,87.5097
36287,68.00046
36288,49.076508
36289,77.41544
36290,62.57867
36291,69.41166
36292,54.657127
36293,70.54126
36294,73.26836
36295,65.42242
36296,77.98341
36297,54.95691
36298,15.819705
36299,3.8604314
36300,0.73514223
36301,3.8636496
36302,0.5337251
36303,14.543485
36304,38.258934
36305,36.10197
36306,20.85044
36307,20.682371
36308,34.819534
36309,46.721813
36310,39.884422
36311,-3.6946175
36312,-0.83656377
36313,-0.83656377
36314,-0.81461316
36315,-0.79250747
36316,-0.81461316
36317,-0.86406916
36318,-0.85357326
36319,-0.8050906
36320,-0.7845006
36321,-0.22660571
36322,60.389812
36323,35.993053
36324,93.590126
36325,41.537003
36326,1.7797891
36327,-0.7633965
36328,-0.6520606
36329,8.985577
36330,35.671734
36331,50.94179
36332,31.516802
36333,4.700043
36334,-0.9761914
36335,-0.67496765
36336,-0.8414116
36337,-0.7299888
36338,88.029495
36339,43.266376
36340,41.03715
36341,18.5725
36342,42.57272
36343,174.13586
36344,210.57257
36345,222.34901
36346,269.22925
36347,133.9275
36348,292.95575
36349,316.07666
36350,395.47653
36351,264.0049
36352,148.5982
36353,58.198334
36354,39.243557
36355,168.03403
36356,144.14796
36357,132.63739
36358,127.23537
36359,94.03974
36360,44.850533
36361,2.200306
36362,-1.7575319
36363,-1.7241465
36364,-1.7840497
36365,-1.8048286
36366,-1.6510404
36367,-0.9937627
36368,-1.1201087
36369,-1.0136487
36370,-0.9383878
36371,-0.8359963
36372,-0.9881984
36373,-0.9237608
36374,-0.9765917
36375,-0.9863752
36376,-0.82396877
36377,-0.9184089
36378,-0.8893801
36379,-0.9740608
36380,-0.9535593
36381,-0.99262476
36382,-1.0527756
36383,11.465475
36384,90.9434
36385,101.98659
36386,111.17883
36387,141.2833
36388,172.99397
36389,212.17119
36390,190.04903
36391,133.68062
36392,117.32869
36393,116.57217
36394,109.298996
36395,126.35887
36396,114.87247
36397,136.32613
36398,176.3831
36399,151.97954
36400,88.64363
36401,95.363075
36402,146.52663
36403,166.09161
36404,150.35966
36405,145.77748
36406,45.33888
36407,48.872208
36408,71.02099
36409,52.456776
36410,88.54266
36411,109.06695
36412,106.20155
36413,49.9295
36414,57.78257
36415,59.632378
36416,93.464714
36417,79.86436
36418,61.550655
36419,48.384464
36420,45.820248
36421,73.8255
36422,58.711884
36423,35.19883
36424,3.9183173
36425,-1.0122743
36426,-0.99703056
36427,-1.0224038
36428,-0.91429126
36429,-0.85308003
36430,-0.8165704
36431,-0.6770647
36432,3.23794
36433,88.934944
36434,91.332344
36435,44.780567
36436,36.805435
36437,34.393837
36438,56.515617
36439,41.59052
36440,43.471466
36441,50.30203
36442,41.451107
36443,42.46349
36444,43.90899
36445,62.46496
36446,117.087746
36447,132.22551
36448,98.51881
36449,117.12057
36450,129.51373
36451,178.71347
36452,149.21169
36453,121.14687
36454,49.54005
36455,34.188442
36456,27.44738
36457,7.6043887
36458,29.043997
36459,55.19093
36460,82.61093
36461,16.665554
36462,27.421322
36463,52.784
36464,79.16134
36465,91.574524
36466,88.32813
36467,71.965416
36468,94.33203
36469,85.80417
36470,83.973946
36471,79.30907
36472,43.74403
36473,46.167484
36474,20.417044
36475,-1.5315355
36476,-0.17538136
36477,99.11405
36478,87.91262
36479,67.295525
36480,32.98018
36481,126.58068
36482,80.67796
36483,92.244644
36484,51.07893
36485,87.04845
36486,34.197037
36487,13.981201
36488,-0.9581781
36489,88.14453
36490,152.19319
36491,271.64874
36492,266.91257
36493,331.20847
36494,235.99243
36495,321.2491
36496,184.7284
36497,154.45981
36498,152.27339
36499,291.94254
36500,127.3722
36501,122.633896
36502,106.42206
36503,125.03338
36504,106.071686
36505,126.08459
36506,153.63577
36507,59.839046
36508,50.40075
36509,24.211863
36510,3.1251118
36511,-3.4802268
36512,-0.79425627
36513,32.493675
36514,130.94946
36515,138.80249
36516,126.16631
36517,119.22312
36518,44.81814
36519,37.62342
36520,24.168186
36521,71.588715
36522,103.336075
36523,110.660645
36524,93.131
36525,98.31579
36526,121.327446
36527,158.34772
36528,212.48099
36529,529.996
36530,465.40588
36531,296.4194
36532,318.77103
36533,337.57614
36534,345.80432
36535,290.6318
36536,323.76096
36537,386.42706
36538,348.607
36539,225.89572
36540,258.04333
36541,373.38962
36542,465.03665
36543,303.4673
36544,270.99646
36545,249.17183
36546,311.05832
36547,281.57092
36548,192.86592
36549,240.58026
36550,309.21295
36551,248.7396
36552,289.7727
36553,341.7119
36554,306.81592
36555,236.36935
36556,224.17682
36557,142.60107
36558,96.03072
36559,118.64895
36560,145.6112
36561,191.63931
36562,269.63422
36563,367.81317
36564,331.0583
36565,240.4906
36566,223.80402
36567,324.9892
36568,270.6985
36569,190.98636
36570,170.63087
36571,174.14198
36572,130.38463
36573,101.55242
36574,61.260365
36575,60.90946
36576,43.690304
36577,1.4710863
36578,-1.454951
36579,-0.8792958
36580,59.310463
36581,122.45471
36582,69.625854
36583,84.61255
36584,96.10004
36585,53.541374
36586,70.197716
36587,8.542728
36588,117.34138
36589,41.298927
36590,7.9664087
36591,51.956543
36592,5.1901383
36593,-0.6432875
36594,-0.78632146
36595,9.241271
36596,5.127025
36597,41.15328
36598,64.5691
36599,41.75331
36600,23.430634
36601,27.008865
36602,22.148922
36603,-1.7200885
36604,-1.673177
36605,-1.9785833
36606,-1.6277052
36607,-2.0348277
36608,-1.6546971
36609,-2.0025303
36610,27.097034
36611,78.61338
36612,110.09858
36613,9.4297905
36614,-1.2406957
36615,-0.79490054
36616,45.455906
36617,83.30463
36618,65.51991
36619,187.10217
36620,301.20334
36621,175.52602
36622,242.77983
36623,389.77924
36624,409.9379
36625,394.8951
36626,351.88663
36627,297.108
36628,382.2237
36629,223.64171
36630,373.74057
36631,123.258316
36632,111.36408
36633,257.49603
36634,309.1986
36635,496.98755
36636,303.9853
36637,250.4419
36638,441.66455
36639,418.94427
36640,456.06317
36641,284.58105
36642,315.66318
36643,352.11584
36644,270.78345
36645,190.61267
36646,171.60979
36647,212.24664
36648,470.8759
36649,568.76306
36650,416.33453
36651,367.84845
36652,339.34274
36653,234.25563
36654,112.726326
36655,162.85544
36656,139.03455
36657,219.25746
36658,241.81763
36659,192.8761
36660,161.37073
36661,214.19438
36662,254.94879
36663,382.9269
36664,446.93765
36665,425.38724
36666,597.5936
36667,739.3355
36668,649.11633
36669,575.2019
36670,545.6914
36671,480.67294
36672,436.49384
36673,391.80978
36674,399.34482
36675,387.9888
36676,355.6155
36677,341.47266
36678,367.81448
36679,419.20227
36680,522.1384
36681,501.42825
36682,385.65588
36683,417.8941
36684,428.1372
36685,452.97202
36686,403.5783
36687,345.97543
36688,354.06494
36689,388.49026
36690,388.3515
36691,236.58467
36692,198.69398
36693,211.28932
36694,224.28778
36695,252.15955
36696,313.9477
36697,184.88434
36698,164.7862
36699,311.94598
36700,262.6293
36701,295.28314
36702,252.1191
36703,233.37448
36704,200.1997
36705,165.84927
36706,90.37454
36707,92.13321
36708,53.132523
36709,49.87084
36710,68.48577
36711,33.24227
36712,18.401777
36713,2.5180964
36714,-1.1954854
36715,-1.2259009
36716,1.2784023
36717,0.82957023
36718,-2.305655
36719,-0.93825036
36720,1.1590214
36721,-0.8786339
36722,-0.8190834
36723,-0.6882282
36724,-0.7819082
36725,-0.76751286
36726,-0.76751286
36727,-0.7729868
36728,-0.8167142
36729,25.008005
36730,105.146255
36731,87.05211
36732,105.32572
36733,79.38169
36734,46.793304
36735,78.822815
36736,105.0849
36737,1.445665
36738,5.102011
36739,85.22879
36740,140.95216
36741,62.360935
36742,56.053043
36743,0.34569374
36744,-0.8422881
36745,-0.7760867
36746,-0.8372773
36747,-0.8140194
36748,-1.4035575
36749,-0.6677628
36750,31.844822
36751,97.07238
36752,72.97172
36753,-2.4276583
36754,-0.7645935
36755,-0.71053624
36756,-0.76648474
36757,-0.7304045
36758,6.610774
36759,17.673183
36760,19.080463
36761,11.346583
36762,11.028464
36763,-0.8487119
36764,-0.8652045
36765,-0.70722455
36766,-0.8338972
36767,-0.8487119
36768,-0.75901145
36769,-0.709933
36770,-0.72362906
36771,-0.7172461
36772,21.821028
36773,19.968065
36774,45.276516
36775,18.716219
36776,-0.15484954
36777,-0.67239684
36778,-1.6890569
36779,59.821808
36780,3.7108274
36781,-0.78722376
36782,-1.4282215
36783,-0.6867313
36784,-0.7247358
36785,-0.8541731
36786,-0.8708853
36787,-0.79284996
36788,-0.85531396
36789,-0.6838895
36790,-0.82079494
36791,-0.79401016
36792,-0.7438656
36793,-0.7803159
36794,-0.78803444
36795,-0.77523553
36796,-0.765798
36797,-0.7782577
36798,-0.8271217
36799,-1.7179366
36800,-0.9686154
36801,-0.9857104
36802,-0.9499935
36803,-1.7231685
36804,-1.0178593
36805,1.6890905
36806,74.519966
36807,71.13444
36808,46.9848
36809,42.23452
36810,42.506237
36811,40.09527
36812,41.811176
36813,45.52979
36814,51.930492
36815,40.08126
36816,43.186043
36817,39.46389
36818,36.47979
36819,12.053781
36820,11.716928
36821,3.6411192
36822,35.75392
36823,58.160656
36824,43.23594
36825,48.755653
36826,44.519623
36827,46.31794
36828,54.2807
36829,49.101677
36830,43.935226
36831,26.368383
36832,17.655916
36833,14.287766
36834,8.736987
36835,-5.285854
36836,-7.422937
36837,-7.2972426
36838,-6.4587884
36839,-5.763989
36840,-7.103156
36841,5.668241
36842,-2.2006907
36843,-5.6971455
36844,-7.9736915
36845,-7.6737103
36846,0.560396
36847,-2.9860587
36848,12.550758
36849,3.9595866
36850,17.994064
36851,0.6315807
36852,17.55791
36853,14.311293
36854,-4.345922
36855,-1.7409494
36856,-1.7959788
36857,-1.7923135
36858,-1.792501
36859,-1.8276591
36860,-1.8159163
36861,-1.8689859
36862,-1.460017
36863,-1.2972338
36864,-0.98012936
36865,-1.744436
36866,-1.0248706
36867,-1.0753174
36868,-1.1008046
36869,-0.91695684
36870,-0.97583014
36871,-0.8748759
36872,-1.0325055
36873,-1.6301684
36874,29.360937
36875,18.266718
36876,49.011795
36877,43.306973
36878,3.3202112
36879,-0.9317374
36880,-0.8435762
36881,-0.91207516
36882,-0.9196074
36883,-0.9196074
36884,-1.6304228
36885,-1.5732278
36886,-1.6243377
36887,-0.82833266
36888,-0.9050895
36889,-0.8892926
36890,-1.4744216
36891,-1.6266178
36892,-0.98826987
36893,-1.0132353
36894,-0.9629179
36895,-0.9927032
36896,-0.9348614
36897,-0.8892926
36898,-0.8561474
36899,-0.8520043
36900,-0.8851496
36901,-0.9307184
36902,-0.8851496
36903,-0.8972796
36904,-0.8851496
36905,-0.895417
36906,-0.9233439
36907,-0.9378618
36908,-0.92408633
36909,-0.92408633
36910,-0.91963947
36911,-0.95015454
36912,-0.90751445
36913,-0.89972353
36914,-0.89725626
36915,-0.8951982
36916,-0.8010365
36917,-0.8605228
36918,-0.90774673
36919,-0.90774673
36920,-0.8984389
36921,-0.95512146
36922,-0.97712535
36923,-0.8987995
36924,27.685928
36925,4.6671367
36926,14.778831
36927,3.3022113
36928,-5.7565928
36929,-1.3013804
36930,-5.407003
36931,-4.138516
36932,8.131288
36933,-5.9126134
36934,-6.0096903
36935,-4.6263647
36936,-6.3918977
36937,14.698301
36938,23.725025
36939,27.662012
36940,18.566673
36941,23.302172
36942,20.295296
36943,22.583303
36944,24.958015
36945,17.243061
36946,3.817268
36947,-0.3612171
36948,0.163734
36949,-0.46785742
36950,-4.155338
36951,-2.0913312
36952,-0.89061147
36953,-0.89216477
36954,-0.89216477
36955,-0.89216477
36956,-1.5210787
36957,-0.79738444
36958,-0.8865239
36959,-0.85337347
36960,-0.8572925
36961,-0.7014614
36962,56.026592
36963,136.53394
36964,164.12491
36965,105.24488
36966,129.11763
36967,106.33234
36968,85.70575
36969,53.76277
36970,41.821312
36971,55.088882
36972,52.85412
36973,32.270996
36974,25.023851
36975,51.821857
36976,79.70276
36977,57.342457
36978,86.14495
36979,76.52145
36980,77.751854
36981,72.04043
36982,16.975042
36983,65.84369
36984,88.04549
36985,68.32797
36986,62.640415
36987,18.319304
36988,29.090567
36989,32.075653
36990,-5.6116734
36991,-1.3049226
36992,-1.5543936
36993,-1.6098864
36994,-1.6611043
36995,-1.6827313
36996,-1.7751018
36997,-1.7287395
36998,-1.7919713
36999,-1.7587879
37000,-1.8695327
37001,-1.8443025
37002,-1.6385742
37003,-1.5070454
37004,-1.2923167
37005,-1.2695532
37006,-1.2695532
37007,-1.2326953
37008,-0.97393763
37009,-1.0319747
37010,-1.7445986
37011,-1.0032703
37012,-1.0699904
37013,-1.7215639
37014,-0.95703906
37015,-0.9444912
37016,-0.9655395
37017,-0.91307503
37018,-0.8724752
37019,22.864893
37020,0.33893877
37021,5.0781436
37022,31.785486
37023,38.363014
37024,37.76032
37025,67.32207
37026,132.70474
37027,105.86053
37028,93.07869
37029,67.60114
37030,34.51769
37031,77.60898
37032,41.130524
37033,82.189026
37034,43.367428
37035,45.51396
37036,21.883043
37037,18.313105
37038,29.999397
37039,26.847832
37040,20.989471
37041,41.405724
37042,48.98623
37043,87.082146
37044,73.13197
37045,57.55416
37046,76.81612
37047,110.60617
37048,132.64977
37049,146.69704
37050,84.83654
37051,16.466402
37052,14.429623
37053,60.418304
37054,39.200935
37055,38.603523
37056,83.83015
37057,56.685677
37058,53.157913
37059,108.00179
37060,109.728874
37061,114.81941
37062,187.31134
37063,225.1023
37064,274.73224
37065,309.98514
37066,288.96725
37067,319.58228
37068,373.95187
37069,344.18118
37070,294.58496
37071,257.015
37072,289.20502
37073,186.74911
37074,182.19914
37075,186.45384
37076,146.00284
37077,145.97546
37078,186.17908
37079,68.9217
37080,126.292465
37081,73.97579
37082,52.37129
37083,87.38917
37084,114.1307
37085,120.421234
37086,76.75495
37087,43.58717
37088,24.995014
37089,48.590256
37090,53.806126
37091,63.9004
37092,76.476746
37093,45.328976
37094,49.133472
37095,49.669903
37096,30.523323
37097,35.909046
37098,33.734394
37099,17.512177
37100,19.484999
37101,15.547638
37102,15.944962
37103,3.0928996
37104,-7.1409836
37105,-7.291011
37106,0.41061467
37107,15.2645
37108,15.342807
37109,11.849076
37110,11.194095
37111,11.2015085
37112,-3.4997227
37113,-7.1210575
37114,-3.930613
37115,12.915688
37116,18.893492
37117,1.4414189
37118,-0.8232789
37119,-0.78793883
37120,-0.7058284
37121,-0.72777903
37122,-0.80988944
37123,-0.72777903
37124,-0.788056
37125,-0.7353173
37126,-0.6432975
37127,61.977234
37128,106.07184
37129,88.30873
37130,35.722824
37131,23.786842
37132,-3.036016
37133,-0.99051857
37134,-0.7992354
37135,-0.861405
37136,-0.8425046
37137,-0.7938541
37138,-0.8279438
37139,-0.8141979
37140,-0.8290127
37141,-0.79188293
37142,-0.8141979
37143,-0.86643124
37144,-0.8152656
37145,-0.8668614
37146,-0.8668614
37147,-0.8255391
37148,-0.8935151
37149,-0.93178
37150,-0.9716126
37151,-0.8936764
37152,-0.91563606
37153,-0.9536526
37154,-0.9688722
37155,-0.92977345
37156,-1.4928005
37157,-0.78931105
37158,-0.94428676
37159,-1.6029345
37160,-0.8552558
37161,-0.8552558
37162,-0.9254798
37163,-0.9005917
37164,-0.817975
37165,-0.9708981
37166,-1.5191051
37167,-0.84829134
37168,-0.78466386
37169,5.1138124
37170,32.40377
37171,46.898365
37172,42.562344
37173,15.243337
37174,23.759768
37175,12.453238
37176,10.912078
37177,6.4427714
37178,0.6311722
37179,-0.801859
37180,-0.801859
37181,-0.7227142
37182,-0.8202801
37183,-0.858183
37184,-0.8426554
37185,-0.8095317
37186,-0.7175188
37187,-0.794281
37188,-0.7105384
37189,-0.76521015
37190,-0.80366147
37191,-0.69117343
37192,19.57289
37193,50.228336
37194,28.332443
37195,33.663998
37196,49.572235
37197,44.908268
37198,95.354904
37199,90.21467
37200,70.77286
37201,30.806126
37202,45.079395
37203,65.17082
37204,90.10555
37205,80.55409
37206,95.2989
37207,103.106995
37208,109.72808
37209,134.46655
37210,130.05093
37211,135.14738
37212,135.28539
37213,146.70613
37214,154.70488
37215,132.68394
37216,96.43595
37217,91.36969
37218,82.80233
37219,87.98698
37220,101.80765
37221,84.75918
37222,110.060394
37223,116.756676
37224,112.20009
37225,77.68918
37226,66.06327
37227,78.674
37228,86.87184
37229,69.32691
37230,53.33584
37231,52.596058
37232,37.933556
37233,14.919321
37234,35.421898
37235,41.02237
37236,42.2829
37237,15.616705
37238,26.98799
37239,22.228825
37240,52.40573
37241,64.992294
37242,83.59016
37243,98.48203
37244,95.03125
37245,88.20759
37246,72.9925
37247,79.733955
37248,112.54308
37249,158.95966
37250,136.24431
37251,115.202515
37252,113.12143
37253,98.32337
37254,101.26974
37255,99.31323
37256,109.62841
37257,102.47835
37258,74.29056
37259,76.828766
37260,72.05835
37261,47.098454
37262,51.156475
37263,40.0753
37264,41.785004
37265,40.47536
37266,33.816624
37267,31.669928
37268,61.196243
37269,61.7095
37270,59.286705
37271,54.121284
37272,43.398945
37273,24.188137
37274,36.94122
37275,14.880236
37276,3.5432181
37277,9.820341
37278,46.253876
37279,50.033432
37280,32.133057
37281,0.3235044
37282,13.385399
37283,4.5998135
37284,-4.3596873
37285,-2.3156924
37286,-0.866954
37287,-0.9271335
37288,-0.9972071
37289,-0.9048831
37290,-1.0026567
37291,-1.0031153
37292,-0.9667201
37293,-0.98839533
37294,47.238823
37295,85.192764
37296,117.34433
37297,59.03434
37298,35.823563
37299,11.319037
37300,27.816278
37301,24.35075
37302,-0.9458513
37303,-0.8425884
37304,-0.81755793
37305,-0.8501607
37306,-0.8716155
37307,-1.3571181
37308,-1.4492345
37309,-0.8501607
37310,14.828066
37311,25.036964
37312,-0.7928126
37313,13.05765
37314,-2.1375637
37315,-0.72426856
37316,-0.79550457
37317,-0.83990836
37318,-0.7616255
37319,-0.80024564
37320,-0.7780595
37321,-0.7780595
37322,-0.80024564
37323,-0.787786
37324,-0.7719891
37325,11.905139
37326,24.255959
37327,36.93627
37328,17.336731
37329,33.553448
37330,23.710943
37331,37.465454
37332,38.36173
37333,47.117104
37334,58.494892
37335,70.3585
37336,113.48828
37337,110.06357
37338,101.55835
37339,107.706505
37340,98.74967
37341,115.131355
37342,123.72247
37343,116.37991
37344,123.72131
37345,121.40661
37346,127.000175
37347,112.12674
37348,170.48097
37349,162.94307
37350,198.80743
37351,169.37766
37352,226.61273
37353,166.10345
37354,161.23506
37355,270.5018
37356,282.91867
37357,264.0236
37358,244.89667
37359,205.4315
37360,193.85062
37361,143.08032
37362,178.7607
37363,162.56416
37364,118.13305
37365,119.96049
37366,92.65797
37367,70.37988
37368,86.601234
37369,120.13242
37370,132.68388
37371,133.44284
37372,167.78442
37373,217.73534
37374,177.24596
37375,140.66522
37376,106.756744
37377,115.317444
37378,75.389626
37379,101.07914
37380,88.82609
37381,89.404106
37382,103.60939
37383,72.51605
37384,44.58033
37385,65.90309
37386,103.08768
37387,103.97875
37388,38.272243
37389,-2.4297094
37390,12.487001
37391,28.225658
37392,45.401634
37393,40.50263
37394,65.65314
37395,28.004414
37396,41.639545
37397,82.51813
37398,68.49213
37399,31.113842
37400,4.9124117
37401,10.575143
37402,5.908268
37403,14.313547
37404,30.211035
37405,51.938435
37406,50.67711
37407,44.359932
37408,58.849316
37409,50.847477
37410,28.193817
37411,-2.8462799
37412,-1.5156602
37413,-1.2806153
37414,-1.3458761
37415,-1.8965635
37416,1.6435225
37417,0.5187406
37418,-1.6503879
37419,-1.2486807
37420,-2.1224477
37421,-1.8807747
37422,-1.4760616
37423,-1.4010657
37424,-1.2489845
37425,-1.206309
37426,-1.1527063
37427,-1.0680708
37428,-0.870804
37429,-0.8802235
37430,-0.8698
37431,-0.99101
37432,-1.031082
37433,-0.9524572
37434,-1.0840147
37435,-1.014609
37436,-1.0658818
37437,-1.0131834
37438,-1.0131834
37439,-1.1228402
37440,-1.0976728
37441,-0.99003
37442,-0.98494965
37443,-1.0159578
37444,-0.982205
37445,-0.98855454
37446,-0.9091342
37447,-0.9091342
37448,-0.9500372
37449,-0.87050796
37450,-0.90944135
37451,-0.94353104
37452,-0.9484618
37453,-0.94019747
37454,-0.94479203
37455,-0.83237195
37456,15.691449
37457,83.29439
37458,63.422863
37459,63.174667
37460,65.339584
37461,41.321693
37462,52.76304
37463,58.529713
37464,64.31038
37465,66.85795
37466,73.00304
37467,44.93204
37468,45.586468
37469,30.92769
37470,39.678783
37471,32.319344
37472,30.238827
37473,25.274164
37474,35.806156
37475,37.856014
37476,30.137197
37477,33.649075
37478,15.699973
37479,12.446087
37480,8.960564
37481,40.22959
37482,39.650394
37483,53.279343
37484,23.313175
37485,65.56313
37486,59.867336
37487,19.771818
37488,18.270111
37489,37.855835
37490,20.787931
37491,18.54578
37492,18.243416
37493,27.477804
37494,-1.6315491
37495,-0.78973883
37496,-0.78809947
37497,-0.7830191
37498,-0.8507076
37499,-0.7830191
37500,-0.81269103
37501,-0.8569699
37502,-0.90279853
37503,-0.8598558
37504,-0.8685765
37505,-0.8685765
37506,-0.9223514
37507,-0.87604463
37508,-0.8801769
37509,-0.9519948
37510,-0.93718
37511,-0.84539694
37512,-0.8090029
37513,-0.78782344
37514,-0.8576036
37515,-0.8872755
37516,-0.93072987
37517,-0.8576036
37518,-0.8371567
37519,-0.83913106
37520,-0.8514694
37521,-0.8514694
37522,-0.8514694
37523,-0.8514694
37524,-0.8672663
37525,-0.8514694
37526,-0.80616367
37527,-0.80616367
37528,-0.80616367
37529,-0.8219607
37530,-0.8414491
37531,-0.88291806
37532,-1.4289415
37533,-0.7874874
37534,-0.8484474
37535,-0.9445121
37536,-1.0284928
37537,-1.0098201
37538,-1.6199924
37539,-0.8584066
37540,-1.6283666
37541,-0.9260979
37542,-0.9884649
37543,-0.9960132
37544,-1.396254
37545,53.593655
37546,-1.7027532
37547,9.105258
37548,-1.473101
37549,-0.8335774
37550,-0.8899921
37551,-0.94010615
37552,-0.91883564
37553,-0.9533851
37554,-0.98355496
37555,-1.0528011
37556,-0.96123606
37557,-0.92110443
37558,-0.99928665
37559,-1.0007254
37560,-1.6756002
37561,-0.99162483
37562,-0.9558865
37563,-0.9846823
37564,-1.0884134
37565,17.672222
37566,2.805741
37567,-1.6827167
37568,-0.9785572
37569,-1.0334893
37570,-1.0334893
37571,-1.064487
37572,6.8346543
37573,13.294542
37574,23.133854
37575,14.35134
37576,7.9141717
37577,1.1134645
37578,-0.87961805
37579,-0.8687221
37580,-0.84076834
37581,-0.8917481
37582,-0.84742427
37583,-0.92129266
37584,-0.92006886
37585,-0.9122025
37586,-0.9122025
37587,-0.8381026
37588,-0.8828066
37589,-0.947851
37590,-0.94399744
37591,-1.5825887
37592,-0.8725825
37593,-0.8783273
37594,-0.9878179
37595,-1.0023718
37596,-1.0206945
37597,-1.0111719
37598,-1.0512515
37599,-1.0478402
37600,-1.0394671
37601,-1.0394671
37602,-1.0489897
37603,-1.0489897
37604,-1.0501204
37605,-1.0425721
37606,-1.0414414
37607,-1.0414414
37608,-1.0319189
37609,-1.0319189
37610,-1.0319189
37611,-1.1004778
37612,-1.1475098
37613,-1.037649
37614,-1.0481094
37615,-1.0692617
37616,-1.0805285
37617,-1.129
37618,-1.129
37619,-1.129
37620,-1.1658138
37621,-1.1536103
37622,-1.1108589
37623,-1.1592882
37624,-1.1676624
37625,-1.1676624
37626,-1.1714916
37627,-1.1676624
37628,-1.1592882
37629,-1.1592882
37630,-1.1592882
37631,-1.1592882
37632,-1.1108589
37633,-1.1919386
37634,-1.1764398
37635,-1.1922368
37636,-1.9628918
37637,-1.1692591
37638,-1.2470466
37639,-1.2312227
37640,-1.1447629
37641,-1.1981978
37642,-1.1737671
37643,-1.1895641
37644,-1.1737671
37645,-1.220794
37646,-1.1443173
37647,-1.1881412
37648,-1.1881412
37649,-1.1881412
37650,-1.1443173
37651,-1.3013082
37652,-1.178592
37653,-1.1493447
37654,-1.1493447
37655,-1.0975124
37656,-1.0975124
37657,-1.1096793
37658,-1.2408615
37659,-1.1873356
37660,-1.1397216
37661,-1.2496167
37662,-1.1747286
37663,-1.1557225
37664,-1.280625
37665,-1.3002323
37666,-1.3069571
37667,-1.2349883
37668,-1.1729305
37669,-1.2185538
37670,-1.9708084
37671,-1.4362866
37672,-0.49424994
37673,20.163431
37674,25.996359
37675,34.797935
37676,7.071611
37677,-1.9056665
37678,-1.3110869
37679,-1.2989199
37680,-1.9136177
37681,-1.2930257
37682,-1.2816578
37683,-1.2405438
37684,-1.2539934
37685,-1.942201
37686,-1.0238378
37687,-1.043099
37688,-0.915032
37689,9.306468
37690,0.34608808
37691,-0.9592798
37692,-0.9240055
37693,-1.0219269
37694,-0.9943149
37695,-1.058835
37696,-0.971898
37697,-1.081621
37698,-1.1124903
37699,-1.0663669
37700,-0.92736405
37701,-0.9079494
37702,-0.97955126
37703,-0.99877477
37704,-1.0215611
37705,-1.006307
37706,-1.0018498
37707,-1.0457255
37708,-1.2337371
37709,-1.2553178
37710,-1.2554485
37711,-1.2702632
37712,-1.2512239
37713,-1.2051584
37714,-1.1153616
37715,-1.2066467
37716,-1.144404
37717,-1.1893348
37718,-1.2117444
37719,-1.1655241
37720,-1.1457936
37721,-1.068044
37722,-1.1841891
37723,-1.1876265
37724,-1.120561
37725,56.301113
37726,84.081726
37727,98.663506
37728,89.432304
37729,75.027885
37730,90.10244
37731,99.43144
37732,95.4518
37733,92.579
37734,94.648544
37735,82.63546
37736,62.31433
37737,95.957016
37738,86.973015
37739,142.18622
37740,173.58066
37741,160.2986
37742,181.97572
37743,200.40154
37744,206.88455
37745,176.50114
37746,182.33856
37747,194.6475
37748,263.9766
37749,389.99277
37750,474.84473
37751,408.0883
37752,419.8293
37753,335.18185
37754,215.76137
37755,209.17368
37756,287.55267
37757,351.3109
37758,387.48563
37759,412.59677
37760,378.33994
37761,450.85617
37762,452.21826
37763,374.97314
37764,343.57104
37765,317.6868
37766,366.10352
37767,375.6115
37768,412.40277
37769,323.6509
37770,386.28973
37771,381.945
37772,222.68639
37773,194.05898
37774,286.31512
37775,335.1743
37776,297.64774
37777,198.56718
37778,218.70003
37779,256.88492
37780,252.86017
37781,243.69363
37782,274.05423
37783,264.967
37784,253.88533
37785,219.06337
37786,182.22849
37787,119.52936
37788,33.895752
37789,-0.38024828
37790,-0.58688444
37791,-0.47550502
37792,81.338135
37793,110.047005
37794,60.425037
37795,91.80612
37796,80.09135
37797,50.500957
37798,29.765903
37799,31.912899
37800,30.921818
37801,31.056122
37802,47.92371
37803,93.52306
37804,54.864975
37805,54.52291
37806,125.528885
37807,57.45725
37808,124.004135
37809,128.69351
37810,111.709366
37811,72.182625
37812,76.27864
37813,77.911606
37814,114.78602
37815,40.89508
37816,19.300003
37817,1.9935949
37818,7.0144873
37819,37.192375
37820,77.06087
37821,77.27294
37822,61.30116
37823,-1.6308527
37824,-0.93073684
37825,-0.9982108
37826,-0.8756257
37827,14.395855
37828,21.72848
37829,12.004129
37830,127.08714
37831,94.5507
37832,12.558553
37833,-0.6867715
37834,-0.7778516
37835,30.21095
37836,42.169174
37837,9.905365
37838,78.274376
37839,-0.6866008
37840,44.364723
37841,40.078777
37842,74.726616
37843,34.493553
37844,-1.8008192
37845,47.22017
37846,-3.1246212
37847,16.624655
37848,2.3807325
37849,-3.43231
37850,-1.0133936
37851,-0.9265098
37852,-0.8192411
37853,-0.7351952
37854,-0.8192411
37855,-0.7668144
37856,-0.660351
37857,-0.72885007
37858,-0.73199594
37859,-0.73199594
37860,-0.72652197
37861,-0.7340542
37862,-0.74730086
37863,28.83294
37864,36.95353
37865,16.619001
37866,-0.05138601
37867,8.087906
37868,2.7303605
37869,13.789369
37870,2.436206
37871,-3.0780156
37872,0.068608865
37873,0.69358623
37874,-1.3937538
37875,-1.6114695
37876,-2.3314698
37877,-1.394356
37878,-1.6286381
37879,-1.6577333
37880,-1.7049925
37881,-1.6683179
37882,-1.7085073
37883,-1.3273519
37884,-1.1623181
37885,-0.9185983
37886,-0.98197794
37887,-0.98197794
37888,-0.9531822
37889,-0.9365082
37890,-0.9609008
37891,-0.93794954
37892,-0.94817877
37893,-0.98457396
37894,-1.0141964
37895,-1.0141964
37896,-1.5633749
37897,-0.92357326
37898,-1.0526807
37899,-0.8440558
37900,-0.91379654
37901,-0.8883419
37902,-0.8883419
37903,-0.69256604
37904,-0.8981192
37905,17.442333
37906,18.254978
37907,28.368513
37908,40.776028
37909,50.2871
37910,46.137527
37911,42.09709
37912,44.70122
37913,71.77548
37914,39.958782
37915,18.965843
37916,49.623814
37917,41.468014
37918,1.8516431
37919,2.6593525
37920,0.009405913
37921,-6.1415763
37922,-3.3131626
37923,-1.6569669
37924,-1.6399062
37925,-2.092341
37926,-1.5691164
37927,-1.3539636
37928,20.109493
37929,44.706444
37930,38.835278
37931,42.18238
37932,52.108635
37933,65.979416
37934,49.55774
37935,49.056572
37936,72.340996
37937,89.02017
37938,64.01625
37939,114.562195
37940,72.45926
37941,85.79916
37942,63.477646
37943,57.552307
37944,42.690155
37945,45.581142
37946,55.033054
37947,26.47938
37948,36.27025
37949,50.792156
37950,65.756355
37951,20.627468
37952,41.466354
37953,54.0377
37954,85.564644
37955,86.77538
37956,18.398998
37957,138.22768
37958,141.66025
37959,131.55412
37960,143.40646
37961,28.46958
37962,68.54914
37963,156.08356
37964,35.241745
37965,128.46902
37966,121.90828
37967,132.13602
37968,201.08264
37969,62.207767
37970,60.28068
37971,134.17686
37972,94.5506
37973,89.16975
37974,66.46778
37975,38.313023
37976,36.454082
37977,92.03507
37978,-2.3317108
37979,54.592037
37980,36.78829
37981,59.380318
37982,2.035796
37983,38.599754
37984,73.25302
37985,18.863125
37986,20.273027
37987,30.514658
37988,79.35144
37989,90.704155
37990,68.13761
37991,47.83372
37992,108.57674
37993,116.45542
37994,100.84475
37995,103.50638
37996,90.892555
37997,86.30158
37998,79.16324
37999,81.20794
38000,71.30556
38001,90.95484
38002,91.6986
38003,109.26254
38004,131.50859
38005,163.40018
38006,193.70796
38007,204.61758
38008,144.77039
38009,185.06815
38010,198.6245
38011,165.69179
38012,158.30215
38013,182.82468
38014,256.3769
38015,265.64554
38016,278.12537
38017,295.5863
38018,253.08878
38019,228.38245
38020,238.80215
38021,217.52261
38022,208.6012
38023,128.83989
38024,133.11101
38025,198.50128
38026,244.29941
38027,299.466
38028,312.75168
38029,332.19507
38030,382.73203
38031,280.87283
38032,281.33902
38033,375.43994
38034,372.59003
38035,568.9372
38036,459.81396
38037,363.18613
38038,363.06094
38039,460.5209
38040,598.3064
38041,644.5811
38042,481.3356
38043,457.22504
38044,521.01324
38045,488.7809
38046,501.28534
38047,469.09387
38048,357.42584
38049,316.26624
38050,276.4719
38051,241.22517
38052,214.51498
38053,310.8707
38054,259.61072
38055,254.26547
38056,364.405
38057,297.4607
38058,294.002
38059,345.02737
38060,256.1788
38061,328.73798
38062,360.7384
38063,281.5369
38064,282.44394
38065,285.3557
38066,213.7833
38067,219.6739
38068,458.90845
38069,789.68915
38070,789.49347
38071,721.4584
38072,528.02277
38073,278.2087
38074,226.92467
38075,172.69493
38076,99.09083
38077,128.92398
38078,89.1157
38079,20.228064
38080,88.23851
38081,108.71761
38082,193.15456
38083,115.04486
38084,61.725307
38085,92.0677
38086,77.31855
38087,29.853136
38088,38.842266
38089,24.299177
38090,29.286715
38091,0.8601678
38092,-0.71553063
38093,-0.7169693
38094,-0.6805542
38095,-0.7457568
38096,-0.8410354
38097,-0.83576137
38098,-2.1277022
38099,639.5623
38100,925.7764
38101,693.2907
38102,970.5081
38103,663.2412
38104,421.73193
38105,98.40104
38106,491.18616
38107,373.05508
38108,198.7635
38109,418.1514
38110,322.9764
38111,155.17227
38112,138.04366
38113,175.8447
38114,257.66736
38115,380.91904
38116,311.71793
38117,148.17067
38118,3.4529142
38119,-0.85160905
38120,-0.63527274
38121,-0.6861912
38122,-0.7308656
38123,-0.73858416
38124,-0.77948844
38125,-0.741395
38126,-0.8027402
38127,-1.4486483
38128,19.413227
38129,387.52698
38130,159.6122
38131,160.01901
38132,89.61789
38133,62.54217
38134,96.2405
38135,106.531654
38136,139.77197
38137,178.24437
38138,138.07417
38139,176.22758
38140,136.49034
38141,152.25699
38142,171.0653
38143,144.01633
38144,90.09832
38145,94.768776
38146,97.68324
38147,88.00512
38148,78.926056
38149,73.37281
38150,69.81177
38151,91.774315
38152,105.763306
38153,85.41588
38154,86.94005
38155,85.36672
38156,107.851105
38157,114.80789
38158,97.54175
38159,99.35509
38160,89.57141
38161,121.06729
38162,124.07364
38163,97.95033
38164,72.23852
38165,73.00479
38166,86.38115
38167,108.23081
38168,107.35868
38169,121.54234
38170,139.60133
38171,86.98618
38172,61.987843
38173,81.9148
38174,70.4431
38175,67.55526
38176,66.27387
38177,52.234917
38178,16.512613
38179,9.480492
38180,14.478739
38181,51.113235
38182,57.885426
38183,53.876804
38184,49.585598
38185,50.55871
38186,46.418026
38187,55.090492
38188,35.722294
38189,6.0384116
38190,-4.1469197
38191,-5.5494223
38192,-0.1883784
38193,16.265234
38194,28.030855
38195,51.616688
38196,87.848114
38197,143.21698
38198,118.73661
38199,94.83547
38200,66.887
38201,16.881392
38202,7.5753202
38203,14.719872
38204,41.433807
38205,35.217625
38206,37.36664
38207,37.249256
38208,26.293617
38209,38.15053
38210,20.522558
38211,37.55489
38212,34.852848
38213,51.078144
38214,75.17086
38215,85.33954
38216,67.120125
38217,49.77113
38218,26.781836
38219,50.976933
38220,82.9352
38221,64.22205
38222,13.12342
38223,-2.1628263
38224,-1.4710646
38225,-0.8962639
38226,-1.1067464
38227,-0.9453192
38228,-0.9007869
38229,-0.9075613
38230,-0.9075613
38231,-0.8174993
38232,-0.8174993
38233,-0.8733965
38234,-0.8161107
38235,-0.8464255
38236,-0.83962625
38237,-0.8194826
38238,-0.8745716
38239,-0.90514594
38240,-0.87233657
38241,-0.8817232
38242,-0.88211995
38243,-0.88211995
38244,-0.8091179
38245,45.114594
38246,33.015648
38247,65.449554
38248,5.571343
38249,-1.3074887
38250,-0.74007016
38251,-0.79317087
38252,22.850168
38253,16.280773
38254,14.332687
38255,7.0073986
38256,10.069749
38257,1.128541
38258,-0.66376203
38259,-0.66980237
38260,-0.66980237
38261,-0.66980237
38262,-0.7386853
38263,6.5806007
38264,24.548243
38265,33.608746
38266,27.415405
38267,26.779057
38268,29.264803
38269,-0.45875835
38270,9.571954
38271,3.2910397
38272,-0.66980237
38273,21.058403
38274,74.95406
38275,16.110537
38276,34.899124
38277,51.324738
38278,82.62057
38279,107.62862
38280,117.79713
38281,119.25355
38282,162.27939
38283,200.37666
38284,256.44272
38285,265.1498
38286,171.47543
38287,175.72957
38288,100.26068
38289,166.9645
38290,230.35764
38291,68.89939
38292,95.02279
38293,138.5745
38294,138.3851
38295,233.30383
38296,419.46158
38297,346.0804
38298,407.65543
38299,467.28348
38300,370.9675
38301,381.45853
38302,378.2578
38303,342.8441
38304,369.68353
38305,472.2086
38306,393.02786
38307,243.71243
38308,166.08795
38309,273.80746
38310,297.1847
38311,357.33377
38312,389.1081
38313,423.0494
38314,396.34616
38315,363.30423
38316,328.29755
38317,312.43912
38318,424.7807
38319,332.3259
38320,332.28357
38321,318.82654
38322,301.57852
38323,186.92334
38324,303.23093
38325,367.2282
38326,449.96133
38327,395.24744
38328,523.30994
38329,612.402
38330,592.094
38331,439.5146
38332,511.10175
38333,643.43896
38334,550.3735
38335,584.2315
38336,712.27814
38337,672.62976
38338,629.9201
38339,530.0971
38340,410.98236
38341,436.89142
38342,463.60907
38343,578.254
38344,494.61853
38345,268.704
38346,226.13924
38347,239.49571
38348,224.30334
38349,242.88539
38350,242.18854
38351,330.5736
38352,360.0553
38353,321.82233
38354,476.21838
38355,408.2624
38356,404.71695
38357,410.52255
38358,412.0305
38359,445.205
38360,567.0116
38361,483.82153
38362,463.83478
38363,503.72534
38364,660.2692
38365,597.347
38366,586.8864
38367,678.56665
38368,642.571
38369,794.9634
38370,695.52026
38371,732.299
38372,648.52484
38373,962.7198
38374,734.7795
38375,737.5788
38376,703.51465
38377,785.4151
38378,906.3728
38379,861.6534
38380,796.9909
38381,787.4901
38382,790.89667
38383,826.7479
38384,975.26733
38385,897.87305
38386,1022.50104
38387,1115.9135
38388,1113.9916
38389,971.85236
38390,1341.2659
38391,929.2608
38392,905.3937
38393,1012.5642
38394,796.66077
38395,1270.854
38396,910.6053
38397,953.16
38398,884.23755
38399,786.32355
38400,568.6764
38401,636.2565
38402,795.20953
38403,601.4623
38404,375.15396
38405,674.61487
38406,803.8279
38407,863.4619
38408,635.6567
38409,699.4529
38410,797.8846
38411,514.37366
38412,331.99496
38413,466.1711
38414,500.47778
38415,599.98004
38416,453.75372
38417,361.85294
38418,537.5174
38419,629.16644
38420,796.7864
38421,1035.0293
38422,849.0924
38423,991.1919
38424,780.95795
38425,751.473
38426,674.08136
38427,523.16876
38428,602.7269
38429,694.73895
38430,799.1837
38431,713.25696
38432,554.4913
38433,584.138
38434,603.1717
38435,549.0797
38436,541.24084
38437,504.60327
38438,459.8473
38439,282.02316
38440,317.09042
38441,545.2562
38442,624.9969
38443,680.03
38444,806.89
38445,690.8016
38446,522.245
38447,403.38937
38448,348.79517
38449,310.71994
38450,394.0759
38451,392.38318
38452,466.66257
38453,482.95636
38454,431.4514
38455,477.79678
38456,628.3208
38457,802.8407
38458,597.4106
38459,489.7793
38460,630.6579
38461,540.91095
38462,726.04785
38463,653.59155
38464,906.9594
38465,924.63257
38466,711.8875
38467,496.5672
38468,540.60205
38469,664.17084
38470,716.74677
38471,853.63495
38472,1128.5596
38473,1263.4061
38474,1252.579
38475,1463.2654
38476,1241.3251
38477,1213.1346
38478,819.1282
38479,462.6015
38480,323.42572
38481,268.4119
38482,262.42358
38483,457.1548
38484,274.8811
38485,151.99164
38486,173.33963
38487,133.07367
38488,178.62465
38489,551.10345
38490,308.45377
38491,275.69824
38492,359.5736
38493,272.53928
38494,556.0298
38495,564.7522
38496,488.98444
38497,471.80902
38498,440.83463
38499,537.82764
38500,512.95355
38501,254.86067
38502,113.0033
38503,95.24724
38504,199.72357
38505,250.00452
38506,122.337105
38507,113.6675
38508,39.04367
38509,113.56992
38510,111.98448
38511,92.41134
38512,91.11936
38513,382.7196
38514,145.11134
38515,135.79665
38516,119.89625
38517,188.67245
38518,167.80835
38519,108.53114
38520,117.753815
38521,99.949295
38522,21.101076
38523,57.225037
38524,103.75664
38525,117.608826
38526,119.60582
38527,75.94192
38528,108.905655
38529,63.22553
38530,72.31242
38531,116.812096
38532,49.250652
38533,160.21857
38534,41.053394
38535,197.76622
38536,165.80757
38537,122.11165
38538,98.58868
38539,31.981342
38540,117.91969
38541,160.59155
38542,114.88342
38543,50.280884
38544,78.06312
38545,118.326256
38546,118.329796
38547,0.5901275
38548,-1.2990664
38549,-0.7845456
38550,71.0361
38551,114.63141
38552,135.14719
38553,62.0831
38554,48.695023
38555,82.20289
38556,79.48662
38557,192.4685
38558,152.31346
38559,0.6478815
38560,-0.054134868
38561,129.88188
38562,86.67959
38563,62.361473
38564,54.374134
38565,38.24277
38566,88.25961
38567,75.87042
38568,73.563484
38569,72.54182
38570,38.61083
38571,-2.8681784
38572,4.631598
38573,22.100655
38574,-2.01638
38575,0.7553549
38576,-4.3310933
38577,6.261858
38578,48.26038
38579,40.373676
38580,33.206886
38581,19.712786
38582,80.07121
38583,63.61733
38584,57.417717
38585,17.651287
38586,9.561111
38587,-3.2927952
38588,-1.8159367
38589,-1.552644
38590,-1.3135535
38591,-1.1753873
38592,-1.0962666
38593,-0.8264297
38594,-0.8264297
38595,-0.8845959
38596,-0.8235115
38597,-0.81011987
38598,-0.7897415
38599,-0.7717822
38600,-0.9280501
38601,-0.9358322
38602,-0.9092297
38603,-0.95626134
38604,-0.94747555
38605,-0.96862805
38606,-0.96040416
38607,-0.98249376
38608,-1.0329545
38609,-1.011802
38610,-1.0623796
38611,-1.0531986
38612,-0.99458057
38613,-0.97457516
38614,-0.91815853
38615,-0.9909173
38616,-1.0096322
38617,-1.0315174
38618,-1.0828488
38619,-1.0828488
38620,-1.0828488
38621,-1.0828488
38622,-1.919198
38623,-1.0865109
38624,-1.0879749
38625,-1.0658851
38626,-1.0479853
38627,-1.0742481
38628,-1.0350902
38629,-1.09773
38630,33.827087
38631,69.99974
38632,60.358208
38633,45.676792
38634,78.87945
38635,61.3082
38636,66.989075
38637,72.38934
38638,81.849434
38639,99.248436
38640,97.98785
38641,99.58325
38642,105.965416
38643,94.52915
38644,48.880184
38645,85.606964
38646,69.843346
38647,49.290108
38648,29.396742
38649,12.220344
38650,55.17052
38651,113.86441
38652,81.83565
38653,132.08432
38654,132.93684
38655,141.25165
38656,145.45413
38657,105.38191
38658,157.83565
38659,71.48108
38660,163.81032
38661,168.46057
38662,155.78365
38663,262.82013
38664,253.42857
38665,358.52017
38666,344.57617
38667,252.50084
38668,266.40555
38669,145.34575
38670,122.674286
38671,173.29535
38672,107.910706
38673,121.66065
38674,95.51537
38675,111.26054
38676,99.276596
38677,219.1272
38678,296.56104
38679,185.29442
38680,141.3433
38681,88.854706
38682,141.93349
38683,299.8757
38684,180.41707
38685,198.14348
38686,205.58463
38687,196.67934
38688,183.81325
38689,142.1124
38690,231.25146
38691,161.57397
38692,229.18365
38693,217.90321
38694,176.86372
38695,182.27014
38696,132.70238
38697,142.34787
38698,202.1429
38699,198.1979
38700,225.36395
38701,267.5641
38702,301.31165
38703,328.12323
38704,393.1455
38705,434.30383
38706,411.79053
38707,512.1922
38708,682.66516
38709,640.53253
38710,810.0014
38711,1084.584
38712,1085.8005
38713,1011.43945
38714,915.33856
38715,888.62506
38716,1006.8223
38717,996.7238
38718,972.91797
38719,694.29236
38720,678.10474
38721,838.504
38722,983.53326
38723,1051.9161
38724,851.99005
38725,749.26636
38726,836.01794
38727,856.6742
38728,838.5806
38729,823.81354
38730,758.2167
38731,738.4823
38732,608.71356
38733,833.8019
38734,754.2184
38735,769.26105
38736,951.1388
38737,951.48004
38738,900.8297
38739,865.04297
38740,890.5096
38741,915.4607
38742,945.9669
38743,1147.3606
38744,1175.8461
38745,1170.773
38746,1105.5181
38747,1160.6663
38748,1169.2697
38749,1126.4993
38750,1024.5916
38751,1007.99536
38752,963.61395
38753,974.29834
38754,1156.0424
38755,1178.2336
38756,1172.4159
38757,1200.6261
38758,1405.2622
38759,1470.6578
38760,1546.937
38761,1470.7865
38762,1506.3998
38763,1545.4949
38764,1369.6947
38765,1427.2518
38766,1505.981
38767,1576.5963
38768,1626.4131
38769,1424.8887
38770,1484.5488
38771,1571.8418
38772,1447.754
38773,1335.7854
38774,1556.7245
38775,1613.5966
38776,1695.4037
38777,1558.8541
38778,1407.5354
38779,1381.0061
38780,1517.5322
38781,1534.4384
38782,1280.5514
38783,881.41974
38784,1064.3306
38785,1134.1627
38786,1377.0482
38787,1392.8096
38788,1398.5912
38789,1191.222
38790,1381.6533
38791,1006.61487
38792,1340.09
38793,1490.3182
38794,1357.6046
38795,1293.1166
38796,1416.4572
38797,1430.5863
38798,1777.2236
38799,1316.8896
38800,1063.1637
38801,1188.6344
38802,1602.3395
38803,1283.7435
38804,1317.0292
38805,1199.027
38806,1544.7665
38807,1685.353
38808,1514.6495
38809,887.55676
38810,772.5774
38811,825.3983
38812,690.4304
38813,670.1768
38814,963.65576
38815,1218.1898
38816,1101.1707
38817,883.5753
38818,1387.5505
38819,961.6642
38820,448.11417
38821,664.6576
38822,708.386
38823,552.0684
38824,585.7303
38825,534.0599
38826,798.5178
38827,704.7344
38828,848.49304
38829,699.5454
38830,469.1217
38831,620.87775
38832,730.1751
38833,856.1876
38834,717.67535
38835,818.3059
38836,570.45807
38837,522.2048
38838,516.36707
38839,509.8257
38840,496.6151
38841,470.66843
38842,898.995
38843,816.1178
38844,509.8399
38845,566.7467
38846,439.25183
38847,267.21484
38848,59.480083
38849,76.97281
38850,134.92519
38851,130.0978
38852,74.992905
38853,162.89288
38854,160.68826
38855,88.64727
38856,111.41496
38857,190.18677
38858,199.66096
38859,225.76407
38860,363.28452
38861,408.8443
38862,467.7355
38863,550.8486
38864,566.22186
38865,538.8435
38866,497.06506
38867,440.10953
38868,430.57083
38869,377.80432
38870,345.5815
38871,295.7483
38872,277.7754
38873,299.53506
38874,292.12518
38875,184.55185
38876,179.2719
38877,198.88306
38878,153.3081
38879,114.48941
38880,80.02779
38881,79.11151
38882,51.03977
38883,125.540306
38884,132.66975
38885,167.50517
38886,158.6701
38887,151.10657
38888,172.71028
38889,233.67198
38890,123.038536
38891,108.86231
38892,93.76556
38893,170.2957
38894,200.38008
38895,149.39616
38896,159.29018
38897,147.70851
38898,171.74283
38899,177.17004
38900,248.12173
38901,344.17108
38902,325.84158
38903,339.17505
38904,372.26315
38905,253.97652
38906,338.18552
38907,329.91232
38908,361.36337
38909,360.12537
38910,334.2442
38911,267.2622
38912,246.92876
38913,256.76257
38914,348.81995
38915,309.3215
38916,244.72882
38917,213.07307
38918,204.42105
38919,215.80019
38920,257.808
38921,246.93698
38922,218.8738
38923,188.60556
38924,196.64267
38925,168.67455
38926,145.38208
38927,166.4513
38928,110.11414
38929,115.498344
38930,78.31835
38931,52.86266
38932,66.81628
38933,71.489044
38934,99.30387
38935,76.070526
38936,19.354078
38937,9.955641
38938,72.713165
38939,110.82674
38940,68.27329
38941,136.90768
38942,117.90038
38943,127.32946
38944,100.43789
38945,165.32407
38946,56.45249
38947,57.665398
38948,137.54575
38949,184.59462
38950,115.48672
38951,225.29591
38952,138.80951
38953,189.13301
38954,102.96533
38955,192.19357
38956,240.81252
38957,137.12006
38958,252.37254
38959,272.26065
38960,324.73093
38961,311.81436
38962,267.14804
38963,184.40114
38964,305.7706
38965,104.82915
38966,147.9564
38967,334.5788
38968,205.85222
38969,131.88727
38970,209.97047
38971,123.39044
38972,235.73389
38973,253.04633
38974,164.95581
38975,148.11852
38976,352.6888
38977,574.7118
38978,247.54202
38979,157.09634
38980,186.69128
38981,172.8716
38982,172.40396
38983,174.80641
38984,199.03583
38985,331.17978
38986,571.53235
38987,412.08493
38988,306.4258
38989,314.40207
38990,318.30197
38991,282.73962
38992,209.71033
38993,147.25325
38994,100.652794
38995,83.925934
38996,156.86667
38997,99.66852
38998,89.856544
38999,114.39886
39000,239.81079
39001,307.07086
39002,280.84262
39003,318.5983
39004,368.25543
39005,315.3524
39006,191.47212
39007,166.35509
39008,94.58386
39009,110.97052
39010,114.08729
39011,81.01287
39012,23.661968
39013,12.352783
39014,18.599941
39015,9.350461
39016,-2.562216
39017,11.777928
39018,95.67185
39019,181.21637
39020,269.11105
39021,170.66013
39022,223.35551
39023,327.282
39024,160.91353
39025,208.54027
39026,274.08075
39027,348.16516
39028,313.5152
39029,299.82047
39030,237.9718
39031,171.97826
39032,73.00918
39033,56.34848
39034,12.676271
39035,-3.4259346
39036,-6.4196935
39037,-2.10527
39038,0.50256544
39039,1.2157438
39040,-0.35112345
39041,-0.85812426
39042,-0.86861545
39043,-1.6453708
39044,-1.4636213
39045,-1.1509025
39046,-1.0674669
39047,-1.0336765
39048,-1.0339544
39049,-1.0339544
39050,-1.0631394
39051,-1.0631394
39052,-1.0566769
39053,26.339035
39054,90.521126
39055,95.85351
39056,101.231766
39057,125.84939
39058,110.580055
39059,149.50995
39060,186.22554
39061,340.48706
39062,360.14716
39063,378.2047
39064,459.94443
39065,537.3037
39066,560.5491
39067,591.15656
39068,595.50635
39069,598.1949
39070,423.64297
39071,252.4584
39072,269.8903
39073,388.40634
39074,364.04248
39075,281.28296
39076,322.24716
39077,291.7438
39078,219.96512
39079,176.69258
39080,221.48318
39081,348.70627
39082,309.83887
39083,415.82953
39084,327.55646
39085,473.7391
39086,563.9338
39087,386.38846
39088,522.09454
39089,607.0513
39090,385.1963
39091,521.2624
39092,655.70184
39093,352.0949
39094,365.97906
39095,569.2245
39096,348.07654
39097,327.2876
39098,196.23064
39099,303.84427
39100,493.59738
39101,570.8475
39102,317.17563
39103,256.4234
39104,577.7218
39105,536.7258
39106,299.41943
39107,349.22095
39108,282.7393
39109,715.22675
39110,494.41336
39111,364.10233
39112,482.76257
39113,362.79517
39114,229.25166
39115,350.67157
39116,399.94968
39117,282.5559
39118,307.80957
39119,390.96478
39120,416.60602
39121,263.2304
39122,253.90701
39123,382.27814
39124,482.5047
39125,495.62
39126,244.2993
39127,290.8438
39128,478.11737
39129,703.53735
39130,572.999
39131,659.55786
39132,831.59326
39133,755.347
39134,800.05646
39135,784.8666
39136,892.0127
39137,967.5554
39138,926.4872
39139,852.72205
39140,834.3743
39141,924.67865
39142,1055.6559
39143,904.0762
39144,870.89966
39145,1188.5077
39146,910.184
39147,912.47766
39148,774.8898
39149,869.054
39150,1022.8319
39151,1175.9645
39152,1279.056
39153,1269.6154
39154,1209.0706
39155,862.42065
39156,873.0957
39157,1144.0596
39158,1104.3817
39159,1020.9061
39160,953.5265
39161,1047.1091
39162,914.2807
39163,954.1741
39164,1108.7131
39165,1237.4713
39166,1065.1559
39167,720.54407
39168,885.15765
39169,957.89496
39170,661.62274
39171,554.0821
39172,557.3814
39173,765.5773
39174,568.51544
39175,516.0713
39176,486.25186
39177,470.34232
39178,499.89377
39179,452.49017
39180,411.7287
39181,342.0562
39182,461.7516
39183,440.8295
39184,510.88828
39185,614.0351
39186,614.0864
39187,641.83075
39188,681.969
39189,560.6764
39190,661.66815
39191,671.1794
39192,540.0
39193,571.93787
39194,597.1699
39195,432.92734
39196,367.1685
39197,273.02914
39198,210.54124
39199,221.29373
39200,247.96878
39201,222.78444
39202,227.69792
39203,193.46526
39204,215.41661
39205,276.17325
39206,262.527
39207,188.14151
39208,225.36111
39209,235.8353
39210,155.41814
39211,119.02691
39212,116.68434
39213,113.5697
39214,113.25515
39215,32.50112
39216,38.60587
39217,74.1939
39218,62.72023
39219,77.33524
39220,101.960396
39221,211.25575
39222,123.423164
39223,130.68965
39224,106.9735
39225,67.98743
39226,124.309074
39227,116.11915
39228,106.57127
39229,99.423615
39230,117.27385
39231,111.924095
39232,78.39738
39233,7.4928575
39234,-2.8945417
39235,-1.9277105
39236,-1.8786528
39237,-1.8058264
39238,-1.8257852
39239,-1.9121125
39240,-1.9121125
39241,-1.8387766
39242,-1.8972977
39243,-2.3063645
39244,-1.3187864
39245,-1.210281
39246,-0.954859
39247,-0.922001
39248,-0.906204
39249,-1.583449
39250,-0.9157484
39251,-0.7016569
39252,-0.65937454
39253,-0.72071666
39254,-0.7132376
39255,-0.70222193
39256,-0.8583657
39257,-0.9596921
39258,-0.9522247
39259,-0.9351298
39260,-0.9517729
39261,22.338829
39262,88.42236
39263,105.136826
39264,72.41569
39265,78.43919
39266,51.63822
39267,39.65917
39268,72.19375
39269,71.2626
39270,45.468815
39271,16.440338
39272,21.20715
39273,28.399033
39274,6.2495246
39275,6.4902625
39276,-4.0740094
39277,-0.72190815
39278,-1.3703616
39279,-0.736733
39280,-0.7141523
39281,-0.76998717
39282,-0.8036851
39283,66.20989
39284,103.72108
39285,118.46585
39286,77.154594
39287,49.50893
39288,22.055416
39289,10.961055
39290,14.967834
39291,29.068363
39292,-2.987693
39293,-3.5988624
39294,18.6148
39295,18.864294
39296,37.29676
39297,41.0625
39298,44.554436
39299,11.366001
39300,5.0046334
39301,-5.6729846
39302,-5.053403
39303,-0.7919752
39304,-0.82256657
39305,-0.82256657
39306,-0.82256657
39307,-0.80996734
39308,-0.80996734
39309,-0.80996734
39310,-0.80996734
39311,-0.80996734
39312,-0.85847163
39313,-1.4250498
39314,-0.7883431
39315,-0.7883431
39316,-0.7883431
39317,-0.8182562
39318,-0.80403006
39319,-0.8138134
39320,-0.82759696
39321,-0.8058335
39322,-0.8208273
39323,-0.79147905
39324,-0.8909027
39325,-0.8428126
39326,-0.8428126
39327,-0.8428126
39328,-0.8428126
39329,-0.8428126
39330,-0.8052595
39331,-0.8052595
39332,-0.8052595
39333,-0.8081777
39334,-0.9124637
39335,-0.9256198
39336,-0.98672414
39337,-0.9971845
39338,-1.0549445
39339,-1.091758
39340,-1.091758
39341,-1.0485274
39342,-1.0375404
39343,-1.0715234
39344,-1.1534429
39345,-1.099466
39346,-1.1218346
39347,-1.0614109
39348,-1.0503968
39349,-1.0526769
39350,-1.0432123
39351,-1.0807317
39352,-0.9921485
39353,-1.0313145
39354,-1.0104325
39355,-0.9951867
39356,-0.9811341
39357,-1.0082002
39358,-1.0414567
39359,-0.99393153
39360,-1.0408989
39361,-1.08079
39362,-1.1176038
39363,-1.0629885
39364,-1.0866015
39365,-1.1671526
39366,-1.1538132
39367,-1.1919518
39368,-1.2218156
39369,-1.212293
39370,-1.2113551
39371,-1.1219132
39372,-1.147296
39373,-1.2195355
39374,-1.2113551
39375,-1.2113551
39376,-1.1825756
39377,9.761929
39378,44.967564
39379,-1.9643558
39380,-1.0442873
39381,-1.1264064
39382,-1.85476
39383,-1.2337911
39384,-1.1353629
39385,-1.0974144
39386,-1.0426679
39387,-1.7413465
39388,3.1677332
39389,-1.0569785
39390,-1.0330074
39391,-0.98743844
39392,7.1668186
39393,22.905508
39394,-1.28231
39395,-0.8603215
39396,-0.80695474
39397,-0.80987287
39398,-0.71378756
39399,-0.90402424
39400,-0.86517453
39401,-0.7636187
39402,10.269209
39403,22.290852
39404,18.306236
39405,-4.5666122
39406,-2.6978312
39407,-0.96261376
39408,-0.93843627
39409,60.568825
39410,168.5205
39411,171.19186
39412,156.95924
39413,143.32683
39414,159.23236
39415,150.25491
39416,129.45056
39417,169.07088
39418,178.69789
39419,176.09084
39420,131.53381
39421,120.88567
39422,132.23573
39423,126.24485
39424,151.28165
39425,141.96545
39426,153.3397
39427,219.68585
39428,255.2568
39429,243.38594
39430,263.76907
39431,331.63693
39432,298.06873
39433,288.65305
39434,281.47424
39435,224.60735
39436,198.26088
39437,196.0903
39438,191.24951
39439,189.40248
39440,168.58588
39441,147.59372
39442,168.7825
39443,185.01457
39444,179.50977
39445,154.58185
39446,203.56474
39447,250.9423
39448,359.62277
39449,353.01086
39450,337.9052
39451,408.33136
39452,358.22595
39453,446.85553
39454,413.33234
39455,445.47916
39456,494.41748
39457,511.273
39458,520.94
39459,596.72253
39460,487.49402
39461,606.19293
39462,516.8297
39463,465.4363
39464,522.2738
39465,681.61456
39466,635.4472
39467,605.6178
39468,596.3135
39469,517.5791
39470,570.639
39471,537.6911
39472,519.545
39473,562.04376
39474,663.52014
39475,569.77954
39476,466.8952
39477,476.977
39478,415.74667
39479,410.85043
39480,429.87302
39481,398.5067
39482,272.89444
39483,216.9575
39484,254.40334
39485,205.74046
39486,211.11124
39487,259.18634
39488,296.4747
39489,336.7565
39490,277.13794
39491,344.9778
39492,322.23154
39493,356.9784
39494,323.01193
39495,420.75394
39496,463.16736
39497,492.321
39498,371.8018
39499,313.59814
39500,258.22726
39501,313.60812
39502,298.0515
39503,239.8963
39504,288.00723
39505,288.14276
39506,245.82254
39507,259.47055
39508,216.07857
39509,176.26105
39510,354.3021
39511,161.7555
39512,181.38196
39513,154.87744
39514,145.23985
39515,169.90295
39516,141.88156
39517,109.165184
39518,66.592865
39519,110.75205
39520,119.227165
39521,107.07061
39522,112.25363
39523,116.79116
39524,133.57083
39525,127.39576
39526,52.06418
39527,42.675854
39528,81.09352
39529,80.6548
39530,77.366356
39531,102.15444
39532,114.50618
39533,131.34018
39534,163.88449
39535,129.6261
39536,79.76829
39537,139.48239
39538,118.22691
39539,108.279495
39540,93.314644
39541,120.57873
39542,67.94732
39543,59.277752
39544,44.40097
39545,77.38496
39546,107.44276
39547,137.27094
39548,146.4476
39549,82.184044
39550,72.93481
39551,23.16353
39552,20.572998
39553,20.815504
39554,51.256622
39555,87.967606
39556,106.095856
39557,183.06796
39558,362.316
39559,328.41748
39560,254.74736
39561,357.25055
39562,361.13184
39563,296.07382
39564,256.21814
39565,225.75447
39566,190.50427
39567,186.6385
39568,210.89244
39569,183.95824
39570,240.71059
39571,295.08386
39572,371.1327
39573,384.0172
39574,382.2661
39575,372.32837
39576,377.7449
39577,318.94302
39578,278.45157
39579,280.89792
39580,198.97304
39581,189.70728
39582,237.25812
39583,224.94772
39584,201.55177
39585,323.4011
39586,373.05432
39587,403.43958
39588,473.69284
39589,615.1903
39590,587.10785
39591,528.00476
39592,438.16324
39593,356.42392
39594,278.79575
39595,254.38956
39596,150.17464
39597,169.52145
39598,128.0291
39599,176.51595
39600,222.356
39601,308.51187
39602,403.9409
39603,264.78055
39604,124.77237
39605,169.83623
39606,290.46783
39607,305.0022
39608,207.49
39609,244.27043
39610,274.83838
39611,297.46243
39612,299.9391
39613,324.89377
39614,291.89966
39615,296.46652
39616,315.03543
39617,276.68878
39618,203.39806
39619,180.03647
39620,148.51682
39621,133.48917
39622,167.91025
39623,115.58588
39624,60.85265
39625,54.608727
39626,75.98521
39627,51.593674
39628,20.838074
39629,43.11831
39630,21.561975
39631,4.3205643
39632,9.587705
39633,42.467236
39634,19.808538
39635,6.80274
39636,6.5311503
39637,38.903206
39638,47.82216
39639,4.8137183
39640,8.467212
39641,51.44604
39642,37.36077
39643,101.50422
39644,78.93705
39645,145.5957
39646,99.89109
39647,56.689564
39648,32.14312
39649,80.40447
39650,91.90995
39651,128.19817
39652,98.17155
39653,46.571674
39654,17.733263
39655,4.2008886
39656,-0.64665174
39657,145.69528
39658,76.88799
39659,157.5288
39660,159.35844
39661,198.99124
39662,146.5553
39663,112.37081
39664,253.04892
39665,187.04794
39666,185.25658
39667,512.6034
39668,284.75943
39669,163.12654
39670,244.91946
39671,194.38615
39672,139.3125
39673,159.8592
39674,268.17004
39675,207.29413
39676,119.192345
39677,224.99094
39678,144.56891
39679,201.19191
39680,308.9365
39681,289.25055
39682,456.04965
39683,383.60156
39684,275.07037
39685,356.60724
39686,342.16116
39687,207.2083
39688,303.68738
39689,321.04218
39690,266.45035
39691,250.06589
39692,186.19525
39693,142.16908
39694,183.85432
39695,268.0577
39696,411.16693
39697,475.43323
39698,599.42883
39699,741.1312
39700,770.1968
39701,990.6594
39702,999.9961
39703,857.2283
39704,751.1845
39705,673.5471
39706,579.81305
39707,489.2353
39708,515.2968
39709,604.60675
39710,727.6322
39711,826.47955
39712,777.2407
39713,701.3173
39714,643.48627
39715,681.4713
39716,919.5561
39717,783.9862
39718,743.81683
39719,652.6531
39720,705.03674
39721,718.7656
39722,804.58606
39723,827.06647
39724,881.5545
39725,831.84424
39726,895.80634
39727,888.2272
39728,909.9734
39729,842.5478
39730,678.61707
39731,549.0855
39732,611.102
39733,626.6484
39734,562.3176
39735,519.944
39736,535.05414
39737,596.3922
39738,676.67993
39739,645.9164
39740,553.54736
39741,495.42154
39742,538.8815
39743,652.4485
39744,713.03925
39745,855.91046
39746,864.36017
39747,999.054
39748,928.85284
39749,950.1827
39750,943.3705
39751,973.0162
39752,940.1932
39753,816.8557
39754,812.49066
39755,810.4397
39756,832.76526
39757,806.1612
39758,759.0431
39759,731.71094
39760,678.744
39761,693.34766
39762,738.2637
39763,709.3292
39764,663.0112
39765,486.7842
39766,398.391
39767,376.70068
39768,439.39493
39769,450.02597
39770,576.30396
39771,660.6825
39772,551.7608
39773,548.6588
39774,492.49918
39775,318.73624
39776,248.37125
39777,274.99295
39778,300.70926
39779,276.9001
39780,390.02362
39781,328.28778
39782,221.48465
39783,181.12216
39784,144.55351
39785,171.38585
39786,354.81302
39787,346.16904
39788,297.70844
39789,236.00981
39790,197.0053
39791,279.05627
39792,290.44055
39793,287.97977
39794,367.39383
39795,226.27376
39796,211.34065
39797,217.29265
39798,288.8998
39799,156.96242
39800,227.4334
39801,246.43736
39802,193.0403
39803,225.69057
39804,213.93028
39805,129.45029
39806,255.49474
39807,179.28632
39808,152.39833
39809,68.24394
39810,11.308403
39811,57.970177
39812,141.37733
39813,164.52893
39814,187.04475
39815,235.41182
39816,202.4284
39817,195.05946
39818,105.46288
39819,112.21139
39820,177.28865
39821,137.6034
39822,180.47618
39823,140.81912
39824,137.63309
39825,103.630356
39826,161.9022
39827,393.34784
39828,242.84808
39829,255.44286
39830,168.05942
39831,138.69235
39832,127.2329
39833,224.4021
39834,213.90941
39835,255.1054
39836,247.54492
39837,246.43675
39838,177.81235
39839,114.67465
39840,155.20377
39841,187.79852
39842,224.8219
39843,244.16808
39844,302.5484
39845,361.2471
39846,376.83823
39847,438.66742
39848,603.1015
39849,594.431
39850,584.93036
39851,594.7969
39852,479.9059
39853,572.26404
39854,516.6861
39855,486.36823
39856,484.62454
39857,451.10257
39858,424.81964
39859,455.93344
39860,407.3674
39861,443.36398
39862,376.93784
39863,334.0388
39864,407.10312
39865,347.07468
39866,342.27414
39867,365.8774
39868,485.62213
39869,510.37686
39870,484.8275
39871,476.58893
39872,475.76788
39873,497.29242
39874,454.20358
39875,495.95517
39876,484.0229
39877,395.5095
39878,335.3404
39879,309.97968
39880,282.72485
39881,228.92984
39882,194.055
39883,151.53152
39884,139.93187
39885,123.54652
39886,125.20066
39887,113.12332
39888,89.0451
39889,64.84142
39890,60.278313
39891,69.324554
39892,62.758846
39893,61.50371
39894,71.2779
39895,77.50721
39896,73.37993
39897,78.91226
39898,66.87574
39899,52.621662
39900,65.959076
39901,56.448017
39902,69.458626
39903,77.0005
39904,54.086857
39905,57.764046
39906,46.34703
39907,40.825703
39908,35.026608
39909,30.102228
39910,23.6348
39911,23.16116
39912,14.87314
39913,-0.44784534
39914,14.411729
39915,11.730321
39916,17.14337
39917,38.55949
39918,12.054124
39919,11.589306
39920,3.2128696
39921,-5.9759197
39922,-5.057399
39923,-2.8676736
39924,-4.6558495
39925,1.9072343
39926,-2.1504145
39927,3.3491514
39928,9.413457
39929,12.776988
39930,-4.900498
39931,-3.3571405
39932,-0.7572347
39933,-0.808159
39934,-0.7413231
39935,-0.79930174
39936,-0.86220175
39937,-0.7999589
39938,-0.83206785
39939,-0.85924864
39940,-0.8375524
39941,-0.8402405
39942,-0.8728578
39943,-0.85062134
39944,-0.76678526
39945,-0.82455087
39946,-0.8593812
39947,-0.7770499
39948,-0.787591
39949,-0.83417094
39950,-0.83417094
39951,-0.87088084
39952,-0.8358024
39953,-0.8321448
39954,-0.8381402
39955,-0.85507625
39956,-0.93873304
39957,-0.901712
39958,-0.8593692
39959,-0.80406755
39960,-0.8193112
39961,-0.8573262
39962,-0.8573262
39963,-0.789988
39964,-0.7732758
39965,-0.7438895
39966,-0.72609824
39967,-0.82401985
39968,-0.86126655
39969,-0.80242884
39970,-0.9815678
39971,-0.9345792
39972,-0.9055366
39973,-0.96665937
39974,-0.96393865
39975,-0.8982267
39976,-0.91179866
39977,-0.8982267
39978,-1.4674466
39979,-0.9156081
39980,-0.878951
39981,-1.4931338
39982,-0.5408165
39983,56.911762
39984,92.531815
39985,104.68033
39986,110.87329
39987,137.08307
39988,119.16543
39989,79.639015
39990,93.11622
39991,126.578545
39992,129.78893
39993,103.36953
39994,74.451355
39995,72.812515
39996,83.320114
39997,89.19063
39998,68.88782
39999,93.32422
40000,92.96315
40001,55.676357
40002,42.987522
40003,45.49485
40004,42.388973
40005,38.854828
40006,34.89526
40007,12.7371
40008,11.851596
40009,0.63399994
40010,-6.47139
40011,-7.0426264
40012,-7.214465
40013,-7.214465
40014,-7.396765
40015,2.724618
40016,15.326801
40017,15.060933
40018,10.029327
40019,10.393238
40020,27.97977
40021,-2.0007148
40022,0.586437
40023,3.6629326
40024,-5.1700945
40025,-4.214676
40026,-4.636372
40027,-4.568778
40028,-4.0466347
40029,0.6984072
40030,11.611545
40031,0.82414556
40032,-3.7375503
40033,-2.5671332
40034,-1.2534689
40035,-1.2228646
40036,-1.2427824
40037,-1.472239
40038,-1.47423
40039,15.505869
40040,19.717934
40041,22.836008
40042,39.27932
40043,40.76346
40044,22.680199
40045,9.738831
40046,4.2673826
40047,0.96200174
40048,-7.0859985
40049,-6.869814
40050,-0.6149542
40051,-1.5383658
40052,-1.5527375
40053,-1.6443698
40054,-1.6771404
40055,-1.6714432
40056,-1.671873
40057,-1.7139932
40058,-1.6396551
40059,-1.7267067
40060,-1.6997887
40061,-1.5981163
40062,-1.6461419
40063,-1.5969784
40064,-1.5309532
40065,-1.2908736
40066,-1.2454545
40067,-0.9827661
40068,-0.98496693
40069,-0.9679989
40070,-0.9679989
40071,-0.9683021
40072,-1.0294601
40073,-0.97681946
40074,-0.98099345
40075,-0.95885783
40076,-0.923585
40077,-0.92396706
40078,-0.92396706
40079,-0.9050004
40080,-0.83895355
40081,-0.83895355
40082,-0.9124437
40083,-0.91960853
40084,-0.9532309
40085,-0.94561034
40086,-0.94866294
40087,-0.94866294
40088,-0.94866294
40089,-0.94866294
40090,-0.9463828
40091,-0.9427298
40092,-0.9609819
40093,-0.95959
40094,-0.9292477
40095,-0.9004191
40096,-0.8370036
40097,84.307724
40098,137.40912
40099,160.08319
40100,140.41783
40101,107.62107
40102,88.33287
40103,61.759377
40104,108.97254
40105,117.220535
40106,105.500465
40107,85.32504
40108,95.7011
40109,137.53123
40110,150.93971
40111,131.36047
40112,136.00415
40113,160.67746
40114,190.32431
40115,113.90387
40116,151.54459
40117,179.62947
40118,193.39333
40119,193.45226
40120,175.7536
40121,214.88971
40122,244.31166
40123,224.57501
40124,202.21532
40125,266.3305
40126,248.08107
40127,233.0136
40128,241.43806
40129,216.4991
40130,236.76405
40131,281.3513
40132,402.76202
40133,388.9958
40134,442.19052
40135,528.6893
40136,458.07507
40137,397.82593
40138,325.973
40139,303.3441
40140,327.38342
40141,330.09747
40142,367.9436
40143,381.60266
40144,375.47745
40145,348.67096
40146,379.7874
40147,281.63644
40148,226.61465
40149,117.72111
40150,90.343155
40151,79.44576
40152,102.221954
40153,147.33807
40154,256.4488
40155,267.41135
40156,263.95032
40157,334.95895
40158,389.5229
40159,301.64825
40160,333.09518
40161,315.1448
40162,295.302
40163,334.2938
40164,302.03873
40165,331.42163
40166,535.6384
40167,625.9644
40168,538.87537
40169,452.93716
40170,416.63895
40171,302.70978
40172,272.73596
40173,323.62402
40174,389.0199
40175,326.4141
40176,318.5029
40177,304.48648
40178,316.3727
40179,185.48604
40180,93.1476
40181,67.38238
40182,153.35411
40183,153.76675
40184,133.20802
40185,295.38492
40186,362.15607
40187,492.19354
40188,408.6892
40189,361.82608
40190,450.51538
40191,344.98636
40192,254.74718
40193,429.86462
40194,140.6202
40195,242.51576
40196,356.7523
40197,277.9916
40198,309.3544
40199,289.44006
40200,253.91093
40201,245.4132
40202,168.41908
40203,141.15602
40204,213.03708
40205,68.610886
40206,179.40288
40207,126.65836
40208,139.10481
40209,64.156136
40210,115.12588
40211,249.26962
40212,208.42242
40213,53.471012
40214,66.34296
40215,77.5333
40216,152.1235
40217,191.32747
40218,212.32613
40219,184.93398
40220,267.58963
40221,231.29872
40222,175.42514
40223,131.95111
40224,80.59246
40225,182.74855
40226,156.31607
40227,194.71088
40228,171.8973
40229,152.83136
40230,197.71602
40231,203.07936
40232,201.18108
40233,247.59465
40234,267.3863
40235,347.13635
40236,456.33514
40237,631.0948
40238,774.24225
40239,768.9508
40240,881.7614
40241,780.65576
40242,748.6374
40243,738.56934
40244,769.9894
40245,918.6505
40246,844.97626
40247,794.72485
40248,666.56085
40249,693.0802
40250,536.59424
40251,430.8074
40252,430.84122
40253,586.9316
40254,588.8147
40255,561.65326
40256,424.13342
40257,363.09805
40258,428.27164
40259,556.5295
40260,573.6383
40261,437.41138
40262,385.6679
40263,313.86246
40264,360.46564
40265,367.57397
40266,364.1719
40267,268.38788
40268,217.60191
40269,209.50166
40270,268.83102
40271,254.39511
40272,229.52278
40273,209.78271
40274,225.99615
40275,193.89659
40276,183.00899
40277,168.38588
40278,163.66481
40279,118.608025
40280,95.38256
40281,96.58604
40282,100.41567
40283,89.581436
40284,145.16542
40285,187.9496
40286,195.19788
40287,143.80766
40288,143.71956
40289,141.77104
40290,251.6471
40291,398.31805
40292,484.87616
40293,599.55475
40294,664.1608
40295,653.0941
40296,651.7096
40297,660.13727
40298,566.4321
40299,618.64404
40300,568.4691
40301,564.16235
40302,641.2816
40303,555.10034
40304,483.90207
40305,577.9674
40306,571.4499
40307,513.5532
40308,518.67065
40309,529.6304
40310,393.32895
40311,399.95535
40312,454.15662
40313,522.07574
40314,676.1162
40315,592.2864
40316,624.03723
40317,581.2701
40318,494.43753
40319,480.415
40320,447.38882
40321,539.8041
40322,457.7127
40323,498.00995
40324,328.38107
40325,301.3019
40326,213.72935
40327,327.21384
40328,575.9621
40329,790.2596
40330,767.67615
40331,475.1123
40332,651.2929
40333,573.3213
40334,444.47385
40335,426.69388
40336,492.1483
40337,296.32028
40338,274.12192
40339,565.8522
40340,418.84485
40341,779.3586
40342,558.66956
40343,637.88904
40344,705.9904
40345,472.78043
40346,689.03204
40347,446.9151
40348,585.454
40349,470.92038
40350,763.1258
40351,1005.4893
40352,510.80783
40353,736.76117
40354,513.6747
40355,837.5089
40356,712.3799
40357,570.8395
40358,494.27365
40359,487.5757
40360,566.51385
40361,391.60855
40362,295.50012
40363,319.001
40364,421.9682
40365,466.3542
40366,498.88544
40367,832.314
40368,690.76904
40369,439.13406
40370,482.1954
40371,519.70233
40372,438.40048
40373,363.48618
40374,285.76047
40375,209.96007
40376,328.33096
40377,370.36374
40378,535.7859
40379,794.3762
40380,749.7033
40381,857.86414
40382,715.97925
40383,773.165
40384,715.53217
40385,716.4857
40386,961.26544
40387,1037.473
40388,1153.1879
40389,985.4438
40390,846.84296
40391,709.6937
40392,861.2585
40393,793.9307
40394,636.1754
40395,493.86755
40396,422.82318
40397,628.1816
40398,700.6953
40399,548.27216
40400,693.5957
40401,592.2079
40402,862.81537
40403,605.45013
40404,468.426
40405,427.53625
40406,383.0186
40407,368.95267
40408,374.95624
40409,308.63898
40410,290.72705
40411,260.32352
40412,171.65918
40413,134.33958
40414,147.00182
40415,202.15623
40416,191.33215
40417,182.24265
40418,160.15375
40419,149.28717
40420,111.542366
40421,136.4831
40422,94.1913
40423,89.12154
40424,83.134766
40425,71.13727
40426,47.744175
40427,24.563904
40428,16.26938
40429,17.598713
40430,18.552462
40431,23.35893
40432,32.569386
40433,21.269283
40434,83.31533
40435,65.25637
40436,87.63309
40437,99.018585
40438,103.25506
40439,121.320366
40440,94.78046
40441,65.93689
40442,49.748375
40443,43.470486
40444,41.724335
40445,43.14709
40446,26.333279
40447,38.495174
40448,13.935564
40449,14.409576
40450,22.239752
40451,23.804157
40452,14.333478
40453,16.512653
40454,11.5479
40455,-6.2473187
40456,-6.227892
40457,6.005306
40458,-6.530471
40459,-3.671162
40460,-3.5827663
40461,-6.042929
40462,7.826341
40463,-3.3803282
40464,-1.1858573
40465,15.875556
40466,-3.5389452
40467,-1.3173399
40468,-1.3380806
40469,-1.060269
40470,-1.1484066
40471,-0.981734
40472,-0.96865493
40473,-0.9983179
40474,-0.9427727
40475,-1.0004435
40476,-1.0142053
40477,-1.0046827
40478,-0.945027
40479,-0.98886883
40480,-0.9762858
40481,-0.9983914
40482,-1.5438819
40483,-1.2501988
40484,5.8754444
40485,26.370924
40486,13.946197
40487,6.367747
40488,40.716675
40489,12.938598
40490,16.987062
40491,31.338589
40492,17.501862
40493,38.05609
40494,42.00202
40495,69.192444
40496,58.285145
40497,32.14701
40498,56.10089
40499,30.822786
40500,0.5314815
40501,11.898037
40502,1.9387398
40503,-0.898428
40504,7.659201
40505,32.36389
40506,17.143188
40507,23.005762
40508,41.80569
40509,-0.5391909
40510,-0.5709474
40511,32.274334
40512,34.765
40513,89.621765
40514,103.47974
40515,80.77695
40516,-2.5625036
40517,-0.54641414
40518,3.3397963
40519,8.645506
40520,-3.1818871
40521,69.285866
40522,124.29965
40523,118.89362
40524,128.99039
40525,150.02802
40526,164.98936
40527,221.34103
40528,244.3977
40529,282.75198
40530,294.9676
40531,431.9635
40532,455.18353
40533,502.02817
40534,539.1834
40535,568.941
40536,540.5468
40537,552.97565
40538,717.33704
40539,562.7823
40540,642.037
40541,731.7994
40542,703.679
40543,711.889
40544,776.579
40545,829.6904
40546,1028.6355
40547,1054.3748
40548,1060.0911
40549,1098.0732
40550,1022.21606
40551,1168.1901
40552,918.8848
40553,940.8928
40554,891.2224
40555,989.04504
40556,1189.0098
40557,936.2862
40558,955.0826
40559,1002.5446
40560,1168.0574
40561,898.25104
40562,950.8603
40563,939.25574
40564,907.3914
40565,864.5167
40566,877.54755
40567,773.87024
40568,955.06647
40569,864.4569
40570,643.39703
40571,421.71967
40572,405.15536
40573,627.9973
40574,445.7455
40575,245.34656
40576,211.01115
40577,269.173
40578,340.75735
40579,466.9342
40580,502.846
40581,606.7862
40582,893.3298
40583,801.84674
40584,733.0456
40585,688.4881
40586,732.75446
40587,920.85565
40588,906.41046
40589,873.42615
40590,822.96625
40591,734.5036
40592,667.82666
40593,581.8135
40594,549.1215
40595,623.33026
40596,426.84778
40597,394.24426
40598,259.88275
40599,274.06464
40600,523.66504
40601,625.8579
40602,373.9063
40603,150.41928
40604,308.84192
40605,485.4464
40606,363.4073
40607,560.44385
40608,536.5733
40609,410.08017
40610,380.71854
40611,619.90564
40612,576.1271
40613,514.16113
40614,386.75925
40615,220.07425
40616,389.8841
40617,415.4704
40618,352.11157
40619,484.89493
40620,331.0566
40621,440.13727
40622,276.35968
40623,173.20992
40624,132.22397
40625,92.7402
40626,106.67174
40627,123.03846
40628,190.99216
40629,79.25336
40630,85.16546
40631,38.533573
40632,33.93061
40633,33.963284
40634,50.396698
40635,81.28034
40636,142.22151
40637,107.8837
40638,91.84688
40639,124.590256
40640,126.42486
40641,151.82593
40642,111.76005
40643,47.583874
40644,47.211994
40645,20.896898
40646,11.638873
40647,-1.5912294
40648,-0.79919225
40649,-0.92010087
40650,-1.5132519
40651,21.52307
40652,0.6207241
40653,-1.5068939
40654,5.500133
40655,-0.7063552
40656,-0.9272001
40657,-0.8179369
40658,-0.77674186
40659,-0.77674186
40660,-0.8188046
40661,-0.33085054
40662,168.56815
40663,172.02312
40664,141.50252
40665,103.40084
40666,116.57413
40667,119.808815
40668,102.46289
40669,119.56131
40670,75.42822
40671,71.244606
40672,88.6433
40673,83.04205
40674,36.653725
40675,6.222511
40676,45.02066
40677,72.89316
40678,79.82692
40679,61.767635
40680,62.196236
40681,63.164505
40682,77.03874
40683,107.88363
40684,132.01805
40685,187.37566
40686,213.99417
40687,233.68513
40688,187.528
40689,193.63841
40690,193.38057
40691,219.43456
40692,317.59818
40693,337.15045
40694,295.92325
40695,279.43396
40696,280.94336
40697,305.23422
40698,390.4603
40699,355.59912
40700,354.2197
40701,283.79178
40702,260.2442
40703,318.9057
40704,318.73538
40705,280.52597
40706,202.1419
40707,176.34581
40708,215.39737
40709,402.56906
40710,453.7503
40711,468.2223
40712,442.017
40713,402.27313
40714,438.29007
40715,408.68835
40716,430.4164
40717,439.24393
40718,649.8133
40719,628.8008
40720,724.7187
40721,757.61145
40722,837.4584
40723,723.7742
40724,575.421
40725,580.4383
40726,439.9881
40727,536.10345
40728,503.46808
40729,470.02435
40730,389.00116
40731,469.7343
40732,647.8807
40733,643.9137
40734,627.3597
40735,391.69165
40736,287.1919
40737,338.25925
40738,378.8663
40739,421.60425
40740,434.4791
40741,529.68585
40742,657.5376
40743,861.9267
40744,693.3441
40745,446.59976
40746,457.6593
40747,592.8552
40748,600.3897
40749,676.44556
40750,825.7529
40751,850.811
40752,869.5064
40753,733.402
40754,714.907
40755,1013.5448
40756,863.5327
40757,666.4638
40758,439.11893
40759,333.53516
40760,330.55078
40761,221.65321
40762,203.1149
40763,192.81506
40764,213.38069
40765,206.49913
40766,233.94295
40767,336.23825
40768,232.727
40769,312.5252
40770,288.74936
40771,166.6982
40772,184.79004
40773,212.49164
40774,244.3639
40775,293.61838
40776,264.99133
40777,317.27798
40778,121.55922
40779,286.87045
40780,548.734
40781,299.43427
40782,384.98132
40783,233.12352
40784,233.60323
40785,222.5536
40786,162.43204
40787,120.43539
40788,151.67406
40789,118.12346
40790,166.22897
40791,191.06378
40792,223.80455
40793,219.85297
40794,197.20749
40795,176.10783
40796,167.87672
40797,143.50182
40798,125.9651
40799,189.81836
40800,248.79593
40801,326.815
40802,368.4306
40803,289.33383
40804,326.00262
40805,333.144
40806,352.23898
40807,304.20282
40808,345.6668
40809,396.6393
40810,428.1801
40811,453.17456
40812,500.2121
40813,610.3883
40814,654.78314
40815,696.4339
40816,663.5366
40817,755.88727
40818,724.11066
40819,534.5732
40820,611.1746
40821,631.20135
40822,615.8823
40823,610.86523
40824,747.9812
40825,780.703
40826,797.7593
40827,889.96564
40828,900.1385
40829,898.02435
40830,792.90814
40831,777.4817
40832,741.43713
40833,801.3381
40834,700.2676
40835,748.7635
40836,892.237
40837,777.03784
40838,788.9172
40839,828.6129
40840,778.3442
40841,835.24445
40842,1102.772
40843,859.8562
40844,973.8919
40845,779.7374
40846,603.38367
40847,491.20886
40848,777.15027
40849,961.8791
40850,993.89954
40851,820.68085
40852,1187.9791
40853,1047.2551
40854,1035.0204
40855,620.8385
40856,492.6951
40857,580.0547
40858,542.19324
40859,576.9305
40860,672.8792
40861,640.86646
40862,542.22107
40863,394.8499
40864,513.7418
40865,541.6692
40866,437.76514
40867,368.39536
40868,616.3809
40869,545.6251
40870,471.38492
40871,639.85425
40872,731.3586
40873,726.97833
40874,806.89557
40875,1077.5156
40876,1184.3883
40877,1387.8832
40878,1148.4683
40879,1042.0143
40880,947.08673
40881,952.236
40882,743.4678
40883,802.05524
40884,991.5961
40885,1080.0792
40886,1232.5428
40887,1137.4171
40888,1242.1835
40889,1339.2567
40890,1350.0316
40891,1353.4121
40892,1138.1965
40893,1658.2102
40894,946.3326
40895,1531.9327
40896,1067.8761
40897,1158.1965
40898,1012.4899
40899,752.53735
40900,677.03296
40901,621.2843
40902,726.0754
40903,998.754
40904,875.65283
40905,885.18365
40906,729.6991
40907,845.265
40908,623.7505
40909,555.85815
40910,578.2233
40911,579.1905
40912,423.5527
40913,501.47156
40914,665.0075
40915,521.9163
40916,394.6402
40917,614.4536
40918,575.0607
40919,584.13214
40920,478.5299
40921,337.3227
40922,522.9037
40923,690.15015
40924,980.5635
40925,690.212
40926,470.04996
40927,797.35205
40928,623.80817
40929,547.2388
40930,547.11896
40931,572.2479
40932,330.26404
40933,500.37854
40934,377.0769
40935,786.7043
40936,681.46185
40937,474.6029
40938,578.76355
40939,529.91016
40940,549.3564
40941,406.29727
40942,470.7967
40943,606.1419
40944,546.6528
40945,363.04123
40946,381.1757
40947,350.6026
40948,335.93475
40949,284.60812
40950,280.58887
40951,302.27505
40952,259.1255
40953,323.36917
40954,376.4521
40955,284.10663
40956,335.42603
40957,346.5053
40958,321.88513
40959,391.92914
40960,363.53397
40961,254.66835
40962,320.57706
40963,279.61417
40964,212.3631
40965,209.33104
40966,230.0092
40967,228.6292
40968,402.1557
40969,477.67642
40970,651.83014
40971,593.32666
40972,476.94156
40973,567.42664
40974,593.8355
40975,632.8223
40976,657.1006
40977,854.8493
40978,755.67236
40979,903.4029
40980,859.52344
40981,675.0917
40982,741.74664
40983,682.298
40984,751.1399
40985,741.76953
40986,713.0549
40987,735.55554
40988,648.399
40989,617.56714
40990,601.6913
40991,586.15533
40992,667.4677
40993,725.4617
40994,719.4202
40995,689.0827
40996,479.62457
40997,427.31598
40998,432.3214
40999,564.6434
41000,486.82568
41001,499.50592
41002,492.24854
41003,353.84134
41004,353.67984
41005,347.624
41006,447.9189
41007,617.2776
41008,584.9593
41009,708.2766
41010,658.5785
41011,622.9539
41012,295.56546
41013,358.98935
41014,341.91296
41015,438.46838
41016,545.8889
41017,568.9993
41018,633.33453
41019,609.0353
41020,591.82214
41021,630.4512
41022,802.8096
41023,639.7175
41024,649.1109
41025,540.3662
41026,576.847
41027,820.43695
41028,839.74805
41029,919.2019
41030,727.9423
41031,467.82678
41032,582.2667
41033,566.51495
41034,435.71484
41035,589.82166
41036,824.433
41037,927.4901
41038,795.8478
41039,583.49536
41040,667.0168
41041,292.42438
41042,590.2263
41043,746.0323
41044,856.56647
41045,629.49396
41046,659.2707
41047,674.81903
41048,683.311
41049,905.84015
41050,1001.012
41051,1199.9187
41052,962.4586
41053,642.8897
41054,757.9881
41055,681.9936
41056,589.0913
41057,258.882
41058,160.81734
41059,161.69727
41060,340.2778
41061,1284.8811
41062,1376.9368
41063,1156.7124
41064,1388.4366
41065,1355.582
41066,1312.5094
41067,1225.9895
41068,1041.543
41069,932.14294
41070,785.01117
41071,658.64716
41072,619.34045
41073,578.8198
41074,514.58734
41075,544.9545
41076,404.60645
41077,342.48352
41078,398.20474
41079,585.74646
41080,629.77136
41081,861.05566
41082,1091.0411
41083,1373.7258
41084,954.5833
41085,539.2341
41086,462.26004
41087,557.57825
41088,654.97815
41089,477.21976
41090,623.72205
41091,615.96497
41092,671.0437
41093,606.5245
41094,811.7883
41095,657.00604
41096,748.70215
41097,457.73465
41098,368.08813
41099,550.1824
41100,508.37842
41101,675.4116
41102,717.2596
41103,518.9916
41104,627.0833
41105,868.4165
41106,922.16736
41107,1220.3431
41108,1000.25574
41109,827.59534
41110,359.3526
41111,331.68347
41112,298.3874
41113,209.4695
41114,521.46924
41115,1378.8936
41116,1203.8486
41117,555.93494
41118,533.9811
41119,618.68353
41120,711.5457
41121,767.28894
41122,1101.9781
41123,1228.8169
41124,1241.6611
41125,1484.1418
41126,1253.5892
41127,1325.4373
41128,1378.9792
41129,1273.8638
41130,1135.8207
41131,1132.3248
41132,1292.7349
41133,1251.8873
41134,1245.3148
41135,982.75775
41136,1120.3701
41137,1075.363
41138,950.38586
41139,1108.0457
41140,1097.8372
41141,937.3201
41142,1090.7595
41143,1037.854
41144,937.97076
41145,1037.4335
41146,1202.213
41147,1025.4019
41148,1189.1083
41149,1551.1064
41150,1585.3385
41151,1415.6705
41152,1496.1418
41153,1374.4512
41154,1364.9493
41155,1345.3871
41156,1459.6008
41157,1513.2987
41158,1614.5664
41159,1429.9792
41160,1553.104
41161,1519.0304
41162,1612.2759
41163,1575.103
41164,1436.7621
41165,1381.954
41166,1537.5781
41167,1624.3821
41168,1490.7566
41169,1451.2574
41170,1608.8502
41171,1595.7965
41172,1626.4973
41173,1260.5035
41174,1508.7966
41175,1610.3041
41176,1583.1207
41177,1685.9915
41178,1574.5712
41179,1711.4207
41180,1391.4066
41181,1509.6796
41182,1555.8696
41183,1428.1906
41184,1383.7714
41185,1151.7239
41186,1196.2896
41187,1245.1309
41188,1187.0634
41189,1210.513
41190,1147.0326
41191,1113.9812
41192,1046.3745
41193,963.8506
41194,1187.2988
41195,1300.4696
41196,1094.0645
41197,1156.2913
41198,1335.7661
41199,1136.8737
41200,1141.7041
41201,1013.93286
41202,1123.9796
41203,1195.4083
41204,885.33923
41205,676.03015
41206,645.5917
41207,988.6672
41208,1024.4972
41209,581.8943
41210,417.39825
41211,284.84808
41212,938.89905
41213,642.50653
41214,552.33075
41215,818.41394
41216,868.0118
41217,750.46234
41218,736.32574
41219,698.48346
41220,633.35315
41221,357.38654
41222,433.4485
41223,446.49652
41224,447.79514
41225,274.5244
41226,1472.1771
41227,339.1876
41228,231.6298
41229,366.55423
41230,442.23337
41231,369.36813
41232,447.0448
41233,597.6501
41234,460.5361
41235,437.50922
41236,464.36093
41237,210.69029
41238,176.45549
41239,349.59897
41240,586.93726
41241,610.6303
41242,684.714
41243,609.05365
41244,536.45184
41245,517.26074
41246,581.6173
41247,575.8079
41248,339.94238
41249,377.87854
41250,711.70386
41251,811.5147
41252,601.0308
41253,562.01764
41254,438.72644
41255,500.1991
41256,409.80542
41257,460.56705
41258,469.55673
41259,448.97916
41260,485.40485
41261,529.3341
41262,507.66663
41263,507.3309
41264,433.9898
41265,448.79395
41266,330.2379
41267,280.29498
41268,463.66272
41269,845.2622
41270,742.2682
41271,577.5618
41272,648.15656
41273,382.04224
41274,273.1736
41275,160.98927
41276,143.85976
41277,187.66054
41278,329.49713
41279,363.4307
41280,349.36432
41281,211.1825
41282,263.58685
41283,282.32178
41284,182.11218
41285,274.85568
41286,217.80592
41287,202.55164
41288,187.91475
41289,177.58081
41290,222.93521
41291,298.36868
41292,255.6511
41293,226.48166
41294,245.99364
41295,187.60478
41296,172.34048
41297,274.53506
41298,272.30215
41299,183.60017
41300,214.02333
41301,293.26074
41302,385.69446
41303,421.54285
41304,405.2922
41305,213.56749
41306,240.15521
41307,330.74637
41308,254.95036
41309,225.86377
41310,171.60931
41311,141.13979
41312,94.584145
41313,104.18022
41314,137.3556
41315,132.62671
41316,130.78264
41317,114.0092
41318,96.11709
41319,73.49696
41320,164.2226
41321,181.88539
41322,208.37961
41323,107.99102
41324,88.13522
41325,203.5466
41326,250.70203
41327,109.298355
41328,192.6864
41329,109.124214
41330,148.12434
41331,52.968296
41332,49.682785
41333,-2.3859224
41334,102.59475
41335,99.80016
41336,123.79859
41337,192.26578
41338,180.45198
41339,209.89923
41340,120.827995
41341,164.45512
41342,136.67325
41343,86.29925
41344,170.0313
41345,152.74504
41346,55.501152
41347,162.47536
41348,157.03667
41349,262.19617
41350,311.8529
41351,378.12222
41352,284.4951
41353,281.2874
41354,334.4094
41355,376.26456
41356,262.349
41357,212.16698
41358,205.26346
41359,129.12184
41360,186.16953
41361,87.58167
41362,98.92064
41363,142.64421
41364,97.25017
41365,71.84862
41366,213.78203
41367,195.49104
41368,144.34473
41369,208.70526
41370,261.30142
41371,348.4861
41372,366.38855
41373,287.33997
41374,312.57443
41375,294.25397
41376,288.4776
41377,353.53598
41378,421.37952
41379,681.6729
41380,649.18097
41381,414.118
41382,212.20476
41383,224.27853
41384,213.24886
41385,205.88905
41386,165.29987
41387,155.63573
41388,235.59593
41389,220.91104
41390,185.24332
41391,159.8739
41392,199.52383
41393,355.4544
41394,365.8141
41395,316.79626
41396,251.557
41397,337.70065
41398,293.82928
41399,300.37845
41400,236.82565
41401,146.97006
41402,161.31393
41403,144.79794
41404,173.8711
41405,166.05263
41406,136.23434
41407,188.55899
41408,213.32428
41409,250.39902
41410,308.8432
41411,282.74905
41412,340.83615
41413,324.4632
41414,272.1463
41415,204.92613
41416,266.2129
41417,237.62312
41418,134.24727
41419,128.70773
41420,143.61536
41421,141.53035
41422,165.95377
41423,122.13014
41424,115.80688
41425,171.79883
41426,103.27092
41427,141.21286
41428,115.92102
41429,138.22746
41430,108.01636
41431,109.48022
41432,106.03104
41433,157.97144
41434,160.86546
41435,120.137856
41436,80.057106
41437,134.88617
41438,151.24384
41439,118.18892
41440,95.65283
41441,106.80703
41442,110.5072
41443,169.2443
41444,133.81589
41445,116.30037
41446,141.4587
41447,157.68965
41448,160.76779
41449,280.37875
41450,311.26678
41451,234.09837
41452,243.84631
41453,220.65173
41454,259.46182
41455,215.75328
41456,192.98285
41457,222.0551
41458,150.93216
41459,156.04147
41460,130.50398
41461,121.70474
41462,226.04562
41463,294.25754
41464,292.48682
41465,209.89531
41466,151.65105
41467,224.9201
41468,147.99432
41469,152.14502
41470,131.85611
41471,180.80136
41472,169.6836
41473,202.80296
41474,124.988434
41475,81.0269
41476,88.85068
41477,126.1166
41478,157.50587
41479,154.65715
41480,192.91203
41481,103.46877
41482,124.219795
41483,150.2069
41484,148.83455
41485,161.88068
41486,219.9682
41487,210.19049
41488,112.43608
41489,79.549355
41490,90.117195
41491,88.012474
41492,123.53468
41493,129.91148
41494,109.984566
41495,134.3745
41496,122.14606
41497,259.45447
41498,230.29123
41499,173.35536
41500,180.57355
41501,144.91551
41502,268.27872
41503,189.17577
41504,120.42933
41505,118.279076
41506,123.87056
41507,160.34714
41508,192.86783
41509,152.34088
41510,142.46474
41511,97.58035
41512,146.20428
41513,122.27262
41514,120.22605
41515,119.734245
41516,111.79004
41517,216.58495
41518,165.27582
41519,95.75285
41520,178.46819
41521,220.09164
41522,192.87544
41523,214.52507
41524,186.59412
41525,149.66997
41526,168.63895
41527,199.7499
41528,152.26482
41529,123.60524
41530,125.71931
41531,76.002426
41532,102.09519
41533,102.31367
41534,105.941055
41535,136.36964
41536,121.28946
41537,151.3822
41538,175.00131
41539,139.45929
41540,102.24574
41541,141.56528
41542,145.80113
41543,93.33301
41544,97.225624
41545,67.56805
41546,40.112877
41547,29.776525
41548,48.184204
41549,79.69135
41550,72.445435
41551,92.1471
41552,73.93862
41553,76.04462
41554,92.91426
41555,111.92671
41556,101.66287
41557,111.105995
41558,81.97258
41559,71.64506
41560,69.55993
41561,92.38327
41562,68.49379
41563,79.98529
41564,79.08664
41565,111.46374
41566,119.34991
41567,6.2042623
41568,-2.749536
41569,26.136604
41570,23.062588
41571,11.33395
41572,14.416552
41573,2.1620672
41574,14.143572
41575,61.63729
41576,55.95171
41577,62.669678
41578,57.99909
41579,60.412636
41580,36.616367
41581,84.069534
41582,144.04247
41583,89.86658
41584,66.61829
41585,81.21381
41586,133.79028
41587,95.23046
41588,88.013626
41589,44.740738
41590,108.98974
41591,89.27443
41592,137.9631
41593,125.92576
41594,134.21053
41595,13.375066
41596,29.96231
41597,51.541817
41598,35.369427
41599,6.7442164
41600,-2.0721908
41601,-0.9303123
41602,-0.9462844
41603,23.975069
41604,125.75829
41605,106.799416
41606,64.67901
41607,95.74136
41608,49.082752
41609,94.696014
41610,125.93028
41611,62.598156
41612,104.17014
41613,99.05144
41614,138.99681
41615,115.49049
41616,89.62898
41617,146.09802
41618,138.68484
41619,139.82162
41620,86.51922
41621,34.98405
41622,84.090866
41623,95.383095
41624,92.215805
41625,150.05638
41626,69.443756
41627,54.474
41628,52.07157
41629,32.78217
41630,13.729626
41631,51.02511
41632,35.643227
41633,43.938824
41634,67.12425
41635,5.0858297
41636,-0.97791106
41637,-0.8379843
41638,-1.3945471
41639,-0.6469453
41640,-0.7205125
41641,17.72851
41642,25.421629
41643,32.632668
41644,46.90414
41645,63.905415
41646,59.65639
41647,49.852074
41648,14.385011
41649,52.157215
41650,41.86116
41651,64.22489
41652,69.73841
41653,66.4649
41654,94.18576
41655,27.334867
41656,-2.4377809
41657,-0.8931042
41658,-0.8080102
41659,-0.85918945
41660,-0.7595555
41661,-0.7347001
41662,-0.7499542
41663,-0.658669
41664,26.064507
41665,4.6923943
41666,-1.1023581
41667,-0.79547286
41668,-0.7499039
41669,-0.7499039
41670,-0.852569
41671,-0.76037264
41672,-0.8105684
41673,-0.8105684
41674,-0.8105684
41675,-0.8304301
41676,-1.4526068
41677,-0.87319666
41678,-1.1688106
41679,-1.2474793
41680,-1.2828374
41681,-1.1971238
41682,-1.2377987
41683,-1.2483295
41684,-1.2132756
41685,-1.2414573
41686,-1.1982151
41687,-1.2004952
41688,-1.148796
41689,-1.2094648
41690,-1.2726521
41691,-1.2099072
41692,-1.108768
41693,-1.1133565
41694,-1.108768
41695,-1.1383753
41696,-1.1865904
41697,12.498195
41698,82.81156
41699,73.06618
41700,74.59759
41701,94.42577
41702,82.75914
41703,66.862686
41704,113.11531
41705,146.83661
41706,147.89781
41707,133.06116
41708,131.3761
41709,107.27119
41710,50.483837
41711,58.439056
41712,89.00929
41713,118.44752
41714,102.440735
41715,96.8116
41716,141.70102
41717,233.5698
41718,217.0986
41719,237.93347
41720,161.9816
41721,128.9564
41722,127.15751
41723,121.55234
41724,144.08128
41725,189.28203
41726,163.0965
41727,95.30968
41728,65.01887
41729,57.701393
41730,84.43374
41731,82.16785
41732,68.677444
41733,68.9878
41734,33.20652
41735,-5.245709
41736,15.50658
41737,4.901639
41738,49.54635
41739,92.26351
41740,38.44078
41741,1.879237
41742,-1.0432613
41743,-0.74524176
41744,-0.8977157
41745,-1.0799458
41746,-0.9311864
41747,-0.7724959
41748,-0.8015247
41749,-0.76026016
41750,-0.79154867
41751,-0.8083779
41752,-0.789103
41753,-0.9002264
41754,-0.8440929
41755,-0.8109476
41756,-0.8437179
41757,-0.871723
41758,-0.8034052
41759,-0.82434374
41760,-0.83471245
41761,-0.8205001
41762,-0.80436426
41763,-0.7901519
41764,-0.80456036
41765,-0.8865523
41766,-0.8826133
41767,-0.8528482
41768,-0.89164186
41769,-1.4828519
41770,-0.8770704
41771,-0.8612734
41772,-0.9114369
41773,-0.90966403
41774,-0.92680466
41775,-0.83922136
41776,-0.9305066
41777,-0.90304196
41778,-0.8878075
41779,-0.87372047
41780,-0.8857711
41781,-0.8857711
41782,-0.8463419
41783,-1.480546
41784,-0.8680361
41785,-0.80755764
41786,-0.6244548
41787,23.78717
41788,111.72469
41789,122.25765
41790,89.10796
41791,73.06096
41792,92.68844
41793,100.45952
41794,117.46745
41795,134.47739
41796,187.71921
41797,185.63713
41798,227.85419
41799,195.78143
41800,142.04361
41801,27.361334
41802,6.8366685
41803,127.65872
41804,99.00437
41805,173.22452
41806,124.134415
41807,119.55801
41808,107.76912
41809,141.01009
41810,200.03008
41811,330.30435
41812,498.07672
41813,417.3475
41814,391.1088
41815,496.80273
41816,665.50854
41817,843.8632
41818,653.02576
41819,476.45392
41820,484.58826
41821,427.41187
41822,260.23456
41823,262.6149
41824,245.71222
41825,265.3463
41826,159.42538
41827,194.5161
41828,307.19733
41829,366.1101
41830,224.76575
41831,303.93253
41832,191.01012
41833,199.20178
41834,316.95877
41835,323.88037
41836,267.56198
41837,458.6839
41838,248.2958
41839,129.92905
41840,106.00395
41841,67.29013
41842,120.67865
41843,148.37465
41844,169.2212
41845,172.97342
41846,259.53387
41847,228.6056
41848,244.9268
41849,136.2625
41850,382.62674
41851,194.09523
41852,214.60071
41853,204.84868
41854,175.38545
41855,166.6788
41856,168.99564
41857,291.193
41858,313.6513
41859,167.20267
41860,137.84647
41861,85.99683
41862,151.73508
41863,175.63243
41864,105.5478
41865,109.47896
41866,150.6891
41867,239.5297
41868,411.24796
41869,284.07867
41870,229.82481
41871,477.24493
41872,189.56137
41873,320.3808
41874,98.50604
41875,144.75018
41876,183.268
41877,154.63596
41878,230.61131
41879,581.2557
41880,250.05362
41881,333.0361
41882,102.20826
41883,216.32503
41884,613.3034
41885,428.41275
41886,158.84776
41887,173.42113
41888,226.28215
41889,265.87872
41890,217.70305
41891,202.59567
41892,444.8589
41893,104.63484
41894,124.97044
41895,275.5766
41896,237.36165
41897,142.91615
41898,99.89468
41899,171.6481
41900,256.01898
41901,153.79556
41902,356.25626
41903,365.2711
41904,339.82468
41905,333.6253
41906,402.5508
41907,433.29688
41908,495.7232
41909,539.9044
41910,559.9033
41911,582.3444
41912,570.7318
41913,568.52563
41914,449.92316
41915,487.92728
41916,411.36096
41917,404.428
41918,341.9896
41919,247.07191
41920,209.00128
41921,331.82657
41922,252.33255
41923,214.3899
41924,225.07436
41925,223.7839
41926,513.13434
41927,530.8156
41928,429.3743
41929,377.74258
41930,308.78015
41931,438.53073
41932,375.9444
41933,547.9284
41934,489.65808
41935,577.5876
41936,715.608
41937,728.59595
41938,543.95807
41939,419.57742
41940,426.47894
41941,432.0676
41942,395.39966
41943,464.61288
41944,539.2781
41945,402.02216
41946,298.8397
41947,276.83356
41948,276.04044
41949,327.3977
41950,304.6359
41951,282.40604
41952,200.72173
41953,184.02803
41954,155.57518
41955,141.17046
41956,92.729866
41957,91.78363
41958,68.83972
41959,98.93061
41960,77.07705
41961,42.651768
41962,59.035267
41963,46.868996
41964,26.51994
41965,11.60214
41966,12.991157
41967,23.367386
41968,12.235137
41969,15.556032
41970,11.175702
41971,3.5446198
41972,-5.178172
41973,-2.141959
41974,-0.35928342
41975,-0.7948993
41976,-0.95683324
41977,-0.9780042
41978,-1.7382977
41979,131.8128
41980,528.476
41981,263.63727
41982,242.24908
41983,210.74641
41984,165.90363
41985,173.95486
41986,154.84464
41987,188.67595
41988,337.3011
41989,286.60065
41990,146.97313
41991,92.936966
41992,96.171265
41993,101.13755
41994,144.11143
41995,144.67664
41996,160.74612
41997,186.59756
41998,73.71682
41999,149.64758
42000,240.87767
42001,185.18816
42002,193.67567
42003,218.48965
42004,426.10867
42005,449.3166
42006,646.01184
42007,532.6084
42008,358.977
42009,389.597
42010,209.11783
42011,341.63028
42012,538.7223
42013,462.8111
42014,683.8509
42015,538.69543
42016,707.8026
42017,793.0391
42018,797.6136
42019,743.48596
42020,592.23114
42021,501.97354
42022,601.4292
42023,599.5429
42024,539.6266
42025,644.1419
42026,664.53595
42027,448.51883
42028,422.90005
42029,485.3725
42030,704.587
42031,644.60223
42032,554.6169
42033,372.2126
42034,277.37985
42035,531.50934
42036,555.86017
42037,629.921
42038,455.54257
42039,403.35217
42040,652.2754
42041,962.967
42042,821.8169
42043,808.6886
42044,809.3694
42045,749.1395
42046,685.3505
42047,567.44855
42048,471.7566
42049,571.5063
42050,409.69678
42051,567.37616
42052,562.15936
42053,612.9574
42054,649.8368
42055,582.4019
42056,452.7275
42057,478.52103
42058,567.56665
42059,592.5789
42060,565.6055
42061,644.9863
42062,940.4628
42063,951.6316
42064,934.48676
42065,1131.6825
42066,1153.3552
42067,1207.1484
42068,1355.2914
42069,1400.1537
42070,1432.4774
42071,1541.9684
42072,1577.0625
42073,1653.5444
42074,1518.4297
42075,1502.417
42076,1449.0549
42077,1095.9282
42078,959.6793
42079,1006.0081
42080,785.5995
42081,814.7484
42082,588.92487
42083,842.0325
42084,919.80066
42085,705.46814
42086,865.2201
42087,914.6823
42088,839.15137
42089,856.77344
42090,909.2524
42091,888.51965
42092,873.16595
42093,770.7302
42094,878.65814
42095,956.5608
42096,1011.8573
42097,990.8957
42098,932.6243
42099,1097.6732
42100,1762.4696
42101,1624.0327
42102,1446.2363
42103,1446.3094
42104,1710.6664
42105,1614.187
42106,1785.0817
42107,1624.373
42108,1634.7341
42109,1447.838
42110,1404.5862
42111,1392.1104
42112,1494.0756
42113,963.1492
42114,995.9134
42115,976.5317
42116,1085.6732
42117,1261.4385
42118,1103.1035
42119,1227.1791
42120,1188.7427
42121,1275.4218
42122,1376.6729
42123,1059.4335
42124,1619.9592
42125,1515.374
42126,1498.9861
42127,1553.1605
42128,1519.2297
42129,1381.4387
42130,1441.1746
42131,1458.4498
42132,1201.1364
42133,1254.0322
42134,1301.6581
42135,1421.1569
42136,1202.5376
42137,1448.7524
42138,954.0141
42139,1233.781
42140,1286.3049
42141,900.39984
42142,998.44904
42143,1136.4324
42144,913.1228
42145,1164.3212
42146,819.4179
42147,996.6224
42148,931.2922
42149,650.88336
42150,819.5182
42151,972.5886
42152,895.91705
42153,983.9368
42154,987.2485
42155,899.3736
42156,897.5977
42157,934.91785
42158,925.75543
42159,791.003
42160,809.4783
42161,575.67395
42162,621.904
42163,480.49463
42164,387.3137
42165,254.1656
42166,206.49222
42167,163.22998
42168,101.20808
42169,112.4891
42170,240.26674
42171,212.42654
42172,223.89038
42173,202.32857
42174,74.21621
42175,92.066574
42176,47.26082
42177,21.480219
42178,15.846263
42179,258.65024
42180,273.40225
42181,314.0388
42182,618.2845
42183,284.185
42184,207.11606
42185,200.74178
42186,182.7286
42187,107.8548
42188,105.84577
42189,80.96935
42190,57.187675
42191,76.22654
42192,167.15707
42193,273.47095
42194,169.94878
42195,95.26393
42196,195.42247
42197,117.010124
42198,154.65535
42199,130.82324
42200,170.64227
42201,351.74756
42202,554.4493
42203,574.3334
42204,841.8758
42205,1008.24866
42206,1000.8244
42207,998.0114
42208,1040.0677
42209,862.2985
42210,927.19794
42211,940.6081
42212,734.48596
42213,612.4793
42214,472.6336
42215,398.53073
42216,336.7917
42217,310.95355
42218,234.10175
42219,280.97034
42220,366.9337
42221,405.67493
42222,320.214
42223,231.35345
42224,247.68263
42225,227.82512
42226,275.6507
42227,238.97664
42228,263.18912
42229,355.20816
42230,362.8555
42231,305.56693
42232,295.821
42233,300.8278
42234,388.53384
42235,436.16644
42236,365.17566
42237,263.23755
42238,309.79782
42239,372.69507
42240,417.8266
42241,430.3463
42242,484.96027
42243,441.66278
42244,413.8951
42245,410.8601
42246,329.31165
42247,203.08014
42248,242.7485
42249,151.1457
42250,95.74831
42251,111.36135
42252,171.96921
42253,199.87321
42254,297.0964
42255,224.60806
42256,287.7381
42257,354.27084
42258,481.073
42259,531.2874
42260,523.9083
42261,569.0051
42262,485.92172
42263,515.143
42264,473.12747
42265,365.60632
42266,290.58514
42267,225.95396
42268,237.22205
42269,297.87567
42270,126.94549
42271,66.52017
42272,59.155445
42273,53.68133
42274,87.01282
42275,127.691475
42276,146.97084
42277,63.680138
42278,30.74498
42279,-1.741168
42280,4.4382796
42281,18.651228
42282,32.59548
42283,94.211105
42284,153.72911
42285,63.383423
42286,5.0789986
42287,-0.80056864
42288,7.072657
42289,225.12413
42290,190.13731
42291,166.86285
42292,105.23315
42293,126.14937
42294,91.76997
42295,112.428444
42296,79.51009
42297,142.15378
42298,150.31453
42299,70.18243
42300,129.75433
42301,263.7743
42302,201.4176
42303,75.78163
42304,126.69662
42305,99.58016
42306,200.69699
42307,172.18156
42308,229.82256
42309,204.23058
42310,95.25285
42311,118.02179
42312,123.94256
42313,150.57564
42314,173.36789
42315,78.33484
42316,96.63903
42317,74.90104
42318,53.0932
42319,90.8971
42320,80.35469
42321,34.556145
42322,-1.4234984
42323,-0.8823498
42324,109.68632
42325,297.4657
42326,202.08441
42327,238.74892
42328,292.0478
42329,237.10304
42330,254.56227
42331,226.29704
42332,258.6436
42333,298.29257
42334,256.0906
42335,206.07776
42336,204.12637
42337,263.1796
42338,201.00545
42339,199.12416
42340,197.86577
42341,210.48827
42342,129.21773
42343,125.243675
42344,126.76839
42345,118.65853
42346,92.4198
42347,88.91129
42348,68.47982
42349,47.69822
42350,42.29996
42351,44.5156
42352,55.673748
42353,73.22745
42354,56.489357
42355,63.294804
42356,91.75138
42357,102.06894
42358,62.0292
42359,96.21394
42360,113.39516
42361,131.05817
42362,142.7237
42363,179.84904
42364,158.25714
42365,128.9501
42366,117.91919
42367,107.93907
42368,158.23036
42369,225.47342
42370,289.22748
42371,270.06955
42372,191.61084
42373,216.14711
42374,252.86966
42375,287.58066
42376,268.29654
42377,268.20013
42378,227.55557
42379,204.98915
42380,219.63683
42381,236.11028
42382,233.13254
42383,228.81303
42384,239.03168
42385,222.3889
42386,211.43164
42387,203.1248
42388,253.22075
42389,223.47804
42390,245.8941
42391,256.57928
42392,189.41992
42393,178.8842
42394,178.73073
42395,175.40163
42396,193.0209
42397,201.66946
42398,202.60971
42399,187.2486
42400,156.08723
42401,161.77193
42402,193.971
42403,204.93237
42404,192.74956
42405,229.3828
42406,242.61021
42407,232.70909
42408,150.5884
42409,104.031166
42410,133.96025
42411,156.84155
42412,156.49374
42413,177.16508
42414,147.29813
42415,128.25797
42416,111.41229
42417,111.817276
42418,104.99674
42419,121.28737
42420,98.745255
42421,89.980034
42422,91.83602
42423,76.52911
42424,55.703735
42425,38.118122
42426,22.014011
42427,38.418262
42428,30.80905
42429,2.7811458
42430,-1.9908148
42431,16.603828
42432,27.454887
42433,-0.42621964
42434,-1.2516917
42435,-0.66777676
42436,-0.48873052
42437,-0.6176407
42438,16.788176
42439,63.297413
42440,40.050667
42441,22.76377
42442,13.789313
42443,4.1724753
42444,-0.712852
42445,11.750118
42446,21.149733
42447,35.81464
42448,10.815422
42449,-0.76876915
42450,-0.76876915
42451,-1.391803
42452,-0.67725015
42453,-0.6695316
42454,-0.7151005
42455,-0.61555207
42456,-0.6550716
42457,-0.69843554
42458,-1.3760269
42459,-0.7314818
42460,-0.7767874
42461,-0.7786935
42462,-0.75064415
42463,-0.75064415
42464,-0.7099449
42465,-0.68514794
42466,-0.6484747
42467,-0.67046154
42468,-0.68625844
42469,-0.6019411
42470,-0.8931768
42471,-0.96695065
42472,-0.96695065
42473,-0.8734422
42474,-1.7676613
42475,-0.93788254
42476,-0.93788254
42477,-0.8415594
42478,-1.0658557
42479,-0.8957139
42480,-1.0092994
42481,-0.8163154
42482,-0.81027496
42483,-0.7812462
42484,-0.9090073
42485,-0.9026017
42486,-0.9666909
42487,-1.5935485
42488,-0.9158416
42489,-1.0153904
42490,-0.9646317
42491,-0.97914946
42492,-0.97914946
42493,-0.9534464
42494,-0.98445463
42495,-0.9534464
42496,-1.0002996
42497,-1.0189767
42498,-1.0039637
42499,-1.0930474
42500,-1.1639305
42501,-1.2138913
42502,-1.2138913
42503,-1.2138913
42504,-1.1974875
42505,-1.1411221
42506,-1.0678352
42507,-1.0948833
42508,-1.1974875
42509,-1.182354
42510,19.254267
42511,56.06821
42512,63.16299
42513,51.0407
42514,39.409775
42515,18.27923
42516,18.122164
42517,3.212742
42518,-1.59395
42519,17.942442
42520,38.868557
42521,41.040833
42522,30.709452
42523,10.373006
42524,44.85218
42525,96.29699
42526,86.722824
42527,64.40771
42528,57.011116
42529,70.45793
42530,85.166725
42531,66.19238
42532,46.604042
42533,53.92635
42534,58.889362
42535,42.121937
42536,44.115242
42537,61.40469
42538,73.69173
42539,101.1845
42540,19.764297
42541,-2.7699616
42542,21.947657
42543,1.1518209
42544,-0.85500646
42545,-0.9369914
42546,37.817654
42547,18.339664
42548,3.2268858
42549,-0.71200806
42550,-0.7253998
42551,-0.7725381
42552,-0.8359806
42553,-0.8504985
42554,-1.4960873
42555,-0.75922364
42556,-0.8958041
42557,-0.9110581
42558,-0.94481236
42559,-0.92955834
42560,-0.834917
42561,-0.834917
42562,-0.834917
42563,-0.834917
42564,-0.8694012
42565,-0.8867005
42566,-0.7828363
42567,-0.7888768
42568,-0.7828363
42569,-0.8576964
42570,-0.84349763
42571,-0.7289232
42572,-0.76389337
42573,-0.75241935
42574,-0.92202365
42575,-0.7699337
42576,-0.94971263
42577,-0.8722631
42578,-0.8555509
42579,-0.8470495
42580,-0.78363824
42581,-0.78363824
42582,-0.8501515
42583,-1.5365438
42584,-0.7523276
42585,-0.8948278
42586,-0.8948278
42587,-0.9093457
42588,-0.9401535
42589,-0.8166503
42590,-0.851912
42591,-0.86700404
42592,-0.88770485
42593,-1.1971639
42594,-0.7750219
42595,-0.9007877
42596,-0.7897819
42597,-0.6174921
42598,111.84232
42599,208.74565
42600,174.6675
42601,125.53352
42602,159.30821
42603,174.30388
42604,215.25514
42605,244.59444
42606,231.69872
42607,187.32048
42608,420.87363
42609,201.16803
42610,148.23839
42611,240.77037
42612,325.1025
42613,418.08008
42614,493.57697
42615,480.82727
42616,511.43768
42617,601.7248
42618,741.4132
42619,661.79803
42620,761.2747
42621,767.2103
42622,580.0331
42623,1013.4369
42624,821.0131
42625,1194.5918
42626,1196.8357
42627,1023.5295
42628,908.3112
42629,613.7575
42630,883.5792
42631,910.07745
42632,1140.224
42633,1046.9895
42634,1031.371
42635,1029.7307
42636,909.4518
42637,638.77
42638,447.2212
42639,460.63388
42640,494.18103
42641,595.37714
42642,787.6003
42643,562.62244
42644,392.03568
42645,426.5448
42646,609.5021
42647,630.5316
42648,759.35
42649,660.63824
42650,683.0011
42651,844.98883
42652,849.0798
42653,793.2893
42654,697.5171
42655,729.61066
42656,653.15063
42657,723.7857
42658,737.6421
42659,707.36505
42660,751.5769
42661,698.39325
42662,608.3597
42663,550.4596
42664,502.24817
42665,598.8696
42666,560.71155
42667,647.9756
42668,530.0856
42669,698.887
42670,928.9874
42671,859.0812
42672,858.5537
42673,827.495
42674,819.43665
42675,847.8432
42676,709.7268
42677,767.1558
42678,651.6043
42679,684.4434
42680,804.55005
42681,859.24164
42682,802.2961
42683,776.6811
42684,822.85223
42685,871.34924
42686,616.2578
42687,551.8634
42688,458.52744
42689,603.4639
42690,519.4956
42691,646.8563
42692,740.65674
42693,729.584
42694,683.76154
42695,520.6482
42696,521.5074
42697,561.5502
42698,540.2777
42699,282.61218
42700,392.77304
42701,334.4641
42702,428.76944
42703,395.48938
42704,659.6207
42705,459.48325
42706,319.6994
42707,313.8407
42708,414.56543
42709,757.6136
42710,504.47845
42711,592.47766
42712,398.37866
42713,543.2008
42714,646.0988
42715,697.68195
42716,413.72412
42717,267.30252
42718,187.6273
42719,270.3022
42720,245.52286
42721,141.13559
42722,132.70616
42723,166.89462
42724,170.72977
42725,114.2772
42726,85.89547
42727,103.06752
42728,104.557014
42729,209.57681
42730,118.47112
42731,56.184437
42732,5.727285
42733,0.94396037
42734,-0.55470914
42735,-0.5320472
42736,-0.5581464
42737,-0.75130945
42738,-0.75130945
42739,-0.75130945
42740,-0.75130945
42741,-0.7887717
42742,-0.7887717
42743,-0.7499538
42744,-0.83442223
42745,-0.8153329
42746,-0.8097303
42747,-0.94651276
42748,-0.9920073
42749,-0.9603947
42750,-0.9487006
42751,-1.0002153
42752,-1.0370288
42753,-1.0370288
42754,-1.0370288
42755,-1.0370288
42756,-1.0370288
42757,-1.0370288
42758,-0.9739842
42759,-0.9739842
42760,-0.9739842
42761,-0.9739842
42762,-0.9739842
42763,-0.9739842
42764,-0.9456672
42765,-0.86062473
42766,-0.8497662
42767,-0.9456672
42768,-0.9456672
42769,-0.8497662
42770,-0.8497662
42771,-0.9676375
42772,-0.9903026
42773,-0.9903026
42774,-0.9903026
42775,-0.9903026
42776,-0.98891175
42777,-0.98891175
42778,-0.98891175
42779,-0.98891175
42780,-0.98891175
42781,-0.98891175
42782,-0.98891175
42783,-0.98891175
42784,-0.98891175
42785,-0.98891175
42786,-1.0418082
42787,-1.0418082
42788,-1.0750955
42789,-1.1646197
42790,-1.1479077
42791,-1.3046802
42792,-1.2753456
42793,-1.3486323
42794,-1.3520836
42795,-1.302229
42796,-1.1725769
42797,-1.1639783
42798,-1.0646315
42799,-1.1415222
42800,-1.2612884
42801,-1.1011839
42802,-1.1339935
42803,-1.1130885
42804,-1.1870294
42805,-1.1350924
42806,-1.0985694
42807,-1.0683594
42808,-1.104369
42809,-1.104369
42810,-1.161337
42811,-1.14554
42812,-1.1002736
42813,-1.394227
42814,-1.297803
42815,-1.3234866
42816,-1.3136002
42817,-1.3281181
42818,-1.2173978
42819,62.107132
42820,93.57339
42821,116.64208
42822,83.20052
42823,70.66964
42824,75.52679
42825,51.492706
42826,61.894665
42827,94.552925
42828,81.026344
42829,92.51432
42830,113.47346
42831,151.19241
42832,162.84706
42833,192.97353
42834,228.8374
42835,251.11897
42836,279.7109
42837,267.89493
42838,439.9758
42839,558.7223
42840,655.9414
42841,572.88995
42842,625.1498
42843,755.0198
42844,594.6126
42845,636.8507
42846,592.81744
42847,556.13
42848,671.8006
42849,585.1558
42850,402.65173
42851,388.0739
42852,388.51767
42853,366.36948
42854,309.09534
42855,399.0167
42856,328.89142
42857,293.48953
42858,267.4348
42859,324.3842
42860,520.85254
42861,599.7919
42862,417.15604
42863,527.31793
42864,442.8843
42865,536.42834
42866,561.22736
42867,534.66327
42868,482.23907
42869,600.3069
42870,516.5126
42871,439.2868
42872,366.0912
42873,314.63644
42874,482.98334
42875,555.91833
42876,506.958
42877,507.4776
42878,511.90964
42879,658.32227
42880,682.589
42881,746.83136
42882,589.14545
42883,656.24567
42884,546.68274
42885,386.4626
42886,484.52002
42887,465.18134
42888,372.58463
42889,375.92737
42890,477.629
42891,435.4709
42892,504.0857
42893,217.90498
42894,403.89877
42895,591.1559
42896,364.47565
42897,336.71533
42898,290.73087
42899,245.1491
42900,128.57762
42901,167.8696
42902,137.39172
42903,220.3609
42904,130.24693
42905,144.9451
42906,128.67543
42907,116.78555
42908,64.046135
42909,78.31945
42910,203.94841
42911,452.0949
42912,535.66736
42913,399.19995
42914,352.50903
42915,498.30054
42916,354.57642
42917,522.10803
42918,525.492
42919,400.94666
42920,273.51028
42921,287.09506
42922,478.5836
42923,692.97797
42924,631.7064
42925,518.3493
42926,171.90903
42927,681.0685
42928,344.91293
42929,525.2203
42930,287.48102
42931,234.79439
42932,151.08557
42933,150.42831
42934,148.71281
42935,115.28361
42936,76.90207
42937,116.55376
42938,86.80337
42939,98.12401
42940,167.84772
42941,290.52945
42942,314.42886
42943,366.3886
42944,352.18567
42945,495.6598
42946,430.54236
42947,236.53014
42948,295.94055
42949,293.13873
42950,386.1953
42951,492.77618
42952,316.2208
42953,254.19893
42954,255.89543
42955,242.58286
42956,361.18665
42957,185.9672
42958,231.14238
42959,253.56963
42960,227.48431
42961,236.07545
42962,228.31284
42963,189.85512
42964,213.15785
42965,261.51364
42966,213.82904
42967,312.94458
42968,433.72806
42969,316.32352
42970,395.20227
42971,427.7951
42972,556.4088
42973,539.67554
42974,451.7719
42975,246.66228
42976,204.2862
42977,225.56018
42978,292.8492
42979,365.90286
42980,455.9029
42981,308.01166
42982,367.97424
42983,424.1309
42984,448.75204
42985,353.0347
42986,240.38495
42987,266.80988
42988,337.49048
42989,330.20868
42990,422.2545
42991,365.4634
42992,477.79523
42993,754.14276
42994,615.4051
42995,332.34503
42996,377.0176
42997,319.37094
42998,308.4597
42999,304.54865
43000,322.15503
43001,207.8393
43002,332.1349
43003,390.58948
43004,372.1005
43005,342.81268
43006,340.01944
43007,402.40454
43008,1735.5424
43009,1907.0876
43010,1852.3502
43011,1786.1641
43012,1786.3944
43013,1559.5555
43014,1644.8986
43015,1278.2793
43016,947.49866
43017,429.96127
43018,406.3986
43019,495.6596
43020,477.30365
43021,583.4374
43022,393.00247
43023,745.36395
43024,813.92786
43025,550.9534
43026,490.1712
43027,474.17963
43028,553.94684
43029,262.74896
43030,467.98203
43031,717.8285
43032,718.7887
43033,1074.2916
43034,798.7998
43035,668.5658
43036,263.55347
43037,226.94554
43038,501.11685
43039,348.64282
43040,665.36633
43041,504.5896
43042,485.07172
43043,418.12872
43044,130.55823
43045,341.048
43046,233.14432
43047,536.5495
43048,487.79358
43049,297.14005
43050,515.0224
43051,601.4756
43052,586.33527
43053,505.6854
43054,431.84747
43055,455.4516
43056,463.49854
43057,536.3252
43058,359.52432
43059,199.5408
43060,282.35925
43061,387.83685
43062,178.57028
43063,283.62225
43064,429.00558
43065,388.71426
43066,733.6641
43067,519.14575
43068,528.18805
43069,323.40482
43070,472.94788
43071,425.93848
43072,582.2333
43073,488.3818
43074,332.0621
43075,245.6968
43076,486.16968
43077,300.7039
43078,367.13504
43079,227.45447
43080,224.62279
43081,119.59053
43082,108.85403
43083,57.132557
43084,1.6966975
43085,10.971194
43086,65.49953
43087,100.16185
43088,192.66643
43089,314.41977
43090,222.59155
43091,243.09654
43092,194.21826
43093,189.1715
43094,251.80981
43095,265.9284
43096,319.34457
43097,340.68445
43098,368.65833
43099,237.46794
43100,180.2456
43101,171.13475
43102,108.39583
43103,126.35287
43104,94.592125
43105,93.91998
43106,125.713715
43107,116.500824
43108,92.423454
43109,66.95263
43110,76.75538
43111,106.09011
43112,141.00961
43113,95.073685
43114,97.06561
43115,98.35388
43116,161.75496
43117,268.4705
43118,305.44373
43119,288.38678
43120,286.00754
43121,304.43903
43122,256.15683
43123,216.84999
43124,225.30261
43125,331.83197
43126,376.80228
43127,358.76816
43128,438.4073
43129,400.28064
43130,434.38995
43131,553.489
43132,522.26495
43133,418.63702
43134,486.07462
43135,369.68576
43136,410.03253
43137,355.2818
43138,202.06548
43139,206.27235
43140,185.95757
43141,194.43764
43142,229.94164
43143,240.52327
43144,317.45984
43145,407.101
43146,552.0195
43147,611.04614
43148,649.00684
43149,449.4546
43150,359.61145
43151,384.37622
43152,379.41083
43153,422.87582
43154,356.74786
43155,532.6649
43156,625.2582
43157,575.7813
43158,98.7669
43159,155.58032
43160,199.947
43161,306.24115
43162,312.43857
43163,365.25037
43164,370.53238
43165,353.52676
43166,508.8011
43167,484.53967
43168,534.64606
43169,563.27075
43170,684.56696
43171,608.826
43172,531.9867
43173,353.68262
43174,284.56064
43175,236.54619
43176,323.64734
43177,396.7847
43178,412.47992
43179,447.12683
43180,469.14417
43181,619.2546
43182,548.8489
43183,543.81366
43184,513.49207
43185,441.8275
43186,373.52954
43187,331.2118
43188,188.93994
43189,148.48996
43190,183.19011
43191,183.91418
43192,275.12622
43193,154.31639
43194,95.40857
43195,97.83435
43196,58.550465
43197,80.65919
43198,128.5104
43199,92.68402
43200,110.19401
43201,183.27641
43202,135.57684
43203,130.44374
43204,283.34998
43205,219.475
43206,208.52477
43207,237.1188
43208,133.17389
43209,147.76974
43210,142.74637
43211,76.71907
43212,60.18699
43213,109.77725
43214,123.55717
43215,128.12157
43216,133.2008
43217,149.19952
43218,159.54153
43219,162.24692
43220,134.08502
43221,151.12202
43222,154.26765
43223,208.05896
43224,225.49557
43225,188.94632
43226,298.46793
43227,320.29465
43228,371.70395
43229,335.27496
43230,250.45891
43231,520.6793
43232,407.62146
43233,342.48407
43234,417.2846
43235,362.1526
43236,445.98563
43237,527.8411
43238,648.2971
43239,598.9629
43240,645.1556
43241,739.0414
43242,655.7835
43243,612.5614
43244,679.5773
43245,689.5436
43246,837.4731
43247,802.10785
43248,865.7174
43249,989.8683
43250,993.49426
43251,855.0061
43252,958.84937
43253,843.1044
43254,753.5554
43255,676.5641
43256,780.6062
43257,769.1332
43258,852.67224
43259,894.6355
43260,1007.6805
43261,986.09125
43262,995.59204
43263,950.87915
43264,923.9932
43265,850.35815
43266,903.72003
43267,1014.6755
43268,1085.6338
43269,1157.9286
43270,1138.0372
43271,958.31915
43272,748.5419
43273,543.53644
43274,899.5469
43275,1076.4314
43276,1277.5105
43277,1162.5848
43278,1243.2505
43279,1168.7023
43280,1079.9187
43281,1220.5698
43282,1235.323
43283,1210.6759
43284,1135.9952
43285,1042.8878
43286,1016.2695
43287,1060.8811
43288,1069.5258
43289,925.65857
43290,868.51215
43291,654.34796
43292,601.064
43293,695.63
43294,533.5198
43295,495.09906
43296,579.7886
43297,791.36346
43298,884.2445
43299,747.565
43300,661.98737
43301,422.64725
43302,274.7809
43303,229.5729
43304,450.9685
43305,544.87836
43306,652.4303
43307,549.1641
43308,511.72647
43309,697.45404
43310,753.8906
43311,760.5753
43312,628.6781
43313,621.023
43314,579.1678
43315,435.99637
43316,369.50604
43317,345.56097
43318,294.92215
43319,245.90562
43320,281.58435
43321,295.68637
43322,370.93942
43323,295.3401
43324,223.82343
43325,300.25433
43326,289.17175
43327,197.45723
43328,202.35538
43329,217.93388
43330,182.37355
43331,120.48268
43332,146.60707
43333,170.31712
43334,120.08943
43335,103.66521
43336,73.98376
43337,62.311157
43338,57.38193
43339,42.94043
43340,50.78231
43341,46.719704
43342,57.519615
43343,100.19482
43344,87.238106
43345,72.931046
43346,38.55234
43347,50.37144
43348,31.75535
43349,45.302982
43350,108.05422
43351,66.41084
43352,37.765987
43353,79.18343
43354,101.52484
43355,60.222103
43356,67.92289
43357,107.67344
43358,130.94128
43359,155.40866
43360,57.338608
43361,57.36614
43362,56.93113
43363,46.130657
43364,36.485664
43365,23.31114
43366,42.457333
43367,46.495445
43368,0.2085941
43369,1.1304066
43370,61.580193
43371,62.63486
43372,24.809538
43373,23.562393
43374,21.002317
43375,20.526646
43376,21.001253
43377,7.6445737
43378,4.765454
43379,-0.129056
43380,24.471506
43381,35.934185
43382,43.38933
43383,29.013435
43384,3.1858819
43385,-2.0940917
43386,-0.50734717
43387,-0.69861823
43388,-0.6742809
43389,-0.7022186
43390,-0.68035185
43391,31.518188
43392,17.253445
43393,17.568295
43394,59.037853
43395,77.81935
43396,51.846207
43397,66.22953
43398,53.485783
43399,82.00619
43400,34.951443
43401,-1.3417948
43402,-1.85171
43403,-0.48417097
43404,-0.4812529
43405,-0.60066396
43406,-0.4515081
43407,-0.44588834
43408,-0.57496977
43409,-0.6082013
43410,-0.6249135
43411,-0.5313469
43412,-0.3197937
43413,16.21239
43414,78.4995
43415,72.83796
43416,46.70695
43417,4.0563326
43418,0.8286842
43419,158.857
43420,150.30289
43421,166.64278
43422,146.94109
43423,116.01444
43424,79.67258
43425,75.67664
43426,57.558365
43427,97.82509
43428,159.8125
43429,171.78574
43430,174.71053
43431,197.13358
43432,221.10442
43433,233.33456
43434,206.75569
43435,166.4909
43436,212.15521
43437,254.88867
43438,240.71333
43439,240.43347
43440,185.42308
43441,230.72394
43442,363.8121
43443,305.67432
43444,294.63867
43445,244.48866
43446,214.40953
43447,218.82755
43448,214.1338
43449,210.79291
43450,199.65698
43451,130.82457
43452,110.65537
43453,61.531532
43454,53.13501
43455,31.938093
43456,3.75146
43457,58.465103
43458,52.764297
43459,19.865063
43460,48.93021
43461,60.996834
43462,64.78676
43463,95.79468
43464,134.088
43465,92.63863
43466,106.52628
43467,149.325
43468,123.55676
43469,88.461815
43470,117.66672
43471,131.3295
43472,163.84735
43473,111.29075
43474,142.32184
43475,95.80228
43476,95.92514
43477,56.43786
43478,31.581087
43479,33.614628
43480,52.433903
43481,58.87991
43482,34.46666
43483,39.823544
43484,12.791287
43485,18.573233
43486,-1.153196
43487,-0.36890233
43488,-0.4306972
43489,-0.4580191
43490,-0.41735524
43491,-0.356948
43492,-0.38299218
43493,-0.44233105
43494,-0.43479547
43495,-0.44663867
43496,-0.40557817
43497,-0.3767228
43498,-0.38276318
43499,-0.41124445
43500,-0.38276318
43501,-0.3767228
43502,-0.38482162
43503,-0.4302466
43504,-0.3815296
43505,-0.42477188
43506,-0.44423845
43507,-0.56759435
43508,-0.58740383
43509,-0.4652985
43510,-0.36109757
43511,-0.2617632
43512,58.746094
43513,111.79516
43514,37.665585
43515,15.536508
43516,2.1541839
43517,1.855565
43518,13.195414
43519,1.7155896
43520,-1.292024
43521,-0.5956599
43522,-0.4972525
43523,-0.5044481
43524,-0.5023896
43525,-0.48079586
43526,-0.44574508
43527,-0.40268496
43528,-0.39664456
43529,-0.43116638
43530,-0.44367623
43531,-0.44971663
43532,-0.5870483
43533,-0.5789685
43534,-0.6600481
43535,-0.6600481
43536,-0.57843244
43537,-0.67742395
43538,-0.72027206
43539,-0.6264137
43540,-0.6490787
43541,-0.66492355
43542,-0.71345127
43543,-0.73947954
43544,-0.79584503
43545,-0.848337
43546,-0.92880243
43547,-1.0079324
43548,-1.0068861
43549,-0.9903617
43550,-1.0068861
43551,-1.003508
43552,-1.097736
43553,-1.0812117
43554,-1.1186931
43555,-1.1186931
43556,-1.1095262
43557,-1.1098294
43558,-1.1098294
43559,-1.1098294
43560,-1.1091042
43561,-1.1091042
43562,-1.1161299
43563,-1.127799
43564,-1.127799
43565,-1.1161299
43566,-1.1161299
43567,-1.127799
43568,-1.8148483
43569,-1.0893719
43570,-1.1522487
43571,-1.1522487
43572,-1.1545289
43573,-1.0938442
43574,-1.7929835
43575,-1.0287215
43576,-0.9871651
43577,-1.0463425
43578,-1.082399
43579,-1.0374985
43580,-1.0157202
43581,-1.0384578
43582,-1.0428413
43583,-1.0548368
43584,-1.0548368
43585,-1.055562
43586,-1.1559236
43587,-1.1442544
43588,-1.1939603
43589,-1.1559236
43590,-1.1698121
43591,-1.1698121
43592,-1.1067767
43593,-1.1067767
43594,-1.1333659
43595,-1.1009452
43596,54.027763
43597,16.013573
43598,-0.9876573
43599,20.570765
43600,62.83821
43601,16.746002
43602,24.333933
43603,14.761226
43604,-1.336163
43605,-1.3303117
43606,-1.3040123
43607,-1.3437353
43608,-1.3428303
43609,-1.1956135
43610,-1.2831446
43611,-1.2386396
43612,-1.2469571
43613,-1.2469571
43614,-1.2751775
43615,-1.2120636
43616,-1.0603052
43617,-1.238695
43618,-1.368408
43619,-1.4289892
43620,-1.3069975
43621,-1.4174166
43622,-1.2457001
43623,-1.290988
43624,-1.3012053
43625,-1.309221
43626,-1.3494968
43627,-1.2828857
43628,-1.2831291
43629,-1.2174848
43630,40.216427
43631,59.49517
43632,49.12961
43633,17.17455
43634,-5.1074724
43635,-2.7144172
43636,-1.1598188
43637,-0.92689705
43638,27.854187
43639,89.77899
43640,76.02464
43641,30.387539
43642,-2.887661
43643,-1.0817403
43644,-1.0676358
43645,-1.1161494
43646,-1.2321079
43647,-1.2386539
43648,-1.2719024
43649,-1.2876995
43650,-1.246945
43651,-1.358724
43652,-2.0822644
43653,-1.2500389
43654,-1.2077479
43655,37.90256
43656,71.97186
43657,104.02408
43658,191.06116
43659,126.647514
43660,122.097
43661,104.10961
43662,124.31795
43663,126.82003
43664,84.49279
43665,102.30411
43666,136.11955
43667,202.69861
43668,158.60907
43669,240.30948
43670,235.46999
43671,226.54707
43672,199.80753
43673,174.96957
43674,215.67972
43675,240.70326
43676,181.2748
43677,179.6422
43678,166.8218
43679,279.77374
43680,289.77496
43681,247.62222
43682,381.4094
43683,452.79077
43684,413.77002
43685,501.7447
43686,335.53043
43687,431.5563
43688,611.3071
43689,515.1876
43690,586.691
43691,701.9376
43692,450.23026
43693,430.41333
43694,481.3766
43695,429.12274
43696,526.16876
43697,797.86725
43698,835.3876
43699,720.1415
43700,602.71387
43701,419.51514
43702,447.7521
43703,377.17526
43704,291.49072
43705,402.64966
43706,519.2157
43707,547.7597
43708,583.5815
43709,497.91254
43710,573.56726
43711,550.8214
43712,355.67145
43713,464.2124
43714,465.22488
43715,545.8206
43716,605.3991
43717,557.88293
43718,579.1115
43719,614.90106
43720,642.22845
43721,579.4833
43722,691.0411
43723,695.06384
43724,873.3899
43725,733.4695
43726,807.42114
43727,723.83514
43728,537.674
43729,507.1557
43730,347.5393
43731,382.10843
43732,545.09454
43733,382.77283
43734,446.49454
43735,500.0365
43736,494.72928
43737,523.92865
43738,577.6926
43739,643.171
43740,661.0502
43741,711.0615
43742,773.27496
43743,736.8589
43744,580.6588
43745,654.748
43746,672.03986
43747,525.1
43748,553.4731
43749,748.26825
43750,814.47754
43751,1031.4934
43752,905.27747
43753,780.5918
43754,638.08356
43755,823.1596
43756,683.3804
43757,865.8477
43758,843.0798
43759,990.02295
43760,1004.9526
43761,1077.042
43762,908.1061
43763,960.2575
43764,937.5947
43765,981.8529
43766,958.4077
43767,813.529
43768,868.1944
43769,785.5574
43770,794.9283
43771,746.3256
43772,672.74713
43773,841.98706
43774,1058.6586
43775,915.71844
43776,782.99506
43777,799.2218
43778,737.2854
43779,886.3621
43780,710.287
43781,886.2323
43782,843.3544
43783,814.4628
43784,898.0266
43785,758.37885
43786,706.0472
43787,697.6602
43788,629.25885
43789,552.46893
43790,449.59415
43791,501.05392
43792,493.68643
43793,416.80356
43794,411.05865
43795,200.88135
43796,250.02287
43797,188.78857
43798,164.652
43799,298.5306
43800,329.1319
43801,466.82983
43802,395.31985
43803,375.57202
43804,234.0699
43805,412.66208
43806,156.78755
43807,96.9647
43808,73.40414
43809,32.10031
43810,72.52565
43811,140.76785
43812,258.17035
43813,216.45906
43814,178.52597
43815,121.36488
43816,112.26598
43817,127.1102
43818,122.96108
43819,124.96239
43820,119.124886
43821,116.682976
43822,70.77434
43823,52.84469
43824,27.221134
43825,29.465868
43826,35.174187
43827,24.065367
43828,43.262154
43829,51.54324
43830,91.59748
43831,90.23816
43832,70.171295
43833,62.85318
43834,36.94704
43835,39.838604
43836,98.87962
43837,134.53629
43838,171.22765
43839,180.87573
43840,180.04147
43841,184.50578
43842,125.45391
43843,182.97508
43844,181.0033
43845,132.32191
43846,103.03178
43847,132.52606
43848,194.95915
43849,194.07846
43850,265.53195
43851,218.28793
43852,228.59315
43853,215.74261
43854,155.49216
43855,205.08386
43856,246.90015
43857,285.3437
43858,260.4986
43859,259.90552
43860,304.50003
43861,446.4765
43862,539.70996
43863,673.4703
43864,696.9013
43865,722.89154
43866,723.19775
43867,599.2659
43868,543.8642
43869,536.1103
43870,844.6299
43871,749.3933
43872,862.20166
43873,1011.19965
43874,1278.7493
43875,1021.90857
43876,1203.729
43877,1400.5919
43878,1345.7443
43879,1645.1238
43880,1571.6298
43881,1540.1333
43882,1603.9025
43883,1632.5544
43884,1880.4313
43885,1738.9747
43886,1782.5791
43887,1871.3676
43888,1848.5643
43889,1854.239
43890,1668.1256
43891,1834.8988
43892,1772.9027
43893,1731.4535
43894,1635.6927
43895,1639.0167
43896,1565.5262
43897,1711.6412
43898,1545.9144
43899,1435.7703
43900,1329.4335
43901,1507.5721
43902,1496.3738
43903,1455.0803
43904,1465.7041
43905,1396.4521
43906,1537.8883
43907,1347.3435
43908,1557.0518
43909,1562.4647
43910,1617.1117
43911,1316.9948
43912,1191.446
43913,1333.7445
43914,1351.3807
43915,1056.2963
43916,1075.4141
43917,1233.309
43918,1317.9136
43919,1323.6636
43920,1240.53
43921,1472.9775
43922,1195.2327
43923,1139.059
43924,1107.625
43925,1136.2037
43926,1146.2054
43927,1110.9788
43928,1108.774
43929,1022.1442
43930,934.6366
43931,823.1678
43932,931.4968
43933,925.44006
43934,743.9595
43935,890.8992
43936,669.3812
43937,487.91614
43938,489.13962
43939,446.7205
43940,374.0425
43941,415.535
43942,441.78653
43943,376.49054
43944,297.52313
43945,234.06706
43946,285.954
43947,272.07266
43948,314.9508
43949,290.3068
43950,225.57738
43951,190.49287
43952,169.03621
43953,216.2618
43954,189.8549
43955,236.89659
43956,254.10876
43957,248.91191
43958,236.16212
43959,243.90549
43960,287.30994
43961,310.34137
43962,363.52264
43963,291.9911
43964,235.42714
43965,341.85837
43966,253.95021
43967,280.5286
43968,373.63718
43969,332.22006
43970,317.0303
43971,315.323
43972,220.01231
43973,162.03712
43974,158.50331
43975,156.45236
43976,121.3001
43977,82.14974
43978,145.94365
43979,71.5309
43980,26.330976
43981,1.1040435
43982,43.24981
43983,29.171612
43984,51.686386
43985,42.861492
43986,72.06672
43987,71.12835
43988,8.208003
43989,-1.9700624
43990,-0.7387012
43991,50.456764
43992,88.97932
43993,67.280754
43994,48.52064
43995,69.39695
43996,51.93152
43997,24.099724
43998,55.444096
43999,62.05088
44000,68.62361
44001,128.43019
44002,167.2365
44003,209.86589
44004,295.94687
44005,519.90814
44006,1005.487
44007,1210.3158
44008,1505.5125
44009,1585.7252
44010,1498.4066
44011,1834.2659
44012,1865.3544
44013,1835.4502
44014,1911.2776
44015,1803.895
44016,1937.9246
44017,1903.2682
44018,1944.2131
44019,1882.4983
44020,1889.4407
44021,1865.9657
44022,1895.8546
44023,1867.2046
44024,1868.699
44025,1814.281
44026,1873.1285
44027,1863.7924
44028,1861.7031
44029,1868.79
44030,1803.1829
44031,1971.2223
44032,1937.1672
44033,1915.3269
44034,1950.2535
44035,1980.1486
44036,1969.6827
44037,1940.7274
44038,1755.4645
44039,1634.395
44040,1042.5643
44041,1276.2972
44042,1471.7128
44043,1053.0552
44044,1535.2368
44045,1311.8235
44046,964.3731
44047,994.623
44048,1167.6741
44049,1275.0048
44050,1437.9417
44051,1527.6694
44052,1241.827
44053,1244.2389
44054,936.18494
44055,1212.077
44056,434.1484
44057,654.2709
44058,786.5093
44059,891.75287
44060,786.7391
44061,585.4626
44062,381.77826
44063,496.1188
44064,429.2193
44065,277.9878
44066,375.76736
44067,820.57166
44068,1366.0475
44069,828.7707
44070,356.98917
44071,203.33844
44072,607.37317
44073,680.9645
44074,999.1809
44075,820.69556
44076,1111.3247
44077,1024.5402
44078,1115.5404
44079,998.03235
44080,1006.64233
44081,977.6906
44082,1342.3958
44083,1099.9528
44084,916.66394
44085,1148.3274
44086,996.30896
44087,1089.9475
44088,1341.0619
44089,1178.2848
44090,1200.2373
44091,995.1348
44092,808.35474
44093,1151.1727
44094,1268.4441
44095,912.88257
44096,545.3508
44097,541.765
44098,625.7656
44099,687.78687
44100,918.998
44101,660.7736
44102,692.9496
44103,956.0899
44104,749.6585
44105,771.4968
44106,732.6473
44107,577.5287
44108,625.26276
44109,784.7903
44110,709.6728
44111,746.77405
44112,769.2775
44113,713.6996
44114,508.9995
44115,533.4679
44116,586.9361
44117,363.75766
44118,433.41086
44119,392.4709
44120,446.6713
44121,533.50714
44122,608.8068
44123,741.0295
44124,136.27736
44125,3.7763202
44126,-0.72586143
44127,-1.4130212
44128,0.1846934
44129,29.111347
44130,366.10043
44131,431.03226
44132,555.4533
44133,491.41046
44134,504.5804
44135,568.595
44136,331.23804
44137,696.4871
44138,448.24194
44139,577.5023
44140,391.08566
44141,356.37775
44142,546.6538
44143,511.88788
44144,331.47504
44145,540.3331
44146,391.62167
44147,399.30145
44148,398.8544
44149,532.2027
44150,542.28107
44151,715.88824
44152,543.7495
44153,439.77536
44154,469.96503
44155,484.08426
44156,904.2158
44157,797.6953
44158,722.3891
44159,455.10822
44160,176.61797
44161,167.15971
44162,202.00137
44163,131.89587
44164,134.05963
44165,170.88913
44166,254.4816
44167,354.45096
44168,337.07156
44169,416.19406
44170,434.45813
44171,324.3838
44172,215.34563
44173,172.3525
44174,209.43126
44175,181.46844
44176,215.59885
44177,321.68405
44178,304.1161
44179,296.59094
44180,255.3569
44181,234.75117
44182,224.28392
44183,257.34775
44184,264.88315
44185,340.80573
44186,363.3337
44187,399.2885
44188,331.45227
44189,323.89105
44190,334.30832
44191,375.81006
44192,567.55707
44193,713.615
44194,674.8679
44195,692.32404
44196,546.1306
44197,373.67065
44198,428.37537
44199,406.59
44200,496.36868
44201,581.2352
44202,725.81445
44203,775.16144
44204,859.1475
44205,718.48126
44206,765.4113
44207,697.0972
44208,664.36005
44209,720.7279
44210,610.5122
44211,520.2663
44212,527.29816
44213,564.4583
44214,557.82385
44215,639.5904
44216,562.07556
44217,373.3135
44218,434.74384
44219,445.73203
44220,393.10568
44221,447.47412
44222,377.45023
44223,367.26697
44224,329.07562
44225,291.84308
44226,255.8465
44227,320.24887
44228,325.09674
44229,330.4147
44230,318.30286
44231,264.53406
44232,247.4757
44233,211.02286
44234,79.106026
44235,39.36416
44236,4.4267654
44237,-2.116652
44238,38.81044
44239,106.579216
44240,156.17393
44241,150.9431
44242,109.906876
44243,52.04879
44244,65.73235
44245,65.91
44246,101.652
44247,118.952866
44248,52.5357
44249,7.550027
44250,1.8238375
44251,-1.1179177
44252,-0.67080414
44253,-0.53847176
44254,-0.5431831
44255,-1.1905385
44256,4.4596496
44257,2.389654
44258,17.662006
44259,-0.81004953
44260,-0.7691836
44261,-0.76529276
44262,-0.20594287
44263,10.401384
44264,55.311092
44265,16.968843
44266,35.66669
44267,17.50919
44268,-0.62918967
44269,-0.69920206
44270,-0.5221572
44271,-0.60927606
44272,-0.6905941
44273,-0.7178237
44274,-0.7178237
44275,-0.74995196
44276,-0.74995196
44277,-0.7470299
44278,-0.87267005
44279,-0.85569155
44280,-1.3828099
44281,-1.4036615
44282,-1.4339764
44283,-1.4339764
44284,-1.4181794
44285,-2.171384
44286,-1.2173582
44287,-1.2431933
44288,-1.4152446
44289,-1.3825417
44290,-2.1974556
44291,1.2388927
44292,28.56814
44293,49.136467
44294,59.50502
44295,48.6216
44296,41.257874
44297,13.508768
44298,33.369137
44299,57.04565
44300,40.517727
44301,48.254196
44302,78.795876
44303,98.755486
44304,96.164795
44305,115.76419
44306,122.76767
44307,140.70679
44308,179.44937
44309,188.20328
44310,174.63545
44311,217.02429
44312,245.51395
44313,405.4025
44314,172.27423
44315,167.40074
44316,297.05484
44317,377.60938
44318,331.29816
44319,366.88232
44320,230.2933
44321,231.59702
44322,352.19534
44323,269.86975
44324,330.91257
44325,381.81378
44326,298.33362
44327,304.97162
44328,246.28
44329,352.52936
44330,240.78389
44331,222.70688
44332,127.646576
44333,85.376335
44334,74.62608
44335,98.280716
44336,127.11452
44337,120.090385
44338,85.12972
44339,101.785835
44340,46.638435
44341,15.986061
44342,41.750084
44343,72.95601
44344,28.151407
44345,26.950464
44346,5.813628
44347,38.142307
44348,13.989324
44349,35.80802
44350,79.74239
44351,5.499276
44352,8.318886
44353,13.682467
44354,29.248545
44355,56.77434
44356,61.76391
44357,69.58029
44358,79.64529
44359,35.585037
44360,55.15872
44361,50.10699
44362,97.05582
44363,74.44704
44364,41.085674
44365,14.797141
44366,38.148773
44367,14.598928
44368,63.45118
44369,101.546844
44370,109.80146
44371,71.31197
44372,58.882156
44373,50.27039
44374,80.77366
44375,117.73817
44376,153.04335
44377,118.05139
44378,129.1449
44379,142.29414
44380,167.49052
44381,144.10095
44382,159.10669
44383,164.64778
44384,164.62268
44385,193.16486
44386,276.3615
44387,365.39847
44388,348.8269
44389,338.1107
44390,328.56134
44391,366.9574
44392,285.92926
44393,291.3252
44394,221.65826
44395,194.21
44396,210.33867
44397,184.17108
44398,183.36542
44399,172.12932
44400,180.57405
44401,143.6693
44402,114.556564
44403,120.72377
44404,209.18445
44405,203.7021
44406,268.7374
44407,314.7235
44408,277.26645
44409,213.70947
44410,298.4513
44411,237.44064
44412,264.61575
44413,290.46185
44414,346.4781
44415,479.81757
44416,594.49817
44417,634.9375
44418,533.81757
44419,570.1793
44420,516.176
44421,569.2756
44422,432.61685
44423,310.79544
44424,290.48026
44425,255.90111
44426,222.33559
44427,189.46542
44428,192.18724
44429,214.32492
44430,193.40367
44431,241.9625
44432,252.59396
44433,274.4069
44434,211.57748
44435,228.0615
44436,192.47636
44437,228.94095
44438,220.21971
44439,199.59396
44440,220.86984
44441,217.11975
44442,199.43163
44443,177.91632
44444,147.19067
44445,100.84679
44446,79.071335
44447,104.47296
44448,38.670036
44449,3.6889775
44450,108.09642
44451,80.566444
44452,38.54727
44453,32.96842
44454,-3.0353293
44455,-1.7496543
44456,-1.522623
44457,-2.905667
44458,-1.481398
44459,-1.76421
44460,-1.7055355
44461,-1.3605745
44462,-1.3511188
44463,-1.3878117
44464,-1.3950541
44465,-1.3847119
44466,-1.3275371
44467,-1.2785304
44468,-1.4101157
44469,-1.414734
44470,-1.414734
44471,-1.4342436
44472,-1.4184563
44473,-1.3711979
44474,-1.3711979
44475,-1.395692
44476,-1.395692
44477,-1.3167679
44478,-1.3167679
44479,-1.2370762
44480,-1.1354063
44481,-1.1079472
44482,-1.1997488
44483,-1.1120653
44484,-1.3848575
44485,-1.3729938
44486,-1.3848575
44487,-1.3897549
44488,-1.3789817
44489,-1.2777556
44490,-1.2974967
44491,-1.2777556
44492,-1.2769555
44493,-1.2986072
44494,-1.2867435
44495,-1.3899162
44496,-1.4015855
44497,-1.4940068
44498,14.32335
44499,19.505938
44500,-6.4608164
44501,-3.115042
44502,-6.8384223
44503,9.896142
44504,70.97709
44505,43.552105
44506,66.52122
44507,34.073647
44508,30.306553
44509,21.854055
44510,39.78665
44511,60.74466
44512,29.154839
44513,29.860695
44514,19.006094
44515,16.1196
44516,65.39581
44517,74.207535
44518,67.60721
44519,73.56564
44520,69.55634
44521,63.571968
44522,92.016846
44523,85.83827
44524,82.42438
44525,37.04669
44526,93.92666
44527,59.27782
44528,84.23591
44529,79.03038
44530,91.18344
44531,102.65424
44532,85.93786
44533,52.611477
44534,59.663128
44535,59.803295
44536,78.27493
44537,75.91751
44538,23.955795
44539,-2.835815
44540,-0.8819404
44541,-0.6990927
44542,-0.5912989
44543,-0.62851065
44544,-0.62851065
44545,-0.72611284
44546,-0.8029653
44547,-0.7910496
44548,-0.8224931
44549,-0.7823736
44550,-0.8421031
44551,-0.7823736
44552,-0.8044793
44553,-0.8021992
44554,-0.7063048
44555,-0.71387714
44556,-0.8044793
44557,-0.7855836
44558,-0.7629719
44559,-0.7943901
44560,-0.8301068
44561,35.760788
44562,6.530721
44563,9.886633
44564,3.190197
44565,-0.710938
44566,-0.6789394
44567,22.694271
44568,100.35236
44569,71.534195
44570,43.641663
44571,74.20706
44572,128.37799
44573,109.90063
44574,70.59057
44575,65.79894
44576,85.156
44577,36.26699
44578,7.1405897
44579,-1.7488405
44580,-1.4907465
44581,-0.53766423
44582,-0.5969888
44583,-0.48773673
44584,-0.49387723
44585,-0.52008224
44586,-0.6811941
44587,-0.6433709
44588,-0.7214006
44589,-0.7574184
44590,-0.8024051
44591,-0.8218752
44592,-0.9029547
44593,-0.8862425
44594,-0.94852364
44595,-0.79946804
44596,-0.84578437
44597,-0.8295938
44598,-0.8862425
44599,-0.8862425
44600,-0.9029547
44601,-0.8862425
44602,-0.8361571
44603,-0.82755053
44604,-0.863692
44605,-0.82755053
44606,-0.91342515
44607,-0.8772837
44608,-0.9552504
44609,-0.9355702
44610,-1.6339399
44611,-1.0434668
44612,-0.90775365
44613,-0.9242154
44614,-1.043476
44615,-1.0221199
44616,-0.92827725
44617,-0.99835896
44618,-0.99726737
44619,-0.9800475
44620,-1.0892156
44621,-1.0653151
44622,-1.006058
44623,-0.96653855
44624,-0.8672247
44625,-0.9746082
44626,-0.98635143
44627,-1.0025862
44628,-1.1562489
44629,-0.9803534
44630,-1.7845775
44631,-1.0689538
44632,-1.0473665
44633,-1.1289961
44634,-1.1949297
44635,-1.1283157
44636,-1.0771374
44637,-1.194865
44638,-1.284468
44639,-1.2475584
44640,-1.1408483
44641,-1.2633553
44642,-1.3751342
44643,-1.3697649
44644,-1.3855618
44645,-2.0405955
44646,-1.3609759
44647,-1.3609759
44648,-1.3312186
44649,-1.3511415
44650,-1.2858456
44651,-1.2997066
44652,-1.3432508
44653,-1.3258678
44654,-1.3466403
44655,-1.9401923
44656,-1.1014041
44657,-1.0560821
44658,-1.0385311
44659,-0.93058497
44660,-0.93484724
44661,25.988707
44662,33.394623
44663,21.366392
44664,28.00491
44665,22.510666
44666,33.072098
44667,19.365208
44668,29.29263
44669,31.299253
44670,37.467438
44671,47.642334
44672,80.955376
44673,77.95415
44674,53.659004
44675,20.431366
44676,37.191063
44677,33.312897
44678,65.71995
44679,103.22274
44680,121.024956
44681,67.82851
44682,87.12893
44683,99.75123
44684,59.5292
44685,2.2172332
44686,-1.2080001
44687,7.4509907
44688,28.972973
44689,-1.2550511
44690,31.134367
44691,18.94659
44692,0.6427968
44693,1.3433392
44694,22.989195
44695,10.521143
44696,25.893946
44697,114.139656
44698,54.119576
44699,26.622301
44700,26.94642
44701,48.86393
44702,60.60921
44703,52.328346
44704,81.78689
44705,78.88279
44706,83.55462
44707,178.64609
44708,122.14888
44709,118.57909
44710,148.30267
44711,132.74232
44712,78.19216
44713,123.419426
44714,103.85771
44715,129.44246
44716,216.43605
44717,182.9593
44718,226.30562
44719,205.3179
44720,216.52147
44721,215.35109
44722,181.68654
44723,108.48195
44724,102.57912
44725,154.09395
44726,181.14809
44727,232.54683
44728,242.69504
44729,149.5746
44730,121.42226
44731,147.16016
44732,156.11067
44733,188.23209
44734,254.68912
44735,291.31824
44736,344.78986
44737,317.5387
44738,380.98526
44739,459.22034
44740,404.23325
44741,258.0043
44742,566.9071
44743,656.33826
44744,745.99286
44745,669.3295
44746,728.1819
44747,573.4153
44748,626.3947
44749,602.5906
44750,545.4604
44751,612.90704
44752,639.8309
44753,612.4022
44754,576.7231
44755,533.2402
44756,589.96045
44757,782.66516
44758,784.0034
44759,762.1489
44760,734.02277
44761,794.70325
44762,942.8953
44763,1059.4111
44764,1138.4966
44765,1239.8226
44766,1204.767
44767,1336.708
44768,1139.1578
44769,1191.0514
44770,1002.898
44771,1102.4971
44772,1011.2502
44773,963.24554
44774,1187.3971
44775,1339.0549
44776,1124.0695
44777,1041.5458
44778,941.1282
44779,829.4491
44780,963.1029
44781,811.9563
44782,563.7454
44783,492.8285
44784,493.5594
44785,564.584
44786,598.92487
44787,671.2051
44788,685.63434
44789,639.6763
44790,610.8297
44791,687.6748
44792,615.2357
44793,523.3971
44794,576.9911
44795,446.07816
44796,378.22772
44797,459.97784
44798,388.02866
44799,449.94437
44800,301.43762
44801,308.74747
44802,266.43262
44803,533.0766
44804,265.35056
44805,123.067406
44806,96.68302
44807,141.86618
44808,184.33789
44809,132.24745
44810,182.47372
44811,174.58447
44812,166.01218
44813,129.4615
44814,119.82461
44815,121.241745
44816,125.48346
44817,145.52534
44818,126.581894
44819,99.565
44820,106.39553
44821,60.625275
44822,99.17169
44823,59.24207
44824,86.05974
44825,28.311106
44826,-1.7474635
44827,-0.47499603
44828,-0.732102
44829,53.64208
44830,24.684423
44831,63.652016
44832,90.87166
44833,71.11602
44834,163.32463
44835,34.489506
44836,57.025898
44837,199.66615
44838,212.60849
44839,238.21053
44840,150.45886
44841,83.14979
44842,147.43546
44843,222.59674
44844,222.78174
44845,211.16187
44846,175.67104
44847,168.90799
44848,126.197754
44849,105.45876
44850,234.2345
44851,200.63889
44852,126.428
44853,117.2748
44854,83.69493
44855,161.03036
44856,171.77495
44857,143.99231
44858,107.70268
44859,119.76931
44860,100.09445
44861,60.404842
44862,60.832973
44863,112.790474
44864,208.95445
44865,217.00801
44866,204.3712
44867,180.04535
44868,216.77974
44869,208.21182
44870,273.17526
44871,247.19783
44872,207.74117
44873,144.78801
44874,67.889435
44875,92.99042
44876,84.27052
44877,64.73788
44878,11.253924
44879,-3.0989425
44880,-2.1070426
44881,-1.5297278
44882,-1.3272995
44883,-0.80315036
44884,-0.983262
44885,-0.960597
44886,-0.83439845
44887,-0.8496421
44888,-0.99775517
44889,-1.0221429
44890,27.834702
44891,58.589947
44892,63.44736
44893,82.04516
44894,37.59246
44895,17.974318
44896,1.5543888
44897,4.5627027
44898,-5.069432
44899,-1.1898681
44900,-1.4634889
44901,-0.73798084
44902,-0.7882244
44903,-0.6174601
44904,52.736298
44905,83.18357
44906,50.31385
44907,74.6476
44908,111.76108
44909,115.56965
44910,122.869316
44911,75.80353
44912,85.184105
44913,126.12101
44914,127.681465
44915,195.45177
44916,173.00264
44917,172.24538
44918,219.50587
44919,292.8393
44920,378.48648
44921,541.3579
44922,478.4467
44923,472.84735
44924,533.23663
44925,626.78705
44926,616.616
44927,511.2495
44928,389.4953
44929,316.7932
44930,194.16411
44931,173.56795
44932,260.861
44933,367.776
44934,558.5212
44935,637.3531
44936,492.669
44937,467.99142
44938,342.50803
44939,333.026
44940,352.2129
44941,354.85114
44942,300.9355
44943,239.22842
44944,218.6586
44945,265.56003
44946,264.95877
44947,195.20137
44948,163.77435
44949,168.83803
44950,152.80258
44951,221.84764
44952,232.0625
44953,269.34753
44954,265.1443
44955,214.80856
44956,191.0212
44957,207.10287
44958,197.12946
44959,87.25096
44960,153.66675
44961,186.32115
44962,201.01253
44963,175.00279
44964,141.37057
44965,100.07425
44966,72.17597
44967,98.38788
44968,72.482155
44969,99.17144
44970,65.18654
44971,115.42364
44972,38.648037
44973,119.131645
44974,112.67087
44975,206.3818
44976,304.67545
44977,163.47163
44978,250.46387
44979,251.14386
44980,130.71796
44981,329.07993
44982,466.2615
44983,584.9791
44984,634.4311
44985,720.51953
44986,443.09354
44987,473.64777
44988,616.8444
44989,568.1776
44990,465.10675
44991,468.66736
44992,475.30518
44993,450.93652
44994,539.514
44995,466.1893
44996,567.7586
44997,445.9218
44998,468.34235
44999,488.4634
45000,474.43753
45001,502.88275
45002,336.37357
45003,202.36897
45004,272.8332
45005,195.75967
45006,103.75417
45007,177.7352
45008,296.92526
45009,613.318
45010,843.0543
45011,798.5008
45012,595.20734
45013,831.7618
45014,916.64636
45015,618.1721
45016,672.52454
45017,856.6119
45018,962.88293
45019,1164.0487
45020,913.1246
45021,619.7617
45022,596.09454
45023,1068.9413
45024,947.7799
45025,1066.1697
45026,1137.4642
45027,1373.7241
45028,1415.9175
45029,1243.5491
45030,1141.9536
45031,1059.3168
45032,1218.6656
45033,1284.5883
45034,1435.9059
45035,1404.8055
45036,1467.2915
45037,1389.2216
45038,1631.8539
45039,1559.8357
45040,1273.8351
45041,1059.5164
45042,1299.1877
45043,1305.0072
45044,1273.3275
45045,1273.2368
45046,1187.3624
45047,1070.2717
45048,1046.3734
45049,1028.2545
45050,1061.4856
45051,1072.2815
45052,1117.291
45053,1029.7388
45054,926.8127
45055,935.4744
45056,1021.4158
45057,1128.2363
45058,1129.9021
45059,1115.9595
45060,974.9027
45061,745.1379
45062,801.03143
45063,888.23376
45064,775.2914
45065,847.33997
45066,1062.7526
45067,1072.2324
45068,1087.0891
45069,1121.9282
45070,1091.1056
45071,1251.6
45072,999.68854
45073,938.7979
45074,945.717
45075,961.0352
45076,1071.6118
45077,1210.4109
45078,1166.0468
45079,1150.7362
45080,915.4666
45081,706.93756
45082,646.8467
45083,693.7495
45084,828.7026
45085,662.27356
45086,626.72723
45087,647.8439
45088,665.1306
45089,673.6078
45090,626.65656
45091,718.1486
45092,884.69244
45093,651.82654
45094,628.3556
45095,393.86557
45096,228.84845
45097,344.71606
45098,309.176
45099,485.37344
45100,560.20807
45101,595.6339
45102,609.4585
45103,515.6533
45104,481.9882
45105,481.1152
45106,194.84598
45107,405.31964
45108,348.88412
45109,398.109
45110,421.50104
45111,494.4599
45112,476.1331
45113,612.8223
45114,269.63318
45115,464.69647
45116,527.64935
45117,480.13754
45118,441.268
45119,452.00812
45120,274.5919
45121,312.46945
45122,320.734
45123,283.70383
45124,335.02084
45125,395.9104
45126,433.6627
45127,675.92596
45128,720.8869
45129,790.9926
45130,704.8793
45131,545.504
45132,531.30646
45133,707.9603
45134,786.75146
45135,786.61426
45136,485.917
45137,405.88864
45138,280.505
45139,173.24933
45140,89.15061
45141,64.76021
45142,69.32008
45143,105.04959
45144,113.114426
45145,10.735572
45146,0.66500366
45147,1.3904585
45148,17.426758
45149,38.410473
45150,53.948303
45151,101.910324
45152,89.74646
45153,121.538055
45154,123.42444
45155,118.4592
45156,190.10529
45157,209.68065
45158,219.56169
45159,386.91245
45160,444.9331
45161,520.3717
45162,1005.06464
45163,1255.4863
45164,1395.4097
45165,1526.2458
45166,1305.9363
45167,1221.3496
45168,1303.9397
45169,1589.3749
45170,1610.5305
45171,1611.8943
45172,1567.6965
45173,1570.8683
45174,1506.8712
45175,1306.6908
45176,1294.3237
45177,1226.4698
45178,1254.5386
45179,1096.5488
45180,1027.9121
45181,859.19727
45182,795.01636
45183,762.78424
45184,642.0775
45185,668.2425
45186,630.7149
45187,641.44904
45188,856.3328
45189,708.3269
45190,513.8339
45191,358.1733
45192,349.7999
45193,393.0858
45194,290.1933
45195,410.63132
45196,547.7717
45197,722.37573
45198,785.50824
45199,655.8909
45200,694.9475
45201,766.50037
45202,810.66705
45203,597.08136
45204,495.94772
45205,552.61774
45206,577.1094
45207,538.00757
45208,393.15503
45209,429.5469
45210,514.89886
45211,568.61426
45212,529.6939
45213,669.1755
45214,1003.30817
45215,1031.7136
45216,759.9979
45217,690.2026
45218,600.5642
45219,681.08374
45220,871.2291
45221,1069.1318
45222,1087.7863
45223,1181.6672
45224,1172.7471
45225,1112.1489
45226,1033.1444
45227,1000.08905
45228,787.3089
45229,699.0306
45230,681.0827
45231,767.68994
45232,509.21277
45233,779.8165
45234,721.3894
45235,628.5511
45236,707.9127
45237,495.34253
45238,478.99445
45239,384.5517
45240,357.37668
45241,377.1476
45242,300.66806
45243,330.9014
45244,582.9382
45245,514.5597
45246,513.5082
45247,602.6986
45248,498.16272
45249,309.12567
45250,321.30225
45251,293.3713
45252,269.75714
45253,293.72028
45254,258.51053
45255,382.9319
45256,417.96945
45257,297.88635
45258,119.018845
45259,31.967295
45260,44.22511
45261,36.614964
45262,18.968332
45263,10.689191
45264,55.622284
45265,82.82701
45266,53.119915
45267,3.8243685
45268,-0.74100256
45269,-0.82708216
45270,-1.2283237
45271,-0.7229921
45272,4.5215516
45273,72.02904
45274,116.258644
45275,144.08195
45276,154.40535
45277,113.28168
45278,163.41136
45279,327.15475
45280,380.6706
45281,256.98297
45282,307.85092
45283,538.8641
45284,777.94354
45285,639.96893
45286,721.2282
45287,720.83575
45288,775.79224
45289,800.277
45290,873.8804
45291,884.69147
45292,897.4491
45293,1052.2361
45294,1070.1715
45295,1155.047
45296,1237.2892
45297,1175.3347
45298,1073.9337
45299,993.0074
45300,1080.8654
45301,909.2713
45302,859.49194
45303,1063.2454
45304,1293.1637
45305,1226.7488
45306,1213.2831
45307,1180.0237
45308,873.0972
45309,526.8497
45310,388.4814
45311,308.5991
45312,235.27606
45313,205.6028
45314,326.94717
45315,308.8908
45316,661.2135
45317,699.3473
45318,529.58887
45319,375.3049
45320,142.89302
45321,177.10825
45322,151.51456
45323,152.03848
45324,180.2716
45325,540.3311
45326,1041.1045
45327,1082.9471
45328,1233.753
45329,1099.4454
45330,1023.6018
45331,765.2648
45332,682.5602
45333,949.99347
45334,912.17975
45335,751.40607
45336,937.9502
45337,1079.2867
45338,1121.8223
45339,1135.247
45340,1127.7185
45341,1496.8337
45342,1459.8741
45343,1050.5208
45344,1003.9329
45345,1045.1555
45346,972.5507
45347,907.21185
45348,715.6738
45349,748.91364
45350,727.9016
45351,661.4041
45352,514.27704
45353,544.32196
45354,848.2464
45355,1125.5568
45356,1585.8771
45357,1358.7766
45358,1363.3246
45359,1557.1069
45360,1518.8503
45361,1388.2285
45362,1421.1179
45363,1185.5157
45364,1261.5927
45365,1500.9985
45366,1437.2831
45367,1503.974
45368,1487.7687
45369,1492.9733
45370,1248.1202
45371,1365.7988
45372,1495.0687
45373,1722.1207
45374,1746.3396
45375,1712.8832
45376,1727.6549
45377,1861.7065
45378,1877.2848
45379,1897.2251
45380,1875.2719
45381,1519.7104
45382,1359.5422
45383,1706.5707
45384,1604.5114
45385,1516.2124
45386,1763.8381
45387,1690.9669
45388,1682.336
45389,791.3854
45390,-3.8418112
45391,-7.399657
45392,-1.2063932
45393,-5.749411
45394,-2.760998
45395,-2.2086196
45396,-8.836524
45397,-5.7135286
45398,-1.0539407
45399,-2.0004456
45400,62.628876
45401,62.438946
45402,8.331752
45403,0.102813214
45404,-1.597415
45405,2.4066596
45406,3.325523
45407,-4.9461365
45408,-0.3660037
45409,-1.174975
45410,5.566969
45411,2.8919768
45412,0.337324
45413,64.08813
45414,-0.91057765
45415,417.09283
45416,565.78253
45417,727.7015
45418,1126.7526
45419,1145.4327
45420,1232.1227
45421,1159.2289
45422,1034.5488
45423,1358.3662
45424,1316.9333
45425,1309.8275
45426,1185.6509
45427,1284.2673
45428,1221.5988
45429,1341.6445
45430,1089.5085
45431,1079.8237
45432,1181.5894
45433,1336.256
45434,1262.036
45435,1108.0094
45436,954.5007
45437,866.3869
45438,814.4084
45439,687.06586
45440,698.9516
45441,592.194
45442,616.3164
45443,673.8607
45444,717.8716
45445,783.0128
45446,589.65607
45447,485.83014
45448,711.7723
45449,670.815
45450,921.0202
45451,868.91003
45452,906.7173
45453,1131.1171
45454,994.9548
45455,1018.1572
45456,1055.0887
45457,1078.5643
45458,1161.7487
45459,1003.7479
45460,862.1758
45461,649.5472
45462,705.7441
45463,720.56726
45464,833.1909
45465,763.789
45466,1096.3497
45467,1119.0177
45468,1150.3624
45469,999.0924
45470,1094.7899
45471,848.82904
45472,770.0265
45473,891.7981
45474,984.8347
45475,1032.762
45476,808.8214
45477,767.03577
45478,764.6998
45479,691.58606
45480,980.14484
45481,1016.7847
45482,1028.8136
45483,1142.04
45484,1175.6903
45485,1015.3605
45486,952.6548
45487,1212.0826
45488,1507.9336
45489,1159.3427
45490,983.12103
45491,985.617
45492,1065.4216
45493,994.89087
45494,1141.404
45495,1261.6068
45496,1377.9623
45497,1225.2544
45498,1262.4669
45499,1509.6158
45500,1454.4023
45501,1465.2214
45502,1164.0547
45503,1282.4254
45504,1343.1272
45505,976.9084
45506,1112.4167
45507,1235.5575
45508,1033.3594
45509,960.56494
45510,992.7074
45511,1066.1919
45512,902.13794
45513,835.95874
45514,848.7459
45515,804.5776
45516,868.333
45517,1176.845
45518,1067.2994
45519,868.1601
45520,603.49805
45521,554.8217
45522,628.4733
45523,782.03687
45524,930.448
45525,672.672
45526,689.4659
45527,599.9748
45528,611.06976
45529,808.69354
45530,816.6326
45531,618.0705
45532,630.8424
45533,857.7082
45534,897.51337
45535,814.67523
45536,999.9541
45537,871.21515
45538,887.09534
45539,769.6752
45540,788.3538
45541,871.46326
45542,748.2657
45543,738.37805
45544,675.1152
45545,672.3356
45546,627.5387
45547,720.3493
45548,871.2257
45549,842.61804
45550,873.0248
45551,766.4998
45552,670.46075
45553,877.64777
45554,1069.4915
45555,1049.3953
45556,1071.5834
45557,1109.3665
45558,911.9202
45559,750.5169
45560,599.87115
45561,808.6894
45562,839.62494
45563,756.6644
45564,739.521
45565,959.4882
45566,752.7444
45567,783.8745
45568,748.9475
45569,703.0303
45570,895.1006
45571,983.2164
45572,820.3439
45573,743.1815
45574,499.9761
45575,570.64014
45576,837.24884
45577,677.7501
45578,748.31464
45579,821.3754
45580,781.28296
45581,948.91516
45582,692.5455
45583,921.4751
45584,1016.0822
45585,1070.6088
45586,1159.0249
45587,716.4075
45588,687.9048
45589,734.8133
45590,509.8175
45591,456.18893
45592,380.3069
45593,529.9052
45594,457.71548
45595,416.29523
45596,503.8969
45597,731.75397
45598,295.4967
45599,614.2855
45600,494.695
45601,495.09937
45602,292.39465
45603,376.54767
45604,343.5448
45605,284.76288
45606,322.26337
45607,390.729
45608,339.2262
45609,321.733
45610,272.74582
45611,265.23962
45612,215.88414
45613,270.11447
45614,386.2216
45615,357.85706
45616,230.56458
45617,291.32382
45618,258.6742
45619,263.79715
45620,293.5051
45621,221.81958
45622,261.33118
45623,255.92044
45624,175.51707
45625,219.66432
45626,156.5027
45627,253.68275
45628,163.56369
45629,128.60988
45630,75.7886
45631,89.24336
45632,76.1657
45633,42.647026
45634,121.66158
45635,19.361265
45636,3.4878173
45637,-0.84677655
45638,27.995316
45639,179.51828
45640,303.15686
45641,203.92934
45642,167.85954
45643,77.37664
45644,92.633194
45645,81.95153
45646,94.31153
45647,89.42112
45648,162.90184
45649,275.7359
45650,355.80048
45651,367.3773
45652,343.7081
45653,346.1212
45654,364.14496
45655,256.58392
45656,86.61432
45657,57.352547
45658,199.9537
45659,343.70822
45660,247.64386
45661,226.9939
45662,185.54012
45663,231.27211
45664,222.71753
45665,353.49313
45666,344.62537
45667,231.20044
45668,336.13806
45669,307.57874
45670,325.3944
45671,453.71072
45672,416.50394
45673,532.3936
45674,513.5713
45675,843.3317
45676,287.64355
45677,448.88956
45678,767.2443
45679,1322.6445
45680,803.98145
45681,654.1922
45682,900.5848
45683,1133.869
45684,996.56586
45685,840.4717
45686,1036.8055
45687,882.8889
45688,694.95776
45689,819.9983
45690,759.95764
45691,835.2341
45692,360.32693
45693,878.07965
45694,741.0308
45695,385.01367
45696,337.61414
45697,321.20062
45698,109.55034
45699,96.352
45700,97.36495
45701,116.21432
45702,82.15386
45703,98.429405
45704,279.0212
45705,700.5167
45706,1262.697
45707,1200.5227
45708,846.0961
45709,801.48114
45710,809.1774
45711,681.5412
45712,730.5934
45713,650.3954
45714,556.1206
45715,310.89444
45716,203.4735
45717,114.939384
45718,115.51567
45719,226.3543
45720,180.581
45721,97.8073
45722,134.70673
45723,285.84814
45724,239.02057
45725,333.1566
45726,313.53845
45727,345.3321
45728,584.8331
45729,527.5709
45730,485.84793
45731,519.01324
45732,497.34726
45733,578.36914
45734,445.95624
45735,370.3027
45736,372.00906
45737,378.56012
45738,355.75342
45739,655.99603
45740,375.69962
45741,357.4257
45742,517.8566
45743,531.1008
45744,719.2157
45745,912.0043
45746,1132.0469
45747,1006.71655
45748,973.4771
45749,993.7201
45750,1083.6547
45751,1002.20435
45752,988.35046
45753,820.75934
45754,837.9503
45755,792.7677
45756,759.32
45757,536.5887
45758,483.05893
45759,438.69565
45760,402.03143
45761,339.8756
45762,313.51968
45763,343.38916
45764,353.55087
45765,368.17465
45766,506.00247
45767,534.43774
45768,575.66595
45769,572.2323
45770,537.63464
45771,520.18396
45772,511.41953
45773,462.21185
45774,396.46976
45775,422.0308
45776,459.39487
45777,520.2785
45778,494.6511
45779,422.7146
45780,542.6614
45781,511.72864
45782,448.9601
45783,418.96045
45784,500.12677
45785,444.64645
45786,297.9549
45787,216.07916
45788,176.37363
45789,202.45198
45790,220.06189
45791,231.26227
45792,179.60599
45793,160.66924
45794,173.01344
45795,247.12157
45796,312.37122
45797,418.00723
45798,416.3983
45799,235.95636
45800,220.63074
45801,321.03406
45802,352.17245
45803,396.79117
45804,266.78836
45805,233.47743
45806,241.63898
45807,289.1224
45808,342.5207
45809,344.58658
45810,251.60057
45811,234.14592
45812,321.90997
45813,224.83458
45814,269.0812
45815,230.7347
45816,351.9988
45817,290.86072
45818,553.27795
45819,499.38196
45820,389.09464
45821,399.55075
45822,299.54602
45823,268.9219
45824,272.76453
45825,301.32056
45826,257.87958
45827,333.00034
45828,332.56003
45829,374.78827
45830,287.7211
45831,188.18898
45832,238.89853
45833,169.62274
45834,190.8873
45835,247.73717
45836,411.87158
45837,445.4926
45838,300.839
45839,272.87857
45840,221.67206
45841,226.05493
45842,168.05542
45843,236.73813
45844,276.70285
45845,392.71692
45846,308.50763
45847,292.20157
45848,386.86014
45849,269.61603
45850,285.18588
45851,268.63364
45852,239.35611
45853,238.12657
45854,258.04388
45855,193.97304
45856,216.79709
45857,147.85512
45858,119.242035
45859,148.86261
45860,147.18729
45861,161.11377
45862,159.97481
45863,184.0378
45864,293.4428
45865,265.30133
45866,253.0803
45867,197.57071
45868,5.677186
45869,-0.22397864
45870,117.06593
45871,153.75075
45872,77.761536
45873,188.23776
45874,113.210106
45875,211.62186
45876,221.57191
45877,226.48593
45878,197.6651
45879,237.51775
45880,286.118
45881,333.33585
45882,299.31195
45883,321.42657
45884,324.0117
45885,229.37674
45886,193.53308
45887,253.5983
45888,253.87903
45889,292.01794
45890,351.49936
45891,283.64224
45892,213.58934
45893,169.92079
45894,182.08821
45895,156.75047
45896,180.04485
45897,186.93636
45898,284.67575
45899,267.77072
45900,317.177
45901,227.22694
45902,233.89302
45903,239.51956
45904,178.16934
45905,155.50389
45906,187.84885
45907,291.2961
45908,234.87004
45909,227.46613
45910,271.0048
45911,238.88705
45912,184.44101
45913,222.53668
45914,219.9028
45915,243.62549
45916,267.1978
45917,323.00543
45918,240.79257
45919,253.12842
45920,288.73923
45921,307.42798
45922,325.0405
45923,379.09573
45924,368.20572
45925,389.29074
45926,369.74103
45927,398.01517
45928,475.52518
45929,416.411
45930,390.63812
45931,522.93097
45932,444.02573
45933,518.1888
45934,508.58295
45935,693.3559
45936,719.42426
45937,701.5932
45938,671.2549
45939,578.70245
45940,600.4991
45941,827.75867
45942,919.97754
45943,750.6724
45944,753.231
45945,574.2128
45946,752.0314
45947,858.65704
45948,944.04425
45949,1345.6672
45950,929.26483
45951,1074.3145
45952,1024.5248
45953,1182.2006
45954,1388.673
45955,1177.319
45956,990.9378
45957,989.9109
45958,904.7901
45959,1028.9373
45960,934.96576
45961,917.7826
45962,1007.68506
45963,1415.1998
45964,1326.2509
45965,1097.9923
45966,1022.38544
45967,1237.462
45968,1387.3611
45969,1409.7628
45970,1364.5164
45971,1445.6482
45972,1199.4923
45973,1298.2905
45974,1084.7091
45975,1196.3168
45976,1108.2465
45977,1254.7961
45978,1178.2263
45979,1239.1844
45980,1299.311
45981,1320.4088
45982,1355.4955
45983,1491.7108
45984,1559.6953
45985,1706.4846
45986,1749.0707
45987,1735.9819
45988,1653.5121
45989,1841.2794
45990,1743.4906
45991,1798.7466
45992,1861.1846
45993,1814.9385
45994,1818.299
45995,1882.43
45996,1810.1038
45997,1718.9447
45998,1605.8594
45999,1804.9515
46000,1848.6029
46001,1815.951
46002,1819.6544
46003,1865.1484
46004,1877.2681
46005,1801.4819
46006,1828.0154
46007,1865.586
46008,1852.9806
46009,1902.8069
46010,1894.8766
46011,1810.6564
46012,1884.9515
46013,1742.826
46014,1721.1259
46015,1788.0518
46016,1708.5491
46017,1888.3881
46018,1834.7339
46019,1736.458
46020,1858.4435
46021,1729.6019
46022,1736.663
46023,1625.4263
46024,1817.9396
46025,1733.3367
46026,1806.9785
46027,1801.6226
46028,1846.527
46029,1757.7472
46030,1778.1311
46031,1667.6934
46032,1543.2196
46033,1545.2594
46034,1828.7952
46035,1763.0438
46036,1698.824
46037,1819.7759
46038,1747.9694
46039,1785.6545
46040,1800.8496
46041,1841.7216
46042,1795.8229
46043,1672.7599
46044,1790.5354
46045,1867.2998
46046,1779.3541
46047,1863.1609
46048,1741.8973
46049,1887.8392
46050,1872.3666
46051,1763.9915
46052,1847.8668
46053,1755.4248
46054,1796.3003
46055,1882.7394
46056,1820.6967
46057,1810.5704
46058,1884.9443
46059,1887.2594
46060,1870.4453
46061,1879.284
46062,1867.0167
46063,1894.9133
46064,1833.7108
46065,1866.9819
46066,1871.5726
46067,1898.7242
46068,1879.4896
46069,1871.4409
46070,1887.9049
46071,1700.1559
46072,1650.3829
46073,1794.5396
46074,1867.778
46075,1883.8655
46076,1762.4276
46077,1583.6074
46078,1420.6874
46079,1627.4467
46080,1497.6053
46081,1358.3607
46082,1414.567
46083,1076.8928
46084,1108.4407
46085,805.25226
46086,667.5278
46087,601.70197
46088,695.6643
46089,753.91626
46090,609.9404
46091,438.0475
46092,563.09784
46093,655.50195
46094,229.06815
46095,112.01332
46096,275.16162
46097,241.98842
46098,141.93492
46099,23.21986
46100,-0.3240141
46101,-0.24554963
46102,-0.12349941
46103,-0.39964768
46104,-0.42846626
46105,-0.1569886
46106,-0.1569886
46107,-0.42259485
46108,-0.51764524
46109,-0.64369386
46110,-0.7274375
46111,-0.7590504
46112,-0.8576921
46113,-0.9545685
46114,-0.8597116
46115,-1.5992724
46116,30.984947
46117,49.39217
46118,57.8192
46119,46.163143
46120,73.63474
46121,61.449604
46122,75.48723
46123,75.5814
46124,84.23416
46125,146.30836
46126,135.94954
46127,109.19273
46128,49.792824
46129,25.992172
46130,1.3149076
46131,-0.6794332
46132,-1.1975282
46133,-0.5361511
46134,-0.9447782
46135,23.792915
46136,62.73555
46137,75.70498
46138,79.73554
46139,121.91476
46140,166.57614
46141,171.91164
46142,163.4303
46143,160.93214
46144,97.48367
46145,169.60318
46146,170.02054
46147,73.440285
46148,135.76434
46149,209.72614
46150,237.63475
46151,222.44507
46152,248.85696
46153,183.26283
46154,202.93571
46155,176.45705
46156,144.66647
46157,169.37668
46158,200.4418
46159,101.08221
46160,194.26558
46161,293.44867
46162,244.9056
46163,198.22356
46164,204.39705
46165,154.02689
46166,211.28905
46167,320.16763
46168,355.4406
46169,292.55457
46170,285.37375
46171,290.31616
46172,355.792
46173,315.18976
46174,236.98433
46175,331.0754
46176,479.5993
46177,416.8144
46178,255.63286
46179,129.28587
46180,115.40587
46181,141.0727
46182,184.2852
46183,192.34077
46184,296.026
46185,331.34805
46186,314.5943
46187,366.46106
46188,260.00803
46189,324.44482
46190,409.3153
46191,386.11642
46192,279.0733
46193,162.37312
46194,172.78542
46195,186.42989
46196,134.98322
46197,113.16746
46198,112.97208
46199,91.95629
46200,126.38494
46201,79.9355
46202,146.06184
46203,207.18404
46204,172.56
46205,164.02739
46206,237.05954
46207,64.43196
46208,69.3228
46209,69.227936
46210,59.452988
46211,108.468445
46212,151.2391
46213,194.59929
46214,172.03864
46215,196.8632
46216,243.05788
46217,231.664
46218,203.56071
46219,238.79259
46220,196.88162
46221,297.31323
46222,325.73346
46223,141.41617
46224,245.33011
46225,296.7293
46226,194.32823
46227,130.952
46228,130.17252
46229,153.1249
46230,136.54059
46231,85.60076
46232,107.37255
46233,58.768745
46234,86.62569
46235,104.31176
46236,75.14447
46237,144.11734
46238,92.11755
46239,48.24332
46240,68.136406
46241,4.904268
46242,-0.37765282
46243,63.494606
46244,9.035916
46245,-1.1844996
46246,-1.112499
46247,100.29766
46248,110.63467
46249,123.03332
46250,40.604034
46251,72.18737
46252,96.18483
46253,83.87928
46254,37.725857
46255,49.51806
46256,74.86454
46257,62.19682
46258,96.81942
46259,60.173428
46260,32.702496
46261,57.60875
46262,77.91473
46263,99.46374
46264,120.54048
46265,42.01837
46266,92.995674
46267,104.01635
46268,12.067838
46269,-1.3099301
46270,-1.621467
46271,40.778946
46272,95.23239
46273,52.91491
46274,11.5957985
46275,69.659744
46276,73.70722
46277,175.96956
46278,292.9645
46279,356.7758
46280,339.22235
46281,285.71756
46282,169.56842
46283,266.70905
46284,321.33188
46285,325.8801
46286,296.14413
46287,230.6074
46288,146.67741
46289,166.84152
46290,133.50676
46291,97.262276
46292,151.15886
46293,209.39273
46294,225.08034
46295,210.00203
46296,274.0555
46297,305.4546
46298,215.10982
46299,231.16254
46300,209.06456
46301,324.71732
46302,320.95706
46303,331.55377
46304,399.17358
46305,431.5381
46306,447.36728
46307,598.2097
46308,557.7254
46309,547.62756
46310,475.23288
46311,606.87897
46312,836.1279
46313,881.36993
46314,678.3739
46315,855.98975
46316,680.488
46317,576.71625
46318,399.5306
46319,381.33786
46320,420.60632
46321,298.53128
46322,402.79587
46323,447.0289
46324,314.03363
46325,237.28159
46326,195.2506
46327,241.13797
46328,262.65622
46329,262.02637
46330,404.89355
46331,433.1223
46332,386.55566
46333,198.47661
46334,173.79076
46335,138.80171
46336,139.23352
46337,213.09486
46338,340.02426
46339,367.6465
46340,296.95615
46341,238.07994
46342,231.25677
46343,199.68925
46344,121.888336
46345,128.28745
46346,148.3651
46347,157.32437
46348,155.17393
46349,201.11443
46350,98.06415
46351,86.206985
46352,157.09679
46353,235.7975
46354,139.08102
46355,110.906136
46356,166.33455
46357,115.91197
46358,171.27538
46359,197.80493
46360,267.74774
46361,172.47673
46362,148.56561
46363,125.39316
46364,215.9931
46365,206.35591
46366,170.32707
46367,167.40936
46368,152.14708
46369,123.195694
46370,146.31282
46371,184.07954
46372,89.05281
46373,99.22245
46374,105.21313
46375,94.68918
46376,89.986275
46377,87.23813
46378,104.9864
46379,96.428734
46380,47.41805
46381,63.142513
46382,41.73024
46383,61.60204
46384,195.50433
46385,176.87355
46386,232.34871
46387,81.88113
46388,94.77287
46389,213.76115
46390,324.56482
46391,308.91956
46392,319.0262
46393,343.88522
46394,312.74084
46395,314.834
46396,108.90841
46397,154.84688
46398,211.38545
46399,391.2444
46400,412.97488
46401,388.68378
46402,326.04172
46403,364.19812
46404,198.15349
46405,129.35466
46406,224.85191
46407,221.29381
46408,114.24933
46409,33.362263
46410,258.35962
46411,384.7788
46412,501.60605
46413,363.1582
46414,386.6948
46415,251.6131
46416,169.43677
46417,168.01004
46418,180.79228
46419,273.19656
46420,501.07904
46421,412.2982
46422,372.3296
46423,125.0814
46424,87.937096
46425,97.21963
46426,83.122025
46427,182.97726
46428,206.45755
46429,175.04121
46430,207.74164
46431,291.9077
46432,266.1922
46433,230.43863
46434,296.34042
46435,242.82483
46436,176.17926
46437,209.2359
46438,313.87646
46439,117.636536
46440,158.58636
46441,183.74422
46442,230.19633
46443,225.21674
46444,228.67224
46445,304.4345
46446,294.9304
46447,274.40393
46448,63.717834
46449,46.845684
46450,8.123654
46451,30.86735
46452,66.33463
46453,81.70171
46454,53.20485
46455,34.871544
46456,210.39198
46457,194.41438
46458,90.38126
46459,45.320126
46460,-2.316641
46461,-1.0221201
46462,-0.7910001
46463,-0.71259964
46464,-0.91471547
46465,-0.82656145
46466,-0.63526565
46467,-0.5444809
46468,-0.5980424
46469,-0.23210762
46470,40.184917
46471,132.19461
46472,138.15208
46473,134.52126
46474,126.529625
46475,37.994717
46476,73.40601
46477,130.42932
46478,141.17287
46479,124.75137
46480,100.07941
46481,91.40807
46482,138.66084
46483,119.21194
46484,176.19052
46485,221.86285
46486,326.50885
46487,200.04099
46488,243.43123
46489,271.98627
46490,227.69272
46491,269.4223
46492,323.748
46493,332.3767
46494,259.44916
46495,172.28572
46496,270.64484
46497,328.90753
46498,387.23022
46499,411.8824
46500,179.33537
46501,165.14606
46502,213.29478
46503,182.76328
46504,251.97012
46505,162.8469
46506,113.48999
46507,31.478691
46508,129.28525
46509,120.96218
46510,144.8461
46511,131.14531
46512,123.04541
46513,146.48679
46514,110.611946
46515,88.26084
46516,105.59343
46517,97.64219
46518,96.0759
46519,86.69893
46520,56.702858
46521,38.513897
46522,10.308082
46523,7.6416826
46524,1.1657404
46525,-0.75406665
46526,-0.56914026
46527,-0.65250176
46528,-0.7388125
46529,-0.71621627
46530,-0.7858668
46531,-0.6924441
46532,-0.6755898
46533,-0.67321223
46534,-1.2999461
46535,-2.597882
46536,-1.2293552
46537,-1.1505557
46538,-1.217755
46539,-1.2252903
46540,-1.8712654
46541,46.57904
46542,92.36686
46543,52.849564
46544,73.52772
46545,67.86567
46546,96.20022
46547,10.536366
46548,70.78231
46549,148.74452
46550,183.04832
46551,151.94379
46552,88.40579
46553,82.10236
46554,78.41374
46555,43.33164
46556,62.81943
46557,136.43866
46558,113.23283
46559,28.01558
46560,32.13644
46561,65.06586
46562,92.21938
46563,95.05407
46564,48.69863
46565,65.31581
46566,68.77052
46567,79.81806
46568,96.21671
46569,86.66225
46570,86.65326
46571,93.93189
46572,92.3237
46573,118.265076
46574,123.35647
46575,171.46706
46576,221.73268
46577,188.35411
46578,151.0791
46579,116.8477
46580,69.07166
46581,89.980965
46582,186.2595
46583,237.34683
46584,179.05605
46585,167.63063
46586,213.28297
46587,212.63928
46588,123.019005
46589,154.30447
46590,221.66429
46591,256.55392
46592,333.66483
46593,227.45293
46594,274.06638
46595,313.00262
46596,259.97348
46597,274.38766
46598,224.5465
46599,208.82492
46600,360.37744
46601,402.79596
46602,442.76932
46603,379.0939
46604,492.74478
46605,499.53345
46606,529.75415
46607,488.645
46608,401.61285
46609,547.9678
46610,575.0901
46611,496.62396
46612,386.33957
46613,358.8503
46614,415.9566
46615,516.99207
46616,627.3835
46617,562.74603
46618,486.06192
46619,344.43762
46620,338.53973
46621,306.12766
46622,232.97601
46623,233.30946
46624,299.7569
46625,253.52705
46626,330.8101
46627,275.2618
46628,306.8121
46629,330.58786
46630,333.26443
46631,239.45
46632,308.2053
46633,316.6822
46634,505.93878
46635,558.8668
46636,767.1064
46637,637.1247
46638,551.2557
46639,612.021
46640,517.6513
46641,712.3414
46642,413.87057
46643,477.8296
46644,434.22406
46645,661.31726
46646,652.9542
46647,711.15314
46648,560.97284
46649,509.75128
46650,533.9022
46651,426.84094
46652,359.1685
46653,326.7087
46654,459.196
46655,417.4455
46656,572.82043
46657,669.2163
46658,638.0334
46659,661.52484
46660,615.16547
46661,610.0741
46662,544.60944
46663,610.3724
46664,525.9905
46665,310.96857
46666,224.17192
46667,396.26636
46668,426.71814
46669,222.42021
46670,167.66501
46671,115.03457
46672,178.37616
46673,187.74602
46674,194.00992
46675,225.06422
46676,246.88982
46677,152.82565
46678,80.87704
46679,99.0785
46680,86.67935
46681,117.10909
46682,188.36913
46683,253.90773
46684,416.67914
46685,397.587
46686,342.60364
46687,381.49677
46688,446.22894
46689,357.9181
46690,403.22946
46691,435.10223
46692,283.96442
46693,243.44374
46694,185.99564
46695,178.73376
46696,274.23215
46697,289.69824
46698,382.99652
46699,453.6244
46700,448.43723
46701,281.48624
46702,171.02803
46703,144.0306
46704,181.40196
46705,93.59653
46706,157.0167
46707,237.16885
46708,311.0154
46709,215.8024
46710,319.76547
46711,334.04056
46712,172.76646
46713,97.98032
46714,142.89532
46715,158.16359
46716,135.54826
46717,74.800316
46718,211.37163
46719,106.77527
46720,106.12932
46721,80.811295
46722,126.80067
46723,170.96829
46724,227.24312
46725,194.4864
46726,136.00931
46727,44.692535
46728,119.21875
46729,70.2693
46730,73.241646
46731,94.39707
46732,88.35201
46733,46.143925
46734,59.362347
46735,80.89247
46736,17.680801
46737,32.68048
46738,49.16558
46739,24.484589
46740,4.5042763
46741,-1.2947292
46742,-1.0185678
46743,0.0021578176
46744,-0.48183757
46745,0.44038716
46746,-0.3984779
46747,-0.46670404
46748,-0.48183757
46749,-0.48183757
46750,-0.4656848
46751,-0.40874872
46752,0.7289607
46753,-0.5994307
46754,-0.53089046
46755,-0.5439734
46756,-0.6802691
46757,-0.83762413
46758,-0.80227345
46759,-0.94216096
46760,-0.9525885
46761,-0.9525885
46762,-0.75049025
46763,-0.89313483
46764,-0.89313483
46765,-0.8886752
46766,-0.8886752
46767,-0.8886752
46768,-0.91950035
46769,-0.92571306
46770,-1.0062329
46771,-1.009528
46772,-1.0215232
46773,-1.0218265
46774,-0.99816203
46775,-0.57019705
46776,-0.57019705
46777,-0.5722686
46778,-0.5722686
46779,-0.5528182
46780,-0.6000452
46781,-0.6000452
46782,-0.71359336
46783,-1.1843809
46784,-1.1727117
46785,-1.1843809
46786,-1.3760096
46787,-1.3581489
46788,-1.3473128
46789,-1.3481538
46790,-1.334415
46791,-1.3771902
46792,-1.2086376
46793,-1.1987276
46794,-1.1374606
46795,18.75904
46796,40.88264
46797,50.742588
46798,41.381645
46799,-0.758635
46800,-1.4291114
46801,7.6920323
46802,35.235233
46803,4.2780366
46804,2.8802035
46805,28.516876
46806,51.01052
46807,0.52938366
46808,-1.2026266
46809,-1.1807287
46810,-1.0257615
46811,-0.955275
46812,-1.178752
46813,-1.2700062
46814,-1.1781557
46815,-1.1744831
46816,-1.268711
46817,-1.26519
46818,-1.4157419
46819,36.579727
46820,9.6190405
46821,3.6962426
46822,31.215805
46823,33.816113
46824,85.7808
46825,95.76776
46826,121.68943
46827,150.51222
46828,200.31473
46829,184.67009
46830,148.09735
46831,142.53723
46832,82.58798
46833,88.20272
46834,75.77805
46835,101.074455
46836,171.61273
46837,294.76593
46838,263.6318
46839,301.04
46840,303.18445
46841,332.8846
46842,331.43225
46843,381.4372
46844,237.20757
46845,341.45258
46846,280.28317
46847,202.14207
46848,275.46774
46849,310.35223
46850,349.98917
46851,377.72345
46852,377.28888
46853,301.9905
46854,291.4068
46855,317.64774
46856,279.5874
46857,348.25037
46858,258.6061
46859,272.23434
46860,195.71353
46861,227.76234
46862,176.06128
46863,92.83595
46864,29.343723
46865,46.722073
46866,49.039127
46867,70.11751
46868,43.55601
46869,34.67969
46870,60.213257
46871,56.69584
46872,60.685917
46873,60.694736
46874,6.35794
46875,-1.2900935
46876,-1.0655985
46877,-0.8854575
46878,-0.7494899
46879,-1.2379799
46880,-1.192877
46881,-1.289628
46882,-1.105181
46883,-1.3274769
46884,-1.2518368
46885,-0.9152878
46886,-0.879321
46887,-0.9519141
46888,-1.2722739
46889,-1.0300288
46890,-1.3176938
46891,-1.3139795
46892,-0.92172885
46893,-1.1455337
46894,-1.2116673
46895,-1.1173141
46896,-1.0088968
46897,-0.9671763
46898,-1.0015388
46899,-1.2467278
46900,-1.0460216
46901,-1.0367843
46902,-1.5679957
46903,-1.4600097
46904,-1.3681992
46905,-1.4945054
46906,-1.3118188
46907,-1.3118188
46908,-1.2653344
46909,-1.3966427
46910,-1.4664221
46911,-1.4603455
46912,-1.2824435
46913,-1.277256
46914,-1.4708624
46915,-1.4022721
46916,-1.4022721
46917,-1.0337564
46918,-1.2492093
46919,-1.4542708
46920,-1.3072858
46921,-1.3879606
46922,-1.7156355
46923,-1.7360331
46924,-1.7156355
46925,-1.5958118
46926,-1.6784856
46927,-1.6739602
46928,-1.4946384
46929,-1.5730383
46930,-1.5818422
46931,-1.6565154
46932,-1.676913
46933,-1.2143842
46934,-1.2585154
46935,-1.2537922
46936,-1.5699888
46937,-2.1333187
46938,-1.2665415
46939,-1.3264247
46940,-1.4324839
46941,-1.3457203
46942,-1.0656129
46943,-0.75036126
46944,-0.8996079
46945,-1.5707929
46946,-0.72128904
46947,-0.35015202
46948,-0.26554132
46949,-0.94412076
46950,-1.39493
46951,-1.2814119
46952,-1.4828261
46953,-0.13943256
46954,-0.07704486
46955,133.83258
46956,215.56155
46957,214.2888
46958,193.54753
46959,154.11269
46960,216.0649
46961,274.07132
46962,231.11479
46963,165.81717
46964,268.80908
46965,277.11246
46966,231.1767
46967,178.59962
46968,121.77062
46969,119.636406
46970,232.93674
46971,302.02164
46972,416.5857
46973,377.05685
46974,284.5479
46975,271.049
46976,294.7116
46977,195.95872
46978,103.53993
46979,179.16884
46980,147.59285
46981,22.950756
46982,2.6565726
46983,11.544503
46984,115.71943
46985,147.8744
46986,107.60348
46987,58.163895
46988,21.809587
46989,161.00822
46990,258.6851
46991,255.20679
46992,226.5272
46993,250.82312
46994,237.6607
46995,216.76393
46996,193.0954
46997,170.4947
46998,152.52261
46999,159.53636
47000,175.12502
47001,104.3856
47002,139.16827
47003,156.42981
47004,107.07207
47005,131.04652
47006,131.83661
47007,101.85955
47008,157.68407
47009,209.99074
47010,210.6255
47011,157.33101
47012,128.4788
47013,146.72981
47014,127.41132
47015,83.27558
47016,47.996098
47017,69.12363
47018,44.77852
47019,36.327473
47020,30.520296
47021,101.92512
47022,4.2683434
47023,0.23925443
47024,-0.35319313
47025,-0.31356347
47026,-0.38892516
47027,-0.40509477
47028,-0.38439393
47029,-0.45642608
47030,31.882584
47031,19.601387
47032,2.512208
47033,-0.40136036
47034,-0.5323186
47035,-0.6190773
47036,-0.68457067
47037,-0.67817855
47038,-0.78036594
47039,-0.8096506
47040,-0.8718889
47041,-0.6442073
47042,-0.60275745
47043,-0.6098769
47044,-0.67940396
47045,-1.2102402
47046,-0.561098
47047,-0.41526768
47048,23.016825
47049,74.6934
47050,48.372036
47051,35.493176
47052,11.681454
47053,18.442602
47054,24.982506
47055,38.68844
47056,65.05323
47057,96.68955
47058,117.424286
47059,101.79384
47060,55.835793
47061,109.26702
47062,111.67864
47063,72.992355
47064,44.88903
47065,24.399761
47066,20.13685
47067,26.353664
47068,24.403204
47069,33.114773
47070,26.72757
47071,1.3984901
47072,7.393025
47073,15.506524
47074,0.8578914
47075,-0.594536
47076,-0.5264901
47077,-0.576561
47078,-0.6195352
47079,-0.6552056
47080,-0.059653047
47081,24.285042
47082,39.924778
47083,82.43402
47084,64.28073
47085,90.12763
47086,37.595722
47087,28.418245
47088,6.1875844
47089,-0.4736903
47090,-0.47077224
47091,-0.44045743
47092,-0.24254751
47093,-0.21174791
47094,-0.34852275
47095,-0.36523494
47096,-0.34852275
47097,-0.5199431
47098,-0.5373806
47099,-0.53112876
47100,-0.54510725
47101,-0.5512699
47102,-0.6323494
47103,-0.6323494
47104,-0.6323494
47105,-0.6323494
47106,-0.6323494
47107,-0.6261867
47108,-0.64885175
47109,-0.64885175
47110,-0.64885175
47111,-0.64885175
47112,-0.6481265
47113,-0.7935226
47114,-1.2493593
47115,-0.62211955
47116,-0.5462954
47117,-0.5515785
47118,-0.5515785
47119,-0.5287896
47120,-0.5164516
47121,-0.757967
47122,-0.57494307
47123,36.75048
47124,64.19046
47125,45.786533
47126,47.74516
47127,48.591476
47128,40.7482
47129,23.869013
47130,58.899498
47131,68.618546
47132,77.03079
47133,85.01582
47134,44.825207
47135,13.063663
47136,-2.0390646
47137,3.0302544
47138,21.665922
47139,73.14703
47140,61.07312
47141,35.053204
47142,23.100317
47143,33.019707
47144,35.991573
47145,36.679035
47146,23.722631
47147,19.312284
47148,42.00043
47149,70.731544
47150,88.994774
47151,172.57289
47152,208.94124
47153,166.9098
47154,144.62537
47155,125.74787
47156,102.7709
47157,123.07258
47158,144.50368
47159,172.16495
47160,166.48158
47161,210.10185
47162,237.60208
47163,257.50232
47164,213.20012
47165,114.10198
47166,142.93997
47167,128.12157
47168,121.45849
47169,117.43426
47170,188.00014
47171,187.85857
47172,121.58726
47173,110.421486
47174,103.09529
47175,76.1772
47176,36.033768
47177,46.546577
47178,31.625124
47179,22.777145
47180,53.077023
47181,20.015442
47182,10.517092
47183,25.52231
47184,10.003162
47185,28.9787
47186,19.731071
47187,34.55735
47188,52.97693
47189,59.082775
47190,50.3071
47191,37.103886
47192,26.208664
47193,11.716801
47194,12.142937
47195,18.871233
47196,4.0191965
47197,-2.480661
47198,-2.006265
47199,-1.7951761
47200,6.625146
47201,1.420976
47202,7.1416845
47203,-4.7989807
47204,-2.9093776
47205,-1.0153494
47206,0.46115777
47207,9.708187
47208,4.7063885
47209,40.37521
47210,32.280746
47211,-2.361656
47212,-1.6935726
47213,-1.7098548
47214,-1.6827146
47215,-1.6476452
47216,-1.6151361
47217,-1.5845897
47218,-1.5845897
47219,-1.5724794
47220,-1.4751751
47221,-1.4124113
47222,-1.4124113
47223,-1.3628308
47224,-1.2180071
47225,-1.2037923
47226,-1.1815269
47227,-1.1352061
47228,-1.1352061
47229,-1.1352061
47230,-1.1468753
47231,-1.1352061
47232,-1.1352061
47233,-1.1127568
47234,-1.1358358
47235,-1.2347304
47236,-1.2738606
47237,-1.2738606
47238,-1.2738606
47239,-1.2915984
47240,-1.300726
47241,-1.1199472
47242,-1.2289954
47243,-1.1199472
47244,-1.1316164
47245,-1.1138785
47246,-1.1047508
47247,-1.1047508
47248,-1.0930817
47249,-1.1138785
47250,-1.1047508
47251,-1.0985881
47252,-1.0594579
47253,-1.0869191
47254,-1.0869191
47255,-1.0869191
47256,-1.0869191
47257,-1.0785989
47258,-1.0187842
47259,-1.0187842
47260,-1.036666
47261,-1.0323002
47262,-1.0267445
47263,-1.0669076
47264,-1.0511107
47265,-0.98612654
47266,-1.0246434
47267,-1.0527811
47268,-1.0394663
47269,34.276154
47270,5.454109
47271,-1.3423573
47272,-1.0690712
47273,-1.0970349
47274,-1.1042006
47275,-1.0527585
47276,13.470606
47277,21.895298
47278,4.5959086
47279,20.678438
47280,63.376694
47281,45.97075
47282,21.150442
47283,10.057335
47284,57.933933
47285,57.515133
47286,86.12431
47287,81.26914
47288,40.293056
47289,73.36402
47290,49.056293
47291,19.457853
47292,-0.81926554
47293,-0.26290494
47294,-0.5271429
47295,-0.7764588
47296,-1.1329273
47297,-0.9571227
47298,-0.99015516
47299,-1.1776711
47300,-1.4280324
47301,-0.3757373
47302,-1.1420203
47303,-1.3139833
47304,-1.2302696
47305,-1.7745417
47306,-1.5317895
47307,-1.5314863
47308,-1.5849633
47309,-1.4508989
47310,-1.7597214
47311,-1.4438928
47312,-1.508117
47313,-1.7245097
47314,-2.4489286
47315,-1.6557367
47316,-1.7687382
47317,-0.5827702
47318,-0.43622398
47319,-2.4721618
47320,-1.6718792
47321,-1.8042336
47322,-2.0185218
47323,-1.5847993
47324,-1.6591058
47325,-1.4667218
47326,-1.537693
47327,-1.8256952
47328,-1.658698
47329,-1.646283
47330,-1.8659679
47331,-1.6725138
47332,-1.884113
47333,-1.8634616
47334,-1.4075106
47335,-1.4007044
47336,-1.3888772
47337,-1.4850805
47338,-1.3907056
47339,-1.3647021
47340,-1.456414
47341,-0.43125737
47342,1.1832777
47343,1.5512834
47344,1.4081099
47345,1.4620928
47346,0.7288001
47347,1.320601
47348,-0.11378025
47349,1.8145156
47350,3.6764615
47351,3.7695885
47352,0.96612865
47353,2.466381
47354,0.9614801
47355,1.699121
47356,3.7292109
47357,1.7472321
47358,1.3596112
47359,-4.256932
47360,-4.142157
47361,-2.1571205
47362,-0.705601
47363,-0.50848
47364,-3.2739744
47365,257.78757
47366,733.01984
47367,796.0875
47368,712.6418
47369,823.1064
47370,1050.6853
47371,984.75385
47372,1092.572
47373,1248.5402
47374,1180.3583
47375,1206.8842
47376,1109.3456
47377,1287.1476
47378,1511.3643
47379,1610.5847
47380,1354.5262
47381,1155.0455
47382,1004.8314
47383,1073.7965
47384,945.65857
47385,678.62036
47386,480.3775
47387,518.92615
47388,602.7011
47389,581.48474
47390,628.90814
47391,481.8039
47392,389.2102
47393,383.51175
47394,512.2073
47395,825.16125
47396,797.6068
47397,790.14026
47398,640.43604
47399,658.2733
47400,723.4254
47401,849.0606
47402,1157.1339
47403,1289.346
47404,1436.6876
47405,1395.7441
47406,726.7738
47407,1243.6274
47408,1517.6475
47409,1559.8712
47410,1646.6919
47411,1778.3217
47412,1775.5717
47413,1885.6205
47414,1854.692
47415,1885.3573
47416,1864.0529
47417,1897.4752
47418,1876.2417
47419,1839.1901
47420,1895.4315
47421,1884.3883
47422,543.72644
47423,183.1442
47424,1792.5365
47425,1686.2926
47426,1750.1836
47427,1539.9287
47428,1498.2122
47429,1700.7957
47430,1703.3289
47431,1840.539
47432,1837.6104
47433,1837.5275
47434,1862.2222
47435,1885.7524
47436,1865.5781
47437,1873.3032
47438,1885.031
47439,1687.9556
47440,1464.2615
47441,1736.3074
47442,1659.2096
47443,1609.8359
47444,1513.0304
47445,1421.5227
47446,1472.4954
47447,1506.0465
47448,1531.5719
47449,1429.58
47450,1202.3502
47451,1438.0542
47452,1387.8363
47453,1114.7753
47454,892.7781
47455,1028.12
47456,713.1535
47457,534.6357
47458,651.47815
47459,643.0703
47460,410.82578
47461,362.51767
47462,218.37306
47463,139.7836
47464,105.45064
47465,130.29657
47466,157.31079
47467,163.2914
47468,118.756134
47469,79.95958
47470,190.74959
47471,154.39569
47472,228.53288
47473,346.3845
47474,457.12573
47475,308.90283
47476,169.73705
47477,118.5764
47478,330.19034
47479,302.786
47480,324.5038
47481,333.35175
47482,371.55875
47483,335.32358
47484,283.87213
47485,204.63779
47486,65.321526
47487,360.0055
47488,498.23395
47489,541.15546
47490,409.69223
47491,409.82684
47492,367.93985
47493,423.38397
47494,359.7932
47495,403.73083
47496,433.8778
47497,618.534
47498,715.0533
47499,625.8738
47500,420.64676
47501,994.54846
47502,1208.4014
47503,1064.9595
47504,1350.2787
47505,1383.9564
47506,1838.7949
47507,1332.8899
47508,825.2844
47509,648.01965
47510,899.66003
47511,686.4022
47512,802.4671
47513,1223.934
47514,842.24225
47515,762.1627
47516,852.94586
47517,618.53766
47518,719.16486
47519,730.0234
47520,1010.63367
47521,960.1091
47522,998.4977
47523,580.2886
47524,692.13074
47525,645.611
47526,401.92038
47527,483.81354
47528,582.37866
47529,783.6289
47530,1354.6693
47531,934.33276
47532,898.4804
47533,702.0064
47534,665.2057
47535,815.553
47536,1215.0416
47537,820.8698
47538,586.072
47539,467.89157
47540,515.05536
47541,409.14642
47542,354.4772
47543,1389.4694
47544,1172.8623
47545,659.5315
47546,434.95892
47547,171.81436
47548,218.93452
47549,225.39462
47550,395.84976
47551,556.6078
47552,629.4615
47553,586.5304
47554,715.9526
47555,597.968
47556,445.95944
47557,489.40887
47558,640.3227
47559,1080.0856
47560,660.8293
47561,762.0428
47562,628.8369
47563,624.46356
47564,533.9085
47565,432.8589
47566,470.0467
47567,597.9381
47568,499.04477
47569,542.418
47570,592.6118
47571,963.7264
47572,619.98596
47573,779.5038
47574,942.32477
47575,955.0799
47576,590.10815
47577,610.0746
47578,1075.6129
47579,998.64
47580,775.99023
47581,599.796
47582,744.3301
47583,792.4138
47584,781.57684
47585,389.3506
47586,556.99066
47587,519.44183
47588,372.47693
47589,304.15964
47590,502.5608
47591,451.8973
47592,452.46213
47593,336.8241
47594,511.76102
47595,650.43774
47596,466.81168
47597,445.06735
47598,311.82996
47599,306.93503
47600,228.97316
47601,216.14746
47602,275.95114
47603,387.03503
47604,422.4093
47605,286.8636
47606,407.0803
47607,415.63077
47608,626.56586
47609,761.2573
47610,601.1445
47611,449.26514
47612,501.91162
47613,341.938
47614,243.18869
47615,268.49567
47616,189.32243
47617,173.39478
47618,140.49794
47619,161.83746
47620,288.88
47621,152.81885
47622,160.85524
47623,100.71334
47624,108.92177
47625,198.94652
47626,126.16299
47627,157.15335
47628,158.09319
47629,109.8394
47630,107.18983
47631,264.4814
47632,228.49342
47633,118.14043
47634,169.2244
47635,228.25226
47636,107.237465
47637,273.20065
47638,447.6336
47639,458.91052
47640,419.00803
47641,419.24265
47642,325.66165
47643,263.4134
47644,290.10422
47645,258.62433
47646,393.63583
47647,459.94888
47648,436.9566
47649,460.70367
47650,472.4424
47651,434.45407
47652,494.58603
47653,508.12628
47654,323.57736
47655,432.2932
47656,533.91626
47657,656.4366
47658,448.65012
47659,465.61902
47660,331.8722
47661,122.27383
47662,209.38263
47663,313.99237
47664,365.37418
47665,196.12292
47666,274.1038
47667,455.60556
47668,454.2311
47669,471.54538
47670,464.3595
47671,487.83862
47672,467.22583
47673,465.7289
47674,485.77194
47675,419.58508
47676,414.62784
47677,334.78607
47678,285.33365
47679,362.5185
47680,343.05978
47681,361.0625
47682,398.24158
47683,421.68753
47684,296.72607
47685,291.2527
47686,300.28558
47687,247.12999
47688,378.45963
47689,413.74353
47690,357.60803
47691,475.87503
47692,346.49805
47693,396.82623
47694,365.68912
47695,440.17276
47696,575.2392
47697,597.0135
47698,574.9913
47699,496.2242
47700,437.29343
47701,445.22763
47702,365.5454
47703,297.26578
47704,338.99408
47705,361.3068
47706,461.41626
47707,514.43774
47708,493.34683
47709,504.30664
47710,462.51855
47711,525.4487
47712,616.0172
47713,531.3028
47714,322.35287
47715,468.4761
47716,418.0836
47717,468.27408
47718,397.9427
47719,386.18045
47720,502.42194
47721,364.3323
47722,323.66403
47723,235.11028
47724,316.7189
47725,391.6244
47726,404.15823
47727,528.03064
47728,603.19183
47729,438.556
47730,491.21387
47731,429.2074
47732,365.26752
47733,345.7958
47734,519.1584
47735,513.2812
47736,446.6106
47737,444.311
47738,440.77335
47739,864.6408
47740,654.87976
47741,464.64966
47742,387.30765
47743,377.35968
47744,444.07724
47745,463.557
47746,481.99152
47747,501.04984
47748,475.0823
47749,414.65866
47750,257.34387
47751,397.30435
47752,270.01413
47753,452.69366
47754,543.51636
47755,536.9656
47756,661.34045
47757,665.4212
47758,886.5887
47759,630.0752
47760,620.19257
47761,1040.7289
47762,973.609
47763,1033.162
47764,1019.1582
47765,1057.4247
47766,942.0436
47767,1276.117
47768,1386.4543
47769,1567.1556
47770,1570.9763
47771,1777.17
47772,1797.3193
47773,1840.5425
47774,1767.0786
47775,1845.0796
47776,1808.3599
47777,1808.1938
47778,1861.7992
47779,1853.2494
47780,1849.1118
47781,1842.2263
47782,1827.1083
47783,1923.6879
47784,1925.6442
47785,1925.0367
47786,1919.8469
47787,1922.5154
47788,1912.5256
47789,1640.3809
47790,1540.947
47791,1322.6749
47792,1248.0024
47793,995.13464
47794,1031.0752
47795,39.619946
47796,4.7032266
47797,27.341675
47798,25.584604
47799,33.884026
47800,34.158478
47801,33.134396
47802,21.359926
47803,3.41023
47804,13.0669
47805,-4.34231
47806,-2.5335805
47807,-2.2443993
47808,10.016617
47809,-2.5853329
47810,-6.511775
47811,4.940359
47812,9.77159
47813,11.634296
47814,8.787502
47815,17.841154
47816,447.3216
47817,1944.3678
47818,1947.2239
47819,1799.7631
47820,1581.5996
47821,1853.9531
47822,1749.8931
47823,1677.7383
47824,1640.0165
47825,1439.9082
47826,1804.7834
47827,1858.6053
47828,1714.539
47829,1713.5076
47830,1453.8739
47831,1733.963
47832,1766.6082
47833,1864.1492
47834,1888.5085
47835,1872.6667
47836,1887.4967
47837,1876.3427
47838,1892.6766
47839,1770.6621
47840,1703.6964
47841,1466.0253
47842,1733.4924
47843,1850.3336
47844,1547.6824
47845,736.49585
47846,623.26404
47847,1194.5386
47848,1308.1146
47849,1263.001
47850,1464.1702
47851,1434.8049
47852,1144.8328
47853,1064.3207
47854,1174.1156
47855,1473.4237
47856,1838.3597
47857,1434.487
47858,1633.9354
47859,1476.936
47860,951.6998
47861,667.89575
47862,417.7731
47863,449.16095
47864,670.6794
47865,966.1752
47866,1154.4574
47867,1226.2882
47868,1011.0164
47869,900.1359
47870,734.0724
47871,917.5359
47872,990.6384
47873,1034.9191
47874,748.9048
47875,509.71466
47876,416.94385
47877,395.00754
47878,246.99115
47879,336.32846
47880,364.28485
47881,316.53006
47882,293.11185
47883,289.16708
47884,286.856
47885,303.31784
47886,370.0349
47887,395.1961
47888,322.9791
47889,455.13583
47890,372.95453
47891,399.26862
47892,277.10516
47893,171.60847
47894,336.321
47895,393.0983
47896,312.20004
47897,221.63663
47898,248.41977
47899,240.77354
47900,254.32217
47901,277.49246
47902,251.44241
47903,498.47855
47904,687.4027
47905,467.8806
47906,610.8689
47907,641.58765
47908,914.33136
47909,1488.3127
47910,1544.8417
47911,1533.149
47912,1838.197
47913,1842.1311
47914,1835.7739
47915,1918.4781
47916,1918.0151
47917,1939.9902
47918,1930.5872
47919,1923.1877
47920,1905.939
47921,1892.1527
47922,1893.909
47923,1864.1249
47924,1853.579
47925,1805.4435
47926,1790.0947
47927,1593.1755
47928,1867.5103
47929,1886.5287
47930,1861.1624
47931,1740.5747
47932,1683.4316
47933,1268.0297
47934,938.0729
47935,1146.1418
47936,1412.6318
47937,1428.26
47938,1552.8221
47939,1705.389
47940,1877.361
47941,1874.743
47942,1822.5299
47943,1869.8391
47944,1826.8577
47945,1856.729
47946,1504.1212
47947,1459.0911
47948,1650.8004
47949,1447.7655
47950,1240.9594
47951,1532.4929
47952,1147.8533
47953,1315.6366
47954,927.79034
47955,1218.7693
47956,1502.9877
47957,1206.7063
47958,1352.0333
47959,972.2485
47960,979.0599
47961,1220.1125
47962,1347.2137
47963,1571.7789
47964,1635.8611
47965,1443.7196
47966,1399.8175
47967,1362.4402
47968,1599.1942
47969,1440.7498
47970,1436.0054
47971,1320.7136
47972,1604.6906
47973,1757.4491
47974,1595.2843
47975,1559.8132
47976,1767.0457
47977,1701.9973
47978,1783.2736
47979,1745.1377
47980,1531.4757
47981,1484.162
47982,1370.3864
47983,1367.6534
47984,1480.9011
47985,1526.4343
47986,1759.2529
47987,1845.9614
47988,1931.9545
47989,1939.7632
47990,1939.5583
47991,1898.9567
47992,1881.3616
47993,1934.0385
47994,1892.4832
47995,1876.013
47996,1925.1158
47997,1930.1846
47998,1928.8754
47999,1904.4961
48000,1849.5737
48001,1873.218
48002,1883.07
48003,1852.7644
48004,1880.2167
48005,1931.259
48006,1850.2833
48007,1932.4141
48008,1865.661
48009,1864.9055
48010,1862.4142
48011,1852.7875
48012,1869.9713
48013,1843.3356
48014,1865.2719
48015,1843.7635
48016,1827.1973
48017,1682.0369
48018,1443.1664
48019,1609.9825
48020,1448.1255
48021,1538.398
48022,1079.4027
48023,1427.1859
48024,1383.6729
48025,1672.5903
48026,1580.6339
48027,1674.2954
48028,1509.8501
48029,1715.6221
48030,1693.0228
48031,1531.2212
48032,1537.2678
48033,1566.3503
48034,1639.1289
48035,1141.9583
48036,1360.7821
48037,1320.8031
48038,1081.7616
48039,954.8439
48040,885.37213
48041,566.06946
48042,814.93976
48043,932.5515
48044,709.4296
48045,813.0663
48046,705.09576
48047,801.41675
48048,604.8235
48049,656.38696
48050,792.53314
48051,742.52625
48052,902.15784
48053,847.3315
48054,1074.856
48055,1522.3568
48056,812.3743
48057,779.5125
48058,846.9136
48059,633.60803
48060,602.1739
48061,640.93756
48062,670.83215
48063,743.2265
48064,581.7831
48065,441.2209
48066,410.19714
48067,482.42004
48068,621.9843
48069,437.63187
48070,488.2584
48071,465.25055
48072,439.07785
48073,624.4291
48074,493.10132
48075,569.1127
48076,280.51492
48077,248.4713
48078,272.9415
48079,197.21529
48080,363.1707
48081,29.015614
48082,0.60113716
48083,15.4357815
48084,13.078883
48085,392.82358
48086,293.63965
48087,229.78354
48088,400.88583
48089,581.99756
48090,544.8783
48091,541.1012
48092,314.11472
48093,627.8368
48094,638.742
48095,523.631
48096,543.26794
48097,806.88104
48098,441.24005
48099,613.6448
48100,491.02832
48101,368.01193
48102,276.16516
48103,256.2168
48104,174.67662
48105,170.99464
48106,84.12248
48107,112.89627
48108,394.8868
48109,488.35596
48110,686.6183
48111,528.0646
48112,346.41547
48113,351.47467
48114,447.35693
48115,490.13525
48116,184.07448
48117,418.9118
48118,307.26276
48119,187.87096
48120,123.26076
48121,123.299126
48122,130.583
48123,487.42703
48124,640.0946
48125,230.23886
48126,180.19405
48127,108.93055
48128,116.19683
48129,176.13068
48130,236.28749
48131,281.69135
48132,274.6081
48133,313.68332
48134,207.90172
48135,172.87982
48136,117.891556
48137,134.88187
48138,271.02554
48139,504.0475
48140,709.88275
48141,805.5847
48142,709.1664
48143,768.14984
48144,701.6025
48145,640.18726
48146,485.898
48147,509.9674
48148,424.75763
48149,461.34625
48150,387.9412
48151,367.72086
48152,510.98978
48153,286.77573
48154,240.34697
48155,284.07202
48156,337.4803
48157,405.8155
48158,516.3033
48159,490.60928
48160,523.1692
48161,780.40094
48162,872.56055
48163,1147.6418
48164,1161.0325
48165,1027.0878
48166,968.39233
48167,738.02527
48168,599.3924
48169,447.7521
48170,620.9176
48171,618.846
48172,681.128
48173,865.1007
48174,783.7956
48175,932.6038
48176,1089.6494
48177,1103.5002
48178,1047.1475
48179,1101.7798
48180,1092.703
48181,1056.5095
48182,1132.9374
48183,830.1543
48184,551.3341
48185,705.3183
48186,727.8604
48187,969.09515
48188,677.3027
48189,689.9542
48190,673.9915
48191,892.4834
48192,882.0912
48193,889.98254
48194,852.81525
48195,737.12286
48196,645.6853
48197,872.7269
48198,1009.2011
48199,971.78284
48200,921.8666
48201,1048.718
48202,1142.8687
48203,1078.4825
48204,1267.2257
48205,1213.1548
48206,1139.3956
48207,1065.3469
48208,1120.2856
48209,1093.3864
48210,1154.9514
48211,1206.361
48212,1199.9662
48213,1442.4899
48214,1591.4706
48215,1277.7749
48216,1367.4082
48217,1040.5955
48218,1106.5511
48219,1177.3785
48220,1346.4227
48221,1465.9545
48222,1205.0975
48223,1070.3535
48224,1107.3604
48225,996.1471
48226,1299.5886
48227,1666.6116
48228,1766.4121
48229,1763.1293
48230,1563.6533
48231,1897.9551
48232,1930.8971
48233,1898.6886
48234,1876.8477
48235,1751.8138
48236,1738.8542
48237,1739.3053
48238,1775.3566
48239,1766.8834
48240,1676.7448
48241,1675.9597
48242,1592.9487
48243,1644.6951
48244,1874.2239
48245,1971.0482
48246,1899.8707
48247,1885.634
48248,1890.7115
48249,1813.1044
48250,1580.584
48251,1713.9956
48252,1736.6456
48253,1702.0851
48254,1717.8738
48255,1591.8989
48256,1478.8961
48257,1226.1641
48258,1210.543
48259,1132.2803
48260,1048.4406
48261,1260.4507
48262,1223.7288
48263,1428.615
48264,1244.7207
48265,1241.1238
48266,1267.7251
48267,1465.345
48268,1090.8314
48269,1389.7368
48270,1265.8942
48271,1286.5575
48272,1122.4984
48273,1562.4381
48274,1477.8595
48275,1582.1613
48276,1455.1743
48277,1643.7527
48278,1639.183
48279,1739.7467
48280,1700.8556
48281,1745.99
48282,1736.8356
48283,1880.4338
48284,1719.8722
48285,1618.2185
48286,1703.1094
48287,1815.8529
48288,1890.6987
48289,1890.1501
48290,1890.1981
48291,1891.0797
48292,1875.9193
48293,1905.8146
48294,1946.9136
48295,1877.2981
48296,1876.9323
48297,1876.2366
48298,1856.7146
48299,1660.6953
48300,1494.3358
48301,1544.4873
48302,1775.518
48303,1400.34
48304,1223.2888
48305,1234.691
48306,1333.0116
48307,886.94135
48308,1509.9568
48309,1574.811
48310,1113.926
48311,1364.1724
48312,1530.4257
48313,1679.7892
48314,1678.4316
48315,1633.8073
48316,1631.5741
48317,1706.9736
48318,1716.6047
48319,1751.2672
48320,1881.3463
48321,1934.8452
48322,1954.1514
48323,1943.138
48324,1943.507
48325,1945.3447
48326,1938.9856
48327,1919.7537
48328,179.3269
48329,6.978021
48330,3.6018147
48331,799.913
48332,1794.6761
48333,1837.8396
48334,1921.4042
48335,1840.5365
48336,1742.9518
48337,1651.8724
48338,1706.498
48339,1497.6537
48340,1404.0748
48341,1580.6024
48342,1469.9653
48343,1116.7775
48344,1138.9321
48345,1254.0312
48346,1330.7334
48347,1304.9131
48348,1192.9932
48349,1393.4152
48350,1260.828
48351,1456.7153
48352,1398.0632
48353,1315.0491
48354,1342.5355
48355,1413.5765
48356,1314.1372
48357,1468.4905
48358,1332.2588
48359,1271.3441
48360,1425.0913
48361,1351.7312
48362,1656.613
48363,1514.9331
48364,1426.0387
48365,1654.1539
48366,1686.0771
48367,1821.8224
48368,1778.6003
48369,1728.5004
48370,1748.4388
48371,1812.0453
48372,1813.4978
48373,1824.4521
48374,1787.43
48375,1774.4061
48376,1886.3594
48377,1819.7749
48378,1893.1095
48379,1888.9403
48380,1819.7511
48381,1801.5957
48382,1755.0161
48383,1950.1106
48384,1872.8408
48385,1892.6986
48386,1854.0876
48387,1753.935
48388,1815.0215
48389,1652.8994
48390,1766.9056
48391,1784.1865
48392,1783.4464
48393,1702.5142
48394,1882.0238
48395,1757.3369
48396,1680.4728
48397,1752.2329
48398,1694.8854
48399,1840.0121
48400,1552.2817
48401,1692.3232
48402,1471.2175
48403,1129.2811
48404,1305.6874
48405,1230.5713
48406,967.2225
48407,798.5334
48408,745.9072
48409,651.022
48410,1224.9384
48411,939.10095
48412,1145.1218
48413,988.9381
48414,1014.6463
48415,957.5901
48416,830.186
48417,831.2742
48418,1170.9517
48419,1048.1656
48420,922.5063
48421,1378.8224
48422,1195.3967
48423,1275.3237
48424,1365.9305
48425,1130.8822
48426,1481.8201
48427,1452.263
48428,1356.5104
48429,1132.6761
48430,1416.9423
48431,1026.8462
48432,1397.5958
48433,1303.05
48434,897.4276
48435,1031.7943
48436,637.17725
48437,494.21884
48438,487.3169
48439,699.529
48440,1268.9219
48441,1408.2706
48442,1431.9495
48443,1830.1984
48444,1692.181
48445,1433.7621
48446,1165.9797
48447,1447.0162
48448,1363.5022
48449,1685.9503
48450,1562.2928
48451,1513.3821
48452,1445.1396
48453,1431.8987
48454,1283.281
48455,1171.9407
48456,1187.0505
48457,1125.3843
48458,1187.9585
48459,1051.8705
48460,1027.3711
48461,1080.7218
48462,716.3237
48463,662.8949
48464,735.72955
48465,1089.391
48466,1117.0568
48467,1126.2178
48468,1440.3145
48469,1493.2179
48470,1144.0939
48471,1243.4819
48472,1408.166
48473,1045.529
48474,991.98975
48475,975.8637
48476,1089.4232
48477,1020.1328
48478,961.8703
48479,736.95447
48480,652.62006
48481,521.9728
48482,740.51605
48483,848.89087
48484,897.0476
48485,1037.8074
48486,1059.8109
48487,1211.7418
48488,990.5109
48489,1080.0017
48490,1149.4293
48491,964.9406
48492,1251.8334
48493,1467.2352
48494,1229.176
48495,1199.7573
48496,1044.6294
48497,1067.6768
48498,1156.5991
48499,959.31934
48500,993.43896
48501,998.8704
48502,1152.1896
48503,1335.1375
48504,1288.1144
48505,1506.239
48506,1250.4084
48507,1085.1566
48508,1151.4752
48509,1483.279
48510,1402.679
48511,1332.0455
48512,1422.971
48513,1503.8855
48514,1578.5707
48515,1512.3745
48516,1100.8221
48517,1353.8108
48518,1225.604
48519,1142.5964
48520,1169.6962
48521,1380.2037
48522,1240.6423
48523,660.58374
48524,1004.31573
48525,1143.2816
48526,1530.9695
48527,1184.5143
48528,944.87115
48529,199.51341
48530,1070.3328
48531,1102.4795
48532,1324.3395
48533,388.62244
48534,0.6493231
48535,5.560418
48536,17.6594
48537,1.5685306
48538,2.4416425
48539,-0.31756026
48540,0.039199002
48541,-0.44031253
48542,0.6399168
48543,1.1752373
48544,-1.3827786
48545,-1.8088212
48546,-1.2351928
48547,-1.2351928
48548,-1.1842768
48549,-0.25494394
48550,-0.7563361
48551,-0.43982252
48552,-0.797871
48553,-1.1293877
48554,-0.3818289
48555,0.35360476
48556,0.98499256
48557,-1.0188231
48558,-1.6550664
48559,-1.1565204
48560,1.1259159
48561,-0.76845515
48562,-0.16775349
48563,-0.11728164
48564,-1.3715216
48565,-0.98843473
48566,-0.24267176
48567,0.34130105
48568,0.41127488
48569,0.20350948
48570,-1.0387547
48571,-0.52569747
48572,-0.4933847
48573,-0.6400147
48574,0.32811752
48575,-1.2509501
48576,0.13765237
48577,-1.7246404
48578,-0.13227573
48579,0.1369433
48580,-1.1361513
48581,-0.57872194
48582,-0.27742
48583,1.2703326
48584,-0.07064996
48585,-0.63663644
48586,-2.1830833
48587,-1.890745
48588,-0.7643366
48589,-1.3624325
48590,-1.3133204
48591,-1.512914
48592,-1.4633944
48593,-1.3075012
48594,-1.3993618
48595,-1.5303816
48596,-1.4908606
48597,-1.3800846
48598,-1.402138
48599,-1.3800846
48600,-1.3800846
48601,-1.3800846
48602,-1.3642876
48603,-2.1878078
48604,-2.0246124
48605,-1.4660549
48606,-1.5198786
48607,-1.4882915
48608,-1.6298417
48609,-1.5430605
48610,-1.4300712
48611,-1.5103686
48612,-2.0157697
48613,-1.6263119
48614,-2.2546644
48615,-1.2591912
48616,-0.81644756
48617,-1.3896104
48618,-1.4887387
48619,-2.731574
48620,-1.7191085
48621,-0.8030149
48622,-1.4501764
48623,-0.7883369
48624,-0.4291899
48625,-2.1144564
48626,-2.7028155
48627,-1.6715574
48628,-0.6235638
48629,-0.41792142
48630,0.045314115
48631,-0.9852265
48632,-0.6970779
48633,-0.36922288
48634,-0.7312033
48635,-1.5206902
48636,-1.4723781
48637,-1.8458904
48638,-4.5359983
48639,-4.3471007
48640,2.4791555
48641,0.71520454
48642,-0.36661482
48643,0.14120217
48644,-0.29942024
48645,-0.85584337
48646,0.25205952
48647,-1.0836536
48648,-1.3582425
48649,-6.9315276
48650,3.3001347
48651,-0.64692265
48652,4.3012457
48653,1.4635495
48654,3.7977693
48655,-3.4390044
48656,-3.3416688
48657,-10.181287
48658,-18.945976
48659,-8.396543
48660,-6.0332394
48661,-2.0345411
48662,-2.18331
48663,-4.080298
48664,-13.436958
48665,-5.160024
48666,-14.552187
48667,-6.725453
48668,0.36248907
48669,-0.29425853
48670,7.9243827
48671,-0.14031161
48672,-8.434367
48673,4.3006487
48674,5.8278713
48675,3.0676775
48676,3.6573963
48677,3.9278715
48678,6.23923
48679,5.185673
48680,5.7322507
48681,0.83311987
48682,2.9411387
48683,1.3682338
48684,1.7410784
48685,-2.431855
48686,-1.4891417
48687,-1.5945113
48688,-1.5320532
48689,-2.1091046
48690,-1.4049046
48691,-2.1690247
48692,-2.150134
48693,-0.22250724
48694,-1.3804594
48695,-1.0505686
48696,-1.1813531
48697,0.084806375
48698,-0.5713081
48699,0.44201502
48700,14.468481
48701,13.047706
48702,7.9361305
48703,83.02329
48704,13.58668
48705,12.77602
48706,2.5376427
48707,1.0265774
48708,1.4136125
48709,-0.40774158
48710,2.3185194
48711,12.560856
48712,-5.1927085
48713,136.19005
48714,-2.363153
48715,35.701885
48716,621.6635
48717,162.03076
48718,584.43176
48719,441.257
48720,415.90973
48721,412.87784
48722,445.4181
48723,503.94208
48724,377.6701
48725,306.60083
48726,309.71622
48727,370.01498
48728,248.81552
48729,357.98273
48730,353.29727
48731,368.1529
48732,267.29572
48733,221.11621
48734,200.9648
48735,388.23477
48736,265.1698
48737,249.33636
48738,191.78246
48739,213.7195
48740,205.18242
48741,211.11728
48742,187.92542
48743,127.88115
48744,108.79893
48745,74.36069
48746,190.9838
48747,340.6491
48748,216.76266
48749,149.66391
48750,140.91008
48751,136.16783
48752,217.07639
48753,229.79019
48754,167.55035
48755,120.46291
48756,157.25717
48757,215.59592
48758,335.2059
48759,392.90634
48760,435.09543
48761,390.05362
48762,354.32922
48763,303.13342
48764,263.71048
48765,205.1502
48766,205.7958
48767,217.13988
48768,217.24083
48769,163.55655
48770,102.46392
48771,107.23759
48772,70.98663
48773,100.57506
48774,45.70172
48775,-0.055892322
48776,-1.8105294
48777,0.54533273
48778,-0.2162051
48779,-0.071520984
48780,0.26448575
48781,-1.9128294
48782,-1.7516688
48783,-0.3905543
48784,-0.3255551
48785,-1.5606874
48786,-0.04561961
48787,0.14775585
48788,0.56315166
48789,0.067912966
48790,-0.7364333
48791,-0.9546057
48792,-0.15256634
48793,-0.13521251
48794,-0.37361977
48795,-0.52444243
48796,-1.008313
48797,-2.043445
48798,-1.5034778
48799,-0.53430283
48800,-1.2837174
48801,-1.3087204
48802,-1.1834103
48803,-0.3597745
48804,-1.9958217
48805,-0.8930529
48806,-1.90362
48807,-0.5219708
48808,-0.96365356
48809,-1.326867
48810,-0.98566425
48811,0.021571087
48812,-0.14703804
48813,-0.8125997
48814,-0.16793118
48815,0.56006145
48816,-0.09556629
48817,-0.07129625
48818,-0.9445951
48819,-0.7683651
48820,0.67166877
48821,-0.7723899
48822,0.48519906
48823,1.4137657
48824,0.42082497
48825,0.733773
48826,2.0584853
48827,0.30950353
48828,-0.26707822
48829,-0.40885177
48830,-0.5110068
48831,0.76866215
48832,-0.97732145
48833,-1.017218
48834,1.2560564
48835,0.70929545
48836,-0.0099980645
48837,0.0021644146
48838,-0.71542585
48839,-1.5513341
48840,-1.9097961
48841,-0.9362726
48842,-1.1237433
48843,-1.0421138
48844,-0.51806635
48845,-0.6470599
48846,-0.8582931
48847,-0.8728108
48848,0.031931616
48849,-0.10991269
48850,-1.5345745
48851,-2.048578
48852,-0.42206845
48853,-0.9453298
48854,-0.75366855
48855,-0.03852624
48856,-1.6442524
48857,-1.793949
48858,-0.91119695
48859,-1.3302661
48860,-0.8579941
48861,-1.0658697
48862,-0.8948836
48863,-1.1737937
48864,0.1919218
48865,0.07071092
48866,-0.00881975
48867,-0.28152376
48868,-1.6698965
48869,-0.11880091
48870,-0.058356453
48871,-0.821157
48872,0.22568724
48873,-0.8354365
48874,0.77689946
48875,0.73036677
48876,0.26033518
48877,0.35514614
48878,0.41718572
48879,-0.020455984
48880,-0.14294338
48881,1.6620158
48882,0.66658115
48883,-0.31238323
48884,1.5056616
48885,0.9008253
48886,1.1014524
48887,0.07080182
48888,1.4074287
48889,2.6346867
48890,1.4197562
48891,3.3826597
48892,0.7023254
48893,0.71720093
48894,-0.6464307
48895,-0.13995335
48896,-0.15231308
48897,-0.06109411
48898,-0.39273286
48899,0.035891272
48900,0.56997395
48901,16.72124
48902,116.86688
48903,160.10132
48904,144.59409
48905,135.0265
48906,117.53062
48907,141.44487
48908,173.37129
48909,133.04808
48910,110.94378
48911,81.9264
48912,42.359097
48913,108.76374
48914,140.34122
48915,152.9738
48916,155.88364
48917,182.41876
48918,196.87178
48919,178.1538
48920,160.53366
48921,193.67671
48922,214.00522
48923,189.43237
48924,128.85265
48925,64.73065
48926,37.486187
48927,10.128695
48928,0.39693102
48929,11.226527
48930,2.010986
48931,-0.8848874
48932,-0.545543
48933,-0.81012875
48934,6.2059393
48935,30.353662
48936,21.928848
48937,40.622643
48938,39.2071
48939,19.292408
48940,7.8234096
48941,6.600927
48942,-1.4330362
48943,12.893014
48944,4.428505
48945,38.03902
48946,20.13097
48947,5.454107
48948,3.673527
48949,45.91497
48950,61.821495
48951,38.41021
48952,27.747105
48953,29.577068
48954,-1.3464224
48955,-1.4178581
48956,35.199585
48957,7.9071975
48958,40.139816
48959,44.422565
48960,68.69842
48961,53.54272
48962,48.91449
48963,48.61678
48964,43.99922
48965,47.112152
48966,60.141914
48967,18.75164
48968,-0.8863463
48969,-0.49982056
48970,-0.76346505
48971,-0.76346505
48972,-0.8125552
48973,-0.8110925
48974,-0.55998313
48975,-0.62057066
48976,60.59319
48977,90.77928
48978,22.027567
48979,38.083035
48980,51.399384
48981,42.251045
48982,23.457539
48983,68.21533
48984,126.561485
48985,44.18924
48986,21.571295
48987,-4.791589
48988,10.173719
48989,2.8210166
48990,-2.0538728
48991,-1.6237978
48992,-2.298862
48993,39.77653
48994,170.88248
48995,117.47756
48996,51.285713
48997,-2.3210554
48998,-0.7130825
48999,-0.58629024
49000,-0.9342201
49001,-0.9419385
49002,-0.9342201
49003,-0.7073985
49004,-0.7236975
49005,-0.6789173
49006,-0.97219074
49007,-0.97219074
49008,-0.8007628
49009,-1.035708
49010,-1.0099815
49011,-0.9295571
49012,-0.7151982
49013,33.84013
49014,23.276096
49015,4.3548794
49016,-0.688217
49017,-0.56339663
49018,-0.6403283
49019,-0.5980761
49020,-0.5516102
49021,-0.9126914
49022,-0.95104367
49023,14.488569
49024,21.396362
49025,3.2061234
49026,-1.5987384
49027,-1.635868
49028,-0.62032896
49029,-0.61501443
49030,-0.17490152
49031,62.873215
49032,92.170746
49033,92.545654
49034,69.60834
49035,98.97436
49036,85.743706
49037,105.37801
49038,102.143555
49039,37.028187
49040,39.352196
49041,28.30176
49042,57.01304
49043,45.80481
49044,65.84007
49045,41.38222
49046,7.196029
49047,2.9544592
49048,-1.4214379
49049,30.483662
49050,35.160786
49051,48.24266
49052,87.54886
49053,23.088081
49054,45.833332
49055,17.320402
49056,-0.16964449
49057,63.78722
49058,110.88784
49059,130.59619
49060,89.274605
49061,202.95467
49062,219.18355
49063,228.27473
49064,216.90701
49065,155.77205
49066,111.94173
49067,151.54509
49068,69.07941
49069,163.17976
49070,119.55782
49071,94.876144
49072,133.27736
49073,164.92757
49074,184.29762
49075,193.50676
49076,201.01439
49077,209.54274
49078,130.77562
49079,98.58546
49080,48.760628
49081,60.080147
49082,82.617966
49083,61.647095
49084,45.127335
49085,59.308945
49086,63.71629
49087,56.63883
49088,36.298443
49089,41.731815
49090,70.759384
49091,48.244858
49092,39.35242
49093,22.82044
49094,21.100704
49095,18.461046
49096,40.159534
49097,64.87483
49098,52.637157
49099,68.57679
49100,104.25143
49101,133.71136
49102,181.17412
49103,186.53151
49104,150.3145
49105,47.58345
49106,3.2118986
49107,-0.34353474
49108,0.29232123
49109,0.2897187
49110,0.33258492
49111,0.23642159
49112,0.32654458
49113,0.32654458
49114,-0.17726175
49115,-0.27342507
49116,-0.24225484
49117,-0.17726175
49118,-0.17726175
49119,-0.18330215
49120,-0.28178543
49121,-0.42478168
49122,-0.64829206
49123,-0.6490253
49124,-0.45913106
49125,-0.71660894
49126,-0.8385715
49127,44.077477
49128,56.535625
49129,52.92731
49130,47.272076
49131,46.24332
49132,33.919956
49133,41.757862
49134,76.66079
49135,122.95552
49136,139.44865
49137,122.98823
49138,118.24627
49139,112.93612
49140,90.58369
49141,51.05333
49142,55.21544
49143,59.01399
49144,6.8314314
49145,37.562992
49146,102.05566
49147,101.06339
49148,143.21843
49149,180.81786
49150,206.69511
49151,231.21457
49152,259.06592
49153,267.26175
49154,249.59567
49155,291.64948
49156,323.40427
49157,338.79218
49158,260.87668
49159,291.36642
49160,270.7204
49161,224.59459
49162,289.97644
49163,273.689
49164,211.66174
49165,182.89642
49166,117.75854
49167,104.594574
49168,90.96988
49169,139.30582
49170,186.0625
49171,106.053276
49172,21.65378
49173,23.356485
49174,119.69252
49175,320.56122
49176,182.88803
49177,216.39043
49178,234.97255
49179,155.76707
49180,51.451023
49181,138.12619
49182,48.583645
49183,-0.021220453
49184,-0.016047634
49185,-0.074801564
49186,-0.22241437
49187,-0.20185587
49188,6.4504304
49189,39.716835
49190,55.310635
49191,20.077217
49192,5.586953
49193,-0.93576247
49194,-0.92767453
49195,-0.9124204
49196,-0.9124204
49197,-0.8821056
49198,-0.2607918
49199,-0.32541937
49200,0.06118093
49201,11.522075
49202,47.39397
49203,83.274185
49204,98.47995
49205,157.69907
49206,217.93857
49207,233.60725
49208,233.8728
49209,193.54716
49210,220.91125
49211,229.62874
49212,145.30565
49213,61.715584
49214,21.005545
49215,2.9058673
49216,20.784294
49217,41.203735
49218,7.5473294
49219,-0.48047477
49220,-0.54921347
49221,-0.5741616
49222,-0.47242567
49223,-0.607612
49224,-0.5445976
49225,-0.5938231
49226,-0.5938231
49227,-0.51527464
49228,-0.50010246
49229,-1.2613508
49230,-0.7743908
49231,-0.76667225
49232,-0.7819263
49233,-0.76667225
49234,-0.7077772
49235,-0.7367303
49236,-0.8018814
49237,-0.6238542
49238,-0.6238542
49239,-1.0130892
49240,55.62836
49241,34.284267
49242,11.215975
49243,23.143211
49244,36.122356
49245,19.791107
49246,2.7195642
49247,-0.93803453
49248,0.076633655
49249,-1.0876077
49250,-0.6591296
49251,-1.2219129
49252,-0.5775926
49253,-0.20618603
49254,-0.41477033
49255,-0.5090877
49256,-0.31460142
49257,-0.20618603
49258,-0.55438626
49259,-0.33099264
49260,-0.39201617
49261,-0.48822483
49262,-0.5038096
49263,-0.4349277
49264,-0.38948876
49265,-0.7023208
49266,-0.7020414
49267,-1.1104152
49268,-0.5238886
49269,-0.42256302
49270,-0.4377782
49271,-0.35567367
49272,-0.3846268
49273,-0.71704143
49274,-0.38668525
49275,-0.48563325
49276,-0.5884134
49277,-0.9323861
49278,-0.9791323
49279,-0.8985609
49280,-0.8081745
49281,-0.77397835
49282,-0.7259615
49283,-0.9726803
49284,-0.82689416
49285,-1.0333611
49286,-1.087608
49287,-1.0643692
49288,-0.8080636
49289,-1.0391104
49290,-1.0391104
49291,-1.0694252
49292,-1.3180312
49293,-0.68373495
49294,-0.6978122
49295,-0.7482852
49296,-0.6518202
49297,-0.6518202
49298,-0.6100542
49299,-0.65519464
49300,-0.67889357
49301,-0.64846545
49302,-0.67889357
49303,-0.6242053
49304,-0.5735199
49305,-0.5957715
49306,-0.5655046
49307,-0.58721155
49308,-0.9067396
49309,-0.6354551
49310,-0.6296515
49311,-0.64420533
49312,-0.613425
49313,-0.5459733
49314,-0.6432928
49315,-0.7000398
49316,-0.58529764
49317,-0.91899705
49318,-0.9419928
49319,-0.7035687
49320,-1.0287968
49321,-0.7254124
49322,-0.7126756
49323,-0.9625858
49324,-0.9815856
49325,-0.70032936
49326,-1.0237367
49327,-1.1119311
49328,-1.1497813
49329,-1.142246
49330,-1.0948142
49331,-1.2050105
49332,-0.86981636
49333,-0.927923
49334,-1.1310735
49335,-1.1964289
49336,100.72366
49337,81.41517
49338,29.51076
49339,123.766426
49340,146.3878
49341,126.00415
49342,38.48785
49343,66.7553
49344,185.48569
49345,60.571594
49346,160.31204
49347,196.07082
49348,215.48329
49349,86.574936
49350,137.56241
49351,48.130398
49352,73.89408
49353,17.552399
49354,102.23369
49355,30.156439
49356,11.120927
49357,44.09543
49358,66.82277
49359,46.03779
49360,42.824135
49361,16.14868
49362,50.74337
49363,55.466652
49364,73.47065
49365,44.215107
49366,47.050995
49367,93.153275
49368,52.467216
49369,46.873474
49370,35.67155
49371,38.50397
49372,61.692062
49373,63.029457
49374,58.932533
49375,64.58682
49376,100.46374
49377,93.780014
49378,110.466576
49379,127.79644
49380,125.15766
49381,84.100815
49382,77.36321
49383,49.45188
49384,102.02705
49385,104.63555
49386,89.48938
49387,81.81854
49388,85.5529
49389,111.8009
49390,159.17178
49391,180.10863
49392,173.15765
49393,251.7895
49394,237.5063
49395,249.05476
49396,311.22684
49397,239.92857
49398,205.8975
49399,339.64325
49400,278.57648
49401,181.66406
49402,229.59836
49403,224.35202
49404,296.1074
49405,370.59195
49406,277.45117
49407,251.56712
49408,241.68425
49409,321.2342
49410,264.25323
49411,188.94753
49412,144.66388
49413,232.60202
49414,300.3066
49415,253.3844
49416,308.31345
49417,133.97006
49418,163.58652
49419,67.962296
49420,135.0988
49421,109.14151
49422,182.3109
49423,313.09863
49424,272.7648
49425,331.63928
49426,262.04993
49427,249.82315
49428,273.7285
49429,265.9561
49430,327.94415
49431,303.39847
49432,281.3287
49433,240.8935
49434,185.11609
49435,122.0119
49436,112.0629
49437,192.04048
49438,99.70152
49439,106.9887
49440,109.89633
49441,68.37184
49442,137.1067
49443,182.88548
49444,214.74411
49445,190.90726
49446,184.07066
49447,129.06537
49448,125.050415
49449,103.87345
49450,90.647095
49451,136.5781
49452,163.78534
49453,118.63758
49454,78.98916
49455,128.82408
49456,130.34447
49457,276.48425
49458,193.09354
49459,143.78691
49460,194.58594
49461,404.8961
49462,307.11624
49463,279.49255
49464,197.43132
49465,224.453
49466,180.92496
49467,153.0583
49468,116.85962
49469,139.18097
49470,273.70386
49471,310.66
49472,364.13266
49473,183.2771
49474,144.32266
49475,102.81902
49476,108.95634
49477,121.830696
49478,200.33429
49479,94.7006
49480,101.79135
49481,100.56702
49482,131.22523
49483,118.753944
49484,131.08882
49485,191.50162
49486,150.50243
49487,214.27078
49488,206.23581
49489,309.10086
49490,186.54318
49491,194.09044
49492,83.38902
49493,124.97607
49494,162.31372
49495,187.59181
49496,166.62366
49497,169.69495
49498,192.0858
49499,251.05978
49500,417.79932
49501,306.8389
49502,235.09608
49503,279.0907
49504,390.918
49505,283.02747
49506,150.7747
49507,126.83005
49508,238.8806
49509,136.50877
49510,103.03053
49511,147.58275
49512,231.60428
49513,168.85263
49514,75.18775
49515,80.99717
49516,102.37482
49517,190.29137
49518,190.25943
49519,242.07387
49520,134.01343
49521,108.15935
49522,104.66159
49523,79.16562
49524,80.30436
49525,5.589444
49526,61.146915
49527,111.92417
49528,174.4172
49529,131.09747
49530,146.13284
49531,183.34042
49532,70.90124
49533,50.963943
49534,74.26417
49535,147.42078
49536,81.99339
49537,118.34825
49538,61.426353
49539,142.45433
49540,182.33786
49541,255.06189
49542,206.21667
49543,212.12288
49544,245.60571
49545,272.0386
49546,297.6069
49547,370.22595
49548,309.3974
49549,254.03995
49550,148.86905
49551,135.15208
49552,109.93734
49553,102.43712
49554,98.29969
49555,105.85632
49556,121.16724
49557,130.97054
49558,111.12306
49559,117.885475
49560,121.197945
49561,100.54948
49562,59.98017
49563,72.1388
49564,71.32453
49565,37.616608
49566,55.214703
49567,29.7581
49568,74.02091
49569,52.36575
49570,35.68059
49571,46.83761
49572,77.3281
49573,144.65787
49574,160.78568
49575,131.70406
49576,92.01185
49577,140.39212
49578,51.5804
49579,7.669485
49580,-0.5623266
49581,-0.5880097
49582,-0.61410517
49583,-0.34686643
49584,-0.91927373
49585,-0.011039591
49586,-0.18053734
49587,35.05588
49588,100.62327
49589,84.2592
49590,123.07516
49591,179.32388
49592,213.1791
49593,103.159256
49594,30.63048
49595,23.372593
49596,96.46142
49597,82.16621
49598,70.225525
49599,28.987473
49600,123.11493
49601,343.26013
49602,165.56438
49603,199.65076
49604,128.52945
49605,100.55877
49606,173.81737
49607,110.064156
49608,169.32785
49609,238.50876
49610,169.57718
49611,129.34174
49612,92.78701
49613,161.79915
49614,380.06766
49615,312.40536
49616,313.6521
49617,108.36071
49618,193.75543
49619,143.71342
49620,101.06194
49621,152.90378
49622,179.6883
49623,86.76399
49624,179.94574
49625,274.57632
49626,198.47766
49627,174.89832
49628,291.84735
49629,268.50296
49630,323.7425
49631,377.64612
49632,297.9171
49633,179.75978
49634,37.424294
49635,100.84261
49636,272.27408
49637,311.1114
49638,189.10532
49639,157.18571
49640,94.813545
49641,147.00261
49642,227.05885
49643,237.93643
49644,125.81617
49645,180.85736
49646,101.50144
49647,174.9353
49648,147.92674
49649,96.797424
49650,91.11168
49651,170.0771
49652,190.54366
49653,217.91537
49654,122.70768
49655,128.44286
49656,196.59462
49657,251.03162
49658,245.04652
49659,185.74477
49660,87.1667
49661,110.209274
49662,161.3329
49663,273.99652
49664,479.85355
49665,278.91678
49666,205.79437
49667,228.94089
49668,311.66623
49669,236.29575
49670,275.89114
49671,343.6808
49672,405.8574
49673,394.9229
49674,331.94943
49675,452.79947
49676,434.49692
49677,445.42374
49678,455.35742
49679,589.82837
49680,707.8264
49681,699.97833
49682,783.6384
49683,735.06555
49684,850.7298
49685,878.0201
49686,1007.68726
49687,1191.1952
49688,1413.7012
49689,1492.8497
49690,1540.3313
49691,1280.1106
49692,1582.3569
49693,1506.0522
49694,1297.104
49695,1202.6818
49696,1039.8462
49697,1063.3582
49698,974.99567
49699,928.872
49700,726.87225
49701,755.9073
49702,992.6292
49703,952.21735
49704,745.0956
49705,911.8075
49706,959.24384
49707,1031.184
49708,1027.9967
49709,1130.4736
49710,1077.7128
49711,1079.6982
49712,919.95294
49713,1027.7715
49714,758.1138
49715,677.0909
49716,775.0845
49717,931.739
49718,793.26447
49719,872.3387
49720,887.3341
49721,896.6989
49722,908.98944
49723,804.4313
49724,1049.224
49725,1359.2275
49726,1476.8188
49727,1266.9651
49728,1130.421
49729,1418.5055
49730,1413.6633
49731,1666.302
49732,1356.7648
49733,1141.8362
49734,1422.9805
49735,1394.7052
49736,1417.4272
49737,1699.0244
49738,1902.091
49739,1907.5922
49740,1854.4382
49741,1671.5476
49742,1785.9122
49743,1642.9896
49744,1809.6404
49745,1887.352
49746,1886.658
49747,1867.3018
49748,1780.6311
49749,1877.4442
49750,1897.9669
49751,1873.2285
49752,1947.7081
49753,1760.9384
49754,1866.979
49755,1963.7462
49756,1973.2631
49757,1968.0886
49758,1962.3575
49759,1973.4478
49760,1965.6058
49761,1970.5364
49762,1970.6884
49763,1944.5238
49764,1942.148
49765,1952.9719
49766,1843.8202
49767,1868.7064
49768,1536.0801
49769,1754.915
49770,1602.3683
49771,1521.2644
49772,1675.3394
49773,1653.607
49774,1423.476
49775,1410.2748
49776,1520.5837
49777,1513.1095
49778,1255.1763
49779,966.52264
49780,1056.454
49781,1350.6462
49782,1588.3956
49783,1185.4866
49784,1591.7505
49785,1737.0016
49786,1383.6687
49787,1034.6995
49788,1217.1346
49789,1384.5288
49790,1426.205
49791,923.82275
49792,953.22906
49793,1225.7203
49794,971.3986
49795,1126.8529
49796,771.81793
49797,553.23224
49798,452.83115
49799,562.6639
49800,571.9111
49801,543.2484
49802,589.8569
49803,567.75055
49804,537.13306
49805,469.38184
49806,346.51035
49807,382.0241
49808,499.19925
49809,625.6429
49810,340.70374
49811,279.68057
49812,334.01526
49813,430.16742
49814,526.11273
49815,519.8891
49816,629.50867
49817,628.72675
49818,634.993
49819,683.159
49820,845.6054
49821,1077.751
49822,1229.591
49823,938.0557
49824,994.40607
49825,1317.7035
49826,1357.7678
49827,1184.7865
49828,1349.3453
49829,1547.8721
49830,1124.2738
49831,1132.4938
49832,1306.4906
49833,1350.2885
49834,838.93286
49835,629.27075
49836,836.1773
49837,892.9094
49838,799.0926
49839,1036.7134
49840,1062.7224
49841,1201.744
49842,1339.2794
49843,1174.8351
49844,1232.8529
49845,944.2601
49846,1110.5076
49847,1004.7296
49848,666.7732
49849,654.0982
49850,869.7139
49851,799.5213
49852,1191.7809
49853,1699.1854
49854,1525.6128
49855,1486.4185
49856,1447.2625
49857,1357.23
49858,1436.6986
49859,1528.277
49860,1562.5161
49861,1373.4534
49862,1395.0033
49863,987.5237
49864,966.71173
49865,857.66504
49866,900.4989
49867,1269.5002
49868,926.5147
49869,1243.69
49870,1369.7229
49871,1566.4504
49872,1680.8594
49873,1768.79
49874,1936.001
49875,1831.4254
49876,1796.4056
49877,1787.7797
49878,1744.75
49879,1741.7848
49880,1865.8118
49881,1839.4177
49882,1873.3583
49883,1859.0549
49884,1837.9144
49885,1864.332
49886,1763.1427
49887,1393.1715
49888,1523.0012
49889,1732.9193
49890,1698.0441
49891,1596.8302
49892,1359.0472
49893,1304.516
49894,1353.5293
49895,1637.4083
49896,1661.3972
49897,1486.726
49898,1685.3903
49899,1486.9768
49900,1363.0752
49901,1537.5767
49902,1163.3271
49903,1100.43
49904,1354.9666
49905,850.02875
49906,757.65283
49907,858.81085
49908,902.6333
49909,343.90033
49910,551.761
49911,1140.6425
49912,807.51526
49913,489.2462
49914,806.17664
49915,1339.3699
49916,995.3319
49917,1137.2611
49918,988.7552
49919,918.572
49920,818.13074
49921,783.14624
49922,871.5008
49923,962.24524
49924,747.4925
49925,928.64594
49926,573.0243
49927,462.09058
49928,580.71216
49929,692.3399
49930,419.30927
49931,257.9222
49932,293.888
49933,238.30023
49934,345.11572
49935,545.04767
49936,1030.2094
49937,995.1967
49938,877.7883
49939,1092.7961
49940,1160.5841
49941,718.29767
49942,1364.8167
49943,1341.9581
49944,1222.6748
49945,1371.6337
49946,1011.6601
49947,971.38696
49948,1074.2281
49949,1323.2876
49950,1009.30536
49951,846.4524
49952,1258.023
49953,960.2394
49954,977.51984
49955,855.09375
49956,1013.3106
49957,828.7205
49958,811.0811
49959,487.90866
49960,569.8853
49961,554.94
49962,425.28082
49963,290.77795
49964,382.3376
49965,451.58447
49966,619.83014
49967,557.33435
49968,706.872
49969,639.4569
49970,439.77164
49971,450.69073
49972,375.9538
49973,547.689
49974,692.78876
49975,693.21277
49976,722.9852
49977,734.2109
49978,749.70636
49979,781.73303
49980,757.0153
49981,845.37665
49982,1031.3878
49983,1007.31177
49984,1040.2677
49985,1220.0245
49986,798.09247
49987,899.957
49988,1292.5936
49989,1312.4781
49990,1266.0258
49991,1251.2434
49992,1360.9761
49993,1293.4564
49994,1618.2335
49995,1444.5327
49996,1510.5919
49997,1516.648
49998,1388.9315
49999,1590.9705
50000,1518.0197
50001,1399.3395
50002,1581.2736
50003,1439.9589
50004,1579.831
50005,1525.5068
50006,1411.677
50007,1312.3954
50008,1635.6593
50009,1332.6743
50010,1413.376
50011,1525.6941
50012,1276.8573
50013,1029.8964
50014,933.4871
50015,1254.1472
50016,1042.6782
50017,1160.062
50018,1042.9081
50019,884.65985
50020,884.84515
50021,1063.6483
50022,935.97144
50023,748.4561
50024,869.0195
50025,916.3382
50026,496.17014
50027,361.4867
50028,401.733
50029,568.5512
50030,495.95926
50031,532.8524
50032,607.42566
50033,693.24194
50034,993.85144
50035,801.4651
50036,472.6618
50037,428.53052
50038,363.19727
50039,253.9582
50040,388.57922
50041,162.01094
50042,419.77338
50043,637.7366
50044,609.76697
50045,562.42914
50046,495.18103
50047,439.82336
50048,506.3673
50049,368.1216
50050,242.56331
50051,212.06197
50052,268.46356
50053,386.51654
50054,458.24573
50055,438.13007
50056,467.65103
50057,177.08684
50058,328.13724
50059,391.29016
50060,109.022575
50061,91.118004
50062,89.99337
50063,75.53166
50064,72.27725
50065,110.3938
50066,105.61016
50067,174.53831
50068,40.535522
50069,127.05423
50070,94.705795
50071,84.834274
50072,57.004807
50073,7.1528015
50074,0.12272939
50075,10.2793255
50076,104.79014
50077,66.859245
50078,109.72671
50079,162.43593
50080,243.5368
50081,191.22983
50082,195.82729
50083,272.11014
50084,282.81442
50085,330.9813
50086,227.73126
50087,195.27939
50088,170.23322
50089,296.7795
50090,261.85745
50091,267.90625
50092,227.37444
50093,170.88234
50094,196.55948
50095,134.02068
50096,107.73328
50097,62.9679
50098,66.808205
50099,143.0609
50100,189.13162
50101,87.4061
50102,52.192997
50103,168.75232
50104,261.63855
50105,249.3239
50106,203.60973
50107,131.27455
50108,147.36617
50109,111.40241
50110,144.48093
50111,174.14163
50112,218.97556
50113,269.77548
50114,339.63766
50115,525.4718
50116,428.9803
50117,443.38187
50118,395.5549
50119,434.23672
50120,271.84555
50121,375.036
50122,317.65335
50123,374.79282
50124,528.9636
50125,439.3491
50126,419.75195
50127,334.03748
50128,163.65027
50129,154.49074
50130,158.02405
50131,176.24889
50132,185.7679
50133,170.46066
50134,188.60735
50135,250.42535
50136,317.88458
50137,372.3698
50138,371.95306
50139,298.42746
50140,279.4993
50141,345.70142
50142,240.89877
50143,217.33037
50144,271.735
50145,302.1624
50146,430.3077
50147,429.71036
50148,311.25348
50149,165.78009
50150,177.21991
50151,195.02574
50152,125.53491
50153,105.35474
50154,206.73322
50155,150.15686
50156,167.09178
50157,123.21814
50158,132.0583
50159,96.45603
50160,96.17325
50161,187.52763
50162,223.92712
50163,209.92107
50164,327.3993
50165,305.6575
50166,313.29492
50167,300.30246
50168,244.46725
50169,303.92075
50170,307.16498
50171,359.70468
50172,376.40375
50173,252.98534
50174,222.55797
50175,247.9925
50176,377.37823
50177,409.40405
50178,292.9151
50179,395.35635
50180,432.0444
50181,464.52206
50182,430.86514
50183,432.69742
50184,541.8963
50185,380.71674
50186,325.63718
50187,221.07285
50188,243.66048
50189,424.9974
50190,326.16043
50191,313.43073
50192,424.22415
50193,361.83273
50194,547.76654
50195,759.55786
50196,466.49606
50197,575.5111
50198,750.3699
50199,837.6738
50200,645.2286
50201,604.67535
50202,645.71533
50203,589.9261
50204,892.2701
50205,990.2556
50206,1083.0754
50207,1006.61896
50208,1240.6261
50209,1385.1378
50210,1459.9315
50211,1456.4221
50212,1360.5988
50213,1570.2198
50214,1503.56
50215,1753.0769
50216,1570.4568
50217,1878.0673
50218,1896.8647
50219,1397.3999
50220,1759.2684
50221,1886.4084
50222,1843.6339
50223,1740.3236
50224,1699.8616
50225,1665.915
50226,1657.746
50227,1600.4843
50228,1620.7217
50229,1843.2913
50230,1750.4707
50231,1441.1173
50232,1702.828
50233,1708.204
50234,1321.762
50235,783.10645
50236,1360.8292
50237,1582.8428
50238,1402.4243
50239,955.7582
50240,1067.0989
50241,1107.7985
50242,826.11536
50243,460.14896
50244,732.6582
50245,1044.7117
50246,1210.8888
50247,1504.7134
50248,1613.96
50249,1737.9114
50250,1675.6693
50251,1782.1963
50252,1683.6031
50253,1651.0924
50254,1740.2687
50255,1719.0029
50256,1655.8796
50257,1488.3107
50258,1359.2007
50259,1251.9827
50260,1174.5043
50261,1232.9042
50262,1247.2871
50263,1625.606
50264,1086.1006
50265,992.92255
50266,1003.4452
50267,939.1476
50268,971.604
50269,829.89087
50270,832.3095
50271,827.34174
50272,981.18506
50273,658.6223
50274,681.80444
50275,771.99817
50276,684.14716
50277,734.1661
50278,622.359
50279,629.20636
50280,390.8551
50281,300.82968
50282,337.1888
50283,535.44446
50284,706.4279
50285,560.173
50286,612.3972
50287,476.2314
50288,474.66025
50289,391.07227
50290,391.90405
50291,434.49084
50292,667.8664
50293,861.36646
50294,709.11176
50295,575.0813
50296,426.4215
50297,412.25378
50298,478.7267
50299,650.3397
50300,635.10913
50301,550.68176
50302,505.26273
50303,515.37805
50304,854.585
50305,629.7662
50306,879.7719
50307,1096.0597
50308,1009.41693
50309,1076.6132
50310,801.61835
50311,756.0507
50312,712.0048
50313,560.66187
50314,671.8206
50315,641.1564
50316,594.084
50317,665.2119
50318,662.8318
50319,969.6884
50320,1023.11444
50321,1037.7346
50322,1222.6716
50323,1151.0181
50324,1537.8529
50325,1493.2491
50326,1480.8514
50327,1333.7546
50328,1621.9467
50329,1590.1697
50330,1497.6273
50331,1302.2418
50332,1498.0847
50333,1284.2845
50334,1165.2126
50335,939.97375
50336,1106.5618
50337,1060.165
50338,942.22705
50339,1060.034
50340,1187.0588
50341,1106.2039
50342,1215.6398
50343,1523.7672
50344,1299.4979
50345,1191.4521
50346,1595.6359
50347,1720.0408
50348,1572.2427
50349,1445.8116
50350,1324.1093
50351,1493.232
50352,1236.6318
50353,1621.8784
50354,1517.3158
50355,1516.7186
50356,1845.651
50357,1859.4407
50358,1747.813
50359,1600.2827
50360,1625.8225
50361,1708.9567
50362,1506.0854
50363,1726.0352
50364,1872.7129
50365,1872.9938
50366,1825.2997
50367,1653.199
50368,1415.0231
50369,1290.4657
50370,1292.4252
50371,1367.8309
50372,1482.6954
50373,1708.61
50374,1658.475
50375,1737.1802
50376,1881.6466
50377,1733.3425
50378,1717.8253
50379,1720.2296
50380,1688.1981
50381,1824.5068
50382,1757.7864
50383,1751.0039
50384,1783.4108
50385,1838.3407
50386,1845.4927
50387,1773.3329
50388,1714.3127
50389,1753.3718
50390,1771.3744
50391,1782.1069
50392,1876.6367
50393,1879.1012
50394,1886.9384
50395,1815.5123
50396,1875.224
50397,1875.6729
50398,1877.21
50399,1864.5083
50400,1942.7343
50401,1942.7854
50402,1943.6199
50403,1856.4369
50404,1874.9283
50405,1961.7384
50406,1951.0199
50407,1966.1033
50408,1866.8016
50409,1962.4017
50410,1883.8616
50411,1827.9073
50412,1791.2356
50413,1783.0089
50414,1823.6367
50415,1879.671
50416,1724.0675
50417,1752.3281
50418,1685.2076
50419,1819.587
50420,1914.4874
50421,1889.5337
50422,1878.8503
50423,1721.6465
50424,1855.97
50425,1846.1266
50426,1879.7771
50427,1885.3057
50428,1884.4716
50429,1860.436
50430,1843.0325
50431,1821.7095
50432,1870.3628
50433,1824.4009
50434,1880.8804
50435,1878.2732
50436,1827.864
50437,1874.1875
50438,1873.935
50439,1826.8486
50440,1774.395
50441,1830.0841
50442,1815.6965
50443,1873.1086
50444,1848.506
50445,1793.2994
50446,1864.7671
50447,1871.8873
50448,1866.3403
50449,1957.4031
50450,1958.4379
50451,1952.2019
50452,1860.3041
50453,1866.4106
50454,1850.831
50455,1837.795
50456,1775.8458
50457,1769.5973
50458,1714.95
50459,1736.4138
50460,1715.1885
50461,1713.6395
50462,1750.7174
50463,1617.3784
50464,1505.483
50465,1516.3523
50466,1521.4913
50467,1303.2356
50468,1572.5698
50469,1339.0897
50470,1153.4551
50471,1063.7462
50472,1054.9849
50473,1529.3881
50474,1265.4926
50475,1274.3374
50476,1570.4497
50477,1573.4783
50478,1737.5187
50479,1903.1285
50480,1638.6808
50481,1456.922
50482,1705.5128
50483,1288.1917
50484,1276.4249
50485,1364.3071
50486,1356.6378
50487,1264.7413
50488,895.50134
50489,1266.3021
50490,1373.0911
50491,1560.5688
50492,1703.8899
50493,1384.4384
50494,1101.8077
50495,1171.5344
50496,1217.0259
50497,1112.6642
50498,924.15326
50499,1497.4904
50500,1506.3341
50501,1206.342
50502,1360.475
50503,1198.932
50504,1445.9065
50505,1146.6957
50506,988.73486
50507,514.2781
50508,705.45953
50509,838.9759
50510,853.7711
50511,1041.6798
50512,1025.9421
50513,1003.5929
50514,875.6983
50515,1075.298
50516,1130.5048
50517,918.2496
50518,893.2959
50519,691.3175
50520,690.1944
50521,786.9778
50522,640.82806
50523,593.50946
50524,482.09793
50525,573.30536
50526,759.7961
50527,937.68866
50528,1036.1233
50529,906.6955
50530,951.2123
50531,854.9453
50532,778.60547
50533,764.70984
50534,1031.7378
50535,949.7788
50536,914.697
50537,1055.815
50538,1078.8866
50539,1056.4033
50540,1405.8721
50541,1502.6224
50542,1347.0767
50543,1346.9702
50544,1760.2372
50545,1812.1581
50546,1867.6798
50547,1982.1753
50548,1948.9658
50549,1958.8392
50550,1801.5768
50551,1667.6606
50552,1446.49
50553,1524.6162
50554,1714.4772
50555,1446.6902
50556,1566.3865
50557,1483.7494
50558,1490.9276
50559,1502.2571
50560,1805.8977
50561,1709.0234
50562,1657.4685
50563,1391.2612
50564,1741.9633
50565,1623.469
50566,1556.8191
50567,1458.9966
50568,1629.1799
50569,1575.124
50570,1571.4058
50571,1584.7961
50572,1622.7999
50573,13.108213
50574,703.6066
50575,1781.4447
50576,1748.9445
50577,1801.2363
50578,1225.5476
50579,1829.0875
50580,1732.0206
50581,1709.1599
50582,1626.6527
50583,1633.731
50584,1733.0953
50585,1749.5979
50586,1630.6
50587,1754.5615
50588,1798.3604
50589,1783.723
50590,1640.581
50591,1909.5228
50592,1785.6699
50593,1084.7574
50594,1530.5087
50595,1891.6776
50596,1663.7375
50597,1880.06
50598,1712.1798
50599,1759.4889
50600,1745.5476
50601,1674.0388
50602,1497.4182
50603,1688.6545
50604,1279.0526
50605,1653.7448
50606,1552.3207
50607,1794.3842
50608,1913.9487
50609,1520.0872
50610,1461.0077
50611,1451.9714
50612,1371.3448
50613,1590.1954
50614,1748.979
50615,1430.6293
50616,900.156
50617,1101.3528
50618,1370.5726
50619,1192.7223
50620,950.8487
50621,1380.0665
50622,1561.1754
50623,1542.4222
50624,1355.5471
50625,1482.036
50626,1424.2411
50627,1528.3613
50628,1390.5995
50629,1586.7036
50630,1147.649
50631,1179.8462
50632,1561.2803
50633,1369.9615
50634,1353.0618
50635,1412.617
50636,1511.1389
50637,1434.3134
50638,1566.7659
50639,1499.3269
50640,1511.3917
50641,1579.8944
50642,1926.1115
50643,1924.1843
50644,1890.2609
50645,1906.5675
50646,1919.3726
50647,1980.8651
50648,1917.9886
50649,1984.2582
50650,1966.1038
50651,1966.067
50652,1962.919
50653,1887.6151
50654,1957.6901
50655,1964.2158
50656,1944.0521
50657,1945.472
50658,1952.1234
50659,1950.9115
50660,1955.3447
50661,1980.392
50662,1964.2445
50663,1963.3301
50664,1962.7716
50665,1975.4169
50666,1960.0355
50667,1962.3248
50668,1964.6729
50669,1953.109
50670,1889.8082
50671,1868.3784
50672,1747.034
50673,1861.6736
50674,1868.4131
50675,1930.1149
50676,1939.1508
50677,1946.3505
50678,1945.9692
50679,1936.7711
50680,1937.4607
50681,1945.1321
50682,1942.0935
50683,1852.9615
50684,1857.5808
50685,1770.801
50686,1822.347
50687,1915.3223
50688,1915.7684
50689,1920.4684
50690,1919.0481
50691,1916.4689
50692,1929.754
50693,1934.0245
50694,1817.4332
50695,1851.0496
50696,1891.6829
50697,1935.6188
50698,1852.3174
50699,1844.359
50700,1862.4235
50701,1847.5413
50702,1840.496
50703,1827.973
50704,1859.5216
50705,1836.5667
50706,1009.6637
50707,401.04892
50708,1041.2878
50709,1578.8147
50710,1764.1498
50711,1683.691
50712,1639.2357
50713,1839.8534
50714,1391.0841
50715,1436.2843
50716,1470.5583
50717,1173.3468
50718,1258.6365
50719,1502.8446
50720,1468.0737
50721,1358.4841
50722,1323.555
50723,1617.6526
50724,1364.6035
50725,1233.2324
50726,1517.4526
50727,1537.762
50728,1496.9691
50729,1603.4486
50730,1606.1909
50731,1194.1566
50732,1611.1508
50733,1365.0391
50734,1591.0519
50735,1611.8331
50736,1119.976
50737,1706.9786
50738,1471.4891
50739,1363.2291
50740,1040.2767
50741,1371.216
50742,1182.7084
50743,949.85156
50744,1246.5311
50745,1002.3789
50746,1441.648
50747,1278.7825
50748,1380.8694
50749,1044.5076
50750,767.6831
50751,874.5601
50752,992.55554
50753,973.3789
50754,1336.2788
50755,1137.4943
50756,889.84
50757,1128.7423
50758,907.74615
50759,1007.22833
50760,1318.3687
50761,1265.3123
50762,1126.9757
50763,1056.5662
50764,12.761978
50765,348.55038
50766,933.8859
50767,830.66376
50768,624.9591
50769,660.1945
50770,479.2035
50771,788.6086
50772,480.68802
50773,475.80023
50774,370.83112
50775,372.614
50776,3.3274248
50777,408.5711
50778,537.88934
50779,498.7571
50780,375.01666
50781,377.36
50782,570.73975
50783,555.7151
50784,619.57355
50785,665.65436
50786,507.67136
50787,680.8603
50788,589.8255
50789,554.0775
50790,455.61255
50791,592.5218
50792,589.49036
50793,747.5257
50794,466.9247
50795,731.22473
50796,734.71356
50797,672.5003
50798,624.1248
50799,681.64026
50800,523.30707
50801,444.3609
50802,362.27948
50803,461.95618
50804,424.62198
50805,433.59357
50806,393.1199
50807,418.0627
50808,586.8749
50809,528.70776
50810,692.39355
50811,596.9246
50812,302.9932
50813,339.18967
50814,374.19516
50815,524.9468
50816,524.83124
50817,469.2567
50818,981.62994
50819,1041.7736
50820,1066.2045
50821,708.67804
50822,1076.4662
50823,948.0012
50824,1346.0828
50825,1391.2604
50826,1471.5449
50827,1123.5215
50828,1290.265
50829,1030.0952
50830,1258.651
50831,1184.0892
50832,1334.767
50833,1189.359
50834,1576.1073
50835,929.84076
50836,938.43146
50837,1062.6742
50838,1001.955
50839,1047.3501
50840,948.459
50841,1102.1014
50842,1087.8695
50843,1175.2184
50844,1217.4182
50845,994.029
50846,916.04083
50847,840.5912
50848,845.8113
50849,702.0426
50850,879.1839
50851,850.1418
50852,936.8813
50853,765.7916
50854,1045.6208
50855,993.87225
50856,1334.473
50857,1478.05
50858,1233.0553
50859,1295.2134
50860,1418.7628
50861,1642.0215
50862,1801.5757
50863,1833.8354
50864,1880.797
50865,1914.8187
50866,1972.735
50867,1937.6583
50868,1977.0437
50869,1970.3341
50870,1975.585
50871,1980.9822
50872,1961.0596
50873,1964.6847
50874,1960.564
50875,1960.0842
50876,1957.669
50877,1950.6558
50878,1960.4209
50879,1953.9028
50880,1945.5939
50881,1953.9028
50882,1937.9119
50883,1942.0077
50884,1936.6259
50885,1931.3102
50886,1928.9447
50887,1940.4993
50888,1942.8375
50889,1942.8375
50890,1947.8059
50891,1927.7522
50892,1931.125
50893,1824.3531
50894,1824.4651
50895,497.24625
50896,14.52909
50897,11.657204
50898,610.07336
50899,1915.8738
50900,1911.6036
50901,1929.1587
50902,1900.2981
50903,1899.0059
50904,1898.3645
50905,1894.0029
50906,1813.5958
50907,1828.5986
50908,1913.1865
50909,1907.5295
50910,1134.8301
50911,8.964222
50912,-3.2014241
50913,989.66095
50914,1920.1864
50915,1914.8075
50916,1863.7769
50917,1920.263
50918,1842.04
50919,1915.1465
50920,1853.3884
50921,1889.7764
50922,1928.6095
50923,1837.3278
50924,1915.8765
50925,1916.6506
50926,1923.2188
50927,1829.3591
50928,1792.9928
50929,1748.4359
50930,1896.7922
50931,1916.1764
50932,1926.9202
50933,1776.2637
50934,1964.541
50935,1961.277
50936,1960.3754
50937,1883.8516
50938,1953.3602
50939,1887.7849
50940,1786.9061
50941,1605.6952
50942,1575.3439
50943,1758.2457
50944,1697.8419
50945,1826.0731
50946,1303.4298
50947,1089.3309
50948,859.11993
50949,1102.2902
50950,1444.0558
50951,1106.6838
50952,1306.5472
50953,977.48553
50954,955.9926
50955,954.35175
50956,920.59766
50957,1073.6029
50958,1183.2834
50959,1160.2181
50960,1251.9691
50961,1104.8978
50962,1218.6273
50963,1374.437
50964,1334.4358
50965,1158.9884
50966,864.425
50967,905.4339
50968,1016.48126
50969,1336.7513
50970,1433.5006
50971,1461.099
50972,1581.8246
50973,1717.5308
50974,1810.3081
50975,1659.6987
50976,1761.8237
50977,1218.4487
50978,1174.7948
50979,1302.8845
50980,1491.255
50981,1533.5093
50982,1547.4734
50983,1680.0463
50984,1723.9885
50985,1559.2245
50986,1122.2489
50987,1000.7532
50988,960.5754
50989,1109.8551
50990,1477.0096
50991,1388.4429
50992,1367.5554
50993,978.49225
50994,1218.0813
50995,1332.7303
50996,1580.202
50997,1662.2125
50998,1618.1628
50999,1761.4622
51000,1715.9988
51001,1846.2454
51002,1569.2021
51003,1314.5529
51004,1176.0399
51005,1080.772
51006,881.08484
51007,680.8269
51008,700.51404
51009,510.65585
51010,575.03436
51011,612.5808
51012,760.2072
51013,758.5507
51014,719.5808
51015,488.69693
51016,608.9321
51017,538.3736
51018,360.97986
51019,324.63962
51020,239.6546
51021,239.43913
51022,263.27484
51023,212.39462
51024,282.49963
51025,286.56046
51026,452.45892
51027,560.5032
51028,658.274
51029,635.1589
51030,615.59686
51031,562.4679
51032,493.80356
51033,615.2429
51034,571.7147
51035,988.3947
51036,890.71857
51037,522.995
51038,690.2445
51039,527.06683
51040,403.69528
51041,467.40347
51042,450.36676
51043,63.053867
51044,404.69223
51045,362.48907
51046,429.33752
51047,378.31055
51048,448.0238
51049,653.76495
51050,581.8475
51051,508.33032
51052,515.23267
51053,583.7907
51054,774.58
51055,1157.255
51056,1264.4142
51057,1464.6505
51058,1452.8251
51059,1516.2943
51060,1847.1224
51061,1874.5852
51062,1827.4863
51063,1865.8538
51064,1874.4989
51065,1712.1608
51066,1631.5012
51067,1705.959
51068,1597.3313
51069,1843.2294
51070,1760.8049
51071,1866.5443
51072,1803.5532
51073,1856.2445
51074,1865.8549
51075,1775.4995
51076,1865.5597
51077,1859.49
51078,1857.0985
51079,1784.3767
51080,1752.4626
51081,1855.3632
51082,1765.9685
51083,1727.0616
51084,1855.6782
51085,1847.3043
51086,1871.5591
51087,1826.2745
51088,1945.248
51089,1944.4193
51090,1904.836
51091,1938.7611
51092,1938.2032
51093,1941.8927
51094,1915.9932
51095,1870.7766
51096,1858.4377
51097,1925.4056
51098,1862.0327
51099,1875.6104
51100,1868.0602
51101,1871.4918
51102,1860.2487
51103,1814.8499
51104,1867.27
51105,1878.1809
51106,1899.4724
51107,1911.5454
51108,1853.8544
51109,1889.6272
51110,1924.9349
51111,1851.2925
51112,1864.0844
51113,1926.6198
51114,1874.3516
51115,1870.1029
51116,1812.3837
51117,1900.7852
51118,1863.815
51119,1743.86
51120,1592.0049
51121,1437.2465
51122,1444.2212
51123,1349.8143
51124,1543.7068
51125,1515.3978
51126,1303.5679
51127,1535.6173
51128,1610.7087
51129,1538.1948
51130,1579.3473
51131,1266.8375
51132,1585.0094
51133,1509.3942
51134,1512.7627
51135,1371.9174
51136,1524.5531
51137,1564.3094
51138,1550.4961
51139,1488.3215
51140,1261.0966
51141,1571.8035
51142,1438.0132
51143,1260.1482
51144,1360.2852
51145,1430.426
51146,1333.4062
51147,1536.669
51148,1655.5331
51149,1333.4587
51150,1009.1846
51151,1171.8132
51152,1357.6368
51153,1426.0706
51154,1507.0508
51155,1278.3961
51156,1239.1216
51157,1404.5657
51158,1337.8293
51159,1283.353
51160,1141.6633
51161,1138.5491
51162,1198.1754
51163,1158.3848
51164,1201.6511
51165,1308.1925
51166,1471.9497
51167,1279.2216
51168,1136.6105
51169,854.4381
51170,779.1296
51171,803.763
51172,901.4343
51173,709.57556
51174,905.7159
51175,925.4053
51176,1085.7621
51177,1081.2875
51178,1210.1002
51179,1197.833
51180,1095.2806
51181,1182.4948
51182,1569.4064
51183,1281.7661
51184,1355.58
51185,1209.933
51186,1265.6165
51187,1301.1571
51188,1130.915
51189,1081.5459
51190,1091.0898
51191,1296.7738
51192,725.20856
51193,635.64996
51194,479.9553
51195,512.14026
51196,472.2827
51197,550.09174
51198,660.8138
51199,688.2728
51200,600.16406
51201,602.26855
51202,602.8278
51203,461.36264
51204,486.0907
51205,533.8674
51206,497.70496
51207,571.8917
51208,587.4277
51209,851.45886
51210,726.1506
51211,280.40274
51212,148.0172
51213,134.78822
51214,109.68818
51215,337.4016
51216,435.10254
51217,288.93506
51218,281.66693
51219,298.40057
51220,566.9122
51221,677.5747
51222,631.2961
51223,791.82623
51224,996.41785
51225,975.7222
51226,768.0968
51227,703.83203
51228,556.7235
51229,433.64923
51230,445.4054
51231,372.02637
51232,623.75116
51233,496.41687
51234,461.0761
51235,593.6016
51236,519.60583
51237,555.9121
51238,452.8508
51239,468.21185
51240,544.62103
51241,689.74585
51242,695.14453
51243,740.22375
51244,648.99036
51245,533.1278
51246,406.2657
51247,366.41016
51248,327.6189
51249,340.69092
51250,389.00842
51251,413.9233
51252,418.01068
51253,382.4903
51254,584.9684
51255,526.7377
51256,453.7046
51257,475.62323
51258,424.52518
51259,394.6508
51260,371.21725
51261,362.43842
51262,267.75565
51263,300.12033
51264,448.26993
51265,413.6923
51266,423.71774
51267,351.53888
51268,298.4452
51269,475.05588
51270,419.88364
51271,450.48428
51272,387.69644
51273,395.9732
51274,473.38495
51275,561.8969
51276,328.97955
51277,307.35242
51278,320.85034
51279,480.7339
51280,287.9715
51281,319.25864
51282,292.72205
51283,341.97693
51284,331.59644
51285,140.87247
51286,113.21745
51287,81.03879
51288,63.620804
51289,95.098045
51290,92.889244
51291,62.19461
51292,101.17267
51293,95.08685
51294,72.73722
51295,76.71229
51296,50.63264
51297,94.07418
51298,84.024635
51299,134.8045
51300,113.13575
51301,115.64188
51302,102.010666
51303,36.848953
51304,50.01628
51305,80.149796
51306,138.0992
51307,205.0947
51308,131.12315
51309,100.67137
51310,57.97657
51311,43.60748
51312,57.692284
51313,36.644474
51314,71.090675
51315,44.62264
51316,40.22049
51317,28.040394
51318,7.9130187
51319,2.9564214
51320,19.985527
51321,28.224718
51322,31.405294
51323,-0.04576251
51324,0.736963
51325,21.434454
51326,15.002393
51327,11.934978
51328,6.8874984
51329,1.9949127
51330,-3.0462303
51331,-1.9262373
51332,-1.6021632
51333,-1.8103564
51334,-1.7271224
51335,-1.8462049
51336,-1.5595949
51337,-1.6884992
51338,-1.9921218
51339,-1.5465935
51340,-1.2306856
51341,-0.8664606
51342,-0.807493
51343,-0.72873414
51344,-0.7629438
51345,-0.7799763
51346,-0.9719893
51347,-0.95489466
51348,-0.9440758
51349,-0.8256568
51350,-0.90454024
51351,-0.4364728
51352,-0.3785636
51353,-0.45514098
51354,-0.45468232
51355,-0.5357618
51356,-0.5479288
51357,-0.6557592
51358,-0.5574567
51359,-0.5574567
51360,-0.55585986
51361,-0.56517524
51362,-0.55585986
51363,-0.9429294
51364,-0.9429294
51365,-0.8286517
51366,-0.8198138
51367,-0.8198138
51368,-0.7655669
51369,-0.7655669
51370,-0.5372757
51371,-0.89763767
51372,-1.452995
51373,0.76112574
51374,0.8480389
51375,0.51215553
51376,-1.717114
51377,50.01407
51378,117.23403
51379,98.04289
51380,108.082886
51381,96.33764
51382,97.360085
51383,90.18085
51384,99.729866
51385,57.57831
51386,73.864075
51387,113.68454
51388,174.542
51389,122.61521
51390,82.090996
51391,190.86383
51392,215.46121
51393,330.6406
51394,340.18726
51395,442.2597
51396,273.71002
51397,142.63788
51398,396.13046
51399,347.67984
51400,192.41614
51401,261.71133
51402,327.74557
51403,189.33759
51404,142.06488
51405,139.84065
51406,155.20302
51407,178.64262
51408,123.83756
51409,80.19658
51410,117.34559
51411,182.70917
51412,251.74939
51413,230.98256
51414,190.46652
51415,138.63213
51416,167.05263
51417,190.37625
51418,160.02545
51419,149.65862
51420,100.136154
51421,113.35681
51422,96.94904
51423,106.752335
51424,156.36943
51425,156.88629
51426,110.450935
51427,91.779816
51428,164.55162
51429,125.95044
51430,129.36423
51431,104.73379
51432,172.03806
51433,191.09904
51434,182.4461
51435,164.10948
51436,190.28683
51437,181.76523
51438,169.65459
51439,207.93713
51440,190.81567
51441,253.12857
51442,170.16565
51443,110.97089
51444,135.56303
51445,105.9508
51446,121.73714
51447,208.06165
51448,268.2835
51449,291.56583
51450,201.98509
51451,258.608
51452,345.91296
51453,285.49808
51454,312.02618
51455,420.1464
51456,342.7826
51457,390.28098
51458,536.9523
51459,387.23795
51460,332.0691
51461,412.27908
51462,492.87885
51463,413.08572
51464,598.7524
51465,588.0275
51466,758.2585
51467,634.82574
51468,711.0966
51469,698.2109
51470,709.80585
51471,601.1228
51472,541.34393
51473,719.8964
51474,915.60333
51475,814.98425
51476,677.97864
51477,736.18524
51478,846.31683
51479,670.1998
51480,909.2794
51481,988.76
51482,1049.6755
51483,1094.8612
51484,949.4237
51485,1266.9341
51486,869.59906
51487,897.884
51488,1221.5508
51489,987.328
51490,1182.2894
51491,966.98694
51492,1195.0259
51493,958.20514
51494,1037.3282
51495,910.90015
51496,958.7746
51497,846.0851
51498,761.4601
51499,993.9899
51500,955.5467
51501,769.03406
51502,1148.8489
51503,967.9016
51504,765.9902
51505,1266.2106
51506,1425.2474
51507,1243.8052
51508,1354.9863
51509,1312.4993
51510,1757.286
51511,1846.338
51512,1357.3381
51513,872.23706
51514,785.5093
51515,673.4805
51516,753.00244
51517,853.1664
51518,831.02795
51519,893.076
51520,1328.796
51521,1344.1754
51522,1467.8251
51523,1152.0686
51524,1022.6713
51525,1334.6809
51526,1481.2211
51527,1426.3726
51528,1572.5837
51529,1772.549
51530,1614.7302
51531,1629.7903
51532,1733.7269
51533,1806.7427
51534,1476.6201
51535,1501.6119
51536,1590.1918
51537,1779.3417
51538,1688.2852
51539,1696.3287
51540,1653.9576
51541,1794.9856
51542,1779.6305
51543,1787.0562
51544,1887.8748
51545,1884.3835
51546,1784.988
51547,1772.6626
51548,1785.972
51549,1749.9368
51550,1804.8582
51551,1810.1587
51552,1448.3467
51553,1776.4707
51554,1508.1008
51555,1625.6069
51556,1655.928
51557,1250.7495
51558,1478.7396
51559,1631.0643
51560,1376.4441
51561,1113.0032
51562,1176.8226
51563,1065.7094
51564,1050.197
51565,1295.9938
51566,1310.6278
51567,988.2878
51568,1134.3615
51569,956.4736
51570,1237.0142
51571,954.3342
51572,919.59515
51573,1102.6747
51574,796.3392
51575,569.5224
51576,735.79144
51577,1223.5764
51578,1160.9402
51579,1009.96533
51580,900.47705
51581,843.40656
51582,934.26624
51583,956.8475
51584,1029.791
51585,996.1047
51586,1230.1301
51587,1322.1252
51588,1168.2034
51589,1186.0112
51590,1120.8668
51591,1530.995
51592,1417.7179
51593,1417.8383
51594,1328.4083
51595,974.4958
51596,978.4064
51597,1046.123
51598,1174.0334
51599,717.4483
51600,727.76074
51601,585.65234
51602,516.1512
51603,639.1498
51604,1279.4536
51605,1174.874
51606,1032.7949
51607,1160.0052
51608,1049.3845
51609,807.4328
51610,925.3948
51611,662.80054
51612,543.43677
51613,504.07556
51614,750.9187
51615,637.6178
51616,555.524
51617,518.15686
51618,472.95703
51619,494.0526
51620,438.69357
51621,473.2627
51622,473.46613
51623,388.9383
51624,475.8646
51625,947.76355
51626,978.2857
51627,881.04254
51628,887.60815
51629,827.97815
51630,710.9697
51631,759.9821
51632,882.92944
51633,975.9919
51634,1030.8541
51635,993.17773
51636,916.241
51637,772.87695
51638,892.2924
51639,1090.5322
51640,981.9449
51641,808.94293
51642,704.69135
51643,561.10266
51644,516.4766
51645,705.804
51646,827.24225
51647,946.2259
51648,987.0743
51649,919.8883
51650,891.0545
51651,916.6094
51652,598.4503
51653,685.318
51654,469.744
51655,453.12302
51656,607.9928
51657,716.9257
51658,639.31586
51659,999.0403
51660,1084.3082
51661,1021.24695
51662,510.48938
51663,496.79343
51664,918.88354
51665,704.18097
51666,660.1076
51667,612.6046
51668,364.55246
51669,300.817
51670,401.23807
51671,487.8782
51672,394.8629
51673,343.06506
51674,591.8441
51675,467.30356
51676,560.1792
51677,667.2213
51678,222.38455
51679,212.32759
51680,369.4384
51681,640.54083
51682,1108.092
51683,1332.7786
51684,1203.3322
51685,1228.3412
51686,1042.3402
51687,785.7887
51688,1113.9099
51689,802.65247
51690,784.16986
51691,660.28674
51692,776.6843
51693,710.58734
51694,712.3727
51695,1134.8926
51696,920.82416
51697,680.2783
51698,757.6851
51699,733.2032
51700,717.2505
51701,611.09174
51702,538.2047
51703,703.5854
51704,705.7103
51705,479.50043
51706,251.3532
51707,367.14542
51708,604.6309
51709,550.7041
51710,741.09235
51711,851.39856
51712,635.9919
51713,540.0242
51714,394.04102
51715,342.9068
51716,407.0401
51717,526.4033
51718,810.28723
51719,764.79315
51720,741.71234
51721,1062.2745
51722,1048.2162
51723,810.005
51724,842.299
51725,808.8514
51726,700.6239
51727,520.33795
51728,346.1914
51729,395.85748
51730,342.57788
51731,240.02509
51732,226.84636
51733,232.13638
51734,166.42131
51735,242.7774
51736,230.80121
51737,231.81902
51738,271.33545
51739,231.35796
51740,167.79662
51741,126.43859
51742,39.019615
51743,40.529823
51744,19.592714
51745,20.72183
51746,35.756573
51747,49.517437
51748,124.61962
51749,78.91488
51750,3.4873223
51751,-1.3090434
51752,30.599966
51753,1.0773821
51754,-0.17840216
51755,-0.35953093
51756,-0.16279104
51757,-0.37477177
51758,10.69465
51759,-0.61596525
51760,-0.54849917
51761,84.819565
51762,141.81071
51763,9.72923
51764,-0.4590188
51765,-0.5360865
51766,-0.500851
51767,-0.54641986
51768,-0.3199722
51769,59.577766
51770,110.237976
51771,141.9298
51772,64.73286
51773,23.04624
51774,3.4881327
51775,14.226559
51776,0.48525882
51777,0.06336565
51778,0.027627446
51779,-0.82367826
51780,-1.316704
51781,-0.6385545
51782,-0.53803015
51783,0.061573356
51784,-0.24269408
51785,-1.3218309
51786,-1.4743562
51787,-1.0726109
51788,0.34003434
51789,-2.0253217
51790,0.4581215
51791,-1.9664123
51792,-0.61640346
51793,-0.5364119
51794,0.19168563
51795,-0.5374567
51796,-1.0678358
51797,-0.4799733
51798,9.021279
51799,-0.863177
51800,0.28679535
51801,-0.8516747
51802,90.91212
51803,116.99026
51804,26.790365
51805,71.96011
51806,167.13005
51807,197.28714
51808,141.62991
51809,130.30173
51810,187.03749
51811,210.82619
51812,251.45229
51813,399.88107
51814,676.88934
51815,669.00085
51816,741.31305
51817,663.6111
51818,880.92914
51819,811.0051
51820,816.02576
51821,1092.9824
51822,754.4967
51823,656.7165
51824,632.56256
51825,883.6435
51826,768.6749
51827,687.98047
51828,632.7492
51829,593.9068
51830,390.63702
51831,605.11505
51832,511.21902
51833,729.8856
51834,446.7442
51835,366.63736
51836,484.62225
51837,418.56964
51838,368.9547
51839,269.70908
51840,241.19609
51841,327.4844
51842,380.6849
51843,335.40872
51844,443.7877
51845,373.755
51846,336.06586
51847,561.73035
51848,526.70135
51849,347.70123
51850,408.73782
51851,392.47488
51852,291.86084
51853,268.9126
51854,157.54308
51855,169.05782
51856,207.66823
51857,128.63399
51858,174.09872
51859,204.40999
51860,293.7456
51861,342.80026
51862,345.9448
51863,385.31317
51864,377.41492
51865,384.18988
51866,350.84024
51867,357.91193
51868,359.49686
51869,343.12793
51870,340.8052
51871,489.02023
51872,559.8323
51873,407.71677
51874,398.7236
51875,238.34442
51876,369.9329
51877,597.85876
51878,410.7192
51879,230.718
51880,250.72551
51881,224.7374
51882,293.93597
51883,370.7774
51884,253.16367
51885,287.30637
51886,282.59644
51887,251.30937
51888,198.70323
51889,205.00027
51890,222.02525
51891,272.31693
51892,284.9469
51893,235.09988
51894,273.31305
51895,340.7298
51896,338.0322
51897,276.78378
51898,437.66235
51899,366.46967
51900,188.09784
51901,207.30127
51902,292.85336
51903,328.65436
51904,280.19305
51905,222.20331
51906,193.44661
51907,214.91055
51908,198.716
51909,243.0723
51910,218.80997
51911,202.04828
51912,182.76051
51913,192.05588
51914,225.66707
51915,226.58409
51916,267.50317
51917,171.83965
51918,132.74254
51919,140.3
51920,196.71254
51921,204.00693
51922,153.83528
51923,188.73528
51924,171.87007
51925,135.19043
51926,77.010345
51927,113.05347
51928,276.11627
51929,258.85132
51930,288.17526
51931,266.10748
51932,211.93274
51933,266.44223
51934,235.90263
51935,324.5922
51936,337.87173
51937,379.06848
51938,392.6609
51939,300.5506
51940,197.15427
51941,141.85796
51942,110.03654
51943,136.56937
51944,194.15948
51945,129.56053
51946,182.49252
51947,155.42365
51948,214.624
51949,171.76492
51950,302.5654
51951,262.45657
51952,351.83594
51953,357.61905
51954,283.9066
51955,255.49632
51956,498.1472
51957,399.1161
51958,282.57712
51959,286.3172
51960,241.90117
51961,154.04613
51962,135.03783
51963,140.51845
51964,127.92161
51965,109.29469
51966,89.64588
51967,58.8122
51968,47.500355
51969,36.763985
51970,64.29812
51971,42.30492
51972,72.48159
51973,65.35322
51974,87.27454
51975,81.160225
51976,92.60976
51977,64.53324
51978,103.03806
51979,160.76494
51980,157.3878
51981,198.75446
51982,218.58235
51983,351.54297
51984,311.855
51985,275.1006
51986,238.0414
51987,211.57921
51988,157.54144
51989,113.95652
51990,143.35992
51991,232.51385
51992,387.62506
51993,511.55316
51994,484.16202
51995,358.94415
51996,192.49406
51997,192.44945
51998,187.57582
51999,173.79442
52000,165.61052
52001,145.52144
52002,161.03537
52003,134.33804
52004,152.39647
52005,191.47629
52006,128.15027
52007,137.2615
52008,185.84508
52009,182.83502
52010,206.2879
52011,132.31694
52012,66.5286
52013,-0.7746355
52014,-0.7973005
52015,-0.7973005
52016,-0.7746355
52017,-0.7746355
52018,-0.77789676
52019,-0.77789676
52020,-0.77789676
52021,-0.8101956
52022,-0.80899227
52023,-0.7802412
52024,-0.83612776
52025,-0.83612776
52026,-0.83612776
52027,-0.86037374
52028,-1.0618739
52029,-0.9405585
52030,-0.9405585
52031,-0.9405585
52032,-1.0170819
52033,-1.1613325
52034,-0.94880366
52035,-0.97000724
52036,-0.96686494
52037,-1.0878234
52038,-1.1491948
52039,-1.929281
52040,20.723194
52041,73.42002
52042,58.1195
52043,76.077545
52044,95.12628
52045,32.476456
52046,-2.2505386
52047,-0.85121495
52048,-0.85121495
52049,-0.85121495
52050,-0.8065248
52051,-0.8065248
52052,-0.76785535
52053,-0.7636675
52054,-0.8082784
52055,-0.97179216
52056,-0.7733588
52057,-0.7969903
52058,-0.9452818
52059,-0.9479129
52060,-0.89062214
52061,-0.8958258
52062,-0.8958258
52063,-0.8958258
52064,-0.92993504
52065,-0.92452663
52066,-0.9481873
52067,-1.2137988
52068,71.79831
52069,83.19803
52070,99.831024
52071,145.32321
52072,119.38639
52073,128.81253
52074,118.908134
52075,38.707256
52076,-3.8501008
52077,-0.95291066
52078,-0.47267708
52079,-0.28554904
52080,-0.26824707
52081,-0.3233945
52082,-0.42569
52083,-0.49647903
52084,-0.65001994
52085,-0.771263
52086,-0.6156561
52087,-0.7501106
52088,-0.6816329
52089,-0.77341217
52090,-0.65213877
52091,-0.7481056
52092,-0.81338805
52093,-0.85142154
52094,-0.6011087
52095,-0.74207985
52096,-0.4070375
52097,-0.7033047
52098,-1.231355
52099,-0.89817166
52100,-0.841283
52101,-0.84600186
52102,-0.9215151
52103,-0.6346431
52104,-0.82464015
52105,-0.80270326
52106,-0.75369865
52107,33.392292
52108,49.018284
52109,32.991737
52110,77.90758
52111,50.669273
52112,30.3639
52113,21.378075
52114,21.63931
52115,-0.46785468
52116,-0.93150693
52117,-0.7924612
52118,-0.7797206
52119,-0.7820007
52120,-0.7924612
52121,-0.7694751
52122,-0.8130781
52123,-0.7325793
52124,-0.58134526
52125,-0.6776757
52126,-0.6460407
52127,-0.6988282
52128,-0.7773192
52129,-0.75971687
52130,-0.75971687
52131,-0.89215
52132,-0.8154034
52133,-0.76261586
52134,-0.8788169
52135,-0.58522516
52136,-0.76261586
52137,-0.7571419
52138,-0.8265944
52139,-0.8903902
52140,-0.8798594
52141,-0.8736919
52142,-0.86487204
52143,10.852864
52144,36.10821
52145,7.897636
52146,3.457169
52147,43.137897
52148,21.353903
52149,70.94084
52150,90.4793
52151,59.668343
52152,38.47663
52153,10.310672
52154,39.343758
52155,52.363655
52156,52.300632
52157,74.608215
52158,34.37417
52159,13.416565
52160,14.835082
52161,-1.992699
52162,-0.5184555
52163,-0.5184555
52164,-0.51898956
52165,-0.26454923
52166,-0.31231555
52167,-0.27340722
52168,-0.32117355
52169,-0.3288921
52170,-1.1104743
52171,-0.7868835
52172,-0.9197871
52173,-0.9336864
52174,-0.90620035
52175,-0.8520623
52176,-0.9375283
52177,-0.9335814
52178,-1.2914635
52179,-0.7023634
52180,-0.71282387
52181,-0.73397636
52182,-1.2149252
52183,-0.7208004
52184,-0.81439203
52185,-0.9560222
52186,86.307236
52187,72.656944
52188,72.94988
52189,64.99425
52190,69.10269
52191,99.47638
52192,88.30626
52193,64.66377
52194,66.85673
52195,93.36506
52196,100.71842
52197,138.18967
52198,184.93422
52199,238.90791
52200,193.00394
52201,194.68755
52202,218.47762
52203,228.84488
52204,201.39401
52205,153.1927
52206,136.87813
52207,117.08481
52208,86.161736
52209,53.717987
52210,61.884346
52211,46.88121
52212,64.2871
52213,48.144054
52214,47.047127
52215,61.80075
52216,49.836884
52217,47.588604
52218,84.37284
52219,72.65101
52220,104.22954
52221,128.7239
52222,105.07762
52223,53.52826
52224,4.574675
52225,-0.16023219
52226,-0.4592082
52227,-0.28976247
