id,active_power
0,4.808716
1,5.765403
2,9.480305
3,11.157543
4,6.015998
5,17.668861
6,14.006238
7,11.357871
8,11.10858
9,11.463545
10,11.485616
11,16.653772
12,1.408208
13,1.5095946
14,1.408208
15,1.408208
16,1.408208
17,1.408208
18,1.408208
19,1.408208
20,1.5925018
21,1.5925018
22,1.5925018
23,1.5367281
24,1.9682531
25,21.747574
26,25.977242
27,41.33808
28,53.57421
29,71.19399
30,52.540665
31,25.78599
32,16.282892
33,5.8580217
34,6.1501923
35,8.180058
36,9.803943
37,2.7947478
38,2.0459828
39,1.8217927
40,1.8420556
41,2.2218401
42,2.281591
43,1.8574126
44,1.8574126
45,1.9855497
46,1.7365102
47,1.8566189
48,2.609893
49,2.2454648
50,1.203631
51,1.0995494
52,1.2240461
53,1.2240461
54,1.2240461
55,1.3281277
56,1.7209761
57,1.268377
58,1.4390552
59,1.190813
60,1.498806
61,1.4657857
62,1.0338657
63,1.0338657
64,1.2380563
65,1.5458364
66,1.9949126
67,1.9949126
68,2.2116969
69,2.2116969
70,2.146951
71,2.146951
72,1.7166834
73,1.7166834
74,1.7166834
75,1.7166834
76,2.328256
77,3.0365334
78,2.328256
79,2.328256
80,2.5701299
81,2.5645306
82,2.6879423
83,1.998853
84,2.151452
85,1.6693878
86,1.6693878
87,2.3776653
88,2.3776653
89,2.2421749
90,2.806694
91,2.3232975
92,2.14938
93,1.1296185
94,1.025537
95,1.0852878
96,3.4688904
97,1.136546
98,1.136546
99,16.233986
100,34.578976
101,12.935479
102,11.59028
103,12.08721
104,5.534826
105,1.7246115
106,1.5293943
107,1.8878621
108,1.7893574
109,1.2830076
110,0.975725
111,1.1600189
112,1.136546
113,6.3285856
114,24.15563
115,24.804243
116,26.612192
117,41.14761
118,37.161434
119,23.297634
120,37.276375
121,62.526096
122,42.274662
123,27.61733
124,63.007847
125,134.88898
126,171.33876
127,135.103
128,110.16725
129,92.32601
130,48.67077
131,33.91008
132,69.235176
133,20.80592
134,17.884445
135,30.17933
136,23.6266
137,26.398497
138,58.80531
139,24.52032
140,3.3225744
141,3.3225744
142,3.376701
143,3.376701
144,3.376701
145,3.5609949
146,3.5609949
147,4.0180182
148,3.3480928
149,3.620773
150,3.990516
151,3.990516
152,3.990516
153,3.990516
154,4.3907895
155,4.0471263
156,4.400191
157,4.3907895
158,4.3907895
159,4.3907895
160,4.0471263
161,5.7653522
162,6.509495
163,15.885866
164,40.801697
165,32.453926
166,54.219833
167,28.626366
168,41.973213
169,48.489372
170,62.041122
171,79.471146
172,78.48084
173,76.06603
174,73.22591
175,81.37914
176,71.35515
177,81.525894
178,92.47992
179,69.98782
180,110.46975
181,59.78379
182,71.580345
183,96.37781
184,40.25144
185,90.84452
186,127.93248
187,127.84938
188,126.2407
189,219.6212
190,126.36345
191,106.369286
192,80.48562
193,117.46055
194,352.43817
195,239.6286
196,170.99123
197,128.69736
198,99.561134
199,116.6649
200,88.39972
201,113.87652
202,79.30589
203,119.40897
204,119.43941
205,115.547806
206,114.963936
207,123.96845
208,126.597336
209,239.60063
210,320.7447
211,291.255
212,377.71317
213,290.71127
214,308.90497
215,232.31775
216,204.95248
217,145.93976
218,156.77252
219,174.63179
220,181.76523
221,230.07953
222,203.55606
223,203.22688
224,131.66531
225,181.64201
226,118.43953
227,180.49852
228,126.91514
229,151.43353
230,115.52615
231,139.71364
232,143.29837
233,123.77033
234,168.13797
235,130.74567
236,82.88586
237,135.0155
238,94.173454
239,38.108753
240,44.017075
241,46.437244
242,34.0446
243,40.715897
244,62.918777
245,45.031178
246,43.88123
247,83.31217
248,28.576708
249,2.8005247
250,3.464268
251,2.1040885
252,2.1040885
253,2.326672
254,2.6463861
255,2.0897043
256,3.438747
257,3.6230407
258,3.9477022
259,4.23281
260,3.6905127
261,4.23281
262,2.4065423
263,2.4016976
264,2.083973
265,1.9116131
266,1.9116131
267,2.0156949
268,2.0156949
269,1.9116131
270,1.9116131
271,1.9116131
272,1.9116131
273,1.9116131
274,2.0156949
275,2.0156949
276,2.0156949
277,2.0156949
278,2.2283802
279,2.0156949
280,2.0156949
281,1.9116131
282,2.1283977
283,2.2324789
284,2.3007565
285,2.1283977
286,2.9247346
287,2.820653
288,2.820653
289,2.6347005
290,2.820653
291,2.3864582
292,2.0662096
293,1.9979316
294,1.89385
295,1.89385
296,1.89385
297,1.89385
298,3.5407772
299,3.5407772
300,3.6448588
301,3.6448588
302,3.8674417
303,3.6448588
304,3.6448588
305,4.1871557
306,3.4927518
307,3.5407772
308,3.5407772
309,3.5407772
310,2.2492983
311,1.9000255
312,1.6890283
313,1.6890283
314,1.6890283
315,1.6890283
316,1.9000255
317,1.9000255
318,1.9058125
319,1.6890283
320,1.6890283
321,1.6890283
322,1.3226304
323,1.3226304
324,1.3226304
325,1.3226304
326,1.3226304
327,1.3226304
328,1.3226304
329,1.3226304
330,1.3226304
331,1.3226304
332,1.3226304
333,1.3226304
334,1.3226304
335,1.3226304
336,1.3226304
337,1.3226304
338,1.3226304
339,3.282179
340,4.546477
341,1.3226304
342,1.3226304
343,1.3226304
344,1.3226304
345,1.3226304
346,1.3226304
347,1.3226304
348,1.3226304
349,1.3226304
350,1.3226304
351,1.3226304
352,1.3696609
353,1.3696609
354,1.3696609
355,1.3696609
356,1.3696609
357,1.3696609
358,1.0901769
359,1.0901769
360,1.2447193
361,1.0901769
362,1.0901769
363,1.0901769
364,1.3612782
365,1.2067358
366,1.3612782
367,1.3612782
368,1.3612782
369,1.3612782
370,1.3612782
371,1.3612782
372,1.3612782
373,1.5780625
374,1.5780625
375,1.5780625
376,1.6571327
377,1.6571327
378,1.6571327
379,1.6571327
380,1.6571327
381,1.6571327
382,2.9349713
383,2.9349713
384,2.9349713
385,2.9349713
386,2.9349713
387,2.9349713
388,1.6571327
389,1.6571327
390,1.6571327
391,1.6571327
392,1.6571327
393,1.6571327
394,2.105205
395,2.105205
396,2.105205
397,2.105205
398,2.105205
399,1.781214
400,2.0261347
401,1.7021435
402,1.7021435
403,1.7021435
404,1.7021435
405,2.0261347
406,1.7987894
407,1.7987894
408,1.7987894
409,1.7987894
410,1.7987894
411,1.7987894
412,1.5558845
413,1.7987894
414,1.7987894
415,1.7987894
416,1.7987894
417,1.7987894
418,1.7754238
419,1.7754238
420,1.7754238
421,1.7754238
422,1.7754238
423,1.7754238
424,1.7754238
425,1.6208814
426,1.6208814
427,1.7754238
428,1.7754238
429,1.7754238
430,1.8735821
431,1.6306773
432,1.6306773
433,1.6306773
434,1.8735821
435,1.6306773
436,1.9908992
437,2.2358665
438,2.193455
439,1.8205287
440,1.975071
441,1.8205287
442,1.9874871
443,1.9874871
444,1.9874871
445,1.9874871
446,1.9874871
447,1.9874871
448,1.8095795
449,1.64013
450,1.4855877
451,1.8095795
452,1.8095795
453,1.8095795
454,1.8095795
455,1.8095795
456,1.8095795
457,1.8095795
458,1.8095795
459,1.9641213
460,1.9874871
461,2.316141
462,2.0915687
463,1.9874871
464,1.9874871
465,2.1724503
466,2.0915687
467,1.6634958
468,1.9874871
469,1.9874871
470,1.9874871
471,1.9874871
472,1.9874871
473,1.9874871
474,1.9874871
475,1.9874871
476,1.9874871
477,1.9874871
478,1.9874871
479,1.9874871
480,1.9874871
481,1.9874871
482,1.9874871
483,1.9874871
484,1.9874871
485,1.9874871
486,1.9874871
487,1.9874871
488,1.9874871
489,1.9874871
490,1.9874871
491,1.9874871
492,1.9874871
493,1.9874871
494,1.9874871
495,1.9874871
496,2.6286151
497,2.6286151
498,2.6286151
499,2.6286151
500,2.6286151
501,2.6286151
502,2.3550444
503,2.3550444
504,2.3550444
505,2.3550444
506,2.3550444
507,2.3550444
508,2.105205
509,2.105205
510,2.105205
511,2.105205
512,2.105205
513,2.105205
514,2.699303
515,2.699303
516,2.699303
517,2.699303
518,2.699303
519,2.699303
520,3.1151662
521,3.1151662
522,3.1151662
523,3.1151662
524,3.1151662
525,3.1151662
526,5.1795135
527,5.1795135
528,5.1795135
529,5.1795135
530,5.2835946
531,5.1795135
532,13.640119
533,13.640119
534,13.640119
535,13.640119
536,13.640119
537,13.640119
538,13.640119
539,13.640119
540,13.640119
541,13.640119
542,13.640119
543,13.640119
544,4.731441
545,4.731441
546,4.835522
547,4.731441
548,4.731441
549,4.835522
550,7.493256
551,7.493256
552,7.5973372
553,7.5973372
554,7.5973372
555,7.5973372
556,-1.2665147
557,-1.2665147
558,-1.2665147
559,-1.2665147
560,-1.2665147
561,-1.2665147
562,-1.4433297
563,-1.4433297
564,-1.4433297
565,-1.4433297
566,-1.4433297
567,-0.0037622824
568,-0.7924546
569,-0.2724734
570,-0.7924546
571,-0.7924546
572,-0.7924546
573,-0.7924546
574,-2.419019
575,-2.419019
576,-3.8585868
577,-2.419019
578,-3.8585868
579,-3.4343426
580,8.568669
581,8.568669
582,8.568669
583,8.568669
584,8.568669
585,8.568669
586,5.7164564
587,5.7164564
588,5.7164564
589,5.7164564
590,4.276888
591,4.276888
592,-7.774481
593,-7.774481
594,-7.774481
595,-7.774481
596,-7.774481
597,-7.774481
598,13.451493
599,13.451493
600,13.451493
601,13.451493
602,13.451493
603,13.451493
604,-6.1102457
605,-6.1102457
606,-6.1102457
607,-6.1102457
608,-6.1102457
609,-6.1102457
610,3.2420907
611,3.2420907
612,3.2420907
613,4.6816583
614,4.6816583
615,5.201639
616,4.995253
617,3.5556862
618,4.995253
619,4.995253
620,4.995253
621,4.995253
622,13.451493
623,14.891062
624,14.891062
625,14.891062
626,14.995143
627,14.891062
628,4.909358
629,5.53342
630,4.909358
631,4.909358
632,4.909358
633,3.5738719
634,3.6546512
635,3.3279862
636,3.65664
637,3.6546512
638,3.801048
639,4.316493
640,3.3808606
641,2.3581686
642,0.74367434
643,0.74367434
644,0.63089305
645,0.7905943
646,3.0788596
647,4.0941806
648,5.878461
649,10.921279
650,19.046911
651,20.655031
652,11.120631
653,1.7259171
654,1.9504896
655,1.9504896
656,1.7259171
657,1.7259171
658,1.7259171
659,1.2084311
660,1.4330034
661,1.7259171
662,1.6218355
663,1.7259171
664,2.5862644
665,2.5862644
666,2.5862644
667,2.5862644
668,2.4821827
669,2.4821827
670,1.2554375
671,1.2554375
672,1.2554375
673,1.2554375
674,1.2554375
675,1.3595191
676,2.4821827
677,2.5862644
678,2.5862644
679,2.5862644
680,2.5862644
681,2.4821827
682,2.5862644
683,2.5862644
684,2.4821827
685,2.5862644
686,2.5862644
687,2.4821827
688,3.2392347
689,3.2392347
690,3.2392347
691,3.2392347
692,3.2392347
693,3.2392347
694,1.9667897
695,1.9667897
696,1.9667897
697,1.9667897
698,1.9667897
699,1.9667897
700,1.4195011
701,1.3154194
702,1.3154194
703,1.3154194
704,1.3154194
705,1.3154194
706,1.3154194
707,1.3154194
708,1.3154194
709,1.3154194
710,1.3154194
711,1.3154194
712,1.0531031
713,0.9490214
714,0.9490214
715,0.9490214
716,0.9490214
717,0.9490214
718,1.4135777
719,1.4135777
720,1.4135777
721,1.4135777
722,1.4135777
723,1.4135777
724,2.166437
725,2.166437
726,2.166437
727,2.166437
728,2.166437
729,2.2705185
730,1.2418011
731,1.1377195
732,1.1377195
733,1.1377195
734,1.1377195
735,1.1377195
736,1.5857922
737,1.5857922
738,1.6898738
739,1.5857922
740,1.5857922
741,1.5857922
742,2.0562716
743,2.0562716
744,2.0562716
745,2.0562716
746,1.95219
747,1.95219
748,2.8125372
749,2.8125372
750,2.8125372
751,2.8125372
752,2.8125372
753,2.8125372
754,2.8125372
755,2.8125372
756,2.8125372
757,2.8125372
758,2.8125372
759,2.8125372
760,2.1556637
761,2.1556637
762,2.1556637
763,2.1556637
764,2.1556637
765,2.1556637
766,3.882137
767,3.2590735
768,3.882137
769,3.9862187
770,2.6112192
771,2.5238445
772,0.9828
773,0.9828
774,0.9828
775,1.0701748
776,1.4355989
777,1.9445536
778,0.06906746
779,-1.6274035
780,-3.2333567
781,-4.369797
782,-3.020304
783,-1.9928275
784,1.832047
785,1.832047
786,1.832047
787,1.832047
788,1.832047
789,1.832047
790,1.5894865
791,1.5894865
792,1.5894865
793,1.5894865
794,3.029054
795,3.029054
796,1.6131728
797,1.6131728
798,3.05274
799,1.8299571
800,1.8299571
801,1.8299571
802,1.8299571
803,1.8299571
804,1.8299571
805,1.8299571
806,1.8299571
807,3.269524
808,3.1526897
809,1.7131226
810,1.7131226
811,1.7131226
812,1.7131226
813,1.7131226
814,1.7131226
815,1.7131226
816,1.7131226
817,1.7131226
818,3.1526897
819,3.672671
820,3.2455628
821,1.8059951
822,1.8059951
823,3.2455628
824,1.8059951
825,1.8059951
826,1.7131226
827,1.7131226
828,1.7131226
829,3.0415888
830,3.0415888
831,3.0415888
832,3.0415888
833,4.481155
834,3.0415888
835,3.0415888
836,3.0415888
837,4.481155
838,4.4401517
839,4.4401517
840,4.4401517
841,4.4401517
842,4.98801
843,4.98801
844,4.8951364
845,4.8951364
846,4.8951364
847,3.4555697
848,3.4555697
849,3.4555697
850,3.4555697
851,3.4555697
852,3.4555697
853,3.4555697
854,3.4555697
855,3.4555697
856,3.466837
857,3.466837
858,3.466837
859,3.466837
860,3.466837
861,3.466837
862,3.5649953
863,3.5649953
864,3.5649953
865,3.5649953
866,3.5649953
867,3.5649953
868,3.666484
869,3.666484
870,3.666484
871,3.666484
872,3.666484
873,3.666484
874,4.368881
875,4.368881
876,4.368881
877,4.368881
878,4.368881
879,4.368881
880,3.655535
881,3.655535
882,3.655535
883,3.655535
884,3.655535
885,6.7395425
886,5.095102
887,3.655535
888,3.655535
889,3.655535
890,3.655535
891,3.655535
892,6.4079003
893,4.9683337
894,6.4079003
895,8.192183
896,8.192183
897,6.4079003
898,3.9163764
899,3.9163764
900,5.355943
901,3.9163764
902,3.9163764
903,3.9163764
904,6.8211474
905,5.1767077
906,3.1892822
907,3.1892822
908,3.1892822
909,1.8608162
910,2.431879
911,2.431879
912,3.8714464
913,2.431879
914,2.431879
915,2.431879
916,2.431879
917,2.431879
918,2.431879
919,2.431879
920,2.431879
921,2.431879
922,1.9051251
923,1.9051251
924,1.9051251
925,1.9051251
926,1.9051251
927,1.9051251
928,1.8149742
929,1.8149742
930,1.8149742
931,1.8149742
932,1.8149742
933,1.8149742
934,3.0418642
935,3.0418642
936,5.0292883
937,5.0292883
938,10.818454
939,11.446132
940,19.784657
941,17.514519
942,10.279036
943,22.133198
944,28.30105
945,20.99145
946,20.688036
947,20.264374
948,18.673103
949,20.251066
950,11.7469845
951,5.3382926
952,8.721827
953,8.721827
954,13.829916
955,19.675571
956,8.721827
957,8.721827
958,11.445856
959,8.90612
960,3.534591
961,3.3329184
962,4.923859
963,3.534591
964,3.2099297
965,3.2099297
966,4.649495
967,4.974156
968,4.649495
969,4.974156
970,5.1022577
971,5.446515
972,4.0493617
973,5.4894357
974,5.635833
975,4.4803166
976,6.155814
977,6.3678846
978,5.4862375
979,4.0493617
980,4.0493617
981,4.046673
982,5.016143
983,9.015129
984,5.432043
985,5.432043
986,4.9120617
987,3.4724946
988,3.5765762
989,3.4724946
990,3.4724946
991,3.4724946
992,3.4724946
993,3.4724946
994,3.4724946
995,3.4724946
996,3.5765762
997,3.5765762
998,3.4724946
999,3.4724946
1000,4.9120617
1001,4.9120617
1002,3.4724946
1003,3.4724946
1004,3.4724946
1005,3.4724946
1006,3.570653
1007,3.570653
1008,3.570653
1009,3.570653
1010,3.570653
1011,3.570653
1012,3.6721418
1013,3.6721418
1014,3.776224
1015,3.1306725
1016,3.6721418
1017,3.6721418
1018,3.6611927
1019,3.6611927
1020,3.6611927
1021,3.6611927
1022,2.95073
1023,3.5201988
1024,2.9010408
1025,2.9010408
1026,2.9010408
1027,3.4705095
1028,3.4705095
1029,3.4705095
1030,3.5201988
1031,3.5201988
1032,3.5201988
1033,3.5201988
1034,3.5201988
1035,3.5201988
1036,2.95073
1037,2.95073
1038,2.95073
1039,2.95073
1040,2.95073
1041,3.5201988
1042,2.9010408
1043,2.9010408
1044,2.9010408
1045,2.9010408
1046,2.9010408
1047,2.3531826
1048,1.896591
1049,1.3561217
1050,1.2385973
1051,1.3561217
1052,1.3561217
1053,1.3561217
1054,1.9762199
1055,1.9762199
1056,2.911384
1057,1.9762199
1058,1.9762199
1059,1.9762199
1060,1.6134014
1061,1.4737034
1062,2.1426222
1063,1.748068
1064,2.1850338
1065,1.596692
1066,1.4673177
1067,1.4673177
1068,1.4673177
1069,3.0261753
1070,1.4673177
1071,1.4673177
1072,3.1341288
1073,1.5143481
1074,2.3675606
1075,1.6986418
1076,1.5143481
1077,10.125215
1078,20.151829
1079,9.89505
1080,6.3123817
1081,21.026428
1082,14.269323
1083,6.211014
1084,25.231829
1085,11.93467
1086,8.199674
1087,4.73033
1088,18.90331
1089,62.98293
1090,49.641827
1091,83.85231
1092,81.66505
1093,126.27144
1094,159.22668
1095,64.50564
1096,54.74668
1097,69.297264
1098,81.66338
1099,77.76826
1100,92.679405
1101,125.55208
1102,144.06032
1103,63.537994
1104,91.74066
1105,87.57134
1106,67.87051
1107,36.460598
1108,36.174118
1109,60.046204
1110,101.150566
1111,77.21163
1112,71.06295
1113,132.47461
1114,135.27661
1115,166.58852
1116,162.22572
1117,175.68
1118,226.05466
1119,206.80588
1120,126.79723
1121,71.06002
1122,37.127262
1123,22.232689
1124,2.0555885
1125,2.0555885
1126,2.061446
1127,2.061446
1128,22.364058
1129,22.372566
1130,2.061446
1131,2.061446
1132,1.9573646
1133,1.9573646
1134,1.9573646
1135,1.9573646
1136,2.061446
1137,2.4474487
1138,2.061446
1139,2.1297238
1140,2.061446
1141,2.4474487
1142,2.0964882
1143,2.298161
1144,3.822013
1145,3.3319285
1146,1.9573646
1147,1.9573646
1148,1.9573646
1149,7.264873
1150,3.4300869
1151,2.0555227
1152,1.9230341
1153,1.7120368
1154,1.7120368
1155,1.7120368
1156,1.8135258
1157,1.8135258
1158,1.8135258
1159,1.8135258
1160,1.8135258
1161,1.8135258
1162,1.8025764
1163,2.791084
1164,1.906658
1165,1.8025764
1166,2.791084
1167,1.8025764
1168,1.8025764
1169,1.8025764
1170,1.8025764
1171,1.906658
1172,1.8025764
1173,1.8025764
1174,1.8025764
1175,1.8025764
1176,1.5857922
1177,1.5857922
1178,1.5857922
1179,1.5857922
1180,1.4078842
1181,1.4078842
1182,1.4078842
1183,1.5624266
1184,1.4078842
1185,1.4078842
1186,2.8474512
1187,2.8474512
1188,1.4078842
1189,1.4078842
1190,1.4078842
1191,1.4078842
1192,3.0253592
1193,1.5857922
1194,1.5857922
1195,3.0253592
1196,3.0253592
1197,3.0253592
1198,3.545341
1199,3.0253592
1200,1.5857922
1201,3.0253592
1202,3.0253592
1203,7.973349
1204,10.072293
1205,10.581247
1206,1.4143392
1207,1.0668103
1208,1.0668103
1209,3.4007037
1210,0.8889021
1211,1.1134742
1212,3.2227957
1213,1.1490567
1214,0.6401011
1215,0.82439494
1216,1.7606643
1217,1.1138407
1218,0.95241416
1219,1.3178385
1220,1.3178385
1221,1.3178385
1222,1.7597566
1223,1.2719672
1224,1.2719672
1225,1.2719672
1226,1.0908368
1227,1.0908368
1228,1.3885261
1229,1.3885261
1230,1.3885261
1231,1.1845282
1232,1.7237729
1233,0.9357271
1234,2.9473839
1235,1.7035102
1236,0.92838484
1237,1.7035102
1238,1.7035102
1239,0.92838484
1240,0.92838484
1241,0.92838484
1242,0.7288191
1243,0.7288191
1244,0.92838484
1245,0.92838484
1246,0.92838484
1247,1.1860244
1248,1.1860244
1249,0.92838484
1250,0.92838484
1251,1.1860244
1252,1.7035102
1253,1.7035102
1254,0.92838484
1255,0.92838484
1256,0.92838484
1257,0.92838484
1258,0.92838484
1259,0.92838484
1260,0.92838484
1261,0.92838484
1262,0.92838484
1263,0.92838484
1264,0.7288191
1265,0.7288191
1266,0.7288191
1267,0.92838484
1268,1.0324664
1269,0.8329006
1270,0.91510004
1271,0.57446486
1272,0.57446486
1273,0.57446486
1274,0.64103776
1275,0.57446486
1276,0.57446486
1277,0.64103776
1278,0.64103776
1279,0.57446486
1280,0.57446486
1281,0.51083225
1282,0.74710757
1283,0.695126
1284,0.51083225
1285,0.51083225
1286,0.7682188
1287,0.8347917
1288,0.49074113
1289,0.92387164
1290,0.65006167
1291,0.65006167
1292,0.65006167
1293,0.65006167
1294,0.78265387
1295,0.74822026
1296,0.74822026
1297,0.74822026
1298,0.74822026
1299,0.74822026
1300,0.61232775
1301,0.5525769
1302,0.5525769
1303,0.5525769
1304,0.61232775
1305,0.5525769
1306,0.20290829
1307,0.20290829
1308,0.26265913
1309,0.20290829
1310,0.20290829
1311,0.40247384
1312,0.69792217
1313,0.8974877
1314,0.69792217
1315,0.43152794
1316,0.64500564
1317,0.58525497
1318,0.09024117
1319,0.8321387
1320,0.14999184
1321,0.18442544
1322,0.18442544
1323,0.124674655
1324,0.61968845
1325,0.63109344
1326,0.63109344
1327,1.2670957
1328,22.091064
1329,9.617491
1330,8.251613
1331,19.808748
1332,33.098915
1333,39.075314
1334,41.194534
1335,49.566948
1336,37.107536
1337,32.914623
1338,49.566948
1339,43.107716
1340,95.88684
1341,68.06165
1342,78.48833
1343,111.78351
1344,96.57287
1345,111.493996
1346,113.28031
1347,77.23402
1348,101.31697
1349,112.86798
1350,141.42282
1351,127.29031
1352,154.7691
1353,200.607
1354,169.04146
1355,113.024925
1356,132.01732
1357,87.47692
1358,130.50412
1359,76.57904
1360,136.13382
1361,103.023186
1362,174.8924
1363,233.89871
1364,277.10022
1365,114.90897
1366,172.62666
1367,168.33879
1368,193.61511
1369,150.3272
1370,259.14877
1371,320.36334
1372,317.65298
1373,472.88953
1374,202.86179
1375,219.32843
1376,252.61546
1377,217.60086
1378,211.30821
1379,155.91554
1380,301.39615
1381,406.97473
1382,337.37506
1383,464.10184
1384,447.48923
1385,357.27017
1386,296.02933
1387,359.83188
1388,303.07602
1389,241.69856
1390,204.70433
1391,168.98747
1392,176.76607
1393,195.17567
1394,183.60187
1395,233.4271
1396,191.15002
1397,204.33192
1398,230.8914
1399,184.6418
1400,185.01155
1401,218.05464
1402,256.79816
1403,253.90839
1404,234.93985
1405,282.933
1406,375.75983
1407,445.8722
1408,311.51074
1409,312.9607
1410,367.97565
1411,348.80972
1412,297.55652
1413,276.07248
1414,327.95013
1415,253.5663
1416,441.68695
1417,337.2055
1418,221.4921
1419,202.69954
1420,248.45941
1421,295.65445
1422,305.21268
1423,202.27039
1424,248.01837
1425,288.88806
1426,253.38492
1427,287.6615
1428,327.6128
1429,244.33498
1430,408.79398
1431,354.4476
1432,306.65472
1433,333.8443
1434,506.091
1435,523.6843
1436,613.0772
1437,521.89636
1438,326.61993
1439,330.99792
1440,331.01685
1441,269.24017
1442,220.34317
1443,330.979
1444,187.85208
1445,121.62984
1446,116.10723
1447,179.16907
1448,185.12877
1449,275.8525
1450,277.5714
1451,333.72647
1452,437.26328
1453,270.8127
1454,277.59906
1455,332.6475
1456,195.03583
1457,58.939915
1458,86.83752
1459,193.13788
1460,165.1448
1461,123.95919
1462,71.195595
1463,86.9124
1464,127.08842
1465,185.84131
1466,218.776
1467,135.42622
1468,216.67227
1469,211.21483
1470,137.68097
1471,245.72589
1472,174.40414
1473,170.3908
1474,330.6613
1475,280.64258
1476,287.10272
1477,377.60297
1478,345.23593
1479,213.67096
1480,139.8167
1481,106.97996
1482,87.16749
1483,74.275246
1484,48.728966
1485,58.285797
1486,97.51816
1487,76.17462
1488,67.21271
1489,84.457954
1490,81.30523
1491,79.04272
1492,76.258354
1493,52.088127
1494,168.29492
1495,55.969833
1496,12.053677
1497,1.8266597
1498,3.444351
1499,3.3966246
1500,3.0719628
1501,11.689153
1502,124.83921
1503,83.21019
1504,63.90299
1505,51.596283
1506,53.104584
1507,49.80138
1508,68.59713
1509,82.55674
1510,88.15213
1511,106.97294
1512,211.03989
1513,202.33636
1514,204.08795
1515,101.5917
1516,58.62393
1517,77.671875
1518,94.14312
1519,129.30136
1520,106.26281
1521,100.33223
1522,83.823204
1523,69.90703
1524,89.28644
1525,67.31439
1526,18.125498
1527,9.596762
1528,1.5074494
1529,5.1245914
1530,27.33132
1531,13.211262
1532,10.021658
1533,107.44605
1534,23.138918
1535,35.215008
1536,49.575184
1537,20.08919
1538,1.725836
1539,1.4532375
1540,1.4532375
1541,3.0730195
1542,2.5375147
1543,2.0099196
1544,3.5670683
1545,4.2630544
1546,35.86232
1547,88.48719
1548,101.898056
1549,103.23191
1550,78.33928
1551,103.29262
1552,103.53876
1553,70.961494
1554,72.308
1555,103.382385
1556,102.70003
1557,106.74711
1558,155.00278
1559,125.606636
1560,91.40448
1561,146.98628
1562,212.9194
1563,112.576065
1564,67.982025
1565,93.22934
1566,129.19171
1567,121.37208
1568,219.057
1569,274.40405
1570,262.10718
1571,285.27213
1572,302.38254
1573,244.59752
1574,309.94476
1575,338.36612
1576,333.88342
1577,230.3717
1578,186.61507
1579,235.16875
1580,256.3168
1581,243.69202
1582,357.36838
1583,392.9605
1584,366.12784
1585,372.3974
1586,417.50003
1587,310.8694
1588,267.1783
1589,393.0225
1590,378.81607
1591,420.34286
1592,398.90106
1593,548.39594
1594,587.9132
1595,690.21796
1596,351.84985
1597,235.61859
1598,308.0542
1599,415.52347
1600,375.05582
1601,373.61127
1602,310.1381
1603,428.89926
1604,463.89224
1605,576.2028
1606,750.7799
1607,829.99286
1608,580.5097
1609,577.171
1610,615.0375
1611,802.443
1612,646.1162
1613,698.81323
1614,495.2056
1615,525.5198
1616,571.4922
1617,757.5229
1618,422.6882
1619,813.7932
1620,716.42017
1621,499.28128
1622,520.4706
1623,484.81595
1624,649.01434
1625,583.50665
1626,712.38495
1627,897.3736
1628,907.39514
1629,1189.363
1630,1637.7561
1631,1761.011
1632,1776.27
1633,1747.031
1634,1703.7688
1635,1514.5425
1636,1579.3937
1637,1695.1444
1638,1681.2571
1639,1617.4958
1640,1742.989
1641,1869.4891
1642,1821.8965
1643,1840.1317
1644,1642.6456
1645,1587.0201
1646,854.3192
1647,371.26544
1648,1080.9418
1649,1130.4065
1650,1081.0078
1651,1002.002
1652,1118.8688
1653,974.2584
1654,1170.9579
1655,1252.5664
1656,1407.087
1657,1164.743
1658,1166.1047
1659,752.70953
1660,265.51562
1661,995.0676
1662,1087.0901
1663,961.88403
1664,1085.1194
1665,911.4891
1666,1018.556
1667,1174.606
1668,1168.4258
1669,1150.4955
1670,1145.0542
1671,1141.9592
1672,1370.0422
1673,1155.5303
1674,1158.5272
1675,985.2677
1676,1325.1975
1677,1166.97
1678,1015.0879
1679,979.69604
1680,669.1181
1681,738.24854
1682,834.66614
1683,993.3129
1684,952.60657
1685,419.139
1686,548.1845
1687,517.5297
1688,649.5384
1689,698.36206
1690,474.8358
1691,601.6077
1692,529.2276
1693,403.14737
1694,430.9467
1695,411.17776
1696,385.8345
1697,527.33344
1698,496.89594
1699,411.7467
1700,435.15256
1701,518.9978
1702,312.6472
1703,412.2111
1704,374.04877
1705,388.13092
1706,390.96054
1707,430.94168
1708,445.23422
1709,590.6486
1710,520.30774
1711,435.17993
1712,565.5012
1713,532.33466
1714,594.22217
1715,612.54645
1716,576.4976
1717,464.24695
1718,545.9147
1719,538.9528
1720,374.8401
1721,303.6923
1722,293.63782
1723,471.0756
1724,464.44592
1725,408.87863
1726,274.7385
1727,224.82173
1728,209.26245
1729,163.87813
1730,201.24261
1731,298.09833
1732,322.96524
1733,333.5664
1734,383.97726
1735,305.51105
1736,270.36563
1737,184.86478
1738,166.96906
1739,270.70404
1740,159.14445
1741,84.62382
1742,112.03142
1743,159.76294
1744,277.79965
1745,221.84795
1746,267.45685
1747,341.93106
1748,273.58884
1749,313.27402
1750,318.48642
1751,295.1655
1752,332.18494
1753,407.25565
1754,371.2681
1755,419.51953
1756,485.13367
1757,441.83978
1758,527.3205
1759,551.7193
1760,503.3612
1761,447.40424
1762,441.2547
1763,389.80756
1764,255.53395
1765,408.4948
1766,977.60516
1767,811.24585
1768,658.9065
1769,490.74722
1770,322.46545
1771,480.3598
1772,409.64493
1773,389.6828
1774,475.47345
1775,259.00836
1776,322.6971
1777,333.59915
1778,354.05627
1779,227.03296
1780,223.97235
1781,342.52557
1782,119.02437
1783,320.45273
1784,298.74194
1785,314.15976
1786,253.84784
1787,392.51328
1788,503.8865
1789,494.46942
1790,455.9362
1791,440.0587
1792,506.11053
1793,502.13205
1794,379.47043
1795,426.62326
1796,387.21622
1797,266.22885
1798,469.78656
1799,662.47437
1800,602.4684
1801,662.7386
1802,785.6515
1803,943.7773
1804,974.55927
1805,924.411
1806,1037.9309
1807,1505.9637
1808,1359.3716
1809,1335.0695
1810,1519.034
1811,1559.3279
1812,1785.5984
1813,1758.868
1814,1830.2086
1815,1914.2267
1816,1959.4425
1817,1805.1743
1818,1863.8118
1819,1728.8137
1820,1559.5325
1821,1847.5237
1822,2003.21
1823,1931.2151
1824,2008.454
1825,2005.8673
1826,2005.8673
1827,2014.6478
1828,2034.4373
1829,2034.7395
1830,2033.64
1831,815.4356
1832,268.5195
1833,271.48645
1834,267.65912
1835,249.82234
1836,278.3565
1837,244.95137
1838,248.61264
1839,1165.1399
1840,1998.5717
1841,2004.5115
1842,1996.8917
1843,2000.4188
1844,2006.1914
1845,1985.8329
1846,1972.6027
1847,1989.8943
1848,1996.8379
1849,1998.6451
1850,1991.1543
1851,1143.2103
1852,353.42398
1853,1165.8241
1854,1984.0043
1855,1985.796
1856,1945.6578
1857,1923.5955
1858,1902.6656
1859,1949.4952
1860,1915.461
1861,1861.013
1862,1827.1547
1863,1842.9901
1864,1909.0631
1865,1836.981
1866,1718.661
1867,1823.2943
1868,1863.956
1869,1826.8303
1870,1607.4778
1871,1541.5658
1872,1849.5807
1873,1647.7313
1874,1638.1455
1875,1543.2443
1876,1620.2892
1877,1341.9495
1878,1173.4343
1879,1126.5474
1880,1179.2988
1881,1259.1417
1882,1014.7628
1883,915.65076
1884,1013.36163
1885,830.6219
1886,1048.8577
1887,995.467
1888,791.6945
1889,977.0184
1890,919.8564
1891,760.5413
1892,948.4241
1893,1361.4817
1894,846.0329
1895,1117.011
1896,977.40546
1897,392.10968
1898,717.3311
1899,697.32556
1900,998.333
1901,927.22687
1902,1046.7499
1903,1313.6464
1904,1302.3805
1905,839.9047
1906,1003.1
1907,1151.5632
1908,1009.2263
1909,905.1397
1910,877.0198
1911,1015.821
1912,1021.15045
1913,798.07556
1914,795.1376
1915,431.537
1916,459.67026
1917,589.89777
1918,383.33478
1919,551.60614
1920,556.43005
1921,464.24628
1922,414.60382
1923,423.82596
1924,82.06281
1925,72.84651
1926,76.85011
1927,153.00015
1928,73.46538
1929,56.9739
1930,852.07007
1931,712.5587
1932,409.36108
1933,1249.8009
1934,1274.8351
1935,907.58636
1936,537.45374
1937,500.82803
1938,702.2291
1939,409.3521
1940,514.50446
1941,545.7568
1942,509.83575
1943,446.1433
1944,430.11713
1945,414.35645
1946,541.0263
1947,513.6403
1948,629.1346
1949,701.92236
1950,599.1099
1951,551.8486
1952,634.88226
1953,621.2174
1954,706.3245
1955,625.92285
1956,555.1994
1957,532.4717
1958,629.0908
1959,653.5427
1960,1408.9673
1961,1492.0265
1962,1608.7336
1963,1766.5652
1964,1718.3384
1965,1506.3243
1966,1241.6975
1967,1249.4197
1968,1444.7705
1969,1302.3181
1970,1683.12
1971,1654.9032
1972,1736.8373
1973,1569.4666
1974,1363.8499
1975,1190.0302
1976,1114.5259
1977,1060.9136
1978,1143.1763
1979,1105.1053
1980,1342.5349
1981,1431.8773
1982,1435.9037
1983,1368.9452
1984,1498.5956
1985,1233.8335
1986,1467.6998
1987,1580.9711
1988,1572.939
1989,1179.0034
1990,1152.4323
1991,1352.4781
1992,1279.4976
1993,972.1655
1994,963.095
1995,936.5821
1996,618.64844
1997,838.18695
1998,979.6017
1999,747.8207
2000,775.0737
2001,805.5791
2002,824.9426
2003,1070.2196
2004,1014.12354
2005,983.65375
2006,670.3158
2007,644.8979
2008,859.0105
2009,730.3561
2010,1005.7405
2011,970.86194
2012,794.4788
2013,762.19385
2014,668.89294
2015,705.3651
2016,820.743
2017,903.2104
2018,1037.3855
2019,1129.6779
2020,1064.1117
2021,1089.2142
2022,941.4757
2023,1378.457
2024,1110.0232
2025,1067.7645
2026,935.469
2027,859.7055
2028,1059.989
2029,871.0755
2030,821.92035
2031,1112.9548
2032,1025.6259
2033,1163.7982
2034,1068.3805
2035,1040.8197
2036,1212.6324
2037,1068.7146
2038,1033.9337
2039,1010.4686
2040,1091.0332
2041,797.6411
2042,866.66943
2043,614.5283
2044,671.859
2045,719.567
2046,728.7355
2047,1103.7268
2048,1017.22296
2049,1052.371
2050,990.45703
2051,930.3636
2052,798.8384
2053,581.10156
2054,481.5936
2055,465.12018
2056,338.24704
2057,429.49084
2058,424.59457
2059,478.04922
2060,229.06058
2061,230.15823
2062,313.9138
2063,241.19249
2064,250.94775
2065,303.0505
2066,257.41187
2067,302.41345
2068,391.90985
2069,451.14658
2070,480.6419
2071,489.43484
2072,409.98358
2073,288.7625
2074,396.87085
2075,287.023
2076,171.40291
2077,95.154106
2078,189.88159
2079,259.13782
2080,227.52873
2081,227.50119
2082,275.6793
2083,308.3136
2084,463.99698
2085,304.8953
2086,238.12749
2087,455.8551
2088,727.9725
2089,823.5799
2090,864.26074
2091,399.02087
2092,376.99155
2093,663.7444
2094,632.9111
2095,477.67453
2096,499.08694
2097,392.49106
2098,306.80502
2099,338.4938
2100,422.1019
2101,358.95236
2102,275.25296
2103,234.55045
2104,268.17163
2105,223.26363
2106,129.78004
2107,132.65706
2108,250.97101
2109,312.53418
2110,281.06366
2111,292.41153
2112,376.2417
2113,346.5694
2114,518.2696
2115,420.21085
2116,432.02972
2117,345.41705
2118,264.4386
2119,187.48259
2120,148.7945
2121,253.43033
2122,347.80484
2123,390.0104
2124,284.49133
2125,267.04993
2126,374.60757
2127,199.84433
2128,366.57513
2129,119.53957
2130,185.88388
2131,378.73486
2132,281.29016
2133,213.28142
2134,165.21938
2135,342.33057
2136,196.15456
2137,269.89493
2138,140.64612
2139,109.19001
2140,120.27674
2141,125.21833
2142,54.881435
2143,28.082016
2144,9.766473
2145,6.385337
2146,6.555706
2147,16.252962
2148,75.06103
2149,91.0755
2150,88.85683
2151,106.61959
2152,108.75581
2153,102.05379
2154,141.99089
2155,225.67632
2156,233.11057
2157,287.4093
2158,239.4636
2159,277.24033
2160,261.11618
2161,293.3604
2162,177.8699
2163,88.49908
2164,135.08557
2165,142.87737
2166,158.50058
2167,97.248726
2168,65.7967
2169,107.165665
2170,266.0466
2171,174.68393
2172,132.66089
2173,111.03777
2174,155.47021
2175,186.63074
2176,127.368034
2177,137.48158
2178,204.4464
2179,172.05669
2180,108.377785
2181,133.12393
2182,260.85034
2183,192.89317
2184,172.18567
2185,434.62027
2186,130.85623
2187,135.71251
2188,147.68095
2189,78.691956
2190,109.95262
2191,101.305626
2192,107.668274
2193,77.88307
2194,121.05257
2195,89.55872
2196,34.82114
2197,71.317566
2198,84.938194
2199,82.0068
2200,115.4017
2201,53.674435
2202,40.786644
2203,11.344689
2204,1.6276121
2205,17.023447
2206,22.810833
2207,15.679979
2208,1.24315
2209,2.0372128
2210,1.6396158
2211,1.3761427
2212,58.81365
2213,31.263575
2214,44.398735
2215,1.1916393
2216,3.3123126
2217,22.831364
2218,4.315803
2219,3.068409
2220,2.748695
2221,2.5261114
2222,3.1071625
2223,3.068409
2224,2.7490416
2225,4.5612683
2226,2.5343604
2227,2.16538
2228,2.3785255
2229,5.9721007
2230,15.808169
2231,61.652473
2232,43.233067
2233,38.668552
2234,10.204379
2235,5.449712
2236,5.520671
2237,5.520671
2238,1.9945054
2239,1.8007989
2240,1.8007989
2241,1.8007989
2242,2.3221102
2243,2.326955
2244,3.6106322
2245,2.1319864
2246,2.1319864
2247,4.398146
2248,3.9176178
2249,27.691778
2250,51.739193
2251,67.79133
2252,69.84827
2253,72.718445
2254,74.53666
2255,69.05982
2256,75.09536
2257,54.27194
2258,45.545574
2259,10.717361
2260,7.2387834
2261,12.496869
2262,16.068975
2263,39.583965
2264,18.445448
2265,12.769881
2266,6.597992
2267,1.8270707
2268,1.7030052
2269,1.7030052
2270,1.5989236
2271,1.5989236
2272,1.5989236
2273,1.5989236
2274,1.5989236
2275,1.5989236
2276,1.5989236
2277,1.6738867
2278,1.141275
2279,1.3255689
2280,4.004751
2281,3.5913506
2282,1.8307838
2283,1.8307838
2284,1.5487945
2285,1.7033368
2286,25.206682
2287,36.512547
2288,37.621223
2289,16.091196
2290,54.69312
2291,74.028145
2292,66.09601
2293,48.54808
2294,79.33461
2295,114.44562
2296,108.44253
2297,179.75558
2298,178.06543
2299,185.7725
2300,131.04306
2301,60.318626
2302,37.11837
2303,8.873039
2304,3.3144853
2305,2.2115886
2306,10.786667
2307,35.127335
2308,92.126915
2309,189.16837
2310,342.4335
2311,294.24408
2312,143.44487
2313,55.92077
2314,77.817635
2315,103.15614
2316,69.96406
2317,61.714867
2318,20.897032
2319,2.7286704
2320,3.5127327
2321,6.1178756
2322,3.9849265
2323,43.93524
2324,58.21904
2325,43.852303
2326,38.163597
2327,34.730614
2328,24.422646
2329,6.5680714
2330,19.996376
2331,47.25756
2332,28.560184
2333,55.264877
2334,55.462837
2335,77.25231
2336,79.823074
2337,84.064865
2338,157.18297
2339,70.93762
2340,121.724556
2341,123.677284
2342,102.9344
2343,53.646004
2344,14.778731
2345,1.983808
2346,2.550219
2347,2.84054
2348,9.122026
2349,69.07694
2350,138.7599
2351,49.43686
2352,23.85066
2353,43.204285
2354,118.47203
2355,198.08205
2356,92.25734
2357,87.43576
2358,101.34862
2359,77.71041
2360,95.0554
2361,59.051044
2362,190.18651
2363,287.43323
2364,177.61093
2365,148.44154
2366,101.037704
2367,16.764555
2368,9.254284
2369,4.4356256
2370,6.2231193
2371,94.185974
2372,214.00058
2373,335.457
2374,263.73288
2375,192.78232
2376,94.89633
2377,98.70589
2378,152.20058
2379,138.36008
2380,108.34006
2381,216.6725
2382,331.76828
2383,305.81018
2384,226.74695
2385,208.44225
2386,252.7613
2387,211.47765
2388,244.99063
2389,363.51053
2390,421.63043
2391,441.2318
2392,492.95773
2393,648.427
2394,739.2169
2395,719.1813
2396,794.477
2397,580.77075
2398,468.84442
2399,541.1469
2400,432.40906
2401,693.84436
2402,624.93976
2403,550.66736
2404,476.17807
2405,430.82733
2406,455.9453
2407,481.61066
2408,624.21405
2409,535.545
2410,529.4387
2411,637.3402
2412,737.6139
2413,697.6817
2414,806.63354
2415,889.77747
2416,977.2735
2417,1048.2177
2418,1017.56
2419,993.0109
2420,949.3252
2421,961.0541
2422,1066.2122
2423,911.9188
2424,745.5997
2425,589.03467
2426,548.73
2427,806.86774
2428,1056.0763
2429,1022.55176
2430,983.11633
2431,909.48486
2432,1126.1252
2433,1171.2078
2434,1254.4799
2435,928.1339
2436,576.5546
2437,549.22656
2438,909.60803
2439,832.55493
2440,869.90515
2441,971.9005
2442,1017.27057
2443,1081.3306
2444,1067.7988
2445,1071.484
2446,1137.275
2447,943.33734
2448,789.3497
2449,820.8201
2450,1008.39056
2451,1043.949
2452,1125.1204
2453,1179.3033
2454,1343.8258
2455,1099.4158
2456,969.8274
2457,868.30994
2458,1159.686
2459,940.9148
2460,1136.8007
2461,1055.5701
2462,847.4242
2463,818.9955
2464,982.60077
2465,997.3126
2466,946.29645
2467,1261.8296
2468,1419.256
2469,1046.9064
2470,1095.7522
2471,1229.6553
2472,1203.3065
2473,1208.2626
2474,1251.2592
2475,1127.6759
2476,1464.4188
2477,1447.0776
2478,1178.0642
2479,1429.9447
2480,1552.6254
2481,1210.5603
2482,1194.307
2483,1311.6498
2484,1227.0569
2485,1444.2476
2486,1136.951
2487,1245.548
2488,1143.8816
2489,1144.2279
2490,1532.2886
2491,1692.3328
2492,1777.961
2493,1588.7562
2494,997.5563
2495,1176.5264
2496,1130.338
2497,915.11346
2498,1273.3177
2499,1373.8551
2500,1282.0546
2501,1132.3718
2502,1117.4281
2503,1625.396
2504,1426.1439
2505,1892.4806
2506,1535.2291
2507,1402.6526
2508,819.11597
2509,918.45734
2510,1160.3522
2511,1177.025
2512,1578.7471
2513,1463.1832
2514,1526.0435
2515,1439.2571
2516,1409.0916
2517,1343.4978
2518,969.05206
2519,740.3228
2520,725.44336
2521,823.21014
2522,1123.6471
2523,1384.5181
2524,1405.8193
2525,1520.5383
2526,1615.876
2527,1832.5095
2528,1705.5897
2529,1661.2407
2530,1444.5873
2531,1736.6874
2532,1735.5901
2533,1215.4105
2534,1287.4735
2535,1512.5393
2536,1761.6213
2537,1927.4845
2538,1934.914
2539,1918.8505
2540,1827.0146
2541,1805.0747
2542,1743.597
2543,1823.2234
2544,1967.2096
2545,1976.0135
2546,1976.0135
2547,2018.4829
2548,2021.6584
2549,2092.3086
2550,2100.8335
2551,2132.611
2552,2138.9248
2553,2134.0703
2554,2099.467
2555,2097.1177
2556,1981.8519
2557,2095.2725
2558,2094.47
2559,2090.8708
2560,2093.8284
2561,2065.3591
2562,1963.1309
2563,1979.1371
2564,1979.9557
2565,1968.3475
2566,1989.7722
2567,2035.311
2568,2059.7983
2569,1900.648
2570,2016.5332
2571,1948.6218
2572,1918.9152
2573,1887.8933
2574,1957.8602
2575,1941.436
2576,1992.7261
2577,2032.7474
2578,2026.3289
2579,2026.3262
2580,1992.7261
2581,1959.4404
2582,1969.1731
2583,1980.6532
2584,1967.4075
2585,1940.516
2586,1966.5281
2587,1954.3405
2588,1964.8264
2589,1965.567
2590,2041.925
2591,2043.3752
2592,2124.255
2593,2128.4207
2594,2108.5745
2595,2107.1455
2596,2103.5105
2597,2047.6764
2598,2060.9175
2599,2036.4299
2600,2017.415
2601,2022.8597
2602,2069.7686
2603,2014.2375
2604,1966.2667
2605,1971.9208
2606,1880.392
2607,1935.3936
2608,1811.6469
2609,1907.7563
2610,1957.458
2611,1829.6106
2612,1979.5092
2613,1949.8547
2614,1964.8896
2615,1830.7555
2616,1932.6698
2617,2022.5638
2618,2013.2903
2619,1976.4244
2620,1943.869
2621,1984.4624
2622,2049.5586
2623,1937.7976
2624,2024.2758
2625,2056.1145
2626,2077.6924
2627,2039.106
2628,1972.9298
2629,2027.9724
2630,1783.6901
2631,2003.4851
2632,1984.1534
2633,1978.3502
2634,1978.8358
2635,1936.972
2636,1793.9965
2637,1886.172
2638,1672.4844
2639,1801.8712
2640,1908.6785
2641,1770.4012
2642,1904.3745
2643,1658.578
2644,1779.8973
2645,1955.0857
2646,1898.0905
2647,1677.2728
2648,1575.0535
2649,1825.5011
2650,1754.4243
2651,1870.6082
2652,1893.445
2653,1846.7471
2654,1959.2748
2655,1887.9644
2656,1894.0026
2657,1715.9192
2658,1834.2084
2659,1793.8945
2660,1751.1163
2661,1826.6705
2662,1763.2587
2663,1617.5833
2664,1584.7244
2665,1587.6718
2666,1777.6852
2667,1628.3058
2668,1496.7941
2669,1602.1909
2670,1895.6921
2671,1985.1567
2672,2023.5178
2673,2009.9951
2674,2005.9777
2675,2050.5957
2676,2033.6617
2677,2032.5522
2678,2091.9102
2679,2043.9968
2680,2033.6617
2681,2098.6113
2682,2101.6987
2683,2098.6113
2684,2096.5293
2685,2077.5518
2686,2104.182
2687,2108.6296
2688,2101.9285
2689,2072.404
2690,2037.0215
2691,2068.9421
2692,2021.9935
2693,1955.0269
2694,2012.2988
2695,1928.5105
2696,1918.0665
2697,1924.2831
2698,1909.0029
2699,1882.0682
2700,1785.097
2701,1824.5996
2702,1825.2935
2703,1849.3754
2704,1749.696
2705,1589.8094
2706,1539.0612
2707,1454.925
2708,1611.7861
2709,1586.2937
2710,1776.504
2711,1817.7554
2712,1580.455
2713,1287.183
2714,1337.6583
2715,1318.0392
2716,1226.0712
2717,1511.5104
2718,1489.9713
2719,1354.0862
2720,1204.4973
2721,1034.2296
2722,989.98505
2723,761.7867
2724,899.0895
2725,1222.5481
2726,1323.8772
2727,1634.0195
2728,1578.8326
2729,1425.0072
2730,1109.9282
2731,1114.2227
2732,996.82153
2733,1219.3579
2734,1530.0999
2735,1116.2156
2736,627.3553
2737,397.6034
2738,398.97507
2739,313.3561
2740,397.87097
2741,421.86615
2742,406.32938
2743,293.08823
2744,466.9186
2745,740.0299
2746,794.5164
2747,698.74036
2748,710.6451
2749,865.9034
2750,1084.8762
2751,1178.8107
2752,1045.1757
2753,972.72437
2754,851.60065
2755,504.36737
2756,454.2657
2757,586.74475
2758,419.48822
2759,461.068
2760,433.5645
2761,521.29895
2762,295.28848
2763,388.10065
2764,263.50375
2765,560.13275
2766,531.3061
2767,484.28577
2768,290.447
2769,408.26282
2770,275.8333
2771,412.23605
2772,404.4389
2773,425.8774
2774,755.1523
2775,599.272
2776,593.9971
2777,876.1928
2778,763.6089
2779,646.7653
2780,637.8595
2781,703.17596
2782,477.5283
2783,279.1287
2784,366.0912
2785,589.00867
2786,640.5581
2787,667.73486
2788,617.7191
2789,550.55725
2790,518.62524
2791,861.208
2792,921.4251
2793,861.2458
2794,627.35834
2795,733.35986
2796,729.9756
2797,716.7852
2798,580.2173
2799,435.10638
2800,152.63344
2801,86.36872
2802,97.45769
2803,198.10016
2804,448.14728
2805,756.4611
2806,756.52484
2807,869.1078
2808,1125.4467
2809,1397.5153
2810,1374.6974
2811,1445.7817
2812,1441.7156
2813,1326.2155
2814,1564.6835
2815,1533.7999
2816,1212.9242
2817,1089.6744
2818,804.7318
2819,399.8176
2820,275.12143
2821,362.12524
2822,551.5689
2823,699.5193
2824,576.3094
2825,251.06512
2826,158.22278
2827,98.23222
2828,85.38324
2829,156.37726
2830,136.75885
2831,131.70937
2832,121.3516
2833,156.72876
2834,158.14772
2835,143.24365
2836,452.32565
2837,335.68225
2838,451.5105
2839,464.55945
2840,559.97485
2841,525.2617
2842,407.71005
2843,392.43008
2844,355.55014
2845,393.9295
2846,486.07773
2847,576.8832
2848,502.4616
2849,495.38284
2850,456.27512
2851,474.57632
2852,338.69797
2853,259.89813
2854,278.6303
2855,226.11465
2856,336.0788
2857,378.05136
2858,391.95764
2859,407.198
2860,330.6895
2861,432.86572
2862,573.1908
2863,437.9139
2864,487.19974
2865,348.9776
2866,296.17404
2867,282.62778
2868,360.05466
2869,429.79944
2870,512.2
2871,538.9398
2872,653.32074
2873,661.1739
2874,579.1392
2875,452.17862
2876,376.0164
2877,311.3438
2878,232.33575
2879,172.91513
2880,190.8163
2881,254.14496
2882,254.14496
2883,294.39392
2884,252.91655
2885,273.90903
2886,273.85706
2887,387.79102
2888,428.15015
2889,382.21597
2890,299.43918
2891,243.71056
2892,234.96288
2893,161.54865
2894,238.09006
2895,256.61636
2896,317.16693
2897,290.2988
2898,330.53595
2899,266.40546
2900,263.0124
2901,213.73936
2902,199.76659
2903,279.819
2904,326.62552
2905,317.29428
2906,290.25287
2907,214.99403
2908,264.06403
2909,229.85316
2910,291.65143
2911,323.1785
2912,260.3427
2913,148.59738
2914,165.91724
2915,211.83125
2916,255.85175
2917,267.15643
2918,197.94463
2919,164.23372
2920,65.59922
2921,29.629059
2922,48.43201
2923,42.308743
2924,18.609451
2925,55.39028
2926,63.17573
2927,26.061914
2928,21.403236
2929,28.885847
2930,25.390465
2931,27.62308
2932,41.44309
2933,33.338085
2934,9.757941
2935,5.082564
2936,9.802616
2937,5.9061074
2938,6.3474627
2939,14.772597
2940,37.93969
2941,50.644665
2942,41.525898
2943,40.97321
2944,36.02545
2945,65.12038
2946,73.048454
2947,75.783554
2948,74.12733
2949,74.27093
2950,71.38697
2951,98.0276
2952,134.14226
2953,139.09277
2954,127.5459
2955,115.140434
2956,97.06344
2957,81.82453
2958,82.300446
2959,78.71936
2960,90.909225
2961,58.33374
2962,46.50977
2963,70.34198
2964,61.11195
2965,26.263878
2966,27.606237
2967,52.206944
2968,69.4807
2969,66.60737
2970,55.97432
2971,42.792046
2972,52.467937
2973,39.845623
2974,65.40047
2975,95.176414
2976,108.02425
2977,141.90814
2978,149.73196
2979,199.12009
2980,212.71046
2981,223.74553
2982,232.4244
2983,199.95056
2984,176.94574
2985,160.08609
2986,192.8977
2987,176.37033
2988,189.24368
2989,238.44022
2990,268.79483
2991,292.41827
2992,211.84482
2993,176.34134
2994,158.64378
2995,138.02565
2996,121.8899
2997,212.87148
2998,284.0412
2999,228.61745
3000,239.75917
3001,272.5807
3002,257.65915
3003,257.6362
3004,258.2552
3005,172.53024
3006,126.28353
3007,91.933556
3008,83.58561
3009,84.2314
3010,93.33885
3011,134.51588
3012,210.2811
3013,123.59534
3014,94.264244
3015,117.87642
3016,143.99513
3017,162.55615
3018,149.2479
3019,143.89696
3020,172.07887
3021,138.93956
3022,134.0721
3023,128.44026
3024,134.34213
3025,120.00169
3026,92.46561
3027,109.594635
3028,109.27058
3029,116.88635
3030,101.17208
3031,70.31129
3032,17.903559
3033,17.77557
3034,36.43347
3035,33.659214
3036,34.994755
3037,65.73472
3038,93.09883
3039,109.43394
3040,80.017784
3041,86.20528
3042,90.0256
3043,91.922646
3044,90.42502
3045,77.70269
3046,86.76159
3047,83.1485
3048,70.186356
3049,43.021996
3050,63.591553
3051,92.16985
3052,79.1395
3053,82.73435
3054,79.95202
3055,87.60157
3056,98.62623
3057,70.64914
3058,54.7615
3059,37.53403
3060,58.22472
3061,44.868587
3062,26.121237
3063,30.036304
3064,31.310919
3065,6.510931
3066,9.178579
3067,5.9061074
3068,5.010484
3069,5.704411
3070,1.859317
3071,1.1898547
3072,1.1898547
3073,1.0326946
3074,1.1898547
3075,1.1898547
3076,1.3007715
3077,1.3007715
3078,1.3007715
3079,2.2905753
3080,2.4582894
3081,1.8699477
3082,2.1902122
3083,1.1367761
3084,1.1367761
3085,1.0326946
3086,1.0326946
3087,1.478882
3088,1.3416187
3089,1.4987788
3090,3.0171738
3091,3.4258428
3092,5.051747
3093,1.0797249
3094,1.1479487
3095,1.1809689
3096,1.1212182
3097,3.318411
3098,3.6470647
3099,5.9702287
3100,36.071007
3101,47.96804
3102,57.85737
3103,38.98031
3104,23.430017
3105,23.882679
3106,17.814508
3107,15.042599
3108,32.401955
3109,121.845726
3110,108.84953
3111,99.8614
3112,88.99457
3113,108.53074
3114,148.2339
3115,147.63289
3116,148.47215
3117,136.07965
3118,147.14192
3119,208.73721
3120,200.72606
3121,226.27896
3122,281.23392
3123,292.34778
3124,244.35748
3125,189.06107
3126,141.81972
3127,123.67916
3128,147.80467
3129,212.57973
3130,246.99213
3131,244.95367
3132,211.62218
3133,141.40993
3134,166.48969
3135,211.94229
3136,186.04114
3137,175.77167
3138,152.55608
3139,129.00763
3140,116.25389
3141,90.53506
3142,80.585144
3143,82.57265
3144,97.694626
3145,112.27236
3146,105.78175
3147,99.30108
3148,118.00523
3149,121.77562
3150,157.63728
3151,131.6496
3152,135.69382
3153,179.18018
3154,149.08884
3155,103.90979
3156,134.29749
3157,153.70557
3158,150.7958
3159,166.99063
3160,179.14552
3161,178.95908
3162,228.70993
3163,204.02959
3164,180.87875
3165,153.33174
3166,136.08205
3167,227.4257
3168,272.9082
3169,294.3074
3170,274.91074
3171,341.07382
3172,390.21964
3173,306.8551
3174,359.8197
3175,351.53116
3176,342.6583
3177,306.399
3178,314.3461
3179,309.24005
3180,316.99115
3181,298.4356
3182,307.65042
3183,369.56558
3184,446.71194
3185,477.47452
3186,475.4681
3187,443.3972
3188,403.5774
3189,354.05923
3190,334.73532
3191,275.49506
3192,241.46272
3193,248.53366
3194,279.46854
3195,345.25055
3196,270.9089
3197,197.41742
3198,138.21101
3199,117.89474
3200,60.919334
3201,26.515932
3202,48.197876
3203,65.80836
3204,53.183884
3205,30.833447
3206,13.375507
3207,9.6631
3208,5.086181
3209,9.875464
3210,13.919973
3211,23.922268
3212,64.67979
3213,230.7345
3214,187.4137
3215,41.0206
3216,5.627152
3217,1.1189626
3218,1.1189626
3219,1.1189626
3220,12.586739
3221,71.39671
3222,11.509189
3223,6.253815
3224,22.898552
3225,68.52065
3226,51.786392
3227,86.53624
3228,109.846596
3229,74.97997
3230,111.79142
3231,87.52063
3232,54.540405
3233,16.20229
3234,41.339027
3235,30.810366
3236,61.609627
3237,152.30104
3238,396.93338
3239,214.62029
3240,185.98456
3241,246.86678
3242,226.51587
3243,239.76457
3244,333.3236
3245,333.49146
3246,285.2008
3247,171.52847
3248,112.60728
3249,143.26103
3250,131.0949
3251,162.01994
3252,215.9501
3253,273.37082
3254,307.88147
3255,205.48404
3256,154.37744
3257,196.46497
3258,166.27643
3259,154.52728
3260,118.69847
3261,103.49961
3262,99.57288
3263,84.800285
3264,72.2729
3265,81.96672
3266,85.94017
3267,86.58495
3268,67.34507
3269,43.0073
3270,20.443438
3271,18.339647
3272,39.912796
3273,52.513416
3274,39.664078
3275,29.355516
3276,55.36609
3277,74.144775
3278,65.316
3279,62.503723
3280,41.505684
3281,21.59537
3282,17.828468
3283,16.864882
3284,6.1548705
3285,6.1247153
3286,37.64338
3287,78.16243
3288,128.86418
3289,179.14359
3290,161.6626
3291,67.93563
3292,61.195503
3293,65.57476
3294,29.401735
3295,27.462101
3296,83.35557
3297,32.09424
3298,37.421898
3299,81.05977
3300,33.044785
3301,40.503845
3302,57.586823
3303,63.70852
3304,85.072334
3305,111.89256
3306,107.21201
3307,86.5544
3308,209.9171
3309,208.05269
3310,290.22992
3311,326.12347
3312,434.93744
3313,554.53577
3314,502.42404
3315,491.4008
3316,392.59253
3317,235.57576
3318,161.25244
3319,174.94281
3320,220.22449
3321,232.16551
3322,235.87086
3323,215.65439
3324,180.43832
3325,165.966
3326,165.71611
3327,149.34477
3328,92.38175
3329,117.28932
3330,131.33958
3331,154.07677
3332,184.3636
3333,148.82187
3334,114.21942
3335,122.03783
3336,138.87645
3337,124.43539
3338,89.27914
3339,95.99892
3340,138.26408
3341,104.09522
3342,85.977264
3343,87.022224
3344,90.350975
3345,80.15334
3346,78.04735
3347,37.25403
3348,33.497444
3349,20.897032
3350,25.423838
3351,46.253403
3352,94.20459
3353,68.6018
3354,71.7338
3355,58.75177
3356,31.888842
3357,3.8591557
3358,6.7191787
3359,3.7766154
3360,3.1050904
3361,2.0548105
3362,1.9462855
3363,1.6619626
3364,1.7105044
3365,4.3324003
3366,7.1480293
3367,36.17823
3368,71.307205
3369,24.823275
3370,50.499985
3371,61.286163
3372,43.19802
3373,49.751457
3374,68.96504
3375,66.48921
3376,57.12731
3377,77.09721
3378,74.378426
3379,93.53646
3380,110.636566
3381,130.39569
3382,214.18709
3383,243.31082
3384,265.37872
3385,232.64917
3386,177.01463
3387,225.39029
3388,175.22041
3389,186.58704
3390,189.02847
3391,230.08159
3392,261.31613
3393,317.6143
3394,385.1817
3395,325.93985
3396,344.1657
3397,313.2081
3398,343.25098
3399,347.1879
3400,364.354
3401,356.4561
3402,445.17578
3403,384.1615
3404,321.99765
3405,250.2722
3406,284.79486
3407,332.63858
3408,298.01456
3409,250.2722
3410,142.4053
3411,141.36494
3412,132.67429
3413,270.77017
3414,288.011
3415,357.3431
3416,421.50732
3417,510.76978
3418,481.28226
3419,542.75116
3420,383.33942
3421,329.28143
3422,368.5788
3423,430.98352
3424,339.15173
3425,339.01974
3426,276.70657
3427,321.49292
3428,287.72556
3429,227.84726
3430,244.47818
3431,232.48747
3432,182.08159
3433,182.32318
3434,177.92357
3435,163.5736
3436,138.07788
3437,111.1219
3438,138.56917
3439,132.38615
3440,124.55851
3441,88.73343
3442,56.896935
3443,31.633451
3444,11.50729
3445,11.841324
3446,11.293165
3447,16.405886
3448,15.962744
3449,5.043324
3450,3.6535196
3451,3.9781814
3452,3.469226
3453,3.469226
3454,2.9425063
3455,2.9425063
3456,2.9425063
3457,3.1268
3458,2.9425063
3459,2.9425063
3460,2.9972968
3461,2.9972968
3462,3.5539782
3463,2.9972968
3464,2.856303
3465,2.856303
3466,3.0016482
3467,3.0016482
3468,3.0016482
3469,3.0016482
3470,3.0016482
3471,3.0016482
3472,2.5195837
3473,2.5195837
3474,2.5195837
3475,2.5195837
3476,2.9690664
3477,3.6527317
3478,3.9793963
3479,3.6527317
3480,4.3284636
3481,-0.30249748
3482,3.9813852
3483,4.3284636
3484,4.76369
3485,4.76369
3486,0.1582148
3487,-0.16644655
3488,-0.7143048
3489,3.6441822
3490,3.5401006
3491,3.6441822
3492,3.5401006
3493,3.5401006
3494,3.5401006
3495,4.0131626
3496,3.6441822
3497,3.6441822
3498,3.6441822
3499,2.1223807
3500,2.1223807
3501,1.9113835
3502,1.9113835
3503,1.9113835
3504,1.9113835
3505,1.9113835
3506,1.9113835
3507,1.9113835
3508,1.9113835
3509,1.9113835
3510,1.9113835
3511,1.9113835
3512,2.0154653
3513,2.0154653
3514,2.7288108
3515,2.7288108
3516,2.6247292
3517,2.6247292
3518,4.447623
3519,8.573133
3520,4.1679893
3521,5.246795
3522,33.01562
3523,175.46234
3524,129.5289
3525,145.90196
3526,130.0942
3527,183.83662
3528,88.635414
3529,63.94819
3530,13.903434
3531,4.269597
3532,8.288939
3533,53.341423
3534,144.97704
3535,238.53496
3536,189.26741
3537,195.48962
3538,170.88988
3539,174.26257
3540,177.6498
3541,184.77707
3542,220.38254
3543,281.8441
3544,349.883
3545,326.82834
3546,289.47247
3547,245.1271
3548,262.7232
3549,184.89095
3550,173.57553
3551,196.14516
3552,320.00806
3553,147.68402
3554,316.69833
3555,304.1012
3556,357.57803
3557,457.6781
3558,647.4818
3559,451.23352
3560,482.27933
3561,384.39816
3562,436.2811
3563,576.37317
3564,527.9785
3565,593.4632
3566,436.1491
3567,829.27075
3568,775.9114
3569,861.5952
3570,889.10724
3571,921.5059
3572,685.06165
3573,514.29175
3574,511.78073
3575,404.43436
3576,523.9014
3577,415.02792
3578,278.70282
3579,353.4436
3580,379.7107
3581,323.32724
3582,465.47537
3583,331.35165
3584,442.90222
3585,302.57516
3586,385.14688
3587,489.2863
3588,509.9351
3589,250.10263
3590,199.04533
3591,173.76004
3592,136.54285
3593,168.95834
3594,314.78973
3595,359.10178
3596,338.58902
3597,368.43857
3598,527.57764
3599,494.90152
3600,541.9374
3601,515.4559
3602,286.8315
3603,577.0723
3604,350.95773
3605,340.04697
3606,456.2179
3607,628.4397
3608,538.0315
3609,558.359
3610,520.03674
3611,487.22052
3612,645.5121
3613,571.71674
3614,582.04395
3615,745.3051
3616,654.65295
3617,488.1796
3618,279.5583
3619,219.6062
3620,277.36472
3621,243.48248
3622,281.5462
3623,167.54425
3624,228.11436
3625,137.45404
3626,86.133255
3627,263.27762
3628,293.38107
3629,410.00873
3630,374.3686
3631,391.64084
3632,338.5712
3633,386.2879
3634,278.66986
3635,330.30066
3636,289.36584
3637,299.7997
3638,328.79944
3639,196.109
3640,153.49399
3641,111.08885
3642,202.73337
3643,296.8551
3644,326.708
3645,308.95035
3646,333.26782
3647,199.9939
3648,216.18596
3649,301.6897
3650,341.62436
3651,387.52725
3652,452.6193
3653,406.26108
3654,255.42633
3655,273.96405
3656,345.04788
3657,229.61676
3658,200.27571
3659,249.69936
3660,237.28824
3661,274.3929
3662,508.0029
3663,275.01904
3664,352.80597
3665,619.7584
3666,834.97455
3667,560.79565
3668,447.02905
3669,473.90317
3670,676.3292
3671,702.6871
3672,716.27246
3673,769.58344
3674,640.0586
3675,459.38028
3676,544.0022
3677,358.67117
3678,250.00218
3679,386.32974
3680,647.0401
3681,500.25345
3682,368.80566
3683,471.33704
3684,237.90297
3685,450.01465
3686,448.1193
3687,225.84978
3688,374.95532
3689,383.77725
3690,449.31573
3691,378.13623
3692,492.80774
3693,312.22116
3694,222.67216
3695,170.65361
3696,121.27079
3697,116.03739
3698,164.35596
3699,155.28648
3700,189.25534
3701,202.03058
3702,246.12639
3703,191.16077
3704,179.45396
3705,169.37663
3706,187.58813
3707,135.22888
3708,159.92816
3709,176.48137
3710,172.69229
3711,190.92427
3712,181.55898
3713,153.71448
3714,140.227
3715,64.877106
3716,87.749435
3717,61.408424
3718,39.290726
3719,57.340034
3720,91.294464
3721,91.6637
3722,70.82576
3723,66.21896
3724,69.02715
3725,80.83419
3726,75.150276
3727,70.45744
3728,130.7752
3729,165.2639
3730,148.55254
3731,127.30168
3732,102.13611
3733,119.91105
3734,126.40728
3735,134.29515
3736,141.14421
3737,119.92836
3738,123.6057
3739,127.50098
3740,145.02003
3741,135.0869
3742,100.483925
3743,95.470894
3744,115.32189
3745,160.01268
3746,166.93402
3747,163.88608
3748,176.42061
3749,209.11986
3750,204.51024
3751,193.98337
3752,191.44516
3753,150.16368
3754,131.18672
3755,182.69981
3756,210.62201
3757,178.02914
3758,209.00748
3759,199.92401
3760,211.87743
3761,235.72348
3762,216.49237
3763,191.6705
3764,173.47856
3765,182.6434
3766,178.21344
3767,181.91554
3768,262.25705
3769,294.72885
3770,307.57602
3771,301.43533
3772,327.175
3773,334.7204
3774,376.29926
3775,443.59003
3776,409.6716
3777,298.7758
3778,292.01962
3779,235.81223
3780,254.95055
3781,291.89285
3782,432.8683
3783,272.11276
3784,287.1855
3785,221.59712
3786,300.18762
3787,258.5274
3788,434.65015
3789,367.97708
3790,499.18805
3791,491.09024
3792,419.87387
3793,299.1217
3794,288.648
3795,324.5903
3796,349.70465
3797,212.8945
3798,248.08118
3799,179.05687
3800,197.70024
3801,143.6477
3802,189.81143
3803,149.60988
3804,139.03448
3805,127.87908
3806,164.0189
3807,147.23541
3808,138.64862
3809,138.52948
3810,90.880775
3811,100.23166
3812,104.95137
3813,78.722786
3814,73.642715
3815,52.518517
3816,58.838135
3817,60.537575
3818,74.97342
3819,108.62364
3820,129.8484
3821,149.80586
3822,164.28986
3823,182.73535
3824,165.708
3825,157.89114
3826,187.74503
3827,247.83327
3828,263.0466
3829,197.73605
3830,167.68849
3831,167.68225
3832,157.5782
3833,137.90549
3834,171.51518
3835,384.94037
3836,367.26437
3837,333.28677
3838,229.31621
3839,298.78897
3840,250.74294
3841,401.4152
3842,453.6858
3843,478.63446
3844,264.58682
3845,298.08292
3846,331.61435
3847,392.94833
3848,322.83173
3849,298.43372
3850,303.44574
3851,281.7383
3852,318.45737
3853,351.72476
3854,162.10724
3855,161.42804
3856,203.6511
3857,266.07242
3858,159.41827
3859,189.09245
3860,263.9824
3861,661.9485
3862,226.63405
3863,80.813805
3864,193.02126
3865,134.64496
3866,338.35947
3867,572.82587
3868,238.96475
3869,284.31033
3870,192.13142
3871,239.1574
3872,227.01837
3873,265.51224
3874,214.4129
3875,188.95966
3876,157.75291
3877,117.46428
3878,235.92482
3879,215.05789
3880,167.03067
3881,245.63506
3882,254.51332
3883,272.04807
3884,286.18893
3885,411.57828
3886,302.16373
3887,522.4923
3888,576.55054
3889,346.60883
3890,407.56342
3891,567.08057
3892,609.201
3893,471.50876
3894,519.7894
3895,538.5887
3896,521.6641
3897,511.17505
3898,561.28143
3899,490.78207
3900,349.8641
3901,272.06778
3902,538.27094
3903,512.7151
3904,340.58176
3905,196.62344
3906,114.436485
3907,215.65138
3908,489.26358
3909,576.62335
3910,475.11057
3911,483.1073
3912,529.6149
3913,742.55914
3914,1019.14264
3915,843.0431
3916,708.88855
3917,619.0493
3918,902.2583
3919,743.87427
3920,799.2962
3921,605.61206
3922,704.7928
3923,486.2281
3924,669.79114
3925,530.87146
3926,517.18494
3927,537.2202
3928,485.37717
3929,516.40826
3930,549.7402
3931,572.2493
3932,599.1949
3933,624.3876
3934,747.1169
3935,621.37463
3936,691.6861
3937,951.6949
3938,589.49725
3939,848.76154
3940,859.3332
3941,1007.2047
3942,563.0325
3943,468.06757
3944,145.59409
3945,71.993614
3946,67.66787
3947,85.1885
3948,122.411
3949,117.64143
3950,149.06978
3951,176.9384
3952,167.59723
3953,121.14828
3954,143.03108
3955,288.7657
3956,194.02553
3957,131.75468
3958,167.71063
3959,167.94691
3960,193.5534
3961,215.66927
3962,186.02037
3963,207.6374
3964,184.73439
3965,177.21307
3966,248.99736
3967,256.09143
3968,344.5587
3969,253.60802
3970,154.50287
3971,192.6953
3972,204.241
3973,157.38225
3974,114.48762
3975,122.34103
3976,86.17236
3977,47.621925
3978,88.3007
3979,48.809105
3980,25.348804
3981,31.49303
3982,34.359314
3983,61.679337
3984,61.679337
3985,71.93029
3986,71.81812
3987,107.995155
3988,81.749466
3989,105.315765
3990,115.94385
3991,97.422806
3992,65.594986
3993,76.975136
3994,71.39394
3995,60.47322
3996,50.43273
3997,35.90557
3998,32.868004
3999,43.986046
4000,68.6048
4001,38.947258
4002,43.615555
4003,31.85771
4004,23.861195
4005,56.908417
4006,59.41358
4007,51.524956
4008,36.069595
4009,38.598106
4010,53.593117
4011,72.73165
4012,69.85693
4013,86.80054
4014,79.782425
4015,114.74405
4016,94.26274
4017,105.06881
4018,127.10372
4019,168.34544
4020,208.05922
4021,178.93474
4022,315.2294
4023,402.99744
4024,381.49216
4025,320.6284
4026,407.05618
4027,343.4553
4028,438.31482
4029,311.2072
4030,196.22812
4031,181.50076
4032,150.66293
4033,74.881615
4034,109.86716
4035,222.45862
4036,291.76587
4037,390.53058
4038,232.66887
4039,38.519016
4040,10.850195
4041,1.2828231
4042,1.4169011
4043,1.4169011
4044,19.781364
4045,186.88362
4046,107.28765
4047,47.322983
4048,13.8248205
4049,16.712763
4050,8.893874
4051,45.102356
4052,123.06678
4053,180.35202
4054,184.29436
4055,247.44707
4056,253.65123
4057,164.52975
4058,90.42091
4059,122.75085
4060,138.90343
4061,150.14519
4062,111.352905
4063,105.10702
4064,113.29556
4065,89.71207
4066,136.20543
4067,197.30737
4068,109.5856
4069,14.622112
4070,5.969986
4071,6.3963733
4072,2.5097408
4073,1.3194703
4074,49.066643
4075,143.46677
4076,166.90646
4077,156.5107
4078,116.13014
4079,39.283638
4080,23.039724
4081,6.9051137
4082,107.91482
4083,79.08169
4084,68.55032
4085,86.531845
4086,108.56345
4087,112.88781
4088,151.65361
4089,165.33896
4090,109.49883
4091,96.6219
4092,112.91941
4093,95.558815
4094,147.89096
4095,124.10543
4096,148.39085
4097,171.35405
4098,346.69763
4099,327.42508
4100,294.64273
4101,292.09955
4102,248.0089
4103,190.33083
4104,141.78157
4105,74.222595
4106,62.705612
4107,123.41689
4108,154.9944
4109,196.32397
4110,227.8915
4111,194.51411
4112,210.0741
4113,248.89215
4114,262.35135
4115,255.11453
4116,271.6536
4117,186.21806
4118,216.6181
4119,256.6648
4120,241.96678
4121,247.89613
4122,274.12518
4123,178.39288
4124,207.58934
4125,315.6129
4126,464.65204
4127,658.0035
4128,558.81464
4129,489.58585
4130,374.36685
4131,390.09314
4132,354.35376
4133,477.05316
4134,493.3904
4135,459.56387
4136,452.80792
4137,380.3007
4138,330.6179
4139,270.3486
4140,203.73001
4141,265.0144
4142,234.83992
4143,202.15337
4144,303.05792
4145,326.3033
4146,305.94193
4147,258.3245
4148,251.49866
4149,270.67575
4150,282.17914
4151,236.27734
4152,288.78302
4153,421.2579
4154,279.5508
4155,129.82448
4156,202.83606
4157,326.97632
4158,260.13342
4159,185.7403
4160,203.03754
4161,257.77774
4162,282.47406
4163,279.91293
4164,358.54135
4165,328.6604
4166,311.30725
4167,206.97923
4168,165.156
4169,175.39143
4170,128.0651
4171,115.67562
4172,105.97872
4173,115.04631
4174,151.4486
4175,104.50796
4176,62.439503
4177,117.97157
4178,109.51393
4179,144.4633
4180,164.39539
4181,196.74483
4182,189.46289
4183,182.69446
4184,208.41608
4185,260.8928
4186,329.50046
4187,314.02103
4188,292.70697
4189,394.90366
4190,328.74475
4191,247.11858
4192,291.3128
4193,400.92877
4194,458.06076
4195,416.6092
4196,343.09717
4197,381.69595
4198,443.29773
4199,353.60178
4200,291.9357
4201,309.43677
4202,384.13235
4203,169.24953
4204,68.65722
4205,112.96085
4206,120.91763
4207,73.067604
4208,114.63944
4209,294.05023
4210,372.55817
4211,474.53128
4212,462.6075
4213,577.4164
4214,524.3147
4215,509.48602
4216,335.07898
4217,302.1832
4218,335.4603
4219,302.1832
4220,428.09464
4221,356.76715
4222,340.77573
4223,312.977
4224,427.07776
4225,423.51807
4226,429.6973
4227,500.15555
4228,398.06375
4229,227.72023
4230,203.306
4231,171.07578
4232,267.56046
4233,259.41306
4234,219.23335
4235,149.84483
4236,103.65132
4237,120.902145
4238,74.98305
4239,16.908125
4240,71.975204
4241,47.299606
4242,83.00874
4243,99.41889
4244,48.23738
4245,51.29453
4246,43.23783
4247,86.04997
4248,51.4446
4249,42.46059
4250,122.57434
4251,138.00562
4252,195.60162
4253,211.19417
4254,223.67438
4255,167.28764
4256,207.22949
4257,269.53955
4258,284.99197
4259,232.58156
4260,321.25754
4261,362.7355
4262,407.21008
4263,482.0483
4264,523.0611
4265,461.1016
4266,465.5559
4267,441.00336
4268,474.99182
4269,513.1276
4270,486.8115
4271,429.43054
4272,304.55264
4273,340.59674
4274,348.39163
4275,421.18906
4276,390.15436
4277,445.2001
4278,525.01544
4279,689.665
4280,522.7984
4281,362.2105
4282,388.26938
4283,346.33228
4284,565.47687
4285,567.3059
4286,520.618
4287,559.19543
4288,373.3653
4289,366.73822
4290,356.31
4291,361.14404
4292,538.5769
4293,618.75854
4294,652.19025
4295,850.10925
4296,779.6459
4297,856.4752
4298,697.29865
4299,680.95435
4300,683.6189
4301,687.2131
4302,597.529
4303,617.13873
4304,600.9644
4305,501.8822
4306,539.4818
4307,500.02774
4308,579.1642
4309,694.8616
4310,880.7253
4311,1086.6831
4312,714.56104
4313,633.58136
4314,852.22186
4315,756.3656
4316,670.77234
4317,771.69135
4318,597.8009
4319,500.9655
4320,596.22565
4321,725.923
4322,721.6573
4323,545.4335
4324,472.53635
4325,418.2097
4326,346.44672
4327,442.77905
4328,571.75134
4329,670.81335
4330,1120.787
4331,1227.3448
4332,1039.9113
4333,978.4276
4334,1067.2227
4335,1083.4822
4336,991.7707
4337,780.2191
4338,1043.5468
4339,856.1461
4340,704.64453
4341,669.2826
4342,660.4347
4343,620.8182
4344,546.5578
4345,399.385
4346,361.51193
4347,561.36285
4348,527.80566
4349,572.95
4350,478.91187
4351,619.51184
4352,653.3451
4353,598.5207
4354,582.91296
4355,487.32968
4356,542.1767
4357,492.23334
4358,478.41666
4359,470.96185
4360,364.7303
4361,425.09534
4362,506.86688
4363,442.80807
4364,389.3762
4365,125.773636
4366,499.8978
4367,404.6858
4368,534.737
4369,352.0251
4370,470.77197
4371,421.2288
4372,374.63864
4373,497.93564
4374,605.5554
4375,596.09314
4376,682.6579
4377,730.7315
4378,732.6304
4379,709.21735
4380,648.3619
4381,745.1284
4382,615.0593
4383,502.5571
4384,514.1965
4385,449.1052
4386,503.04202
4387,510.36234
4388,453.79642
4389,539.1168
4390,560.3729
4391,655.3257
4392,565.7161
4393,598.6385
4394,603.06415
4395,425.1918
4396,604.96136
4397,486.57455
4398,498.71133
4399,575.393
4400,574.2717
4401,551.10205
4402,481.9787
4403,533.4707
4404,515.90686
4405,536.48303
4406,491.69763
4407,529.1908
4408,485.20233
4409,447.50525
4410,534.15704
4411,579.20514
4412,591.993
4413,534.8699
4414,550.2019
4415,703.9226
4416,743.443
4417,514.0086
4418,517.1484
4419,493.62524
4420,424.5682
4421,408.3035
4422,395.29932
4423,447.2962
4424,565.66034
4425,596.1916
4426,483.1441
4427,398.56726
4428,301.58008
4429,338.3726
4430,329.47098
4431,354.0569
4432,275.86633
4433,231.32059
4434,300.99634
4435,277.49857
4436,200.05215
4437,208.729
4438,218.44395
4439,247.5127
4440,270.50885
4441,380.08118
4442,389.42892
4443,419.57626
4444,413.91983
4445,413.9755
4446,427.63385
4447,368.6201
4448,362.9458
4449,434.38654
4450,496.23135
4451,544.4971
4452,586.4032
4453,486.00073
4454,502.8988
4455,416.9721
4456,484.78424
4457,446.9673
4458,350.38943
4459,342.8705
4460,321.09024
4461,338.10748
4462,320.75287
4463,333.94525
4464,358.8756
4465,309.76645
4466,268.45987
4467,273.3247
4468,240.09935
4469,239.53996
4470,256.8347
4471,287.9727
4472,439.95377
4473,486.9102
4474,425.7724
4475,417.12964
4476,467.7175
4477,442.10666
4478,368.40546
4479,345.243
4480,349.24875
4481,430.68
4482,418.4656
4483,586.96265
4484,435.93735
4485,498.00742
4486,537.4267
4487,414.20673
4488,338.83493
4489,329.6906
4490,324.21646
4491,289.6738
4492,302.346
4493,277.44098
4494,288.2441
4495,326.08096
4496,297.98807
4497,300.55283
4498,233.96945
4499,187.62543
4500,210.52759
4501,257.40485
4502,297.05756
4503,297.05756
4504,270.0322
4505,247.97685
4506,187.62543
4507,177.41988
4508,167.94582
4509,172.7051
4510,175.5763
4511,147.68907
4512,105.70742
4513,66.491684
4514,61.88945
4515,25.062891
4516,35.108345
4517,37.018406
4518,28.384794
4519,50.906387
4520,33.439228
4521,79.859474
4522,103.24103
4523,87.15867
4524,46.474773
4525,36.642166
4526,10.856643
4527,1.845896
4528,2.077656
4529,2.077656
4530,1.979633
4531,1.2306875
4532,1.1266059
4533,1.1266059
4534,0.6669567
4535,0.6669567
4536,0.6920672
4537,0.6920672
4538,0.72650075
4539,0.72650075
4540,1.0602568
4541,1.0602568
4542,1.0602568
4543,1.351272
4544,1.351272
4545,1.4546257
4546,1.302564
4547,1.197162
4548,1.197162
4549,1.197162
4550,1.2034141
4551,1.0942802
4552,1.0942802
4553,0.90452474
4554,0.8700911
4555,0.90452474
4556,0.90452474
4557,0.8700911
4558,0.8700911
4559,0.8700911
4560,0.8700911
4561,0.8700911
4562,0.8700911
4563,0.8700911
4564,0.65540016
4565,0.8700911
4566,0.8700911
4567,0.8700911
4568,0.8700911
4569,0.8700911
4570,0.8700911
4571,0.80117095
4572,0.80117095
4573,0.80117095
4574,0.80117095
4575,0.80117095
4576,0.7288189
4577,0.69438535
4578,1.4634826
4579,0.9665529
4580,0.9665529
4581,0.9665529
4582,0.86790323
4583,0.86790323
4584,0.86790323
4585,0.86790323
4586,0.86790323
4587,0.86790323
4588,0.86790323
4589,0.86790323
4590,0.86790323
4591,0.86790323
4592,1.8691273
4593,0.86790323
4594,0.86790323
4595,4.2236495
4596,30.808712
4597,24.83339
4598,18.332382
4599,9.626111
4600,24.362999
4601,25.208303
4602,18.438194
4603,32.725563
4604,20.05609
4605,51.061714
4606,106.742455
4607,114.64579
4608,72.17007
4609,44.935814
4610,73.634125
4611,26.881804
4612,11.646732
4613,12.0956135
4614,5.84678
4615,5.780484
4616,24.426184
4617,43.234383
4618,25.832542
4619,12.274019
4620,10.549963
4621,21.303383
4622,46.071983
4623,26.517517
4624,15.385132
4625,17.161572
4626,23.37984
4627,52.341354
4628,53.192688
4629,54.13481
4630,35.60311
4631,48.811028
4632,75.700836
4633,92.52365
4634,90.018936
4635,65.926445
4636,100.741394
4637,172.81538
4638,151.04164
4639,132.65149
4640,135.23106
4641,118.37454
4642,129.63564
4643,139.05283
4644,123.57095
4645,109.263306
4646,145.16428
4647,121.68004
4648,124.38331
4649,104.06921
4650,60.395737
4651,108.16858
4652,232.4004
4653,181.31407
4654,79.507225
4655,166.89836
4656,97.08119
4657,138.26979
4658,129.82605
4659,139.18922
4660,163.2293
4661,191.0872
4662,183.08307
4663,145.46391
4664,97.60165
4665,182.54639
4666,181.22176
4667,243.07771
4668,200.1857
4669,258.39813
4670,246.7772
4671,267.40878
4672,311.96042
4673,213.23433
4674,266.3828
4675,165.93558
4676,149.67844
4677,184.40533
4678,257.7206
4679,386.3221
4680,360.66302
4681,534.23303
4682,364.41202
4683,475.69052
4684,704.1221
4685,689.14514
4686,383.8636
4687,425.60324
4688,483.74817
4689,350.42798
4690,369.9078
4691,260.67554
4692,312.934
4693,344.85715
4694,359.53162
4695,375.9486
4696,421.7829
4697,500.90485
4698,395.65585
4699,332.18082
4700,295.6634
4701,495.73083
4702,349.95685
4703,310.35666
4704,314.2017
4705,245.62386
4706,201.78818
4707,230.0439
4708,298.65622
4709,331.60672
4710,298.45288
4711,224.27896
4712,473.88995
4713,454.84305
4714,330.01196
4715,201.09955
4716,107.91839
4717,130.28816
4718,110.69146
4719,133.20331
4720,124.412315
4721,122.18227
4722,96.694664
4723,134.64671
4724,125.275635
4725,160.19363
4726,160.54071
4727,158.14201
4728,146.95784
4729,123.08128
4730,149.33803
4731,136.82805
4732,86.60125
4733,205.77782
4734,254.63803
4735,226.68448
4736,156.82256
4737,127.61004
4738,161.9316
4739,261.9214
4740,242.7777
4741,262.38052
4742,227.34349
4743,304.00366
4744,267.6436
4745,322.96823
4746,300.54312
4747,246.44249
4748,383.84784
4749,462.659
4750,400.8505
4751,346.374
4752,347.07816
4753,313.98483
4754,288.3657
4755,246.86053
4756,195.32133
4757,254.60693
4758,383.56396
4759,301.51416
4760,153.31982
4761,206.84912
4762,389.93594
4763,742.6222
4764,946.3631
4765,777.7535
4766,646.691
4767,449.3727
4768,473.204
4769,550.96124
4770,605.99835
4771,661.9788
4772,742.013
4773,590.3631
4774,484.11182
4775,621.19293
4776,367.88937
4777,509.3753
4778,433.16968
4779,664.94104
4780,689.9419
4781,584.95233
4782,742.7065
4783,632.63464
4784,812.06055
4785,660.6658
4786,622.1337
4787,461.01233
4788,423.1097
4789,451.9428
4790,485.97797
4791,940.72675
4792,1017.4564
4793,885.35724
4794,719.1204
4795,1118.6259
4796,1530.7218
4797,1215.9958
4798,1528.5553
4799,1364.929
4800,1385.5885
4801,1608.9568
4802,1952.2686
4803,1590.5156
4804,1113.5491
4805,1220.4515
4806,1543.5284
4807,1133.0775
4808,1222.8225
4809,1030.2261
4810,1402.1132
4811,1769.3384
4812,1595.917
4813,1859.0038
4814,1567.5413
4815,1506.6855
4816,968.6691
4817,868.3559
4818,941.35785
4819,748.2571
4820,902.3578
4821,798.1424
4822,720.59546
4823,917.5546
4824,802.9532
4825,691.7341
4826,608.9296
4827,586.11017
4828,673.2489
4829,850.56976
4830,663.86426
4831,722.3686
4832,653.0237
4833,775.9046
4834,929.1224
4835,764.0078
4836,703.83325
4837,614.5671
4838,741.692
4839,743.6016
4840,909.2455
4841,982.79755
4842,966.31683
4843,1052.3629
4844,1055.0303
4845,856.7441
4846,721.00116
4847,710.0675
4848,600.349
4849,502.28244
4850,506.46606
4851,378.14417
4852,562.63684
4853,711.9628
4854,721.8287
4855,712.00726
4856,880.19
4857,1509.106
4858,1419.8868
4859,1471.1696
4860,1455.4088
4861,1583.3997
4862,1249.3634
4863,923.0545
4864,994.39734
4865,1009.26904
4866,930.73834
4867,779.96906
4868,855.5964
4869,804.0578
4870,739.3815
4871,912.67645
4872,591.0575
4873,493.81955
4874,634.3169
4875,1065.1077
4876,915.9259
4877,1051.0623
4878,1679.4222
4879,1336.0004
4880,587.45654
4881,684.02124
4882,669.4929
4883,570.6874
4884,956.7027
4885,807.0834
4886,891.1944
4887,639.80225
4888,479.96115
4889,447.20425
4890,413.30463
4891,463.99057
4892,296.36066
4893,379.2687
4894,441.3174
4895,338.9756
4896,390.3368
4897,315.29718
4898,337.56573
4899,398.0781
4900,388.91898
4901,454.07892
4902,397.75858
4903,463.7865
4904,484.87912
4905,567.92474
4906,529.5688
4907,683.774
4908,606.5396
4909,507.80655
4910,724.9646
4911,719.702
4912,620.15594
4913,753.29474
4914,552.1887
4915,330.0516
4916,335.1954
4917,511.12912
4918,360.73654
4919,464.61642
4920,561.18726
4921,641.8014
4922,429.04636
4923,390.1186
4924,547.63983
4925,390.022
4926,530.3332
4927,270.80484
4928,439.3367
4929,539.91016
4930,396.8633
4931,208.71272
4932,268.91626
4933,334.3448
4934,527.71906
4935,322.08157
4936,447.5415
4937,412.2391
4938,521.4617
4939,517.3971
4940,151.20857
4941,130.90002
4942,359.89328
4943,178.11725
4944,235.86853
4945,541.8087
4946,505.64133
4947,631.2237
4948,445.7489
4949,347.33032
4950,569.6794
4951,565.38995
4952,340.88556
4953,518.44763
4954,606.1197
4955,512.7261
4956,953.8088
4957,517.0341
4958,998.9593
4959,525.71014
4960,516.39246
4961,393.04306
4962,692.43805
4963,485.5993
4964,873.0743
4965,862.0009
4966,1294.9458
4967,1264.2787
4968,1300.8629
4969,723.2011
4970,846.1646
4971,1181.0765
4972,1113.6957
4973,1243.7849
4974,1398.1693
4975,1387.6133
4976,1832.433
4977,1798.4077
4978,1806.1746
4979,1803.5734
4980,1569.3298
4981,1533.032
4982,1440.6143
4983,1390.8129
4984,1587.6483
4985,1608.998
4986,1547.6725
4987,1738.4797
4988,1698.5248
4989,1814.1477
4990,1750.2383
4991,1899.9807
4992,1726.8848
4993,1769.5222
4994,1484.3015
4995,1559.962
4996,1578.4933
4997,1815.6963
4998,1550.5402
4999,1649.8683
5000,1587.7622
5001,1577.2487
5002,1666.718
5003,1748.5764
5004,1587.0319
5005,1504.0724
5006,1490.9398
5007,1489.6758
5008,1099.1581
5009,1140.2301
5010,1190.5985
5011,1237.9539
5012,1039.5127
5013,931.63464
5014,899.8532
5015,845.0618
5016,728.9885
5017,1160.099
5018,794.8916
5019,805.4805
5020,547.89526
5021,284.4251
5022,271.87827
5023,461.6944
5024,311.22705
5025,259.79254
5026,251.23882
5027,368.0515
5028,534.4193
5029,759.9327
5030,606.8691
5031,545.5894
5032,677.0243
5033,522.7352
5034,323.37958
5035,253.17946
5036,471.3695
5037,431.85336
5038,421.41275
5039,369.91782
5040,363.23593
5041,368.13107
5042,433.3544
5043,446.4239
5044,488.3259
5045,589.6381
5046,693.6767
5047,568.20715
5048,656.9571
5049,655.898
5050,350.6728
5051,363.79218
5052,436.94724
5053,1039.6445
5054,1244.1556
5055,1337.4926
5056,1134.0599
5057,1114.667
5058,1442.4987
5059,1090.8629
5060,1585.5177
5061,1695.4832
5062,1480.3495
5063,1745.833
5064,1751.1166
5065,1763.1947
5066,1619.7672
5067,1636.4473
5068,1488.1506
5069,1406.2306
5070,1665.5962
5071,1323.204
5072,1504.6871
5073,1581.414
5074,1205.9528
5075,1442.621
5076,1534.0562
5077,1526.0594
5078,1307.6584
5079,1214.0248
5080,1202.4833
5081,1171.5403
5082,1241.8209
5083,1167.4956
5084,1056.1179
5085,1567.0518
5086,1507.1549
5087,1852.369
5088,1685.223
5089,1392.0706
5090,1487.6836
5091,1212.0686
5092,1563.0535
5093,1730.1267
5094,1800.7844
5095,1958.2467
5096,1956.7477
5097,2005.346
5098,1874.9927
5099,1874.9927
5100,1893.4459
5101,1968.3281
5102,1928.5286
5103,1901.5051
5104,1839.8544
5105,1489.5812
5106,1745.9493
5107,1530.8989
5108,1769.5709
5109,1704.2145
5110,1896.8359
5111,2010.0697
5112,1959.7134
5113,1805.2828
5114,1912.822
5115,1805.1239
5116,1867.1643
5117,1896.8461
5118,1908.0864
5119,1881.0706
5120,1836.9453
5121,1743.4293
5122,1911.9122
5123,1852.8876
5124,1589.0459
5125,1891.1133
5126,1308.5702
5127,1320.3036
5128,1203.2075
5129,1558.0724
5130,1373.6769
5131,1364.495
5132,1499.0118
5133,1440.0623
5134,900.29877
5135,1308.4596
5136,1639.7361
5137,1484.408
5138,1229.2981
5139,912.2277
5140,1195.0125
5141,1654.5072
5142,1484.8452
5143,1509.2808
5144,1383.127
5145,1178.6804
5146,1160.2831
5147,740.61115
5148,510.36526
5149,220.91142
5150,401.2235
5151,348.31226
5152,376.204
5153,516.7681
5154,524.37146
5155,588.6879
5156,533.44257
5157,592.82367
5158,841.06866
5159,769.62286
5160,633.32806
5161,530.7184
5162,633.9889
5163,500.823
5164,413.37387
5165,387.1373
5166,256.04062
5167,226.33589
5168,323.62775
5169,444.66638
5170,215.71655
5171,189.756
5172,250.61116
5173,309.3691
5174,369.58395
5175,284.85052
5176,158.83138
5177,68.02468
5178,114.17905
5179,234.87244
5180,412.8258
5181,559.87274
5182,392.09274
5183,471.46335
5184,641.48474
5185,417.8334
5186,244.48434
5187,115.82117
5188,114.23998
5189,114.23998
5190,56.450523
5191,36.595802
5192,35.41261
5193,29.259306
5194,67.789215
5195,28.750002
5196,52.609093
5197,184.77611
5198,224.59175
5199,198.08994
5200,250.08554
5201,227.57687
5202,314.10516
5203,471.69327
5204,409.58252
5205,570.7124
5206,489.48633
5207,496.59973
5208,597.3849
5209,431.41742
5210,382.62634
5211,523.90857
5212,396.5945
5213,508.01
5214,415.31805
5215,414.7428
5216,294.81622
5217,292.8739
5218,274.55145
5219,436.1305
5220,228.48018
5221,245.0983
5222,459.42978
5223,533.6945
5224,446.7804
5225,507.6271
5226,432.4736
5227,249.07028
5228,200.16322
5229,151.95744
5230,122.579666
5231,161.44592
5232,204.6381
5233,253.45874
5234,241.4465
5235,114.99014
5236,123.17885
5237,103.59137
5238,68.000946
5239,44.53078
5240,92.56459
5241,52.438293
5242,96.94828
5243,100.78443
5244,99.88903
5245,29.926167
5246,34.76505
5247,18.422113
5248,2.228487
5249,36.12722
5250,121.42158
5251,90.722115
5252,109.50951
5253,93.13567
5254,172.23204
5255,163.66083
5256,73.998604
5257,53.492043
5258,40.581425
5259,78.294945
5260,125.75067
5261,120.70827
5262,128.8447
5263,57.501278
5264,13.0248575
5265,6.464524
5266,1.8520011
5267,1.8520011
5268,1.2953192
5269,1.2953192
5270,1.2953192
5271,1.1899173
5272,1.1899173
5273,1.1899173
5274,1.1899173
5275,1.0290617
5276,1.0290617
5277,1.0870355
5278,1.3557533
5279,1.3557533
5280,1.3557533
5281,1.3557533
5282,1.3557533
5283,1.2834011
5284,1.245266
5285,1.3543998
5286,25.726461
5287,6.818669
5288,21.5392
5289,6.4706473
5290,1.5259018
5291,1.7711196
5292,50.063213
5293,204.63858
5294,297.14185
5295,449.7756
5296,325.14273
5297,171.42691
5298,178.65825
5299,226.19876
5300,204.22261
5301,143.95522
5302,206.9392
5303,146.59921
5304,345.44058
5305,341.95193
5306,234.82588
5307,216.76318
5308,288.58292
5309,285.54355
5310,234.5294
5311,221.1105
5312,173.62273
5313,161.4505
5314,176.57536
5315,216.68112
5316,157.81738
5317,159.99945
5318,212.94597
5319,273.19028
5320,270.0177
5321,243.4684
5322,277.57928
5323,357.75348
5324,343.83847
5325,382.39493
5326,391.21536
5327,341.5177
5328,345.37558
5329,234.6175
5330,323.37836
5331,197.62271
5332,273.6882
5333,146.2309
5334,88.18597
5335,134.46475
5336,208.9974
5337,167.71541
5338,228.12639
5339,215.80695
5340,185.59613
5341,101.365616
5342,95.663635
5343,11.6084
5344,23.580019
5345,5.8663397
5346,25.23849
5347,83.65707
5348,122.7813
5349,106.96352
5350,64.96533
5351,31.346548
5352,31.502634
5353,90.35895
5354,49.571365
5355,11.924595
5356,54.23127
5357,15.088469
5358,25.811573
5359,76.06221
5360,169.32701
5361,145.51704
5362,162.92766
5363,115.85253
5364,152.0555
5365,307.2545
5366,586.6944
5367,627.2626
5368,477.03583
5369,485.1735
5370,261.3186
5371,31.04895
5372,7.391791
5373,14.943086
5374,89.55003
5375,106.3192
5376,113.01271
5377,83.83191
5378,81.13266
5379,40.460037
5380,32.49976
5381,49.831825
5382,12.7074
5383,1.109789
5384,2.4843533
5385,5.762861
5386,2.2673068
5387,1.4384427
5388,1.2138706
5389,1.109789
5390,1.109789
5391,1.109789
5392,1.7232224
5393,1.7232224
5394,1.4444772
5395,1.4789108
5396,1.6694566
5397,1.1154555
5398,0.9956332
5399,0.9956332
5400,0.9956332
5401,0.9956332
5402,2.153151
5403,1.377335
5404,1.4518712
5405,1.3989651
5406,1.91053
5407,1.4518712
5408,1.3489894
5409,1.3489894
5410,1.2657114
5411,79.16519
5412,105.74127
5413,73.07424
5414,92.500465
5415,76.82585
5416,53.843594
5417,73.28258
5418,35.298405
5419,11.934961
5420,4.796966
5421,4.7469087
5422,5.977543
5423,0.77040786
5424,0.87448937
5425,0.77040786
5426,5.5416713
5427,9.0627165
5428,73.10547
5429,74.4927
5430,65.940605
5431,8.446748
5432,26.207762
5433,50.08316
5434,21.797497
5435,4.236709
5436,2.1565423
5437,1.0740199
5438,0.79846686
5439,1.191315
5440,1.2253962
5441,0.76673734
5442,0.76673734
5443,0.69438535
5444,0.76673734
5445,0.76673734
5446,0.4295004
5447,0.4295004
5448,0.4295004
5449,0.4295004
5450,0.4295004
5451,0.463934
5452,0.7491745
5453,0.7491745
5454,0.7491745
5455,0.7491745
5456,0.7491745
5457,0.7491745
5458,3.0823028
5459,1.8346276
5460,1.8317254
5461,1.6474314
5462,1.6474314
5463,1.6474314
5464,1.1703609
5465,3.062823
5466,0.93408567
5467,0.93408567
5468,0.96851915
5469,0.96851915
5470,0.6463874
5471,0.750469
5472,1.6476115
5473,1.1905882
5474,1.1905882
5475,1.6370577
5476,54.71013
5477,100.20939
5478,66.91936
5479,32.507744
5480,46.985
5481,115.31048
5482,80.27132
5483,185.77423
5484,175.5796
5485,96.94684
5486,133.4911
5487,247.21613
5488,144.84154
5489,109.987015
5490,77.459404
5491,109.94752
5492,139.27919
5493,198.77585
5494,230.7724
5495,184.05429
5496,264.42862
5497,217.40947
5498,169.61024
5499,147.29109
5500,164.13568
5501,176.2576
5502,99.177826
5503,47.672905
5504,81.42063
5505,236.38391
5506,306.377
5507,398.2614
5508,354.81332
5509,187.78426
5510,183.93356
5511,129.30132
5512,87.81853
5513,49.49987
5514,149.11325
5515,144.45197
5516,85.35622
5517,122.302986
5518,111.03427
5519,116.35197
5520,88.299034
5521,44.93422
5522,58.971565
5523,55.14952
5524,138.80035
5525,178.97125
5526,176.31267
5527,155.63736
5528,118.83741
5529,79.25909
5530,61.1174
5531,70.72766
5532,67.978645
5533,51.250282
5534,18.441633
5535,34.93988
5536,19.991457
5537,13.470185
5538,0.61393076
5539,0.8385028
5540,1.006779
5541,0.61393076
5542,1.2727133
5543,1.3212023
5544,1.3212023
5545,1.2967649
5546,2.1251402
5547,1.0717038
5548,1.084181
5549,1.084181
5550,1.084181
5551,1.1882626
5552,1.084181
5553,1.084181
5554,1.036201
5555,2.0896373
5556,1.4472145
5557,1.260773
5558,0.9321194
5559,0.9321194
5560,0.9321194
5561,0.9321194
5562,0.9321194
5563,0.9321194
5564,0.9321194
5565,0.87929624
5566,1.645436
5567,1.4721183
5568,1.191315
5569,2.4182491
5570,0.79846686
5571,0.79846686
5572,0.79846686
5573,0.79846686
5574,0.69438535
5575,0.69438535
5576,0.69438535
5577,0.69438535
5578,0.69438535
5579,0.69438535
5580,0.69438535
5581,0.69438535
5582,0.79846686
5583,0.95103127
5584,1.645436
5585,0.79846686
5586,0.69438535
5587,28.723236
5588,94.03215
5589,25.839266
5590,23.0446
5591,7.8075237
5592,0.7491745
5593,11.737544
5594,20.60351
5595,26.417421
5596,19.369886
5597,6.1234417
5598,12.025933
5599,28.890696
5600,43.07607
5601,43.970146
5602,40.867546
5603,12.482074
5604,14.654289
5605,23.038649
5606,68.54295
5607,46.588062
5608,16.476885
5609,7.6491075
5610,18.844988
5611,45.183548
5612,55.2782
5613,52.86981
5614,111.43812
5615,124.367874
5616,84.26773
5617,52.511898
5618,52.286106
5619,30.258972
5620,9.785714
5621,13.34344
5622,4.5864053
5623,2.4345531
5624,1.0447487
5625,1.0447487
5626,1.0337995
5627,1.0337995
5628,1.068233
5629,1.026869
5630,1.0086226
5631,1.0086226
5632,0.8188672
5633,0.8188672
5634,0.8188672
5635,0.8188672
5636,0.8188672
5637,0.8188672
5638,0.8188672
5639,0.78443366
5640,0.78443366
5641,0.78443366
5642,0.78443366
5643,0.78443366
5644,0.8188672
5645,0.8188672
5646,0.8188672
5647,0.8188672
5648,0.8188672
5649,0.8188672
5650,0.8188672
5651,0.8885152
5652,0.8885152
5653,1.1130873
5654,0.8188672
5655,0.78443366
5656,0.8885152
5657,0.78443366
5658,0.78443366
5659,0.8188672
5660,4.6422706
5661,1.1302298
5662,1.1302298
5663,1.2343115
5664,2.2877476
5665,2.2877476
5666,1.2343115
5667,1.2343115
5668,1.5589099
5669,1.6271594
5670,2.2877476
5671,2.2877476
5672,1.883571
5673,1.6818985
5674,2.2877476
5675,1.2343115
5676,1.4588835
5677,2.2877476
5678,1.6271594
5679,1.1302298
5680,2.9011235
5681,12.903477
5682,49.48883
5683,11.401245
5684,14.266667
5685,17.549286
5686,50.78855
5687,26.985565
5688,11.372199
5689,1.5043643
5690,1.8634595
5691,1.8534176
5692,1.2963247
5693,1.1922431
5694,1.1922431
5695,4.0530753
5696,8.725902
5697,27.682003
5698,69.35335
5699,72.92474
5700,94.37743
5701,45.69211
5702,128.35255
5703,87.3683
5704,75.57859
5705,48.98355
5706,61.10357
5707,61.176765
5708,56.661987
5709,126.998764
5710,173.29971
5711,115.28194
5712,97.86342
5713,67.02615
5714,66.08063
5715,53.22309
5716,73.346504
5717,60.263145
5718,155.91008
5719,116.813034
5720,121.75769
5721,65.34798
5722,57.870247
5723,55.26982
5724,53.59339
5725,64.25496
5726,112.63745
5727,159.8325
5728,152.24481
5729,98.00412
5730,114.98212
5731,97.706635
5732,110.99084
5733,147.46017
5734,208.97905
5735,260.83023
5736,206.40594
5737,231.0706
5738,285.4378
5739,398.61365
5740,465.81607
5741,415.4377
5742,490.4099
5743,495.58185
5744,507.62894
5745,535.5636
5746,603.37317
5747,530.37415
5748,518.2601
5749,514.0314
5750,666.96747
5751,653.6521
5752,540.9206
5753,511.53522
5754,470.33237
5755,366.63168
5756,353.69785
5757,334.5152
5758,329.965
5759,397.39075
5760,384.3844
5761,310.0059
5762,322.60568
5763,378.54608
5764,364.78168
5765,455.66672
5766,459.27527
5767,455.59976
5768,402.3431
5769,395.00644
5770,317.0086
5771,325.92413
5772,328.45108
5773,481.342
5774,463.60123
5775,408.67636
5776,326.20944
5777,389.92578
5778,330.8136
5779,331.6349
5780,311.44684
5781,386.9195
5782,470.2933
5783,649.7492
5784,536.94543
5785,431.4488
5786,419.19437
5787,372.58115
5788,300.65588
5789,229.17305
5790,198.60936
5791,166.54001
5792,147.61147
5793,138.17227
5794,125.04711
5795,214.46046
5796,102.66073
5797,117.772514
5798,142.40054
5799,197.66606
5800,350.64932
5801,257.40796
5802,251.55121
5803,357.21558
5804,370.10168
5805,325.68393
5806,454.82977
5807,478.8249
5808,626.80505
5809,589.22485
5810,556.3727
5811,1137.6567
5812,1187.3844
5813,799.609
5814,581.7851
5815,766.07007
5816,658.1021
5817,698.8742
5818,623.6838
5819,515.74506
5820,773.39
5821,507.72263
5822,763.8793
5823,624.8787
5824,971.9194
5825,739.62335
5826,546.1774
5827,406.12973
5828,516.505
5829,349.8262
5830,587.8427
5831,453.69547
5832,420.43826
5833,426.6226
5834,479.32928
5835,696.30005
5836,540.4903
5837,728.2292
5838,639.28046
5839,521.54736
5840,563.2022
5841,652.2961
5842,704.4252
5843,554.6943
5844,514.53046
5845,477.80026
5846,405.03214
5847,429.39853
5848,380.8367
5849,423.24652
5850,312.26736
5851,405.4711
5852,307.75742
5853,227.13269
5854,238.28436
5855,257.55005
5856,378.28238
5857,455.56265
5858,359.7928
5859,344.89044
5860,326.53113
5861,226.16293
5862,188.63062
5863,218.8298
5864,147.6747
5865,161.06483
5866,143.06042
5867,129.22165
5868,115.69303
5869,124.26246
5870,90.336975
5871,124.368996
5872,95.76116
5873,164.24658
5874,154.56487
5875,148.59932
5876,166.29416
5877,150.30629
5878,152.36392
5879,215.29234
5880,153.76048
5881,135.49332
5882,188.80629
5883,230.04573
5884,187.9539
5885,174.6049
5886,177.49893
5887,125.4924
5888,125.2795
5889,99.22927
5890,99.11368
5891,100.09218
5892,90.865486
5893,90.52025
5894,113.408104
5895,138.15842
5896,187.01512
5897,171.44606
5898,163.5961
5899,167.89185
5900,130.32634
5901,142.47722
5902,140.70947
5903,137.24706
5904,107.382935
5905,43.7043
5906,61.98546
5907,42.825935
5908,57.25284
5909,67.88787
5910,46.7539
5911,53.90709
5912,35.88765
5913,58.95935
5914,50.724503
5915,24.890934
5916,62.47499
5917,84.98816
5918,76.04947
5919,94.15873
5920,99.76192
5921,75.94646
5922,77.52591
5923,30.356873
5924,72.56516
5925,19.767918
5926,23.028149
5927,50.502327
5928,55.17325
5929,55.12136
5930,13.725602
5931,7.8772345
5932,5.8418975
5933,28.28899
5934,17.225626
5935,5.880347
5936,3.2617662
5937,3.326218
5938,2.1681015
5939,2.8625064
5940,2.0096602
5941,2.0096602
5942,2.8625064
5943,2.4827213
5944,2.1953468
5945,2.9441116
5946,2.5743685
5947,2.9441116
5948,3.42707
5949,29.330896
5950,35.437813
5951,7.620929
5952,1.704036
5953,1.5044706
5954,1.8190899
5955,1.1757637
5956,1.3395962
5957,1.8888828
5958,1.8888828
5959,1.3799274
5960,1.3799274
5961,1.3799274
5962,1.68721
5963,2.2586255
5964,1.8888828
5965,1.3395962
5966,1.3395962
5967,1.3395962
5968,1.3866266
5969,1.282545
5970,1.282545
5971,1.3866266
5972,2.3056557
5973,1.4269578
5974,1.5096757
5975,2.20408
5976,1.5096757
5977,1.325382
5978,1.325382
5979,3.6799042
5980,3.5819454
5981,3.5819454
5982,1.6894834
5983,6.297114
5984,63.96781
5985,56.723953
5986,36.462257
5987,24.420015
5988,41.84417
5989,50.227333
5990,46.16745
5991,22.078598
5992,5.066618
5993,7.175926
5994,5.066618
5995,9.757085
5996,6.536718
5997,5.529973
5998,10.51569
5999,12.313643
6000,12.0708685
6001,58.371674
6002,26.566061
6003,41.62799
6004,35.211906
6005,35.509987
6006,60.142906
6007,70.28183
6008,49.165283
6009,24.13564
6010,37.714172
6011,15.130361
6012,4.816855
6013,6.4741406
6014,1.7503507
6015,2.1200936
6016,1.5486779
6017,1.7403089
6018,1.2010641
6019,1.2010641
6020,1.0969826
6021,1.2010641
6022,1.1024144
6023,0.99833286
6024,0.99833286
6025,1.6849303
6026,2.0647154
6027,1.8651496
6028,1.5311152
6029,1.2238326
6030,1.4233985
6031,1.6076922
6032,1.4233985
6033,1.338968
6034,1.8970017
6035,2.0647154
6036,1.1024144
6037,1.5385339
6038,1.1978983
6039,1.3019799
6040,1.1978983
6041,1.1978983
6042,1.0119457
6043,0.5641377
6044,0.7637036
6045,0.5641377
6046,0.86186206
6047,0.8274285
6048,2.2019918
6049,0.59407175
6050,0.59407175
6051,0.8280709
6052,0.6577449
6053,0.6921785
6054,1.1357632
6055,0.9633509
6056,0.92891735
6057,3.2834396
6058,1.3677323
6059,0.8708027
6060,0.8708027
6061,0.67123705
6062,0.64361596
6063,0.67123705
6064,0.8708027
6065,0.8708027
6066,1.1284422
6067,1.4938663
6068,1.4938663
6069,1.4938663
6070,1.4938663
6071,1.4938663
6072,1.4938663
6073,1.4938663
6074,1.4938663
6075,1.4938663
6076,1.6661165
6077,-1.0049875
6078,-1.2159847
6079,-1.2159847
6080,-1.2159847
6081,-1.8390485
6082,0.4249491
6083,0.73831385
6084,0.52731663
6085,0.52731663
6086,0.52731663
6087,0.52731663
6088,0.32775092
6089,0.32775092
6090,0.32775092
6091,0.32775092
6092,0.22538364
6093,0.28513443
6094,0.36320016
6095,0.5000011
6096,0.69956654
6097,0.69956654
6098,0.69956654
6099,0.69956654
6100,-6.2461863
6101,-6.2461863
6102,-6.2461863
6103,-6.445752
6104,-6.2461863
6105,-6.2461863
6106,0.52731663
6107,0.32775092
6108,0.32775092
6109,0.32775092
6110,0.32775092
6111,0.52731663
6112,0.07933335
6113,0.07933335
6114,-0.11123546
6115,-0.23902884
6116,0.72704446
6117,0.14640409
6118,0.6198965
6119,0.77345437
6120,0.77345437
6121,1.2429602
6122,1.2429602
6123,1.1388786
6124,1.2554375
6125,1.2554375
6126,1.2554375
6127,1.2554375
6128,1.3595191
6129,1.5840915
6130,1.3595191
6131,1.3595191
6132,1.2554375
6133,1.3595191
6134,1.2554375
6135,1.5840915
6136,2.2439456
6137,1.751443
6138,1.1416734
6139,1.8360784
6140,1.466335
6141,2.2439456
6142,1.3484901
6143,1.350479
6144,1.6024657
6145,1.3484901
6146,1.1259066
6147,1.1259066
6148,1.021825
6149,1.021825
6150,1.021825
6151,1.021825
6152,1.021825
6153,0.9600421
6154,2.0103333
6155,1.021825
6156,1.021825
6157,1.1763673
6158,1.1259066
6159,1.021825
6160,1.021825
6161,1.1763673
6162,1.1763673
6163,1.1763673
6164,1.1763673
6165,1.1763673
6166,0.92565566
6167,0.92565566
6168,0.92565566
6169,0.92565566
6170,0.92565566
6171,0.92565566
6172,0.92565566
6173,0.80554706
6174,0.80554706
6175,0.80554706
6176,0.80554706
6177,0.80554706
6178,2.4413733
6179,2.4413733
6180,2.4413733
6181,2.4413733
6182,2.4413733
6183,2.4413733
6184,2.4413733
6185,2.4413733
6186,2.4413733
6187,1.8183098
6188,1.6784947
6189,3.0583115
6190,12.082785
6191,26.01645
6192,21.766201
6193,64.302826
6194,85.96289
6195,158.62898
6196,107.370995
6197,243.68901
6198,245.44664
6199,225.07654
6200,234.7659
6201,292.7138
6202,270.91003
6203,212.98581
6204,250.67719
6205,393.95877
6206,421.60016
6207,366.62204
6208,274.70947
6209,213.51651
6210,245.88377
6211,354.2798
6212,374.9179
6213,341.48685
6214,243.67154
6215,320.6686
6216,226.26851
6217,269.3773
6218,220.01103
6219,194.41147
6220,277.50784
6221,304.505
6222,211.15324
6223,204.74565
6224,135.88428
6225,81.78802
6226,204.45786
6227,91.50251
6228,9.944492
6229,17.032606
6230,24.679352
6231,5.0947123
6232,71.37227
6233,93.48965
6234,66.64528
6235,80.83968
6236,49.729744
6237,19.942142
6238,22.7523
6239,50.674736
6240,101.169655
6241,174.80891
6242,154.43427
6243,188.24931
6244,192.1818
6245,207.32103
6246,266.33987
6247,339.58722
6248,327.75427
6249,319.5534
6250,238.3312
6251,253.02547
6252,232.82996
6253,362.07126
6254,240.72
6255,275.3106
6256,328.12433
6257,507.66647
6258,478.11688
6259,457.76776
6260,537.79095
6261,635.35846
6262,631.0852
6263,756.7487
6264,683.72363
6265,477.92383
6266,322.17868
6267,287.63217
6268,411.26038
6269,405.62592
6270,508.70157
6271,436.58282
6272,360.18558
6273,296.64795
6274,477.90237
6275,559.7806
6276,508.52914
6277,661.0131
6278,508.82602
6279,503.55414
6280,420.4967
6281,439.4939
6282,494.27924
6283,537.6495
6284,565.0601
6285,697.9937
6286,756.53046
6287,603.4207
6288,536.08386
6289,628.02277
6290,510.8804
6291,703.9104
6292,868.2792
6293,595.9744
6294,390.42123
6295,349.94946
6296,444.01233
6297,519.31396
6298,522.1502
6299,435.47183
6300,350.07986
6301,220.28503
6302,286.23013
6303,414.69595
6304,551.6114
6305,528.1609
6306,430.23798
6307,498.55652
6308,545.07446
6309,552.02094
6310,547.2704
6311,581.82434
6312,543.1533
6313,501.48007
6314,466.13632
6315,510.26135
6316,433.06213
6317,392.53662
6318,424.95078
6319,366.42978
6320,340.59357
6321,408.55606
6322,427.2795
6323,449.2673
6324,495.8067
6325,537.0991
6326,554.3883
6327,697.10535
6328,635.4463
6329,555.5497
6330,466.50983
6331,485.61707
6332,556.93744
6333,768.09033
6334,988.21094
6335,1073.6423
6336,1189.1715
6337,1092.8046
6338,1189.3395
6339,1167.1495
6340,997.687
6341,792.714
6342,1253.3223
6343,1209.009
6344,1227.1954
6345,1318.7394
6346,1283.365
6347,1289.9086
6348,1217.022
6349,763.4842
6350,733.26764
6351,1295.8541
6352,1593.9026
6353,1466.968
6354,1283.3636
6355,1569.7129
6356,1552.6023
6357,1329.8715
6358,1233.4054
6359,1262.0153
6360,1104.4949
6361,1134.0736
6362,1128.1406
6363,1213.915
6364,1394.8658
6365,1428.5017
6366,1466.4839
6367,1760.2559
6368,1712.1301
6369,1567.0151
6370,1339.6398
6371,1285.335
6372,1683.6763
6373,1472.4513
6374,1192.6792
6375,1059.4525
6376,1029.796
6377,808.7715
6378,758.8121
6379,1035.8408
6380,1170.5066
6381,1225.3031
6382,1178.0691
6383,1472.7386
6384,1251.5801
6385,1120.1897
6386,943.5814
6387,1264.315
6388,1373.5099
6389,1149.103
6390,956.68225
6391,948.4619
6392,1128.5549
6393,893.9471
6394,1266.227
6395,1028.8813
6396,1349.2223
6397,1028.94
6398,876.7676
6399,1395.9102
6400,1467.77
6401,1386.4596
6402,1190.6803
6403,1056.3059
6404,1133.62
6405,807.44305
6406,593.51526
6407,867.1517
6408,1103.6228
6409,603.0504
6410,704.15515
6411,828.3368
6412,828.40424
6413,863.90857
6414,1098.5626
6415,1148.4635
6416,1136.145
6417,1356.7443
6418,1235.0928
6419,1241.6979
6420,1255.4761
6421,1132.7085
6422,985.17804
6423,889.0349
6424,1049.898
6425,877.01294
6426,870.30194
6427,1101.2881
6428,956.73553
6429,848.82166
6430,885.72626
6431,987.6983
6432,780.0138
6433,672.0046
6434,960.78076
6435,949.44025
6436,908.3715
6437,727.2913
6438,736.2417
6439,718.53687
6440,809.5385
6441,700.22974
6442,761.94147
6443,883.3039
6444,1029.6359
6445,739.7103
6446,524.95734
6447,357.10513
6448,233.38443
6449,215.14487
6450,226.89886
6451,238.51334
6452,355.59128
6453,341.88553
6454,347.23065
6455,335.3523
6456,311.24728
6457,324.55682
6458,319.27094
6459,342.86676
6460,354.4726
6461,456.26114
6462,693.8472
6463,786.32715
6464,492.4166
6465,286.1853
6466,296.43225
6467,311.90057
6468,238.51439
6469,233.85686
6470,212.80635
6471,230.54497
6472,200.67552
6473,107.78752
6474,79.10285
6475,71.07853
6476,82.13685
6477,83.09133
6478,99.50238
6479,137.22318
6480,120.90307
6481,134.65019
6482,125.06896
6483,126.76074
6484,124.83418
6485,111.94239
6486,82.0532
6487,48.655228
6488,57.729034
6489,80.669495
6490,90.96087
6491,21.44645
6492,71.16936
6493,42.725677
6494,50.82984
6495,82.20749
6496,94.13612
6497,91.660385
6498,127.23807
6499,137.92752
6500,152.92798
6501,140.93958
6502,108.61976
6503,155.48337
6504,199.15456
6505,174.32593
6506,146.31454
6507,114.29308
6508,160.06729
6509,148.16725
6510,187.62816
6511,107.28091
6512,145.3622
6513,139.65591
6514,102.22466
6515,31.042732
6516,4.9618278
6517,8.586459
6518,30.72064
6519,72.37166
6520,68.932045
6521,51.812187
6522,74.31297
6523,83.61999
6524,99.82743
6525,63.30329
6526,78.985855
6527,139.79996
6528,105.1428
6529,106.30927
6530,125.20442
6531,78.970024
6532,31.631763
6533,19.053926
6534,46.5247
6535,23.693323
6536,18.65085
6537,29.16609
6538,31.019127
6539,23.738626
6540,20.527794
6541,5.056037
6542,1.7481143
6543,0.060182314
6544,1.6059196
6545,1.7100012
6546,2.102849
6547,2.8869417
6548,3.5993862
6549,3.6216273
6550,2.042084
6551,0.22542286
6552,0.22542286
6553,0.88456607
6554,0.88456607
6555,0.91914415
6556,1.0357028
6557,1.0357028
6558,1.0247489
6559,1.0247489
6560,1.0247489
6561,1.0247489
6562,0.8751941
6563,0.8751941
6564,1.0071734
6565,1.0071734
6566,0.98851395
6567,1.3024201
6568,0.68865585
6569,1.5865511
6570,1.2979541
6571,1.2979541
6572,1.2979541
6573,1.5735686
6574,33.441833
6575,41.617027
6576,39.844185
6577,22.348671
6578,50.771538
6579,109.2373
6580,109.722786
6581,94.98043
6582,110.94765
6583,104.38278
6584,99.79923
6585,35.762165
6586,42.36008
6587,79.631905
6588,49.9697
6589,64.554886
6590,30.259687
6591,32.52083
6592,39.87735
6593,64.26137
6594,33.43756
6595,32.258595
6596,72.050224
6597,66.53676
6598,89.05722
6599,95.54662
6600,78.80416
6601,82.90732
6602,87.8791
6603,75.27522
6604,110.06771
6605,88.54831
6606,98.28441
6607,69.73387
6608,82.647995
6609,144.02972
6610,218.90092
6611,211.22118
6612,289.60977
6613,316.04434
6614,296.16605
6615,287.2936
6616,288.1547
6617,257.95297
6618,258.98593
6619,151.36554
6620,157.46465
6621,160.72937
6622,128.65143
6623,135.20921
6624,163.8904
6625,186.8211
6626,198.43184
6627,220.438
6628,274.9292
6629,281.95328
6630,261.80722
6631,244.2986
6632,239.23143
6633,297.1855
6634,367.18378
6635,334.2915
6636,260.89618
6637,207.89253
6638,180.98651
6639,204.32193
6640,226.55254
6641,228.30582
6642,239.45546
6643,197.32487
6644,172.47731
6645,144.8018
6646,179.3467
6647,119.83616
6648,85.30053
6649,112.627975
6650,81.79082
6651,59.30307
6652,63.06363
6653,40.975616
6654,23.627987
6655,39.948387
6656,30.245684
6657,9.239623
6658,5.1492367
6659,0.094113484
6660,0.094113484
6661,0.14992248
6662,0.3150865
6663,0.19209789
6664,2.3826172
6665,71.609535
6666,109.36571
6667,260.88922
6668,127.54791
6669,224.6144
6670,66.90482
6671,37.5792
6672,65.40091
6673,66.36351
6674,90.48753
6675,130.09622
6676,149.44418
6677,237.77634
6678,249.46799
6679,114.92265
6680,67.29032
6681,60.78533
6682,108.81049
6683,149.5227
6684,189.8875
6685,285.87494
6686,226.47551
6687,200.47879
6688,140.88307
6689,236.63274
6690,477.2173
6691,379.77377
6692,196.48576
6693,407.29758
6694,329.70862
6695,280.0171
6696,328.92188
6697,466.7244
6698,427.12024
6699,286.34662
6700,271.31543
6701,359.4768
6702,512.2903
6703,553.4142
6704,412.654
6705,238.93419
6706,272.7222
6707,316.17645
6708,226.67752
6709,214.92354
6710,236.03683
6711,361.8926
6712,432.2325
6713,522.1912
6714,320.02322
6715,308.9592
6716,421.42648
6717,414.5955
6718,523.2996
6719,654.44086
6720,430.458
6721,497.99686
6722,479.4323
6723,402.11545
6724,435.02368
6725,519.3216
6726,663.61444
6727,602.73346
6728,435.3777
6729,407.74173
6730,637.4272
6731,565.27246
6732,466.97937
6733,526.08105
6734,444.33026
6735,433.52582
6736,362.37283
6737,378.1109
6738,298.15472
6739,272.32452
6740,206.09042
6741,212.80742
6742,235.43005
6743,340.0376
6744,355.68842
6745,312.74667
6746,286.7531
6747,244.03308
6748,235.55167
6749,226.8926
6750,203.71666
6751,193.12657
6752,178.23264
6753,171.09196
6754,158.97134
6755,162.13907
6756,203.57211
6757,240.6488
6758,234.39044
6759,197.49742
6760,197.5114
6761,204.99454
6762,161.465
6763,88.01014
6764,63.733356
6765,58.711834
6766,50.31849
6767,25.127346
6768,4.87033
6769,4.047252
6770,1.2337109
6771,0.8868078
6772,19.995409
6773,47.08167
6774,56.122486
6775,20.67151
6776,7.8819857
6777,2.883261
6778,1.8884708
6779,2.7741928
6780,2.0943828
6781,4.6542253
6782,55.820644
6783,65.16408
6784,76.512276
6785,116.93872
6786,107.09159
6787,82.61351
6788,93.45296
6789,93.08184
6790,68.06366
6791,77.6138
6792,54.704243
6793,54.702404
6794,62.251286
6795,66.465096
6796,47.961926
6797,56.57388
6798,58.458233
6799,69.51839
6800,66.10208
6801,40.211937
6802,20.80891
6803,13.875516
6804,36.70421
6805,41.802715
6806,109.87866
6807,137.19151
6808,175.85857
6809,147.59096
6810,167.58958
6811,120.10038
6812,137.91672
6813,174.04881
6814,113.704216
6815,89.74695
6816,127.88135
6817,208.8866
6818,256.67053
6819,232.02122
6820,172.52397
6821,125.03403
6822,26.896006
6823,55.073483
6824,45.044212
6825,15.650614
6826,3.5429757
6827,10.764153
6828,32.83992
6829,3.5008006
6830,4.4442143
6831,4.4442463
6832,4.410626
6833,4.3684506
6834,4.1951656
6835,4.1951656
6836,3.1036792
6837,4.922231
6838,27.4525
6839,79.87532
6840,15.000291
6841,7.4836416
6842,25.690083
6843,108.856705
6844,25.42399
6845,23.878586
6846,4.4260206
6847,9.477838
6848,10.249981
6849,1.1412675
6850,1.0580673
6851,1.0580673
6852,3.316991
6853,173.46686
6854,56.131775
6855,107.641754
6856,204.75696
6857,171.28712
6858,252.66148
6859,133.55745
6860,40.373608
6861,9.299063
6862,2.2009268
6863,2.0072205
6864,2.5771701
6865,2.761393
6866,4.892938
6867,31.511068
6868,65.79141
6869,78.824844
6870,69.22376
6871,99.602585
6872,54.605
6873,57.854343
6874,98.66856
6875,90.08197
6876,87.776085
6877,21.176151
6878,-1.959535
6879,22.463675
6880,32.869278
6881,6.285353
6882,1.6716838
6883,8.977899
6884,114.49384
6885,193.96155
6886,173.38966
6887,261.38998
6888,253.71115
6889,178.95015
6890,165.03307
6891,185.8657
6892,113.30951
6893,116.77883
6894,148.90881
6895,120.83756
6896,128.36877
6897,151.63501
6898,205.77945
6899,182.97977
6900,220.5328
6901,246.33171
6902,150.05702
6903,173.16856
6904,191.48128
6905,181.50186
6906,173.39249
6907,119.94589
6908,56.40991
6909,87.39618
6910,105.89349
6911,72.994225
6912,45.542377
6913,62.301907
6914,112.00064
6915,64.13833
6916,102.73735
6917,50.20815
6918,119.0868
6919,146.4457
6920,143.75774
6921,129.1469
6922,160.45671
6923,85.48534
6924,105.37524
6925,149.05766
6926,145.83865
6927,120.74462
6928,73.57844
6929,66.978
6930,75.49119
6931,34.105423
6932,48.117794
6933,7.433579
6934,0.956524
6935,63.1191
6936,102.43644
6937,50.50775
6938,36.7769
6939,17.421751
6940,13.093638
6941,13.267222
6942,22.026955
6943,13.0952835
6944,27.721878
6945,33.138622
6946,50.201035
6947,54.99393
6948,88.84425
6949,55.18049
6950,48.7363
6951,42.535248
6952,114.2454
6953,46.16963
6954,64.90138
6955,87.14481
6956,19.0537
6957,18.626036
6958,68.41777
6959,105.063614
6960,59.975723
6961,43.174385
6962,66.841515
6963,129.7268
6964,75.49782
6965,111.48165
6966,129.01328
6967,122.913414
6968,166.8159
6969,184.57062
6970,79.43672
6971,149.57753
6972,115.36963
6973,174.70854
6974,205.17734
6975,231.51485
6976,115.79774
6977,82.79236
6978,21.995073
6979,10.412381
6980,55.641163
6981,6.4978967
6982,5.0493727
6983,15.910574
6984,1.6256734
6985,1.6256734
6986,1.767537
6987,1.767537
6988,2.0772023
6989,3.350082
6990,2.8500154
6991,1.1261517
6992,1.1261517
6993,2.0772023
6994,1.925141
6995,1.0781716
6996,1.393944
6997,1.393944
6998,1.2885423
6999,1.2885423
7000,1.4841032
7001,1.2214183
7002,1.2214183
7003,0.9853573
7004,0.9853573
7005,2.933793
7006,3.2092872
7007,3.6543312
7008,2.9195914
7009,2.9195914
7010,5.358295
7011,3.7790568
7012,1.2031718
7013,2.822954
7014,2.822954
7015,48.82712
7016,121.75945
7017,104.787186
7018,9.574166
7019,52.732147
7020,63.110687
7021,40.49139
7022,6.214709
7023,44.008102
7024,78.4038
7025,52.27092
7026,4.432023
7027,4.620595
7028,8.298562
7029,5.9383965
7030,4.840602
7031,6.4401603
7032,26.377865
7033,10.188769
7034,6.1435356
7035,0.51155794
7036,0.30056074
7037,5.8754263
7038,1.7574674
7039,20.585735
7040,23.510283
7041,5.1754503
7042,5.2056055
7043,21.628864
7044,22.33343
7045,23.96361
7046,25.058788
7047,26.873262
7048,27.525705
7049,9.539731
7050,5.862228
7051,10.478431
7052,10.188344
7053,15.9383135
7054,10.548072
7055,10.212425
7056,39.177925
7057,46.137512
7058,52.888153
7059,24.432514
7060,21.56201
7061,5.674884
7062,6.4475245
7063,45.51879
7064,84.58766
7065,89.22246
7066,76.20162
7067,97.732864
7068,90.88149
7069,92.482796
7070,44.247856
7071,65.58457
7072,9.278899
7073,4.7949414
7074,11.6167
7075,5.4712877
7076,5.1566143
7077,14.443591
7078,23.333069
7079,14.991197
7080,1.2731642
7081,1.2731642
7082,2.278574
7083,2.278574
7084,2.278574
7085,2.278574
7086,1.4497099
7087,1.2251378
7088,2.2308476
7089,2.278574
7090,2.4624007
7091,2.4624007
7092,1.4089646
7093,2.4401596
7094,2.4624007
7095,25.401022
7096,80.57797
7097,74.12862
7098,155.69595
7099,122.02945
7100,169.30008
7101,127.03103
7102,97.25374
7103,164.41425
7104,105.27341
7105,153.0728
7106,172.46655
7107,157.56047
7108,78.6511
7109,71.539986
7110,76.1467
7111,68.73851
7112,74.34377
7113,72.33136
7114,2.5681398
7115,42.767036
7116,115.133644
7117,137.58702
7118,94.409424
7119,102.79486
7120,129.45468
7121,133.4232
7122,95.58141
7123,132.39912
7124,131.4672
7125,139.70233
7126,157.65117
7127,344.5182
7128,223.9443
7129,89.08969
7130,35.14492
7131,21.321615
7132,53.940735
7133,103.37528
7134,131.5936
7135,144.82799
7136,171.0536
7137,176.79404
7138,231.8553
7139,256.27435
7140,200.99452
7141,187.90733
7142,198.53621
7143,198.48422
7144,203.56303
7145,193.01015
7146,206.60052
7147,203.83
7148,198.90016
7149,138.91714
7150,131.19145
7151,129.2256
7152,161.64369
7153,144.94551
7154,125.57094
7155,128.84581
7156,113.50462
7157,89.35004
7158,109.913734
7159,74.126724
7160,49.94407
7161,78.13938
7162,38.578407
7163,31.538815
7164,51.48652
7165,38.19056
7166,17.09071
7167,4.509536
7168,6.4576473
7169,1.3545943
7170,0.96174616
7171,1.1863183
7172,1.847469
7173,2.015183
7174,0.9950759
7175,0.8909943
7176,0.8909943
7177,0.8909943
7178,0.8909943
7179,0.8909943
7180,0.8909943
7181,0.8909943
7182,0.8727478
7183,0.8727478
7184,0.86790323
7185,0.8334697
7186,0.9653763
7187,0.9653763
7188,0.9653763
7189,0.9653763
7190,0.9653763
7191,0.9653763
7192,0.8334697
7193,0.8334697
7194,0.8334697
7195,0.8334697
7196,4.1045804
7197,3.4544754
7198,4.2176585
7199,6.707042
7200,68.8772
7201,132.54054
7202,163.09354
7203,149.47173
7204,175.21504
7205,169.05809
7206,250.66011
7207,256.8552
7208,304.56638
7209,395.92557
7210,413.45078
7211,234.73546
7212,258.34738
7213,259.01712
7214,226.51471
7215,279.05295
7216,227.18985
7217,222.7547
7218,183.29895
7219,109.313385
7220,124.42615
7221,87.55809
7222,57.19751
7223,97.91341
7224,81.486115
7225,50.511154
7226,53.41422
7227,38.851562
7228,29.216522
7229,24.142204
7230,10.534387
7231,7.7461734
7232,19.036203
7233,1.3816445
7234,1.7552776
7235,1.7552776
7236,1.7552776
7237,1.7552776
7238,3.1578615
7239,2.4640203
7240,1.1723899
7241,2.9732065
7242,55.614857
7243,167.07527
7244,125.40511
7245,104.68174
7246,137.87938
7247,87.85424
7248,129.85345
7249,118.683
7250,89.22899
7251,102.59368
7252,70.42
7253,133.136
7254,189.26996
7255,252.74867
7256,387.22705
7257,536.8676
7258,352.86832
7259,135.9184
7260,201.8106
7261,357.97968
7262,327.2236
7263,260.84476
7264,351.00522
7265,166.53804
7266,146.71677
7267,415.67947
7268,607.45123
7269,302.90076
7270,304.5433
7271,468.586
7272,244.93385
7273,397.74597
7274,393.98334
7275,458.0165
7276,600.9517
7277,653.64197
7278,738.2434
7279,740.29236
7280,728.6553
7281,634.95575
7282,692.2718
7283,728.71185
7284,836.54803
7285,868.77795
7286,889.1898
7287,791.4698
7288,702.44305
7289,530.3549
7290,598.0973
7291,628.0115
7292,461.8007
7293,437.0706
7294,309.93726
7295,478.40048
7296,473.2967
7297,463.29233
7298,472.59625
7299,474.40158
7300,399.41763
7301,225.73817
7302,174.31894
7303,181.54526
7304,128.83553
7305,120.22165
7306,84.87388
7307,41.33993
7308,6.1275835
7309,1.4488742
7310,1.2645802
7311,1.3699822
7312,1.7994936
7313,3.1740582
7314,26.73762
7315,67.79183
7316,59.168873
7317,68.94969
7318,88.15409
7319,161.65865
7320,229.0942
7321,228.91974
7322,258.26703
7323,217.37102
7324,223.14174
7325,143.62733
7326,117.21528
7327,174.25266
7328,178.46346
7329,188.44406
7330,211.33792
7331,188.20694
7332,181.72925
7333,184.9731
7334,175.78355
7335,188.67963
7336,258.89633
7337,167.42198
7338,70.04915
7339,52.752903
7340,126.861824
7341,138.67241
7342,134.81152
7343,118.6597
7344,178.74327
7345,174.22566
7346,154.1978
7347,182.68259
7348,300.60193
7349,157.46889
7350,182.6257
7351,289.66992
7352,329.01898
7353,329.08527
7354,268.5018
7355,260.97607
7356,206.22684
7357,145.42949
7358,190.47533
7359,193.65816
7360,227.82944
7361,254.67041
7362,280.68506
7363,342.0798
7364,412.4988
7365,352.6739
7366,353.13937
7367,405.44235
7368,432.30878
7369,273.25934
7370,206.49113
7371,291.3012
7372,327.3612
7373,310.50192
7374,334.2595
7375,170.18356
7376,262.33838
7377,386.37436
7378,330.08698
7379,441.30814
7380,336.0602
7381,457.29834
7382,390.71667
7383,406.17923
7384,321.68073
7385,341.3778
7386,324.55963
7387,284.91214
7388,414.3193
7389,814.32214
7390,765.06757
7391,759.3204
7392,378.15662
7393,482.86554
7394,463.0229
7395,510.58212
7396,807.72864
7397,654.70483
7398,624.0336
7399,439.12427
7400,576.7556
7401,788.0642
7402,651.34875
7403,501.65796
7404,510.51627
7405,617.81537
7406,1001.82275
7407,833.4821
7408,915.5157
7409,1069.3458
7410,540.25256
7411,754.2569
7412,797.98517
7413,695.00134
7414,751.2338
7415,831.7199
7416,804.7847
7417,787.52576
7418,897.05334
7419,971.1923
7420,1093.021
7421,1195.0808
7422,1043.8727
7423,1234.5106
7424,809.11475
7425,977.0171
7426,906.1578
7427,978.0432
7428,950.45325
7429,1296.3032
7430,929.20306
7431,840.54395
7432,844.02356
7433,666.12366
7434,907.74
7435,860.5275
7436,685.8639
7437,668.00024
7438,575.4333
7439,655.20953
7440,789.3844
7441,626.177
7442,468.8785
7443,286.7018
7444,314.5065
7445,305.60373
7446,391.9872
7447,384.9127
7448,423.9353
7449,612.29895
7450,657.6186
7451,523.58264
7452,425.69876
7453,377.26764
7454,301.76602
7455,249.7361
7456,248.91556
7457,322.7068
7458,435.16257
7459,469.8685
7460,678.83014
7461,603.8651
7462,526.524
7463,597.4343
7464,707.30975
7465,713.5965
7466,686.29114
7467,505.15787
7468,542.5689
7469,500.04202
7470,513.38715
7471,719.8477
7472,762.88776
7473,586.2622
7474,818.88586
7475,782.8647
7476,829.98694
7477,753.45575
7478,582.34644
7479,650.57684
7480,829.2948
7481,943.021
7482,783.2884
7483,650.7003
7484,666.05225
7485,528.97675
7486,569.66034
7487,716.3976
7488,820.00037
7489,772.1255
7490,715.0908
7491,685.7911
7492,893.4205
7493,765.8405
7494,854.31464
7495,664.75726
7496,627.2393
7497,795.51495
7498,690.7625
7499,634.4745
7500,802.55194
7501,871.2376
7502,679.33997
7503,686.42004
7504,826.83655
7505,788.47345
7506,894.8584
7507,947.96466
7508,816.379
7509,603.9104
7510,163.23326
7511,677.8921
7512,702.19385
7513,1049.0206
7514,503.6084
7515,829.23456
7516,733.34845
7517,752.50653
7518,844.06744
7519,433.2329
7520,821.9563
7521,579.3
7522,919.43567
7523,745.94476
7524,978.6041
7525,841.7113
7526,702.94507
7527,692.9932
7528,978.80707
7529,1201.9337
7530,1044.8529
7531,804.08167
7532,941.16
7533,885.4199
7534,962.3202
7535,751.90137
7536,632.993
7537,963.8274
7538,857.18787
7539,827.9918
7540,869.15656
7541,628.453
7542,829.35297
7543,699.29663
7544,681.52936
7545,491.16925
7546,332.10324
7547,480.48175
7548,450.73608
7549,323.85608
7550,639.9647
7551,281.73413
7552,450.71408
7553,766.07684
7554,744.3722
7555,593.3956
7556,526.85864
7557,304.15118
7558,241.62683
7559,349.15442
7560,378.872
7561,470.47333
7562,447.23425
7563,359.83264
7564,342.59955
7565,344.92676
7566,296.7511
7567,403.43085
7568,269.72916
7569,291.14963
7570,256.2395
7571,283.84042
7572,266.75388
7573,337.6763
7574,339.96112
7575,323.63568
7576,293.5015
7577,320.53055
7578,336.64203
7579,332.90158
7580,382.03925
7581,383.50708
7582,252.10216
7583,240.19286
7584,407.33102
7585,548.0789
7586,556.47736
7587,594.0902
7588,770.46735
7589,460.26404
7590,443.17816
7591,703.72186
7592,574.9204
7593,523.6937
7594,550.34467
7595,511.1529
7596,659.46985
7597,520.6461
7598,946.35754
7599,913.7806
7600,1047.7946
7601,882.9304
7602,885.32526
7603,623.3791
7604,601.9933
7605,729.091
7606,624.9777
7607,415.49963
7608,428.93933
7609,528.3477
7610,586.56305
7611,421.15726
7612,749.0711
7613,521.3787
7614,702.07776
7615,830.2599
7616,1018.2451
7617,627.16504
7618,1113.2992
7619,864.0615
7620,960.73694
7621,1296.0503
7622,1254.8534
7623,1397.4811
7624,1570.7919
7625,1413.0159
7626,1148.1475
7627,1057.3668
7628,922.1392
7629,943.66583
7630,708.2205
7631,773.8255
7632,1154.7397
7633,1331.8468
7634,1274.4213
7635,1315.1827
7636,1307.2435
7637,1176.0691
7638,989.32513
7639,1039.3951
7640,1156.0746
7641,1104.068
7642,1126.6776
7643,1324.0604
7644,1388.4242
7645,1433.2019
7646,1397.493
7647,1534.0928
7648,1684.7659
7649,1486.2274
7650,1582.7437
7651,1353.1904
7652,1098.8209
7653,1144.7808
7654,1376.6212
7655,1234.2705
7656,1090.6907
7657,1465.9236
7658,1359.9056
7659,1349.2084
7660,1544.6378
7661,1388.6135
7662,1449.5686
7663,1468.8345
7664,1605.6467
7665,1621.7278
7666,1407.9219
7667,1467.7909
7668,1195.6055
7669,1405.9954
7670,1179.7615
7671,1494.4832
7672,1390.4783
7673,1581.4753
7674,1604.5563
7675,1818.95
7676,1794.1014
7677,1739.3076
7678,1595.2003
7679,1547.7219
7680,1589.7975
7681,1593.2782
7682,1648.9603
7683,1599.5166
7684,1621.2627
7685,1635.4192
7686,1634.9529
7687,1901.7355
7688,1813.717
7689,1691.4952
7690,1824.6667
7691,1533.1791
7692,1352.694
7693,1458.2042
7694,1356.3856
7695,1360.3011
7696,1311.3744
7697,1548.352
7698,1562.3589
7699,1457.3876
7700,1431.5996
7701,1480.7552
7702,1480.528
7703,1713.5948
7704,1495.7897
7705,1434.3522
7706,1398.8856
7707,1529.7379
7708,1363.6245
7709,1341.4016
7710,1361.1763
7711,1344.4354
7712,1288.6758
7713,1382.0221
7714,1283.2437
7715,1232.5912
7716,1242.2649
7717,1194.5332
7718,1243.4923
7719,1389.84
7720,1359.6858
7721,1600.125
7722,1561.4608
7723,1336.8031
7724,1488.5774
7725,1607.729
7726,1600.7074
7727,1417.7249
7728,1444.7334
7729,1452.1171
7730,1404.1895
7731,1299.2247
7732,1234.7207
7733,1175.619
7734,1242.754
7735,1179.448
7736,1197.1459
7737,1317.7534
7738,1221.5656
7739,1312.7217
7740,1298.8159
7741,1236.4814
7742,1262.8748
7743,1232.0116
7744,1287.9746
7745,1289.1901
7746,1247.5787
7747,1199.9564
7748,1445.4305
7749,1214.3964
7750,1136.8846
7751,1113.9255
7752,1062.255
7753,1110.1558
7754,950.011
7755,1195.66
7756,1330.2145
7757,1422.5626
7758,1564.7347
7759,1414.8228
7760,1573.4835
7761,1669.515
7762,1710.8129
7763,1605.3993
7764,1719.1553
7765,1799.8241
7766,1599.6149
7767,1614.7233
7768,1587.7638
7769,1516.3048
7770,1489.5245
7771,1536.4487
7772,1398.0029
7773,1260.7843
7774,1292.8146
7775,1151.7448
7776,1286.6093
7777,1134.9218
7778,831.6117
7779,728.351
7780,994.3326
7781,986.0212
7782,1283.1377
7783,997.65717
7784,1010.9316
7785,981.46857
7786,810.3022
7787,790.59735
7788,1075.659
7789,1395.1628
7790,1405.8607
7791,1486.5513
7792,1628.4125
7793,1442.1006
7794,1138.1455
7795,1297.67
7796,1411.1458
7797,1256.6057
7798,1277.3445
7799,1447.5525
7800,1513.6018
7801,1704.9999
7802,1728.5056
7803,1287.841
7804,1364.8162
7805,1370.6704
7806,842.9653
7807,1047.2003
7808,1069.359
7809,1086.7023
7810,1380.5133
7811,1416.2709
7812,1172.8812
7813,1136.0479
7814,1287.7513
7815,1515.4073
7816,1540.4578
7817,1623.5161
7818,1165.9644
7819,1663.1451
7820,1732.263
7821,1578.3359
7822,1933.6499
7823,1929.0111
7824,1807.7848
7825,2020.4415
7826,2003.1097
7827,1949.6864
7828,1522.7998
7829,1726.2401
7830,1636.1813
7831,1379.8544
7832,1935.3091
7833,1952.6644
7834,1711.0073
7835,1463.1212
7836,1870.8392
7837,1920.9132
7838,1868.8162
7839,1594.5243
7840,1912.1589
7841,1746.4268
7842,2003.8711
7843,1921.8826
7844,1992.9199
7845,1904.8528
7846,1985.1532
7847,1890.8242
7848,1917.9362
7849,1922.4259
7850,1953.2396
7851,1915.5913
7852,1875.7317
7853,1983.5541
7854,1994.9886
7855,1901.2323
7856,1897.7736
7857,1878.538
7858,1892.2876
7859,1771.2065
7860,1891.0087
7861,1727.5961
7862,992.28314
7863,1244.2404
7864,1491.4038
7865,1531.1824
7866,1582.3555
7867,1221.084
7868,1167.3936
7869,1108.1127
7870,1222.283
7871,1376.6791
7872,1530.5375
7873,1332.0864
7874,1405.5962
7875,1178.9863
7876,1316.5815
7877,1006.3716
7878,1170.3792
7879,1244.7394
7880,1379.2926
7881,1447.9991
7882,1549.8048
7883,1159.6832
7884,1253.4788
7885,1135.7202
7886,1559.4359
7887,1450.9369
7888,1169.0419
7889,984.26666
7890,844.06525
7891,1124.7225
7892,1012.6419
7893,1199.3285
7894,1160.5011
7895,1204.3457
7896,977.98236
7897,962.3569
7898,928.4017
7899,754.9953
7900,592.2348
7901,599.4734
7902,809.21063
7903,711.54803
7904,761.8854
7905,554.58026
7906,515.8223
7907,459.39404
7908,581.6838
7909,622.4403
7910,630.5507
7911,614.9656
7912,627.61633
7913,958.0638
7914,651.3448
7915,560.1738
7916,610.44604
7917,552.1646
7918,564.15857
7919,519.4622
7920,490.12646
7921,362.63306
7922,393.6131
7923,516.8357
7924,553.37537
7925,608.1239
7926,486.22946
7927,548.9048
7928,422.7162
7929,270.3045
7930,311.1438
7931,211.1071
7932,282.1608
7933,269.33517
7934,407.06592
7935,376.38498
7936,490.32928
7937,495.8846
7938,511.68082
7939,555.4838
7940,497.31985
7941,408.14563
7942,446.69736
7943,432.75708
7944,344.64737
7945,290.19162
7946,348.3533
7947,329.29074
7948,342.77628
7949,303.1387
7950,210.89131
7951,146.85538
7952,201.58476
7953,285.64807
7954,120.125916
7955,234.05049
7956,364.8506
7957,175.35736
7958,159.0195
7959,258.69147
7960,195.78639
7961,178.37198
7962,279.13095
7963,902.14905
7964,471.85803
7965,243.18436
7966,127.029724
7967,311.52228
7968,197.57849
7969,121.43279
7970,69.34847
7971,17.966347
7972,5.3257365
7973,142.40501
7974,97.30432
7975,79.73706
7976,127.53483
7977,285.2387
7978,149.55634
7979,128.51266
7980,180.07904
7981,77.35954
7982,74.98989
7983,128.60855
7984,484.19662
7985,349.4362
7986,329.25598
7987,146.51161
7988,208.61156
7989,196.23996
7990,161.28636
7991,523.8392
7992,673.272
7993,467.1033
7994,270.7981
7995,152.54831
7996,86.690125
7997,102.07212
7998,47.86002
7999,87.170044
8000,28.675776
8001,7.4623494
8002,1.6375315
8003,1.1629503
8004,1.0588686
8005,5.5054708
8006,15.754223
8007,61.529594
8008,138.42355
8009,272.14832
8010,430.13828
8011,154.84352
8012,145.45193
8013,59.46737
8014,52.19473
8015,19.783688
8016,6.1085396
8017,3.9462829
8018,3.8267572
8019,0.106884606
8020,0.69080544
8021,0.69080544
8022,1.1250004
8023,1.1250004
8024,1.1250004
8025,1.1250004
8026,1.2404174
8027,1.0561235
8028,1.0561235
8029,1.2404174
8030,1.2404174
8031,1.0561235
8032,0.75776505
8033,0.75776505
8034,0.75776505
8035,2.377547
8036,2.377547
8037,0.9420588
8038,1.6241735
8039,1.3044591
8040,1.0679054
8041,1.0679054
8042,1.1361831
8043,1.0679054
8044,0.5006754
8045,0.57032335
8046,0.5006754
8047,1.1265913
8048,0.6695677
8049,0.6695677
8050,1.2636068
8051,0.8049481
8052,0.8049481
8053,0.8049481
8054,0.8049481
8055,0.8049481
8056,0.98285604
8057,1.0679054
8058,0.71812046
8059,0.71812046
8060,0.71812046
8061,0.46987814
8062,0.42456216
8063,0.42456216
8064,0.42456216
8065,0.42456216
8066,0.42456216
8067,0.42456216
8068,0.52605104
8069,0.52605104
8070,0.52605104
8071,0.52605104
8072,0.52605104
8073,0.52605104
8074,0.51510185
8075,0.51510185
8076,0.51510185
8077,0.51510185
8078,0.51510185
8079,0.51510185
8080,0.4783645
8081,0.4783645
8082,0.4783645
8083,0.4783645
8084,0.4783645
8085,0.4783645
8086,0.4783645
8087,0.4783645
8088,0.5797509
8089,0.5797509
8090,0.5797509
8091,0.5797509
8092,0.5797509
8093,0.5797509
8094,0.5797509
8095,0.5797509
8096,0.5797509
8097,0.4225908
8098,0.4225908
8099,0.4225908
8100,0.4225908
8101,0.4225908
8102,0.4225908
8103,0.4225908
8104,0.4113236
8105,0.63066804
8106,0.63362175
8107,0.52954024
8108,1.4805908
8109,0.88953996
8110,0.73131794
8111,2.6434147
8112,2.1015556
8113,29.43712
8114,7.8531117
8115,0.46286225
8116,12.764525
8117,12.636335
8118,1.5993042
8119,21.48733
8120,1.752217
8121,2.5610943
8122,3.2938812
8123,16.097935
8124,52.88277
8125,44.668903
8126,44.853817
8127,27.56626
8128,33.63655
8129,68.00846
8130,26.414278
8131,35.385414
8132,50.35615
8133,56.787426
8134,35.883823
8135,30.6261
8136,6.4995155
8137,11.326839
8138,5.952529
8139,7.055585
8140,1.3123442
8141,1.0145563
8142,1.0145563
8143,1.1186377
8144,1.0145563
8145,1.0145563
8146,0.8632222
8147,1.7101914
8148,1.3378032
8149,1.1535095
8150,1.398727
8151,1.2933253
8152,0.931273
8153,5.7808375
8154,83.545235
8155,111.38178
8156,182.03215
8157,144.10172
8158,276.2726
8159,354.68402
8160,490.0901
8161,692.86444
8162,501.53363
8163,407.25607
8164,442.47195
8165,399.8337
8166,448.64084
8167,356.68192
8168,475.089
8169,603.348
8170,474.53607
8171,524.6596
8172,590.8342
8173,609.749
8174,636.5966
8175,350.29996
8176,145.08147
8177,366.0352
8178,490.66144
8179,440.6112
8180,545.1067
8181,574.17725
8182,365.02768
8183,334.50146
8184,353.93005
8185,244.85905
8186,267.89938
8187,358.2648
8188,338.33218
8189,480.6363
8190,428.55743
8191,567.15784
8192,463.3166
8193,354.35568
8194,323.24664
8195,442.91556
8196,330.83527
8197,381.54166
8198,264.58414
8199,250.85878
8200,239.5839
8201,391.19537
8202,449.6179
8203,301.5366
8204,267.87564
8205,113.08759
8206,175.21333
8207,241.67307
8208,254.45201
8209,339.19864
8210,349.5632
8211,444.31183
8212,369.0395
8213,328.99487
8214,415.971
8215,495.47513
8216,367.36273
8217,386.51508
8218,389.54074
8219,520.29474
8220,535.9437
8221,550.04126
8222,516.9946
8223,528.1452
8224,493.84256
8225,572.28394
8226,627.1272
8227,608.3406
8228,636.27435
8229,484.06747
8230,301.47052
8231,333.70834
8232,610.14453
8233,547.49255
8234,377.70947
8235,410.42374
8236,458.69345
8237,718.73096
8238,719.79236
8239,671.9486
8240,668.27716
8241,646.69135
8242,448.44257
8243,662.16534
8244,917.9757
8245,770.4689
8246,911.18146
8247,587.101
8248,819.30096
8249,748.92816
8250,888.7245
8251,1048.0316
8252,912.70435
8253,878.0896
8254,1013.2533
8255,1030.5798
8256,1391.5338
8257,1465.1036
8258,1392.8252
8259,1208.2164
8260,1156.2671
8261,1005.72015
8262,956.3856
8263,1152.989
8264,1195.316
8265,1261.5792
8266,1256.3932
8267,818.5832
8268,668.47974
8269,767.9529
8270,576.5328
8271,789.26514
8272,746.2145
8273,618.28986
8274,724.048
8275,912.0159
8276,671.77155
8277,994.19745
8278,776.31696
8279,499.2102
8280,763.86597
8281,918.49927
8282,905.7287
8283,788.6815
8284,677.9418
8285,446.55823
8286,396.22626
8287,564.1233
8288,669.1968
8289,362.82562
8290,324.26648
8291,258.54074
8292,344.58215
8293,516.1891
8294,534.8457
8295,595.3302
8296,570.95685
8297,631.3763
8298,794.69226
8299,897.5891
8300,696.96686
8301,737.29694
8302,753.50366
8303,727.4429
8304,678.7749
8305,810.62256
8306,575.58453
8307,459.83643
8308,649.847
8309,640.72217
8310,502.88843
8311,442.5506
8312,380.95267
8313,273.58444
8314,280.44934
8315,329.2533
8316,419.21228
8317,520.0504
8318,365.27075
8319,422.70877
8320,384.06158
8321,450.1548
8322,601.5465
8323,633.63293
8324,536.64136
8325,539.386
8326,541.6603
8327,615.2038
8328,773.1288
8329,724.16327
8330,472.0013
8331,490.66278
8332,847.34174
8333,723.7638
8334,688.646
8335,641.37506
8336,647.39905
8337,668.94275
8338,602.9762
8339,567.5983
8340,397.3782
8341,568.23267
8342,537.46204
8343,566.5461
8344,401.75778
8345,513.74524
8346,393.84384
8347,599.30347
8348,786.3416
8349,987.97644
8350,607.5473
8351,490.72513
8352,439.41528
8353,367.68192
8354,410.58136
8355,267.0907
8356,399.11786
8357,291.90237
8358,396.27554
8359,539.0925
8360,379.26764
8361,420.77054
8362,696.126
8363,609.145
8364,692.99176
8365,930.8115
8366,346.57397
8367,401.7055
8368,299.38693
8369,161.22545
8370,440.04712
8371,328.46848
8372,247.95416
8373,408.8162
8374,335.57993
8375,289.39993
8376,373.53568
8377,425.61755
8378,618.0485
8379,588.37537
8380,483.127
8381,548.90717
8382,948.7404
8383,1041.4255
8384,1433.1665
8385,1535.1772
8386,1169.2578
8387,1217.2256
8388,1272.4336
8389,731.73834
8390,766.9969
8391,1549.4038
8392,1107.2574
8393,1037.7244
8394,1287.9113
8395,1727.9381
8396,1447.2107
8397,1555.8927
8398,1137.8483
8399,1272.987
8400,1325.967
8401,1398.6226
8402,1032.7134
8403,1005.7757
8404,1103.7646
8405,1112.0594
8406,1287.6874
8407,1440.409
8408,1335.998
8409,1224.332
8410,1020.9705
8411,945.38336
8412,992.5955
8413,978.1963
8414,1252.6559
8415,1577.5035
8416,1636.6162
8417,1885.1417
8418,1787.7064
8419,1629.2645
8420,1643.0947
8421,1488.4122
8422,1434.32
8423,1651.1558
8424,1707.8285
8425,1812.5573
8426,1791.2206
8427,1831.1013
8428,1547.9706
8429,1645.0505
8430,1784.0183
8431,1793.8795
8432,1763.3193
8433,1843.0225
8434,2010.6727
8435,2008.8279
8436,2015.4274
8437,2003.0045
8438,1989.7273
8439,2000.1884
8440,2018.9634
8441,2018.9634
8442,2018.9634
8443,1999.5266
8444,1785.8839
8445,1891.6759
8446,1991.6163
8447,1978.8275
8448,1959.2267
8449,1910.9247
8450,1575.383
8451,1060.6156
8452,479.08026
8453,938.46643
8454,1707.0747
8455,1774.5724
8456,1640.4939
8457,1273.982
8458,1572.1228
8459,1652.0186
8460,1602.6891
8461,1534.8433
8462,1562.4723
8463,1180.8174
8464,1360.9795
8465,1710.3671
8466,1975.3392
8467,1934.5807
8468,1750.3708
8469,1830.0074
8470,1804.0996
8471,1760.3616
8472,1802.3185
8473,1762.7689
8474,1590.8892
8475,1664.9061
8476,1750.4146
8477,1635.9453
8478,1607.9835
8479,1685.1305
8480,1620.6514
8481,1757.1729
8482,1423.0834
8483,1057.3323
8484,1191.5798
8485,1418.671
8486,1347.1475
8487,1843.2125
8488,1948.2909
8489,1811.2083
8490,1719.9479
8491,1556.3765
8492,1591.5059
8493,1648.1768
8494,1396.4244
8495,1190.2548
8496,1491.4417
8497,1632.9419
8498,1575.5853
8499,1774.4369
8500,1889.3229
8501,1786.2177
8502,1894.0521
8503,1552.1467
8504,1521.8881
8505,1748.7466
8506,1584.0413
8507,1595.0876
8508,1257.3901
8509,1364.9164
8510,1032.9253
8511,541.0323
8512,971.0524
8513,634.45953
8514,571.951
8515,330.31982
8516,409.8375
8517,551.4287
8518,163.5986
8519,360.0053
8520,464.64774
8521,288.20166
8522,400.24658
8523,662.987
8524,793.64
8525,612.1216
8526,784.3658
8527,746.0569
8528,351.14966
8529,108.721596
8530,154.60158
8531,105.699554
8532,820.9272
8533,474.90033
8534,505.35974
8535,401.0789
8536,905.8696
8537,572.0002
8538,945.32574
8539,799.2828
8540,618.54645
8541,786.7263
8542,1102.1324
8543,1811.2838
8544,1974.2756
8545,1987.7067
8546,2003.3514
8547,2005.1455
8548,1966.3555
8549,1976.5406
8550,2010.8453
8551,2013.1309
8552,2010.8054
8553,2007.6278
8554,1988.9999
8555,1804.6886
8556,1989.3021
8557,1973.4623
8558,1790.7281
8559,1784.0083
8560,1875.5585
8561,1314.3167
8562,1161.0723
8563,1414.1947
8564,1661.1327
8565,1447.5519
8566,1559.1561
8567,1568.1686
8568,1376.7588
8569,1082.4829
8570,966.06226
8571,1157.1476
8572,894.1079
8573,879.29816
8574,918.68
8575,757.9076
8576,421.33307
8577,718.63275
8578,658.2956
8579,685.5154
8580,820.5878
8581,1096.4763
8582,1752.2186
8583,1832.9336
8584,1599.1046
8585,1324.8254
8586,1139.0052
8587,1242.055
8588,1265.5012
8589,1188.0923
8590,1523.5071
8591,1405.8779
8592,1398.0403
8593,1708.7295
8594,1776.3107
8595,1471.7008
8596,1466.7919
8597,1589.1406
8598,1382.4369
8599,1602.1726
8600,1435.4746
8601,1627.157
8602,1659.5347
8603,1607.3593
8604,1626.284
8605,1735.1224
8606,1839.1713
8607,1850.8396
8608,1740.6786
8609,1615.0851
8610,1408.6003
8611,1417.9786
8612,1808.1849
8613,1887.6256
8614,1839.5305
8615,1893.7118
8616,1966.5668
8617,1917.7286
8618,1813.1791
8619,1878.0302
8620,1712.9098
8621,1669.9797
8622,1665.6788
8623,1808.6846
8624,1753.2842
8625,1492.6703
8626,1259.8541
8627,1397.6066
8628,1446.4535
8629,1752.2246
8630,1541.833
8631,1534.3544
8632,1386.1401
8633,1484.1074
8634,1374.5802
8635,1647.2726
8636,1742.4827
8637,1523.3895
8638,1373.547
8639,1220.2843
8640,1172.5908
8641,1560.8038
8642,1670.9944
8643,1505.8085
8644,1423.9922
8645,1355.6096
8646,1398.6564
8647,1385.9656
8648,1616.6428
8649,1569.832
8650,1730.729
8651,1520.8583
8652,1434.0265
8653,1395.1199
8654,1401.034
8655,1486.6094
8656,1524.9836
8657,1076.3711
8658,1154.3583
8659,1261.7463
8660,1123.2264
8661,1049.9905
8662,923.43475
8663,747.92505
8664,885.2386
8665,1055.6208
8666,1117.1611
8667,1170.5428
8668,926.04456
8669,1039.9255
8670,867.132
8671,718.1738
8672,693.9488
8673,662.99774
8674,920.1663
8675,1093.6895
8676,920.53314
8677,1101.6722
8678,1256.984
8679,1193.2086
8680,1301.4064
8681,1190.5168
8682,1052.0055
8683,1199.9327
8684,1306.283
8685,1101.9188
8686,1258.0874
8687,1509.7006
8688,1234.3177
8689,1135.5253
8690,1590.7308
8691,993.5985
8692,1158.9633
8693,1108.9036
8694,1767.0546
8695,1659.0552
8696,1738.0802
8697,1811.0674
8698,1207.9993
8699,1527.78
8700,1889.0175
8701,1960.613
8702,1551.8103
8703,1272.6487
8704,1833.6232
8705,1569.576
8706,1649.5164
8707,1217.022
8708,1480.0623
8709,1780.6128
8710,1898.5686
8711,1689.4596
8712,1492.3966
8713,1572.4386
8714,1648.1736
8715,1693.6726
8716,1519.1675
8717,1725.2506
8718,1555.787
8719,1349.7397
8720,1259.3246
8721,1550.2184
8722,1340.8176
8723,1184.0997
8724,1473.928
8725,1399.917
8726,1563.4324
8727,1328.8027
8728,1462.1969
8729,1711.8616
8730,1419.0719
8731,1355.9373
8732,1593.6364
8733,1591.8215
8734,1647.438
8735,1821.2301
8736,1822.2522
8737,1876.2098
8738,1861.5967
8739,1859.9037
8740,1921.2457
8741,1930.8317
8742,1702.1427
8743,1869.724
8744,1844.4055
8745,1792.6952
8746,1521.8151
8747,1522.8677
8748,1310.747
8749,1201.7146
8750,1275.0505
8751,1170.3165
8752,947.26025
8753,1244.1473
8754,1628.7314
8755,1811.9799
8756,1839.1489
8757,1944.7568
8758,1900.6003
8759,1879.7872
8760,1912.1437
8761,1942.0822
8762,1768.5297
8763,1782.6656
8764,1644.4368
8765,1772.5774
8766,1768.1562
8767,1470.6527
8768,1574.1716
8769,1847.3591
8770,1771.9061
8771,1562.466
8772,1465.8489
8773,1410.0327
8774,1462.9193
8775,1267.1497
8776,1217.5171
8777,1171.5125
8778,1265.8177
8779,1121.5902
8780,1095.2174
8781,1045.3832
8782,1267.5685
8783,1262.342
8784,1453.7334
8785,1376.9888
8786,1253.891
8787,1443.8787
8788,1223.5808
8789,1130.5632
8790,1099.4453
8791,1201.2802
8792,1043.0123
8793,1024.2631
8794,902.0348
8795,1117.3832
8796,1095.769
8797,1144.6263
8798,947.41144
8799,1246.2861
8800,1115.5831
8801,1118.4406
8802,877.8956
8803,887.9951
8804,1018.4156
8805,1118.9015
8806,1017.7937
8807,992.1035
8808,806.3197
8809,1129.6594
8810,1274.2147
8811,1448.0596
8812,986.9284
8813,1430.3907
8814,1460.5074
8815,1572.688
8816,1469.7275
8817,1398.0509
8818,1287.5498
8819,957.1184
8820,1156.0265
8821,978.45026
8822,1229.238
8823,1025.0535
8824,1266.8674
8825,1083.5297
8826,993.4396
8827,930.689
8828,1492.0125
8829,1405.9968
8830,1197.823
8831,1473.8037
8832,1172.409
8833,864.77106
8834,1165.9366
8835,506.4907
8836,772.1497
8837,800.39276
8838,337.84543
8839,1053.702
8840,785.9992
8841,862.3168
8842,1129.9827
8843,1034.5244
8844,786.6836
8845,525.6772
8846,707.498
8847,1040.6146
8848,591.1911
8849,293.48035
8850,394.21637
8851,259.23395
8852,420.2113
8853,295.90887
8854,681.4885
8855,373.63107
8856,758.90283
8857,423.47156
8858,282.10864
8859,290.37915
8860,426.99887
8861,499.65164
8862,453.75116
8863,430.23703
8864,430.69342
8865,372.9689
8866,124.6923
8867,187.63199
8868,283.2823
8869,328.70407
8870,328.20908
8871,320.6262
8872,284.2158
8873,344.9489
8874,358.8364
8875,309.4492
8876,322.34436
8877,324.53482
8878,253.7345
8879,206.5887
8880,210.67383
8881,124.85252
8882,99.91757
8883,80.70457
8884,79.39562
8885,71.55464
8886,47.829967
8887,5.3309464
8888,18.413036
8889,4.6412916
8890,4.9655085
8891,2.4826689
8892,0.938725
8893,0.938725
8894,0.938725
8895,0.938725
8896,0.97315854
8897,0.97315854
8898,0.8677566
8899,0.8677566
8900,12.959563
8901,41.474297
8902,45.406235
8903,39.76068
8904,28.832375
8905,29.771547
8906,64.40901
8907,149.65582
8908,270.0825
8909,240.61514
8910,218.77509
8911,232.48708
8912,137.80531
8913,153.51796
8914,112.31655
8915,96.53972
8916,138.63531
8917,166.62755
8918,216.86139
8919,206.80421
8920,281.29056
8921,365.50626
8922,441.8709
8923,461.9872
8924,542.92645
8925,358.2086
8926,192.97603
8927,236.03494
8928,359.16434
8929,288.12894
8930,416.46652
8931,515.8506
8932,586.4313
8933,577.53815
8934,493.698
8935,581.5836
8936,408.7893
8937,258.97842
8938,143.62973
8939,161.5222
8940,145.33116
8941,264.5335
8942,132.42043
8943,61.941444
8944,115.68049
8945,201.66393
8946,289.95218
8947,299.7901
8948,280.7563
8949,257.4925
8950,315.20526
8951,205.48216
8952,186.48637
8953,158.66609
8954,195.057
8955,291.56155
8956,206.66968
8957,328.6772
8958,452.56345
8959,731.27795
8960,1077.4242
8961,1277.6172
8962,1357.0682
8963,1317.8627
8964,950.4622
8965,984.5303
8966,1023.60785
8967,1010.186
8968,944.73114
8969,521.3531
8970,438.7026
8971,423.33084
8972,1025.5493
8973,1089.5859
8974,989.2376
8975,1174.7578
8976,756.6974
8977,1188.6824
8978,1370.4143
8979,1171.5385
8980,1124.8121
8981,1527.058
8982,1560.2412
8983,1595.0989
8984,1303.5781
8985,1743.6464
8986,1767.3861
8987,1794.177
8988,1574.1321
8989,1660.4744
8990,1779.1935
8991,1788.9734
8992,1672.1937
8993,1873.6442
8994,1804.6631
8995,1806.1947
8996,1801.7804
8997,1806.4607
8998,1891.4431
8999,1968.2451
9000,1931.0873
9001,1939.6194
9002,1865.8131
9003,1890.5276
9004,1955.3236
9005,1780.5157
9006,1920.1926
9007,1775.992
9008,1855.0752
9009,1629.4404
9010,1768.0172
9011,1732.5739
9012,1517.4696
9013,1587.6838
9014,1533.3824
9015,1326.9224
9016,1363.7714
9017,1195.9567
9018,1243.9893
9019,1198.6133
9020,1507.9647
9021,1502.297
9022,1432.7898
9023,1708.3037
9024,1401.1448
9025,1235.3312
9026,1272.4507
9027,1299.8862
9028,1531.7112
9029,1705.1906
9030,1969.4379
9031,1922.0845
9032,1969.7023
9033,1922.9159
9034,1963.969
9035,1975.5094
9036,2004.3772
9037,2005.1296
9038,1970.3231
9039,1964.5898
9040,1939.9902
9041,1883.3063
9042,1964.4226
9043,1967.2104
9044,1981.7975
9045,1999.9332
9046,1970.0032
9047,1999.7059
9048,1964.9366
9049,1967.6041
9050,1925.3093
9051,1856.7458
9052,1717.0254
9053,1633.2466
9054,1673.2693
9055,1385.9878
9056,1293.5355
9057,1045.5864
9058,1041.1976
9059,691.2367
9060,236.95575
9061,218.8474
9062,257.0109
9063,406.87143
9064,342.0292
9065,390.6162
9066,337.8773
9067,267.65753
9068,255.0301
9069,285.2633
9070,301.71667
9071,261.62924
9072,230.87314
9073,261.58923
9074,214.49045
9075,151.18538
9076,72.66033
9077,19.823
9078,6.01263
9079,8.96504
9080,55.080616
9081,35.261135
9082,24.191149
9083,69.64179
9084,77.28103
9085,95.356094
9086,119.23915
9087,130.55905
9088,158.03221
9089,175.57094
9090,127.63146
9091,85.852615
9092,127.89665
9093,156.23256
9094,199.98685
9095,177.45566
9096,94.18131
9097,56.62162
9098,70.46937
9099,66.94586
9100,70.864365
9101,91.346436
9102,150.95613
9103,151.54861
9104,86.32648
9105,67.17333
9106,17.214436
9107,134.28587
9108,135.28384
9109,149.24089
9110,254.07762
9111,395.0209
9112,400.6118
9113,280.1018
9114,392.9352
9115,337.19525
9116,209.61296
9117,54.383556
9118,110.70534
9119,81.36117
9120,1388.7908
9121,1978.8843
9122,1858.6576
9123,1620.0623
9124,1361.3993
9125,1333.4799
9126,1360.1284
9127,1358.3998
9128,1335.501
9129,1578.5414
9130,1143.8132
9131,994.8601
9132,751.4202
9133,668.074
9134,1241.8434
9135,1135.571
9136,566.6189
9137,291.5675
9138,78.02033
9139,456.00195
9140,255.25763
9141,384.865
9142,741.566
9143,794.0021
9144,600.6797
9145,636.6955
9146,1101.9565
9147,1313.2888
9148,1384.9973
9149,1317.7289
9150,756.63763
9151,484.61057
9152,692.36554
9153,521.0783
9154,480.48254
9155,421.4775
9156,423.98685
9157,606.5118
9158,463.97296
9159,1244.0106
9160,1113.7926
9161,1119.7236
9162,1152.3525
9163,1601.0515
9164,1501.3608
9165,1391.888
9166,1236.6696
9167,1461.008
9168,1032.8357
9169,1001.89417
9170,954.3645
9171,993.7543
9172,899.1737
9173,923.027
9174,1042.1617
9175,972.4397
9176,937.74414
9177,892.082
9178,727.48456
9179,872.8325
9180,945.8181
9181,752.7941
9182,989.40564
9183,1218.3953
9184,1188.2948
9185,1262.284
9186,1149.5122
9187,1068.2119
9188,1056.0078
9189,986.6034
9190,1188.3115
9191,875.3838
9192,715.52625
9193,1001.5693
9194,1111.1499
9195,1206.4222
9196,1463.8
9197,1302.7427
9198,1306.8732
9199,1284.8203
9200,1098.4066
9201,966.50934
9202,983.5368
9203,954.9256
9204,1022.5958
9205,941.97076
9206,853.79724
9207,669.9276
9208,576.92645
9209,730.4535
9210,734.37427
9211,538.47565
9212,581.0523
9213,457.69394
9214,391.28885
9215,394.91318
9216,420.39517
9217,450.06796
9218,492.1006
9219,825.27454
9220,1094.1677
9221,1116.434
9222,1053.7498
9223,684.4262
9224,868.40295
9225,626.13184
9226,747.7387
9227,735.76514
9228,516.6103
9229,606.3994
9230,715.5377
9231,666.1367
9232,720.72876
9233,875.7824
9234,850.5511
9235,984.1572
9236,1028.7617
9237,432.8411
9238,685.50464
9239,781.21436
9240,740.0498
9241,884.65247
9242,1000.4716
9243,912.1346
9244,915.0766
9245,1043.0912
9246,857.0788
9247,971.51184
9248,1212.9648
9249,876.75305
9250,1347.8256
9251,1243.0679
9252,1593.8779
9253,1833.9381
9254,1234.5227
9255,1345.9857
9256,1475.6644
9257,1722.3066
9258,1405.1965
9259,1475.6475
9260,1978.9478
9261,1519.6993
9262,1647.5206
9263,1793.6676
9264,1959.337
9265,1928.3429
9266,1827.1184
9267,1648.5646
9268,1762.1036
9269,1962.8982
9270,1980.8229
9271,1965.1827
9272,1946.846
9273,1820.8744
9274,1653.0365
9275,1829.3857
9276,1829.3857
9277,1783.8184
9278,1731.7675
9279,1916.7001
9280,1832.0627
9281,1655.6554
9282,1555.9176
9283,1503.5016
9284,1265.9601
9285,1584.0607
9286,1953.9122
9287,1806.8827
9288,1885.1246
9289,1599.367
9290,1484.4028
9291,1473.5035
9292,1170.4299
9293,1187.4865
9294,1330.5662
9295,1064.6536
9296,1151.5583
9297,1166.5248
9298,1718.1426
9299,1600.3817
9300,1624.6826
9301,1620.0282
9302,1705.4618
9303,1707.6006
9304,1721.9044
9305,1652.0283
9306,1496.4047
9307,1559.767
9308,1769.3007
9309,1639.9106
9310,1524.6691
9311,1359.4985
9312,1164.2468
9313,996.73193
9314,1397.3125
9315,1227.344
9316,1310.2897
9317,1190.2928
9318,1256.4172
9319,1308.7214
9320,1165.6615
9321,1324.9745
9322,1391.4246
9323,1652.7104
9324,1604.245
9325,1451.7175
9326,1639.2189
9327,1596.9373
9328,1508.2814
9329,1569.7108
9330,1594.0468
9331,1496.6976
9332,1443.0688
9333,1583.1895
9334,1574.6825
9335,1549.5524
9336,1493.3955
9337,1676.3698
9338,1669.1987
9339,1631.0586
9340,1677.9281
9341,1551.733
9342,1601.8934
9343,1546.734
9344,1668.1804
9345,1671.9596
9346,1604.7153
9347,1604.5333
9348,1325.0582
9349,1331.3385
9350,1584.2626
9351,1429.6978
9352,1373.9349
9353,1438.3855
9354,1518.6698
9355,1462.9769
9356,1529.831
9357,1384.0651
9358,1312.2606
9359,1374.215
9360,1430.3983
9361,1074.5059
9362,1316.9678
9363,1388.0371
9364,1189.9619
9365,1225.6396
9366,1213.2971
9367,1313.6375
9368,1289.7338
9369,1250.7803
9370,1078.0754
9371,774.3083
9372,748.4257
9373,661.2894
9374,724.74713
9375,693.6712
9376,747.03284
9377,919.9462
9378,1084.0433
9379,1076.3948
9380,890.6516
9381,996.22864
9382,994.5477
9383,624.75525
9384,529.6788
9385,507.12097
9386,432.84445
9387,485.354
9388,601.38275
9389,531.70764
9390,238.75993
9391,170.70021
9392,192.72917
9393,132.1023
9394,123.53239
9395,99.40438
9396,187.55562
9397,130.44678
9398,179.08415
9399,276.3416
9400,252.12067
9401,348.70486
9402,316.26398
9403,221.81293
9404,328.9367
9405,416.745
9406,446.16772
9407,313.17157
9408,128.50659
9409,119.290565
9410,59.112617
9411,8.599216
9412,29.690811
9413,64.80535
9414,18.219463
9415,-1.1477735
9416,-0.81952626
9417,1.2365681
9418,-1.7696184
9419,-4.748108
9420,-1.9267786
9421,0.4159406
9422,0.8341729
9423,0.8341729
9424,1.0769416
9425,0.7719521
9426,1.3262258
9427,24.589579
9428,63.215378
9429,84.18636
9430,162.84032
9431,353.70816
9432,341.27942
9433,302.8461
9434,315.36432
9435,629.04193
9436,783.39453
9437,758.5113
9438,841.8361
9439,769.65076
9440,734.8127
9441,835.99176
9442,647.2337
9443,606.5763
9444,614.7701
9445,807.47363
9446,697.0498
9447,649.4233
9448,402.95526
9449,801.7881
9450,793.1668
9451,664.337
9452,994.16614
9453,871.61957
9454,1079.4148
9455,873.6283
9456,910.0743
9457,1074.6782
9458,942.09625
9459,898.1998
9460,837.30115
9461,966.97205
9462,837.88214
9463,768.6715
9464,1021.0117
9465,1161.3214
9466,887.37054
9467,1197.0133
9468,929.15515
9469,716.14056
9470,1181.6442
9471,733.31024
9472,633.7435
9473,862.4163
9474,758.4255
9475,871.9899
9476,695.5107
9477,830.67944
9478,913.1625
9479,744.76337
9480,913.7205
9481,738.99457
9482,616.2292
9483,534.19135
9484,457.27603
9485,470.21432
9486,399.9006
9487,204.58339
9488,290.41763
9489,213.90219
9490,228.5057
9491,313.09027
9492,248.60832
9493,250.4407
9494,195.16066
9495,224.36752
9496,224.1506
9497,264.20645
9498,194.94138
9499,155.86871
9500,187.20879
9501,162.44958
9502,308.5478
9503,195.3685
9504,161.38979
9505,218.71921
9506,202.21101
9507,169.2301
9508,147.37897
9509,102.00147
9510,115.34202
9511,152.41685
9512,121.05985
9513,93.8901
9514,169.78757
9515,177.30261
9516,302.5118
9517,380.67117
9518,303.9149
9519,398.6227
9520,244.0309
9521,251.23145
9522,196.69385
9523,538.8167
9524,246.60463
9525,265.92828
9526,165.52313
9527,343.27216
9528,149.0656
9529,100.57741
9530,134.75261
9531,131.74013
9532,165.34189
9533,255.44852
9534,209.52856
9535,206.7628
9536,298.78833
9537,341.27905
9538,283.71167
9539,167.34856
9540,102.15342
9541,200.90793
9542,156.82155
9543,129.90616
9544,181.29591
9545,134.93988
9546,143.45781
9547,284.3572
9548,210.49481
9549,195.54967
9550,272.26923
9551,195.61784
9552,393.87732
9553,130.46715
9554,122.26112
9555,251.84624
9556,470.94226
9557,485.6757
9558,625.70197
9559,609.7562
9560,466.8467
9561,288.4867
9562,51.417316
9563,72.7065
9564,142.77548
9565,394.69543
9566,234.9456
9567,170.59381
9568,169.70227
9569,210.56656
9570,108.91583
9571,229.56612
9572,161.17332
9573,131.15964
9574,151.11732
9575,1043.0073
9576,544.9223
9577,326.89166
9578,328.38663
9579,337.20087
9580,51.698624
9581,81.515175
9582,113.235825
9583,161.21524
9584,243.63382
9585,268.32104
9586,258.21786
9587,288.66653
9588,200.25647
9589,115.07788
9590,226.7147
9591,390.5987
9592,453.34164
9593,673.1912
9594,591.07544
9595,442.8794
9596,463.8534
9597,457.9725
9598,493.87488
9599,404.0061
9600,350.97217
9601,235.62903
9602,178.79898
9603,236.33318
9604,135.5575
9605,174.718
9606,258.59592
9607,242.5479
9608,193.57858
9609,224.45178
9610,352.1807
9611,360.0118
9612,434.08905
9613,391.78677
9614,304.20465
9615,255.10991
9616,269.8608
9617,295.07632
9618,202.17918
9619,149.20851
9620,185.01872
9621,245.94331
9622,196.1591
9623,214.67937
9624,194.46072
9625,204.99792
9626,184.4375
9627,153.53746
9628,215.23232
9629,214.90765
9630,164.04796
9631,207.152
9632,146.18758
9633,204.28436
9634,176.10017
9635,221.951
9636,272.649
9637,255.72662
9638,251.7574
9639,259.17175
9640,240.29889
9641,214.87958
9642,276.34125
9643,412.6164
9644,394.01968
9645,403.6613
9646,397.46274
9647,412.30853
9648,528.1312
9649,511.90265
9650,672.95416
9651,669.9578
9652,699.1395
9653,767.90674
9654,878.10144
9655,941.7199
9656,903.777
9657,987.1206
9658,861.54047
9659,853.876
9660,790.8832
9661,568.3241
9662,495.5795
9663,475.29068
9664,603.22797
9665,521.5933
9666,612.4153
9667,893.1503
9668,872.8195
9669,967.3293
9670,1057.8104
9671,1244.4395
9672,1235.1177
9673,1426.4473
9674,1390.7043
9675,1230.0168
9676,1256.0684
9677,1116.9137
9678,1217.9103
9679,1193.5308
9680,1033.1155
9681,1354.7097
9682,1170.6094
9683,1253.659
9684,1050.8624
9685,789.5005
9686,634.6478
9687,971.0975
9688,788.1509
9689,885.77637
9690,750.3327
9691,719.1474
9692,654.343
9693,851.39355
9694,719.27246
9695,664.77435
9696,623.1818
9697,575.4636
9698,611.07416
9699,689.85236
9700,669.7964
9701,636.18805
9702,768.9455
9703,667.285
9704,649.3784
9705,768.8801
9706,731.2844
9707,815.3575
9708,1008.8126
9709,991.1833
9710,721.4112
9711,830.98285
9712,1088.6451
9713,1160.796
9714,1012.916
9715,1003.8833
9716,957.59064
9717,999.90656
9718,1005.48285
9719,650.7984
9720,668.32104
9721,654.8025
9722,546.49915
9723,451.99567
9724,601.83936
9725,540.32306
9726,588.3663
9727,619.8526
9728,674.2873
9729,783.3151
9730,1071.0704
9731,945.0494
9732,1131.0293
9733,954.0523
9734,1005.81104
9735,1184.7501
9736,1069.202
9737,1426.2964
9738,1437.5873
9739,1386.2135
9740,1488.81
9741,1391.4095
9742,1221.3589
9743,944.53076
9744,1076.9812
9745,1008.3231
9746,975.7482
9747,1155.9618
9748,1131.0985
9749,1020.7522
9750,1089.492
9751,803.5523
9752,1021.03876
9753,921.341
9754,983.5242
9755,1143.6755
9756,1239.5074
9757,1184.346
9758,1170.6145
9759,1113.5839
9760,1142.6769
9761,1069.0869
9762,1213.7037
9763,1263.5898
9764,782.99805
9765,945.0369
9766,1112.0161
9767,1111.3899
9768,867.248
9769,1028.4214
9770,885.31305
9771,831.6952
9772,932.7364
9773,1047.7755
9774,964.7064
9775,1001.18744
9776,833.7283
9777,950.4763
9778,1233.8009
9779,973.2185
9780,934.5771
9781,1037.8501
9782,875.8357
9783,1067.398
9784,765.2728
9785,1093.6002
9786,1037.3335
9787,870.80707
9788,782.2059
9789,986.6488
9790,1041.6254
9791,1022.3971
9792,967.8196
9793,939.6989
9794,852.4211
9795,593.4701
9796,494.1194
9797,579.7673
9798,705.0683
9799,723.7478
9800,571.0576
9801,568.6641
9802,573.94086
9803,442.3136
9804,511.2987
9805,498.01468
9806,694.9299
9807,692.31354
9808,836.2186
9809,766.8991
9810,621.4742
9811,623.1097
9812,993.72107
9813,1025.2594
9814,946.5229
9815,1046.2534
9816,950.53723
9817,137.45654
9818,334.73547
9819,852.0364
9820,1077.0525
9821,758.8741
9822,768.3062
9823,772.13055
9824,864.98315
9825,833.4799
9826,630.1117
9827,477.126
9828,776.44214
9829,464.23022
9830,484.288
9831,602.6137
9832,651.0496
9833,411.2102
9834,429.03998
9835,408.89072
9836,361.48688
9837,419.92346
9838,521.9294
9839,761.4453
9840,679.6451
9841,662.5276
9842,789.51184
9843,769.3129
9844,913.2419
9845,802.13916
9846,758.19714
9847,1020.459
9848,975.51556
9849,730.2465
9850,816.1381
9851,864.8988
9852,707.00854
9853,619.3173
9854,467.817
9855,609.04755
9856,360.3745
9857,520.8801
9858,664.5093
9859,488.79514
9860,261.85413
9861,442.75125
9862,427.53653
9863,684.1506
9864,492.74237
9865,349.228
9866,451.5498
9867,391.50012
9868,479.5195
9869,320.25455
9870,309.72263
9871,452.64075
9872,365.07443
9873,334.70474
9874,260.01276
9875,285.25168
9876,230.8881
9877,408.62723
9878,478.82123
9879,350.60416
9880,376.5569
9881,315.34625
9882,277.62314
9883,303.8713
9884,393.8815
9885,242.14854
9886,290.42844
9887,357.12808
9888,287.02725
9889,334.61826
9890,182.24258
9891,189.13698
9892,187.92511
9893,212.06902
9894,243.76006
9895,225.8867
9896,249.89415
9897,283.2693
9898,340.67688
9899,211.41801
9900,122.68182
9901,38.807323
9902,44.86669
9903,14.905513
9904,33.948967
9905,343.58636
9906,274.75632
9907,114.75259
9908,139.79535
9909,45.25362
9910,223.74936
9911,174.87274
9912,220.35864
9913,151.47925
9914,90.84153
9915,107.50584
9916,164.81676
9917,154.6725
9918,141.03966
9919,155.54568
9920,93.21093
9921,121.60557
9922,106.82536
9923,67.933754
9924,27.48368
9925,18.291655
9926,4.729689
9927,4.741721
9928,6.0579085
9929,2.2881608
9930,0.8983556
9931,0.7942741
9932,1.1685249
9933,0.7942741
9934,0.7421361
9935,0.7421361
9936,0.7421361
9937,0.7421361
9938,0.7421361
9939,0.7421361
9940,1.1103092
9941,1.1103092
9942,1.1103092
9943,1.0689453
9944,1.0689453
9945,1.0689453
9946,1.2082925
9947,1.1900461
9948,1.1900461
9949,1.0002905
9950,1.0002905
9951,1.0002905
9952,1.3502752
9953,1.1005737
9954,2.2968454
9955,1.2046553
9956,1.1005737
9957,1.1005737
9958,1.1005737
9959,1.1005737
9960,1.2046553
9961,1.2046553
9962,1.2046553
9963,1.2046553
9964,1.1005737
9965,1.1005737
9966,1.1005737
9967,1.3080093
9968,3.9388156
9969,2.3190343
9970,1.0795449
9971,1.4438916
9972,1.4078273
9973,1.2265037
9974,1.8321432
9975,1.336841
9976,1.336841
9977,1.336841
9978,1.336841
9979,1.0722603
9980,1.1952488
9981,1.4925028
9982,1.3192174
9983,1.8145194
9984,1.1558547
9985,1.6511569
9986,0.50475246
9987,1.8160998
9988,1.3567208
9989,1.3567208
9990,1.3567208
9991,1.3876027
9992,1.5300062
9993,1.3567208
9994,1.7673876
9995,0.4560402
9996,1.7673876
9997,1.3567208
9998,1.7673876
9999,1.8087511
10000,1.9914271
10001,1.7722428
10002,1.5267401
10003,1.361576
10004,1.5411134
10005,1.2586942
10006,1.1571183
10007,0.9397269
10008,0.9397269
10009,1.1130123
10010,1.4772044
10011,1.9337698
10012,0.2824158
10013,0.2824158
10014,0.5772797
10015,0.5723661
10016,0.83027714
10017,5.151605
10018,28.183722
10019,49.305786
10020,68.025826
10021,77.44828
10022,132.54404
10023,192.50757
10024,287.97903
10025,368.22195
10026,426.73856
10027,388.5906
10028,353.808
10029,333.2554
10030,266.60678
10031,127.18661
10032,63.556175
10033,18.9926
10034,43.22718
10035,95.98837
10036,88.63537
10037,121.03125
10038,138.38899
10039,169.2997
10040,165.74002
10041,169.91072
10042,181.575
10043,173.45341
10044,169.18843
10045,169.9744
10046,196.77596
10047,155.78058
10048,138.15082
10049,142.39044
10050,181.58931
10051,141.94562
10052,84.748
10053,105.593254
10054,198.89377
10055,213.08226
10056,144.90846
10057,133.08652
10058,143.0933
10059,123.427925
10060,103.962944
10061,79.17122
10062,103.51119
10063,133.45715
10064,154.26346
10065,130.67253
10066,86.51859
10067,65.21953
10068,29.72718
10069,35.726013
10070,43.414856
10071,77.267334
10072,73.700905
10073,68.56515
10074,73.43499
10075,79.16802
10076,68.60287
10077,17.585405
10078,29.464191
10079,17.17602
10080,14.843598
10081,24.871782
10082,17.709639
10083,20.643394
10084,38.86416
10085,48.427803
10086,52.072556
10087,48.509888
10088,38.937523
10089,86.373055
10090,134.67822
10091,124.13195
10092,167.5807
10093,223.4593
10094,209.54672
10095,211.11273
10096,188.61269
10097,164.32613
10098,129.16861
10099,96.03362
10100,87.52186
10101,95.91499
10102,88.805595
10103,60.49195
10104,71.51579
10105,70.55344
10106,64.17855
10107,29.713583
10108,10.822603
10109,4.7609944
10110,10.313331
10111,5.0568194
10112,5.239843
10113,1.3534102
10114,1.0165191
10115,1.1690669
10116,0.75065637
10117,0.4832124
10118,0.587294
10119,1.8986413
10120,1.8331463
10121,1.9463289
10122,1.9966253
10123,1.8233405
10124,1.8233405
10125,1.8233405
10126,1.9966253
10127,1.9966253
10128,1.9463289
10129,3.102902
10130,2.2995362
10131,2.0162566
10132,0.58477414
10133,1.8961216
10134,1.5541608
10135,1.7606606
10136,1.7606606
10137,1.720099
10138,1.7606606
10139,1.7606606
10140,1.7606606
10141,0.5185169
10142,8.522522
10143,52.801834
10144,38.15159
10145,36.334282
10146,28.831945
10147,12.03584
10148,11.93579
10149,32.39901
10150,22.01925
10151,10.615899
10152,19.269794
10153,47.222076
10154,83.03225
10155,116.309204
10156,149.64037
10157,186.28128
10158,187.22105
10159,178.36226
10160,148.00418
10161,158.16568
10162,176.64185
10163,184.95149
10164,196.50198
10165,148.84967
10166,115.16953
10167,122.42164
10168,160.89468
10169,148.08595
10170,170.19635
10171,167.64398
10172,167.71423
10173,158.04007
10174,132.93907
10175,129.43187
10176,127.95008
10177,159.08835
10178,140.87381
10179,155.05719
10180,153.55663
10181,157.98068
10182,124.966125
10183,97.504105
10184,76.80321
10185,64.847046
10186,65.90573
10187,39.534775
10188,21.345264
10189,24.493462
10190,36.850327
10191,40.097313
10192,38.652184
10193,29.798033
10194,43.961914
10195,52.463135
10196,51.52172
10197,49.654152
10198,57.07717
10199,20.199244
10200,16.455927
10201,16.967436
10202,24.08988
10203,33.760956
10204,26.430323
10205,14.082956
10206,24.912455
10207,34.287834
10208,33.834824
10209,15.164878
10210,14.948777
10211,8.2684355
10212,4.4159303
10213,4.01218
10214,3.7622788
10215,4.0869393
10216,4.919274
10217,14.222708
10218,21.708853
10219,17.705832
10220,16.775179
10221,6.4099317
10222,32.31263
10223,13.175627
10224,21.356956
10225,42.249474
10226,36.250626
10227,29.073341
10228,71.1556
10229,99.752785
10230,132.71786
10231,187.86357
10232,201.56023
10233,196.35135
10234,220.66397
10235,257.65363
10236,233.24004
10237,213.16458
10238,202.36214
10239,209.7166
10240,197.83592
10241,186.86743
10242,205.57196
10243,134.76657
10244,106.03483
10245,86.642075
10246,85.80831
10247,89.09304
10248,81.45875
10249,51.982506
10250,25.996294
10251,36.039413
10252,9.510897
10253,7.7827067
10254,7.1230836
10255,12.185312
10256,11.011035
10257,12.367569
10258,0.9365398
10259,1.6583569
10260,1.4337655
10261,0.07414581
10262,2.7788677
10263,1.804558
10264,0.67696834
10265,46.663177
10266,68.86187
10267,42.121147
10268,57.07289
10269,51.210266
10270,27.974842
10271,59.461143
10272,12.381584
10273,14.832772
10274,5.8151617
10275,1.8836492
10276,4.0862684
10277,39.64479
10278,26.031181
10279,13.9751215
10280,15.613791
10281,13.787248
10282,10.214134
10283,1.5104339
10284,1.2525132
10285,1.2525132
10286,1.2525132
10287,1.2525132
10288,1.2995436
10289,1.258982
10290,1.2995436
10291,1.2995436
10292,1.2995436
10293,1.2995436
10294,1.068428
10295,1.2858194
10296,1.4636028
10297,1.6368884
10298,1.3752496
10299,1.5594891
10300,0.9100962
10301,0.51724786
10302,0.48949742
10303,0.6622041
10304,0.5581225
10305,1.9735521
10306,1.3512177
10307,13.109028
10308,69.1098
10309,76.507645
10310,48.524445
10311,42.567566
10312,26.132366
10313,5.2603974
10314,8.973701
10315,35.917816
10316,108.317726
10317,122.78809
10318,64.38171
10319,22.349558
10320,15.893408
10321,23.591116
10322,45.161407
10323,70.7871
10324,83.78399
10325,89.932625
10326,97.488075
10327,89.30804
10328,163.58168
10329,183.89005
10330,216.45363
10331,172.02002
10332,131.94038
10333,135.43623
10334,126.808784
10335,125.00086
10336,124.6541
10337,94.21862
10338,81.20857
10339,53.591095
10340,78.08776
10341,103.969185
10342,86.69875
10343,94.66379
10344,111.03732
10345,108.09139
10346,102.118126
10347,97.8017
10348,57.65322
10349,48.73677
10350,76.84507
10351,61.61615
10352,29.10461
10353,10.272907
10354,43.389256
10355,39.974464
10356,86.343895
10357,73.99003
10358,55.127388
10359,63.36548
10360,93.50497
10361,107.44375
10362,141.53194
10363,178.85739
10364,112.609886
10365,125.15389
10366,147.70815
10367,141.58908
10368,194.82716
10369,222.01797
10370,258.15945
10371,298.0713
10372,355.5275
10373,388.01584
10374,342.08334
10375,375.32745
10376,392.25998
10377,331.04117
10378,295.99963
10379,318.998
10380,319.36163
10381,288.32584
10382,261.63998
10383,202.23257
10384,184.57877
10385,199.87761
10386,204.427
10387,193.31664
10388,131.59322
10389,73.523476
10390,47.508453
10391,41.698303
10392,45.09025
10393,5.0699463
10394,0.8192489
10395,0.60205126
10396,0.60205126
10397,0.5659869
10398,1.9065281
10399,1.8405526
10400,1.1064736
10401,0.88190144
10402,1.34874
10403,1.1350807
10404,1.3145455
10405,1.3567208
10406,15.565721
10407,51.460136
10408,103.11314
10409,105.57566
10410,120.52634
10411,156.34386
10412,140.02318
10413,100.85657
10414,8.099939
10415,6.8871846
10416,18.622019
10417,37.431343
10418,50.017612
10419,76.507744
10420,8.468056
10421,6.6469307
10422,17.195843
10423,122.33573
10424,170.89511
10425,135.64973
10426,182.57353
10427,60.680237
10428,11.112032
10429,156.58849
10430,137.08981
10431,151.84904
10432,81.54308
10433,212.92548
10434,147.41101
10435,109.21613
10436,173.87082
10437,92.26459
10438,107.44566
10439,119.2492
10440,173.43068
10441,161.66719
10442,109.50839
10443,186.27174
10444,106.618034
10445,61.30098
10446,143.7157
10447,82.06131
10448,75.7534
10449,81.185196
10450,192.42567
10451,401.13922
10452,421.37988
10453,282.32404
10454,115.06952
10455,240.9275
10456,160.76183
10457,139.81004
10458,196.24162
10459,193.16466
10460,187.15825
10461,195.86366
10462,266.3771
10463,266.47772
10464,440.45642
10465,359.34003
10466,527.4498
10467,572.2965
10468,442.89975
10469,506.7949
10470,736.82733
10471,690.1396
10472,544.55707
10473,536.3838
10474,617.01605
10475,503.43124
10476,430.7434
10477,387.89407
10478,357.32248
10479,404.83783
10480,376.53152
10481,342.90625
10482,381.82834
10483,387.4182
10484,331.02945
10485,352.16245
10486,290.51126
10487,302.81857
10488,298.55698
10489,276.47748
10490,309.4822
10491,317.5503
10492,408.45508
10493,385.01428
10494,342.6469
10495,277.65836
10496,231.57706
10497,215.11757
10498,239.7925
10499,219.01968
10500,196.26332
10501,188.95976
10502,136.404
10503,65.76477
10504,60.140682
10505,133.20117
10506,132.8968
10507,112.81683
10508,88.10583
10509,54.087337
10510,57.3102
10511,74.446495
10512,46.28389
10513,20.819307
10514,13.148421
10515,11.285229
10516,8.485708
10517,15.773218
10518,28.664421
10519,18.739899
10520,11.507616
10521,15.790253
10522,12.474128
10523,5.732336
10524,6.3729777
10525,6.8819323
10526,6.480778
10527,1.9730791
10528,1.6987146
10529,1.5144206
10530,1.2775737
10531,1.2431401
10532,2.6259937
10533,4.409783
10534,2.947777
10535,2.763483
10536,2.763483
10537,3.5098197
10538,3.774654
10539,3.384139
10540,3.2175674
10541,2.4982758
10542,2.7108226
10543,2.0638912
10544,2.2550588
10545,2.7503607
10546,1.2277406
10547,1.3017961
10548,1.3017961
10549,1.4480528
10550,1.3853348
10551,2.3865771
10552,1.2995663
10553,1.3417416
10554,1.3417416
10555,1.3417416
10556,1.3417416
10557,1.9959654
10558,2.3308747
10559,1.0354866
10560,1.7486814
10561,2.8535616
10562,2.2237105
10563,4.2896805
10564,7.7288055
10565,26.219349
10566,42.197945
10567,10.161367
10568,4.9553223
10569,3.7650514
10570,47.87957
10571,89.25998
10572,61.944923
10573,16.273756
10574,54.890057
10575,122.276245
10576,146.79573
10577,114.489456
10578,76.14898
10579,103.4834
10580,130.70468
10581,171.73093
10582,191.38612
10583,65.405914
10584,78.24622
10585,88.1776
10586,76.30799
10587,71.50486
10588,39.996204
10589,31.688547
10590,54.174862
10591,68.196365
10592,41.139618
10593,31.903526
10594,21.954964
10595,5.4484425
10596,23.654213
10597,92.97739
10598,28.771309
10599,40.268627
10600,45.62887
10601,61.544632
10602,14.190868
10603,18.779675
10604,34.961502
10605,72.51418
10606,150.90843
10607,250.05663
10608,207.41544
10609,180.26697
10610,155.77437
10611,151.23303
10612,151.07762
10613,124.91971
10614,111.44206
10615,74.20569
10616,33.02849
10617,22.79458
10618,44.49169
10619,87.99745
10620,77.879234
10621,49.802982
10622,28.496859
10623,20.852383
10624,15.176777
10625,4.1842184
10626,0.6012009
10627,0.49711937
10628,0.49711937
10629,0.4784598
10630,0.048126526
10631,0.048126526
10632,0.048126526
10633,0.15220809
10634,0.048126526
10635,3.5212283
10636,149.91809
10637,341.45273
10638,250.28587
10639,204.90744
10640,161.0108
10641,146.00421
10642,72.42482
10643,68.36868
10644,18.050732
10645,16.485748
10646,14.731333
10647,4.2710514
10648,3.2979696
10649,-0.42169267
10650,0.24721277
10651,0.1900441
10652,0.3170909
10653,4.5148573
10654,46.083046
10655,11.677002
10656,56.4186
10657,6.4115233
10658,1.1777971
10659,1.3007859
10660,1.5459707
10661,1.870632
10662,1.870632
10663,2.065553
10664,1.3616767
10665,1.3616767
10666,1.6913159
10667,1.5070219
10668,1.1690079
10669,11.762161
10670,73.284615
10671,65.073685
10672,24.435535
10673,71.99212
10674,56.10858
10675,91.26987
10676,125.86278
10677,82.87587
10678,55.965256
10679,52.96013
10680,13.053503
10681,69.553566
10682,86.292885
10683,100.48437
10684,28.804081
10685,35.16324
10686,41.73884
10687,92.12756
10688,125.03955
10689,114.66492
10690,129.13287
10691,52.558563
10692,33.052864
10693,1.4789994
10694,2.1845906
10695,2.429808
10696,7.376342
10697,78.22928
10698,50.121292
10699,25.956707
10700,10.1236725
10701,1.852208
10702,1.1690669
10703,1.0085673
10704,2.8684464
10705,0.81186604
10706,1.8986413
10707,1.8289117
10708,1.0781263
10709,16.473602
10710,79.52592
10711,43.278908
10712,35.749535
10713,82.16793
10714,87.60937
10715,92.35968
10716,74.88001
10717,67.332146
10718,16.274681
10719,4.408876
10720,33.68168
10721,46.73649
10722,85.32263
10723,24.574186
10724,57.824158
10725,54.84771
10726,46.403595
10727,80.67786
10728,93.47476
10729,125.09072
10730,126.078156
10731,147.29657
10732,120.429436
10733,119.18853
10734,92.85661
10735,101.20366
10736,154.22214
10737,89.73709
10738,101.45418
10739,185.99101
10740,176.08113
10741,272.05365
10742,279.07773
10743,287.9352
10744,422.01456
10745,328.92056
10746,355.84824
10747,330.1892
10748,262.5543
10749,295.44083
10750,334.07315
10751,404.332
10752,434.5856
10753,400.59283
10754,425.49582
10755,411.12186
10756,373.7245
10757,412.55002
10758,428.95526
10759,427.97787
10760,406.09427
10761,373.3202
10762,344.2597
10763,347.35956
10764,403.70148
10765,390.3428
10766,405.0875
10767,435.02078
10768,412.15088
10769,465.91794
10770,493.46298
10771,451.42282
10772,397.69336
10773,401.67618
10774,355.72678
10775,335.09546
10776,325.11063
10777,372.78476
10778,367.1047
10779,389.2378
10780,444.10324
10781,434.76727
10782,461.80188
10783,496.26822
10784,525.5551
10785,460.80786
10786,429.22675
10787,388.088
10788,383.82117
10789,380.60876
10790,365.52386
10791,371.86694
10792,427.64972
10793,484.55658
10794,446.97412
10795,383.95187
10796,354.7341
10797,322.24902
10798,299.2309
10799,264.17413
10800,223.05296
10801,178.65836
10802,182.04594
10803,161.26222
10804,113.33053
10805,148.8243
10806,174.29543
10807,174.71362
10808,197.6568
10809,205.66087
10810,273.47577
10811,313.4439
10812,297.86206
10813,311.11838
10814,358.83667
10815,429.04364
10816,381.26486
10817,276.61072
10818,232.12906
10819,136.5889
10820,65.76601
10821,61.017563
10822,29.187214
10823,28.3107
10824,24.60239
10825,41.057556
10826,19.122866
10827,23.29573
10828,22.525602
10829,6.0637417
10830,6.530881
10831,1.9770985
10832,0.5390215
10833,0.6852782
10834,0.58119667
10835,0.58119667
10836,0.77353406
10837,0.60082746
10838,2.0162566
10839,1.7228365
10840,1.8961216
10841,0.92207205
10842,0.8471705
10843,0.6225984
10844,1.9339458
10845,0.5185169
10846,0.47795522
10847,0.47795522
10848,0.47795522
10849,1.8933841
10850,1.2990847
10851,1.1318707
10852,1.2990847
10853,1.1318707
10854,1.1251969
10855,1.1251969
10856,1.1318707
10857,1.1318707
10858,0.9778259
10859,1.1251969
10860,1.1251969
10861,1.1251969
10862,0.38220462
10863,0.03264607
10864,1.3179734
10865,1.3179734
10866,1.3179734
10867,1.3179734
10868,1.1789012
10869,0.08635028
10870,0.09838842
10871,-0.14476539
10872,-0.14476539
10873,-0.14476539
10874,1.1149995
10875,0.5193777
10876,1.2371298
10877,1.0250589
10878,1.2315584
10879,0.4676606
10880,1.8258584
10881,1.86642
10882,1.3723465
10883,0.12463164
10884,0.12463164
10885,0.12463164
10886,0.12463164
10887,1.5400605
10888,0.11187869
10889,2.614533
10890,54.37166
10891,72.25869
10892,97.11714
10893,115.1512
10894,137.81822
10895,128.6321
10896,105.674385
10897,130.93428
10898,123.84835
10899,150.84872
10900,187.65408
10901,207.65971
10902,183.9416
10903,317.9181
10904,345.0172
10905,361.73914
10906,635.8398
10907,641.40533
10908,663.8261
10909,786.74695
10910,793.6389
10911,915.94464
10912,717.83575
10913,578.8389
10914,751.3249
10915,649.3589
10916,688.0921
10917,668.1221
10918,711.0874
10919,610.1198
10920,510.3331
10921,558.4925
10922,535.56714
10923,553.3701
10924,566.9533
10925,656.2443
10926,660.5488
10927,659.43365
10928,672.61145
10929,748.8256
10930,762.13055
10931,808.53625
10932,748.0433
10933,779.9688
10934,960.2593
10935,1143.7292
10936,1182.3783
10937,1113.1964
10938,1071.9559
10939,1134.281
10940,1122.3961
10941,1027.1439
10942,964.9532
10943,863.80884
10944,840.57153
10945,773.2935
10946,849.3385
10947,769.9166
10948,700.9339
10949,705.3037
10950,702.3694
10951,662.3078
10952,577.5066
10953,577.7817
10954,660.94885
10955,676.34094
10956,591.60156
10957,552.6232
10958,626.9025
10959,655.9496
10960,757.39246
10961,812.5126
10962,799.90576
10963,721.9572
10964,645.345
10965,540.6206
10966,319.11304
10967,294.5403
10968,387.92337
10969,847.4972
10970,272.1368
10971,124.721596
10972,135.26381
10973,215.99512
10974,273.86948
10975,357.47247
10976,296.0929
10977,396.6657
10978,206.9402
10979,262.0049
10980,276.56793
10981,612.2489
10982,252.60878
10983,332.51373
10984,334.51346
10985,123.2089
10986,198.77675
10987,194.73912
10988,194.47113
10989,179.50192
10990,294.13657
10991,355.1763
10992,401.21713
10993,376.05038
10994,278.03186
10995,231.36555
10996,216.592
10997,249.84386
10998,258.39456
10999,216.24261
11000,248.2294
11001,269.06287
11002,277.81952
11003,338.711
11004,197.92656
11005,276.73346
11006,375.72916
11007,415.43265
11008,260.83386
11009,127.36933
11010,157.51624
11011,180.98805
11012,135.80907
11013,262.93695
11014,352.1904
11015,359.81833
11016,476.37085
11017,260.8952
11018,171.56087
11019,97.30433
11020,101.75011
11021,226.85092
11022,218.0097
11023,248.0753
11024,318.3149
11025,359.90085
11026,477.54688
11027,457.43344
11028,419.8009
11029,389.95898
11030,421.49493
11031,419.95352
11032,416.95224
11033,577.01294
11034,544.0746
11035,543.8541
11036,484.2368
11037,478.1224
11038,484.35147
11039,627.9986
11040,667.6991
11041,599.9161
11042,607.8446
11043,699.38885
11044,756.4959
11045,853.55145
11046,896.241
11047,736.14844
11048,811.32245
11049,858.2463
11050,804.9536
11051,716.8789
11052,741.9094
11053,994.0313
11054,1119.5239
11055,1213.9186
11056,1172.5784
11057,1053.6052
11058,943.11835
11059,981.3129
11060,880.03235
11061,867.71155
11062,792.451
11063,786.57227
11064,698.1115
11065,757.6454
11066,1008.846
11067,1126.3973
11068,1173.8396
11069,1181.4974
11070,1163.1449
11071,1216.0396
11072,1239.0193
11073,1170.3302
11074,1197.633
11075,1217.04
11076,1349.2239
11077,1409.8313
11078,1493.3788
11079,1748.2638
11080,1988.2003
11081,1984.6412
11082,1873.9039
11083,1882.562
11084,1895.2191
11085,1716.3632
11086,1703.0767
11087,1728.5515
11088,1821.9736
11089,1806.7861
11090,1673.8647
11091,1610.2576
11092,1629.5172
11093,1752.8539
11094,1837.381
11095,1889.2805
11096,1857.1165
11097,1775.5393
11098,1724.3416
11099,1753.5269
11100,1787.0782
11101,1756.7788
11102,1666.0459
11103,1690.2981
11104,1584.0519
11105,1697.1196
11106,1597.3436
11107,1639.4719
11108,1529.6323
11109,1393.1743
11110,1433.6332
11111,1439.7275
11112,1375.7843
11113,1319.9208
11114,1337.5997
11115,1190.2285
11116,1189.9907
11117,980.3994
11118,1059.642
11119,1237.9241
11120,1410.1373
11121,1151.6614
11122,1251.6193
11123,1101.5797
11124,1298.2666
11125,1195.4843
11126,1086.1809
11127,1059.804
11128,1042.2083
11129,1182.4266
11130,1348.1793
11131,1436.4049
11132,1226.7983
11133,1396.4113
11134,1489.7699
11135,1262.155
11136,1292.7074
11137,1467.1044
11138,1519.7358
11139,1543.2648
11140,1435.8481
11141,1527.5585
11142,1574.1105
11143,1482.9283
11144,1420.6055
11145,1360.4752
11146,1107.8535
11147,1221.9955
11148,1233.7639
11149,1251.6705
11150,1340.724
11151,1253.1659
11152,1273.865
11153,1225.8641
11154,1402.992
11155,1056.026
11156,1089.1853
11157,921.00104
11158,1087.7792
11159,836.3579
11160,1074.0419
11161,987.3114
11162,1240.2549
11163,1311.558
11164,1104.4644
11165,1057.0468
11166,1020.9157
11167,1204.1115
11168,1310.7932
11169,1038.5575
11170,938.022
11171,859.086
11172,1051.1036
11173,1272.3596
11174,1100.8414
11175,1206.2347
11176,1187.2705
11177,1221.6967
11178,1319.0754
11179,1195.3735
11180,1339.0453
11181,993.17883
11182,1243.0177
11183,1241.8695
11184,929.57697
11185,1255.4625
11186,1272.5767
11187,1435.0054
11188,1463.6594
11189,1096.6521
11190,1212.5524
11191,1002.41254
11192,1159.5216
11193,1035.7151
11194,1205.2052
11195,1353.3639
11196,1211.2362
11197,1208.7727
11198,1273.9712
11199,1212.2827
11200,1150.4495
11201,1201.2395
11202,1013.8719
11203,554.7655
11204,515.699
11205,1006.1374
11206,1022.8493
11207,1114.739
11208,965.4019
11209,786.2171
11210,920.295
11211,771.6222
11212,1012.1584
11213,989.645
11214,973.0868
11215,1019.00684
11216,1046.3567
11217,1057.4642
11218,1046.8616
11219,1208.154
11220,1226.0264
11221,1139.62
11222,1090.947
11223,1198.7765
11224,1171.3351
11225,1157.6427
11226,1083.9673
11227,1136.7284
11228,860.16223
11229,841.33905
11230,740.62604
11231,785.9819
11232,1043.9427
11233,849.982
11234,1034.4332
11235,909.6776
11236,739.8664
11237,642.0713
11238,561.6348
11239,690.9676
11240,680.9432
11241,777.51215
11242,701.6
11243,625.4759
11244,464.49594
11245,722.60455
11246,675.48254
11247,855.09644
11248,584.2684
11249,514.9474
11250,430.58096
11251,575.22095
11252,608.2155
11253,684.4347
11254,711.7469
11255,760.1341
11256,870.9022
11257,826.8637
11258,847.5798
11259,821.94073
11260,663.8744
11261,692.3164
11262,828.1922
11263,775.97375
11264,737.3652
11265,543.94434
11266,437.94513
11267,488.91843
11268,566.0486
11269,470.6971
11270,564.9547
11271,651.3955
11272,744.8451
11273,812.4584
11274,469.8937
11275,702.11523
11276,717.37274
11277,876.55896
11278,833.11316
11279,820.10284
11280,786.8392
11281,614.86066
11282,367.6608
11283,508.88162
11284,613.32965
11285,456.864
11286,566.22327
11287,522.2335
11288,579.28156
11289,399.50226
11290,703.80853
11291,569.5021
11292,654.49207
11293,874.1847
11294,1022.38513
11295,763.77313
11296,935.99146
11297,1023.5858
11298,781.1325
11299,823.3212
11300,1174.6633
11301,915.9047
11302,1070.8889
11303,1083.769
11304,1130.248
11305,1201.8369
11306,1296.3325
11307,883.9658
11308,902.5153
11309,844.4006
11310,792.8016
11311,648.3294
11312,466.7011
11313,511.1501
11314,473.43378
11315,417.36432
11316,385.86453
11317,542.42004
11318,767.7073
11319,660.3818
11320,589.0475
11321,515.4394
11322,561.6056
11323,762.73193
11324,691.58167
11325,708.5392
11326,589.4565
11327,677.5511
11328,452.08435
11329,411.7881
11330,491.55264
11331,552.4796
11332,389.1049
11333,600.32605
11334,669.0649
11335,586.87366
11336,608.29785
11337,637.72705
11338,520.4476
11339,426.41296
11340,319.45377
11341,343.52625
11342,537.19116
11343,606.76685
11344,424.64832
11345,379.518
11346,395.44232
11347,319.77444
11348,161.60338
11349,178.9922
11350,205.46442
11351,190.62573
11352,267.71405
11353,353.3781
11354,289.49814
11355,296.53836
11356,220.37184
11357,281.52893
11358,287.77933
11359,326.29144
11360,334.30658
11361,198.77673
11362,201.83342
11363,213.30504
11364,161.70961
11365,220.20717
11366,164.94759
11367,146.38333
11368,97.64376
11369,94.41411
11370,92.87359
11371,102.16006
11372,147.17607
11373,188.55595
11374,172.65788
11375,188.9505
11376,172.45995
11377,150.26927
11378,151.16258
11379,106.86045
11380,148.74913
11381,161.08534
11382,177.26064
11383,112.90083
11384,133.61603
11385,91.362206
11386,87.90232
11387,121.13677
11388,223.5854
11389,174.99852
11390,143.4391
11391,161.71138
11392,259.19757
11393,247.61006
11394,200.35449
11395,285.23456
11396,249.56993
11397,270.261
11398,326.11435
11399,318.79877
11400,418.98776
11401,301.9267
11402,251.25883
11403,330.0347
11404,498.82025
11405,346.77048
11406,231.39552
11407,367.7404
11408,440.19727
11409,440.6635
11410,373.74112
11411,526.1974
11412,727.5616
11413,541.95245
11414,741.42847
11415,559.4465
11416,586.3538
11417,637.10693
11418,409.93832
11419,681.2632
11420,673.6806
11421,541.00415
11422,621.4542
11423,564.5713
11424,737.6944
11425,659.92694
11426,761.7914
11427,694.1127
11428,689.20557
11429,882.8661
11430,900.15
11431,920.59235
11432,908.5364
11433,478.89093
11434,1077.2731
11435,830.0269
11436,878.5926
11437,864.8071
11438,1229.4742
11439,1302.4402
11440,841.07153
11441,788.19916
11442,403.48917
11443,641.46814
11444,503.50253
11445,595.08276
11446,673.9274
11447,620.9383
11448,915.4433
11449,573.34607
11450,633.77936
11451,608.8959
11452,362.19925
11453,490.62967
11454,619.0176
11455,486.2013
11456,549.0207
11457,648.2297
11458,572.80396
11459,624.011
11460,575.64465
11461,489.70065
11462,512.49567
11463,473.602
11464,625.0607
11465,694.56696
11466,777.9204
11467,714.6344
11468,604.3922
11469,598.54767
11470,603.27954
11471,645.911
11472,523.43506
11473,432.5963
11474,475.49088
11475,453.06268
11476,498.28583
11477,522.3379
11478,437.59412
11479,552.7614
11480,512.2751
11481,656.36664
11482,576.0321
11483,675.8562
11484,729.57886
11485,810.6993
11486,739.6713
11487,626.0164
11488,785.0353
11489,802.65295
11490,777.4001
11491,625.98914
11492,978.40344
11493,826.92584
11494,789.6143
11495,761.0279
11496,644.42426
11497,673.65607
11498,790.16144
11499,610.44604
11500,556.44196
11501,502.98654
11502,608.2812
11503,600.2911
11504,588.7946
11505,630.1962
11506,851.49524
11507,651.1395
11508,496.07162
11509,718.6047
11510,724.0958
11511,580.8215
11512,727.1421
11513,612.28455
11514,539.93286
11515,483.8873
11516,539.89044
11517,462.08145
11518,672.0748
11519,452.7544
11520,490.87137
11521,575.5501
11522,543.3828
11523,599.07526
11524,519.7251
11525,538.1322
11526,561.65204
11527,662.0265
11528,611.8929
11529,562.42914
11530,707.6166
11531,605.436
11532,396.35605
11533,471.22037
11534,464.50284
11535,569.07324
11536,478.97452
11537,420.98685
11538,467.6463
11539,421.16006
11540,387.64838
11541,316.00717
11542,397.8704
11543,438.97357
11544,300.78644
11545,375.5834
11546,388.90997
11547,289.25458
11548,203.055
11549,165.97116
11550,121.992386
11551,122.44435
11552,106.656075
11553,116.534966
11554,94.68511
11555,117.741035
11556,127.13234
11557,80.91415
11558,58.617035
11559,132.81528
11560,220.73773
11561,198.55559
11562,58.738964
11563,144.25383
11564,93.18925
11565,104.508194
11566,58.93846
11567,75.16465
11568,102.0038
11569,482.55798
11570,369.0289
11571,280.1142
11572,242.806
11573,82.82661
11574,126.80348
11575,58.803677
11576,21.083963
11577,62.518787
11578,805.19037
11579,445.13315
11580,247.80241
11581,204.63103
11582,210.90868
11583,537.1166
11584,364.08868
11585,393.045
11586,450.07346
11587,439.74774
11588,803.2586
11589,850.48145
11590,414.71994
11591,347.7784
11592,249.29941
11593,165.89984
11594,58.683117
11595,6.7530017
11596,0.17551233
11597,-2.4955916
11598,-5.049309
11599,-5.049309
11600,-5.049309
11601,-5.049309
11602,-5.5841746
11603,-5.5841746
11604,-5.5841746
11605,-2.7882714
11606,-2.7882714
11607,-2.5308847
11608,0.08275439
11609,0.08275439
11610,0.11718798
11611,0.2690261
11612,0.2690261
11613,0.2690261
11614,0.2690261
11615,0.2690261
11616,0.23459248
11617,0.23459248
11618,0.70322096
11619,0.5172684
11620,2.0028923
11621,2.3330054
11622,2.3330054
11623,2.4026535
11624,2.7094388
11625,3.356117
11626,1.4997888
11627,1.4997888
11628,2.0759995
11629,1.5670441
11630,1.7513379
11631,1.5670441
11632,0.78895235
11633,0.78895235
11634,0.78895235
11635,0.78895235
11636,0.78895235
11637,0.82338595
11638,0.7433577
11639,0.9799114
11640,0.9799114
11641,0.6392762
11642,0.9799114
11643,1.6404997
11644,1.0135269
11645,0.7433577
11646,0.6392762
11647,0.6392762
11648,0.6392762
11649,0.6392762
11650,0.6392762
11651,0.7433577
11652,0.81163543
11653,0.9687956
11654,0.7433577
11655,1.5055678
11656,0.76166856
11657,0.48463398
11658,0.48463398
11659,0.48463398
11660,0.48463398
11661,0.48463398
11662,0.9024669
11663,0.9024669
11664,0.9024669
11665,0.9024669
11666,1.4114221
11667,1.0867608
11668,0.9918946
11669,0.9918946
11670,0.9918946
11671,1.22817
11672,1.22817
11673,1.8228667
11674,1.1372399
11675,1.1372399
11676,1.1372399
11677,1.1372399
11678,1.1372399
11679,1.1372399
11680,1.1372399
11681,1.1372399
11682,1.1372399
11683,1.1372399
11684,1.1372399
11685,1.6461953
11686,1.8110517
11687,0.75761503
11688,0.65353346
11689,0.65353346
11690,0.65353346
11691,0.65353346
11692,0.65353346
11693,1.7264163
11694,1.8110517
11695,0.65353346
11696,0.65353346
11697,0.75761503
11698,1.7997845
11699,2.7589784
11700,28.760891
11701,20.479206
11702,11.18818
11703,6.1417556
11704,1.7997845
11705,0.9688125
11706,18.782202
11707,21.282518
11708,30.8059
11709,30.8059
11710,73.832794
11711,46.84681
11712,76.1343
11713,28.886545
11714,28.449022
11715,35.941315
11716,41.36625
11717,28.86354
11718,100.35485
11719,112.261566
11720,173.87122
11721,196.35919
11722,98.3339
11723,134.40111
11724,152.45822
11725,255.73456
11726,259.37595
11727,233.07079
11728,200.93243
11729,98.96098
11730,109.29991
11731,138.07257
11732,185.94194
11733,131.9268
11734,145.5794
11735,98.34978
11736,103.0193
11737,144.25418
11738,132.49117
11739,121.45036
11740,139.27628
11741,67.62508
11742,65.008835
11743,41.586975
11744,74.53949
11745,88.06495
11746,62.48369
11747,24.359413
11748,5.23766
11749,1.9783944
11750,1.6563781
11751,1.1474228
11752,1.1474228
11753,1.1522673
11754,1.1522673
11755,3.621268
11756,98.51602
11757,201.90741
11758,324.80115
11759,411.642
11760,415.01703
11761,267.38013
11762,225.70883
11763,45.464966
11764,62.906677
11765,131.55225
11766,112.37401
11767,96.100586
11768,36.740585
11769,43.293312
11770,60.063065
11771,55.250786
11772,96.62466
11773,94.226944
11774,83.96551
11775,93.39808
11776,139.06572
11777,148.17157
11778,126.69874
11779,167.11226
11780,192.08495
11781,182.2875
11782,221.27602
11783,167.67754
11784,257.39255
11785,437.82288
11786,358.6896
11787,333.99533
11788,425.52435
11789,506.583
11790,462.1466
11791,469.02722
11792,559.90424
11793,529.53174
11794,525.4413
11795,634.77924
11796,538.27954
11797,572.22614
11798,577.96106
11799,559.7922
11800,575.2253
11801,475.33777
11802,419.26874
11803,329.78317
11804,153.9821
11805,260.5443
11806,315.43872
11807,469.383
11808,588.7288
11809,471.0224
11810,370.02948
11811,407.75513
11812,677.57806
11813,742.00525
11814,877.085
11815,1040.8473
11816,580.77155
11817,225.83348
11818,27.414885
11819,48.041496
11820,135.259
11821,97.65445
11822,100.36007
11823,123.83413
11824,121.40426
11825,134.18011
11826,154.28702
11827,111.01704
11828,76.05525
11829,65.03746
11830,67.81141
11831,64.08563
11832,58.54625
11833,124.83816
11834,167.39085
11835,152.41817
11836,96.96781
11837,81.53726
11838,91.80003
11839,76.82879
11840,109.951965
11841,104.681694
11842,135.63808
11843,174.94554
11844,186.29955
11845,245.59262
11846,212.34593
11847,136.46736
11848,110.19507
11849,269.68896
11850,150.41223
11851,123.87444
11852,101.377235
11853,89.43378
11854,41.40026
11855,8.124457
11856,75.155945
11857,141.93184
11858,135.2298
11859,182.30913
11860,242.6658
11861,380.64816
11862,437.96667
11863,358.76627
11864,332.31454
11865,318.52707
11866,329.26675
11867,442.373
11868,292.92755
11869,388.38513
11870,390.2074
11871,251.47171
11872,658.4151
11873,923.9278
11874,818.0476
11875,737.84705
11876,876.88245
11877,821.2671
11878,854.30743
11879,605.5114
11880,607.49695
11881,689.8988
11882,937.25995
11883,801.2888
11884,1010.50055
11885,1161.0819
11886,1115.6908
11887,1247.6011
11888,1165.8612
11889,1276.725
11890,1255.1425
11891,1265.3174
11892,1333.3993
11893,1078.434
11894,1040.7922
11895,927.87286
11896,1110.4623
11897,1012.2883
11898,863.70844
11899,581.75616
11900,668.5301
11901,686.75085
11902,332.13165
11903,427.08554
11904,299.99585
11905,57.48124
11906,8.2166605
11907,3.6618934
11908,116.86952
11909,217.89426
11910,282.04926
11911,264.39777
11912,524.3636
11913,677.228
11914,349.20633
11915,361.63864
11916,329.61493
11917,264.29642
11918,313.67194
11919,199.16064
11920,120.897835
11921,84.54065
11922,104.18479
11923,12.509185
11924,0.75856423
11925,0.75856423
11926,-0.06569098
11927,1.8939943
11928,15.277695
11929,1.8023081
11930,0.20172013
11931,0.22037974
11932,-0.09929441
11933,0.34429032
11934,-0.24684995
11935,0.14260702
11936,0.32563072
11937,2.1010222
11938,88.98754
11939,112.4913
11940,155.92686
11941,169.26738
11942,135.15924
11943,30.958284
11944,119.50179
11945,46.66366
11946,56.488144
11947,102.52438
11948,58.969833
11949,46.579887
11950,24.586704
11951,239.20343
11952,332.61356
11953,245.20978
11954,349.69995
11955,318.68292
11956,71.97703
11957,159.95372
11958,137.57297
11959,71.75392
11960,72.546906
11961,127.137596
11962,58.937828
11963,134.93434
11964,305.2856
11965,322.10303
11966,322.63852
11967,232.51219
11968,339.6401
11969,336.01816
11970,179.73003
11971,60.61065
11972,28.980835
11973,27.450714
11974,16.650126
11975,89.96307
11976,207.962
11977,138.91824
11978,171.85555
11979,203.97255
11980,138.13641
11981,102.95015
11982,105.01787
11983,104.986916
11984,210.15587
11985,200.67122
11986,196.5972
11987,205.67673
11988,175.51852
11989,278.1947
11990,334.19107
11991,452.201
11992,467.81512
11993,575.5357
11994,541.90564
11995,511.3954
11996,695.49384
11997,362.2439
11998,423.62448
11999,622.38226
12000,750.4861
12001,736.9898
12002,968.43567
12003,853.2698
12004,1218.4371
12005,934.9091
12006,942.2151
12007,1201.2445
12008,889.53735
12009,627.85834
12010,817.8921
12011,608.63477
12012,724.6821
12013,595.807
12014,820.84546
12015,1325.4398
12016,1085.4292
12017,926.46985
12018,1045.3574
12019,865.9694
12020,746.8255
12021,687.58746
12022,968.52545
12023,869.1663
12024,1039.7646
12025,1302.3783
12026,1056.3384
12027,755.276
12028,580.30426
12029,315.25064
12030,364.30185
12031,343.0752
12032,224.23395
12033,56.373016
12034,138.79044
12035,234.77612
12036,374.09003
12037,603.86847
12038,577.945
12039,1059.8326
12040,1162.3895
12041,1087.2394
12042,1004.76355
12043,1013.3538
12044,1039.1189
12045,989.7023
12046,1131.7018
12047,1134.1256
12048,1105.0048
12049,1091.7039
12050,1276.2719
12051,1191.6561
12052,1176.462
12053,1231.2808
12054,1295.1246
12055,1320.8445
12056,1404.7747
12057,1682.811
12058,1657.8622
12059,1479.6285
12060,1609.7601
12061,1210.1571
12062,1716.7092
12063,1687.2244
12064,1688.84
12065,1862.4813
12066,1943.2025
12067,1864.9652
12068,1723.3488
12069,1427.2803
12070,1311.6328
12071,1302.5469
12072,1247.4045
12073,1326.4272
12074,1335.7135
12075,1293.2167
12076,1473.9418
12077,1224.8995
12078,1146.7795
12079,1058.1538
12080,1248.7344
12081,1478.6293
12082,1603.1096
12083,1634.0404
12084,1594.3405
12085,1767.9149
12086,1715.3242
12087,1804.0228
12088,1839.2609
12089,1801.3767
12090,1639.2833
12091,1637.1592
12092,1798.1172
12093,1651.1506
12094,1652.595
12095,1711.2462
12096,1445.7443
12097,1454.7698
12098,1615.8428
12099,1621.0233
12100,1714.9155
12101,1710.5968
12102,1550.7256
12103,1537.111
12104,1482.6063
12105,1729.8011
12106,1751.1257
12107,1558.3829
12108,1562.88
12109,1493.874
12110,1496.3195
12111,1555.5182
12112,1850.472
12113,1867.2787
12114,1663.4058
12115,1414.4845
12116,1709.6573
12117,1841.3673
12118,1926.4951
12119,1941.7838
12120,2025.1635
12121,2020.9734
12122,2030.9707
12123,2026.9949
12124,1848.691
12125,1850.7145
12126,1794.3729
12127,1812.0468
12128,1860.8077
12129,1929.5015
12130,1849.8632
12131,1824.533
12132,1941.1306
12133,1879.9471
12134,1855.7738
12135,1774.4845
12136,1708.8668
12137,1651.1825
12138,1425.9338
12139,1717.1442
12140,1820.018
12141,1644.3635
12142,1485.003
12143,1840.72
12144,1744.8876
12145,1726.2838
12146,1868.2606
12147,1904.8524
12148,1918.5692
12149,2005.7432
12150,1975.3275
12151,1969.7169
12152,1984.4232
12153,2029.4155
12154,1979.4932
12155,2035.2861
12156,2021.9343
12157,1943.652
12158,1962.9177
12159,1987.7084
12160,1794.6426
12161,1706.0508
12162,1978.2345
12163,1822.1615
12164,1744.6066
12165,1799.3536
12166,1998.6965
12167,1967.2032
12168,1969.6707
12169,1809.5857
12170,1973.0359
12171,1923.2509
12172,1856.6044
12173,1635.2568
12174,1418.6265
12175,1433.7086
12176,1558.9705
12177,1688.549
12178,1798.0029
12179,1752.3124
12180,1667.011
12181,1663.6936
12182,1749.881
12183,1757.817
12184,1847.1637
12185,1824.2831
12186,1834.0363
12187,1845.5836
12188,1835.3768
12189,1806.9966
12190,1667.613
12191,1467.4913
12192,1076.0472
12193,993.7209
12194,763.8017
12195,677.159
12196,595.7011
12197,368.4855
12198,348.01962
12199,291.01923
12200,356.85687
12201,334.9981
12202,421.5677
12203,394.2507
12204,124.38104
12205,98.6951
12206,139.67256
12207,294.38626
12208,257.14658
12209,298.96115
12210,437.65723
12211,577.05865
12212,551.37317
12213,479.83612
12214,512.5259
12215,470.5706
12216,415.85104
12217,495.7794
12218,431.0448
12219,437.108
12220,404.85278
12221,500.156
12222,271.8956
12223,471.13464
12224,134.11118
12225,515.82135
12226,158.38963
12227,66.21023
12228,105.584465
12229,131.49998
12230,153.91534
12231,257.49295
12232,270.1852
12233,239.74202
12234,176.61938
12235,175.85582
12236,159.71335
12237,137.0461
12238,100.944336
12239,46.83693
12240,42.697945
12241,67.99891
12242,112.99578
12243,84.08152
12244,95.2462
12245,53.48004
12246,53.85247
12247,95.1278
12248,74.7297
12249,32.060844
12250,14.96965
12251,12.486103
12252,36.53618
12253,45.202835
12254,20.659086
12255,86.34783
12256,52.273445
12257,43.175606
12258,44.828537
12259,58.068985
12260,96.62387
12261,47.590866
12262,39.477554
12263,22.692808
12264,34.225494
12265,26.60107
12266,40.038475
12267,10.362434
12268,0.58119667
12269,0.6852782
12270,1.8233405
12271,12.263294
12272,0.66945255
12273,1.9115962
12274,7.262764
12275,47.692062
12276,41.57345
12277,9.650218
12278,64.41541
12279,155.32155
12280,60.26538
12281,40.4906
12282,2.1672223
12283,0.886741
12284,1.9735156
12285,1.715595
12286,2.8806841
12287,1.0550171
12288,1.0105323
12289,32.54602
12290,20.860386
12291,1.654971
12292,1.4699908
12293,1.4699908
12294,1.9669206
12295,14.062302
12296,15.019451
12297,1.5740725
12298,1.2982415
12299,1.6910901
12300,9.609046
12301,89.16638
12302,138.90059
12303,80.18898
12304,101.84689
12305,33.152725
12306,79.75581
12307,76.532875
12308,58.641586
12309,27.734402
12310,23.344355
12311,36.067635
12312,68.68437
12313,155.61058
12314,218.13814
12315,262.31873
12316,221.18976
12317,125.00867
12318,109.56656
12319,94.792336
12320,135.83434
12321,218.66583
12322,287.22006
12323,390.61795
12324,417.29166
12325,455.59207
12326,400.3567
12327,351.29388
12328,368.10455
12329,346.90634
12330,264.28918
12331,167.28949
12332,95.92872
12333,80.36208
12334,17.769852
12335,2.5120556
12336,2.327762
12337,1.7646211
12338,7.294618
12339,132.53026
12340,83.35565
12341,125.92676
12342,50.25756
12343,1.2794263
12344,2.6539903
12345,1.2794263
12346,17.074507
12347,18.409168
12348,12.937664
12349,9.295088
12350,9.295088
12351,10.379111
12352,5.721198
12353,18.255587
12354,16.954956
12355,10.702887
12356,4.661409
12357,4.661409
12358,67.47068
12359,63.946922
12360,20.10652
12361,10.388221
12362,5.2696624
12363,4.770797
12364,5.276064
12365,4.528867
12366,31.427427
12367,63.199257
12368,57.16722
12369,55.80815
12370,59.48758
12371,65.47551
12372,84.669266
12373,73.58982
12374,122.49913
12375,174.31427
12376,86.50068
12377,63.439125
12378,62.610275
12379,86.25218
12380,66.86774
12381,51.733475
12382,92.756744
12383,89.33329
12384,173.41878
12385,252.08443
12386,364.51492
12387,350.24878
12388,331.6355
12389,145.70758
12390,145.70758
12391,173.45363
12392,160.48601
12393,154.21593
12394,105.395744
12395,123.16387
12396,124.183426
12397,111.25263
12398,152.8877
12399,176.49126
12400,109.72567
12401,65.97332
12402,74.2949
12403,85.330574
12404,43.345467
12405,47.794914
12406,48.606346
12407,47.566193
12408,55.48133
12409,112.11136
12410,72.80889
12411,85.250305
12412,125.5243
12413,162.31247
12414,167.40395
12415,161.1593
12416,76.27514
12417,55.18344
12418,13.428643
12419,7.1882076
12420,44.385925
12421,2.1666243
12422,2.2615669
12423,65.89493
12424,77.02966
12425,105.13169
12426,142.50893
12427,141.74847
12428,149.64532
12429,154.7961
12430,218.02187
12431,149.43889
12432,231.68475
12433,93.39903
12434,65.16215
12435,53.155502
12436,136.54164
12437,240.9364
12438,166.23134
12439,79.62066
12440,209.14854
12441,153.29091
12442,238.09535
12443,214.17622
12444,182.18782
12445,81.8582
12446,47.520065
12447,163.78448
12448,309.8449
12449,177.60736
12450,108.87055
12451,11.556622
12452,49.651497
12453,106.79124
12454,212.5439
12455,206.26224
12456,175.25114
12457,146.49811
12458,114.108444
12459,128.81111
12460,89.12098
12461,98.85989
12462,164.82695
12463,243.50879
12464,270.60846
12465,413.76584
12466,382.71832
12467,314.0451
12468,299.08347
12469,275.9634
12470,281.74292
12471,250.67537
12472,226.61636
12473,258.45743
12474,287.16492
12475,260.91742
12476,241.42024
12477,281.95392
12478,306.1299
12479,273.23087
12480,360.4944
12481,481.64407
12482,409.58917
12483,339.23688
12484,371.72116
12485,397.89032
12486,657.5582
12487,760.5657
12488,771.43823
12489,689.3303
12490,752.9341
12491,452.42096
12492,329.66092
12493,398.06012
12494,525.7372
12495,512.4146
12496,530.5679
12497,513.5131
12498,493.22882
12499,308.56058
12500,345.15106
12501,338.16095
12502,388.736
12503,383.0707
12504,232.1129
12505,186.02522
12506,210.95238
12507,129.91899
12508,138.56693
12509,117.78302
12510,88.78362
12511,100.35441
12512,80.259705
12513,113.681465
12514,152.34918
12515,168.52129
12516,214.86282
12517,234.96759
12518,178.87311
12519,141.07347
12520,118.790306
12521,110.92184
12522,146.13454
12523,170.68372
12524,186.61603
12525,171.71457
12526,284.08215
12527,289.69275
12528,257.5412
12529,235.40863
12530,219.67995
12531,186.17963
12532,145.47903
12533,131.27744
12534,109.535736
12535,46.516388
12536,91.47661
12537,145.03839
12538,111.20168
12539,94.49646
12540,132.28058
12541,95.30282
12542,79.77872
12543,97.997795
12544,91.4662
12545,46.379013
12546,2.4437652
12547,3.441364
12548,2.7066236
12549,2.2878828
12550,2.0759528
12551,2.5325177
12552,2.3592002
12553,1.1054796
12554,1.1054796
12555,3.3239954
12556,28.365213
12557,83.200874
12558,134.08034
12559,143.32861
12560,74.44843
12561,20.359858
12562,108.770195
12563,118.54598
12564,83.03632
12565,128.94803
12566,147.01869
12567,149.17809
12568,70.462944
12569,32.351116
12570,4.0353637
12571,72.80534
12572,301.3835
12573,193.12646
12574,229.37012
12575,170.02911
12576,152.36848
12577,187.0351
12578,240.96098
12579,116.77314
12580,80.654884
12581,46.431904
12582,183.14003
12583,206.4953
12584,215.07095
12585,232.43513
12586,198.2076
12587,324.74475
12588,406.45334
12589,455.12433
12590,360.56424
12591,461.02643
12592,303.3671
12593,148.89377
12594,147.69086
12595,129.08827
12596,228.90758
12597,296.3829
12598,207.0511
12599,239.42732
12600,333.8292
12601,368.09003
12602,438.3089
12603,504.1847
12604,397.38916
12605,447.4938
12606,330.23007
12607,437.03088
12608,485.50482
12609,550.88403
12610,485.0474
12611,398.96378
12612,694.3554
12613,659.8107
12614,631.2928
12615,668.8153
12616,569.5144
12617,605.2987
12618,598.12085
12619,740.1611
12620,753.7175
12621,725.94116
12622,572.09705
12623,511.25705
12624,531.7557
12625,531.31824
12626,514.2694
12627,472.9832
12628,446.2417
12629,422.8018
12630,317.23044
12631,269.1703
12632,226.2312
12633,239.37756
12634,238.35881
12635,224.52069
12636,214.9208
12637,209.86235
12638,236.09738
12639,241.0999
12640,267.32544
12641,257.17712
12642,220.52065
12643,152.07405
12644,137.31482
12645,154.46815
12646,201.24268
12647,170.74626
12648,191.97583
12649,196.73729
12650,177.9189
12651,171.49078
12652,166.08797
12653,140.98618
12654,151.94945
12655,151.37328
12656,162.22629
12657,210.42682
12658,178.34969
12659,152.27168
12660,206.83476
12661,206.63638
12662,171.8652
12663,197.96107
12664,187.27278
12665,288.38892
12666,231.94727
12667,182.78986
12668,163.76683
12669,176.43515
12670,160.62444
12671,120.61527
12672,128.20168
12673,118.03456
12674,110.88474
12675,85.410965
12676,68.7416
12677,25.926197
12678,10.241181
12679,0.6820686
12680,0.7242439
12681,1.5377389
12682,1.3869338
12683,1.5504355
12684,2.3012207
12685,2.2624671
12686,2.350723
12687,4.395954
12688,41.099712
12689,54.817566
12690,70.468895
12691,89.30853
12692,115.883415
12693,186.82214
12694,126.26
12695,169.20059
12696,85.193924
12697,71.155014
12698,16.394493
12699,51.78734
12700,127.87143
12701,129.22755
12702,87.634796
12703,99.99299
12704,99.28291
12705,43.823112
12706,53.30933
12707,153.04749
12708,8.882957
12709,67.11693
12710,46.170326
12711,21.242643
12712,99.42741
12713,6.04135
12714,120.71858
12715,12.184708
12716,26.59338
12717,26.103048
12718,24.446527
12719,6.005272
12720,1.4619254
12721,16.360031
12722,0.6162062
12723,7.7672234
12724,26.91894
12725,11.203745
12726,6.8923573
12727,1.2587155
12728,1.3817043
12729,1.2587155
12730,1.9000454
12731,0.6910839
12732,1.4553384
12733,1.4553062
12734,0.6910839
12735,0.6910839
12736,0.5562346
12737,0.5562346
12738,0.6603161
12739,0.6603161
12740,0.5562346
12741,0.5562346
12742,2.165035
12743,1.956657
12744,0.63496923
12745,0.963623
12746,0.7390508
12747,1.8439313
12748,0.10363245
12749,-0.00044911914
12750,-0.00044911914
12751,-0.00044911914
12752,-0.00044911914
12753,7.379267
12754,58.1894
12755,38.58121
12756,26.740515
12757,4.688546
12758,5.245535
12759,14.174982
12760,4.583805
12761,6.8512836
12762,8.098996
12763,59.472313
12764,61.669746
12765,67.7294
12766,63.20304
12767,65.16642
12768,46.969078
12769,44.899467
12770,22.564205
12771,62.612595
12772,91.8525
12773,91.8525
12774,106.02482
12775,74.77773
12776,71.45656
12777,102.1267
12778,62.3496
12779,70.7042
12780,93.19816
12781,72.21075
12782,77.50151
12783,121.56238
12784,105.01007
12785,54.600227
12786,79.17209
12787,83.36491
12788,58.235023
12789,66.39423
12790,62.075417
12791,93.6962
12792,71.49728
12793,124.80311
12794,67.904015
12795,70.02719
12796,53.799416
12797,30.139238
12798,18.938765
12799,6.782069
12800,7.1571155
12801,19.166193
12802,73.49729
12803,111.28351
12804,158.51093
12805,207.345
12806,256.77826
12807,251.8958
12808,259.9809
12809,176.32552
12810,126.75155
12811,178.56064
12812,178.18085
12813,140.05238
12814,140.05238
12815,159.20169
12816,168.67743
12817,166.5186
12818,134.51738
12819,176.28893
12820,121.02121
12821,93.84819
12822,96.33136
12823,84.67878
12824,24.692013
12825,1.5296159
12826,2.0206156
12827,13.744535
12828,82.7427
12829,178.57213
12830,84.0754
12831,87.86696
12832,25.52419
12833,23.296778
12834,60.372147
12835,30.71788
12836,118.90875
12837,116.36477
12838,94.92643
12839,174.16765
12840,317.20493
12841,277.691
12842,201.21692
12843,114.82708
12844,195.56468
12845,155.96239
12846,141.31566
12847,80.19277
12848,98.18192
12849,5.128746
12850,59.25611
12851,61.745644
12852,74.305984
12853,26.443127
12854,64.68523
12855,11.158831
12856,41.907005
12857,5.601088
12858,0.7961492
12859,-0.2412463
12860,-0.51107687
12861,-0.6959502
12862,-0.23938432
12863,0.79935306
12864,13.864117
12865,4.731998
12866,0.16950224
12867,53.42653
12868,106.006134
12869,35.118866
12870,33.215317
12871,13.623145
12872,33.46927
12873,58.45009
12874,58.381737
12875,16.10243
12876,77.772705
12877,52.27495
12878,17.441885
12879,23.428265
12880,29.44879
12881,39.98667
12882,26.208246
12883,6.1892767
12884,16.237957
12885,24.390287
12886,46.304703
12887,58.659393
12888,59.89862
12889,124.32316
12890,142.5104
12891,130.52322
12892,174.49332
12893,257.9894
12894,231.02583
12895,179.1972
12896,152.64108
12897,183.3639
12898,210.39772
12899,179.44206
12900,172.93112
12901,129.55612
12902,228.13829
12903,221.85605
12904,221.93233
12905,172.76622
12906,154.20741
12907,137.23073
12908,186.7661
12909,169.93463
12910,275.05255
12911,311.45285
12912,334.86008
12913,476.98026
12914,506.64417
12915,526.64734
12916,624.5146
12917,735.33704
12918,917.7221
12919,1073.4121
12920,1185.0905
12921,1148.3324
12922,1159.0817
12923,1090.7802
12924,927.9852
12925,1060.8125
12926,873.1046
12927,779.56036
12928,929.58527
12929,1065.357
12930,1000.37494
12931,900.3925
12932,666.5324
12933,608.9293
12934,564.84033
12935,543.7085
12936,572.8031
12937,562.9908
12938,382.20523
12939,276.56497
12940,395.01022
12941,493.5302
12942,717.0282
12943,625.42303
12944,625.1666
12945,1120.679
12946,917.7676
12947,1136.4476
12948,918.8875
12949,1017.8963
12950,1202.2429
12951,1433.8723
12952,1385.41
12953,1209.4863
12954,1383.1836
12955,1075.259
12956,1100.8959
12957,891.09235
12958,754.1163
12959,577.3435
12960,712.0975
12961,315.1012
12962,406.26685
12963,432.05502
12964,572.57135
12965,384.15018
12966,378.3091
12967,575.1775
12968,396.2392
12969,595.91614
12970,565.2044
12971,523.3591
12972,572.0315
12973,615.1887
12974,599.9094
12975,684.92163
12976,408.73706
12977,317.58115
12978,395.13043
12979,291.5794
12980,265.52917
12981,406.076
12982,400.0461
12983,304.41772
12984,448.1407
12985,433.2241
12986,369.76038
12987,540.6152
12988,274.67307
12989,429.78113
12990,131.65762
12991,204.90323
12992,445.28494
12993,166.9196
12994,210.37115
12995,233.50095
12996,252.77864
12997,398.4056
12998,327.84143
12999,98.75728
13000,199.28996
13001,267.2223
13002,174.32616
13003,187.52298
13004,265.0968
13005,362.6317
13006,260.69116
13007,389.03375
13008,420.09802
13009,199.05453
13010,423.20633
13011,490.46716
13012,424.2449
13013,310.72766
13014,441.93552
13015,601.2728
13016,597.5821
13017,717.28107
13018,320.23444
13019,318.45197
13020,201.80899
13021,193.74
13022,90.776505
13023,46.09797
13024,28.220062
13025,24.32148
13026,50.047523
13027,73.22047
13028,105.033745
13029,165.81828
13030,170.85945
13031,67.91761
13032,57.72406
13033,67.70744
13034,84.41687
13035,124.9375
13036,208.48618
13037,161.69588
13038,152.31679
13039,108.370575
13040,78.261444
13041,99.82476
13042,151.04793
13043,120.47625
13044,93.59068
13045,101.40287
13046,175.44792
13047,250.10178
13048,316.8781
13049,308.83453
13050,287.71216
13051,356.1612
13052,348.06088
13053,265.4069
13054,233.82979
13055,264.9248
13056,209.60182
13057,73.40867
13058,25.86939
13059,65.79201
13060,4.8222365
13061,-0.10311206
13062,0.93253165
13063,8.628587
13064,106.95205
13065,83.622
13066,9.823023
13067,24.273205
13068,40.281025
13069,16.972689
13070,5.4093404
13071,3.6204531
13072,3.3838997
13073,5.0796504
13074,4.9063654
13075,3.8033519
13076,23.732582
13077,27.34564
13078,4.13225
13079,0.41237712
13080,0.5856625
13081,-0.12445775
13082,0.11118001
13083,1.1705173
13084,1.1705173
13085,1.1948897
13086,1.0325582
13087,1.0325582
13088,1.0216043
13089,1.0560379
13090,0.99723196
13091,1.1948897
13092,1.0325263
13093,0.70887566
13094,2.422363
13095,1.0508655
13096,1.0399116
13097,1.0399116
13098,1.0399116
13099,1.0399116
13100,1.015539
13101,1.273042
13102,1.273042
13103,1.273042
13104,1.273042
13105,8.726808
13106,12.282522
13107,46.952072
13108,189.11667
13109,418.37854
13110,152.26802
13111,42.166004
13112,2.4181356
13113,3.637627
13114,22.668844
13115,14.76435
13116,25.186392
13117,52.810104
13118,62.19737
13119,108.55606
13120,265.55707
13121,162.97897
13122,175.00171
13123,164.90904
13124,158.49991
13125,133.52472
13126,167.35167
13127,281.11572
13128,421.6485
13129,730.01495
13130,742.59204
13131,428.5206
13132,125.65417
13133,43.89041
13134,183.87778
13135,184.53368
13136,85.13831
13137,64.786125
13138,51.004208
13139,70.75474
13140,28.716906
13141,20.608313
13142,5.1779046
13143,3.0401194
13144,3.3852274
13145,2.7140286
13146,3.4265912
13147,2.9285898
13148,2.9285898
13149,16.160177
13150,52.680058
13151,16.709484
13152,45.20967
13153,132.92023
13154,131.44568
13155,103.342445
13156,56.7816
13157,74.783165
13158,77.60465
13159,5.0007153
13160,2.6870563
13161,3.2767117
13162,3.2767117
13163,5.5402527
13164,21.986185
13165,2.633353
13166,2.633353
13167,2.1109486
13168,2.9275925
13169,2.2150302
13170,2.9275925
13171,2.7543073
13172,2.7543073
13173,1.981858
13174,1.981858
13175,2.1551435
13176,2.1551435
13177,2.104847
13178,2.1551435
13179,1.530426
13180,1.4259539
13181,1.5650043
13182,2.7899497
13183,2.7899497
13184,2.5172698
13185,1.1320621
13186,1.3772796
13187,1.0242784
13188,0.7997063
13189,1.1925545
13190,2.0189939
13191,13.757489
13192,68.98995
13193,62.572357
13194,49.745106
13195,43.07013
13196,27.61579
13197,56.406807
13198,67.43045
13199,96.26389
13200,121.46736
13201,94.78427
13202,57.61013
13203,27.057798
13204,40.333683
13205,37.467396
13206,48.937424
13207,13.818008
13208,4.685099
13209,4.357805
13210,3.9440002
13211,3.9440002
13212,5.196665
13213,0.74927735
13214,1.3996987
13215,0.7074418
13216,0.89173555
13217,0.89173555
13218,0.89173555
13219,1.2163969
13220,0.38557667
13221,0.56348467
13222,0.74650824
13223,0.74650824
13224,1.7864821
13225,1.797436
13226,49.40713
13227,86.245476
13228,27.548775
13229,4.3012676
13230,5.6826086
13231,0.57955414
13232,0.39653054
13233,0.5744386
13234,0.5744386
13235,0.5744386
13236,0.5744386
13237,0.56348467
13238,0.56348467
13239,0.16406097
13240,0.20012532
13241,0.20012532
13242,0.20012532
13243,0.20012532
13244,0.20012532
13245,0.8846043
13246,0.9007912
13247,0.9007912
13248,2.520573
13249,5.603643
13250,35.86286
13251,65.412254
13252,111.03775
13253,108.172356
13254,29.939354
13255,52.18721
13256,15.946488
13257,5.550153
13258,5.643118
13259,2.3425035
13260,2.3611631
13261,1.203645
13262,1.2731485
13263,1.4053922
13264,1.4053922
13265,3.3693523
13266,2.3995476
13267,2.4553566
13268,5.1600804
13269,34.22056
13270,102.744064
13271,40.869667
13272,45.825287
13273,48.3304
13274,57.64827
13275,35.816635
13276,2.3242466
13277,9.408181
13278,26.03948
13279,38.45233
13280,61.581444
13281,62.417934
13282,95.02732
13283,58.0357
13284,50.093784
13285,141.49124
13286,113.55462
13287,164.16145
13288,188.3294
13289,193.12656
13290,211.73912
13291,270.6231
13292,206.62355
13293,154.45053
13294,243.88998
13295,343.3994
13296,255.98848
13297,232.18933
13298,304.72433
13299,428.53995
13300,311.6852
13301,141.35393
13302,285.6316
13303,429.70987
13304,404.00668
13305,362.39435
13306,274.78934
13307,356.31567
13308,449.37164
13309,382.348
13310,182.06743
13311,199.61177
13312,214.94759
13313,162.6165
13314,182.85535
13315,227.13147
13316,133.37991
13317,176.97462
13318,177.40906
13319,194.18437
13320,93.17914
13321,82.63927
13322,170.9234
13323,256.67548
13324,344.8249
13325,356.229
13326,295.13687
13327,329.15884
13328,354.94012
13329,461.96786
13330,642.8345
13331,717.4749
13332,791.6757
13333,752.82007
13334,721.2677
13335,866.0656
13336,849.98505
13337,748.60706
13338,875.44495
13339,742.0641
13340,576.77954
13341,536.7056
13342,574.659
13343,557.116
13344,578.64746
13345,680.32935
13346,744.64966
13347,747.3067
13348,705.3516
13349,726.943
13350,619.11926
13351,586.0228
13352,572.4348
13353,712.7277
13354,700.6177
13355,849.28424
13356,734.82886
13357,679.1705
13358,731.44556
13359,716.23596
13360,586.261
13361,583.4992
13362,501.01447
13363,615.10126
13364,434.2662
13365,404.96445
13366,431.2843
13367,328.82983
13368,289.569
13369,342.76346
13370,385.72174
13371,289.0968
13372,329.86157
13373,307.80978
13374,322.9256
13375,316.84137
13376,350.1133
13377,415.43542
13378,467.2047
13379,385.95596
13380,246.64943
13381,204.9371
13382,244.14441
13383,309.99066
13384,336.65988
13385,270.7287
13386,273.8888
13387,247.29773
13388,260.67584
13389,251.40237
13390,257.31662
13391,245.09854
13392,218.76947
13393,271.99927
13394,281.70502
13395,237.22905
13396,201.60185
13397,106.750626
13398,75.64175
13399,53.430492
13400,96.11621
13401,117.3125
13402,144.19699
13403,87.226
13404,63.478664
13405,97.24797
13406,84.42981
13407,71.83407
13408,82.6524
13409,101.75651
13410,80.77256
13411,56.32338
13412,33.374664
13413,42.058357
13414,53.100807
13415,54.562786
13416,57.875984
13417,80.0147
13418,62.31124
13419,57.730835
13420,101.79974
13421,63.76938
13422,109.69068
13423,96.901634
13424,147.3019
13425,61.04216
13426,87.54145
13427,36.229134
13428,77.040955
13429,163.78287
13430,85.53346
13431,47.26272
13432,75.26955
13433,191.69656
13434,180.9601
13435,95.87367
13436,23.069412
13437,0.8351468
13438,206.86288
13439,130.7699
13440,49.47635
13441,51.982307
13442,38.77432
13443,97.32086
13444,365.18594
13445,261.1164
13446,116.97407
13447,67.709206
13448,44.181324
13449,170.35434
13450,166.02293
13451,81.35998
13452,73.65391
13453,107.45162
13454,122.03513
13455,165.99437
13456,144.89914
13457,171.10532
13458,129.12343
13459,91.6371
13460,99.34917
13461,69.19598
13462,68.742874
13463,90.892715
13464,188.87253
13465,221.20068
13466,265.3367
13467,258.44165
13468,241.36502
13469,250.35663
13470,231.45906
13471,295.18716
13472,284.88724
13473,238.31111
13474,206.13046
13475,199.25032
13476,191.00352
13477,95.546265
13478,123.091324
13479,499.6643
13480,1065.0182
13481,1302.7676
13482,1176.0446
13483,1169.1372
13484,1057.4967
13485,1066.4792
13486,1150.3666
13487,1042.7919
13488,943.4924
13489,807.6405
13490,770.0632
13491,679.0234
13492,643.06525
13493,563.56305
13494,453.8986
13495,438.31735
13496,452.6476
13497,329.68173
13498,308.2758
13499,240.28694
13500,154.88808
13501,109.616356
13502,66.856
13503,69.12308
13504,103.38582
13505,124.94839
13506,111.159424
13507,123.911575
13508,188.56155
13509,269.39236
13510,283.48642
13511,293.64343
13512,342.3231
13513,314.27487
13514,207.12643
13515,198.99207
13516,201.04391
13517,232.11807
13518,251.95068
13519,180.1396
13520,198.69275
13521,195.74602
13522,192.5807
13523,253.67584
13524,319.3523
13525,195.02132
13526,137.56308
13527,104.510506
13528,112.55787
13529,106.79316
13530,146.20036
13531,132.8249
13532,41.046097
13533,44.145157
13534,56.23254
13535,64.25708
13536,90.00473
13537,160.0153
13538,179.30392
13539,129.6027
13540,28.680265
13541,11.289962
13542,1.303223
13543,0.034980632
13544,0.034980632
13545,28.66967
13546,105.63461
13547,182.98875
13548,247.53961
13549,143.85107
13550,268.43054
13551,206.42734
13552,239.34369
13553,197.48317
13554,319.41486
13555,367.7086
13556,356.783
13557,395.27948
13558,256.78568
13559,100.28594
13560,42.45543
13561,139.63554
13562,322.9202
13563,399.0397
13564,193.09857
13565,126.20645
13566,123.668945
13567,86.2918
13568,155.09258
13569,269.90814
13570,250.79718
13571,252.42703
13572,223.90895
13573,142.73927
13574,99.0118
13575,192.0945
13576,200.59451
13577,144.3843
13578,96.32446
13579,159.23022
13580,194.29774
13581,288.80405
13582,324.89752
13583,305.58374
13584,477.39706
13585,269.15222
13586,218.21135
13587,140.02196
13588,29.293789
13589,22.711416
13590,137.54326
13591,124.85943
13592,37.737034
13593,84.80922
13594,214.93968
13595,167.04065
13596,87.21192
13597,23.401522
13598,29.344173
13599,24.222874
13600,28.02522
13601,10.28061
13602,2.0632925
13603,21.625385
13604,106.05321
13605,73.59687
13606,140.16025
13607,207.41785
13608,168.58345
13609,120.68803
13610,118.20266
13611,129.5872
13612,158.01099
13613,209.44685
13614,199.02837
13615,186.33878
13616,171.51498
13617,186.71469
13618,120.6594
13619,120.95522
13620,84.934654
13621,87.48699
13622,87.46394
13623,120.95522
13624,133.3441
13625,259.2437
13626,459.68344
13627,511.39932
13628,581.7991
13629,633.3437
13630,604.9297
13631,515.9264
13632,571.6572
13633,572.4
13634,609.9172
13635,637.66016
13636,563.10284
13637,479.11334
13638,456.04922
13639,474.60257
13640,493.85226
13641,484.65976
13642,446.85608
13643,444.20224
13644,511.00668
13645,418.48523
13646,281.92993
13647,320.4423
13648,379.8036
13649,492.63657
13650,479.3728
13651,509.79282
13652,558.87854
13653,544.81305
13654,734.7498
13655,554.367
13656,457.9455
13657,612.0942
13658,597.3167
13659,447.70712
13660,561.0915
13661,487.07944
13662,354.16974
13663,333.5767
13664,433.2894
13665,314.14
13666,188.65607
13667,322.19357
13668,443.55283
13669,405.57327
13670,344.09375
13671,361.99988
13672,392.52783
13673,435.8753
13674,448.47864
13675,481.67175
13676,575.90234
13677,515.8662
13678,550.43555
13679,669.4388
13680,592.6384
13681,594.6071
13682,570.358
13683,467.18347
13684,315.57404
13685,232.91434
13686,312.3262
13687,286.20493
13688,248.47125
13689,253.81625
13690,219.65018
13691,142.25485
13692,165.2426
13693,109.53857
13694,62.64221
13695,25.110126
13696,84.17206
13697,201.59811
13698,179.95253
13699,219.25177
13700,114.43879
13701,134.84863
13702,208.58763
13703,147.56935
13704,193.09195
13705,150.31616
13706,181.8777
13707,117.272766
13708,100.68026
13709,112.997765
13710,69.6913
13711,127.53257
13712,191.608
13713,140.25099
13714,222.16667
13715,198.84537
13716,225.8459
13717,207.307
13718,350.64722
13719,521.9
13720,150.93842
13721,170.38377
13722,198.96376
13723,192.46942
13724,147.17758
13725,261.21478
13726,107.36044
13727,134.97227
13728,270.2729
13729,390.3775
13730,240.8077
13731,194.71869
13732,216.73834
13733,283.8297
13734,321.5296
13735,220.6819
13736,361.96957
13737,319.56528
13738,342.71985
13739,421.94315
13740,415.33813
13741,338.6592
13742,285.20636
13743,497.1436
13744,581.4687
13745,336.12268
13746,532.6678
13747,300.189
13748,335.14728
13749,261.45758
13750,368.4575
13751,220.28398
13752,183.25278
13753,155.66956
13754,257.08026
13755,428.47318
13756,373.6543
13757,343.03305
13758,406.84915
13759,323.13516
13760,344.44888
13761,275.72598
13762,333.93777
13763,310.57877
13764,272.2343
13765,342.71597
13766,303.60922
13767,245.80812
13768,268.59155
13769,427.2849
13770,432.7051
13771,477.67505
13772,415.0804
13773,330.69073
13774,242.03703
13775,474.84457
13776,504.5688
13777,173.63405
13778,181.51854
13779,191.43301
13780,243.71402
13781,225.30885
13782,348.04553
13783,447.54092
13784,434.74423
13785,444.36685
13786,535.1985
13787,586.39526
13788,856.8119
13789,760.6222
13790,557.4329
13791,494.52344
13792,586.3108
13793,658.69324
13794,623.68146
13795,439.45386
13796,410.02896
13797,400.58902
13798,430.3397
13799,560.0973
13800,775.2037
13801,787.45496
13802,732.94037
13803,775.0373
13804,856.1188
13805,743.0209
13806,873.1483
13807,913.63495
13808,697.4979
13809,800.5889
13810,564.2146
13811,468.95483
13812,411.67477
13813,277.33163
13814,366.85397
13815,377.4566
13816,399.45828
13817,411.40442
13818,538.80536
13819,540.9525
13820,353.48734
13821,244.34238
13822,55.2628
13823,314.27994
13824,440.8775
13825,345.06787
13826,639.0307
13827,730.7276
13828,806.0411
13829,640.92096
13830,615.1699
13831,463.12015
13832,423.60083
13833,455.90475
13834,482.9145
13835,359.21518
13836,338.13187
13837,345.00818
13838,466.34528
13839,514.92017
13840,383.56107
13841,432.16565
13842,335.34918
13843,270.80887
13844,397.02087
13845,526.95184
13846,485.12537
13847,519.71985
13848,548.6814
13849,437.84616
13850,562.2376
13851,306.74957
13852,483.0024
13853,249.1657
13854,265.59872
13855,259.22958
13856,369.0383
13857,225.23671
13858,276.2087
13859,308.90347
13860,326.7091
13861,344.39395
13862,411.10596
13863,464.96387
13864,503.76813
13865,716.20374
13866,579.2728
13867,547.2894
13868,508.57672
13869,591.26056
13870,704.8631
13871,448.0468
13872,529.6926
13873,356.72366
13874,494.06323
13875,402.26578
13876,285.96286
13877,402.1529
13878,278.8096
13879,404.4057
13880,256.12646
13881,300.44287
13882,309.35486
13883,186.13245
13884,306.9657
13885,361.25107
13886,409.6163
13887,413.5483
13888,384.26996
13889,334.87616
13890,270.19547
13891,239.92871
13892,227.27216
13893,237.60237
13894,157.9665
13895,143.76064
13896,199.87698
13897,262.18628
13898,248.23561
13899,222.11241
13900,240.74944
13901,227.8479
13902,258.5129
13903,301.1676
13904,400.92532
13905,437.81616
13906,494.24057
13907,440.91663
13908,395.31317
13909,445.89218
13910,432.9726
13911,339.65182
13912,331.89636
13913,302.6358
13914,303.02853
13915,327.41623
13916,328.70416
13917,296.50818
13918,324.08435
13919,378.916
13920,490.76126
13921,575.58527
13922,461.12912
13923,483.77493
13924,541.2692
13925,542.5542
13926,532.3845
13927,466.28812
13928,433.18192
13929,390.33646
13930,378.71194
13931,423.25827
13932,407.51556
13933,391.6747
13934,326.141
13935,356.01984
13936,368.7809
13937,332.30386
13938,379.5802
13939,382.1111
13940,332.31946
13941,218.63432
13942,211.61823
13943,288.30905
13944,312.54437
13945,270.4856
13946,242.00667
13947,222.33957
13948,215.09473
13949,259.97977
13950,276.7266
13951,282.75015
13952,282.6461
13953,261.76855
13954,259.055
13955,224.4069
13956,205.01459
13957,158.6181
13958,130.06973
13959,114.778534
13960,83.92232
13961,60.885277
13962,68.05791
13963,76.29473
13964,56.394974
13965,46.24716
13966,45.22069
13967,21.437252
13968,1.2192419
13969,7.294718
13970,7.4844737
13971,0.84999424
13972,0.84999424
13973,0.84999424
13974,1.1613567
13975,1.1613567
13976,1.1613567
13977,1.3509169
13978,3.705439
13979,12.068341
13980,3.6309233
13981,3.704552
13982,2.8215187
13983,9.791405
13984,1.4034197
13985,1.0518229
13986,1.1730812
13987,0.6107119
13988,1.43661
13989,18.441242
13990,12.936299
13991,1.766576
13992,1.7909484
13993,1.6598386
13994,2.0929248
13995,1.7350831
13996,1.8876314
13997,1.7143139
13998,0.6786697
13999,1.0073234
14000,0.7669258
14001,0.8710073
14002,0.7669258
14003,4.1944036
14004,54.66927
14005,47.2306
14006,28.362867
14007,10.235745
14008,51.142952
14009,114.15119
14010,56.118
14011,40.037823
14012,10.34392
14013,11.168964
14014,18.238308
14015,1.9734052
14016,1.8454945
14017,45.715126
14018,1.5803605
14019,9.882824
14020,79.67693
14021,98.84266
14022,82.356415
14023,90.47675
14024,77.763916
14025,64.067345
14026,71.439125
14027,55.86717
14028,27.1582
14029,15.818525
14030,47.103577
14031,12.655175
14032,0.45717624
14033,1.9377415
14034,2.2569046
14035,34.24569
14036,72.82563
14037,108.053085
14038,140.5284
14039,139.88638
14040,191.08076
14041,190.68806
14042,138.41158
14043,266.57996
14044,369.8946
14045,398.03687
14046,377.31784
14047,333.22046
14048,359.38986
14049,244.89783
14050,128.8541
14051,178.43362
14052,213.87321
14053,261.47845
14054,346.91827
14055,377.1859
14056,480.4985
14057,468.5059
14058,412.6201
14059,368.93652
14060,281.60822
14061,203.08679
14062,161.04555
14063,143.68721
14064,133.48204
14065,109.026405
14066,79.70641
14067,40.076023
14068,57.89573
14069,15.029863
14070,8.525202
14071,19.653349
14072,10.865937
14073,5.6492248
14074,43.848286
14075,23.566624
14076,17.68588
14077,13.090254
14078,11.631801
14079,20.222033
14080,15.7075205
14081,22.976585
14082,14.800379
14083,6.5070977
14084,5.022104
14085,5.9331183
14086,5.9684453
14087,0.84459865
14088,0.65089214
14089,0.65089214
14090,23.808025
14091,32.47428
14092,17.73698
14093,5.671942
14094,5.020861
14095,0.68547046
14096,1.9104152
14097,2.469442
14098,48.55809
14099,47.894638
14100,43.821053
14101,27.63603
14102,19.986286
14103,11.299458
14104,8.829687
14105,5.217929
14106,1.5204691
14107,1.1918304
14108,1.3267623
14109,1.5294917
14110,1.7276314
14111,1.4056146
14112,1.7276314
14113,1.0670431
14114,1.7276314
14115,1.7052624
14116,0.45087725
14117,0.19296625
14118,0.19296625
14119,0.5194915
14120,0.26524165
14121,0.35114735
14122,0.39332253
14123,1.7584548
14124,1.635466
14125,1.635466
14126,1.7480944
14127,1.6794693
14128,1.5593345
14129,1.6720603
14130,1.7813979
14131,1.6081128
14132,1.6081128
14133,1.6081128
14134,1.6081128
14135,1.6081128
14136,1.5675509
14137,1.5675509
14138,1.5675509
14139,1.527182
14140,1.1061677
14141,1.1061677
14142,1.0848275
14143,1.0848275
14144,0.9374567
14145,0.9433924
14146,1.1251969
14147,0.484244
14148,1.0907633
14149,1.1511112
14150,0.484244
14151,0.8573867
14152,-0.43403122
14153,-0.43403122
14154,-0.43403122
14155,-0.38120797
14156,0.43799087
14157,0.40355736
14158,0.16950224
14159,0.40355736
14160,-0.38120797
14161,0.43799087
14162,9.297673
14163,-0.03699725
14164,-0.6959502
14165,-0.3233796
14166,0.6112761
14167,-0.4274612
14168,-0.4274612
14169,0.03549526
14170,-0.068586305
14171,0.8024371
14172,0.49519473
14173,-0.23299366
14174,0.49519473
14175,0.31978372
14176,-0.40840474
14177,-0.40840474
14178,0.08465622
14179,-0.19774424
14180,1.0810565
14181,1.6599821
14182,2.2556515
14183,1.8377162
14184,0.9710753
14185,23.237091
14186,62.913177
14187,62.945374
14188,44.75837
14189,40.72445
14190,40.72445
14191,53.86785
14192,58.332024
14193,54.48456
14194,44.010674
14195,33.126625
14196,61.095947
14197,84.083466
14198,44.75702
14199,41.70243
14200,41.288094
14201,35.61441
14202,19.215593
14203,37.232727
14204,39.426743
14205,37.305412
14206,44.686028
14207,31.692848
14208,20.12861
14209,49.985947
14210,44.642883
14211,46.57869
14212,51.26304
14213,44.642883
14214,46.895447
14215,56.80268
14216,65.686516
14217,78.97896
14218,119.20542
14219,166.46463
14220,197.9679
14221,202.86087
14222,198.1791
14223,176.39894
14224,203.86252
14225,203.86252
14226,171.23569
14227,155.73036
14228,127.69586
14229,127.34493
14230,102.49654
14231,92.102516
14232,95.20961
14233,74.75246
14234,48.977844
14235,44.965637
14236,50.25232
14237,49.6099
14238,51.024605
14239,47.719963
14240,19.468946
14241,25.864006
14242,29.29198
14243,48.825127
14244,33.528587
14245,6.104631
14246,4.9935718
14247,7.344454
14248,29.321226
14249,25.105225
14250,27.146534
14251,14.845955
14252,14.458381
14253,11.412473
14254,25.70222
14255,30.314907
14256,36.276375
14257,12.182056
14258,10.117091
14259,30.746243
14260,17.157732
14261,19.127565
14262,20.005728
14263,5.082358
14264,10.17631
14265,1.4726098
14266,1.3376776
14267,1.2666706
14268,1.2525132
14269,1.2525132
14270,1.2525132
14271,1.2525132
14272,2.0293512
14273,2.0131621
14274,1.6219627
14275,1.2990847
14276,1.1838523
14277,1.2481858
14278,1.1251969
14279,0.11237416
14280,0.2164557
14281,0.6575293
14282,0.43799087
14283,0.6112761
14284,0.43799087
14285,0.34278747
14286,-0.5918687
14287,0.34278747
14288,-0.6959502
14289,0.34278747
14290,0.34278747
14291,-0.6959502
14292,-0.6959502
14293,-0.2738179
14294,0.16950224
14295,-0.42577013
14296,-0.12132549
14297,0.12913306
14298,48.940506
14299,12.594784
14300,60.786682
14301,71.62473
14302,61.10598
14303,7.328357
14304,0.62606776
14305,68.74559
14306,132.38242
14307,74.30417
14308,77.90121
14309,73.68062
14310,79.603096
14311,44.666756
14312,17.611095
14313,11.120436
14314,0.36227873
14315,0.3278452
14316,0.07421218
14317,0.36227873
14318,0.36227873
14319,0.13504224
14320,0.13504224
14321,19.303434
14322,11.78812
14323,16.263578
14324,49.847237
14325,38.915123
14326,31.530037
14327,59.629852
14328,74.019356
14329,104.41368
14330,116.98243
14331,116.37164
14332,109.73851
14333,143.16829
14334,143.30931
14335,161.88553
14336,220.21844
14337,232.31143
14338,204.16794
14339,257.00943
14340,208.92876
14341,234.34435
14342,172.88208
14343,250.72357
14344,271.17554
14345,237.16325
14346,192.52994
14347,214.03073
14348,279.4123
14349,246.30388
14350,254.35846
14351,193.30995
14352,108.99976
14353,29.51669
14354,4.6071305
14355,21.485016
14356,30.079632
14357,13.292714
14358,8.215136
14359,5.179191
14360,7.397705
14361,9.517753
14362,4.4983206
14363,30.041056
14364,30.769169
14365,41.629215
14366,23.495667
14367,48.158127
14368,35.496765
14369,34.330017
14370,35.496765
14371,35.496765
14372,30.350311
14373,43.954765
14374,43.836216
14375,40.745888
14376,36.758602
14377,25.121841
14378,40.116066
14379,41.421352
14380,47.628735
14381,57.121975
14382,72.87025
14383,97.49164
14384,183.41373
14385,313.9037
14386,393.35968
14387,419.8131
14388,455.58005
14389,527.8236
14390,512.2805
14391,518.4318
14392,552.7129
14393,542.04346
14394,550.9602
14395,495.9153
14396,523.4479
14397,730.1358
14398,724.49255
14399,692.088
14400,689.1856
14401,766.9717
14402,660.3878
14403,585.3334
14404,475.39212
14405,193.29971
14406,252.52605
14407,59.365707
14408,60.14519
14409,53.884
14410,75.79121
14411,118.27711
14412,154.21236
14413,115.54085
14414,177.24042
14415,141.88275
14416,169.42569
14417,191.61253
14418,356.7271
14419,289.08405
14420,496.70447
14421,543.25885
14422,430.31656
14423,518.37787
14424,478.8894
14425,319.87015
14426,286.57306
14427,491.94385
14428,451.4769
14429,509.94
14430,404.72916
14431,351.10986
14432,471.1256
14433,530.27856
14434,990.7763
14435,1070.2401
14436,892.1196
14437,1051.8914
14438,995.2188
14439,1035.868
14440,676.7048
14441,643.3292
14442,723.0488
14443,916.6823
14444,680.46857
14445,448.37167
14446,414.45398
14447,621.82623
14448,458.28748
14449,389.5068
14450,498.32446
14451,654.7925
14452,431.67923
14453,590.64105
14454,952.4589
14455,641.6884
14456,825.06506
14457,714.3464
14458,811.45197
14459,1047.144
14460,613.3623
14461,1031.2781
14462,605.08704
14463,366.96542
14464,362.47638
14465,348.32483
14466,163.55797
14467,222.63635
14468,270.30753
14469,203.37941
14470,284.78046
14471,349.7192
14472,385.2121
14473,286.73
14474,321.224
14475,334.27124
14476,239.48506
14477,121.043175
14478,244.55785
14479,158.34622
14480,117.809906
14481,86.94037
14482,146.66493
14483,219.88544
14484,226.62192
14485,187.98581
14486,94.370926
14487,46.12772
14488,35.834732
14489,63.76208
14490,79.75017
14491,118.55674
14492,151.79114
14493,217.35959
14494,184.92021
14495,246.25323
14496,245.6612
14497,391.20505
14498,533.3743
14499,621.27454
14500,541.4958
14501,379.8553
14502,397.8008
14503,558.70044
14504,513.4827
14505,568.34174
14506,777.0679
14507,691.90576
14508,541.55066
14509,500.2905
14510,454.55157
14511,348.59396
14512,384.46414
14513,264.00955
14514,109.20038
14515,86.996315
14516,75.88251
14517,84.292336
14518,153.08264
14519,114.99796
14520,104.444374
14521,131.50629
14522,113.99895
14523,73.05696
14524,98.06153
14525,167.41942
14526,138.77234
14527,113.86715
14528,86.08561
14529,84.89841
14530,117.34177
14531,133.5607
14532,113.86715
14533,105.72473
14534,114.466774
14535,109.14498
14536,97.62237
14537,120.11251
14538,139.32503
14539,154.17693
14540,167.04144
14541,150.36969
14542,161.73471
14543,176.4441
14544,163.98288
14545,149.41281
14546,69.863
14547,105.641884
14548,114.95442
14549,165.71042
14550,111.716606
14551,84.0324
14552,49.14981
14553,46.937485
14554,71.377426
14555,84.05875
14556,79.41488
14557,34.793053
14558,42.936916
14559,54.840836
14560,10.759538
14561,0.8374092
14562,1.5837984
14563,1.0439105
14564,2.0973468
14565,22.057238
14566,1.9897977
14567,71.11109
14568,72.9691
14569,7.8921156
14570,102.71078
14571,57.160133
14572,100.94445
14573,66.11853
14574,72.67726
14575,1.6624266
14576,16.213503
14577,7.6683087
14578,125.32655
14579,47.71862
14580,16.401358
14581,53.08661
14582,2.4988978
14583,19.779076
14584,20.892298
14585,2.5494225
14586,9.754492
14587,14.940521
14588,1.1644093
14589,46.04245
14590,3.2494853
14591,46.14248
14592,16.590809
14593,17.656754
14594,16.96315
14595,12.1379595
14596,50.080647
14597,111.45117
14598,3.0123806
14599,0.97118855
14600,3.272722
14601,95.55682
14602,137.72221
14603,126.15332
14604,93.01041
14605,52.241455
14606,42.73504
14607,66.756195
14608,12.706936
14609,19.192694
14610,13.672725
14611,46.998814
14612,56.541985
14613,69.20175
14614,69.043236
14615,101.61577
14616,96.84852
14617,63.55144
14618,48.50271
14619,36.805515
14620,60.20147
14621,69.6055
14622,96.689285
14623,37.1696
14624,16.435625
14625,4.1719985
14626,4.353804
14627,4.440517
14628,8.644371
14629,4.440517
14630,5.1976814
14631,1.2663168
14632,1.2906891
14633,0.8475225
14634,0.45467415
14635,0.7192554
14636,1.5159274
14637,1.381985
14638,1.381985
14639,1.381985
14640,1.1174037
14641,1.381985
14642,1.381985
14643,1.3117228
14644,1.0471416
14645,18.874702
14646,209.39574
14647,132.0388
14648,187.15215
14649,237.55255
14650,282.0228
14651,307.2228
14652,318.01828
14653,343.89697
14654,302.82858
14655,312.99817
14656,370.04218
14657,376.92
14658,325.56754
14659,263.91394
14660,135.11781
14661,72.627075
14662,62.936157
14663,16.989937
14664,3.8734152
14665,5.115207
14666,0.9424818
14667,0.8578464
14668,0.9424818
14669,0.1391177
14670,0.1391177
14671,0.1391177
14672,0.48083392
14673,-0.2340816
14674,-0.05874191
14675,0.37545308
14676,0.37545308
14677,0.19242954
14678,0.19242954
14679,0.66378736
14680,0.66378736
14681,0.8468108
14682,0.8654704
14683,0.79668665
14684,0.92085797
14685,1.0843455
14686,1.0843455
14687,1.0843455
14688,1.0843455
14689,0.8197644
14690,0.8197644
14691,1.2200379
14692,1.2200379
14693,1.0566752
14694,1.0566752
14695,1.0566752
14696,1.0566752
14697,1.0468605
14698,1.0468605
14699,1.1026695
14700,1.2477266
14701,0.55351347
14702,3.6250765
14703,38.694454
14704,150.9513
14705,75.01057
14706,43.24779
14707,167.24619
14708,105.0138
14709,231.09921
14710,231.55388
14711,160.51079
14712,78.76658
14713,130.97992
14714,192.58974
14715,156.03049
14716,121.632034
14717,172.61288
14718,163.62167
14719,243.9344
14720,57.216484
14721,143.85234
14722,174.6647
14723,218.40384
14724,199.90231
14725,160.95245
14726,190.03224
14727,293.93088
14728,309.441
14729,172.47293
14730,295.81677
14731,214.37445
14732,317.71796
14733,461.77737
14734,335.09027
14735,240.177
14736,193.50945
14737,387.5439
14738,292.59216
14739,617.467
14740,461.45767
14741,267.84692
14742,520.8246
14743,419.616
14744,643.8123
14745,337.0986
14746,710.9346
14747,313.05252
14748,485.61642
14749,274.66656
14750,474.72595
14751,418.06918
14752,301.90405
14753,473.6039
14754,265.92365
14755,422.00833
14756,352.12698
14757,386.51892
14758,531.3829
14759,426.53647
14760,431.7926
14761,529.7689
14762,363.95804
14763,404.40863
14764,352.05856
14765,432.43512
14766,532.6187
14767,418.3656
14768,498.13022
14769,563.6076
14770,650.2157
14771,758.53406
14772,897.214
14773,959.3767
14774,1031.7212
14775,945.2926
14776,1057.2399
14777,984.62933
14778,982.82733
14779,920.609
14780,897.678
14781,964.803
14782,1052.3087
14783,549.8544
14784,371.91165
14785,247.87737
14786,190.28276
14787,247.92442
14788,145.77876
14789,155.51892
14790,276.43393
14791,564.0967
14792,623.35126
14793,338.20126
14794,285.57034
14795,290.55508
14796,336.10156
14797,420.46994
14798,367.3524
14799,274.62207
14800,277.35846
14801,374.61307
14802,348.2807
14803,234.0755
14804,190.16653
14805,291.75394
14806,483.7678
14807,396.94806
14808,374.79776
14809,436.04446
14810,559.669
14811,589.5213
14812,600.51544
14813,711.01385
14814,848.66864
14815,822.6672
14816,802.14777
14817,800.4192
14818,836.6059
14819,704.1297
14820,536.6705
14821,321.1823
14822,200.94553
14823,109.22925
14824,144.80156
14825,292.90738
14826,488.49783
14827,596.5847
14828,537.4251
14829,548.66693
14830,495.95444
14831,564.3078
14832,579.1455
14833,280.00623
14834,291.51126
14835,537.515
14836,338.92975
14837,253.41693
14838,157.33171
14839,207.50177
14840,90.58307
14841,127.92447
14842,80.04152
14843,93.29905
14844,133.03552
14845,103.15307
14846,144.00034
14847,105.53329
14848,131.19969
14849,111.78399
14850,137.67542
14851,77.57518
14852,131.06711
14853,79.73566
14854,143.88501
14855,130.98337
14856,132.2772
14857,166.10272
14858,143.1901
14859,171.47108
14860,171.47049
14861,119.360886
14862,127.30794
14863,114.43431
14864,75.529335
14865,76.56704
14866,74.00988
14867,79.95945
14868,49.244663
14869,87.96135
14870,61.49913
14871,131.11183
14872,211.47351
14873,182.29156
14874,185.58917
14875,242.35318
14876,180.19783
14877,126.149315
14878,77.39097
14879,219.62335
14880,239.8588
14881,296.49655
14882,169.19351
14883,256.2929
14884,269.22794
14885,151.13573
14886,176.60454
14887,135.81657
14888,206.73273
14889,77.8954
14890,80.75556
14891,49.109207
14892,31.308163
14893,35.841152
14894,36.941513
14895,61.624718
14896,95.304756
14897,57.505497
14898,16.429182
14899,5.217082
14900,24.606983
14901,8.71101
14902,19.500834
14903,20.368078
14904,13.207306
14905,21.024433
14906,31.244137
14907,81.1638
14908,120.68971
14909,98.97518
14910,64.66305
14911,68.34291
14912,30.154331
14913,104.155106
14914,76.51413
14915,48.726566
14916,28.943003
14917,27.503447
14918,11.464662
14919,10.965204
14920,11.155164
14921,37.339764
14922,40.388138
14923,30.582634
14924,18.888027
14925,11.974844
14926,48.917606
14927,22.059763
14928,27.724266
14929,11.395159
14930,11.395159
14931,12.232052
14932,12.221098
14933,7.115328
14934,1.2321789
14935,0.38520998
14936,0.28112838
14937,-0.45431992
14938,-0.45431992
14939,-0.02695909
14940,-0.33424154
14941,-0.33424154
14942,-0.33424154
14943,-0.3600529
14944,-0.3600529
14945,-0.3600529
14946,-0.3600529
14947,-0.18471329
14948,0.24948168
14949,0.7470639
14950,0.7470639
14951,0.7470639
14952,0.7470639
14953,0.7470639
14954,0.7470639
14955,0.24948168
14956,0.24948168
14957,0.24948168
14958,0.24948168
14959,0.24948168
14960,0.415116
14961,0.8244128
14962,0.8244128
14963,0.21941234
14964,0.03638887
14965,0.03638887
14966,0.21941234
14967,0.8332421
14968,0.6434866
14969,0.6434866
14970,0.46046317
14971,0.46046317
14972,0.49652755
14973,0.8861292
14974,0.8500648
14975,0.8500648
14976,0.99687254
14977,1.0155321
14978,0.92715675
14979,0.8877718
14980,0.8877718
14981,0.6576241
14982,0.6576241
14983,0.6576241
14984,0.49426168
14985,0.49426168
14986,0.5500707
14987,0.5156371
14988,0.5578124
14989,0.5578124
14990,0.96011454
14991,0.89536864
14992,0.8531933
14993,2.6209874
14994,0.7973843
14995,1.2638602
14996,15.810228
14997,73.99348
14998,38.08342
14999,73.767456
15000,118.85438
15001,111.3081
15002,51.60111
15003,92.18745
15004,55.70841
15005,117.70173
15006,109.97397
15007,103.4286
15008,97.581726
15009,153.6226
15010,142.2363
15011,103.67884
15012,4.2609954
15013,74.726654
15014,150.97221
15015,85.98218
15016,56.051594
15017,46.492943
15018,4.7683487
15019,102.460175
15020,159.97757
15021,50.06136
15022,67.927124
15023,114.54286
15024,45.098473
15025,144.01251
15026,140.82271
15027,67.40094
15028,140.46838
15029,136.77283
15030,76.33745
15031,258.18097
15032,227.05591
15033,132.60023
15034,156.3498
15035,98.545006
15036,92.09599
15037,129.62825
15038,74.16227
15039,22.340855
15040,35.678276
15041,61.575863
15042,4.2596354
15043,48.937576
15044,60.720585
15045,12.838848
15046,1.6165452
15047,23.819302
15048,31.709156
15049,35.04363
15050,44.122513
15051,66.5419
15052,71.99878
15053,70.648094
15054,106.090576
15055,115.82521
15056,74.7674
15057,86.66235
15058,84.66543
15059,58.75769
15060,45.652126
15061,45.483852
15062,28.04871
15063,43.028427
15064,72.57841
15065,62.915382
15066,71.65404
15067,49.056557
15068,49.92618
15069,59.023853
15070,61.371433
15071,83.846695
15072,101.44587
15073,96.48448
15074,117.29331
15075,157.6631
15076,200.99506
15077,249.68497
15078,171.93524
15079,83.25454
15080,83.43754
15081,73.64069
15082,70.04193
15083,64.71287
15084,67.33488
15085,71.74481
15086,101.78662
15087,95.57685
15088,40.61142
15089,14.871054
15090,62.078053
15091,35.112686
15092,5.397312
15093,0.54568064
15094,0.54568064
15095,0.54568064
15096,0.7299746
15097,0.54568064
15098,1.5889063
15099,15.258005
15100,5.3765535
15101,1.5590403
15102,15.979085
15103,76.30755
15104,40.376072
15105,69.61803
15106,94.05919
15107,71.572205
15108,93.71906
15109,121.43423
15110,158.59363
15111,219.45232
15112,250.70918
15113,289.98337
15114,318.02103
15115,389.0755
15116,398.7977
15117,332.3726
15118,322.1264
15119,338.98056
15120,246.10077
15121,272.87643
15122,243.94688
15123,263.6994
15124,232.37051
15125,286.39645
15126,487.93347
15127,278.90683
15128,241.27829
15129,185.12785
15130,144.77295
15131,62.04933
15132,89.10779
15133,174.36526
15134,313.69815
15135,204.08266
15136,296.92023
15137,246.71236
15138,395.03336
15139,235.10625
15140,289.2152
15141,566.44684
15142,561.44653
15143,427.9759
15144,529.47534
15145,360.6176
15146,571.47284
15147,569.8604
15148,671.62555
15149,776.0838
15150,863.2539
15151,719.90985
15152,950.40155
15153,837.7348
15154,1031.4266
15155,706.0314
15156,825.81146
15157,831.7346
15158,1077.1156
15159,545.08105
15160,1050.9253
15161,851.08765
15162,607.2005
15163,581.8599
15164,506.79514
15165,329.4536
15166,199.0001
15167,437.43607
15168,633.0218
15169,758.00476
15170,627.12146
15171,536.77386
15172,502.7437
15173,302.23114
15174,215.46529
15175,499.70898
15176,367.07092
15177,306.26752
15178,183.23451
15179,154.19806
15180,105.39295
15181,79.186134
15182,68.727974
15183,69.54036
15184,288.50296
15185,297.49893
15186,229.70905
15187,263.87665
15188,273.81735
15189,233.30583
15190,268.05344
15191,319.48047
15192,243.44386
15193,179.59616
15194,265.94046
15195,238.16728
15196,215.84633
15197,181.84357
15198,180.48871
15199,322.18332
15200,321.6527
15201,315.67935
15202,339.4401
15203,347.7791
15204,348.26477
15205,368.37393
15206,379.20636
15207,408.0659
15208,321.4881
15209,339.93716
15210,286.21918
15211,286.7012
15212,367.66202
15213,334.5818
15214,301.62244
15215,232.83386
15216,160.02368
15217,128.39767
15218,98.81851
15219,143.30182
15220,61.778244
15221,41.239155
15222,65.01064
15223,88.639824
15224,81.13343
15225,107.66698
15226,119.97293
15227,98.701195
15228,264.70782
15229,169.38818
15230,125.68656
15231,50.53088
15232,50.312904
15233,35.47968
15234,125.00467
15235,190.46513
15236,151.45332
15237,92.15569
15238,114.24213
15239,111.69499
15240,117.299065
15241,86.15553
15242,133.54607
15243,71.252335
15244,70.78285
15245,47.38531
15246,51.026516
15247,47.00669
15248,72.50473
15249,95.40486
15250,156.84402
15251,261.83328
15252,230.87149
15253,374.27078
15254,329.8898
15255,259.75937
15256,157.88423
15257,306.06537
15258,385.07416
15259,192.7524
15260,210.99475
15261,224.24779
15262,224.24779
15263,138.13727
15264,145.9891
15265,226.58
15266,162.25652
15267,93.84508
15268,110.52721
15269,114.13406
15270,118.82847
15271,86.93722
15272,210.61996
15273,222.69891
15274,126.04077
15275,222.07445
15276,151.2528
15277,122.21334
15278,92.68954
15279,83.45771
15280,63.157795
15281,295.4915
15282,195.73944
15283,161.53014
15284,87.74975
15285,174.90125
15286,200.37926
15287,225.08904
15288,158.82349
15289,103.142395
15290,155.05893
15291,219.91132
15292,447.53723
15293,400.4992
15294,223.27757
15295,347.10193
15296,418.36047
15297,402.31503
15298,416.92575
15299,220.67079
15300,399.99353
15301,393.99387
15302,462.2128
15303,347.6903
15304,603.18
15305,516.5534
15306,546.0396
15307,298.8343
15308,221.2326
15309,123.621666
15310,299.5837
15311,282.69403
15312,158.89345
15313,278.32974
15314,252.9575
15315,295.22717
15316,372.76385
15317,387.73416
15318,430.48184
15319,577.8467
15320,294.8243
15321,385.48026
15322,351.41254
15323,165.70413
15324,166.4751
15325,270.18994
15326,104.53041
15327,135.97404
15328,202.0806
15329,205.69044
15330,143.06842
15331,77.03795
15332,78.6141
15333,105.26576
15334,93.15061
15335,75.48549
15336,72.478584
15337,114.364456
15338,142.51299
15339,166.2194
15340,159.71535
15341,142.26659
15342,97.21993
15343,104.90541
15344,113.0716
15345,129.92963
15346,88.4848
15347,88.78064
15348,104.77712
15349,141.98834
15350,142.26001
15351,121.92038
15352,141.7185
15353,159.50073
15354,169.2017
15355,165.82289
15356,186.63039
15357,204.48306
15358,193.71846
15359,199.28152
15360,190.89268
15361,193.71846
15362,151.79979
15363,124.32903
15364,116.4276
15365,130.40265
15366,157.6993
15367,189.70126
15368,142.4847
15369,171.19955
15370,186.04752
15371,257.82074
15372,221.30338
15373,257.83374
15374,311.3517
15375,322.562
15376,384.76218
15377,346.17944
15378,413.1878
15379,463.91315
15380,448.74152
15381,539.68494
15382,612.92773
15383,626.54144
15384,683.9405
15385,734.84375
15386,698.08124
15387,718.57446
15388,730.33154
15389,664.67737
15390,591.23724
15391,598.5672
15392,652.23517
15393,595.9726
15394,562.0856
15395,537.39343
15396,597.31445
15397,528.5343
15398,475.78754
15399,390.18408
15400,366.42447
15401,352.3362
15402,344.86502
15403,455.65808
15404,422.17096
15405,359.44907
15406,428.73953
15407,286.01505
15408,204.21841
15409,274.80603
15410,441.90985
15411,460.97128
15412,472.18796
15413,427.4121
15414,350.83463
15415,270.52112
15416,419.11716
15417,483.58307
15418,492.74594
15419,401.05716
15420,429.7194
15421,435.07993
15422,331.96646
15423,508.72424
15424,405.8874
15425,467.38486
15426,273.59824
15427,334.29642
15428,413.0988
15429,393.38895
15430,425.2273
15431,399.65936
15432,404.33337
15433,546.66614
15434,453.55542
15435,735.342
15436,403.9414
15437,461.2196
15438,668.2959
15439,677.26654
15440,510.23886
15441,605.2295
15442,469.09494
15443,417.58112
15444,806.1043
15445,875.3297
15446,303.1156
15447,403.77924
15448,424.69827
15449,548.68274
15450,519.35925
15451,456.5502
15452,306.82956
15453,356.6429
15454,379.2464
15455,382.49298
15456,570.305
15457,337.58267
15458,216.13011
15459,136.51312
15460,436.0428
15461,1072.7317
15462,526.31635
15463,337.10846
15464,977.63324
15465,685.71387
15466,708.2137
15467,416.33286
15468,521.5074
15469,806.39075
15470,646.82684
15471,288.91687
15472,261.332
15473,369.031
15474,258.41437
15475,223.2404
15476,269.2372
15477,203.2389
15478,206.5502
15479,127.66091
15480,12.6363
15481,48.430576
15482,56.002876
15483,46.80536
15484,77.49476
15485,109.0228
15486,171.67636
15487,157.43857
15488,96.94961
15489,41.087753
15490,88.31091
15491,113.383965
15492,85.047
15493,109.14578
15494,84.52029
15495,96.82203
15496,92.911804
15497,144.70831
15498,103.92753
15499,99.749
15500,112.85258
15501,78.44057
15502,73.34386
15503,57.710987
15504,59.333866
15505,158.23283
15506,287.6576
15507,259.91974
15508,264.28616
15509,273.27917
15510,618.4772
15511,717.32404
15512,794.6629
15513,916.65216
15514,591.29865
15515,486.7488
15516,526.69336
15517,522.17773
15518,443.31586
15519,427.4117
15520,407.01126
15521,458.1209
15522,523.3592
15523,421.6508
15524,353.55573
15525,325.81473
15526,326.1007
15527,261.79477
15528,302.6651
15529,289.74756
15530,316.1897
15531,388.09467
15532,539.23883
15533,496.25143
15534,596.24744
15535,472.33197
15536,509.67215
15537,435.67468
15538,436.9485
15539,449.94687
15540,416.03207
15541,456.69717
15542,485.4674
15543,427.04572
15544,424.13406
15545,514.7372
15546,568.8224
15547,633.9528
15548,632.4044
15549,602.3798
15550,609.76575
15551,664.62415
15552,639.1259
15553,462.69534
15554,397.00748
15555,149.97867
15556,97.56537
15557,138.08942
15558,263.777
15559,219.2708
15560,175.99619
15561,145.70815
15562,96.3181
15563,262.7572
15564,258.0621
15565,195.10828
15566,227.57262
15567,151.70578
15568,141.30281
15569,64.97397
15570,122.71087
15571,76.44961
15572,76.89221
15573,168.86276
15574,97.53007
15575,96.618484
15576,139.02063
15577,111.07259
15578,122.033104
15579,109.760254
15580,120.98798
15581,96.858925
15582,58.316593
15583,58.153233
15584,142.27037
15585,52.96714
15586,44.693157
15587,7.0531483
15588,67.34939
15589,227.85693
15590,113.33608
15591,67.5829
15592,8.620482
15593,109.43581
15594,136.24492
15595,3.7959313
15596,1.918602
15597,2.6870563
15598,3.083553
15599,292.4989
15600,243.61882
15601,184.7789
15602,158.34355
15603,74.679794
15604,91.008736
15605,196.79109
15606,303.7623
15607,145.00333
15608,297.2284
15609,461.57574
15610,418.46317
15611,376.16266
15612,518.2649
15613,1242.054
15614,299.8428
15615,82.97523
15616,7.4323297
15617,1.5780251
15618,3.6106615
15619,5.5341587
15620,23.296057
15621,114.99997
15622,186.11108
15623,303.92688
15624,439.94766
15625,494.62433
15626,506.52524
15627,247.7207
15628,394.14935
15629,392.081
15630,457.7815
15631,409.2242
15632,327.09882
15633,323.7374
15634,178.54605
15635,341.4336
15636,531.79236
15637,762.762
15638,638.07495
15639,570.8488
15640,567.0228
15641,454.9485
15642,397.97488
15643,508.8442
15644,564.2506
15645,478.53455
15646,283.35837
15647,465.6537
15648,566.6736
15649,746.9777
15650,836.1349
15651,880.19507
15652,866.7897
15653,822.5682
15654,670.11005
15655,710.42444
15656,714.02234
15657,867.39087
15658,971.8057
15659,1011.4172
15660,979.1151
15661,770.8566
15662,771.4178
15663,681.7811
15664,539.20856
15665,548.8413
15666,602.4831
15667,593.70123
15668,671.4208
15669,702.8904
15670,696.8268
15671,542.0595
15672,579.2718
15673,555.3149
15674,543.0623
15675,670.14465
15676,597.68353
15677,591.7046
15678,669.02606
15679,612.86334
15680,631.8472
15681,541.55615
15682,518.4295
15683,466.17645
15684,496.85895
15685,453.2004
15686,396.41827
15687,409.82852
15688,486.4425
15689,528.0503
15690,588.6511
15691,573.2636
15692,526.6127
15693,500.04633
15694,448.1706
15695,376.55698
15696,428.67227
15697,354.68652
15698,293.64847
15699,157.59114
15700,226.46638
15701,174.41895
15702,196.80786
15703,209.72481
15704,164.56644
15705,148.35165
15706,128.10284
15707,180.67694
15708,203.8314
15709,172.6938
15710,325.1192
15711,167.24905
15712,492.1728
15713,727.6764
15714,297.12567
15715,367.89447
15716,607.14905
15717,354.16016
15718,698.42865
15719,679.4646
15720,486.59192
15721,505.59607
15722,222.53813
15723,236.74045
15724,488.79715
15725,263.5802
15726,538.48004
15727,666.2952
15728,364.59857
15729,573.3682
15730,456.0061
15731,219.7184
15732,1157.532
15733,1077.4298
15734,945.538
15735,553.2453
15736,384.22943
15737,1040.6841
15738,686.03613
15739,605.4832
15740,582.1843
15741,805.5083
15742,878.19653
15743,677.7299
15744,321.67886
15745,1062.7595
15746,517.5795
15747,562.6281
15748,742.8938
15749,472.65485
15750,653.9819
15751,608.43427
15752,971.3477
15753,288.97424
15754,460.3338
15755,704.21313
15756,929.2373
15757,971.0222
15758,391.31448
15759,321.94788
15760,920.3992
15761,301.77982
15762,578.6508
15763,334.41107
15764,391.236
15765,348.88318
15766,231.88133
15767,157.04475
15768,235.36993
15769,677.26624
15770,469.80746
15771,398.42853
15772,493.30267
15773,572.7069
15774,830.8205
15775,727.16327
15776,585.8025
15777,607.97595
15778,694.94336
15779,728.35675
15780,750.40875
15781,587.1334
15782,629.04785
15783,594.54004
15784,921.94
15785,872.6193
15786,758.03876
15787,632.9534
15788,668.39514
15789,566.7495
15790,466.50272
15791,407.21564
15792,496.73416
15793,503.01303
15794,584.6813
15795,564.311
15796,496.1872
15797,442.0934
15798,523.7853
15799,498.40634
15800,481.05573
15801,486.07996
15802,503.86255
15803,438.67477
15804,421.68292
15805,429.98013
15806,486.08438
15807,488.40958
15808,633.13086
15809,628.1091
15810,600.214
15811,507.6186
15812,542.1322
15813,520.0476
15814,502.14856
15815,460.30258
15816,433.6617
15817,521.40295
15818,735.03
15819,752.64905
15820,754.9157
15821,785.9478
15822,838.52185
15823,922.731
15824,745.88306
15825,838.6067
15826,861.2316
15827,714.01373
15828,646.1017
15829,593.8092
15830,531.3564
15831,494.10388
15832,469.23206
15833,404.89554
15834,471.14417
15835,487.54364
15836,429.36557
15837,396.22934
15838,363.3618
15839,255.725
15840,192.57736
15841,147.6806
15842,142.13795
15843,436.96466
15844,516.42505
15845,508.32556
15846,438.7982
15847,458.9221
15848,354.30356
15849,463.12546
15850,560.27563
15851,579.5504
15852,979.75507
15853,939.01526
15854,545.9501
15855,287.8736
15856,305.581
15857,383.15488
15858,390.13266
15859,593.9168
15860,557.6679
15861,526.2501
15862,527.6637
15863,536.91736
15864,387.60132
15865,696.3722
15866,374.93088
15867,499.02634
15868,529.029
15869,328.9207
15870,327.4434
15871,347.09415
15872,572.20416
15873,255.68709
15874,568.435
15875,491.04843
15876,521.0486
15877,657.2396
15878,553.07745
15879,208.64447
15880,318.4348
15881,91.21671
15882,392.37244
15883,248.59564
15884,172.67328
15885,222.71848
15886,286.98782
15887,103.541016
15888,174.10603
15889,98.58758
15890,119.54605
15891,90.20748
15892,57.05194
15893,175.35164
15894,90.349724
15895,191.59174
15896,115.27772
15897,187.67752
15898,107.243546
15899,107.28477
15900,18.056295
15901,44.781166
15902,179.75516
15903,128.87636
15904,87.59329
15905,134.71211
15906,91.480804
15907,123.494736
15908,143.04785
15909,206.8784
15910,156.2183
15911,155.75722
15912,171.32785
15913,183.74321
15914,209.32584
15915,212.5005
15916,130.13406
15917,45.00432
15918,34.183266
15919,88.98211
15920,73.1604
15921,71.21214
15922,121.96133
15923,158.90714
15924,180.68188
15925,197.58708
15926,202.1614
15927,161.20978
15928,111.49751
15929,82.774994
15930,54.214638
15931,49.745064
15932,51.313637
15933,54.445885
15934,66.86154
15935,63.6994
15936,54.662384
15937,69.927536
15938,49.82596
15939,29.485264
15940,23.272703
15941,41.08145
15942,53.305817
15943,58.249496
15944,67.214096
15945,45.628555
15946,22.65312
15947,23.384731
15948,21.942337
15949,16.029678
15950,5.9694037
15951,6.4651504
15952,1.2513213
15953,1.0670274
15954,1.0670274
15955,2.5223258
15956,2.401864
15957,0.64879507
15958,0.64879507
15959,0.64879507
15960,0.64879507
15961,0.64879507
15962,0.64879507
15963,0.64879507
15964,1.0670274
15965,1.0670274
15966,1.0670274
15967,1.0405098
15968,1.0405098
15969,0.72083557
15970,0.72083557
15971,0.72083557
15972,0.72083557
15973,0.72083557
15974,0.72083557
15975,1.1140819
15976,0.877528
15977,1.3749437
15978,1.1042348
15979,1.1042348
15980,1.1042348
15981,1.0658222
15982,1.0658222
15983,1.2970167
15984,1.1691762
15985,1.1691762
15986,1.0798193
15987,1.1730424
15988,1.6402005
15989,1.4091588
15990,1.8745545
15991,1.0722603
15992,1.336841
15993,1.0722603
15994,0.9088978
15995,0.9088978
15996,1.0722603
15997,0.9647067
15998,2.5889328
15999,9.823046
16000,0.24524766
16001,0.5180923
16002,0.71766394
16003,0.5113383
16004,0.55351347
16005,0.77808565
16006,0.44943196
16007,0.44943196
16008,0.44943196
16009,0.44943196
16010,0.5948773
16011,1.5508441
16012,1.8026019
16013,0.7669258
16014,1.8026019
16015,1.8025697
16016,3.167193
16017,1.8026019
16018,1.6147281
16019,20.739025
16020,0.7508726
16021,0.6467911
16022,0.68461514
16023,1.9684781
16024,1.5677434
16025,1.5567895
16026,2.739629
16027,0.5211136
16028,0.49674112
16029,1.0304776
16030,9.430422
16031,1.0304776
16032,1.0304776
16033,19.440184
16034,7.5578046
16035,1.7410288
16036,1.7202915
16037,73.42065
16038,13.407429
16039,22.602959
16040,43.368416
16041,19.479029
16042,2.4924948
16043,8.651781
16044,37.11846
16045,1.7320356
16046,7.9104805
16047,40.266727
16048,11.1392565
16049,36.86812
16050,9.565909
16051,40.516228
16052,25.518229
16053,62.88154
16054,86.564255
16055,107.24495
16056,154.39552
16057,172.74008
16058,193.08176
16059,239.33621
16060,203.51021
16061,152.84897
16062,327.43018
16063,314.7411
16064,328.001
16065,505.0827
16066,509.00702
16067,425.7671
16068,246.4054
16069,200.88829
16070,182.04599
16071,154.5135
16072,121.43428
16073,112.85519
16074,101.998116
16075,115.5527
16076,100.72761
16077,131.0195
16078,187.00003
16079,223.44087
16080,186.43008
16081,211.5401
16082,186.63158
16083,190.08806
16084,146.48296
16085,156.93034
16086,253.06898
16087,241.6264
16088,141.7356
16089,146.48296
16090,156.93034
16091,106.51323
16092,123.16153
16093,110.142166
16094,103.907814
16095,130.93199
16096,105.90778
16097,140.45369
16098,199.63191
16099,195.0767
16100,275.41705
16101,218.11684
16102,158.76756
16103,102.05926
16104,78.16548
16105,40.556664
16106,28.83899
16107,35.496372
16108,67.7476
16109,62.543686
16110,13.000445
16111,4.6782894
16112,0.15239798
16113,0.08275005
16114,0.29075205
16115,0.36040002
16116,0.29075205
16117,0.36040002
16118,0.29075205
16119,0.9759154
16120,0.24986029
16121,0.764449
16122,1.0511295
16123,43.667263
16124,115.68699
16125,83.704796
16126,120.47926
16127,77.551506
16128,31.837708
16129,125.29382
16130,205.88829
16131,190.26216
16132,103.13577
16133,68.7948
16134,65.550255
16135,44.288376
16136,62.038998
16137,72.609314
16138,59.012955
16139,33.91879
16140,92.01677
16141,56.898094
16142,64.04445
16143,84.05643
16144,49.926693
16145,67.80636
16146,80.25099
16147,74.604164
16148,51.57323
16149,6.681199
16150,2.4259632
16151,2.3346674
16152,1.9980196
16153,1.5788001
16154,18.605583
16155,27.88956
16156,34.669075
16157,103.45318
16158,83.59756
16159,124.1505
16160,177.8329
16161,248.09077
16162,232.05055
16163,161.68416
16164,107.45508
16165,121.16147
16166,103.825386
16167,249.8963
16168,299.30832
16169,241.52196
16170,305.24695
16171,179.15541
16172,281.2825
16173,187.93283
16174,194.22133
16175,149.11655
16176,471.9452
16177,340.5722
16178,155.03984
16179,118.11891
16180,160.58902
16181,310.79202
16182,365.15225
16183,235.30692
16184,435.68
16185,380.42978
16186,464.93307
16187,260.5733
16188,248.98575
16189,150.86572
16190,72.467125
16191,23.539064
16192,11.776527
16193,1.5710295
16194,1.7975875
16195,2.777315
16196,2.777315
16197,4.3493824
16198,28.373243
16199,46.246662
16200,20.511663
16201,11.107237
16202,6.7722816
16203,34.34191
16204,38.407757
16205,28.965675
16206,22.246052
16207,37.356308
16208,43.29213
16209,37.5837
16210,16.39151
16211,11.164833
16212,12.662419
16213,30.994259
16214,71.938705
16215,78.80759
16216,69.615005
16217,42.116295
16218,41.91948
16219,47.01705
16220,92.90395
16221,74.588326
16222,113.01541
16223,165.40186
16224,190.56348
16225,284.204
16226,472.24084
16227,454.90012
16228,574.7263
16229,710.8388
16230,680.70245
16231,739.15594
16232,651.7394
16233,601.14703
16234,656.4863
16235,483.16678
16236,450.60007
16237,343.806
16238,364.28085
16239,348.8158
16240,296.65408
16241,373.90756
16242,373.90756
16243,399.3444
16244,391.64554
16245,384.3798
16246,393.33566
16247,413.17584
16248,396.19687
16249,394.40964
16250,304.84793
16251,288.09372
16252,280.54587
16253,329.19467
16254,316.9875
16255,320.91083
16256,322.22818
16257,334.93985
16258,379.69693
16259,249.72961
16260,304.78336
16261,349.92093
16262,262.80374
16263,281.4595
16264,284.812
16265,323.9073
16266,327.4845
16267,288.74622
16268,342.26248
16269,326.05133
16270,277.0428
16271,202.5065
16272,109.075294
16273,139.1592
16274,168.8909
16275,289.5538
16276,332.5605
16277,216.50491
16278,177.74124
16279,165.04651
16280,180.33113
16281,217.92491
16282,176.47363
16283,248.63982
16284,228.87119
16285,169.62756
16286,92.3263
16287,77.583885
16288,92.66022
16289,122.85841
16290,122.402374
16291,93.02668
16292,179.31984
16293,131.55692
16294,152.4413
16295,3.5690706
16296,17.250519
16297,17.314367
16298,27.77457
16299,2.1588707
16300,20.673449
16301,12.381495
16302,51.966698
16303,63.450424
16304,21.92451
16305,79.08164
16306,7.287743
16307,13.202344
16308,55.41873
16309,1.4785647
16310,38.31637
16311,76.84809
16312,55.577297
16313,106.16219
16314,7.345195
16315,76.28413
16316,12.128968
16317,33.564594
16318,130.68742
16319,5.579099
16320,65.403
16321,56.221176
16322,170.93408
16323,68.186485
16324,25.633204
16325,75.930504
16326,61.174633
16327,93.55334
16328,171.29543
16329,175.408
16330,47.948715
16331,120.80478
16332,117.99726
16333,75.40017
16334,106.78401
16335,140.20935
16336,171.3564
16337,93.15903
16338,191.77045
16339,179.78534
16340,231.20456
16341,238.76457
16342,209.67938
16343,163.09198
16344,210.2162
16345,253.92632
16346,251.31522
16347,213.7769
16348,243.93752
16349,203.86171
16350,281.9582
16351,305.40204
16352,329.50235
16353,344.61215
16354,375.37106
16355,406.37155
16356,196.55525
16357,267.08197
16358,251.63626
16359,231.25743
16360,239.49757
16361,267.21756
16362,314.52188
16363,331.1387
16364,310.65933
16365,331.0187
16366,335.42053
16367,439.02264
16368,437.8993
16369,414.5354
16370,319.74304
16371,371.37564
16372,345.91425
16373,300.30014
16374,268.82645
16375,296.2053
16376,240.4904
16377,65.903435
16378,199.50227
16379,171.58139
16380,182.685
16381,211.24236
16382,204.26373
16383,196.26256
16384,248.88179
16385,232.88492
16386,221.75967
16387,167.95299
16388,154.55934
16389,174.10994
16390,179.33861
16391,183.34676
16392,171.98097
16393,256.00916
16394,242.7188
16395,209.33577
16396,158.66556
16397,143.98763
16398,146.00482
16399,155.1031
16400,146.30931
16401,177.28577
16402,178.90448
16403,162.52145
16404,135.60909
16405,94.259895
16406,104.61547
16407,93.6011
16408,66.568855
16409,47.65397
16410,54.085846
16411,70.57825
16412,52.142487
16413,16.924183
16414,9.593629
16415,7.001307
16416,5.7361083
16417,6.420295
16418,6.120667
16419,1.1531066
16420,1.7997845
16421,1.903138
16422,0.3729043
16423,1.0031983
16424,1.0205876
16425,1.861709
16426,1.3664068
16427,0.9384635
16428,0.9384635
16429,0.9942726
16430,1.0364479
16431,1.0364479
16432,0.22040245
16433,0.22040245
16434,1.1247038
16435,1.4726098
16436,0.057180766
16437,0.10151823
16438,0.24013844
16439,0.258385
16440,24.525349
16441,7.383068
16442,1.4388955
16443,1.5221071
16444,0.48408335
16445,0.48408335
16446,0.58816487
16447,0.48408335
16448,0.48408335
16449,0.7481351
16450,1.6797298
16451,1.6797298
16452,1.1006181
16453,1.853015
16454,1.6203469
16455,14.614628
16456,17.500109
16457,48.511158
16458,94.93221
16459,146.71187
16460,105.37344
16461,12.57491
16462,0.88011557
16463,11.289926
16464,77.3591
16465,1.4375455
16466,26.783182
16467,2.380693
16468,5.689859
16469,63.808838
16470,124.70823
16471,221.51964
16472,146.20137
16473,143.54468
16474,248.4921
16475,140.95135
16476,147.68683
16477,16.536299
16478,93.54058
16479,248.0168
16480,185.87914
16481,170.03174
16482,155.39981
16483,207.09256
16484,189.34135
16485,168.16628
16486,182.53323
16487,379.72644
16488,391.74933
16489,251.34413
16490,340.1268
16491,400.4952
16492,358.54947
16493,356.83047
16494,368.8554
16495,409.319
16496,240.86626
16497,110.247574
16498,179.13834
16499,106.78797
16500,17.348007
16501,24.599628
16502,46.16529
16503,38.026665
16504,14.046006
16505,9.999536
16506,17.319248
16507,16.999357
16508,30.298737
16509,85.16342
16510,149.22145
16511,214.26898
16512,225.9878
16513,265.77682
16514,309.594
16515,356.21146
16516,316.17462
16517,164.00206
16518,87.20384
16519,65.09079
16520,60.400616
16521,71.01991
16522,90.614525
16523,96.08801
16524,152.83772
16525,561.43
16526,651.6521
16527,406.87665
16528,242.58336
16529,168.89749
16530,215.70528
16531,204.46329
16532,157.06181
16533,175.35086
16534,180.91504
16535,218.57831
16536,211.9038
16537,208.16864
16538,218.9109
16539,274.21295
16540,244.77959
16541,171.12314
16542,190.5493
16543,261.6724
16544,265.82614
16545,288.2554
16546,294.0528
16547,315.79465
16548,335.461
16549,312.2554
16550,291.82086
16551,348.3785
16552,408.5728
16553,390.74414
16554,361.48328
16555,343.8005
16556,326.41016
16557,286.45352
16558,378.11768
16559,444.293
16560,309.98294
16561,242.9432
16562,175.04695
16563,178.65883
16564,76.67662
16565,71.39265
16566,163.81413
16567,84.80617
16568,160.37825
16569,138.82703
16570,165.17334
16571,132.63316
16572,145.03886
16573,172.632
16574,112.92041
16575,64.27884
16576,75.59946
16577,159.7115
16578,102.29988
16579,185.15482
16580,168.33856
16581,224.56314
16582,195.1058
16583,196.2365
16584,157.04134
16585,116.61954
16586,117.49963
16587,225.08905
16588,235.79547
16589,238.41194
16590,118.75816
16591,179.39401
16592,210.36064
16593,348.6254
16594,265.32846
16595,330.59384
16596,314.6087
16597,301.9497
16598,273.60028
16599,249.56073
16600,227.02036
16601,264.39188
16602,179.70694
16603,146.8025
16604,174.48352
16605,350.82996
16606,222.48265
16607,157.416
16608,124.757645
16609,25.430735
16610,27.677944
16611,8.747114
16612,1.2449975
16613,2.0317469
16614,2.298434
16615,4.451642
16616,1.0880927
16617,1.2971786
16618,1.1351231
16619,1.1351231
16620,1.193097
16621,1.8365093
16622,3.23552
16623,6.9495683
16624,0.99218345
16625,0.97393703
16626,0.97393703
16627,0.97393703
16628,0.7841815
16629,1.6253532
16630,1.6253532
16631,1.6253532
16632,1.6253532
16633,1.6253532
16634,1.6253532
16635,0.5831423
16636,0.74030244
16637,0.5831423
16638,0.5831423
16639,0.74030244
16640,0.74030244
16641,1.4536483
16642,1.4536483
16643,1.4536483
16644,1.4536483
16645,1.4536483
16646,2.131474
16647,1.9678409
16648,2.1355546
16649,1.8135383
16650,1.8135383
16651,2.1355546
16652,1.7632415
16653,1.6118653
16654,1.7121515
16655,3.6539502
16656,2.034168
16657,2.034168
16658,1.3874902
16659,1.2031964
16660,1.2031964
16661,1.3874902
16662,1.2031964
16663,1.3874902
16664,1.3874902
16665,1.6618547
16666,1.7121515
16667,1.2031964
16668,1.2031964
16669,1.2031964
16670,1.2031964
16671,0.9628602
16672,0.7146179
16673,0.89891165
16674,0.9628602
16675,0.9628602
16676,0.7146179
16677,0.7029216
16678,0.7029216
16679,0.7029216
16680,0.7029216
16681,0.7029216
16682,0.7029216
16683,0.7608956
16684,0.7608956
16685,0.7608956
16686,0.7608956
16687,0.7608956
16688,3.264807
16689,20.210163
16690,21.572824
16691,19.614431
16692,115.01701
16693,55.958572
16694,43.021633
16695,57.03292
16696,48.3771
16697,80.55234
16698,61.29278
16699,44.178516
16700,21.138985
16701,5.463149
16702,1.1090978
16703,1.0760776
16704,1.0760776
16705,1.0181036
16706,1.1801591
16707,2.0558746
16708,1.2781413
16709,1.1209811
16710,3.1033845
16711,14.678119
16712,52.240063
16713,73.64028
16714,47.286232
16715,23.611954
16716,25.275274
16717,5.7307224
16718,8.858115
16719,1.672626
16720,1.4035511
16721,1.8146461
16722,1.4217975
16723,1.4035511
16724,23.307953
16725,12.782999
16726,2.2570703
16727,2.298434
16728,3.9182155
16729,2.298434
16730,1.2036338
16731,1.6378461
16732,3.9182155
16733,53.53834
16734,34.58493
16735,1.492128
16736,1.0122954
16737,2.9860432
16738,362.73355
16739,338.02957
16740,76.362686
16741,41.577705
16742,8.649385
16743,1.116377
16744,1.9450994
16745,1.490979
16746,1.1141278
16747,15.210494
16748,169.49419
16749,185.14969
16750,118.84968
16751,115.024025
16752,155.30684
16753,73.790985
16754,129.776
16755,263.07053
16756,147.30125
16757,108.35185
16758,81.62622
16759,330.8704
16760,48.378464
16761,36.966362
16762,7.158247
16763,6.141971
16764,0.78190464
16765,0.30579045
16766,0.4352656
16767,51.0367
16768,172.21786
16769,135.05194
16770,38.4476
16771,0.7841815
16772,6.928167
16773,44.484604
16774,2.2475476
16775,1.3147434
16776,1.4056308
16777,11.559456
16778,8.917349
16779,15.125708
16780,16.412636
16781,0.9858781
16782,0.9858781
16783,2.2284634
16784,4.1594715
16785,1.5147974
16786,1.0657178
16787,0.8411458
16788,1.688115
16789,1.8200945
16790,1.1976974
16791,0.6976193
16792,0.6583411
16793,1.1420475
16794,0.88213956
16795,0.42060715
16796,1.8992532
16797,2.5851963
16798,0.9654142
16799,0.9896953
16800,1.2900757
16801,1.1225744
16802,1.1225744
16803,1.1225744
16804,0.93828046
16805,0.93828046
16806,0.93828046
16807,0.93828046
16808,0.93828046
16809,0.8259475
16810,0.8259475
16811,0.8259475
16812,0.8259475
16813,0.39175263
16814,0.67140377
16815,6.68571
16816,93.93998
16817,114.62629
16818,136.14847
16819,76.71339
16820,70.28185
16821,45.633095
16822,29.757345
16823,4.747379
16824,4.870367
16825,5.1305027
16826,0.7764524
16827,0.880534
16828,0.7764524
16829,0.7764524
16830,1.1504937
16831,1.1385673
16832,0.7764524
16833,0.27204812
16834,0.23902783
16835,0.27204812
16836,0.27204812
16837,0.27204812
16838,0.52310055
16839,0.53835183
16840,0.53835183
16841,0.53835183
16842,0.53835183
16843,0.6778218
16844,1.711751
16845,2.5429645
16846,1.2724817
16847,1.1684
16848,1.0112399
16849,1.8059963
16850,1.1153215
16851,0.81556064
16852,0.81556064
16853,0.81556064
16854,0.81556064
16855,0.81556064
16856,0.91964215
16857,1.093105
16858,0.9890233
16859,0.9890233
16860,0.9890233
16861,0.9890233
16862,3.6479192
16863,1.1091024
16864,1.2933961
16865,1.093105
16866,0.9890233
16867,0.9890233
16868,1.4859536
16869,82.11394
16870,372.92776
16871,367.8572
16872,353.98187
16873,469.4187
16874,75.179184
16875,2.41406
16876,1.9051048
16877,1.9051048
16878,1.9051048
16879,2.1043437
16880,2.1043437
16881,1.2772883
16882,1.1739343
16883,0.9890233
16884,46.386463
16885,43.89711
16886,16.455673
16887,2.304964
16888,4.308621
16889,21.090937
16890,1.3493202
16891,1.253526
16892,1.253526
16893,1.2047641
16894,1.2047641
16895,107.43405
16896,445.5964
16897,259.30518
16898,49.89151
16899,200.88899
16900,122.42661
16901,85.297295
16902,13.711462
16903,5.34203
16904,12.704167
16905,2.5759203
16906,2.1881244
16907,1.9658743
16908,2.8310902
16909,1.6301924
16910,1.3015385
16911,158.97014
16912,524.94324
16913,123.71156
16914,6.0796905
16915,1.3147434
16916,1.296497
16917,1.5199295
16918,1.4117312
16919,1.416576
16920,1.416576
16921,1.1129892
16922,1.1129892
16923,6.658135
16924,97.02094
16925,159.92622
16926,264.39233
16927,228.82512
16928,166.92296
16929,143.63986
16930,122.12659
16931,371.2751
16932,480.8634
16933,410.33228
16934,415.28067
16935,465.62152
16936,452.8357
16937,553.42816
16938,529.8483
16939,525.4267
16940,697.83093
16941,748.4817
16942,731.5073
16943,745.30634
16944,862.67865
16945,1043.8414
16946,968.08124
16947,862.29584
16948,1146.8187
16949,1140.962
16950,1033.9873
16951,1031.9729
16952,929.0611
16953,825.73553
16954,816.7614
16955,957.51227
16956,999.02356
16957,943.24146
16958,945.7791
16959,834.77625
16960,637.65137
16961,630.5219
16962,677.3536
16963,527.19006
16964,394.29492
16965,434.73245
16966,463.4422
16967,501.92694
16968,565.196
16969,529.22534
16970,581.0948
16971,505.36844
16972,605.35754
16973,602.7073
16974,396.20798
16975,383.0735
16976,233.63075
16977,172.4802
16978,124.58583
16979,136.27475
16980,207.36609
16981,263.58078
16982,257.7583
16983,132.9956
16984,164.93575
16985,162.05394
16986,145.6132
16987,168.72183
16988,145.03099
16989,113.98524
16990,89.99453
16991,73.11493
16992,73.466385
16993,30.596397
16994,19.594015
16995,29.159204
16996,34.991898
16997,42.755913
16998,46.795856
16999,25.802515
17000,62.013428
17001,97.09599
17002,44.16442
17003,92.64267
17004,177.779
17005,80.48348
17006,91.54395
17007,114.90914
17008,183.63625
17009,86.847374
17010,347.3112
17011,234.08371
17012,236.22295
17013,367.04132
17014,242.12732
17015,164.14537
17016,231.93655
17017,147.06721
17018,249.67169
17019,174.01091
17020,83.04204
17021,37.327164
17022,20.62909
17023,93.96827
17024,333.731
17025,115.532265
17026,186.89291
17027,267.296
17028,300.11798
17029,262.2235
17030,299.36926
17031,404.10516
17032,341.34592
17033,277.46054
17034,220.7742
17035,184.44058
17036,354.16663
17037,276.98608
17038,270.44107
17039,269.33786
17040,186.59021
17041,166.87535
17042,153.36998
17043,103.06472
17044,183.68773
17045,98.37494
17046,110.96364
17047,58.803608
17048,119.519005
17049,108.023186
17050,115.48873
17051,217.16298
17052,98.50114
17053,81.63464
17054,113.269745
17055,151.20589
17056,160.95918
17057,110.69437
17058,191.27022
17059,113.496254
17060,95.245224
17061,112.91819
17062,126.460014
17063,224.94849
17064,233.16803
17065,212.40338
17066,186.3346
17067,208.66823
17068,196.95378
17069,181.73106
17070,182.78989
17071,260.39117
17072,294.97092
17073,242.17708
17074,258.56906
17075,232.91661
17076,261.50204
17077,277.93716
17078,204.57225
17079,298.1533
17080,319.12366
17081,251.95692
17082,242.72122
17083,231.76239
17084,219.03413
17085,159.17308
17086,145.36032
17087,153.96982
17088,176.56876
17089,123.33733
17090,123.633156
17091,113.23886
17092,133.7588
17093,191.27711
17094,450.84512
17095,505.55792
17096,379.1197
17097,268.39447
17098,198.1986
17099,262.84802
17100,245.9159
17101,213.56433
17102,202.94742
17103,180.63258
17104,128.9163
17105,92.52829
17106,25.380249
17107,5.303921
17108,15.722244
17109,22.0492
17110,50.17919
17111,29.496584
17112,5.0105677
17113,0.27557436
17114,0.081867695
17115,0.081867695
17116,0.27162328
17117,0.28986984
17118,0.28986984
17119,0.609544
17120,0.609544
17121,0.609544
17122,0.609544
17123,0.609544
17124,0.609544
17125,0.7077026
17126,0.7077026
17127,0.9256959
17128,0.919916
17129,0.7027184
17130,0.7010876
17131,0.83014166
17132,0.90242213
17133,0.90242213
17134,0.7471001
17135,0.7471001
17136,0.7471001
17137,0.7248837
17138,0.6888193
17139,1.0615982
17140,1.0802578
17141,1.0802578
17142,0.9412075
17143,0.9778931
17144,0.8870058
17145,0.8870058
17146,0.8870058
17147,1.4283513
17148,1.4220992
17149,2.2040308
17150,1.2222425
17151,0.7334366
17152,1.8449861
17153,1.5804054
17154,1.4728516
17155,0.24251515
17156,0.24251515
17157,0.40587756
17158,0.34049937
17159,0.34049937
17160,0.36487174
17161,0.47299308
17162,1.6997571
17163,1.6997571
17164,0.6786697
17165,0.6786697
17166,0.7827512
17167,0.5283733
17168,0.58119667
17169,0.42864886
17170,0.43732578
17171,0.4815784
17172,0.4815784
17173,0.29281864
17174,1.5383525
17175,1.5349622
17176,1.6081128
17177,0.97762233
17178,0.48069263
17179,0.6467911
17180,0.7595167
17181,0.68461514
17182,20.754616
17183,25.984726
17184,0.6467911
17185,0.5185169
17186,1.7606606
17187,53.00814
17188,162.58089
17189,87.05851
17190,48.161842
17191,2.6328182
17192,17.595087
17193,57.1202
17194,23.329542
17195,8.764461
17196,18.338123
17197,74.635704
17198,27.49322
17199,13.857575
17200,2.786759
17201,45.819656
17202,65.860634
17203,51.208458
17204,68.2331
17205,93.355606
17206,61.851852
17207,127.16606
17208,139.44385
17209,161.36029
17210,200.14902
17211,222.35254
17212,282.50745
17213,238.40419
17214,257.03375
17215,286.50687
17216,335.40866
17217,375.02234
17218,356.93268
17219,331.30704
17220,365.41858
17221,387.61176
17222,368.82724
17223,385.45093
17224,352.77173
17225,338.9306
17226,413.3998
17227,394.56686
17228,325.78168
17229,274.1989
17230,189.67062
17231,182.76384
17232,240.60638
17233,276.78357
17234,300.37915
17235,316.68896
17236,231.85135
17237,245.08113
17238,273.77542
17239,231.00513
17240,239.4366
17241,260.32776
17242,273.48676
17243,205.43158
17244,181.24815
17245,241.76474
17246,247.38954
17247,216.50737
17248,255.89482
17249,279.7408
17250,240.94351
17251,204.46263
17252,205.93636
17253,181.86203
17254,214.84991
17255,261.57495
17256,267.30823
17257,271.2199
17258,310.616
17259,352.0353
17260,476.41943
17261,476.52634
17262,436.24503
17263,258.5194
17264,249.52765
17265,191.51584
17266,243.4165
17267,320.77502
17268,279.51755
17269,360.59116
17270,248.44102
17271,190.46481
17272,252.73398
17273,232.71136
17274,201.53949
17275,142.06506
17276,155.99747
17277,111.165955
17278,78.079094
17279,136.52802
17280,294.3257
17281,373.91086
17282,378.6547
17283,517.42816
17284,488.72662
17285,439.75546
17286,274.0145
17287,365.57593
17288,275.32748
17289,582.5232
17290,381.90897
17291,626.46136
17292,542.27795
17293,654.3419
17294,642.5348
17295,728.20044
17296,730.8514
17297,1051.8544
17298,905.57837
17299,807.2429
17300,900.03156
17301,904.6092
17302,1052.4
17303,934.3627
17304,903.3719
17305,912.3683
17306,1281.8932
17307,841.6695
17308,1554.4537
17309,1313.2231
17310,1311.8934
17311,828.19464
17312,1061.7123
17313,775.18945
17314,337.01978
17315,700.71136
17316,1129.0189
17317,1070.3936
17318,857.4283
17319,934.20044
17320,1460.471
17321,1503.2977
17322,1125.1808
17323,1010.12317
17324,1311.5947
17325,1175.0284
17326,1049.505
17327,1439.4788
17328,1687.3346
17329,1516.9941
17330,1101.4067
17331,834.3749
17332,1467.1006
17333,843.376
17334,1082.9863
17335,1327.5216
17336,1376.2404
17337,1468.4668
17338,788.2262
17339,559.1654
17340,1064.5132
17341,1464.9945
17342,1157.1868
17343,1836.6738
17344,1868.2736
17345,1671.2518
17346,1366.5442
17347,1104.4974
17348,714.4682
17349,479.26202
17350,901.35
17351,912.3632
17352,1070.9724
17353,1440.3967
17354,1699.08
17355,1918.2998
17356,1726.746
17357,1720.1156
17358,1792.6754
17359,1630.2374
17360,1331.7616
17361,1651.343
17362,1252.8304
17363,1435.505
17364,1938.8975
17365,1304.4158
17366,662.90314
17367,244.24081
17368,385.5125
17369,359.88586
17370,388.68463
17371,258.8958
17372,227.3989
17373,222.12607
17374,106.00532
17375,59.77896
17376,28.550602
17377,138.08743
17378,306.64706
17379,1330.2631
17380,1066.0996
17381,524.9881
17382,1008.14355
17383,623.7263
17384,695.5753
17385,839.8913
17386,819.0657
17387,563.0363
17388,515.3589
17389,483.69507
17390,579.99866
17391,322.36588
17392,315.663
17393,276.25186
17394,286.60687
17395,241.22794
17396,434.3783
17397,448.50894
17398,548.931
17399,609.82465
17400,555.6906
17401,658.26245
17402,645.9698
17403,619.5981
17404,529.2455
17405,476.22385
17406,472.14105
17407,378.05148
17408,449.89337
17409,719.3354
17410,687.4818
17411,533.58826
17412,466.08078
17413,544.6972
17414,588.0193
17415,479.00812
17416,411.29422
17417,373.09885
17418,414.07227
17419,411.9806
17420,413.4996
17421,481.72543
17422,307.30743
17423,332.31436
17424,415.83035
17425,405.98593
17426,435.85245
17427,394.1287
17428,548.9562
17429,564.1322
17430,512.9745
17431,644.79474
17432,645.4623
17433,589.7904
17434,614.9848
17435,441.69974
17436,566.9066
17437,405.30716
17438,333.23294
17439,381.86465
17440,333.44644
17441,161.3081
17442,382.25125
17443,180.41956
17444,143.45547
17445,230.5834
17446,329.16394
17447,198.47673
17448,37.097916
17449,210.60187
17450,715.7426
17451,391.07196
17452,153.57957
17453,260.44788
17454,478.57266
17455,230.31969
17456,92.67207
17457,57.785313
17458,73.402275
17459,186.40794
17460,396.80212
17461,468.62634
17462,193.31366
17463,308.4188
17464,491.11633
17465,561.73566
17466,613.4368
17467,534.61206
17468,322.38568
17469,315.18146
17470,214.33618
17471,328.4867
17472,393.33624
17473,354.85403
17474,245.01387
17475,300.96405
17476,190.22585
17477,266.59558
17478,138.40839
17479,209.5076
17480,100.29702
17481,214.66461
17482,211.42606
17483,185.02686
17484,116.238014
17485,73.38873
17486,193.57355
17487,470.9896
17488,558.69666
17489,373.32132
17490,394.83215
17491,163.99284
17492,120.00266
17493,74.87255
17494,42.793083
17495,41.088966
17496,74.13459
17497,68.644356
17498,159.56702
17499,180.06172
17500,124.71272
17501,141.42732
17502,97.5327
17503,207.52457
17504,460.90738
17505,543.01373
17506,626.6769
17507,366.96194
17508,245.5647
17509,182.479
17510,155.34082
17511,132.65964
17512,159.96715
17513,199.19435
17514,219.44638
17515,253.887
17516,292.05682
17517,255.59406
17518,173.3374
17519,207.9134
17520,290.70016
17521,377.5725
17522,410.76306
17523,422.27014
17524,455.084
17525,565.6542
17526,546.6253
17527,266.38177
17528,215.74858
17529,232.26816
17530,254.97
17531,262.20667
17532,180.846
17533,118.31928
17534,86.85932
17535,61.549583
17536,67.16462
17537,51.024208
17538,36.279747
17539,44.08783
17540,23.33278
17541,5.4031734
17542,23.695086
17543,11.916314
17544,6.2712746
17545,5.385304
17546,34.27472
17547,31.52205
17548,36.25534
17549,45.972153
17550,46.964043
17551,45.222603
17552,56.088943
17553,43.811096
17554,4.5591326
17555,0.6392762
17556,0.6392762
17557,0.8807077
17558,0.7195819
17559,0.004250657
17560,-0.061127532
17561,1.5279665
17562,0.52674294
17563,0.96897554
17564,0.9933481
17565,1.180474
17566,1.180474
17567,0.9933481
17568,0.9933481
17569,0.7065506
17570,1.725217
17571,1.5618542
17572,1.6598386
17573,1.6176633
17574,1.6598386
17575,1.6598386
17576,1.6598386
17577,1.6598386
17578,1.6598386
17579,1.6598386
17580,0.417695
17581,0.51516837
17582,0.51516837
17583,0.47299308
17584,0.44862062
17585,0.39281175
17586,0.44862062
17587,0.4907958
17588,0.4907958
17589,0.5948773
17590,0.5948773
17591,0.9877254
17592,1.5264717
17593,1.3222872
17594,0.26470193
17595,0.34049937
17596,0.29913554
17597,0.26470193
17598,0.29913554
17599,0.30606577
17600,0.34049937
17601,0.34049937
17602,0.34049937
17603,0.23999533
17604,1.2756714
17605,1.5349622
17606,1.7082475
17607,1.7237223
17608,1.5349622
17609,1.5349622
17610,1.5349622
17611,0.29281864
17612,0.258385
17613,0.29281864
17614,125.806366
17615,111.563896
17616,129.15222
17617,73.11565
17618,47.66834
17619,52.86437
17620,69.37762
17621,93.48898
17622,155.66963
17623,167.03265
17624,155.56349
17625,83.624016
17626,139.57903
17627,146.2815
17628,167.54446
17629,169.78062
17630,169.1247
17631,141.46185
17632,85.479485
17633,126.044266
17634,183.65923
17635,222.86008
17636,158.2026
17637,205.42224
17638,185.38121
17639,74.95835
17640,9.380743
17641,9.252726
17642,86.640205
17643,95.444954
17644,111.68783
17645,191.97318
17646,165.65356
17647,94.401985
17648,40.76944
17649,75.423416
17650,63.118874
17651,26.734709
17652,30.162682
17653,5.058309
17654,14.713879
17655,20.505016
17656,67.836365
17657,76.516815
17658,69.11131
17659,75.90896
17660,97.69298
17661,73.78208
17662,55.6661
17663,80.76994
17664,99.03493
17665,78.085655
17666,5.821346
17667,0.12800328
17668,0.023921724
17669,0.64114004
17670,0.45811668
17671,0.48120788
17672,0.48120788
17673,0.48120788
17674,0.34922835
17675,0.34922835
17676,0.48120788
17677,0.55733305
17678,1.1690654
17679,0.66011024
17680,0.66011024
17681,0.465197
17682,0.465197
17683,0.5503537
17684,0.5503537
17685,0.78595257
17686,0.78595257
17687,0.7811079
17688,0.7811079
17689,0.56365085
17690,0.36248553
17691,0.36248553
17692,0.56365085
17693,0.36248553
17694,0.36248553
17695,0.36248553
17696,0.36248553
17697,1.1572416
17698,0.56365085
17699,0.56365085
17700,0.63414884
17701,0.9495048
17702,0.9052442
17703,0.8011626
17704,0.8011626
17705,4.1617537
17706,3.7524567
17707,1.8017944
17708,2.2080996
17709,1.3393797
17710,1.3393797
17711,0.9504006
17712,0.91433614
17713,0.903387
17714,1.0864102
17715,1.0864102
17716,1.0864102
17717,1.0864102
17718,1.1050698
17719,0.681025
17720,0.681025
17721,0.681025
17722,0.681025
17723,1.1050698
17724,1.0839498
17725,1.3239322
17726,1.3239322
17727,1.0593512
17728,1.3239322
17729,0.86818403
17730,2.9445345
17731,139.94276
17732,311.89288
17733,206.90558
17734,233.39221
17735,389.87003
17736,213.13916
17737,103.34599
17738,55.713585
17739,118.27208
17740,75.35679
17741,71.80664
17742,105.442764
17743,56.595043
17744,55.26105
17745,31.758432
17746,67.778206
17747,48.122097
17748,48.353104
17749,14.626031
17750,1.1346333
17751,1.0818101
17752,1.7682794
17753,1.660726
17754,1.7416549
17755,0.96234334
17756,2.2692893
17757,2.096004
17758,2.096004
17759,1.0603276
17760,1.0603276
17761,2.9705036
17762,1.9809778
17763,2.8822477
17764,3.1415384
17765,1.9993674
17766,1.9993674
17767,0.5516184
17768,1.4227136
17769,0.44298604
17770,0.44298604
17771,0.44298604
17772,1.4894767
17773,0.11960058
17774,1.2145574
17775,0.6758112
17776,0.0045651514
17777,1.0746746
17778,1.050302
17779,1.1668609
17780,1.354596
17781,1.3655499
17782,1.354596
17783,1.354596
17784,1.354596
17785,1.0038646
17786,1.0038646
17787,1.0038646
17788,0.89846295
17789,0.89846295
17790,0.79558104
17791,0.8068482
17792,0.80200344
17793,1.0665847
17794,0.85403806
17795,0.85403806
17796,0.85403806
17797,0.85403806
17798,0.85403806
17799,0.85403806
17800,0.85403806
17801,0.85403806
17802,0.5908165
17803,0.9424134
17804,0.9424134
17805,0.9424134
17806,0.9424134
17807,0.9424134
17808,0.9424134
17809,1.1484144
17810,1.1484144
17811,1.1484144
17812,1.1484144
17813,1.1484144
17814,1.1484144
17815,0.9424134
17816,0.9424134
17817,0.9424134
17818,0.9424134
17819,0.9424134
17820,0.9237538
17821,0.7811079
17822,0.59808445
17823,0.7811079
17824,0.59808445
17825,0.63414884
17826,0.63414884
17827,0.63414884
17828,0.63414884
17829,0.63414884
17830,0.63414884
17831,0.63414884
17832,0.63414884
17833,0.85900617
17834,0.86005753
17835,1.402395
17836,0.58988816
17837,0.48580652
17838,0.48580652
17839,0.58988816
17840,0.8070858
17841,1.704228
17842,1.704228
17843,1.0436393
17844,1.294931
17845,1.2087957
17846,1.8023864
17847,0.9052442
17848,1.8023864
17849,0.9735219
17850,0.5839653
17851,0.9848341
17852,0.9848341
17853,0.9487697
17854,1.1317931
17855,1.2545344
17856,1.2323292
17857,1.0786597
17858,1.1130933
17859,1.1130933
17860,1.6083952
17861,1.1130933
17862,1.377674
17863,1.377674
17864,1.1130933
17865,1.1130933
17866,1.1130933
17867,0.9497307
17868,1.0055398
17869,0.84073645
17870,0.46814966
17871,2.552757
17872,30.940151
17873,7.7763915
17874,1.0449709
17875,1.4478772
17876,0.36406818
17877,2.1826177
17878,18.465437
17879,33.27112
17880,86.55451
17881,114.73759
17882,77.218346
17883,104.09335
17884,13.492083
17885,2.0366294
17886,0.8310899
17887,0.89422905
17888,2.1363723
17889,2.2145672
17890,5.3479614
17891,19.096088
17892,1.8670202
17893,1.9325022
17894,122.57491
17895,49.72447
17896,28.885197
17897,22.585644
17898,43.82261
17899,2.883172
17900,1.6882229
17901,8.505668
17902,20.134138
17903,5.0755343
17904,56.57347
17905,87.314026
17906,51.58644
17907,3.2212005
17908,5.1089554
17909,5.5689363
17910,55.614403
17911,20.898663
17912,1.2203658
17913,1.3244474
17914,3.8170705
17915,82.95339
17916,89.29285
17917,102.27094
17918,60.366756
17919,6.984622
17920,1.5043927
17921,0.11458795
17922,0.11458795
17923,0.5363275
17924,0.69968987
17925,9.421466
17926,108.190895
17927,60.782356
17928,116.46002
17929,83.96602
17930,56.99027
17931,52.070908
17932,65.99083
17933,56.02722
17934,48.94134
17935,23.57507
17936,31.25122
17937,35.000023
17938,8.235268
17939,5.8057346
17940,6.1522474
17941,1.7147472
17942,1.6735883
17943,1.6735883
17944,0.89582324
17945,0.89582324
17946,0.89582324
17947,0.89582324
17948,0.89582324
17949,0.89582324
17950,0.89582324
17951,1.3927529
17952,0.84735715
17953,1.5653176
17954,1.0563623
17955,1.6040713
17956,0.6142672
17957,0.6142672
17958,0.5956076
17959,1.0327674
17960,1.051427
17961,1.051427
17962,1.051427
17963,1.051427
17964,1.051427
17965,0.7125808
17966,0.4101946
17967,0.4101946
17968,0.4101946
17969,0.3919481
17970,0.6589087
17971,1.6339897
17972,1.6388342
17973,0.9782458
17974,0.63761044
17975,0.63761044
17976,0.63761044
17977,0.7350838
17978,0.7350838
17979,0.55206025
17980,0.55206025
17981,0.58812463
17982,0.5832801
17983,0.4497422
17984,0.48580652
17985,0.48580652
17986,0.48580652
17987,0.4497422
17988,0.4497422
17989,0.73092425
17990,0.74958384
17991,0.39798686
17992,0.32553846
17993,0.32553846
17994,2.138775
17995,1.7276314
17996,1.8102165
17997,0.4618265
17998,0.20391545
17999,0.20391545
18000,0.3811883
18001,0.9497307
18002,0.9497307
18003,0.9497307
18004,1.1622773
18005,1.2180864
18006,1.1671219
18007,1.3304846
18008,1.1671219
18009,1.1671219
18010,1.1671219
18011,1.6624241
18012,1.7182331
18013,0.41193807
18014,1.8410109
18015,1.1484455
18016,0.92387354
18017,0.4673074
18018,1.7786546
18019,0.7332433
18020,4.9543
18021,2.2765844
18022,25.987253
18023,93.0818
18024,56.97094
18025,69.07905
18026,103.24646
18027,73.5343
18028,101.268776
18029,140.38573
18030,138.75154
18031,176.15271
18032,161.8826
18033,153.81995
18034,110.93716
18035,143.33224
18036,139.29724
18037,8.082968
18038,100.40009
18039,33.653725
18040,148.46707
18041,83.09185
18042,236.25938
18043,129.49678
18044,178.67966
18045,56.100883
18046,78.7217
18047,124.73399
18048,306.8453
18049,162.5045
18050,386.42276
18051,138.5083
18052,83.03036
18053,385.63214
18054,190.30544
18055,121.8264
18056,127.76632
18057,131.59871
18058,325.75238
18059,336.6914
18060,211.86218
18061,408.384
18062,267.3027
18063,226.54242
18064,128.53894
18065,266.4233
18066,265.91223
18067,292.64774
18068,272.11383
18069,400.48917
18070,481.99768
18071,498.54355
18072,463.88858
18073,696.4913
18074,751.46674
18075,679.50494
18076,720.99506
18077,680.7186
18078,551.56964
18079,637.3229
18080,599.22614
18081,600.03406
18082,712.5171
18083,701.06775
18084,628.75696
18085,607.59045
18086,528.077
18087,580.9924
18088,499.3303
18089,378.5125
18090,368.53076
18091,398.18652
18092,457.4795
18093,543.7647
18094,539.68146
18095,430.33896
18096,411.3076
18097,295.046
18098,187.75937
18099,177.2008
18100,234.74901
18101,200.0514
18102,225.10997
18103,172.59741
18104,233.32407
18105,218.67828
18106,245.54518
18107,241.26897
18108,360.00272
18109,388.82422
18110,353.035
18111,446.78824
18112,456.42386
18113,354.34326
18114,287.4444
18115,291.7428
18116,302.17697
18117,293.0901
18118,209.5183
18119,183.31522
18120,161.9971
18121,132.52441
18122,173.3368
18123,176.06755
18124,190.95117
18125,115.63448
18126,119.4441
18127,238.61111
18128,238.24228
18129,231.10042
18130,326.04352
18131,432.59576
18132,314.89957
18133,181.17877
18134,168.903
18135,111.19086
18136,58.110214
18137,52.75859
18138,78.76181
18139,59.409447
18140,83.0033
18141,67.9398
18142,75.250336
18143,58.37358
18144,82.978264
18145,55.50528
18146,28.706514
18147,27.26696
18148,5.336498
18149,5.406
18150,7.1526947
18151,1.5301234
18152,1.9657173
18153,1.9657173
18154,2.4222834
18155,18.33781
18156,30.907642
18157,6.3315277
18158,2.2799063
18159,1.8233405
18160,1.8233405
18161,1.9463289
18162,1.8289117
18163,0.6852782
18164,0.58119667
18165,0.9098501
18166,0.63917065
18167,27.603249
18168,204.60492
18169,152.73608
18170,215.43529
18171,282.87585
18172,172.27646
18173,325.18933
18174,280.27646
18175,153.006
18176,108.78001
18177,145.47606
18178,261.32898
18179,270.3872
18180,147.03967
18181,300.73093
18182,426.00473
18183,373.64868
18184,499.85468
18185,259.38425
18186,317.87308
18187,253.19142
18188,314.4946
18189,347.76712
18190,428.06958
18191,684.03955
18192,415.16394
18193,219.92244
18194,114.69304
18195,236.46709
18196,321.936
18197,180.68854
18198,196.5981
18199,174.1063
18200,140.97853
18201,102.94573
18202,103.29953
18203,162.36034
18204,109.88013
18205,70.17017
18206,36.943954
18207,62.873863
18208,51.410187
18209,84.529305
18210,109.85148
18211,165.30273
18212,1161.1179
18213,1099.1208
18214,1023.722
18215,1027.8284
18216,708.3928
18217,1119.6538
18218,1061.6753
18219,951.357
18220,795.6244
18221,1095.1595
18222,1093.03
18223,1193.0815
18224,1194.9999
18225,1070.3104
18226,1101.5826
18227,1053.2683
18228,1557.732
18229,1144.7015
18230,966.5699
18231,742.7858
18232,836.1441
18233,775.7413
18234,943.58624
18235,789.0319
18236,769.0174
18237,969.5761
18238,1047.7836
18239,1039.3607
18240,951.1922
18241,733.3912
18242,715.6462
18243,510.02463
18244,632.2826
18245,517.18243
18246,934.1283
18247,499.14087
18248,366.23456
18249,485.1382
18250,530.33514
18251,591.29974
18252,542.66626
18253,559.78235
18254,593.22107
18255,664.0344
18256,467.86646
18257,529.0756
18258,554.1596
18259,416.50366
18260,259.59842
18261,195.80061
18262,294.85297
18263,364.89212
18264,472.01666
18265,714.6697
18266,669.7448
18267,648.52673
18268,459.8043
18269,484.12473
18270,291.63205
18271,387.50073
18272,732.8574
18273,924.7493
18274,856.05096
18275,736.3467
18276,592.6059
18277,490.57352
18278,330.248
18279,282.30832
18280,220.21635
18281,367.92886
18282,372.12363
18283,229.17175
18284,249.95406
18285,382.85608
18286,221.24911
18287,123.02974
18288,221.33818
18289,326.31757
18290,190.69734
18291,233.50464
18292,175.97202
18293,182.2604
18294,273.4218
18295,171.00063
18296,233.44223
18297,214.99895
18298,149.07436
18299,161.9467
18300,183.31358
18301,160.46944
18302,147.09578
18303,176.62502
18304,102.33959
18305,145.10515
18306,69.87453
18307,85.00223
18308,174.38394
18309,171.4048
18310,101.90462
18311,145.39526
18312,132.67465
18313,142.45717
18314,151.60521
18315,99.78726
18316,92.37252
18317,86.460526
18318,49.67345
18319,64.113914
18320,124.94307
18321,64.88013
18322,65.316734
18323,272.9042
18324,501.0234
18325,383.45786
18326,438.65228
18327,527.50665
18328,383.63147
18329,408.5405
18330,358.75925
18331,309.88675
18332,351.56207
18333,383.6282
18334,388.20578
18335,354.77335
18336,360.01205
18337,287.196
18338,351.2435
18339,413.4405
18340,391.86432
18341,345.90424
18342,498.04086
18343,328.4183
18344,482.33817
18345,492.56372
18346,593.5152
18347,461.48587
18348,317.04865
18349,346.01038
18350,485.05243
18351,578.4795
18352,363.59247
18353,577.6116
18354,514.43256
18355,314.30005
18356,403.87564
18357,450.14737
18358,327.7112
18359,534.2885
18360,451.01062
18361,294.33856
18362,401.15994
18363,596.48016
18364,768.696
18365,1039.687
18366,476.98132
18367,470.2938
18368,435.634
18369,439.0495
18370,605.98206
18371,612.1475
18372,793.72833
18373,813.72455
18374,642.5485
18375,400.722
18376,446.38116
18377,608.0161
18378,575.6479
18379,485.79297
18380,555.97656
18381,532.9978
18382,431.47357
18383,420.22726
18384,268.6695
18385,205.72435
18386,123.2977
18387,131.41612
18388,163.53546
18389,286.49335
18390,353.4445
18391,254.80693
18392,328.5517
18393,475.58414
18394,401.61813
18395,369.13947
18396,78.58521
18397,45.53647
18398,58.045403
18399,24.694992
18400,107.59034
18401,39.069668
18402,59.084217
18403,85.93525
18404,134.21997
18405,98.39297
18406,114.20787
18407,156.93121
18408,164.1934
18409,125.49264
18410,154.09735
18411,181.33315
18412,177.43457
18413,149.78235
18414,153.83853
18415,121.240944
18416,183.71881
18417,153.9605
18418,209.69543
18419,286.90164
18420,243.16801
18421,232.25284
18422,129.54607
18423,340.1543
18424,355.82712
18425,422.23663
18426,688.46594
18427,610.4616
18428,364.9741
18429,410.8925
18430,240.8132
18431,149.86919
18432,43.493538
18433,83.428825
18434,154.20248
18435,374.14038
18436,262.39996
18437,90.540306
18438,76.47852
18439,57.37673
18440,50.40372
18441,123.18961
18442,118.24758
18443,72.0827
18444,172.94832
18445,97.676125
18446,27.115286
18447,85.15417
18448,175.35487
18449,179.70572
18450,86.88725
18451,105.97152
18452,184.41068
18453,287.0927
18454,221.93262
18455,215.57419
18456,138.73993
18457,255.60295
18458,320.31653
18459,271.49835
18460,184.11761
18461,61.179478
18462,1.5018207
18463,66.615425
18464,204.0901
18465,158.78967
18466,96.24533
18467,123.391335
18468,193.96251
18469,193.22472
18470,103.41011
18471,100.21316
18472,21.819597
18473,37.55687
18474,450.0255
18475,405.2826
18476,310.7999
18477,209.96046
18478,102.78857
18479,48.35446
18480,12.520131
18481,12.700784
18482,1.5253116
18483,61.22522
18484,134.72235
18485,70.82693
18486,46.60722
18487,59.006027
18488,25.41763
18489,44.52672
18490,15.047863
18491,3.4172041
18492,1.9988328
18493,1.0564432
18494,0.9523617
18495,1.0564432
18496,1.9034126
18497,17.753881
18498,32.084045
18499,5.8691516
18500,4.2821894
18501,1.0689205
18502,3.6406407
18503,3.5322886
18504,3.8569498
18505,3.1143332
18506,22.702843
18507,87.8146
18508,142.23645
18509,113.314415
18510,99.06544
18511,89.52056
18512,42.605206
18513,64.22246
18514,104.34803
18515,98.00802
18516,119.720535
18517,119.62441
18518,123.01253
18519,142.38408
18520,107.65428
18521,72.864395
18522,71.90556
18523,56.85383
18524,42.116493
18525,71.99814
18526,124.72263
18527,103.2845
18528,125.8819
18529,165.32361
18530,141.8773
18531,199.27881
18532,159.77438
18533,179.92508
18534,120.29639
18535,8.342139
18536,1.6468905
18537,3.6516962
18538,157.03192
18539,193.93576
18540,82.78044
18541,80.86707
18542,227.5505
18543,158.58482
18544,77.54594
18545,87.427605
18546,120.85123
18547,117.09529
18548,159.19293
18549,123.25053
18550,113.97273
18551,123.30106
18552,117.21545
18553,147.62782
18554,149.34244
18555,183.43503
18556,222.71684
18557,192.49858
18558,203.46812
18559,195.70801
18560,206.29063
18561,225.37372
18562,188.10721
18563,173.5327
18564,97.67235
18565,21.494034
18566,1.9552453
18567,52.603554
18568,59.10946
18569,31.844208
18570,29.638716
18571,1.3233235
18572,1.3646872
18573,1.2606056
18574,2.9844692
18575,3.718482
18576,10.451242
18577,9.400064
18578,25.170225
18579,42.088852
18580,84.95173
18581,117.77347
18582,174.79787
18583,137.28482
18584,166.46866
18585,47.56555
18586,231.44579
18587,120.703064
18588,157.09142
18589,151.90982
18590,152.83083
18591,112.954666
18592,103.73361
18593,58.724464
18594,12.322585
18595,68.28177
18596,78.07785
18597,152.75304
18598,151.3626
18599,81.65143
18600,174.8431
18601,179.86905
18602,61.013454
18603,87.053345
18604,226.44922
18605,107.3579
18606,106.94746
18607,81.2049
18608,99.27546
18609,94.24191
18610,106.400116
18611,52.0764
18612,2.6252384
18613,32.26033
18614,1.64275
18615,7.903129
18616,70.59943
18617,50.624405
18618,119.47285
18619,69.492256
18620,96.25625
18621,66.95214
18622,88.70573
18623,122.86933
18624,117.58307
18625,51.945885
18626,97.35714
18627,116.90615
18628,104.47543
18629,87.52224
18630,83.192406
18631,123.78227
18632,123.45557
18633,29.201094
18634,106.91228
18635,101.20774
18636,56.082794
18637,156.81386
18638,46.91063
18639,117.286995
18640,138.47594
18641,132.22046
18642,64.0892
18643,48.631477
18644,89.40552
18645,73.68412
18646,91.09826
18647,127.21698
18648,108.154884
18649,93.128624
18650,93.9759
18651,139.41121
18652,150.68318
18653,105.97057
18654,123.37711
18655,123.56682
18656,93.59421
18657,77.026276
18658,114.84601
18659,146.32599
18660,111.66521
18661,103.60524
18662,135.36903
18663,147.40364
18664,142.23875
18665,196.98454
18666,228.69875
18667,228.87204
18668,283.56143
18669,303.15488
18670,263.05878
18671,263.02002
18672,272.5987
18673,272.23032
18674,251.75919
18675,189.08995
18676,189.66612
18677,201.16206
18678,212.36461
18679,189.47997
18680,264.18515
18681,266.20203
18682,208.09334
18683,168.61841
18684,137.49126
18685,133.06387
18686,96.47318
18687,84.014
18688,77.81828
18689,84.192444
18690,156.56982
18691,171.67555
18692,152.90907
18693,143.83241
18694,206.19548
18695,219.2276
18696,215.1405
18697,261.02087
18698,237.17284
18699,287.96722
18700,357.57596
18701,282.6245
18702,254.68074
18703,245.94441
18704,184.97427
18705,207.92178
18706,148.5183
18707,158.25
18708,110.86332
18709,110.80971
18710,162.3258
18711,131.7504
18712,103.99042
18713,110.27653
18714,142.36098
18715,134.12067
18716,82.40508
18717,51.584175
18718,6.7333236
18719,10.538609
18720,6.742591
18721,11.739009
18722,8.963751
18723,11.531212
18724,9.069873
18725,6.865894
18726,1.4893956
18727,2.5824597
18728,2.5824597
18729,2.4190972
18730,19.67524
18731,55.99176
18732,53.932106
18733,81.88038
18734,129.33562
18735,143.2806
18736,94.00285
18737,49.465256
18738,41.90323
18739,38.624588
18740,2.5153837
18741,1.5740725
18742,24.382816
18743,3.034293
18744,55.155136
18745,9.553142
18746,71.31722
18747,65.25398
18748,106.03642
18749,12.985199
18750,23.393383
18751,12.70609
18752,85.87772
18753,150.69977
18754,66.92989
18755,115.75403
18756,74.20814
18757,57.223907
18758,73.840355
18759,42.931137
18760,52.0001
18761,9.28345
18762,35.503586
18763,42.871803
18764,36.529945
18765,110.38063
18766,70.32733
18767,18.24164
18768,49.195114
18769,11.5697975
18770,90.7663
18771,72.899506
18772,127.681366
18773,123.221794
18774,75.13554
18775,95.53517
18776,185.75394
18777,165.15567
18778,195.34169
18779,288.7218
18780,194.8824
18781,224.04366
18782,237.52179
18783,393.52545
18784,213.10619
18785,104.50125
18786,376.9744
18787,347.68546
18788,222.23026
18789,157.91013
18790,107.43176
18791,89.848785
18792,126.32076
18793,129.18808
18794,186.467
18795,135.16978
18796,183.49243
18797,188.62025
18798,283.77878
18799,500.3102
18800,791.9068
18801,751.48193
18802,480.85144
18803,655.97736
18804,775.1381
18805,724.46954
18806,394.40152
18807,541.2717
18808,491.38422
18809,600.3977
18810,573.3086
18811,774.7401
18812,1046.0591
18813,1076.1212
18814,874.8915
18815,790.5924
18816,733.6335
18817,767.3347
18818,783.4193
18819,674.6456
18820,622.2198
18821,670.6941
18822,468.43268
18823,470.0559
18824,560.0324
18825,624.38104
18826,635.9017
18827,655.1102
18828,481.5846
18829,562.25385
18830,740.7701
18831,713.3214
18832,815.7289
18833,457.4739
18834,410.61316
18835,625.1019
18836,672.25073
18837,579.3044
18838,595.1838
18839,384.06335
18840,187.78389
18841,134.44632
18842,194.77075
18843,130.42615
18844,109.02029
18845,222.77654
18846,289.98743
18847,402.87494
18848,422.7991
18849,365.45682
18850,420.52625
18851,474.6753
18852,361.41745
18853,319.86127
18854,319.80164
18855,284.89322
18856,169.57932
18857,113.97838
18858,214.32259
18859,219.80933
18860,347.75024
18861,425.27182
18862,532.3892
18863,433.9131
18864,314.80386
18865,297.29694
18866,395.63248
18867,599.96344
18868,762.358
18869,510.70178
18870,117.19517
18871,87.56728
18872,384.79852
18873,369.7964
18874,176.50407
18875,283.47693
18876,453.9348
18877,174.74437
18878,361.62402
18879,146.07129
18880,338.68298
18881,311.06116
18882,383.63818
18883,118.43437
18884,169.23514
18885,91.81711
18886,77.52693
18887,21.915743
18888,355.75745
18889,202.68262
18890,158.69109
18891,350.08405
18892,343.3755
18893,360.34692
18894,179.99512
18895,354.03088
18896,272.12836
18897,234.43932
18898,297.4626
18899,242.61414
18900,351.9635
18901,128.56465
18902,79.65158
18903,103.827
18904,42.272785
18905,25.6206
18906,11.620466
18907,18.035154
18908,38.169044
18909,18.259731
18910,44.02116
18911,58.746876
18912,91.99636
18913,116.83531
18914,130.83743
18915,138.38545
18916,120.24159
18917,72.65036
18918,184.0686
18919,198.09746
18920,249.41731
18921,269.49405
18922,348.31723
18923,383.34262
18924,310.33353
18925,167.58627
18926,118.84154
18927,216.06284
18928,210.31038
18929,117.592476
18930,186.96259
18931,212.91557
18932,166.98474
18933,156.50833
18934,339.177
18935,586.4849
18936,613.1369
18937,562.59674
18938,583.12256
18939,445.16956
18940,384.50647
18941,387.98468
18942,492.39526
18943,447.71072
18944,326.85922
18945,300.1253
18946,323.46378
18947,315.27155
18948,431.48923
18949,377.21225
18950,363.84308
18951,487.01608
18952,405.22305
18953,411.6916
18954,405.84653
18955,382.33832
18956,665.26385
18957,573.36804
18958,572.85486
18959,535.6531
18960,458.8251
18961,437.5467
18962,312.08273
18963,335.676
18964,424.83307
18965,556.7292
18966,458.2759
18967,408.87997
18968,424.81607
18969,361.8338
18970,310.19656
18971,278.32254
18972,314.53046
18973,180.11435
18974,260.50748
18975,330.7834
18976,439.7729
18977,438.83044
18978,438.72217
18979,528.84735
18980,473.30176
18981,495.5548
18982,563.1584
18983,625.63745
18984,359.48236
18985,437.74857
18986,638.54016
18987,473.29135
18988,525.6628
18989,457.924
18990,467.59918
18991,631.8686
18992,547.26404
18993,386.3056
18994,261.395
18995,266.9906
18996,330.77292
18997,409.71945
18998,428.56635
18999,346.6524
19000,276.78195
19001,321.62057
19002,167.1928
19003,167.2793
19004,189.81393
19005,226.89842
19006,214.67142
19007,273.39267
19008,81.61795
19009,14.718543
19010,24.161322
19011,17.451553
19012,5.767451
19013,6.1390343
19014,3.5489337
19015,1.4279108
19016,2.3382287
19017,0.3704725
19018,6.764714
19019,9.555711
19020,4.205744
19021,1.686074
19022,2.4410713
19023,1.0012697
19024,18.049454
19025,6.9065337
19026,16.788399
19027,2.2966566
19028,1.561916
19029,2.1520133
19030,6.761891
19031,20.050323
19032,40.34764
19033,44.239517
19034,40.25444
19035,74.68915
19036,73.89088
19037,73.84058
19038,34.192184
19039,82.99893
19040,178.09863
19041,195.51941
19042,156.07425
19043,79.45243
19044,78.338974
19045,124.90909
19046,115.60062
19047,119.29001
19048,211.41469
19049,223.87123
19050,264.34415
19051,105.87501
19052,338.74658
19053,242.74858
19054,237.36186
19055,229.49423
19056,365.13852
19057,215.81305
19058,349.3655
19059,59.638382
19060,202.92911
19061,98.042114
19062,104.97097
19063,65.72965
19064,179.57996
19065,187.57599
19066,374.23282
19067,237.67639
19068,96.88783
19069,281.16672
19070,201.11201
19071,160.041
19072,234.42096
19073,292.96426
19074,265.9849
19075,259.64905
19076,237.96878
19077,478.3936
19078,341.2871
19079,257.56326
19080,324.79968
19081,274.3662
19082,747.8418
19083,761.1104
19084,304.65076
19085,216.71806
19086,242.66852
19087,309.80414
19088,426.3818
19089,444.4942
19090,448.12607
19091,553.4974
19092,464.3739
19093,533.003
19094,528.9484
19095,447.43707
19096,446.79892
19097,564.20935
19098,527.69836
19099,492.82498
19100,612.6242
19101,691.4912
19102,865.8359
19103,705.6358
19104,574.2569
19105,450.6825
19106,481.03036
19107,427.12045
19108,364.85892
19109,287.5273
19110,222.42361
19111,286.8929
19112,397.70868
19113,311.32538
19114,384.65762
19115,344.4476
19116,236.8131
19117,197.35942
19118,148.85536
19119,139.02768
19120,158.34471
19121,221.26082
19122,192.77126
19123,126.35591
19124,59.03492
19125,33.803658
19126,23.213295
19127,36.849392
19128,106.61466
19129,89.03146
19130,81.6834
19131,116.96069
19132,139.94965
19133,161.88205
19134,132.76768
19135,100.72244
19136,86.34507
19137,82.43689
19138,172.41231
19139,173.07501
19140,77.30988
19141,59.874603
19142,61.314102
19143,56.618973
19144,46.54313
19145,43.949554
19146,29.498161
19147,29.005857
19148,20.71555
19149,17.832666
19150,4.7191887
19151,20.729954
19152,63.274246
19153,49.108307
19154,59.030388
19155,43.72807
19156,48.00027
19157,66.789345
19158,74.451256
19159,26.181314
19160,16.77813
19161,7.187358
19162,1.7372199
19163,1.7372199
19164,1.6331383
19165,0.68461514
19166,0.9727069
19167,54.040085
19168,17.301205
19169,10.747977
19170,0.6440536
19171,1.4302535
19172,1.4302535
19173,1.0092394
19174,1.0092394
19175,1.4302535
19176,38.939617
19177,129.09525
19178,57.847023
19179,5.42921
19180,1.6729077
19181,1.6729077
19182,2.1700342
19183,235.02153
19184,210.99594
19185,98.99263
19186,42.549885
19187,31.769152
19188,30.806332
19189,64.39116
19190,65.284805
19191,75.245445
19192,686.77515
19193,183.07335
19194,157.81252
19195,226.64453
19196,333.51117
19197,558.86414
19198,387.08554
19199,431.61166
19200,227.68327
19201,133.56819
19202,128.2914
19203,89.43616
19204,66.436325
19205,86.14101
19206,34.01573
19207,31.578594
19208,28.150629
19209,40.85457
19210,72.05084
19211,90.01579
19212,128.97202
19213,99.29494
19214,117.68061
19215,107.83559
19216,126.32101
19217,82.73363
19218,68.36635
19219,50.160126
19220,92.83719
19221,72.53934
19222,99.808876
19223,169.86728
19224,196.4189
19225,161.01416
19226,328.5361
19227,427.5002
19228,511.32095
19229,476.62747
19230,469.32648
19231,451.82556
19232,208.55473
19233,185.07137
19234,361.6303
19235,199.3373
19236,93.35963
19237,58.99609
19238,64.46069
19239,83.101135
19240,82.696075
19241,121.116066
19242,126.139465
19243,149.22379
19244,166.57448
19245,165.91855
19246,103.20486
19247,99.14207
19248,99.19236
19249,128.7921
19250,154.2385
19251,195.95068
19252,219.92897
19253,219.52199
19254,301.67624
19255,279.27963
19256,274.24445
19257,257.30878
19258,269.84555
19259,289.5703
19260,207.57527
19261,161.0254
19262,154.49075
19263,191.80466
19264,169.93095
19265,150.43019
19266,177.5285
19267,157.62643
19268,126.77141
19269,122.82323
19270,144.20854
19271,170.57008
19272,191.45697
19273,232.80617
19274,157.4144
19275,119.01295
19276,171.44434
19277,217.86783
19278,389.5335
19279,482.60654
19280,538.4311
19281,831.0161
19282,873.2776
19283,800.9001
19284,931.65485
19285,1090.8146
19286,973.9338
19287,841.7377
19288,698.5157
19289,605.5153
19290,468.2273
19291,322.14038
19292,233.09395
19293,194.57433
19294,184.89694
19295,250.94542
19296,126.85655
19297,112.728935
19298,57.411324
19299,4.5738287
19300,54.17803
19301,86.09423
19302,21.138803
19303,1.673946
19304,6.871454
19305,12.67627
19306,1.8557525
19307,60.7389
19308,42.952198
19309,33.83062
19310,7.853374
19311,26.417004
19312,82.38406
19313,255.9632
19314,102.41815
19315,68.96356
19316,73.40608
19317,75.7226
19318,136.64355
19319,179.17429
19320,179.0485
19321,302.46848
19322,137.14928
19323,294.01663
19324,359.02924
19325,121.36811
19326,197.64955
19327,454.67273
19328,283.72385
19329,135.15482
19330,126.76724
19331,351.11514
19332,291.22525
19333,203.7394
19334,267.64566
19335,133.69684
19336,329.0964
19337,114.765015
19338,228.08266
19339,340.37277
19340,294.78888
19341,193.43114
19342,236.51854
19343,339.22388
19344,177.5583
19345,254.3672
19346,217.51843
19347,151.13864
19348,96.32676
19349,215.40195
19350,283.66998
19351,317.78024
19352,291.6712
19353,354.3314
19354,321.47137
19355,402.89203
19356,317.76254
19357,178.43828
19358,304.88745
19359,1439.6488
19360,1964.4861
19361,616.4913
19362,289.6611
19363,169.483
19364,103.58225
19365,112.55882
19366,74.95038
19367,39.899216
19368,118.6173
19369,210.23769
19370,301.26834
19371,206.85469
19372,171.45708
19373,195.55238
19374,143.3022
19375,166.93526
19376,151.67458
19377,173.88818
19378,145.58633
19379,116.486275
19380,137.52112
19381,100.12331
19382,67.00716
19383,55.522587
19384,18.882942
19385,17.426098
19386,25.90388
19387,43.08289
19388,36.642513
19389,57.469833
19390,18.836714
19391,21.419556
19392,18.944014
19393,70.6269
19394,50.238503
19395,35.275257
19396,18.549007
19397,27.997217
19398,27.677212
19399,20.800024
19400,2.4929998
19401,1.1031941
19402,1.1031941
19403,1.1031941
19404,1.0610188
19405,3.5176938
19406,4.4446425
19407,1.028432
19408,0.14812413
19409,-0.024235127
19410,-0.024235127
19411,-0.3439093
19412,-0.3439093
19413,-0.3439093
19414,-0.3439093
19415,-0.30947575
19416,-0.3439093
19417,-0.3439093
19418,-0.3439093
19419,-0.3439093
19420,-0.38608447
19421,-0.3439093
19422,-0.30947575
19423,0.010198409
19424,0.010198409
19425,0.010198409
19426,0.010198409
19427,0.010198409
19428,0.010198409
19429,-0.21131735
19430,-0.21131735
19431,-0.21131735
19432,-0.21131735
19433,-0.21131735
19434,-0.21131735
19435,0.5505897
19436,0.5505897
19437,0.5505897
19438,0.5505897
19439,0.5505897
19440,0.63884556
19441,0.61662924
19442,0.5283733
19443,0.5283733
19444,0.54800415
19445,0.42786947
19446,0.42786947
19447,0.42786947
19448,0.42786947
19449,0.42786947
19450,0.46569362
19451,0.46569362
19452,0.46569362
19453,0.6440536
19454,0.6440536
19455,0.6440536
19456,0.6440536
19457,1.6797298
19458,1.0848275
19459,0.15371008
19460,1.1549529
19461,1.0114317
19462,0.83814645
19463,0.11927651
19464,0.11927651
19465,0.37263173
19466,0.37263173
19467,0.20541826
19468,1.0915014
19469,1.0915014
19470,1.2581129
19471,0.025117401
19472,0.059550937
19473,0.14426664
19474,-0.124222055
19475,-0.124222055
19476,-0.124222055
19477,-0.124222055
19478,-0.0897885
19479,-0.43403122
19480,-0.6446919
19481,-0.124222055
19482,-0.124222055
19483,-0.46422702
19484,-0.46422702
19485,-0.13557346
19486,-0.46422702
19487,-0.36014545
19488,-0.46422702
19489,-0.7487734
19490,-0.6791254
19491,-0.6959502
19492,15.402831
19493,5.7535543
19494,-0.7487734
19495,0.24183965
19496,-0.55599695
19497,-0.55599695
19498,-0.55599695
19499,7.037889
19500,-0.5031737
19501,0.26948708
19502,0.31978372
19503,0.1464985
19504,0.1464985
19505,0.1464985
19506,0.1464985
19507,0.2630574
19508,0.2630574
19509,-0.39592734
19510,-0.39592734
19511,0.41239682
19512,0.41239682
19513,0.8770582
19514,-0.11141148
19515,0.8770582
19516,0.91127104
19517,-0.2504837
19518,-0.3545653
19519,-0.3545653
19520,-0.3545653
19521,-0.18735185
19522,-0.18735185
19523,-0.18735185
19524,0.2692134
19525,1.1067734
19526,1.3262135
19527,2.246099
19528,1.3262135
19529,3.2733088
19530,2.246099
19531,3.2733088
19532,2.5175204
19533,1.4994988
19534,1.4994988
19535,9.686508
19536,102.357475
19537,70.1727
19538,109.41967
19539,96.87751
19540,96.97186
19541,112.74869
19542,96.97186
19543,102.66099
19544,124.8136
19545,96.29181
19546,104.61171
19547,113.968414
19548,111.53674
19549,127.9967
19550,127.2669
19551,113.77662
19552,120.42779
19553,97.58775
19554,104.359024
19555,103.706955
19556,91.53297
19557,74.12125
19558,68.02254
19559,42.318146
19560,12.968989
19561,13.685249
19562,25.360409
19563,16.92685
19564,37.651855
19565,54.025185
19566,24.333126
19567,40.52941
19568,24.450613
19569,12.688289
19570,5.5060587
19571,7.482841
19572,5.4929004
19573,1.0137285
19574,0.7149424
19575,0.97286314
19576,0.7149424
19577,0.44352075
19578,0.7149424
19579,1.0370405
19580,1.0370405
19581,1.0370405
19582,2.792032
19583,30.539072
19584,61.408165
19585,6.216828
19586,10.794202
19587,11.053649
19588,1.6219627
19589,1.47237
19590,1.3051561
19591,1.7640547
19592,1.7137579
19593,1.590769
19594,1.5200145
19595,1.5200145
19596,1.3726432
19597,0.38220462
19598,-0.38120797
19599,0.43799087
19600,0.34278747
19601,0.16950224
19602,0.34278747
19603,-0.6959502
19604,2.7937653
19605,6.3998957
19606,0.16950224
19607,-0.6959502
19608,-0.6959502
19609,0.62606776
19610,66.12551
19611,39.036736
19612,9.99421
19613,32.77291
19614,5.147336
19615,24.178692
19616,55.600433
19617,10.937991
19618,0.09232886
19619,-1.0094851
19620,-1.0094851
19621,-1.2652388
19622,-1.2652388
19623,-1.0094851
19624,-1.4782729
19625,-1.2537009
19626,-1.0094851
19627,-1.0094851
19628,-1.2537009
19629,-1.0094851
19630,-0.9575037
19631,-1.5823545
19632,-1.5823545
19633,-1.0094851
19634,-1.5823545
19635,-1.8291645
19636,-1.0094851
19637,-1.0094851
19638,-0.8361999
19639,-0.8167087
19640,-0.8167087
19641,-0.8167087
19642,-1.3895781
19643,-1.3895781
19644,-1.3895781
19645,-1.0478241
19646,-1.0478241
19647,-1.0478241
19648,-2.040789
19649,-1.8675036
19650,-2.6136582
19651,-2.9491408
19652,-1.9561756
19653,-2.9491408
19654,-1.9561756
19655,-1.9561756
19656,-1.63906
19657,-0.62760913
19658,0.41017076
19659,54.412285
19660,136.1215
19661,164.79745
19662,187.49423
19663,164.68436
19664,185.22754
19665,160.99915
19666,117.714165
19667,156.92557
19668,107.91853
19669,110.51219
19670,109.23467
19671,112.20399
19672,147.526
19673,120.09341
19674,90.02946
19675,143.65611
19676,120.843216
19677,116.23577
19678,121.26579
19679,106.576965
19680,101.83572
19681,101.32965
19682,129.6739
19683,110.43904
19684,124.54809
19685,105.41247
19686,103.77512
19687,88.06774
19688,74.38653
19689,70.17204
19690,89.06057
19691,90.22147
19692,77.35913
19693,68.46947
19694,54.46048
19695,59.93232
19696,57.58577
19697,64.82301
19698,50.5196
19699,60.299202
19700,78.4937
19701,72.72014
19702,73.55195
19703,56.3375
19704,13.078409
19705,2.741417
19706,2.8631973
19707,3.026699
19708,4.4545918
19709,4.615404
19710,1.3482039
19711,1.3683442
19712,1.3277825
19713,-0.20914188
19714,-0.35378516
19715,-0.35378516
19716,-0.62520695
19717,1.0049268
19718,-0.1864133
19719,0.2475659
19720,1.294278
19721,5.3863664
19722,67.49734
19723,40.049644
19724,39.630974
19725,43.664894
19726,36.180756
19727,36.283287
19728,56.21251
19729,58.307846
19730,83.020195
19731,44.25814
19732,33.587204
19733,63.91781
19734,213.68945
19735,197.68869
19736,180.03412
19737,118.27117
19738,34.32483
19739,71.911934
19740,101.42821
19741,143.03911
19742,220.49048
19743,99.64665
19744,58.474495
19745,104.68628
19746,132.9855
19747,81.814766
19748,148.4445
19749,138.2668
19750,98.21055
19751,107.27588
19752,126.00247
19753,95.79492
19754,100.39798
19755,126.24476
19756,16.901133
19757,45.122063
19758,116.290924
19759,165.686
19760,211.15094
19761,150.69246
19762,193.67262
19763,99.58771
19764,286.1821
19765,161.56647
19766,221.71288
19767,171.4054
19768,346.35693
19769,116.36944
19770,341.1153
19771,171.18396
19772,211.16609
19773,311.3147
19774,245.70108
19775,407.4653
19776,322.69543
19777,354.67578
19778,328.06952
19779,314.18912
19780,222.01653
19781,282.6185
19782,405.6316
19783,338.37796
19784,375.35907
19785,241.48514
19786,226.3523
19787,362.7313
19788,275.88702
19789,302.6671
19790,252.47884
19791,211.5411
19792,150.81079
19793,160.17824
19794,136.96848
19795,251.84161
19796,241.52357
19797,184.54099
19798,209.40025
19799,167.67033
19800,222.43495
19801,295.78296
19802,291.72864
19803,270.76587
19804,275.80658
19805,331.727
19806,310.94424
19807,442.04764
19808,462.99896
19809,493.6752
19810,544.6382
19811,532.4407
19812,559.3113
19813,550.7336
19814,490.0718
19815,407.1144
19816,389.78253
19817,360.24103
19818,327.0832
19819,402.11874
19820,523.02277
19821,564.44543
19822,699.52844
19823,597.18335
19824,556.36566
19825,650.17615
19826,503.405
19827,544.14325
19828,279.20593
19829,1042.99
19830,1287.2367
19831,1377.4069
19832,1266.9152
19833,977.45197
19834,612.5822
19835,428.21063
19836,233.07542
19837,96.3997
19838,45.422333
19839,76.94689
19840,217.88779
19841,454.03064
19842,452.41595
19843,192.91522
19844,146.32265
19845,186.90231
19846,290.4908
19847,302.38385
19848,305.88013
19849,256.67157
19850,253.60332
19851,166.5081
19852,100.799484
19853,49.459454
19854,38.20228
19855,63.29583
19856,61.971066
19857,72.95855
19858,32.0105
19859,37.386982
19860,89.672844
19861,98.181046
19862,63.73268
19863,169.2718
19864,93.61754
19865,161.2268
19866,166.15356
19867,137.71907
19868,254.93991
19869,171.4391
19870,127.98723
19871,2.2299948
19872,36.62168
19873,222.74684
19874,148.98938
19875,91.60046
19876,133.3166
19877,80.77003
19878,105.2345
19879,131.48607
19880,191.6459
19881,157.00856
19882,93.57144
19883,72.37975
19884,26.757431
19885,12.629479
19886,3.4715989
19887,3.7456028
19888,1.8733073
19889,1.9773891
19890,3.7456028
19891,2.3981695
19892,4.4434013
19893,2.6814492
19894,13.641272
19895,37.907448
19896,2.3981695
19897,2.3981695
19898,5.459421
19899,132.44443
19900,92.617584
19901,36.622498
19902,7.3809066
19903,0.6535805
19904,0.38215947
19905,1.7176371
19906,1.5238937
19907,1.5238937
19908,1.5498078
19909,1.3858597
19910,0.62448937
19911,3.816414
19912,55.14692
19913,13.6805935
19914,15.510092
19915,0.85757184
19916,11.950887
19917,44.05108
19918,10.118309
19919,1.1726805
19920,88.41807
19921,197.29759
19922,391.82184
19923,271.8865
19924,385.23856
19925,501.6245
19926,295.2611
19927,295.9784
19928,166.80316
19929,157.3839
19930,259.95758
19931,113.32788
19932,117.39162
19933,79.0271
19934,91.734795
19935,67.19485
19936,95.20717
19937,39.71238
19938,12.916151
19939,10.387405
19940,47.14112
19941,97.208046
19942,123.72004
19943,142.07494
19944,157.76204
19945,167.02106
19946,278.49994
19947,313.3867
19948,453.69095
19949,362.9054
19950,470.69684
19951,462.4376
19952,454.47827
19953,426.2312
19954,816.2314
19955,611.3312
19956,556.8586
19957,1058.8112
19958,553.89557
19959,1127.5095
19960,997.8888
19961,875.6056
19962,853.4992
19963,451.37656
19964,1111.8113
19965,1135.8564
19966,864.30676
19967,846.8851
19968,1217.0244
19969,1189.4525
19970,1140.9877
19971,855.8456
19972,1078.509
19973,1607.7675
19974,737.998
19975,476.29694
19976,405.73126
19977,496.39053
19978,565.9924
19979,460.87543
19980,393.45575
19981,442.7404
19982,488.48297
19983,389.99344
19984,413.89862
19985,189.01704
19986,251.53374
19987,255.57555
19988,102.675934
19989,193.54579
19990,304.30728
19991,225.59232
19992,512.4596
19993,508.8096
19994,440.24222
19995,705.5111
19996,349.88727
19997,294.1733
19998,367.4547
19999,283.42706
20000,243.04672
20001,332.82788
20002,223.9046
20003,103.71334
20004,237.73271
20005,336.8772
20006,390.00015
20007,305.226
20008,176.08484
20009,125.691216
20010,238.39117
20011,239.2288
20012,357.09518
20013,267.64233
20014,246.5035
20015,257.12796
20016,176.75264
20017,388.48444
20018,287.15042
20019,370.17343
20020,267.93665
20021,287.15042
20022,208.49275
20023,409.99927
20024,383.62537
20025,476.799
20026,382.54852
20027,429.59503
20028,592.114
20029,514.59283
20030,288.65378
20031,123.075905
20032,135.86919
20033,155.7385
20034,90.53071
20035,598.7788
20036,321.01926
20037,221.68053
20038,229.60316
20039,120.39776
20040,135.19287
20041,248.60138
20042,268.32974
20043,216.59543
20044,106.01585
20045,53.721725
20046,136.6173
20047,201.48532
20048,320.93982
20049,387.55566
20050,147.241
20051,275.1706
20052,272.35352
20053,165.06052
20054,94.39249
20055,47.00993
20056,109.69668
20057,149.15797
20058,72.01776
20059,171.87146
20060,144.00932
20061,192.7808
20062,135.0497
20063,62.701298
20064,38.87807
20065,26.147196
20066,40.67969
20067,15.554148
20068,2.2168884
20069,26.922874
20070,88.69973
20071,56.45627
20072,41.488228
20073,668.35034
20074,721.1053
20075,491.13452
20076,414.7996
20077,222.27966
20078,166.02115
20079,89.17457
20080,62.675465
20081,58.520752
20082,199.57077
20083,119.69942
20084,86.6597
20085,228.04253
20086,240.22466
20087,113.65642
20088,120.77821
20089,157.52809
20090,245.61555
20091,301.33276
20092,256.7176
20093,205.99261
20094,149.8845
20095,51.13294
20096,66.64769
20097,59.835144
20098,69.105545
20099,78.029564
20100,114.594894
20101,220.74506
20102,245.04643
20103,266.18036
20104,232.48064
20105,136.0962
20106,117.35265
20107,122.67027
20108,121.44417
20109,178.88278
20110,174.71153
20111,205.58463
20112,215.3298
20113,237.5381
20114,179.96127
20115,245.41092
20116,204.29019
20117,186.30173
20118,226.9936
20119,324.81903
20120,281.3469
20121,141.33716
20122,209.15733
20123,198.94527
20124,205.5905
20125,186.07965
20126,173.38193
20127,384.21823
20128,338.58878
20129,328.75406
20130,315.79608
20131,256.78467
20132,159.5174
20133,136.67235
20134,182.64465
20135,256.6164
20136,196.90749
20137,196.11064
20138,237.7365
20139,286.2611
20140,245.78073
20141,219.178
20142,349.6966
20143,516.4332
20144,460.18292
20145,366.86353
20146,371.55798
20147,415.1602
20148,390.2768
20149,379.9377
20150,389.87473
20151,497.89362
20152,514.09143
20153,518.4145
20154,375.41202
20155,445.56644
20156,382.93115
20157,295.74753
20158,515.17365
20159,319.79028
20160,239.5166
20161,201.3863
20162,5.911715
20163,148.97867
20164,56.252098
20165,38.31963
20166,64.68212
20167,164.37555
20168,153.29697
20169,212.50616
20170,332.58884
20171,70.14117
20172,94.30463
20173,101.85221
20174,57.49496
20175,73.06227
20176,77.43851
20177,15.921068
20178,71.99249
20179,119.718025
20180,68.87379
20181,41.133553
20182,27.577038
20183,19.797499
20184,2.0513077
20185,1.1941315
20186,2.1257262
20187,2.2237105
20188,2.3969958
20189,1.6213313
20190,1.6213313
20191,2.5226011
20192,9.832745
20193,48.094826
20194,12.5682125
20195,1.7957801
20196,0.6718477
20197,1.0887572
20198,2.9870856
20199,23.911608
20200,32.94815
20201,25.283838
20202,20.944143
20203,29.897572
20204,70.706604
20205,34.424263
20206,16.484497
20207,1.6023972
20208,20.9583
20209,13.254565
20210,8.008581
20211,0.92096454
20212,0.09960455
20213,0.77643365
20214,0.8307974
20215,2.0419114
20216,65.27984
20217,64.94789
20218,65.849014
20219,63.654198
20220,41.551865
20221,46.493393
20222,49.533745
20223,45.156555
20224,10.164163
20225,22.692307
20226,5.3619094
20227,1.1482437
20228,0.25885668
20229,0.25885668
20230,0.25885668
20231,0.21668142
20232,0.11259985
20233,0.07816632
20234,0.07816632
20235,0.07816632
20236,0.07816632
20237,0.07816632
20238,0.07816632
20239,-0.013587017
20240,-0.013587017
20241,0.12492809
20242,1.1066958
20243,1.0508865
20244,1.0508865
20245,1.0508865
20246,1.0508865
20247,0.898339
20248,0.898339
20249,1.0617014
20250,0.8443869
20251,1.1738751
20252,1.0508865
20253,1.0508865
20254,1.0508865
20255,1.0508865
20256,1.2142493
20257,4.278772
20258,2.0306146
20259,2.0306146
20260,2.612808
20261,2.0010555
20262,2.2038999
20263,2.3020582
20264,1.0523065
20265,15.849813
20266,66.447464
20267,87.120094
20268,116.76347
20269,90.659515
20270,72.45962
20271,30.032293
20272,7.68661
20273,43.118217
20274,107.76486
20275,72.54981
20276,110.18203
20277,93.46133
20278,123.98955
20279,169.85168
20280,169.27551
20281,156.03702
20282,115.82587
20283,123.23099
20284,119.48275
20285,83.37291
20286,74.43262
20287,167.24695
20288,172.80856
20289,241.00348
20290,202.94522
20291,181.12917
20292,197.33357
20293,87.30286
20294,47.34751
20295,132.09004
20296,131.21529
20297,114.98738
20298,78.63328
20299,48.214867
20300,108.49623
20301,10.617652
20302,46.73831
20303,5.724475
20304,150.5087
20305,75.09388
20306,106.49575
20307,26.805851
20308,104.80967
20309,71.32872
20310,26.856148
20311,10.317697
20312,66.95431
20313,99.2541
20314,0.43799087
20315,23.614214
20316,38.01464
20317,41.375366
20318,56.284912
20319,36.94757
20320,55.949944
20321,54.214645
20322,101.00672
20323,1.3363366
20324,0.42030293
20325,0.25280577
20326,69.99656
20327,148.35583
20328,5.865934
20329,3.797152
20330,46.039574
20331,62.664246
20332,136.32765
20333,75.885704
20334,150.10884
20335,134.06786
20336,76.79871
20337,81.43226
20338,94.28122
20339,96.28873
20340,127.881195
20341,157.14722
20342,197.15807
20343,153.96098
20344,153.96098
20345,203.97688
20346,174.39566
20347,153.8325
20348,111.78157
20349,135.38234
20350,218.04102
20351,282.4338
20352,272.55276
20353,218.4758
20354,160.8544
20355,127.42961
20356,147.35771
20357,222.50488
20358,278.45126
20359,316.02902
20360,274.0474
20361,233.907
20362,222.58252
20363,216.35196
20364,199.03041
20365,200.7842
20366,232.59181
20367,232.59181
20368,212.689
20369,159.51837
20370,153.34229
20371,150.21019
20372,98.82015
20373,87.99404
20374,83.89297
20375,93.709984
20376,110.96863
20377,124.788666
20378,116.915565
20379,136.32718
20380,118.678406
20381,99.94481
20382,111.435
20383,137.50839
20384,149.58101
20385,121.993515
20386,125.0276
20387,153.22865
20388,152.74123
20389,195.8052
20390,193.3221
20391,170.45462
20392,188.55957
20393,138.03917
20394,135.3457
20395,96.1358
20396,86.72958
20397,148.03459
20398,152.10124
20399,127.06905
20400,78.21281
20401,74.333954
20402,70.98196
20403,66.9344
20404,64.97785
20405,71.96727
20406,70.906235
20407,70.95172
20408,63.714584
20409,75.49042
20410,55.661324
20411,57.498734
20412,39.498825
20413,49.01557
20414,16.737951
20415,4.6584635
20416,1.0754457
20417,1.7820888
20418,0.78260434
20419,0.48069263
20420,0.5185169
20421,1.0154464
20422,0.6225984
20423,0.47795522
20424,1.5135992
20425,0.9748848
20426,0.31061485
20427,0.039319854
20428,4.400943
20429,62.89164
20430,58.887215
20431,100.83299
20432,118.0732
20433,82.68163
20434,104.6657
20435,75.299614
20436,15.955386
20437,3.1495538
20438,66.48406
20439,152.77826
20440,165.56636
20441,11.829265
20442,31.70046
20443,11.919715
20444,4.724832
20445,16.837683
20446,26.098116
20447,-0.36729655
20448,81.200096
20449,89.37007
20450,-0.080956385
20451,0.042032238
20452,61.668312
20453,23.798904
20454,-0.080956385
20455,15.347321
20456,27.334538
20457,-0.080956385
20458,-0.6882591
20459,-0.6882591
20460,-1.2996724
20461,-1.2996724
20462,-0.080956385
20463,-1.5127065
20464,-1.6167881
20465,-1.1955907
20466,-1.0094851
20467,-0.6923694
20468,-0.6882591
20469,-0.6882591
20470,-1.2996724
20471,-0.6882591
20472,-0.20139545
20473,-0.74133575
20474,-1.2070041
20475,-0.7588837
20476,-0.14747071
20477,-0.18190427
20478,12.372074
20479,25.819986
20480,8.34375
20481,4.479602
20482,4.364773
20483,0.01072401
20484,-0.71746457
20485,0.47509632
20486,0.2630574
20487,0.2630574
20488,-0.2918458
20489,-0.39592734
20490,-0.39592734
20491,-0.9440892
20492,-0.9440892
20493,-0.9440892
20494,-0.9440892
20495,-0.9785228
20496,-0.84000766
20497,-0.94021
20498,-0.51807773
20499,-0.10362007
20500,-0.9746436
20501,-0.70615447
20502,-0.7589778
20503,-0.76285696
20504,0.5325304
20505,1.5597419
20506,43.386593
20507,36.267506
20508,4.595008
20509,34.87577
20510,38.943314
20511,38.111588
20512,26.016195
20513,50.42282
20514,55.62712
20515,65.90214
20516,64.19604
20517,48.227676
20518,35.378437
20519,46.088844
20520,46.088844
20521,29.735956
20522,33.13213
20523,50.46866
20524,66.94105
20525,64.87989
20526,62.777027
20527,59.884853
20528,63.079193
20529,79.935776
20530,94.2061
20531,134.78748
20532,174.77888
20533,242.83267
20534,264.06363
20535,255.72234
20536,270.82532
20537,292.7599
20538,330.18613
20539,381.7643
20540,381.73026
20541,373.9689
20542,416.3181
20543,421.15063
20544,396.5874
20545,388.84906
20546,373.91406
20547,336.73633
20548,400.0122
20549,400.0122
20550,374.48096
20551,379.3727
20552,308.48062
20553,245.35446
20554,279.18832
20555,322.8353
20556,345.71957
20557,284.13843
20558,218.57083
20559,146.1585
20560,75.99388
20561,95.70481
20562,83.137184
20563,58.501736
20564,19.453022
20565,46.947014
20566,18.49107
20567,69.46854
20568,24.997908
20569,29.895626
20570,55.996513
20571,61.02674
20572,33.535484
20573,103.164185
20574,148.63231
20575,41.41906
20576,102.52058
20577,112.28716
20578,166.55986
20579,199.64796
20580,202.3931
20581,89.5968
20582,126.4264
20583,50.026615
20584,123.76987
20585,176.31882
20586,124.236984
20587,153.64432
20588,168.9039
20589,169.48782
20590,169.48782
20591,171.516
20592,89.95174
20593,138.25679
20594,189.09212
20595,372.8635
20596,353.31323
20597,316.75742
20598,350.40573
20599,276.16626
20600,346.7187
20601,281.8573
20602,502.29218
20603,508.43286
20604,663.7565
20605,658.1942
20606,851.946
20607,630.621
20608,413.02798
20609,453.29935
20610,655.47015
20611,440.2057
20612,472.81122
20613,339.8374
20614,379.082
20615,296.7301
20616,352.58316
20617,448.43558
20618,434.9531
20619,415.8207
20620,437.78918
20621,183.48022
20622,264.1259
20623,371.74045
20624,276.6531
20625,490.2864
20626,430.81076
20627,384.35468
20628,424.76294
20629,484.2905
20630,414.65778
20631,570.2956
20632,373.00327
20633,282.40375
20634,244.84888
20635,296.36337
20636,378.16592
20637,233.82355
20638,168.12065
20639,112.70551
20640,79.77975
20641,98.89348
20642,134.3267
20643,151.33774
20644,153.50963
20645,134.31442
20646,109.33296
20647,133.52115
20648,124.718414
20649,241.493
20650,363.84973
20651,505.98367
20652,705.1651
20653,672.9359
20654,617.7768
20655,518.77655
20656,495.51624
20657,591.2582
20658,601.6122
20659,838.50134
20660,793.7972
20661,715.55334
20662,672.90326
20663,618.4276
20664,644.4208
20665,621.0571
20666,472.90753
20667,308.82516
20668,233.67586
20669,183.35956
20670,145.8197
20671,130.65082
20672,125.62504
20673,127.32682
20674,153.16457
20675,128.71388
20676,115.1102
20677,174.34845
20678,139.97275
20679,79.588425
20680,33.066547
20681,7.107078
20682,5.597008
20683,5.072095
20684,5.597008
20685,2.5033476
20686,0.8668991
20687,0.8668991
20688,0.9515345
20689,-0.2672308
20690,-0.2672308
20691,-0.2672308
20692,-0.2672308
20693,-0.2672308
20694,0.91827506
20695,0.7585129
20696,1.0787861
20697,0.18966846
20698,0.28489238
20699,0.18081081
20700,0.21863502
20701,0.7018253
20702,1.6153152
20703,0.87010145
20704,0.6335476
20705,1.7480389
20706,0.48890436
20707,0.6440536
20708,1.853015
20709,0.7481351
20710,0.37263173
20711,0.20541826
20712,0.37263173
20713,0.039319854
20714,0.03264607
20715,0.11237416
20716,0.13672763
20717,0.2164557
20718,0.9433924
20719,0.9778259
20720,0.40355736
20721,0.5161158
20722,12.342608
20723,-0.4274612
20724,-0.09880757
20725,0.16950224
20726,0.16950224
20727,0.16950224
20728,1.534094
20729,41.210236
20730,2.5954802
20731,0.36804253
20732,-0.36014545
20733,0.19475734
20734,0.19475734
20735,0.36804253
20736,-0.46422702
20737,0.20797387
20738,0.20797387
20739,26.73236
20740,1.7662727
20741,27.796755
20742,-0.45101053
20743,0.7402961
20744,8.923642
20745,3.1573117
20746,6.435036
20747,0.84437764
20748,0.38125902
20749,0.36804253
20750,0.19475734
20751,15.307812
20752,6.8573437
20753,82.69884
20754,74.386284
20755,12.053118
20756,12.773765
20757,46.826008
20758,46.980034
20759,83.56395
20760,51.542904
20761,50.998367
20762,66.92831
20763,3.5745006
20764,112.412445
20765,150.29779
20766,96.803894
20767,134.59819
20768,114.37002
20769,124.71601
20770,127.11741
20771,115.19247
20772,78.67532
20773,158.52386
20774,144.05624
20775,117.69969
20776,94.76855
20777,54.040672
20778,78.675735
20779,79.54728
20780,129.76022
20781,161.80844
20782,135.77977
20783,263.2544
20784,258.73062
20785,278.2774
20786,257.96082
20787,216.86633
20788,241.99422
20789,217.79665
20790,266.49777
20791,222.72234
20792,329.91702
20793,403.86136
20794,400.45258
20795,526.76654
20796,611.01355
20797,405.82703
20798,311.51215
20799,315.58328
20800,355.02094
20801,355.90442
20802,306.2961
20803,271.91492
20804,237.71878
20805,142.40994
20806,128.26302
20807,90.562965
20808,95.95057
20809,46.47666
20810,37.406555
20811,44.769638
20812,103.55178
20813,80.26324
20814,102.52646
20815,137.32184
20816,193.88647
20817,202.88239
20818,311.3432
20819,475.09918
20820,392.0132
20821,219.92026
20822,192.35672
20823,166.04958
20824,186.51671
20825,207.24834
20826,292.0343
20827,413.724
20828,441.08417
20829,359.68787
20830,246.96346
20831,276.76233
20832,289.03168
20833,277.25278
20834,247.50069
20835,302.86508
20836,314.47113
20837,323.58313
20838,264.14145
20839,248.89117
20840,231.55917
20841,184.81067
20842,159.54007
20843,137.09259
20844,126.0724
20845,117.36262
20846,69.24193
20847,125.826904
20848,137.79427
20849,82.95849
20850,70.18095
20851,49.012985
20852,33.789658
20853,67.312256
20854,125.46298
20855,101.742714
20856,67.17436
20857,90.13049
20858,103.04942
20859,51.026375
20860,74.591774
20861,38.145256
20862,69.14817
20863,75.09234
20864,74.52172
20865,159.41336
20866,129.8651
20867,215.52151
20868,168.05742
20869,184.34828
20870,184.73698
20871,207.05872
20872,262.48416
20873,274.25955
20874,273.38507
20875,213.7652
20876,268.25742
20877,312.43442
20878,280.38342
20879,444.56992
20880,307.12125
20881,277.39682
20882,388.96613
20883,274.7862
20884,281.48837
20885,184.36017
20886,218.98558
20887,290.15146
20888,213.7672
20889,356.41296
20890,359.24988
20891,225.33548
20892,393.78128
20893,321.26654
20894,394.27017
20895,376.29285
20896,507.6522
20897,257.29657
20898,352.32446
20899,495.56107
20900,641.8695
20901,348.477
20902,541.83594
20903,733.05206
20904,525.31793
20905,631.35724
20906,458.1549
20907,519.0727
20908,543.3064
20909,423.37595
20910,324.88025
20911,485.00964
20912,571.2082
20913,280.28024
20914,671.8697
20915,383.53885
20916,558.78
20917,455.41122
20918,505.64468
20919,681.7546
20920,705.6129
20921,747.3808
20922,730.9647
20923,499.89844
20924,443.81998
20925,452.3539
20926,471.46155
20927,503.92218
20928,581.46124
20929,635.8262
20930,718.7479
20931,787.70044
20932,770.4569
20933,940.70746
20934,872.2888
20935,663.02985
20936,626.5876
20937,596.6785
20938,529.8909
20939,477.98172
20940,425.87662
20941,264.1165
20942,279.20148
20943,278.7048
20944,283.2828
20945,325.7105
20946,376.33832
20947,429.18823
20948,356.91684
20949,306.6591
20950,414.92184
20951,464.5871
20952,488.49002
20953,490.13333
20954,578.09796
20955,667.3698
20956,741.74207
20957,766.93646
20958,739.2377
20959,765.5243
20960,910.009
20961,873.864
20962,1061.2463
20963,816.4843
20964,1017.86255
20965,1095.662
20966,1159.6572
20967,1081.5713
20968,933.33887
20969,883.1218
20970,691.9133
20971,667.99036
20972,655.40216
20973,705.82837
20974,879.85376
20975,735.47076
20976,523.5053
20977,435.54492
20978,445.26395
20979,476.33316
20980,600.3951
20981,448.3933
20982,342.65335
20983,526.44556
20984,768.5719
20985,748.2227
20986,765.00543
20987,491.95737
20988,430.00656
20989,436.21826
20990,456.61182
20991,424.79617
20992,593.10974
20993,667.26447
20994,698.8806
20995,761.36005
20996,736.43555
20997,864.5876
20998,542.7388
20999,634.5297
21000,764.65497
21001,660.35156
21002,641.1042
21003,618.4431
21004,1092.8649
21005,1087.8955
21006,997.767
21007,950.98285
21008,945.0764
21009,869.9313
21010,705.7504
21011,427.98068
21012,101.15159
21013,422.35492
21014,382.79214
21015,503.49918
21016,470.01062
21017,609.89197
21018,544.11066
21019,713.79614
21020,544.4452
21021,495.00217
21022,327.0731
21023,455.7462
21024,495.4526
21025,491.25183
21026,422.49533
21027,518.9975
21028,430.52283
21029,264.96292
21030,347.15958
21031,392.82
21032,454.13864
21033,430.2438
21034,267.62906
21035,535.9567
21036,379.2264
21037,376.68512
21038,260.50217
21039,360.88373
21040,370.7089
21041,505.05804
21042,482.51398
21043,252.98193
21044,388.04608
21045,303.63638
21046,227.95445
21047,206.27376
21048,143.22212
21049,281.33496
21050,257.65466
21051,216.1347
21052,428.32687
21053,214.0307
21054,264.97882
21055,196.13618
21056,262.302
21057,305.4418
21058,367.16534
21059,467.95352
21060,369.03384
21061,396.41385
21062,435.3236
21063,512.12604
21064,340.55087
21065,420.10587
21066,326.87598
21067,277.4644
21068,364.62878
21069,478.5443
21070,517.0799
21071,511.5732
21072,540.81885
21073,389.9574
21074,290.1739
21075,372.56735
21076,388.4371
21077,370.9751
21078,349.57492
21079,361.6637
21080,246.29825
21081,304.78445
21082,480.4364
21083,311.339
21084,325.05875
21085,325.7078
21086,272.0815
21087,284.2364
21088,284.0061
21089,251.0779
21090,281.3936
21091,233.89937
21092,306.9682
21093,295.14178
21094,233.39812
21095,150.05191
21096,135.59094
21097,121.98548
21098,102.412674
21099,86.9138
21100,47.795624
21101,67.28483
21102,94.77038
21103,143.01991
21104,101.4291
21105,146.75589
21106,197.77069
21107,217.19388
21108,269.86044
21109,267.2406
21110,246.3088
21111,284.45053
21112,293.14835
21113,235.26389
21114,174.81833
21115,198.28175
21116,235.36797
21117,209.02298
21118,258.93097
21119,296.32117
21120,219.81677
21121,210.00934
21122,178.06732
21123,210.0981
21124,171.66098
21125,157.15579
21126,116.00239
21127,114.42364
21128,141.6237
21129,127.45307
21130,148.0732
21131,162.73727
21132,135.62434
21133,181.70802
21134,164.04271
21135,102.80205
21136,90.32282
21137,86.29691
21138,79.12362
21139,49.476875
21140,74.72435
21141,125.056725
21142,115.31563
21143,166.35568
21144,97.98058
21145,241.8089
21146,166.3648
21147,147.91498
21148,140.8753
21149,172.27197
21150,110.65778
21151,127.985886
21152,95.37055
21153,80.394
21154,94.60731
21155,61.428673
21156,37.056587
21157,-1.0448703
21158,0.8175951
21159,41.07865
21160,28.713497
21161,40.923714
21162,12.005962
21163,5.624224
21164,76.98593
21165,71.25595
21166,99.44077
21167,75.88085
21168,59.267517
21169,66.5907
21170,89.297134
21171,62.199875
21172,53.417587
21173,3.030252
21174,5.257797
21175,12.473946
21176,113.73736
21177,14.154054
21178,0.3194798
21179,7.2693505
21180,-2.3093905
21181,42.513584
21182,36.132805
21183,31.159052
21184,50.04472
21185,20.885534
21186,56.19117
21187,44.680733
21188,2.263033
21189,13.584457
21190,-2.2522035
21191,9.678241
21192,6.885689
21193,62.11676
21194,60.89148
21195,79.353676
21196,114.14108
21197,159.0776
21198,253.9529
21199,612.92065
21200,461.5291
21201,314.85352
21202,466.6672
21203,455.55774
21204,277.7971
21205,927.2032
21206,735.4997
21207,350.6886
21208,74.66043
21209,-0.720441
21210,319.25256
21211,646.5395
21212,167.5662
21213,-1.0404272
21214,-1.8292618
21215,0.40764552
21216,3.9903107
21217,30.035025
21218,79.51649
21219,121.089485
21220,193.35895
21221,206.29883
21222,193.54634
21223,159.76979
21224,121.88166
21225,110.49119
21226,100.71176
21227,111.36039
21228,117.765465
21229,133.53947
21230,138.39091
21231,160.59137
21232,138.65715
21233,191.10187
21234,267.0935
21235,227.00552
21236,191.10187
21237,169.61133
21238,195.7756
21239,160.40529
21240,116.19663
21241,228.98697
21242,259.7172
21243,243.27281
21244,201.06447
21245,169.71753
21246,176.07224
21247,219.22507
21248,248.8791
21249,284.10803
21250,370.20694
21251,392.99545
21252,321.84875
21253,366.8303
21254,336.39105
21255,482.9604
21256,345.01746
21257,323.8046
21258,176.32565
21259,103.86247
21260,77.02139
21261,84.21137
21262,70.32346
21263,71.06909
21264,26.819426
21265,35.14914
21266,35.833015
21267,13.701445
21268,49.430313
21269,18.852333
21270,37.96762
21271,83.84603
21272,19.64969
21273,-0.9575037
21274,-0.74383247
21275,48.636726
21276,76.20788
21277,55.911842
21278,12.246768
21279,0.3549194
21280,53.728676
21281,29.980211
21282,72.38577
21283,85.39608
21284,81.157906
21285,85.19278
21286,125.75071
21287,133.15321
21288,175.58765
21289,97.63901
21290,96.582535
21291,95.78694
21292,64.226
21293,114.23189
21294,70.300446
21295,126.63525
21296,148.27579
21297,131.365
21298,139.51433
21299,130.10762
21300,68.14302
21301,13.747351
21302,66.59311
21303,101.86506
21304,143.22215
21305,73.02025
21306,52.285583
21307,48.55243
21308,20.169308
21309,-1.7900411
21310,55.829193
21311,3.9129229
21312,57.015564
21313,36.925896
21314,48.183647
21315,32.787296
21316,18.031046
21317,80.28213
21318,53.07258
21319,86.482414
21320,89.136444
21321,99.39384
21322,93.47256
21323,69.499054
21324,50.374413
21325,29.239357
21326,19.652514
21327,33.417374
21328,23.256237
21329,6.5894017
21330,14.010045
21331,56.970917
21332,47.728065
21333,72.15626
21334,109.98723
21335,123.00259
21336,119.57477
21337,161.44331
21338,125.3735
21339,162.87256
21340,153.7878
21341,108.529915
21342,76.153206
21343,61.011078
21344,89.05508
21345,104.43189
21346,157.46419
21347,198.43082
21348,147.07211
21349,136.9328
21350,124.470795
21351,176.1099
21352,184.44693
21353,180.77359
21354,188.54498
21355,220.25389
21356,274.3965
21357,328.926
21358,419.64716
21359,538.1644
21360,642.6224
21361,629.60815
21362,795.3613
21363,829.5271
21364,683.4106
21365,676.5489
21366,560.3426
21367,560.16986
21368,713.1458
21369,848.3108
21370,814.88934
21371,876.3638
21372,1049.502
21373,1122.6277
21374,969.29425
21375,931.03394
21376,798.453
21377,772.721
21378,763.5854
21379,587.2455
21380,538.2927
21381,475.04883
21382,439.42377
21383,496.45245
21384,421.17432
21385,283.43262
21386,405.53836
21387,455.93076
21388,402.8524
21389,316.54626
21390,745.0637
21391,714.5576
21392,392.3847
21393,140.38411
21394,276.48666
21395,318.08893
21396,429.37476
21397,335.7531
21398,130.1209
21399,168.64949
21400,168.92787
21401,124.26772
21402,112.251076
21403,165.48149
21404,215.68748
21405,119.34832
21406,38.408676
21407,64.53599
21408,68.704445
21409,72.720604
21410,84.595116
21411,96.70115
21412,117.06814
21413,165.07394
21414,134.20096
21415,90.22204
21416,133.27866
21417,40.909172
21418,52.622826
21419,161.93083
21420,111.06167
21421,173.6299
21422,183.80193
21423,99.1706
21424,226.1644
21425,285.56192
21426,360.987
21427,364.70627
21428,407.9087
21429,575.8441
21430,605.556
21431,400.4785
21432,387.62277
21433,768.92883
21434,953.757
21435,813.3297
21436,973.126
21437,923.4067
21438,536.7487
21439,522.9704
21440,604.2324
21441,777.474
21442,524.9526
21443,465.31845
21444,670.07477
21445,812.6651
21446,735.46826
21447,677.4067
21448,501.4247
21449,281.38864
21450,454.4234
21451,549.0394
21452,548.9934
21453,459.28662
21454,527.49005
21455,619.0381
21456,622.0176
21457,384.98788
21458,487.1311
21459,305.17392
21460,316.12222
21461,351.5613
21462,252.25653
21463,194.6881
21464,152.8953
21465,126.89906
21466,93.92986
21467,137.9893
21468,65.16534
21469,218.51765
21470,293.3902
21471,378.66833
21472,340.85477
21473,227.44353
21474,282.00455
21475,333.51443
21476,212.40343
21477,177.28897
21478,327.67648
21479,467.5652
21480,536.83563
21481,452.9386
21482,339.78674
21483,340.2149
21484,389.87054
21485,417.97388
21486,497.25735
21487,447.7675
21488,405.66013
21489,247.71283
21490,214.31633
21491,162.5383
21492,180.03374
21493,299.06384
21494,404.59784
21495,382.92282
21496,365.98605
21497,355.7053
21498,382.12222
21499,461.5555
21500,480.3579
21501,519.1501
21502,495.9362
21503,528.055
21504,539.2273
21505,642.69965
21506,692.66284
21507,812.2693
21508,860.25385
21509,714.4394
21510,562.9275
21511,517.9562
21512,498.8805
21513,458.62076
21514,389.23264
21515,187.0973
21516,104.59446
21517,144.4879
21518,113.13319
21519,91.903656
21520,139.34123
21521,307.12952
21522,350.1289
21523,242.59988
21524,156.67485
21525,209.22682
21526,232.13695
21527,236.1756
21528,447.3735
21529,466.62842
21530,411.52612
21531,300.48276
21532,221.13664
21533,243.67952
21534,227.47258
21535,188.45541
21536,147.44661
21537,128.85225
21538,178.85326
21539,135.43388
21540,10.726674
21541,19.214373
21542,19.029188
21543,50.578945
21544,255.20444
21545,297.9644
21546,222.99922
21547,186.32588
21548,174.1165
21549,192.12282
21550,172.04475
21551,164.05385
21552,221.81355
21553,116.30226
21554,198.75754
21555,203.9144
21556,226.7686
21557,265.26718
21558,225.2494
21559,212.73611
21560,338.3681
21561,315.8863
21562,453.5816
21563,380.1168
21564,327.4221
21565,340.2689
21566,216.02379
21567,204.78827
21568,196.1477
21569,208.14955
21570,290.04874
21571,279.96588
21572,161.02159
21573,430.46127
21574,364.60214
21575,246.26564
21576,144.55573
21577,179.03706
21578,220.4753
21579,236.64664
21580,186.13982
21581,315.02826
21582,383.3419
21583,315.91956
21584,274.58228
21585,269.3575
21586,336.8777
21587,485.34848
21588,475.50067
21589,456.8658
21590,377.27106
21591,326.80597
21592,297.56067
21593,232.76619
21594,236.76433
21595,262.2547
21596,207.7805
21597,357.11923
21598,267.80563
21599,222.65521
21600,265.04214
21601,184.77191
21602,134.98671
21603,173.68253
21604,196.52162
21605,124.43835
21606,320.79254
21607,221.00513
21608,374.35648
21609,204.37355
21610,206.61436
21611,405.45532
21612,230.99513
21613,288.1747
21614,141.53633
21615,73.20718
21616,136.51045
21617,112.285576
21618,166.08113
21619,149.90308
21620,207.8906
21621,246.9315
21622,176.0362
21623,103.20104
21624,38.33124
21625,48.896133
21626,28.161716
21627,23.857721
21628,44.062637
21629,43.545338
21630,77.281105
21631,133.62802
21632,104.823975
21633,166.787
21634,211.32733
21635,211.4543
21636,235.20627
21637,229.98454
21638,176.03366
21639,198.84265
21640,353.88525
21641,377.02164
21642,304.04156
21643,316.18878
21644,279.0775
21645,274.92105
21646,384.81213
21647,323.23
21648,287.96136
21649,330.40952
21650,300.79684
21651,370.1523
21652,440.6728
21653,369.89587
21654,332.3146
21655,271.74487
21656,273.31738
21657,293.95682
21658,441.7468
21659,482.67868
21660,405.85547
21661,324.56302
21662,315.49704
21663,316.42834
21664,287.7319
21665,216.97365
21666,181.18579
21667,146.69315
21668,150.91783
21669,170.10464
21670,220.52922
21671,215.94574
21672,202.45673
21673,249.33257
21674,160.2984
21675,83.39829
21676,63.45806
21677,60.474182
21678,91.72445
21679,119.60561
21680,133.26811
21681,152.27919
21682,142.95038
21683,103.44042
21684,45.945824
21685,39.033318
21686,19.853693
21687,29.293018
21688,1.5744536
21689,0.61908877
21690,0.27845317
21691,0.47079092
21692,0.47079092
21693,0.35065597
21694,0.24657446
21695,0.33708376
21696,0.3662637
21697,0.26218218
21698,0.5502741
21699,1.6797298
21700,1.4320009
21701,1.3051561
21702,1.2984823
21703,0.9778259
21704,0.9433924
21705,0.4498106
21706,0.4498106
21707,0.9374567
21708,1.1107421
21709,0.30241835
21710,0.30241835
21711,-0.52985173
21712,-0.52985173
21713,-0.42577013
21714,0.30241835
21715,-0.52985173
21716,0.30241835
21717,0.30241835
21718,-0.4877271
21719,0.20797387
21720,-0.6069756
21721,-0.45101053
21722,21.711124
21723,6.7103
21724,-0.45101053
21725,0.33096236
21726,25.357601
21727,5.0656457
21728,-0.6069756
21729,-0.24057405
21730,-0.50289404
21731,1.5815166
21732,15.314096
21733,6.2178116
21734,0.45022437
21735,26.94424
21736,66.91136
21737,9.4202385
21738,-0.6069756
21739,17.293062
21740,18.32523
21741,-0.117585406
21742,-1.0294086
21743,-0.24057405
21744,70.355064
21745,162.83641
21746,77.33722
21747,143.82785
21748,119.1938
21749,89.09839
21750,67.341995
21751,14.5869665
21752,66.28178
21753,35.707687
21754,55.51998
21755,38.19272
21756,62.064873
21757,95.91541
21758,69.10893
21759,77.08389
21760,85.91372
21761,50.69163
21762,41.000328
21763,19.275219
21764,43.832153
21765,61.098705
21766,80.19667
21767,56.642906
21768,19.67582
21769,49.74139
21770,102.79554
21771,113.90277
21772,113.90277
21773,134.0808
21774,166.7269
21775,153.03651
21776,202.51605
21777,207.7373
21778,211.85246
21779,225.16678
21780,215.10031
21781,237.13457
21782,177.51392
21783,174.26492
21784,204.94275
21785,210.22295
21786,236.07625
21787,212.07088
21788,210.54555
21789,165.09021
21790,97.09317
21791,114.43423
21792,97.14671
21793,62.82714
21794,76.58838
21795,107.64152
21796,116.84918
21797,139.43184
21798,174.34625
21799,134.69812
21800,82.564606
21801,135.62674
21802,150.42883
21803,88.13691
21804,79.82957
21805,88.170105
21806,67.68849
21807,63.10865
21808,52.189995
21809,57.58072
21810,36.038498
21811,56.60604
21812,51.914925
21813,39.60646
21814,51.346214
21815,58.361053
21816,48.065506
21817,33.907173
21818,10.747057
21819,9.728504
21820,4.723662
21821,18.81894
21822,15.6536455
21823,14.815367
21824,14.145359
21825,14.24944
21826,17.414736
21827,4.644418
21828,3.4833012
21829,4.7453504
21830,5.9129105
21831,4.265349
21832,3.78116
21833,6.164933
21834,6.102087
21835,1.5747535
21836,1.5747535
21837,1.5747535
21838,1.5747535
21839,1.6797298
21840,1.4083079
21841,1.0915014
21842,0.9374567
21843,0.9374567
21844,0.3976217
21845,0.484244
21846,0.9778259
21847,0.43799087
21848,0.484244
21849,0.9778259
21850,0.9778259
21851,0.484244
21852,0.484244
21853,0.43799087
21854,0.43799087
21855,0.43799087
21856,0.16950224
21857,0.16950224
21858,0.16950224
21859,0.16950224
21860,0.16950224
21861,-0.080956385
21862,0.16950224
21863,0.12913306
21864,-0.12132549
21865,-0.12132549
21866,-0.73273844
21867,-0.73273844
21868,-0.73273844
21869,-0.6923694
21870,-0.080956385
21871,-0.080956385
21872,0.09232886
21873,0.09232886
21874,0.09232886
21875,-0.6538256
21876,-0.6538256
21877,-0.549744
21878,-0.080956385
21879,-0.080956385
21880,-0.6538256
21881,0.09232886
21882,-0.6538256
21883,-1.2652388
21884,-1.2652388
21885,-1.5823545
21886,-0.8361999
21887,-2.0024498
21888,-1.0094851
21889,-2.471238
21890,-1.0094851
21891,-1.0094851
21892,-2.0024498
21893,-1.8096734
21894,-1.6363881
21895,-2.3825428
21896,-2.3825428
21897,-1.3895781
21898,-1.3895781
21899,-1.5127329
21900,-1.0439451
21901,-1.0439451
21902,-1.0439451
21903,-2.0713432
21904,-2.0713432
21905,-2.4107046
21906,-2.4107046
21907,-2.4107046
21908,-2.4107046
21909,-2.4107046
21910,-2.3762708
21911,-2.7026296
21912,-1.3925492
21913,-1.0841752
21914,-1.3540056
21915,-0.9440892
21916,-0.28513664
21917,0.3779286
21918,-0.9440892
21919,-0.84000766
21920,-0.61543554
21921,-0.84000766
21922,0.24721777
21923,48.843185
21924,69.80412
21925,78.287964
21926,66.28254
21927,65.4224
21928,58.512604
21929,78.00562
21930,77.210045
21931,70.310616
21932,59.942337
21933,45.938354
21934,57.344498
21935,51.800903
21936,26.04143
21937,47.79731
21938,81.15614
21939,69.80811
21940,68.392555
21941,55.355824
21942,68.30286
21943,24.771187
21944,15.663973
21945,37.97545
21946,13.0911
21947,-0.13254917
21948,-0.13254917
21949,-0.13254917
21950,-0.13254917
21951,-0.672384
21952,-1.4934258
21953,-1.2423766
21954,-0.24804968
21955,0.08721089
21956,0.7699706
21957,-0.37508172
21958,-0.34064817
21959,0.15293342
21960,0.15293342
21961,0.868789
21962,0.5855093
21963,12.119128
21964,19.132504
21965,3.7700124
21966,9.982155
21967,57.955383
21968,37.486343
21969,21.721846
21970,35.1558
21971,3.1516142
21972,3.5352933
21973,3.5352933
21974,3.193006
21975,0.24089208
21976,0.66753745
21977,0.18195735
21978,0.01368127
21979,-0.15867794
21980,0.26375496
21981,0.39641845
21982,-0.48602465
21983,-0.99798596
21984,0.0751854
21985,0.0751854
21986,-0.83509845
21987,-0.5918687
21988,-0.5918687
21989,3.2535563
21990,13.438272
21991,13.610948
21992,9.035082
21993,4.607003
21994,-0.36902294
21995,0.45976132
21996,0.45976132
21997,68.95455
21998,45.8975
21999,2.8632104
22000,1.5853958
22001,38.484734
22002,17.653214
22003,44.88424
22004,-1.1802205
22005,107.87865
22006,246.0133
22007,326.18655
22008,348.14832
22009,181.85312
22010,194.92853
22011,18.019457
22012,6.9322615
22013,104.33306
22014,95.258896
22015,-0.4770436
22016,-0.2833372
22017,0.18784271
22018,1.0974371
22019,1.0974371
22020,306.97168
22021,397.1376
22022,219.49951
22023,39.83989
22024,5.152117
22025,-0.07224055
22026,-0.124222055
22027,-0.124222055
22028,1.012878
22029,97.95363
22030,478.32928
22031,885.5082
22032,805.83777
22033,666.78094
22034,457.86093
22035,241.8494
22036,63.25788
22037,0.5944567
22038,0.40075028
22039,0.40075028
22040,0.40075028
22041,0.40075028
22042,0.40075028
22043,-0.12812772
22044,-0.12812772
22045,0.3044483
22046,-0.73428935
22047,-0.73428935
22048,-0.73428935
22049,-0.61773044
22050,0.7042877
22051,2.4662402
22052,35.179916
22053,42.949646
22054,194.56944
22055,243.04898
22056,138.46901
22057,107.21632
22058,142.49327
22059,46.594723
22060,3.1923862
22061,-0.5827554
22062,-0.19907615
22063,-0.37236136
22064,-0.37236136
22065,-0.37236136
22066,-0.33792782
22067,-0.33792782
22068,-0.33792782
22069,-0.023185983
22070,0.90297234
22071,-0.5581979
22072,0.00244857
22073,-1.0980333
22074,-1.3665222
22075,-1.3665222
22076,-1.3665222
22077,-1.3665222
22078,-1.0980333
22079,-1.0980333
22080,-1.0980333
22081,-1.0980333
22082,-1.3665222
22083,-1.1324667
22084,-0.62964875
22085,77.690636
22086,105.45877
22087,94.48461
22088,47.74232
22089,5.6732554
22090,0.43596256
22091,0.37185502
22092,0.37185502
22093,0.37185502
22094,0.37185502
22095,0.51922596
22096,0.51922596
22097,0.2658708
22098,0.2658708
22099,0.2658708
22100,0.72910976
22101,56.523838
22102,80.617035
22103,50.544056
22104,57.819466
22105,68.62394
22106,88.95702
22107,148.3461
22108,139.45587
22109,126.429276
22110,81.24267
22111,86.96872
22112,105.871414
22113,210.60994
22114,220.67575
22115,95.69884
22116,81.67057
22117,134.97514
22118,47.949097
22119,36.225838
22120,22.739885
22121,7.1455364
22122,1.9194956
22123,1.9194956
22124,1.4015535
22125,1.0808971
22126,1.2541825
22127,1.1107421
22128,0.3976217
22129,0.3976217
22130,0.57090694
22131,0.04259961
22132,-0.123149395
22133,-0.7693619
22134,34.311855
22135,94.15712
22136,61.841473
22137,33.13413
22138,12.7867565
22139,-0.8734435
22140,-0.54478985
22141,0.20797387
22142,0.20797387
22143,-0.7693619
22144,5.225527
22145,33.604786
22146,47.122833
22147,67.17745
22148,79.461235
22149,72.81282
22150,186.41046
22151,159.98274
22152,155.38506
22153,89.662964
22154,64.722664
22155,100.85425
22156,169.25893
22157,159.1996
22158,193.40927
22159,62.57809
22160,102.40672
22161,90.755806
22162,146.14691
22163,84.659065
22164,72.56685
22165,85.527794
22166,129.5595
22167,245.97078
22168,254.65959
22169,247.35606
22170,268.61636
22171,52.251736
22172,98.35095
22173,123.938484
22174,104.40531
22175,72.98336
22176,92.80978
22177,34.2368
22178,20.135637
22179,47.852596
22180,22.709618
22181,129.93163
22182,200.14896
22183,87.53243
22184,28.914516
22185,44.795513
22186,119.8445
22187,95.99361
22188,111.26782
22189,88.23436
22190,44.333115
22191,44.905716
22192,43.321754
22193,24.422194
22194,4.9576364
22195,1.3818976
22196,-0.14541544
22197,6.003609
22198,17.379667
22199,10.023355
22200,15.281752
22201,14.775964
22202,9.496469
22203,8.496041
22204,77.71266
22205,188.48033
22206,220.37982
22207,244.83304
22208,548.4936
22209,531.42975
22210,371.63568
22211,163.94914
22212,62.617264
22213,145.6887
22214,275.60358
22215,335.43637
22216,435.5334
22217,865.3761
22218,793.89087
22219,513.8655
22220,377.36206
22221,452.51028
22222,549.8658
22223,369.27637
22224,264.37842
22225,298.5803
22226,499.17526
22227,724.40936
22228,1026.9583
22229,777.5345
22230,675.10846
22231,451.61502
22232,571.7285
22233,486.60724
22234,717.74286
22235,572.50085
22236,1390.1146
22237,1088.5044
22238,1009.79425
22239,937.4098
22240,394.47324
22241,614.7199
22242,1138.5986
22243,1079.8009
22244,862.31726
22245,656.6504
22246,823.0447
22247,702.8113
22248,574.8557
22249,720.93756
22250,857.34906
22251,805.75134
22252,943.7595
22253,1066.6124
22254,1114.6049
22255,1054.7986
22256,853.02515
22257,864.6966
22258,551.77203
22259,673.86176
22260,714.3355
22261,604.9044
22262,689.5644
22263,631.2309
22264,671.3943
22265,458.88177
22266,559.8734
22267,379.27744
22268,683.1622
22269,564.4803
22270,510.67557
22271,537.8641
22272,903.56696
22273,536.3978
22274,452.19626
22275,680.5838
22276,568.6373
22277,347.9424
22278,345.88568
22279,410.24536
22280,273.43634
22281,452.0053
22282,300.03345
22283,243.06668
22284,94.779594
22285,90.31019
22286,94.3566
22287,150.78745
22288,159.81349
22289,205.54341
22290,157.22954
22291,107.84554
22292,99.40471
22293,179.62169
22294,123.04029
22295,73.20224
22296,145.17677
22297,249.65985
22298,222.78352
22299,138.95238
22300,144.52084
22301,134.87396
22302,184.63982
22303,217.52551
22304,251.13983
22305,52.032413
22306,133.17798
22307,129.53503
22308,124.23908
22309,18.01566
22310,127.64447
22311,51.65724
22312,27.909914
22313,39.627422
22314,44.310055
22315,63.06483
22316,13.41488
22317,25.000483
22318,58.65939
22319,40.331894
22320,70.73911
22321,136.81444
22322,15.444821
22323,32.47318
22324,74.20781
22325,5.6962004
22326,1.7267278
22327,1.9000454
22328,1.6286237
22329,1.7267603
22330,1.9000454
22331,1.4561362
22332,1.2422892
22333,1.2422892
22334,15.948265
22335,31.001762
22336,27.686485
22337,5.1309223
22338,0.6727935
22339,0.6727935
22340,0.6727935
22341,0.6727935
22342,0.776875
22343,0.03737488
22344,0.112276465
22345,-0.00044911914
22346,1.6650773
22347,1.208512
22348,1.208512
22349,1.4007374
22350,1.4007374
22351,1.4007374
22352,1.227452
22353,1.6840174
22354,1.6840174
22355,1.812119
22356,1.812119
22357,1.3555536
22358,1.3555536
22359,1.4318848
22360,1.4318848
22361,1.4250627
22362,1.4250627
22363,0.88631636
22364,0.38938674
22365,0.38938674
22366,0.38938674
22367,0.09102827
22368,0.09102827
22369,0.09102827
22370,0.09102827
22371,0.09102827
22372,0.09102827
22373,0.08714911
22374,28.124588
22375,109.80713
22376,119.5802
22377,91.094696
22378,10.812793
22379,6.569734
22380,19.514236
22381,18.568798
22382,37.895557
22383,4.523242
22384,-0.15020297
22385,0.15367275
22386,0.15367275
22387,0.24192867
22388,0.24192867
22389,0.24192867
22390,0.24192867
22391,0.06402069
22392,0.06402069
22393,0.06402069
22394,0.06402069
22395,-0.024235127
22396,-0.024235127
22397,-0.024235127
22398,-0.024235127
22399,-0.024235127
22400,0.010198409
22401,0.010198409
22402,0.010198409
22403,0.1083568
22404,0.1083568
22405,0.1083568
22406,0.1083568
22407,0.19661267
22408,0.19661267
22409,0.5505897
22410,0.5505897
22411,0.45008573
22412,0.45008573
22413,0.45008573
22414,0.45008573
22415,0.42786947
22416,0.42786947
22417,0.42786947
22418,0.42786947
22419,0.42786947
22420,0.46569362
22421,0.46569362
22422,0.46569362
22423,1.5013696
22424,1.5013696
22425,1.5013696
22426,1.5013696
22427,1.5013696
22428,1.466936
22429,1.4263743
22430,1.466936
22431,1.5013696
22432,0.15371008
22433,0.6440536
22434,1.6797298
22435,1.6797298
22436,1.0915014
22437,0.20541826
22438,0.19874445
22439,0.87258
22440,0.6841014
22441,0.71853495
22442,0.6841014
22443,8.208831
22444,34.713104
22445,0.57090694
22446,-0.21510968
22447,0.06729075
22448,-0.2613628
22449,-0.15728122
22450,0.57090694
22451,0.025117401
22452,-0.51471794
22453,-0.51471794
22454,-0.41063637
22455,7.5737977
22456,-0.78320694
22457,-0.124222055
22458,-0.124222055
22459,0.04906321
22460,10.913022
22461,4.096092
22462,-0.2738179
22463,60.370434
22464,0.37443691
22465,33.5985
22466,2.6615632
22467,0.4131906
22468,0.37443691
22469,-0.33707523
22470,0.3219096
22471,30.361208
22472,4.707346
22473,-0.33707523
22474,0.77847505
22475,51.811394
22476,42.71636
22477,39.7849
22478,4.9144206
22479,0.5100758
22480,2.3281732
22481,1.2372311
22482,1.1852496
22483,1.1852496
22484,1.1852496
22485,1.3326206
22486,1.3326206
22487,0.6177672
22488,26.041756
22489,100.58165
22490,105.1928
22491,125.84157
22492,179.40439
22493,232.12975
22494,248.07303
22495,282.54196
22496,301.63492
22497,305.4639
22498,470.14383
22499,623.17786
22500,759.4582
22501,660.1476
22502,514.022
22503,553.43365
22504,663.1447
22505,596.03973
22506,672.3204
22507,699.5027
22508,690.605
22509,547.3353
22510,564.53375
22511,597.13574
22512,691.18524
22513,562.17834
22514,628.28394
22515,607.00494
22516,659.64496
22517,731.7928
22518,973.6287
22519,885.4593
22520,721.83673
22521,665.86993
22522,640.4436
22523,631.26404
22524,741.59
22525,710.0138
22526,672.472
22527,639.318
22528,678.65857
22529,680.31415
22530,648.0592
22531,637.0539
22532,667.1289
22533,613.41595
22534,622.4314
22535,798.0525
22536,1158.3878
22537,1069.8279
22538,1228.6327
22539,977.7197
22540,1222.7937
22541,1363.3807
22542,1006.4505
22543,866.5646
22544,803.8478
22545,879.8692
22546,879.29016
22547,1152.3444
22548,1081.3812
22549,892.35834
22550,956.23267
22551,1097.7811
22552,1107.5631
22553,1144.3173
22554,1298.478
22555,1395.3319
22556,1013.8227
22557,939.31067
22558,1133.9435
22559,1687.8959
22560,893.96436
22561,1149.4904
22562,1330.477
22563,947.14374
22564,1180.3043
22565,1502.195
22566,1796.1885
22567,1715.0903
22568,1951.3739
22569,1538.3418
22570,1773.9056
22571,1682.2565
22572,1708.5872
22573,1722.1329
22574,1289.5293
22575,1538.7144
22576,1224.5955
22577,919.2562
22578,1441.658
22579,1427.4198
22580,1394.5642
22581,1473.0576
22582,1439.2905
22583,946.83563
22584,1285.0468
22585,1386.0001
22586,1721.1588
22587,1475.1147
22588,1745.606
22589,1877.9519
22590,1865.505
22591,1801.2914
22592,1817.0253
22593,1559.7947
22594,1477.9036
22595,1808.4413
22596,1705.7635
22597,1499.3628
22598,1683.4033
22599,1891.0991
22600,1927.7817
22601,1926.3019
22602,1507.722
22603,1331.5641
22604,1455.2937
22605,1517.1179
22606,1925.941
22607,1026.7626
22608,543.71826
22609,398.13306
22610,429.70712
22611,547.97003
22612,977.94116
22613,975.0286
22614,525.17017
22615,695.07434
22616,298.3007
22617,152.3865
22618,239.52943
22619,388.02094
22620,526.8575
22621,585.6312
22622,608.2636
22623,590.7716
22624,620.94904
22625,545.106
22626,623.2788
22627,671.778
22628,742.6145
22629,787.1032
22630,1059.6451
22631,892.77234
22632,488.02185
22633,365.57675
22634,321.57986
22635,246.03148
22636,98.175255
22637,125.00907
22638,155.37303
22639,57.537613
22640,37.065796
22641,5.2897635
22642,1.2872964
22643,17.10274
22644,147.64772
22645,297.26785
22646,320.43118
22647,480.32388
22648,570.6656
22649,633.5839
22650,697.5365
22651,906.2978
22652,1121.236
22653,1040.696
22654,1189.2457
22655,1216.2463
22656,1361.4316
22657,1281.091
22658,1133.2874
22659,1184.7869
22660,1231.5933
22661,1074.6263
22662,1005.11456
22663,1141.434
22664,1112.3585
22665,1084.3046
22666,1160.8179
22667,1148.1279
22668,948.9037
22669,925.5299
22670,840.4998
22671,816.65283
22672,744.70776
22673,747.76904
22674,636.4195
22675,685.0643
22676,750.4127
22677,620.852
22678,609.14954
22679,514.84357
22680,667.29175
22681,576.55865
22682,634.059
22683,708.2893
22684,567.9009
22685,788.2513
22686,793.7927
22687,900.13464
22688,655.2265
22689,574.7447
22690,585.0501
22691,696.66113
22692,644.66327
22693,529.5837
22694,378.28574
22695,473.6064
22696,768.5668
22697,848.10034
22698,654.81934
22699,1122.1522
22700,915.0132
22701,573.6889
22702,929.932
22703,930.28674
22704,1193.323
22705,1079.5784
22706,1331.1635
22707,1414.8187
22708,1138.6409
22709,1224.6676
22710,1327.5055
22711,1164.1893
22712,1141.7288
22713,1379.1832
22714,846.1661
22715,884.5085
22716,1321.2411
22717,1502.0216
22718,876.23083
22719,1106.434
22720,1794.2986
22721,1330.8347
22722,1209.4741
22723,1303.7385
22724,1667.958
22725,1226.606
22726,1731.2906
22727,1191.6222
22728,586.8859
22729,1019.02124
22730,1051.9471
22731,1232.0392
22732,1281.0518
22733,753.99567
22734,1072.1737
22735,1069.6962
22736,523.748
22737,458.64447
22738,440.88467
22739,473.8198
22740,851.66516
22741,534.03217
22742,958.85474
22743,689.71814
22744,969.7005
22745,803.8534
22746,834.6671
22747,564.20685
22748,1035.5507
22749,1033.1766
22750,1045.5743
22751,455.34445
22752,343.78848
22753,410.2658
22754,315.67578
22755,475.5419
22756,270.68774
22757,631.94196
22758,371.51675
22759,245.5267
22760,438.25107
22761,515.9019
22762,408.9764
22763,356.58844
22764,331.8877
22765,352.30127
22766,330.77795
22767,347.25104
22768,364.04935
22769,217.51607
22770,180.01566
22771,166.97255
22772,209.4584
22773,225.526
22774,211.20404
22775,204.85591
22776,144.55823
22777,88.36723
22778,57.71682
22779,75.3046
22780,62.84978
22781,74.76361
22782,161.79213
22783,199.30132
22784,188.06499
22785,185.48538
22786,213.08296
22787,274.96942
22788,223.6991
22789,275.1938
22790,332.12827
22791,318.198
22792,318.37128
22793,279.88565
22794,238.55214
22795,203.14087
22796,224.42398
22797,224.16672
22798,298.89438
22799,286.47983
22800,244.68628
22801,192.16818
22802,260.76523
22803,293.8589
22804,212.56732
22805,226.07872
22806,233.24106
22807,201.22601
22808,232.63559
22809,244.46156
22810,214.86618
22811,267.25742
22812,263.64896
22813,247.10782
22814,286.68445
22815,304.25836
22816,311.85107
22817,295.79486
22818,261.09543
22819,220.45467
22820,137.94643
22821,49.60357
22822,50.292496
22823,155.25659
22824,133.3031
22825,152.40176
22826,134.66302
22827,108.30159
22828,139.73282
22829,225.7644
22830,129.87698
22831,144.85703
22832,177.65096
22833,200.29417
22834,197.3064
22835,203.51912
22836,225.8323
22837,115.60211
22838,143.99728
22839,53.62475
22840,138.15413
22841,104.32791
22842,110.40862
22843,139.36046
22844,140.01297
22845,109.41163
22846,178.52806
22847,169.06682
22848,106.47389
22849,25.277157
22850,19.334038
22851,6.506578
22852,67.20903
22853,51.032364
22854,107.1881
22855,162.86229
22856,132.7515
22857,245.46252
22858,148.57343
22859,209.72992
22860,93.02725
22861,287.4633
22862,233.60956
22863,217.64
22864,163.03778
22865,97.99465
22866,133.6899
22867,171.40001
22868,166.33508
22869,181.91158
22870,222.00096
22871,170.63654
22872,142.36288
22873,157.68228
22874,104.56821
22875,162.63336
22876,227.01389
22877,128.23744
22878,111.85444
22879,90.1185
22880,164.98781
22881,169.02795
22882,99.71178
22883,101.330956
22884,98.45746
22885,79.145454
22886,125.09031
22887,193.28278
22888,181.73444
22889,153.20917
22890,156.79767
22891,103.555214
22892,103.555214
22893,158.27385
22894,202.73416
22895,288.5256
22896,216.61119
22897,135.16205
22898,278.4457
22899,309.72565
22900,245.09111
22901,258.55304
22902,272.047
22903,390.0825
22904,451.00534
22905,346.17416
22906,210.59966
22907,331.15286
22908,435.7204
22909,469.5474
22910,551.6908
22911,708.9343
22912,1040.6211
22913,851.9915
22914,683.339
22915,615.8486
22916,754.564
22917,473.86224
22918,412.10138
22919,680.5804
22920,825.15607
22921,740.6309
22922,734.8867
22923,867.77216
22924,1101.4607
22925,1141.4032
22926,1109.2258
22927,1116.4716
22928,1101.2648
22929,725.99445
22930,699.9031
22931,677.229
22932,746.63525
22933,685.5044
22934,1066.5016
22935,961.7273
22936,925.11865
22937,813.84686
22938,1143.3102
22939,1405.0066
22940,1219.7295
22941,1019.3795
22942,848.8859
22943,515.3845
22944,279.9254
22945,230.3221
22946,16.113396
22947,34.723186
22948,38.05234
22949,113.25525
22950,231.25208
22951,266.93854
22952,322.60355
22953,369.62302
22954,98.858604
22955,204.11346
22956,119.00384
22957,86.29392
22958,106.99869
22959,242.80019
22960,247.99161
22961,191.26317
22962,195.27315
22963,173.50414
22964,229.51611
22965,607.0961
22966,463.6445
22967,353.7635
22968,525.286
22969,382.88367
22970,468.36496
22971,506.99863
22972,251.74315
22973,223.7552
22974,110.46252
22975,61.283947
22976,212.84917
22977,131.39447
22978,46.774227
22979,73.31154
22980,40.163208
22981,11.628316
22982,6.1161904
22983,10.9804
22984,81.05455
22985,166.39417
22986,356.08557
22987,357.3892
22988,353.99826
22989,218.30234
22990,1003.2142
22991,632.4721
22992,422.0691
22993,279.75897
22994,340.2067
22995,508.22037
22996,520.47784
22997,681.2912
22998,733.9169
22999,800.5475
23000,964.06665
23001,608.7134
23002,671.5571
23003,775.7955
23004,907.4963
23005,942.01794
23006,1176.308
23007,1023.31586
23008,1089.3234
23009,1382.3783
23010,1032.038
23011,1197.5422
23012,781.3294
23013,666.4251
23014,694.3854
23015,1115.6023
23016,1035.0034
23017,604.12994
23018,338.97424
23019,409.52896
23020,384.6098
23021,254.47969
23022,364.3003
23023,398.16684
23024,470.27173
23025,423.35788
23026,430.39417
23027,348.6675
23028,264.96082
23029,349.23743
23030,363.14096
23031,450.4466
23032,454.69156
23033,423.51334
23034,177.7135
23035,45.105293
23036,9.577473
23037,9.174338
23038,33.902462
23039,36.097168
23040,9.048494
23041,4.249224
23042,4.0950856
23043,5.6116505
23044,1.0843179
23045,1.0843179
23046,1.2576033
23047,1.2576033
23048,1.2576033
23049,1.2576033
23050,-0.37379092
23051,-0.37379092
23052,0.048642006
23053,0.048642006
23054,-1.4412624
23055,0.048642006
23056,0.08307552
23057,0.08307552
23058,-1.1610142
23059,-1.1610142
23060,-1.1610142
23061,-1.1610142
23062,-1.1610142
23063,-1.1610142
23064,0.0676533
23065,-1.1925143
23066,0.0676533
23067,0.0676533
23068,0.48978502
23069,1.3293146
23070,-1.1925143
23071,1.206326
23072,1.206326
23073,-1.1925143
23074,-1.1925143
23075,-1.1925143
23076,1.3796114
23077,-1.1925143
23078,1.7983524
23079,-0.6553901
23080,-0.6553901
23081,27.742989
23082,88.91822
23083,-0.55723166
23084,-0.55723166
23085,-0.55723166
23086,79.45482
23087,63.02108
23088,-0.23513356
23089,90.77076
23090,-0.23513356
23091,71.62168
23092,0.07960816
23093,0.57318985
23094,1.1251969
23095,1.1318707
23096,8.116573
23097,101.553
23098,1.117282
23099,0.60734177
23100,0.34367394
23101,-0.38120797
23102,-0.4274612
23103,-0.6959502
23104,-0.6959502
23105,0.49058026
23106,-0.4978604
23107,0.36759162
23108,0.16950224
23109,0.16950224
23110,0.16950224
23111,0.16950224
23112,0.16950224
23113,-0.080956385
23114,0.09232886
23115,-0.6538256
23116,-0.4939812
23117,-0.6499464
23118,-0.52841467
23119,-0.34024715
23120,-0.74108243
23121,-0.20139545
23122,-1.0238417
23123,-0.9063638
23124,-0.47036168
23125,0.8770582
23126,1.0798948
23127,7.8684344
23128,100.699196
23129,100.34336
23130,101.52454
23131,116.91552
23132,105.91816
23133,134.66092
23134,129.85956
23135,126.72352
23136,167.08955
23137,192.24033
23138,140.65042
23139,134.68488
23140,20.445072
23141,8.403699
23142,125.745964
23143,145.6965
23144,154.31676
23145,141.49545
23146,116.5868
23147,86.58915
23148,77.937935
23149,71.06905
23150,42.22451
23151,49.316772
23152,51.905457
23153,35.07128
23154,37.63851
23155,35.248802
23156,19.222698
23157,3.8936303
23158,4.246063
23159,1.2651485
23160,-0.9268734
23161,-1.3254505
23162,-1.4295322
23163,-1.4295322
23164,-1.4295322
23165,-0.68500096
23166,-0.68500096
23167,-0.68500096
23168,-0.58091944
23169,-0.58091944
23170,-0.58091944
23171,0.16950224
23172,0.16950224
23173,0.16950224
23174,0.16950224
23175,0.16950224
23176,-0.080956385
23177,-0.080956385
23178,-0.080956385
23179,-0.080956385
23180,-0.080956385
23181,-0.6923694
23182,-0.6923694
23183,-0.6923694
23184,-1.5823545
23185,-1.2996724
23186,-1.2996724
23187,-1.4782729
23188,-1.0094851
23189,-1.0094851
23190,-1.6167881
23191,-2.243383
23192,-2.0024498
23193,-2.0024498
23194,-2.0024498
23195,-2.0496411
23196,-2.0496411
23197,-1.876356
23198,-2.416043
23199,-2.416043
23200,-2.3119614
23201,-2.0024498
23202,-2.6097534
23203,-2.6097534
23204,-2.2905164
23205,38.934113
23206,82.7025
23207,21.211887
23208,6.7132206
23209,-0.59666085
23210,46.651585
23211,80.55731
23212,48.98665
23213,91.309326
23214,169.31099
23215,103.66611
23216,112.24718
23217,66.43624
23218,117.70393
23219,126.725
23220,83.4909
23221,32.71386
23222,60.14798
23223,170.4452
23224,133.32751
23225,190.71082
23226,124.05776
23227,122.12602
23228,60.340206
23229,229.96303
23230,266.29034
23231,253.29549
23232,140.8054
23233,94.38014
23234,119.87738
23235,170.68712
23236,171.05028
23237,215.81717
23238,164.35602
23239,60.163338
23240,53.296715
23241,56.214775
23242,87.08906
23243,126.3681
23244,189.37494
23245,307.26294
23246,292.06277
23247,228.49554
23248,178.07608
23249,149.38754
23250,177.47702
23251,189.54823
23252,342.31104
23253,559.8179
23254,626.35474
23255,614.5219
23256,565.5727
23257,474.44617
23258,607.7625
23259,605.42474
23260,619.7819
23261,676.2881
23262,722.88837
23263,681.2058
23264,416.00854
23265,400.5796
23266,520.53143
23267,615.62933
23268,802.67206
23269,983.1289
23270,1107.9688
23271,1018.6895
23272,804.8335
23273,580.033
23274,550.0839
23275,448.59857
23276,495.91003
23277,414.7977
23278,450.5685
23279,491.51657
23280,449.84384
23281,534.83856
23282,475.40842
23283,540.0333
23284,560.2062
23285,638.30994
23286,570.6147
23287,537.4984
23288,387.1743
23289,334.77777
23290,201.22041
23291,208.56314
23292,129.73557
23293,234.70496
23294,351.0796
23295,291.9897
23296,278.3102
23297,294.529
23298,322.5771
23299,287.45724
23300,367.65204
23301,420.57886
23302,252.82544
23303,296.63892
23304,316.00226
23305,246.45207
23306,282.69937
23307,261.18182
23308,239.88882
23309,138.6842
23310,126.937805
23311,309.6325
23312,197.79088
23313,103.45564
23314,320.39807
23315,347.81464
23316,288.1392
23317,220.53548
23318,145.35805
23319,11.244744
23320,33.348316
23321,34.402477
23322,60.91937
23323,6.572728
23324,34.227055
23325,32.45244
23326,27.411066
23327,101.86245
23328,73.942764
23329,88.96352
23330,72.646965
23331,72.6064
23332,96.98312
23333,50.321163
23334,73.171745
23335,96.94256
23336,62.676342
23337,97.09401
23338,92.78849
23339,90.6105
23340,96.83337
23341,60.645584
23342,65.5951
23343,84.15082
23344,96.80053
23345,80.27493
23346,85.52813
23347,91.038574
23348,5.020045
23349,3.5804865
23350,47.709244
23351,77.13358
23352,56.93901
23353,58.76027
23354,63.749542
23355,63.36956
23356,81.09744
23357,63.273514
23358,95.61543
23359,64.91177
23360,63.64254
23361,59.842384
23362,59.193794
23363,64.01734
23364,62.570488
23365,59.66301
23366,66.32785
23367,88.940254
23368,74.177795
23369,88.52791
23370,88.940254
23371,83.67517
23372,83.902275
23373,74.411156
23374,95.978096
23375,97.98298
23376,68.271805
23377,68.36512
23378,35.801514
23379,41.172356
23380,63.08818
23381,100.232544
23382,109.69744
23383,99.45667
23384,95.55076
23385,60.688095
23386,60.439796
23387,73.62639
23388,102.55202
23389,95.4478
23390,73.77173
23391,49.036552
23392,54.112648
23393,63.205345
23394,10.018561
23395,-0.116840184
23396,-0.116840184
23397,-2.3353572
23398,-0.116840184
23399,-1.5137895
23400,-1.9703552
23401,-1.9703552
23402,-1.9703552
23403,-1.9703552
23404,-1.9703552
23405,-2.0551093
23406,-1.7379936
23407,-1.7379936
23408,-1.1265808
23409,4.674602
23410,-0.67001504
23411,-1.1397973
23412,-0.68323153
23413,-0.68323153
23414,1.0787202
23415,1.0787202
23416,1.2453103
23417,1.2585268
23418,-0.95999074
23419,-0.95999074
23420,-0.95999074
23421,-0.95999074
23422,-0.95999074
23423,-0.7770781
23424,-0.7770781
23425,-0.7770781
23426,-0.7770781
23427,-0.7770781
23428,-0.7770781
23429,-0.73782426
23430,-0.73782426
23431,-0.5135342
23432,4.831083
23433,4.831083
23434,4.820129
23435,2.864172
23436,1.4246044
23437,0.39739344
23438,-0.33734772
23439,-0.79391336
23440,59.677727
23441,57.24862
23442,16.146296
23443,48.651558
23444,53.469364
23445,54.029972
23446,57.441544
23447,109.219284
23448,43.188618
23449,37.10317
23450,14.500726
23451,57.37958
23452,57.974056
23453,70.74859
23454,81.97584
23455,55.775864
23456,55.775864
23457,11.809412
23458,13.92613
23459,4.963246
23460,37.03426
23461,50.61798
23462,94.37317
23463,96.53222
23464,86.43761
23465,113.69393
23466,96.62447
23467,75.170296
23468,181.9367
23469,114.04419
23470,73.01884
23471,121.382065
23472,116.48403
23473,117.91215
23474,107.92653
23475,55.6524
23476,32.17812
23477,49.93866
23478,-0.1537291
23479,-0.1537291
23480,125.144455
23481,87.66214
23482,91.45732
23483,69.434166
23484,0.09640579
23485,0.32868168
23486,-0.33030275
23487,-0.33030275
23488,0.32868168
23489,-0.0633017
23490,1.128005
23491,4.066045
23492,15.387464
23493,35.89266
23494,15.37651
23495,29.916267
23496,71.31939
23497,142.73033
23498,116.20943
23499,70.79434
23500,105.31873
23501,97.83587
23502,92.303406
23503,43.329548
23504,51.14362
23505,73.85548
23506,74.78963
23507,88.37409
23508,55.367455
23509,88.48655
23510,61.317726
23511,85.704
23512,51.54647
23513,54.033173
23514,50.279125
23515,44.188538
23516,52.187645
23517,93.86375
23518,101.080284
23519,103.13699
23520,56.047543
23521,89.05418
23522,75.56331
23523,115.69814
23524,142.98822
23525,164.02182
23526,132.08276
23527,118.74578
23528,118.74578
23529,118.74578
23530,157.29388
23531,87.00507
23532,195.80807
23533,206.23802
23534,78.90903
23535,76.50927
23536,87.54442
23537,107.523766
23538,73.282196
23539,82.708374
23540,87.10931
23541,71.43828
23542,87.10931
23543,87.613235
23544,92.89828
23545,92.89828
23546,96.46112
23547,87.613235
23548,61.854023
23549,32.17928
23550,17.228699
23551,3.7641678
23552,3.7641678
23553,1.821195
23554,5.907272
23555,56.41598
23556,54.387234
23557,22.992918
23558,26.018866
23559,11.049141
23560,51.656364
23561,59.665916
23562,44.73285
23563,50.418808
23564,51.613503
23565,64.39817
23566,51.613503
23567,59.54957
23568,60.135437
23569,45.87463
23570,49.21684
23571,63.87086
23572,42.68776
23573,48.3058
23574,48.131542
23575,39.88751
23576,55.573044
23577,22.738012
23578,48.86489
23579,67.61477
23580,44.068214
23581,68.69352
23582,54.001038
23583,73.05012
23584,54.413383
23585,79.37218
23586,79.6694
23587,56.61438
23588,59.71659
23589,61.16266
23590,60.49652
23591,26.50386
23592,42.585545
23593,52.654747
23594,84.84002
23595,57.389633
23596,54.882317
23597,68.9005
23598,92.48127
23599,82.699646
23600,86.787544
23601,82.257675
23602,59.055923
23603,79.72391
23604,53.103863
23605,86.5482
23606,64.61541
23607,83.094826
23608,175.69473
23609,347.50223
23610,382.4344
23611,316.5064
23612,304.51373
23613,290.60547
23614,244.49165
23615,262.5377
23616,192.03827
23617,220.977
23618,244.16681
23619,191.15067
23620,119.7963
23621,98.79614
23622,147.37152
23623,173.17476
23624,128.42863
23625,73.44525
23626,171.78531
23627,102.90663
23628,68.948975
23629,91.21628
23630,65.24082
23631,49.668724
23632,41.430355
23633,40.56032
23634,11.040001
23635,11.995638
23636,11.891557
23637,26.136389
23638,26.136389
23639,14.587189
23640,105.80331
23641,176.7757
23642,149.51125
23643,215.55763
23644,111.896095
23645,105.95954
23646,48.98537
23647,111.775475
23648,179.89957
23649,129.53978
23650,194.85355
23651,210.6764
23652,223.978
23653,340.91006
23654,421.36694
23655,378.12982
23656,462.7617
23657,443.1508
23658,578.65845
23659,545.20355
23660,708.8715
23661,816.4332
23662,797.2348
23663,747.77954
23664,732.21686
23665,765.4825
23666,614.37476
23667,582.61316
23668,511.13397
23669,583.0719
23670,598.42584
23671,606.12146
23672,555.14465
23673,456.28207
23674,401.95813
23675,411.11816
23676,383.32788
23677,354.602
23678,333.35117
23679,363.7579
23680,443.19
23681,406.1577
23682,364.34662
23683,338.33972
23684,316.2705
23685,308.9246
23686,241.12428
23687,293.8002
23688,328.64526
23689,302.39697
23690,213.79822
23691,261.3506
23692,318.25165
23693,311.65884
23694,319.09964
23695,322.98184
23696,202.52504
23697,201.31789
23698,170.55974
23699,54.08394
23700,83.87689
23701,73.53428
23702,81.01447
23703,91.356125
23704,49.996742
23705,42.277428
23706,66.974785
23707,37.946648
23708,41.565224
23709,61.974663
23710,48.094437
23711,119.68294
23712,72.858925
23713,49.123966
23714,40.22441
23715,65.799286
23716,50.00242
23717,49.84735
23718,79.94377
23719,44.178143
23720,40.79015
23721,67.743484
23722,51.726036
23723,112.10825
23724,118.38246
23725,194.35843
23726,164.50793
23727,61.394222
23728,19.95903
23729,13.252438
23730,13.298727
23731,62.814846
23732,133.62694
23733,185.20715
23734,97.578674
23735,119.23924
23736,95.83853
23737,103.941086
23738,149.27335
23739,159.63004
23740,200.2556
23741,124.1095
23742,222.9661
23743,268.86267
23744,113.34713
23745,172.6154
23746,160.04526
23747,138.85104
23748,186.98755
23749,106.97023
23750,118.986946
23751,238.93263
23752,348.66025
23753,224.9911
23754,171.66476
23755,205.15926
23756,119.11373
23757,117.22532
23758,123.78473
23759,105.653984
23760,87.42566
23761,35.05454
23762,49.448193
23763,54.948044
23764,84.299065
23765,127.58279
23766,124.32822
23767,165.08084
23768,83.53121
23769,100.55962
23770,179.49257
23771,160.72867
23772,148.11603
23773,125.17625
23774,88.86669
23775,73.73039
23776,71.86038
23777,70.252754
23778,95.447845
23779,95.32486
23780,151.23534
23781,144.14969
23782,152.80113
23783,144.16772
23784,157.98692
23785,204.74593
23786,245.544
23787,256.04962
23788,52.386482
23789,48.079033
23790,71.87209
23791,46.43615
23792,3.546446
23793,3.3029494
23794,5.6338816
23795,14.66409
23796,19.773071
23797,4.089948
23798,3.7752995
23799,4.4177184
23800,4.342511
23801,32.61622
23802,68.5368
23803,81.90452
23804,92.03416
23805,60.10308
23806,78.81619
23807,134.84772
23808,147.47704
23809,123.47608
23810,140.32901
23811,122.68307
23812,118.22955
23813,118.448074
23814,135.00346
23815,149.23215
23816,130.25461
23817,92.888756
23818,105.49987
23819,165.12096
23820,176.4017
23821,198.79425
23822,202.09293
23823,173.29599
23824,195.40842
23825,228.38564
23826,236.39677
23827,274.36066
23828,364.0443
23829,395.16885
23830,434.98724
23831,352.7294
23832,362.51242
23833,312.92023
23834,322.36676
23835,382.6834
23836,357.99527
23837,288.88135
23838,337.1571
23839,378.42712
23840,418.02087
23841,308.95566
23842,341.902
23843,257.12482
23844,351.22284
23845,421.22287
23846,526.4765
23847,743.04535
23848,632.00836
23849,787.61505
23850,780.82526
23851,963.89764
23852,676.2287
23853,745.74445
23854,1136.1357
23855,1136.3677
23856,1477.4047
23857,1261.8647
23858,1394.3726
23859,1353.7366
23860,1374.3595
23861,1386.3099
23862,1536.4968
23863,1218.9491
23864,1187.4727
23865,1333.6266
23866,1160.6245
23867,1476.3145
23868,1051.3635
23869,852.0673
23870,994.79785
23871,786.5939
23872,1160.9281
23873,1281.0701
23874,1235.2489
23875,1208.6799
23876,1117.3965
23877,1088.347
23878,999.03094
23879,722.2884
23880,1167.8783
23881,909.7268
23882,933.47614
23883,740.98395
23884,929.9866
23885,821.4428
23886,808.4633
23887,727.1327
23888,924.0843
23889,668.8764
23890,868.4812
23891,708.85156
23892,660.2169
23893,738.602
23894,1018.99054
23895,866.3632
23896,981.5965
23897,909.4618
23898,1006.8726
23899,785.3403
23900,917.59
23901,949.19165
23902,951.45264
23903,712.5935
23904,1065.4191
23905,700.7137
23906,915.482
23907,625.82764
23908,1036.0505
23909,900.5077
23910,858.45544
23911,966.669
23912,869.19745
23913,1054.1777
23914,524.01483
23915,880.2244
23916,886.74835
23917,686.49646
23918,534.51917
23919,667.9727
23920,558.03906
23921,442.81293
23922,422.63727
23923,546.75085
23924,432.70166
23925,351.83292
23926,401.4239
23927,403.2002
23928,472.5478
23929,550.5437
23930,570.5719
23931,651.6051
23932,574.4721
23933,538.8058
23934,431.30753
23935,398.74567
23936,284.65723
23937,288.7948
23938,261.2131
23939,227.53079
23940,244.57504
23941,195.45157
23942,164.54628
23943,173.56047
23944,180.39317
23945,149.33545
23946,184.55656
23947,143.66875
23948,125.21532
23949,128.66118
23950,130.00479
23951,105.24016
23952,100.94735
23953,62.48687
23954,60.475403
23955,65.077675
23956,64.00732
23957,59.022865
23958,86.66651
23959,79.22242
23960,65.17744
23961,59.451508
23962,53.17482
23963,35.46131
23964,48.837593
23965,46.594627
23966,59.10685
23967,59.513794
23968,62.119965
23969,65.62577
23970,72.186195
23971,71.05598
23972,50.342728
23973,53.89322
23974,68.17545
23975,73.48641
23976,62.23426
23977,72.438774
23978,66.553185
23979,43.556847
23980,49.091995
23981,38.679626
23982,47.0393
23983,71.022194
23984,63.92621
23985,37.73108
23986,27.23597
23987,29.686977
23988,16.062094
23989,14.74513
23990,8.092785
23991,8.529478
23992,4.9761357
23993,1.3858597
23994,0.61238927
23995,0.56613594
23996,0.5809274
23997,0.27327457
23998,0.24735036
23999,-1.2575315
24000,9.745809
24001,152.25368
24002,127.3686
24003,109.25937
24004,90.550476
24005,57.89966
24006,15.01781
24007,3.2030132
24008,19.436497
24009,4.528616
24010,3.5458434
24011,18.367983
24012,32.25386
24013,-0.22949018
24014,-2.0024498
24015,-1.8291645
24016,-2.9977522
24017,-1.8064457
24018,-1.8291645
24019,-2.9977522
24020,-1.879461
24021,14.747117
24022,-2.0024498
24023,22.221521
24024,3.0501351
24025,-1.8291645
24026,6.5384674
24027,-2.9281044
24028,-3.032186
24029,-1.8635981
24030,-2.9281044
24031,-2.5756202
24032,-2.0024498
24033,-2.0024498
24034,12.081917
24035,-2.9977522
24036,-3.032186
24037,-2.9977522
24038,-3.032186
24039,-2.2617402
24040,47.15316
24041,8.756975
24042,-3.032186
24043,-2.8936706
24044,10.934863
24045,-2.0024498
24046,-2.6690986
24047,-2.2615964
24048,-1.3145863
24049,-1.5082926
24050,-1.5082926
24051,20.677101
24052,126.1835
24053,56.651825
24054,35.43287
24055,3.5130782
24056,28.444933
24057,7.5214252
24058,12.654753
24059,8.491342
24060,-0.15387496
24061,55.516235
24062,9.421325
24063,54.121727
24064,88.13824
24065,129.14772
24066,161.99081
24067,162.18184
24068,166.2678
24069,167.76294
24070,237.67584
24071,249.58588
24072,197.18602
24073,228.23596
24074,215.5863
24075,215.3792
24076,192.32787
24077,204.9723
24078,203.36803
24079,213.33087
24080,234.04958
24081,247.41924
24082,172.28946
24083,135.77612
24084,125.20275
24085,142.4695
24086,177.23079
24087,272.42548
24088,225.76895
24089,207.08092
24090,179.37665
24091,222.3875
24092,296.47092
24093,348.70346
24094,313.60315
24095,421.34662
24096,255.64195
24097,237.19438
24098,223.12389
24099,244.26198
24100,220.85152
24101,217.0624
24102,206.66052
24103,217.8503
24104,212.71608
24105,113.880615
24106,62.344486
24107,76.65938
24108,109.321976
24109,130.16257
24110,193.43292
24111,143.40009
24112,124.684326
24113,168.58209
24114,178.37953
24115,146.21982
24116,94.68441
24117,107.475525
24118,91.42981
24119,74.560074
24120,59.080376
24121,86.009796
24122,89.14297
24123,64.147484
24124,52.942818
24125,56.430473
24126,57.35247
24127,99.32169
24128,93.46402
24129,19.519934
24130,6.8690643
24131,12.1286125
24132,16.072947
24133,10.537606
24134,-1.1407168
24135,-1.2467104
24136,-1.2467104
24137,-0.79716796
24138,-1.4085814
24139,-1.4085814
24140,-1.7256969
24141,-1.7256969
24142,-2.7186618
24143,-2.4331615
24144,-2.4331615
24145,-2.4331615
24146,-2.4331615
24147,-2.4331615
24148,-2.4331615
24149,-3.08113
24150,-2.9770484
24151,-2.292295
24152,-3.08113
24153,-2.9770484
24154,21.794067
24155,0.5086316
24156,102.485275
24157,46.786125
24158,53.176514
24159,124.00108
24160,100.28574
24161,255.83371
24162,470.55933
24163,247.79436
24164,352.7496
24165,271.90335
24166,303.61737
24167,384.34363
24168,224.81215
24169,368.2669
24170,413.76694
24171,374.70563
24172,238.18063
24173,153.84822
24174,211.28287
24175,278.30258
24176,71.92221
24177,116.42467
24178,185.77403
24179,555.55865
24180,370.87613
24181,310.73248
24182,299.71844
24183,309.97525
24184,165.16312
24185,298.96027
24186,211.26273
24187,297.2868
24188,182.32393
24189,199.53918
24190,53.34791
24191,41.574936
24192,113.84362
24193,90.41189
24194,130.57024
24195,83.562546
24196,81.87331
24197,158.23186
24198,130.39482
24199,125.25876
24200,178.53964
24201,132.46269
24202,100.58101
24203,117.58559
24204,130.6903
24205,81.40912
24206,19.952583
24207,26.198809
24208,75.533195
24209,30.136282
24210,1.7072545
24211,0.09375553
24212,12.260071
24213,91.45769
24214,118.82813
24215,120.118965
24216,95.87496
24217,59.029976
24218,30.650887
24219,-0.993469
24220,-1.9341162
24221,-4.4196053
24222,-4.4196053
24223,-4.4196053
24224,-4.4196053
24225,-3.4574852
24226,6.732932
24227,65.74504
24228,60.59572
24229,66.462585
24230,112.13585
24231,167.85109
24232,143.89905
24233,99.50974
24234,42.16322
24235,13.059877
24236,35.32351
24237,59.73509
24238,67.41501
24239,41.28477
24240,32.885048
24241,19.053135
24242,15.92071
24243,79.64046
24244,158.08133
24245,161.9626
24246,82.88386
24247,61.03535
24248,30.845732
24249,3.2974055
24250,4.1103177
24251,-1.6716001
24252,-2.5798116
24253,-2.054968
24254,-2.5115337
24255,-2.5798116
24256,-2.715393
24257,-2.2667456
24258,-2.2667456
24259,-2.0242863
24260,-2.0557861
24261,-2.0557861
24262,1.2611403
24263,49.618362
24264,41.97323
24265,12.712374
24266,3.2676346
24267,-2.464344
24268,-2.350808
24269,20.674784
24270,69.98847
24271,44.609108
24272,27.734928
24273,8.463314
24274,4.3753824
24275,3.6793692
24276,-0.7392116
24277,-1.29897
24278,-1.2154871
24279,-1.1472094
24280,-1.0033524
24281,0.34278747
24282,-0.80642796
24283,-0.080956385
24284,-1.0762585
24285,-1.6876718
24286,-1.9007059
24287,-2.0047874
24288,-2.9977522
24289,-2.9977522
24290,-2.9977522
24291,-2.9977522
24292,-2.9977522
24293,-2.4331615
24294,-2.4331615
24295,-2.4331615
24296,-2.4331615
24297,-2.4331615
24298,-2.3290799
24299,-2.9977522
24300,-2.9977522
24301,-2.9977522
24302,-2.8936706
24303,-1.8291645
24304,-3.032186
24305,-2.9977522
24306,-2.9977522
24307,-2.9977522
24308,-2.8936706
24309,-2.9977522
24310,-2.9977522
24311,-3.032186
24312,43.31849
24313,66.09
24314,48.452908
24315,4.8384376
24316,-2.296174
24317,-2.5524101
24318,-1.7635754
24319,-1.7635754
24320,-1.7635754
24321,-1.7635754
24322,47.195763
24323,25.944456
24324,-1.4710416
24325,-1.8725146
24326,13.455961
24327,6.6432886
24328,-1.6443269
24329,53.782455
24330,4.9809866
24331,-1.5923454
24332,69.49372
24333,23.082775
24334,66.04522
24335,89.93489
24336,164.18832
24337,106.601585
24338,98.266266
24339,69.15958
24340,95.561485
24341,105.09571
24342,21.275871
24343,70.48883
24344,38.833603
24345,105.35402
24346,53.00237
24347,81.72239
24348,91.44001
24349,75.03379
24350,68.6974
24351,73.66321
24352,53.848812
24353,83.69909
24354,75.792175
24355,57.179867
24356,74.05621
24357,67.05159
24358,71.023285
24359,36.151592
24360,22.183899
24361,1.225048
24362,1.4496198
24363,2.5883498
24364,-0.993469
24365,-0.48651287
24366,-0.2805375
24367,-4.6345854
24368,-4.6345854
24369,-4.6345854
24370,1.539265
24371,1.539265
24372,1.539265
24373,-4.268216
24374,-4.3921266
24375,-4.288045
24376,-3.831479
24377,-1.0050219
24378,-2.8721654
24379,39.304115
24380,46.78743
24381,29.54327
24382,27.202375
24383,12.916438
24384,9.501003
24385,11.236091
24386,11.319839
24387,31.15468
24388,118.66598
24389,171.75249
24390,129.6304
24391,95.69375
24392,151.97415
24393,202.96902
24394,175.34674
24395,191.61346
24396,189.76523
24397,257.0797
24398,240.71007
24399,186.80948
24400,168.76518
24401,162.47668
24402,203.61148
24403,258.92883
24404,211.53648
24405,249.24146
24406,254.0524
24407,198.21523
24408,177.58722
24409,168.64665
24410,189.5074
24411,193.10635
24412,194.48152
24413,205.37076
24414,199.60004
24415,252.97778
24416,278.1492
24417,273.9503
24418,240.618
24419,144.2463
24420,169.77798
24421,206.40274
24422,222.60799
24423,207.24341
24424,182.4217
24425,184.97708
24426,191.13509
24427,176.14664
24428,127.587204
24429,118.80722
24430,127.80594
24431,88.09989
24432,168.90721
24433,138.98898
24434,124.98297
24435,147.12927
24436,141.68694
24437,126.32744
24438,321.2101
24439,405.77368
24440,153.52205
24441,364.15942
24442,494.8395
24443,340.74478
24444,502.6921
24445,524.1746
24446,605.8334
24447,412.95517
24448,513.07196
24449,682.3733
24450,498.50894
24451,385.47653
24452,845.2763
24453,662.5644
24454,682.6187
24455,552.80023
24456,546.716
24457,579.9395
24458,551.3294
24459,750.54755
24460,1051.0746
24461,697.1561
24462,769.0978
24463,995.3601
24464,1118.4742
24465,478.40338
24466,213.64436
24467,367.10324
24468,692.577
24469,983.2056
24470,1139.8737
24471,1106.5289
24472,1160.3018
24473,733.53955
24474,1334.6582
24475,740.7303
24476,1086.1915
24477,1283.86
24478,566.4107
24479,958.5304
24480,837.0321
24481,584.27026
24482,794.77985
24483,890.09607
24484,1085.1322
24485,799.55695
24486,1300.0055
24487,1162.3217
24488,1242.2618
24489,1136.0048
24490,928.1189
24491,831.50037
24492,573.39294
24493,446.86185
24494,517.5445
24495,403.75876
24496,339.03073
24497,371.36642
24498,412.9168
24499,491.16312
24500,442.50064
24501,472.29126
24502,561.98584
24503,518.6976
24504,557.3111
24505,483.59976
24506,559.2196
24507,697.6992
24508,865.566
24509,1037.9342
24510,1076.018
24511,1061.913
24512,906.1975
24513,787.0977
24514,876.97986
24515,593.17194
24516,436.9303
24517,386.2628
24518,329.24066
24519,414.3132
24520,380.161
24521,316.0649
24522,342.3486
24523,286.72284
24524,258.19464
24525,359.5096
24526,420.09833
24527,496.56284
24528,1009.9481
24529,871.743
24530,841.2897
24531,690.478
24532,767.68274
24533,936.9442
24534,1055.768
24535,873.7377
24536,740.12115
24537,884.779
24538,901.3941
24539,855.6615
24540,693.94305
24541,517.1694
24542,390.73645
24543,281.38373
24544,182.65866
24545,76.47625
24546,63.305294
24547,55.454113
24548,40.690075
24549,25.28359
24550,69.864235
24551,118.81194
24552,166.65924
24553,141.66483
24554,90.72271
24555,70.62321
24556,91.56512
24557,196.22552
24558,253.02103
24559,277.3566
24560,338.94644
24561,348.7261
24562,208.06168
24563,254.0388
24564,256.17926
24565,195.0925
24566,210.30113
24567,205.13728
24568,231.494
24569,270.36166
24570,389.28882
24571,206.71419
24572,177.27814
24573,354.081
24574,377.16577
24575,334.9038
24576,475.2582
24577,767.393
24578,618.744
24579,393.47607
24580,620.3289
24581,558.7195
24582,291.575
24583,536.67615
24584,532.51526
24585,656.82135
24586,949.22186
24587,775.8762
24588,567.2051
24589,296.16837
24590,209.48602
24591,289.15826
24592,204.92407
24593,170.65239
24594,204.1411
24595,287.26447
24596,356.04327
24597,177.74928
24598,464.20584
24599,426.94275
24600,926.0898
24601,703.6353
24602,573.0054
24603,570.08636
24604,644.3478
24605,683.72076
24606,1082.6648
24607,427.7414
24608,1029.916
24609,474.8714
24610,446.9507
24611,734.9811
24612,523.5499
24613,721.9258
24614,484.28986
24615,701.56824
24616,528.5613
24617,480.19174
24618,534.96594
24619,455.36298
24620,603.612
24621,317.09918
24622,371.8892
24623,235.86398
24624,259.5293
24625,498.41418
24626,604.7245
24627,495.6386
24628,360.60367
24629,297.72855
24630,222.8761
24631,282.58948
24632,482.42
24633,338.37784
24634,157.5017
24635,413.02567
24636,500.41284
24637,376.88806
24638,306.29742
24639,293.26743
24640,348.77423
24641,242.70137
24642,219.01427
24643,232.13364
24644,179.17671
24645,214.3116
24646,226.60957
24647,265.27847
24648,246.50667
24649,334.48218
24650,383.24826
24651,371.61133
24652,299.22266
24653,280.19705
24654,296.96765
24655,247.19708
24656,223.63443
24657,318.17267
24658,361.70703
24659,329.0738
24660,118.37133
24661,148.33134
24662,291.50214
24663,192.31976
24664,133.73088
24665,137.9998
24666,184.46573
24667,192.5876
24668,226.12543
24669,211.04471
24670,104.83973
24671,79.817566
24672,235.24814
24673,113.14937
24674,201.34714
24675,105.82861
24676,136.24214
24677,252.15652
24678,212.30669
24679,127.917366
24680,59.815292
24681,10.697206
24682,5.1710844
24683,4.807599
24684,8.54967
24685,17.311625
24686,30.887506
24687,16.025806
24688,1.1800665
24689,5.226252
24690,16.03694
24691,9.134449
24692,37.9988
24693,81.31497
24694,103.69128
24695,99.69195
24696,48.634567
24697,41.75714
24698,38.42798
24699,20.1522
24700,10.82708
24701,18.688505
24702,31.930574
24703,41.514816
24704,64.10506
24705,53.100845
24706,58.848537
24707,71.76547
24708,6.1783934
24709,56.12431
24710,60.27402
24711,46.27323
24712,72.20828
24713,68.966705
24714,47.15686
24715,29.161024
24716,36.484314
24717,0.12263471
24718,1.4123782
24719,1.3603966
24720,33.209915
24721,39.97551
24722,30.964985
24723,53.16596
24724,23.156515
24725,61.903446
24726,167.67807
24727,146.9318
24728,95.63527
24729,178.91972
24730,469.86673
24731,521.84985
24732,332.2195
24733,266.47498
24734,345.21524
24735,361.14218
24736,170.42
24737,200.51965
24738,201.42755
24739,81.556175
24740,130.12538
24741,272.85947
24742,219.18114
24743,164.61754
24744,227.68698
24745,294.6136
24746,289.54346
24747,317.16187
24748,171.97299
24749,311.52283
24750,183.44069
24751,250.42223
24752,179.27757
24753,317.747
24754,167.93417
24755,250.79129
24756,63.249535
24757,5.0951304
24758,244.07742
24759,232.35889
24760,327.99405
24761,221.81744
24762,18.733047
24763,63.245968
24764,182.2836
24765,326.61053
24766,361.02393
24767,117.182045
24768,89.439514
24769,259.16107
24770,171.41852
24771,260.74683
24772,106.84644
24773,72.02751
24774,123.9534
24775,216.6733
24776,64.95489
24777,222.67046
24778,270.4949
24779,161.63399
24780,343.93222
24781,312.6621
24782,176.79524
24783,220.70001
24784,134.35686
24785,116.3727
24786,122.70449
24787,204.25206
24788,187.83197
24789,248.83675
24790,197.30357
24791,209.10919
24792,104.94759
24793,133.54674
24794,231.3883
24795,364.07993
24796,507.69244
24797,454.3613
24798,338.79172
24799,336.1663
24800,527.5692
24801,671.97217
24802,475.70898
24803,321.47562
24804,256.16196
24805,339.39743
24806,483.77625
24807,538.7461
24808,652.64484
24809,675.0874
24810,487.4889
24811,415.47528
24812,387.92017
24813,375.43634
24814,352.7569
24815,333.81345
24816,366.2207
24817,390.53613
24818,412.9753
24819,432.72476
24820,497.60995
24821,402.23154
24822,368.76138
24823,411.14294
24824,410.8188
24825,413.3514
24826,422.48718
24827,557.0002
24828,641.12823
24829,531.64624
24830,516.8949
24831,501.33215
24832,396.0369
24833,450.5886
24834,569.01825
24835,507.84082
24836,560.143
24837,677.7458
24838,726.1593
24839,758.0497
24840,866.80756
24841,819.5063
24842,687.71985
24843,592.5124
24844,490.05975
24845,480.77814
24846,563.3729
24847,451.5261
24848,412.8208
24849,411.87866
24850,402.88455
24851,354.90146
24852,259.69458
24853,546.9206
24854,327.75333
24855,203.1161
24856,242.50887
24857,228.39804
24858,107.28427
24859,207.58286
24860,212.0153
24861,666.73065
24862,489.21658
24863,366.6321
24864,513.7444
24865,705.288
24866,377.2824
24867,460.09796
24868,428.46158
24869,453.318
24870,413.48807
24871,396.52585
24872,365.9322
24873,274.28857
24874,219.59526
24875,487.25018
24876,227.32237
24877,489.46674
24878,440.02487
24879,559.5645
24880,478.94684
24881,469.9253
24882,324.27817
24883,507.5742
24884,496.0038
24885,320.75208
24886,701.33
24887,623.28076
24888,781.9284
24889,899.2706
24890,352.70773
24891,652.3288
24892,769.92096
24893,534.5484
24894,516.5626
24895,732.032
24896,736.37866
24897,731.41754
24898,298.77643
24899,1176.6036
24900,992.8655
24901,729.94434
24902,924.0375
24903,760.1784
24904,749.0671
24905,784.4678
24906,276.4349
24907,236.08266
24908,205.782
24909,225.93437
24910,271.00208
24911,297.15512
24912,310.57492
24913,237.2888
24914,67.00895
24915,180.00679
24916,304.20114
24917,189.80597
24918,88.13914
24919,263.6732
24920,245.96439
24921,30.263937
24922,57.096245
24923,245.42622
24924,111.414345
24925,147.82817
24926,114.86605
24927,46.527237
24928,172.20302
24929,98.911514
24930,106.64057
24931,152.06212
24932,211.55867
24933,202.08783
24934,124.393295
24935,129.21278
24936,135.25037
24937,127.870865
24938,127.870865
24939,123.989
24940,138.16013
24941,161.52473
24942,198.87749
24943,248.73566
24944,264.24463
24945,285.36795
24946,303.81598
24947,305.92578
24948,337.54407
24949,391.36548
24950,427.3638
24951,478.0509
24952,461.7145
24953,478.83276
24954,503.05084
24955,595.5776
24956,701.28156
24957,738.12024
24958,758.79987
24959,778.27344
24960,576.27563
24961,468.5584
24962,483.15384
24963,492.4417
24964,505.19257
24965,475.21426
24966,499.73148
24967,524.2667
24968,554.1799
24969,543.5145
24970,640.6718
24971,734.5256
24972,833.7414
24973,738.48004
24974,645.204
24975,576.77313
24976,415.87875
24977,271.8806
24978,260.58417
24979,342.2613
24980,357.05548
24981,258.504
24982,208.93575
24983,103.92249
24984,26.24017
24985,2.842034
24986,-0.69264454
24987,-1.0322249
24988,-0.9003378
24989,-0.8021794
24990,-0.8021794
24991,-0.8204259
24992,-0.8204259
24993,-1.3899416
24994,-1.3966154
24995,-0.71708053
24996,-0.39872918
24997,0.0035729706
24998,0.0035729706
24999,0.1127069
25000,-0.38087523
25001,-0.7016334
25002,-0.20805128
25003,0.13595524
25004,-0.9635524
25005,0.0751854
25006,0.0751854
25007,-0.6959502
25008,-0.5918687
25009,-0.6959502
25010,-0.6959502
25011,-0.6959502
25012,-0.6959502
25013,-0.6538256
25014,-0.6959502
25015,-0.6538256
25016,-0.686798
25017,-0.6538256
25018,-1.2652388
25019,-0.6923694
25020,-1.0094851
25021,7.711348
25022,3.2021632
25023,-1.595571
25024,-2.588536
25025,-0.041364506
25026,9.669414
25027,-1.9066473
25028,-1.6443269
25029,-1.0144762
25030,-1.9066473
25031,-2.0024498
25032,-1.8291645
25033,5.013311
25034,-1.8087436
25035,-2.5753195
25036,3.5294266
25037,-0.26593655
25038,-2.4844544
25039,-2.588536
25040,-2.3957593
25041,-1.8228899
25042,-1.8228899
25043,-2.0540054
25044,26.664474
25045,46.88559
25046,47.08174
25047,40.00141
25048,63.507256
25049,100.46328
25050,77.72141
25051,10.649207
25052,-2.668176
25053,-2.1294396
25054,86.118546
25055,85.161766
25056,44.812798
25057,70.26287
25058,35.81074
25059,-0.21578103
25060,-1.1627917
25061,-1.1627917
25062,1.5802727
25063,13.16722
25064,8.672216
25065,33.311142
25066,76.30949
25067,45.322456
25068,56.971436
25069,8.6571
25070,10.26252
25071,55.580612
25072,88.53988
25073,47.855606
25074,32.796097
25075,80.71921
25076,55.70517
25077,41.72458
25078,64.38552
25079,73.712036
25080,123.09834
25081,30.859283
25082,11.317815
25083,16.386332
25084,53.202477
25085,166.28165
25086,345.68924
25087,308.43405
25088,200.28854
25089,19.873985
25090,9.148192
25091,48.24096
25092,39.76374
25093,5.098997
25094,5.6048717
25095,1.4468291
25096,1.5964215
25097,10.312092
25098,7.4827056
25099,37.734276
25100,20.31892
25101,23.853233
25102,45.445
25103,50.66799
25104,34.29889
25105,9.187664
25106,10.207643
25107,67.44983
25108,65.40013
25109,150.42258
25110,126.890434
25111,62.92729
25112,89.48294
25113,58.21441
25114,57.692497
25115,104.2138
25116,119.49441
25117,85.785774
25118,92.77434
25119,37.33117
25120,29.75762
25121,9.17415
25122,-0.121096164
25123,69.52887
25124,24.407637
25125,0.65804917
25126,0.16950224
25127,0.62606776
25128,4.909705
25129,33.619324
25130,45.981346
25131,50.0968
25132,68.30515
25133,91.10076
25134,21.730257
25135,60.951126
25136,77.20294
25137,65.43897
25138,115.1343
25139,96.87987
25140,128.3829
25141,165.29634
25142,248.83995
25143,192.52179
25144,267.55173
25145,274.8141
25146,129.8476
25147,213.47794
25148,52.406242
25149,12.143666
25150,32.162125
25151,10.499312
25152,-6.0683737
25153,-5.8950887
25154,-7.5504785
25155,-7.6084533
25156,-7.6084533
25157,-7.6084533
25158,-1.407705
25159,-0.79629165
25160,1.5263077
25161,154.3949
25162,111.47061
25163,65.748215
25164,161.6533
25165,73.751305
25166,99.21595
25167,74.83041
25168,40.132473
25169,34.199223
25170,0.13145274
25171,0.13145274
25172,0.18942674
25173,0.18942674
25174,55.850334
25175,240.40381
25176,266.68762
25177,177.35576
25178,148.31033
25179,70.61866
25180,10.393972
25181,29.382301
25182,3.8843946
25183,-0.12240842
25184,-0.35366765
25185,0.13688241
25186,32.691566
25187,28.921043
25188,44.919655
25189,41.68911
25190,27.052837
25191,6.6181483
25192,63.863773
25193,213.83711
25194,127.773506
25195,49.461025
25196,3.3229291
25197,3.2726326
25198,9.456089
25199,12.580844
25200,3.3229291
25201,5.368158
25202,6.3307457
25203,-0.29413489
25204,-1.270413
25205,0.9494878
25206,1.2737935
25207,87.5972
25208,1991.296
25209,1005.719
25210,1582.8839
25211,1823.7401
25212,1499.1006
25213,869.2252
25214,829.65265
25215,665.4142
25216,487.2261
25217,398.8426
25218,211.90807
25219,7.7738833
25220,1.6876647
25221,0.05627056
25222,1.5143794
25223,1.5143794
25224,4.16365
25225,176.83224
25226,76.363495
25227,96.42954
25228,82.316666
25229,44.634933
25230,64.75352
25231,230.29254
25232,276.48514
25233,272.44608
25234,278.71478
25235,517.0517
25236,693.6147
25237,544.50055
25238,397.46683
25239,328.6592
25240,489.74377
25241,745.63794
25242,546.0752
25243,784.0732
25244,780.5138
25245,842.2568
25246,932.696
25247,867.4317
25248,1204.4946
25249,923.44714
25250,1061.2467
25251,864.4661
25252,873.576
25253,653.4676
25254,836.75543
25255,659.41846
25256,495.48267
25257,704.8624
25258,739.98157
25259,808.93475
25260,989.3449
25261,956.39264
25262,557.8555
25263,431.45755
25264,708.4441
25265,736.7028
25266,717.89124
25267,933.8505
25268,924.1246
25269,825.9635
25270,903.99774
25271,981.3496
25272,1159.49
25273,1522.5819
25274,1118.4022
25275,1002.3131
25276,644.6676
25277,789.20807
25278,857.31445
25279,736.66266
25280,504.7737
25281,457.70688
25282,553.05005
25283,528.685
25284,512.118
25285,513.6885
25286,405.55716
25287,513.02167
25288,244.80113
25289,181.91905
25290,264.7553
25291,248.47801
25292,694.7947
25293,828.4984
25294,744.7437
25295,580.09
25296,633.2495
25297,553.11914
25298,465.6729
25299,413.2491
25300,163.13348
25301,166.07433
25302,197.83432
25303,82.19039
25304,133.27094
25305,112.17634
25306,88.54393
25307,73.382225
25308,81.07127
25309,9.19189
25310,-6.8242965
25311,-5.698047
25312,-6.624097
25313,-6.9527497
25314,-3.0409899
25315,102.353714
25316,472.67462
25317,202.83624
25318,156.83432
25319,153.61745
25320,72.61539
25321,140.05106
25322,459.39465
25323,646.2624
25324,721.9958
25325,1005.68463
25326,630.2355
25327,409.88773
25328,256.88577
25329,272.7434
25330,167.08066
25331,188.59953
25332,138.73466
25333,122.02244
25334,68.45012
25335,89.29211
25336,117.16379
25337,173.27194
25338,260.31784
25339,254.85394
25340,359.38275
25341,493.49814
25342,355.4909
25343,269.23795
25344,218.15242
25345,228.39622
25346,154.1338
25347,231.70094
25348,297.50546
25349,254.22469
25350,381.66827
25351,320.39273
25352,257.19528
25353,216.13568
25354,427.07486
25355,509.49307
25356,627.8264
25357,444.37823
25358,504.48972
25359,360.4837
25360,398.8931
25361,684.66864
25362,604.2959
25363,743.17816
25364,665.2037
25365,529.35156
25366,639.3527
25367,583.0052
25368,444.9257
25369,581.1684
25370,763.9255
25371,615.746
25372,442.19376
25373,581.7824
25374,517.589
25375,466.95288
25376,618.9631
25377,624.16907
25378,568.0026
25379,581.277
25380,438.26755
25381,413.20584
25382,605.09247
25383,543.64984
25384,508.29703
25385,592.3397
25386,862.43463
25387,625.5716
25388,605.182
25389,601.2242
25390,654.232
25391,629.8495
25392,564.34784
25393,320.62613
25394,401.85916
25395,519.5236
25396,380.56787
25397,257.86542
25398,282.06546
25399,245.88452
25400,158.83472
25401,105.43703
25402,102.796295
25403,119.63122
25404,154.74568
25405,209.9233
25406,335.5251
25407,387.9851
25408,447.9882
25409,355.8159
25410,333.43185
25411,196.70816
25412,194.7305
25413,226.98006
25414,324.435
25415,340.3793
25416,265.84573
25417,155.44986
25418,297.78113
25419,279.58472
25420,137.67319
25421,366.28116
25422,543.3865
25423,538.6568
25424,275.3905
25425,486.6107
25426,373.08395
25427,231.26997
25428,304.47635
25429,587.0434
25430,1146.2802
25431,1321.812
25432,704.7512
25433,460.21954
25434,522.0777
25435,545.7246
25436,380.98706
25437,238.12509
25438,730.3158
25439,463.52185
25440,342.64798
25441,332.43118
25442,523.4421
25443,862.64374
25444,902.0249
25445,906.13464
25446,1425.3168
25447,816.7653
25448,567.6752
25449,406.56708
25450,415.8001
25451,989.9618
25452,899.2857
25453,741.49554
25454,1216.2429
25455,579.09625
25456,518.8304
25457,166.47165
25458,133.58566
25459,68.999626
25460,154.44142
25461,1469.0671
25462,555.17535
25463,568.7589
25464,594.90466
25465,713.0504
25466,675.07794
25467,700.4036
25468,533.59894
25469,333.37463
25470,390.00925
25471,431.65085
25472,427.086
25473,513.8099
25474,599.04944
25475,705.10986
25476,362.00644
25477,247.67531
25478,124.93138
25479,199.30844
25480,219.3478
25481,232.92197
25482,345.3057
25483,405.69928
25484,1424.5951
25485,576.61456
25486,422.02057
25487,257.416
25488,120.65372
25489,179.13803
25490,343.20135
25491,428.46426
25492,323.72934
25493,261.72076
25494,161.51573
25495,181.4535
25496,387.3043
25497,624.63153
25498,492.21704
25499,460.89984
25500,318.2771
25501,383.5137
25502,376.0628
25503,426.43323
25504,464.6715
25505,448.76175
25506,693.62854
25507,736.6218
25508,1001.1549
25509,817.0885
25510,856.7159
25511,676.78156
25512,533.03253
25513,693.10504
25514,460.23224
25515,483.11526
25516,441.8267
25517,452.3473
25518,600.2512
25519,564.1648
25520,501.05182
25521,619.0812
25522,888.11444
25523,970.95984
25524,983.5271
25525,912.4254
25526,937.5649
25527,856.302
25528,857.0325
25529,938.0414
25530,882.9061
25531,744.18976
25532,693.77216
25533,572.22766
25534,494.07266
25535,512.6772
25536,477.4972
25537,531.95776
25538,451.89258
25539,613.26056
25540,649.74365
25541,495.67957
25542,502.31207
25543,382.3063
25544,629.48517
25545,562.6138
25546,395.63782
25547,309.71304
25548,468.31332
25549,392.84204
25550,402.1395
25551,350.75394
25552,417.16296
25553,604.6317
25554,473.07513
25555,446.55
25556,466.66623
25557,398.0506
25558,406.02756
25559,736.95544
25560,439.95822
25561,266.40555
25562,770.9974
25563,564.3708
25564,349.29327
25565,364.90982
25566,686.19366
25567,499.89594
25568,729.8275
25569,1248.9657
25570,805.82745
25571,560.00323
25572,819.53107
25573,824.7541
25574,467.01663
25575,759.57965
25576,992.07043
25577,1172.929
25578,1527.0059
25579,1075.4624
25580,484.52026
25581,357.14563
25582,484.2917
25583,897.5886
25584,1354.5847
25585,644.2478
25586,717.5054
25587,1028.24
25588,1318.3531
25589,991.20325
25590,434.701
25591,214.4014
25592,221.46997
25593,943.6709
25594,712.89264
25595,815.7739
25596,319.4912
25597,314.50296
25598,670.2877
25599,500.5583
25600,561.535
25601,341.58496
25602,354.03912
25603,515.43274
25604,254.07982
25605,231.41666
25606,243.06972
25607,676.0594
25608,745.6896
25609,228.25153
25610,379.97598
25611,253.26082
25612,262.0936
25613,342.65723
25614,320.74893
25615,249.86469
25616,302.44586
25617,227.8091
25618,522.14813
25619,455.53485
25620,413.21384
25621,280.77692
25622,133.06155
25623,239.8985
25624,201.66644
25625,276.04544
25626,380.4789
25627,426.04166
25628,502.9322
25629,517.6047
25630,472.68948
25631,549.2886
25632,583.2451
25633,570.54895
25634,705.3398
25635,593.906
25636,641.41547
25637,744.6411
25638,739.99243
25639,701.70905
25640,720.9469
25641,585.74615
25642,694.7563
25643,749.7355
25644,879.681
25645,646.71747
25646,524.6021
25647,454.0033
25648,546.32635
25649,451.33954
25650,521.9152
25651,515.6758
25652,407.51428
25653,620.7666
25654,592.37103
25655,660.0968
25656,558.94336
25657,574.3661
25658,529.34045
25659,669.8413
25660,578.1881
25661,473.9087
25662,565.38983
25663,537.9361
25664,528.80414
25665,479.11548
25666,432.311
25667,492.0608
25668,557.21356
25669,526.01495
25670,509.32623
25671,566.8177
25672,847.8144
25673,799.7981
25674,650.5689
25675,662.96716
25676,636.9626
25677,629.27985
25678,709.7662
25679,623.76544
25680,641.4711
25681,563.68695
25682,527.5562
25683,963.72345
25684,684.2814
25685,701.7808
25686,734.45526
25687,778.12805
25688,627.17847
25689,575.0806
25690,636.3725
25691,598.4162
25692,566.42584
25693,581.1887
25694,149.08807
25695,312.7544
25696,601.8317
25697,478.63016
25698,765.6976
25699,732.49786
25700,537.5594
25701,487.58157
25702,514.04694
25703,412.38913
25704,472.23013
25705,479.03464
25706,319.34634
25707,311.6757
25708,385.87933
25709,283.5277
25710,317.76328
25711,461.09982
25712,278.6218
25713,495.6344
25714,300.25735
25715,368.77545
25716,394.52063
25717,385.74313
25718,585.91595
25719,285.14157
25720,546.9577
25721,396.5773
25722,615.0035
25723,516.88385
25724,739.6915
25725,551.95605
25726,794.3172
25727,1075.525
25728,809.19226
25729,782.5473
25730,1036.7062
25731,959.8443
25732,1154.1862
25733,1339.6802
25734,997.63354
25735,912.43866
25736,1443.9017
25737,1234.0886
25738,1417.226
25739,1398.9594
25740,1436.9003
25741,1324.2721
25742,1028.7534
25743,1228.3248
25744,1209.693
25745,486.66168
25746,224.8441
25747,267.10275
25748,221.58458
25749,176.67859
25750,177.86555
25751,532.1726
25752,464.4237
25753,473.12558
25754,267.27078
25755,551.3118
25756,481.67896
25757,507.9603
25758,423.76724
25759,320.27335
25760,317.54617
25761,276.06113
25762,332.86975
25763,437.1683
25764,352.48578
25765,292.0736
25766,268.61703
25767,312.4237
25768,312.4237
25769,238.27472
25770,209.37006
25771,261.67477
25772,234.52713
25773,208.28975
25774,271.10748
25775,371.36313
25776,277.75897
25777,327.2026
25778,367.11847
25779,352.15735
25780,360.85062
25781,271.70587
25782,273.86295
25783,289.60785
25784,307.73096
25785,265.3283
25786,237.05583
25787,330.31815
25788,359.00882
25789,384.21225
25790,454.3381
25791,316.30008
25792,325.6281
25793,290.02148
25794,304.35202
25795,275.9779
25796,327.4351
25797,328.43567
25798,203.13611
25799,215.11194
25800,279.70462
25801,382.4566
25802,306.67932
25803,291.41516
25804,214.12169
25805,203.7963
25806,206.55374
25807,235.60841
25808,258.06488
25809,230.5971
25810,258.06488
25811,223.82436
25812,238.42412
25813,247.58214
25814,191.47281
25815,263.27197
25816,249.865
25817,283.3327
25818,354.44952
25819,469.8455
25820,433.5834
25821,407.42737
25822,420.6542
25823,424.7127
25824,275.9235
25825,260.40842
25826,345.49554
25827,370.36273
25828,462.49228
25829,342.5911
25830,221.95195
25831,151.42131
25832,115.95633
25833,158.74083
25834,299.0228
25835,334.76382
25836,273.33896
25837,68.34205
25838,88.50208
25839,63.63162
25840,47.705456
25841,158.14528
25842,129.89957
25843,90.924446
25844,45.714706
25845,34.892536
25846,38.320507
25847,25.883461
25848,42.035896
25849,64.36203
25850,106.37513
25851,216.98203
25852,252.2837
25853,243.17113
25854,155.13742
25855,398.06793
25856,432.92618
25857,281.0495
25858,414.31744
25859,505.41147
25860,252.85266
25861,281.87262
25862,233.91188
25863,427.9484
25864,211.42802
25865,245.02841
25866,284.50845
25867,184.9883
25868,145.22165
25869,452.51935
25870,429.06818
25871,271.12872
25872,139.17474
25873,136.52878
25874,33.337452
25875,58.293102
25876,416.99588
25877,660.9138
25878,263.6273
25879,138.97908
25880,178.37532
25881,132.89494
25882,150.97238
25883,177.72792
25884,70.15675
25885,88.814316
25886,288.23166
25887,310.0484
25888,290.55112
25889,305.95673
25890,262.27588
25891,314.94168
25892,281.017
25893,330.46454
25894,295.05823
25895,424.30026
25896,399.07208
25897,198.89061
25898,166.85246
25899,118.72043
25900,245.66634
25901,210.87114
25902,233.48677
25903,256.75302
25904,276.24612
25905,211.00543
25906,330.28662
25907,187.07454
25908,39.995945
25909,128.25656
25910,132.3517
25911,72.1239
25912,43.434303
25913,47.056187
25914,60.005413
25915,13.932983
25916,2.0426028
25917,2.3536017
25918,0.9377225
25919,30.252378
25920,38.401802
25921,18.666386
25922,2.9067197
25923,1.3436289
25924,1.3436289
25925,1.5169142
25926,28.985792
25927,107.88583
25928,126.566956
25929,100.68536
25930,82.63836
25931,43.419174
25932,51.60212
25933,33.136578
25934,9.797476
25935,1.089587
25936,0.4052124
25937,4.9922166
25938,41.608406
25939,81.33293
25940,31.703135
25941,36.93022
25942,30.109318
25943,56.39109
25944,20.270905
25945,19.47637
25946,72.09542
25947,87.05866
25948,56.09899
25949,33.69687
25950,7.5456014
25951,69.61781
25952,115.51723
25953,29.239225
25954,4.889521
25955,0.5354724
25956,2.0420084
25957,2.0420084
25958,1.266708
25959,1.266708
25960,1.266708
25961,1.1626264
25962,2.5570982
25963,3.013664
25964,3.013664
25965,2.5570982
25966,2.5570982
25967,2.3837807
25968,2.5570982
25969,2.4357944
25970,1.8450663
25971,1.6085124
25972,1.6085124
25973,1.5044308
25974,-0.24575089
25975,0.9455559
25976,2.036977
25977,2.904129
25978,49.59047
25979,55.389046
25980,47.864647
25981,109.74922
25982,87.06495
25983,131.60686
25984,156.59386
25985,111.177956
25986,139.48322
25987,74.069725
25988,58.092686
25989,22.331797
25990,32.38347
25991,12.55042
25992,15.068799
25993,2.6465042
25994,1.2201521
25995,2.3800287
25996,61.716442
25997,104.310814
25998,84.03424
25999,270.96017
26000,251.76913
26001,194.04552
26002,279.7285
26003,178.38231
26004,85.20356
26005,91.52075
26006,90.07841
26007,170.8994
26008,120.12511
26009,176.63861
26010,139.1173
26011,184.84033
26012,106.440475
26013,149.99933
26014,133.62119
26015,158.979
26016,104.805176
26017,146.99362
26018,244.1193
26019,103.3193
26020,92.97397
26021,114.33134
26022,100.040634
26023,234.21332
26024,165.21375
26025,40.08909
26026,166.30699
26027,90.47168
26028,174.66942
26029,174.61864
26030,138.13338
26031,123.860954
26032,6.690346
26033,44.067
26034,145.0497
26035,79.627235
26036,57.191296
26037,13.989702
26038,78.292206
26039,55.63723
26040,11.503959
26041,2.407357
26042,0.8309776
26043,2.0222847
26044,51.397274
26045,74.18012
26046,252.8798
26047,221.21999
26048,162.16463
26049,93.734055
26050,90.29568
26051,118.1256
26052,122.70125
26053,116.67875
26054,78.84551
26055,7.333558
26056,45.010735
26057,82.28811
26058,103.816696
26059,113.01213
26060,182.20049
26061,209.89696
26062,181.32236
26063,213.42836
26064,157.64511
26065,172.82141
26066,220.16954
26067,320.78806
26068,374.80634
26069,350.0634
26070,402.24786
26071,417.5086
26072,416.00055
26073,376.7022
26074,395.12677
26075,449.08795
26076,457.3308
26077,503.47086
26078,468.8719
26079,452.41833
26080,416.97025
26081,388.2284
26082,343.34464
26083,335.0169
26084,307.1678
26085,335.8962
26086,311.52185
26087,130.70203
26088,9.707178
26089,12.927234
26090,10.464619
26091,6.0355377
26092,5.0107713
26093,26.333738
26094,4.9083905
26095,-0.34880063
26096,2.9425128
26097,69.276566
26098,29.211185
26099,33.387985
26100,24.468563
26101,9.837824
26102,4.656135
26103,3.6619577
26104,-0.69209105
26105,-0.65765756
26106,-0.6058287
26107,-0.69209105
26108,-0.64026225
26109,-0.6058287
26110,-0.6058287
26111,-0.6058287
26112,0.0676533
26113,0.0676533
26114,0.0676533
26115,0.0676533
26116,0.0676533
26117,0.0676533
26118,0.16581176
26119,0.16581176
26120,0.16581176
26121,0.11398296
26122,-0.15743883
26123,-0.15743883
26124,0.16465928
26125,0.4360812
26126,0.16465928
26127,0.16465928
26128,-0.0025541466
26129,-0.0025541466
26130,0.15371008
26131,0.15371008
26132,-0.013503348
26133,-0.020177161
26134,-0.020177161
26135,0.059550937
26136,0.0634301
26137,-0.43015203
26138,-0.43015203
26139,-0.08590934
26140,-0.12034288
26141,-0.12034288
26142,-0.124222055
26143,-0.124222055
26144,-0.0897885
26145,0.04906321
26146,-0.4877271
26147,-0.52985173
26148,0.12913306
26149,-0.3746807
26150,-0.3746807
26151,-0.18097429
26152,-0.3746807
26153,-0.74108243
26154,-0.74108243
26155,-0.6370009
26156,-0.87656903
26157,-1.1691025
26158,-1.5355046
26159,-1.7636074
26160,-1.5355046
26161,-1.5655297
26162,-2.296174
26163,-1.8179523
26164,-1.7436157
26165,0.16318591
26166,-0.64281243
26167,1.6260017
26168,25.925007
26169,84.13136
26170,161.32277
26171,146.64577
26172,109.92107
26173,80.60344
26174,24.16499
26175,11.973741
26176,4.269997
26177,-1.4193454
26178,-1.4193454
26179,-1.4193454
26180,0.09464817
26181,0.09464817
26182,-0.9547577
26183,-1.3665222
26184,-1.3665222
26185,-1.3665222
26186,-1.3665222
26187,-1.3665222
26188,-1.3665222
26189,-1.3665222
26190,-1.3665222
26191,-1.3665222
26192,-1.3665222
26193,-1.2624406
26194,0.09464817
26195,0.09464817
26196,0.09464817
26197,0.044351544
26198,1.1866838
26199,0.50223887
26200,25.022013
26201,70.052216
26202,46.067665
26203,6.656586
26204,2.79422
26205,1.7514166
26206,3.3243148
26207,-1.8659964
26208,-1.6063802
26209,-1.0640099
26210,-1.6063802
26211,-1.6652033
26212,-1.7787396
26213,-1.6063802
26214,-1.6652033
26215,-0.47386304
26216,-1.7787396
26217,-1.7787396
26218,-1.5102504
26219,-1.5102504
26220,-1.7787396
26221,-1.7787396
26222,-1.6805812
26223,-1.6805812
26224,-1.6805812
26225,-1.6805812
26226,-1.6805812
26227,-1.6805812
26228,-1.1074339
26229,-1.1074339
26230,-1.1074339
26231,-1.1074339
26232,-1.1074339
26233,-1.1074339
26234,-1.1183833
26235,-0.6959502
26236,-0.6538256
26237,-0.6538256
26238,-0.6538256
26239,-0.6538256
26240,-0.8988689
26241,-1.2652388
26242,-1.5823545
26243,-1.5823545
26244,-1.2652388
26245,-1.5823545
26246,-1.5823545
26247,-1.5823545
26248,-1.5823545
26249,-1.5823545
26250,-1.5823545
26251,-2.5753195
26252,-1.5823545
26253,-1.5823545
26254,-2.5753195
26255,-1.8291645
26256,-2.0024498
26257,-1.8291645
26258,-1.7408981
26259,-2.0107288
26260,-2.0107288
26261,-2.0107288
26262,-2.0107288
26263,-1.6443269
26264,-2.0024498
26265,-2.0024498
26266,-2.0368834
26267,-2.0368834
26268,-2.0024498
26269,-2.0024498
26270,-2.0024498
26271,-3.032186
26272,-2.0024498
26273,-2.9977522
26274,-2.8936706
26275,-3.032186
26276,-3.028307
26277,-3.028307
26278,-3.028307
26279,-2.9938731
26280,-2.9938731
26281,-3.028307
26282,-2.9977522
26283,-3.032186
26284,-3.032186
26285,-3.032186
26286,-2.0368834
26287,0.2160677
26288,-2.7008939
26289,-1.8096734
26290,-1.6363881
26291,-2.8049755
26292,-2.8049755
26293,-2.8394094
26294,-2.040789
26295,-2.040789
26296,-1.8675036
26297,-2.9320092
26298,-2.040789
26299,-2.040789
26300,-3.3715734
26301,-3.4060068
26302,-1.7808535
26303,-1.9197053
26304,-2.3762708
26305,-2.4107046
26306,-3.6979322
26307,-3.6979322
26308,-3.6979322
26309,-3.6979322
26310,-1.4095784
26311,12.51432
26312,49.471306
26313,67.95958
26314,62.63349
26315,81.059715
26316,81.85676
26317,89.26721
26318,98.858315
26319,87.21485
26320,102.46867
26321,106.29708
26322,79.219536
26323,58.567772
26324,62.300262
26325,71.84736
26326,114.342094
26327,114.342094
26328,147.10837
26329,124.69807
26330,110.92424
26331,112.20101
26332,116.427795
26333,86.69595
26334,78.848274
26335,50.024796
26336,51.633377
26337,16.735725
26338,17.335346
26339,52.799644
26340,38.858894
26341,25.252829
26342,21.562685
26343,11.645235
26344,15.138468
26345,15.630656
26346,15.470312
26347,18.021902
26348,33.373055
26349,45.38865
26350,61.02304
26351,120.59043
26352,95.78432
26353,72.320145
26354,75.53527
26355,77.115616
26356,101.64947
26357,99.06128
26358,109.96082
26359,98.5486
26360,86.933624
26361,117.44501
26362,156.08585
26363,141.61823
26364,93.104164
26365,66.38787
26366,101.45081
26367,85.59527
26368,141.84915
26369,131.9584
26370,170.98859
26371,207.00127
26372,197.7644
26373,114.480865
26374,63.52526
26375,71.95973
26376,165.45125
26377,126.482994
26378,109.625694
26379,55.925056
26380,85.61171
26381,17.876423
26382,-0.080956385
26383,31.540949
26384,1.7718776
26385,22.62837
26386,17.306768
26387,8.000705
26388,49.814537
26389,93.27712
26390,65.72402
26391,86.7183
26392,61.09854
26393,20.10013
26394,31.354116
26395,33.907837
26396,13.703098
26397,32.03456
26398,66.36641
26399,18.334108
26400,2.0224266
26401,-2.0024498
26402,8.589492
26403,7.6686883
26404,-2.6145802
26405,-1.3574649
26406,-1.4077615
26407,-1.3574649
26408,-2.0024498
26409,-2.0024498
26410,-2.0024498
26411,-2.0024498
26412,-2.0024498
26413,-2.0024498
26414,-1.9985707
26415,-1.9985707
26416,-1.9985707
26417,-2.9938731
26418,-2.9938731
26419,-3.028307
26420,-2.9242253
26421,-1.9985707
26422,-1.9985707
26423,-1.5420053
26424,4.6426063
26425,-1.9985707
26426,-1.8252853
26427,-1.9985707
26428,-1.8755819
26429,41.817207
26430,11.219343
26431,8.865393
26432,84.00211
26433,41.12643
26434,48.68667
26435,50.986137
26436,53.159637
26437,285.9285
26438,153.519
26439,124.63342
26440,180.63954
26441,113.54646
26442,117.5617
26443,95.09031
26444,234.01488
26445,246.53255
26446,191.0547
26447,255.05103
26448,322.81186
26449,323.39297
26450,291.90552
26451,440.47464
26452,532.4744
26453,495.11578
26454,473.5225
26455,512.6308
26456,557.8062
26457,404.45667
26458,426.77048
26459,410.7237
26460,443.6782
26461,684.52966
26462,779.71686
26463,1153.3828
26464,747.991
26465,548.92706
26466,558.7931
26467,489.6121
26468,356.55173
26469,330.51605
26470,436.96448
26471,552.5614
26472,207.129
26473,108.19225
26474,77.76639
26475,63.969677
26476,6.0431066
26477,-1.648418
26478,52.016167
26479,37.52904
26480,84.550964
26481,29.150002
26482,41.39113
26483,84.42841
26484,40.694923
26485,44.359795
26486,70.032906
26487,77.320045
26488,93.85868
26489,71.945244
26490,12.988293
26491,4.6020355
26492,1.5358664
26493,0.35108358
26494,10.385604
26495,71.67969
26496,151.62088
26497,101.47702
26498,264.21814
26499,475.59918
26500,504.79916
26501,552.5207
26502,722.85596
26503,860.837
26504,769.90173
26505,653.3382
26506,713.3692
26507,786.4049
26508,957.7287
26509,1064.5117
26510,989.2646
26511,809.8425
26512,888.51105
26513,853.39746
26514,887.0745
26515,882.6571
26516,827.0144
26517,585.5423
26518,672.8575
26519,595.3227
26520,497.24265
26521,542.3534
26522,367.4538
26523,244.51112
26524,351.19443
26525,252.84248
26526,422.92017
26527,380.68137
26528,200.23466
26529,532.4382
26530,370.09146
26531,387.75153
26532,267.89053
26533,280.20364
26534,497.76047
26535,298.2331
26536,266.85007
26537,305.89307
26538,446.6091
26539,295.61664
26540,255.91937
26541,456.50656
26542,418.95374
26543,378.24896
26544,280.53107
26545,305.03442
26546,272.38922
26547,155.37212
26548,203.01025
26549,336.26724
26550,478.44162
26551,421.47147
26552,557.283
26553,504.59143
26554,290.58066
26555,54.58245
26556,138.96489
26557,212.21068
26558,203.03052
26559,216.19102
26560,188.09671
26561,140.55388
26562,218.41447
26563,168.5697
26564,170.01405
26565,170.59798
26566,122.46203
26567,264.79675
26568,306.17535
26569,181.69972
26570,260.8779
26571,204.87271
26572,135.94371
26573,169.26767
26574,156.96626
26575,266.21512
26576,174.52301
26577,96.9536
26578,133.97989
26579,66.05684
26580,134.6315
26581,70.33761
26582,48.724903
26583,-1.4894379
26584,43.98215
26585,18.484612
26586,34.439426
26587,42.346775
26588,18.868696
26589,18.136461
26590,30.008156
26591,45.534542
26592,72.062965
26593,117.23198
26594,106.07571
26595,110.651245
26596,82.22073
26597,55.65879
26598,85.14367
26599,73.89181
26600,56.711926
26601,59.8517
26602,63.064125
26603,93.6099
26604,169.41005
26605,192.57094
26606,191.27551
26607,129.399
26608,139.22668
26609,197.56676
26610,250.8435
26611,253.33707
26612,172.57916
26613,161.40013
26614,60.30354
26615,39.736385
26616,17.365286
26617,14.29082
26618,4.5080075
26619,-2.6066425
26620,3.373503
26621,-2.5578892
26622,-1.1137103
26623,-1.0748608
26624,-1.0709816
26625,-1.0709816
26626,-1.0709816
26627,-1.0365481
26628,-1.0365481
26629,-1.0365481
26630,-0.91647357
26631,-0.95090705
26632,-0.95090705
26633,-0.95090705
26634,-0.91647357
26635,-0.91647357
26636,-0.91647357
26637,-1.5805137
26638,-1.6149473
26639,-1.6149473
26640,-1.5805137
26641,-1.6149473
26642,-1.6149473
26643,-1.6149473
26644,-1.5805137
26645,-1.5805137
26646,-1.5805137
26647,-1.1239479
26648,-0.3960992
26649,0.18345489
26650,-1.4236089
26651,-1.5276905
26652,-1.3553312
26653,-0.22281398
26654,-1.3254505
26655,-1.4295322
26656,-1.4295322
26657,-0.124655545
26658,-0.124655545
26659,-0.2979408
26660,0.024157237
26661,0.19744241
26662,-0.22630154
26663,-0.22630154
26664,-0.22630154
26665,-1.1548301
26666,-0.6923694
26667,-1.0094851
26668,-1.0094851
26669,-1.0439185
26670,-2.0024498
26671,-2.0024498
26672,-1.6443269
26673,-1.6443269
26674,-1.838689
26675,-2.4331615
26676,-2.4331615
26677,-1.838689
26678,-2.4331615
26679,-2.4331615
26680,-2.3290799
26681,-2.4331615
26682,-2.3290799
26683,-2.4331615
26684,3.2487702
26685,28.350088
26686,12.360655
26687,94.79063
26688,50.42529
26689,94.21777
26690,114.4151
26691,145.51303
26692,149.31882
26693,141.01117
26694,145.26016
26695,138.36725
26696,239.06306
26697,267.7862
26698,136.91167
26699,207.53679
26700,329.0785
26701,331.32217
26702,308.8572
26703,163.58324
26704,185.60046
26705,303.60663
26706,213.33762
26707,147.5075
26708,161.56552
26709,62.14041
26710,54.46454
26711,12.259269
26712,-1.9899493
26713,30.27797
26714,82.82991
26715,133.86955
26716,48.112988
26717,45.88949
26718,43.71626
26719,1.375914
26720,2.0834126
26721,63.045624
26722,50.627724
26723,32.998447
26724,39.155476
26725,71.62899
26726,86.22119
26727,72.516945
26728,65.187454
26729,2.4631515
26730,-2.2119858
26731,-0.7027165
26732,27.113466
26733,22.202257
26734,32.57527
26735,7.060448
26736,6.2944474
26737,12.095644
26738,49.32508
26739,22.353188
26740,-1.733179
26741,-1.5713407
26742,-1.5713407
26743,-1.0644785
26744,0.69747275
26745,45.127987
26746,40.368877
26747,67.60049
26748,96.36324
26749,121.906136
26750,216.7326
26751,109.79516
26752,211.03633
26753,123.428024
26754,0.5130639
26755,33.78467
26756,70.2729
26757,94.01852
26758,74.40925
26759,53.22737
26760,10.98642
26761,-2.0413964
26762,-1.8292618
26763,-1.8292618
26764,-1.8292618
26765,-1.4193454
26766,-1.4193454
26767,0.81756234
26768,456.0103
26769,647.4805
26770,289.21466
26771,131.76884
26772,28.961527
26773,4.9855857
26774,-1.2113409
26775,-0.7083497
26776,-0.7083497
26777,-0.7083497
26778,-0.7083497
26779,-0.7083497
26780,-0.6553901
26781,-0.6553901
26782,-0.6553901
26783,-0.38690135
26784,-0.38690135
26785,-0.12761061
26786,85.67594
26787,233.09293
26788,45.759636
26789,4.7019525
26790,0.67043775
26791,-0.7193661
26792,-0.7193661
26793,0.41222417
26794,0.41222417
26795,0.5855093
26796,-0.7193661
26797,0.045674663
26798,-0.107216015
26799,0.9108045
26800,24.714415
26801,48.948975
26802,81.47801
26803,12.051478
26804,-0.29910958
26805,-0.29910958
26806,-0.29910958
26807,0.33889896
26808,0.29264578
26809,0.29264578
26810,0.12913306
26811,0.12913306
26812,0.12913306
26813,0.12913306
26814,0.12913306
26815,0.12913306
26816,-0.080956385
26817,-0.11538994
26818,-0.726803
26819,-1.0439185
26820,-0.726803
26821,-1.7221054
26822,-1.1106921
26823,-1.1106921
26824,-1.1106921
26825,-1.1106921
26826,-1.1106921
26827,-1.1106921
26828,-1.0294086
26829,-1.0294086
26830,-1.0294086
26831,-1.6408218
26832,-1.6408218
26833,17.215431
26834,253.9445
26835,443.8104
26836,348.932
26837,454.83875
26838,503.8792
26839,537.7022
26840,327.66248
26841,371.99887
26842,410.89636
26843,149.65137
26844,37.697975
26845,-0.124222055
26846,-6.683676
26847,-6.787757
26848,-6.787757
26849,31.59177
26850,5.370643
26851,-6.2273498
26852,-0.87656903
26853,-1.838689
26854,-1.838689
26855,-1.838689
26856,-1.049854
26857,-1.049854
26858,-0.73273844
26859,22.064066
26860,38.572083
26861,87.7275
26862,75.13028
26863,134.89064
26864,53.020096
26865,34.7426
26866,0.11182009
26867,0.11182009
26868,0.11182009
26869,0.11182009
26870,-0.11929554
26871,-0.11929554
26872,0.053989735
26873,-1.1145977
26874,-1.1145977
26875,-1.1145977
26876,-0.9821893
26877,87.0047
26878,151.0399
26879,336.15942
26880,438.1463
26881,903.18835
26882,1397.8883
26883,1316.2196
26884,1367.6146
26885,1339.2502
26886,1400.6063
26887,836.8895
26888,691.49207
26889,699.0996
26890,602.6815
26891,232.18645
26892,102.94693
26893,69.064804
26894,113.07094
26895,184.63893
26896,181.56802
26897,157.4534
26898,181.81136
26899,233.30649
26900,317.17853
26901,225.28346
26902,208.84135
26903,411.51306
26904,478.4199
26905,538.71173
26906,456.61728
26907,198.62505
26908,164.25427
26909,174.33385
26910,260.49994
26911,288.22134
26912,244.64555
26913,214.16988
26914,224.2561
26915,184.59013
26916,183.54628
26917,118.29021
26918,63.97518
26919,8.274747
26920,0.9531802
26921,0.8952064
26922,1.1321234
26923,0.958838
26924,1.9568757
26925,1.9568757
26926,2.130161
26927,2.4134407
26928,2.4134407
26929,54.18049
26930,84.70151
26931,63.90223
26932,62.28463
26933,71.59687
26934,199.69553
26935,234.73622
26936,130.59576
26937,125.73829
26938,182.1536
26939,222.50893
26940,402.19696
26941,344.51248
26942,370.83228
26943,326.92444
26944,349.43973
26945,409.70682
26946,408.20218
26947,279.39938
26948,268.49597
26949,339.50787
26950,256.3663
26951,370.3954
26952,536.8379
26953,324.15176
26954,552.03815
26955,332.80264
26956,484.03342
26957,505.57632
26958,423.22598
26959,515.7025
26960,565.1648
26961,444.43604
26962,505.74783
26963,574.02985
26964,528.04956
26965,655.8169
26966,698.36993
26967,670.6067
26968,559.87994
26969,372.6507
26970,491.92377
26971,206.03322
26972,115.66118
26973,92.29147
26974,103.488304
26975,114.71511
26976,71.84659
26977,92.29912
26978,29.192114
26979,170.67848
26980,170.3497
26981,97.47427
26982,115.030045
26983,105.975334
26984,113.137215
26985,90.19848
26986,114.92534
26987,55.5876
26988,84.09404
26989,60.85636
26990,28.305655
26991,40.645313
26992,42.098
26993,26.574373
26994,35.87479
26995,-0.2953096
26996,0.9629016
26997,81.40186
26998,89.032585
26999,125.16145
27000,84.73414
27001,95.57315
27002,39.533226
27003,9.437227
27004,114.12817
27005,347.54565
27006,237.14435
27007,139.4852
27008,36.809082
27009,41.76613
27010,35.00954
27011,3.989121
27012,4.5667114
27013,1.0584621
27014,0.77704996
27015,0.8273466
27016,-0.65445507
27017,0.90023243
27018,44.538006
27019,80.71183
27020,124.5953
27021,191.45839
27022,167.88213
27023,77.60331
27024,142.41911
27025,214.55708
27026,374.5469
27027,330.9539
27028,321.24493
27029,407.41812
27030,517.9726
27031,581.4435
27032,564.16766
27033,398.2749
27034,425.12042
27035,369.15253
27036,376.97668
27037,319.98676
27038,407.51117
27039,372.7039
27040,235.14502
27041,332.41165
27042,414.5778
27043,480.76776
27044,379.78104
27045,281.33228
27046,286.81458
27047,359.71545
27048,479.88953
27049,431.00986
27050,488.32492
27051,550.11224
27052,518.34894
27053,614.7029
27054,458.87012
27055,293.5089
27056,333.44287
27057,303.80347
27058,396.31027
27059,396.36627
27060,491.23563
27061,515.67694
27062,439.0545
27063,338.17157
27064,347.23798
27065,261.6977
27066,167.19159
27067,170.91591
27068,277.46646
27069,236.65283
27070,222.4187
27071,199.0713
27072,234.93356
27073,261.49036
27074,200.53432
27075,160.93112
27076,215.5006
27077,268.15472
27078,193.97777
27079,171.71132
27080,188.80318
27081,223.47798
27082,240.76845
27083,240.54213
27084,197.416
27085,252.38509
27086,164.29497
27087,233.17517
27088,236.5144
27089,247.62335
27090,153.05827
27091,136.84535
27092,144.46521
27093,202.50465
27094,150.93158
27095,107.15935
27096,170.60526
27097,94.6477
27098,104.72558
27099,105.834694
27100,112.273766
27101,104.58234
27102,108.3981
27103,41.5307
27104,58.730103
27105,92.33105
27106,122.98119
27107,155.36058
27108,62.389904
27109,73.711754
27110,103.63287
27111,12.735774
27112,0.5877284
27113,4.135393
27114,83.860634
27115,102.12499
27116,127.05444
27117,84.009735
27118,126.35329
27119,89.336044
27120,95.27623
27121,129.20795
27122,269.85492
27123,188.24495
27124,202.14993
27125,123.37515
27126,293.02228
27127,428.52182
27128,362.64383
27129,225.71353
27130,317.6835
27131,365.60037
27132,348.31778
27133,226.20341
27134,487.90753
27135,456.0376
27136,437.07184
27137,614.9866
27138,678.5338
27139,316.70798
27140,315.52585
27141,172.42903
27142,338.829
27143,397.19046
27144,242.49521
27145,249.42104
27146,403.49588
27147,226.70966
27148,513.1472
27149,458.90656
27150,734.315
27151,461.21652
27152,797.81714
27153,675.6079
27154,712.391
27155,552.4281
27156,450.728
27157,348.29633
27158,614.5218
27159,489.71997
27160,497.12433
27161,321.21048
27162,429.67047
27163,325.99835
27164,209.82655
27165,309.88245
27166,177.22229
27167,124.19772
27168,84.55224
27169,86.554344
27170,90.83769
27171,117.394485
27172,135.33734
27173,112.905014
27174,80.763855
27175,66.46741
27176,30.07937
27177,19.094734
27178,41.5248
27179,70.317825
27180,70.11577
27181,88.88962
27182,101.257965
27183,114.43697
27184,153.93178
27185,205.68524
27186,145.10704
27187,189.12779
27188,234.12251
27189,182.67007
27190,158.92091
27191,220.24905
27192,204.16924
27193,192.09071
27194,250.02225
27195,269.24036
27196,361.60098
27197,331.00015
27198,307.3863
27199,434.51102
27200,543.351
27201,490.17792
27202,489.8439
27203,442.67093
27204,543.64874
27205,690.2105
27206,638.2673
27207,646.7635
27208,636.7079
27209,690.5938
27210,592.6906
27211,547.74023
27212,499.70633
27213,413.45966
27214,432.69202
27215,434.36203
27216,482.58508
27217,515.79193
27218,539.45636
27219,486.99283
27220,500.41257
27221,560.0142
27222,716.55054
27223,673.14404
27224,757.7181
27225,856.45605
27226,995.62
27227,979.5912
27228,981.42993
27229,1091.1537
27230,830.4348
27231,909.75916
27232,928.8628
27233,910.8779
27234,780.27924
27235,770.9164
27236,882.2084
27237,727.007
27238,626.4456
27239,850.4311
27240,901.879
27241,1064.1791
27242,1171.1183
27243,1275.5944
27244,905.29114
27245,1465.8911
27246,1768.8506
27247,1240.3512
27248,1285.9524
27249,1552.4042
27250,1302.1101
27251,1466.154
27252,1481.4834
27253,1588.6361
27254,1387.7429
27255,1635.4569
27256,1198.6617
27257,901.5803
27258,1202.978
27259,1262.0182
27260,1197.1212
27261,1423.4335
27262,1123.0894
27263,1037.2552
27264,987.13416
27265,1228.1953
27266,1802.7805
27267,1464.7351
27268,1196.0797
27269,1469.7789
27270,1595.9874
27271,1470.5537
27272,1409.1208
27273,1485.2173
27274,1030.5327
27275,1385.7689
27276,1056.6412
27277,783.6184
27278,1438.1357
27279,1326.0531
27280,1766.8801
27281,1240.6014
27282,1419.7728
27283,992.62573
27284,1031.0648
27285,1070.517
27286,1200.481
27287,1212.0729
27288,1500.7245
27289,1470.4075
27290,1429.1056
27291,912.4829
27292,769.06494
27293,880.62494
27294,681.1399
27295,954.3546
27296,793.8815
27297,1102.3334
27298,956.12415
27299,1328.4519
27300,502.09174
27301,438.2301
27302,248.62563
27303,185.47711
27304,126.68578
27305,118.965324
27306,127.2585
27307,121.06908
27308,88.51185
27309,120.451546
27310,84.47602
27311,113.94139
27312,128.04
27313,91.270424
27314,54.573467
27315,87.69815
27316,97.20437
27317,127.05704
27318,121.02374
27319,32.78462
27320,88.97174
27321,66.9202
27322,135.84705
27323,78.94256
27324,24.05256
27325,4.4563975
27326,6.3097043
27327,19.128769
27328,15.7029295
27329,17.45475
27330,37.703316
27331,25.533728
27332,28.53251
27333,49.240932
27334,104.55866
27335,144.64127
27336,75.793976
27337,11.197359
27338,77.76854
27339,135.00693
27340,99.03289
27341,141.90625
27342,76.66131
27343,106.37872
27344,134.56497
27345,147.39049
27346,254.62256
27347,273.58633
27348,199.4353
27349,128.27304
27350,99.90376
27351,97.35866
27352,135.4045
27353,136.94774
27354,104.10798
27355,99.97238
27356,113.43272
27357,98.12678
27358,143.9911
27359,207.73831
27360,174.11974
27361,138.39963
27362,104.12689
27363,90.07352
27364,66.26534
27365,102.22024
27366,120.199265
27367,154.2814
27368,122.60623
27369,129.14398
27370,147.18578
27371,132.96898
27372,136.9659
27373,148.63669
27374,139.46431
27375,105.83991
27376,81.78862
27377,67.52745
27378,93.05182
27379,201.31789
27380,132.63768
27381,87.7656
27382,125.65124
27383,202.67494
27384,248.3159
27385,212.85568
27386,133.89075
27387,196.52493
27388,198.88565
27389,210.49414
27390,259.9028
27391,216.26486
27392,143.08432
27393,94.06091
27394,48.559135
27395,42.76577
27396,53.908516
27397,11.833388
27398,0.6830564
27399,1.4472789
27400,0.7331076
27401,1.7640547
27402,0.49821794
27403,1.5255859
27404,1.2984823
27405,1.1511112
27406,0.77132624
27407,-0.03699725
27408,-0.36729655
27409,0.34278747
27410,0.16950224
27411,0.16950224
27412,-0.6959502
27413,-0.6959502
27414,-0.6959502
27415,0.30241835
27416,0.12913306
27417,0.12913306
27418,0.12913306
27419,0.12913306
27420,0.12913306
27421,0.12913306
27422,0.560368
27423,0.73365325
27424,0.5259345
27425,0.36521816
27426,0.36521816
27427,0.27921262
27428,0.73577726
27429,41.550095
27430,144.96779
27431,183.30504
27432,273.81912
27433,168.45927
27434,73.09014
27435,49.73949
27436,43.898155
27437,9.81592
27438,6.448381
27439,0.29509526
27440,-0.21549305
27441,-0.21549305
27442,-0.21549305
27443,0.84262466
27444,1.0503435
27445,0.84262466
27446,0.7533211
27447,0.7533211
27448,0.7533211
27449,0.7533211
27450,0.6175466
27451,-0.44182202
27452,-0.40738845
27453,-0.40738845
27454,-0.44182202
27455,-0.40738845
27456,-0.21071118
27457,-0.21071118
27458,-0.21071118
27459,-0.21071118
27460,0.51907766
27461,0.6862917
27462,0.6931138
27463,0.6931138
27464,0.6931138
27465,0.52589977
27466,0.52589977
27467,26.11987
27468,183.56079
27469,165.31694
27470,201.10625
27471,266.64694
27472,386.51926
27473,386.28445
27474,238.5359
27475,76.2222
27476,11.528687
27477,6.015654
27478,0.9126017
27479,0.9126017
27480,0.9329963
27481,0.9329963
27482,0.9329963
27483,2.9782267
27484,79.987206
27485,159.61765
27486,263.06024
27487,326.8664
27488,252.28905
27489,183.05591
27490,146.75786
27491,74.28672
27492,208.50847
27493,281.26428
27494,329.75366
27495,494.55685
27496,467.85022
27497,371.07828
27498,437.27692
27499,394.57462
27500,209.1765
27501,440.85498
27502,439.9534
27503,207.11574
27504,276.63556
27505,154.26039
27506,334.55057
27507,309.15753
27508,394.5269
27509,410.97952
27510,207.98825
27511,343.02213
27512,392.93066
27513,710.5995
27514,564.38403
27515,392.63406
27516,400.38254
27517,333.72214
27518,805.1564
27519,696.60596
27520,376.7208
27521,686.171
27522,603.4261
27523,470.0972
27524,703.10443
27525,464.39072
27526,657.006
27527,530.46094
27528,382.24307
27529,474.20895
27530,525.01764
27531,250.3879
27532,263.25797
27533,280.61298
27534,450.68878
27535,315.29852
27536,235.28087
27537,301.16055
27538,684.2854
27539,411.14975
27540,669.8955
27541,324.3962
27542,771.66284
27543,785.9588
27544,514.0844
27545,518.53845
27546,569.8805
27547,392.8256
27548,365.3274
27549,548.4186
27550,531.1013
27551,675.1617
27552,420.37958
27553,412.641
27554,432.20267
27555,433.69284
27556,390.54697
27557,203.55466
27558,265.99783
27559,197.11734
27560,224.05927
27561,292.43933
27562,301.5428
27563,245.3231
27564,231.64355
27565,158.93965
27566,115.909355
27567,142.37952
27568,253.35811
27569,215.38097
27570,202.99657
27571,214.2061
27572,129.8981
27573,112.365585
27574,65.46542
27575,106.77539
27576,319.96555
27577,288.44397
27578,120.34008
27579,136.52983
27580,136.49284
27581,145.18964
27582,198.94785
27583,304.5482
27584,321.66977
27585,361.75446
27586,403.2897
27587,348.59216
27588,244.39375
27589,246.99068
27590,306.07245
27591,348.9716
27592,302.54678
27593,215.69641
27594,92.92746
27595,47.50363
27596,42.53571
27597,17.039711
27598,5.2371516
27599,6.074044
27600,5.7603664
27601,5.8039246
27602,6.033427
27603,1.4104123
27604,1.3601155
27605,1.4104123
27606,-0.27115542
27607,-0.2553297
27608,-0.2553297
27609,-0.2553297
27610,-0.35941127
27611,-0.2553297
27612,1.3221564
27613,-0.35941127
27614,-0.2553297
27615,1.3221564
27616,0.51993847
27617,0.06302166
27618,0.06302166
27619,0.06302166
27620,0.06302166
27621,0.06302166
27622,1.3221564
27623,1.2718596
27624,1.2470294
27625,1.4203148
27626,1.4203148
27627,1.4203148
27628,1.4203148
27629,0.16118002
27630,0.7891424
27631,0.7891424
27632,0.7891424
27633,1.841809
27634,1.841809
27635,0.7891424
27636,0.6467911
27637,0.6467911
27638,1.8945061
27639,1.8935766
27640,0.68461514
27641,0.7595167
27642,0.5185169
27643,1.9339458
27644,0.6225984
27645,1.726227
27646,1.726227
27647,1.726227
27648,1.6797298
27649,1.6797298
27650,1.6797298
27651,1.8935766
27652,0.37263173
27653,1.0915014
27654,17.743921
27655,6.140282
27656,3.7023053
27657,28.098284
27658,-0.18311852
27659,0.75906914
27660,1.4714562
27661,-0.3569772
27662,-0.55068356
27663,11.097895
27664,14.256062
27665,4.795145
27666,0.31994158
27667,-0.34692895
27668,1.5222694
27669,5.1086106
27670,68.499275
27671,11.338146
27672,0.20797387
27673,0.5259345
27674,0.5259345
27675,41.491272
27676,6.1444206
27677,-0.3579071
27678,-0.16381466
27679,-0.43364516
27680,-0.43364516
27681,-0.43364516
27682,-0.43364516
27683,0.2253393
27684,-0.39592734
27685,-0.08118534
27686,0.41239682
27687,0.41239682
27688,0.41239682
27689,0.5833336
27690,0.5833336
27691,0.5833336
27692,0.5833336
27693,0.6353151
27694,0.6175466
27695,0.6175466
27696,-0.33774045
27697,-0.40738845
27698,0.1423644
27699,-0.2504837
27700,-0.13276231
27701,-0.13276231
27702,-0.13276231
27703,-0.13276231
27704,-0.18735185
27705,-0.18735185
27706,1.0784848
27707,-0.18735185
27708,-0.18735185
27709,-0.18735185
27710,-0.18735185
27711,-0.18735185
27712,-0.18735185
27713,-0.18735185
27714,-0.18735185
27715,-0.18735185
27716,0.08406995
27717,0.08406995
27718,1.4994988
27719,1.1197139
27720,-0.20277402
27721,1.0563608
27722,-0.09869245
27723,0.3578728
27724,-0.23720756
27725,-0.13312598
27726,13.151596
27727,47.48771
27728,15.411516
27729,8.643673
27730,83.50999
27731,182.96848
27732,274.43405
27733,100.2575
27734,5.1536584
27735,-0.29003078
27736,0.86077285
27737,1.0340581
27738,0.9013345
27739,0.9013345
27740,0.9013345
27741,0.9013345
27742,0.9013345
27743,1.651624
27744,3.079931
27745,45.34764
27746,51.606117
27747,90.07674
27748,62.648148
27749,71.648415
27750,32.138184
27751,3.920206
27752,9.647504
27753,24.618408
27754,11.469457
27755,0.69280136
27756,0.83147264
27757,0.83147264
27758,0.83147264
27759,0.83147264
27760,1.1511112
27761,1.1511112
27762,0.48597437
27763,1.5487002
27764,0.38860938
27765,34.179237
27766,66.08011
27767,77.57597
27768,129.51083
27769,57.894115
27770,25.065096
27771,60.89029
27772,-0.16751146
27773,10.1709585
27774,89.576385
27775,50.218002
27776,47.95802
27777,12.173059
27778,-0.49229717
27779,-0.42577013
27780,0.2955962
27781,-0.43259233
27782,0.12231095
27783,0.12231095
27784,-0.43259233
27785,-0.53667396
27786,4.5620236
27787,0.20797387
27788,0.20797387
27789,0.20794189
27790,-0.34692895
27791,-0.45101053
27792,0.12910108
27793,-0.12132549
27794,-0.3836455
27795,-0.4877271
27796,0.05195977
27797,-0.12132549
27798,29.66462
27799,0.0733456
27800,18.393223
27801,4.5651393
27802,-0.20139545
27803,-0.74108243
27804,-0.51611054
27805,7.8351297
27806,61.068356
27807,53.987144
27808,18.879707
27809,-0.6919183
27810,24.933907
27811,5.0904956
27812,-0.4274156
27813,27.258324
27814,51.164505
27815,33.654095
27816,28.8369
27817,-0.48084632
27818,0.08114837
27819,-1.2142398
27820,0.19963875
27821,1.0042778
27822,-0.5942893
27823,-1.3679707
27824,-2.0001915
27825,-1.3679707
27826,-1.3679707
27827,-0.73811984
27828,23.839958
27829,36.894394
27830,28.400263
27831,22.195898
27832,31.28671
27833,6.3865614
27834,8.331387
27835,11.20737
27836,18.512138
27837,15.689208
27838,12.564459
27839,12.564459
27840,11.373119
27841,34.772896
27842,36.77974
27843,14.814325
27844,15.5902605
27845,11.20737
27846,6.995906
27847,6.2098894
27848,16.253586
27849,22.039377
27850,25.368511
27851,22.180202
27852,52.496613
27853,35.67903
27854,10.8959
27855,3.4861102
27856,12.021143
27857,30.242922
27858,24.75338
27859,36.219215
27860,23.54967
27861,10.763134
27862,16.781609
27863,9.249246
27864,3.6559167
27865,4.246063
27866,3.6315587
27867,7.2407837
27868,7.1367025
27869,-1.0654951
27870,-1.406169
27871,-1.5102504
27872,-1.2592014
27873,-0.5190841
27874,-1.0094851
27875,-0.11538994
27876,-1.4782729
27877,-1.4782729
27878,-1.4782729
27879,20.834404
27880,5.372402
27881,47.622025
27882,14.524752
27883,-2.0107288
27884,-2.0107288
27885,-2.0107288
27886,-2.5753195
27887,-1.0094851
27888,-2.0368834
27889,-2.6281426
27890,-0.077656746
27891,41.005974
27892,13.521478
27893,2.8932266
27894,-2.8936706
27895,-2.9977522
27896,-2.0024498
27897,-2.6690986
27898,-2.0368834
27899,-3.0505753
27900,-3.085009
27901,-3.085009
27902,-2.756355
27903,-2.9977522
27904,-2.9977522
27905,-2.8049755
27906,-2.7008939
27907,-2.1033976
27908,-2.892232
27909,-1.9301125
27910,-1.9301125
27911,-2.4157958
27912,-1.6269615
27913,45.57408
27914,60.919228
27915,34.98681
27916,104.31391
27917,129.20065
27918,142.19186
27919,128.37817
27920,167.58565
27921,117.01484
27922,165.59193
27923,193.84135
27924,215.87624
27925,214.9351
27926,206.28741
27927,273.29874
27928,325.2678
27929,342.05844
27930,356.30087
27931,374.17307
27932,367.29276
27933,400.83194
27934,349.66135
27935,239.92245
27936,183.90343
27937,155.76234
27938,163.19185
27939,170.44067
27940,207.06328
27941,233.42125
27942,237.37236
27943,258.00293
27944,246.28136
27945,280.94098
27946,308.44125
27947,350.18457
27948,344.78696
27949,319.46405
27950,219.12346
27951,177.91139
27952,155.73683
27953,183.23787
27954,219.13246
27955,210.95892
27956,198.09451
27957,192.24744
27958,192.04033
27959,198.66287
27960,250.00482
27961,230.81383
27962,274.4886
27963,303.53503
27964,355.69843
27965,305.18527
27966,254.59871
27967,199.9333
27968,204.01022
27969,212.43846
27970,251.39636
27971,240.93881
27972,227.85086
27973,187.91974
27974,268.93143
27975,240.93881
27976,216.71045
27977,173.18301
27978,244.78159
27979,285.32242
27980,266.20038
27981,246.99144
27982,250.85933
27983,259.33163
27984,201.4053
27985,144.11902
27986,91.489334
27987,88.16074
27988,123.36874
27989,145.8557
27990,85.96053
27991,67.117966
27992,53.189133
27993,43.838173
27994,53.91636
27995,46.856956
27996,61.30332
27997,48.310387
27998,37.859604
27999,45.62526
28000,67.46502
28001,56.561684
28002,75.01307
28003,59.12552
28004,30.55624
28005,29.556282
28006,8.000184
28007,2.2976305
28008,45.036736
28009,18.862247
28010,-1.2443229
28011,42.519775
28012,83.02517
28013,69.74429
28014,53.953804
28015,15.70447
28016,65.817535
28017,41.43049
28018,194.0958
28019,84.49555
28020,218.60936
28021,369.73065
28022,113.92791
28023,95.01232
28024,216.29796
28025,195.19113
28026,200.62732
28027,160.41748
28028,146.76657
28029,101.03098
28030,219.76932
28031,199.75299
28032,118.71023
28033,223.52806
28034,307.35254
28035,254.61824
28036,78.089424
28037,364.80496
28038,267.60867
28039,196.14255
28040,174.37001
28041,238.79677
28042,154.43762
28043,167.29889
28044,120.49315
28045,255.03836
28046,72.4138
28047,101.307175
28048,222.07205
28049,201.49564
28050,328.0672
28051,152.723
28052,103.733894
28053,224.86931
28054,261.46204
28055,104.1444
28056,146.9579
28057,39.716736
28058,15.116246
28059,40.027725
28060,30.182217
28061,34.472374
28062,30.782549
28063,32.347794
28064,21.852694
28065,31.07089
28066,59.5791
28067,54.488297
28068,83.1928
28069,107.06259
28070,156.81552
28071,201.68884
28072,180.69061
28073,138.32884
28074,192.3667
28075,161.09764
28076,134.4164
28077,137.29713
28078,98.64557
28079,122.8615
28080,113.841576
28081,137.0713
28082,144.45598
28083,138.99318
28084,158.54445
28085,190.40385
28086,202.78589
28087,267.7965
28088,293.99863
28089,267.21954
28090,365.823
28091,531.55664
28092,384.58374
28093,300.0728
28094,297.47427
28095,456.91553
28096,540.2568
28097,645.16034
28098,763.9685
28099,639.6928
28100,774.5082
28101,879.86676
28102,1028.6611
28103,683.45764
28104,678.2718
28105,697.2674
28106,962.97437
28107,750.836
28108,618.0166
28109,719.05853
28110,839.2812
28111,763.545
28112,664.4877
28113,655.7574
28114,540.55383
28115,357.58276
28116,696.13007
28117,744.1801
28118,635.565
28119,851.30743
28120,719.644
28121,801.04974
28122,685.0798
28123,492.14877
28124,495.44757
28125,459.84235
28126,358.54715
28127,240.23271
28128,313.05435
28129,261.0698
28130,284.13867
28131,312.64838
28132,252.16534
28133,248.23232
28134,179.27037
28135,182.26944
28136,219.13869
28137,213.0938
28138,233.7757
28139,205.3902
28140,200.48882
28141,232.5782
28142,151.34201
28143,256.84073
28144,173.04478
28145,91.12569
28146,93.753586
28147,215.95816
28148,436.02222
28149,412.57217
28150,399.7948
28151,220.60507
28152,114.31987
28153,65.72998
28154,237.03378
28155,87.55227
28156,255.54874
28157,212.68784
28158,210.69656
28159,107.52013
28160,84.77454
28161,186.89215
28162,136.11429
28163,156.46735
28164,116.96069
28165,154.65765
28166,115.01869
28167,130.61263
28168,45.105972
28169,172.12083
28170,149.62552
28171,150.91486
28172,70.69746
28173,83.76869
28174,101.68933
28175,61.55368
28176,57.34684
28177,213.20111
28178,157.45337
28179,130.52399
28180,3.9673548
28181,41.162796
28182,2.076262
28183,273.048
28184,421.30676
28185,172.68298
28186,170.15164
28187,101.80894
28188,236.39734
28189,16.866493
28190,44.72942
28191,177.02077
28192,357.14667
28193,144.12212
28194,178.08601
28195,315.85226
28196,176.73862
28197,75.27036
28198,25.802826
28199,113.01011
28200,76.1469
28201,103.763405
28202,23.602646
28203,84.055504
28204,170.22354
28205,54.93985
28206,-6.4718504
28207,-5.876101
28208,47.004368
28209,160.67159
28210,283.3035
28211,246.6429
28212,159.81415
28213,80.76303
28214,73.134766
28215,2.0128074
28216,-3.263531
28217,-2.8437564
28218,-2.670471
28219,-3.579768
28220,-3.4756863
28221,-2.1858737
28222,8.714646
28223,4.479667
28224,30.570919
28225,55.907642
28226,53.59952
28227,76.47473
28228,289.61377
28229,547.5798
28230,765.83484
28231,625.5878
28232,586.88965
28233,590.52844
28234,532.1787
28235,461.26648
28236,354.07523
28237,370.2587
28238,947.5646
28239,886.4153
28240,1684.3727
28241,1137.7931
28242,710.89386
28243,805.8649
28244,906.27893
28245,1498.9299
28246,563.40857
28247,340.5787
28248,273.46423
28249,706.76306
28250,1087.7584
28251,1476.1921
28252,1019.0252
28253,771.7284
28254,945.5802
28255,957.57465
28256,935.18475
28257,810.07214
28258,417.628
28259,256.77454
28260,416.64862
28261,541.6701
28262,390.18967
28263,342.18378
28264,284.43884
28265,396.0607
28266,196.43394
28267,167.0576
28268,263.2183
28269,210.77255
28270,185.17801
28271,158.46642
28272,360.86127
28273,551.5446
28274,756.45374
28275,558.3687
28276,261.29602
28277,360.7196
28278,688.023
28279,567.71106
28280,351.44186
28281,295.8836
28282,308.03137
28283,345.21796
28284,466.59003
28285,459.13663
28286,391.33755
28287,283.7301
28288,278.00977
28289,502.37097
28290,381.79758
28291,204.87535
28292,200.45235
28293,262.46277
28294,187.7276
28295,315.97205
28296,471.22302
28297,296.8849
28298,471.88367
28299,887.7682
28300,478.46222
28301,1189.4838
28302,1391.5797
28303,1335.8623
28304,842.024
28305,925.86694
28306,982.3556
28307,1232.3898
28308,1208.3757
28309,1083.7682
28310,1060.8699
28311,1510.6685
28312,1874.1819
28313,1571.2142
28314,1100.8082
28315,1527.8275
28316,1048.3953
28317,792.08167
28318,1316.543
28319,1551.0304
28320,1200.0985
28321,770.7503
28322,992.4271
28323,1370.5724
28324,1375.4733
28325,696.0508
28326,1140.6676
28327,1489.8657
28328,1162.1375
28329,1123.0532
28330,1318.7316
28331,1112.8948
28332,796.7485
28333,785.9867
28334,880.2422
28335,865.46747
28336,775.3377
28337,1078.2523
28338,1055.3475
28339,816.0301
28340,807.5273
28341,723.7448
28342,563.5256
28343,692.21216
28344,331.8021
28345,772.488
28346,549.465
28347,596.36536
28348,454.8968
28349,563.0947
28350,251.44054
28351,319.89267
28352,375.92126
28353,184.56648
28354,181.64009
28355,272.89722
28356,148.11807
28357,162.85255
28358,199.74191
28359,419.16174
28360,397.0661
28361,299.15344
28362,375.02197
28363,447.17548
28364,375.08475
28365,405.19183
28366,355.62204
28367,171.83917
28368,149.33316
28369,221.48758
28370,235.95398
28371,244.07164
28372,225.90701
28373,205.53433
28374,128.83932
28375,91.91758
28376,72.32615
28377,32.31246
28378,33.36016
28379,23.606827
28380,40.26831
28381,41.9241
28382,52.43578
28383,43.515602
28384,42.50509
28385,10.84962
28386,40.937
28387,74.38448
28388,78.86424
28389,71.099594
28390,89.936264
28391,83.36515
28392,75.467384
28393,44.018044
28394,33.835594
28395,66.27906
28396,53.923386
28397,8.074309
28398,1.246794
28399,-0.16742122
28400,0.5395694
28401,0.22086623
28402,-0.3397805
28403,-0.3397805
28404,-0.3397805
28405,1.625067
28406,5.9596796
28407,49.998604
28408,65.26434
28409,48.54931
28410,63.262764
28411,63.53582
28412,43.481277
28413,19.47373
28414,12.783552
28415,18.261986
28416,16.574371
28417,67.61181
28418,64.67111
28419,60.94896
28420,56.163986
28421,18.31127
28422,15.666575
28423,19.506622
28424,5.352472
28425,1.5747535
28426,-0.100868836
28427,-0.21589959
28428,0.92147684
28429,1.3051561
28430,0.49626452
28431,4.639797
28432,14.943091
28433,12.255449
28434,18.821352
28435,51.061806
28436,28.754425
28437,28.413414
28438,-1.0143017
28439,-1.0143017
28440,0.16950224
28441,0.79935306
28442,-1.1528167
28443,-1.1999822
28444,-0.124222055
28445,-0.20139545
28446,2.5817266
28447,2.5045483
28448,-0.19573767
28449,-0.080956385
28450,2.2764132
28451,64.08795
28452,63.416496
28453,42.595947
28454,8.937178
28455,6.856492
28456,81.67223
28457,70.4404
28458,8.863699
28459,-0.20139545
28460,-1.2484139
28461,21.00769
28462,-0.18043523
28463,-0.8157787
28464,-0.6923694
28465,8.130903
28466,34.2595
28467,6.5568657
28468,-1.0066105
28469,-0.84086156
28470,-1.0182846
28471,0.042032238
28472,-1.0182846
28473,-0.5958516
28474,-0.5958516
28475,0.15439366
28476,2.1483393
28477,60.88023
28478,10.201452
28479,0.18330145
28480,-0.5966928
28481,-0.6680224
28482,-0.6680224
28483,-0.710147
28484,0.77573615
28485,-0.710147
28486,-0.710147
28487,0.55703324
28488,0.5067367
28489,1.5750544
28490,33.059288
28491,65.68389
28492,37.39311
28493,13.763232
28494,6.019221
28495,5.001179
28496,-0.5102359
28497,-0.2509451
28498,-1.0757695
28499,34.35376
28500,161.65971
28501,220.95927
28502,121.63736
28503,114.48429
28504,183.57747
28505,355.24396
28506,371.18216
28507,315.15927
28508,198.63466
28509,238.4956
28510,206.69426
28511,143.65482
28512,149.69943
28513,204.54845
28514,119.29944
28515,71.80773
28516,80.68018
28517,116.87048
28518,192.69264
28519,172.30846
28520,161.01566
28521,124.477196
28522,59.370693
28523,10.472802
28524,12.443038
28525,72.51899
28526,72.36603
28527,66.730995
28528,31.285933
28529,23.202673
28530,32.148308
28531,45.278038
28532,115.40571
28533,111.0757
28534,105.274284
28535,96.86008
28536,69.65594
28537,81.04482
28538,174.16588
28539,262.84607
28540,162.16344
28541,151.27287
28542,246.00499
28543,275.47913
28544,280.8825
28545,229.65262
28546,135.09793
28547,247.3625
28548,242.62724
28549,148.64798
28550,223.81235
28551,301.66888
28552,183.79095
28553,174.65102
28554,135.66246
28555,90.627686
28556,65.994194
28557,65.51038
28558,62.931225
28559,60.00961
28560,62.512154
28561,50.14726
28562,82.78911
28563,130.78517
28564,79.66976
28565,90.46632
28566,30.453648
28567,6.4394054
28568,29.776154
28569,32.470695
28570,16.459732
28571,41.156593
28572,8.381602
28573,-0.39343634
28574,-0.04883072
28575,2.786256
28576,61.204906
28577,55.292522
28578,65.51864
28579,89.94285
28580,122.52753
28581,53.584408
28582,21.394083
28583,37.230377
28584,38.895653
28585,151.83357
28586,182.81366
28587,256.52954
28588,271.47733
28589,232.55783
28590,293.59152
28591,452.3993
28592,407.2806
28593,231.0436
28594,295.66577
28595,347.16867
28596,287.31293
28597,293.47433
28598,318.93738
28599,441.38602
28600,370.589
28601,621.1596
28602,759.68994
28603,649.9227
28604,249.426
28605,371.7659
28606,535.417
28607,485.71823
28608,498.6134
28609,461.346
28610,563.259
28611,266.5586
28612,487.29947
28613,500.08463
28614,204.79936
28615,237.42984
28616,283.18808
28617,381.88782
28618,453.8368
28619,154.79077
28620,217.03023
28621,345.64087
28622,158.82152
28623,287.19733
28624,397.07516
28625,182.0849
28626,245.96895
28627,189.07938
28628,236.43109
28629,198.19304
28630,191.0013
28631,121.82192
28632,148.19115
28633,221.35605
28634,180.99167
28635,273.35938
28636,1445.18
28637,1199.0514
28638,1191.7576
28639,1621.5408
28640,1201.5991
28641,1271.5966
28642,1321.3364
28643,384.38132
28644,250.79335
28645,87.02662
28646,148.19148
28647,381.68127
28648,531.6358
28649,512.6045
28650,622.4904
28651,697.74603
28652,497.64078
28653,382.97766
28654,407.8372
28655,510.81693
28656,554.0035
28657,459.8646
28658,530.5645
28659,493.52264
28660,383.78702
28661,528.2261
28662,675.81415
28663,504.36578
28664,591.48376
28665,1049.0588
28666,1437.4182
28667,1500.4834
28668,1295.3888
28669,1223.9473
28670,1114.3827
28671,1097.5872
28672,1016.5289
28673,1162.1179
28674,1104.9856
28675,929.6408
28676,745.0849
28677,601.13416
28678,625.65546
28679,745.957
28680,714.0573
28681,782.8678
28682,863.54193
28683,1072.1964
28684,1108.3428
28685,1319.3267
28686,1482.9781
28687,1578.7145
28688,1543.0421
28689,1283.0226
28690,1096.965
28691,1117.0187
28692,1129.6674
28693,1187.3584
28694,849.5531
28695,836.8834
28696,506.36517
28697,774.1676
28698,707.5543
28699,489.6804
28700,317.40475
28701,239.48024
28702,262.0809
28703,355.68442
28704,336.73596
28705,312.82898
28706,604.9813
28707,378.1195
28708,260.83636
28709,308.75076
28710,411.16882
28711,304.38828
28712,239.65549
28713,315.80978
28714,535.7403
28715,506.1065
28716,389.51855
28717,582.3927
28718,610.95056
28719,560.331
28720,608.7735
28721,1105.1414
28722,908.57794
28723,730.8959
28724,1081.5135
28725,758.926
28726,1367.0059
28727,1038.5824
28728,1137.8862
28729,914.28986
28730,1205.0737
28731,1064.8042
28732,708.33655
28733,776.6284
28734,1082.8901
28735,1080.9753
28736,596.90485
28737,615.0311
28738,736.5578
28739,1377.9657
28740,1393.3027
28741,1187.9205
28742,647.5658
28743,1435.6366
28744,918.03503
28745,558.84094
28746,902.34314
28747,740.78735
28748,624.6872
28749,747.19495
28750,808.08075
28751,814.78436
28752,495.45587
28753,476.50995
28754,492.81348
28755,686.96814
28756,775.56915
28757,942.85364
28758,661.91534
28759,576.6997
28760,320.24756
28761,271.50705
28762,215.67221
28763,419.9203
28764,298.9714
28765,364.23657
28766,348.81686
28767,287.00156
28768,200.87814
28769,103.37776
28770,35.746887
28771,46.525536
28772,116.30324
28773,40.80696
28774,19.109241
28775,20.084976
28776,36.441273
28777,12.700978
28778,40.8687
28779,97.50039
28780,57.10066
28781,-0.42174056
28782,-0.3811789
28783,1.2502153
28784,55.819996
28785,85.39637
28786,9.45663
28787,9.018177
28788,24.669739
28789,31.769955
28790,98.85317
28791,302.77118
28792,461.53528
28793,486.76953
28794,477.22058
28795,457.80472
28796,375.53094
28797,332.01904
28798,285.30835
28799,237.14464
28800,177.63644
28801,120.697296
28802,82.305
28803,17.131947
28804,1.5480515
28805,1.19145
28806,1.1228249
28807,1.1228249
28808,1.19145
28809,1.19145
28810,1.1031941
28811,1.1376277
28812,1.1376277
28813,6.82844
28814,68.52444
28815,77.96648
28816,100.26252
28817,150.23442
28818,195.7381
28819,160.35394
28820,248.54427
28821,259.77313
28822,168.92958
28823,225.71767
28824,254.7195
28825,376.8226
28826,476.2567
28827,743.20325
28828,856.4139
28829,1571.9047
28830,1439.4032
28831,1256.7758
28832,1187.3527
28833,701.2021
28834,433.00186
28835,327.85803
28836,270.2544
28837,186.80699
28838,331.70853
28839,562.45593
28840,391.58966
28841,257.65915
28842,430.9563
28843,94.363815
28844,140.5227
28845,142.30247
28846,203.47714
28847,230.34625
28848,266.85294
28849,239.78117
28850,382.2835
28851,436.25137
28852,325.50577
28853,259.6502
28854,263.11517
28855,281.01926
28856,495.08765
28857,284.1706
28858,352.14044
28859,218.44879
28860,206.00595
28861,244.76076
28862,279.85434
28863,216.15831
28864,388.67056
28865,479.45447
28866,424.49612
28867,603.5263
28868,331.3611
28869,419.49695
28870,436.12497
28871,676.76624
28872,602.0771
28873,534.76886
28874,828.1339
28875,598.5419
28876,810.4078
28877,655.51324
28878,588.3773
28879,356.28366
28880,438.85992
28881,438.6377
28882,751.7317
28883,546.86957
28884,435.7041
28885,235.80322
28886,467.6856
28887,591.82574
28888,434.52985
28889,773.65015
28890,818.6034
28891,580.70184
28892,832.20306
28893,1275.0847
28894,1009.6633
28895,881.9127
28896,781.2934
28897,798.69464
28898,450.2313
28899,824.3162
28900,898.4483
28901,833.19586
28902,1293.0619
28903,1090.2767
28904,367.6519
28905,579.9794
28906,870.30133
28907,696.4278
28908,693.1713
28909,752.8871
28910,364.62515
28911,494.88818
28912,604.46893
28913,773.41113
28914,631.69183
28915,442.8735
28916,483.29468
28917,736.6122
28918,594.5427
28919,557.2094
28920,576.2456
28921,412.05063
28922,471.79037
28923,195.22522
28924,257.8231
28925,175.5692
28926,144.23163
28927,314.22296
28928,245.61603
28929,287.39932
28930,217.08586
28931,247.06624
28932,208.80334
28933,322.57178
28934,462.18808
28935,361.38565
28936,264.75146
28937,235.13622
28938,195.92265
28939,272.80835
28940,395.72217
28941,499.4963
28942,378.06265
28943,380.36102
28944,237.35419
28945,133.1136
28946,148.5709
28947,181.3496
28948,199.392
28949,230.93753
28950,158.38481
28951,197.55168
28952,396.39014
28953,488.54755
28954,573.2261
28955,381.11728
28956,284.38742
28957,438.02774
28958,370.36377
28959,276.9349
28960,253.97702
28961,266.19025
28962,232.9835
28963,428.27997
28964,445.0729
28965,224.60156
28966,265.0668
28967,457.76526
28968,473.73785
28969,326.40085
28970,249.55728
28971,176.71947
28972,214.97784
28973,254.27928
28974,260.19724
28975,437.05972
28976,508.95853
28977,345.37067
28978,260.3705
28979,114.87804
28980,148.3638
28981,130.43776
28982,100.89993
28983,55.422657
28984,18.221338
28985,97.69266
28986,66.54381
28987,28.878836
28988,115.0128
28989,142.858
28990,116.22047
28991,126.090675
28992,89.046
28993,139.35919
28994,98.42877
28995,33.02387
28996,116.336975
28997,146.67798
28998,303.8935
28999,315.45044
29000,373.86008
29001,343.02957
29002,279.4605
29003,203.74614
29004,237.37524
29005,130.39557
29006,163.28423
29007,152.35103
29008,260.67035
29009,167.69376
29010,102.43711
29011,185.30966
29012,106.58153
29013,62.6945
29014,149.96909
29015,387.45306
29016,269.75574
29017,385.05618
29018,251.28151
29019,219.19043
29020,274.21964
29021,496.31726
29022,247.2051
29023,248.23813
29024,457.22028
29025,388.36874
29026,247.8968
29027,307.03226
29028,206.98961
29029,429.81454
29030,327.66696
29031,263.9802
29032,601.77264
29033,267.8713
29034,285.19415
29035,593.6436
29036,651.1117
29037,393.63245
29038,644.386
29039,529.21747
29040,583.0317
29041,450.59967
29042,577.30115
29043,736.16675
29044,527.64496
29045,967.7435
29046,689.2448
29047,1142.9166
29048,989.5223
29049,823.50433
29050,847.6192
29051,775.78815
29052,454.82413
29053,752.13275
29054,998.69055
29055,715.87756
29056,921.04803
29057,598.0465
29058,973.5796
29059,959.3836
29060,712.75104
29061,1088.7123
29062,682.64496
29063,952.1705
29064,538.3218
29065,611.98395
29066,692.5687
29067,583.86816
29068,774.6089
29069,601.29083
29070,518.4219
29071,573.2677
29072,642.63885
29073,753.4553
29074,561.64417
29075,641.4685
29076,733.0392
29077,839.45087
29078,779.89355
29079,765.5752
29080,819.1433
29081,786.87317
29082,711.772
29083,699.91473
29084,669.2458
29085,705.43164
29086,505.7167
29087,487.5174
29088,436.35928
29089,493.66312
29090,484.3185
29091,445.29428
29092,598.4999
29093,717.0762
29094,877.7656
29095,731.77356
29096,632.5738
29097,450.8566
29098,424.1474
29099,370.88385
29100,326.04388
29101,240.29924
29102,279.68298
29103,373.38843
29104,326.74432
29105,327.3152
29106,436.1531
29107,627.68115
29108,617.86127
29109,535.83624
29110,665.0958
29111,554.9419
29112,462.088
29113,653.7998
29114,749.2973
29115,467.72003
29116,471.8788
29117,635.08484
29118,715.80365
29119,583.826
29120,493.75415
29121,414.16934
29122,311.84937
29123,276.10892
29124,335.27844
29125,308.03833
29126,210.96318
29127,130.63763
29128,116.78004
29129,240.43208
29130,276.64075
29131,509.64368
29132,487.218
29133,432.9435
29134,359.4509
29135,241.64735
29136,261.36407
29137,167.62828
29138,86.65323
29139,130.60056
29140,131.11935
29141,84.0559
29142,141.38023
29143,140.16272
29144,96.67494
29145,201.85982
29146,189.13426
29147,192.28937
29148,299.63617
29149,164.72667
29150,277.0873
29151,342.01276
29152,497.8818
29153,231.7067
29154,390.91653
29155,358.68372
29156,97.7046
29157,90.08135
29158,177.65634
29159,179.21257
29160,148.66788
29161,290.80325
29162,192.39642
29163,171.98639
29164,274.92526
29165,287.63986
29166,304.23355
29167,278.90582
29168,580.16656
29169,226.81186
29170,291.32635
29171,178.13583
29172,270.23392
29173,122.03015
29174,204.34631
29175,196.04427
29176,228.20515
29177,325.62543
29178,292.62006
29179,148.12563
29180,359.231
29181,217.26466
29182,277.54626
29183,122.26732
29184,270.20166
29185,499.66846
29186,203.06326
29187,232.08665
29188,346.8437
29189,218.64641
29190,286.1286
29191,442.62973
29192,195.11188
29193,266.37567
29194,241.90257
29195,290.69812
29196,234.10793
29197,231.22389
29198,129.47156
29199,174.89864
29200,230.85721
29201,306.50528
29202,284.59848
29203,149.80249
29204,79.39296
29205,158.59846
29206,96.81735
29207,57.82089
29208,38.49545
29209,65.677216
29210,100.368355
29211,101.83818
29212,56.74427
29213,73.32699
29214,165.17267
29215,434.20673
29216,391.02875
29217,502.32675
29218,479.48563
29219,463.41306
29220,370.00702
29221,455.4459
29222,707.7838
29223,886.26074
29224,1114.4117
29225,1169.2723
29226,1084.4961
29227,836.0796
29228,820.79584
29229,591.062
29230,562.9041
29231,474.93326
29232,464.61707
29233,518.8753
29234,605.4365
29235,560.2483
29236,421.2312
29237,458.48865
29238,608.75653
29239,550.2716
29240,505.74387
29241,490.67816
29242,455.1788
29243,429.1684
29244,411.47397
29245,343.4742
29246,384.1005
29247,267.37372
29248,396.60608
29249,484.29056
29250,421.26544
29251,463.4675
29252,445.03366
29253,421.7965
29254,397.96994
29255,436.96085
29256,509.78186
29257,583.34015
29258,538.75415
29259,591.38196
29260,766.1472
29261,594.58295
29262,536.14325
29263,427.87366
29264,458.7145
29265,395.73077
29266,359.82
29267,293.65457
29268,362.7457
29269,376.62442
29270,364.7288
29271,406.4265
29272,320.72827
29273,305.44806
29274,289.27682
29275,309.4216
29276,337.49988
29277,465.91092
29278,568.09406
29279,486.5371
29280,355.9494
29281,442.1942
29282,560.1926
29283,383.16318
29284,291.0539
29285,373.82666
29286,350.83536
29287,358.00793
29288,270.6737
29289,269.29852
29290,144.47453
29291,178.63422
29292,314.89505
29293,423.6269
29294,387.21338
29295,319.2407
29296,211.0489
29297,628.6841
29298,748.8478
29299,505.23062
29300,656.9389
29301,462.78784
29302,230.3304
29303,357.66534
29304,385.44797
29305,393.46265
29306,536.47595
29307,720.8561
29308,642.41376
29309,472.4538
29310,739.3304
29311,945.3047
29312,681.3437
29313,584.1201
29314,552.98395
29315,497.68
29316,449.55997
29317,461.36475
29318,504.79343
29319,512.40265
29320,241.11018
29321,378.88086
29322,413.71585
29323,448.59232
29324,552.86646
29325,405.45337
29326,616.9348
29327,516.52325
29328,403.89127
29329,239.7724
29330,318.45578
29331,384.2667
29332,355.1171
29333,438.29034
29334,675.23
29335,507.20163
29336,571.74963
29337,614.06915
29338,725.65826
29339,531.0488
29340,257.96158
29341,217.94765
29342,244.52307
29343,553.6437
29344,605.11505
29345,1012.9572
29346,945.803
29347,899.203
29348,805.70935
29349,649.1027
29350,498.89145
29351,420.56833
29352,381.1228
29353,447.23203
29354,465.33105
29355,458.14426
29356,325.9561
29357,292.92358
29358,339.5228
29359,270.154
29360,270.154
29361,312.32736
29362,265.6143
29363,299.15997
29364,360.15735
29365,351.99112
29366,375.01263
29367,351.93945
29368,418.6644
29369,445.68585
29370,511.79132
29371,637.25146
29372,645.7035
29373,680.5338
29374,615.04755
29375,630.044
29376,723.6462
29377,734.33167
29378,650.02954
29379,488.18912
29380,398.20508
29381,346.4697
29382,301.9117
29383,294.31415
29384,305.75775
29385,238.43079
29386,307.45755
29387,332.2165
29388,354.44708
29389,331.83707
29390,352.24197
29391,372.74603
29392,410.45743
29393,384.14252
29394,428.61713
29395,384.52194
29396,315.00604
29397,279.96707
29398,281.5384
29399,310.57965
29400,314.73987
29401,290.86703
29402,310.57965
29403,318.8325
29404,338.47598
29405,342.63763
29406,333.66348
29407,265.59918
29408,268.37982
29409,254.48047
29410,260.36127
29411,254.00903
29412,325.71347
29413,354.1998
29414,356.39105
29415,449.67844
29416,367.0551
29417,328.86737
29418,314.9878
29419,246.40958
29420,207.96877
29421,260.91855
29422,333.43494
29423,308.62177
29424,350.94055
29425,283.88004
29426,180.98845
29427,136.923
29428,70.51119
29429,62.56888
29430,150.6264
29431,230.56921
29432,154.394
29433,147.20143
29434,214.84279
29435,69.11896
29436,112.192444
29437,119.8691
29438,134.2037
29439,226.14743
29440,138.20062
29441,82.46067
29442,92.97312
29443,216.92262
29444,250.9888
29445,148.41531
29446,172.0846
29447,231.36401
29448,145.22015
29449,206.21837
29450,220.88664
29451,141.26256
29452,171.15114
29453,201.6108
29454,109.18486
29455,154.53612
29456,179.99982
29457,130.22311
29458,64.53033
29459,86.49732
29460,170.18138
29461,162.9147
29462,95.79475
29463,202.82445
29464,87.555855
29465,185.87813
29466,102.704735
29467,55.045563
29468,141.12216
29469,69.79235
29470,72.809044
29471,48.0679
29472,98.65881
29473,140.98326
29474,184.95146
29475,96.40693
29476,105.57717
29477,196.67357
29478,378.40042
29479,134.97618
29480,143.80183
29481,104.30969
29482,235.33926
29483,275.46805
29484,242.04892
29485,380.92734
29486,281.07227
29487,256.68277
29488,58.696575
29489,221.77289
29490,206.512
29491,261.6665
29492,198.20937
29493,136.30246
29494,317.6276
29495,282.5913
29496,213.40347
29497,141.8611
29498,104.653625
29499,89.696625
29500,71.72241
29501,58.90161
29502,64.49595
29503,72.47698
29504,50.100533
29505,6.1687293
29506,0.7533211
29507,0.5939511
29508,0.5829972
29509,-0.6458098
29510,1.622763
29511,64.08659
29512,71.496056
29513,85.48166
29514,66.12753
29515,75.320114
29516,89.55695
29517,126.02272
29518,118.48609
29519,120.65985
29520,157.94736
29521,184.96179
29522,193.28491
29523,203.66998
29524,182.9031
29525,182.26108
29526,193.15698
29527,205.29805
29528,211.68298
29529,234.18556
29530,259.52225
29531,197.71484
29532,241.69046
29533,331.14975
29534,374.54376
29535,388.89667
29536,317.27548
29537,214.84792
29538,291.39197
29539,264.26282
29540,264.26282
29541,298.71298
29542,306.12003
29543,328.45975
29544,264.47256
29545,290.0634
29546,255.67046
29547,306.47137
29548,389.98868
29549,434.56262
29550,450.99554
29551,470.48587
29552,514.7918
29553,630.8244
29554,704.21704
29555,745.9313
29556,759.52374
29557,709.01874
29558,500.80743
29559,469.38657
29560,476.53946
29561,478.09695
29562,654.5148
29563,650.9049
29564,581.477
29565,531.0655
29566,497.9506
29567,662.15314
29568,768.84735
29569,669.3091
29570,534.0428
29571,540.9908
29572,538.73376
29573,366.18414
29574,263.22934
29575,580.825
29576,489.90784
29577,396.32486
29578,155.62213
29579,374.2267
29580,238.3195
29581,629.4349
29582,764.1897
29583,679.0442
29584,463.5576
29585,387.6238
29586,338.6459
29587,278.22668
29588,203.01456
29589,280.06537
29590,224.29077
29591,105.68811
29592,64.52229
29593,124.73594
29594,157.30788
29595,82.43613
29596,33.239258
29597,73.438126
29598,134.93105
29599,168.47322
29600,194.86174
29601,110.923485
29602,136.85027
29603,145.8276
29604,183.11497
29605,275.478
29606,119.599556
29607,231.16649
29608,107.53799
29609,85.0955
29610,325.61777
29611,325.9286
29612,295.18628
29613,106.64906
29614,103.219666
29615,193.70343
29616,134.66803
29617,168.12335
29618,151.14522
29619,183.12369
29620,115.34033
29621,276.1802
29622,209.27805
29623,132.63431
29624,96.29146
29625,179.90034
29626,136.27885
29627,106.8974
29628,73.622765
29629,13.159016
29630,9.305275
29631,122.94825
29632,189.51324
29633,126.04649
29634,89.20878
29635,170.09346
29636,109.043655
29637,154.83958
29638,196.005
29639,114.44039
29640,190.07007
29641,210.96532
29642,214.53029
29643,240.53676
29644,234.798
29645,264.14053
29646,283.55798
29647,317.13397
29648,399.31442
29649,362.25113
29650,369.79517
29651,410.96298
29652,388.60724
29653,378.06094
29654,375.2926
29655,390.05457
29656,378.98642
29657,428.2056
29658,373.7434
29659,452.45132
29660,582.45087
29661,696.363
29662,827.1461
29663,806.46344
29664,740.51245
29665,772.6161
29666,688.5489
29667,768.0384
29668,732.4939
29669,806.6387
29670,848.7373
29671,895.538
29672,667.78485
29673,667.48346
29674,493.2501
29675,523.71063
29676,547.0222
29677,688.4593
29678,605.9934
29679,427.83554
29680,487.2432
29681,409.78128
29682,556.27795
29683,799.6784
29684,710.5218
29685,752.6527
29686,592.2001
29687,598.2524
29688,640.34827
29689,884.67163
29690,957.7446
29691,775.6269
29692,572.8991
29693,623.38184
29694,798.123
29695,876.9369
29696,929.0245
29697,709.2559
29698,653.4929
29699,788.82385
29700,773.3437
29701,757.5254
29702,592.4105
29703,751.45984
29704,1214.8575
29705,1203.334
29706,1200.2458
29707,1071.057
29708,1087.9039
29709,1152.6033
29710,1280.8564
29711,1369.5883
29712,1294.1191
29713,1407.7484
29714,1112.2885
29715,901.8546
29716,1346.6342
29717,1280.227
29718,1099.8151
29719,967.7607
29720,957.46466
29721,502.45868
29722,177.10036
29723,383.23734
29724,540.7541
29725,714.30743
29726,712.0096
29727,455.37997
29728,927.76447
29729,1184.2742
29730,885.8659
29731,651.76044
29732,611.45703
29733,457.00412
29734,260.6765
29735,464.5301
29736,706.9963
29737,529.44434
29738,500.12167
29739,549.4102
29740,175.25116
29741,245.21152
29742,236.24315
29743,140.6024
29744,195.41629
29745,102.03006
29746,139.80078
29747,279.44577
29748,416.88467
29749,261.7591
29750,274.60284
29751,328.4914
29752,267.10648
29753,363.2069
29754,497.812
29755,661.69727
29756,536.964
29757,551.5169
29758,683.4758
29759,666.5795
29760,1060.5684
29761,1165.0874
29762,1231.956
29763,1149.6084
29764,699.8489
29765,750.13995
29766,706.5491
29767,900.3936
29768,304.67148
29769,422.8453
29770,537.1235
29771,526.83575
29772,741.1572
29773,613.4884
29774,548.5085
29775,559.32275
29776,584.2934
29777,193.63919
29778,211.75342
29779,308.35745
29780,333.89682
29781,220.3076
29782,259.30804
29783,207.64734
29784,219.84355
29785,199.1118
29786,297.76297
29787,337.61783
29788,186.6176
29789,44.595646
29790,28.82021
29791,8.691959
29792,25.908625
29793,41.86466
29794,45.525856
29795,37.074097
29796,7.5374618
29797,3.377397
29798,24.493
29799,51.234776
29800,37.263863
29801,24.766708
29802,16.47014
29803,18.820538
29804,22.543077
29805,16.296854
29806,42.06831
29807,103.058365
29808,77.017914
29809,32.686672
29810,25.528246
29811,53.653893
29812,44.104576
29813,103.63273
29814,102.54164
29815,161.33978
29816,315.4606
29817,276.32504
29818,348.28192
29819,382.11703
29820,273.46024
29821,266.94244
29822,174.21329
29823,315.03937
29824,425.49808
29825,600.82806
29826,1016.3858
29827,1042.9078
29828,861.5309
29829,922.96246
29830,713.0112
29831,750.7866
29832,462.6165
29833,458.9945
29834,448.64352
29835,465.47174
29836,598.9295
29837,638.82074
29838,676.24805
29839,546.89276
29840,637.666
29841,564.79474
29842,560.252
29843,658.39795
29844,347.9003
29845,310.14056
29846,313.83365
29847,306.17517
29848,184.5221
29849,198.48543
29850,48.903282
29851,5.0786996
29852,5.958289
29853,4.795303
29854,3.5975704
29855,4.1766706
29856,1.290813
29857,1.093155
29858,1.093155
29859,0.99027324
29860,-0.68808335
29861,-0.9115792
29862,-1.0787926
29863,-1.0854664
29864,-0.64873075
29865,-0.22629781
29866,-0.22629781
29867,-0.22629781
29868,0.34805086
29869,0.60734177
29870,0.60734177
29871,0.60734177
29872,0.60734177
29873,0.88350904
29874,0.7368928
29875,0.484244
29876,0.9778259
29877,0.9778259
29878,0.16950224
29879,0.43799087
29880,0.9778259
29881,0.9778259
29882,0.9778259
29883,0.9778259
29884,0.9778259
29885,5.4523854
29886,0.07794063
29887,0.11237416
29888,0.03264607
29889,0.31061485
29890,1.720099
29891,0.58203673
29892,1.7719278
29893,1.1251969
29894,1.1251969
29895,0.9778259
29896,0.9778259
29897,0.6575293
29898,0.16950224
29899,0.16950224
29900,-0.6959502
29901,-0.42611971
29902,0.34278747
29903,-0.03699725
29904,-0.549744
29905,-0.287456
29906,-0.5918687
29907,0.28510535
29908,-0.3569675
29909,0.1638016
29910,0.11182009
29911,0.11182009
29912,-0.11929554
29913,-0.11929554
29914,-0.11929554
29915,0.053989735
29916,-0.58808315
29917,-0.11372419
29918,-0.7578163
29919,0.42100722
29920,41.47235
29921,56.599182
29922,79.16945
29923,121.231514
29924,134.35077
29925,101.10173
29926,63.301704
29927,106.78336
29928,114.42206
29929,94.06294
29930,98.62118
29931,79.04475
29932,50.030327
29933,37.361534
29934,25.02187
29935,51.746605
29936,104.24638
29937,124.63411
29938,78.77727
29939,86.71401
29940,59.818096
29941,13.076818
29942,16.154606
29943,89.11502
29944,75.47802
29945,37.49752
29946,414.69867
29947,1677.0402
29948,1560.0308
29949,1067.913
29950,200.46065
29951,86.61252
29952,31.228273
29953,5.417785
29954,65.471695
29955,41.46097
29956,80.1741
29957,78.9882
29958,11.444652
29959,2.5165956
29960,166.8818
29961,856.2843
29962,766.7443
29963,321.87762
29964,259.04184
29965,350.8187
29966,382.11807
29967,9.368233
29968,-0.15659416
29969,0.30697817
29970,0.31069055
29971,0.28631797
29972,2.3939493
29973,12.409483
29974,121.18871
29975,179.65645
29976,168.17265
29977,16.58771
29978,2.0149584
29979,1.7091032
29980,1.8131849
29981,2.7186728
29982,2.5453875
29983,2.5453875
29984,0.6644275
29985,0.6577537
29986,0.6644275
29987,0.6644275
29988,0.6644275
29989,17.281609
29990,26.711304
29991,0.9865258
29992,0.97985196
29993,675.2994
29994,6.7925305
29995,0.50572914
29996,1.418485
29997,1.418485
29998,1.418485
29999,1.418485
30000,1.418485
30001,1.1470634
30002,1.75565
30003,3.350387
30004,1.3051561
30005,0.20653331
30006,0.039319854
30007,0.039319854
30008,0.03264607
30009,0.039319854
30010,-0.0017874576
30011,85.37045
30012,291.5899
30013,90.988556
30014,225.03642
30015,181.43454
30016,1.9158434
30017,0.79717416
30018,2.01238
30019,2.1856651
30020,1.1318707
30021,264.1378
30022,379.10995
30023,25.308653
30024,1.1318707
30025,0.039319854
30026,68.52809
30027,381.82053
30028,346.92126
30029,174.52954
30030,80.607086
30031,16.808857
30032,2.8592863
30033,91.56789
30034,44.905266
30035,449.6671
30036,183.21732
30037,0.11479972
30038,63.881775
30039,58.544647
30040,64.66342
30041,77.46823
30042,99.677986
30043,124.2065
30044,221.0091
30045,217.32944
30046,128.07799
30047,147.40494
30048,128.07799
30049,167.11273
30050,104.60995
30051,68.088425
30052,144.20438
30053,152.36705
30054,94.2089
30055,104.86726
30056,108.34652
30057,92.6963
30058,109.29213
30059,134.89845
30060,8.693616
30061,-0.08103944
30062,1.0123907
30063,1.0713811
30064,1.0713811
30065,1.0713811
30066,1.0713811
30067,1.0713811
30068,-0.053740356
30069,-0.053740356
30070,0.43984175
30071,0.43984175
30072,0.43984175
30073,0.10951112
30074,-0.2230217
30075,0.43596256
30076,0.43596256
30077,0.43596256
30078,0.43596256
30079,0.43596256
30080,0.43596256
30081,0.43596256
30082,0.43596256
30083,0.43596256
30084,0.43596256
30085,0.43596256
30086,0.43596256
30087,0.43596256
30088,0.43596256
30089,0.43596256
30090,0.43596256
30091,0.43596256
30092,0.43596256
30093,0.4703961
30094,0.4703961
30095,0.43596256
30096,0.5833336
30097,0.43596256
30098,0.43596256
30099,0.43596256
30100,0.43596256
30101,0.43596256
30102,0.43596256
30103,0.43596256
30104,0.118499905
30105,0.2658708
30106,0.2658708
30107,0.2658708
30108,0.2658708
30109,1.6304629
30110,-0.11330342
30111,-0.217385
30112,-0.217385
30113,-0.11330342
30114,0.34326133
30115,0.12325041
30116,-0.116608754
30117,0.33328217
30118,2.4910295
30119,46.87346
30120,54.800125
30121,65.56385
30122,59.172764
30123,84.29392
30124,39.392254
30125,23.75777
30126,74.405945
30127,71.49833
30128,81.465805
30129,65.00554
30130,57.34378
30131,64.99297
30132,46.97909
30133,48.871616
30134,55.896423
30135,15.06893
30136,13.613606
30137,35.341152
30138,40.73109
30139,5.689927
30140,19.26752
30141,58.08206
30142,104.956635
30143,127.5201
30144,134.01118
30145,66.84388
30146,41.71553
30147,46.841934
30148,125.17136
30149,78.54573
30150,87.76485
30151,74.579025
30152,35.95835
30153,40.05284
30154,1.8916992
30155,19.811613
30156,25.43208
30157,41.49356
30158,68.54574
30159,28.828663
30160,101.69967
30161,146.85399
30162,76.835
30163,92.8898
30164,124.24224
30165,248.43332
30166,174.23538
30167,90.04321
30168,191.92639
30169,199.6948
30170,98.3434
30171,95.28115
30172,82.04021
30173,194.33957
30174,164.6087
30175,129.69826
30176,86.50911
30177,104.81143
30178,165.84691
30179,349.53445
30180,328.32925
30181,140.80148
30182,69.41726
30183,35.610207
30184,-3.032186
30185,15.23571
30186,67.216934
30187,83.47386
30188,182.56215
30189,99.79934
30190,137.40277
30191,49.78249
30192,80.77623
30193,73.20099
30194,259.40414
30195,149.74524
30196,93.764824
30197,169.86302
30198,98.504265
30199,96.236855
30200,141.73474
30201,137.87262
30202,75.15891
30203,54.12005
30204,63.37359
30205,75.432396
30206,46.135147
30207,41.08674
30208,73.36567
30209,108.07532
30210,102.01712
30211,116.51593
30212,103.59956
30213,113.8517
30214,77.16545
30215,49.472908
30216,47.229927
30217,36.139145
30218,5.6737304
30219,10.461157
30220,45.017235
30221,38.23726
30222,11.580491
30223,14.098663
30224,16.87118
30225,14.098824
30226,35.420784
30227,30.350384
30228,23.10522
30229,41.86875
30230,97.13651
30231,141.10437
30232,170.18501
30233,186.27563
30234,215.2331
30235,251.4572
30236,301.60516
30237,232.77808
30238,195.38829
30239,78.6971
30240,108.935104
30241,200.59776
30242,120.96996
30243,129.61826
30244,248.56355
30245,191.64604
30246,232.14276
30247,208.64845
30248,238.6694
30249,274.79987
30250,194.259
30251,189.603
30252,200.5831
30253,372.9905
30254,641.89404
30255,622.0101
30256,719.20056
30257,829.31506
30258,751.48
30259,550.0965
30260,619.7592
30261,505.86536
30262,430.28772
30263,358.32553
30264,230.20549
30265,316.80185
30266,376.5351
30267,374.24362
30268,411.67065
30269,377.12305
30270,373.96948
30271,335.19788
30272,232.91843
30273,239.77815
30274,262.53232
30275,219.99059
30276,209.37447
30277,244.15244
30278,413.58212
30279,513.6044
30280,477.40543
30281,358.8142
30282,321.2194
30283,293.0979
30284,240.80511
30285,458.671
30286,401.10992
30287,479.19836
30288,559.3445
30289,676.5579
30290,921.9957
30291,771.3771
30292,1173.5646
30293,1054.9674
30294,744.46356
30295,828.46
30296,1075.6179
30297,650.3006
30298,729.6476
30299,565.00714
30300,504.5863
30301,472.43414
30302,507.3335
30303,556.01404
30304,789.7554
30305,807.20374
30306,1256.0314
30307,940.1311
30308,1313.467
30309,1047.8191
30310,1103.0308
30311,1017.28076
30312,1396.4949
30313,782.96497
30314,981.0979
30315,1041.2506
30316,1051.0142
30317,771.0566
30318,684.2299
30319,768.86115
30320,1355.4622
30321,1163.5685
30322,1546.8574
30323,1401.7184
30324,1453.342
30325,1216.849
30326,1039.7644
30327,1190.846
30328,878.1129
30329,805.2418
30330,704.961
30331,1154.9957
30332,1103.7046
30333,1040.9423
30334,1165.283
30335,1174.6383
30336,1618.8417
30337,1316.5309
30338,823.3842
30339,1058.4816
30340,884.78735
30341,1238.9415
30342,346.98636
30343,489.36346
30344,229.41995
30345,266.97766
30346,302.60162
30347,611.35614
30348,570.8601
30349,360.15237
30350,233.74274
30351,233.74274
30352,181.29955
30353,108.976326
30354,127.4222
30355,72.934204
30356,60.536297
30357,59.72378
30358,69.08228
30359,122.49299
30360,169.99382
30361,133.19882
30362,102.69036
30363,271.40497
30364,442.69714
30365,402.4592
30366,313.44437
30367,413.1912
30368,398.8473
30369,232.48921
30370,184.66841
30371,158.62932
30372,179.27438
30373,245.96631
30374,342.97827
30375,388.05038
30376,516.71625
30377,495.5907
30378,502.26694
30379,608.1696
30380,653.0164
30381,703.36896
30382,780.1926
30383,772.5994
30384,720.1406
30385,707.0404
30386,711.71466
30387,617.1343
30388,629.92975
30389,518.57874
30390,504.60852
30391,394.51306
30392,408.62112
30393,458.8409
30394,556.4687
30395,583.56604
30396,602.32825
30397,511.63562
30398,522.5887
30399,524.91016
30400,720.48413
30401,699.54016
30402,519.63904
30403,597.5193
30404,568.82635
30405,546.6228
30406,557.35974
30407,505.0719
30408,513.4607
30409,569.3284
30410,633.7155
30411,651.3539
30412,670.15186
30413,617.7605
30414,637.3316
30415,643.3816
30416,538.086
30417,448.80777
30418,401.69464
30419,405.1906
30420,349.59042
30421,232.74968
30422,201.51608
30423,285.27155
30424,186.66766
30425,193.25024
30426,242.4356
30427,210.4316
30428,153.39551
30429,281.32544
30430,388.1046
30431,461.26434
30432,489.52878
30433,369.94547
30434,457.9692
30435,283.21506
30436,538.0295
30437,566.4349
30438,613.56
30439,537.0012
30440,465.88312
30441,289.60358
30442,786.84705
30443,686.71497
30444,348.15695
30445,421.02582
30446,260.7786
30447,352.9308
30448,347.31607
30449,445.80576
30450,410.70758
30451,318.42404
30452,446.50223
30453,399.0145
30454,438.5241
30455,532.0667
30456,336.82837
30457,357.18384
30458,389.8807
30459,778.62134
30460,903.3014
30461,960.73456
30462,709.94135
30463,573.9329
30464,883.134
30465,555.0585
30466,556.05035
30467,427.36145
30468,336.18958
30469,344.23422
30470,439.09497
30471,322.8937
30472,407.93738
30473,387.11774
30474,425.13004
30475,219.2856
30476,405.52582
30477,211.07246
30478,235.47725
30479,434.16788
30480,146.70346
30481,188.39374
30482,290.25232
30483,179.10168
30484,314.7895
30485,106.69542
30486,136.22556
30487,284.9671
30488,229.66809
30489,178.3996
30490,134.49783
30491,173.73154
30492,90.6394
30493,157.18962
30494,156.74731
30495,148.6475
30496,95.225174
30497,86.93447
30498,78.10193
30499,20.265287
30500,17.062601
30501,46.919018
30502,65.288055
30503,37.097942
30504,34.834724
30505,5.506104
30506,0.19836491
30507,0.19836491
30508,0.19836491
30509,0.6549295
30510,5.3399787
30511,25.900883
30512,10.648649
30513,5.260352
30514,4.559235
30515,0.37847224
30516,24.653475
30517,49.747025
30518,47.201233
30519,46.254562
30520,44.656494
30521,41.9087
30522,40.493416
30523,21.79346
30524,30.925684
30525,102.16291
30526,140.4491
30527,220.79343
30528,173.58347
30529,185.96027
30530,227.31071
30531,230.83075
30532,266.00488
30533,246.77617
30534,221.77686
30535,304.34146
30536,307.6796
30537,327.36884
30538,332.20993
30539,327.05063
30540,344.92252
30541,314.10934
30542,426.20453
30543,384.5401
30544,368.54843
30545,376.6722
30546,340.8811
30547,359.742
30548,264.91803
30549,250.80022
30550,245.99588
30551,414.50687
30552,490.17633
30553,402.92722
30554,315.8711
30555,373.43362
30556,275.10114
30557,304.5488
30558,504.833
30559,382.73578
30560,232.29175
30561,348.03076
30562,409.36853
30563,351.81998
30564,495.82706
30565,738.4315
30566,799.94934
30567,712.2358
30568,885.4035
30569,682.45764
30570,576.37305
30571,599.6826
30572,489.10208
30573,659.4001
30574,395.39853
30575,495.3642
30576,782.3466
30577,733.3402
30578,461.79233
30579,510.4139
30580,456.26633
30581,508.5947
30582,505.7656
30583,746.67773
30584,595.5158
30585,263.85162
30586,151.4236
30587,692.9564
30588,675.7872
30589,1090.3135
30590,1183.1317
30591,968.8555
30592,987.051
30593,533.66223
30594,512.53015
30595,544.72736
30596,502.60437
30597,519.8753
30598,663.8149
30599,734.04065
30600,399.44168
30601,297.47223
30602,588.6502
30603,284.45978
30604,787.5199
30605,642.2577
30606,693.8373
30607,730.27856
30608,675.92065
30609,606.2961
30610,664.6764
30611,598.28284
30612,456.97498
30613,595.00616
30614,288.21194
30615,222.24664
30616,278.24323
30617,313.4995
30618,285.78067
30619,262.702
30620,266.36063
30621,496.62836
30622,250.28825
30623,328.2845
30624,281.70422
30625,265.26248
30626,265.0026
30627,159.42242
30628,111.26504
30629,227.90985
30630,175.74454
30631,79.57181
30632,101.58729
30633,145.96606
30634,108.02873
30635,152.33409
30636,200.64706
30637,269.94177
30638,158.5838
30639,96.96909
30640,83.71432
30641,128.47832
30642,141.5015
30643,147.93295
30644,128.31216
30645,149.76093
30646,210.50584
30647,186.49512
30648,183.07358
30649,216.94926
30650,229.15935
30651,249.39128
30652,235.20694
30653,193.28596
30654,106.1937
30655,49.66048
30656,32.648994
30657,58.81183
30658,63.456524
30659,76.91022
30660,111.14777
30661,146.26616
30662,277.10077
30663,352.81436
30664,420.39963
30665,439.74442
30666,417.21246
30667,408.26373
30668,536.3906
30669,564.7884
30670,607.6132
30671,603.62756
30672,626.89746
30673,660.62524
30674,584.6645
30675,618.2446
30676,490.81805
30677,466.6177
30678,459.2478
30679,393.3808
30680,302.75836
30681,104.92469
30682,39.58866
30683,63.083088
30684,82.64768
30685,75.93574
30686,84.87005
30687,111.09352
30688,80.25603
30689,37.951694
30690,86.09799
30691,100.26227
30692,73.84871
30693,64.06283
30694,57.79321
30695,74.02925
30696,52.020817
30697,71.49642
30698,155.82208
30699,176.66376
30700,195.131
30701,220.52554
30702,185.94122
30703,129.73178
30704,65.25451
30705,12.725146
30706,5.2066164
30707,4.247863
30708,1.5595565
30709,0.14999904
30710,-0.083025634
30711,0.069526896
30712,0.4919598
30713,0.6046858
30714,0.52978396
30715,0.52978396
30716,0.52978396
30717,0.5185169
30718,0.5185169
30719,0.47795522
30720,0.47795522
30721,0.47795522
30722,0.20653331
30723,0.20653331
30724,1.0974371
30725,1.0053602
30726,0.83147264
30727,0.83147264
30728,1.0114317
30729,1.2262421
30730,3.4447577
30731,5.7511563
30732,1.6828072
30733,-0.13626873
30734,0.6713393
30735,16.123959
30736,1.0737247
30737,69.59475
30738,11.511363
30739,28.886297
30740,36.75656
30741,27.219757
30742,-0.46422702
30743,78.90009
30744,22.87804
30745,14.695424
30746,46.457115
30747,37.146572
30748,-0.124222055
30749,47.989258
30750,79.463135
30751,8.095007
30752,-0.124222055
30753,-0.78320694
30754,-0.124222055
30755,25.025404
30756,12.117516
30757,51.620323
30758,4.264989
30759,0.12913306
30760,0.12913306
30761,1.6886661
30762,0.30241835
30763,-0.5904305
30764,-0.48634887
30765,1.4153059
30766,7.4341865
30767,0.0685544
30768,-0.78711253
30769,-0.78711253
30770,0.13116308
30771,0.13116308
30772,-0.11929554
30773,0.2630574
30774,32.9087
30775,50.267666
30776,31.848532
30777,55.72875
30778,49.41313
30779,53.955326
30780,45.317898
30781,56.33234
30782,56.302322
30783,47.133327
30784,37.31949
30785,39.673637
30786,72.80361
30787,109.53216
30788,226.91293
30789,243.08833
30790,234.53046
30791,318.50635
30792,398.85846
30793,390.05786
30794,346.8659
30795,277.42578
30796,279.54416
30797,208.87756
30798,241.11023
30799,212.14476
30800,173.71448
30801,177.01941
30802,150.19688
30803,180.79134
30804,151.65991
30805,254.94753
30806,240.87732
30807,199.54767
30808,213.17572
30809,195.94952
30810,213.43054
30811,159.36627
30812,239.35915
30813,238.04828
30814,216.87343
30815,242.40036
30816,218.16988
30817,180.14879
30818,168.89435
30819,176.29616
30820,169.04164
30821,173.1722
30822,186.44333
30823,199.00671
30824,200.09715
30825,183.29355
30826,165.53294
30827,146.33011
30828,130.31578
30829,159.7862
30830,160.14651
30831,156.14998
30832,170.10057
30833,201.0272
30834,205.69252
30835,233.16548
30836,195.23216
30837,153.98138
30838,145.2469
30839,140.32353
30840,148.77898
30841,118.73396
30842,83.7046
30843,77.87916
30844,74.66039
30845,59.35208
30846,74.586685
30847,58.099678
30848,37.42408
30849,12.879992
30850,14.581857
30851,4.3810425
30852,1.5322247
30853,1.4293429
30854,0.94053
30855,0.7909376
30856,0.6237236
30857,0.6237236
30858,0.6170498
30859,0.60734177
30860,0.5669726
30861,-0.44313
30862,-0.400511
30863,0.12910108
30864,-0.52985173
30865,0.5856986
30866,-0.2280298
30867,0.99744236
30868,0.36759162
30869,14.36908
30870,9.072788
30871,0.33315808
30872,0.33315808
30873,-0.55068356
30874,-0.7066489
30875,-0.7066489
30876,-0.7066489
30877,0.5408768
30878,-0.6882591
30879,-0.080956385
30880,-0.080956385
30881,-0.080956385
30882,4.7296596
30883,-0.9674506
30884,24.482582
30885,-1.1743736
30886,4.233017
30887,39.56922
30888,15.346877
30889,34.250763
30890,55.438866
30891,114.024315
30892,100.92497
30893,226.90334
30894,100.02835
30895,158.52205
30896,152.15683
30897,166.23244
30898,101.4553
30899,142.91556
30900,114.503494
30901,71.9109
30902,40.0418
30903,40.420357
30904,39.218506
30905,60.62622
30906,114.38606
30907,156.28812
30908,29.428064
30909,67.66634
30910,109.23466
30911,36.609665
30912,114.81436
30913,81.155174
30914,91.746414
30915,108.413704
30916,171.88162
30917,228.57257
30918,200.37712
30919,203.32693
30920,239.78539
30921,258.01697
30922,230.41306
30923,241.2575
30924,212.4573
30925,225.06694
30926,200.61417
30927,147.94305
30928,101.92485
30929,62.334824
30930,68.24816
30931,87.73461
30932,58.009003
30933,69.21257
30934,86.93935
30935,64.61248
30936,43.91552
30937,53.75152
30938,58.05587
30939,37.467903
30940,30.513693
30941,12.359468
30942,6.4643297
30943,15.003724
30944,14.886439
30945,-0.9476984
30946,-0.9476984
30947,22.55414
30948,108.258736
30949,164.55598
30950,165.29718
30951,240.11157
30952,215.31725
30953,142.21178
30954,39.362534
30955,15.731304
30956,13.116653
30957,36.58042
30958,74.3099
30959,42.470795
30960,52.290573
30961,139.62515
30962,124.58453
30963,115.283005
30964,141.21974
30965,158.68347
30966,95.503586
30967,134.04411
30968,163.21605
30969,244.23708
30970,449.94492
30971,557.5418
30972,389.6746
30973,337.32397
30974,280.33005
30975,173.20065
30976,129.3026
30977,134.58281
30978,279.53146
30979,476.39093
30980,533.5161
30981,457.30408
30982,281.0627
30983,242.96312
30984,418.31213
30985,809.9494
30986,392.56827
30987,332.7805
30988,305.5797
30989,231.75711
30990,187.65425
30991,164.34892
30992,166.7494
30993,150.9451
30994,87.63125
30995,246.2781
30996,320.7884
30997,245.98166
30998,355.91684
30999,520.775
31000,465.76886
31001,329.93713
31002,680.08215
31003,508.15143
31004,444.48383
31005,320.1366
31006,310.6814
31007,400.98282
31008,562.30115
31009,1082.6766
31010,1398.7684
31011,1047.3875
31012,1120.4891
31013,1198.7673
31014,1342.1094
31015,1423.684
31016,1046.5024
31017,1018.15344
31018,1338.1599
31019,734.3366
31020,872.9502
31021,935.73663
31022,1032.3362
31023,1269.4097
31024,1117.4637
31025,741.6679
31026,710.234
31027,705.7471
31028,852.24664
31029,725.059
31030,980.84424
31031,640.151
31032,680.05524
31033,836.0626
31034,1088.3127
31035,836.98535
31036,973.6112
31037,778.2112
31038,374.43805
31039,305.5654
31040,615.35925
31041,187.01616
31042,349.92966
31043,448.8424
31044,265.23846
31045,387.03806
31046,336.19528
31047,236.54095
31048,256.0299
31049,498.70615
31050,1412.6224
31051,1955.0159
31052,1810.6506
31053,1039.9259
31054,456.96814
31055,780.4023
31056,870.3352
31057,795.85535
31058,865.6086
31059,553.3119
31060,456.0944
31061,545.2763
31062,260.4054
31063,162.55504
31064,338.14957
31065,307.70016
31066,298.87442
31067,238.62407
31068,287.38904
31069,452.4935
31070,679.7643
31071,858.79694
31072,794.13043
31073,569.47217
31074,557.3035
31075,383.63065
31076,221.23932
31077,335.6742
31078,276.28687
31079,195.90668
31080,216.53622
31081,255.0955
31082,216.79533
31083,261.5837
31084,276.03003
31085,170.8368
31086,248.03044
31087,335.0513
31088,236.39545
31089,147.90636
31090,93.1522
31091,117.52736
31092,126.76957
31093,138.94612
31094,100.054596
31095,45.398327
31096,16.984343
31097,4.9821754
31098,13.602521
31099,36.083046
31100,49.552902
31101,108.445526
31102,108.15513
31103,92.8227
31104,98.72257
31105,106.422424
31106,99.54286
31107,138.63315
31108,184.48767
31109,244.97165
31110,237.77872
31111,188.15549
31112,129.1465
31113,118.72389
31114,115.19652
31115,160.49168
31116,198.77599
31117,180.1496
31118,259.81104
31119,223.44429
31120,220.69571
31121,170.85107
31122,100.016975
31123,91.54073
31124,24.110817
31125,7.2580647
31126,5.26974
31127,0.73888206
31128,0.73888206
31129,0.73888206
31130,1.0081737
31131,1.0608524
31132,1.2194628
31133,1.2194628
31134,1.3040981
31135,1.080611
31136,1.662834
31137,1.7242866
31138,1.4970495
31139,1.8768344
31140,0.5741313
31141,1.9895602
31142,2.7336898
31143,2.6958656
31144,1.7642709
31145,1.6980134
31146,2.906975
31147,2.7336576
31148,0.741313
31149,0.741313
31150,0.63723147
31151,0.36580962
31152,8.736811
31153,28.850727
31154,10.685987
31155,0.56043565
31156,-0.14309084
31157,0.7279328
31158,17.156305
31159,1.2731256
31160,0.18590131
31161,5.7811427
31162,11.57302
31163,0.18590131
31164,1.1008147
31165,0.9778259
31166,0.6575293
31167,-0.46189472
31168,0.6112761
31169,6.37406
31170,2.8015833
31171,31.671722
31172,-0.2613628
31173,-0.2613628
31174,0.8541862
31175,37.531
31176,38.891884
31177,101.949814
31178,56.836075
31179,39.852455
31180,32.21499
31181,18.882843
31182,315.31796
31183,494.971
31184,246.04501
31185,366.16043
31186,243.79819
31187,234.21498
31188,300.11234
31189,307.96155
31190,303.43362
31191,264.58905
31192,254.61107
31193,235.54799
31194,254.2898
31195,213.19115
31196,185.78188
31197,153.86055
31198,125.42482
31199,142.7979
31200,79.51929
31201,106.35709
31202,143.4464
31203,89.57506
31204,64.85884
31205,37.308212
31206,35.482807
31207,50.662296
31208,40.66187
31209,161.98534
31210,240.87761
31211,422.95297
31212,282.3094
31213,400.6429
31214,359.53674
31215,185.26215
31216,177.7182
31217,253.33783
31218,150.3534
31219,169.5402
31220,232.96376
31221,170.20482
31222,101.463615
31223,54.666817
31224,2.3372762
31225,0.73007965
31226,1.2253819
31227,-0.22401403
31228,38.307636
31229,128.26273
31230,181.31488
31231,185.59552
31232,92.366165
31233,15.114193
31234,32.214867
31235,85.87802
31236,80.989914
31237,10.615866
31238,5.332184
31239,0.86495274
31240,0.81297123
31241,0.81297123
31242,0.81297123
31243,1.1897383
31244,0.56276554
31245,-0.122219294
31246,2.6449168
31247,29.323095
31248,93.12778
31249,28.13353
31250,37.999866
31251,115.516624
31252,131.52193
31253,67.67977
31254,107.49855
31255,95.50378
31256,117.0163
31257,102.64281
31258,61.762062
31259,63.118362
31260,61.889603
31261,73.74732
31262,145.10814
31263,187.86331
31264,106.9566
31265,28.279287
31266,6.603515
31267,1.1040264
31268,3.6303935
31269,3.4621172
31270,3.6466472
31271,3.4057074
31272,3.4478827
31273,3.4478827
31274,1.8138691
31275,1.7256135
31276,1.7256135
31277,1.8138691
31278,1.8138691
31279,1.6937343
31280,0.40470302
31281,0.40470302
31282,1.629139
31283,1.8542383
31284,0.61209464
31285,0.4919598
31286,0.48069263
31287,0.48069263
31288,1.8961216
31289,1.7228365
31290,1.7606606
31291,1.835562
31292,1.7606606
31293,1.7228365
31294,1.8458253
31295,3.0874274
31296,1.8961216
31297,1.7228365
31298,1.7228365
31299,1.7228365
31300,1.5541608
31301,0.5185169
31302,1.9339458
31303,1.9339458
31304,1.726227
31305,0.5185169
31306,0.5185169
31307,0.5185169
31308,0.5185169
31309,0.5185169
31310,0.5185169
31311,0.5185169
31312,0.5185169
31313,2.7025988
31314,4.450011
31315,6.0768843
31316,1.835562
31317,1.7606606
31318,1.7606606
31319,1.720099
31320,1.2990847
31321,1.720099
31322,1.1789012
31323,1.3461151
31324,1.3461151
31325,1.4957078
31326,1.7671294
31327,1.1789012
31328,1.4199004
31329,0.79477656
31330,0.5233551
31331,0.79477656
31332,0.79477656
31333,0.760343
31334,2.287314
31335,58.564796
31336,95.66442
31337,35.43689
31338,82.45646
31339,80.35558
31340,107.10559
31341,114.03233
31342,151.17857
31343,31.38364
31344,1.2233315
31345,46.28091
31346,248.93883
31347,268.84113
31348,118.41775
31349,66.87716
31350,97.83581
31351,114.85905
31352,122.55319
31353,104.21526
31354,12.438224
31355,13.9127
31356,19.041126
31357,11.780345
31358,4.9334764
31359,5.5732923
31360,3.9029436
31361,21.833656
31362,9.070289
31363,4.234722
31364,5.8125043
31365,5.8125043
31366,5.820665
31367,1.4666177
31368,0.30795294
31369,0.30795294
31370,0.15477514
31371,1.5702039
31372,0.25885668
31373,0.25885668
31374,0.15477514
31375,0.15477514
31376,0.06302166
31377,0.06302166
31378,0.06302166
31379,0.06302166
31380,0.06302166
31381,0.06302166
31382,1.0398768
31383,1.0398768
31384,1.0398768
31385,1.0398768
31386,1.0398768
31387,0.22240129
31388,0.03767128
31389,-0.122219294
31390,-0.018137736
31391,12.740353
31392,22.941496
31393,96.38689
31394,29.758667
31395,49.684223
31396,85.24785
31397,100.15902
31398,76.05223
31399,128.81812
31400,32.3448
31401,64.03113
31402,73.560616
31403,72.32855
31404,261.99423
31405,294.99103
31406,213.55965
31407,156.35823
31408,163.03328
31409,144.30992
31410,182.36687
31411,161.89601
31412,183.0524
31413,147.81871
31414,133.1324
31415,104.70951
31416,51.248894
31417,41.561493
31418,33.250927
31419,36.55481
31420,47.73473
31421,57.014484
31422,0.851042
31423,0.65733546
31424,13.814071
31425,22.318405
31426,7.5695076
31427,1.8557525
31428,2.8737729
31429,13.846248
31430,53.42388
31431,107.39176
31432,323.23392
31433,294.7764
31434,272.32373
31435,394.05313
31436,604.9022
31437,372.40387
31438,330.71646
31439,345.9686
31440,406.17035
31441,287.62643
31442,369.4598
31443,455.34515
31444,376.17987
31445,483.0023
31446,424.88095
31447,411.19485
31448,204.67204
31449,272.87766
31450,318.26907
31451,609.045
31452,321.4782
31453,551.3939
31454,388.41055
31455,418.6137
31456,605.0462
31457,360.72742
31458,285.72424
31459,282.37415
31460,525.6117
31461,408.74393
31462,126.41354
31463,131.73853
31464,215.25325
31465,182.05476
31466,215.56984
31467,331.55563
31468,374.45538
31469,179.18576
31470,226.83934
31471,229.74933
31472,170.39044
31473,186.66515
31474,133.47903
31475,196.28185
31476,156.31004
31477,236.64563
31478,222.48425
31479,153.02632
31480,201.95013
31481,235.00984
31482,261.32428
31483,261.32428
31484,234.41559
31485,205.86676
31486,152.48262
31487,232.87863
31488,301.635
31489,302.76718
31490,298.05856
31491,313.18033
31492,391.17136
31493,377.33832
31494,390.6416
31495,368.55032
31496,352.10788
31497,303.69174
31498,247.13344
31499,310.52182
31500,281.52078
31501,314.68298
31502,334.89996
31503,257.41577
31504,235.7533
31505,301.19702
31506,433.3493
31507,528.42487
31508,554.1069
31509,683.3346
31510,533.6107
31511,456.2418
31512,482.77515
31513,437.63147
31514,397.63916
31515,483.94836
31516,463.73413
31517,398.9602
31518,390.64197
31519,529.67645
31520,506.74316
31521,492.30603
31522,583.39014
31523,492.5327
31524,381.54407
31525,329.44135
31526,323.45645
31527,307.56415
31528,404.40964
31529,360.2865
31530,371.3402
31531,319.24948
31532,367.24548
31533,184.29143
31534,95.48015
31535,51.647457
31536,13.274127
31537,34.95939
31538,101.866585
31539,197.17252
31540,184.94165
31541,161.06133
31542,148.37248
31543,162.88733
31544,135.67789
31545,147.8844
31546,153.43628
31547,178.76625
31548,206.10751
31549,208.5118
31550,263.57346
31551,171.7143
31552,165.80556
31553,124.50079
31554,138.78969
31555,153.69543
31556,280.1465
31557,117.55005
31558,83.019875
31559,87.60144
31560,206.7449
31561,109.90189
31562,206.89177
31563,191.51396
31564,342.604
31565,728.61456
31566,688.0051
31567,532.94775
31568,855.3009
31569,447.65237
31570,603.2924
31571,531.6174
31572,511.75864
31573,493.3818
31574,401.47888
31575,347.38895
31576,262.13043
31577,367.6271
31578,465.71664
31579,509.01367
31580,576.25934
31581,568.1202
31582,672.4508
31583,746.9278
31584,870.16144
31585,800.5644
31586,622.3779
31587,943.6023
31588,773.7652
31589,814.6771
31590,772.1604
31591,824.34454
31592,559.0633
31593,498.7653
31594,908.5424
31595,440.35342
31596,715.26575
31597,757.66724
31598,627.75366
31599,535.9784
31600,631.5936
31601,411.0574
31602,633.44714
31603,328.78668
31604,252.2847
31605,392.21378
31606,602.2417
31607,711.30383
31608,927.47577
31609,595.984
31610,720.33496
31611,512.66235
31612,524.711
31613,344.6042
31614,678.51733
31615,520.00085
31616,519.0416
31617,399.2733
31618,513.46204
31619,534.1559
31620,432.39026
31621,517.39606
31622,663.8606
31623,575.20874
31624,305.09818
31625,203.08205
31626,158.9077
31627,130.80159
31628,120.23323
31629,115.020706
31630,121.2414
31631,114.044334
31632,103.60848
31633,75.79577
31634,75.66643
31635,75.689476
31636,61.976166
31637,83.6521
31638,131.57411
31639,200.82466
31640,223.91362
31641,174.86076
31642,187.47359
31643,244.26952
31644,168.93214
31645,166.3313
31646,183.91238
31647,165.88022
31648,183.11172
31649,181.77457
31650,235.0818
31651,320.8301
31652,244.83844
31653,169.42372
31654,126.317604
31655,41.66186
31656,56.063007
31657,41.478554
31658,4.8207684
31659,25.904116
31660,59.61263
31661,74.41733
31662,126.98966
31663,124.213715
31664,83.9967
31665,80.29418
31666,104.1594
31667,106.32956
31668,97.08514
31669,109.566246
31670,170.09964
31671,216.32663
31672,198.22015
31673,133.387
31674,139.88925
31675,93.28715
31676,92.532974
31677,90.3806
31678,74.506294
31679,65.10458
31680,58.306633
31681,87.893074
31682,78.41725
31683,79.96355
31684,94.23148
31685,42.346466
31686,32.106537
31687,7.4929166
31688,5.4033575
31689,0.70729804
31690,0.47166008
31691,-0.4086475
31692,-0.020360311
31693,-0.5810069
31694,-7.5464315
31695,0.32087967
31696,-0.13568488
31697,-0.031603366
31698,-0.13568488
31699,-0.11985925
31700,0.53708017
31701,0.50206286
31702,0.5264353
31703,0.6899369
31704,1.0185906
31705,0.6899369
31706,0.6899369
31707,0.6899369
31708,0.6899369
31709,0.6899369
31710,0.6899369
31711,0.6899369
31712,0.6899369
31713,0.8822745
31714,0.778193
31715,0.65805817
31716,0.7621397
31717,1.8670197
31718,1.6937343
31719,1.6937343
31720,1.6937343
31721,1.6937343
31722,1.853015
31723,1.4320009
31724,1.4263743
31725,1.1549529
31726,16.576864
31727,6.311007
31728,0.83147264
31729,0.6841014
31730,0.95446134
31731,0.19874445
31732,0.27847254
31733,0.46503252
31734,9.194728
31735,38.668377
31736,61.59056
31737,28.475945
31738,-0.2613628
31739,50.01774
31740,-0.111028105
31741,1.0604455
31742,0.9374567
31743,0.9374567
31744,0.9374567
31745,1.1107421
31746,-0.111028105
31747,1.0501635
31748,0.8768462
31749,0.2178938
31750,0.2178938
31751,0.2178938
31752,0.32197538
31753,0.8190478
31754,2.1577256
31755,10.444558
31756,5.607354
31757,4.0657816
31758,9.418833
31759,17.275219
31760,4.933213
31761,7.80162
31762,13.454537
31763,19.842121
31764,20.964624
31765,4.348631
31766,16.204575
31767,24.369871
31768,29.942774
31769,3.2834222
31770,4.14491
31771,20.509754
31772,20.509754
31773,6.136968
31774,3.3428419
31775,5.561358
31776,4.228702
31777,4.2815256
31778,4.2815256
31779,5.3740754
31780,15.315549
31781,18.149578
31782,7.0311995
31783,26.853004
31784,30.834934
31785,24.44432
31786,43.3881
31787,52.775513
31788,49.043564
31789,73.30594
31790,69.73894
31791,90.51384
31792,85.20635
31793,93.07466
31794,57.55835
31795,71.57505
31796,75.1448
31797,90.877594
31798,93.04862
31799,93.013306
31800,79.17184
31801,79.79747
31802,46.66252
31803,73.07508
31804,65.67763
31805,62.543137
31806,62.260406
31807,69.14546
31808,65.67763
31809,73.62137
31810,73.62137
31811,67.7896
31812,62.06962
31813,60.132874
31814,24.367405
31815,16.608875
31816,23.250576
31817,42.086212
31818,44.65883
31819,39.547653
31820,44.346535
31821,20.551168
31822,47.888657
31823,32.593437
31824,8.822805
31825,10.142633
31826,4.4110026
31827,5.507989
31828,5.758772
31829,2.1861408
31830,0.21066011
31831,0.117221296
31832,0.22130284
31833,1.3763559
31834,0.117221296
31835,0.35285896
31836,0.48131293
31837,0.52978396
31838,0.52978396
31839,0.47795522
31840,0.47795522
31841,0.0048863553
31842,0.17209977
31843,0.0048863553
31844,0.039319854
31845,0.07794063
31846,-0.46189472
31847,-0.46189472
31848,-0.73038363
31849,-0.73038363
31850,-0.73038363
31851,-0.73038363
31852,-0.73038363
31853,-0.73038363
31854,-0.73038363
31855,-0.0897885
31856,-0.0897885
31857,0.34278747
31858,0.8197744
31859,29.37444
31860,28.56239
31861,15.502425
31862,0.04906321
31863,-0.74108243
31864,-0.3746807
31865,0.24530503
31866,28.051867
31867,-0.4945527
31868,-0.6882591
31869,48.9159
31870,48.699738
31871,14.748683
31872,-0.6882591
31873,2.8148913
31874,-0.9516602
31875,-0.080956385
31876,-1.0094851
31877,-0.6923694
31878,13.222695
31879,12.132264
31880,-2.5753195
31881,-1.6167881
31882,-1.2881345
31883,-2.2617402
31884,-2.296174
31885,-2.1228886
31886,6.1872535
31887,45.132294
31888,170.79056
31889,29.892479
31890,-2.5753195
31891,-1.3856989
31892,-2.3786638
31893,-2.4130976
31894,6.880796
31895,-2.4130976
31896,-0.6898409
31897,-1.516612
31898,-2.648092
31899,-1.6551273
31900,49.923553
31901,40.33689
31902,5.237665
31903,-1.3833059
31904,-1.3833059
31905,20.754307
31906,53.53264
31907,85.57562
31908,125.88799
31909,107.348595
31910,99.389244
31911,109.67058
31912,145.5509
31913,121.70838
31914,155.05145
31915,192.2433
31916,167.9118
31917,169.01816
31918,200.95482
31919,175.51573
31920,151.04388
31921,164.68628
31922,206.37048
31923,202.20404
31924,202.58444
31925,148.16678
31926,180.02058
31927,164.76398
31928,195.48958
31929,202.57542
31930,161.52924
31931,147.11952
31932,133.3521
31933,155.4118
31934,179.43605
31935,172.06195
31936,199.52037
31937,233.36243
31938,205.65709
31939,209.20946
31940,216.13696
31941,212.8338
31942,205.94437
31943,195.8815
31944,207.25354
31945,207.88177
31946,324.133
31947,418.94272
31948,367.02075
31949,293.96225
31950,214.23134
31951,161.98465
31952,104.43841
31953,151.84793
31954,165.94672
31955,218.40712
31956,186.43176
31957,99.82387
31958,76.132225
31959,167.8842
31960,220.74205
31961,288.76422
31962,405.12457
31963,538.09454
31964,457.80518
31965,467.06732
31966,219.85455
31967,244.81018
31968,281.1521
31969,255.47705
31970,439.09952
31971,612.13025
31972,641.13196
31973,528.8383
31974,555.9964
31975,475.65494
31976,542.9873
31977,519.19403
31978,447.95953
31979,376.75726
31980,243.92769
31981,277.23907
31982,358.5932
31983,222.44978
31984,217.5241
31985,313.41617
31986,297.10535
31987,259.31302
31988,341.79355
31989,350.0296
31990,742.82916
31991,1309.1456
31992,1951.9304
31993,1570.65
31994,937.2899
31995,398.40024
31996,246.03152
31997,315.2135
31998,197.5635
31999,41.362457
32000,125.3581
32001,311.61084
32002,382.52542
32003,520.14
32004,519.9375
32005,483.1488
32006,574.09753
32007,578.4159
32008,413.13312
32009,505.16827
32010,497.31274
32011,621.843
32012,720.61865
32013,859.49713
32014,904.80347
32015,915.4588
32016,1039.5833
32017,1035.2173
32018,624.65063
32019,513.667
32020,460.93213
32021,487.4275
32022,417.0265
32023,364.45163
32024,195.98291
32025,124.97459
32026,70.99174
32027,182.72554
32028,250.79913
32029,288.29538
32030,233.94409
32031,271.80917
32032,106.78398
32033,48.477974
32034,164.00423
32035,422.87802
32036,424.94864
32037,534.9739
32038,531.9346
32039,472.16116
32040,501.58408
32041,529.9454
32042,522.54736
32043,394.18417
32044,415.94138
32045,610.95734
32046,610.894
32047,731.80646
32048,334.07318
32049,308.81952
32050,380.51468
32051,538.0562
32052,639.97394
32053,496.5475
32054,598.33026
32055,618.1902
32056,394.79187
32057,338.38605
32058,294.10605
32059,453.04086
32060,364.1501
32061,136.83398
32062,93.80099
32063,26.541937
32064,8.6488
32065,8.697179
32066,-0.07714544
32067,7.71746
32068,1.1371986
32069,-0.06473119
32070,-0.06473119
32071,-0.0715533
32072,400.39178
32073,307.9748
32074,107.213066
32075,5.702778
32076,1.3487315
32077,2.715288
32078,51.571617
32079,3.8765106
32080,3.8765106
32081,3.3618443
32082,3.188559
32083,-0.2460661
32084,20.036453
32085,-0.35879174
32086,-0.35879174
32087,-0.35879174
32088,-0.35879174
32089,-0.59082955
32090,-0.59082955
32091,-0.59082955
32092,-0.46790293
32093,-0.64026225
32094,0.66155267
32095,0.9126017
32096,0.9126017
32097,-0.28513157
32098,0.9470352
32099,0.9126017
32100,0.9126017
32101,0.9470352
32102,0.9470352
32103,0.9470352
32104,0.0676533
32105,0.9470352
32106,0.9470352
32107,0.9470352
32108,0.9470352
32109,0.9470352
32110,0.9470352
32111,0.0676533
32112,0.033219773
32113,1.4777697
32114,1.4777697
32115,0.39099428
32116,0.5592703
32117,1.4777697
32118,1.4777697
32119,5.8887396
32120,38.06614
32121,7.5495725
32122,1.5747535
32123,1.1537397
32124,1.2767283
32125,1.0925851
32126,1.47237
32127,1.47237
32128,0.5351869
32129,0.20653331
32130,0.039319854
32131,0.723874
32132,0.723874
32133,0.723874
32134,0.723874
32135,0.9198792
32136,0.723874
32137,0.6391411
32138,0.49821794
32139,0.42746323
32140,0.42746323
32141,0.42746323
32142,0.5315448
32143,0.2164557
32144,1.1511112
32145,0.9778259
32146,1.1511112
32147,-0.38120797
32148,-0.4274612
32149,-0.31950042
32150,0.6151553
32151,-0.42358202
32152,-0.73038363
32153,-0.78320694
32154,-0.6791254
32155,-0.52985173
32156,0.25212172
32157,-0.52985173
32158,-0.4877271
32159,-0.52985173
32160,-0.74108243
32161,-1.3524956
32162,-1.3524956
32163,-1.3524956
32164,-0.60090566
32165,-0.046002336
32166,0.12728292
32167,0.1660366
32168,-0.7615154
32169,-0.7026923
32170,-0.37236136
32171,-0.37236136
32172,-0.19907615
32173,-0.19907615
32174,-0.92726445
32175,-1.0313458
32176,-1.0313458
32177,-0.76285696
32178,-0.7284234
32179,-0.7284234
32180,-0.7284234
32181,-0.7284234
32182,-0.7284234
32183,-0.057619523
32184,-0.023185983
32185,-0.35951638
32186,-0.13576497
32187,-0.13576497
32188,-0.29693314
32189,2.7537296
32190,1.7768162
32191,7.782247
32192,33.74131
32193,9.613781
32194,7.6953845
32195,24.887371
32196,32.38878
32197,38.770203
32198,38.228806
32199,82.649765
32200,195.06465
32201,259.3368
32202,249.36977
32203,225.95114
32204,250.38281
32205,272.5302
32206,263.51373
32207,393.68103
32208,566.51196
32209,507.93918
32210,416.24423
32211,330.9528
32212,315.94147
32213,347.63916
32214,251.31828
32215,322.91345
32216,358.2186
32217,451.44168
32218,449.4888
32219,275.9465
32220,99.67336
32221,270.77567
32222,175.37209
32223,168.32684
32224,268.29163
32225,261.61172
32226,295.75793
32227,360.49106
32228,308.09283
32229,253.69147
32230,255.17627
32231,325.21237
32232,235.46184
32233,196.6375
32234,285.1007
32235,375.68036
32236,500.2113
32237,514.31476
32238,260.29898
32239,352.5519
32240,289.3158
32241,367.41852
32242,728.3579
32243,671.37866
32244,513.97565
32245,829.0114
32246,809.6154
32247,569.9611
32248,497.86673
32249,767.98315
32250,787.043
32251,712.4445
32252,387.79266
32253,559.5297
32254,518.2288
32255,315.2074
32256,515.6037
32257,656.02826
32258,346.12576
32259,499.5352
32260,228.50136
32261,390.25342
32262,503.971
32263,659.7022
32264,387.64383
32265,244.09593
32266,329.17395
32267,370.09708
32268,354.67328
32269,600.6623
32270,360.24426
32271,357.2962
32272,507.52274
32273,369.49905
32274,514.2697
32275,471.35834
32276,467.30518
32277,323.49384
32278,238.05634
32279,204.1731
32280,68.70419
32281,49.94619
32282,59.13999
32283,124.25385
32284,125.92
32285,354.8588
32286,285.31995
32287,243.62218
32288,208.47052
32289,266.98236
32290,157.13145
32291,160.35217
32292,194.52962
32293,128.73676
32294,165.36595
32295,196.81686
32296,274.86566
32297,353.04898
32298,276.25024
32299,231.66278
32300,210.45918
32301,320.97092
32302,272.07535
32303,322.12274
32304,207.09851
32305,183.2946
32306,211.24445
32307,197.54
32308,160.4585
32309,198.13162
32310,265.57794
32311,274.8498
32312,270.0426
32313,300.48633
32314,383.30966
32315,376.71338
32316,406.81952
32317,456.04034
32318,384.4884
32319,348.3777
32320,314.71127
32321,285.69034
32322,273.2465
32323,343.21494
32324,313.69617
32325,263.97958
32326,245.2526
32327,237.07727
32328,231.7058
32329,311.29477
32330,291.83493
32331,412.246
32332,415.44492
32333,381.01846
32334,393.87366
32335,326.78583
32336,302.54922
32337,388.56946
32338,441.60495
32339,501.0472
32340,547.74164
32341,780.2026
32342,726.8293
32343,569.4712
32344,454.25836
32345,536.18506
32346,586.08466
32347,527.8239
32348,447.92932
32349,422.88458
32350,402.30273
32351,330.12057
32352,428.13004
32353,680.6842
32354,659.3467
32355,536.6361
32356,581.18994
32357,423.27365
32358,292.4784
32359,175.43866
32360,135.27043
32361,233.43295
32362,160.36029
32363,193.41823
32364,272.85364
32365,307.45883
32366,278.67563
32367,269.97714
32368,260.22894
32369,316.38556
32370,285.24036
32371,406.33887
32372,293.44727
32373,305.1222
32374,369.17328
32375,380.28952
32376,330.33475
32377,450.5154
32378,238.70766
32379,276.65384
32380,280.4009
32381,435.8419
32382,628.6168
32383,350.33737
32384,488.44135
32385,755.86755
32386,650.5483
32387,459.39255
32388,745.24414
32389,908.93506
32390,834.91296
32391,697.3009
32392,900.9204
32393,1101.629
32394,686.83844
32395,1072.4242
32396,1369.5834
32397,1364.4364
32398,1587.2002
32399,904.5532
32400,649.1573
32401,1061.1813
32402,773.63995
32403,570.9915
32404,552.4284
32405,550.33185
32406,625.2903
32407,711.66284
32408,660.235
32409,531.7689
32410,415.01273
32411,372.65186
32412,284.01334
32413,238.14713
32414,144.95918
32415,202.67326
32416,397.60422
32417,335.177
32418,304.295
32419,429.9879
32420,194.14986
32421,272.13824
32422,325.5816
32423,298.9884
32424,263.98795
32425,379.11432
32426,416.8435
32427,351.79553
32428,380.76767
32429,675.0984
32430,746.126
32431,508.24536
32432,511.8195
32433,399.61856
32434,260.3167
32435,250.43011
32436,288.52057
32437,419.578
32438,346.6262
32439,317.29227
32440,395.6525
32441,478.75812
32442,324.41556
32443,231.8676
32444,323.6724
32445,342.4914
32446,326.30734
32447,416.91522
32448,441.87292
32449,379.66537
32450,455.79
32451,379.70804
32452,377.82202
32453,452.90878
32454,349.18814
32455,404.43762
32456,418.87085
32457,491.632
32458,437.59296
32459,325.31387
32460,319.79984
32461,440.1962
32462,432.0905
32463,358.10364
32464,168.35323
32465,76.06932
32466,83.0824
32467,87.794945
32468,208.19821
32469,143.07176
32470,12.106162
32471,4.763144
32472,11.752703
32473,6.8310685
32474,11.182346
32475,16.288157
32476,11.577479
32477,80.69532
32478,99.80644
32479,106.07983
32480,161.88791
32481,137.6108
32482,143.22932
32483,100.987
32484,98.53707
32485,91.82787
32486,109.35033
32487,176.68108
32488,146.78775
32489,199.28363
32490,146.95216
32491,132.78078
32492,284.72144
32493,127.72562
32494,288.14996
32495,211.20229
32496,129.17108
32497,81.28038
32498,25.842297
32499,143.55826
32500,97.485435
32501,62.456516
32502,103.76046
32503,99.569626
32504,126.4439
32505,219.03644
32506,131.34303
32507,147.23741
32508,138.30003
32509,42.287434
32510,42.58005
32511,58.335796
32512,129.1283
32513,83.67906
32514,23.528059
32515,58.47533
32516,263.13412
32517,178.4197
32518,66.08947
32519,216.06462
32520,220.75839
32521,262.208
32522,292.46692
32523,195.61269
32524,297.58566
32525,254.14272
32526,332.5707
32527,101.3095
32528,256.0042
32529,386.5509
32530,440.69284
32531,590.36206
32532,287.8023
32533,252.58858
32534,201.53171
32535,154.9075
32536,231.78828
32537,308.40863
32538,440.8498
32539,522.1754
32540,476.6134
32541,545.9558
32542,376.06238
32543,432.9004
32544,205.6248
32545,294.95456
32546,149.71117
32547,321.07782
32548,411.29538
32549,356.96042
32550,606.23724
32551,436.84958
32552,265.25403
32553,152.15504
32554,295.715
32555,58.903015
32556,241.8752
32557,188.75479
32558,315.81348
32559,323.86096
32560,410.38773
32561,241.4487
32562,153.7098
32563,189.60014
32564,401.6841
32565,337.72583
32566,473.51147
32567,125.42624
32568,70.380005
32569,341.95364
32570,116.904945
32571,202.24187
32572,252.25655
32573,190.17526
32574,162.15005
32575,133.24686
32576,162.74878
32577,237.1854
32578,129.17514
32579,127.315575
32580,140.54628
32581,127.72889
32582,159.47607
32583,313.14288
32584,396.7472
32585,378.23883
32586,480.99893
32587,332.1482
32588,275.76312
32589,263.26035
32590,222.72585
32591,228.39877
32592,217.80016
32593,183.38441
32594,189.39082
32595,226.80875
32596,216.9745
32597,187.04343
32598,206.18224
32599,151.12773
32600,90.09213
32601,78.38431
32602,21.611845
32603,1.1286573
32604,0.32436502
32605,0.32436502
32606,0.3929901
32607,0.3929901
32608,0.7848094
32609,2.122093
32610,0.99080193
32611,11.25025
32612,4.2956996
32613,1.5085826
32614,0.010817977
32615,0.010817977
32616,0.010817977
32617,0.010817977
32618,78.2539
32619,267.16068
32620,175.25385
32621,348.59888
32622,338.42557
32623,394.5639
32624,284.21155
32625,205.46272
32626,282.05096
32627,187.14792
32628,74.32686
32629,92.30253
32630,56.98026
32631,15.403498
32632,39.379715
32633,7.368408
32634,3.3760257
32635,4.2467556
32636,0.3468183
32637,0.3468183
32638,0.5208838
32639,0.5562103
32640,0.7087579
32641,0.5354724
32642,0.5354724
32643,0.5354724
32644,1.138003
32645,0.25865337
32646,0.25865337
32647,0.25865337
32648,1.7678866
32649,47.47654
32650,75.17947
32651,100.30549
32652,85.01727
32653,71.12651
32654,39.245834
32655,15.94466
32656,18.785822
32657,5.355571
32658,24.14245
32659,5.1847134
32660,48.846874
32661,41.212784
32662,14.350508
32663,6.3354187
32664,1.5699667
32665,14.976212
32666,49.844994
32667,16.472591
32668,51.101185
32669,102.008606
32670,78.66944
32671,43.478195
32672,55.888466
32673,124.71017
32674,74.142075
32675,56.70386
32676,77.060745
32677,67.053116
32678,92.99092
32679,6.8118963
32680,142.09883
32681,155.61247
32682,143.03946
32683,98.235374
32684,100.77768
32685,177.18394
32686,187.87767
32687,187.47276
32688,160.96242
32689,238.66583
32690,170.36505
32691,53.146523
32692,95.12617
32693,120.5639
32694,62.136734
32695,28.74859
32696,7.900296
32697,76.3565
32698,56.636475
32699,91.078705
32700,11.596231
32701,104.85052
32702,82.72932
32703,129.94292
32704,161.50621
32705,217.34901
32706,131.4647
32707,82.55897
32708,128.51648
32709,142.1327
32710,125.18963
32711,60.359066
32712,120.74995
32713,30.829308
32714,1.1178719
32715,3.6401188
32716,15.684853
32717,2.0461247
32718,1.7892921
32719,2.0607138
32720,2.5172787
32721,44.08549
32722,33.334415
32723,6.2358017
32724,1.8314587
32725,1.7604514
32726,1.8817555
32727,1.7084699
32728,1.3821106
32729,1.555396
32730,1.6418225
32731,16.568491
32732,7.4426236
32733,27.385916
32734,30.336485
32735,15.126238
32736,5.0023994
32737,18.256945
32738,4.6769114
32739,1.5944439
32740,0.3573149
32741,0.61523557
32742,1.0745379
32743,-0.14880446
32744,0.11877869
32745,1.050341
32746,1.2236583
32747,0.014697136
32748,0.014697136
32749,0.014697136
32750,0.049130674
32751,0.049130674
32752,0.24875078
32753,0.24875078
32754,0.24875078
32755,0.24875078
32756,0.24875078
32757,0.24875078
32758,0.029829148
32759,0.029829148
32760,-0.0046043824
32761,0.029829148
32762,0.029829148
32763,0.029829148
32764,0.01856202
32765,0.01856202
32766,0.01856202
32767,0.01856202
32768,0.01856202
32769,0.01856202
32770,0.029829148
32771,0.029829148
32772,0.029829148
32773,0.029829148
32774,0.029829148
32775,0.029829148
32776,0.12798761
32777,0.12798761
32778,0.12798761
32779,0.12798761
32780,0.12798761
32781,0.12798761
32782,0.41767272
32783,0.297538
32784,0.28658414
32785,0.297538
32786,0.45008573
32787,0.45008573
32788,0.42786947
32789,0.42786947
32790,0.42786947
32791,0.42786947
32792,0.42786947
32793,1.3488218
32794,0.31314585
32795,1.3488218
32796,1.3488218
32797,0.46569362
32798,0.11237416
32799,0.07794063
32800,0.07794063
32801,0.07794063
32802,-0.46189472
32803,0.16950224
32804,-0.6959502
32805,-0.73038363
32806,0.3175518
32807,-0.78320694
32808,-0.78320694
32809,-0.0897885
32810,0.33704305
32811,0.51032823
32812,0.0685544
32813,1.2271531
32814,0.9439056
32815,1.4004706
32816,-0.33774045
32817,-0.24017505
32818,-0.08327028
32819,-0.18735185
32820,-0.18735185
32821,-0.18735185
32822,-0.18735185
32823,-0.27460858
32824,-0.33989963
32825,0.48121494
32826,3.3867996
32827,13.607518
32828,3.772759
32829,1.3277825
32830,0.17272931
32831,0.06864779
32832,0.06864779
32833,-0.20277402
32834,-0.20277402
32835,-0.20277402
32836,-0.20277402
32837,-0.20277402
32838,-0.20277402
32839,-0.20277402
32840,-0.20277402
32841,-0.20277402
32842,-0.20277402
32843,-0.20277402
32844,-0.3553218
32845,-0.3553218
32846,0.10124354
32847,1.0563608
32848,0.40928313
32849,1.3277825
32850,1.0019493
32851,1.1752347
32852,1.0019493
32853,1.1001077
32854,1.0891538
32855,1.2624391
32856,1.2624391
32857,1.0891538
32858,1.0891538
32859,1.411252
32860,1.411252
32861,1.411252
32862,1.1398304
32863,1.1398304
32864,1.1398304
32865,1.2851753
32866,1.1355832
32867,1.1355832
32868,1.1355832
32869,0.968369
32870,0.968369
32871,0.9726491
32872,0.74555016
32873,0.74555016
32874,0.9778259
32875,0.484244
32876,0.6112761
32877,0.16950224
32878,0.16950224
32879,0.16950224
32880,0.16950224
32881,0.34278747
32882,0.34278747
32883,-0.6959502
32884,-0.36729655
32885,0.17507361
32886,-0.080956385
32887,-0.080956385
32888,0.16950224
32889,0.16950224
32890,0.13506873
32891,0.13506873
32892,-0.080956385
32893,-0.080956385
32894,-1.0094851
32895,-1.2183888
32896,-1.1691025
32897,-0.851987
32898,-0.24057405
32899,-0.851987
32900,-1.2183888
32901,-0.11538994
32902,-0.6923694
32903,4.294382
32904,-0.93658507
32905,0.6415626
32906,9.748664
32907,-0.6538256
32908,-0.6538256
32909,-1.2652388
32910,-1.1611571
32911,-1.2652388
32912,0.09232886
32913,-0.080956385
32914,-0.080956385
32915,-0.6923694
32916,0.3756099
32917,17.983566
32918,-1.0094851
32919,-0.4995928
32920,-0.32630756
32921,0.11182009
32922,-0.09467949
32923,-0.3569675
32924,-0.0044835396
32925,14.004932
32926,34.289215
32927,31.645098
32928,44.708527
32929,85.28866
32930,57.654808
32931,72.29296
32932,133.77223
32933,172.7188
32934,169.92427
32935,171.00116
32936,165.74625
32937,147.19466
32938,235.71228
32939,264.57065
32940,207.28152
32941,186.0015
32942,172.5007
32943,175.62144
32944,201.0439
32945,197.80981
32946,197.6325
32947,219.97032
32948,243.74722
32949,292.07928
32950,284.3672
32951,321.25516
32952,233.55443
32953,189.44038
32954,225.8315
32955,103.541145
32956,137.45631
32957,203.69652
32958,134.70557
32959,112.14481
32960,95.47199
32961,69.649055
32962,58.776184
32963,63.354332
32964,84.17087
32965,71.355644
32966,50.129936
32967,26.764727
32968,19.369514
32969,56.639046
32970,69.59876
32971,55.66481
32972,51.83783
32973,47.63681
32974,34.9712
32975,16.017084
32976,9.330848
32977,9.922937
32978,4.9458733
32979,18.029259
32980,24.93708
32981,21.63209
32982,29.80163
32983,35.024475
32984,48.91928
32985,33.15017
32986,14.201558
32987,5.525237
32988,3.096505
32989,5.4191036
32990,13.739927
32991,7.294918
32992,15.390333
32993,25.525753
32994,19.146303
32995,24.357706
32996,23.247343
32997,32.960045
32998,38.618843
32999,44.65918
33000,32.039497
33001,38.87596
33002,37.795074
33003,61.796738
33004,65.22733
33005,76.51111
33006,145.90222
33007,187.2716
33008,211.17613
33009,319.50516
33010,335.09265
33011,66.54363
33012,5.550849
33013,27.704342
33014,4.0095577
33015,-1.1528167
33016,0.16950224
33017,0.16950224
33018,0.16950224
33019,0.16950224
33020,0.16950224
33021,0.16950224
33022,0.16950224
33023,0.16950224
33024,0.042032238
33025,-0.080956385
33026,0.09232886
33027,-0.3383884
33028,-1.2784553
33029,-1.0227016
33030,-1.3257402
33031,-1.595571
33032,-1.595571
33033,-2.6097534
33034,-2.6097534
33035,-2.5584948
33036,-2.296174
33037,-2.296174
33038,-2.296174
33039,-2.6625764
33040,27.700342
33041,31.102776
33042,63.71217
33043,11.39245
33044,-2.9809275
33045,32.191063
33046,45.004704
33047,35.06765
33048,0.08314395
33049,77.367035
33050,-1.4710416
33051,-2.5026886
33052,-3.08113
33053,-1.8898232
33054,13.569769
33055,39.00082
33056,22.160393
33057,3.2565765
33058,-2.8384757
33059,-2.8384757
33060,-2.3819106
33061,-2.5098221
33062,43.451633
33063,101.61183
33064,89.08032
33065,114.11047
33066,260.4357
33067,310.57407
33068,407.5716
33069,343.69046
33070,322.13455
33071,325.7189
33072,272.90945
33073,204.04913
33074,302.72052
33075,459.21646
33076,423.7798
33077,515.4694
33078,347.8964
33079,383.60236
33080,357.47604
33081,343.5445
33082,342.27805
33083,440.34167
33084,333.09625
33085,309.73065
33086,297.8713
33087,342.0397
33088,354.11407
33089,363.4724
33090,335.40952
33091,467.58362
33092,400.52258
33093,421.84387
33094,338.8589
33095,306.1983
33096,315.3283
33097,387.60117
33098,462.7699
33099,443.08746
33100,381.4097
33101,324.57132
33102,273.72995
33103,270.94324
33104,261.94504
33105,295.33426
33106,268.82507
33107,275.07693
33108,319.27744
33109,278.96716
33110,226.68115
33111,193.92088
33112,231.61496
33113,151.42046
33114,151.99113
33115,159.53123
33116,80.45428
33117,63.65686
33118,56.57004
33119,63.028595
33120,39.29878
33121,24.639166
33122,6.0302105
33123,37.819992
33124,41.93975
33125,125.8657
33126,116.29034
33127,68.560974
33128,19.36638
33129,14.96839
33130,19.850628
33131,5.5231915
33132,1.9257995
33133,1.5238737
33134,0.13423249
33135,-0.99763584
33136,-0.25469834
33137,0.7600538
33138,0.9126017
33139,0.9126017
33140,1.085887
33141,1.3871038
33142,1.264115
33143,1.264115
33144,1.264115
33145,1.264115
33146,1.2122861
33147,1.5343844
33148,1.5343844
33149,0.33665133
33150,-0.038852
33151,-0.101983905
33152,0.9461564
33153,1.2581129
33154,0.19874445
33155,0.27847254
33156,0.27847254
33157,0.27847254
33158,-0.21510968
33159,-0.46846473
33160,-0.51471794
33161,-0.78320694
33162,-0.78320694
33163,-0.78320694
33164,-0.78320694
33165,-0.52985173
33166,-0.52985173
33167,-0.52985173
33168,-0.52985173
33169,-0.52985173
33170,-0.52985173
33171,-0.52985173
33172,-0.52985173
33173,-0.52985173
33174,-0.52985173
33175,-0.52985173
33176,0.30241835
33177,-0.4877271
33178,-0.12132549
33179,-0.4877271
33180,-0.121357486
33181,-0.55945325
33182,0.05195977
33183,-0.9860938
33184,-0.3746807
33185,-0.9860938
33186,-0.9860938
33187,-0.16264176
33188,-0.74108243
33189,-0.12132549
33190,-0.55945325
33191,0.05195977
33192,-0.55945325
33193,-1.4162561
33194,-0.4877271
33195,-1.049854
33196,-0.9950586
33197,-0.50289404
33198,-1.1143072
33199,0.07145099
33200,0.49519473
33201,-0.33707523
33202,-0.29495057
33203,-0.29495057
33204,-0.2900312
33205,16.75421
33206,15.741522
33207,108.27075
33208,98.57129
33209,93.360985
33210,102.85328
33211,115.101265
33212,85.89844
33213,220.77657
33214,203.3884
33215,176.64194
33216,190.03485
33217,188.894
33218,191.45541
33219,209.49678
33220,283.2003
33221,236.00357
33222,304.6543
33223,196.13062
33224,178.19629
33225,139.85178
33226,148.62947
33227,150.42644
33228,181.27597
33229,202.2648
33230,216.52856
33231,216.42795
33232,164.17099
33233,236.59517
33234,242.84515
33235,231.49268
33236,221.03232
33237,254.96375
33238,258.21866
33239,226.66444
33240,204.95007
33241,157.89816
33242,139.42969
33243,124.6788
33244,103.00284
33245,107.32114
33246,116.5288
33247,158.29976
33248,134.43582
33249,144.52802
33250,102.842995
33251,83.30825
33252,46.085907
33253,38.70086
33254,34.49735
33255,55.0275
33256,42.389065
33257,65.23352
33258,88.7421
33259,95.44058
33260,120.94783
33261,96.75598
33262,88.28648
33263,73.88993
33264,90.8191
33265,85.18226
33266,74.94137
33267,89.344315
33268,89.344315
33269,66.031494
33270,66.89562
33271,62.004524
33272,62.636795
33273,60.155914
33274,25.27643
33275,27.136354
33276,34.466705
33277,37.332993
33278,35.755524
33279,41.791847
33280,50.828194
33281,59.942276
33282,49.214096
33283,22.501352
33284,66.57756
33285,89.73484
33286,89.13216
33287,97.66526
33288,67.86412
33289,69.79806
33290,76.83422
33291,166.70798
33292,163.49489
33293,129.464
33294,146.27808
33295,100.41466
33296,79.78858
33297,28.4393
33298,37.28425
33299,17.876423
33300,2.1287293
33301,1.1078252
33302,1.1103505
33303,-0.97217697
33304,-1.6876718
33305,0.49641258
33306,50.860825
33307,83.83094
33308,73.910835
33309,44.93589
33310,59.71467
33311,55.995903
33312,33.32688
33313,97.380325
33314,163.23071
33315,138.62447
33316,147.82077
33317,142.51552
33318,68.14171
33319,140.40933
33320,94.88742
33321,104.94623
33322,171.50108
33323,86.73399
33324,21.999435
33325,1.0167155
33326,9.862111
33327,15.3204
33328,12.179247
33329,13.100643
33330,18.340832
33331,4.3112354
33332,4.610939
33333,3.5274463
33334,-1.3613441
33335,-1.5346295
33336,-2.0024498
33337,-1.879461
33338,-2.0024498
33339,-2.9977522
33340,-2.9977522
33341,-2.9977522
33342,-2.8049755
33343,-2.4763217
33344,-2.8049755
33345,-2.8049755
33346,-2.8049755
33347,-2.8049755
33348,-3.0360909
33349,-3.0360909
33350,-3.0360909
33351,-3.0360909
33352,-2.9320092
33353,-1.0478241
33354,-1.2100205
33355,-1.2100205
33356,-1.3833059
33357,-1.2100205
33358,-2.0122385
33359,-1.2100205
33360,-1.5363796
33361,-2.6008852
33362,-1.4095784
33363,0.6821373
33364,-1.5136601
33365,23.61325
33366,60.695854
33367,67.432205
33368,44.32554
33369,36.299217
33370,64.46922
33371,129.68594
33372,111.6036
33373,107.5187
33374,121.88259
33375,132.5537
33376,129.79588
33377,94.81289
33378,153.46133
33379,159.76979
33380,137.1939
33381,217.31844
33382,187.00723
33383,116.883965
33384,123.56608
33385,112.6116
33386,123.56608
33387,148.79572
33388,113.60733
33389,164.85957
33390,245.41806
33391,326.43268
33392,179.30379
33393,114.98337
33394,123.202354
33395,99.86595
33396,190.17729
33397,231.53151
33398,217.33873
33399,253.69272
33400,412.4304
33401,336.39072
33402,312.6009
33403,319.2866
33404,252.55695
33405,346.56213
33406,559.42706
33407,534.4914
33408,501.08185
33409,447.30203
33410,428.73065
33411,451.39648
33412,507.70172
33413,494.00244
33414,435.0841
33415,378.93497
33416,406.47662
33417,327.37192
33418,322.6965
33419,341.69772
33420,423.43054
33421,333.24023
33422,289.8031
33423,259.25238
33424,216.66731
33425,225.96196
33426,266.5469
33427,179.71828
33428,68.54616
33429,94.46026
33430,73.74167
33431,57.08028
33432,38.036144
33433,12.253244
33434,12.743724
33435,7.448005
33436,-1.0594338
33437,-0.25169212
33438,-0.074111015
33439,-0.24739628
33440,2.144407
33441,0.48372948
33442,24.747524
33443,43.2375
33444,160.7402
33445,136.78185
33446,208.48643
33447,176.31601
33448,159.35303
33449,63.387066
33450,52.81671
33451,101.78088
33452,105.35279
33453,56.576084
33454,60.076565
33455,66.50184
33456,14.310338
33457,58.438736
33458,122.09889
33459,90.17402
33460,62.82229
33461,108.65789
33462,1.5071778
33463,154.36935
33464,221.0046
33465,164.07274
33466,85.343834
33467,219.98926
33468,64.37054
33469,77.83202
33470,45.50778
33471,145.40414
33472,8.928946
33473,25.625284
33474,65.53617
33475,43.39035
33476,119.911545
33477,109.78803
33478,184.12448
33479,149.34978
33480,136.36104
33481,145.91508
33482,141.54944
33483,66.37966
33484,73.97999
33485,86.045334
33486,102.93834
33487,69.30611
33488,99.74494
33489,66.3578
33490,15.708801
33491,52.365147
33492,40.38692
33493,23.956459
33494,0.38605657
33495,2.7777238
33496,3.104747
33497,-1.835591
33498,0.9251502
33499,-0.26615676
33500,-0.899623
33501,-1.2282766
33502,0.2328609
33503,1.0943221
33504,35.46329
33505,61.512104
33506,122.0438
33507,104.55725
33508,77.83897
33509,76.22402
33510,107.48177
33511,31.616133
33512,42.55248
33513,31.4416
33514,24.597116
33515,17.000776
33516,44.717728
33517,138.7036
33518,185.64659
33519,226.14523
33520,175.13089
33521,208.62546
33522,185.72112
33523,190.30685
33524,194.19144
33525,253.16724
33526,217.74469
33527,218.17241
33528,216.4528
33529,239.90115
33530,209.2789
33531,114.95336
33532,108.71284
33533,87.629974
33534,128.18811
33535,116.78928
33536,60.68589
33537,41.687286
33538,42.101624
33539,56.619064
33540,65.5469
33541,72.38042
33542,51.058685
33543,56.115242
33544,67.223114
33545,59.527275
33546,76.23264
33547,52.15097
33548,52.02394
33549,47.968155
33550,34.57685
33551,28.775715
33552,38.078083
33553,35.55695
33554,48.53398
33555,69.84047
33556,54.960506
33557,64.2192
33558,48.55819
33559,48.707207
33560,37.44314
33561,12.676875
33562,15.443591
33563,12.638244
33564,10.782431
33565,39.234894
33566,33.31137
33567,16.369862
33568,12.407325
33569,23.933815
33570,67.12835
33571,92.86623
33572,118.49517
33573,82.70158
33574,65.43759
33575,52.649788
33576,18.867607
33577,14.454415
33578,-0.45943016
33579,-1.0143017
33580,0.16950224
33581,-1.1183833
33582,-1.1183833
33583,0.16950224
33584,0.16950224
33585,0.34278747
33586,0.16950224
33587,0.12913306
33588,0.5856986
33589,-0.84820306
33590,30.275217
33591,86.41786
33592,111.76871
33593,145.98953
33594,8.906927
33595,4.490756
33596,0.12913306
33597,3.5058458
33598,-1.0762585
33599,-1.3590181
33600,-1.8291645
33601,-2.0368834
33602,-2.9809275
33603,-3.0505753
33604,-2.5411866
33605,18.000212
33606,10.357916
33607,19.39255
33608,55.6502
33609,26.56161
33610,39.28132
33611,55.92928
33612,74.34024
33613,57.801163
33614,89.229385
33615,52.39716
33616,13.337878
33617,39.601772
33618,11.499764
33619,18.114622
33620,40.5303
33621,34.435013
33622,24.30376
33623,7.9949117
33624,31.000914
33625,50.00327
33626,39.768623
33627,75.66499
33628,72.27753
33629,76.10603
33630,107.348595
33631,96.56182
33632,123.54804
33633,123.13089
33634,94.86129
33635,93.53105
33636,72.90614
33637,79.22066
33638,78.00562
33639,80.68281
33640,76.53665
33641,56.569107
33642,71.080894
33643,70.430534
33644,59.78427
33645,56.569107
33646,57.78563
33647,65.57379
33648,81.22445
33649,97.81105
33650,77.588486
33651,83.41075
33652,86.21411
33653,85.218315
33654,40.060204
33655,15.298807
33656,15.799947
33657,5.788475
33658,10.405395
33659,23.334059
33660,39.06375
33661,54.19085
33662,34.0625
33663,17.177553
33664,35.11891
33665,17.890678
33666,13.890608
33667,16.400822
33668,9.2427225
33669,4.9885874
33670,3.6103623
33671,21.344355
33672,29.30189
33673,6.4141726
33674,20.291372
33675,57.031067
33676,54.27468
33677,70.94054
33678,80.26389
33679,69.51099
33680,58.0066
33681,78.740555
33682,126.488754
33683,96.81542
33684,98.240395
33685,85.70838
33686,73.593925
33687,15.934397
33688,5.3369665
33689,5.3369665
33690,13.721581
33691,44.67937
33692,58.175465
33693,59.719376
33694,67.87895
33695,61.844948
33696,53.29883
33697,30.781256
33698,14.553069
33699,20.89371
33700,10.443197
33701,3.1094377
33702,-0.47357932
33703,-1.0712432
33704,-0.8498941
33705,-1.1183833
33706,-1.1183833
33707,-0.7897295
33708,43.659996
33709,89.42393
33710,82.97324
33711,75.696075
33712,61.345406
33713,90.46184
33714,86.65145
33715,72.90435
33716,20.831627
33717,12.31511
33718,0.28603527
33719,-0.6923694
33720,-1.6876718
33721,-1.0094851
33722,-0.8361999
33723,-2.0047874
33724,-2.0047874
33725,-2.6313822
33726,-2.0024498
33727,-2.0024498
33728,-2.0024498
33729,-2.0024498
33730,-2.0024498
33731,-2.0024498
33732,-2.0024498
33733,-2.0024498
33734,-2.0024498
33735,-1.8291645
33736,-1.8291645
33737,9.855915
33738,12.308392
33739,25.024372
33740,-1.8291645
33741,-1.8291645
33742,-2.8936706
33743,-2.8936706
33744,-1.8291645
33745,-1.8291645
33746,-2.0024498
33747,-1.842381
33748,-1.842381
33749,0.37613627
33750,22.070698
33751,48.707336
33752,11.228346
33753,-2.8049755
33754,44.704056
33755,58.203323
33756,43.861053
33757,29.417206
33758,32.663376
33759,74.43002
33760,73.04648
33761,77.103905
33762,75.55761
33763,105.54
33764,104.61852
33765,110.07286
33766,154.6834
33767,224.32475
33768,259.0575
33769,214.7034
33770,188.47421
33771,197.35495
33772,179.80019
33773,238.1808
33774,205.79149
33775,159.4705
33776,138.74527
33777,164.18652
33778,145.44615
33779,212.02007
33780,279.12097
33781,224.29654
33782,167.35173
33783,160.12828
33784,199.8169
33785,225.04465
33786,241.22269
33787,252.71779
33788,239.57326
33789,191.65715
33790,193.28282
33791,194.66327
33792,131.84349
33793,158.80258
33794,120.72226
33795,126.05045
33796,101.60775
33797,88.42856
33798,108.890305
33799,200.40706
33800,161.90732
33801,132.8795
33802,131.76031
33803,151.04388
33804,125.320145
33805,118.16551
33806,155.78096
33807,144.95291
33808,87.95263
33809,132.91605
33810,110.84473
33811,121.44571
33812,89.30154
33813,84.24846
33814,30.132458
33815,2.002466
33816,3.045269
33817,3.045269
33818,-1.3553312
33819,-0.3960992
33820,-0.12761061
33821,-0.12761061
33822,-0.3960992
33823,0.79520684
33824,25.080736
33825,35.33587
33826,8.524375
33827,19.309757
33828,35.77764
33829,19.751534
33830,34.532814
33831,38.603394
33832,31.753273
33833,51.84194
33834,43.269806
33835,16.026901
33836,25.847034
33837,40.987885
33838,39.640747
33839,22.44522
33840,7.4932914
33841,35.450775
33842,22.265778
33843,5.7000847
33844,2.5429091
33845,0.3755033
33846,0.34278747
33847,0.34278747
33848,0.16950224
33849,0.16950224
33850,0.16950224
33851,-0.080956385
33852,-0.080956385
33853,-0.080956385
33854,-0.97217697
33855,-1.6876718
33856,-1.6876718
33857,-2.0047874
33858,-2.0047874
33859,-2.0047874
33860,-2.0047874
33861,-1.8291645
33862,-1.3725991
33863,-2.6313822
33864,-2.419311
33865,-2.9977522
33866,-2.6313822
33867,-2.0024498
33868,-1.879461
33869,-2.8936706
33870,-2.437105
33871,-2.9977522
33872,-1.8291645
33873,-2.8936706
33874,-2.4753919
33875,-2.9977522
33876,-2.9977522
33877,8.725702
33878,-2.9977522
33879,-2.9977522
33880,-2.9977522
33881,-2.9977522
33882,-2.5411866
33883,-2.0024498
33884,-2.9977522
33885,-2.7279217
33886,-2.9977522
33887,-2.8936706
33888,-2.9977522
33889,-1.8291645
33890,-2.9977522
33891,-0.8839159
33892,-2.475444
33893,48.700127
33894,63.570526
33895,74.286964
33896,70.35438
33897,80.80054
33898,73.573524
33899,84.90192
33900,73.49139
33901,99.55051
33902,105.435425
33903,105.31331
33904,105.41739
33905,143.53857
33906,106.27042
33907,113.68584
33908,111.8066
33909,74.70182
33910,86.813614
33911,102.10829
33912,109.64291
33913,129.64772
33914,122.73699
33915,135.6841
33916,141.83542
33917,182.76503
33918,255.60765
33919,280.9586
33920,234.76497
33921,268.06802
33922,249.66794
33923,243.45197
33924,236.95567
33925,234.14607
33926,271.45264
33927,296.54575
33928,455.3032
33929,461.59845
33930,422.4667
33931,426.6059
33932,420.20868
33933,453.73526
33934,455.09134
33935,434.9213
33936,618.04364
33937,737.12714
33938,687.3547
33939,693.972
33940,659.9174
33941,693.52875
33942,634.2504
33943,442.59378
33944,346.06235
33945,535.6571
33946,461.3385
33947,698.12775
33948,653.3934
33949,503.73105
33950,503.71127
33951,626.3777
33952,508.8018
33953,648.3353
33954,466.50165
33955,428.9886
33956,479.0105
33957,382.40472
33958,616.57495
33959,801.7927
33960,733.9528
33961,624.48785
33962,644.53357
33963,538.7115
33964,625.7872
33965,723.5998
33966,818.46106
33967,748.29486
33968,466.54874
33969,368.47696
33970,389.826
33971,379.01266
33972,305.52747
33973,393.89178
33974,411.78964
33975,543.6698
33976,531.05316
33977,460.3162
33978,436.9867
33979,618.2862
33980,586.88086
33981,620.7268
33982,732.08527
33983,376.84924
33984,375.27518
33985,143.74945
33986,256.39963
33987,430.2417
33988,458.3626
33989,503.91006
33990,774.344
33991,771.10925
33992,642.49963
33993,597.8733
33994,460.9257
33995,482.44736
33996,433.69046
33997,634.60114
33998,504.87173
33999,429.25052
34000,314.08755
34001,223.38597
34002,109.01253
34003,99.49639
34004,43.74553
34005,40.224556
34006,121.05764
34007,209.38522
34008,171.56967
34009,198.25142
34010,135.68452
34011,39.396713
34012,109.45158
34013,197.2519
34014,165.98065
34015,122.88736
34016,72.88324
34017,103.18066
34018,149.2119
34019,221.39969
34020,133.76874
34021,214.26433
34022,210.94154
34023,149.40814
34024,289.79022
34025,274.46405
34026,236.4911
34027,209.74274
34028,115.561264
34029,203.76791
34030,193.27997
34031,103.53594
34032,183.46877
34033,309.29016
34034,296.2971
34035,414.49573
34036,454.5627
34037,340.31494
34038,390.40524
34039,392.2567
34040,426.5974
34041,519.073
34042,421.07584
34043,501.317
34044,358.3544
34045,235.97473
34046,229.1913
34047,238.29822
34048,233.47119
34049,513.173
34050,634.1965
34051,484.69308
34052,652.2963
34053,498.71777
34054,499.76022
34055,251.95924
34056,407.03073
34057,604.53406
34058,637.439
34059,434.73596
34060,362.18744
34061,323.72693
34062,231.63187
34063,353.09683
34064,376.87756
34065,363.48654
34066,468.69318
34067,422.25406
34068,471.65414
34069,394.2087
34070,346.1589
34071,227.97636
34072,337.10147
34073,283.41043
34074,279.18713
34075,340.07202
34076,422.14026
34077,490.99655
34078,292.8801
34079,280.91025
34080,270.5532
34081,173.15594
34082,235.42282
34083,744.5653
34084,749.62744
34085,267.5262
34086,371.97406
34087,403.14328
34088,232.14697
34089,367.32712
34090,583.0153
34091,398.2237
34092,452.39755
34093,878.59534
34094,779.04443
34095,1169.4587
34096,1522.949
34097,1299.2584
34098,1241.6565
34099,741.88324
34100,630.3816
34101,1078.5424
34102,1178.6376
34103,1222.6969
34104,1242.2437
34105,1058.2235
34106,575.5215
34107,393.9018
34108,705.93085
34109,954.2174
34110,546.44867
34111,505.64218
34112,574.2629
34113,771.9132
34114,1196.1351
34115,720.5456
34116,840.4994
34117,535.5027
34118,391.99463
34119,331.3912
34120,406.3376
34121,603.3549
34122,627.0531
34123,571.6078
34124,316.6246
34125,386.44925
34126,283.5247
34127,280.97745
34128,312.60123
34129,127.7422
34130,249.98569
34131,178.94096
34132,248.8322
34133,136.78433
34134,134.50203
34135,68.50598
34136,125.72231
34137,61.459072
34138,92.93844
34139,233.75337
34140,388.39578
34141,244.7817
34142,131.72876
34143,134.44308
34144,150.77339
34145,152.6275
34146,103.376205
34147,30.35731
34148,86.85953
34149,69.37482
34150,92.90352
34151,101.211945
34152,54.010902
34153,39.13129
34154,67.55443
34155,47.9832
34156,24.560091
34157,0.5702206
34158,53.16876
34159,2.0477152
34160,44.33195
34161,92.46687
34162,36.051746
34163,1.7683002
34164,1.8935766
34165,1.875921
34166,51.01345
34167,66.42036
34168,85.99318
34169,21.810135
34170,61.752087
34171,9.664137
34172,11.290117
34173,12.945401
34174,16.921112
34175,24.368473
34176,11.094238
34177,1.118949
34178,0.5196431
34179,0.014069213
34180,-0.09001237
34181,0.43461776
34182,1.7273724
34183,1.8439313
34184,1.6706457
34185,1.6706457
34186,1.6706457
34187,1.6706457
34188,1.6706457
34189,1.0391058
34190,1.1154369
34191,1.1154369
34192,1.1154369
34193,1.1154369
34194,1.1154369
34195,1.1228249
34196,1.1228249
34197,0.19123067
34198,0.7164208
34199,2.3742902
34200,37.43859
34201,53.224754
34202,38.01793
34203,23.393
34204,41.561337
34205,38.284153
34206,38.405457
34207,18.845863
34208,16.445175
34209,15.622764
34210,19.557898
34211,21.283636
34212,27.50071
34213,16.011906
34214,4.1709743
34215,0.9387982
34216,-0.28133333
34217,-0.3854149
34218,-0.3695892
34219,-0.4736708
34220,-0.3854149
34221,-0.3854149
34222,-0.3854149
34223,-0.3854149
34224,-0.8640762
34225,-0.95233196
34226,-0.95233196
34227,-0.95233196
34228,-0.95233196
34229,-0.53178334
34230,-0.53178334
34231,-0.53178334
34232,-0.53178334
34233,-0.5074109
34234,-0.53178334
34235,-0.53178334
34236,-0.18773676
34237,-0.18773676
34238,-0.18773676
34239,-0.18773676
34240,-0.18773676
34241,-0.18773676
34242,-0.003006786
34243,-0.003006786
34244,-0.003006786
34245,-0.027379118
34246,-0.003006786
34247,-0.003006786
34248,-0.11395067
34249,-0.11395067
34250,-0.089578286
34251,-0.05988643
34252,-0.05988643
34253,0.008738654
34254,0.38234648
34255,0.45097157
34256,0.81928176
34257,1.9579537
34258,1.5257605
34259,1.7982557
34260,1.9436008
34261,1.7593616
34262,1.8823504
34263,0.42422053
34264,0.528302
34265,1.5462291
34266,1.6376266
34267,1.5971589
34268,1.5971589
34269,1.8091977
34270,0.36596897
34271,0.5185169
34272,0.5185169
34273,0.47795522
34274,0.47795522
34275,1.720099
34276,1.6219627
34277,1.5716661
34278,1.720099
34279,3.9447436
34280,18.891113
34281,15.320066
34282,19.670536
34283,13.644731
34284,1.0053602
34285,0.83814645
34286,0.27404287
34287,1.2474506
34288,44.95924
34289,34.517014
34290,34.30513
34291,61.135586
34292,51.700962
34293,1.0318528
34294,96.46127
34295,158.72466
34296,140.49515
34297,78.99924
34298,136.93628
34299,132.18307
34300,58.022133
34301,78.39789
34302,38.744774
34303,10.875325
34304,17.534136
34305,261.1172
34306,311.9652
34307,251.41199
34308,191.09454
34309,368.08466
34310,209.87807
34311,275.36325
34312,163.99876
34313,83.96069
34314,81.659325
34315,6.1427317
34316,2.093752
34317,1.7267603
34318,1.9000454
34319,0.6910839
34320,39.962147
34321,469.90112
34322,539.09894
34323,624.7604
34324,522.6727
34325,447.1707
34326,539.1477
34327,875.99
34328,556.50635
34329,539.5067
34330,519.2854
34331,422.86847
34332,357.90585
34333,598.4622
34334,651.5058
34335,405.76382
34336,553.988
34337,333.96918
34338,172.16887
34339,179.70586
34340,107.63216
34341,48.96366
34342,148.2768
34343,227.02731
34344,181.17206
34345,59.107914
34346,30.50306
34347,39.197483
34348,68.870384
34349,100.00846
34350,20.127249
34351,18.627241
34352,4.8594966
34353,36.233597
34354,39.031063
34355,20.991041
34356,17.920862
34357,12.586298
34358,4.2804847
34359,47.004658
34360,94.98255
34361,98.88954
34362,184.3655
34363,176.25058
34364,134.11589
34365,168.37383
34366,213.27318
34367,201.10617
34368,253.64932
34369,248.12622
34370,152.86118
34371,100.10987
34372,111.951004
34373,137.58629
34374,190.87022
34375,343.10275
34376,304.14728
34377,148.93625
34378,118.42782
34379,40.844162
34380,3.6553013
34381,1.4775332
34382,0.07984644
34383,0.8551465
34384,0.8551465
34385,0.81297123
34386,1.6988084
34387,1.6988084
34388,2.1553743
34389,0.6461413
34390,0.6461413
34391,1.6566334
34392,0.37238336
34393,0.13582973
34394,1.5409812
34395,31.54544
34396,82.720024
34397,130.08139
34398,157.89961
34399,97.44328
34400,69.75724
34401,121.43653
34402,92.9743
34403,75.61537
34404,116.99703
34405,183.58202
34406,152.15704
34407,122.48887
34408,135.08241
34409,148.2799
34410,128.57056
34411,124.02957
34412,67.99763
34413,79.756065
34414,125.2193
34415,171.79024
34416,168.32614
34417,226.3837
34418,84.069885
34419,99.569275
34420,114.9701
34421,101.62556
34422,74.21476
34423,87.904655
34424,97.75665
34425,66.69937
34426,69.60422
34427,85.15901
34428,142.88228
34429,75.5452
34430,177.58269
34431,103.50897
34432,78.69443
34433,176.17102
34434,75.89789
34435,107.00441
34436,376.9219
34437,356.52698
34438,151.42517
34439,82.119194
34440,32.84582
34441,53.420906
34442,128.39685
34443,393.7051
34444,369.1441
34445,289.1492
34446,334.4396
34447,564.55725
34448,219.94075
34449,233.58635
34450,158.21242
34451,123.2102
34452,225.63571
34453,141.32646
34454,113.4384
34455,255.75406
34456,166.39311
34457,101.48913
34458,108.93176
34459,195.08028
34460,268.56833
34461,238.72356
34462,451.71094
34463,331.4782
34464,55.946297
34465,150.01993
34466,392.1687
34467,285.80542
34468,127.201775
34469,103.6436
34470,120.98628
34471,10.282707
34472,3.430263
34473,3.205406
34474,3.4646966
34475,2.2225528
34476,0.30795294
34477,0.30795294
34478,0.30795294
34479,0.30795294
34480,0.30795294
34481,0.30795294
34482,0.30795294
34483,0.30795294
34484,1.3436289
34485,0.30795294
34486,0.30795294
34487,1.3436289
34488,0.30113083
34489,0.30113083
34490,0.30113083
34491,0.30113083
34492,1.3368068
34493,14.37139
34494,54.630993
34495,22.187664
34496,11.943836
34497,3.7546172
34498,10.283505
34499,3.9791884
34500,3.6898713
34501,3.5857897
34502,1.3366823
34503,-0.4736708
34504,-0.4736708
34505,-0.4736708
34506,-0.21748774
34507,-0.17531244
34508,0.95273775
34509,20.959324
34510,5.304758
34511,4.3608503
34512,1.274928
34513,-0.122219294
34514,-0.122219294
34515,-0.0664103
34516,-0.122219294
34517,0.07557657
34518,0.59806895
34519,0.07557657
34520,-0.087785766
34521,-0.087785766
34522,0.07557657
34523,0.4903924
34524,0.65089214
34525,0.65089214
34526,0.65089214
34527,0.49834436
34528,-0.024147946
34529,-0.34382212
34530,-0.08591111
34531,-0.096865
34532,-0.354776
34533,-0.3791484
34534,-0.3791484
34535,-0.28098997
34536,-0.28098997
34537,-0.023078945
34538,-0.28098997
34539,-0.44435227
34540,0.03358871
34541,4.6356697
34542,30.63245
34543,24.950287
34544,37.259445
34545,41.219284
34546,54.441566
34547,14.265178
34548,3.363264
34549,1.973459
34550,1.973459
34551,0.6621118
34552,0.6621118
34553,1.7341037
34554,1.7341037
34555,1.8542383
34556,1.7341037
34557,1.7341037
34558,1.7341037
34559,1.8468292
34560,1.7719278
34561,1.7719278
34562,1.7719278
34563,1.7719278
34564,1.7719278
34565,1.720099
34566,1.720099
34567,1.7606606
34568,1.720099
34569,1.720099
34570,0.58203673
34571,2.2615669
34572,2.3135483
34573,3.4528728
34574,2.2210052
34575,30.015642
34576,87.79456
34577,65.72236
34578,2.7181318
34579,46.131187
34580,8.289736
34581,1.4354261
34582,1.9495836
34583,1.1318707
34584,1.47237
34585,1.6219627
34586,0.31061485
34587,1.2990847
34588,1.1318707
34589,1.3634058
34590,1.2548596
34591,1.3051561
34592,0.039319854
34593,0.039319854
34594,0.039319854
34595,0.14340141
34596,0.31061485
34597,1.2990847
34598,1.3051561
34599,0.039319854
34600,0.14340141
34601,1.3179734
34602,1.3461151
34603,1.4957078
34604,1.9404144
34605,1.9404144
34606,1.5606296
34607,0.39795145
34608,0.29386988
34609,1.7498611
34610,1.5765755
34611,1.6995643
34612,1.7498611
34613,0.77964425
34614,1.86642
34615,1.8161232
34616,2.1496997
34617,0.45099056
34618,39.140236
34619,101.914764
34620,92.99041
34621,91.53571
34622,95.0687
34623,64.93941
34624,72.59524
34625,47.97451
34626,5.122556
34627,48.854843
34628,59.376175
34629,65.5891
34630,99.51959
34631,66.010185
34632,93.782234
34633,115.98722
34634,91.30783
34635,68.22657
34636,70.428955
34637,67.65166
34638,58.306625
34639,25.20966
34640,41.280968
34641,5.035386
34642,4.8191037
34643,29.92907
34644,23.13207
34645,43.54035
34646,64.45604
34647,63.51909
34648,58.05356
34649,38.203533
34650,36.88575
34651,51.610695
34652,49.11875
34653,49.014668
34654,49.014668
34655,40.845833
34656,50.85694
34657,42.684647
34658,20.365477
34659,6.108476
34660,6.108476
34661,16.532671
34662,32.42324
34663,33.616524
34664,24.474974
34665,14.022222
34666,14.072205
34667,25.85187
34668,19.313538
34669,14.293942
34670,18.678476
34671,34.54371
34672,44.20526
34673,89.84038
34674,125.71668
34675,98.971214
34676,137.91199
34677,94.79129
34678,148.25064
34679,165.09982
34680,152.63446
34681,91.12146
34682,128.19266
34683,87.88789
34684,61.199524
34685,95.217674
34686,98.62685
34687,73.68792
34688,50.58838
34689,39.629944
34690,19.489908
34691,22.676136
34692,16.79595
34693,9.471777
34694,5.2151318
34695,1.1752932
34696,-0.45014822
34697,-0.009595152
34698,-0.009595152
34699,1.3058608
34700,1.1381468
34701,1.3058608
34702,1.04794
34703,221.7318
34704,296.8622
34705,347.00568
34706,284.76117
34707,313.50085
34708,429.0893
34709,473.12228
34710,427.88034
34711,466.11038
34712,526.8777
34713,546.86444
34714,352.16852
34715,265.29684
34716,320.10742
34717,389.85547
34718,320.3141
34719,501.98938
34720,562.33386
34721,481.37213
34722,376.77042
34723,381.6487
34724,457.00656
34725,539.76544
34726,485.95624
34727,421.70367
34728,389.97137
34729,356.26053
34730,292.58438
34731,154.43019
34732,90.95338
34733,138.24597
34734,138.24597
34735,179.32837
34736,217.77258
34737,322.9659
34738,327.34647
34739,273.01794
34740,217.90878
34741,232.70212
34742,206.49142
34743,246.72449
34744,245.11139
34745,324.1843
34746,313.32944
34747,251.03813
34748,211.22923
34749,212.55731
34750,217.86627
34751,99.48345
34752,153.97191
34753,147.04964
34754,201.49257
34755,268.4975
34756,257.34384
34757,220.21611
34758,275.7126
34759,164.86345
34760,137.2936
34761,177.87527
34762,259.17014
34763,258.35852
34764,254.73816
34765,403.27676
34766,423.81262
34767,403.60037
34768,297.38843
34769,288.89935
34770,385.59232
34771,499.9649
34772,401.04544
34773,561.3479
34774,351.5446
34775,372.1883
34776,370.14645
34777,523.51227
34778,403.20642
34779,536.74457
34780,668.55817
34781,562.7753
34782,449.3515
34783,487.2097
34784,467.13858
34785,761.9178
34786,722.7562
34787,521.96826
34788,368.7118
34789,165.05522
34790,237.61497
34791,233.0508
34792,299.13434
34793,356.76913
34794,202.98476
34795,582.53436
34796,330.72787
34797,542.72253
34798,540.65704
34799,315.03333
34800,207.048
34801,282.16168
34802,228.34033
34803,109.53812
34804,149.41171
34805,205.76558
34806,249.60677
34807,162.43124
34808,147.81401
34809,130.47849
34810,142.62752
34811,203.87073
34812,265.18842
34813,200.1356
34814,181.77664
34815,136.19688
34816,186.89183
34817,201.16144
34818,243.31982
34819,241.8011
34820,246.1624
34821,206.17465
34822,101.53638
34823,175.64757
34824,278.29672
34825,287.86212
34826,321.19662
34827,347.72256
34828,246.0742
34829,104.4914
34830,234.0629
34831,305.6974
34832,298.35147
34833,334.32123
34834,432.65417
34835,394.06284
34836,297.2391
34837,308.01825
34838,407.97684
34839,475.36346
34840,396.8971
34841,359.45145
34842,350.07953
34843,348.3315
34844,345.68994
34845,321.71957
34846,249.94398
34847,372.8458
34848,399.9926
34849,424.54053
34850,419.9238
34851,510.1078
34852,702.5946
34853,942.4149
34854,475.82956
34855,665.6983
34856,762.01776
34857,640.15955
34858,528.92615
34859,793.37555
34860,994.6478
34861,938.47565
34862,540.6028
34863,496.99612
34864,463.13074
34865,432.2978
34866,483.53745
34867,351.06348
34868,397.71942
34869,427.8808
34870,353.56204
34871,331.85468
34872,336.5301
34873,382.64355
34874,415.87225
34875,322.18872
34876,368.76315
34877,465.6514
34878,563.0467
34879,529.08185
34880,690.56433
34881,559.8481
34882,534.68585
34883,416.31174
34884,325.16748
34885,705.4103
34886,1091.2224
34887,745.5329
34888,719.3441
34889,482.04816
34890,442.77478
34891,472.85394
34892,432.33176
34893,384.4076
34894,581.6977
34895,590.1688
34896,442.68735
34897,485.63034
34898,521.17676
34899,427.19608
34900,607.6975
34901,753.63336
34902,439.02255
34903,908.18536
34904,543.65955
34905,527.6561
34906,552.7689
34907,437.00964
34908,1009.6448
34909,510.4178
34910,421.65558
34911,489.77042
34912,739.9066
34913,769.4701
34914,865.8375
34915,867.5093
34916,532.08905
34917,419.27252
34918,744.6212
34919,675.38025
34920,468.89902
34921,749.13416
34922,680.62646
34923,302.31787
34924,371.87427
34925,213.96153
34926,454.25232
34927,771.8027
34928,586.68195
34929,715.38916
34930,697.82086
34931,863.9998
34932,538.3892
34933,522.4764
34934,369.32004
34935,498.38947
34936,390.50906
34937,768.70746
34938,571.5592
34939,465.05093
34940,710.72864
34941,380.24835
34942,232.22177
34943,473.16858
34944,854.30383
34945,425.9305
34946,480.77478
34947,464.13455
34948,375.6659
34949,427.2415
34950,285.93973
34951,182.88544
34952,264.7417
34953,226.19646
34954,203.71481
34955,221.00145
34956,211.48631
34957,252.06581
34958,198.32808
34959,192.95729
34960,185.7982
34961,147.19215
34962,150.76091
34963,157.34953
34964,185.70624
34965,184.98155
34966,152.64008
34967,122.39884
34968,196.5118
34969,245.17395
34970,278.11188
34971,275.42673
34972,276.29694
34973,255.06151
34974,306.91168
34975,243.43748
34976,185.25586
34977,138.78677
34978,76.5734
34979,42.781506
34980,44.457928
34981,55.121746
34982,81.202156
34983,94.27292
34984,53.377132
34985,65.60319
34986,108.451935
34987,157.86148
34988,143.80785
34989,96.59784
34990,131.77324
34991,177.0464
34992,276.14697
34993,313.98764
34994,161.67427
34995,165.80206
34996,142.7382
34997,140.04196
34998,149.0937
34999,165.99576
35000,129.9128
35001,105.51617
35002,114.52191
35003,115.4156
35004,100.80555
35005,126.609406
35006,153.51266
35007,189.23314
35008,188.65697
35009,171.02017
35010,151.5896
35011,132.89006
35012,87.83682
35013,106.31229
35014,88.54256
35015,83.75177
35016,90.01159
35017,93.768105
35018,95.00065
35019,83.28378
35020,109.389725
35021,153.41437
35022,171.30975
35023,215.08084
35024,231.33084
35025,195.84201
35026,208.01035
35027,293.66562
35028,266.28055
35029,191.1952
35030,215.85605
35031,163.14256
35032,83.07146
35033,40.816975
35034,51.195656
35035,39.95208
35036,23.194237
35037,54.685635
35038,35.108894
35039,21.127825
35040,34.120758
35041,62.67649
35042,13.213093
35043,2.8507333
35044,2.7277446
35045,2.868731
35046,24.98705
35047,113.36422
35048,19.47515
35049,15.457187
35050,11.735786
35051,7.344752
35052,4.026187
35053,1.9355812
35054,7.7097573
35055,2.8368511
35056,5.0283604
35057,2.3045573
35058,1.1939794
35059,2.402941
35060,1.298061
35061,6.5912776
35062,29.56036
35063,60.464554
35064,3.1371212
35065,1.5803605
35066,2.550834
35067,3.7827015
35068,1.4762789
35069,13.762229
35070,6.04135
35071,6.5898776
35072,19.276419
35073,36.02579
35074,18.012104
35075,1.650544
35076,10.11992
35077,3.4124951
35078,3.3719335
35079,15.19233
35080,54.10312
35081,116.08212
35082,103.80647
35083,111.38204
35084,106.26841
35085,97.29478
35086,97.29478
35087,100.57544
35088,99.367874
35089,100.45545
35090,99.09376
35091,77.202934
35092,90.75467
35093,109.31683
35094,100.00279
35095,91.75138
35096,99.66281
35097,67.49632
35098,68.34219
35099,68.51551
35100,58.51659
35101,57.742867
35102,61.262505
35103,47.01406
35104,60.760063
35105,61.39938
35106,61.07293
35107,74.92828
35108,102.03345
35109,89.15593
35110,101.63589
35111,106.67962
35112,167.22916
35113,116.69969
35114,213.96521
35115,103.82693
35116,95.90843
35117,88.388985
35118,89.0129
35119,46.45619
35120,120.93337
35121,95.78343
35122,143.95383
35123,143.95383
35124,174.82822
35125,137.7856
35126,146.42065
35127,136.98521
35128,158.70662
35129,168.48999
35130,146.42065
35131,172.53757
35132,120.88339
35133,128.33466
35134,89.0131
35135,107.56272
35136,115.5594
35137,302.65576
35138,84.96202
35139,128.51494
35140,333.0562
35141,461.1092
35142,325.26306
35143,239.1329
35144,750.1858
35145,1313.369
35146,1111.3696
35147,1540.4388
35148,1507.986
35149,1359.922
35150,1036.4768
35151,1215.6553
35152,1362.1083
35153,1097.426
35154,1069.3754
35155,1222.2899
35156,858.32587
35157,1349.873
35158,1200.1116
35159,1071.5582
35160,1383.2374
35161,1561.4153
35162,1359.5282
35163,1514.4968
35164,1215.0333
35165,1110.2804
35166,1198.6027
35167,1038.7411
35168,1135.7368
35169,760.53906
35170,637.021
35171,830.42773
35172,744.9817
35173,828.41223
35174,981.48584
35175,1309.3666
35176,850.61096
35177,440.5912
35178,451.04288
35179,620.71484
35180,939.0497
35181,1151.2172
35182,775.41943
35183,763.8529
35184,955.01276
35185,1040.5079
35186,953.929
35187,963.6094
35188,1069.2815
35189,869.4711
35190,727.19824
35191,825.55817
35192,726.75305
35193,892.1577
35194,920.8913
35195,832.595
35196,1152.6233
35197,1492.5676
35198,1144.4319
35199,994.0856
35200,939.03375
35201,1174.5972
35202,1312.8654
35203,1393.6631
35204,1252.0767
35205,939.21924
35206,962.45935
35207,861.7129
35208,974.6614
35209,1080.8593
35210,1101.0942
35211,1021.5474
35212,1052.5502
35213,1152.9448
35214,1219.9875
35215,1299.1345
35216,1248.4166
35217,1279.4238
35218,1028.8286
35219,901.885
35220,1178.2712
35221,1312.5242
35222,1317.5917
35223,1128.1079
35224,1378.1566
35225,1119.3354
35226,1042.4097
35227,1039.5304
35228,1119.2693
35229,733.69824
35230,687.7786
35231,892.8745
35232,954.6882
35233,1206.0206
35234,909.18787
35235,1271.3048
35236,1297.014
35237,1142.5161
35238,1290.1622
35239,1691.0892
35240,1706.5562
35241,1664.0355
35242,1460.793
35243,1736.1128
35244,1613.3276
35245,1190.7999
35246,809.8628
35247,827.11804
35248,788.0893
35249,932.76105
35250,891.4947
35251,760.70874
35252,815.7291
35253,1012.1436
35254,1094.1713
35255,966.7392
35256,792.1636
35257,983.57605
35258,1326.6283
35259,1450.0581
35260,908.6928
35261,793.3361
35262,1215.0546
35263,1543.3502
35264,1302.7294
35265,821.40607
35266,905.1429
35267,700.96313
35268,707.98944
35269,546.1226
35270,737.9335
35271,1132.1207
35272,1031.6842
35273,972.9795
35274,844.3955
35275,676.5655
35276,585.348
35277,596.1735
35278,664.1532
35279,603.5075
35280,685.8958
35281,723.17267
35282,605.67126
35283,601.9998
35284,825.2489
35285,688.0709
35286,858.4237
35287,953.28766
35288,1216.8738
35289,571.63214
35290,588.73535
35291,506.1579
35292,1134.5255
35293,881.22003
35294,323.49313
35295,312.80624
35296,351.45978
35297,395.70227
35298,277.80023
35299,326.7641
35300,450.9552
35301,369.0636
35302,367.5801
35303,307.7719
35304,470.615
35305,457.09616
35306,525.2594
35307,429.30188
35308,239.7146
35309,275.9512
35310,272.751
35311,154.8004
35312,286.73004
35313,220.90996
35314,182.15572
35315,270.9736
35316,371.242
35317,676.7206
35318,427.08148
35319,657.94073
35320,584.24255
35321,396.74048
35322,210.79117
35323,138.23344
35324,113.04023
35325,190.4898
35326,245.86763
35327,203.33281
35328,187.70493
35329,220.22368
35330,279.08685
35331,472.25797
35332,289.26913
35333,248.37274
35334,290.93134
35335,351.35153
35336,387.69257
35337,414.22858
35338,350.8558
35339,114.96684
35340,75.56176
35341,106.92635
35342,184.25508
35343,224.6021
35344,202.33546
35345,148.50497
35346,86.39154
35347,38.862717
35348,3.7445037
35349,48.922947
35350,76.8315
35351,115.19497
35352,138.3339
35353,175.32886
35354,172.08621
35355,167.01682
35356,108.021774
35357,85.87535
35358,144.78802
35359,191.38158
35360,216.27847
35361,285.67868
35362,259.1957
35363,355.5486
35364,319.05637
35365,294.11386
35366,353.9758
35367,349.97263
35368,291.6813
35369,254.91972
35370,226.88469
35371,267.36908
35372,233.74837
35373,143.34856
35374,160.95273
35375,165.43845
35376,190.29701
35377,166.46385
35378,158.02074
35379,187.20934
35380,301.851
35381,312.6888
35382,499.98026
35383,529.4633
35384,704.9903
35385,680.86365
35386,526.20984
35387,488.70798
35388,347.15622
35389,359.3552
35390,367.83545
35391,230.12059
35392,144.89717
35393,104.56868
35394,93.90009
35395,240.00723
35396,136.85213
35397,59.01665
35398,36.66667
35399,9.959345
35400,8.46546
35401,2.5465012
35402,5.1439576
35403,10.454358
35404,1.38738
35405,1.4466637
35406,1.4466637
35407,1.8769317
35408,8.96487
35409,6.6722126
35410,3.3501003
35411,2.0595329
35412,1.8752385
35413,1.9658085
35414,2.0357049
35415,1.3782753
35416,1.1203643
35417,1.4581288
35418,1.4581288
35419,2.009827
35420,1.8287228
35421,30.150448
35422,51.772377
35423,97.50354
35424,149.59851
35425,161.81975
35426,166.24156
35427,126.3409
35428,196.59315
35429,1049.6904
35430,1161.7756
35431,1165.8983
35432,994.0482
35433,818.92145
35434,662.8772
35435,886.3064
35436,759.9693
35437,1284.495
35438,1059.54
35439,968.4368
35440,937.599
35441,802.98895
35442,812.2183
35443,817.177
35444,744.34326
35445,541.28766
35446,708.7659
35447,908.2364
35448,639.23694
35449,593.61145
35450,686.27
35451,440.73184
35452,511.0763
35453,354.48398
35454,421.92178
35455,429.04028
35456,368.33765
35457,558.85455
35458,568.3859
35459,638.7006
35460,743.15204
35461,1084.3724
35462,1211.6276
35463,1306.7461
35464,1548.8984
35465,1305.268
35466,1194.6547
35467,982.21326
35468,490.24954
35469,605.72626
35470,613.431
35471,602.43866
35472,660.02936
35473,541.07794
35474,993.1404
35475,853.87463
35476,580.0122
35477,722.35
35478,635.2969
35479,731.6996
35480,849.74445
35481,1070.9912
35482,1518.9833
35483,858.78357
35484,566.6364
35485,811.9358
35486,442.47556
35487,454.91245
35488,826.3077
35489,765.9645
35490,1115.9235
35491,827.2152
35492,553.88196
35493,1363.3201
35494,1482.2362
35495,965.62427
35496,580.57495
35497,1431.8842
35498,880.56537
35499,1386.7943
35500,1391.6556
35501,1338.8055
35502,1889.3215
35503,1693.5728
35504,1696.603
35505,1466.8615
35506,1448.5186
35507,1514.9718
35508,1351.7399
35509,1362.795
35510,1498.5714
35511,1921.7684
35512,1587.779
35513,1380.1415
35514,1420.3146
35515,1206.7006
35516,1565.4788
35517,1247.9397
35518,1588.8407
35519,1242.3472
35520,1122.7097
35521,1882.4104
35522,1408.6676
35523,945.6094
35524,706.67993
35525,516.64484
35526,374.7769
35527,268.337
35528,212.0264
35529,244.79968
35530,417.54672
35531,845.90393
35532,760.14813
35533,551.7873
35534,514.06616
35535,538.5623
35536,594.46344
35537,663.22675
35538,774.46814
35539,663.5237
35540,592.96326
35541,442.5617
35542,454.65656
35543,501.8268
35544,562.69586
35545,559.6271
35546,516.1243
35547,563.0786
35548,590.9756
35549,639.0952
35550,694.1552
35551,741.75256
35552,717.7161
35553,683.8504
35554,739.3972
35555,841.3909
35556,945.12164
35557,875.0884
35558,929.1163
35559,933.9149
35560,931.06793
35561,936.4286
35562,835.5071
35563,927.755
35564,626.95844
35565,593.4161
35566,516.128
35567,684.2449
35568,560.1493
35569,598.96454
35570,515.9752
35571,557.4342
35572,586.4271
35573,527.37384
35574,464.3516
35575,370.5594
35576,419.9739
35577,481.57202
35578,415.77518
35579,373.58386
35580,356.88663
35581,377.72482
35582,527.55237
35583,410.84528
35584,499.6077
35585,530.5927
35586,543.1865
35587,560.8563
35588,567.72003
35589,469.3671
35590,510.18173
35591,486.8776
35592,429.26645
35593,349.29483
35594,373.54367
35595,326.08218
35596,418.9538
35597,385.1243
35598,520.5825
35599,567.6048
35600,431.825
35601,350.88297
35602,406.3033
35603,466.3563
35604,303.22095
35605,408.21252
35606,457.6462
35607,350.27167
35608,406.24344
35609,453.5368
35610,476.83267
35611,301.04904
35612,417.05185
35613,499.9385
35614,597.35895
35615,482.23874
35616,502.76755
35617,813.7108
35618,775.6744
35619,659.75464
35620,669.3793
35621,441.9445
35622,299.8432
35623,333.53098
35624,350.39175
35625,695.4124
35626,804.99634
35627,466.91357
35628,633.2746
35629,1004.21277
35630,1239.1854
35631,1086.0343
35632,1187.9108
35633,1358.7018
35634,1095.1293
35635,1165.5477
35636,1292.0878
35637,1092.121
35638,509.09644
35639,906.38824
35640,889.0449
35641,681.8513
35642,811.76166
35643,1067.3525
35644,896.6501
35645,613.1048
35646,877.9946
35647,1058.8654
35648,873.9074
35649,938.3524
35650,1098.8213
35651,558.20306
35652,798.5413
35653,429.31528
35654,561.1854
35655,929.7406
35656,681.059
35657,660.8726
35658,602.35315
35659,1076.0582
35660,278.49115
35661,264.63736
35662,237.2126
35663,115.06515
35664,161.184
35665,262.0517
35666,395.79767
35667,819.4383
35668,814.5566
35669,723.006
35670,612.8503
35671,422.62695
35672,416.14072
35673,379.89807
35674,342.7691
35675,340.08682
35676,355.7552
35677,417.4186
35678,579.70074
35679,385.76657
35680,551.16974
35681,657.84106
35682,618.4845
35683,503.4259
35684,452.6134
35685,486.87692
35686,464.99222
35687,448.6304
35688,440.99374
35689,511.21902
35690,536.01746
35691,586.99695
35692,669.67303
35693,692.4012
35694,678.9922
35695,746.1879
35696,743.0984
35697,754.27747
35698,728.07886
35699,730.75867
35700,879.3665
35701,781.53925
35702,947.67426
35703,1162.1389
35704,894.79694
35705,1024.6395
35706,976.0367
35707,992.28436
35708,998.6346
35709,815.8154
35710,909.0911
35711,1047.6282
35712,1167.7734
35713,1324.4713
35714,1281.6389
35715,1456.3788
35716,1474.5372
35717,1521.4016
35718,1716.4362
35719,1777.1456
35720,1735.9531
35721,1577.8254
35722,1390.9495
35723,1600.5902
35724,1712.6195
35725,1623.1199
35726,1561.1798
35727,1767.9216
35728,1780.3319
35729,1767.9231
35730,1861.0803
35731,1760.7418
35732,1792.0994
35733,1781.9475
35734,1978.2018
35735,1993.6699
35736,1960.7314
35737,1993.6699
35738,1958.6514
35739,1957.3982
35740,1849.1982
35741,1921.9874
35742,1830.3289
35743,1905.274
35744,1914.8881
35745,1877.5406
35746,1979.8794
35747,1922.0916
35748,1913.6028
35749,1877.0012
35750,1984.9733
35751,1977.0713
35752,1984.9733
35753,2007.7477
35754,2007.7477
35755,1960.6876
35756,1968.5896
35757,1988.6709
35758,1902.7653
35759,1865.6509
35760,1913.4707
35761,1866.74
35762,1903.5873
35763,1913.4707
35764,1929.146
35765,1961.4281
35766,1977.605
35767,2012.9366
35768,2019.8965
35769,2011.4873
35770,2017.7054
35771,2013.2117
35772,1888.2631
35773,1884.191
35774,1820.7018
35775,1766.3113
35776,1780.4996
35777,1913.8533
35778,1783.8401
35779,1907.9203
35780,1858.3041
35781,1728.8734
35782,1810.7133
35783,1679.9553
35784,1707.6665
35785,1678.1371
35786,1729.4135
35787,1829.2577
35788,1830.9089
35789,1903.6047
35790,1873.6249
35791,1823.2024
35792,1866.9336
35793,1917.1703
35794,1932.4159
35795,1854.417
35796,1668.9467
35797,1548.0616
35798,1712.743
35799,1872.9291
35800,1845.4728
35801,1836.649
35802,1935.395
35803,1769.2302
35804,1608.5591
35805,1769.5569
35806,1766.4375
35807,1894.5986
35808,1911.2372
35809,1801.206
35810,2011.1937
35811,1999.8442
35812,1978.914
35813,1979.3158
35814,1918.8221
35815,1756.7625
35816,1858.4917
35817,1685.7552
35818,1734.3663
35819,1854.1235
35820,1971.9474
35821,1995.4819
35822,1982.5159
35823,1982.5159
35824,2006.5537
35825,1998.6309
35826,1937.3046
35827,1799.9832
35828,1763.9675
35829,1671.3033
35830,1844.8931
35831,1912.4124
35832,1980.5056
35833,1918.9908
35834,1904.1959
35835,1888.9879
35836,1849.2617
35837,1629.3461
35838,1700.7393
35839,2010.8961
35840,2017.2162
35841,2022.3667
35842,2022.3667
35843,2014.9015
35844,2010.5096
35845,2015.422
35846,2010.224
35847,1973.8116
35848,2016.4642
35849,2017.5569
35850,1993.7095
35851,1912.6865
35852,1962.7573
35853,1918.4204
35854,2010.5863
35855,2009.6617
35856,2012.3679
35857,1998.6128
35858,963.32056
35859,633.2384
35860,421.08847
35861,328.47656
35862,420.4491
35863,214.38791
35864,171.17186
35865,149.89674
35866,149.49068
35867,131.3696
35868,117.50545
35869,215.95544
35870,495.9436
35871,325.57498
35872,306.0348
35873,177.20787
35874,222.04056
35875,242.27245
35876,277.26846
35877,748.1148
35878,443.53857
35879,682.1808
35880,1480.0262
35881,1270.4741
35882,1194.9736
35883,995.49347
35884,999.94794
35885,833.14264
35886,1035.0089
35887,854.1715
35888,688.88007
35889,860.0127
35890,919.89307
35891,1071.1422
35892,1536.3981
35893,1383.5745
35894,1488.1586
35895,1482.4304
35896,1523.6196
35897,1346.5355
35898,1209.9613
35899,1430.945
35900,1155.2286
35901,1592.1367
35902,1742.7349
35903,1669.7732
35904,1766.2969
35905,1800.2823
35906,1646.4644
35907,1486.9346
35908,1125.4388
35909,1720.4775
35910,1751.7183
35911,1681.5944
35912,1102.1465
35913,1172.7942
35914,1096.7023
35915,1008.2269
35916,1344.6132
35917,1196.708
35918,1411.7705
35919,1548.9564
35920,1389.4363
35921,1014.8771
35922,1442.5107
35923,1781.6478
35924,1554.9104
35925,971.41174
35926,1111.7805
35927,1772.3396
35928,1745.9331
35929,1577.3838
35930,1706.1637
35931,1644.2814
35932,1604.9713
35933,1710.9902
35934,1477.1423
35935,1189.8875
35936,1526.1904
35937,992.90576
35938,1744.0052
35939,1548.9248
35940,1753.2914
35941,1195.9443
35942,1429.8992
35943,1784.8385
35944,1631.4155
35945,1360.811
35946,1831.9344
35947,1428.8997
35948,1518.9602
35949,1355.9612
35950,1427.1176
35951,1372.9011
35952,1327.285
35953,1401.059
35954,1202.4965
35955,1318.0852
35956,1472.7814
35957,839.84894
35958,899.767
35959,598.2116
35960,823.1073
35961,1146.0051
35962,980.0509
35963,923.7817
35964,787.23914
35965,797.39575
35966,727.98755
35967,737.0699
35968,818.58545
35969,654.9545
35970,661.7915
35971,474.0367
35972,358.50223
35973,300.3074
35974,730.4053
35975,875.51166
35976,829.59235
35977,754.98566
35978,961.2722
35979,998.0408
35980,891.43854
35981,960.1173
35982,936.17194
35983,997.36707
35984,1025.5881
35985,935.3802
35986,873.7542
35987,579.33527
35988,432.56308
35989,445.50778
35990,510.31305
35991,613.8403
35992,533.44867
35993,469.37747
35994,476.707
35995,631.3619
35996,730.4354
35997,457.51794
35998,390.91147
35999,375.0071
36000,344.66058
36001,285.1832
36002,362.4844
36003,396.79486
36004,481.2221
36005,573.5331
36006,571.7404
36007,458.2884
36008,522.27747
36009,563.9456
36010,523.09216
36011,448.4438
36012,391.18115
36013,313.92456
36014,229.2567
36015,325.32672
36016,475.5271
36017,450.25186
36018,521.807
36019,338.09262
36020,324.02478
36021,295.3847
36022,362.6723
36023,349.47748
36024,292.71173
36025,253.13748
36026,268.231
36027,259.6936
36028,204.90172
36029,329.00146
36030,498.4138
36031,439.48672
36032,421.60855
36033,357.71878
36034,273.02826
36035,219.26056
36036,231.60748
36037,203.15698
36038,213.83264
36039,235.48029
36040,230.1892
36041,122.2867
36042,78.10512
36043,94.37592
36044,221.17647
36045,192.0777
36046,128.38669
36047,120.49069
36048,143.56163
36049,125.376465
36050,203.66849
36051,151.13809
36052,264.0667
36053,158.36124
36054,241.74579
36055,214.70955
36056,371.1461
36057,300.2364
36058,113.64497
36059,92.286964
36060,128.43385
36061,325.0668
36062,269.33844
36063,335.6772
36064,213.2547
36065,302.0971
36066,329.4528
36067,63.27609
36068,173.20404
36069,173.65619
36070,147.62956
36071,236.88336
36072,118.3346
36073,47.64053
36074,11.186941
36075,43.536217
36076,167.11609
36077,49.943882
36078,58.127346
36079,76.94413
36080,86.922714
36081,163.9187
36082,133.72182
36083,107.082565
36084,156.1898
36085,210.88988
36086,166.76938
36087,321.57297
36088,156.44087
36089,415.63806
36090,293.17432
36091,218.33832
36092,276.83835
36093,249.11282
36094,291.84943
36095,164.44682
36096,417.97412
36097,222.95984
36098,85.01264
36099,47.21228
36100,31.22369
36101,3.552336
36102,3.6959333
36103,16.750772
36104,47.76154
36105,90.70973
36106,55.34436
36107,43.493713
36108,23.607193
36109,21.72637
36110,11.329332
36111,5.1741447
36112,1.8568726
36113,1.6209903
36114,1.6209903
36115,1.6209903
36116,1.0610188
36117,1.2343042
36118,0.025343034
36119,-0.030465987
36120,-0.09521189
36121,-0.09521189
36122,-0.09521189
36123,-0.09521189
36124,0.7119338
36125,0.7119338
36126,0.7724146
36127,0.7724146
36128,0.7724146
36129,0.6297688
36130,2.3442378
36131,1.6718189
36132,1.6718189
36133,1.7643601
36134,2.4471197
36135,31.892443
36136,56.79662
36137,69.74102
36138,30.46237
36139,30.225075
36140,51.653393
36141,77.16767
36142,108.80727
36143,96.44679
36144,102.63064
36145,208.91667
36146,233.06056
36147,166.9846
36148,106.31503
36149,117.17851
36150,93.325066
36151,94.77646
36152,85.72741
36153,87.42992
36154,101.836395
36155,109.056564
36156,140.87161
36157,201.89938
36158,143.39291
36159,152.59547
36160,74.48629
36161,24.810364
36162,6.9095206
36163,6.9095206
36164,8.271815
36165,5.9603105
36166,1.6062613
36167,1.7795466
36168,1.6062613
36169,1.6062613
36170,1.6062613
36171,0.6746667
36172,0.9599616
36173,1.7141684
36174,1.7107468
36175,0.56711334
36176,1.7141684
36177,0.49393988
36178,0.49393988
36179,0.59802145
36180,1.5296159
36181,67.807205
36182,30.851984
36183,129.45526
36184,44.336266
36185,6.6811614
36186,1.5296159
36187,91.03544
36188,447.52487
36189,584.47107
36190,339.86325
36191,140.43097
36192,37.62055
36193,6.573041
36194,1.1242003
36195,1.0587189
36196,1.0587189
36197,1.1817077
36198,1.0587189
36199,0.9951682
36200,1.1585307
36201,-0.19247757
36202,-0.19247757
36203,4.1846585
36204,171.3631
36205,179.52731
36206,158.05977
36207,75.780594
36208,3.3100057
36209,2.012019
36210,2.012019
36211,2.2721334
36212,2.09975
36213,4.3541584
36214,5.2259755
36215,9.038917
36216,3.6589904
36217,3.9937463
36218,4.1462946
36219,4.3018637
36220,4.3018637
36221,4.3018637
36222,3.1099114
36223,139.19827
36224,117.913124
36225,24.629349
36226,22.608965
36227,2.2895713
36228,0.9155407
36229,0.9342003
36230,0.76071674
36231,0.96453226
36232,1.1035823
36233,1.0926284
36234,1.0926284
36235,1.0926284
36236,1.0926284
36237,0.7662699
36238,1.0114871
36239,3.1487331
36240,2.319869
36241,3.1487331
36242,0.85169184
36243,1.9917315
36244,5.578154
36245,3.348656
36246,2.0196292
36247,14.358925
36248,41.279625
36249,57.454643
36250,75.76365
36251,99.335556
36252,148.59479
36253,133.72278
36254,125.55501
36255,141.78123
36256,136.33467
36257,125.56335
36258,97.90339
36259,78.78308
36260,88.00767
36261,104.841255
36262,98.898636
36263,102.904884
36264,202.78894
36265,365.01978
36266,240.84927
36267,249.8148
36268,184.60641
36269,159.03162
36270,168.75314
36271,174.34923
36272,160.45982
36273,142.24872
36274,150.76756
36275,206.68347
36276,213.15433
36277,332.92322
36278,286.34396
36279,300.9135
36280,184.65237
36281,188.88634
36282,192.23088
36283,165.53586
36284,191.41505
36285,155.21889
36286,84.48699
36287,68.30896
36288,48.607777
36289,76.836205
36290,65.05564
36291,70.469894
36292,52.584206
36293,63.40887
36294,72.343636
36295,65.627144
36296,74.7897
36297,54.11363
36298,18.148518
36299,4.517647
36300,4.5465317
36301,8.832453
36302,6.954121
36303,11.18682
36304,39.66867
36305,33.80867
36306,20.5229
36307,21.6674
36308,31.166924
36309,44.08911
36310,36.000473
36311,5.4999514
36312,1.1459005
36313,1.1459005
36314,1.1459005
36315,1.1459005
36316,1.1459005
36317,1.1459005
36318,1.1459005
36319,1.1459005
36320,1.2778072
36321,5.8103137
36322,58.07615
36323,31.792168
36324,93.398705
36325,42.61198
36326,8.304661
36327,2.7931228
36328,2.8030455
36329,13.814458
36330,38.045868
36331,50.32982
36332,25.734308
36333,14.130935
36334,2.0311546
36335,1.9022255
36336,5.0956783
36337,6.538654
36338,66.33228
36339,38.323196
36340,39.442307
36341,19.33978
36342,41.20014
36343,173.6641
36344,206.90736
36345,225.06674
36346,268.4803
36347,137.22089
36348,286.89188
36349,309.69818
36350,390.2856
36351,266.3411
36352,146.13297
36353,54.381374
36354,30.070515
36355,169.41725
36356,147.49059
36357,136.80197
36358,127.954506
36359,94.969315
36360,43.61247
36361,10.400239
36362,-1.1528636
36363,-0.53046715
36364,-0.53046715
36365,-0.70375246
36366,-0.53046715
36367,-0.53046715
36368,1.4872305
36369,1.5901123
36370,1.6955143
36371,1.8185029
36372,1.0218306
36373,1.0218306
36374,0.7938734
36375,0.89795506
36376,1.5960108
36377,0.9223274
36378,1.3151757
36379,0.81824577
36380,0.91944766
36381,0.91944766
36382,2.871428
36383,12.635764
36384,87.218475
36385,103.12219
36386,110.31409
36387,142.2854
36388,173.78383
36389,210.5336
36390,190.51411
36391,132.97939
36392,116.17375
36393,118.469284
36394,110.69984
36395,125.40649
36396,115.44934
36397,137.24055
36398,175.58395
36399,152.03029
36400,84.88783
36401,96.985886
36402,146.0213
36403,165.18806
36404,148.00897
36405,142.72733
36406,45.385227
36407,43.948814
36408,67.92806
36409,50.04451
36410,84.64831
36411,109.556145
36412,108.4951
36413,43.353073
36414,53.48342
36415,54.47426
36416,91.05109
36417,80.476135
36418,55.49782
36419,46.434486
36420,45.51567
36421,72.45691
36422,56.746277
36423,31.58055
36424,15.207734
36425,2.8432794
36426,2.691903
36427,2.5689144
36428,0.88534987
36429,1.0696436
36430,1.1305674
36431,1.3148612
36432,6.5860558
36433,85.89455
36434,86.24333
36435,39.002453
36436,34.16271
36437,33.428886
36438,52.006935
36439,41.390232
36440,44.504032
36441,46.480423
36442,36.476322
36443,34.609318
36444,40.960373
36445,57.63496
36446,116.0387
36447,133.57005
36448,101.39224
36449,115.997314
36450,130.87442
36451,176.62642
36452,149.58199
36453,122.65963
36454,46.9429
36455,32.510654
36456,26.640017
36457,12.799921
36458,35.74618
36459,50.945248
36460,81.003044
36461,18.189693
36462,24.168392
36463,55.536953
36464,79.755684
36465,94.70472
36466,87.83718
36467,76.061844
36468,99.40677
36469,85.5128
36470,86.133064
36471,81.846016
36472,42.65941
36473,45.472046
36474,22.459572
36475,1.9606389
36476,6.0355105
36477,74.549385
36478,89.45741
36479,67.61413
36480,34.564487
36481,126.968956
36482,81.5416
36483,93.729805
36484,46.83064
36485,87.20082
36486,32.81106
36487,16.478039
36488,7.3733892
36489,78.592224
36490,151.534
36491,267.67255
36492,261.79877
36493,326.98648
36494,233.49956
36495,314.78015
36496,182.83891
36497,152.4202
36498,149.40834
36499,290.9112
36500,129.06036
36501,120.41951
36502,106.143555
36503,125.289665
36504,106.67306
36505,125.979164
36506,154.29965
36507,61.966286
36508,51.35968
36509,23.724442
36510,4.7833424
36511,11.920322
36512,1.4218999
36513,27.637161
36514,129.1404
36515,141.29893
36516,124.94209
36517,118.960365
36518,44.402515
36519,36.117
36520,24.221363
36521,70.65403
36522,102.27586
36523,111.785355
36524,91.52785
36525,97.07868
36526,120.20586
36527,159.3382
36528,216.19846
36529,528.1987
36530,456.90454
36531,292.68658
36532,312.59775
36533,331.34464
36534,346.77832
36535,284.90768
36536,322.9128
36537,375.96225
36538,343.82202
36539,225.7202
36540,252.74707
36541,373.9443
36542,459.6279
36543,297.8111
36544,265.29044
36545,245.77086
36546,306.2904
36547,278.30786
36548,193.08327
36549,239.84845
36550,301.23273
36551,247.62558
36552,287.47864
36553,337.77826
36554,305.21512
36555,236.94589
36556,227.11847
36557,141.72151
36558,94.2965
36559,119.90811
36560,145.592
36561,192.83698
36562,267.13147
36563,362.09128
36564,325.23938
36565,239.56795
36566,223.9502
36567,318.79495
36568,268.29712
36569,190.80682
36570,169.4089
36571,174.49094
36572,132.84859
36573,102.059326
36574,55.22988
36575,55.97767
36576,35.159832
36577,4.678437
36578,0.92189616
36579,2.305124
36580,51.73472
36581,121.668915
36582,65.50562
36583,82.16881
36584,94.83099
36585,50.826942
36586,69.0079
36587,12.842188
36588,117.594124
36589,37.25959
36590,13.620551
36591,51.49604
36592,15.407801
36593,1.9164076
36594,1.5917464
36595,13.862975
36596,12.654608
36597,35.32835
36598,60.49896
36599,35.30271
36600,22.459301
36601,26.041988
36602,22.149416
36603,6.3571634
36604,1.2922494
36605,0.9566746
36606,1.5790712
36607,0.73210245
36608,1.5790712
36609,1.9219042
36610,31.568163
36611,80.13
36612,111.46786
36613,7.6507688
36614,2.575346
36615,1.8584008
36616,36.363785
36617,84.10382
36618,61.513344
36619,182.66875
36620,290.70914
36621,170.27565
36622,235.35086
36623,381.27057
36624,397.31696
36625,388.84412
36626,347.8777
36627,288.61697
36628,377.58438
36629,224.79344
36630,364.59485
36631,123.83891
36632,113.17723
36633,251.21799
36634,303.2553
36635,497.53513
36636,295.16144
36637,241.81458
36638,435.99023
36639,417.94186
36640,444.25406
36641,269.0068
36642,301.8864
36643,344.71954
36644,264.62885
36645,189.21284
36646,170.93866
36647,207.47227
36648,465.2464
36649,565.43365
36650,418.60608
36651,371.29666
36652,337.24634
36653,231.58287
36654,113.80118
36655,165.88947
36656,142.11458
36657,223.89223
36658,241.12323
36659,189.78117
36660,160.4481
36661,212.98868
36662,248.5304
36663,373.8414
36664,436.34433
36665,416.76562
36666,606.7418
36667,751.08276
36668,661.8763
36669,579.52905
36670,544.3159
36671,478.98914
36672,432.62024
36673,383.24585
36674,398.2893
36675,383.42694
36676,346.9066
36677,337.78418
36678,361.39935
36679,408.8428
36680,520.4898
36681,497.9029
36682,381.78952
36683,409.8643
36684,420.5631
36685,443.6236
36686,389.46545
36687,337.00464
36688,343.64594
36689,375.90262
36690,381.15924
36691,234.46501
36692,201.50746
36693,210.79285
36694,226.43103
36695,248.2713
36696,311.80722
36697,186.93132
36698,166.18913
36699,310.6068
36700,263.69473
36701,286.98004
36702,248.69408
36703,235.13562
36704,203.04619
36705,165.21283
36706,89.119286
36707,87.99567
36708,56.87385
36709,55.567886
36710,67.5033
36711,39.51585
36712,21.648216
36713,4.721671
36714,0.12927525
36715,0.12927525
36716,0.9446428
36717,0.49659228
36718,1.8885273
36719,6.0009656
36720,6.691439
36721,0.8561076
36722,0.8561076
36723,1.1633899
36724,0.8561076
36725,1.3650627
36726,1.3650627
36727,1.474175
36728,1.096996
36729,20.904718
36730,104.460815
36731,84.9574
36732,104.40283
36733,74.89359
36734,42.868443
36735,77.24479
36736,106.85339
36737,5.34061
36738,12.158965
36739,79.638466
36740,143.68756
36741,58.38593
36742,53.57758
36743,10.731091
36744,1.293726
36745,1.293726
36746,1.293726
36747,1.293726
36748,2.6227527
36749,3.4883811
36750,28.073458
36751,99.45778
36752,70.87013
36753,2.4034176
36754,2.0555725
36755,2.0555725
36756,0.8593968
36757,2.930752
36758,12.579075
36759,21.974352
36760,20.378756
36761,14.774392
36762,20.807886
36763,0.6786697
36764,0.6786697
36765,1.8876314
36766,0.6786697
36767,0.7669258
36768,1.9758872
36769,1.5531259
36770,1.7651649
36771,2.8294625
36772,22.532116
36773,26.718235
36774,44.880527
36775,20.83207
36776,1.877461
36777,1.4291118
36778,1.4635454
36779,63.50704
36780,9.201215
36781,0.8422244
36782,0.68627733
36783,1.5492467
36784,1.6023972
36785,2.1850095
36786,2.3051443
36787,2.3051443
36788,2.1850095
36789,1.9726211
36790,0.69382143
36791,1.190751
36792,1.8496324
36793,1.3899829
36794,1.301727
36795,1.301727
36796,1.301727
36797,1.513766
36798,0.72712594
36799,-0.10372506
36800,0.053179774
36801,-0.050901785
36802,-0.050901785
36803,-0.1381586
36804,0.14601219
36805,6.3796587
36806,71.6572
36807,68.60978
36808,51.970062
36809,50.627274
36810,43.594772
36811,32.82727
36812,39.27408
36813,46.038742
36814,52.57933
36815,39.632866
36816,44.940536
36817,39.632866
36818,39.378654
36819,14.570019
36820,7.59226
36821,4.984638
36822,22.027323
36823,61.694626
36824,43.758278
36825,53.07566
36826,52.618973
36827,45.130234
36828,54.086136
36829,54.455658
36830,45.130234
36831,29.693167
36832,18.826313
36833,15.949894
36834,6.0164075
36835,5.791207
36836,5.715906
36837,5.673731
36838,5.673731
36839,6.1159644
36840,5.980072
36841,7.4232225
36842,4.4835477
36843,4.622242
36844,4.622242
36845,5.836866
36846,5.592502
36847,5.7450495
36848,9.628017
36849,6.7319193
36850,17.742758
36851,5.498439
36852,17.496012
36853,14.404757
36854,2.5605083
36855,1.5042807
36856,1.5042807
36857,1.5373541
36858,2.032656
36859,0.72130907
36860,0.72130907
36861,1.034137
36862,0.7409398
36863,0.29281864
36864,0.29281864
36865,0.32814482
36866,2.2921271
36867,1.9339458
36868,0.6225984
36869,1.7606606
36870,0.6225984
36871,1.9339458
36872,1.8933841
36873,0.47795522
36874,27.938091
36875,26.873688
36876,51.971596
36877,43.034485
36878,9.366798
36879,1.9052421
36880,2.0785277
36881,1.47237
36882,1.75565
36883,1.2990847
36884,0.039319854
36885,0.9253713
36886,0.039319854
36887,1.2548596
36888,1.1318707
36889,1.1318707
36890,1.3051561
36891,0.039319854
36892,0.5295757
36893,0.10340051
36894,0.20748207
36895,0.10340051
36896,1.1959515
36897,1.1959515
36898,1.1959515
36899,1.1789012
36900,1.3461151
36901,1.3461151
36902,1.3461151
36903,1.4957078
36904,1.3461151
36905,1.1149995
36906,1.5360138
36907,1.5360138
36908,1.5765755
36909,1.5765755
36910,1.5765755
36911,1.6931344
36912,1.6931344
36913,1.6931344
36914,1.768036
36915,1.8285959
36916,1.8285959
36917,1.5022364
36918,0.4154612
36919,0.4154612
36920,0.19088912
36921,0.19088912
36922,0.08680759
36923,1.2893806
36924,22.00803
36925,6.295653
36926,10.767377
36927,3.681091
36928,6.212848
36929,9.394401
36930,10.316473
36931,3.7834587
36932,10.09645
36933,9.951405
36934,4.542931
36935,9.952245
36936,5.411459
36937,13.795062
36938,23.13207
36939,23.076178
36940,20.089243
36941,23.213999
36942,19.039946
36943,19.698736
36944,28.693624
36945,12.850017
36946,9.809097
36947,9.020682
36948,9.477248
36949,9.373167
36950,11.122813
36951,0.2522134
36952,0.09807472
36953,0.082652435
36954,0.082652435
36955,0.082652435
36956,0.048218895
36957,1.3417872
36958,1.1740732
36959,2.4631672
36960,2.4631672
36961,3.723098
36962,45.38578
36963,138.04663
36964,162.88571
36965,104.905716
36966,127.588776
36967,103.75951
36968,81.95272
36969,59.142067
36970,49.70558
36971,61.57872
36972,55.774254
36973,27.412401
36974,29.216148
36975,52.346375
36976,76.23489
36977,55.46166
36978,81.950775
36979,71.38674
36980,75.186195
36981,65.67645
36982,14.574573
36983,64.681435
36984,83.584145
36985,66.403175
36986,63.097095
36987,13.013948
36988,24.4119
36989,25.861242
36990,4.570879
36991,0.23266871
36992,0.23266871
36993,1.3375485
36994,1.1901525
36995,1.0478324
36996,0.9248437
36997,0.9626679
36998,0.9626679
36999,1.2593423
37000,0.5085571
37001,0.011627341
37002,-0.028934365
37003,-0.06471835
37004,-0.040345944
37005,0.12315567
37006,-0.044057716
37007,0.20541826
37008,0.20541826
37009,0.19874445
37010,0.9374567
37011,1.1107421
37012,0.54830307
37013,0.27847254
37014,0.3825541
37015,-0.111028105
37016,0.11354394
37017,0.12913306
37018,0.977175
37019,25.47268
37020,2.021544
37021,4.7231493
37022,28.047987
37023,40.881477
37024,37.833805
37025,68.2195
37026,134.99854
37027,108.015434
37028,94.70343
37029,69.15998
37030,39.197823
37031,79.89792
37032,39.674877
37033,83.56749
37034,48.851128
37035,46.821453
37036,27.099337
37037,21.49864
37038,31.37848
37039,30.506979
37040,20.92399
37041,40.728775
37042,49.534523
37043,87.86008
37044,73.37776
37045,50.779167
37046,75.06053
37047,107.22239
37048,131.06972
37049,146.19777
37050,82.10488
37051,16.165512
37052,12.976218
37053,60.530853
37054,33.112015
37055,35.621643
37056,80.13756
37057,54.210037
37058,50.36561
37059,106.60321
37060,109.81923
37061,113.3747
37062,190.49226
37063,228.64398
37064,276.10834
37065,308.68362
37066,290.8166
37067,318.73032
37068,369.30112
37069,335.69208
37070,296.74725
37071,256.72314
37072,285.24377
37073,188.27983
37074,184.67143
37075,185.33275
37076,147.66714
37077,147.71745
37078,185.40375
37079,61.0825
37080,126.64739
37081,70.82859
37082,49.475693
37083,84.5827
37084,112.859184
37085,120.0862
37086,72.31393
37087,39.041702
37088,18.901651
37089,43.891727
37090,53.732742
37091,57.633503
37092,72.05737
37093,43.083904
37094,45.32687
37095,45.32687
37096,26.579216
37097,37.303566
37098,33.38374
37099,15.649138
37100,18.536043
37101,14.261209
37102,10.959509
37103,4.98384
37104,5.5087533
37105,5.5087533
37106,4.933543
37107,16.562693
37108,14.414864
37109,11.395299
37110,11.242751
37111,7.0811105
37112,3.8711188
37113,4.583151
37114,3.7028422
37115,5.9818144
37116,19.817083
37117,4.6085873
37118,1.1144375
37119,1.3221564
37120,1.3221564
37121,1.4203148
37122,1.4203148
37123,1.4203148
37124,1.2470294
37125,3.951753
37126,3.6360958
37127,47.745495
37128,104.266525
37129,87.28722
37130,36.60919
37131,24.149534
37132,5.3663907
37133,1.8346077
37134,2.0078926
37135,0.69654524
37136,0.69654524
37137,2.0078926
37138,1.6281077
37139,0.6899369
37140,0.778193
37141,0.8822745
37142,0.7621397
37143,0.65805817
37144,0.6958823
37145,1.565428
37146,1.565428
37147,1.945213
37148,1.945213
37149,0.58203673
37150,0.58203673
37151,1.8933841
37152,0.70346296
37153,0.31061485
37154,0.20653331
37155,0.14340141
37156,1.3051561
37157,1.3051561
37158,0.03264607
37159,0.03264607
37160,0.9778259
37161,0.9778259
37162,1.1511112
37163,0.61716014
37164,0.57090694
37165,-0.111028105
37166,1.567307
37167,1.0907633
37168,0.9433924
37169,7.0856504
37170,36.24949
37171,46.407227
37172,44.12712
37173,17.046846
37174,17.993097
37175,15.780028
37176,14.306068
37177,12.16294
37178,3.6199088
37179,1.0053602
37180,1.611518
37181,1.2779417
37182,1.3626719
37183,0.5292134
37184,0.5762439
37185,1.4734048
37186,1.4734048
37187,1.6466901
37188,1.5963936
37189,1.5139664
37190,1.4561362
37191,2.6474423
37192,16.929192
37193,48.162365
37194,25.454819
37195,30.223555
37196,47.068405
37197,44.113415
37198,92.99926
37199,88.26393
37200,67.741165
37201,27.644068
37202,39.50467
37203,64.144325
37204,85.933846
37205,76.62804
37206,92.810715
37207,102.060265
37208,109.521515
37209,135.78325
37210,131.09108
37211,135.8475
37212,136.01578
37213,147.01262
37214,155.79218
37215,132.4175
37216,97.75253
37217,89.78426
37218,79.96537
37219,82.79552
37220,101.99324
37221,81.83508
37222,107.69132
37223,116.53124
37224,113.889496
37225,71.160645
37226,64.94562
37227,74.06958
37228,82.13748
37229,65.67932
37230,50.791718
37231,51.200493
37232,32.08989
37233,15.760486
37234,31.521622
37235,40.881218
37236,42.11647
37237,14.149186
37238,24.80843
37239,17.661837
37240,52.708763
37241,62.95958
37242,81.6657
37243,96.23639
37244,95.534645
37245,86.41525
37246,72.20864
37247,78.12619
37248,108.68213
37249,160.27873
37250,137.90555
37251,114.88421
37252,108.749344
37253,95.51732
37254,102.227936
37255,95.02986
37256,108.12174
37257,100.862915
37258,65.34994
37259,74.60668
37260,66.723595
37261,44.030693
37262,53.53318
37263,40.678177
37264,43.544464
37265,39.920067
37266,34.367043
37267,37.392334
37268,66.42189
37269,67.25211
37270,63.936028
37271,59.501244
37272,47.8451
37273,26.221825
37274,35.869324
37275,15.094022
37276,10.825542
37277,11.816847
37278,49.009583
37279,53.171875
37280,35.909744
37281,4.7594247
37282,16.426182
37283,11.689153
37284,11.814775
37285,14.309286
37286,2.0201147
37287,1.945213
37288,0.52978396
37289,0.6338655
37290,0.52978396
37291,0.47795522
37292,0.58203673
37293,0.93451995
37294,39.379242
37295,86.04978
37296,117.973946
37297,52.63645
37298,33.599167
37299,14.450887
37300,29.966423
37301,21.156603
37302,0.42746323
37303,0.11237416
37304,1.1251969
37305,0.11237416
37306,0.11237416
37307,1.2984823
37308,0.9778259
37309,0.11237416
37310,14.466288
37311,21.8095
37312,3.3696277
37313,15.501874
37314,1.0085956
37315,0.43799087
37316,0.484244
37317,-0.3233796
37318,-0.3233796
37319,0.6575293
37320,0.6112761
37321,0.6112761
37322,0.23149128
37323,0.484244
37324,0.9778259
37325,16.245598
37326,23.721693
37327,41.933205
37328,19.601595
37329,31.376102
37330,19.870085
37331,39.273636
37332,41.166
37333,48.80442
37334,59.682396
37335,68.3838
37336,113.6502
37337,110.13313
37338,101.94246
37339,105.20092
37340,96.56258
37341,112.89491
37342,121.349815
37343,114.31795
37344,123.87662
37345,118.8671
37346,126.39177
37347,111.95256
37348,172.52461
37349,159.99475
37350,199.3427
37351,169.16513
37352,228.0684
37353,165.63869
37354,163.75557
37355,263.5899
37356,282.25345
37357,264.67987
37358,246.72546
37359,207.3568
37360,194.71179
37361,140.8351
37362,180.44792
37363,164.87411
37364,118.342636
37365,119.89356
37366,89.38253
37367,70.02281
37368,83.25941
37369,120.27826
37370,132.6547
37371,132.05312
37372,167.7829
37373,217.90253
37374,177.3375
37375,139.0384
37376,108.98826
37377,114.87318
37378,71.64961
37379,100.11378
37380,84.44182
37381,87.39261
37382,102.97613
37383,69.20817
37384,40.623306
37385,63.323242
37386,102.05018
37387,102.738976
37388,40.47011
37389,4.8858557
37390,14.227568
37391,23.479477
37392,41.699337
37393,33.484665
37394,66.1705
37395,25.239952
37396,33.8872
37397,80.187614
37398,68.440605
37399,27.994612
37400,11.1191435
37401,12.29115
37402,11.720424
37403,16.495235
37404,28.769178
37405,55.80925
37406,51.48349
37407,41.613747
37408,62.000633
37409,58.985397
37410,32.234123
37411,8.445304
37412,1.6084875
37413,0.79507154
37414,0.9178128
37415,0.9178128
37416,0.9178128
37417,1.5328859
37418,2.5863218
37419,1.5328859
37420,2.5863218
37421,0.90631205
37422,2.1583784
37423,0.3582575
37424,1.6624241
37425,0.3210507
37426,1.3988699
37427,1.8200183
37428,1.6523045
37429,1.7341037
37430,1.6937343
37431,1.8064281
37432,0.79996383
37433,0.6958823
37434,0.58203673
37435,0.58203673
37436,0.5351869
37437,1.47237
37438,1.3051561
37439,0.13672763
37440,0.30282602
37441,0.9374567
37442,0.3976217
37443,0.9374567
37444,0.484244
37445,0.6112761
37446,0.43799087
37447,0.484244
37448,1.2835398
37449,1.1789012
37450,1.3521866
37451,0.75049335
37452,1.3461151
37453,1.1149995
37454,1.7211573
37455,3.8065104
37456,14.495803
37457,80.29357
37458,62.523308
37459,58.53537
37460,60.125366
37461,37.681084
37462,51.445183
37463,62.01277
37464,62.13401
37465,64.59873
37466,67.69474
37467,49.6196
37468,42.822563
37469,24.417532
37470,37.231194
37471,28.512226
37472,31.021704
37473,23.528639
37474,36.004654
37475,37.00708
37476,33.7452
37477,34.592308
37478,16.697454
37479,9.4754715
37480,10.9863405
37481,38.549904
37482,35.047462
37483,54.966095
37484,22.523804
37485,62.877815
37486,56.20585
37487,18.373314
37488,16.648129
37489,40.99254
37490,21.6964
37491,20.110096
37492,18.832783
37493,24.577066
37494,5.7515817
37495,1.4165493
37496,1.5135036
37497,1.5135036
37498,0.20215628
37499,1.5898347
37500,1.0515696
37501,0.96200234
37502,0.082652435
37503,0.082652435
37504,0.082652435
37505,0.082652435
37506,0.082652435
37507,0.082652435
37508,0.3236368
37509,0.06302166
37510,0.06302166
37511,1.3221564
37512,1.1488711
37513,1.1488711
37514,1.3221564
37515,0.403657
37516,0.16710323
37517,1.3221564
37518,1.1544424
37519,1.1488711
37520,1.1488711
37521,1.1488711
37522,1.1488711
37523,1.1488711
37524,1.1488711
37525,1.0944818
37526,1.0523065
37527,1.0413526
37528,1.0413526
37529,0.96117085
37530,0.96117085
37531,1.4592129
37532,1.4592129
37533,1.5822015
37534,1.4592129
37535,0.50181764
37536,0.4399113
37537,1.5503418
37538,1.5503418
37539,3.2490513
37540,1.5503418
37541,2.9657707
37542,1.5503418
37543,0.42896205
37544,0.42896205
37545,55.22888
37546,11.970897
37547,11.276296
37548,5.0686135
37549,1.8933043
37550,1.5815556
37551,1.5815556
37552,1.7341037
37553,1.7719278
37554,1.777499
37555,0.52978396
37556,0.6338655
37557,1.945213
37558,1.8933841
37559,1.8933841
37560,0.48408335
37561,0.58816487
37562,1.8995122
37563,1.8589505
37564,0.44352162
37565,13.5561495
37566,6.2488804
37567,0.22335805
37568,1.1786456
37569,0.056144696
37570,0.056144696
37571,0.22335805
37572,11.056823
37573,15.998991
37574,27.166883
37575,15.216978
37576,10.374059
37577,10.097418
37578,0.4479301
37579,0.6162062
37580,1.1786456
37581,0.4479301
37582,1.5996597
37583,0.3906984
37584,0.3906984
37585,0.43126014
37586,0.43126014
37587,0.43126014
37588,0.6462364
37589,0.6462364
37590,0.6462364
37591,0.6462364
37592,1.8551985
37593,1.9370046
37594,0.83212465
37595,0.72804314
37596,0.72804314
37597,0.72804314
37598,0.14955394
37599,-0.07247329
37600,-0.038039796
37601,-0.038039796
37602,-0.038039796
37603,-0.038039796
37604,-0.061519396
37605,0.0032265205
37606,0.03766
37607,0.026706118
37608,0.026706118
37609,0.026706118
37610,0.026706118
37611,0.046057295
37612,0.046057295
37613,0.046057295
37614,0.046057295
37615,0.046057295
37616,-0.17767565
37617,-0.17767565
37618,-0.19592221
37619,-0.19592221
37620,-0.19592221
37621,-0.19592221
37622,0.5988241
37623,-0.19592221
37624,-0.19592221
37625,-0.19592221
37626,-0.19592221
37627,-0.19592221
37628,-0.5155964
37629,-0.5155964
37630,-0.7053519
37631,-0.7053519
37632,-0.123152524
37633,-0.123152524
37634,0.19652161
37635,0.19652161
37636,0.19652161
37637,0.6407234
37638,-0.019854862
37639,0.89864427
37640,0.9121675
37641,0.73888206
37642,0.73888206
37643,0.73888206
37644,0.73888206
37645,0.827138
37646,1.080611
37647,1.1184351
37648,1.1184351
37649,1.1184351
37650,1.080611
37651,0.18347868
37652,1.2259562
37653,1.6117882
37654,1.7012681
37655,1.4433473
37656,1.4433473
37657,1.4433473
37658,1.4811717
37659,1.4811717
37660,1.5903056
37661,1.5840535
37662,1.7573386
37663,1.5840535
37664,1.5840535
37665,1.5322247
37666,1.70551
37667,1.70551
37668,1.5322247
37669,1.5322247
37670,1.5322247
37671,0.29008096
37672,4.098587
37673,19.59682
37674,24.704887
37675,33.97152
37676,11.769998
37677,1.3198224
37678,0.039319854
37679,0.03264607
37680,0.039319854
37681,0.13672763
37682,1.1307683
37683,1.3051561
37684,0.11237416
37685,0.1022941
37686,1.4343908
37687,0.36797348
37688,1.2548596
37689,8.933728
37690,6.5922275
37691,1.1251969
37692,1.1318707
37693,1.1251969
37694,1.3051561
37695,1.2984823
37696,0.9778259
37697,1.5817621
37698,0.48921096
37699,1.1251969
37700,0.8975926
37701,2.1747034
37702,1.2481858
37703,1.3051561
37704,1.1318707
37705,1.1318707
37706,1.8026803
37707,3.7379162
37708,0.35764524
37709,0.25356367
37710,0.25356367
37711,0.52498555
37712,0.29386988
37713,0.7907998
37714,1.7092994
37715,1.5360138
37716,1.5360138
37717,1.541585
37718,0.5145104
37719,0.85908926
37720,0.40252414
37721,0.7953725
37722,0.29844263
37723,0.29844263
37724,1.3878262
37725,43.09542
37726,80.44383
37727,97.490776
37728,84.80699
37729,72.765144
37730,86.77016
37731,97.54107
37732,91.19725
37733,89.044876
37734,92.30711
37735,77.27992
37736,63.16767
37737,91.26265
37738,82.654724
37739,143.74385
37740,175.02605
37741,162.04716
37742,184.64748
37743,202.44853
37744,211.57616
37745,176.92003
37746,183.84328
37747,195.82896
37748,263.21945
37749,387.61874
37750,475.05457
37751,399.5984
37752,416.68207
37753,331.57852
37754,219.55463
37755,211.86319
37756,289.05148
37757,349.8502
37758,390.8095
37759,408.1386
37760,374.62088
37761,450.75107
37762,449.59238
37763,370.70505
37764,343.1854
37765,318.8263
37766,366.62756
37767,370.63174
37768,408.85504
37769,316.9039
37770,381.0233
37771,378.0878
37772,225.35458
37773,199.84528
37774,285.3578
37775,327.86765
37776,297.5956
37777,201.52258
37778,223.4215
37779,257.7775
37780,254.15715
37781,244.64728
37782,277.00555
37783,262.34708
37784,253.03714
37785,220.67122
37786,181.32341
37787,119.56902
37788,56.868225
37789,6.1956673
37790,1.8281138
37791,3.019421
37792,61.073883
37793,107.94317
37794,57.670418
37795,89.962524
37796,79.450424
37797,47.515327
37798,25.24665
37799,29.760857
37800,29.2549
37801,26.349379
37802,41.858253
37803,92.83299
37804,49.96315
37805,52.18183
37806,126.719536
37807,56.434944
37808,124.57855
37809,125.86543
37810,110.14593
37811,72.42922
37812,76.36931
37813,76.43556
37814,114.543884
37815,48.90306
37816,28.500599
37817,3.9210136
37818,10.178905
37819,41.59455
37820,76.21196
37821,80.19767
37822,60.227974
37823,1.5876535
37824,0.83508164
37825,-0.14606088
37826,-0.22188424
37827,11.223605
37828,18.03994
37829,11.04227
37830,127.707436
37831,93.01566
37832,16.002415
37833,1.8278373
37834,1.1318498
37835,25.612875
37836,45.15582
37837,10.668597
37838,73.22185
37839,0.3266989
37840,46.097633
37841,37.81323
37842,69.74585
37843,42.819355
37844,1.2865335
37845,50.054367
37846,3.8979619
37847,17.35967
37848,9.545484
37849,12.279651
37850,0.37479863
37851,0.37479863
37852,1.3094543
37853,1.2591578
37854,1.3094543
37855,1.3179734
37856,1.6720569
37857,1.6720569
37858,1.5970652
37859,1.2172798
37860,1.5970652
37861,1.4237796
37862,2.2556515
37863,26.368114
37864,38.67974
37865,17.088299
37866,4.820646
37867,10.949706
37868,9.080369
37869,14.239063
37870,9.248646
37871,10.017552
37872,10.017552
37873,5.577717
37874,1.2674564
37875,0.8502358
37876,0.7117206
37877,4.206814
37878,2.7225368
37879,2.6134028
37880,1.0354576
37881,0.8180664
37882,0.8180664
37883,1.1383394
37884,1.3262135
37885,1.3780423
37886,1.3262135
37887,1.3262135
37888,1.3780423
37889,1.3262135
37890,1.3780423
37891,1.5513277
37892,0.23998031
37893,0.10146524
37894,0.049636427
37895,0.049636427
37896,0.153718
37897,1.7483453
37898,2.4830868
37899,1.4147687
37900,1.4650652
37901,1.2917799
37902,2.4830868
37903,3.6332846
37904,3.338579
37905,19.221409
37906,19.150064
37907,25.39629
37908,36.907486
37909,48.138268
37910,44.013725
37911,42.31711
37912,42.277298
37913,64.39238
37914,30.889603
37915,16.660503
37916,46.59884
37917,40.183857
37918,8.932102
37919,9.548029
37920,9.19892
37921,4.6189218
37922,2.1203418
37923,0.8854242
37924,0.41011176
37925,0.8714638
37926,0.78838515
37927,0.99235225
37928,15.327136
37929,48.69687
37930,37.405792
37931,50.056793
37932,51.695633
37933,62.32109
37934,55.407593
37935,49.636528
37936,68.51634
37937,87.42425
37938,58.94352
37939,111.92468
37940,65.57272
37941,82.71448
37942,62.336
37943,59.660736
37944,42.089485
37945,44.518837
37946,54.864235
37947,27.764683
37948,37.122818
37949,46.474136
37950,64.74061
37951,20.466537
37952,41.194473
37953,55.262115
37954,84.83777
37955,88.0212
37956,19.153513
37957,141.42819
37958,142.47386
37959,135.33144
37960,145.07457
37961,30.50826
37962,67.38976
37963,156.95763
37964,60.1287
37965,131.30942
37966,123.72325
37967,133.16461
37968,199.67075
37969,66.28048
37970,61.544266
37971,132.20604
37972,95.50668
37973,89.59109
37974,70.448265
37975,39.118378
37976,40.3098
37977,88.27085
37978,2.7500575
37979,59.023857
37980,39.53897
37981,61.460007
37982,5.527748
37983,33.12323
37984,74.542984
37985,16.31512
37986,20.943008
37987,35.303665
37988,81.09575
37989,89.18882
37990,71.74614
37991,46.856018
37992,109.43182
37993,119.34515
37994,99.496635
37995,102.20766
37996,89.39918
37997,86.25886
37998,77.16633
37999,79.50819
38000,67.87069
38001,88.218765
38002,87.13401
38003,109.72303
38004,132.31067
38005,164.67844
38006,195.60213
38007,207.32799
38008,146.54851
38009,188.24637
38010,200.00905
38011,164.63309
38012,158.51627
38013,182.5901
38014,255.81955
38015,258.20996
38016,267.29175
38017,285.64972
38018,248.50648
38019,228.32053
38020,236.54851
38021,218.59761
38022,208.02852
38023,129.08096
38024,134.02977
38025,199.37944
38026,243.38837
38027,295.15973
38028,306.19864
38029,329.28546
38030,380.16235
38031,272.6828
38032,277.88443
38033,372.73575
38034,368.32288
38035,547.9168
38036,464.18054
38037,362.7982
38038,362.88254
38039,459.92407
38040,583.7131
38041,632.3362
38042,476.6237
38043,455.10263
38044,523.0819
38045,481.73972
38046,495.44788
38047,465.7175
38048,346.8391
38049,315.50955
38050,274.5479
38051,243.90935
38052,213.8199
38053,302.91156
38054,261.32428
38055,253.42569
38056,361.2909
38057,296.93835
38058,292.9018
38059,336.22794
38060,254.5036
38061,321.91974
38062,356.2984
38063,276.36194
38064,279.79114
38065,284.22726
38066,212.06367
38067,217.49269
38068,451.65717
38069,787.72516
38070,796.5094
38071,730.4299
38072,516.3692
38073,281.99948
38074,230.5547
38075,175.41165
38076,97.687584
38077,129.48949
38078,86.64766
38079,20.78801
38080,87.1039
38081,108.77833
38082,195.78226
38083,113.59163
38084,55.159813
38085,90.419304
38086,74.891754
38087,36.38969
38088,38.40857
38089,27.091726
38090,30.397184
38091,8.683077
38092,0.23562527
38093,0.23562527
38094,0.23562527
38095,0.23562527
38096,-0.017729877
38097,-0.017729877
38098,29.330893
38099,702.16754
38100,902.60925
38101,683.1797
38102,986.21545
38103,665.3217
38104,413.86755
38105,97.452965
38106,452.09958
38107,355.72638
38108,198.69667
38109,383.80493
38110,311.89978
38111,155.06883
38112,142.6538
38113,175.4218
38114,252.95146
38115,360.1142
38116,310.1964
38117,148.48956
38118,10.520912
38119,4.968958
38120,2.7387085
38121,2.5654233
38122,2.5654233
38123,3.5451505
38124,2.5654233
38125,1.4428988
38126,1.4428988
38127,1.4428988
38128,20.753681
38129,383.49512
38130,158.2969
38131,161.20969
38132,88.146675
38133,64.93743
38134,95.10367
38135,107.718445
38136,140.6116
38137,176.42348
38138,139.88358
38139,175.84073
38140,135.01901
38141,149.40666
38142,170.7707
38143,140.58647
38144,87.62905
38145,92.89396
38146,96.41939
38147,85.5886
38148,75.51609
38149,70.97441
38150,67.94371
38151,88.94923
38152,105.742195
38153,83.33126
38154,84.773476
38155,82.29774
38156,106.75942
38157,114.604
38158,95.54558
38159,100.44211
38160,85.393585
38161,118.81851
38162,124.62461
38163,99.81616
38164,67.72636
38165,67.47146
38166,83.609116
38167,108.55242
38168,108.09921
38169,120.54899
38170,140.27542
38171,85.32248
38172,66.423546
38173,79.27241
38174,66.732285
38175,67.17964
38176,65.678154
38177,53.152103
38178,13.751114
38179,10.979202
38180,11.676016
38181,48.029972
38182,56.08162
38183,52.127174
38184,38.762756
38185,45.531677
38186,41.161972
38187,56.426582
38188,29.553358
38189,8.8529215
38190,4.89097
38191,4.267994
38192,10.812752
38193,13.027701
38194,24.333538
38195,53.459637
38196,85.75407
38197,140.19048
38198,116.35494
38199,93.20256
38200,68.315636
38201,19.255882
38202,6.0775647
38203,15.279618
38204,44.85044
38205,37.956703
38206,44.726532
38207,39.167297
38208,20.876038
38209,30.967995
38210,19.985392
38211,32.61383
38212,34.045227
38213,50.476265
38214,73.591805
38215,82.67064
38216,62.03147
38217,51.766594
38218,23.649424
38219,43.62007
38220,82.409706
38221,59.37783
38222,15.417098
38223,1.536468
38224,3.487912
38225,2.5268438
38226,1.0215365
38227,1.0397829
38228,2.0984442
38229,1.3781565
38230,1.4927715
38231,3.015754
38232,3.026708
38233,2.842608
38234,1.7770374
38235,1.7770374
38236,1.7770374
38237,1.9924977
38238,1.0739987
38239,0.90572244
38240,1.9924977
38241,0.57706887
38242,1.0739987
38243,1.0395651
38244,2.4377966
38245,33.37442
38246,30.391577
38247,63.016006
38248,13.018578
38249,2.5260515
38250,0.7581392
38251,0.6540577
38252,23.556677
38253,16.604092
38254,17.198792
38255,14.426878
38256,11.830915
38257,12.537411
38258,1.884606
38259,1.884606
38260,1.884606
38261,1.884606
38262,1.7074417
38263,12.450032
38264,23.422964
38265,31.332043
38266,26.563272
38267,26.015787
38268,29.40067
38269,3.6002052
38270,7.7863665
38271,11.463463
38272,2.2151933
38273,25.380836
38274,74.3256
38275,13.384717
38276,38.78826
38277,48.031754
38278,83.36043
38279,108.546684
38280,117.006874
38281,118.464836
38282,161.75903
38283,197.72903
38284,256.84616
38285,266.25992
38286,171.97731
38287,175.23167
38288,100.28219
38289,165.42776
38290,226.4688
38291,63.064415
38292,96.00189
38293,137.14684
38294,138.27773
38295,233.1825
38296,417.9783
38297,340.63464
38298,406.00644
38299,469.67584
38300,370.8037
38301,378.59836
38302,374.91077
38303,335.00342
38304,373.6077
38305,471.07886
38306,391.6111
38307,239.26129
38308,164.93457
38309,265.54352
38310,286.16208
38311,351.45847
38312,387.00833
38313,422.81207
38314,396.26654
38315,363.63843
38316,322.19357
38317,305.77573
38318,424.09192
38319,329.3173
38320,329.61502
38321,314.54166
38322,287.3065
38323,186.59694
38324,296.13937
38325,364.29248
38326,452.36234
38327,396.3345
38328,522.926
38329,606.5759
38330,583.16235
38331,440.22504
38332,502.55408
38333,630.0155
38334,552.2342
38335,585.96497
38336,719.96674
38337,678.63306
38338,632.0391
38339,525.28577
38340,412.45258
38341,441.40247
38342,465.39706
38343,561.6915
38344,491.01993
38345,270.72693
38346,223.87677
38347,240.86081
38348,224.2905
38349,238.3848
38350,241.27454
38351,320.6576
38352,352.92078
38353,311.17322
38354,480.39685
38355,403.37595
38356,407.2329
38357,402.81854
38358,414.44302
38359,439.6962
38360,562.70874
38361,476.65802
38362,466.96146
38363,498.33447
38364,658.1777
38365,589.021
38366,581.4917
38367,676.70355
38368,637.2821
38369,795.55505
38370,707.7203
38371,721.97656
38372,656.16547
38373,978.7259
38374,715.7801
38375,723.62915
38376,698.77893
38377,773.9722
38378,920.2785
38379,858.1052
38380,776.71783
38381,778.45654
38382,788.94403
38383,826.2119
38384,987.7572
38385,912.2463
38386,1036.4332
38387,1132.7843
38388,1094.9972
38389,965.5632
38390,1360.2422
38391,937.3581
38392,912.70013
38393,1051.026
38394,801.4489
38395,1300.9713
38396,918.1555
38397,948.40063
38398,899.4505
38399,785.8304
38400,547.5302
38401,622.17365
38402,786.3396
38403,581.0754
38404,364.59933
38405,663.9763
38406,808.8612
38407,848.4585
38408,634.6328
38409,693.15875
38410,778.98816
38411,512.1046
38412,321.35925
38413,456.86502
38414,484.16187
38415,588.1768
38416,438.2468
38417,344.7739
38418,486.04547
38419,619.59357
38420,786.7931
38421,1068.5474
38422,836.39856
38423,994.3438
38424,788.87805
38425,742.36444
38426,684.47565
38427,515.2592
38428,591.5885
38429,702.01953
38430,793.6242
38431,710.8007
38432,562.708
38433,583.03345
38434,603.48645
38435,551.8041
38436,538.3821
38437,494.63834
38438,455.22302
38439,278.65927
38440,321.3859
38441,544.4621
38442,631.45105
38443,684.2122
38444,824.4227
38445,682.48364
38446,514.95026
38447,400.41165
38448,342.8712
38449,308.01727
38450,386.82953
38451,385.3882
38452,462.76376
38453,484.92334
38454,438.8682
38455,478.0633
38456,624.17224
38457,813.61676
38458,618.6057
38459,488.6314
38460,635.91223
38461,535.1249
38462,712.5122
38463,653.05566
38464,896.12494
38465,901.9029
38466,714.3993
38467,496.9157
38468,531.45654
38469,669.0792
38470,724.69525
38471,843.5122
38472,1132.7054
38473,1291.3988
38474,1256.5232
38475,1501.746
38476,1264.3436
38477,1258.8424
38478,850.7476
38479,443.07672
38480,319.90564
38481,268.52377
38482,267.40668
38483,440.99588
38484,268.20172
38485,153.24413
38486,172.25903
38487,132.59186
38488,178.73782
38489,537.04486
38490,302.1899
38491,270.52408
38492,347.17987
38493,264.79407
38494,504.88492
38495,537.0143
38496,489.76855
38497,468.5001
38498,437.0026
38499,541.82996
38500,497.94028
38501,253.65111
38502,113.2338
38503,96.27776
38504,195.54613
38505,242.49652
38506,124.54279
38507,112.31999
38508,33.25165
38509,112.747536
38510,112.53486
38511,91.62485
38512,86.855934
38513,379.5244
38514,148.52702
38515,136.39604
38516,122.08996
38517,184.40576
38518,167.52686
38519,107.90287
38520,118.61053
38521,100.153366
38522,21.125315
38523,52.5608
38524,105.764626
38525,117.91416
38526,115.00089
38527,77.11388
38528,111.06125
38529,64.551605
38530,70.664154
38531,121.00401
38532,51.596775
38533,160.94606
38534,42.251057
38535,192.87502
38536,162.04105
38537,121.89134
38538,96.600815
38539,30.487295
38540,103.1737
38541,161.8217
38542,113.092995
38543,48.033794
38544,79.02641
38545,116.76408
38546,118.633736
38547,5.8858776
38548,2.0487301
38549,1.1331887
38550,56.79948
38551,115.54144
38552,135.08817
38553,60.753162
38554,54.203625
38555,81.19846
38556,80.11228
38557,195.02005
38558,151.46065
38559,8.527108
38560,2.2078786
38561,130.33148
38562,86.69224
38563,59.3089
38564,50.93095
38565,31.067692
38566,86.80787
38567,75.85897
38568,73.10709
38569,67.504524
38570,31.352715
38571,6.159587
38572,9.709664
38573,23.923983
38574,4.327985
38575,4.7845497
38576,4.4163823
38577,7.1742716
38578,47.476616
38579,35.011536
38580,27.094234
38581,17.56287
38582,79.19959
38583,58.41808
38584,52.70241
38585,14.444816
38586,10.376746
38587,1.5843787
38588,-0.41084194
38589,-0.41084194
38590,-0.41084194
38591,0.06160716
38592,0.06160716
38593,-0.13511823
38594,-0.13511823
38595,-0.13511823
38596,-0.11074583
38597,-0.11074583
38598,0.5708671
38599,0.39758173
38600,0.39758173
38601,0.39758173
38602,0.39758173
38603,0.39758173
38604,0.39758173
38605,0.66216296
38606,0.66216296
38607,0.668415
38608,0.66216296
38609,0.39758173
38610,0.39758173
38611,0.39758173
38612,0.5708671
38613,0.5708671
38614,0.5708671
38615,0.39758173
38616,0.71725583
38617,0.7235079
38618,0.6143739
38619,0.6143739
38620,0.4246183
38621,0.21207136
38622,0.31022996
38623,0.9704532
38624,0.51633245
38625,0.534579
38626,0.29802513
38627,0.29802513
38628,0.4474979
38629,3.8871133
38630,39.21966
38631,68.444916
38632,57.591686
38633,44.557915
38634,76.798256
38635,59.98517
38636,61.678677
38637,71.25164
38638,79.71052
38639,97.49245
38640,95.691635
38641,98.23566
38642,103.654045
38643,94.10041
38644,48.53524
38645,84.09553
38646,71.134186
38647,47.34227
38648,25.250212
38649,14.670974
38650,49.40944
38651,115.6661
38652,81.33178
38653,135.9917
38654,135.25787
38655,144.02359
38656,147.21027
38657,106.310555
38658,158.10283
38659,73.68686
38660,165.5599
38661,169.57025
38662,152.10931
38663,258.28766
38664,248.94272
38665,348.0549
38666,341.26898
38667,247.51869
38668,266.0194
38669,148.9763
38670,125.05384
38671,176.64769
38672,111.98057
38673,127.58803
38674,95.65041
38675,114.00438
38676,101.54252
38677,218.03374
38678,300.41876
38679,188.7005
38680,141.70146
38681,88.70379
38682,142.27602
38683,296.38492
38684,180.3427
38685,196.54865
38686,206.50974
38687,199.3039
38688,182.97209
38689,142.6562
38690,230.78886
38691,163.30391
38692,228.82016
38693,212.46786
38694,175.4269
38695,178.12822
38696,133.7593
38697,141.86482
38698,192.84215
38699,196.43623
38700,225.72667
38701,261.8204
38702,296.2089
38703,327.91006
38704,388.97092
38705,431.89908
38706,415.3121
38707,515.5135
38708,699.2138
38709,656.3482
38710,858.6824
38711,1114.1356
38712,1137.067
38713,1038.1354
38714,923.1815
38715,917.24866
38716,1054.1509
38717,1003.2043
38718,971.0699
38719,691.80194
38720,681.4668
38721,855.2411
38722,971.8079
38723,1065.4885
38724,880.14075
38725,742.46313
38726,876.9509
38727,888.81274
38728,859.3952
38729,838.11487
38730,733.2061
38731,727.7257
38732,617.71484
38733,839.7808
38734,752.955
38735,784.66156
38736,953.091
38737,946.7578
38738,912.5448
38739,875.14124
38740,888.93866
38741,945.8888
38742,1006.0511
38743,1183.2872
38744,1200.0724
38745,1217.6323
38746,1130.7446
38747,1199.8286
38748,1198.0951
38749,1145.0352
38750,1066.0753
38751,1060.6259
38752,1005.0216
38753,1007.1151
38754,1186.6674
38755,1212.2748
38756,1211.1475
38757,1237.8177
38758,1442.6403
38759,1501.9885
38760,1538.3734
38761,1502.6635
38762,1495.153
38763,1510.227
38764,1406.2028
38765,1444.1598
38766,1509.8235
38767,1574.9191
38768,1607.9208
38769,1457.338
38770,1466.507
38771,1556.1436
38772,1460.9127
38773,1379.3329
38774,1507.1066
38775,1597.6307
38776,1616.9056
38777,1567.2725
38778,1417.3385
38779,1398.0336
38780,1494.5292
38781,1518.6036
38782,1298.0487
38783,876.9834
38784,1081.5902
38785,1157.8035
38786,1381.5447
38787,1374.556
38788,1393.6888
38789,1197.9044
38790,1369.608
38791,1031.7886
38792,1328.9664
38793,1499.409
38794,1353.6703
38795,1250.9261
38796,1502.4481
38797,1457.2639
38798,1758.7826
38799,1331.0183
38800,1084.654
38801,1202.1273
38802,1587.4982
38803,1282.6241
38804,1306.733
38805,1179.9448
38806,1563.9243
38807,1684.2096
38808,1518.5238
38809,885.18677
38810,794.3534
38811,827.8168
38812,697.88446
38813,678.3295
38814,960.46716
38815,1214.8395
38816,1118.2981
38817,877.2499
38818,1374.7186
38819,980.83185
38820,443.72122
38821,675.7259
38822,703.95
38823,542.5985
38824,565.75275
38825,525.3573
38826,792.29236
38827,711.36597
38828,846.64844
38829,704.1868
38830,463.8739
38831,609.7993
38832,755.2599
38833,854.9361
38834,741.8523
38835,834.68243
38836,552.9732
38837,512.75684
38838,500.4378
38839,500.2463
38840,493.286
38841,463.03998
38842,861.9568
38843,815.2316
38844,503.67484
38845,558.3716
38846,435.72717
38847,265.55228
38848,57.840378
38849,81.41742
38850,135.73389
38851,131.53656
38852,74.01607
38853,163.93137
38854,163.45723
38855,88.56689
38856,111.54489
38857,191.10901
38858,199.0511
38859,227.8108
38860,364.49377
38861,406.3221
38862,468.98865
38863,547.7005
38864,564.003
38865,539.98376
38866,495.49524
38867,437.17776
38868,424.38107
38869,371.98727
38870,338.58087
38871,294.87387
38872,279.27423
38873,294.86615
38874,289.9318
38875,186.24925
38876,183.00026
38877,201.60207
38878,155.36755
38879,115.40935
38880,77.18353
38881,72.98274
38882,53.469543
38883,127.544556
38884,135.88939
38885,171.54951
38886,163.6195
38887,153.86458
38888,173.43494
38889,235.06564
38890,125.930145
38891,109.96616
38892,88.540764
38893,171.89365
38894,199.88805
38895,147.11693
38896,158.42824
38897,146.75987
38898,172.31685
38899,178.89911
38900,245.23265
38901,332.7315
38902,320.47656
38903,329.2118
38904,369.4715
38905,253.5299
38906,333.6412
38907,325.1434
38908,350.68915
38909,350.68915
38910,334.97144
38911,274.27673
38912,251.43915
38913,260.66617
38914,340.82764
38915,308.16568
38916,245.29988
38917,215.52101
38918,206.28465
38919,220.1687
38920,261.11343
38921,250.50586
38922,218.85127
38923,188.88327
38924,197.47305
38925,170.38763
38926,143.42686
38927,166.93425
38928,110.714005
38929,116.37827
38930,74.99842
38931,52.61699
38932,65.11273
38933,65.00329
38934,99.19114
38935,71.62335
38936,22.79802
38937,13.923113
38938,69.84141
38939,111.214516
38940,67.05789
38941,138.5614
38942,120.20044
38943,130.25664
38944,100.610085
38945,163.2581
38946,71.959526
38947,67.49339
38948,139.6389
38949,188.09651
38950,122.58681
38951,224.94592
38952,144.31401
38953,193.15207
38954,104.45035
38955,191.82147
38956,238.89235
38957,142.5968
38958,253.2465
38959,266.5746
38960,318.8408
38961,307.31686
38962,267.75436
38963,183.43463
38964,300.05902
38965,109.9641
38966,152.37135
38967,336.99365
38968,212.42609
38969,140.20695
38970,209.7692
38971,125.206116
38972,233.67258
38973,246.69249
38974,166.71733
38975,148.12152
38976,356.04843
38977,574.9614
38978,250.78113
38979,163.22908
38980,190.97076
38981,173.77206
38982,173.56458
38983,175.21935
38984,200.65875
38985,331.04105
38986,579.8495
38987,408.03476
38988,305.52853
38989,310.26172
38990,314.0907
38991,281.7166
38992,209.31442
38993,148.6706
38994,102.02281
38995,81.29417
38996,156.33395
38997,101.74584
38998,88.27457
38999,112.43741
39000,242.65569
39001,301.5699
39002,274.53452
39003,310.73972
39004,361.0193
39005,313.37482
39006,194.37416
39007,170.32698
39008,89.96851
39009,111.75666
39010,112.75718
39011,73.71491
39012,19.888935
39013,14.03681
39014,18.431435
39015,5.9338255
39016,4.6669674
39017,12.828714
39018,94.95638
39019,181.60463
39020,264.36392
39021,178.19293
39022,230.57353
39023,328.41718
39024,164.94139
39025,212.31845
39026,276.54385
39027,344.81625
39028,316.8721
39029,297.52768
39030,238.98589
39031,174.27635
39032,65.20383
39033,52.14699
39034,15.324389
39035,3.7153702
39036,4.271982
39037,-0.08206718
39038,-0.25740686
39039,-0.25740686
39040,-0.25740686
39041,-0.25740686
39042,-0.23595092
39043,-0.23595092
39044,0.3023257
39045,0.9930001
39046,0.39940947
39047,0.6166069
39048,0.29693276
39049,0.079735294
39050,0.079735294
39051,0.079735294
39052,0.079735294
39053,23.81792
39054,87.75262
39055,93.36386
39056,99.36756
39057,125.696365
39058,111.39169
39059,150.52649
39060,189.92648
39061,338.74573
39062,360.3821
39063,378.38297
39064,451.19937
39065,527.50037
39066,545.6028
39067,581.9434
39068,593.50446
39069,602.6927
39070,429.588
39071,255.45486
39072,275.34628
39073,396.5727
39074,362.0332
39075,289.16873
39076,322.75626
39077,296.27133
39078,224.35223
39079,178.12506
39080,223.9711
39081,348.47238
39082,310.6982
39083,421.4474
39084,322.17313
39085,473.26602
39086,570.2406
39087,384.44452
39088,519.93634
39089,615.54456
39090,375.76877
39091,521.0795
39092,654.9005
39093,350.6091
39094,355.7194
39095,574.78107
39096,344.1875
39097,324.9742
39098,198.99554
39099,299.7291
39100,491.65308
39101,579.73334
39102,316.83185
39103,251.07767
39104,586.9839
39105,537.1576
39106,295.2963
39107,346.7385
39108,276.78586
39109,708.14624
39110,495.16995
39111,350.46548
39112,480.1221
39113,354.8134
39114,232.92361
39115,342.73645
39116,400.0074
39117,281.9801
39118,295.36618
39119,382.6373
39120,417.1861
39121,264.85217
39122,254.49574
39123,377.33112
39124,480.5984
39125,495.51364
39126,245.56207
39127,291.1972
39128,471.38113
39129,692.6639
39130,565.9734
39131,648.9217
39132,850.5709
39133,758.2708
39134,808.9346
39135,801.1178
39136,891.59314
39137,981.38513
39138,935.8562
39139,866.45496
39140,834.55914
39141,915.4678
39142,1099.9166
39143,891.50525
39144,882.65796
39145,1194.4719
39146,931.52826
39147,919.7991
39148,790.79816
39149,884.636
39150,1065.9609
39151,1212.8853
39152,1308.907
39153,1277.8965
39154,1236.1462
39155,896.97296
39156,889.52045
39157,1169.3989
39158,1150.5511
39159,1051.4043
39160,962.4208
39161,1075.8157
39162,975.2051
39163,1020.7634
39164,1144.3821
39165,1285.9474
39166,1085.3933
39167,734.30176
39168,889.5446
39169,987.34894
39170,669.08704
39171,547.53595
39172,553.06854
39173,777.4626
39174,576.3341
39175,526.4581
39176,488.78717
39177,469.38855
39178,503.70578
39179,451.9032
39180,408.11188
39181,338.1075
39182,461.08136
39183,441.4565
39184,520.95593
39185,638.14557
39186,629.549
39187,645.7273
39188,698.32794
39189,562.4417
39190,672.1052
39191,671.24603
39192,534.31085
39193,574.74384
39194,606.1623
39195,427.9952
39196,365.55386
39197,271.13257
39198,206.49487
39199,219.32344
39200,249.44894
39201,227.96606
39202,225.6418
39203,194.46802
39204,215.61455
39205,272.9723
39206,262.65414
39207,187.29332
39208,227.61256
39209,236.45067
39210,155.79796
39211,119.48747
39212,117.79114
39213,111.497475
39214,116.079636
39215,29.080473
39216,40.960835
39217,73.05946
39218,60.47811
39219,77.85603
39220,99.77005
39221,210.09283
39222,125.593506
39223,131.1442
39224,109.251816
39225,63.077583
39226,125.95623
39227,117.078735
39228,106.823235
39229,101.33247
39230,118.16624
39231,109.57078
39232,79.54424
39233,12.356787
39234,2.0910072
39235,0.7012028
39236,0.7012028
39237,1.0298567
39238,0.8052844
39239,-0.07322862
39240,-0.0174196
39241,1.1744865
39242,-0.0174196
39243,1.1949809
39244,1.124247
39245,1.2435989
39246,1.5223441
39247,1.5467165
39248,1.5576704
39249,1.7102187
39250,0.7786235
39251,2.3400695
39252,1.8332072
39253,1.8835038
39254,1.8835038
39255,1.7102187
39256,0.674542
39257,0.674542
39258,0.674542
39259,0.7786235
39260,1.7102187
39261,26.305319
39262,85.9179
39263,103.87948
39264,69.14448
39265,75.48896
39266,49.2391
39267,33.13126
39268,71.48038
39269,69.469826
39270,44.873993
39271,16.959003
39272,24.541962
39273,27.827396
39274,8.208183
39275,8.208183
39276,3.1686862
39277,1.6055955
39278,1.6055955
39279,0.84276426
39280,1.4593439
39281,1.2302495
39282,5.4340997
39283,65.45632
39284,102.776115
39285,117.33206
39286,74.11637
39287,49.318176
39288,16.960846
39289,7.2417197
39290,12.672029
39291,23.515589
39292,4.508268
39293,3.557528
39294,18.02752
39295,17.595556
39296,32.996773
39297,39.29977
39298,40.795944
39299,8.793893
39300,5.468925
39301,4.7675314
39302,4.5486217
39303,0.19457382
39304,0.18775171
39305,0.18775171
39306,0.18775171
39307,0.19457382
39308,0.19457382
39309,0.19457382
39310,0.19457382
39311,0.19457382
39312,0.04711581
39313,0.15119739
39314,1.0997828
39315,1.1385365
39316,1.1385365
39317,0.92646545
39318,0.59537834
39319,-0.116653204
39320,-0.35320675
39321,0.58545583
39322,0.58545583
39323,0.58545583
39324,1.0830379
39325,1.0830379
39326,0.9304902
39327,0.9304902
39328,0.9195363
39329,0.9195363
39330,0.42195407
39331,0.42195407
39332,0.39758173
39333,0.23421888
39334,0.23421888
39335,0.23421888
39336,0.33237734
39337,0.33237734
39338,0.33237734
39339,0.39285827
39340,0.39285827
39341,0.39285827
39342,0.6311715
39343,0.15404366
39344,0.17134015
39345,0.121308975
39346,0.017227443
39347,0.27513868
39348,0.32595247
39349,0.32595247
39350,0.8484445
39351,0.430034
39352,1.534914
39353,1.4103049
39354,1.3615965
39355,0.16259003
39356,0.16259003
39357,0.16259003
39358,0.2666716
39359,1.3715513
39360,1.3715513
39361,0.30423406
39362,0.30423406
39363,1.4091139
39364,0.91381156
39365,0.413368
39366,0.32248062
39367,0.36465582
39368,0.26057425
39369,0.26057425
39370,0.26057425
39371,0.26057425
39372,1.4695356
39373,0.26057425
39374,0.26057425
39375,0.26057425
39376,0.26057425
39377,10.464446
39378,44.295708
39379,1.143324
39380,0.9025444
39381,0.9447197
39382,0.9025444
39383,0.1888853
39384,1.3273451
39385,2.7984746
39386,1.7301562
39387,4.1882796
39388,9.397557
39389,2.10609
39390,1.5993333
39391,1.5993333
39392,7.6414003
39393,24.251207
39394,1.8589219
39395,1.9676428
39396,1.6340657
39397,1.6340657
39398,3.7137632
39399,1.2606204
39400,1.6843623
39401,4.215801
39402,13.589818
39403,20.370796
39404,20.370796
39405,5.8422546
39406,1.3733772
39407,1.829943
39408,2.2362866
39409,53.163406
39410,168.3732
39411,171.724
39412,157.00876
39413,141.99599
39414,162.56516
39415,149.44363
39416,130.99702
39417,168.38951
39418,178.36383
39419,179.71677
39420,130.82097
39421,120.643036
39422,131.56525
39423,128.53249
39424,150.49968
39425,139.57442
39426,151.84625
39427,214.28348
39428,249.68372
39429,237.48665
39430,261.8882
39431,325.6965
39432,287.9622
39433,282.08362
39434,276.7409
39435,222.41898
39436,197.9505
39437,198.00156
39438,190.17438
39439,187.23161
39440,165.7482
39441,145.07213
39442,167.22421
39443,185.57518
39444,178.13536
39445,154.22679
39446,205.17424
39447,253.28197
39448,343.96606
39449,346.1489
39450,330.7318
39451,400.09732
39452,356.84738
39453,441.45444
39454,403.868
39455,436.81766
39456,495.04468
39457,515.59735
39458,518.3711
39459,608.02216
39460,489.8057
39461,624.58264
39462,524.3782
39463,466.73837
39464,519.47845
39465,676.85236
39466,637.0008
39467,617.0879
39468,603.01764
39469,521.2491
39470,575.43964
39471,534.71497
39472,524.89856
39473,565.1715
39474,678.80066
39475,577.174
39476,466.5084
39477,475.1735
39478,412.13162
39479,411.5403
39480,426.6705
39481,399.40817
39482,272.60693
39483,217.9103
39484,254.31268
39485,204.2883
39486,210.63199
39487,254.0282
39488,294.0815
39489,331.71802
39490,266.9277
39491,342.54306
39492,315.16898
39493,352.27798
39494,316.3279
39495,424.40158
39496,466.7827
39497,487.34647
39498,372.61703
39499,310.77438
39500,257.8796
39501,303.83127
39502,296.41904
39503,237.21793
39504,279.62827
39505,282.4219
39506,240.54756
39507,258.67303
39508,216.9568
39509,173.97755
39510,344.05338
39511,158.88074
39512,178.80316
39513,152.70308
39514,146.07161
39515,169.46123
39516,140.45297
39517,110.35266
39518,68.83582
39519,111.26589
39520,121.08462
39521,109.32144
39522,112.938354
39523,116.909935
39524,134.35114
39525,128.18782
39526,47.66949
39527,35.533787
39528,81.42585
39529,79.9615
39530,77.046295
39531,101.128456
39532,114.37151
39533,132.84868
39534,166.80817
39535,130.14061
39536,81.77904
39537,139.65407
39538,116.80532
39539,108.779564
39540,92.16103
39541,119.50465
39542,67.83972
39543,60.583622
39544,44.734314
39545,78.11438
39546,105.78833
39547,138.89969
39548,144.59235
39549,81.88848
39550,73.81446
39551,23.83361
39552,19.740765
39553,21.874105
39554,49.480118
39555,84.18143
39556,104.41824
39557,185.28947
39558,357.3718
39559,325.06918
39560,254.19836
39561,355.17032
39562,364.11038
39563,286.97418
39564,250.40445
39565,225.22333
39566,189.94394
39567,187.11816
39568,210.15668
39569,186.33554
39570,235.26123
39571,290.451
39572,372.59198
39573,381.85977
39574,380.42984
39575,372.10486
39576,372.12546
39577,310.7627
39578,266.1385
39579,268.8949
39580,197.01346
39581,189.04712
39582,235.168
39583,219.59653
39584,200.82516
39585,315.1866
39586,370.99286
39587,397.99432
39588,464.24176
39589,602.9343
39590,587.5908
39591,524.0429
39592,427.756
39593,356.76044
39594,274.04895
39595,250.09113
39596,150.1566
39597,171.50484
39598,131.22217
39599,178.0871
39600,224.07652
39601,302.14542
39602,402.22974
39603,253.36339
39604,124.36852
39605,165.86568
39606,287.40976
39607,300.1643
39608,207.90324
39609,243.7127
39610,268.64062
39611,288.36755
39612,288.56793
39613,316.63446
39614,285.21292
39615,287.51868
39616,307.96643
39617,268.9837
39618,202.93536
39619,177.14035
39620,145.01573
39621,134.24982
39622,167.76358
39623,116.23152
39624,57.198154
39625,50.71466
39626,72.76935
39627,45.73431
39628,21.365982
39629,44.120865
39630,22.298727
39631,8.224703
39632,8.705665
39633,41.047604
39634,21.62339
39635,16.290983
39636,12.111722
39637,31.686886
39638,47.112946
39639,12.584918
39640,15.239341
39641,50.767067
39642,39.80941
39643,105.146385
39644,78.57283
39645,147.4501
39646,99.061485
39647,56.17538
39648,27.804472
39649,77.204956
39650,92.26296
39651,128.2766
39652,100.48823
39653,41.636578
39654,18.809778
39655,12.269935
39656,4.6599283
39657,132.64224
39658,77.29258
39659,154.6065
39660,160.004
39661,202.77695
39662,144.57997
39663,112.63885
39664,250.82535
39665,187.90863
39666,185.73512
39667,525.8206
39668,285.30154
39669,166.07487
39670,238.92358
39671,195.77312
39672,140.2525
39673,162.41054
39674,259.71167
39675,204.37686
39676,119.833954
39677,224.52817
39678,147.54575
39679,200.15375
39680,303.04526
39681,287.73718
39682,459.62778
39683,385.03195
39684,271.20157
39685,356.86566
39686,335.69467
39687,207.99504
39688,299.6114
39689,323.40042
39690,266.55292
39691,248.0532
39692,185.7129
39693,144.46138
39694,185.42587
39695,264.38956
39696,406.13983
39697,476.08527
39698,578.29974
39699,733.30414
39700,757.1209
39701,989.2084
39702,985.27057
39703,858.4015
39704,759.1349
39705,674.53796
39706,560.91064
39707,486.32034
39708,514.93805
39709,612.15106
39710,721.93713
39711,819.7913
39712,768.3579
39713,702.1603
39714,636.3591
39715,674.2355
39716,918.18976
39717,805.17114
39718,747.1701
39719,651.90674
39720,693.35297
39721,722.3558
39722,807.82825
39723,829.7206
39724,892.9711
39725,840.84985
39726,890.7224
39727,903.4881
39728,915.0888
39729,822.69244
39730,681.2879
39731,549.9583
39732,617.7975
39733,625.3056
39734,552.86566
39735,513.08386
39736,537.16724
39737,602.55225
39738,678.92365
39739,645.7575
39740,551.39746
39741,495.60727
39742,536.1486
39743,669.08984
39744,731.1974
39745,837.5655
39746,847.1685
39747,1015.9142
39748,957.44653
39749,958.00214
39750,947.5285
39751,1002.98627
39752,933.7787
39753,815.2157
39754,820.57587
39755,831.32916
39756,838.9902
39757,814.53406
39758,773.5888
39759,738.62445
39760,692.80585
39761,694.9375
39762,744.8559
39763,713.7211
39764,665.5994
39765,488.8632
39766,398.73672
39767,373.22733
39768,431.0821
39769,448.9495
39770,573.6428
39771,663.43335
39772,553.0136
39773,550.0542
39774,492.5508
39775,312.47006
39776,238.78162
39777,268.62405
39778,288.3987
39779,271.5385
39780,390.09402
39781,326.88757
39782,220.25427
39783,180.5236
39784,146.5382
39785,170.6304
39786,346.65213
39787,335.42828
39788,288.21432
39789,232.91278
39790,199.4524
39791,272.45343
39792,282.9662
39793,282.4031
39794,362.2908
39795,228.92343
39796,211.43951
39797,214.59023
39798,284.641
39799,155.56128
39800,225.31708
39801,240.55072
39802,195.43712
39803,224.79388
39804,210.9251
39805,129.35065
39806,249.1095
39807,179.08844
39808,154.31523
39809,68.78464
39810,17.086405
39811,54.96417
39812,140.04964
39813,164.12854
39814,188.06847
39815,235.7318
39816,204.20508
39817,198.15144
39818,107.40583
39819,114.66932
39820,177.6583
39821,138.18446
39822,180.7016
39823,141.42766
39824,137.73186
39825,103.419014
39826,161.63977
39827,392.60025
39828,243.34999
39829,253.19826
39830,169.43015
39831,138.41476
39832,129.92978
39833,220.97437
39834,216.29668
39835,252.10681
39836,250.24234
39837,250.62604
39838,179.94463
39839,114.24479
39840,157.23074
39841,189.2786
39842,225.62047
39843,245.29152
39844,297.7929
39845,356.36557
39846,373.84744
39847,428.8579
39848,593.3893
39849,583.0401
39850,581.1737
39851,587.12524
39852,480.746
39853,560.57367
39854,511.04602
39855,486.61407
39856,481.5269
39857,453.33768
39858,422.72855
39859,456.99884
39860,399.90955
39861,440.9324
39862,373.4189
39863,325.6653
39864,400.32684
39865,341.81067
39866,336.4714
39867,361.7952
39868,482.97144
39869,504.6502
39870,477.09344
39871,466.4276
39872,468.92023
39873,489.5212
39874,443.22382
39875,489.681
39876,469.59915
39877,383.89886
39878,328.02875
39879,306.4073
39880,274.25693
39881,225.19821
39882,196.5079
39883,148.18726
39884,138.73985
39885,124.35702
39886,123.99876
39887,114.406
39888,84.00965
39889,62.65046
39890,65.015785
39891,68.12841
39892,65.55052
39893,65.80843
39894,69.4647
39895,75.0396
39896,70.5171
39897,75.404076
39898,59.58246
39899,49.451675
39900,63.411022
39901,57.81054
39902,65.16149
39903,69.10743
39904,53.635338
39905,56.49422
39906,45.870922
39907,33.533283
39908,23.538343
39909,27.787132
39910,25.98904
39911,24.849714
39912,13.041757
39913,4.5209284
39914,12.454328
39915,5.779701
39916,11.821556
39917,37.052353
39918,11.118347
39919,9.375477
39920,5.148667
39921,4.5886073
39922,5.05972
39923,4.3609276
39924,4.644967
39925,8.907986
39926,4.901024
39927,5.301726
39928,12.191873
39929,12.778162
39930,8.835658
39931,3.2473638
39932,1.8575604
39933,1.8575604
39934,1.8314344
39935,1.756533
39936,1.756533
39937,1.756533
39938,1.756533
39939,0.97688514
39940,1.8953846
39941,1.7047042
39942,1.7047042
39943,1.4332825
39944,1.2836899
39945,1.2836899
39946,0.19113846
39947,0.15670492
39948,0.023924993
39949,-0.010508506
39950,0.15670492
39951,1.4569752
39952,0.0969793
39953,0.5087438
39954,0.962431
39955,1.0854199
39956,0.0969793
39957,0.0969793
39958,0.7559314
39959,1.0854199
39960,1.1357164
39961,0.5087438
39962,0.7559314
39963,1.1357164
39964,1.1357164
39965,1.1357164
39966,0.962431
39967,1.1357164
39968,1.4758639
39969,1.3367918
39970,1.3626475
39971,1.3626475
39972,1.5359329
39973,1.3626475
39974,1.3626475
39975,1.3626475
39976,1.3626475
39977,1.3626475
39978,1.3248234
39979,0.12050391
39980,0.12050391
39981,0.12050391
39982,4.1461816
39983,46.240166
39984,91.18431
39985,104.4802
39986,109.826546
39987,137.76291
39988,118.61416
39989,75.416695
39990,90.28964
39991,126.33704
39992,129.40211
39993,105.26379
39994,71.55019
39995,69.84816
39996,80.47075
39997,84.22642
39998,64.55494
39999,88.168495
40000,89.10222
40001,59.014656
40002,40.72032
40003,45.02395
40004,44.825172
40005,37.341652
40006,35.249664
40007,12.170685
40008,7.354559
40009,5.085928
40010,5.8330927
40011,5.8330927
40012,5.6598077
40013,5.6598077
40014,5.6598077
40015,7.67703
40016,15.06301
40017,17.647038
40018,14.3499
40019,11.525746
40020,27.468222
40021,4.6355963
40022,5.0481033
40023,4.9268
40024,5.621983
40025,5.621983
40026,5.621983
40027,5.720141
40028,6.911447
40029,4.089068
40030,6.644573
40031,5.043822
40032,7.1803274
40033,0.07684784
40034,0.7057721
40035,1.4922153
40036,3.5120864
40037,3.9840558
40038,3.9840558
40039,11.042437
40040,19.78876
40041,30.022306
40042,45.33058
40043,42.124557
40044,26.200579
40045,10.336966
40046,11.271267
40047,5.4700813
40048,5.442451
40049,5.7000866
40050,1.844227
40051,0.3082684
40052,0.10372276
40053,0.10372276
40054,0.051893957
40055,0.15597557
40056,1.467323
40057,-0.11544631
40058,0.8790951
40059,0.7459769
40060,0.711381
40061,-0.28265974
40062,0.9111749
40063,0.7453745
40064,0.6948288
40065,0.4098586
40066,0.46884912
40067,-0.7113451
40068,-0.44285607
40069,-0.44285607
40070,-0.39660284
40071,-0.4772896
40072,0.5958812
40073,0.5958812
40074,-0.60726357
40075,0.15410739
40076,0.15410739
40077,0.3273926
40078,0.3273926
40079,0.15410739
40080,0.15410739
40081,0.15410739
40082,0.422596
40083,0.5958812
40084,-0.33877447
40085,-0.14599794
40086,-0.20382632
40087,0.28975573
40088,0.28975573
40089,0.28975573
40090,0.28975573
40091,0.058640078
40092,-0.021088017
40093,0.43547684
40094,0.08299355
40095,0.30756566
40096,1.2517864
40097,65.62768
40098,136.8094
40099,159.4072
40100,141.69072
40101,104.789024
40102,85.442894
40103,59.79837
40104,104.82968
40105,116.21825
40106,104.24512
40107,80.24765
40108,92.87627
40109,136.74756
40110,149.1626
40111,131.37003
40112,136.17139
40113,158.4144
40114,194.56639
40115,110.950584
40116,154.79153
40117,179.43056
40118,197.43192
40119,197.5796
40120,179.23901
40121,215.47313
40122,242.54141
40123,228.64485
40124,204.91342
40125,258.18732
40126,246.6975
40127,235.82808
40128,242.47331
40129,218.25075
40130,238.5222
40131,277.7139
40132,398.81876
40133,383.77335
40134,431.34103
40135,525.6953
40136,456.4665
40137,394.75674
40138,323.04553
40139,305.5247
40140,323.04553
40141,324.25235
40142,361.33804
40143,376.53268
40144,371.6052
40145,347.17014
40146,376.7923
40147,287.29913
40148,224.77347
40149,118.36611
40150,87.60945
40151,77.86747
40152,103.920044
40153,147.57361
40154,260.6279
40155,272.71725
40156,267.92853
40157,339.98862
40158,383.286
40159,304.03598
40160,333.8558
40161,311.4054
40162,296.21695
40163,330.06174
40164,306.96417
40165,324.796
40166,524.2136
40167,629.3598
40168,528.63
40169,457.97568
40170,414.67252
40171,306.8512
40172,272.86465
40173,323.0571
40174,390.27383
40175,328.19122
40176,318.95392
40177,304.99625
40178,319.7884
40179,186.75175
40180,96.11858
40181,59.91404
40182,153.01839
40183,152.19812
40184,132.8023
40185,291.5674
40186,355.00586
40187,495.06097
40188,405.5821
40189,363.14322
40190,451.14044
40191,346.49426
40192,250.45016
40193,430.4414
40194,143.72227
40195,238.26141
40196,352.1477
40197,270.49628
40198,312.43927
40199,286.21677
40200,251.45815
40201,246.01228
40202,171.24379
40203,142.52599
40204,210.57082
40205,73.26099
40206,180.40433
40207,129.35533
40208,142.07849
40209,66.757996
40210,114.16442
40211,248.34247
40212,203.01984
40213,48.345657
40214,67.70763
40215,77.9968
40216,152.80222
40217,188.70378
40218,212.71237
40219,185.42801
40220,262.52145
40221,229.49782
40222,176.39407
40223,128.01683
40224,82.42548
40225,183.598
40226,159.88158
40227,197.50061
40228,170.52966
40229,153.84654
40230,197.64154
40231,203.69574
40232,202.59148
40233,247.36963
40234,263.11874
40235,345.9075
40236,461.3202
40237,619.3027
40238,774.46326
40239,769.7217
40240,881.89624
40241,769.7956
40242,726.5503
40243,726.09985
40244,762.4591
40245,902.8659
40246,839.86365
40247,794.3597
40248,675.56665
40249,684.1898
40250,542.00494
40251,427.51614
40252,427.16946
40253,581.19385
40254,592.7097
40255,556.55646
40256,418.83646
40257,363.06647
40258,426.0325
40259,553.64844
40260,568.29834
40261,433.07028
40262,384.55792
40263,311.0972
40264,361.09702
40265,364.4451
40266,361.90396
40267,264.43057
40268,217.34578
40269,212.48763
40270,264.36914
40271,253.31099
40272,229.41716
40273,212.23557
40274,227.23737
40275,194.98349
40276,183.85043
40277,168.81366
40278,163.08392
40279,118.257385
40280,92.664345
40281,95.76673
40282,97.5823
40283,85.53209
40284,145.03082
40285,186.69771
40286,194.61508
40287,145.62271
40288,145.23909
40289,141.61108
40290,257.96466
40291,392.45145
40292,484.26456
40293,589.7688
40294,667.74615
40295,655.29504
40296,651.2709
40297,652.4657
40298,554.6562
40299,611.91473
40300,553.69763
40301,549.28986
40302,638.9427
40303,549.3157
40304,478.0978
40305,566.4331
40306,556.4499
40307,504.41565
40308,508.16824
40309,518.4814
40310,391.0158
40311,407.8543
40312,454.33472
40313,517.17334
40314,672.60364
40315,583.6376
40316,627.7094
40317,569.64825
40318,492.6641
40319,474.37
40320,445.87338
40321,529.149
40322,452.1812
40323,497.9783
40324,326.8559
40325,300.98135
40326,214.84775
40327,326.2576
40328,567.0349
40329,761.59247
40330,761.7059
40331,467.22186
40332,645.28564
40333,552.841
40334,423.56516
40335,431.9933
40336,496.55444
40337,294.69614
40338,273.7153
40339,555.63715
40340,417.2187
40341,761.2125
40342,547.6327
40343,625.92523
40344,695.4509
40345,472.6743
40346,696.86786
40347,447.42572
40348,572.52966
40349,477.65536
40350,756.6771
40351,1031.7621
40352,509.99182
40353,726.867
40354,515.8525
40355,822.61005
40356,704.74963
40357,559.8695
40358,496.4931
40359,482.89676
40360,562.7034
40361,394.34677
40362,299.31018
40363,316.06268
40364,422.95993
40365,463.5686
40366,499.13483
40367,827.95746
40368,677.42474
40369,447.7809
40370,481.37976
40371,520.3465
40372,445.8417
40373,366.0788
40374,285.42004
40375,206.82529
40376,327.98367
40377,373.04065
40378,526.5571
40379,772.5441
40380,730.5866
40381,865.74335
40382,699.67975
40383,755.7747
40384,713.0714
40385,719.45526
40386,945.517
40387,1037.3007
40388,1140.9211
40389,980.75775
40390,845.1461
40391,695.1938
40392,857.7211
40393,791.5199
40394,627.5841
40395,495.23288
40396,424.39743
40397,618.98755
40398,703.0688
40399,556.04803
40400,690.18555
40401,587.3617
40402,862.293
40403,593.991
40404,467.71677
40405,416.29318
40406,378.20807
40407,362.70993
40408,367.6529
40409,305.5034
40410,285.52332
40411,255.06215
40412,172.52498
40413,132.62254
40414,145.29846
40415,202.62216
40416,192.72665
40417,182.02858
40418,161.83824
40419,148.79312
40420,105.1422
40421,135.29143
40422,92.02182
40423,85.96675
40424,79.83136
40425,68.67263
40426,44.843784
40427,21.44936
40428,15.344676
40429,16.57717
40430,18.01673
40431,21.8199
40432,24.636356
40433,15.854581
40434,80.908905
40435,63.079224
40436,82.797455
40437,97.901955
40438,103.53757
40439,120.77398
40440,91.694305
40441,64.55968
40442,54.09243
40443,41.7752
40444,38.373
40445,40.105522
40446,20.649208
40447,34.537292
40448,6.7986956
40449,11.063557
40450,25.158321
40451,21.017403
40452,10.6616125
40453,19.37963
40454,6.473838
40455,4.641431
40456,5.965283
40457,5.411406
40458,5.914986
40459,4.906139
40460,5.027595
40461,6.1735806
40462,19.749756
40463,1.0168496
40464,4.1887527
40465,33.274765
40466,13.016005
40467,1.1992942
40468,1.1992942
40469,1.6322931
40470,1.7452658
40471,1.7452658
40472,1.7452658
40473,1.7452658
40474,1.918551
40475,0.60720354
40476,0.46256036
40477,0.46256036
40478,0.19113846
40479,0.8197519
40480,0.48282307
40481,0.48282307
40482,0.5869046
40483,3.7231355
40484,15.455566
40485,31.158428
40486,15.570678
40487,10.283949
40488,39.707565
40489,11.493459
40490,19.613201
40491,31.468761
40492,18.191994
40493,37.901016
40494,39.075745
40495,68.43752
40496,60.0775
40497,34.12729
40498,58.00573
40499,33.531586
40500,6.0815244
40501,14.427321
40502,3.1663833
40503,1.7035725
40504,6.84998
40505,31.942024
40506,17.199226
40507,19.819088
40508,38.595406
40509,0.3273926
40510,1.1888218
40511,34.680176
40512,37.86428
40513,88.83253
40514,104.64325
40515,80.17364
40516,5.466915
40517,8.829699
40518,4.488874
40519,11.349083
40520,5.0041203
40521,53.050224
40522,123.796974
40523,118.81894
40524,129.69942
40525,153.15416
40526,167.36627
40527,222.32375
40528,243.72066
40529,279.70358
40530,292.14633
40531,419.9226
40532,448.85318
40533,494.08746
40534,520.5361
40535,565.3606
40536,536.6637
40537,542.5146
40538,716.09863
40539,556.08514
40540,642.28345
40541,711.9507
40542,687.454
40543,711.6104
40544,785.2906
40545,806.20905
40546,1023.1299
40547,1048.612
40548,1055.9937
40549,1087.7878
40550,1034.6006
40551,1139.3989
40552,911.38556
40553,921.40015
40554,877.08746
40555,999.1483
40556,1196.9783
40557,934.813
40558,938.3922
40559,1033.7463
40560,1186.6824
40561,878.8766
40562,968.67847
40563,934.9875
40564,912.6294
40565,868.3233
40566,879.8959
40567,799.0556
40568,972.89655
40569,867.80536
40570,650.3304
40571,421.96527
40572,406.8717
40573,637.6106
40574,449.8534
40575,249.87958
40576,213.20271
40577,266.94553
40578,345.25046
40579,478.38525
40580,499.37177
40581,597.0498
40582,903.87244
40583,799.186
40584,711.4513
40585,681.64655
40586,724.48505
40587,921.37164
40588,893.764
40589,868.14014
40590,828.46326
40591,726.1565
40592,674.15985
40593,572.4564
40594,546.29065
40595,616.7719
40596,422.70697
40597,392.81793
40598,262.96973
40599,270.59406
40600,514.2031
40601,618.6657
40602,371.79807
40603,152.10971
40604,298.8113
40605,477.8182
40606,364.10007
40607,551.7289
40608,522.8509
40609,406.7039
40610,373.18457
40611,611.9809
40612,573.10284
40613,509.54443
40614,374.7734
40615,220.17503
40616,376.75894
40617,404.91815
40618,344.7471
40619,487.6828
40620,323.41034
40621,435.04242
40622,267.7896
40623,176.28053
40624,132.57861
40625,94.25076
40626,101.29552
40627,123.21304
40628,192.33809
40629,80.291374
40630,86.13619
40631,43.326347
40632,39.158997
40633,38.121155
40634,47.05661
40635,86.457054
40636,140.32324
40637,109.21987
40638,91.795525
40639,125.329056
40640,126.60206
40641,150.918
40642,113.13651
40643,45.708313
40644,50.66436
40645,19.252695
40646,10.649944
40647,0.06936358
40648,1.9526651
40649,1.1036154
40650,1.2424672
40651,27.418068
40652,4.553296
40653,0.3577913
40654,8.774953
40655,5.034889
40656,0.3832513
40657,0.9097658
40658,1.5078849
40659,1.5078849
40660,1.4841921
40661,3.9741294
40662,165.01569
40663,175.15099
40664,141.05115
40665,102.682236
40666,115.907555
40667,118.96725
40668,101.50464
40669,118.722206
40670,70.89871
40671,67.25891
40672,86.61021
40673,78.6864
40674,31.619827
40675,6.301267
40676,40.946785
40677,68.52047
40678,76.225945
40679,59.33683
40680,59.417503
40681,59.36721
40682,71.61148
40683,106.28668
40684,131.34772
40685,189.1458
40686,213.45927
40687,231.24593
40688,188.13884
40689,195.98477
40690,194.10664
40691,220.40002
40692,317.53952
40693,327.57086
40694,294.40225
40695,277.926
40696,273.90698
40697,302.47928
40698,370.72348
40699,343.21112
40700,347.48108
40701,281.02267
40702,256.962
40703,312.81656
40704,316.80103
40705,274.97083
40706,204.38354
40707,178.31467
40708,216.07242
40709,396.82324
40710,451.48633
40711,467.58212
40712,440.95325
40713,401.0056
40714,434.95694
40715,404.5753
40716,425.78528
40717,434.8603
40718,646.92676
40719,620.2011
40720,712.9655
40721,745.6973
40722,838.8661
40723,729.09546
40724,567.7309
40725,577.0011
40726,439.7946
40727,532.6796
40728,491.4435
40729,470.16977
40730,393.82138
40731,466.74707
40732,637.30084
40733,640.8025
40734,621.2472
40735,385.8131
40736,284.97318
40737,331.89868
40738,373.23373
40739,418.74197
40740,425.77548
40741,524.48193
40742,665.77704
40743,868.9052
40744,682.6395
40745,451.0042
40746,459.604
40747,574.47974
40748,585.6439
40749,669.12286
40750,822.0185
40751,851.2703
40752,869.49927
40753,714.371
40754,721.6772
40755,1054.6285
40756,880.78955
40757,651.42847
40758,436.02316
40759,328.59033
40760,326.08557
40761,223.56311
40762,205.54745
40763,193.37561
40764,217.57732
40765,209.55734
40766,234.53844
40767,335.74136
40768,231.83798
40769,306.03976
40770,283.83716
40771,167.48306
40772,182.47304
40773,214.49826
40774,243.12628
40775,286.0197
40776,261.53094
40777,314.05392
40778,122.10504
40779,284.2061
40780,547.5064
40781,290.21506
40782,379.31058
40783,232.37799
40784,232.838
40785,219.18947
40786,164.31255
40787,122.17463
40788,152.75652
40789,120.23179
40790,165.45624
40791,186.26375
40792,221.68457
40793,219.09608
40794,200.50438
40795,175.52426
40796,167.81909
40797,141.87381
40798,127.401695
40799,191.25525
40800,247.48413
40801,324.68552
40802,368.52942
40803,282.90814
40804,322.66183
40805,324.33585
40806,349.3892
40807,305.26135
40808,343.45792
40809,400.52383
40810,420.90268
40811,453.1233
40812,499.3351
40813,604.4381
40814,652.0297
40815,684.8885
40816,665.90436
40817,753.74445
40818,724.0023
40819,535.46533
40820,597.50287
40821,630.1692
40822,614.87067
40823,596.9742
40824,723.08295
40825,753.1578
40826,794.3457
40827,892.92224
40828,901.8232
40829,899.0473
40830,777.9433
40831,767.745
40832,747.79944
40833,794.2782
40834,703.68677
40835,755.30615
40836,881.2081
40837,780.7434
40838,787.43115
40839,815.526
40840,782.55304
40841,828.5382
40842,1116.4098
40843,854.7993
40844,960.9977
40845,786.5151
40846,591.10925
40847,487.1361
40848,761.5742
40849,963.5839
40850,1045.3241
40851,797.4201
40852,1190.8123
40853,1103.8142
40854,1076.6077
40855,623.7469
40856,505.30008
40857,581.25116
40858,546.95184
40859,578.4505
40860,682.5804
40861,649.5066
40862,550.88763
40863,398.6043
40864,516.20447
40865,542.97815
40866,434.01025
40867,364.33154
40868,620.3139
40869,550.9953
40870,476.0214
40871,650.12256
40872,731.2264
40873,715.167
40874,814.9243
40875,1098.6901
40876,1188.8225
40877,1414.0754
40878,1202.1467
40879,1086.2178
40880,985.4128
40881,988.2277
40882,733.6423
40883,814.798
40884,1020.5486
40885,1060.6565
40886,1243.816
40887,1180.2048
40888,1219.938
40889,1325.301
40890,1339.3167
40891,1363.4934
40892,1145.6539
40893,1661.6721
40894,925.8165
40895,1509.33
40896,1084.3467
40897,1174.0411
40898,1045.0159
40899,763.4121
40900,725.1382
40901,587.45636
40902,721.9131
40903,1015.6358
40904,882.54535
40905,851.257
40906,734.0306
40907,832.6136
40908,607.672
40909,545.3916
40910,576.4962
40911,585.3558
40912,423.20367
40913,496.04208
40914,653.9119
40915,509.6027
40916,391.6397
40917,605.6099
40918,564.13513
40919,582.8307
40920,472.39355
40921,330.3046
40922,523.7201
40923,672.1305
40924,989.4885
40925,694.1339
40926,463.6353
40927,789.8373
40928,602.8616
40929,541.7462
40930,548.96814
40931,565.49817
40932,321.3158
40933,497.39288
40934,367.87943
40935,771.9683
40936,681.8098
40937,473.1741
40938,575.42804
40939,514.87854
40940,543.10724
40941,406.0165
40942,469.3966
40943,605.44763
40944,539.6147
40945,359.10663
40946,375.19543
40947,346.68002
40948,328.94022
40949,279.32895
40950,270.0829
40951,292.8529
40952,252.19104
40953,315.77252
40954,375.4577
40955,283.12018
40956,329.9944
40957,343.70444
40958,316.5298
40959,386.58072
40960,349.92218
40961,254.72482
40962,316.2618
40963,273.0987
40964,215.15926
40965,215.24203
40966,233.15445
40967,227.97359
40968,398.7461
40969,475.53387
40970,637.79626
40971,583.12415
40972,474.81754
40973,551.11456
40974,581.856
40975,633.8185
40976,644.9821
40977,876.3636
40978,743.8134
40979,915.92456
40980,890.3236
40981,669.581
40982,733.655
40983,685.2916
40984,738.8702
40985,717.44696
40986,690.4826
40987,701.5957
40988,642.8189
40989,613.1895
40990,609.84406
40991,581.75275
40992,671.4528
40993,732.0951
40994,715.88727
40995,689.3391
40996,488.73254
40997,416.7946
40998,430.1849
40999,566.5325
41000,483.12677
41001,491.73865
41002,488.51813
41003,348.1132
41004,345.59445
41005,345.59445
41006,451.86554
41007,615.77454
41008,598.1708
41009,705.5814
41010,666.9583
41011,621.89185
41012,291.8356
41013,351.29532
41014,333.0797
41015,449.45264
41016,542.104
41017,566.1011
41018,632.9498
41019,602.8482
41020,580.981
41021,615.399
41022,778.0552
41023,636.28754
41024,645.3418
41025,545.1552
41026,577.3355
41027,819.65656
41028,830.4726
41029,905.9451
41030,718.4214
41031,471.72443
41032,572.0488
41033,554.4
41034,433.3592
41035,589.3169
41036,801.8091
41037,928.0805
41038,787.81976
41039,572.37836
41040,377.38416
41041,170.25594
41042,584.82886
41043,729.937
41044,825.616
41045,626.98236
41046,661.9613
41047,690.9144
41048,679.45276
41049,900.62933
41050,1003.571
41051,1203.5326
41052,964.7506
41053,639.4274
41054,760.34686
41055,690.30365
41056,582.3187
41057,261.4532
41058,164.5935
41059,163.67967
41060,309.83487
41061,1311.1595
41062,1374.7258
41063,1146.2314
41064,1409.7095
41065,1369.3275
41066,1369.6685
41067,1257.3136
41068,1071.0933
41069,992.66284
41070,802.7024
41071,663.7087
41072,607.6029
41073,568.9934
41074,511.28055
41075,539.62286
41076,405.0208
41077,330.44806
41078,395.1539
41079,578.5624
41080,626.3807
41081,849.32904
41082,1109.9376
41083,1366.9666
41084,998.3832
41085,535.81635
41086,458.4485
41087,552.6832
41088,659.0627
41089,486.42847
41090,632.9438
41091,628.26965
41092,675.5605
41093,606.8289
41094,808.57935
41095,662.0521
41096,760.0763
41097,447.87152
41098,358.0264
41099,555.5397
41100,512.4557
41101,675.4654
41102,716.3709
41103,515.27686
41104,635.6201
41105,870.91736
41106,908.4942
41107,1259.9274
41108,1017.3766
41109,852.5057
41110,349.14548
41111,323.14352
41112,297.3527
41113,193.93787
41114,791.90326
41115,1378.4335
41116,1204.0292
41117,556.6485
41118,533.073
41119,624.7008
41120,723.6687
41121,766.34296
41122,1147.8795
41123,1265.9868
41124,1278.5278
41125,1480.888
41126,1266.1942
41127,1326.4868
41128,1405.6332
41129,1298.127
41130,1183.9269
41131,1168.0854
41132,1284.8417
41133,1258.7529
41134,1259.7935
41135,996.928
41136,1149.2937
41137,1069.8746
41138,948.99927
41139,1148.5791
41140,1112.7245
41141,940.151
41142,1145.5908
41143,1070.658
41144,934.47675
41145,1070.4884
41146,1241.9015
41147,1100.3137
41148,1229.018
41149,1569.966
41150,1576.7113
41151,1421.3536
41152,1494.63
41153,1391.1853
41154,1371.3945
41155,1377.472
41156,1467.3647
41157,1506.4451
41158,1608.0209
41159,1449.8253
41160,1552.9202
41161,1535.6985
41162,1613.9454
41163,1573.7617
41164,1450.554
41165,1373.4895
41166,1541.7434
41167,1607.3186
41168,1459.0913
41169,1427.6093
41170,1582.7714
41171,1596.7756
41172,1598.2366
41173,1250.4406
41174,1488.801
41175,1609.225
41176,1606.8652
41177,1712.228
41178,1567.8523
41179,1729.4592
41180,1386.4952
41181,1448.2375
41182,1593.3337
41183,1426.5387
41184,1374.316
41185,1154.4072
41186,1208.414
41187,1231.5082
41188,1193.0946
41189,1207.4987
41190,1157.9275
41191,1125.9061
41192,1106.0222
41193,994.27234
41194,1195.6039
41195,1328.817
41196,1138.1122
41197,1167.0535
41198,1294.2648
41199,1144.1508
41200,1134.9696
41201,1050.8506
41202,1123.7405
41203,1200.4152
41204,890.052
41205,674.16833
41206,656.9799
41207,1013.0939
41208,1057.0016
41209,585.03705
41210,407.76254
41211,285.16638
41212,927.41656
41213,641.2805
41214,552.3796
41215,814.10895
41216,863.24866
41217,754.9174
41218,743.87103
41219,731.29596
41220,631.0665
41221,353.1154
41222,433.93887
41223,434.89288
41224,452.8041
41225,276.88208
41226,1506.1522
41227,329.21732
41228,229.68893
41229,360.97015
41230,446.83124
41231,367.7032
41232,449.9797
41233,598.22046
41234,467.9977
41235,433.72366
41236,465.31577
41237,211.43971
41238,177.0736
41239,349.50604
41240,592.1726
41241,606.7343
41242,690.3639
41243,614.535
41244,544.75397
41245,526.9409
41246,594.45325
41247,576.2489
41248,343.18338
41249,379.4234
41250,745.2987
41251,838.4088
41252,612.4159
41253,570.93445
41254,445.52393
41255,507.68112
41256,412.9108
41257,466.18292
41258,476.45996
41259,446.461
41260,490.20624
41261,530.60516
41262,516.9386
41263,511.58676
41264,437.1223
41265,445.60608
41266,330.0512
41267,280.9018
41268,466.31125
41269,850.1865
41270,759.45807
41271,584.95605
41272,652.71924
41273,385.26343
41274,276.26364
41275,161.71991
41276,144.33347
41277,187.02252
41278,333.4391
41279,365.53604
41280,346.74252
41281,212.48314
41282,266.1248
41283,281.44107
41284,182.84717
41285,274.20737
41286,219.43118
41287,203.86859
41288,185.94893
41289,175.78134
41290,221.15689
41291,293.5167
41292,252.84114
41293,223.8407
41294,247.45424
41295,189.79817
41296,173.09906
41297,271.43106
41298,274.61932
41299,182.9957
41300,214.71953
41301,288.71414
41302,378.80908
41303,413.07584
41304,399.11426
41305,209.42624
41306,238.76405
41307,326.51236
41308,254.8319
41309,224.31062
41310,171.46436
41311,143.1394
41312,95.46923
41313,103.98357
41314,142.06325
41315,132.34764
41316,130.86613
41317,112.93306
41318,97.65223
41319,70.48237
41320,167.2292
41321,182.2339
41322,206.81926
41323,109.5171
41324,88.13756
41325,202.8493
41326,253.29736
41327,112.41085
41328,190.88521
41329,112.329926
41330,148.18265
41331,54.029472
41332,52.51144
41333,2.7338612
41334,72.94261
41335,97.89362
41336,124.45228
41337,189.20578
41338,177.03539
41339,209.43155
41340,122.95287
41341,164.12201
41342,137.46451
41343,86.425995
41344,169.51381
41345,154.59369
41346,54.586346
41347,167.5352
41348,159.1711
41349,251.06717
41350,304.38016
41351,370.11337
41352,280.92368
41353,272.0388
41354,333.00275
41355,368.65677
41356,258.5636
41357,210.99991
41358,204.6223
41359,132.29602
41360,185.35803
41361,90.00921
41362,99.94818
41363,144.61523
41364,99.12692
41365,75.464485
41366,209.28662
41367,191.86803
41368,143.84215
41369,208.28131
41370,263.98785
41371,335.71326
41372,365.36655
41373,284.96994
41374,306.9329
41375,288.80115
41376,280.41928
41377,348.61154
41378,417.2156
41379,692.4059
41380,643.67126
41381,415.7447
41382,212.48189
41383,220.63919
41384,211.87836
41385,203.54652
41386,166.13956
41387,158.40497
41388,243.39587
41389,221.18372
41390,186.71341
41391,160.8909
41392,199.82967
41393,346.09793
41394,366.556
41395,315.0153
41396,252.27359
41397,333.8633
41398,288.48035
41399,294.9017
41400,237.50171
41401,148.52757
41402,166.1766
41403,145.89778
41404,174.60735
41405,165.79056
41406,137.53021
41407,190.21289
41408,214.3208
41409,247.04475
41410,305.4305
41411,276.39752
41412,340.91107
41413,324.58383
41414,269.1133
41415,206.30899
41416,265.85794
41417,238.69208
41418,135.36449
41419,127.50235
41420,143.3506
41421,142.5127
41422,168.83797
41423,118.7494
41424,112.65736
41425,174.35417
41426,102.600235
41427,142.32732
41428,112.755875
41429,137.60852
41430,107.13219
41431,109.359085
41432,103.17401
41433,159.16286
41434,163.92719
41435,121.548035
41436,80.312035
41437,135.3347
41438,151.68431
41439,119.25971
41440,94.999825
41441,107.97179
41442,111.61606
41443,166.0327
41444,136.34229
41445,115.763214
41446,142.64558
41447,156.96616
41448,161.66562
41449,277.03967
41450,307.22073
41451,237.10558
41452,244.8285
41453,220.73743
41454,256.49408
41455,215.25977
41456,192.57236
41457,220.5591
41458,152.211
41459,157.5418
41460,132.52748
41461,122.914246
41462,229.76407
41463,288.6962
41464,290.91864
41465,209.46115
41466,154.30301
41467,224.30458
41468,149.65692
41469,150.61252
41470,134.4362
41471,179.91878
41472,169.70892
41473,204.32968
41474,127.141464
41475,80.87915
41476,92.97245
41477,129.24477
41478,156.0893
41479,156.16731
41480,189.44975
41481,103.573975
41482,124.2258
41483,146.71227
41484,146.751
41485,158.68176
41486,217.89476
41487,207.74416
41488,113.274796
41489,81.879196
41490,86.5341
41491,87.55324
41492,123.68924
41493,131.5398
41494,111.70371
41495,134.57748
41496,124.453026
41497,252.74913
41498,227.5036
41499,169.6629
41500,177.83664
41501,141.55902
41502,262.32544
41503,183.87852
41504,119.12438
41505,118.38836
41506,124.37621
41507,156.83022
41508,196.21675
41509,152.53433
41510,142.52673
41511,100.1759
41512,145.61533
41513,122.6722
41514,121.292145
41515,119.14159
41516,112.359085
41517,211.13437
41518,166.1259
41519,95.33337
41520,172.47134
41521,215.50352
41522,190.59212
41523,209.61307
41524,183.4022
41525,150.31555
41526,163.34224
41527,198.8515
41528,151.19682
41529,123.84347
41530,127.81169
41531,77.46611
41532,100.83572
41533,101.546074
41534,106.09791
41535,139.03038
41536,121.20511
41537,148.87178
41538,171.55223
41539,139.8686
41540,101.04802
41541,142.52577
41542,147.28511
41543,94.83158
41544,96.91992
41545,66.4971
41546,36.12468
41547,27.661669
41548,46.081482
41549,82.51694
41550,70.57351
41551,92.97839
41552,75.88728
41553,77.5818
41554,93.083885
41555,109.24225
41556,101.07092
41557,109.11926
41558,82.87788
41559,73.23198
41560,68.3356
41561,91.241806
41562,67.93994
41563,78.02937
41564,79.1407
41565,108.42236
41566,117.603325
41567,10.99074
41568,6.695404
41569,26.758953
41570,18.420946
41571,13.384705
41572,17.261122
41573,5.1530848
41574,12.306709
41575,56.80443
41576,50.10694
41577,63.95385
41578,60.870728
41579,59.149906
41580,38.273335
41581,83.16387
41582,142.99675
41583,89.96722
41584,67.211075
41585,80.99256
41586,132.85277
41587,95.17397
41588,92.73537
41589,43.52562
41590,107.69118
41591,85.94565
41592,138.99986
41593,124.187294
41594,129.88649
41595,11.755921
41596,33.033226
41597,50.605278
41598,28.29781
41599,8.853135
41600,3.680039
41601,-0.41399926
41602,-0.2504977
41603,23.143293
41604,123.68097
41605,106.097206
41606,62.884468
41607,99.43799
41608,47.166206
41609,93.29835
41610,124.71301
41611,57.898384
41612,103.370605
41613,101.79446
41614,139.93031
41615,116.940926
41616,87.16277
41617,144.43999
41618,139.59982
41619,139.81947
41620,88.75861
41621,39.48703
41622,85.58673
41623,97.27613
41624,93.38755
41625,149.95375
41626,70.53418
41627,52.851006
41628,50.58149
41629,38.56502
41630,18.756466
41631,53.872604
41632,39.946648
41633,51.2242
41634,68.73305
41635,14.116915
41636,2.7678916
41637,2.9204395
41638,3.024521
41639,4.5425344
41640,3.1336002
41641,19.09264
41642,23.042204
41643,35.03309
41644,51.18335
41645,63.774925
41646,59.6938
41647,52.794647
41648,19.598309
41649,53.918777
41650,44.098984
41651,62.588547
41652,74.103195
41653,67.288956
41654,95.07426
41655,23.59563
41656,4.202732
41657,1.4904654
41658,1.5257919
41659,1.7984743
41660,1.7984743
41661,1.8897531
41662,1.8897531
41663,3.131656
41664,25.880335
41665,15.218145
41666,1.7670636
41667,1.5568902
41668,1.5913239
41669,1.5913239
41670,0.3147464
41671,1.1032028
41672,0.43130535
41673,0.43130535
41674,0.43130535
41675,0.43130535
41676,0.37848213
41677,0.48256367
41678,-0.011512868
41679,0.6280906
41680,0.6280906
41681,0.1913548
41682,0.071336344
41683,0.071336344
41684,0.071336344
41685,-0.23823144
41686,-0.23823144
41687,-0.23823144
41688,-0.23823144
41689,-0.14734405
41690,-0.256478
41691,-0.29091156
41692,1.0767123
41693,1.020903
41694,0.90899825
41695,-0.07834087
41696,-0.07834087
41697,8.580613
41698,79.37214
41699,69.457306
41700,73.64452
41701,89.3486
41702,80.04005
41703,67.31861
41704,108.54068
41705,140.5574
41706,141.96883
41707,130.94992
41708,129.88715
41709,107.283646
41710,48.490616
41711,60.746452
41712,86.00423
41713,117.39949
41714,100.92952
41715,97.14249
41716,143.35887
41717,233.03381
41718,215.29826
41719,235.14229
41720,160.9935
41721,127.41468
41722,129.25058
41723,120.06917
41724,144.26248
41725,192.20746
41726,165.35258
41727,92.22589
41728,62.4961
41729,59.39599
41730,81.167175
41731,80.40057
41732,67.379196
41733,66.15091
41734,25.560703
41735,6.1049705
41736,12.292538
41737,7.8448873
41738,41.48966
41739,92.03597
41740,35.642128
41741,5.1714916
41742,0.64697075
41743,1.4963843
41744,1.5315037
41745,2.5495243
41746,1.3582183
41747,0.5260861
41748,-0.13324507
41749,0.6336969
41750,-0.17949818
41751,-0.28357977
41752,-0.5301128
41753,-0.5301128
41754,0.12887178
41755,0.12887178
41756,0.38222682
41757,-0.17267607
41758,-0.27675766
41759,-0.23050453
41760,0.26307768
41761,0.26307768
41762,0.00972254
41763,0.00972254
41764,-0.07000556
41765,-0.07000556
41766,-0.07000556
41767,0.040749833
41768,-0.016301312
41769,0.86978203
41770,1.0369959
41771,1.0369959
41772,1.45801
41773,0.29529986
41774,0.29529986
41775,1.4001797
41776,1.2268944
41777,1.2787232
41778,1.2787232
41779,1.377983
41780,1.4528846
41781,1.3401588
41782,1.3401588
41783,1.3333367
41784,1.2511555
41785,1.5453757
41786,3.725138
41787,24.174334
41788,112.53257
41789,123.795685
41790,85.20528
41791,70.004105
41792,92.22685
41793,98.72126
41794,117.5691
41795,136.18591
41796,188.12172
41797,180.7594
41798,226.9592
41799,194.8552
41800,142.87357
41801,34.896473
41802,14.761593
41803,127.081345
41804,99.5729
41805,171.06496
41806,122.436485
41807,117.715126
41808,107.15437
41809,139.86008
41810,202.4265
41811,320.68726
41812,501.78305
41813,416.04456
41814,390.28104
41815,496.86307
41816,662.30725
41817,843.2504
41818,655.249
41819,475.22067
41820,488.93625
41821,431.69678
41822,262.63635
41823,262.63635
41824,242.9917
41825,264.31345
41826,156.50555
41827,194.34317
41828,298.43567
41829,365.34567
41830,226.99718
41831,299.22623
41832,190.98463
41833,196.42471
41834,315.4868
41835,315.6938
41836,264.6971
41837,449.92816
41838,248.21309
41839,131.44887
41840,108.49209
41841,63.471104
41842,122.21347
41843,149.95055
41844,169.99188
41845,177.44398
41846,251.21161
41847,224.40486
41848,243.93443
41849,137.68935
41850,378.55484
41851,189.50253
41852,214.48328
41853,207.31213
41854,175.24875
41855,166.0529
41856,166.26392
41857,288.6138
41858,303.85342
41859,165.81157
41860,139.05243
41861,86.89525
41862,148.58197
41863,174.63344
41864,109.86005
41865,109.65615
41866,149.54677
41867,235.38843
41868,402.756
41869,280.69583
41870,225.46292
41871,473.0383
41872,186.83124
41873,312.05255
41874,92.37277
41875,145.00787
41876,186.00075
41877,156.51125
41878,226.88478
41879,570.171
41880,245.04604
41881,320.4502
41882,107.1858
41883,208.88799
41884,606.9383
41885,430.82736
41886,158.85239
41887,178.78989
41888,224.54092
41889,261.116
41890,214.4874
41891,205.3875
41892,441.10196
41893,106.434975
41894,128.9592
41895,269.04114
41896,242.19461
41897,146.44055
41898,98.94688
41899,170.13252
41900,254.78696
41901,155.22221
41902,337.96448
41903,359.89127
41904,335.4168
41905,332.90732
41906,397.8067
41907,429.4345
41908,487.28857
41909,539.4667
41910,553.77057
41911,582.2786
41912,564.17004
41913,559.8078
41914,455.14798
41915,487.6602
41916,410.77298
41917,398.8309
41918,335.6189
41919,246.7707
41920,205.19623
41921,323.81143
41922,248.50003
41923,214.82874
41924,222.39034
41925,227.15622
41926,505.56693
41927,521.1416
41928,419.08545
41929,368.7266
41930,302.27426
41931,428.214
41932,372.77383
41933,535.41394
41934,478.28757
41935,566.2073
41936,728.4428
41937,743.0767
41938,539.9528
41939,408.37335
41940,420.4975
41941,421.87497
41942,386.3575
41943,459.18448
41944,525.7028
41945,391.72766
41946,294.55426
41947,275.3705
41948,275.3705
41949,326.47406
41950,303.32254
41951,282.7147
41952,204.2406
41953,184.68954
41954,156.87672
41955,140.82549
41956,85.69005
41957,89.480194
41958,62.50677
41959,96.204155
41960,77.05967
41961,47.003563
41962,60.11786
41963,55.4389
41964,31.932798
41965,18.24703
41966,16.25213
41967,29.805195
41968,13.179417
41969,23.151848
41970,18.781029
41971,11.437269
41972,4.9301424
41973,0.6959811
41974,1.0181844
41975,0.84526354
41976,0.37237284
41977,0.37237284
41978,0.37237284
41979,113.75968
41980,528.67316
41981,276.93088
41982,247.4181
41983,210.56563
41984,170.31386
41985,174.34576
41986,156.13722
41987,190.20009
41988,334.94873
41989,295.03845
41990,150.14046
41991,89.52138
41992,93.3808
41993,100.10766
41994,145.99174
41995,141.19814
41996,160.60564
41997,159.00258
41998,75.023224
41999,147.13075
42000,241.96756
42001,187.14586
42002,194.03831
42003,219.66393
42004,420.4359
42005,450.00577
42006,642.0998
42007,531.1108
42008,353.08774
42009,383.2638
42010,206.67229
42011,337.01718
42012,522.847
42013,456.38458
42014,677.407
42015,528.28546
42016,695.60724
42017,788.15125
42018,816.9308
42019,760.2358
42020,574.7158
42021,490.34033
42022,584.1534
42023,597.2357
42024,522.3279
42025,623.8914
42026,640.93506
42027,443.61868
42028,409.14642
42029,478.6132
42030,709.7604
42031,627.89984
42032,548.9733
42033,364.7563
42034,275.7372
42035,524.16046
42036,555.5177
42037,619.9395
42038,443.3108
42039,389.1313
42040,668.50903
42041,1006.6567
42042,823.6129
42043,803.1236
42044,805.6281
42045,750.905
42046,678.0728
42047,551.7915
42048,461.9139
42049,563.2724
42050,408.812
42051,566.53595
42052,550.7775
42053,617.80066
42054,672.0033
42055,584.6543
42056,454.99936
42057,482.76773
42058,573.6848
42059,595.47614
42060,565.10724
42061,657.2173
42062,933.9986
42063,966.4458
42064,939.6771
42065,1133.8207
42066,1144.4601
42067,1204.1683
42068,1314.751
42069,1392.2585
42070,1422.7393
42071,1536.5181
42072,1565.142
42073,1673.1355
42074,1532.0219
42075,1508.5857
42076,1448.8733
42077,1140.6036
42078,969.05444
42079,1007.88824
42080,796.8007
42081,836.7108
42082,588.39056
42083,879.7384
42084,941.0134
42085,723.011
42086,894.535
42087,919.8421
42088,861.67316
42089,922.31976
42090,934.3193
42091,904.26556
42092,880.9329
42093,798.6585
42094,929.1824
42095,972.2251
42096,1065.3309
42097,1016.30835
42098,953.1043
42099,1114.3407
42100,1769.5658
42101,1632.0663
42102,1481.9176
42103,1450.495
42104,1667.8059
42105,1605.7736
42106,1737.4655
42107,1640.272
42108,1617.896
42109,1469.9037
42110,1439.2532
42111,1426.5404
42112,1497.5907
42113,1018.8895
42114,1026.9336
42115,1012.88306
42116,1108.5651
42117,1302.372
42118,1140.469
42119,1218.5785
42120,1200.4818
42121,1257.1606
42122,1395.4346
42123,1098.7981
42124,1568.1864
42125,1512.3662
42126,1506.0045
42127,1558.3763
42128,1511.9332
42129,1379.9865
42130,1445.8369
42131,1438.2751
42132,1229.2402
42133,1237.0575
42134,1305.697
42135,1432.0549
42136,1250.871
42137,1466.5299
42138,988.9114
42139,1241.0721
42140,1341.1405
42141,931.88965
42142,993.2379
42143,1157.2251
42144,905.61255
42145,1180.4471
42146,817.6755
42147,1022.18036
42148,943.1474
42149,654.6967
42150,823.74255
42151,1001.5328
42152,947.0583
42153,1002.0049
42154,1029.1083
42155,899.3223
42156,890.2373
42157,959.67004
42158,907.7196
42159,796.54626
42160,819.56104
42161,574.8773
42162,608.5403
42163,459.8703
42164,390.05978
42165,254.30502
42166,207.11552
42167,164.09653
42168,103.1994
42169,114.48865
42170,234.69516
42171,213.80685
42172,222.95267
42173,201.90277
42174,76.303024
42175,94.8216
42176,50.624504
42177,23.117983
42178,19.853584
42179,241.06798
42180,274.85873
42181,309.14297
42182,603.7878
42183,282.9845
42184,208.4524
42185,200.70728
42186,181.04335
42187,108.43601
42188,107.355576
42189,82.55932
42190,54.51582
42191,76.82214
42192,170.33264
42193,275.6623
42194,172.11168
42195,93.14872
42196,197.03871
42197,118.28963
42198,159.43541
42199,133.26212
42200,174.32741
42201,350.4811
42202,556.23645
42203,582.7845
42204,854.7491
42205,1005.7264
42206,1010.12915
42207,998.059
42208,1024.4917
42209,878.79193
42210,940.0594
42211,930.9326
42212,764.8919
42213,623.1963
42214,477.34845
42215,391.1939
42216,335.5337
42217,307.4903
42218,232.38895
42219,288.30377
42220,364.57474
42221,404.96674
42222,317.18256
42223,234.21408
42224,249.8791
42225,231.82465
42226,279.1968
42227,241.5026
42228,266.61652
42229,347.52664
42230,364.30676
42231,304.97897
42232,294.5836
42233,300.50995
42234,390.00027
42235,437.0464
42236,364.35593
42237,266.50073
42238,308.97955
42239,373.5153
42240,410.0747
42241,429.80222
42242,488.69342
42243,442.5989
42244,413.38315
42245,409.3432
42246,325.79004
42247,203.82732
42248,242.46779
42249,151.11745
42250,92.091156
42251,109.52396
42252,170.5736
42253,198.49448
42254,296.92712
42255,228.56462
42256,291.3681
42257,355.15637
42258,486.92963
42259,545.4219
42260,530.4334
42261,568.7334
42262,490.94693
42263,510.19507
42264,480.01794
42265,365.70798
42266,297.83105
42267,223.34042
42268,236.6373
42269,304.15112
42270,123.44833
42271,60.022964
42272,61.402237
42273,50.041397
42274,83.76134
42275,125.02963
42276,146.63031
42277,60.78788
42278,25.305447
42279,5.971853
42280,11.945164
42281,21.442806
42282,30.342478
42283,96.81636
42284,154.20511
42285,58.799564
42286,13.102586
42287,1.0839651
42288,10.337375
42289,225.43605
42290,191.60088
42291,167.79759
42292,105.902374
42293,129.93793
42294,92.06418
42295,111.41238
42296,80.29181
42297,143.12294
42298,150.12865
42299,66.56147
42300,132.14938
42301,259.71756
42302,200.89432
42303,71.965454
42304,129.42615
42305,103.46284
42306,199.52585
42307,171.50217
42308,230.4232
42309,203.49883
42310,97.97267
42311,121.94038
42312,127.21434
42313,154.44966
42314,176.79477
42315,80.25949
42316,101.49163
42317,72.5537
42318,53.968384
42319,87.968285
42320,83.56383
42321,33.69596
42322,6.3876204
42323,3.3440976
42324,83.24375
42325,296.9658
42326,201.43016
42327,241.62859
42328,288.81744
42329,237.91423
42330,254.79517
42331,231.59682
42332,257.6975
42333,296.72632
42334,258.32782
42335,209.6939
42336,206.31354
42337,266.41278
42338,205.87506
42339,203.05255
42340,198.48975
42341,213.15164
42342,129.0802
42343,127.73767
42344,124.870636
42345,114.21411
42346,90.48307
42347,87.444405
42348,68.075165
42349,45.739586
42350,34.57316
42351,38.69203
42352,52.431076
42353,71.61019
42354,59.243187
42355,65.22064
42356,87.58647
42357,100.604164
42358,60.215958
42359,90.48409
42360,113.79432
42361,133.55103
42362,147.4859
42363,183.48512
42364,161.06813
42365,131.15848
42366,116.75698
42367,108.46442
42368,163.3163
42369,232.27069
42370,294.99564
42371,279.67828
42372,195.85751
42373,221.26021
42374,259.69498
42375,289.9631
42376,276.96033
42377,276.96033
42378,234.09035
42379,206.76402
42380,221.81
42381,239.56134
42382,235.02383
42383,228.89014
42384,244.61751
42385,225.64229
42386,209.51501
42387,204.79935
42388,253.28632
42389,224.4159
42390,246.70215
42391,254.72603
42392,189.4518
42393,178.79979
42394,178.97424
42395,176.63737
42396,193.68576
42397,202.0746
42398,202.92603
42399,187.04103
42400,155.49844
42401,162.56671
42402,197.61465
42403,205.57741
42404,194.26584
42405,227.42221
42406,243.82466
42407,230.23769
42408,149.4978
42409,105.60286
42410,136.51929
42411,159.0312
42412,159.71571
42413,176.48561
42414,149.3405
42415,128.065
42416,111.61617
42417,113.35534
42418,105.027565
42419,122.396416
42420,97.67243
42421,87.53357
42422,90.634
42423,77.307106
42424,57.428276
42425,38.71768
42426,24.210196
42427,37.721146
42428,31.466688
42429,8.869966
42430,5.850393
42431,15.873939
42432,26.071333
42433,8.469046
42434,2.4769192
42435,1.7509177
42436,1.3442239
42437,2.1804628
42438,20.423319
42439,65.640495
42440,35.225372
42441,21.808956
42442,13.727581
42443,10.786677
42444,3.8077652
42445,15.615306
42446,21.238865
42447,33.608494
42448,16.680529
42449,1.2511452
42450,1.2511452
42451,1.2511452
42452,2.0289104
42453,2.0289104
42454,2.0289104
42455,2.0289104
42456,2.31119
42457,2.1379046
42458,1.8388901
42459,1.9390553
42460,1.9812305
42461,2.085432
42462,2.2587495
42463,2.2029405
42464,2.4575987
42465,2.4575987
42466,2.1033435
42467,1.3539517
42468,1.3790622
42469,1.8880178
42470,0.98246413
42471,0.98246413
42472,0.98246413
42473,0.8791101
42474,0.8791101
42475,1.7443371
42476,1.6409833
42477,1.4393103
42478,1.3163217
42479,1.4393103
42480,0.8054816
42481,1.9629996
42482,1.9629996
42483,1.9629996
42484,1.132028
42485,1.8783643
42486,0.90956306
42487,0.8054816
42488,1.5615393
42489,1.3163217
42490,1.132028
42491,1.132028
42492,1.132028
42493,1.0490685
42494,1.0490685
42495,1.0490685
42496,1.0490685
42497,1.0490685
42498,1.0490685
42499,1.0490685
42500,1.0490685
42501,1.0490685
42502,1.0490685
42503,1.0490685
42504,1.0490685
42505,1.0490685
42506,2.6688507
42507,3.4035907
42508,2.6688507
42509,3.4035907
42510,22.836426
42511,63.401688
42512,67.40527
42513,54.416794
42514,38.42553
42515,22.369781
42516,20.270761
42517,12.654953
42518,12.5808935
42519,20.196701
42520,34.515373
42521,39.367737
42522,33.21573
42523,15.530019
42524,44.683807
42525,94.3902
42526,86.58739
42527,68.16231
42528,55.914825
42529,71.36593
42530,85.17442
42531,63.823334
42532,46.568077
42533,55.172783
42534,57.623444
42535,38.816826
42536,38.399437
42537,60.45411
42538,73.37688
42539,99.28135
42540,19.42177
42541,4.041262
42542,24.371885
42543,8.828526
42544,1.8375169
42545,2.054197
42546,48.853104
42547,19.412426
42548,13.11831
42549,1.6281967
42550,1.6281967
42551,1.464834
42552,1.5135989
42553,1.5245528
42554,1.5803618
42555,1.8980738
42556,1.775085
42557,1.775085
42558,1.775085
42559,1.775085
42560,1.775085
42561,1.775085
42562,1.7107933
42563,1.5220333
42564,1.6421682
42565,1.6421682
42566,1.9680011
42567,1.8478663
42568,1.8478663
42569,1.8478663
42570,1.6745809
42571,1.8478663
42572,1.8478663
42573,0.76109093
42574,1.6745809
42575,1.8478663
42576,1.6745809
42577,1.6745809
42578,1.6745809
42579,1.6745809
42580,1.6745809
42581,1.6745809
42582,1.7216114
42583,1.8417462
42584,2.0836565
42585,1.9103713
42586,1.8221154
42587,1.6695671
42588,1.4962239
42589,0.90355814
42590,0.5107098
42591,0.4066283
42592,0.4066283
42593,3.6082811
42594,2.211424
42595,0.86756915
42596,1.7329392
42597,4.905014
42598,84.890076
42599,210.42209
42600,172.57707
42601,127.79512
42602,158.29042
42603,173.30588
42604,216.28209
42605,241.46295
42606,232.6796
42607,188.32414
42608,423.0641
42609,203.85161
42610,150.04147
42611,241.64723
42612,325.63022
42613,409.3109
42614,487.32462
42615,476.78564
42616,509.86246
42617,613.0926
42618,735.39307
42619,661.84344
42620,753.5477
42621,758.68567
42622,586.919
42623,1008.81854
42624,831.2906
42625,1201.623
42626,1243.9913
42627,1030.3733
42628,937.4908
42629,627.332
42630,894.97644
42631,928.80664
42632,1163.4921
42633,1076.3934
42634,1050.218
42635,1019.11224
42636,927.00696
42637,643.23157
42638,444.0
42639,461.89322
42640,488.81418
42641,606.85114
42642,806.8657
42643,574.42706
42644,388.76147
42645,430.27615
42646,629.9771
42647,636.8757
42648,782.5499
42649,686.24927
42650,699.01886
42651,859.7309
42652,865.2432
42653,803.98535
42654,713.36224
42655,747.33844
42656,676.2685
42657,741.65173
42658,749.328
42659,721.5061
42660,786.29
42661,721.52496
42662,616.28406
42663,559.2785
42664,514.4757
42665,608.1113
42666,569.7305
42667,655.839
42668,542.2704
42669,713.7508
42670,951.79333
42671,870.85284
42672,875.1815
42673,847.04175
42674,849.61237
42675,863.4403
42676,722.882
42677,768.9278
42678,672.2483
42679,700.86487
42680,812.20667
42681,864.4045
42682,806.3225
42683,768.69025
42684,819.94275
42685,876.8977
42686,621.57263
42687,553.49054
42688,463.11063
42689,607.046
42690,513.8886
42691,640.0859
42692,738.60657
42693,723.601
42694,690.9408
42695,527.82355
42696,525.1689
42697,571.99243
42698,544.73175
42699,282.7563
42700,390.5751
42701,333.12155
42702,429.87503
42703,393.8214
42704,669.0493
42705,464.36273
42706,316.90503
42707,310.16708
42708,400.88098
42709,748.7397
42710,503.07864
42711,583.85236
42712,392.32925
42713,523.43787
42714,633.9007
42715,696.0935
42716,411.47473
42717,267.2858
42718,184.91957
42719,265.9652
42720,239.63629
42721,141.39615
42722,132.50607
42723,168.41507
42724,172.92093
42725,115.33408
42726,85.01567
42727,105.263725
42728,104.876595
42729,209.84547
42730,119.94412
42731,52.743603
42732,11.615576
42733,3.168356
42734,2.1770558
42735,2.2811375
42736,2.1770558
42737,2.2936149
42738,2.2936149
42739,2.2936149
42740,2.2936149
42741,0.96512455
42742,0.96512455
42743,0.96512455
42744,1.4377093
42745,1.4376771
42746,0.79959345
42747,0.9993909
42748,0.5894188
42749,0.45036855
42750,0.5894188
42751,0.87521964
42752,0.77233773
42753,0.77233773
42754,0.77233773
42755,0.77233773
42756,0.63328725
42757,0.58258206
42758,0.58258206
42759,0.58258206
42760,0.58258206
42761,0.58258206
42762,0.58258206
42763,0.58258206
42764,0.58258206
42765,0.58258206
42766,0.58258206
42767,0.58258206
42768,0.58258206
42769,0.58258206
42770,0.66208094
42771,0.66208094
42772,0.66208094
42773,0.66208094
42774,0.66208094
42775,0.66208094
42776,0.8255687
42777,0.8255687
42778,0.8255687
42779,0.8255687
42780,0.8255687
42781,0.8255687
42782,0.78789043
42783,0.78789043
42784,0.78789043
42785,0.78789043
42786,0.66781193
42787,0.66781193
42788,0.66781193
42789,0.78789043
42790,0.78789043
42791,0.78789043
42792,0.78789043
42793,0.78789043
42794,0.78789043
42795,0.78789043
42796,0.78789043
42797,0.47325432
42798,-0.3062746
42799,1.0464352
42800,0.98819226
42801,1.4834945
42802,0.39671913
42803,0.17214711
42804,0.98819226
42805,0.06806554
42806,0.072920755
42807,0.40157446
42808,1.1663328
42809,1.1663328
42810,0.93723834
42811,0.93723834
42812,1.100601
42813,1.1826304
42814,1.1826304
42815,1.1826304
42816,1.1826304
42817,1.1826304
42818,4.4105134
42819,50.666374
42820,90.79918
42821,116.01471
42822,79.59591
42823,68.34717
42824,71.62821
42825,51.49981
42826,61.13553
42827,93.02511
42828,77.97147
42829,90.33527
42830,112.43711
42831,150.13782
42832,162.60056
42833,193.63786
42834,228.59138
42835,247.34273
42836,277.36273
42837,263.1903
42838,428.16806
42839,549.798
42840,642.7578
42841,567.729
42842,619.09094
42843,741.4979
42844,587.07263
42845,622.5005
42846,603.55554
42847,551.25244
42848,664.69275
42849,582.97064
42850,402.43945
42851,384.27817
42852,382.69064
42853,358.12003
42854,305.7412
42855,392.16782
42856,328.62894
42857,292.93134
42858,270.2613
42859,328.61362
42860,516.2733
42861,605.0875
42862,412.9732
42863,514.18787
42864,434.91034
42865,533.3828
42866,556.7509
42867,526.4919
42868,472.32217
42869,598.2416
42870,509.1863
42871,429.96408
42872,351.64798
42873,310.30707
42874,478.1352
42875,558.31836
42876,507.303
42877,509.08997
42878,518.23944
42879,667.02246
42880,672.57275
42881,737.1402
42882,582.0055
42883,655.2482
42884,542.0928
42885,388.16953
42886,480.12344
42887,465.7392
42888,366.85773
42889,381.4872
42890,471.67108
42891,430.04507
42892,500.74146
42893,169.80121
42894,363.71927
42895,590.71027
42896,363.6956
42897,326.89752
42898,286.4602
42899,242.78267
42900,131.38843
42901,165.06094
42902,139.75087
42903,216.78854
42904,133.17255
42905,144.59332
42906,130.6209
42907,117.877594
42908,63.77224
42909,79.41906
42910,206.19203
42911,445.1834
42912,520.3133
42913,390.70688
42914,344.6476
42915,492.7956
42916,348.90408
42917,517.19653
42918,527.736
42919,395.02994
42920,268.57413
42921,281.72098
42922,480.78043
42923,688.19073
42924,626.9274
42925,514.5958
42926,172.0709
42927,674.4046
42928,337.88712
42929,526.92944
42930,284.34552
42931,236.60649
42932,152.79639
42933,152.57088
42934,152.16422
42935,114.27287
42936,77.61442
42937,117.77723
42938,83.291145
42939,100.49781
42940,167.92203
42941,289.80884
42942,315.03867
42943,362.43567
42944,358.1681
42945,489.3773
42946,426.1317
42947,234.79738
42948,292.03296
42949,291.63806
42950,384.24194
42951,490.82104
42952,314.6003
42953,250.94069
42954,251.47168
42955,237.8821
42956,356.99814
42957,190.84662
42958,235.26157
42959,253.34277
42960,230.33286
42961,237.09555
42962,228.4574
42963,192.01134
42964,217.07706
42965,257.40005
42966,213.11772
42967,313.87738
42968,432.94217
42969,310.00983
42970,391.1529
42971,411.6073
42972,547.6689
42973,533.52966
42974,443.53342
42975,246.99663
42976,205.24452
42977,228.32742
42978,287.0181
42979,361.3883
42980,448.71802
42981,301.51672
42982,368.21942
42983,419.84708
42984,437.13602
42985,347.2302
42986,241.30911
42987,264.60278
42988,329.96997
42989,321.1566
42990,415.17523
42991,359.4234
42992,466.4413
42993,737.58
42994,620.34485
42995,319.62875
42996,363.89047
42997,311.192
42998,305.4416
42999,304.22717
43000,315.80734
43001,205.68504
43002,327.56085
43003,383.5423
43004,366.60703
43005,331.02106
43006,329.27362
43007,400.85773
43008,1789.3414
43009,1969.7969
43010,1923.732
43011,1795.3202
43012,1817.0406
43013,1541.4762
43014,1629.8472
43015,1251.6526
43016,959.3399
43017,415.67188
43018,395.3339
43019,491.35464
43020,481.50586
43021,578.3392
43022,385.54965
43023,757.5889
43024,805.2479
43025,538.6223
43026,493.30716
43027,471.49445
43028,551.7303
43029,263.49948
43030,443.17285
43031,707.9549
43032,721.0598
43033,1103.214
43034,826.65356
43035,648.2258
43036,260.73218
43037,227.66597
43038,497.56842
43039,350.64664
43040,653.675
43041,503.93173
43042,474.96848
43043,421.6586
43044,132.21838
43045,334.23328
43046,237.022
43047,507.57935
43048,488.6651
43049,289.73407
43050,510.52463
43051,593.83044
43052,567.60486
43053,489.2097
43054,427.27725
43055,457.10663
43056,444.47604
43057,531.7077
43058,349.95187
43059,200.13345
43060,278.37183
43061,372.96997
43062,175.31192
43063,273.13638
43064,423.04648
43065,379.80032
43066,735.09436
43067,508.30368
43068,535.33374
43069,307.04834
43070,445.28415
43071,417.8274
43072,566.5069
43073,476.98743
43074,327.71704
43075,244.4817
43076,474.97324
43077,295.0336
43078,350.0498
43079,228.51276
43080,224.95789
43081,119.85704
43082,106.97835
43083,65.60503
43084,11.766497
43085,8.967339
43086,65.09274
43087,97.8604
43088,193.82784
43089,311.1475
43090,224.41255
43091,243.95166
43092,194.54897
43093,190.46684
43094,249.77197
43095,267.8163
43096,314.656
43097,335.1135
43098,364.46387
43099,235.11972
43100,178.87541
43101,172.01935
43102,108.58493
43103,126.29974
43104,91.54098
43105,89.14327
43106,125.94128
43107,113.88089
43108,89.5622
43109,65.08561
43110,70.541466
43111,107.93191
43112,142.94252
43113,94.34004
43114,92.79562
43115,94.98297
43116,166.66571
43117,267.55487
43118,308.3714
43119,286.1756
43120,281.6359
43121,306.01364
43122,257.46753
43123,221.89447
43124,225.62387
43125,333.95007
43126,367.03885
43127,355.90182
43128,437.281
43129,395.1703
43130,434.134
43131,553.8386
43132,519.0574
43133,419.6603
43134,490.5933
43135,373.1107
43136,406.0308
43137,353.94934
43138,203.53368
43139,210.15242
43140,191.7503
43141,198.54794
43142,228.89499
43143,245.66489
43144,319.91052
43145,408.42215
43146,558.97845
43147,619.7957
43148,659.82794
43149,453.4474
43150,361.21222
43151,385.72754
43152,384.4255
43153,433.4687
43154,357.17587
43155,528.22076
43156,633.355
43157,571.05475
43158,83.51945
43159,154.58035
43160,192.87473
43161,300.52075
43162,315.0437
43163,362.97168
43164,368.76495
43165,350.743
43166,511.67743
43167,491.49625
43168,538.0475
43169,576.89343
43170,708.0667
43171,612.0379
43172,532.74445
43173,357.84326
43174,289.36432
43175,231.84932
43176,318.0697
43177,401.3367
43178,414.13843
43179,455.85135
43180,471.2114
43181,633.71704
43182,548.30927
43183,541.45337
43184,515.73047
43185,444.7627
43186,370.23822
43187,326.94073
43188,186.30896
43189,146.23654
43190,180.90231
43191,184.06033
43192,271.7318
43193,152.15616
43194,89.33217
43195,95.36476
43196,51.563362
43197,80.74102
43198,131.05272
43199,93.418015
43200,111.2357
43201,183.76523
43202,135.43764
43203,132.88312
43204,276.50522
43205,223.47734
43206,208.3106
43207,242.44228
43208,135.15465
43209,147.57683
43210,141.60501
43211,77.908
43212,58.15398
43213,108.13412
43214,125.60181
43215,131.41594
43216,133.78377
43217,151.6786
43218,162.14037
43219,166.47919
43220,137.32288
43221,151.72054
43222,155.13263
43223,210.31541
43224,227.51318
43225,189.9657
43226,298.23505
43227,319.25552
43228,367.89447
43229,335.5933
43230,252.44052
43231,517.9424
43232,402.04065
43233,342.55295
43234,412.78003
43235,358.62686
43236,447.86957
43237,521.9076
43238,639.92096
43239,597.5253
43240,648.68805
43241,743.60345
43242,653.9344
43243,604.5768
43244,687.23865
43245,703.69836
43246,830.20996
43247,810.16907
43248,853.3616
43249,990.4732
43250,1007.37946
43251,857.93744
43252,970.4685
43253,854.45905
43254,763.38477
43255,696.5441
43256,787.31726
43257,778.8548
43258,859.45557
43259,884.436
43260,1020.55804
43261,1011.2362
43262,1023.50336
43263,948.94086
43264,912.76526
43265,865.027
43266,903.6237
43267,1053.4635
43268,1106.1658
43269,1201.3228
43270,1158.0164
43271,955.4538
43272,747.6555
43273,553.63873
43274,899.08246
43275,1080.0271
43276,1302.6056
43277,1203.2903
43278,1257.2135
43279,1198.4073
43280,1098.7013
43281,1245.2167
43282,1263.13
43283,1225.8313
43284,1149.783
43285,1063.9332
43286,1007.3306
43287,1040.1346
43288,1059.0924
43289,930.7527
43290,857.35315
43291,649.7049
43292,595.63556
43293,705.464
43294,540.1867
43295,499.95392
43296,586.3209
43297,799.5812
43298,888.30334
43299,754.4682
43300,670.18054
43301,423.24362
43302,281.13864
43303,230.79117
43304,447.5625
43305,544.35474
43306,651.44977
43307,558.7595
43308,514.7895
43309,704.4767
43310,769.3675
43311,784.37616
43312,627.90735
43313,628.966
43314,584.4012
43315,442.54074
43316,370.64462
43317,345.8476
43318,290.85376
43319,247.59973
43320,282.1127
43321,296.56555
43322,368.22482
43323,286.78845
43324,224.65305
43325,297.5951
43326,286.78845
43327,195.6369
43328,201.64331
43329,214.32094
43330,185.5271
43331,120.07582
43332,150.34549
43333,173.58118
43334,121.86085
43335,102.35465
43336,76.668
43337,63.647606
43338,58.06511
43339,50.130817
43340,50.176754
43341,43.0276
43342,53.890785
43343,97.50107
43344,84.25864
43345,74.52216
43346,37.925846
43347,54.283634
43348,32.333286
43349,41.779823
43350,111.57954
43351,66.27219
43352,42.560154
43353,82.61428
43354,99.50031
43355,59.057106
43356,64.995674
43357,107.81726
43358,135.8661
43359,154.91115
43360,50.164284
43361,54.761494
43362,58.22354
43363,47.05582
43364,33.379555
43365,23.102592
43366,33.84117
43367,39.53912
43368,7.691223
43369,5.965764
43370,62.054096
43371,60.9419
43372,24.518824
43373,23.671852
43374,23.310202
43375,22.234695
43376,20.986048
43377,11.659857
43378,11.914967
43379,9.886043
43380,22.921034
43381,30.403778
43382,41.65982
43383,22.739676
43384,5.843602
43385,1.3106909
43386,1.1169844
43387,0.8950225
43388,1.108238
43389,1.0482004
43390,1.0482004
43391,31.762486
43392,14.865915
43393,13.95829
43394,58.287434
43395,78.13931
43396,49.56949
43397,69.86528
43398,51.47296
43399,80.89713
43400,30.551046
43401,5.0937386
43402,5.7260756
43403,1.4107791
43404,1.4107791
43405,1.0473641
43406,1.1703529
43407,1.3420995
43408,1.5437723
43409,1.5437723
43410,1.5437723
43411,2.227662
43412,3.4441745
43413,13.345839
43414,74.5739
43415,70.52137
43416,39.803818
43417,11.584702
43418,6.8607483
43419,158.72394
43420,149.54123
43421,167.88477
43422,146.0632
43423,115.56904
43424,76.21289
43425,77.67004
43426,51.960846
43427,96.62789
43428,160.62558
43429,169.04327
43430,172.74069
43431,197.44423
43432,223.58365
43433,234.2566
43434,209.78355
43435,168.52014
43436,209.73515
43437,257.96786
43438,243.17381
43439,238.50172
43440,184.14215
43441,227.22989
43442,363.3371
43443,303.79523
43444,291.61856
43445,245.63365
43446,214.64546
43447,218.16747
43448,214.38972
43449,211.63583
43450,199.78926
43451,133.91454
43452,110.7341
43453,56.398705
43454,52.440136
43455,29.534801
43456,6.2467904
43457,57.762703
43458,45.152718
43459,19.294016
43460,47.097874
43461,60.905727
43462,66.21521
43463,92.536835
43464,133.62762
43465,92.1442
43466,105.1715
43467,150.46487
43468,123.77051
43469,85.18589
43470,116.38414
43471,130.906
43472,163.8799
43473,114.39098
43474,141.40039
43475,94.24532
43476,94.70026
43477,61.662086
43478,26.3632
43479,26.730026
43480,50.87723
43481,57.15224
43482,32.942017
43483,30.934544
43484,12.897695
43485,18.23762
43486,2.4596887
43487,1.3694898
43488,1.8917975
43489,1.707504
43490,1.707504
43491,2.263489
43492,2.263489
43493,1.938828
43494,1.7545345
43495,1.7545345
43496,1.660083
43497,2.1458504
43498,2.1458504
43499,1.9725335
43500,2.1458504
43501,2.1458504
43502,2.27783
43503,2.394389
43504,2.1570075
43505,2.1570075
43506,2.394389
43507,1.4433384
43508,1.4433384
43509,2.5931191
43510,3.8885374
43511,4.5109324
43512,52.268963
43513,112.8991
43514,32.022415
43515,11.710964
43516,5.5478325
43517,5.5478325
43518,11.053029
43519,5.5478325
43520,5.698307
43521,1.192377
43522,1.4301432
43523,1.1014895
43524,0.96951014
43525,1.2055712
43526,2.05254
43527,2.0655236
43528,2.0655236
43529,1.6114029
43530,2.0655236
43531,2.0655236
43532,1.2053605
43533,1.0156051
43534,1.0156051
43535,1.0156051
43536,1.6446391
43537,1.1356838
43538,1.3199775
43539,1.1356838
43540,1.1356838
43541,1.1356838
43542,1.1356838
43543,1.1356838
43544,1.1356838
43545,0.9123232
43546,0.8109365
43547,0.8109365
43548,0.8109365
43549,1.4045273
43550,0.8109365
43551,0.9123232
43552,0.62498397
43553,0.97033244
43554,0.27696246
43555,0.27696246
43556,0.47812843
43557,0.47812843
43558,0.47812843
43559,0.47812843
43560,0.47812843
43561,0.47812843
43562,0.2933983
43563,0.2933983
43564,0.2933983
43565,0.19201177
43566,0.19201177
43567,0.19201177
43568,2.0946827
43569,0.7487768
43570,0.40814137
43571,0.40814137
43572,0.40814137
43573,0.40814137
43574,0.7349511
43575,2.7698648
43576,1.0732837
43577,1.3953005
43578,0.7349511
43579,0.8390326
43580,1.5406457
43581,0.7096735
43582,0.7096735
43583,0.7096735
43584,0.7096735
43585,0.7096735
43586,0.7028514
43587,0.80423796
43588,0.80423796
43589,0.80423796
43590,0.80423796
43591,0.80423796
43592,0.80423796
43593,0.80423796
43594,0.98853177
43595,1.673964
43596,44.367664
43597,18.54161
43598,2.615136
43599,21.666237
43600,56.12944
43601,17.308432
43602,23.178518
43603,19.217033
43604,0.3490913
43605,0.45317283
43606,0.59733355
43607,0.3490913
43608,0.59733355
43609,0.7832861
43610,0.9680161
43611,1.0720978
43612,1.9190669
43613,1.9190669
43614,0.9680161
43615,1.4649462
43616,1.5970503
43617,1.7331147
43618,1.5597972
43619,1.4848723
43620,0.63790286
43621,0.8381938
43622,1.1628555
43623,1.4848723
43624,1.4848723
43625,1.4848723
43626,1.4848723
43627,1.1628555
43628,1.112559
43629,3.8393946
43630,32.710194
43631,54.620037
43632,46.666656
43633,16.54543
43634,4.4048066
43635,1.79278
43636,1.9660974
43637,3.5858786
43638,27.154211
43639,88.29014
43640,77.21414
43641,27.183287
43642,5.4248004
43643,1.1748328
43644,1.1908302
43645,1.1908302
43646,1.0669544
43647,1.0669544
43648,1.0669544
43649,1.0669544
43650,1.0669544
43651,0.88100183
43652,1.0516737
43653,1.8206394
43654,6.664546
43655,32.450565
43656,72.50101
43657,101.66291
43658,193.35033
43659,124.817955
43660,122.56639
43661,105.35045
43662,124.559975
43663,128.20732
43664,80.90485
43665,101.039024
43666,135.9208
43667,202.3238
43668,158.90923
43669,240.6726
43670,233.72047
43671,227.15714
43672,200.51083
43673,175.9648
43674,213.84692
43675,241.29915
43676,183.28415
43677,179.60985
43678,168.31537
43679,280.0335
43680,289.74176
43681,245.46826
43682,378.93466
43683,452.2475
43684,410.25824
43685,501.90088
43686,333.76654
43687,431.72858
43688,613.74036
43689,511.25635
43690,587.7552
43691,712.7443
43692,450.5098
43693,432.759
43694,491.31702
43695,430.53528
43696,533.5844
43697,801.4519
43698,836.3255
43699,730.6674
43700,608.70966
43701,417.66473
43702,457.8241
43703,377.26157
43704,291.77252
43705,401.1536
43706,523.69116
43707,544.583
43708,582.0897
43709,500.54202
43710,571.9743
43711,550.8233
43712,353.03705
43713,469.62564
43714,466.14343
43715,544.9912
43716,612.711
43717,567.2519
43718,579.7946
43719,621.692
43720,649.25446
43721,579.80035
43722,700.20435
43723,704.4885
43724,881.5479
43725,733.3496
43726,819.54956
43727,730.0871
43728,537.9658
43729,515.14923
43730,344.85675
43731,381.02145
43732,539.0577
43733,373.83197
43734,446.2373
43735,498.42865
43736,497.24323
43737,522.94
43738,581.19934
43739,625.59216
43740,657.50275
43741,712.9159
43742,788.1047
43743,722.95844
43744,573.0537
43745,650.41516
43746,669.1977
43747,529.8776
43748,554.5215
43749,744.4114
43750,816.6549
43751,1053.3964
43752,902.60126
43753,789.305
43754,638.4713
43755,822.1146
43756,689.7646
43757,873.1538
43758,830.93994
43759,1007.826
43760,1027.0648
43761,1109.5431
43762,911.9063
43763,992.5383
43764,944.11865
43765,995.90814
43766,996.7402
43767,820.10425
43768,884.6465
43769,790.2576
43770,800.39545
43771,739.8574
43772,669.02576
43773,840.8123
43774,1077.3934
43775,914.22125
43776,787.4064
43777,811.8668
43778,748.7401
43779,895.59467
43780,707.96924
43781,894.7701
43782,842.4823
43783,812.29706
43784,901.4398
43785,746.4736
43786,704.63715
43787,716.5373
43788,631.916
43789,550.8312
43790,453.06192
43791,508.03937
43792,496.1609
43793,415.8228
43794,412.19232
43795,206.6202
43796,250.27881
43797,191.90355
43798,168.14877
43799,295.9447
43800,325.56723
43801,465.06598
43802,395.46637
43803,379.5599
43804,231.88416
43805,403.7409
43806,159.25108
43807,99.526505
43808,66.208115
43809,27.158234
43810,73.1774
43811,143.6121
43812,257.5455
43813,217.2284
43814,177.17447
43815,122.272606
43816,114.23591
43817,126.664665
43818,123.64527
43819,127.19704
43820,120.25716
43821,117.84106
43822,62.199375
43823,47.0649
43824,29.440361
43825,32.86833
43826,38.35787
43827,25.43256
43828,42.881634
43829,50.96416
43830,87.603424
43831,84.4658
43832,63.85677
43833,59.559166
43834,31.61508
43835,35.727703
43836,96.98202
43837,135.02272
43838,174.38805
43839,185.60313
43840,182.32297
43841,185.82741
43842,124.15545
43843,183.71542
43844,183.55241
43845,133.12604
43846,104.23305
43847,133.42792
43848,195.11508
43849,195.46263
43850,270.0774
43851,218.04744
43852,232.7013
43853,221.62349
43854,157.5051
43855,206.79124
43856,251.49918
43857,291.80756
43858,265.33154
43859,258.72897
43860,306.43298
43861,449.05127
43862,539.8787
43863,675.6532
43864,695.33514
43865,732.3407
43866,727.82007
43867,594.0819
43868,539.25275
43869,537.56177
43870,830.75037
43871,742.9705
43872,873.0717
43873,1019.95734
43874,1275.4972
43875,1032.6212
43876,1231.0404
43877,1401.7887
43878,1362.7139
43879,1616.1887
43880,1585.6041
43881,1559.0553
43882,1608.5214
43883,1639.9916
43884,1930.6118
43885,1741.5168
43886,1780.8008
43887,1885.5919
43888,1829.0225
43889,1826.697
43890,1658.1476
43891,1834.4205
43892,1780.64
43893,1707.1207
43894,1645.4607
43895,1630.5452
43896,1589.7714
43897,1673.4866
43898,1553.7197
43899,1412.9036
43900,1347.6356
43901,1511.6896
43902,1499.3555
43903,1429.6064
43904,1462.2627
43905,1395.7831
43906,1541.9546
43907,1365.4832
43908,1577.2236
43909,1584.4594
43910,1630.9083
43911,1331.0918
43912,1192.0402
43913,1355.4467
43914,1358.5453
43915,1098.1619
43916,1109.1671
43917,1283.2366
43918,1365.114
43919,1325.7809
43920,1288.9896
43921,1488.542
43922,1194.5806
43923,1168.1044
43924,1122.7312
43925,1161.5363
43926,1168.2219
43927,1134.9656
43928,1157.2106
43929,1052.299
43930,965.06555
43931,831.13544
43932,961.5852
43933,930.0548
43934,769.45544
43935,863.1079
43936,671.8192
43937,478.7531
43938,493.04807
43939,447.52182
43940,372.53012
43941,413.48816
43942,442.87384
43943,379.47668
43944,294.43314
43945,239.28296
43946,284.8198
43947,269.4875
43948,314.53418
43949,285.87296
43950,227.57909
43951,192.91191
43952,169.90068
43953,217.20029
43954,188.83224
43955,237.24034
43956,253.72215
43957,244.96921
43958,235.00528
43959,239.83847
43960,281.1003
43961,306.32187
43962,356.43552
43963,289.62112
43964,236.57103
43965,336.6243
43966,250.69658
43967,278.1818
43968,363.61722
43969,328.99493
43970,309.45093
43971,309.1084
43972,221.19002
43973,163.88611
43974,163.57124
43975,156.38237
43976,121.91906
43977,84.30842
43978,148.10843
43979,71.92343
43980,24.744606
43981,4.9025435
43982,44.887
43983,25.379215
43984,55.289173
43985,44.071793
43986,69.91816
43987,68.81746
43988,7.0179086
43989,6.185164
43990,1.0799441
43991,42.339237
43992,86.26617
43993,67.987724
43994,46.528233
43995,65.99165
43996,48.522713
43997,24.020258
43998,57.392513
43999,62.44896
44000,66.66936
44001,126.907425
44002,164.74306
44003,206.44157
44004,287.35358
44005,507.0883
44006,1004.94214
44007,1221.8053
44008,1508.8246
44009,1611.7485
44010,1519.6482
44011,1840.7349
44012,1900.8353
44013,1860.4484
44014,1958.9811
44015,1788.4504
44016,1978.6934
44017,1934.1104
44018,1963.2179
44019,1976.111
44020,1975.3937
44021,1883.7003
44022,1987.9966
44023,1887.3538
44024,1866.7213
44025,1838.9786
44026,1893.9332
44027,1882.0884
44028,1909.8595
44029,1924.7368
44030,1848.9454
44031,1984.6401
44032,1985.1387
44033,1986.7583
44034,2006.2369
44035,2019.4459
44036,2026.1471
44037,2026.1471
44038,1852.2936
44039,1637.333
44040,1084.8561
44041,1317.3914
44042,1453.2822
44043,1042.3406
44044,1590.8021
44045,1361.747
44046,983.11334
44047,1009.0674
44048,1185.0442
44049,1289.9424
44050,1462.9457
44051,1545.7626
44052,1266.859
44053,1277.9506
44054,906.0578
44055,1237.748
44056,424.2111
44057,829.3748
44058,791.30994
44059,903.24725
44060,806.02216
44061,580.8329
44062,375.92413
44063,491.47025
44064,424.69467
44065,276.85974
44066,362.30127
44067,758.91144
44068,1357.8668
44069,886.3222
44070,342.89804
44071,204.39917
44072,599.28864
44073,730.96356
44074,1028.7775
44075,832.31934
44076,1155.6171
44077,1047.3616
44078,1151.7932
44079,1009.79706
44080,1035.7997
44081,1033.8947
44082,1396.1547
44083,1096.7802
44084,921.8053
44085,1114.6029
44086,1007.26514
44087,1094.3177
44088,1356.9186
44089,1226.6178
44090,1189.4335
44091,984.7601
44092,771.50055
44093,1118.8328
44094,1269.6647
44095,887.2065
44096,546.8988
44097,539.1878
44098,663.7457
44099,727.1136
44100,948.2243
44101,685.8647
44102,705.46454
44103,941.546
44104,762.33295
44105,752.1929
44106,712.17377
44107,584.1051
44108,622.223
44109,739.50714
44110,678.54224
44111,744.3152
44112,762.2475
44113,706.7881
44114,515.73193
44115,527.1174
44116,602.4384
44117,354.2644
44118,427.37234
44119,387.86575
44120,447.49762
44121,537.3711
44122,612.87195
44123,725.70953
44124,310.7292
44125,102.04317
44126,48.15623
44127,96.041756
44128,72.02567
44129,67.543976
44130,290.4971
44131,424.74164
44132,559.2414
44133,492.47806
44134,509.00967
44135,568.4445
44136,331.5559
44137,693.505
44138,443.32224
44139,577.5156
44140,387.59012
44141,348.37897
44142,545.0725
44143,506.5758
44144,330.56662
44145,536.0523
44146,388.2354
44147,396.75394
44148,395.14423
44149,524.94635
44150,532.80316
44151,721.6398
44152,544.164
44153,438.8105
44154,459.90396
44155,481.38278
44156,900.1741
44157,813.1714
44158,736.73035
44159,449.81357
44160,182.17918
44161,170.08984
44162,206.35773
44163,138.5118
44164,139.02483
44165,173.21353
44166,260.58438
44167,353.43976
44168,342.06097
44169,413.76477
44170,435.643
44171,324.0187
44172,216.02715
44173,175.19061
44174,209.5536
44175,186.3025
44176,216.08377
44177,321.94077
44178,305.5269
44179,296.08722
44180,258.31876
44181,239.48206
44182,227.81992
44183,259.8646
44184,269.35904
44185,345.01892
44186,362.95117
44187,398.70975
44188,336.81732
44189,324.04407
44190,329.58673
44191,372.70825
44192,562.61383
44193,711.4197
44194,680.6208
44195,711.4197
44196,544.8279
44197,372.03113
44198,428.58493
44199,401.81143
44200,495.60046
44201,580.7145
44202,734.09283
44203,790.5631
44204,882.8171
44205,742.09674
44206,789.36505
44207,726.0722
44208,672.9481
44209,734.0975
44210,604.8242
44211,520.3997
44212,530.08356
44213,563.28973
44214,559.2193
44215,636.6887
44216,563.5253
44217,376.72232
44218,438.00232
44219,454.96225
44220,390.88727
44221,453.22046
44222,382.49487
44223,369.26602
44224,330.34778
44225,293.0127
44226,257.19437
44227,320.36633
44228,323.42932
44229,330.3958
44230,319.5781
44231,263.5762
44232,244.5623
44233,208.15872
44234,77.55116
44235,31.377304
44236,9.286893
44237,1.2510527
44238,32.450905
44239,107.039
44240,159.73952
44241,155.54483
44242,110.68288
44243,51.70253
44244,69.28743
44245,65.11087
44246,98.1069
44247,117.08
44248,47.313354
44249,14.50914
44250,7.262827
44251,3.726356
44252,1.5203931
44253,1.509444
44254,1.4496932
44255,1.509444
44256,16.396036
44257,13.448529
44258,15.493887
44259,4.148769
44260,1.4496932
44261,1.6135256
44262,6.4244146
44263,11.721138
44264,63.31202
44265,10.046491
44266,40.90763
44267,18.541925
44268,1.2791816
44269,1.7684717
44270,1.126571
44271,1.0785447
44272,1.0602983
44273,1.0602983
44274,1.0602983
44275,1.0602983
44276,1.0602983
44277,1.0602983
44278,1.1636523
44279,1.4901985
44280,1.1294177
44281,1.1017938
44282,1.2031803
44283,1.4483979
44284,1.4483979
44285,0.9828176
44286,3.1223063
44287,3.3675237
44288,0.88361937
44289,0.88361937
44290,0.77953786
44291,6.425417
44292,30.135292
44293,50.162415
44294,67.90487
44295,53.136467
44296,42.408157
44297,23.16844
44298,38.669537
44299,63.86956
44300,42.11185
44301,47.36102
44302,76.3679
44303,97.60262
44304,94.28253
44305,114.43144
44306,124.0205
44307,144.66441
44308,179.1114
44309,190.7598
44310,175.48352
44311,216.7339
44312,251.09138
44313,398.63147
44314,175.5277
44315,170.28773
44316,295.25754
44317,375.02744
44318,329.2383
44319,359.75977
44320,228.78204
44321,232.7105
44322,345.7959
44323,269.9364
44324,328.6237
44325,374.71
44326,301.721
44327,310.29358
44328,253.26163
44329,351.95828
44330,244.54385
44331,223.51115
44332,129.03496
44333,87.381805
44334,71.19968
44335,97.04117
44336,129.58798
44337,122.60833
44338,87.92809
44339,101.82221
44340,43.188904
44341,20.963228
44342,42.924843
44343,74.23383
44344,25.61005
44345,24.880053
44346,8.327089
44347,41.292656
44348,17.382711
44349,37.848213
44350,76.341064
44351,6.1339006
44352,6.9928336
44353,16.655643
44354,26.993803
44355,61.680626
44356,60.636513
44357,72.66215
44358,79.035614
44359,34.225307
44360,52.45918
44361,48.500614
44362,97.0919
44363,72.09321
44364,38.55354
44365,16.46048
44366,41.037193
44367,15.965236
44368,67.00601
44369,100.98615
44370,112.00311
44371,71.46622
44372,56.77672
44373,50.71148
44374,80.49186
44375,115.856834
44376,155.07043
44377,118.85664
44378,129.45096
44379,145.62875
44380,169.48392
44381,146.14023
44382,160.14111
44383,164.13126
44384,166.93687
44385,194.01645
44386,275.83078
44387,362.08405
44388,347.4842
44389,338.55072
44390,330.6378
44391,365.98004
44392,286.83966
44393,294.39975
44394,222.87743
44395,196.00854
44396,212.31335
44397,187.43904
44398,187.43904
44399,169.75764
44400,180.1254
44401,145.06654
44402,115.32199
44403,119.55773
44404,206.59662
44405,207.37466
44406,272.30807
44407,317.33014
44408,278.91953
44409,213.8437
44410,295.94937
44411,238.95041
44412,269.98325
44413,289.121
44414,347.66818
44415,475.73557
44416,602.85815
44417,639.1639
44418,537.96967
44419,573.66205
44420,519.1638
44421,569.53925
44422,436.12152
44423,316.0996
44424,294.27847
44425,256.94995
44426,218.8602
44427,190.5445
44428,193.80293
44429,210.40764
44430,194.05473
44431,237.99428
44432,258.47583
44433,275.03214
44434,211.1956
44435,227.98073
44436,190.65337
44437,225.94766
44438,217.53647
44439,195.80405
44440,219.9742
44441,217.7537
44442,198.92035
44443,178.33806
44444,146.18497
44445,97.482956
44446,79.55614
44447,102.74743
44448,34.775368
44449,12.566772
44450,108.04839
44451,77.09412
44452,35.529434
44453,30.39644
44454,0.3602478
44455,1.0245154
44456,0.7172328
44457,0.7172328
44458,1.2261884
44459,1.47804
44460,1.9294753
44461,2.3477073
44462,1.5989426
44463,1.494861
44464,1.494861
44465,1.494861
44466,1.494861
44467,1.494861
44468,1.494861
44469,1.494861
44470,1.494861
44471,1.494861
44472,1.494861
44473,1.494861
44474,1.494861
44475,1.494861
44476,1.494861
44477,1.3747523
44478,1.3747523
44479,1.3403187
44480,0.75168854
44481,0.75168854
44482,0.81143934
44483,0.75168854
44484,1.8299164
44485,1.5725298
44486,1.8299164
44487,0.57186687
44488,2.423507
44489,0.19266386
44490,-0.005816398
44491,0.19266386
44492,-0.005816398
44493,0.25241476
44494,-0.039405406
44495,-0.039405406
44496,0.06198114
44497,0.06198114
44498,16.623909
44499,19.889961
44500,3.6557791
44501,3.7598603
44502,4.7525725
44503,11.979156
44504,71.125
44505,41.319973
44506,70.25043
44507,28.766066
44508,28.732222
44509,22.555199
44510,38.310738
44511,63.290154
44512,25.766459
44513,32.083946
44514,16.61915
44515,15.1599455
44516,64.58767
44517,74.701126
44518,71.566635
44519,73.93255
44520,72.270004
44521,70.60921
44522,89.37398
44523,83.512985
44524,80.625145
44525,35.722168
44526,91.10809
44527,63.86872
44528,82.49278
44529,78.07732
44530,85.924675
44531,101.39041
44532,84.592705
44533,54.000465
44534,60.781548
44535,63.45903
44536,78.73369
44537,75.69799
44538,21.949697
44539,5.5872145
44540,1.233164
44541,2.2866004
44542,3.8375978
44543,1.8957999
44544,1.8957999
44545,1.6054889
44546,1.4211951
44547,1.6260123
44548,1.233164
44549,1.1290823
44550,1.1290823
44551,1.1290823
44552,1.1290823
44553,1.1290823
44554,1.0602983
44555,1.1290823
44556,1.1290823
44557,1.1290823
44558,1.1290823
44559,1.1290823
44560,1.1290823
44561,31.410059
44562,15.499248
44563,18.618729
44564,12.071711
44565,3.3116853
44566,3.9941108
44567,21.509485
44568,97.35108
44569,72.1398
44570,43.132862
44571,72.44648
44572,130.14026
44573,111.09894
44574,72.20389
44575,61.798016
44576,82.205925
44577,38.562065
44578,8.202531
44579,5.734132
44580,3.5409188
44581,1.8264527
44582,1.8264527
44583,1.9494416
44584,2.151114
44585,2.267673
44586,1.9430116
44587,1.9605987
44588,2.3996525
44589,1.6533159
44590,1.5504341
44591,1.2167243
44592,1.2167243
44593,1.2167243
44594,1.401018
44595,2.047696
44596,2.047696
44597,1.2215688
44598,1.2167243
44599,1.2167243
44600,1.2167243
44601,1.2167243
44602,1.2167243
44603,1.1634344
44604,1.1634344
44605,1.1634344
44606,1.1634344
44607,1.1634344
44608,1.1634344
44609,1.1634344
44610,1.2370629
44611,0.9625265
44612,0.8584448
44613,0.8584448
44614,0.8584448
44615,0.6180103
44616,1.569061
44617,0.6180103
44618,0.6180103
44619,1.569061
44620,0.7380888
44621,0.97852343
44622,0.9625265
44623,0.9625265
44624,1.8094956
44625,1.1628174
44626,0.8584448
44627,1.3487539
44628,0.9394569
44629,1.3487539
44630,0.755163
44631,0.658079
44632,0.72635674
44633,0.755163
44634,0.9394569
44635,0.658079
44636,0.9894838
44637,0.9394569
44638,0.9394569
44639,0.755163
44640,1.2641186
44641,0.755163
44642,0.3209683
44643,0.3209683
44644,0.3209683
44645,0.039153904
44646,-0.06492765
44647,-0.06492765
44648,0.76858234
44649,-0.06492765
44650,0.4435206
44651,1.0127175
44652,0.39032027
44653,0.21796097
44654,0.32204255
44655,0.32204255
44656,2.380363
44657,1.1746702
44658,1.1746702
44659,5.364626
44660,3.529192
44661,25.637613
44662,32.341106
44663,23.19721
44664,32.150627
44665,23.19721
44666,34.171688
44667,17.85714
44668,25.7822
44669,28.051142
44670,31.928404
44671,47.70978
44672,80.82472
44673,72.37061
44674,52.12038
44675,17.921125
44676,40.28219
44677,32.429314
44678,62.951954
44679,102.809845
44680,122.03392
44681,67.68024
44682,83.679985
44683,100.284676
44684,55.630886
44685,4.1986094
44686,2.5919466
44687,10.535839
44688,25.44454
44689,2.627195
44690,34.208496
44691,20.268532
44692,6.622504
44693,3.6271043
44694,22.6639
44695,18.609955
44696,25.419348
44697,113.987595
44698,53.098503
44699,25.749447
44700,27.373575
44701,50.162308
44702,64.95421
44703,53.124687
44704,79.08959
44705,77.90292
44706,83.03422
44707,176.16994
44708,121.954285
44709,119.07601
44710,150.14172
44711,131.14252
44712,75.09992
44713,123.552986
44714,107.39672
44715,130.88646
44716,218.89641
44717,185.31273
44718,229.85995
44719,207.23744
44720,214.08046
44721,217.29285
44722,180.21548
44723,109.65976
44724,104.5908
44725,153.78372
44726,178.97333
44727,227.9875
44728,237.02634
44729,153.49594
44730,123.48058
44731,149.07826
44732,158.28093
44733,188.35884
44734,249.31772
44735,294.94318
44736,346.2341
44737,318.6942
44738,380.13037
44739,464.22934
44740,403.0792
44741,260.58746
44742,575.76434
44743,668.0905
44744,755.9865
44745,679.17395
44746,740.00214
44747,586.6282
44748,642.0571
44749,607.91064
44750,547.9636
44751,612.2453
44752,655.98114
44753,631.908
44754,587.8818
44755,541.60315
44756,597.9485
44757,786.87976
44758,781.0603
44759,755.6581
44760,742.68555
44761,793.7137
44762,934.3428
44763,1089.9912
44764,1159.1179
44765,1301.7826
44766,1253.685
44767,1332.3137
44768,1178.7859
44769,1210.4022
44770,1021.5744
44771,1153.2242
44772,1019.5141
44773,966.92426
44774,1232.8497
44775,1365.5903
44776,1140.4756
44777,1062.6536
44778,966.54065
44779,817.87775
44780,986.9414
44781,810.1325
44782,570.89764
44783,501.32797
44784,495.71838
44785,563.95874
44786,595.84564
44787,684.20667
44788,681.8922
44789,641.6631
44790,617.0859
44791,703.26904
44792,621.97687
44793,523.62317
44794,577.40173
44795,442.98804
44796,374.15598
44797,457.8363
44798,383.67105
44799,446.30286
44800,298.8648
44801,302.233
44802,263.41257
44803,524.8323
44804,263.55896
44805,124.44729
44806,97.232475
44807,138.68344
44808,188.1774
44809,135.57439
44810,186.4115
44811,176.03568
44812,168.99019
44813,128.64622
44814,119.438576
44815,122.136086
44816,125.04687
44817,145.43959
44818,127.31761
44819,99.783516
44820,108.07366
44821,55.125324
44822,99.50391
44823,56.63418
44824,84.96219
44825,25.993767
44826,1.5837798
44827,1.5837798
44828,2.114325
44829,47.10393
44830,26.293297
44831,59.83489
44832,86.74645
44833,67.64134
44834,164.68257
44835,29.419819
44836,55.35284
44837,202.21898
44838,214.56834
44839,238.40611
44840,151.97665
44841,85.31691
44842,145.26904
44843,217.055
44844,218.97002
44845,212.3436
44846,176.91736
44847,168.9647
44848,87.19256
44849,84.332306
44850,230.87152
44851,201.14276
44852,127.75226
44853,118.480446
44854,84.76727
44855,162.70776
44856,172.65964
44857,145.22046
44858,108.55433
44859,121.66659
44860,102.41375
44861,52.21202
44862,54.947662
44863,114.166664
44864,209.24002
44865,217.11867
44866,203.66356
44867,179.88391
44868,217.1194
44869,205.75563
44870,271.36136
44871,247.59262
44872,205.58989
44873,147.82234
44874,68.90379
44875,90.036156
44876,82.05662
44877,65.69705
44878,13.724079
44879,-1.6478266
44880,0.6854916
44881,0.6854916
44882,2.494251
44883,2.9397593
44884,1.3199775
44885,1.3199775
44886,1.4429663
44887,1.6446391
44888,1.1356838
44889,3.490206
44890,25.782923
44891,65.57993
44892,65.84647
44893,79.59996
44894,37.149807
44895,21.048384
44896,4.589962
44897,5.732606
44898,7.763903
44899,1.4966589
44900,0.91262
44901,1.5269772
44902,1.2023158
44903,4.885962
44904,42.957794
44905,80.50887
44906,50.135822
44907,74.322334
44908,112.201256
44909,113.8253
44910,121.61985
44911,75.745384
44912,80.1892
44913,126.26168
44914,126.11682
44915,193.91898
44916,172.3639
44917,168.13469
44918,218.00072
44919,298.88937
44920,378.81754
44921,543.2637
44922,478.2916
44923,476.63367
44924,535.22125
44925,634.2247
44926,624.83844
44927,511.3755
44928,385.3531
44929,318.38626
44930,195.01337
44931,176.31532
44932,264.0775
44933,362.80356
44934,559.7821
44935,640.9266
44936,493.61993
44937,466.54874
44938,344.34506
44939,333.87106
44940,350.59903
44941,356.11584
44942,304.81943
44943,244.53062
44944,225.38147
44945,271.63992
44946,266.61417
44947,195.92606
44948,163.5181
44949,167.21649
44950,154.09564
44951,215.36629
44952,230.89499
44953,265.23715
44954,264.89532
44955,213.90163
44956,192.59453
44957,208.54132
44958,198.37892
44959,81.49038
44960,132.0968
44961,188.0251
44962,200.3181
44963,177.94205
44964,141.81258
44965,100.5974
44966,72.104645
44967,98.325485
44968,71.21192
44969,98.55986
44970,66.30181
44971,115.85677
44972,41.36624
44973,119.48392
44974,112.2126
44975,206.7328
44976,303.13705
44977,164.11449
44978,247.04793
44979,249.26604
44980,134.17386
44981,326.69086
44982,469.7361
44983,582.3837
44984,636.2674
44985,729.396
44986,447.12683
44987,476.65295
44988,610.28735
44989,565.0153
44990,474.84842
44991,466.3729
44992,477.15277
44993,458.1476
44994,542.0838
44995,470.47174
44996,568.2381
44997,444.62607
44998,466.26102
44999,495.1057
45000,481.42526
45001,506.75754
45002,338.61856
45003,199.37305
45004,267.80908
45005,193.84952
45006,103.90461
45007,174.75766
45008,294.91794
45009,615.0643
45010,844.7557
45011,802.0923
45012,600.0103
45013,830.72125
45014,933.5705
45015,615.28015
45016,676.1769
45017,864.43463
45018,993.551
45019,1170.8861
45020,928.1413
45021,623.21967
45022,598.1562
45023,1089.3171
45024,944.6289
45025,1094.8939
45026,1185.762
45027,1395.7853
45028,1440.4498
45029,1283.5813
45030,1178.2256
45031,1076.8792
45032,1249.7059
45033,1315.9268
45034,1450.3085
45035,1432.6545
45036,1471.9197
45037,1402.492
45038,1636.0192
45039,1577.2866
45040,1301.3022
45041,1120.2917
45042,1337.0339
45043,1325.7655
45044,1305.8895
45045,1279.2203
45046,1206.8374
45047,1088.9702
45048,1071.4373
45049,1063.5636
45050,1107.9731
45051,1092.9554
45052,1161.2509
45053,1053.1123
45054,944.5402
45055,965.85626
45056,1055.9244
45057,1168.3329
45058,1173.4581
45059,1148.8983
45060,987.1155
45061,744.4222
45062,804.2772
45063,886.9767
45064,779.3902
45065,843.0208
45066,1093.6853
45067,1130.4132
45068,1133.0938
45069,1186.8898
45070,1193.9674
45071,1344.6614
45072,1045.5565
45073,932.8837
45074,945.4961
45075,981.01483
45076,1103.9987
45077,1238.0769
45078,1211.2473
45079,1225.9218
45080,926.74274
45081,708.3673
45082,660.51025
45083,698.68536
45084,828.1173
45085,659.63806
45086,628.7188
45087,647.88086
45088,662.7573
45089,692.95294
45090,619.6214
45091,717.9728
45092,894.7629
45093,654.42737
45094,622.2526
45095,396.3433
45096,223.7581
45097,334.66223
45098,304.0272
45099,491.06705
45100,564.31586
45101,606.3318
45102,609.2013
45103,516.62213
45104,490.69528
45105,472.85065
45106,194.41327
45107,402.13364
45108,352.4947
45109,390.6612
45110,420.5371
45111,493.34464
45112,474.75812
45113,610.3911
45114,270.0044
45115,459.8713
45116,525.99316
45117,480.23846
45118,441.48752
45119,448.2943
45120,271.03674
45121,307.0678
45122,315.97058
45123,277.65063
45124,336.61774
45125,392.2212
45126,434.2202
45127,666.89166
45128,725.85254
45129,793.44684
45130,711.96014
45131,540.7211
45132,522.8886
45133,721.29895
45134,782.5276
45135,777.9951
45136,490.2964
45137,402.26874
45138,274.45795
45139,171.62209
45140,86.55563
45141,68.68791
45142,70.31536
45143,103.78586
45144,112.69073
45145,16.159565
45146,12.684114
45147,5.2220716
45148,18.204542
45149,31.597761
45150,54.79515
45151,99.75221
45152,87.7344
45153,121.06618
45154,123.4574
45155,120.365105
45156,190.84528
45157,209.01027
45158,219.5773
45159,382.4681
45160,446.21927
45161,518.01025
45162,1007.52545
45163,1290.9612
45164,1414.9205
45165,1511.7882
45166,1317.8726
45167,1249.0356
45168,1309.9879
45169,1585.9451
45170,1603.2701
45171,1597.867
45172,1594.2854
45173,1555.8102
45174,1522.219
45175,1330.4279
45176,1323.4019
45177,1258.1049
45178,1273.0513
45179,1118.9841
45180,1042.3126
45181,872.7854
45182,797.3456
45183,768.27124
45184,648.4731
45185,674.03076
45186,634.65063
45187,655.7806
45188,868.01263
45189,724.2437
45190,505.4116
45191,347.7964
45192,347.0132
45193,387.57123
45194,285.4244
45195,407.98965
45196,545.24005
45197,743.11285
45198,800.3759
45199,655.2767
45200,724.5924
45201,774.8522
45202,801.51807
45203,609.4627
45204,504.93185
45205,547.7333
45206,577.76373
45207,525.893
45208,392.17017
45209,430.59888
45210,510.57297
45211,577.5029
45212,533.4999
45213,677.8901
45214,1034.527
45215,1048.3516
45216,782.85333
45217,717.92664
45218,626.84247
45219,694.8951
45220,873.7256
45221,1082.064
45222,1117.0659
45223,1205.0494
45224,1192.9216
45225,1149.1326
45226,1079.2762
45227,1025.8081
45228,810.16675
45229,717.9508
45230,704.1688
45231,777.3844
45232,515.6281
45233,781.332
45234,730.09644
45235,627.24426
45236,723.5395
45237,496.83563
45238,477.77045
45239,390.49722
45240,354.61868
45241,379.08606
45242,299.70856
45243,329.98074
45244,592.6281
45245,517.8333
45246,509.3179
45247,601.6971
45248,499.50055
45249,316.45187
45250,320.3336
45251,290.46024
45252,272.01962
45253,288.4606
45254,254.51353
45255,373.66852
45256,413.68927
45257,294.00845
45258,120.196976
45259,30.452227
45260,44.567238
45261,43.386658
45262,21.639912
45263,17.583542
45264,59.753113
45265,84.383286
45266,52.423584
45267,12.655538
45268,2.6408746
45269,2.4757106
45270,1.6043962
45271,1.6253867
45272,8.601751
45273,73.74718
45274,117.15566
45275,144.62804
45276,154.6828
45277,116.178474
45278,160.53917
45279,325.91132
45280,376.19577
45281,252.28917
45282,305.21313
45283,536.1288
45284,761.4787
45285,633.9972
45286,719.14624
45287,719.14624
45288,774.75006
45289,808.10175
45290,874.9416
45291,881.7559
45292,904.49493
45293,1049.2628
45294,1092.9421
45295,1163.832
45296,1261.4719
45297,1202.261
45298,1097.899
45299,1025.164
45300,1101.2169
45301,938.76666
45302,878.24536
45303,1114.749
45304,1319.5454
45305,1265.4778
45306,1250.185
45307,1222.5587
45308,887.7013
45309,540.2069
45310,385.37244
45311,310.33023
45312,241.43936
45313,209.67648
45314,323.36713
45315,303.66888
45316,673.9013
45317,722.4154
45318,529.3321
45319,369.9928
45320,144.1282
45321,179.22868
45322,156.79573
45323,153.0771
45324,179.99979
45325,531.0368
45326,1098.2849
45327,1153.6748
45328,1271.6305
45329,1162.4296
45330,1061.2914
45331,787.341
45332,706.42
45333,983.4698
45334,928.0472
45335,763.25244
45336,941.8627
45337,1112.6476
45338,1172.125
45339,1208.6904
45340,1187.5317
45341,1553.1707
45342,1504.5339
45343,1134.5798
45344,1026.8438
45345,1127.1425
45346,1009.1387
45347,958.6602
45348,750.94165
45349,795.44507
45350,745.1942
45351,676.0081
45352,512.67804
45353,549.2033
45354,846.8337
45355,1158.1122
45356,1587.3981
45357,1397.4509
45358,1406.0322
45359,1560.1039
45360,1542.2778
45361,1390.56
45362,1440.046
45363,1195.0299
45364,1260.6002
45365,1549.8629
45366,1447.7579
45367,1519.3339
45368,1511.2032
45369,1494.4451
45370,1270.1614
45371,1394.8553
45372,1545.4352
45373,1792.1956
45374,1786.8502
45375,1736.9993
45376,1725.1211
45377,1937.4781
45378,1869.5298
45379,1886.2502
45380,1883.7732
45381,1532.0038
45382,1380.7303
45383,1694.9408
45384,1626.6968
45385,1519.414
45386,1781.3428
45387,1746.0524
45388,1699.0814
45389,867.24786
45390,404.74298
45391,434.49872
45392,243.13528
45393,461.25214
45394,333.44012
45395,357.9372
45396,351.98807
45397,214.7645
45398,264.73376
45399,296.46036
45400,218.87587
45401,366.1162
45402,341.0063
45403,89.04922
45404,130.14275
45405,332.29373
45406,444.35507
45407,185.07056
45408,179.12468
45409,427.79297
45410,306.59723
45411,296.90213
45412,202.95163
45413,100.55418
45414,96.80832
45415,367.0549
45416,569.421
45417,719.24725
45418,1134.7972
45419,1168.517
45420,1262.5652
45421,1151.2598
45422,1044.2039
45423,1369.5131
45424,1309.6844
45425,1315.6758
45426,1215.3157
45427,1299.9307
45428,1240.3788
45429,1338.9296
45430,1112.5912
45431,1132.4269
45432,1198.3131
45433,1319.8754
45434,1278.5369
45435,1133.81
45436,966.70355
45437,865.30096
45438,821.7155
45439,701.5425
45440,696.14294
45441,593.5076
45442,616.8917
45443,665.382
45444,710.173
45445,793.9082
45446,596.48303
45447,497.42447
45448,721.68475
45449,682.8756
45450,942.8217
45451,873.24725
45452,910.27344
45453,1152.2622
45454,1021.45636
45455,1030.2567
45456,1081.244
45457,1128.952
45458,1187.6016
45459,1025.4414
45460,868.2323
45461,660.0183
45462,715.6103
45463,721.47314
45464,835.9581
45465,769.8606
45466,1145.0728
45467,1150.7477
45468,1178.4878
45469,1023.84393
45470,1131.4026
45471,856.2359
45472,793.47833
45473,896.1282
45474,1002.8343
45475,1056.5083
45476,815.06885
45477,770.61896
45478,768.77637
45479,696.2029
45480,1000.44696
45481,1038.4127
45482,1058.4948
45483,1186.3555
45484,1208.0687
45485,1031.7417
45486,973.51025
45487,1249.5688
45488,1499.3817
45489,1194.2716
45490,1013.10065
45491,1016.7195
45492,1094.6597
45493,1025.1691
45494,1153.6907
45495,1274.4978
45496,1395.7283
45497,1268.3909
45498,1285.3486
45499,1490.2527
45500,1433.749
45501,1450.5233
45502,1168.968
45503,1257.1345
45504,1350.403
45505,987.74414
45506,1142.5634
45507,1260.4587
45508,1063.242
45509,992.8329
45510,1033.7997
45511,1109.6337
45512,945.5042
45513,841.3583
45514,854.4924
45515,826.1437
45516,868.2221
45517,1189.0015
45518,1104.0537
45519,873.47595
45520,589.4676
45521,550.53906
45522,630.4005
45523,789.74567
45524,923.3619
45525,672.5844
45526,692.1003
45527,597.32385
45528,608.01807
45529,803.1396
45530,813.81396
45531,612.5722
45532,634.3607
45533,863.68634
45534,904.5504
45535,829.9063
45536,1035.5992
45537,872.0534
45538,885.39105
45539,766.898
45540,782.89886
45541,866.97644
45542,730.1561
45543,729.0561
45544,679.4823
45545,674.3929
45546,623.28394
45547,716.54156
45548,860.5346
45549,836.884
45550,872.1282
45551,789.22723
45552,686.43536
45553,873.94104
45554,1123.1738
45555,1128.7648
45556,1140.6289
45557,1123.7312
45558,905.4963
45559,752.58655
45560,606.2535
45561,833.503
45562,844.3973
45563,758.6686
45564,766.17084
45565,984.0626
45566,742.63257
45567,805.50397
45568,756.5417
45569,701.949
45570,933.55066
45571,1010.62024
45572,830.01337
45573,748.50275
45574,506.2728
45575,570.62885
45576,833.4168
45577,684.42755
45578,746.3464
45579,819.9472
45580,790.36304
45581,974.26135
45582,699.5797
45583,907.81854
45584,1032.8809
45585,1115.6971
45586,1204.2075
45587,737.5418
45588,691.97736
45589,737.62067
45590,511.12213
45591,454.151
45592,380.17316
45593,526.46466
45594,446.25146
45595,412.64383
45596,505.44812
45597,729.0316
45598,287.10535
45599,665.8756
45600,476.15356
45601,496.72015
45602,290.67477
45603,371.8764
45604,344.79358
45605,281.2707
45606,316.47318
45607,389.62967
45608,333.05545
45609,315.2362
45610,276.49216
45611,264.35278
45612,215.34659
45613,272.8286
45614,378.51608
45615,352.95886
45616,231.65796
45617,294.20673
45618,255.29308
45619,265.45996
45620,298.40564
45621,221.20256
45622,261.3951
45623,254.53967
45624,174.29486
45625,215.88734
45626,156.87471
45627,248.66533
45628,165.11955
45629,130.47063
45630,63.535587
45631,91.6999
45632,63.34645
45633,42.71246
45634,122.523865
45635,19.549252
45636,6.651853
45637,5.2357945
45638,34.297
45639,178.08163
45640,297.35034
45641,202.64455
45642,168.41281
45643,75.005035
45644,87.31368
45645,75.966194
45646,95.83861
45647,84.43513
45648,159.11667
45649,275.93893
45650,350.65558
45651,365.8063
45652,342.3268
45653,340.24603
45654,359.31744
45655,247.09174
45656,82.68789
45657,59.038025
45658,197.05086
45659,342.9045
45660,247.67271
45661,230.6677
45662,185.82216
45663,228.30908
45664,213.89764
45665,349.6554
45666,344.6407
45667,230.9215
45668,333.19278
45669,304.6714
45670,324.30188
45671,452.96075
45672,412.11447
45673,528.8042
45674,510.5655
45675,847.2623
45676,276.40558
45677,424.68866
45678,799.62036
45679,1361.2787
45680,810.14435
45681,681.88367
45682,913.4196
45683,1154.7749
45684,1021.82446
45685,847.84485
45686,1069.4956
45687,868.3112
45688,710.0916
45689,805.8674
45690,766.55756
45691,830.0493
45692,355.0095
45693,903.49646
45694,731.853
45695,378.48474
45696,332.80533
45697,321.78857
45698,111.27598
45699,96.68409
45700,96.44517
45701,113.16587
45702,82.13063
45703,96.18831
45704,276.54178
45705,744.3641
45706,1287.3315
45707,1171.1228
45708,838.53955
45709,826.85785
45710,828.2126
45711,712.9239
45712,759.1722
45713,670.32715
45714,569.5106
45715,312.4486
45716,200.84586
45717,116.87126
45718,115.999504
45719,222.64795
45720,175.57254
45721,93.30784
45722,134.93338
45723,269.357
45724,236.69873
45725,325.12656
45726,306.28525
45727,338.26938
45728,614.6854
45729,519.6076
45730,492.60138
45731,526.94617
45732,503.91858
45733,590.83844
45734,450.63895
45735,378.8232
45736,369.7583
45737,374.49844
45738,350.6724
45739,640.17676
45740,373.24423
45741,350.31427
45742,505.9692
45743,524.8416
45744,773.0986
45745,934.699
45746,1147.9948
45747,1040.6381
45748,985.6482
45749,1034.7213
45750,1092.1306
45751,1032.2213
45752,1006.4236
45753,846.52405
45754,864.98
45755,786.6095
45756,754.58405
45757,538.1724
45758,484.4033
45759,435.54443
45760,398.29388
45761,335.62387
45762,306.751
45763,339.99258
45764,350.29404
45765,364.79776
45766,507.62488
45767,520.68475
45768,642.3334
45769,594.8717
45770,536.5199
45771,525.16095
45772,511.25568
45773,467.50143
45774,399.17386
45775,421.21268
45776,456.1599
45777,519.56793
45778,490.96082
45779,418.40247
45780,538.05206
45781,517.40704
45782,449.6295
45783,425.38663
45784,505.34592
45785,443.9291
45786,293.61874
45787,213.74445
45788,172.54404
45789,201.5608
45790,220.03311
45791,229.27545
45792,179.03502
45793,161.31317
45794,171.39957
45795,241.75388
45796,308.52887
45797,410.96228
45798,410.84018
45799,235.75456
45800,220.34755
45801,321.56308
45802,344.80283
45803,390.49628
45804,263.10162
45805,237.14142
45806,240.98009
45807,287.65176
45808,343.06354
45809,339.2352
45810,251.20486
45811,232.26839
45812,322.15372
45813,223.54814
45814,265.85437
45815,229.6275
45816,351.48224
45817,282.5656
45818,546.4236
45819,502.73492
45820,385.64505
45821,396.97757
45822,301.1184
45823,274.94473
45824,278.55692
45825,300.04965
45826,255.05016
45827,339.32303
45828,328.81677
45829,371.30237
45830,284.45966
45831,189.87979
45832,233.26582
45833,167.72755
45834,187.66571
45835,251.08376
45836,409.90256
45837,444.69266
45838,302.73203
45839,273.5022
45840,221.58606
45841,229.31354
45842,167.9374
45843,238.57974
45844,275.7646
45845,393.68588
45846,311.25208
45847,293.58023
45848,386.6803
45849,269.4503
45850,289.4364
45851,265.77893
45852,243.191
45853,238.12395
45854,259.4089
45855,194.4667
45856,218.10248
45857,148.00258
45858,119.796616
45859,147.66156
45860,147.169
45861,161.60185
45862,161.48737
45863,185.8917
45864,293.82208
45865,266.06247
45866,256.32944
45867,197.30249
45868,7.9200273
45869,9.26541
45870,93.26409
45871,154.57301
45872,74.04528
45873,181.95622
45874,115.29322
45875,206.53836
45876,221.69116
45877,222.17464
45878,204.38153
45879,245.38568
45880,296.12543
45881,340.18005
45882,306.9887
45883,329.56195
45884,337.85834
45885,237.2749
45886,205.78185
45887,266.40872
45888,266.40872
45889,304.22006
45890,356.71906
45891,293.64688
45892,219.14465
45893,179.12775
45894,193.9232
45895,165.24399
45896,185.71327
45897,195.2486
45898,281.87994
45899,267.83252
45900,315.73694
45901,228.3805
45902,234.92126
45903,241.5509
45904,177.36485
45905,154.53447
45906,186.02994
45907,289.90585
45908,231.60925
45909,225.61177
45910,271.0799
45911,236.91154
45912,183.59624
45913,219.44568
45914,219.44568
45915,243.96301
45916,268.74402
45917,323.22803
45918,244.88512
45919,258.04193
45920,290.53455
45921,309.9687
45922,323.1195
45923,372.6426
45924,365.50778
45925,392.84717
45926,369.97424
45927,399.5381
45928,474.3499
45929,419.76382
45930,388.52667
45931,521.05945
45932,446.30597
45933,521.3117
45934,512.7735
45935,695.5446
45936,734.77075
45937,703.67004
45938,658.7414
45939,579.98065
45940,607.6313
45941,823.1946
45942,919.5313
45943,748.2221
45944,752.09534
45945,569.38586
45946,741.62726
45947,854.9446
45948,969.8976
45949,1338.6135
45950,953.27844
45951,1094.4897
45952,1055.061
45953,1174.1504
45954,1402.0243
45955,1191.7994
45956,1011.1206
45957,1023.01294
45958,903.3631
45959,1064.2284
45960,957.23535
45961,972.9009
45962,1042.2124
45963,1421.5802
45964,1370.2977
45965,1141.8157
45966,1045.0175
45967,1264.767
45968,1402.9957
45969,1379.514
45970,1375.7153
45971,1438.7338
45972,1219.8387
45973,1320.6249
45974,1106.9797
45975,1221.6504
45976,1126.7269
45977,1308.6493
45978,1204.1534
45979,1274.4679
45980,1332.3108
45981,1343.0321
45982,1386.6427
45983,1498.3666
45984,1597.7686
45985,1699.4277
45986,1735.4329
45987,1731.6985
45988,1680.5538
45989,1875.9272
45990,1758.7506
45991,1815.7705
45992,1866.0502
45993,1829.3408
45994,1860.2681
45995,1905.1874
45996,1820.0374
45997,1741.1177
45998,1640.4908
45999,1829.4784
46000,1887.1534
46001,1872.997
46002,1844.3595
46003,1884.5406
46004,1909.0143
46005,1840.9556
46006,1872.3628
46007,1895.799
46008,1946.633
46009,1986.2749
46010,1937.971
46011,1843.3053
46012,1891.5438
46013,1738.596
46014,1738.0134
46015,1788.2238
46016,1712.3986
46017,1914.746
46018,1868.201
46019,1746.4879
46020,1886.3794
46021,1746.2814
46022,1741.3385
46023,1633.1627
46024,1815.8298
46025,1713.3654
46026,1787.1339
46027,1798.896
46028,1858.875
46029,1759.8799
46030,1763.6492
46031,1683.4391
46032,1591.8167
46033,1616.3246
46034,1834.4071
46035,1763.9878
46036,1695.7404
46037,1852.8533
46038,1745.3037
46039,1763.8004
46040,1784.0967
46041,1838.8053
46042,1855.7615
46043,1716.6765
46044,1829.1544
46045,1900.255
46046,1765.5598
46047,1886.7589
46048,1744.9614
46049,1913.2529
46050,1899.2585
46051,1749.0923
46052,1866.785
46053,1732.6807
46054,1790.7416
46055,1875.1436
46056,1834.9631
46057,1832.0441
46058,1882.5105
46059,1934.2883
46060,1926.562
46061,1917.6309
46062,1892.1891
46063,1936.097
46064,1847.3348
46065,1892.1891
46066,1927.8691
46067,1945.0154
46068,1936.9711
46069,1905.0233
46070,1880.0269
46071,1710.7747
46072,1654.724
46073,1794.849
46074,1879.887
46075,1887.9546
46076,1734.2412
46077,1585.6627
46078,1413.8179
46079,1602.5177
46080,1451.3086
46081,1365.5187
46082,1409.4529
46083,1080.473
46084,1142.7103
46085,807.3924
46086,663.1003
46087,600.2725
46088,695.18677
46089,754.8463
46090,596.2436
46091,425.52045
46092,561.28827
46093,655.2036
46094,232.53435
46095,114.15425
46096,275.6521
46097,242.86899
46098,145.17914
46099,19.655436
46100,10.699034
46101,1.4392769
46102,2.1773148
46103,1.6683595
46104,1.8526533
46105,1.6683595
46106,1.6683595
46107,1.6683595
46108,3.5091202
46109,3.5091202
46110,3.230375
46111,3.230375
46112,3.1274931
46113,2.9377377
46114,1.7585604
46115,3.3203683
46116,31.442772
46117,48.12389
46118,57.297165
46119,42.593998
46120,74.71226
46121,58.19543
46122,77.441414
46123,73.95542
46124,84.194565
46125,146.16505
46126,135.68279
46127,109.90025
46128,51.610153
46129,20.758791
46130,5.155548
46131,2.813197
46132,3.3539727
46133,3.3588173
46134,4.023742
46135,23.004595
46136,64.38222
46137,75.11545
46138,78.27188
46139,122.37565
46140,170.03868
46141,170.03868
46142,163.35387
46143,161.34627
46144,96.92777
46145,169.33597
46146,170.2571
46147,69.432976
46148,136.47768
46149,210.24007
46150,241.04068
46151,224.77356
46152,248.51056
46153,183.39673
46154,203.14632
46155,175.14177
46156,145.26532
46157,169.58624
46158,201.20908
46159,101.248314
46160,195.63483
46161,291.52597
46162,244.34308
46163,195.99213
46164,206.88293
46165,155.37436
46166,209.92764
46167,318.66397
46168,350.61792
46169,294.591
46170,283.8367
46171,288.03387
46172,355.81726
46173,309.67773
46174,236.96394
46175,335.19315
46176,472.78308
46177,415.60757
46178,250.17566
46179,128.36931
46180,116.706345
46181,139.60631
46182,184.26784
46183,195.11905
46184,297.68237
46185,334.27667
46186,314.583
46187,366.4323
46188,261.4219
46189,323.40646
46190,410.17825
46191,388.28235
46192,279.0473
46193,160.83424
46194,170.06879
46195,187.28946
46196,133.59431
46197,114.070984
46198,112.58154
46199,89.78128
46200,125.24926
46201,78.96567
46202,145.76503
46203,203.35944
46204,168.74852
46205,161.16634
46206,235.94873
46207,62.213852
46208,68.08582
46209,66.19783
46210,59.255344
46211,107.31232
46212,150.99092
46213,196.84924
46214,173.82755
46215,194.9619
46216,243.40797
46217,232.31213
46218,202.20482
46219,237.6946
46220,196.02165
46221,291.19998
46222,321.2853
46223,141.04477
46224,244.64005
46225,291.77664
46226,195.81703
46227,130.087
46228,130.7154
46229,153.6618
46230,138.5144
46231,84.08464
46232,106.9758
46233,55.33143
46234,85.49882
46235,101.993546
46236,68.976685
46237,145.5188
46238,88.309746
46239,47.749027
46240,69.34652
46241,13.488659
46242,3.9031603
46243,60.866608
46244,10.376071
46245,4.8505836
46246,4.1955194
46247,97.93329
46248,112.3386
46249,123.69075
46250,42.96862
46251,60.249344
46252,93.7021
46253,78.17375
46254,41.44405
46255,55.63544
46256,73.7759
46257,58.80331
46258,93.06456
46259,63.711357
46260,30.784239
46261,61.211243
46262,73.66532
46263,97.59308
46264,122.3618
46265,45.762333
46266,91.35377
46267,103.44068
46268,16.452892
46269,2.5561442
46270,3.5861285
46271,41.487392
46272,90.73575
46273,54.278778
46274,12.406257
46275,67.96452
46276,73.0177
46277,175.68102
46278,288.9232
46279,357.5431
46280,343.0496
46281,284.72803
46282,170.335
46283,264.08847
46284,322.6271
46285,328.8939
46286,292.65652
46287,228.59952
46288,149.12704
46289,167.71274
46290,136.72604
46291,95.9594
46292,153.4995
46293,209.58943
46294,226.75784
46295,205.41953
46296,272.62872
46297,306.9855
46298,215.44505
46299,233.66199
46300,208.78418
46301,321.91528
46302,321.10718
46303,334.46304
46304,395.70212
46305,428.70993
46306,443.0513
46307,604.5903
46308,549.6864
46309,553.444
46310,469.98972
46311,614.4972
46312,843.8102
46313,891.6177
46314,678.84924
46315,857.23413
46316,681.19
46317,578.07574
46318,402.59265
46319,380.05057
46320,427.97003
46321,302.3601
46322,405.49982
46323,449.52304
46324,317.66486
46325,241.78233
46326,195.50583
46327,239.18903
46328,255.77638
46329,257.14252
46330,397.87878
46331,428.33823
46332,379.74332
46333,195.6306
46334,174.07526
46335,137.01744
46336,137.68724
46337,207.90047
46338,331.14755
46339,362.13998
46340,294.20578
46341,230.58723
46342,226.72908
46343,196.94762
46344,123.072464
46345,127.759026
46346,146.07466
46347,153.43492
46348,152.06609
46349,198.6085
46350,97.50799
46351,81.82095
46352,152.71918
46353,236.94167
46354,137.73697
46355,112.09356
46356,163.2791
46357,118.03436
46358,170.05728
46359,195.98834
46360,264.7258
46361,171.74081
46362,149.10094
46363,126.89399
46364,213.0422
46365,204.50313
46366,169.11865
46367,166.78726
46368,149.96887
46369,124.97855
46370,148.07846
46371,182.66862
46372,85.41125
46373,97.37723
46374,103.5136
46375,94.363464
46376,89.38178
46377,86.331665
46378,105.23349
46379,91.46751
46380,45.961666
46381,60.85498
46382,49.28469
46383,59.413795
46384,192.87529
46385,175.21443
46386,229.16533
46387,79.95992
46388,96.33865
46389,209.82832
46390,322.09726
46391,308.3305
46392,310.62366
46393,338.41068
46394,303.08752
46395,302.62378
46396,108.238945
46397,153.58089
46398,207.54607
46399,384.7831
46400,401.87372
46401,378.73624
46402,321.7802
46403,353.78644
46404,194.64221
46405,129.71288
46406,217.25903
46407,219.63812
46408,115.98973
46409,37.201283
46410,253.11938
46411,379.60785
46412,499.7033
46413,367.384
46414,385.13828
46415,256.60828
46416,169.92203
46417,166.7592
46418,175.14648
46419,271.1022
46420,499.66925
46421,405.57297
46422,358.60233
46423,127.6588
46424,85.0058
46425,93.998375
46426,81.18868
46427,181.7183
46428,205.46364
46429,177.81567
46430,205.95242
46431,294.5026
46432,270.6411
46433,233.33958
46434,301.32413
46435,246.05289
46436,178.95505
46437,204.83026
46438,316.9789
46439,120.196335
46440,161.16844
46441,185.3071
46442,227.85309
46443,226.07217
46444,229.32077
46445,304.19537
46446,301.40707
46447,279.71783
46448,61.975388
46449,40.750954
46450,12.500145
46451,30.030815
46452,63.79236
46453,79.24827
46454,48.55582
46455,31.079645
46456,208.40877
46457,192.13434
46458,93.088936
46459,43.148674
46460,3.7481842
46461,1.8074635
46462,1.8074635
46463,1.8074635
46464,3.3663213
46465,2.1815133
46466,2.828191
46467,2.4999223
46468,2.7373037
46469,7.5812087
46470,34.24566
46471,134.32413
46472,140.28792
46473,136.24474
46474,127.56354
46475,32.78969
46476,68.16703
46477,133.4857
46478,141.73904
46479,125.02693
46480,99.60064
46481,89.52769
46482,137.69376
46483,117.2368
46484,173.92798
46485,221.28741
46486,325.24203
46487,200.17393
46488,244.34172
46489,271.17822
46490,227.68042
46491,266.71356
46492,323.03467
46493,333.83014
46494,262.19193
46495,173.32751
46496,272.39648
46497,328.52817
46498,388.85925
46499,417.132
46500,181.31483
46501,164.40811
46502,213.07166
46503,185.3347
46504,249.72256
46505,162.95815
46506,113.29969
46507,51.467525
46508,127.89873
46509,118.620346
46510,141.75195
46511,128.99768
46512,115.272446
46513,140.13156
46514,107.00075
46515,82.08536
46516,101.330956
46517,92.12026
46518,94.21872
46519,85.52599
46520,52.837894
46521,41.791203
46522,13.823918
46523,11.85886
46524,7.25389
46525,2.8539245
46526,5.0241547
46527,4.289413
46528,2.6696308
46529,2.6696308
46530,1.7474928
46531,1.9847797
46532,1.8114624
46533,1.9847797
46534,1.3044753
46535,1.4890683
46536,1.9240087
46537,2.3947377
46538,1.5637661
46539,1.74806
46540,1.4092238
46541,38.23002
46542,90.91959
46543,50.99682
46544,73.55636
46545,66.157585
46546,95.63428
46547,15.40723
46548,72.135994
46549,149.55206
46550,182.29163
46551,152.3417
46552,88.34386
46553,80.920746
46554,79.008026
46555,41.245476
46556,60.528748
46557,137.96515
46558,116.22748
46559,30.654573
46560,31.351515
46561,67.827965
46562,89.423874
46563,92.47004
46564,44.816345
46565,63.612587
46566,64.24201
46567,78.226
46568,91.01164
46569,85.20438
46570,87.68493
46571,87.251236
46572,84.66254
46573,118.48997
46574,122.49564
46575,174.39708
46576,225.16977
46577,181.8289
46578,154.4217
46579,116.17203
46580,68.69779
46581,89.30375
46582,186.18456
46583,235.0842
46584,179.05205
46585,164.63069
46586,212.66733
46587,212.46494
46588,120.94218
46589,152.01532
46590,225.75685
46591,252.47655
46592,333.55853
46593,229.29106
46594,270.5608
46595,317.1449
46596,259.35544
46597,279.61423
46598,221.36514
46599,205.87392
46600,356.34174
46601,402.07263
46602,441.78745
46603,375.55484
46604,487.5953
46605,497.72626
46606,523.20306
46607,489.9507
46608,404.5093
46609,536.4236
46610,568.02606
46611,490.01752
46612,377.21094
46613,352.21283
46614,405.7527
46615,503.30948
46616,615.718
46617,540.059
46618,473.98947
46619,338.86133
46620,330.78345
46621,299.93887
46622,228.85545
46623,229.02318
46624,290.427
46625,250.29478
46626,321.4496
46627,270.89627
46628,298.60245
46629,322.67517
46630,323.73413
46631,232.15837
46632,298.7096
46633,311.22882
46634,498.12817
46635,556.2267
46636,762.9623
46637,632.92004
46638,537.6987
46639,606.92896
46640,502.93723
46641,700.77985
46642,413.0478
46643,468.6245
46644,429.61462
46645,660.21686
46646,647.6557
46647,721.4459
46648,562.23254
46649,518.6513
46650,540.41125
46651,430.90225
46652,356.14044
46653,325.17615
46654,456.2209
46655,425.9646
46656,567.9413
46657,664.44275
46658,641.99097
46659,671.3385
46660,615.27814
46661,607.82007
46662,534.6646
46663,614.1483
46664,526.6779
46665,310.5653
46666,225.10133
46667,393.6403
46668,429.15555
46669,215.53516
46670,166.10805
46671,116.33692
46672,179.66223
46673,188.8202
46674,196.63336
46675,222.22989
46676,246.85225
46677,153.99379
46678,79.16995
46679,98.256615
46680,85.336754
46681,117.76185
46682,189.34706
46683,249.56166
46684,417.85388
46685,394.0679
46686,338.1952
46687,375.7656
46688,448.6058
46689,348.81122
46690,397.39243
46691,430.26013
46692,283.83636
46693,239.8822
46694,180.62262
46695,175.12479
46696,266.20145
46697,281.44418
46698,371.19748
46699,453.8345
46700,453.9665
46701,275.9128
46702,164.85553
46703,138.85994
46704,172.81448
46705,88.270515
46706,149.2582
46707,230.41873
46708,302.9258
46709,208.39221
46710,309.70114
46711,322.2379
46712,167.05833
46713,89.2672
46714,138.24437
46715,146.74638
46716,135.64714
46717,74.513954
46718,208.1603
46719,105.90643
46720,106.94284
46721,77.70668
46722,125.03668
46723,171.67651
46724,223.53026
46725,188.76082
46726,138.08871
46727,44.27163
46728,119.23355
46729,61.401833
46730,67.775215
46731,90.6354
46732,87.705025
46733,46.874382
46734,56.383293
46735,86.837975
46736,14.075684
46737,28.541504
46738,48.197433
46739,21.747362
46740,16.067713
46741,3.0461085
46742,2.9614732
46743,2.521916
46744,2.3495564
46745,2.7417068
46746,2.045155
46747,2.3495564
46748,2.3495564
46749,2.3495564
46750,2.3495564
46751,2.3495564
46752,2.6368117
46753,2.4477148
46754,2.6180854
46755,2.4477148
46756,2.4477148
46757,2.4477148
46758,2.4477148
46759,3.0492837
46760,2.8010416
46761,2.8010416
46762,2.9051232
46763,2.8010416
46764,2.8010416
46765,2.7788253
46766,2.7788253
46767,2.0683746
46768,2.0683746
46769,2.0683746
46770,2.0683746
46771,2.0796418
46772,2.0796418
46773,1.9250994
46774,1.9250994
46775,1.9469739
46776,1.9469739
46777,1.882228
46778,1.882228
46779,1.882228
46780,1.4519601
46781,1.4519601
46782,1.4519601
46783,1.4300855
46784,1.4300855
46785,1.4300855
46786,1.535647
46787,2.1292028
46788,1.5869055
46789,2.3002512
46790,2.8425486
46791,2.1961696
46792,2.800137
46793,2.4781203
46794,4.462329
46795,19.95385
46796,39.232517
46797,50.7356
46798,36.732414
46799,6.6986094
46800,2.6707466
46801,12.349002
46802,31.798592
46803,10.929122
46804,7.3667455
46805,31.69857
46806,55.61267
46807,17.014723
46808,4.770785
46809,2.8274071
46810,2.8274071
46811,2.8274071
46812,3.1529202
46813,2.6442292
46814,3.565368
46815,2.970894
46816,3.2456539
46817,3.3171256
46818,6.86734
46819,43.47323
46820,14.839243
46821,9.242929
46822,28.132393
46823,27.720646
46824,87.534096
46825,94.217316
46826,120.572334
46827,149.02184
46828,200.38843
46829,181.99625
46830,147.74004
46831,142.92969
46832,83.23367
46833,87.15272
46834,72.96521
46835,98.87633
46836,171.33394
46837,291.41254
46838,260.34567
46839,298.73718
46840,303.54135
46841,330.80203
46842,329.52173
46843,377.93256
46844,234.59953
46845,337.23267
46846,278.6623
46847,197.9313
46848,272.78653
46849,311.3899
46850,349.48953
46851,378.4242
46852,376.62546
46853,310.17383
46854,291.56137
46855,318.8154
46856,279.51022
46857,339.93478
46858,259.43497
46859,271.76895
46860,195.07591
46861,218.43515
46862,172.89638
46863,89.82477
46864,34.114853
46865,53.109394
46866,54.9019
46867,73.89501
46868,56.08367
46869,37.65103
46870,60.83204
46871,64.6225
46872,66.78
46873,66.07841
46874,13.287351
46875,3.1438634
46876,4.23225
46877,17.825306
46878,4.6839576
46879,3.0066555
46880,3.4733107
46881,3.0873077
46882,4.1026306
46883,19.028969
46884,19.395212
46885,14.32354
46886,20.262623
46887,9.932611
46888,5.0342016
46889,2.9499695
46890,1.4441135
46891,1.4441135
46892,2.8836803
46893,4.563878
46894,4.563878
46895,6.8826656
46896,3.4036617
46897,3.1737428
46898,4.439992
46899,2.8540287
46900,4.439992
46901,3.1737428
46902,4.815564
46903,5.687025
46904,3.100108
46905,6.2265835
46906,4.2887483
46907,4.2887483
46908,8.372054
46909,19.962631
46910,18.25043
46911,12.404772
46912,3.2976992
46913,1.858132
46914,1.858132
46915,3.0332804
46916,2.9945269
46917,4.069665
46918,10.725658
46919,3.7829206
46920,3.078646
46921,1.0854055
46922,1.5734814
46923,4.526641
46924,1.5734814
46925,2.588805
46926,3.1087866
46927,4.7814355
46928,4.7814355
46929,4.7814355
46930,5.4857106
46931,6.903568
46932,6.719274
46933,4.965729
46934,4.215251
46935,5.6124063
46936,7.3508954
46937,9.447449
46938,11.93771
46939,19.262619
46940,17.645308
46941,16.72776
46942,25.03039
46943,51.93598
46944,67.878044
46945,45.48539
46946,49.46398
46947,45.787163
46948,49.41985
46949,45.961617
46950,58.927017
46951,44.16126
46952,58.665817
46953,49.19061
46954,45.224483
46955,93.90137
46956,219.0136
46957,218.96146
46958,191.33522
46959,152.343
46960,214.62225
46961,270.5401
46962,229.19604
46963,164.15315
46964,266.47345
46965,276.74863
46966,232.81535
46967,178.70955
46968,123.148415
46969,119.41469
46970,231.4547
46971,301.3314
46972,414.6599
46973,380.9876
46974,280.21652
46975,268.56775
46976,295.04883
46977,195.23767
46978,101.592514
46979,178.5803
46980,147.5345
46981,26.191166
46982,4.933452
46983,11.320595
46984,116.225685
46985,145.84746
46986,105.7423
46987,57.001377
46988,23.617836
46989,159.24628
46990,258.95334
46991,253.5254
46992,224.25513
46993,249.30019
46994,236.7481
46995,213.13547
46996,193.86526
46997,169.04051
46998,152.31413
46999,159.86636
47000,173.18178
47001,106.25386
47002,139.64961
47003,155.81512
47004,106.25386
47005,129.18063
47006,130.7956
47007,99.45437
47008,155.62527
47009,209.42656
47010,209.94804
47011,156.0443
47012,130.52708
47013,145.68909
47014,127.44713
47015,79.40256
47016,47.52153
47017,69.15861
47018,41.998196
47019,34.055138
47020,25.440853
47021,101.883705
47022,11.369702
47023,1.5344033
47024,1.602681
47025,2.0906706
47026,1.5344033
47027,2.8048856
47028,2.8048856
47029,1.4371438
47030,29.551296
47031,20.859196
47032,10.391721
47033,1.6095031
47034,1.7728316
47035,0.80970997
47036,0.80970997
47037,0.80970997
47038,0.59664065
47039,0.59664065
47040,0.78155154
47041,1.2347915
47042,0.700047
47043,0.63977027
47044,0.5276877
47045,1.1880372
47046,1.1034018
47047,6.223814
47048,22.474531
47049,73.715065
47050,46.05826
47051,35.82296
47052,12.326511
47053,20.558249
47054,26.122265
47055,32.119564
47056,66.37597
47057,97.19167
47058,116.654625
47059,101.3039
47060,51.87036
47061,108.31536
47062,111.689514
47063,73.56601
47064,45.424786
47065,26.508787
47066,23.592428
47067,23.177383
47068,28.533306
47069,35.42319
47070,24.27032
47071,5.589792
47072,5.656834
47073,16.198034
47074,5.5008163
47075,1.5045189
47076,2.976423
47077,1.3273721
47078,1.3273721
47079,1.3273721
47080,10.128858
47081,23.46167
47082,43.25935
47083,79.08838
47084,63.487747
47085,89.06151
47086,38.54724
47087,26.359486
47088,15.292236
47089,2.2002144
47090,2.2002144
47091,2.2002144
47092,2.7091696
47093,2.8105562
47094,1.8595054
47095,1.2654082
47096,1.2654082
47097,1.4287589
47098,1.3273721
47099,1.3273721
47100,1.3336241
47101,1.3336241
47102,1.1143028
47103,1.1143028
47104,1.1143028
47105,1.1143028
47106,1.1143028
47107,1.1613332
47108,1.1613332
47109,1.1613332
47110,1.1613332
47111,1.1613332
47112,1.1613332
47113,1.2102157
47114,1.948796
47115,1.5559474
47116,2.2685096
47117,1.9040818
47118,1.9040818
47119,2.3918908
47120,2.0274627
47121,1.7028017
47122,5.386447
47123,31.655787
47124,66.11509
47125,45.12374
47126,47.170498
47127,47.172684
47128,39.112026
47129,26.228758
47130,56.01939
47131,70.96309
47132,75.75851
47133,81.22704
47134,45.76466
47135,15.838382
47136,6.1748133
47137,13.303383
47138,21.688078
47139,73.252556
47140,63.593285
47141,40.12802
47142,23.275532
47143,38.48122
47144,35.573917
47145,35.307686
47146,21.268723
47147,18.115196
47148,42.724445
47149,70.162735
47150,86.949486
47151,169.52115
47152,205.41196
47153,165.32529
47154,144.7081
47155,125.4241
47156,99.51978
47157,123.29004
47158,145.4638
47159,172.53516
47160,165.60849
47161,205.22902
47162,236.00932
47163,257.2877
47164,209.6772
47165,113.12772
47166,140.60649
47167,126.82746
47168,119.14076
47169,115.39742
47170,186.7672
47171,185.80466
47172,122.10585
47173,110.56499
47174,99.934135
47175,77.46774
47176,38.01816
47177,48.31115
47178,29.829498
47179,24.007301
47180,51.81953
47181,15.928937
47182,12.230904
47183,26.648909
47184,12.721926
47185,25.2558
47186,16.569239
47187,29.20025
47188,53.55015
47189,61.485683
47190,57.356613
47191,41.71033
47192,30.600948
47193,17.085646
47194,10.06832
47195,19.447006
47196,10.822863
47197,11.053088
47198,7.797336
47199,4.6399045
47200,5.1875834
47201,5.4618883
47202,5.3204784
47203,4.769612
47204,6.209186
47205,13.196188
47206,13.432409
47207,17.098682
47208,13.468658
47209,43.780773
47210,36.47614
47211,2.8897433
47212,0.22775473
47213,1.8475368
47214,0.22775473
47215,0.22775473
47216,0.22775473
47217,0.22775473
47218,0.22775473
47219,0.41204855
47220,0.32914135
47221,0.22775473
47222,0.22775473
47223,0.74737364
47224,0.74737364
47225,1.1776417
47226,1.1776417
47227,1.4271176
47228,1.4271176
47229,1.4271176
47230,1.4271176
47231,1.4271176
47232,1.4271176
47233,1.4158504
47234,1.4158504
47235,1.4158504
47236,1.2586902
47237,1.2586902
47238,1.2586902
47239,1.0092144
47240,1.0092144
47241,1.0092144
47242,1.0092144
47243,1.0436479
47244,1.0436479
47245,1.2586902
47246,1.2586902
47247,1.2586902
47248,1.2586902
47249,1.2586902
47250,1.2586902
47251,1.3057207
47252,1.4628808
47253,1.3057207
47254,1.3057207
47255,1.3057207
47256,1.3057207
47257,1.1666915
47258,1.3238517
47259,1.3238517
47260,1.3238517
47261,1.3238517
47262,1.3238517
47263,1.4404106
47264,1.4404106
47265,1.6997014
47266,1.5526682
47267,1.4485865
47268,2.7633998
47269,31.173119
47270,13.834712
47271,2.6879423
47272,1.998853
47273,1.8145592
47274,1.998853
47275,3.741623
47276,15.898828
47277,17.759634
47278,7.6251535
47279,22.649744
47280,62.02793
47281,45.643517
47282,22.768198
47283,14.096564
47284,62.326904
47285,60.863617
47286,85.49469
47287,79.71526
47288,44.670456
47289,71.52321
47290,49.697533
47291,40.04281
47292,63.93235
47293,51.229546
47294,24.36734
47295,2.9287786
47296,8.512336
47297,18.611538
47298,9.217588
47299,9.0210705
47300,20.512947
47301,14.921715
47302,19.832455
47303,22.472086
47304,19.974815
47305,19.37141
47306,21.064396
47307,21.168478
47308,19.475492
47309,19.228914
47310,19.475492
47311,34.817963
47312,21.891909
47313,18.827898
47314,22.228016
47315,19.979092
47316,9.66616
47317,18.657267
47318,14.063461
47319,21.517239
47320,19.365196
47321,21.500988
47322,16.16359
47323,13.03501
47324,8.778389
47325,4.6173515
47326,9.66616
47327,6.4322004
47328,21.128551
47329,10.24243
47330,18.140697
47331,16.34025
47332,19.957268
47333,20.281933
47334,17.400673
47335,12.3976
47336,18.243254
47337,18.058958
47338,19.974363
47339,14.64248
47340,20.02229
47341,2.8986576
47342,6.2339506
47343,6.2339506
47344,6.2339506
47345,6.2339506
47346,5.8590384
47347,10.63416
47348,8.373372
47349,10.818454
47350,17.186893
47351,24.239449
47352,38.30459
47353,181.73888
47354,185.6908
47355,229.84612
47356,238.96837
47357,135.65105
47358,213.26419
47359,137.00249
47360,222.48537
47361,163.26808
47362,199.47896
47363,106.72247
47364,200.58987
47365,361.1825
47366,737.87823
47367,793.2642
47368,720.9689
47369,806.7263
47370,1066.3461
47371,1028.2709
47372,1104.8263
47373,1278.44
47374,1214.5145
47375,1292.9363
47376,1126.0846
47377,1346.3828
47378,1547.5088
47379,1643.1846
47380,1426.5042
47381,1179.6604
47382,1053.0125
47383,1116.2301
47384,965.50775
47385,671.1833
47386,474.28412
47387,503.68832
47388,595.2486
47389,567.2653
47390,627.08435
47391,477.04422
47392,383.98685
47393,373.87543
47394,519.24963
47395,825.8499
47396,799.41125
47397,787.2614
47398,637.0732
47399,673.547
47400,726.87964
47401,853.0531
47402,1171.5356
47403,1277.658
47404,1472.8759
47405,1431.8312
47406,743.5061
47407,1249.8567
47408,1555.6919
47409,1555.7903
47410,1673.7654
47411,1795.5477
47412,1779.8052
47413,1926.0187
47414,1861.8171
47415,1907.7534
47416,1840.8402
47417,1900.2661
47418,1936.3862
47419,1852.2341
47420,1912.0482
47421,1875.9971
47422,404.68652
47423,340.7015
47424,1787.2952
47425,1673.0767
47426,1719.7915
47427,1564.2189
47428,1518.2772
47429,1688.3734
47430,1734.8071
47431,1843.2014
47432,1838.3966
47433,1837.9266
47434,1843.1622
47435,1902.7295
47436,1872.7633
47437,1914.556
47438,1963.4443
47439,1670.3297
47440,1480.7802
47441,1707.5181
47442,1652.0319
47443,1633.7026
47444,1522.375
47445,1473.8059
47446,1537.1975
47447,1598.51
47448,1542.4554
47449,1428.707
47450,1214.8815
47451,1451.4708
47452,1409.6838
47453,1166.0039
47454,893.2532
47455,1013.25354
47456,705.4133
47457,504.49802
47458,653.2349
47459,613.431
47460,403.0032
47461,359.85257
47462,223.12737
47463,138.91368
47464,105.59176
47465,130.29086
47466,158.53242
47467,162.07709
47468,120.24279
47469,77.83825
47470,192.77606
47471,154.50296
47472,227.46999
47473,342.77844
47474,455.35413
47475,308.9032
47476,168.3159
47477,118.9796
47478,327.24265
47479,301.53302
47480,328.1811
47481,336.25897
47482,370.68182
47483,334.18533
47484,285.57672
47485,204.67271
47486,94.90863
47487,360.71606
47488,492.7163
47489,528.4504
47490,408.9057
47491,400.40424
47492,365.38113
47493,424.2056
47494,361.37766
47495,400.65283
47496,427.01974
47497,622.42535
47498,723.5183
47499,633.47766
47500,423.6991
47501,994.9352
47502,1227.0288
47503,1070.5581
47504,1397.0851
47505,1394.8438
47506,1868.34
47507,1358.1505
47508,851.59906
47509,729.7803
47510,882.9061
47511,703.8702
47512,796.94073
47513,1233.6736
47514,857.8971
47515,786.0288
47516,898.5398
47517,611.4652
47518,777.97046
47519,732.52405
47520,1021.2067
47521,988.02856
47522,1041.3832
47523,568.89557
47524,673.71045
47525,636.3105
47526,397.82654
47527,483.55493
47528,563.3789
47529,810.8934
47530,1365.0784
47531,982.0426
47532,960.3494
47533,681.86475
47534,650.3113
47535,810.8348
47536,1202.5001
47537,816.49
47538,580.84143
47539,455.0276
47540,516.40283
47541,406.1742
47542,341.77344
47543,1281.0814
47544,1189.6874
47545,651.11847
47546,430.74612
47547,171.58391
47548,222.15556
47549,226.86247
47550,390.1434
47551,562.40234
47552,634.84607
47553,591.558
47554,732.7951
47555,589.8546
47556,451.1488
47557,487.7568
47558,648.6135
47559,1075.1626
47560,640.37726
47561,778.47797
47562,616.35333
47563,615.42224
47564,523.1063
47565,427.11307
47566,472.0702
47567,596.1525
47568,501.8298
47569,527.07996
47570,584.2352
47571,960.0596
47572,624.402
47573,800.4095
47574,935.2974
47575,945.04297
47576,581.9928
47577,607.55554
47578,1075.4111
47579,1021.2303
47580,774.0784
47581,597.04095
47582,772.8318
47583,796.03143
47584,798.7991
47585,381.3759
47586,539.4683
47587,515.63043
47588,361.97986
47589,298.46027
47590,499.6017
47591,452.9283
47592,453.3015
47593,331.58536
47594,516.1031
47595,653.41614
47596,457.5271
47597,431.0177
47598,311.81284
47599,303.02335
47600,230.80305
47601,205.92046
47602,267.36823
47603,375.6939
47604,420.24203
47605,284.28745
47606,399.69882
47607,402.374
47608,625.15894
47609,761.5964
47610,596.88354
47611,446.60278
47612,493.5341
47613,332.6749
47614,231.48933
47615,257.34995
47616,187.77376
47617,167.96718
47618,133.70665
47619,157.13704
47620,284.6923
47621,146.50914
47622,151.88277
47623,94.80066
47624,102.3683
47625,192.94817
47626,120.60426
47627,153.98674
47628,156.15125
47629,111.155396
47630,107.40096
47631,261.86438
47632,228.78125
47633,117.73272
47634,166.11143
47635,229.9702
47636,106.46653
47637,267.6722
47638,445.21786
47639,452.4886
47640,404.88345
47641,409.52118
47642,311.7785
47643,268.11673
47644,290.3453
47645,256.22266
47646,385.3162
47647,470.8915
47648,440.02423
47649,460.77036
47650,473.06378
47651,431.1502
47652,494.2977
47653,513.6209
47654,322.3371
47655,429.70804
47656,530.9974
47657,637.4398
47658,446.71323
47659,460.78564
47660,335.0656
47661,122.83386
47662,212.01468
47663,311.353
47664,369.53525
47665,206.97221
47666,280.40417
47667,464.6748
47668,457.98096
47669,481.4601
47670,459.55087
47671,486.9636
47672,463.61743
47673,467.67282
47674,492.63586
47675,426.19302
47676,420.83395
47677,341.18985
47678,293.82675
47679,366.1529
47680,354.5974
47681,362.4941
47682,409.13483
47683,424.643
47684,299.05408
47685,289.52872
47686,303.82156
47687,246.46262
47688,376.0654
47689,413.2306
47690,359.13187
47691,478.6877
47692,340.8893
47693,393.84702
47694,364.85916
47695,435.9901
47696,579.0595
47697,604.30005
47698,577.80786
47699,510.53345
47700,438.84833
47701,440.75183
47702,354.44815
47703,292.25537
47704,330.44922
47705,354.44815
47706,454.96863
47707,516.1821
47708,497.91046
47709,509.86136
47710,476.1923
47711,531.5071
47712,616.64905
47713,537.74457
47714,322.01508
47715,469.6379
47716,430.9847
47717,477.79657
47718,401.2334
47719,385.08826
47720,505.67438
47721,367.63297
47722,320.30795
47723,240.49231
47724,321.6104
47725,396.42792
47726,414.32697
47727,541.08234
47728,615.4754
47729,450.0686
47730,506.08066
47731,438.90286
47732,368.51837
47733,350.09924
47734,531.5993
47735,522.10944
47736,461.5993
47737,448.76498
47738,437.05182
47739,842.75305
47740,649.16223
47741,467.6357
47742,392.32812
47743,375.64758
47744,446.09805
47745,462.48965
47746,484.34735
47747,499.41873
47748,480.90045
47749,437.69232
47750,263.10303
47751,410.71
47752,280.68335
47753,454.74652
47754,549.4534
47755,538.3873
47756,655.22656
47757,660.1948
47758,881.73785
47759,640.3163
47760,625.75934
47761,1060.054
47762,954.5393
47763,1072.196
47764,1060.2283
47765,1047.4547
47766,945.35675
47767,1289.3678
47768,1413.6642
47769,1540.6945
47770,1547.1307
47771,1810.1901
47772,1796.0002
47773,1877.083
47774,1778.9814
47775,1884.2621
47776,1829.38
47777,1837.3506
47778,1914.4247
47779,1890.5669
47780,1881.2083
47781,1982.2311
47782,1864.0997
47783,2032.653
47784,2029.8737
47785,2026.8129
47786,2034.9644
47787,2039.494
47788,2015.2833
47789,1768.1957
47790,1667.7512
47791,1349.7833
47792,1156.3514
47793,1001.17426
47794,1044.9613
47795,50.216934
47796,34.08015
47797,59.882156
47798,59.342144
47799,64.42995
47800,52.525032
47801,50.76042
47802,51.406227
47803,6.775248
47804,236.60995
47805,183.64803
47806,291.60733
47807,310.8724
47808,339.59686
47809,148.32146
47810,108.23997
47811,295.56613
47812,306.69064
47813,304.49503
47814,311.7168
47815,333.40305
47816,611.7235
47817,1974.8037
47818,2009.8663
47819,1822.4218
47820,1622.0522
47821,1864.791
47822,1794.103
47823,1687.8263
47824,1678.6713
47825,1465.4956
47826,1849.3422
47827,1896.5978
47828,1709.0579
47829,1702.5576
47830,1497.2869
47831,1770.509
47832,1790.9899
47833,1918.846
47834,1937.7716
47835,1924.0122
47836,1983.3776
47837,1947.7694
47838,1971.3778
47839,1797.4847
47840,1743.267
47841,1503.4977
47842,1776.1569
47843,1916.9519
47844,1599.7399
47845,769.494
47846,631.5006
47847,1233.9456
47848,1359.3076
47849,1250.5138
47850,1501.837
47851,1497.7212
47852,1221.8456
47853,1112.339
47854,1202.8225
47855,1529.9327
47856,1867.786
47857,1475.2935
47858,1722.0741
47859,1521.5825
47860,960.4257
47861,676.7073
47862,417.0042
47863,445.97867
47864,655.17365
47865,965.68115
47866,1187.8402
47867,1232.9517
47868,1035.1194
47869,941.0224
47870,747.62024
47871,905.1269
47872,1026.2078
47873,1038.8076
47874,728.0075
47875,513.3639
47876,414.29337
47877,392.98465
47878,249.56766
47879,333.48718
47880,349.3957
47881,313.44318
47882,284.47714
47883,283.69244
47884,287.16022
47885,299.04663
47886,365.6584
47887,392.46017
47888,323.37268
47889,458.20282
47890,367.93372
47891,403.45123
47892,274.33765
47893,176.71301
47894,331.2554
47895,393.57773
47896,318.19122
47897,226.81908
47898,251.24052
47899,244.43477
47900,259.7815
47901,276.67645
47902,257.48157
47903,496.00464
47904,696.5664
47905,466.70718
47906,608.0869
47907,629.17676
47908,950.0957
47909,1484.6724
47910,1562.8746
47911,1558.0642
47912,1933.0612
47913,1936.7771
47914,1885.8623
47915,1980.3059
47916,1965.102
47917,1959.6256
47918,1980.426
47919,1959.6256
47920,1945.896
47921,1937.8628
47922,1933.608
47923,1937.8374
47924,1890.7277
47925,1824.0017
47926,1804.8439
47927,1608.4666
47928,1829.2938
47929,1958.7454
47930,1882.1296
47931,1746.5896
47932,1697.1296
47933,1220.012
47934,984.4456
47935,1172.6958
47936,1399.2294
47937,1406.8817
47938,1571.928
47939,1699.0619
47940,1952.6686
47941,1877.2388
47942,1831.8501
47943,1855.3469
47944,1837.1
47945,1901.4504
47946,1517.9664
47947,1464.1442
47948,1686.377
47949,1492.9825
47950,1203.2445
47951,1533.2686
47952,1144.8322
47953,1308.4487
47954,996.4332
47955,1223.9443
47956,1521.8663
47957,1180.2784
47958,1372.9271
47959,1005.4112
47960,995.6674
47961,1198.3671
47962,1329.0267
47963,1610.7399
47964,1632.1266
47965,1445.4104
47966,1423.3135
47967,1388.5571
47968,1619.0908
47969,1439.5854
47970,1443.78
47971,1298.0226
47972,1624.0847
47973,1778.2257
47974,1657.9346
47975,1609.467
47976,1785.3245
47977,1694.5096
47978,1798.4844
47979,1749.805
47980,1552.8059
47981,1508.7543
47982,1371.3739
47983,1330.2585
47984,1476.2651
47985,1568.1267
47986,1728.2006
47987,1838.296
47988,1998.4384
47989,2007.2603
47990,2002.7306
47991,1975.8186
47992,1971.4695
47993,1991.1945
47994,1977.8956
47995,1971.9966
47996,1994.2
47997,2025.0743
47998,2012.5486
47999,1968.3031
48000,1903.5052
48001,1984.4066
48002,1988.3458
48003,1882.807
48004,1989.6107
48005,2014.8505
48006,1938.1184
48007,1998.7168
48008,1904.3691
48009,1991.4083
48010,1902.3018
48011,1936.0277
48012,1890.7281
48013,1886.5096
48014,1985.2115
48015,1965.5013
48016,1862.6882
48017,1732.3765
48018,1499.0343
48019,1628.1462
48020,1469.8165
48021,1533.0615
48022,1123.0215
48023,1396.8987
48024,1355.93
48025,1728.8707
48026,1634.0275
48027,1728.1963
48028,1578.9252
48029,1807.7119
48030,1767.6146
48031,1588.8394
48032,1594.9899
48033,1642.4764
48034,1670.279
48035,1199.8373
48036,1415.5054
48037,1392.4977
48038,1145.4594
48039,991.936
48040,897.151
48041,573.71234
48042,813.6948
48043,967.97253
48044,719.9185
48045,841.3386
48046,697.6747
48047,809.6628
48048,598.83514
48049,650.3625
48050,794.66473
48051,726.98596
48052,912.1445
48053,855.29065
48054,1118.6113
48055,1510.5068
48056,839.8848
48057,806.41516
48058,850.2712
48059,636.8566
48060,591.30096
48061,649.9111
48062,676.4394
48063,756.5701
48064,568.33154
48065,450.18472
48066,411.2953
48067,482.1475
48068,623.99164
48069,441.15115
48070,491.01324
48071,469.51715
48072,442.54745
48073,623.73376
48074,483.92517
48075,561.1733
48076,275.72147
48077,249.45532
48078,277.78165
48079,199.1117
48080,358.2894
48081,79.27331
48082,42.820984
48083,46.468346
48084,91.7354
48085,369.66174
48086,291.2137
48087,227.1536
48088,405.54922
48089,590.57623
48090,538.81384
48091,542.8216
48092,313.4315
48093,636.7413
48094,639.8257
48095,529.7765
48096,541.04913
48097,816.2219
48098,442.0492
48099,619.01495
48100,487.6995
48101,353.18976
48102,275.36752
48103,257.84607
48104,179.67021
48105,175.80194
48106,89.33554
48107,116.32376
48108,387.92566
48109,484.29965
48110,678.33923
48111,529.6309
48112,348.10907
48113,357.98087
48114,452.2885
48115,487.17236
48116,185.7853
48117,417.4593
48118,306.63068
48119,187.47412
48120,123.542625
48121,121.99602
48122,128.68024
48123,423.6819
48124,633.95703
48125,227.1561
48126,178.20746
48127,109.3828
48128,129.61359
48129,170.83925
48130,234.35754
48131,278.97177
48132,270.92926
48133,315.2701
48134,207.6611
48135,170.45735
48136,117.39961
48137,134.60974
48138,266.09225
48139,505.66818
48140,720.8223
48141,815.8288
48142,714.3706
48143,781.3004
48144,714.4446
48145,658.7467
48146,502.82532
48147,520.59784
48148,433.77576
48149,469.65366
48150,396.4666
48151,373.53113
48152,518.3838
48153,287.97232
48154,247.82431
48155,287.90356
48156,343.7672
48157,407.87552
48158,511.89246
48159,498.58536
48160,528.19403
48161,796.07184
48162,874.4871
48163,1206.0823
48164,1204.7435
48165,1047.5831
48166,946.69653
48167,759.042
48168,609.55554
48169,435.30774
48170,642.2337
48171,611.41754
48172,677.9087
48173,862.71265
48174,788.5996
48175,938.46826
48176,1126.0405
48177,1140.265
48178,1070.093
48179,1157.5878
48180,1156.2861
48181,1129.4418
48182,1224.1293
48183,908.9858
48184,553.52246
48185,697.7993
48186,733.87976
48187,946.79626
48188,715.52686
48189,689.3747
48190,667.8164
48191,922.06226
48192,896.94696
48193,919.20245
48194,873.67773
48195,788.7293
48196,649.438
48197,879.1125
48198,993.8653
48199,970.99677
48200,924.0642
48201,1055.258
48202,1152.4503
48203,1107.1151
48204,1311.7185
48205,1240.2084
48206,1138.579
48207,1117.9243
48208,1152.9672
48209,1134.1906
48210,1177.7125
48211,1269.6555
48212,1245.908
48213,1531.3479
48214,1658.1469
48215,1370.713
48216,1492.2944
48217,1092.7365
48218,1148.2902
48219,1188.7087
48220,1376.2744
48221,1533.0066
48222,1221.6632
48223,1124.1954
48224,1137.0161
48225,1017.4415
48226,1283.041
48227,1660.1394
48228,1754.6174
48229,1720.1493
48230,1567.9132
48231,1974.1744
48232,1973.8218
48233,1912.3615
48234,1866.5616
48235,1779.31
48236,1732.722
48237,1719.5304
48238,1771.7501
48239,1780.8712
48240,1633.7285
48241,1655.5586
48242,1662.2247
48243,1721.2233
48244,1897.1177
48245,2014.9738
48246,1966.2462
48247,1906.9015
48248,1867.1409
48249,1788.9724
48250,1580.348
48251,1684.5659
48252,1685.238
48253,1696.5194
48254,1714.741
48255,1590.2625
48256,1420.7592
48257,1224.6787
48258,1219.8254
48259,1137.7513
48260,1079.8551
48261,1281.4943
48262,1270.4081
48263,1452.1313
48264,1255.9755
48265,1238.8806
48266,1300.5013
48267,1460.3442
48268,1125.5305
48269,1384.8049
48270,1308.8816
48271,1327.4666
48272,1141.4447
48273,1586.7268
48274,1486.7098
48275,1597.3887
48276,1471.249
48277,1669.8993
48278,1657.6826
48279,1751.1216
48280,1713.5647
48281,1748.0653
48282,1730.7616
48283,1862.4761
48284,1737.4138
48285,1582.3627
48286,1677.4905
48287,1823.8574
48288,1909.0847
48289,1926.3193
48290,1945.8938
48291,1937.3015
48292,1881.4835
48293,1965.3885
48294,1970.1532
48295,1967.488
48296,1967.488
48297,1903.542
48298,1954.2948
48299,1693.2288
48300,1495.1875
48301,1597.2593
48302,1824.0828
48303,1436.9946
48304,1243.8379
48305,1266.2871
48306,1366.1659
48307,879.46423
48308,1492.6007
48309,1598.9385
48310,1142.5978
48311,1399.1392
48312,1581.2765
48313,1742.6455
48314,1693.9727
48315,1669.1636
48316,1669.1636
48317,1773.8378
48318,1746.503
48319,1741.3192
48320,1962.2156
48321,2022.7832
48322,2017.404
48323,2016.9373
48324,2017.2899
48325,2023.8213
48326,2022.339
48327,2002.4082
48328,304.36996
48329,308.2396
48330,358.35577
48331,1272.2906
48332,1850.7035
48333,1925.6301
48334,1959.7913
48335,1926.6378
48336,1814.6449
48337,1693.6464
48338,1760.6123
48339,1563.7877
48340,1420.1763
48341,1557.5801
48342,1487.5454
48343,1124.3331
48344,1137.0568
48345,1254.2708
48346,1357.3782
48347,1297.7529
48348,1199.4651
48349,1431.899
48350,1307.151
48351,1435.531
48352,1390.068
48353,1350.6263
48354,1342.439
48355,1413.2955
48356,1356.6909
48357,1509.5911
48358,1366.1088
48359,1315.262
48360,1449.0045
48361,1397.0052
48362,1656.546
48363,1516.3616
48364,1427.19
48365,1663.8878
48366,1699.3022
48367,1821.5946
48368,1783.529
48369,1717.2405
48370,1719.0515
48371,1843.0271
48372,1820.3242
48373,1840.6969
48374,1811.9855
48375,1797.977
48376,1908.1736
48377,1854.4021
48378,1991.1647
48379,1944.8075
48380,1819.9386
48381,1822.3774
48382,1822.9066
48383,1988.8641
48384,1871.1956
48385,1924.1272
48386,1888.8807
48387,1762.5004
48388,1844.4485
48389,1689.8422
48390,1810.1683
48391,1780.611
48392,1790.7157
48393,1743.2089
48394,1924.7502
48395,1806.8024
48396,1736.8954
48397,1768.5327
48398,1730.5698
48399,1866.887
48400,1601.4893
48401,1718.309
48402,1472.6101
48403,1166.0977
48404,1330.199
48405,1235.7406
48406,989.94495
48407,835.98627
48408,747.1175
48409,648.6117
48410,1230.9058
48411,1012.87
48412,1180.4933
48413,1023.04236
48414,1038.9618
48415,994.14215
48416,861.8162
48417,850.4523
48418,1194.2642
48419,1081.1049
48420,907.11096
48421,1424.4006
48422,1209.4247
48423,1305.4822
48424,1415.8163
48425,1157.4761
48426,1485.6272
48427,1448.9106
48428,1373.0087
48429,1153.653
48430,1456.8108
48431,1091.1187
48432,1403.7021
48433,1307.072
48434,911.5711
48435,1085.2085
48436,651.6285
48437,503.8354
48438,482.1887
48439,781.5025
48440,1248.0369
48441,1446.097
48442,1453.5112
48443,1863.3148
48444,1688.6042
48445,1457.7301
48446,1225.0267
48447,1474.4714
48448,1396.89
48449,1688.5258
48450,1618.9891
48451,1536.9888
48452,1489.0554
48453,1473.3274
48454,1289.2888
48455,1170.8751
48456,1190.0481
48457,1139.4674
48458,1189.662
48459,1057.2775
48460,1070.622
48461,1119.3337
48462,742.11725
48463,717.29724
48464,774.8699
48465,1127.36
48466,1136.8755
48467,1159.1516
48468,1484.6855
48469,1496.347
48470,1219.0746
48471,1302.3093
48472,1430.8268
48473,1089.7302
48474,1069.2505
48475,987.11975
48476,1097.1647
48477,1047.2854
48478,960.7072
48479,764.7796
48480,653.97955
48481,520.5649
48482,746.38794
48483,836.3692
48484,892.20135
48485,1067.6759
48486,1116.7776
48487,1219.876
48488,989.6444
48489,1105.3878
48490,1163.4144
48491,947.66034
48492,1288.9302
48493,1431.0175
48494,1209.2598
48495,1200.0581
48496,1088.1917
48497,1095.5682
48498,1152.8215
48499,960.6566
48500,998.9395
48501,1013.96906
48502,1188.8752
48503,1335.2607
48504,1287.8143
48505,1484.3396
48506,1279.5103
48507,1075.9183
48508,1178.6571
48509,1460.65
48510,1407.7955
48511,1318.6577
48512,1422.0928
48513,1561.4496
48514,1623.4579
48515,1501.4742
48516,1117.4265
48517,1407.8855
48518,1238.7175
48519,1186.1937
48520,1187.7704
48521,1378.7157
48522,1263.0679
48523,659.2291
48524,1081.0723
48525,1160.9156
48526,1545.0508
48527,1217.3499
48528,1015.13904
48529,247.56097
48530,1106.8824
48531,1142.2484
48532,1357.5137
48533,438.9088
48534,335.52914
48535,418.09857
48536,355.97684
48537,125.51803
48538,141.22601
48539,58.866467
48540,51.62073
48541,67.13457
48542,67.13457
48543,82.22873
48544,59.9966
48545,38.248974
48546,49.78712
48547,49.78712
48548,23.53974
48549,9.194123
48550,16.282848
48551,9.030535
48552,15.958185
48553,44.90319
48554,43.1509
48555,55.838436
48556,88.797295
48557,48.347855
48558,43.996155
48559,55.62828
48560,75.957954
48561,42.124783
48562,6.8906875
48563,10.941216
48564,20.11828
48565,21.285366
48566,51.593567
48567,57.23002
48568,50.61811
48569,50.302437
48570,54.00594
48571,50.81472
48572,48.539062
48573,68.172676
48574,83.7035
48575,46.631405
48576,63.34495
48577,54.302372
48578,68.431496
48579,43.924152
48580,46.113247
48581,41.61722
48582,52.09863
48583,80.22904
48584,78.47996
48585,68.05956
48586,48.39125
48587,62.404926
48588,53.16157
48589,61.592873
48590,1.2636716
48591,1.9342353
48592,1.7499417
48593,4.613417
48594,2.2588968
48595,3.1245058
48596,1.7499417
48597,1.2115488
48598,1.3958427
48599,1.2115488
48600,1.2115488
48601,1.2115488
48602,1.2115488
48603,1.312827
48604,2.3711216
48605,2.32871
48606,1.9035703
48607,2.126154
48608,1.7994887
48609,1.0134209
48610,0.914871
48611,0.6075885
48612,1.8978469
48613,0.9093392
48614,2.2839038
48615,6.5586543
48616,10.803116
48617,6.8455353
48618,17.17156
48619,42.21114
48620,18.282278
48621,51.50179
48622,45.196346
48623,48.933853
48624,43.88786
48625,63.903008
48626,44.649002
48627,51.02971
48628,50.25437
48629,63.689453
48630,46.96279
48631,50.150284
48632,65.4006
48633,44.482887
48634,46.666443
48635,50.900764
48636,47.497604
48637,87.9213
48638,192.74512
48639,189.45485
48640,85.118126
48641,88.84295
48642,83.538475
48643,91.25514
48644,84.13932
48645,99.33894
48646,107.19202
48647,98.21685
48648,106.03181
48649,193.08514
48650,119.9133
48651,219.20988
48652,123.203705
48653,151.5065
48654,111.69534
48655,317.89404
48656,233.92424
48657,149.75722
48658,485.29565
48659,416.13596
48660,189.75322
48661,126.28304
48662,200.13481
48663,279.9712
48664,192.6224
48665,180.96082
48666,482.48877
48667,214.72139
48668,198.9889
48669,108.44513
48670,104.13905
48671,207.29651
48672,103.16346
48673,101.82709
48674,89.709496
48675,99.11705
48676,87.74871
48677,106.13151
48678,98.598175
48679,104.044754
48680,100.58814
48681,87.81505
48682,89.65449
48683,83.64419
48684,72.89104
48685,58.021374
48686,13.480977
48687,46.639725
48688,7.064667
48689,4.4872165
48690,6.088698
48691,39.306946
48692,46.4173
48693,13.004943
48694,13.397792
48695,9.6960335
48696,39.070957
48697,50.07154
48698,42.220707
48699,45.10724
48700,56.96496
48701,63.603195
48702,71.13182
48703,93.470085
48704,87.91529
48705,70.5258
48706,74.54142
48707,89.01778
48708,78.00111
48709,69.66299
48710,83.99692
48711,72.39105
48712,81.77514
48713,124.7887
48714,70.050514
48715,72.510284
48716,663.50433
48717,156.38388
48718,572.3733
48719,429.9824
48720,406.52017
48721,406.9294
48722,435.58893
48723,496.10498
48724,371.8743
48725,302.1777
48726,315.456
48727,367.11362
48728,246.24374
48729,360.56284
48730,350.53128
48731,362.1869
48732,271.5975
48733,223.60344
48734,201.36168
48735,382.7436
48736,271.18372
48737,247.57933
48738,190.75388
48739,210.70885
48740,205.83679
48741,210.34836
48742,187.15071
48743,128.27113
48744,107.6193
48745,75.18257
48746,190.89835
48747,339.08707
48748,218.61267
48749,151.32155
48750,141.04086
48751,135.18631
48752,224.15018
48753,229.29495
48754,167.48798
48755,118.35036
48756,157.37099
48757,215.0799
48758,336.2971
48759,390.10782
48760,432.35327
48761,389.97583
48762,355.72784
48763,300.1521
48764,266.38052
48765,207.69424
48766,205.09601
48767,218.95358
48768,223.12001
48769,165.52051
48770,102.94613
48771,107.32349
48772,65.99921
48773,100.55085
48774,53.331158
48775,47.211975
48776,51.04778
48777,49.974323
48778,44.113964
48779,49.80605
48780,49.80605
48781,42.20875
48782,54.268517
48783,47.10789
48784,47.211975
48785,49.064266
48786,47.599594
48787,38.380016
48788,38.337605
48789,57.66352
48790,39.463127
48791,36.26657
48792,45.87163
48793,48.817726
48794,41.781914
48795,51.4117
48796,40.204044
48797,20.591454
48798,19.619757
48799,8.02158
48800,0.85027325
48801,3.2047958
48802,9.650165
48803,9.993214
48804,38.925293
48805,42.874226
48806,33.195484
48807,41.67496
48808,16.451088
48809,19.964502
48810,60.730602
48811,69.84484
48812,45.875313
48813,38.015015
48814,42.42033
48815,51.908985
48816,46.087383
48817,48.21888
48818,45.60888
48819,31.000595
48820,45.34023
48821,41.14549
48822,51.592403
48823,45.25614
48824,50.2228
48825,47.787033
48826,60.53794
48827,62.353157
48828,45.55501
48829,33.950912
48830,45.869846
48831,84.70979
48832,60.16445
48833,5.5718293
48834,43.706886
48835,52.81354
48836,39.400787
48837,11.053025
48838,10.331066
48839,6.3734875
48840,-5.0052385
48841,6.1354394
48842,5.159472
48843,7.0200887
48844,11.928149
48845,2.5384104
48846,2.231128
48847,3.8509104
48848,11.216909
48849,9.218142
48850,19.17439
48851,38.56606
48852,51.753525
48853,50.104206
48854,42.250538
48855,50.104206
48856,22.74325
48857,19.17439
48858,9.29253
48859,15.845268
48860,7.478056
48861,5.3349485
48862,2.1658216
48863,4.1881924
48864,8.746828
48865,4.9624863
48866,6.982606
48867,33.752495
48868,33.809704
48869,42.10489
48870,59.80962
48871,55.673363
48872,76.0371
48873,51.85297
48874,41.94797
48875,38.70758
48876,40.475708
48877,41.20936
48878,43.84756
48879,42.020935
48880,44.47702
48881,54.62716
48882,47.6153
48883,45.96351
48884,76.70343
48885,61.609253
48886,44.32058
48887,54.48887
48888,62.25592
48889,71.598755
48890,72.0485
48891,88.99787
48892,72.365486
48893,71.98746
48894,45.94347
48895,42.169342
48896,51.53531
48897,48.482643
48898,38.129166
48899,43.796204
48900,43.329674
48901,43.478245
48902,87.93587
48903,160.65625
48904,145.21521
48905,135.86552
48906,114.83323
48907,140.2373
48908,174.93614
48909,133.16565
48910,107.71617
48911,80.75635
48912,46.32514
48913,106.160866
48914,140.71364
48915,151.65709
48916,155.51923
48917,184.60237
48918,197.99028
48919,177.38722
48920,160.89476
48921,194.76488
48922,210.00067
48923,189.93175
48924,127.7639
48925,67.58048
48926,35.18495
48927,13.971133
48928,9.516927
48929,13.420675
48930,11.550293
48931,1.2774143
48932,1.7690216
48933,1.1960024
48934,9.03793
48935,30.889929
48936,27.911098
48937,45.471626
48938,41.779236
48939,21.00359
48940,12.776537
48941,8.319318
48942,5.196864
48943,13.762048
48944,6.87974
48945,41.3455
48946,23.735735
48947,5.2313633
48948,7.945423
48949,42.99192
48950,68.10158
48951,41.7025
48952,29.126968
48953,28.440386
48954,4.8500204
48955,5.1226997
48956,35.550575
48957,15.962472
48958,47.223812
48959,46.546295
48960,73.59956
48961,53.31626
48962,49.45809
48963,51.908604
48964,43.360847
48965,45.508633
48966,67.612854
48967,18.668552
48968,0.82601225
48969,1.5947868
48970,1.3697406
48971,1.3697406
48972,1.2643389
48973,1.4486326
48974,1.878696
48975,3.7242632
48976,55.869408
48977,89.96672
48978,23.763544
48979,37.363403
48980,50.770954
48981,46.667465
48982,23.57861
48983,69.15948
48984,126.13736
48985,43.812798
48986,23.993162
48987,6.3475723
48988,16.154705
48989,12.313899
48990,2.680542
48991,2.6659622
48992,0.35395578
48993,38.01478
48994,168.09581
48995,117.51005
48996,49.09567
48997,12.336815
48998,0.90747833
48999,1.5772631
49000,0.2211929
49001,0.4054867
49002,0.2211929
49003,0.40307426
49004,0.23479794
49005,0.8571948
49006,0.7255972
49007,0.7255972
49008,1.3191881
49009,0.7255972
49010,0.7255972
49011,0.909891
49012,1.1825471
49013,35.778137
49014,23.12067
49015,7.3919
49016,1.3503597
49017,1.6549145
49018,1.2842268
49019,1.1801451
49020,1.9749014
49021,1.2285652
49022,1.1256834
49023,14.875562
49024,20.767347
49025,12.839223
49026,1.051707
49027,1.051707
49028,2.102
49029,1.666126
49030,5.8745327
49031,55.777626
49032,90.199036
49033,90.2928
49034,70.77201
49035,97.569
49036,84.48636
49037,105.18101
49038,103.54838
49039,35.529938
49040,39.424015
49041,26.498268
49042,56.175674
49043,45.716564
49044,64.66888
49045,39.815556
49046,11.126473
49047,6.0797734
49048,2.5457053
49049,28.168453
49050,42.050716
49051,48.052948
49052,88.93031
49053,22.764172
49054,35.453133
49055,16.8496
49056,5.1894054
49057,58.63135
49058,110.721054
49059,130.1342
49060,89.866035
49061,202.10277
49062,218.8496
49063,226.09581
49064,214.15797
49065,152.96948
49066,112.25534
49067,148.97476
49068,68.17821
49069,161.3824
49070,122.84765
49071,92.82276
49072,134.64233
49073,163.00179
49074,179.0143
49075,189.54295
49076,200.31403
49077,204.78365
49078,132.4281
49079,100.88982
49080,48.10038
49081,60.506775
49082,82.52409
49083,63.80684
49084,50.920025
49085,61.397522
49086,64.354935
49087,58.15769
49088,32.169735
49089,43.160416
49090,72.325485
49091,49.18835
49092,33.35558
49093,21.7358
49094,22.953587
49095,19.459396
49096,32.9
49097,59.982407
49098,48.427345
49099,64.52902
49100,103.70565
49101,134.10614
49102,181.71844
49103,184.82416
49104,152.86792
49105,41.80391
49106,12.066695
49107,1.0187433
49108,0.72038484
49109,1.1132331
49110,1.6061077
49111,0.944957
49112,1.5673541
49113,1.5673541
49114,1.5803376
49115,0.9579406
49116,1.5803376
49117,1.5803376
49118,1.6190913
49119,1.5803376
49120,3.1540306
49121,3.3992481
49122,4.7738113
49123,5.5085526
49124,5.30688
49125,4.999598
49126,7.3835807
49127,35.104996
49128,64.11304
49129,57.873726
49130,51.072113
49131,49.388336
49132,39.00228
49133,44.759228
49134,74.74018
49135,122.416145
49136,136.72229
49137,122.23185
49138,119.41779
49139,113.061386
49140,87.3253
49141,53.80544
49142,60.444286
49143,60.96607
49144,14.112594
49145,32.917774
49146,99.532776
49147,98.69592
49148,143.27704
49149,180.34052
49150,207.88933
49151,233.88516
49152,262.27075
49153,266.52765
49154,249.7881
49155,290.41824
49156,318.99792
49157,340.01935
49158,263.3566
49159,294.84503
49160,268.14883
49161,222.19125
49162,288.0695
49163,270.61154
49164,213.0724
49165,182.43848
49166,119.71425
49167,104.13804
49168,88.831856
49169,138.91867
49170,187.02167
49171,110.04664
49172,22.955359
49173,22.1397
49174,120.94887
49175,316.72668
49176,182.76987
49177,209.44902
49178,234.2191
49179,154.75145
49180,47.95839
49181,141.59581
49182,45.953934
49183,7.093958
49184,7.093958
49185,3.7527614
49186,3.7882142
49187,4.522956
49188,8.932322
49189,34.86022
49190,51.764874
49191,21.778175
49192,14.944486
49193,2.1219757
49194,2.3062694
49195,2.339173
49196,2.339173
49197,2.339173
49198,1.9991062
49199,1.7628312
49200,3.8915684
49201,11.958296
49202,50.214314
49203,83.01085
49204,100.91439
49205,157.73029
49206,217.24193
49207,234.23
49208,234.12753
49209,188.78839
49210,225.00853
49211,225.68752
49212,144.82935
49213,57.314507
49214,23.812813
49215,7.8479214
49216,18.623268
49217,37.091015
49218,16.863192
49219,2.2304227
49220,1.64939
49221,1.4248174
49222,1.5116903
49223,1.287118
49224,1.6799663
49225,1.287118
49226,1.287118
49227,1.1830363
49228,1.2501277
49229,1.2501277
49230,1.8765166
49231,1.6922228
49232,2.1217344
49233,1.9374406
49234,1.7054282
49235,1.7054282
49236,3.5095036
49237,1.4707682
49238,1.4707682
49239,4.672259
49240,57.439934
49241,39.869724
49242,16.916687
49243,22.27357
49244,41.418304
49245,22.542295
49246,12.297319
49247,12.292328
49248,10.923891
49249,1.9025761
49250,1.4846995
49251,1.6689932
49252,1.6642104
49253,1.988872
49254,1.0378213
49255,1.988872
49256,2.0276258
49257,1.988872
49258,1.4237757
49259,1.7484373
49260,1.3279319
49261,1.1260405
49262,1.1260405
49263,1.2943165
49264,1.5337461
49265,1.7484373
49266,2.8592637
49267,0.9014684
49268,3.166546
49269,3.3682191
49270,4.1287026
49271,2.0193987
49272,1.7741807
49273,1.4495193
49274,2.366069
49275,1.88347
49276,1.3688525
49277,3.2144198
49278,1.1051149
49279,1.2676408
49280,0.88218147
49281,0.89648545
49282,1.3506061
49283,0.93918556
49284,0.37894025
49285,0.53769404
49286,0.75489146
49287,0.75489146
49288,1.263847
49289,0.75489146
49290,0.75489146
49291,0.75489146
49292,1.3908937
49293,1.3484824
49294,0.58931535
49295,0.6933969
49296,1.3840716
49297,1.3840716
49298,1.1536709
49299,0.4859615
49300,0.65817934
49301,0.7622609
49302,0.65817934
49303,0.83053863
49304,0.65817934
49305,0.7622609
49306,1.818499
49307,1.4153174
49308,1.090656
49309,0.98498863
49310,1.0890703
49311,0.98498863
49312,0.9808616
49313,0.9808616
49314,0.9808616
49315,0.9808616
49316,1.9319124
49317,1.0585294
49318,1.2428231
49319,1.4777917
49320,1.0585294
49321,1.9319124
49322,1.4777917
49323,1.0585294
49324,1.058093
49325,1.7471825
49326,0.8737992
49327,0.8737992
49328,1.058093
49329,0.8737992
49330,1.2948047
49331,1.2428231
49332,1.9319124
49333,1.0849433
49334,1.2428231
49335,1.3037467
49336,72.74
49337,76.24555
49338,27.66278
49339,116.38503
49340,146.20296
49341,125.96966
49342,52.06776
49343,61.855553
49344,186.1824
49345,60.290154
49346,160.25873
49347,197.0664
49348,212.84201
49349,86.73172
49350,137.12088
49351,44.24449
49352,59.71732
49353,19.548956
49354,106.2935
49355,36.953182
49356,13.430794
49357,45.161427
49358,64.01827
49359,43.16174
49360,35.805946
49361,11.771513
49362,51.590717
49363,54.683205
49364,73.52191
49365,42.451405
49366,46.881615
49367,89.876724
49368,51.065384
49369,45.105328
49370,32.13611
49371,38.179886
49372,65.03142
49373,66.75563
49374,59.546627
49375,66.37673
49376,98.77932
49377,91.33633
49378,111.359665
49379,132.02835
49380,127.26092
49381,83.795135
49382,71.39702
49383,44.58121
49384,104.84939
49385,104.431854
49386,87.1571
49387,81.55356
49388,84.45952
49389,111.98564
49390,160.57228
49391,181.75868
49392,173.6493
49393,248.12985
49394,235.30373
49395,247.49393
49396,315.37866
49397,244.42285
49398,204.46062
49399,338.86392
49400,280.07477
49401,185.33713
49402,233.28609
49403,226.54964
49404,296.3582
49405,367.1886
49406,280.67035
49407,248.97092
49408,243.12433
49409,323.48822
49410,268.67422
49411,193.40306
49412,145.97162
49413,236.39227
49414,291.434
49415,255.8983
49416,302.89468
49417,134.49405
49418,167.139
49419,58.721222
49420,136.95786
49421,109.74303
49422,178.38057
49423,306.92093
49424,278.26022
49425,331.28214
49426,264.7692
49427,251.63383
49428,270.7293
49429,265.64453
49430,327.09656
49431,298.66202
49432,286.4972
49433,248.02211
49434,185.60652
49435,120.63455
49436,110.790565
49437,189.35463
49438,99.34105
49439,106.2714
49440,109.585434
49441,68.51732
49442,135.2132
49443,185.12102
49444,218.90652
49445,192.91002
49446,186.21829
49447,127.375656
49448,123.7735
49449,104.80419
49450,89.770546
49451,135.79434
49452,161.31465
49453,119.48181
49454,80.98891
49455,127.195755
49456,128.689
49457,274.89587
49458,194.79454
49459,144.7665
49460,195.58577
49461,405.4767
49462,310.00186
49463,273.3459
49464,197.17378
49465,228.01564
49466,179.87216
49467,154.01431
49468,118.32685
49469,139.76273
49470,268.88065
49471,305.50436
49472,354.79245
49473,183.99294
49474,145.8909
49475,98.248375
49476,105.83687
49477,121.35599
49478,197.1324
49479,94.01635
49480,101.08661
49481,98.926834
49482,132.329
49483,120.09996
49484,132.55765
49485,187.01785
49486,149.49765
49487,213.6081
49488,205.60638
49489,308.48767
49490,186.0807
49491,194.28131
49492,82.080025
49493,118.34132
49494,161.616
49495,184.52266
49496,167.2563
49497,169.89932
49498,189.34554
49499,249.6888
49500,420.13882
49501,300.65912
49502,236.72568
49503,275.39066
49504,387.46347
49505,284.10675
49506,148.79955
49507,128.48103
49508,242.90889
49509,135.13138
49510,105.77993
49511,150.01138
49512,228.83719
49513,168.13228
49514,77.45475
49515,80.65248
49516,103.842224
49517,190.23825
49518,187.1061
49519,242.7131
49520,135.52989
49521,106.85534
49522,105.155945
49523,80.616875
49524,75.50908
49525,6.6630116
49526,57.534527
49527,111.37776
49528,174.35417
49529,131.69293
49530,144.62834
49531,184.3443
49532,67.389145
49533,49.503296
49534,71.956535
49535,148.84537
49536,80.522125
49537,122.05342
49538,59.447636
49539,141.05508
49540,179.64319
49541,256.60168
49542,205.81363
49543,212.38686
49544,244.00638
49545,270.50436
49546,299.0353
49547,365.04913
49548,308.67834
49549,249.68735
49550,146.62865
49551,135.88742
49552,110.92193
49553,103.59679
49554,100.1354
49555,107.06725
49556,124.38954
49557,134.09209
49558,113.382835
49559,115.51316
49560,121.82773
49561,100.93987
49562,56.856956
49563,70.34342
49564,71.477356
49565,34.343483
49566,51.547985
49567,25.362844
49568,71.154175
49569,49.869186
49570,39.010986
49571,44.199043
49572,71.264534
49573,142.39803
49574,161.32166
49575,133.37277
49576,88.62761
49577,138.7311
49578,46.151936
49579,9.282644
49580,1.3047686
49581,1.5499864
49582,6.384951
49583,2.0730143
49584,1.1617272
49585,4.360584
49586,3.2141166
49587,33.414886
49588,102.44808
49589,83.50873
49590,123.43918
49591,175.59268
49592,210.57324
49593,102.455124
49594,26.910913
49595,24.388546
49596,93.18439
49597,77.567505
49598,67.92845
49599,27.467125
49600,122.338684
49601,343.24124
49602,164.1583
49603,194.72995
49604,128.73625
49605,100.87071
49606,170.93053
49607,109.93573
49608,166.79605
49609,239.09128
49610,170.78116
49611,129.10701
49612,89.64094
49613,160.7959
49614,373.9597
49615,308.43304
49616,311.83432
49617,111.76591
49618,192.68517
49619,141.6723
49620,99.11221
49621,152.81627
49622,174.82191
49623,86.057396
49624,179.89594
49625,272.76218
49626,197.76514
49627,175.00938
49628,288.62482
49629,266.8599
49630,324.13068
49631,374.1748
49632,298.26254
49633,179.90776
49634,34.69612
49635,95.611176
49636,269.0247
49637,311.59613
49638,187.32327
49639,153.55846
49640,91.97283
49641,146.95798
49642,212.10498
49643,238.4511
49644,126.54589
49645,178.90366
49646,102.29279
49647,170.3055
49648,149.3796
49649,93.07823
49650,90.11277
49651,169.80702
49652,187.09128
49653,217.63223
49654,123.37562
49655,130.43959
49656,191.54393
49657,246.45714
49658,244.23506
49659,185.18922
49660,85.30401
49661,109.76396
49662,160.057
49663,267.37302
49664,473.1874
49665,281.03754
49666,208.56459
49667,227.64919
49668,306.86234
49669,236.59123
49670,274.53415
49671,344.5573
49672,397.9325
49673,390.28656
49674,329.0222
49675,451.74097
49676,435.8771
49677,445.64227
49678,452.912
49679,586.1902
49680,710.9688
49681,706.92975
49682,800.3077
49683,734.51697
49684,863.26764
49685,892.56995
49686,1011.20087
49687,1246.7017
49688,1436.8406
49689,1463.7637
49690,1533.6189
49691,1317.7134
49692,1592.3574
49693,1484.524
49694,1322.9442
49695,1242.2559
49696,1063.1594
49697,1096.9604
49698,1002.956
49699,939.8005
49700,743.79474
49701,756.8472
49702,986.60736
49703,951.0608
49704,745.13654
49705,919.66064
49706,981.76306
49707,1061.2491
49708,1055.1802
49709,1167.9938
49710,1134.6748
49711,1137.8093
49712,922.8864
49713,1059.0568
49714,760.88727
49715,672.5024
49716,757.73737
49717,931.7465
49718,793.3189
49719,865.90405
49720,897.519
49721,916.94
49722,957.01874
49723,806.8103
49724,1078.4514
49725,1358.6497
49726,1476.7314
49727,1297.4598
49728,1179.7286
49729,1415.536
49730,1449.124
49731,1666.9397
49732,1385.9939
49733,1156.1632
49734,1456.1432
49735,1430.1843
49736,1427.8763
49737,1696.061
49738,1909.1177
49739,1940.7756
49740,1829.8983
49741,1644.5343
49742,1764.8958
49743,1633.609
49744,1881.7012
49745,1939.2991
49746,1950.5394
49747,1892.3661
49748,1802.382
49749,1926.4547
49750,1954.4113
49751,1932.9279
49752,2003.1025
49753,1833.2118
49754,1919.5292
49755,2010.154
49756,2011.0588
49757,2022.4498
49758,2011.0588
49759,2021.1448
49760,2011.0588
49761,2010.7445
49762,1992.4362
49763,1982.1781
49764,1959.8059
49765,1958.2218
49766,1927.3763
49767,1918.4474
49768,1549.7432
49769,1779.2235
49770,1615.9545
49771,1565.3633
49772,1704.5502
49773,1700.9039
49774,1452.4171
49775,1411.6078
49776,1540.4886
49777,1547.5343
49778,1246.592
49779,1025.4443
49780,1112.1537
49781,1393.9803
49782,1611.7921
49783,1208.0497
49784,1615.4012
49785,1743.7567
49786,1377.4462
49787,1056.7435
49788,1264.0305
49789,1422.9093
49790,1458.996
49791,930.1142
49792,994.90466
49793,1227.1409
49794,998.3896
49795,1134.1566
49796,797.0969
49797,540.51636
49798,443.99628
49799,563.93085
49800,553.46075
49801,537.1474
49802,589.9274
49803,562.0892
49804,530.39294
49805,469.943
49806,345.3602
49807,374.6981
49808,502.73883
49809,619.94
49810,336.04315
49811,282.52277
49812,332.74338
49813,427.89462
49814,532.6084
49815,524.1644
49816,628.9656
49817,630.6517
49818,631.67883
49819,679.5567
49820,844.0678
49821,1090.4606
49822,1247.945
49823,973.89154
49824,1018.20276
49825,1309.7826
49826,1373.4141
49827,1206.9653
49828,1371.7507
49829,1524.5798
49830,1148.0613
49831,1167.2566
49832,1357.987
49833,1401.4026
49834,856.3076
49835,634.6645
49836,834.86285
49837,882.3025
49838,795.0403
49839,1058.3027
49840,1078.2996
49841,1252.8705
49842,1341.7666
49843,1197.916
49844,1253.9596
49845,962.2603
49846,1165.452
49847,1008.47034
49848,677.89655
49849,652.16583
49850,857.47534
49851,786.42444
49852,1227.7462
49853,1682.4265
49854,1561.0863
49855,1545.2559
49856,1458.646
49857,1381.8082
49858,1479.5936
49859,1571.672
49860,1594.3248
49861,1409.3506
49862,1420.7698
49863,1065.5262
49864,976.9611
49865,865.818
49866,913.60065
49867,1281.6154
49868,944.99
49869,1273.7928
49870,1384.7073
49871,1635.1478
49872,1690.709
49873,1837.0388
49874,1983.3911
49875,1869.2947
49876,1824.1807
49877,1840.4698
49878,1749.2552
49879,1778.1304
49880,1896.0288
49881,1854.5526
49882,1950.5747
49883,1895.7986
49884,1909.5753
49885,1854.3394
49886,1766.4249
49887,1432.855
49888,1564.6864
49889,1727.3796
49890,1666.4781
49891,1620.2401
49892,1368.9329
49893,1301.7407
49894,1359.6853
49895,1628.6787
49896,1674.8336
49897,1517.2324
49898,1660.3267
49899,1533.601
49900,1331.827
49901,1596.571
49902,1163.3108
49903,1116.2139
49904,1368.5929
49905,862.8073
49906,752.2463
49907,867.27374
49908,932.33417
49909,160.15984
49910,639.37177
49911,1182.1681
49912,814.8612
49913,476.00922
49914,867.34894
49915,1349.198
49916,1048.2319
49917,1174.6721
49918,1052.2219
49919,962.2206
49920,841.8291
49921,789.2145
49922,915.3368
49923,960.80817
49924,749.83624
49925,1027.0903
49926,553.6366
49927,458.6807
49928,562.4557
49929,702.0801
49930,403.67346
49931,255.50984
49932,289.34613
49933,236.4557
49934,329.78885
49935,511.63074
49936,1066.9071
49937,1015.1255
49938,903.77356
49939,1091.7229
49940,1181.9391
49941,717.4664
49942,1353.3767
49943,1366.0233
49944,1278.4062
49945,1395.9092
49946,1036.5674
49947,1005.57745
49948,1130.2572
49949,1322.5315
49950,999.87335
49951,830.59674
49952,1244.7861
49953,999.2737
49954,971.95703
49955,862.8596
49956,1039.9435
49957,869.3973
49958,809.9369
49959,490.12976
49960,572.1035
49961,548.9273
49962,423.90945
49963,284.19028
49964,386.5586
49965,458.27106
49966,603.23676
49967,568.80066
49968,711.36127
49969,637.03644
49970,445.84125
49971,449.41205
49972,373.57166
49973,563.34235
49974,794.61505
49975,721.09314
49976,759.20044
49977,763.7681
49978,791.1355
49979,803.34717
49980,751.3069
49981,871.5217
49982,1117.3682
49983,1082.1533
49984,1124.6846
49985,1235.7471
49986,891.3473
49987,991.26764
49988,1310.0892
49989,1389.4564
49990,1260.797
49991,1359.7777
49992,1428.9565
49993,1346.8728
49994,1702.304
49995,1545.3223
49996,1556.4413
49997,1606.8738
49998,1436.4972
49999,1688.2433
50000,1604.1886
50001,1456.6018
50002,1656.5452
50003,1551.0767
50004,1636.0272
50005,1602.9786
50006,1453.1545
50007,1358.9327
50008,1671.9421
50009,1381.0299
50010,1447.4756
50011,1548.4993
50012,1334.6707
50013,1092.5593
50014,1069.0746
50015,1264.1852
50016,1130.9094
50017,1208.0525
50018,1150.652
50019,986.7656
50020,1035.0482
50021,1152.3701
50022,1005.3173
50023,800.55066
50024,947.2538
50025,909.3827
50026,503.767
50027,364.45956
50028,393.34802
50029,564.4802
50030,483.762
50031,520.90875
50032,597.1529
50033,768.7083
50034,1022.76526
50035,827.9908
50036,374.54474
50037,384.23914
50038,342.77365
50039,246.12567
50040,364.1138
50041,166.36398
50042,376.88867
50043,737.47314
50044,613.20844
50045,561.793
50046,484.84644
50047,436.48587
50048,494.32062
50049,346.84903
50050,242.4459
50051,211.97409
50052,265.82794
50053,383.32373
50054,448.46915
50055,423.27618
50056,449.14084
50057,177.15346
50058,305.38815
50059,364.77054
50060,109.76923
50061,90.403984
50062,93.75147
50063,76.203384
50064,75.95854
50065,109.56618
50066,97.93888
50067,174.7833
50068,54.67645
50069,137.69218
50070,103.08165
50071,91.7205
50072,62.03421
50073,9.6947365
50074,4.060532
50075,24.59735
50076,110.123024
50077,67.88424
50078,112.32705
50079,168.29912
50080,246.36748
50081,189.89488
50082,197.36911
50083,266.80478
50084,278.88614
50085,326.88956
50086,230.2247
50087,196.28516
50088,171.60321
50089,295.3497
50090,263.84012
50091,263.84012
50092,225.83005
50093,170.82976
50094,197.54294
50095,137.55217
50096,110.07279
50097,66.53965
50098,66.09385
50099,143.99936
50100,191.14752
50101,90.03926
50102,50.99233
50103,171.02016
50104,260.6766
50105,246.53854
50106,202.83565
50107,130.34218
50108,151.77208
50109,113.27304
50110,142.21637
50111,175.7576
50112,220.336
50113,265.44623
50114,337.38885
50115,536.5641
50116,422.3071
50117,438.15112
50118,391.98843
50119,433.75662
50120,270.29523
50121,366.8019
50122,324.19037
50123,380.3537
50124,533.14294
50125,449.0911
50126,423.51712
50127,341.21027
50128,172.4842
50129,161.05402
50130,167.11057
50131,186.66116
50132,196.45306
50133,179.80176
50134,187.25853
50135,250.57445
50136,312.289
50137,369.28406
50138,366.55942
50139,292.35898
50140,273.00018
50141,341.83218
50142,239.66206
50143,214.18488
50144,269.4332
50145,298.48447
50146,428.34985
50147,432.7352
50148,305.81934
50149,164.60883
50150,176.74315
50151,197.60727
50152,127.52894
50153,107.251396
50154,204.09088
50155,151.26912
50156,162.99013
50157,124.07811
50158,130.35605
50159,92.54641
50160,95.211525
50161,186.06834
50162,219.46136
50163,208.59204
50164,324.63925
50165,305.7072
50166,307.45844
50167,296.69812
50168,241.06485
50169,300.0604
50170,316.44107
50171,363.58127
50172,377.0873
50173,257.39902
50174,225.93326
50175,256.56696
50176,376.34537
50177,414.99442
50178,295.20383
50179,398.5486
50180,435.01685
50181,468.40417
50182,432.49915
50183,425.62848
50184,532.22327
50185,370.0055
50186,321.14386
50187,214.57573
50188,251.04814
50189,421.2924
50190,329.3854
50191,320.64905
50192,436.7139
50193,361.2258
50194,544.8378
50195,768.3996
50196,468.14728
50197,571.3701
50198,775.1108
50199,873.849
50200,659.48553
50201,602.303
50202,637.7137
50203,592.43225
50204,872.3494
50205,1002.40717
50206,1108.5347
50207,1034.4498
50208,1292.0028
50209,1409.3286
50210,1460.443
50211,1518.1793
50212,1393.5656
50213,1576.9586
50214,1512.496
50215,1746.6868
50216,1581.93
50217,1928.63
50218,1877.3597
50219,1421.5261
50220,1760.3533
50221,1989.7389
50222,1849.9993
50223,1744.4506
50224,1723.1785
50225,1663.7164
50226,1630.4203
50227,1631.172
50228,1627.2169
50229,1848.2742
50230,1779.3195
50231,1468.8472
50232,1719.4272
50233,1718.9261
50234,1402.0011
50235,807.2298
50236,1397.7346
50237,1638.581
50238,1433.8258
50239,987.0387
50240,1102.4254
50241,1132.8477
50242,818.31836
50243,464.66766
50244,739.0355
50245,1057.4191
50246,1238.975
50247,1563.131
50248,1652.5105
50249,1735.7283
50250,1692.0286
50251,1861.7728
50252,1725.3048
50253,1670.0468
50254,1763.4843
50255,1810.5703
50256,1696.4465
50257,1515.772
50258,1380.7358
50259,1265.202
50260,1186.3103
50261,1231.4775
50262,1240.3241
50263,1638.5375
50264,1100.8721
50265,1001.7789
50266,1027.1868
50267,959.8292
50268,1010.8465
50269,854.79224
50270,861.49615
50271,867.3481
50272,1002.6629
50273,660.7717
50274,684.8369
50275,787.3536
50276,696.7364
50277,756.55664
50278,635.2115
50279,650.22986
50280,393.1844
50281,305.7774
50282,339.72104
50283,534.413
50284,717.21265
50285,560.82495
50286,613.71564
50287,486.1189
50288,481.70383
50289,385.7189
50290,387.65054
50291,425.3425
50292,656.722
50293,847.08417
50294,702.6426
50295,581.10315
50296,429.0547
50297,411.4382
50298,486.02518
50299,653.589
50300,631.42755
50301,550.5005
50302,508.27762
50303,511.5252
50304,873.5268
50305,638.1085
50306,925.0533
50307,1111.7332
50308,1029.5508
50309,1100.0925
50310,816.4649
50311,757.7753
50312,712.1005
50313,567.3783
50314,676.71326
50315,630.8504
50316,597.44257
50317,740.7825
50318,654.50085
50319,981.07324
50320,1058.4224
50321,1078.3452
50322,1231.911
50323,1177.3083
50324,1545.8141
50325,1508.2949
50326,1493.9208
50327,1339.1793
50328,1643.7737
50329,1622.8804
50330,1507.0404
50331,1355.9135
50332,1494.3054
50333,1263.4509
50334,1193.0295
50335,976.1101
50336,1132.9747
50337,1099.4027
50338,947.82275
50339,1106.8956
50340,1238.7554
50341,1150.8134
50342,1257.3687
50343,1543.5237
50344,1284.4614
50345,1200.4963
50346,1617.6237
50347,1765.0298
50348,1606.2289
50349,1471.7278
50350,1358.1395
50351,1517.1567
50352,1244.0818
50353,1679.7294
50354,1558.2963
50355,1528.1489
50356,1846.6257
50357,1951.3212
50358,1775.6564
50359,1618.5532
50360,1636.7439
50361,1757.9136
50362,1548.1317
50363,1716.5566
50364,1939.1187
50365,1894.7817
50366,1834.2253
50367,1624.5702
50368,1438.9585
50369,1320.3423
50370,1335.525
50371,1366.9269
50372,1507.9095
50373,1716.8759
50374,1663.5826
50375,1744.7384
50376,1911.428
50377,1744.4247
50378,1735.0479
50379,1706.8314
50380,1690.2097
50381,1855.7676
50382,1784.1462
50383,1782.5306
50384,1796.7201
50385,1886.8829
50386,1891.0088
50387,1827.0903
50388,1718.2979
50389,1743.7489
50390,1793.5884
50391,1839.7527
50392,1973.405
50393,1922.269
50394,1930.9159
50395,1870.5502
50396,1976.3513
50397,1942.6486
50398,1970.3591
50399,1892.1743
50400,1991.7345
50401,2003.9268
50402,1992.8267
50403,1883.1373
50404,1945.4132
50405,2029.4757
50406,2004.8667
50407,2026.3252
50408,1922.3528
50409,2015.7216
50410,1910.6006
50411,1833.8845
50412,1830.7817
50413,1810.7943
50414,1816.1354
50415,1923.6469
50416,1736.2805
50417,1746.3896
50418,1704.1012
50419,1841.5436
50420,1987.3967
50421,1946.4535
50422,1940.9542
50423,1697.1951
50424,1891.6721
50425,1867.5344
50426,1882.3636
50427,1919.396
50428,1888.1493
50429,1954.1921
50430,1870.2892
50431,1843.3822
50432,1954.4436
50433,1828.0425
50434,1957.1329
50435,1939.8925
50436,1875.4222
50437,1951.6251
50438,1949.77
50439,1877.0378
50440,1790.9911
50441,1810.4226
50442,1802.1288
50443,1925.6588
50444,1867.6715
50445,1751.4142
50446,1911.5007
50447,1932.1343
50448,1896.692
50449,2019.5859
50450,2019.2333
50451,2003.9388
50452,1930.3378
50453,1932.1105
50454,1945.9965
50455,1865.0872
50456,1773.2219
50457,1781.4861
50458,1754.7878
50459,1720.2981
50460,1737.6842
50461,1734.8229
50462,1770.6505
50463,1627.0886
50464,1537.6759
50465,1582.3867
50466,1556.4373
50467,1351.9298
50468,1609.2823
50469,1373.2402
50470,1170.0522
50471,1082.8743
50472,1089.4866
50473,1536.5828
50474,1298.0306
50475,1275.0897
50476,1592.872
50477,1610.8816
50478,1803.1097
50479,1990.6393
50480,1664.35
50481,1459.9529
50482,1723.7019
50483,1264.7177
50484,1297.155
50485,1355.6321
50486,1368.9469
50487,1273.6561
50488,923.14435
50489,1279.2184
50490,1381.6929
50491,1574.3156
50492,1670.3881
50493,1400.7965
50494,1114.2877
50495,1173.9244
50496,1238.5901
50497,1106.6241
50498,945.48596
50499,1483.0773
50500,1523.7256
50501,1237.8434
50502,1382.3027
50503,1208.6921
50504,1463.647
50505,1164.8328
50506,1030.6945
50507,512.18414
50508,734.5685
50509,847.199
50510,849.429
50511,1052.1312
50512,1053.7208
50513,1016.2285
50514,874.9572
50515,1113.9276
50516,1147.6827
50517,903.9467
50518,892.9963
50519,711.0428
50520,697.5926
50521,774.61005
50522,648.0558
50523,593.4609
50524,476.47876
50525,570.93195
50526,745.90094
50527,943.4077
50528,1065.539
50529,904.2204
50530,957.53955
50531,862.8669
50532,785.6586
50533,793.0318
50534,1065.4066
50535,988.3815
50536,913.21594
50537,1110.5493
50538,1137.8949
50539,1084.5951
50540,1422.4689
50541,1503.6141
50542,1365.845
50543,1390.6321
50544,1776.2804
50545,1832.4382
50546,1907.9675
50547,2031.8339
50548,1993.6283
50549,2042.4779
50550,1837.0365
50551,1679.076
50552,1456.811
50553,1566.024
50554,1713.2861
50555,1445.1676
50556,1571.8636
50557,1477.3098
50558,1506.2976
50559,1525.5665
50560,1819.1464
50561,1684.6753
50562,1653.8235
50563,1411.2357
50564,1759.5939
50565,1609.6694
50566,1594.6461
50567,1464.927
50568,1578.0408
50569,1570.7338
50570,1551.4178
50571,1604.5688
50572,1628.9729
50573,131.4566
50574,933.9205
50575,1802.2874
50576,1797.616
50577,1841.5889
50578,1204.5625
50579,1882.5771
50580,1754.4882
50581,1721.4904
50582,1610.4556
50583,1631.1456
50584,1761.0065
50585,1732.3563
50586,1663.3755
50587,1765.3882
50588,1838.3124
50589,1791.9614
50590,1673.1829
50591,1936.0018
50592,1767.3386
50593,1106.6274
50594,1567.5913
50595,1920.4882
50596,1693.2719
50597,1888.8586
50598,1735.1665
50599,1766.878
50600,1715.7327
50601,1643.3389
50602,1520.4623
50603,1637.3293
50604,1278.2003
50605,1635.3882
50606,1552.4359
50607,1724.3954
50608,1901.3911
50609,1529.9294
50610,1467.1216
50611,1470.4634
50612,1384.0618
50613,1598.3575
50614,1765.9515
50615,1441.5157
50616,912.1496
50617,1142.8839
50618,1373.4573
50619,1236.0793
50620,978.0494
50621,1387.7802
50622,1571.5549
50623,1562.6626
50624,1343.7083
50625,1478.7084
50626,1447.927
50627,1574.7754
50628,1410.2413
50629,1607.1418
50630,1145.4999
50631,1196.98
50632,1584.7136
50633,1426.5276
50634,1375.3768
50635,1436.3285
50636,1541.9644
50637,1427.6305
50638,1580.8625
50639,1524.3041
50640,1539.226
50641,1589.0039
50642,1936.9182
50643,1983.3337
50644,1933.52
50645,1942.9874
50646,1961.2573
50647,2003.602
50648,1942.7358
50649,2012.8197
50650,2006.641
50651,2004.2983
50652,2004.8469
50653,1959.3324
50654,2002.285
50655,1999.9613
50656,2004.5885
50657,2008.4397
50658,2013.8842
50659,2001.2311
50660,2000.8116
50661,2001.237
50662,2000.2499
50663,2000.2499
50664,2004.6332
50665,2009.0231
50666,2011.3685
50667,2015.2197
50668,2012.7577
50669,2006.3021
50670,1975.8087
50671,1965.4698
50672,1763.9006
50673,1916.635
50674,1944.9371
50675,1989.2034
50676,1995.4733
50677,2006.8035
50678,2006.1367
50679,2007.9308
50680,2014.4702
50681,1998.876
50682,2010.13
50683,1955.283
50684,1910.062
50685,1810.7546
50686,1864.9113
50687,1982.5043
50688,1984.4608
50689,1981.4763
50690,1981.8723
50691,1981.8723
50692,1984.8317
50693,1983.4877
50694,1843.7073
50695,1910.4957
50696,1937.2379
50697,1983.0815
50698,1865.561
50699,1903.7094
50700,1895.3801
50701,1920.477
50702,1907.6624
50703,1892.7117
50704,1918.9296
50705,1906.6965
50706,1034.5945
50707,368.7744
50708,1088.7565
50709,1593.2882
50710,1835.7251
50711,1723.2511
50712,1654.0945
50713,1878.1678
50714,1428.0886
50715,1451.6696
50716,1488.773
50717,1191.8263
50718,1251.0444
50719,1507.1354
50720,1465.7325
50721,1403.9265
50722,1322.1464
50723,1598.3971
50724,1379.8379
50725,1243.9194
50726,1524.0931
50727,1545.1775
50728,1558.0466
50729,1633.8379
50730,1629.0306
50731,1228.4684
50732,1634.0839
50733,1357.6991
50734,1568.7771
50735,1630.1681
50736,1157.9883
50737,1727.9855
50738,1472.9923
50739,1422.9753
50740,1073.2825
50741,1382.9542
50742,1200.2867
50743,960.6378
50744,1230.919
50745,1013.594
50746,1457.0399
50747,1280.523
50748,1404.3535
50749,1097.69
50750,775.662
50751,900.87195
50752,1023.29175
50753,1009.808
50754,1338.5548
50755,1153.9087
50756,905.43195
50757,1145.5734
50758,907.57324
50759,1027.3002
50760,1327.479
50761,1265.1189
50762,1148.4634
50763,1086.0468
50764,124.18691
50765,484.59662
50766,920.4531
50767,838.0773
50768,622.4326
50769,658.40674
50770,478.71713
50771,783.8507
50772,465.82254
50773,465.26587
50774,361.79684
50775,345.53378
50776,81.0182
50777,308.88596
50778,530.41644
50779,496.01755
50780,366.8894
50781,366.17548
50782,574.6624
50783,555.3575
50784,607.57074
50785,664.4964
50786,513.00287
50787,687.1356
50788,576.8341
50789,553.125
50790,454.8222
50791,585.11566
50792,592.6138
50793,740.0941
50794,474.61902
50795,734.3042
50796,742.2981
50797,658.99896
50798,615.37213
50799,667.84143
50800,522.7483
50801,445.3729
50802,353.6424
50803,451.70255
50804,421.2884
50805,429.22083
50806,389.962
50807,413.23236
50808,588.34235
50809,519.5086
50810,669.0699
50811,601.48834
50812,302.0094
50813,333.4605
50814,365.634
50815,522.78467
50816,520.53564
50817,470.46918
50818,985.7764
50819,1066.6975
50820,1087.5177
50821,749.7981
50822,1097.0616
50823,979.19495
50824,1353.8018
50825,1444.9255
50826,1476.8087
50827,1171.5074
50828,1317.5906
50829,1089.6892
50830,1285.2822
50831,1222.1699
50832,1352.1093
50833,1198.7053
50834,1579.8063
50835,969.80145
50836,951.8032
50837,1072.5414
50838,1027.3638
50839,1068.7108
50840,935.7717
50841,1117.8883
50842,1111.6818
50843,1177.4352
50844,1242.3966
50845,1000.0527
50846,916.6506
50847,830.3365
50848,835.04425
50849,678.5019
50850,856.98364
50851,830.0075
50852,915.5717
50853,749.886
50854,1056.0203
50855,1016.7894
50856,1357.0442
50857,1494.4401
50858,1258.01
50859,1308.394
50860,1437.5063
50861,1680.8672
50862,1827.4753
50863,1832.9972
50864,1895.3656
50865,1989.9453
50866,2007.3708
50867,1974.9764
50868,2007.3708
50869,1986.5208
50870,2012.0397
50871,2020.6669
50872,2019.5348
50873,2019.5348
50874,2019.5348
50875,2020.2015
50876,2021.0078
50877,2021.0078
50878,2010.7772
50879,2015.8004
50880,2016.2795
50881,2015.8004
50882,2026.142
50883,2025.4752
50884,2012.2795
50885,2012.2795
50886,2012.4312
50887,2017.4021
50888,2016.7665
50889,2016.7665
50890,2020.9501
50891,2045.4271
50892,2040.372
50893,2031.9354
50894,2049.9417
50895,729.19916
50896,327.778
50897,313.95068
50898,1014.5835
50899,2001.5933
50900,1986.1146
50901,1954.8567
50902,1961.7777
50903,1925.1342
50904,1978.2119
50905,1957.7236
50906,1861.08
50907,1884.9045
50908,1982.6774
50909,1996.2362
50910,1440.6969
50911,302.67773
50912,283.24942
50913,1312.4171
50914,1981.0006
50915,1974.6443
50916,1948.707
50917,1936.287
50918,1871.5795
50919,1961.9216
50920,1919.9427
50921,1940.5415
50922,1983.964
50923,1833.2094
50924,1987.8152
50925,1983.964
50926,1983.4037
50927,1885.329
50928,1814.4471
50929,1798.3076
50930,1958.0648
50931,1984.353
50932,1931.5574
50933,1775.7494
50934,1992.1776
50935,1994.5929
50936,1983.6946
50937,1913.7252
50938,1992.1776
50939,1882.5441
50940,1809.4135
50941,1564.1447
50942,1580.464
50943,1751.6187
50944,1744.5203
50945,1861.5582
50946,1253.1448
50947,1100.8245
50948,894.0903
50949,1102.8175
50950,1443.1605
50951,1097.6774
50952,1310.3932
50953,1001.32477
50954,963.8609
50955,975.48175
50956,932.90137
50957,1084.2542
50958,1180.1404
50959,1173.5455
50960,1263.7491
50961,1154.7208
50962,1266.3718
50963,1397.0741
50964,1341.6136
50965,1164.0724
50966,871.77106
50967,918.2289
50968,1015.0044
50969,1335.3776
50970,1437.3405
50971,1498.1887
50972,1606.5853
50973,1730.699
50974,1852.2258
50975,1676.8308
50976,1789.9364
50977,1234.0785
50978,1192.8883
50979,1316.7043
50980,1507.7456
50981,1537.0354
50982,1580.6804
50983,1700.9943
50984,1729.9014
50985,1598.9884
50986,1142.4729
50987,1023.9445
50988,1000.66595
50989,1129.8477
50990,1486.565
50991,1435.9049
50992,1386.4608
50993,1018.4577
50994,1313.9097
50995,1347.1338
50996,1595.6582
50997,1661.5227
50998,1649.9164
50999,1780.1678
51000,1737.3455
51001,1905.1367
51002,1607.1421
51003,1319.5308
51004,1193.9315
51005,1121.7994
51006,959.5854
51007,708.9486
51008,697.25916
51009,515.1933
51010,577.9934
51011,599.99756
51012,743.9755
51013,746.6304
51014,713.93835
51015,497.31027
51016,604.9109
51017,532.0947
51018,361.586
51019,331.55115
51020,236.09624
51021,243.42418
51022,267.3574
51023,214.50536
51024,285.76624
51025,285.48602
51026,446.48523
51027,563.4198
51028,663.3273
51029,641.3715
51030,614.03394
51031,568.52466
51032,498.56274
51033,620.9959
51034,564.0941
51035,1002.64435
51036,877.5177
51037,527.4324
51038,688.8107
51039,527.52295
51040,392.31064
51041,460.10797
51042,441.4399
51043,94.464005
51044,387.11584
51045,350.9456
51046,417.2712
51047,370.1293
51048,439.57016
51049,640.0045
51050,574.912
51051,495.19724
51052,505.6052
51053,567.497
51054,754.5506
51055,1194.6602
51056,1299.9564
51057,1471.9417
51058,1447.7007
51059,1549.8014
51060,1877.2917
51061,1871.7317
51062,1857.5618
51063,1874.5286
51064,1926.6932
51065,1725.8986
51066,1665.533
51067,1733.9225
51068,1587.4861
51069,1862.8213
51070,1809.3673
51071,1844.5403
51072,1818.2771
51073,1886.1105
51074,1911.6234
51075,1790.2604
51076,1870.8562
51077,1921.8152
51078,1880.1034
51079,1815.0769
51080,1749.37
51081,1832.765
51082,1762.969
51083,1733.9156
51084,1941.792
51085,1902.4847
51086,1956.3779
51087,1870.1755
51088,2018.811
51089,2013.7635
51090,1966.9503
51091,2020.4647
51092,2020.4647
51093,2002.3413
51094,1981.3617
51095,1929.454
51096,1909.2638
51097,1980.7352
51098,1949.9656
51099,1954.2026
51100,1928.571
51101,1935.6826
51102,1925.598
51103,1865.8124
51104,1925.598
51105,1972.908
51106,1982.3386
51107,2000.7693
51108,1926.0061
51109,1966.296
51110,2010.0643
51111,1930.0382
51112,1879.848
51113,2003.3237
51114,1979.8696
51115,1961.9784
51116,1837.2955
51117,1980.7434
51118,1950.9987
51119,1798.5618
51120,1608.4703
51121,1463.4204
51122,1428.1055
51123,1356.5762
51124,1523.7659
51125,1515.845
51126,1274.4812
51127,1532.5446
51128,1608.6285
51129,1532.354
51130,1565.5532
51131,1274.0653
51132,1607.9197
51133,1506.4167
51134,1508.9589
51135,1371.2162
51136,1497.1218
51137,1579.9755
51138,1547.6332
51139,1491.3439
51140,1273.5105
51141,1536.2947
51142,1409.2294
51143,1257.0226
51144,1360.5433
51145,1392.6797
51146,1372.1345
51147,1538.6744
51148,1657.5543
51149,1392.9672
51150,1035.5668
51151,1207.0414
51152,1370.2002
51153,1426.8341
51154,1545.4985
51155,1353.0706
51156,1244.8644
51157,1412.8151
51158,1392.8865
51159,1292.2975
51160,1187.4431
51161,1190.1595
51162,1240.9542
51163,1185.9557
51164,1234.8065
51165,1319.3706
51166,1492.9673
51167,1278.7496
51168,1173.2676
51169,882.47253
51170,784.281
51171,809.9068
51172,910.62354
51173,717.0976
51174,893.0922
51175,916.3992
51176,1086.2825
51177,1119.0096
51178,1215.3162
51179,1196.6888
51180,1096.6074
51181,1202.9175
51182,1565.3838
51183,1274.0752
51184,1387.9019
51185,1231.3916
51186,1335.7585
51187,1313.9541
51188,1165.6747
51189,1111.0277
51190,1089.9386
51191,1299.3204
51192,704.638
51193,610.90924
51194,457.36423
51195,487.728
51196,462.6572
51197,514.17896
51198,656.94055
51199,662.90643
51200,592.43134
51201,600.0323
51202,601.6746
51203,461.463
51204,479.92706
51205,530.2285
51206,486.63092
51207,550.7517
51208,565.77563
51209,832.9824
51210,708.8132
51211,265.14844
51212,149.09103
51213,134.13785
51214,110.71351
51215,326.0434
51216,431.9137
51217,279.19775
51218,262.51663
51219,288.43677
51220,557.3917
51221,715.3605
51222,639.4818
51223,816.60187
51224,1046.2858
51225,996.5967
51226,764.5628
51227,711.13635
51228,541.6258
51229,424.8037
51230,441.5081
51231,369.04517
51232,607.86554
51233,492.80853
51234,457.18463
51235,588.20416
51236,517.2646
51237,549.3297
51238,443.4317
51239,459.99323
51240,524.2258
51241,672.659
51242,691.91833
51243,741.446
51244,644.22723
51245,529.5483
51246,400.9453
51247,363.70816
51248,328.0072
51249,339.0427
51250,389.8685
51251,407.16672
51252,412.60977
51253,378.244
51254,568.12585
51255,518.83905
51256,444.32544
51257,465.70792
51258,412.07678
51259,390.58725
51260,368.10495
51261,355.82336
51262,261.47638
51263,296.46094
51264,441.37872
51265,411.52032
51266,417.5567
51267,348.8292
51268,292.6493
51269,474.9355
51270,414.52737
51271,447.58765
51272,382.05768
51273,389.07465
51274,470.46814
51275,559.86334
51276,319.4916
51277,299.783
51278,315.95114
51279,472.301
51280,282.28433
51281,319.8719
51282,288.00674
51283,333.42902
51284,321.99405
51285,143.50682
51286,112.57107
51287,80.70288
51288,63.353123
51289,98.60583
51290,94.016136
51291,62.84352
51292,98.54879
51293,95.4986
51294,76.23005
51295,77.6793
51296,50.269363
51297,90.79419
51298,85.50898
51299,134.14023
51300,112.23754
51301,113.85998
51302,100.17389
51303,38.538475
51304,50.00231
51305,78.99133
51306,138.71617
51307,205.39006
51308,133.48189
51309,103.78508
51310,55.019585
51311,39.225723
51312,53.08249
51313,32.48301
51314,71.340195
51315,42.24933
51316,37.4237
51317,26.12881
51318,14.632755
51319,12.543334
51320,19.498552
51321,30.189678
51322,32.91343
51323,12.394246
51324,12.497128
51325,24.104061
51326,19.701984
51327,16.058132
51328,12.075163
51329,12.075163
51330,12.075163
51331,14.267183
51332,0.7185154
51333,1.4382747
51334,3.1158252
51335,4.7286344
51336,2.816585
51337,2.4481936
51338,1.3998275
51339,1.8180598
51340,2.214119
51341,2.214119
51342,1.5716965
51343,1.8443761
51344,2.214119
51345,1.1655275
51346,1.0614458
51347,1.0614458
51348,1.4083459
51349,2.3280976
51350,1.576622
51351,2.2372103
51352,1.3402658
51353,1.5245595
51354,1.3402658
51355,1.4387747
51356,1.4387747
51357,1.4387747
51358,1.1678547
51359,1.1678547
51360,1.1678547
51361,1.3521482
51362,1.1678547
51363,0.70962775
51364,0.70962775
51365,0.70962775
51366,0.70962775
51367,0.70962775
51368,0.70962775
51369,0.60627383
51370,0.7664638
51371,0.7664638
51372,1.1498258
51373,1.0755802
51374,1.1985688
51375,1.5326035
51376,2.7230623
51377,42.615753
51378,118.17436
51379,93.01865
51380,109.342766
51381,93.654785
51382,96.184555
51383,86.30273
51384,99.43136
51385,53.452312
51386,75.80351
51387,114.4274
51388,175.80716
51389,123.12606
51390,80.21533
51391,188.87474
51392,214.51074
51393,325.98526
51394,340.62567
51395,432.46207
51396,269.71555
51397,143.25336
51398,383.68982
51399,344.91208
51400,192.80785
51401,260.43927
51402,324.64597
51403,192.44157
51404,143.38426
51405,138.91783
51406,157.00787
51407,177.54663
51408,121.89239
51409,77.109825
51410,114.44753
51411,182.55591
51412,254.93613
51413,235.0258
51414,192.96596
51415,138.6801
51416,167.65729
51417,192.47446
51418,161.67303
51419,150.43253
51420,103.386986
51421,113.385574
51422,97.023605
51423,108.20792
51424,157.60359
51425,157.60359
51426,110.38644
51427,90.56689
51428,167.76971
51429,125.699036
51430,131.67381
51431,104.91615
51432,174.32382
51433,193.51065
51434,184.11572
51435,163.84575
51436,192.17216
51437,184.02705
51438,170.96967
51439,208.4381
51440,192.90054
51441,254.97557
51442,171.3055
51443,110.63209
51444,134.93513
51445,103.99414
51446,121.70341
51447,208.55621
51448,269.9675
51449,290.57452
51450,203.8187
51451,264.98917
51452,340.0949
51453,285.6819
51454,306.01086
51455,415.9434
51456,342.37622
51457,381.39517
51458,527.78503
51459,387.4298
51460,331.61386
51461,404.20276
51462,487.1336
51463,409.94427
51464,584.1261
51465,574.8427
51466,753.069
51467,625.06116
51468,715.04974
51469,696.81024
51470,717.0601
51471,598.0922
51472,531.9816
51473,721.0954
51474,911.31775
51475,792.3165
51476,662.65094
51477,715.79565
51478,847.37305
51479,675.7931
51480,913.01306
51481,1027.7615
51482,1113.6376
51483,1160.1492
51484,1015.3045
51485,1360.6367
51486,868.33856
51487,897.56744
51488,1245.8143
51489,1030.2798
51490,1220.7966
51491,975.1321
51492,1219.0933
51493,968.38947
51494,1073.5508
51495,929.5518
51496,979.4324
51497,832.4544
51498,769.9374
51499,961.9175
51500,994.209
51501,749.67035
51502,1187.8724
51503,967.74744
51504,763.58246
51505,1317.5184
51506,1434.4855
51507,1282.3818
51508,1380.5277
51509,1318.6633
51510,1796.8849
51511,1863.1593
51512,1399.5814
51513,872.1329
51514,834.8348
51515,722.91974
51516,766.8821
51517,838.5607
51518,803.87274
51519,883.18176
51520,1358.0244
51521,1341.0211
51522,1472.6406
51523,1208.3551
51524,1045.5637
51525,1348.4247
51526,1483.7059
51527,1470.015
51528,1690.5211
51529,1797.1622
51530,1646.4535
51531,1696.5927
51532,1742.172
51533,1829.7268
51534,1475.6273
51535,1535.7588
51536,1659.9581
51537,1782.7584
51538,1722.7072
51539,1709.8651
51540,1672.897
51541,1832.8054
51542,1810.6211
51543,1806.8518
51544,1953.5303
51545,1970.0294
51546,1799.6802
51547,1765.503
51548,1851.7947
51549,1797.1305
51550,1804.1365
51551,1836.593
51552,1443.3967
51553,1795.7318
51554,1505.3959
51555,1616.2584
51556,1677.1907
51557,1260.8505
51558,1477.5999
51559,1636.5157
51560,1374.0454
51561,1140.6223
51562,1187.7476
51563,1093.5045
51564,1081.1683
51565,1297.7251
51566,1320.4471
51567,980.1169
51568,1174.9347
51569,980.1116
51570,1260.7981
51571,939.46985
51572,892.86975
51573,1115.3085
51574,784.18756
51575,569.20404
51576,728.0727
51577,1226.9044
51578,1199.1119
51579,1024.5748
51580,883.94464
51581,814.57904
51582,950.8942
51583,956.858
51584,1019.1262
51585,992.0641
51586,1260.3883
51587,1290.3967
51588,1207.1439
51589,1221.8477
51590,1153.8116
51591,1518.1696
51592,1422.1353
51593,1431.9187
51594,1345.1289
51595,990.62476
51596,988.11084
51597,1063.7385
51598,1213.48
51599,706.71173
51600,727.38165
51601,586.9434
51602,513.9144
51603,621.6883
51604,1271.5295
51605,1195.5819
51606,1048.0134
51607,1194.0055
51608,1055.3304
51609,835.9561
51610,951.8307
51611,660.2661
51612,539.75415
51613,503.9994
51614,728.01764
51615,627.432
51616,554.2887
51617,523.5939
51618,477.14282
51619,497.75522
51620,437.91977
51621,477.17377
51622,471.62592
51623,388.69922
51624,476.01514
51625,922.6015
51626,987.2138
51627,885.956
51628,887.3578
51629,822.3847
51630,718.0031
51631,735.02264
51632,856.59467
51633,996.1806
51634,1050.1426
51635,1026.8438
51636,909.3273
51637,776.8408
51638,900.01227
51639,1145.5763
51640,1024.7069
51641,822.5999
51642,716.5507
51643,565.31116
51644,522.8797
51645,725.1009
51646,813.30994
51647,955.3134
51648,997.43964
51649,928.38086
51650,897.41644
51651,940.43823
51652,601.7801
51653,705.666
51654,468.7377
51655,439.52484
51656,597.2567
51657,697.52045
51658,620.93994
51659,976.18713
51660,1082.1232
51661,1028.9186
51662,509.9925
51663,498.919
51664,910.62445
51665,697.07166
51666,640.80023
51667,609.9287
51668,362.08368
51669,301.92
51670,400.42416
51671,489.05408
51672,394.58817
51673,334.92532
51674,588.36975
51675,463.62454
51676,560.21515
51677,661.1833
51678,224.26497
51679,210.56601
51680,355.86346
51681,638.48285
51682,1144.2042
51683,1334.0402
51684,1242.8346
51685,1301.0414
51686,1064.6305
51687,781.20654
51688,1129.2345
51689,792.00476
51690,770.08813
51691,658.8676
51692,770.1116
51693,710.0745
51694,701.4511
51695,1118.9966
51696,923.35535
51697,671.6293
51698,745.3869
51699,737.3962
51700,706.4954
51701,606.8634
51702,546.44836
51703,719.2793
51704,709.528
51705,480.66602
51706,254.39781
51707,366.47943
51708,599.2545
51709,549.68823
51710,726.9768
51711,849.5396
51712,633.2257
51713,544.44324
51714,389.33908
51715,341.20502
51716,398.24005
51717,526.8234
51718,803.4865
51719,765.8932
51720,734.57104
51721,1075.3273
51722,1049.0494
51723,830.73975
51724,853.2766
51725,809.3416
51726,699.5725
51727,513.6509
51728,344.7107
51729,387.34982
51730,343.47244
51731,241.73312
51732,225.11757
51733,231.2702
51734,165.34357
51735,242.94905
51736,235.15782
51737,234.58711
51738,274.59583
51739,231.09851
51740,168.17361
51741,127.983154
51742,35.1987
51743,33.187126
51744,15.402508
51745,18.85398
51746,31.115005
51747,49.221016
51748,124.73578
51749,77.963326
51750,7.2032127
51751,0.95471925
51752,24.665585
51753,11.491803
51754,1.3752306
51755,1.137156
51756,1.3172567
51757,1.3172567
51758,12.913279
51759,1.5765475
51760,1.6571468
51761,73.88703
51762,139.9491
51763,15.607013
51764,2.213828
51765,1.8414408
51766,1.7218927
51767,1.9061867
51768,4.2533145
51769,54.86129
51770,111.178696
51771,140.83638
51772,63.230255
51773,23.836359
51774,6.8545475
51775,14.870933
51776,50.81888
51777,45.800644
51778,17.19861
51779,1.3354212
51780,2.2189636
51781,2.699474
51782,2.4956205
51783,9.547627
51784,9.92254
51785,1.0796922
51786,21.547342
51787,90.26338
51788,94.06091
51789,49.01425
51790,46.069305
51791,57.0179
51792,51.72226
51793,16.988781
51794,9.541147
51795,43.421448
51796,44.33475
51797,37.32467
51798,43.12964
51799,49.975792
51800,43.002716
51801,23.788786
51802,116.74671
51803,120.923325
51804,27.45411
51805,67.19565
51806,167.0684
51807,198.71478
51808,143.64108
51809,132.15308
51810,189.3772
51811,212.1287
51812,247.74947
51813,390.0114
51814,687.14923
51815,645.5766
51816,751.5113
51817,661.04974
51818,871.3312
51819,799.8563
51820,822.528
51821,1112.0375
51822,756.9499
51823,649.4369
51824,629.76324
51825,879.95935
51826,753.3424
51827,675.0709
51828,618.0155
51829,589.7578
51830,386.0488
51831,605.91296
51832,513.2663
51833,742.07416
51834,443.45578
51835,357.98175
51836,482.2783
51837,421.29773
51838,367.34436
51839,270.9698
51840,245.9749
51841,323.87692
51842,374.0074
51843,335.79074
51844,440.7926
51845,365.42422
51846,331.6187
51847,548.49915
51848,522.81506
51849,343.85577
51850,403.2049
51851,388.2643
51852,288.3693
51853,268.49008
51854,158.94621
51855,171.36136
51856,206.75249
51857,126.517525
51858,174.30446
51859,207.61269
51860,292.02426
51861,339.8133
51862,341.6887
51863,387.55295
51864,379.53705
51865,391.84747
51866,354.1211
51867,355.28366
51868,356.31097
51869,350.49786
51870,341.175
51871,487.62228
51872,554.0745
51873,403.30307
51874,410.331
51875,241.11699
51876,361.15073
51877,599.31647
51878,405.00443
51879,233.03029
51880,252.34319
51881,226.77945
51882,292.59094
51883,368.34088
51884,251.73111
51885,286.0228
51886,285.8092
51887,248.74858
51888,199.94923
51889,209.36078
51890,226.81819
51891,274.732
51892,285.47592
51893,234.18002
51894,277.57004
51895,341.67932
51896,338.96872
51897,278.8631
51898,434.28418
51899,360.3033
51900,186.15034
51901,207.86664
51902,292.74805
51903,335.99063
51904,286.3406
51905,223.97232
51906,195.95743
51907,217.04512
51908,200.72246
51909,248.19002
51910,218.149
51911,204.20813
51912,185.46852
51913,193.25319
51914,225.53348
51915,224.68544
51916,266.50497
51917,169.18977
51918,132.97615
51919,140.50397
51920,194.85794
51921,205.12741
51922,151.37602
51923,189.78777
51924,173.20387
51925,136.16734
51926,78.79942
51927,113.137695
51928,276.08945
51929,257.2367
51930,287.99878
51931,262.871
51932,212.9062
51933,262.74802
51934,236.14227
51935,323.71774
51936,340.27704
51937,375.29773
51938,386.8811
51939,296.97485
51940,195.29248
51941,139.42409
51942,113.017715
51943,136.58669
51944,188.32066
51945,131.22261
51946,179.20638
51947,156.18506
51948,213.7718
51949,172.6179
51950,295.63007
51951,259.1256
51952,346.4191
51953,353.52972
51954,283.82745
51955,254.6005
51956,501.96393
51957,397.85608
51958,280.10925
51959,283.4806
51960,242.16895
51961,154.84537
51962,135.81267
51963,139.17247
51964,128.39429
51965,109.79379
51966,88.94367
51967,61.488274
51968,55.124214
51969,40.293343
51970,68.974
51971,42.491005
51972,74.211
51973,68.29866
51974,88.73109
51975,78.995125
51976,90.48332
51977,66.10565
51978,105.0942
51979,160.3434
51980,158.14526
51981,199.46933
51982,222.42876
51983,346.72275
51984,309.669
51985,273.7202
51986,239.95123
51987,210.8347
51988,158.02827
51989,112.41063
51990,143.47528
51991,233.62634
51992,386.73904
51993,507.58865
51994,483.65845
51995,349.511
51996,193.48909
51997,193.25114
51998,189.23938
51999,174.2316
52000,164.30754
52001,144.74924
52002,160.63155
52003,135.3008
52004,154.28061
52005,186.19128
52006,127.19828
52007,135.10306
52008,185.6791
52009,182.42441
52010,204.25706
52011,131.89293
52012,69.31781
52013,0.92587715
52014,0.92587715
52015,0.92587715
52016,0.92587715
52017,0.92587715
52018,0.92587715
52019,0.92587715
52020,0.92587715
52021,0.92587715
52022,1.2857839
52023,1.2857839
52024,1.9411553
52025,1.9411553
52026,1.9411553
52027,1.9991294
52028,1.6392229
52029,1.6392229
52030,1.6392229
52031,1.6392229
52032,1.6392229
52033,1.6392229
52034,1.9991294
52035,1.9411553
52036,1.3839422
52037,1.0240356
52038,1.0240356
52039,1.1979898
52040,27.705633
52041,74.44093
52042,62.09361
52043,76.11597
52044,94.11979
52045,29.602388
52046,5.3380055
52047,0.82981646
52048,0.8188672
52049,0.8188672
52050,1.0086226
52051,1.0086226
52052,1.0086226
52053,1.0782707
52054,0.8885152
52055,0.8885152
52056,1.7354842
52057,1.7742379
52058,0.8188672
52059,0.8885152
52060,0.8188672
52061,0.8188672
52062,0.8188672
52063,0.8188672
52064,0.8188672
52065,0.8885152
52066,0.8188672
52067,3.1733897
52068,71.74812
52069,81.010124
52070,99.6509
52071,145.27232
52072,120.40481
52073,128.86229
52074,118.00378
52075,40.37538
52076,10.067882
52077,8.966965
52078,1.5245595
52079,1.9521027
52080,2.180551
52081,2.2308476
52082,2.2372103
52083,1.6274413
52084,1.5718119
52085,1.5198303
52086,1.8444917
52087,1.5198303
52088,1.5718119
52089,1.4170879
52090,1.6326157
52091,1.1236603
52092,1.1924441
52093,1.1924441
52094,1.7649776
52095,0.9702211
52096,3.3847594
52097,1.3079541
52098,1.575222
52099,0.7804655
52100,0.7804655
52101,0.6301691
52102,0.6301691
52103,2.9019494
52104,2.9212205
52105,1.7309499
52106,1.8103939
52107,33.162994
52108,53.511795
52109,32.483196
52110,78.478165
52111,51.132298
52112,26.347324
52113,19.87561
52114,22.847605
52115,5.599311
52116,1.141179
52117,1.0906416
52118,1.0906416
52119,1.0796922
52120,1.0796922
52121,1.0614458
52122,1.0614458
52123,1.5583756
52124,1.9521027
52125,1.6740954
52126,2.1669695
52127,1.9366527
52128,1.2630008
52129,1.2630008
52130,1.3317846
52131,1.2343115
52132,1.6271594
52133,2.2877476
52134,1.2343115
52135,3.90753
52136,2.2877476
52137,2.2877476
52138,1.4588835
52139,1.2343115
52140,1.2343115
52141,2.5047941
52142,3.2395349
52143,11.368334
52144,36.862682
52145,10.270528
52146,4.963022
52147,43.45924
52148,23.2667
52149,71.17757
52150,88.763565
52151,62.598915
52152,42.729073
52153,16.918728
52154,39.66638
52155,54.799072
52156,51.39833
52157,77.14233
52158,30.507748
52159,16.88094
52160,15.026282
52161,1.3147625
52162,1.1210562
52163,1.1210562
52164,1.1210562
52165,2.278574
52166,2.278574
52167,3.3416746
52168,1.9671098
52169,1.7218927
52170,1.7908126
52171,2.9045744
52172,1.9518933
52173,1.1371119
52174,1.2413782
52175,1.8293414
52176,1.2774426
52177,1.1659863
52178,1.1154555
52179,2.9971168
52180,2.9971168
52181,3.731857
52182,1.7834083
52183,1.4925628
52184,0.9956332
52185,4.9914002
52186,78.13568
52187,72.41265
52188,72.41265
52189,67.95573
52190,68.28873
52191,99.17559
52192,83.53868
52193,62.645195
52194,63.68174
52195,88.9156
52196,98.360695
52197,138.18199
52198,184.28702
52199,240.27036
52200,193.55634
52201,193.41536
52202,217.6327
52203,225.89157
52204,204.21475
52205,154.03618
52206,135.38264
52207,117.46499
52208,86.88552
52209,52.409676
52210,65.08827
52211,50.039986
52212,69.34121
52213,48.367752
52214,46.138
52215,62.563408
52216,48.27211
52217,46.71199
52218,81.01995
52219,72.35181
52220,102.12162
52221,129.1842
52222,102.1728
52223,53.22119
52224,5.3029838
52225,6.64906
52226,2.2430294
52227,1.7313805
