id,active_power
0,-2.2716272
1,7.1312504
2,-1.5105531
3,-0.6294423
4,3.294756
5,16.777481
6,12.249038
7,-0.11270423
8,13.815272
9,-0.7813114
10,1.3873729
11,11.498766
12,-1.4682237
13,-1.125148
14,-1.0838797
15,-1.1388841
16,-1.1892693
17,-1.170089
18,-1.1513313
19,-1.1580645
20,-1.1500149
21,-1.1618326
22,-1.1531916
23,-1.075662
24,-1.0639648
25,19.970324
26,23.326395
27,37.192276
28,53.549625
29,65.52436
30,50.441456
31,25.535227
32,9.762441
33,-3.129972
34,-2.1946385
35,-2.2485023
36,0.07950163
37,-0.7617106
38,-0.9647329
39,-1.0458145
40,-1.6249696
41,-0.886286
42,-0.9098497
43,-0.87610346
44,-0.8814462
45,-1.1099025
46,-1.1355821
47,-1.205431
48,-1.0981153
49,-1.0936753
50,-1.2388614
51,-1.2246102
52,-1.2379268
53,-1.2833154
54,-1.2788333
55,-1.2512441
56,-1.1978682
57,-1.225939
58,-1.2566346
59,-1.2346491
60,-1.2640461
61,-1.2627717
62,-1.3402711
63,-1.3402711
64,-1.2478924
65,-1.2568415
66,-1.0966688
67,-1.0751158
68,-1.0751158
69,-1.0712185
70,-1.0931227
71,-1.1162746
72,-1.1370071
73,-1.1395583
74,-1.1427879
75,-1.1897879
76,-1.2059088
77,-1.2142779
78,-1.2050067
79,-1.2050067
80,-1.1983343
81,-1.144629
82,-1.2218511
83,-1.301802
84,-1.175936
85,-1.175936
86,-1.1414149
87,-1.2649302
88,-1.2658552
89,-1.101199
90,-1.1413351
91,-1.215446
92,-1.2188019
93,-1.3832896
94,-1.4132956
95,-1.4721829
96,-1.1888714
97,-1.4337676
98,-1.4675286
99,17.933817
100,34.745174
101,6.6349196
102,-4.7598066
103,-0.19893095
104,-4.938872
105,-1.3152823
106,-1.3401561
107,-1.2967646
108,-1.2374715
109,-1.2966156
110,-1.3873821
111,-1.3728766
112,-1.3460797
113,-1.1003462
114,22.0131
115,21.175056
116,25.829365
117,39.695835
118,32.22796
119,24.552578
120,36.22649
121,56.559242
122,39.766068
123,24.100782
124,65.65281
125,132.5902
126,171.26704
127,136.34003
128,113.231316
129,97.76466
130,53.50548
131,34.169235
132,73.20149
133,15.723482
134,8.706241
135,23.682322
136,17.897238
137,27.728405
138,47.66572
139,21.768606
140,-0.5373452
141,-0.5649901
142,-0.58399224
143,-0.6272533
144,-0.643794
145,-1.2851578
146,-0.58084106
147,-0.48707384
148,-0.5094458
149,-0.4953882
150,-0.39310494
151,-0.3354374
152,-0.27788997
153,-0.38129747
154,-0.43668213
155,-0.5668874
156,-0.5476944
157,-0.5510621
158,-0.52697164
159,-0.55737585
160,-0.6783188
161,-0.38459376
162,-0.23299251
163,-0.030313738
164,45.01402
165,34.288025
166,54.71387
167,27.931208
168,40.662476
169,45.092678
170,58.924885
171,81.47535
172,77.71401
173,74.07697
174,73.698586
175,79.1728
176,70.28469
177,81.4183
178,93.229195
179,68.6286
180,110.637215
181,56.54074
182,70.53154
183,98.4421
184,42.365093
185,88.93039
186,127.8955
187,127.77283
188,126.14132
189,214.70544
190,124.44071
191,104.616776
192,87.35359
193,115.117035
194,347.34845
195,234.54135
196,167.64787
197,127.51073
198,102.46373
199,118.1164
200,91.99413
201,110.28768
202,82.3337
203,115.6488
204,116.08663
205,113.93584
206,113.32794
207,121.07095
208,123.98463
209,237.23344
210,316.1343
211,284.35468
212,372.0362
213,283.25
214,297.77066
215,224.71553
216,198.30638
217,141.70827
218,153.15736
219,170.59547
220,180.32372
221,231.75404
222,201.78142
223,203.35143
224,125.630714
225,180.3876
226,113.56037
227,181.02945
228,125.306206
229,152.63507
230,111.67743
231,137.70694
232,139.49922
233,118.77215
234,163.35277
235,126.4971
236,87.08851
237,130.52739
238,103.49066
239,44.77402
240,53.798733
241,52.360947
242,39.75188
243,48.183006
244,67.631325
245,52.400475
246,55.92156
247,92.304016
248,32.344894
249,-1.325731
250,-0.78018284
251,-0.81701607
252,-0.8470941
253,-0.8449777
254,-0.71544987
255,-0.79708695
256,-0.9492221
257,-0.87452203
258,-0.78363013
259,-0.83946776
260,-0.9657656
261,-0.84330374
262,-0.74978524
263,-0.7878837
264,-0.91866285
265,-0.96647173
266,-0.9569508
267,-0.9399429
268,-0.9284917
269,-0.9644129
270,-0.9613653
271,-0.93223584
272,-0.9201222
273,-0.92234254
274,-0.9557654
275,-0.93295115
276,-0.89389104
277,-0.914802
278,-0.89257574
279,-0.9727817
280,-0.9969095
281,-1.1485763
282,-1.1597137
283,-1.1151936
284,-1.0978991
285,-1.2128676
286,-1.2193453
287,-1.1754118
288,-1.3348055
289,-1.3974957
290,-1.2949537
291,-1.1491959
292,-1.0931311
293,-1.1456326
294,-1.1665028
295,-1.1790658
296,-1.2087953
297,-1.2087953
298,-1.2412149
299,-1.2851259
300,-1.3181276
301,-1.2911576
302,-1.292382
303,-1.3173026
304,-1.3334935
305,-1.1331642
306,-1.1040075
307,-1.3304048
308,-1.3149682
309,-1.3149682
310,-1.2978431
311,-1.28546
312,-1.3197132
313,-1.3197132
314,-1.3315132
315,-1.3241954
316,-1.2821703
317,-1.3164235
318,-1.3164235
319,-1.3164235
320,-1.3164235
321,-1.3164235
322,-1.2798626
323,-1.2798626
324,-1.2798626
325,-1.2680628
326,-1.2798626
327,-1.2798626
328,-1.2757384
329,-1.3080512
330,-1.3328962
331,-1.3080512
332,-1.3434443
333,-1.3434443
334,-1.3434443
335,-1.3434443
336,-1.3434443
337,-1.3434443
338,-1.2168809
339,-1.3266551
340,-1.2855402
341,-1.3146611
342,-1.3146611
343,-1.3304163
344,-1.335939
345,-1.335939
346,-1.3546696
347,-1.3534504
348,-1.3534504
349,-1.3534504
350,-1.3653324
351,-1.3653324
352,-1.3148959
353,-1.3116893
354,-1.3148959
355,-1.3148959
356,-1.3148959
357,-1.3148959
358,-1.3567027
359,-1.3713065
360,-1.3200457
361,-1.3831064
362,-1.3757887
363,-1.3757887
364,-1.3571757
365,-1.4039773
366,-1.3396896
367,-1.3527164
368,-1.3527164
369,-1.3527164
370,-1.3389319
371,-1.3271321
372,-1.3271321
373,-1.35953
374,-1.35953
375,-1.3477302
376,-1.328258
377,-1.3400578
378,-1.3400578
379,-1.3400578
380,-1.3400578
381,-1.328258
382,-1.4668559
383,-1.4527707
384,-1.4600883
385,-1.4600883
386,-1.4600883
387,-1.4482886
388,-1.3084637
389,-1.3084637
390,-1.3084637
391,-1.3196126
392,-1.3196126
393,-1.3196126
394,-1.3196126
395,-1.2278458
396,-1.2290728
397,-1.2290728
398,-1.2941515
399,-1.209509
400,-1.3145486
401,-1.2178175
402,-1.224493
403,-1.224493
404,-1.224493
405,-1.3145486
406,-1.2260746
407,-1.2260746
408,-1.3023022
409,-1.2260746
410,-1.2260746
411,-1.2260746
412,-1.2146802
413,-1.2260746
414,-1.2260746
415,-1.3023022
416,-1.2260746
417,-1.2260746
418,-1.2548501
419,-1.2548501
420,-1.2751907
421,-1.1965001
422,-1.2082998
423,-1.1965001
424,-1.1965001
425,-1.2311567
426,-1.2311567
427,-1.1965001
428,-1.2082998
429,-1.1965001
430,-1.2024442
431,-1.1844714
432,-1.1844714
433,-1.1828763
434,-1.2024442
435,-1.2392555
436,-1.3219202
437,-1.2128674
438,-1.2154574
439,-1.334374
440,-1.2763064
441,-1.3598546
442,-1.2870561
443,-1.2870561
444,-1.3645029
445,-1.2870561
446,-1.3269994
447,-1.2870561
448,-1.3625567
449,-1.2408645
450,-1.2566241
451,-1.3402827
452,-1.3402827
453,-1.3625567
454,-1.3567989
455,-1.3612247
456,-1.3567989
457,-1.3345249
458,-1.3567989
459,-1.2764573
460,-1.3138375
461,-1.2944076
462,-1.3360453
463,-1.3138375
464,-1.3809141
465,-1.1982123
466,-1.3115829
467,-1.2592078
468,-1.3567348
469,-1.3535281
470,-1.3480054
471,-1.3535281
472,-1.3163261
473,-1.3163261
474,-1.3438811
475,-1.3163261
476,-1.3163261
477,-1.3163261
478,-1.3619994
479,-1.3331482
480,-1.3213485
481,-1.3619994
482,-1.3258307
483,-1.3817937
484,-1.3331482
485,-1.3619994
486,-1.3331482
487,-1.3619994
488,-1.3619994
489,-1.3817937
490,-1.3538662
491,-1.3763041
492,-1.3763041
493,-1.3881038
494,-1.3475481
495,-1.3475481
496,-1.4116074
497,-1.3972952
498,-1.3972952
499,-1.3854955
500,-1.3854955
501,-1.3972952
502,-1.3931913
503,-1.3931913
504,-1.3634359
505,-1.3589537
506,-1.3707534
507,-1.3931913
508,-1.3711289
509,-1.3711289
510,-1.3419685
511,-1.3711289
512,-1.3711289
513,-1.3711289
514,-1.3875062
515,-1.3993059
516,-1.3397905
517,-1.3397905
518,-1.3397905
519,-1.3397905
520,-1.4161512
521,-1.4174818
522,-1.3824364
523,-1.4161512
524,-1.4161512
525,-1.4161512
526,-0.89297
527,-0.8811703
528,-0.8811703
529,-1.3896475
530,-1.4043992
531,-1.4135609
532,-0.97387
533,-0.95080155
534,-0.9386369
535,-0.959896
536,-0.95080155
537,-0.959896
538,-0.95080155
539,-0.9531459
540,-0.95257837
541,-0.959896
542,-0.97387
543,-0.95080155
544,-1.5136163
545,-1.5136163
546,-1.5140282
547,-1.5136163
548,-1.5136163
549,-1.511772
550,-0.53666306
551,-0.53666306
552,-0.4520834
553,-0.4684463
554,-0.4721384
555,-0.4721384
556,0.921301
557,1.2208538
558,1.2208538
559,0.921301
560,1.2208538
561,1.2117593
562,-0.2232448
563,-0.22999479
564,-0.22999479
565,-0.22999479
566,-0.2070284
567,-0.071167834
568,0.38145855
569,0.38145855
570,0.38145855
571,0.42613235
572,0.53731614
573,0.53731614
574,3.0634046
575,2.8001776
576,2.917686
577,2.9113612
578,2.917686
579,3.0206175
580,-0.43869203
581,-0.34782976
582,-0.374224
583,-0.26304036
584,-0.25395745
585,-0.26304036
586,-1.5044483
587,-1.360019
588,-1.360019
589,-1.360019
590,-1.6287798
591,-1.7141685
592,0.24302249
593,0.25547835
594,0.04533773
595,0.04533773
596,0.04533773
597,0.14850406
598,0.63445777
599,0.63445777
600,0.8221582
601,0.73762405
602,0.63445777
603,0.63312715
604,6.3793926
605,6.3780622
606,6.395609
607,6.3793926
608,6.3793926
609,6.3971705
610,-0.20779668
611,-0.10329975
612,-0.10329975
613,-0.016007565
614,-0.025090449
615,-0.20074272
616,-1.3703172
617,-1.259774
618,-1.3197604
619,-1.2258879
620,-1.2349707
621,-1.2467867
622,1.0163574
623,1.1036499
624,0.9833829
625,1.1036499
626,1.1441822
627,0.91891456
628,0.073159225
629,0.3362132
630,0.073159225
631,0.06419885
632,0.24893405
633,0.26669225
634,-1.3141705
635,-1.4233447
636,-1.1806831
637,-1.042244
638,-1.0026276
639,-0.8854568
640,-0.8070179
641,-0.6073349
642,-0.75357974
643,-0.76266253
644,-0.97218573
645,-1.3622252
646,-1.2644215
647,-1.274301
648,-1.2644215
649,-1.2644215
650,-1.5554382
651,-1.5885159
652,-2.3020766
653,-1.3815715
654,-1.3765744
655,-1.3692567
656,-1.3764998
657,-1.3957126
658,-1.3957126
659,-1.4126967
660,-1.3814676
661,-1.3893437
662,-1.4685793
663,-1.444444
664,-1.4969485
665,-1.5422684
666,-1.4969485
667,-1.5385666
668,-1.5464283
669,-1.5464283
670,-1.3998563
671,-1.3998563
672,-1.3998563
673,-1.3998563
674,-1.3998563
675,-1.3904729
676,-1.6434774
677,-1.6340941
678,-1.6209254
679,-1.5756055
680,-1.6193421
681,-1.6434774
682,-1.5420351
683,-1.5661705
684,-1.5661705
685,-1.5638908
686,-1.5507221
687,-1.5732741
688,-1.4835716
689,-1.4835716
690,-1.4835716
691,-1.4746112
692,-1.4746112
693,-1.4746112
694,-1.6311829
695,-1.6311829
696,-1.6311829
697,-1.6311829
698,-1.6311829
699,-1.6311829
700,-1.5264834
701,-1.5358667
702,-1.5358667
703,-1.5358667
704,-1.5358667
705,-1.5358667
706,-1.4917302
707,-1.4917302
708,-1.4917302
709,-1.4917302
710,-1.4917302
711,-1.4917302
712,-1.4233217
713,-1.4404745
714,-1.4404745
715,-1.4258564
716,-1.3806639
717,-1.3806639
718,-1.4332416
719,-1.4784341
720,-1.4320146
721,-1.4784341
722,-1.4332416
723,-1.4332416
724,-1.5791131
725,-1.5791131
726,-1.5791131
727,-1.5791131
728,-1.6246244
729,-1.6054668
730,-1.4580979
731,-1.4789525
732,-1.4789525
733,-1.4523331
734,-1.4523331
735,-1.4082105
736,-1.4789525
737,-1.4789525
738,-1.4695691
739,-1.4789525
740,-1.4789525
741,-1.4789525
742,-1.5053239
743,-1.5123066
744,-1.5123066
745,-1.5123066
746,-1.5294591
747,-1.5458477
748,-1.5223559
749,-1.5223559
750,-1.5211289
751,-1.5223559
752,-1.5223559
753,-1.5223559
754,-1.5154965
755,-1.5154965
756,-1.5363069
757,-1.5154965
758,-1.5363069
759,-1.5363069
760,-1.3527185
761,-1.3539455
762,-1.3539455
763,-1.3539455
764,-1.3539455
765,-1.3539455
766,-1.3952527
767,-1.4079858
768,-1.4862391
769,-1.1955327
770,-1.113194
771,-0.99128383
772,-1.4718208
773,-1.4718208
774,-1.4718208
775,-1.4862809
776,-1.4573631
777,-1.339161
778,-0.6608813
779,-0.505598
780,-1.0894287
781,-1.0321562
782,-0.54250956
783,-0.5692997
784,-1.5834837
785,-1.5508655
786,-1.5508655
787,-1.5716759
788,-1.5716759
789,-1.5508655
790,-1.5171014
791,-1.5007129
792,-1.5007129
793,-1.5458164
794,-1.4436419
795,-1.2338225
796,-1.279649
797,-1.418859
798,-1.3526833
799,-1.3893449
800,-1.4378957
801,-1.4683863
802,-1.4343559
803,-1.4343559
804,-1.4145615
805,-1.3856323
806,-1.2816249
807,-1.1943328
808,-1.414254
809,-1.3570431
810,-1.3978724
811,-1.4283631
812,-1.4220233
813,-1.24202
814,-1.289148
815,-1.0496223
816,-1.0578593
817,-0.96823925
818,-0.9003263
819,-0.99118847
820,-1.0016674
821,-0.9042248
822,-1.0066704
823,-0.81693286
824,-0.8508187
825,-0.8508187
826,-1.0103304
827,-0.9811705
828,-1.0103304
829,-1.0103304
830,-0.9532179
831,-1.0053214
832,-1.0103304
833,-0.79143244
834,-0.79419047
835,-0.9532179
836,-0.35901877
837,-0.33421585
838,-0.5514612
839,-0.5514612
840,-0.46667215
841,-0.6423238
842,-0.6423238
843,-0.6423238
844,-0.41029558
845,-0.52147853
846,-0.585947
847,-0.4350985
848,-0.58363396
849,-0.63069504
850,-0.29059425
851,-0.28558478
852,-0.26647627
853,-0.07949638
854,-0.23852374
855,-0.29059425
856,-0.64130676
857,-0.64130676
858,-0.64130676
859,-0.64130676
860,-0.64130676
861,-0.61718905
862,-0.6476143
863,-0.628506
864,-0.60055315
865,-0.628506
866,-0.6526238
867,-0.6526238
868,-0.64779526
869,-0.64779526
870,-0.64779526
871,-0.64779526
872,-0.64779526
873,-0.64779526
874,-0.70507216
875,-0.70507216
876,-0.6983967
877,-0.70507216
878,-0.6809546
879,-0.5785079
880,-0.43393585
881,-0.43393585
882,-0.53638124
883,-0.53638124
884,-0.5084288
885,-0.5313779
886,-0.20364454
887,-0.29723367
888,-0.29723367
889,-0.29723367
890,-0.29723367
891,-0.29222426
892,0.43923116
893,0.43647307
894,-0.16792974
895,-0.30338874
896,-0.30338874
897,-0.08056031
898,-0.21532515
899,-0.2137638
900,-0.041083246
901,-0.20446417
902,-0.31026253
903,-0.31026253
904,-0.20802025
905,-0.033963617
906,-0.21775927
907,-0.21619801
908,-1.0353546
909,-1.0262156
910,0.27002746
911,0.27999622
912,0.3077551
913,0.30133575
914,0.4192696
915,0.42840883
916,-0.7253436
917,-1.020453
918,-1.3037341
919,-1.615937
920,-1.3730795
921,-1.3822186
922,-1.5129726
923,-1.5417061
924,-1.5842354
925,-1.5417061
926,-1.4923744
927,-1.5054541
928,-1.7691205
929,-1.7007203
930,-1.7528117
931,-1.4362881
932,-1.5979745
933,-1.5888352
934,-1.0507694
935,-0.35483265
936,-0.4061879
937,-0.2157523
938,-1.6423002
939,-0.4258173
940,-0.69885963
941,-0.7880426
942,-1.1904961
943,0.14685662
944,-0.21728139
945,-0.4123488
946,-0.50106865
947,-0.31268036
948,-0.13781793
949,-0.47049037
950,-0.23912993
951,-0.17627124
952,-0.5064607
953,-0.63668776
954,-0.598567
955,-0.598567
956,-0.5901366
957,-0.5901366
958,-0.51325387
959,-0.4836788
960,-0.4603341
961,-0.3873351
962,-0.36997822
963,-0.3289434
964,-0.53541315
965,-0.40743342
966,-0.3659139
967,-0.41002372
968,-0.24595232
969,-0.21725944
970,-0.44073913
971,-0.41871423
972,-0.23776923
973,-0.49987084
974,-0.5158595
975,-0.45818108
976,-0.5338389
977,-0.48947334
978,-0.18571992
979,-0.39679605
980,-0.54193324
981,-0.63292
982,-0.4928303
983,-0.8263318
984,-0.8263318
985,-0.8263318
986,-0.7354695
987,-0.80338246
988,-0.6401347
989,-0.72888917
990,-0.80338246
991,-0.80338246
992,-0.83289653
993,-0.8313351
994,-1.130988
995,-1.1500963
996,-1.0922934
997,-1.0730516
998,-1.1551057
999,-1.1551057
1000,-1.0856786
1001,-1.0856786
1002,-0.9751358
1003,-0.9751358
1004,-1.1551057
1005,-1.1551057
1006,-0.7735793
1007,-0.781579
1008,-0.85978544
1009,-0.85978544
1010,-0.781579
1011,-0.85978544
1012,-1.2298057
1013,-1.2298057
1014,-1.1548024
1015,-1.0644773
1016,-1.2298057
1017,-1.2298057
1018,-1.2253329
1019,-1.2253329
1020,-1.2253329
1021,-1.2196641
1022,-0.99806845
1023,-1.2414688
1024,-1.1520474
1025,-1.125261
1026,-1.1520474
1027,-1.2499493
1028,-1.2584649
1029,-1.253615
1030,-1.1922703
1031,-1.1874204
1032,-1.1922703
1033,-1.109214
1034,-1.1140639
1035,-1.1087004
1036,-1.0179466
1037,-1.0179466
1038,-1.0110377
1039,-1.0179466
1040,-1.0110377
1041,-1.1015223
1042,-1.0507358
1043,-1.1125004
1044,-0.8872781
1045,-0.8872781
1046,-0.8872781
1047,-1.0227821
1048,-1.073308
1049,-1.3901675
1050,-1.073308
1051,-1.3901675
1052,-1.3901675
1053,-1.3986831
1054,-1.3714929
1055,-1.3623685
1056,-2.069652
1057,-1.000125
1058,-0.9824293
1059,-1.0419444
1060,-1.7719195
1061,-0.9035503
1062,-0.92593473
1063,-0.8631627
1064,-0.9475438
1065,-0.87116116
1066,-0.95067424
1067,-0.9528045
1068,-0.98093444
1069,-0.97811407
1070,-0.9722356
1071,-0.96012217
1072,-0.9591338
1073,-1.6521095
1074,-0.8725592
1075,-0.91205937
1076,-0.92489916
1077,0.15198487
1078,-0.9436601
1079,-0.001831206
1080,-0.625
1081,-1.0316659
1082,-0.5941656
1083,-0.83217
1084,-1.6580056
1085,-0.104249075
1086,-0.495148
1087,-0.8527538
1088,-0.9420411
1089,66.65876
1090,38.069153
1091,69.8929
1092,67.847466
1093,113.30733
1094,147.51047
1095,49.042656
1096,42.629948
1097,56.00188
1098,74.42226
1099,68.73908
1100,96.49736
1101,110.01238
1102,130.00414
1103,51.143864
1104,93.730675
1105,84.552956
1106,54.19197
1107,31.898792
1108,32.23767
1109,60.40979
1110,73.93049
1111,60.349827
1112,52.257233
1113,94.01045
1114,108.12509
1115,137.27444
1116,131.18382
1117,148.11191
1118,240.87473
1119,198.79485
1120,94.86198
1121,75.344635
1122,26.233856
1123,22.205122
1124,-1.204402
1125,-1.1755581
1126,-1.121166
1127,-1.0869088
1128,20.373482
1129,20.053549
1130,-0.9757507
1131,-1.1480454
1132,-1.1812642
1133,-1.1999701
1134,-1.2236936
1135,-1.204777
1136,-1.1481776
1137,-1.0682621
1138,-1.2564234
1139,-1.2536117
1140,-1.2723
1141,-1.1635454
1142,-1.1427312
1143,-1.0802051
1144,-1.0463539
1145,-1.250907
1146,-1.3353587
1147,-1.3493035
1148,-1.3683
1149,-1.1683023
1150,-1.329944
1151,-1.3450499
1152,-1.3500423
1153,-1.3011279
1154,-1.3235391
1155,-1.3208416
1156,-1.3160131
1157,-1.3160131
1158,-1.2839984
1159,-1.2468514
1160,-1.2405334
1161,-1.2405334
1162,-1.2414334
1163,-1.099052
1164,-1.2597661
1165,-1.3304147
1166,-1.2210567
1167,-1.2798917
1168,-1.3095279
1169,-1.297728
1170,-1.3095279
1171,-1.3029964
1172,-1.3082762
1173,-1.3140564
1174,-1.325107
1175,-1.3133073
1176,-1.325107
1177,-1.3898387
1178,-1.4128475
1179,-1.439467
1180,-1.4213624
1181,-1.4277241
1182,-1.4127693
1183,-1.3797258
1184,-1.4232984
1185,-1.4232984
1186,-1.4087809
1187,-1.4087809
1188,-1.4153458
1189,-1.3915104
1190,-1.3635577
1191,-1.2356583
1192,-1.2256185
1193,-1.4499863
1194,-1.4512055
1195,-1.426619
1196,-1.2418847
1197,-1.2553933
1198,-1.3643849
1199,-1.3643849
1200,-1.3414357
1201,-1.2999166
1202,-1.1796505
1203,-1.6074909
1204,-0.93735594
1205,-0.35824254
1206,-1.256519
1207,-1.3815527
1208,-1.3666162
1209,-1.2387425
1210,-1.4037743
1211,-1.3958981
1212,-1.2860653
1213,-1.2436746
1214,-1.3528275
1215,-1.3683724
1216,-1.2729102
1217,-1.371008
1218,-1.3644627
1219,-1.4310558
1220,-1.3572922
1221,-1.3711958
1222,-1.2879783
1223,-1.3652029
1224,-1.3673333
1225,-1.3600156
1226,-1.3828781
1227,-1.3118191
1228,-1.375658
1229,-1.4428805
1230,-1.3520818
1231,-1.3766407
1232,-1.3465607
1233,-1.3687493
1234,-1.073227
1235,-1.4695444
1236,-1.4760445
1237,-1.4353465
1238,-1.445927
1239,-1.4688739
1240,-1.4660358
1241,-1.4542361
1242,-1.4660358
1243,-1.4010139
1244,-1.4010139
1245,-1.4010139
1246,-1.4542361
1247,-1.4542361
1248,-1.4542361
1249,-1.4542361
1250,-1.4010139
1251,-1.4542361
1252,-1.473175
1253,-1.4556015
1254,-1.405056
1255,-1.4201834
1256,-1.4789551
1257,-1.4168557
1258,-1.4944408
1259,-1.5477931
1260,-1.5477931
1261,-1.5359935
1262,-1.5359935
1263,-1.5477931
1264,-1.470078
1265,-1.5084642
1266,-2.0928502
1267,-1.471278
1268,-1.3857743
1269,-1.4043231
1270,-1.4363147
1271,-1.4949424
1272,-1.4949424
1273,-1.5049361
1274,-1.4845227
1275,-1.4696991
1276,-1.4706299
1277,-1.4854535
1278,-1.498533
1279,-1.4837095
1280,-1.4706299
1281,-1.3664011
1282,-1.3033991
1283,-1.3341248
1284,-1.3874315
1285,-1.3606491
1286,-1.3452077
1287,-1.3551813
1288,-1.4329137
1289,-1.34846
1290,-1.3407903
1291,-1.3402767
1292,-1.3407903
1293,-1.3386384
1294,-1.3978698
1295,-1.4281049
1296,-1.4281049
1297,-1.423833
1298,-1.4281049
1299,-1.4308348
1300,-1.4075693
1301,-1.4092518
1302,-1.3791047
1303,-1.4067842
1304,-1.4124192
1305,-1.4014207
1306,-1.4245659
1307,-1.4245659
1308,-1.4343848
1309,-1.3901364
1310,-1.40013
1311,-1.3901364
1312,-1.3800048
1313,-1.3800048
1314,-1.4144635
1315,-1.4690245
1316,-1.5054331
1317,-1.4583143
1318,-1.5159494
1319,-1.3504976
1320,-1.5899203
1321,-1.8408152
1322,-1.843949
1323,-1.8212931
1324,-1.4002898
1325,-1.3071055
1326,-2.0388315
1327,-1.3167412
1328,-0.63004434
1329,-0.2557305
1330,-0.6958757
1331,-0.5529603
1332,-0.98645395
1333,-1.5404521
1334,-1.1547942
1335,-0.197649
1336,0.2626534
1337,-1.3957307
1338,-0.2599048
1339,47.234913
1340,93.67513
1341,91.960815
1342,67.261566
1343,108.27436
1344,93.27748
1345,109.91356
1346,110.888275
1347,78.31234
1348,111.61742
1349,122.7788
1350,141.32555
1351,124.49891
1352,156.92157
1353,200.82156
1354,169.47743
1355,112.52161
1356,130.18588
1357,86.632675
1358,134.033
1359,77.7291
1360,138.90076
1361,110.63704
1362,175.78279
1363,242.78175
1364,278.61334
1365,114.33587
1366,174.23984
1367,170.31015
1368,196.47125
1369,152.16547
1370,259.56805
1371,320.0149
1372,331.9039
1373,529.31305
1374,207.69098
1375,226.51083
1376,258.51996
1377,220.54477
1378,215.88954
1379,157.18547
1380,304.8793
1381,405.52066
1382,339.3439
1383,466.60065
1384,445.93207
1385,361.33444
1386,297.87286
1387,356.9398
1388,308.40503
1389,247.7165
1390,205.22432
1391,167.24567
1392,176.385
1393,194.7897
1394,185.18065
1395,237.86485
1396,190.73112
1397,203.93729
1398,233.77695
1399,185.66676
1400,188.04
1401,221.72302
1402,258.0355
1403,257.2804
1404,239.05107
1405,290.21588
1406,381.7551
1407,456.98
1408,317.07913
1409,321.43637
1410,381.76898
1411,351.199
1412,303.09064
1413,278.03967
1414,328.49637
1415,254.81409
1416,445.96042
1417,337.1179
1418,224.8193
1419,203.591
1420,249.16338
1421,300.09863
1422,306.73203
1423,208.69264
1424,247.18933
1425,295.50494
1426,259.068
1427,294.83487
1428,330.4402
1429,246.06398
1430,408.32
1431,355.68094
1432,307.93817
1433,337.9446
1434,507.37247
1435,517.47516
1436,603.30054
1437,514.53284
1438,328.69617
1439,331.1135
1440,331.6035
1441,269.24356
1442,222.24687
1443,331.58835
1444,187.15486
1445,121.51041
1446,119.166565
1447,179.9814
1448,186.17438
1449,279.00452
1450,270.08572
1451,323.15524
1452,416.24075
1453,259.86386
1454,271.94815
1455,322.8797
1456,190.21587
1457,60.549946
1458,85.65833
1459,192.34439
1460,165.7655
1461,121.603485
1462,73.35389
1463,88.611916
1464,127.92754
1465,185.54327
1466,223.13443
1467,136.72023
1468,217.73929
1469,212.52528
1470,139.10478
1471,248.32213
1472,173.93428
1473,169.09491
1474,338.38754
1475,284.81113
1476,291.49225
1477,387.43808
1478,355.80048
1479,215.04684
1480,139.63576
1481,108.687004
1482,89.229004
1483,72.90101
1484,53.839767
1485,60.769554
1486,99.93495
1487,76.39848
1488,72.64426
1489,85.02384
1490,82.66406
1491,80.15877
1492,76.03342
1493,56.069305
1494,170.37831
1495,54.110046
1496,11.372805
1497,3.2567828
1498,-0.5301625
1499,-0.4634714
1500,-0.6608632
1501,2.0176237
1502,124.65329
1503,83.464134
1504,66.29203
1505,55.889526
1506,57.635258
1507,54.007565
1508,67.35992
1509,82.59118
1510,90.396255
1511,105.54051
1512,214.30603
1513,203.12328
1514,206.07492
1515,99.94942
1516,56.69714
1517,76.2866
1518,96.304756
1519,130.34734
1520,104.64618
1521,103.50103
1522,84.921425
1523,70.85398
1524,91.07211
1525,71.135605
1526,17.168335
1527,2.4321187
1528,-1.1850535
1529,-0.935422
1530,23.373507
1531,3.4795077
1532,5.906345
1533,108.158
1534,26.492651
1535,32.97853
1536,51.889076
1537,21.512707
1538,-2.21211
1539,-0.8150936
1540,-0.74041307
1541,-1.4643757
1542,-0.7440706
1543,-0.6065142
1544,-0.51699024
1545,-0.42064622
1546,30.78095
1547,92.3554
1548,104.063545
1549,106.52368
1550,79.36329
1551,107.24086
1552,110.61476
1553,70.10109
1554,68.64837
1555,106.215866
1556,107.53158
1557,106.81586
1558,154.95981
1559,127.53571
1560,94.56036
1561,147.31882
1562,213.88782
1563,111.56067
1564,67.51188
1565,95.170456
1566,129.1947
1567,120.69893
1568,219.17659
1569,273.7068
1570,267.96826
1571,286.77457
1572,305.73242
1573,247.05894
1574,313.21976
1575,336.28638
1576,337.98947
1577,236.09976
1578,187.76733
1579,236.08937
1580,253.74817
1581,241.0739
1582,356.20874
1583,394.66693
1584,371.32666
1585,370.9597
1586,417.44263
1587,314.31186
1588,267.54257
1589,388.5988
1590,379.1136
1591,419.48523
1592,394.77048
1593,547.87634
1594,589.72076
1595,693.27026
1596,355.57056
1597,239.831
1598,313.12296
1599,416.2733
1600,383.30115
1601,375.26892
1602,315.24628
1603,430.77136
1604,466.6392
1605,582.58826
1606,745.8885
1607,801.0153
1608,586.33026
1609,588.5281
1610,612.03754
1611,816.81934
1612,668.879
1613,711.01465
1614,491.14267
1615,532.23865
1616,583.41486
1617,737.0515
1618,429.6309
1619,815.8434
1620,721.7595
1621,496.43442
1622,521.86237
1623,479.2169
1624,661.4992
1625,582.6073
1626,715.0817
1627,892.3862
1628,913.73865
1629,1154.516
1630,1661.8975
1631,1786.6925
1632,1781.7562
1633,1750.8204
1634,1686.9379
1635,1481.6439
1636,1504.7861
1637,1642.1521
1638,1646.3213
1639,1572.1146
1640,1742.7434
1641,1844.9775
1642,1805.399
1643,1800.2502
1644,1604.0815
1645,1578.6587
1646,823.4642
1647,40.69904
1648,1106.2043
1649,1109.2303
1650,1048.4594
1651,993.00354
1652,1072.2157
1653,962.4759
1654,1154.43
1655,1247.6652
1656,1318.3402
1657,1137.7286
1658,1149.0925
1659,531.71014
1660,0.34300396
1661,1115.6649
1662,1086.8712
1663,919.54175
1664,1051.0128
1665,903.5642
1666,1011.5594
1667,1175.8876
1668,1159.5519
1669,1151.8512
1670,1088.6388
1671,1112.6423
1672,1275.2646
1673,1137.1727
1674,1082.1674
1675,926.2717
1676,1229.3209
1677,1157.535
1678,1002.56335
1679,989.7958
1680,681.56146
1681,714.4327
1682,841.9594
1683,1003.3445
1684,945.17065
1685,422.63675
1686,546.83966
1687,517.78546
1688,640.8904
1689,697.0786
1690,480.09952
1691,604.31604
1692,525.2453
1693,405.2957
1694,430.12476
1695,415.2018
1696,387.4269
1697,532.9714
1698,496.28357
1699,411.54623
1700,436.26544
1701,518.03406
1702,314.44785
1703,416.25262
1704,378.65744
1705,390.2455
1706,392.84036
1707,430.88654
1708,449.06885
1709,592.6343
1710,521.18427
1711,433.4581
1712,575.4227
1713,539.98267
1714,605.2264
1715,615.0412
1716,565.64624
1717,466.76218
1718,548.4788
1719,547.16327
1720,378.18167
1721,303.70645
1722,295.65518
1723,466.18335
1724,469.55255
1725,412.91986
1726,277.66217
1727,225.83011
1728,210.39938
1729,165.5024
1730,203.1032
1731,295.94324
1732,322.08566
1733,334.4084
1734,381.19653
1735,310.95273
1736,270.4354
1737,183.79045
1738,168.3559
1739,272.70706
1740,159.14833
1741,89.52662
1742,110.48752
1743,160.5715
1744,284.92664
1745,222.43565
1746,267.72504
1747,340.42404
1748,274.70544
1749,308.69012
1750,317.72595
1751,299.08783
1752,340.88788
1753,406.94678
1754,370.15796
1755,420.74142
1756,478.603
1757,440.66922
1758,521.27094
1759,551.22034
1760,495.65857
1761,449.74933
1762,441.87085
1763,391.2509
1764,258.79025
1765,417.08136
1766,979.9447
1767,820.3502
1768,657.9124
1769,489.23508
1770,322.78995
1771,474.14886
1772,408.70615
1773,389.56448
1774,471.65103
1775,258.0929
1776,330.6276
1777,339.2411
1778,360.12024
1779,228.4643
1780,225.8112
1781,348.32712
1782,118.50049
1783,320.50705
1784,300.7661
1785,316.80942
1786,255.92892
1787,394.51944
1788,514.2737
1789,503.77014
1790,463.7404
1791,438.47348
1792,528.7448
1793,513.45526
1794,387.51816
1795,424.0616
1796,385.6871
1797,271.82022
1798,468.21417
1799,673.87006
1800,608.3366
1801,669.88074
1802,781.139
1803,934.6341
1804,975.7159
1805,933.0514
1806,1017.8461
1807,1511.803
1808,1322.8927
1809,1277.1888
1810,1503.3643
1811,1551.1064
1812,1769.6305
1813,1761.0487
1814,1807.1605
1815,1845.6089
1816,1821.622
1817,1796.731
1818,1833.6812
1819,1704.8816
1820,1572.7501
1821,1830.7931
1822,1912.4349
1823,1848.4746
1824,1911.2418
1825,1909.8622
1826,1911.836
1827,1921.1857
1828,1916.7445
1829,1922.282
1830,1921.0742
1831,548.94604
1832,22.558031
1833,22.353823
1834,15.800931
1835,19.570538
1836,20.976534
1837,12.937047
1838,13.178539
1839,1149.6991
1840,1900.2214
1841,1903.4243
1842,1905.3075
1843,1885.8068
1844,1908.884
1845,1882.1919
1846,1899.6505
1847,1916.3661
1848,1919.6505
1849,1922.252
1850,1913.3307
1851,1108.509
1852,20.905497
1853,1130.35
1854,1893.6952
1855,1891.4489
1856,1807.2434
1857,1807.6085
1858,1881.5842
1859,1879.7769
1860,1843.6714
1861,1757.1769
1862,1763.5673
1863,1747.7416
1864,1839.689
1865,1796.0122
1866,1696.937
1867,1795.8618
1868,1826.945
1869,1770.9456
1870,1596.9403
1871,1491.712
1872,1778.2883
1873,1623.8185
1874,1599.7831
1875,1503.7554
1876,1617.7212
1877,1317.2494
1878,1145.8334
1879,1105.1343
1880,1171.6521
1881,1213.0898
1882,975.3683
1883,900.19965
1884,1002.04016
1885,809.72894
1886,1043.9519
1887,981.9109
1888,798.51135
1889,966.0199
1890,898.65027
1891,695.0732
1892,908.1303
1893,1358.2599
1894,820.89813
1895,1098.3846
1896,985.8385
1897,397.58087
1898,723.16644
1899,694.6665
1900,988.9978
1901,914.0872
1902,1016.57056
1903,1244.8037
1904,1171.2249
1905,866.21704
1906,1001.8342
1907,1137.1139
1908,1014.02313
1909,913.5363
1910,862.55756
1911,997.93646
1912,1018.8069
1913,758.43396
1914,764.85486
1915,442.60867
1916,474.08572
1917,596.2384
1918,393.92606
1919,556.6964
1920,559.25085
1921,467.35922
1922,425.34805
1923,433.08365
1924,42.81517
1925,-0.3457123
1926,0.4593818
1927,0.45440122
1928,-3.9418674
1929,-7.472593
1930,839.4445
1931,724.4444
1932,415.0938
1933,1249.032
1934,1265.197
1935,914.5237
1936,527.8386
1937,501.00305
1938,692.03906
1939,422.13684
1940,510.07263
1941,548.7144
1942,510.5557
1943,440.219
1944,427.6852
1945,413.444
1946,536.7049
1947,511.0045
1948,630.486
1949,709.455
1950,603.42554
1951,547.13617
1952,633.59247
1953,620.6286
1954,717.7637
1955,635.87616
1956,555.3558
1957,545.6348
1958,659.9506
1959,641.4073
1960,1293.4324
1961,1445.6068
1962,1560.9989
1963,1712.2913
1964,1645.7312
1965,1447.3625
1966,1181.3419
1967,1216.2494
1968,1364.4644
1969,1305.0153
1970,1670.6532
1971,1610.9757
1972,1706.2158
1973,1549.923
1974,1330.0459
1975,1127.8748
1976,1114.1981
1977,1042.3595
1978,1120.1324
1979,1105.6333
1980,1294.573
1981,1380.2705
1982,1372.2977
1983,1350.6719
1984,1398.1128
1985,1230.0731
1986,1389.9471
1987,1554.5254
1988,1528.1544
1989,1175.1619
1990,1108.0504
1991,1176.052
1992,1150.0294
1993,894.5149
1994,959.7194
1995,915.3651
1996,624.5537
1997,829.12836
1998,987.9616
1999,753.75574
2000,761.56506
2001,806.1733
2002,820.32025
2003,1052.6206
2004,1007.99896
2005,975.5043
2006,671.1867
2007,653.1133
2008,852.4865
2009,718.1369
2010,993.26086
2011,950.47473
2012,786.59216
2013,763.44244
2014,671.7989
2015,700.4969
2016,825.48016
2017,903.3509
2018,1032.509
2019,1112.5631
2020,1058.8245
2021,1088.0316
2022,922.8376
2023,1296.0366
2024,1122.1833
2025,1065.3479
2026,940.9503
2027,850.2543
2028,1050.9811
2029,835.79407
2030,808.23975
2031,1131.2872
2032,1024.3878
2033,1162.6974
2034,1049.4918
2035,1009.63153
2036,1190.7129
2037,1093.4066
2038,1046.1478
2039,1026.5818
2040,1102.4271
2041,795.311
2042,875.6504
2043,620.025
2044,663.5972
2045,719.3399
2046,729.8129
2047,1089.3219
2048,1020.1232
2049,1047.4902
2050,980.54144
2051,915.83624
2052,801.25726
2053,576.8932
2054,477.5594
2055,468.03043
2056,340.60693
2057,426.5117
2058,410.88232
2059,479.48483
2060,233.79121
2061,230.07782
2062,316.039
2063,240.81218
2064,256.40768
2065,309.56943
2066,258.48224
2067,307.4781
2068,384.47797
2069,445.1682
2070,475.02853
2071,486.672
2072,408.2568
2073,289.82706
2074,396.20523
2075,285.9448
2076,170.69485
2077,94.9629
2078,195.42453
2079,261.90768
2080,233.86539
2081,230.0028
2082,279.69144
2083,308.947
2084,460.2216
2085,306.63467
2086,239.59286
2087,452.05237
2088,724.3218
2089,804.2919
2090,871.9531
2091,395.80795
2092,378.07077
2093,671.3539
2094,636.8133
2095,471.3402
2096,495.53818
2097,396.16586
2098,310.42676
2099,337.1585
2100,420.9634
2101,357.81
2102,276.5005
2103,238.63803
2104,270.2279
2105,221.28221
2106,128.40659
2107,131.77704
2108,257.91028
2109,314.26746
2110,284.23975
2111,300.95822
2112,382.88248
2113,346.9011
2114,520.3289
2115,414.64355
2116,433.23813
2117,342.78802
2118,266.45435
2119,186.6161
2120,148.39058
2121,256.15775
2122,349.67627
2123,382.72717
2124,282.75613
2125,269.06705
2126,378.4886
2127,199.97185
2128,370.1392
2129,117.052086
2130,183.68369
2131,382.12836
2132,290.11227
2133,213.77945
2134,165.98624
2135,342.11353
2136,195.54367
2137,266.42264
2138,140.28883
2139,109.43786
2140,120.02116
2141,125.12373
2142,56.9453
2143,29.14962
2144,12.654993
2145,-4.492414
2146,-4.3992414
2147,13.848365
2148,70.1089
2149,93.75003
2150,88.7033
2151,107.19278
2152,110.509415
2153,104.579094
2154,141.80571
2155,224.80528
2156,231.10133
2157,285.6812
2158,240.3564
2159,278.96457
2160,261.3993
2161,288.98346
2162,179.19667
2163,89.620705
2164,134.6708
2165,143.72057
2166,158.56252
2167,95.244286
2168,69.44811
2169,105.166466
2170,270.95804
2171,173.21774
2172,131.01033
2173,108.47988
2174,157.52118
2175,188.10728
2176,127.93107
2177,135.09155
2178,206.43304
2179,174.64796
2180,107.196266
2181,134.11024
2182,262.57233
2183,191.85646
2184,174.38326
2185,433.18546
2186,128.79314
2187,134.82419
2188,147.55571
2189,76.40907
2190,108.8313
2191,99.53098
2192,109.13754
2193,83.46893
2194,118.85745
2195,90.24045
2196,38.873974
2197,87.15228
2198,85.105835
2199,83.192085
2200,114.95916
2201,54.19965
2202,39.63736
2203,5.054971
2204,-0.9059374
2205,13.379119
2206,24.214159
2207,5.222553
2208,-0.87288594
2209,-0.7291488
2210,-0.79760027
2211,-1.1900527
2212,62.833492
2213,35.591568
2214,44.056293
2215,-1.3036053
2216,-0.7353035
2217,20.376507
2218,-0.6739149
2219,-0.58435535
2220,-0.7183244
2221,-0.77676725
2222,-0.6749265
2223,-0.65153587
2224,-0.68042386
2225,-0.61326265
2226,-0.77036303
2227,-0.8505561
2228,-0.69789875
2229,-0.5828968
2230,16.400625
2231,57.518597
2232,41.822357
2233,39.497505
2234,8.345508
2235,-1.6315061
2236,-4.568492
2237,-5.6590557
2238,-2.3925264
2239,-0.83749443
2240,-0.84588355
2241,-1.528978
2242,-0.8124951
2243,-0.747096
2244,-0.6477142
2245,-0.76765734
2246,-0.7977643
2247,-1.1263295
2248,-0.5173841
2249,27.120485
2250,52.961582
2251,68.21735
2252,69.00876
2253,76.15482
2254,79.31948
2255,70.161446
2256,74.878815
2257,54.99727
2258,49.8825
2259,14.779334
2260,1.3085946
2261,12.243479
2262,14.021901
2263,43.809956
2264,19.070766
2265,13.173819
2266,-0.40395582
2267,-1.2725681
2268,-1.3307886
2269,-1.2263112
2270,-1.2392166
2271,-1.1925591
2272,-1.1796387
2273,-1.2294084
2274,-1.1815424
2275,-1.2114401
2276,-1.9564743
2277,-1.0735688
2278,-1.1060903
2279,-1.1256564
2280,-0.73158723
2281,-0.8975537
2282,-1.0958666
2283,-1.1224562
2284,-1.2170125
2285,-1.8565499
2286,24.018772
2287,30.834665
2288,35.674225
2289,3.040929
2290,62.01356
2291,78.52834
2292,76.490585
2293,54.605686
2294,79.85238
2295,113.394226
2296,105.46433
2297,180.83693
2298,176.45947
2299,183.62764
2300,130.88925
2301,63.902393
2302,47.30428
2303,5.4219007
2304,-0.82952774
2305,-0.81494373
2306,-0.5078509
2307,35.214573
2308,95.790726
2309,195.21216
2310,339.42334
2311,291.21863
2312,144.44911
2313,59.472103
2314,78.44271
2315,108.36471
2316,67.23487
2317,67.253586
2318,22.826925
2319,-2.1406066
2320,-0.61657053
2321,-0.57180136
2322,-0.5626764
2323,49.147106
2324,63.40183
2325,49.513477
2326,44.614353
2327,42.174522
2328,22.598476
2329,3.5942135
2330,16.748714
2331,52.227013
2332,33.319485
2333,63.94498
2334,59.219242
2335,78.99557
2336,78.51315
2337,83.28552
2338,157.31607
2339,76.85877
2340,121.26518
2341,121.61457
2342,103.53601
2343,58.785755
2344,13.795066
2345,-1.5940787
2346,-1.4759248
2347,-0.8767097
2348,0.18852097
2349,92.078415
2350,136.3739
2351,54.610138
2352,25.687664
2353,41.205162
2354,120.73651
2355,197.15222
2356,93.30491
2357,86.6258
2358,100.78269
2359,78.607254
2360,98.63577
2361,63.77431
2362,193.84834
2363,290.29236
2364,178.41214
2365,146.89343
2366,103.30127
2367,10.941964
2368,5.4411592
2369,-0.7225697
2370,0.1731093
2371,95.87238
2372,216.20885
2373,336.83728
2374,267.08133
2375,193.80492
2376,96.27749
2377,99.53338
2378,151.0793
2379,139.61496
2380,107.32195
2381,215.67157
2382,341.7549
2383,303.46793
2384,227.03645
2385,210.52353
2386,251.8363
2387,212.20047
2388,246.1887
2389,374.09518
2390,428.6167
2391,443.5413
2392,494.51746
2393,653.84216
2394,734.3032
2395,731.20013
2396,786.31177
2397,584.9282
2398,474.25403
2399,544.35266
2400,435.53284
2401,708.8399
2402,627.2127
2403,551.3944
2404,482.20276
2405,434.78537
2406,455.74722
2407,491.9234
2408,639.79895
2409,547.22723
2410,537.7461
2411,642.74115
2412,737.8317
2413,675.7534
2414,778.4911
2415,854.8842
2416,947.56494
2417,1017.27277
2418,975.7881
2419,934.174
2420,886.37067
2421,921.9056
2422,1019.333
2423,850.5091
2424,740.8225
2425,597.4704
2426,556.0376
2427,817.7636
2428,1023.4792
2429,987.16595
2430,922.06305
2431,840.9991
2432,1092.304
2433,1145.841
2434,1243.118
2435,890.7987
2436,565.92413
2437,536.72705
2438,859.06415
2439,802.9351
2440,842.2672
2441,965.402
2442,987.60706
2443,1087.2664
2444,1045.8694
2445,1032.8008
2446,1104.2753
2447,871.82245
2448,757.26984
2449,803.3085
2450,958.15424
2451,1010.613
2452,1108.0331
2453,1141.3043
2454,1324.09
2455,1049.1638
2456,927.757
2457,845.427
2458,1082.4435
2459,960.39966
2460,1084.2181
2461,1023.1492
2462,813.7002
2463,754.8517
2464,1005.0028
2465,989.8279
2466,946.9022
2467,1201.5264
2468,1390.7493
2469,1012.0941
2470,1044.706
2471,1176.9769
2472,1156.3549
2473,1164.8821
2474,1205.4729
2475,1066.354
2476,1446.886
2477,1429.8073
2478,1120.063
2479,1451.398
2480,1483.2976
2481,1175.9963
2482,1155.1014
2483,1334.9434
2484,1206.1176
2485,1438.089
2486,1080.9182
2487,1263.9036
2488,1157.6866
2489,1142.2968
2490,1494.6804
2491,1696.5074
2492,1753.0356
2493,1599.486
2494,1006.7311
2495,1166.6177
2496,1119.0232
2497,918.1402
2498,1277.3632
2499,1395.4154
2500,1271.1099
2501,1132.3608
2502,1090.6619
2503,1515.6047
2504,1450.0826
2505,1825.7645
2506,1435.3309
2507,1373.2233
2508,812.3151
2509,945.99634
2510,1141.2402
2511,1176.4617
2512,1561.2235
2513,1473.717
2514,1472.816
2515,1425.0831
2516,1431.1382
2517,1336.6293
2518,966.58496
2519,746.08636
2520,740.3365
2521,838.0047
2522,1110.1371
2523,1426.0405
2524,1447.9916
2525,1459.3881
2526,1591.1158
2527,1811.7909
2528,1685.6288
2529,1663.0018
2530,1411.4602
2531,1740.4563
2532,1740.0206
2533,1173.0143
2534,1244.9548
2535,1456.0283
2536,1738.1969
2537,1865.404
2538,1863.7896
2539,1853.9955
2540,1786.0331
2541,1805.854
2542,1753.8563
2543,1825.5724
2544,1866.361
2545,1869.2601
2546,1869.2622
2547,1899.4225
2548,1893.5966
2549,1917.5695
2550,1922.4468
2551,1926.1562
2552,1943.5148
2553,1933.0874
2554,1922.6761
2555,1922.1099
2556,1885.158
2557,1918.4014
2558,1917.1779
2559,1899.1134
2560,1901.9562
2561,1889.2701
2562,1851.2267
2563,1881.1985
2564,1885.3622
2565,1848.3816
2566,1868.4113
2567,1873.1699
2568,1875.3743
2569,1816.8201
2570,1898.2324
2571,1851.2954
2572,1810.8312
2573,1786.9155
2574,1844.025
2575,1851.896
2576,1888.9135
2577,1868.871
2578,1887.6117
2579,1891.5726
2580,1900.0511
2581,1844.3768
2582,1859.3401
2583,1876.8354
2584,1866.0034
2585,1870.3433
2586,1857.0532
2587,1842.7291
2588,1859.1024
2589,1859.0519
2590,1863.4352
2591,1882.959
2592,1915.8347
2593,1914.9161
2594,1923.123
2595,1900.2004
2596,1893.3477
2597,1895.4714
2598,1917.4542
2599,1892.1293
2600,1895.8878
2601,1896.4242
2602,1907.5209
2603,1902.0781
2604,1865.5647
2605,1872.6223
2606,1803.5187
2607,1850.8911
2608,1729.2462
2609,1823.6829
2610,1851.8446
2611,1782.1199
2612,1857.5851
2613,1844.4541
2614,1867.3549
2615,1766.782
2616,1853.509
2617,1892.2787
2618,1895.0988
2619,1870.4938
2620,1825.725
2621,1856.6993
2622,1897.1123
2623,1833.6824
2624,1894.2762
2625,1884.1382
2626,1899.578
2627,1894.8423
2628,1898.6826
2629,1900.2703
2630,1771.4882
2631,1876.4862
2632,1884.9316
2633,1862.521
2634,1864.9929
2635,1844.8357
2636,1699.2736
2637,1806.5016
2638,1622.285
2639,1764.6133
2640,1891.2836
2641,1659.0735
2642,1844.4535
2643,1598.5319
2644,1677.4939
2645,1846.6615
2646,1833.6746
2647,1632.0089
2648,1505.479
2649,1779.7369
2650,1696.4143
2651,1826.4928
2652,1814.5262
2653,1756.5485
2654,1862.2905
2655,1829.2184
2656,1843.9263
2657,1637.5797
2658,1771.1173
2659,1680.4054
2660,1693.1478
2661,1761.8231
2662,1694.8422
2663,1561.2797
2664,1552.8076
2665,1517.106
2666,1702.9116
2667,1588.4484
2668,1490.9883
2669,1616.0114
2670,1830.7404
2671,1900.7666
2672,1902.2162
2673,1888.167
2674,1878.8452
2675,1896.79
2676,1912.0529
2677,1918.2458
2678,1916.9882
2679,1915.1016
2680,1913.2322
2681,1920.4513
2682,1943.9183
2683,1928.5708
2684,1929.6171
2685,1915.3956
2686,1915.4266
2687,1937.3718
2688,1911.8608
2689,1903.458
2690,1909.0438
2691,1905.8855
2692,1872.5654
2693,1863.2346
2694,1910.5758
2695,1857.4685
2696,1837.3472
2697,1826.2391
2698,1840.7104
2699,1802.1886
2700,1734.5377
2701,1757.909
2702,1744.2203
2703,1833.6262
2704,1752.2827
2705,1538.2463
2706,1502.3771
2707,1461.3387
2708,1609.2997
2709,1611.8317
2710,1738.5387
2711,1744.1251
2712,1508.6348
2713,1283.5458
2714,1291.0033
2715,1277.9058
2716,1232.772
2717,1423.0802
2718,1403.3243
2719,1329.1125
2720,1213.4832
2721,1027.9225
2722,1000.3659
2723,749.44653
2724,913.86743
2725,1218.2888
2726,1287.3252
2727,1534.7355
2728,1510.0574
2729,1419.8855
2730,1096.0623
2731,1116.3086
2732,959.06995
2733,1209.2546
2734,1464.8671
2735,1105.3762
2736,633.14233
2737,393.8837
2738,393.1625
2739,309.816
2740,397.68808
2741,420.74698
2742,402.53088
2743,276.50186
2744,460.90604
2745,733.5359
2746,786.7434
2747,691.3694
2748,717.7081
2749,847.88605
2750,1080.68
2751,1141.5441
2752,1009.6699
2753,952.5364
2754,834.2604
2755,481.53635
2756,434.42914
2757,583.4148
2758,407.34058
2759,459.3351
2760,419.9514
2761,518.2761
2762,288.00665
2763,386.47797
2764,259.87396
2765,579.1768
2766,538.05804
2767,480.48703
2768,293.98907
2769,408.83936
2770,272.55945
2771,402.59042
2772,392.66577
2773,421.39798
2774,754.6324
2775,594.0404
2776,600.98444
2777,860.0357
2778,757.9928
2779,667.2602
2780,638.39636
2781,710.1649
2782,478.3379
2783,283.4078
2784,370.04373
2785,596.7812
2786,647.2184
2787,677.59033
2788,639.8793
2789,550.35944
2790,520.3719
2791,881.1902
2792,932.03687
2793,884.0755
2794,648.6091
2795,738.70935
2796,725.97626
2797,726.80615
2798,585.1073
2799,433.10898
2800,152.77107
2801,88.59484
2802,95.851204
2803,200.55849
2804,444.9955
2805,753.512
2806,773.20306
2807,852.25336
2808,1124.1011
2809,1290.2595
2810,1271.7043
2811,1315.2826
2812,1321.1011
2813,1336.7102
2814,1520.2191
2815,1458.702
2816,1199.5549
2817,1043.4756
2818,821.0284
2819,400.57675
2820,273.48486
2821,360.4973
2822,537.87585
2823,678.62964
2824,572.8688
2825,245.68414
2826,162.14865
2827,99.405754
2828,90.327385
2829,123.43534
2830,109.47519
2831,101.39204
2832,99.82345
2833,123.043724
2834,116.12246
2835,107.08032
2836,445.69025
2837,326.8027
2838,441.3967
2839,444.50488
2840,568.9012
2841,516.5258
2842,400.88937
2843,389.70633
2844,345.60095
2845,387.05185
2846,476.3205
2847,569.04456
2848,475.3885
2849,474.377
2850,445.08792
2851,458.80923
2852,326.2176
2853,247.23723
2854,274.60135
2855,224.547
2856,331.71646
2857,374.50955
2858,384.6937
2859,396.65875
2860,331.0806
2861,441.32382
2862,573.10297
2863,435.77112
2864,494.2049
2865,350.66833
2866,300.61862
2867,287.58875
2868,361.40503
2869,431.72974
2870,517.56616
2871,553.4298
2872,646.267
2873,659.05273
2874,585.1386
2875,454.64148
2876,378.11176
2877,316.72778
2878,235.96268
2879,174.01274
2880,190.48973
2881,260.95004
2882,257.24243
2883,294.12515
2884,251.5073
2885,272.61557
2886,273.76868
2887,387.1152
2888,428.20224
2889,378.98795
2890,300.17636
2891,243.71786
2892,238.4483
2893,160.30896
2894,236.64624
2895,255.51184
2896,315.38245
2897,293.8784
2898,329.8914
2899,267.66705
2900,263.04288
2901,211.53365
2902,198.2207
2903,285.3058
2904,327.54294
2905,315.51526
2906,293.392
2907,217.75294
2908,267.93427
2909,227.21469
2910,295.31372
2911,321.83276
2912,265.05374
2913,146.26096
2914,165.02605
2915,211.79988
2916,254.6272
2917,269.90555
2918,199.04965
2919,166.34398
2920,75.48784
2921,34.847897
2922,52.72619
2923,47.651035
2924,18.88861
2925,62.157394
2926,66.55955
2927,27.292677
2928,19.705124
2929,33.856777
2930,29.233143
2931,32.161484
2932,50.26675
2933,36.65921
2934,9.855097
2935,-4.8009686
2936,7.3727756
2937,-4.9349623
2938,-3.4247055
2939,13.723611
2940,29.355013
2941,41.260807
2942,36.651466
2943,37.021835
2944,38.172924
2945,66.74401
2946,71.633675
2947,74.44672
2948,68.558945
2949,69.94589
2950,67.421135
2951,103.306725
2952,132.04066
2953,138.41026
2954,128.25903
2955,114.172585
2956,100.97608
2957,82.640724
2958,85.01205
2959,78.02853
2960,94.5535
2961,58.192623
2962,49.814842
2963,66.91393
2964,58.260864
2965,26.75951
2966,31.224926
2967,53.694157
2968,70.3826
2969,65.64963
2970,57.005035
2971,45.902985
2972,57.243465
2973,45.920746
2974,60.518536
2975,98.7062
2976,109.29918
2977,143.76157
2978,150.11809
2979,197.49004
2980,209.2847
2981,223.16342
2982,237.79448
2983,203.18129
2984,175.87173
2985,160.89224
2986,191.12555
2987,176.16159
2988,187.9579
2989,236.10178
2990,271.61212
2991,292.46832
2992,213.8737
2993,174.07808
2994,159.2454
2995,135.41736
2996,121.30403
2997,214.8644
2998,283.7524
2999,226.27351
3000,237.98868
3001,273.68344
3002,258.0874
3003,257.68567
3004,265.42126
3005,175.92018
3006,124.94744
3007,92.47555
3008,84.06571
3009,88.21064
3010,96.5123
3011,135.86061
3012,213.25766
3013,123.26571
3014,98.50051
3015,115.48359
3016,142.70055
3017,163.60109
3018,147.92014
3019,145.14232
3020,173.91765
3021,141.31526
3022,133.16487
3023,130.25853
3024,134.59767
3025,123.87297
3026,101.64442
3027,112.93616
3028,110.54762
3029,115.97305
3030,106.12494
3031,69.73202
3032,22.893324
3033,21.811054
3034,39.1253
3035,37.865612
3036,41.16743
3037,60.944008
3038,95.17115
3039,108.99543
3040,83.96363
3041,91.09689
3042,93.7184
3043,93.68964
3044,91.03423
3045,79.2194
3046,90.07703
3047,83.719864
3048,64.748695
3049,41.27598
3050,58.476524
3051,97.79813
3052,80.734085
3053,85.71309
3054,82.056404
3055,91.30463
3056,103.20777
3057,69.18131
3058,50.315754
3059,35.37791
3060,52.472496
3061,42.638344
3062,28.430944
3063,28.680077
3064,28.827705
3065,1.0395609
3066,11.546914
3067,-5.0435486
3068,-5.1116157
3069,-2.5871897
3070,-0.808477
3071,-0.9468341
3072,-0.94998324
3073,-1.0428506
3074,-1.0185266
3075,-1.0670595
3076,-1.7210977
3077,-1.7255799
3078,-1.7290119
3079,-1.6552536
3080,-1.5974127
3081,-1.702696
3082,-1.0093327
3083,-1.1098187
3084,-1.101822
3085,-1.1082925
3086,-1.1173583
3087,-1.1234299
3088,-1.0710893
3089,-1.001151
3090,-1.0013454
3091,-1.4449753
3092,-0.9204995
3093,-1.2062035
3094,-1.1191484
3095,-1.1073666
3096,-1.0907887
3097,-1.024201
3098,-1.4555433
3099,-0.58062625
3100,39.102894
3101,50.121174
3102,58.833996
3103,40.132393
3104,20.8476
3105,23.396515
3106,11.177586
3107,10.208443
3108,39.6181
3109,122.276344
3110,110.13698
3111,102.94182
3112,91.023605
3113,106.92654
3114,148.88347
3115,147.52103
3116,146.19923
3117,134.30284
3118,145.60216
3119,208.08453
3120,201.18033
3121,229.63322
3122,283.8685
3123,296.91187
3124,246.65645
3125,187.22871
3126,140.52678
3127,124.52893
3128,147.60272
3129,214.73705
3130,250.76141
3131,242.1609
3132,211.09857
3133,144.79251
3134,167.69142
3135,212.27419
3136,186.41475
3137,178.96504
3138,149.99887
3139,127.98088
3140,115.561
3141,95.6661
3142,83.807976
3143,92.53374
3144,101.03242
3145,111.92088
3146,104.81932
3147,102.95196
3148,117.91858
3149,123.454926
3150,155.51028
3151,132.17442
3152,132.95131
3153,178.54105
3154,146.16278
3155,105.62769
3156,132.03915
3157,152.42027
3158,152.34744
3159,168.57771
3160,181.48903
3161,180.73653
3162,229.55214
3163,200.69397
3164,179.4523
3165,154.37328
3166,133.39967
3167,225.83969
3168,273.70065
3169,298.0627
3170,274.52396
3171,343.81604
3172,391.98956
3173,305.37778
3174,365.31982
3175,355.60394
3176,345.4968
3177,310.28995
3178,313.76883
3179,314.40964
3180,320.53854
3181,300.39667
3182,306.3518
3183,375.61227
3184,446.86655
3185,479.2623
3186,483.70633
3187,449.3883
3188,403.94876
3189,357.48544
3190,340.5747
3191,274.0987
3192,238.73427
3193,247.89775
3194,277.14343
3195,345.22702
3196,272.00436
3197,196.75441
3198,137.49428
3199,118.71427
3200,64.278206
3201,30.957087
3202,52.25842
3203,71.21738
3204,57.974033
3205,33.53784
3206,11.498996
3207,-0.5115717
3208,1.7867006
3209,7.9115863
3210,5.730035
3211,19.496586
3212,63.935825
3213,232.86452
3214,191.90588
3215,45.51658
3216,-3.2591372
3217,-1.1763877
3218,-1.1911341
3219,-1.1707469
3220,10.430998
3221,74.64997
3222,13.623836
3223,3.9884186
3224,23.611235
3225,72.86834
3226,57.430515
3227,87.1631
3228,108.02235
3229,74.7324
3230,112.06076
3231,88.170494
3232,56.719944
3233,16.86036
3234,39.063816
3235,34.99476
3236,64.48147
3237,151.47334
3238,401.83215
3239,217.65654
3240,185.2453
3241,247.03749
3242,222.47469
3243,240.54042
3244,334.92932
3245,332.7301
3246,284.3533
3247,171.16562
3248,112.31799
3249,144.88104
3250,131.09758
3251,161.00916
3252,216.58621
3253,275.28314
3254,314.04834
3255,205.55515
3256,156.6486
3257,194.42607
3258,167.31137
3259,153.7829
3260,117.69369
3261,104.45614
3262,100.59912
3263,88.04067
3264,76.68703
3265,85.24136
3266,88.2114
3267,90.05054
3268,66.25358
3269,48.356075
3270,23.995842
3271,17.272226
3272,44.26938
3273,54.557285
3274,42.13921
3275,32.858025
3276,58.120045
3277,74.599335
3278,64.42543
3279,61.77068
3280,44.34353
3281,27.858912
3282,10.683475
3283,17.570501
3284,0.586484
3285,-1.3021613
3286,42.360455
3287,78.845436
3288,130.30229
3289,180.20918
3290,161.81683
3291,75.29866
3292,62.147514
3293,63.47835
3294,32.16871
3295,34.56519
3296,85.23521
3297,37.71715
3298,44.935577
3299,84.628395
3300,37.1446
3301,47.216774
3302,60.886692
3303,63.62286
3304,87.48422
3305,112.75234
3306,105.96068
3307,87.509575
3308,211.80632
3309,207.91273
3310,291.914
3311,325.43167
3312,443.1632
3313,560.48755
3314,508.19098
3315,500.0686
3316,393.91537
3317,236.7726
3318,157.33067
3319,170.05486
3320,222.9306
3321,232.90498
3322,236.04
3323,214.41402
3324,179.44112
3325,165.27725
3326,165.03273
3327,148.36537
3328,94.02853
3329,116.77339
3330,131.05667
3331,154.77829
3332,183.55334
3333,146.12929
3334,112.92442
3335,123.22107
3336,139.68263
3337,123.197685
3338,95.63016
3339,98.188515
3340,137.72852
3341,106.46544
3342,88.88883
3343,89.52594
3344,92.32182
3345,81.940346
3346,81.15182
3347,44.123417
3348,38.128162
3349,21.011497
3350,26.199427
3351,45.394287
3352,94.68899
3353,73.872444
3354,75.000404
3355,60.568176
3356,27.58904
3357,-0.8237089
3358,-0.5415144
3359,-0.8573563
3360,-0.98331875
3361,-0.91913986
3362,-0.9353757
3363,-1.0250461
3364,-1.0728614
3365,-0.7406971
3366,-0.5097513
3367,41.47747
3368,70.75025
3369,27.204887
3370,54.84964
3371,65.72957
3372,48.018196
3373,49.943672
3374,61.211838
3375,60.88066
3376,53.865135
3377,76.92735
3378,70.87123
3379,95.265884
3380,112.70241
3381,132.1985
3382,217.13086
3383,245.55249
3384,270.97098
3385,235.56075
3386,181.2142
3387,227.30653
3388,175.96703
3389,184.6273
3390,189.32483
3391,235.4315
3392,265.8196
3393,321.29755
3394,388.46512
3395,331.28192
3396,350.24042
3397,322.47272
3398,346.02798
3399,350.02222
3400,369.91226
3401,365.9783
3402,443.3384
3403,384.35104
3404,326.337
3405,255.7639
3406,289.5058
3407,335.54382
3408,305.65814
3409,255.70285
3410,142.7986
3411,144.99045
3412,134.85095
3413,276.1246
3414,298.66922
3415,365.674
3416,425.4585
3417,509.66913
3418,478.65225
3419,547.5733
3420,388.1654
3421,336.30127
3422,375.04803
3423,435.5351
3424,344.83527
3425,340.8969
3426,283.2177
3427,325.9409
3428,295.57968
3429,231.20432
3430,246.10005
3431,230.49823
3432,181.93138
3433,181.32309
3434,179.03575
3435,160.05643
3436,136.87654
3437,108.82963
3438,137.29147
3439,130.08554
3440,121.902664
3441,91.84209
3442,61.601967
3443,33.4595
3444,16.31692
3445,14.545275
3446,15.872762
3447,14.445594
3448,1.7902781
3449,-0.2422125
3450,-0.4506557
3451,-0.2974445
3452,-0.36433554
3453,-0.4069408
3454,-0.4480909
3455,-0.49515304
3456,-0.53278387
3457,-0.5768686
3458,-0.5463313
3459,-0.5411464
3460,-0.6481444
3461,-0.56951445
3462,-0.57633936
3463,-0.60721916
3464,-0.64883614
3465,-0.63948095
3466,-0.95578635
3467,-0.97238815
3468,-0.91694164
3469,-0.9179932
3470,-0.9179932
3471,-0.9179932
3472,-0.97964203
3473,-0.98695946
3474,-0.98695946
3475,-0.98695946
3476,-1.6730276
3477,-1.0665568
3478,-0.8959011
3479,-0.9257545
3480,-0.5259234
3481,-0.90091586
3482,-0.87427205
3483,-0.39247933
3484,-0.44734496
3485,-0.03585349
3486,-0.7831986
3487,-0.92794615
3488,-0.89872026
3489,-0.8621918
3490,-0.8950051
3491,-0.8808505
3492,-0.9013232
3493,-1.1603537
3494,-1.1710571
3495,-1.1072816
3496,-1.1267571
3497,-1.1368809
3498,-1.1099447
3499,-1.1423582
3500,-1.1578155
3501,-1.1920844
3502,-1.1772219
3503,-1.1813653
3504,-1.1829603
3505,-1.1857663
3506,-1.1857663
3507,-1.1873456
3508,-1.1979816
3509,-1.1995609
3510,-1.208685
3511,-1.2041156
3512,-1.1740502
3513,-1.1753713
3514,-1.1994047
3515,-1.185929
3516,-1.2308953
3517,-1.2461694
3518,-1.2281613
3519,-1.1065271
3520,-1.2670223
3521,-0.87957704
3522,30.90371
3523,165.9579
3524,134.40933
3525,138.91736
3526,130.94246
3527,179.07733
3528,100.7207
3529,66.325485
3530,9.944106
3531,1.2137561
3532,8.9541
3533,60.056644
3534,142.0233
3535,236.0737
3536,187.94255
3537,189.3434
3538,166.91573
3539,169.01373
3540,174.68881
3541,183.25523
3542,214.64343
3543,268.0872
3544,337.47473
3545,315.64316
3546,281.3899
3547,237.29495
3548,251.90355
3549,179.1301
3550,167.50919
3551,189.14966
3552,310.89145
3553,145.70183
3554,305.75122
3555,293.02756
3556,343.0711
3557,438.38254
3558,600.1067
3559,429.87073
3560,466.27527
3561,366.51996
3562,414.862
3563,552.1519
3564,502.36792
3565,576.44763
3566,411.57776
3567,770.94073
3568,721.32983
3569,876.8759
3570,870.36774
3571,883.95447
3572,661.95905
3573,495.33163
3574,493.15198
3575,385.79474
3576,507.31284
3577,406.088
3578,273.3864
3579,347.48343
3580,379.95236
3581,317.7948
3582,463.78983
3583,325.16287
3584,437.99063
3585,296.82697
3586,373.7031
3587,478.3841
3588,490.4976
3589,239.1553
3590,189.10219
3591,162.45633
3592,125.51579
3593,159.36528
3594,309.37482
3595,352.48447
3596,329.25266
3597,364.94583
3598,513.0142
3599,482.45416
3600,529.56226
3601,505.65805
3602,278.3954
3603,554.09674
3604,339.33167
3605,340.78497
3606,442.6833
3607,614.9599
3608,522.94507
3609,538.3297
3610,515.04266
3611,472.20392
3612,647.1887
3613,560.85425
3614,560.5022
3615,726.3129
3616,626.9976
3617,482.65228
3618,279.79062
3619,218.95274
3620,267.89124
3621,237.44313
3622,277.1294
3623,159.30118
3624,216.69273
3625,130.06375
3626,84.91299
3627,254.83836
3628,284.18112
3629,397.35242
3630,361.40372
3631,373.9509
3632,322.29495
3633,377.82935
3634,258.66772
3635,307.43924
3636,271.5274
3637,278.41043
3638,306.79257
3639,191.35672
3640,152.71793
3641,107.61133
3642,193.03198
3643,286.5745
3644,315.14172
3645,296.19443
3646,316.6869
3647,190.01369
3648,204.20973
3649,285.79996
3650,324.51096
3651,368.20676
3652,427.31662
3653,392.43765
3654,257.74207
3655,260.21292
3656,332.27554
3657,217.26302
3658,195.56413
3659,239.52289
3660,236.96117
3661,263.06277
3662,479.07245
3663,269.53424
3664,343.7337
3665,628.7515
3666,795.3485
3667,537.8712
3668,432.90555
3669,457.64316
3670,684.5214
3671,705.0355
3672,725.22107
3673,767.088
3674,640.13214
3675,440.5327
3676,527.5643
3677,343.59418
3678,241.2895
3679,371.9484
3680,641.4868
3681,482.26147
3682,355.0705
3683,453.06155
3684,231.61479
3685,432.12515
3686,432.99905
3687,218.20735
3688,368.5562
3689,378.6504
3690,437.60345
3691,373.50458
3692,484.44336
3693,308.08533
3694,215.4847
3695,165.46011
3696,116.9189
3697,111.93429
3698,159.84157
3699,152.65378
3700,186.91943
3701,199.84503
3702,245.21507
3703,189.16675
3704,177.64124
3705,169.06845
3706,184.06343
3707,131.24153
3708,157.91487
3709,173.35217
3710,171.3836
3711,193.85406
3712,182.0981
3713,153.0175
3714,141.34059
3715,64.45631
3716,89.232445
3717,65.49093
3718,47.246525
3719,58.335613
3720,91.909744
3721,95.6639
3722,76.75155
3723,66.287865
3724,71.586205
3725,83.94461
3726,78.58823
3727,75.12269
3728,129.38986
3729,162.95042
3730,144.05801
3731,125.06077
3732,103.75681
3733,118.80846
3734,126.42698
3735,131.38704
3736,143.49802
3737,116.73808
3738,122.64063
3739,125.17478
3740,145.61746
3741,135.61757
3742,102.07801
3743,98.7023
3744,118.54479
3745,158.11435
3746,165.14737
3747,164.60211
3748,171.24919
3749,199.78009
3750,199.68542
3751,192.13518
3752,191.88722
3753,148.21802
3754,130.15573
3755,181.08208
3756,208.67781
3757,180.61464
3758,204.99698
3759,196.51738
3760,205.30013
3761,231.86829
3762,216.15
3763,194.30528
3764,172.90686
3765,184.59052
3766,178.99292
3767,182.45169
3768,283.1517
3769,310.44608
3770,308.5953
3771,316.32834
3772,328.07672
3773,334.04208
3774,374.08344
3775,429.17117
3776,408.93076
3777,302.9693
3778,293.1621
3779,239.31485
3780,256.2545
3781,284.42276
3782,421.82864
3783,271.62555
3784,286.58838
3785,221.06197
3786,301.3355
3787,259.6859
3788,437.62994
3789,375.89316
3790,505.30652
3791,495.25143
3792,420.69586
3793,300.91864
3794,295.4622
3795,329.36884
3796,349.4222
3797,215.1181
3798,250.39758
3799,179.08986
3800,202.22311
3801,143.45473
3802,190.83102
3803,151.11386
3804,141.1189
3805,126.907104
3806,164.9111
3807,145.84209
3808,139.22713
3809,136.03694
3810,93.64135
3811,102.767044
3812,107.86262
3813,77.23939
3814,72.6517
3815,52.431774
3816,57.95125
3817,57.924347
3818,75.25105
3819,109.848564
3820,131.17424
3821,150.28831
3822,165.32603
3823,185.206
3824,167.31244
3825,158.61945
3826,187.8065
3827,248.41574
3828,263.36978
3829,198.0402
3830,171.67157
3831,171.1141
3832,159.08705
3833,140.25105
3834,171.27481
3835,389.15475
3836,377.14532
3837,333.52826
3838,231.83086
3839,308.32867
3840,251.16403
3841,401.48184
3842,453.51346
3843,480.13315
3844,269.14124
3845,304.32016
3846,337.67548
3847,395.74442
3848,329.2849
3849,306.17252
3850,308.44113
3851,284.2706
3852,324.78635
3853,358.36444
3854,162.40984
3855,161.14781
3856,205.09962
3857,270.75415
3858,159.16003
3859,189.19226
3860,267.75378
3861,670.63416
3862,226.87355
3863,83.06234
3864,192.71825
3865,134.67914
3866,344.16824
3867,568.2461
3868,238.92934
3869,288.64703
3870,196.16182
3871,242.09596
3872,226.7549
3873,266.17975
3874,218.2178
3875,188.04395
3876,157.46962
3877,115.61643
3878,237.76003
3879,217.4109
3880,166.93857
3881,250.17554
3882,261.7398
3883,272.6426
3884,287.55063
3885,412.63596
3886,297.81354
3887,528.88666
3888,573.74316
3889,346.65265
3890,406.40256
3891,569.85864
3892,607.32117
3893,468.78018
3894,512.0414
3895,541.1543
3896,517.8977
3897,506.26932
3898,559.45215
3899,481.8993
3900,345.40268
3901,271.62415
3902,531.3796
3903,509.06497
3904,340.0963
3905,193.92636
3906,112.885185
3907,215.16339
3908,490.1437
3909,571.05585
3910,481.1058
3911,485.48853
3912,523.72644
3913,742.6877
3914,1015.9951
3915,820.2557
3916,693.3727
3917,633.3638
3918,905.76385
3919,731.06256
3920,780.8887
3921,613.32104
3922,698.7329
3923,490.204
3924,665.98596
3925,528.2216
3926,516.53613
3927,537.1254
3928,488.00122
3929,516.4137
3930,554.82184
3931,574.60205
3932,603.42053
3933,618.2943
3934,739.0337
3935,615.57764
3936,680.5692
3937,930.24585
3938,596.67773
3939,834.74176
3940,854.27045
3941,1011.38574
3942,561.4341
3943,473.27667
3944,144.96461
3945,75.28723
3946,74.18035
3947,86.75571
3948,121.87386
3949,117.26549
3950,145.63818
3951,175.936
3952,167.17029
3953,119.99008
3954,142.9472
3955,292.3792
3956,192.63614
3957,131.39616
3958,164.41211
3959,165.78053
3960,193.16396
3961,216.11545
3962,188.77531
3963,206.71759
3964,180.34538
3965,174.92847
3966,251.02986
3967,262.91162
3968,347.96463
3969,254.1024
3970,154.41661
3971,193.19574
3972,206.40424
3973,164.41075
3974,116.53893
3975,123.410545
3976,86.80041
3977,52.73159
3978,89.69722
3979,53.69924
3980,24.879118
3981,37.838593
3982,41.444195
3983,56.704327
3984,56.659954
3985,67.46361
3986,71.89736
3987,115.50589
3988,85.74688
3989,107.10449
3990,116.20635
3991,98.89106
3992,68.51939
3993,76.540794
3994,68.28798
3995,60.208157
3996,49.00977
3997,40.997417
3998,40.897835
3999,43.123516
4000,62.393757
4001,36.44462
4002,50.994358
4003,39.512177
4004,29.209007
4005,57.151672
4006,64.76138
4007,57.952175
4008,44.683403
4009,48.326782
4010,53.626453
4011,73.05227
4012,75.98632
4013,91.225586
4014,86.15151
4015,115.63455
4016,95.16429
4017,105.48203
4018,125.59596
4019,165.0476
4020,203.96614
4021,178.8773
4022,313.24863
4023,405.06857
4024,381.76236
4025,322.89172
4026,406.85
4027,346.0585
4028,448.92114
4029,312.1662
4030,198.26605
4031,183.23288
4032,151.07983
4033,76.528946
4034,109.45711
4035,223.03848
4036,300.32147
4037,388.14597
4038,228.04865
4039,40.628315
4040,-2.4443262
4041,-0.9655361
4042,-0.9515058
4043,-1.015488
4044,18.05166
4045,187.74498
4046,108.471596
4047,48.808315
4048,17.219683
4049,15.78025
4050,0.33378688
4051,45.868843
4052,122.99482
4053,183.24248
4054,183.56972
4055,253.0518
4056,255.4585
4057,164.9851
4058,94.71038
4059,121.97537
4060,138.23311
4061,148.71552
4062,111.23327
4063,102.058624
4064,113.24749
4065,89.74226
4066,137.78009
4067,197.27884
4068,109.30597
4069,15.614116
4070,-2.8116982
4071,-3.71253
4072,-1.532432
4073,-2.261565
4074,47.201206
4075,143.41039
4076,167.09125
4077,154.25499
4078,114.80635
4079,46.235992
4080,21.809856
4081,12.546628
4082,106.3474
4083,77.18223
4084,69.50937
4085,87.22229
4086,103.868095
4087,111.60746
4088,150.95903
4089,164.71088
4090,109.376114
4091,97.83527
4092,114.16589
4093,96.45315
4094,145.74345
4095,122.82326
4096,148.86966
4097,171.25688
4098,348.31213
4099,330.5932
4100,296.97433
4101,292.21497
4102,247.7823
4103,188.8074
4104,138.95305
4105,74.71347
4106,60.631615
4107,123.954
4108,153.03612
4109,193.82379
4110,226.99338
4111,191.70782
4112,206.16034
4113,243.66986
4114,266.26846
4115,256.57767
4116,269.07193
4117,186.01933
4118,218.70433
4119,262.71835
4120,238.2637
4121,250.0508
4122,276.11063
4123,177.18956
4124,205.13219
4125,317.70273
4126,461.93622
4127,656.08
4128,552.9539
4129,493.9713
4130,374.01758
4131,392.4966
4132,353.01382
4133,474.64697
4134,492.0449
4135,454.28882
4136,446.2517
4137,381.40155
4138,326.87372
4139,269.69946
4140,203.1835
4141,262.8247
4142,237.41861
4143,201.67728
4144,304.47644
4145,321.72876
4146,304.8419
4147,262.30643
4148,248.39511
4149,270.67432
4150,284.735
4151,240.4986
4152,290.20715
4153,417.26334
4154,280.12045
4155,128.00912
4156,203.68506
4157,327.88214
4158,260.49448
4159,184.36188
4160,201.94391
4161,256.43622
4162,284.23215
4163,284.62436
4164,355.19327
4165,327.75717
4166,309.48846
4167,207.00014
4168,166.83812
4169,175.11778
4170,129.93925
4171,118.68904
4172,106.923195
4173,114.61216
4174,153.66566
4175,104.700935
4176,61.20294
4177,118.23716
4178,109.59084
4179,143.13718
4180,166.23502
4181,197.55037
4182,191.80179
4183,180.98624
4184,210.16501
4185,261.68906
4186,329.74982
4187,313.7584
4188,293.8801
4189,386.7858
4190,327.24896
4191,248.96701
4192,295.87296
4193,398.41998
4194,460.1219
4195,424.0097
4196,341.54626
4197,381.22992
4198,438.86563
4199,357.40445
4200,292.40744
4201,307.90894
4202,381.68176
4203,167.62654
4204,68.57774
4205,113.48491
4206,121.98033
4207,72.50382
4208,115.60853
4209,294.89423
4210,376.23654
4211,471.50723
4212,458.37607
4213,581.36237
4214,523.1438
4215,500.95023
4216,339.3527
4217,302.01956
4218,337.95996
4219,299.17514
4220,428.39108
4221,359.00732
4222,337.7088
4223,312.5654
4224,427.92798
4225,423.45053
4226,434.80478
4227,493.46774
4228,402.70053
4229,226.40059
4230,201.56967
4231,169.5346
4232,270.73605
4233,266.43518
4234,221.45088
4235,148.25476
4236,106.41071
4237,120.45331
4238,76.807625
4239,15.980295
4240,74.92335
4241,49.577267
4242,84.89041
4243,99.31974
4244,50.886986
4245,50.21122
4246,46.292313
4247,85.92478
4248,50.34646
4249,39.49917
4250,121.39926
4251,139.34192
4252,195.93596
4253,212.24382
4254,227.28053
4255,165.16708
4256,204.02196
4257,268.46088
4258,285.27695
4259,232.74046
4260,324.43192
4261,363.9146
4262,406.99335
4263,482.25275
4264,514.9404
4265,457.72968
4266,465.0993
4267,439.3772
4268,470.53836
4269,513.21405
4270,487.47266
4271,430.05255
4272,306.9763
4273,340.90247
4274,350.37326
4275,423.61255
4276,386.2574
4277,444.21362
4278,521.2801
4279,679.99005
4280,519.0733
4281,364.4193
4282,386.49695
4283,342.83075
4284,562.6986
4285,568.199
4286,521.8876
4287,556.48047
4288,371.57837
4289,368.95834
4290,361.4376
4291,365.46716
4292,536.447
4293,620.4672
4294,652.50635
4295,851.7609
4296,774.17975
4297,855.15295
4298,695.65063
4299,681.66846
4300,683.7571
4301,687.3074
4302,606.9207
4303,626.47565
4304,604.01605
4305,495.36484
4306,538.4604
4307,491.94644
4308,574.71185
4309,698.59576
4310,865.23663
4311,1053.6357
4312,711.14276
4313,642.0205
4314,848.6098
4315,759.5964
4316,664.8149
4317,767.39386
4318,590.79956
4319,494.85703
4320,594.825
4321,732.5897
4322,721.678
4323,542.4854
4324,467.78134
4325,413.84937
4326,349.03174
4327,442.03412
4328,574.7647
4329,685.53485
4330,1088.778
4331,1206.9581
4332,1013.9234
4333,968.0279
4334,1040.1636
4335,1050.2649
4336,964.20264
4337,772.57074
4338,1013.96826
4339,848.0244
4340,723.9145
4341,676.32544
4342,681.01733
4343,627.943
4344,559.47174
4345,408.36023
4346,374.7634
4347,571.11536
4348,536.0611
4349,587.973
4350,488.57904
4351,628.5307
4352,655.3798
4353,605.71387
4354,584.9188
4355,480.8471
4356,538.0479
4357,480.16965
4358,472.59088
4359,469.17514
4360,367.2282
4361,426.98596
4362,506.7734
4363,437.53873
4364,384.8564
4365,107.37734
4366,503.6774
4367,405.46976
4368,529.2526
4369,356.03363
4370,468.0451
4371,419.91043
4372,375.1504
4373,487.6879
4374,605.36255
4375,596.5178
4376,677.49536
4377,724.0293
4378,727.5434
4379,692.6704
4380,639.5768
4381,761.51666
4382,618.01514
4383,493.40244
4384,507.07086
4385,446.91266
4386,493.76062
4387,502.72644
4388,451.56866
4389,538.8703
4390,564.28986
4391,652.71027
4392,568.64996
4393,610.1647
4394,602.13367
4395,425.16327
4396,600.91455
4397,480.16037
4398,487.04218
4399,575.83636
4400,574.7362
4401,549.014
4402,474.53326
4403,523.5643
4404,503.50632
4405,534.0226
4406,481.1906
4407,525.9586
4408,481.32556
4409,447.40918
4410,531.0114
4411,576.66614
4412,593.7918
4413,536.47375
4414,548.36285
4415,694.0396
4416,738.15576
4417,503.26605
4418,511.97845
4419,489.46066
4420,422.33646
4421,403.49197
4422,394.0292
4423,444.1197
4424,558.5597
4425,594.65955
4426,479.13736
4427,400.6392
4428,303.20587
4429,342.1552
4430,329.1866
4431,359.45908
4432,280.08325
4433,231.38048
4434,304.39352
4435,282.13254
4436,198.91522
4437,206.92085
4438,219.79437
4439,250.60419
4440,271.9454
4441,374.12936
4442,385.20993
4443,419.1184
4444,412.4906
4445,412.1035
4446,430.875
4447,366.8038
4448,363.7825
4449,424.30402
4450,488.3363
4451,542.1654
4452,586.2288
4453,482.35132
4454,494.17194
4455,417.58298
4456,482.7378
4457,449.74966
4458,353.6434
4459,341.6013
4460,318.0292
4461,334.37317
4462,317.5173
4463,332.32452
4464,360.31207
4465,309.04962
4466,269.30823
4467,281.43924
4468,240.67383
4469,238.79962
4470,256.35675
4471,289.7524
4472,438.0379
4473,481.3164
4474,431.5595
4475,420.17004
4476,473.65625
4477,440.78937
4478,363.64478
4479,345.01633
4480,347.22253
4481,431.65985
4482,420.5328
4483,592.7613
4484,437.13647
4485,493.3261
4486,540.8434
4487,413.65945
4488,339.48096
4489,334.042
4490,323.69482
4491,293.02747
4492,299.57153
4493,274.2727
4494,289.97708
4495,327.387
4496,302.43546
4497,301.3534
4498,231.8334
4499,184.36533
4500,212.69931
4501,258.20044
4502,298.0665
4503,300.16302
4504,271.37427
4505,251.1536
4506,185.07117
4507,175.86595
4508,166.66643
4509,175.13422
4510,172.83464
4511,145.43433
4512,105.250534
4513,64.56353
4514,62.170166
4515,26.682695
4516,38.736576
4517,43.252728
4518,30.300419
4519,54.0834
4520,38.726246
4521,79.88293
4522,103.73783
4523,86.74463
4524,49.864628
4525,45.011887
4526,5.219819
4527,-1.5697094
4528,-0.8026201
4529,-0.880722
4530,-0.86988306
4531,-0.8715372
4532,-0.908588
4533,-0.9249078
4534,-0.9006371
4535,-0.9114622
4536,-0.94258815
4537,-0.98013884
4538,-0.84058416
4539,-0.8881349
4540,-0.86177975
4541,-0.8727543
4542,-0.8261664
4543,-0.7658951
4544,-0.766906
4545,-0.772457
4546,-0.8421759
4547,-0.9320656
4548,-0.94047785
4549,-0.9459134
4550,-0.96371
4551,-0.9844924
4552,-1.0256906
4553,-1.0256906
4554,-1.0932306
4555,-1.0225812
4556,-1.0757605
4557,-1.0961231
4558,-1.0507773
4559,-1.0380722
4560,-1.0486573
4561,-1.0486573
4562,-1.0486573
4563,-1.0486573
4564,-1.1054221
4565,-1.1054221
4566,-1.1156192
4567,-1.1156192
4568,-1.1156192
4569,-1.1384254
4570,-1.0682545
4571,-1.0639431
4572,-1.0282339
4573,-1.0013846
4574,-1.0694734
4575,-1.0902199
4576,-2.1688087
4577,-2.0918818
4578,-1.0158937
4579,-1.0801793
4580,-1.0549986
4581,-1.1073285
4582,-1.1173687
4583,-1.1790233
4584,-1.139881
4585,-1.1261827
4586,-1.1409212
4587,-1.1489104
4588,-1.1489104
4589,-1.2405872
4590,-1.2125921
4591,-1.9682314
4592,-1.0227947
4593,-1.2134886
4594,-1.2356516
4595,-1.4697424
4596,29.529438
4597,24.90755
4598,17.413765
4599,13.206567
4600,24.460737
4601,27.890808
4602,17.996302
4603,29.371662
4604,17.68498
4605,43.363655
4606,109.571976
4607,116.653435
4608,71.00696
4609,47.738186
4610,71.49745
4611,35.577534
4612,13.350834
4613,14.415081
4614,-2.0571668
4615,0.9828123
4616,24.501291
4617,41.961506
4618,24.514688
4619,4.551502
4620,-1.5695579
4621,25.540722
4622,46.287212
4623,28.744518
4624,18.963524
4625,16.806023
4626,26.098988
4627,53.39469
4628,53.680176
4629,54.709213
4630,32.852833
4631,46.03234
4632,76.011024
4633,92.62345
4634,89.70674
4635,69.70681
4636,100.52324
4637,174.50967
4638,149.3237
4639,132.81366
4640,132.42236
4641,116.15771
4642,128.48112
4643,138.32736
4644,122.46186
4645,108.244095
4646,146.13219
4647,120.99434
4648,125.17564
4649,105.16665
4650,60.167015
4651,108.49525
4652,232.48122
4653,177.53342
4654,80.72178
4655,165.652
4656,98.744514
4657,136.50916
4658,128.89275
4659,139.31908
4660,164.10585
4661,191.1798
4662,183.10521
4663,145.02298
4664,98.27164
4665,185.43408
4666,182.68211
4667,247.29459
4668,201.21428
4669,260.8402
4670,248.09665
4671,271.88318
4672,316.28122
4673,211.48322
4674,268.4305
4675,163.12819
4676,149.63728
4677,183.90932
4678,255.47658
4679,389.04492
4680,357.64136
4681,544.8503
4682,367.54257
4683,481.28232
4684,701.24713
4685,689.6511
4686,382.57303
4687,424.14908
4688,483.68475
4689,355.06772
4690,367.2366
4691,263.53687
4692,318.24
4693,349.46738
4694,359.20245
4695,376.77722
4696,422.39032
4697,508.01965
4698,399.54056
4699,337.2828
4700,301.84158
4701,501.00092
4702,353.35114
4703,312.14035
4704,316.30588
4705,244.56435
4706,201.66989
4707,230.78777
4708,307.6711
4709,332.20593
4710,305.19717
4711,226.88737
4712,473.5882
4713,452.79153
4714,329.00552
4715,201.09285
4716,107.741394
4717,129.36769
4718,109.37368
4719,132.63104
4720,122.07926
4721,120.031
4722,97.158455
4723,131.75238
4724,122.5581
4725,157.41725
4726,158.43274
4727,157.23065
4728,142.64388
4729,122.19538
4730,148.13586
4731,136.14413
4732,88.24184
4733,206.29002
4734,259.0836
4735,227.4213
4736,158.43071
4737,126.20824
4738,165.0924
4739,266.7038
4740,244.69122
4741,263.50058
4742,225.8806
4743,305.47156
4744,275.87042
4745,328.3266
4746,303.65466
4747,250.75307
4748,388.44205
4749,464.0502
4750,402.89264
4751,346.75894
4752,346.35907
4753,319.23352
4754,291.2661
4755,249.70961
4756,195.34367
4757,250.01025
4758,387.45215
4759,308.07596
4760,153.90025
4761,207.69403
4762,388.3069
4763,751.3993
4764,958.2634
4765,789.6645
4766,647.8041
4767,449.25836
4768,475.8176
4769,557.32684
4770,615.59625
4771,670.4323
4772,758.2208
4773,603.10864
4774,493.50125
4775,630.35913
4776,372.17865
4777,514.1366
4778,434.663
4779,668.52594
4780,701.07294
4781,590.29974
4782,749.62897
4783,646.92773
4784,829.6084
4785,666.79443
4786,633.6842
4787,468.7227
4788,420.2007
4789,459.08438
4790,487.3326
4791,947.68445
4792,993.43524
4793,884.01135
4794,712.9807
4795,1099.9275
4796,1515.3523
4797,1197.5522
4798,1519.062
4799,1288.2826
4800,1289.2019
4801,1594.2268
4802,1834.9916
4803,1551.899
4804,1104.5328
4805,1195.4177
4806,1526.2834
4807,1130.6493
4808,1194.4834
4809,1019.2489
4810,1365.0249
4811,1725.5385
4812,1579.0356
4813,1847.4457
4814,1539.1163
4815,1434.1686
4816,984.3695
4817,880.7436
4818,943.9011
4819,739.55084
4820,903.64404
4821,806.566
4822,730.43115
4823,898.8959
4824,807.5729
4825,702.71606
4826,605.6948
4827,583.8167
4828,686.6823
4829,832.8345
4830,657.3328
4831,690.1335
4832,646.3107
4833,746.7614
4834,929.4455
4835,766.21313
4836,696.16766
4837,615.3772
4838,756.5989
4839,751.35144
4840,917.36084
4841,981.0524
4842,951.58655
4843,1031.2377
4844,1035.4396
4845,860.9088
4846,729.32574
4847,716.4
4848,606.91534
4849,502.94257
4850,505.95456
4851,382.2701
4852,558.2515
4853,723.3318
4854,737.2025
4855,725.0192
4856,896.1043
4857,1530.6348
4858,1329.8622
4859,1440.883
4860,1404.6558
4861,1595.4056
4862,1205.8129
4863,921.5276
4864,981.3779
4865,1002.2502
4866,907.1333
4867,766.2171
4868,854.76245
4869,816.9632
4870,743.73865
4871,917.3343
4872,603.4892
4873,495.97025
4874,637.4439
4875,1042.6517
4876,902.29663
4877,1013.72205
4878,1683.9677
4879,1300.2814
4880,574.1918
4881,652.24994
4882,650.5334
4883,576.6151
4884,959.8229
4885,796.402
4886,891.8575
4887,632.8496
4888,482.29324
4889,449.72342
4890,416.80682
4891,466.79697
4892,300.4506
4893,384.58844
4894,443.29526
4895,338.39417
4896,386.8814
4897,315.789
4898,335.479
4899,398.34473
4900,387.78268
4901,461.3095
4902,401.14594
4903,475.668
4904,493.20114
4905,570.92255
4906,526.92346
4907,685.57385
4908,612.9508
4909,522.1365
4910,738.5151
4911,745.44763
4912,630.8311
4913,765.8851
4914,556.8867
4915,335.13522
4916,340.24576
4917,504.41025
4918,366.551
4919,461.1858
4920,566.6255
4921,665.3571
4922,437.51645
4923,394.53662
4924,560.7736
4925,406.381
4926,534.6192
4927,273.919
4928,442.03473
4929,561.5109
4930,398.5393
4931,208.51219
4932,275.32114
4933,343.1775
4934,524.0375
4935,325.48767
4936,450.02304
4937,414.25528
4938,518.5843
4939,512.34845
4940,149.82681
4941,131.32822
4942,364.41437
4943,180.04045
4944,236.80652
4945,552.80804
4946,512.88586
4947,656.8608
4948,447.4694
4949,353.74963
4950,580.02795
4951,572.6111
4952,345.73364
4953,521.4312
4954,610.3342
4955,513.735
4956,912.0365
4957,526.03973
4958,981.498
4959,516.8061
4960,526.37506
4961,388.84805
4962,683.4808
4963,479.01743
4964,877.2939
4965,870.26074
4966,1304.3527
4967,1238.1564
4968,1291.7797
4969,718.44934
4970,846.8783
4971,1172.7382
4972,1074.0166
4973,1211.7054
4974,1363.8247
4975,1343.5603
4976,1861.8674
4977,1798.033
4978,1792.2003
4979,1813.3839
4980,1547.474
4981,1508.0338
4982,1355.844
4983,1338.8228
4984,1537.6558
4985,1588.3016
4986,1514.5836
4987,1709.9679
4988,1683.3293
4989,1817.1106
4990,1741.5734
4991,1876.5249
4992,1737.6653
4993,1789.7131
4994,1446.5662
4995,1539.0309
4996,1590.4277
4997,1819.5884
4998,1526.5332
4999,1630.5955
5000,1573.2319
5001,1559.8182
5002,1674.844
5003,1734.4741
5004,1528.1449
5005,1462.4918
5006,1445.5049
5007,1447.5782
5008,1075.9645
5009,1084.9246
5010,1177.7512
5011,1208.2444
5012,1029.3386
5013,921.2226
5014,905.5631
5015,824.8003
5016,677.20386
5017,1133.0626
5018,793.8981
5019,784.8191
5020,548.1709
5021,280.57733
5022,270.22284
5023,454.8054
5024,310.26346
5025,259.77945
5026,256.83975
5027,371.09634
5028,526.8964
5029,764.5439
5030,605.8283
5031,544.39197
5032,674.56067
5033,521.11816
5034,321.3504
5035,255.64922
5036,465.0817
5037,427.14505
5038,425.45697
5039,373.0824
5040,364.49408
5041,371.91202
5042,437.60632
5043,447.7497
5044,491.4085
5045,593.5914
5046,686.0453
5047,580.3725
5048,667.2715
5049,665.185
5050,355.73978
5051,362.25436
5052,436.82437
5053,1022.64984
5054,1225.3077
5055,1335.1259
5056,1122.9661
5057,1095.6826
5058,1441.1708
5059,1059.571
5060,1600.4751
5061,1698.3322
5062,1440.2151
5063,1739.4906
5064,1731.2091
5065,1720.1113
5066,1639.7626
5067,1635.7684
5068,1379.7687
5069,1337.4867
5070,1646.5065
5071,1306.7694
5072,1440.0522
5073,1567.9861
5074,1189.9186
5075,1394.3091
5076,1511.6403
5077,1521.1814
5078,1216.8362
5079,1183.5443
5080,1166.3518
5081,1159.2518
5082,1243.4302
5083,1142.8451
5084,1020.5779
5085,1554.9886
5086,1412.7183
5087,1812.205
5088,1656.3967
5089,1341.0465
5090,1438.5403
5091,1210.7288
5092,1526.8416
5093,1662.0299
5094,1790.1248
5095,1883.9059
5096,1857.9894
5097,1925.506
5098,1844.1232
5099,1848.7246
5100,1836.0388
5101,1913.6343
5102,1865.9447
5103,1846.883
5104,1816.0638
5105,1460.1138
5106,1699.9554
5107,1499.083
5108,1714.0597
5109,1608.0927
5110,1837.7681
5111,1938.714
5112,1866.8745
5113,1795.9932
5114,1846.252
5115,1809.2125
5116,1838.2606
5117,1837.9595
5118,1826.553
5119,1853.2435
5120,1839.3418
5121,1736.2294
5122,1848.9874
5123,1835.1029
5124,1600.3768
5125,1827.9834
5126,1268.1727
5127,1255.7311
5128,1182.1244
5129,1539.819
5130,1322.5797
5131,1250.5072
5132,1482.2211
5133,1421.6514
5134,891.36884
5135,1214.2852
5136,1614.7406
5137,1473.4352
5138,1230.4557
5139,910.76764
5140,1170.1832
5141,1623.8372
5142,1416.182
5143,1469.6727
5144,1275.171
5145,1165.1582
5146,1144.956
5147,734.2087
5148,513.7448
5149,222.56653
5150,405.3986
5151,349.7379
5152,380.222
5153,519.4977
5154,524.03064
5155,575.6544
5156,529.2566
5157,598.83777
5158,830.29047
5159,764.25165
5160,631.14136
5161,534.2922
5162,630.4071
5163,503.5985
5164,417.41626
5165,389.9062
5166,259.90573
5167,226.34735
5168,325.85754
5169,442.59705
5170,215.79645
5171,193.31409
5172,247.52646
5173,311.1153
5174,367.7154
5175,288.7278
5176,159.45918
5177,65.350395
5178,115.89117
5179,232.7731
5180,408.41425
5181,563.2431
5182,395.389
5183,468.61795
5184,633.0085
5185,424.56943
5186,242.23906
5187,119.166794
5188,114.1757
5189,114.5694
5190,44.265026
5191,33.23445
5192,31.663553
5193,34.234962
5194,70.13968
5195,31.17289
5196,55.294815
5197,183.98524
5198,222.21825
5199,198.0687
5200,253.80103
5201,232.99559
5202,316.84277
5203,469.75092
5204,413.22015
5205,572.3132
5206,490.31186
5207,494.52222
5208,598.1337
5209,433.9436
5210,393.0984
5211,523.58386
5212,403.01947
5213,512.847
5214,421.18024
5215,422.14795
5216,301.12454
5217,297.58896
5218,284.8096
5219,442.97916
5220,233.7632
5221,249.57367
5222,467.51266
5223,544.90015
5224,446.2981
5225,510.8528
5226,435.0708
5227,254.24182
5228,202.75372
5229,155.21053
5230,121.31516
5231,163.47078
5232,209.54875
5233,259.76395
5234,242.74565
5235,114.743645
5236,122.49378
5237,106.420746
5238,69.122856
5239,40.656437
5240,92.653244
5241,53.1098
5242,96.38496
5243,101.35392
5244,101.235855
5245,34.95942
5246,37.590282
5247,11.090342
5248,-0.4212804
5249,44.438072
5250,120.34735
5251,92.514046
5252,109.393036
5253,94.2359
5254,176.79129
5255,164.59653
5256,77.23173
5257,60.311317
5258,42.20579
5259,78.39418
5260,125.801346
5261,122.10859
5262,128.57983
5263,62.631573
5264,15.3930435
5265,-1.3938558
5266,-0.6249011
5267,-0.61961144
5268,-0.7756333
5269,-0.75270325
5270,-0.75822645
5271,-0.82269174
5272,-0.8689589
5273,-0.8853072
5274,-0.8907427
5275,-0.8961606
5276,-0.88996625
5277,-0.921148
5278,-0.9192979
5279,-0.92535156
5280,-0.91515666
5281,-0.9107249
5282,-0.94462496
5283,-1.0019215
5284,-1.042492
5285,-0.83417857
5286,24.472916
5287,-1.6986358
5288,19.434149
5289,-4.0863905
5290,-0.8067084
5291,-1.5457519
5292,53.970287
5293,203.9949
5294,299.00995
5295,455.72787
5296,328.1
5297,170.4962
5298,179.42685
5299,231.68883
5300,201.67258
5301,142.35324
5302,200.0649
5303,144.1313
5304,347.98572
5305,347.44757
5306,236.25461
5307,216.12823
5308,292.53024
5309,287.1902
5310,235.2961
5311,218.5199
5312,172.3488
5313,161.89563
5314,179.6897
5315,217.52509
5316,160.51442
5317,162.36954
5318,216.0943
5319,281.2315
5320,274.1336
5321,245.66626
5322,277.83484
5323,364.0262
5324,347.59738
5325,382.0412
5326,392.27335
5327,343.10278
5328,347.2065
5329,235.14082
5330,326.14435
5331,197.14197
5332,280.63495
5333,147.26054
5334,90.505974
5335,135.11275
5336,208.82442
5337,167.84225
5338,232.50015
5339,213.82745
5340,185.27034
5341,102.42894
5342,94.42543
5343,8.408077
5344,23.72743
5345,3.2454524
5346,29.281704
5347,91.14143
5348,121.60615
5349,108.72015
5350,63.479916
5351,34.84078
5352,32.809994
5353,90.93291
5354,52.427025
5355,-1.6657265
5356,57.6856
5357,12.435753
5358,24.528801
5359,88.72704
5360,173.13596
5361,146.64308
5362,161.9479
5363,119.097694
5364,153.2063
5365,314.44586
5366,600.96576
5367,643.50183
5368,479.02087
5369,478.14267
5370,264.0759
5371,33.470196
5372,-1.1687196
5373,-0.0037918454
5374,97.932816
5375,106.8211
5376,114.28308
5377,85.85047
5378,79.885704
5379,35.379288
5380,30.57743
5381,49.64385
5382,4.86388
5383,-0.48036814
5384,-1.3048595
5385,-0.2635437
5386,-0.2569013
5387,-0.4670638
5388,-0.54952115
5389,-0.5317401
5390,-0.58308905
5391,-0.5769809
5392,-0.56019974
5393,-0.53707576
5394,-0.67559755
5395,-0.61107826
5396,-1.3173178
5397,-0.75329864
5398,-0.73157877
5399,-0.75864077
5400,-0.75864077
5401,-0.8001647
5402,-0.5029894
5403,-0.6190558
5404,-0.8252855
5405,-0.82185596
5406,-0.6344074
5407,-0.73859215
5408,-0.7831421
5409,-0.87206423
5410,-0.9710397
5411,105.87747
5412,105.8704
5413,73.62581
5414,92.95414
5415,75.392494
5416,55.805943
5417,72.604996
5418,40.15236
5419,10.543069
5420,-2.513398
5421,-2.1156573
5422,-3.1102777
5423,-0.92215157
5424,-0.86582184
5425,-0.92215157
5426,-0.6974381
5427,12.514394
5428,71.027115
5429,72.46005
5430,65.2942
5431,5.1790156
5432,25.386106
5433,54.0068
5434,21.719622
5435,-4.971013
5436,-3.0587752
5437,-1.1293652
5438,-1.137888
5439,-1.0666981
5440,-0.9633266
5441,-1.0390481
5442,-1.0390481
5443,-1.1711975
5444,-1.1028378
5445,-1.0907704
5446,-1.0923687
5447,-1.0556357
5448,-0.98188317
5449,-1.044859
5450,-1.076742
5451,-1.0688221
5452,-1.1053163
5453,-1.1489558
5454,-1.1392702
5455,-1.1714026
5456,-1.2430857
5457,-1.2750345
5458,-1.3737555
5459,-1.2476867
5460,-1.1926757
5461,-1.2131406
5462,-1.231527
5463,-1.1860461
5464,-1.0363458
5465,-0.8967562
5466,-1.1024177
5467,-1.0357455
5468,-1.1462296
5469,-1.8725643
5470,-1.1944333
5471,-1.1427984
5472,-0.96147734
5473,-1.076288
5474,-1.0097516
5475,-0.9393301
5476,57.052486
5477,100.647835
5478,67.095764
5479,35.256126
5480,48.82259
5481,115.08741
5482,79.21696
5483,186.59067
5484,178.40134
5485,98.52796
5486,131.23651
5487,249.78946
5488,143.86957
5489,109.013145
5490,78.00403
5491,109.49985
5492,138.9848
5493,204.0941
5494,232.17513
5495,184.33713
5496,266.3982
5497,218.87883
5498,173.22043
5499,148.43309
5500,165.55966
5501,175.82384
5502,103.38582
5503,47.725124
5504,84.86915
5505,247.76392
5506,313.86386
5507,398.01306
5508,358.79544
5509,191.55951
5510,184.5963
5511,130.44034
5512,89.03476
5513,50.37355
5514,151.5627
5515,144.08124
5516,84.52287
5517,122.6556
5518,110.161835
5519,116.678375
5520,87.0104
5521,46.536488
5522,61.395355
5523,59.46886
5524,141.70595
5525,179.93552
5526,176.63863
5527,157.52731
5528,117.786545
5529,79.420586
5530,63.49558
5531,71.14121
5532,67.134895
5533,50.84143
5534,21.182472
5535,38.300373
5536,17.340258
5537,-1.6910133
5538,-1.2070851
5539,-1.5102869
5540,-2.0267432
5541,-2.0611012
5542,-1.6761138
5543,-1.2608945
5544,-1.1427262
5545,-1.1028367
5546,-1.4396251
5547,-1.2070458
5548,-1.1338035
5549,-1.0558432
5550,-1.0532575
5551,-1.0098442
5552,-1.0508238
5553,-1.0650547
5554,-1.040792
5555,-0.8377461
5556,-0.9582804
5557,-1.0109286
5558,-1.0752889
5559,-1.1296452
5560,-1.1448345
5561,-1.1496844
5562,-1.1608015
5563,-1.1749122
5564,-1.2492508
5565,-2.2614295
5566,-1.0955154
5567,-1.1507663
5568,-1.0843841
5569,-1.0228012
5570,-1.1298374
5571,-1.1276659
5572,-1.1194493
5573,-1.1661075
5574,-1.1761631
5575,-1.219555
5576,-1.2300504
5577,-1.2300504
5578,-1.2367263
5579,-1.2701095
5580,-1.2687883
5581,-1.2529088
5582,-1.2491013
5583,-1.2032336
5584,-1.1128043
5585,-1.3061634
5586,-1.3587774
5587,35.595062
5588,95.85804
5589,29.144955
5590,24.56302
5591,5.4732523
5592,-1.1989193
5593,7.287303
5594,20.28088
5595,26.144867
5596,20.29225
5597,-0.22853842
5598,7.8323855
5599,24.912878
5600,38.458214
5601,42.351982
5602,39.52447
5603,1.018927
5604,13.721469
5605,21.678
5606,65.962685
5607,46.93336
5608,17.294409
5609,3.8937893
5610,19.008797
5611,45.648228
5612,50.531998
5613,45.02857
5614,111.815094
5615,125.312004
5616,84.4632
5617,52.5554
5618,52.25463
5619,32.640236
5620,12.554511
5621,11.2298
5622,-2.7143154
5623,-2.9564915
5624,-0.9305027
5625,-0.9362446
5626,-0.9160378
5627,-0.91156167
5628,-0.77625984
5629,-0.86395836
5630,-0.8777743
5631,-0.9164744
5632,-0.96736324
5633,-0.9779048
5634,-0.9747447
5635,-0.99563295
5636,-0.9999179
5637,-1.000115
5638,-0.9958602
5639,-1.0803955
5640,-1.0541471
5641,-1.0927474
5642,-1.0865024
5643,-1.0747026
5644,-1.0258428
5645,-1.0411171
5646,-1.0231782
5647,-1.0428079
5648,-1.0499785
5649,-0.99740785
5650,-1.0244114
5651,-1.0686
5652,-1.1064821
5653,-1.0958631
5654,-1.018491
5655,-1.109237
5656,-1.144362
5657,-1.075677
5658,-1.1686038
5659,-1.1493329
5660,-1.2242944
5661,-0.9978837
5662,-0.9978837
5663,-0.9920837
5664,-0.76503396
5665,-0.7675728
5666,-0.95796055
5667,-0.96598065
5668,-0.90058273
5669,-0.9027662
5670,-0.77311623
5671,-0.8308227
5672,-0.89274716
5673,-0.9379146
5674,-0.9093659
5675,-1.0962328
5676,-1.0768582
5677,-0.89193124
5678,-1.0332254
5679,-1.149866
5680,-1.6785207
5681,9.279767
5682,44.9234
5683,8.255408
5684,12.76601
5685,14.846541
5686,45.207348
5687,29.046478
5688,8.435771
5689,-1.5663956
5690,-0.6927141
5691,-0.8172037
5692,-0.92463225
5693,-0.92625475
5694,-0.91091645
5695,-1.1574914
5696,0.5214473
5697,31.449818
5698,66.187256
5699,68.78185
5700,95.538895
5701,45.797176
5702,129.59457
5703,89.81741
5704,75.30304
5705,48.496643
5706,59.16633
5707,64.575066
5708,59.902008
5709,127.811134
5710,172.5636
5711,115.91239
5712,100.08401
5713,71.82094
5714,69.105064
5715,56.625755
5716,72.87797
5717,68.52871
5718,155.9952
5719,118.768105
5720,121.109146
5721,66.96918
5722,56.182697
5723,59.33313
5724,57.027275
5725,66.13819
5726,112.6165
5727,158.51219
5728,151.78839
5729,99.49567
5730,115.58177
5731,100.348854
5732,111.162964
5733,149.20432
5734,212.28621
5735,260.45673
5736,206.27902
5737,232.84576
5738,288.0347
5739,402.95657
5740,466.40225
5741,417.14407
5742,488.7328
5743,497.32373
5744,502.0509
5745,539.9893
5746,598.3188
5747,527.5982
5748,517.1815
5749,509.15878
5750,659.412
5751,652.84546
5752,533.58777
5753,508.05252
5754,468.9922
5755,364.38702
5756,353.79846
5757,335.92734
5758,331.29947
5759,388.60388
5760,382.30832
5761,311.5497
5762,324.2219
5763,376.19016
5764,366.7882
5765,453.91574
5766,457.021
5767,451.20847
5768,400.1231
5769,390.77505
5770,322.4736
5771,326.57672
5772,328.16046
5773,483.4219
5774,463.17822
5775,406.41397
5776,326.0634
5777,384.18063
5778,330.5515
5779,330.06094
5780,307.93173
5781,383.83963
5782,470.27625
5783,638.1704
5784,531.8842
5785,427.19278
5786,416.24652
5787,371.12054
5788,304.32465
5789,234.1971
5790,201.44675
5791,167.85152
5792,147.4183
5793,137.09814
5794,121.68009
5795,213.12573
5796,100.761986
5797,116.76422
5798,141.73552
5799,195.70952
5800,349.36917
5801,259.13785
5802,256.19757
5803,355.14978
5804,365.08145
5805,325.15454
5806,452.6673
5807,483.98926
5808,635.6113
5809,589.31744
5810,562.633
5811,1135.2607
5812,1180.121
5813,799.5134
5814,598.9246
5815,778.5569
5816,670.9817
5817,714.41833
5818,645.5978
5819,528.4095
5820,802.73663
5821,507.87134
5822,771.8344
5823,624.4174
5824,970.8838
5825,746.5615
5826,553.7275
5827,401.36273
5828,510.99985
5829,350.81802
5830,601.0953
5831,450.1893
5832,416.2422
5833,431.15878
5834,479.37228
5835,701.42523
5836,537.46313
5837,743.70605
5838,642.4681
5839,516.6374
5840,567.42377
5841,660.39935
5842,701.05347
5843,557.47186
5844,523.8708
5845,484.83752
5846,402.03864
5847,427.38718
5848,379.56628
5849,422.07654
5850,317.96964
5851,401.83588
5852,312.1208
5853,224.88017
5854,238.86934
5855,261.3118
5856,381.33658
5857,454.03125
5858,358.7821
5859,345.26303
5860,327.99918
5861,226.27888
5862,192.3996
5863,222.02522
5864,149.22908
5865,161.90341
5866,142.4431
5867,129.6786
5868,115.90311
5869,122.49552
5870,92.683304
5871,122.21499
5872,95.68561
5873,164.41655
5874,154.23811
5875,149.0963
5876,167.14154
5877,152.33737
5878,154.54219
5879,216.6736
5880,156.21677
5881,133.71286
5882,188.10565
5883,231.31456
5884,192.1222
5885,173.78854
5886,177.50323
5887,125.44108
5888,124.55057
5889,100.29769
5890,98.6825
5891,100.64225
5892,91.82997
5893,92.91606
5894,112.27374
5895,138.0543
5896,187.27985
5897,173.59479
5898,163.97234
5899,169.4924
5900,130.42532
5901,144.55116
5902,141.70451
5903,135.80493
5904,107.21192
5905,47.853218
5906,68.11986
5907,50.109657
5908,62.796986
5909,72.02602
5910,49.472393
5911,58.41131
5912,40.715218
5913,62.899166
5914,52.18252
5915,24.185425
5916,64.42745
5917,87.43298
5918,72.73597
5919,96.40021
5920,103.611755
5921,78.332695
5922,76.90108
5923,36.79799
5924,69.29379
5925,24.955706
5926,22.342068
5927,51.23731
5928,58.203133
5929,56.69479
5930,13.506035
5931,7.4185996
5932,0.94562733
5933,32.049282
5934,17.224352
5935,4.295985
5936,-1.2430446
5937,-0.97785985
5938,-1.0761262
5939,-0.9706785
5940,-1.0910157
5941,-1.0688746
5942,-0.90799165
5943,-0.98288804
5944,-1.0148567
5945,-0.87839293
5946,-0.894109
5947,-0.9321144
5948,-1.5590831
5949,30.241182
5950,38.067528
5951,3.7692332
5952,-1.3733314
5953,-0.84115744
5954,-0.8563673
5955,-1.0072187
5956,-0.9653598
5957,-0.7545757
5958,-0.81964517
5959,-0.925686
5960,-0.93643045
5961,-1.0580381
5962,-0.825966
5963,-0.8020086
5964,-0.79458827
5965,-1.0082452
5966,-1.003836
5967,-0.9968614
5968,-0.973148
5969,-1.0059427
5970,-0.98586136
5971,-0.97165716
5972,-0.7916095
5973,-0.9428534
5974,-0.9831456
5975,-0.8453267
5976,-0.98115045
5977,-1.0544267
5978,-1.0625083
5979,-1.0631421
5980,-1.5517111
5981,-0.86029345
5982,-0.9624046
5983,-1.0347126
5984,62.59
5985,59.61312
5986,35.65364
5987,24.766226
5988,44.18737
5989,50.085686
5990,47.107487
5991,21.627426
5992,-1.9590807
5993,1.0421152
5994,-1.6788217
5995,11.328771
5996,-1.580592
5997,-4.6517453
5998,-0.646789
5999,-3.9989817
6000,1.6902217
6001,56.325626
6002,31.322094
6003,44.465183
6004,37.266167
6005,33.04982
6006,59.883465
6007,68.56641
6008,51.009632
6009,25.993494
6010,38.420696
6011,16.212654
6012,-4.6972384
6013,-4.7824206
6014,-0.6914941
6015,-0.71572834
6016,-0.759161
6017,-0.8563904
6018,-0.9219967
6019,-0.91796327
6020,-0.95444196
6021,-0.90381855
6022,-0.9084544
6023,-0.9330991
6024,-0.9244096
6025,-0.81814265
6026,-0.7494334
6027,-0.7538514
6028,-0.76267505
6029,-0.867634
6030,-0.96414477
6031,-0.9732705
6032,-0.96318257
6033,-0.9841818
6034,-0.93708503
6035,-0.94221085
6036,-1.1272691
6037,-1.0455323
6038,-1.1150498
6039,-1.1018553
6040,-1.1518403
6041,-1.16364
6042,-1.1542035
6043,-1.1754528
6044,-1.2209854
6045,-1.1556239
6046,-1.2391346
6047,-1.2408841
6048,-2.0458596
6049,-1.2523675
6050,-1.1307456
6051,-1.1324131
6052,-1.2251505
6053,-1.1534544
6054,-1.8861722
6055,-1.2382855
6056,-1.2243057
6057,-1.9068533
6058,-1.18967
6059,-1.267568
6060,-1.2536411
6061,-1.1935995
6062,-1.1330724
6063,-1.239583
6064,-1.2409604
6065,-1.2848713
6066,-1.2803324
6067,-1.2969345
6068,-1.3087343
6069,-1.3171034
6070,-1.34099
6071,-1.3290125
6072,-1.3755078
6073,-1.3163543
6074,-1.3163543
6075,-1.3002727
6076,-1.4482507
6077,-1.437447
6078,-1.5229455
6079,-1.48651
6080,-1.48651
6081,-1.4992431
6082,-1.2624
6083,-1.3537682
6084,-1.3321695
6085,-1.3321695
6086,-1.3321695
6087,-1.3537682
6088,-1.2957177
6089,-1.3102276
6090,-1.3300779
6091,-1.3209314
6092,-1.2384921
6093,-1.253431
6094,-1.2265308
6095,-1.3125609
6096,-1.3125609
6097,-1.2841951
6098,-1.3077203
6099,-1.313341
6100,-2.7943435
6101,-2.8051744
6102,-2.7933743
6103,-2.7933743
6104,-2.7828262
6105,-2.7933743
6106,-1.2996603
6107,-1.3191463
6108,-1.3191463
6109,-1.3107109
6110,-1.3226056
6111,-1.2996603
6112,-1.4365629
6113,-1.4560653
6114,-1.424837
6115,-1.251227
6116,-1.160522
6117,-1.4203548
6118,-1.277067
6119,-1.3035038
6120,-1.2982228
6121,-1.2609614
6122,-1.2893353
6123,-1.2854897
6124,-1.3207399
6125,-1.3330716
6126,-1.350979
6127,-1.3541856
6128,-1.3246833
6129,-1.2939649
6130,-1.3388016
6131,-1.3082684
6132,-1.334956
6133,-1.3082684
6134,-1.3783482
6135,-1.3116276
6136,-1.199193
6137,-1.1867677
6138,-1.2947528
6139,-1.190169
6140,-1.1453974
6141,-1.1886991
6142,-1.2655531
6143,-1.3082795
6144,-1.1796236
6145,-1.2712978
6146,-1.3385996
6147,-1.3385996
6148,-1.3418502
6149,-1.3418502
6150,-1.3450568
6151,-1.3462759
6152,-1.3418502
6153,-1.2046846
6154,-1.2146579
6155,-1.3418502
6156,-1.3450568
6157,-1.324949
6158,-1.3081112
6159,-1.3450568
6160,-1.3450568
6161,-1.324949
6162,-1.3316245
6163,-1.330112
6164,-1.330112
6165,-1.330112
6166,-1.3337246
6167,-1.3337246
6168,-1.3483428
6169,-1.3629348
6170,-1.3498553
6171,-1.3498553
6172,-1.3613555
6173,-1.3601426
6174,-1.3601426
6175,-1.380953
6176,-1.380953
6177,-1.3855077
6178,-1.1904653
6179,-1.1859106
6180,-1.1859106
6181,-1.1859106
6182,-1.1859106
6183,-1.1859106
6184,-1.1805377
6185,-1.1805377
6186,-1.1805377
6187,-1.1932708
6188,-1.0915246
6189,-1.0027099
6190,-2.0311852
6191,-1.1450161
6192,-1.6681442
6193,80.72102
6194,86.1557
6195,156.69339
6196,107.973114
6197,248.35385
6198,252.24828
6199,232.76672
6200,235.27605
6201,299.68088
6202,276.33783
6203,218.6306
6204,254.45378
6205,393.30057
6206,422.08145
6207,371.48785
6208,274.38962
6209,215.6457
6210,247.9373
6211,362.5311
6212,383.74832
6213,341.05045
6214,243.44656
6215,320.87262
6216,229.94044
6217,271.36002
6218,222.05771
6219,192.81477
6220,280.69855
6221,310.43854
6222,212.82999
6223,207.09554
6224,135.46518
6225,83.339226
6226,202.18744
6227,93.1337
6228,12.035169
6229,15.8384
6230,29.229998
6231,1.0777419
6232,84.54952
6233,95.832245
6234,60.40434
6235,82.568
6236,49.63418
6237,17.934074
6238,26.994791
6239,51.923866
6240,104.14505
6241,175.477
6242,153.43457
6243,186.06393
6244,192.35355
6245,206.88647
6246,267.64554
6247,342.09488
6248,331.995
6249,322.20007
6250,237.10072
6251,253.90031
6252,235.42194
6253,369.1826
6254,238.50787
6255,271.14572
6256,327.7294
6257,518.32623
6258,478.75235
6259,466.24005
6260,545.7952
6261,647.7852
6262,639.56506
6263,753.95294
6264,682.4558
6265,486.05872
6266,323.69363
6267,289.8391
6268,411.9444
6269,406.23315
6270,504.0193
6271,434.16797
6272,359.73822
6273,295.93918
6274,483.22433
6275,558.40454
6276,505.45847
6277,659.9286
6278,512.52716
6279,506.31577
6280,426.15503
6281,439.40366
6282,496.58456
6283,537.8093
6284,566.87396
6285,688.6117
6286,757.9907
6287,606.15546
6288,531.3886
6289,622.4687
6290,507.75378
6291,698.65533
6292,863.6659
6293,596.0676
6294,388.4043
6295,350.25293
6296,441.78934
6297,514.5484
6298,520.9996
6299,430.55603
6300,351.97974
6301,221.1511
6302,288.51358
6303,416.2609
6304,549.43945
6305,522.0172
6306,417.66095
6307,482.03735
6308,535.8362
6309,540.8097
6310,527.60284
6311,578.99536
6312,514.5243
6313,478.88025
6314,451.94217
6315,502.10608
6316,427.9135
6317,385.7168
6318,418.5816
6319,367.55774
6320,333.95856
6321,400.32925
6322,417.42526
6323,442.40848
6324,484.8287
6325,529.86835
6326,546.0907
6327,695.23883
6328,633.537
6329,548.0198
6330,469.496
6331,481.7507
6332,561.52515
6333,776.75446
6334,983.49677
6335,1064.9822
6336,1162.6243
6337,1072.4529
6338,1177.6227
6339,1140.1436
6340,1023.3736
6341,780.0898
6342,1269.953
6343,1198.5532
6344,1244.9052
6345,1304.9117
6346,1293.6375
6347,1315.1445
6348,1187.019
6349,780.2823
6350,737.47107
6351,1331.8202
6352,1579.9281
6353,1425.4902
6354,1278.8319
6355,1560.227
6356,1488.3218
6357,1382.8971
6358,1248.3291
6359,1253.6952
6360,1084.2504
6361,1107.3296
6362,1106.8806
6363,1207.6763
6364,1377.9219
6365,1376.0272
6366,1379.2578
6367,1728.2235
6368,1673.6135
6369,1546.3864
6370,1338.1019
6371,1312.3293
6372,1716.3163
6373,1436.3583
6374,1161.2614
6375,1052.3615
6376,1051.401
6377,840.00745
6378,782.1648
6379,1032.7031
6380,1168.27
6381,1200.248
6382,1192.805
6383,1420.6097
6384,1236.3535
6385,1097.4489
6386,938.6445
6387,1254.158
6388,1385.2346
6389,1134.2743
6390,961.61945
6391,949.49725
6392,1122.1439
6393,923.917
6394,1265.4158
6395,992.94495
6396,1291.4817
6397,1021.2378
6398,887.4762
6399,1397.263
6400,1409.688
6401,1332.7153
6402,1152.4662
6403,1039.8093
6404,1110.0558
6405,840.32117
6406,603.8366
6407,866.33624
6408,1100.2894
6409,608.3817
6410,720.5659
6411,827.3921
6412,843.5447
6413,869.7174
6414,1095.0922
6415,1123.5319
6416,1123.0121
6417,1364.1567
6418,1248.8486
6419,1231.2169
6420,1253.1523
6421,1118.3815
6422,983.8418
6423,891.47784
6424,1030.3109
6425,877.266
6426,876.0204
6427,1099.9635
6428,944.48596
6429,836.46484
6430,871.90063
6431,967.4002
6432,778.06995
6433,668.976
6434,951.57697
6435,956.2551
6436,922.263
6437,721.1325
6438,743.8248
6439,718.3788
6440,812.2751
6441,697.95807
6442,752.345
6443,857.1092
6444,1029.4249
6445,732.88385
6446,528.39813
6447,360.46417
6448,235.46277
6449,215.79222
6450,230.23212
6451,240.19005
6452,348.1286
6453,341.0243
6454,344.97336
6455,331.5988
6456,307.02112
6457,319.63876
6458,314.2765
6459,341.20544
6460,353.18393
6461,457.2546
6462,689.20087
6463,798.93884
6464,498.30197
6465,292.96027
6466,301.60223
6467,315.82904
6468,239.69681
6469,233.39766
6470,212.3427
6471,233.05434
6472,199.91937
6473,108.57049
6474,76.88665
6475,68.80466
6476,81.8793
6477,87.336105
6478,102.00494
6479,137.64398
6480,122.840614
6481,133.11777
6482,124.78091
6483,126.20219
6484,123.97407
6485,111.00101
6486,85.06218
6487,49.852375
6488,54.72344
6489,82.76012
6490,93.886185
6491,14.045795
6492,67.39615
6493,43.758022
6494,53.575222
6495,85.75867
6496,93.82858
6497,93.11261
6498,126.38181
6499,137.98775
6500,152.84021
6501,141.90459
6502,108.21703
6503,153.33691
6504,198.81308
6505,173.80588
6506,146.59088
6507,112.992836
6508,158.75665
6509,149.45792
6510,189.3617
6511,106.44086
6512,144.04416
6513,137.5755
6514,103.351685
6515,34.691994
6516,-2.3498032
6517,8.538227
6518,34.54657
6519,71.7192
6520,71.17856
6521,53.609318
6522,73.5252
6523,82.85785
6524,102.29265
6525,63.552193
6526,78.062744
6527,139.18645
6528,103.2086
6529,104.81701
6530,123.52343
6531,81.13216
6532,36.77587
6533,18.144825
6534,50.39563
6535,22.05073
6536,17.78481
6537,30.535902
6538,34.355476
6539,24.391584
6540,22.383015
6541,1.2873445
6542,-1.2091794
6543,-0.25945753
6544,-0.9736074
6545,-0.90624833
6546,-0.8544992
6547,-0.85684246
6548,-0.72598773
6549,-0.7193293
6550,-0.8404422
6551,-1.0967876
6552,-1.0962462
6553,-1.0631425
6554,-1.0547626
6555,-1.021258
6556,-0.9624156
6557,-0.95700616
6558,-0.9489028
6559,-0.96958625
6560,-0.96796656
6561,-0.9698343
6562,-1.0548477
6563,-1.0228276
6564,-1.1647049
6565,-1.1741745
6566,-1.1366298
6567,-1.0516281
6568,-1.1392279
6569,-0.94079417
6570,-1.0494795
6571,-1.0501021
6572,-1.0635054
6573,-1.042121
6574,35.351795
6575,43.021206
6576,34.776302
6577,21.749376
6578,52.90729
6579,108.197876
6580,109.0985
6581,97.08713
6582,109.80584
6583,101.576744
6584,99.74857
6585,42.98258
6586,48.029694
6587,79.39566
6588,49.31093
6589,61.148743
6590,34.21117
6591,38.117115
6592,47.443207
6593,69.34502
6594,40.123695
6595,39.531048
6596,74.07171
6597,68.20836
6598,94.137314
6599,99.38652
6600,81.873726
6601,90.140114
6602,95.98493
6603,78.963684
6604,112.53244
6605,91.44768
6606,103.58035
6607,68.429184
6608,89.48698
6609,147.30971
6610,222.73795
6611,211.51497
6612,297.15686
6613,318.32892
6614,301.2129
6615,292.09497
6616,287.20908
6617,263.62534
6618,246.02078
6619,153.13998
6620,158.85324
6621,160.33481
6622,129.04886
6623,135.25919
6624,166.51523
6625,187.07954
6626,197.94199
6627,225.20187
6628,277.84174
6629,286.53497
6630,265.12433
6631,243.86057
6632,237.99858
6633,300.13266
6634,370.26984
6635,337.13608
6636,261.73358
6637,209.04384
6638,182.1846
6639,202.7163
6640,226.98068
6641,225.77684
6642,241.49466
6643,197.51624
6644,171.54842
6645,145.6361
6646,179.71317
6647,120.77588
6648,87.272644
6649,114.30658
6650,84.95551
6651,57.985634
6652,62.68517
6653,44.48619
6654,28.820374
6655,39.091686
6656,29.681334
6657,13.7057
6658,-3.8106108
6659,-1.2282112
6660,-1.1387764
6661,-1.2808079
6662,-1.3629941
6663,-1.2331479
6664,-1.2238007
6665,77.13114
6666,111.515305
6667,264.61176
6668,128.62724
6669,228.66122
6670,70.19551
6671,36.944023
6672,66.99011
6673,66.49236
6674,87.82949
6675,132.39946
6676,151.37396
6677,237.21976
6678,250.6804
6679,116.03605
6680,69.78381
6681,60.73774
6682,108.476746
6683,149.25923
6684,190.02884
6685,291.95148
6686,229.35976
6687,204.82191
6688,139.04854
6689,239.46283
6690,481.87628
6691,378.30893
6692,197.06955
6693,406.55838
6694,330.88745
6695,283.4533
6696,331.7871
6697,470.62125
6698,423.98572
6699,288.4998
6700,275.139
6701,367.4012
6702,518.8786
6703,558.424
6704,409.3719
6705,236.5934
6706,280.023
6707,317.68887
6708,226.69539
6709,217.57164
6710,238.6998
6711,364.88943
6712,430.19656
6713,523.4293
6714,318.96933
6715,308.04242
6716,423.8911
6717,411.23294
6718,522.65875
6719,658.16406
6720,430.0705
6721,506.73456
6722,485.51627
6723,401.7582
6724,440.81433
6725,519.255
6726,669.6269
6727,603.071
6728,435.70834
6729,403.96286
6730,625.66956
6731,568.614
6732,473.74667
6733,527.8681
6734,449.6537
6735,434.631
6736,362.63126
6737,376.70535
6738,298.26028
6739,276.17905
6740,206.16893
6741,210.51772
6742,231.58444
6743,345.4375
6744,362.4266
6745,318.65604
6746,291.92584
6747,248.60796
6748,237.57498
6749,229.61858
6750,206.21902
6751,193.16702
6752,176.89351
6753,172.26712
6754,161.38531
6755,160.51112
6756,204.32324
6757,244.6783
6758,233.95772
6759,196.71344
6760,194.96216
6761,203.44022
6762,161.1689
6763,90.99298
6764,61.337826
6765,57.890694
6766,50.70907
6767,21.955698
6768,8.298782
6769,-6.7716055
6770,-3.1435173
6771,-1.7767575
6772,16.17634
6773,51.62298
6774,59.21029
6775,27.354221
6776,-5.8345733
6777,-0.71081823
6778,-0.8281037
6779,-0.6826413
6780,-0.785001
6781,-0.014935147
6782,59.91825
6783,61.779827
6784,78.774475
6785,115.42107
6786,105.92118
6787,86.41962
6788,93.8966
6789,95.9559
6790,66.47514
6791,78.82801
6792,54.62801
6793,54.382317
6794,64.31625
6795,64.16691
6796,49.683315
6797,56.63762
6798,57.36311
6799,70.83478
6800,70.62867
6801,38.147297
6802,24.026508
6803,10.784431
6804,29.80515
6805,40.59251
6806,108.91966
6807,136.27391
6808,179.35655
6809,149.06355
6810,168.1716
6811,119.22554
6812,137.66724
6813,172.72543
6814,111.53978
6815,82.94086
6816,125.730965
6817,209.01068
6818,258.92114
6819,230.99785
6820,173.06613
6821,122.544205
6822,0.22710642
6823,1.6421984
6824,-0.77671885
6825,0.7188826
6826,0.07205128
6827,-0.068197645
6828,-0.047402523
6829,-0.22462374
6830,-0.75024086
6831,-0.75119597
6832,-0.7124941
6833,-0.69667053
6834,-0.7761695
6835,-0.7641294
6836,-0.23609145
6837,-1.2910224
6838,27.183308
6839,78.173805
6840,12.308506
6841,0.30260065
6842,29.58588
6843,107.0599
6844,31.998028
6845,25.502487
6846,2.5833292
6847,-0.58135945
6848,0.8810372
6849,-0.5943559
6850,-1.6292095
6851,-1.6625384
6852,-1.419361
6853,175.26576
6854,58.72064
6855,109.684685
6856,205.74825
6857,170.4246
6858,251.12381
6859,134.18059
6860,35.464886
6861,8.284154
6862,-2.071299
6863,-1.383027
6864,-0.5830067
6865,-0.5166651
6866,-0.29078725
6867,39.209633
6868,67.66999
6869,81.28038
6870,67.93973
6871,99.99623
6872,60.646885
6873,63.693417
6874,99.05241
6875,93.078354
6876,88.822845
6877,19.908772
6878,-2.8538623
6879,23.605366
6880,39.965282
6881,-3.5160635
6882,-0.6185161
6883,5.861426
6884,117.449196
6885,192.3033
6886,174.41321
6887,263.97943
6888,256.34192
6889,181.4342
6890,167.37688
6891,185.90656
6892,114.653824
6893,119.073395
6894,152.17532
6895,120.3764
6896,128.59264
6897,152.32443
6898,206.42316
6899,182.68327
6900,220.81833
6901,249.64622
6902,149.37952
6903,173.09833
6904,189.07118
6905,177.21657
6906,172.993
6907,116.52014
6908,59.744686
6909,88.67242
6910,106.83973
6911,75.40061
6912,52.33017
6913,68.23038
6914,111.13223
6915,67.034294
6916,101.919014
6917,52.710114
6918,121.54829
6919,146.84993
6920,141.4408
6921,129.24977
6922,158.8985
6923,82.03193
6924,102.92882
6925,148.5488
6926,145.03441
6927,120.63611
6928,76.174286
6929,69.922714
6930,76.46679
6931,35.280346
6932,50.545853
6933,-3.4456933
6934,-1.2509995
6935,79.06932
6936,102.666954
6937,56.445587
6938,31.604622
6939,14.706806
6940,-0.15922576
6941,7.357633
6942,27.23689
6943,10.61249
6944,31.943457
6945,38.047764
6946,50.873608
6947,57.921917
6948,88.705765
6949,61.155006
6950,51.548965
6951,41.651234
6952,115.297134
6953,52.31258
6954,62.206203
6955,87.00901
6956,13.669536
6957,13.302684
6958,69.29157
6959,104.5879
6960,57.385174
6961,43.527157
6962,62.585022
6963,127.26814
6964,77.76969
6965,110.906494
6966,126.20534
6967,120.94615
6968,166.11409
6969,184.23703
6970,82.10445
6971,149.6153
6972,117.68914
6973,173.26837
6974,205.505
6975,232.49017
6976,113.509315
6977,81.36913
6978,18.223854
6979,4.911196
6980,56.561882
6981,6.5376873
6982,-2.2763903
6983,5.849574
6984,-1.1176605
6985,-0.69289905
6986,-0.69289905
6987,-0.66579306
6988,-0.45779157
6989,-0.5412271
6990,-0.535811
6991,-0.6030702
6992,-0.53931993
6993,-0.32999718
6994,-0.4994422
6995,-0.7027729
6996,-0.627535
6997,-0.6164675
6998,-0.73949933
6999,-0.74051225
7000,-0.89601403
7001,-0.8841293
7002,-0.8888893
7003,-0.8461731
7004,-0.8581168
7005,-1.4293169
7006,-0.93987733
7007,-1.046119
7008,-1.040693
7009,-1.0461286
7010,-0.87992114
7011,-0.8876726
7012,-1.0589417
7013,-1.047476
7014,-1.0121939
7015,55.512638
7016,120.32977
7017,103.79931
7018,15.410739
7019,61.31183
7020,66.515526
7021,47.063602
7022,9.245242
7023,48.002575
7024,79.47374
7025,57.07241
7026,-2.6846735
7027,1.9019144
7028,-1.135944
7029,8.763204
7030,4.11348
7031,-2.3818214
7032,24.653236
7033,10.105434
7034,-0.23014592
7035,-1.4890845
7036,-1.5936022
7037,-1.8648083
7038,-1.5062772
7039,16.511362
7040,18.921673
7041,2.0583909
7042,1.398445
7043,18.717485
7044,19.120148
7045,22.860184
7046,23.317335
7047,28.276484
7048,35.85104
7049,4.3611255
7050,6.4194474
7051,13.691792
7052,9.293363
7053,13.785214
7054,10.259214
7055,7.13255
7056,40.538593
7057,46.812004
7058,52.692474
7059,27.4453
7060,24.451221
7061,1.3669759
7062,8.85278
7063,45.330845
7064,85.63412
7065,89.81341
7066,77.30975
7067,99.79886
7068,92.761604
7069,95.25392
7070,47.627808
7071,63.1726
7072,13.972215
7073,-2.3499465
7074,8.3754015
7075,-2.0807347
7076,1.2695253
7077,13.337554
7078,21.822588
7079,0.49279144
7080,-0.7186567
7081,-0.73390627
7082,-0.6392145
7083,-0.6589098
7084,-0.6598844
7085,-0.6481995
7086,-0.8351011
7087,-0.8595244
7088,-0.66407216
7089,-0.69231135
7090,-0.64602506
7091,-0.6762387
7092,-0.82880294
7093,-0.6233902
7094,-0.6095595
7095,20.337603
7096,79.19672
7097,73.32988
7098,155.96022
7099,121.54896
7100,171.91171
7101,127.5587
7102,94.97831
7103,164.58977
7104,103.33281
7105,151.51213
7106,170.7728
7107,153.80493
7108,85.168274
7109,66.87544
7110,75.23252
7111,67.7086
7112,73.31463
7113,84.006584
7114,-1.471486
7115,52.092747
7116,115.88033
7117,138.75368
7118,90.90225
7119,99.61782
7120,133.07909
7121,130.25124
7122,94.49805
7123,132.39737
7124,130.48946
7125,139.12024
7126,157.95161
7127,347.31464
7128,223.17348
7129,88.30844
7130,42.62141
7131,26.271479
7132,59.578796
7133,103.07624
7134,128.56822
7135,146.17398
7136,170.00111
7137,178.07236
7138,231.58093
7139,256.80682
7140,200.07568
7141,186.73058
7142,197.87857
7143,198.02518
7144,203.15768
7145,191.8489
7146,205.17024
7147,200.81009
7148,196.11246
7149,136.27664
7150,127.51116
7151,129.44887
7152,160.74623
7153,142.85623
7154,124.761154
7155,128.30289
7156,113.01278
7157,90.37857
7158,109.73432
7159,73.73345
7160,51.488316
7161,77.254456
7162,45.640568
7163,40.251514
7164,53.27248
7165,43.75337
7166,19.27058
7167,3.8769312
7168,-3.5853548
7169,-0.80496055
7170,-0.88504344
7171,-0.8721516
7172,-0.85232455
7173,-0.8326885
7174,-0.94197077
7175,-0.9423993
7176,-0.9337491
7177,-0.973065
7178,-1.0257181
7179,-0.98680997
7180,-0.97713673
7181,-1.0601075
7182,-1.0817565
7183,-1.1051828
7184,-1.0993454
7185,-1.146358
7186,-1.0523937
7187,-1.0747119
7188,-1.0652144
7189,-1.0511806
7190,-1.0714457
7191,-1.0851018
7192,-1.2109752
7193,-1.2317843
7194,-1.2376312
7195,-1.9853929
7196,-0.8768175
7197,-0.921959
7198,-0.7994439
7199,0.014650101
7200,90.73622
7201,133.08818
7202,162.62128
7203,151.30095
7204,173.42552
7205,170.72157
7206,245.78606
7207,256.15906
7208,309.1697
7209,392.81064
7210,407.1395
7211,237.44559
7212,259.88037
7213,258.566
7214,224.71463
7215,281.90085
7216,230.33249
7217,223.34348
7218,179.96289
7219,108.15646
7220,123.77951
7221,87.916306
7222,57.66631
7223,99.9894
7224,83.60787
7225,49.712162
7226,53.84067
7227,44.257164
7228,33.850353
7229,26.679504
7230,7.5534844
7231,10.601729
7232,20.829842
7233,0.5742741
7234,-0.9661942
7235,-0.95651954
7236,-1.0032829
7237,-1.0168544
7238,-1.7692134
7239,-0.89530605
7240,-0.96141064
7241,-0.8505432
7242,57.244873
7243,166.31543
7244,127.32975
7245,107.23169
7246,137.87769
7247,92.10238
7248,128.71906
7249,117.59329
7250,89.09993
7251,102.475
7252,68.50598
7253,137.05899
7254,188.72182
7255,260.64355
7256,388.57065
7257,533.43524
7258,351.00607
7259,131.90315
7260,207.52824
7261,360.85178
7262,333.31415
7263,260.65524
7264,348.78265
7265,169.50742
7266,146.18471
7267,424.29654
7268,608.354
7269,304.26404
7270,305.22607
7271,476.4212
7272,242.92932
7273,401.7046
7274,397.54352
7275,455.5082
7276,609.487
7277,649.94214
7278,727.66345
7279,721.3745
7280,717.22455
7281,642.1012
7282,690.39795
7283,738.1698
7284,807.4127
7285,874.02606
7286,900.36945
7287,785.9347
7288,688.9923
7289,525.7092
7290,598.5894
7291,626.8272
7292,459.62134
7293,436.69174
7294,313.43045
7295,479.0089
7296,471.42514
7297,465.90402
7298,471.82825
7299,474.23615
7300,405.14197
7301,222.83136
7302,171.71165
7303,180.4267
7304,127.51488
7305,117.3085
7306,88.39973
7307,45.781048
7308,-3.2762148
7309,-1.1015016
7310,-0.9896682
7311,-0.88090193
7312,-0.80694
7313,-0.80048233
7314,25.185478
7315,70.404625
7316,64.857346
7317,73.12676
7318,89.60968
7319,160.5411
7320,225.84041
7321,225.73518
7322,256.69385
7323,217.51817
7324,224.47633
7325,141.51793
7326,114.78957
7327,174.17763
7328,176.49965
7329,189.12474
7330,210.22137
7331,186.45674
7332,180.75449
7333,185.31387
7334,174.25102
7335,189.60048
7336,256.9836
7337,167.656
7338,70.50951
7339,57.394478
7340,127.76207
7341,139.83823
7342,134.59807
7343,118.945145
7344,179.28845
7345,173.07791
7346,152.9579
7347,181.67036
7348,296.3679
7349,154.95744
7350,179.10818
7351,287.64243
7352,322.3066
7353,326.7052
7354,266.02155
7355,259.27646
7356,205.59068
7357,142.75275
7358,190.58641
7359,190.31158
7360,229.52875
7361,253.2145
7362,276.718
7363,337.52167
7364,414.07236
7365,351.48444
7366,357.08987
7367,404.28372
7368,430.67307
7369,271.253
7370,199.20543
7371,287.7602
7372,327.86398
7373,317.30624
7374,338.93024
7375,168.23018
7376,260.67447
7377,384.15405
7378,330.59302
7379,439.59686
7380,335.34155
7381,463.67404
7382,388.81766
7383,407.3623
7384,321.40533
7385,346.44693
7386,324.53607
7387,279.4255
7388,419.96753
7389,803.25183
7390,764.6982
7391,723.28394
7392,388.16086
7393,476.80527
7394,469.3695
7395,506.6684
7396,807.31805
7397,657.2567
7398,637.86304
7399,444.5924
7400,583.85126
7401,795.22327
7402,649.3459
7403,497.01514
7404,506.12375
7405,639.3654
7406,1007.92615
7407,823.4301
7408,906.097
7409,1037.0193
7410,541.98486
7411,703.5618
7412,766.24805
7413,697.61505
7414,747.7225
7415,847.03076
7416,804.52856
7417,791.0216
7418,906.0139
7419,971.51465
7420,1090.9485
7421,1186.3921
7422,1043.15
7423,1216.9603
7424,813.04254
7425,998.4764
7426,919.12854
7427,997.67737
7428,969.22235
7429,1299.3442
7430,936.3952
7431,838.10425
7432,859.1126
7433,669.6114
7434,914.9473
7435,880.4545
7436,698.58594
7437,660.4061
7438,573.09357
7439,659.08545
7440,800.53674
7441,615.69116
7442,463.1481
7443,287.77383
7444,313.10947
7445,305.877
7446,382.34366
7447,377.7078
7448,425.0846
7449,607.49567
7450,646.279
7451,511.71072
7452,425.69083
7453,381.62775
7454,299.87997
7455,247.43756
7456,256.83582
7457,321.0513
7458,436.77042
7459,470.90308
7460,675.8322
7461,621.00696
7462,519.34155
7463,602.94476
7464,686.026
7465,710.2868
7466,677.2401
7467,496.539
7468,538.4573
7469,496.04333
7470,514.1648
7471,708.0826
7472,748.68414
7473,584.1736
7474,799.3102
7475,779.9497
7476,819.4557
7477,752.5678
7478,571.7499
7479,647.18677
7480,835.79803
7481,944.55334
7482,783.3348
7483,654.21216
7484,660.3513
7485,514.744
7486,561.6864
7487,714.36017
7488,812.5769
7489,766.6976
7490,718.63245
7491,680.3307
7492,891.51337
7493,760.7215
7494,842.1599
7495,670.5843
7496,627.3176
7497,780.5084
7498,688.84753
7499,649.76514
7500,779.3855
7501,871.6405
7502,686.6741
7503,692.8865
7504,821.4635
7505,782.7217
7506,902.71606
7507,955.5324
7508,819.58307
7509,624.3115
7510,141.04256
7511,671.60156
7512,710.35486
7513,1066.5278
7514,504.39813
7515,831.28345
7516,727.0096
7517,736.57837
7518,822.2473
7519,433.0008
7520,800.9852
7521,590.79504
7522,925.70703
7523,724.26685
7524,943.0733
7525,832.62665
7526,697.3194
7527,674.7452
7528,950.53107
7529,1164.884
7530,1030.1567
7531,813.52295
7532,886.9318
7533,894.44824
7534,921.7338
7535,737.2211
7536,646.74896
7537,959.9922
7538,862.5345
7539,843.64233
7540,873.47327
7541,658.5244
7542,818.0598
7543,691.06146
7544,657.53876
7545,522.174
7546,331.86188
7547,476.9779
7548,448.48428
7549,340.04892
7550,662.7788
7551,285.73212
7552,452.7124
7553,701.0787
7554,730.4886
7555,606.5171
7556,527.50055
7557,310.37338
7558,241.45079
7559,351.73737
7560,386.2006
7561,471.07007
7562,451.23785
7563,360.4
7564,342.04623
7565,344.85468
7566,304.6163
7567,405.01993
7568,269.75693
7569,293.86002
7570,254.96835
7571,285.05118
7572,268.36618
7573,337.83047
7574,340.03278
7575,326.44034
7576,297.20297
7577,324.2277
7578,336.7552
7579,332.23074
7580,388.67612
7581,388.9663
7582,250.93791
7583,238.68076
7584,401.26968
7585,549.9765
7586,556.5734
7587,594.1193
7588,766.37256
7589,462.46606
7590,444.27725
7591,693.3455
7592,571.6336
7593,526.63214
7594,547.404
7595,510.71692
7596,647.7853
7597,515.52356
7598,912.3843
7599,921.6493
7600,1036.9872
7601,873.4841
7602,886.8423
7603,626.7732
7604,607.2937
7605,706.2194
7606,630.4232
7607,418.39206
7608,427.82513
7609,527.65546
7610,579.7247
7611,425.7218
7612,726.0356
7613,518.9411
7614,655.082
7615,807.293
7616,997.94543
7617,638.56793
7618,1122.9307
7619,873.9274
7620,962.4502
7621,1267.7302
7622,1240.3407
7623,1340.3392
7624,1576.337
7625,1345.8759
7626,1108.9685
7627,1032.8079
7628,910.95245
7629,928.10077
7630,716.7047
7631,770.17474
7632,1149.4128
7633,1285.0613
7634,1202.8363
7635,1276.8236
7636,1254.898
7637,1122.1141
7638,973.86505
7639,1029.7675
7640,1174.9678
7641,1120.3065
7642,1147.0591
7643,1296.956
7644,1329.9841
7645,1384.2888
7646,1346.9484
7647,1534.6847
7648,1669.8467
7649,1420.2325
7650,1589.014
7651,1289.2493
7652,1069.311
7653,1122.7794
7654,1283.7113
7655,1240.8708
7656,1078.1415
7657,1432.7128
7658,1264.6708
7659,1233.0604
7660,1506.2068
7661,1345.881
7662,1371.022
7663,1455.4089
7664,1601.4365
7665,1590.8662
7666,1343.9755
7667,1416.0693
7668,1162.7946
7669,1340.1852
7670,1147.412
7671,1422.4651
7672,1331.6716
7673,1601.4614
7674,1620.287
7675,1794.9296
7676,1782.5802
7677,1720.7688
7678,1581.4791
7679,1541.0266
7680,1613.5939
7681,1565.9268
7682,1619.3907
7683,1631.1887
7684,1634.3313
7685,1649.4584
7686,1683.4056
7687,1882.1691
7688,1816.3268
7689,1709.9836
7690,1807.4395
7691,1541.4702
7692,1300.0939
7693,1448.1301
7694,1301.3438
7695,1280.8766
7696,1263.7366
7697,1550.7543
7698,1574.5845
7699,1438.1659
7700,1419.1234
7701,1483.2858
7702,1440.9026
7703,1753.4524
7704,1493.2021
7705,1372.4972
7706,1354.3218
7707,1546.077
7708,1323.8805
7709,1293.4103
7710,1318.2557
7711,1316.8673
7712,1270.9315
7713,1327.2627
7714,1298.046
7715,1240.9824
7716,1222.7001
7717,1183.6316
7718,1224.6823
7719,1357.2332
7720,1313.7948
7721,1614.7153
7722,1540.1406
7723,1338.844
7724,1463.4916
7725,1616.3223
7726,1603.5985
7727,1372.7904
7728,1398.5894
7729,1385.4164
7730,1358.6305
7731,1325.3403
7732,1221.7947
7733,1134.987
7734,1230.2433
7735,1173.3881
7736,1191.2777
7737,1319.6979
7738,1223.9528
7739,1335.0842
7740,1239.6758
7741,1268.839
7742,1274.0328
7743,1212.1815
7744,1280.6068
7745,1291.1045
7746,1248.5952
7747,1182.6523
7748,1423.4392
7749,1199.8022
7750,1092.8936
7751,1101.2896
7752,1063.3103
7753,1104.4192
7754,961.12396
7755,1185.9573
7756,1336.2314
7757,1347.6694
7758,1534.1901
7759,1311.2134
7760,1533.0693
7761,1696.2716
7762,1730.2327
7763,1604.255
7764,1707.5289
7765,1792.4788
7766,1570.3257
7767,1597.7639
7768,1523.2766
7769,1435.4995
7770,1439.6624
7771,1528.7642
7772,1342.4219
7773,1251.0264
7774,1291.666
7775,1100.8147
7776,1275.8324
7777,1112.4957
7778,826.3268
7779,744.6099
7780,988.4103
7781,979.38354
7782,1263.8438
7783,994.67487
7784,1019.50934
7785,970.86523
7786,815.0252
7787,768.8238
7788,1064.1544
7789,1360.537
7790,1348.71
7791,1498.9447
7792,1621.1318
7793,1406.2146
7794,1121.5135
7795,1224.5066
7796,1334.6533
7797,1264.4412
7798,1278.7726
7799,1458.0497
7800,1508.0653
7801,1687.4612
7802,1713.2611
7803,1255.7983
7804,1291.915
7805,1295.8636
7806,820.63586
7807,1054.6642
7808,1068.5063
7809,1080.5409
7810,1344.5934
7811,1338.6464
7812,1173.8367
7813,1126.9598
7814,1332.5593
7815,1475.2676
7816,1531.0105
7817,1666.9812
7818,1191.7803
7819,1695.8154
7820,1813.2311
7821,1603.3274
7822,1873.8334
7823,1867.5919
7824,1792.4563
7825,1925.5056
7826,1949.1422
7827,1890.3365
7828,1541.5043
7829,1694.4686
7830,1638.9999
7831,1356.0549
7832,1873.9115
7833,1890.601
7834,1730.3711
7835,1456.2639
7836,1878.7012
7837,1885.3855
7838,1877.2668
7839,1554.7772
7840,1865.738
7841,1707.0796
7842,1936.3549
7843,1885.6501
7844,1932.3812
7845,1887.8488
7846,1921.1494
7847,1867.6871
7848,1866.3258
7849,1880.0958
7850,1872.7684
7851,1871.4387
7852,1832.8408
7853,1904.8098
7854,1904.9028
7855,1867.7411
7856,1855.2672
7857,1866.4257
7858,1861.0404
7859,1778.1884
7860,1886.7056
7861,1706.3319
7862,977.36816
7863,1263.8451
7864,1471.0935
7865,1517.1603
7866,1541.439
7867,1135.4713
7868,1182.595
7869,1071.6632
7870,1233.1239
7871,1355.513
7872,1491.8679
7873,1260.5298
7874,1300.3435
7875,1159.656
7876,1226.7766
7877,997.2696
7878,1143.6383
7879,1238.5087
7880,1386.6852
7881,1408.683
7882,1510.0746
7883,1143.1769
7884,1255.5706
7885,1132.3878
7886,1560.7386
7887,1413.9836
7888,1134.9803
7889,949.3556
7890,839.0816
7891,1111.0657
7892,1018.4267
7893,1170.7955
7894,1146.8765
7895,1179.4364
7896,950.58417
7897,917.68097
7898,895.7839
7899,741.4669
7900,591.93024
7901,600.51135
7902,813.4048
7903,642.5232
7904,731.8575
7905,558.2205
7906,511.89914
7907,458.3401
7908,577.59674
7909,621.15265
7910,630.40027
7911,614.63245
7912,625.31647
7913,949.9213
7914,651.30725
7915,560.29156
7916,596.36615
7917,547.7207
7918,567.4613
7919,519.2167
7920,483.7579
7921,364.249
7922,395.66174
7923,514.0957
7924,554.43475
7925,604.66644
7926,481.215
7927,551.2504
7928,419.55356
7929,271.86246
7930,312.18924
7931,210.2236
7932,278.81238
7933,270.86652
7934,408.35977
7935,379.07507
7936,491.27353
7937,498.8942
7938,511.05728
7939,559.9827
7940,498.53644
7941,415.4304
7942,448.25327
7943,437.17087
7944,345.33026
7945,289.41507
7946,355.02368
7947,335.69174
7948,350.28827
7949,305.2902
7950,211.66469
7951,150.61908
7952,202.2495
7953,292.3199
7954,119.90775
7955,234.98488
7956,369.86145
7957,178.37814
7958,159.08353
7959,264.06616
7960,197.10216
7961,178.65186
7962,281.98804
7963,925.92365
7964,474.43085
7965,243.84296
7966,126.21194
7967,322.26157
7968,203.69775
7969,124.906876
7970,68.21061
7971,14.408079
7972,-0.5511329
7973,141.54712
7974,99.51064
7975,85.53611
7976,127.298965
7977,291.30212
7978,152.46518
7979,131.02509
7980,180.89365
7981,75.6286
7982,74.31807
7983,127.16743
7984,482.27402
7985,349.05066
7986,330.85455
7987,144.07182
7988,210.04727
7989,194.70268
7990,160.23558
7991,541.967
7992,685.8961
7993,470.08218
7994,275.37338
7995,154.43967
7996,84.85572
7997,101.8197
7998,46.900604
7999,88.24124
8000,32.30838
8001,-1.5791698
8002,-0.71989584
8003,-0.6259997
8004,-0.7711506
8005,-0.54225516
8006,13.908915
8007,64.84168
8008,140.94386
8009,277.7218
8010,434.5778
8011,153.56625
8012,146.26222
8013,65.97657
8014,55.907543
8015,24.378344
8016,3.2530377
8017,1.8670791
8018,-4.3114653
8019,-1.7873722
8020,-1.4621836
8021,-1.3029557
8022,-1.308065
8023,-1.1913198
8024,-1.087584
8025,-1.7503347
8026,-1.1056626
8027,-1.1194574
8028,-1.1194574
8029,-1.1096888
8030,-1.0859776
8031,-1.0882525
8032,-1.1095905
8033,-1.124838
8034,-1.1456507
8035,-1.1768552
8036,-1.1462377
8037,-1.1299968
8038,-0.9604872
8039,-1.0415417
8040,-1.0749907
8041,-1.0465355
8042,-1.063332
8043,-1.0871582
8044,-1.0815912
8045,-1.0888584
8046,-1.0565809
8047,-0.97575957
8048,-1.0660208
8049,-1.053266
8050,-1.0200773
8051,-1.1232333
8052,-1.19644
8053,-1.1965479
8054,-1.1656728
8055,-1.1560217
8056,-1.1868504
8057,-1.2509043
8058,-1.2400165
8059,-1.2276942
8060,-1.2276942
8061,-1.2538846
8062,-1.2231014
8063,-1.2231014
8064,-1.2286454
8065,-1.2286454
8066,-1.2591034
8067,-1.2591034
8068,-1.2731203
8069,-1.2613205
8070,-1.2613205
8071,-1.2613205
8072,-1.2738835
8073,-1.2773153
8074,-1.2794043
8075,-1.2689177
8076,-1.246361
8077,-1.2681545
8078,-1.2709116
8079,-1.2966594
8080,-1.3158996
8081,-1.359783
8082,-1.4220546
8083,-1.40581
8084,-1.3749349
8085,-1.3728149
8086,-1.3560181
8087,-1.357654
8088,-1.3411707
8089,-1.3434912
8090,-1.3518603
8091,-1.3172673
8092,-1.2735192
8093,-1.2943317
8094,-1.2964517
8095,-1.2843113
8096,-1.2693988
8097,-1.3934093
8098,-1.4484239
8099,-1.423552
8100,-1.3803787
8101,-1.3803787
8102,-1.3706053
8103,-1.4038236
8104,-1.3530034
8105,-2.8896656
8106,-1.4149897
8107,-1.4215204
8108,-1.177821
8109,-1.286055
8110,-2.0315192
8111,-1.1073769
8112,-1.348601
8113,26.147049
8114,0.9774166
8115,-2.1147907
8116,3.2557082
8117,7.6954546
8118,-1.2647241
8119,19.54393
8120,-1.3068956
8121,-1.4300952
8122,-1.7827456
8123,9.456131
8124,50.50502
8125,37.842964
8126,37.148933
8127,29.078886
8128,31.215542
8129,66.908455
8130,25.287788
8131,35.401134
8132,51.421543
8133,59.09059
8134,39.714188
8135,31.743496
8136,7.184577
8137,13.921926
8138,-1.7160251
8139,-6.447226
8140,-4.3889527
8141,-0.9496283
8142,-0.97152716
8143,-0.8616679
8144,-0.85869116
8145,-0.85273623
8146,-0.93112147
8147,-0.77291745
8148,-0.9365457
8149,-0.9400221
8150,-0.9211305
8151,-1.0078626
8152,-1.7077082
8153,-0.96323854
8154,88.07007
8155,110.63117
8156,182.03625
8157,144.3788
8158,279.6187
8159,360.03336
8160,499.66537
8161,682.3908
8162,499.08508
8163,409.51492
8164,442.41138
8165,403.70447
8166,453.0805
8167,355.82544
8168,471.61945
8169,606.95654
8170,467.4127
8171,520.4918
8172,588.3716
8173,605.6058
8174,632.68634
8175,354.55963
8176,140.12701
8177,369.28888
8178,492.81226
8179,437.9446
8180,543.8188
8181,568.71063
8182,363.47992
8183,326.27438
8184,351.73602
8185,237.88794
8186,264.3171
8187,355.17404
8188,332.1076
8189,483.4785
8190,429.8281
8191,569.4684
8192,456.66943
8193,354.2977
8194,322.174
8195,441.93103
8196,333.38824
8197,384.9125
8198,263.00458
8199,251.71661
8200,236.87474
8201,385.88025
8202,444.51074
8203,298.21973
8204,264.38043
8205,112.12988
8206,172.91235
8207,240.21593
8208,249.09639
8209,341.3734
8210,348.605
8211,442.6202
8212,368.00748
8213,331.3639
8214,419.61642
8215,495.75327
8216,364.18927
8217,385.3191
8218,383.93555
8219,522.8975
8220,541.9589
8221,556.40265
8222,526.5629
8223,538.85864
8224,492.58914
8225,586.51965
8226,643.0457
8227,620.34973
8228,630.37573
8229,489.19745
8230,304.55283
8231,340.21222
8232,615.1383
8233,547.39264
8234,381.39816
8235,411.59723
8236,461.9871
8237,734.5549
8238,729.16614
8239,679.13196
8240,676.66925
8241,639.58826
8242,453.04062
8243,664.53217
8244,920.432
8245,780.3178
8246,928.3986
8247,607.79663
8248,832.64136
8249,777.72656
8250,887.9532
8251,1057.5427
8252,909.1851
8253,884.33105
8254,1010.7501
8255,997.7759
8256,1383.2296
8257,1454.9227
8258,1343.7091
8259,1241.0562
8260,1195.679
8261,1027.4799
8262,954.9965
8263,1169.5123
8264,1187.2968
8265,1243.1348
8266,1264.4001
8267,825.4446
8268,648.42285
8269,780.96716
8270,582.8732
8271,816.54706
8272,753.7215
8273,619.4738
8274,709.8297
8275,917.93884
8276,675.8334
8277,1003.16614
8278,766.0287
8279,503.04565
8280,741.9384
8281,920.1259
8282,907.0218
8283,778.03217
8284,670.4276
8285,442.56274
8286,401.65347
8287,563.2569
8288,668.7682
8289,362.81473
8290,323.3861
8291,259.17682
8292,344.60458
8293,509.25537
8294,529.24615
8295,601.5008
8296,570.44006
8297,614.44794
8298,776.30975
8299,904.4677
8300,681.9918
8301,725.244
8302,753.2731
8303,730.34216
8304,674.16077
8305,822.35333
8306,574.0746
8307,460.5093
8308,643.60345
8309,636.8634
8310,495.81033
8311,436.72562
8312,381.36694
8313,267.86905
8314,281.64648
8315,331.32474
8316,415.15216
8317,514.2246
8318,368.44623
8319,421.3088
8320,382.4956
8321,452.08005
8322,592.53436
8323,623.0324
8324,523.8018
8325,528.86237
8326,534.9247
8327,618.0313
8328,778.2877
8329,732.8424
8330,466.7442
8331,484.3514
8332,846.71906
8333,726.0429
8334,676.2631
8335,633.3704
8336,633.62115
8337,662.76117
8338,605.08295
8339,558.9177
8340,393.5547
8341,571.879
8342,530.84924
8343,555.93744
8344,404.97128
8345,511.9986
8346,392.34872
8347,598.4232
8348,766.8573
8349,970.34424
8350,601.82135
8351,491.22992
8352,437.45203
8353,376.7421
8354,411.73724
8355,270.72287
8356,399.76624
8357,296.82736
8358,397.30307
8359,544.642
8360,383.01987
8361,422.30414
8362,699.64777
8363,617.9886
8364,693.66846
8365,923.65344
8366,347.28336
8367,402.3929
8368,302.40192
8369,158.20633
8370,441.62146
8371,333.74973
8372,252.51868
8373,408.92453
8374,340.6718
8375,290.285
8376,380.4515
8377,428.38995
8378,631.2254
8379,605.3212
8380,489.04794
8381,566.33453
8382,993.28613
8383,1025.8702
8384,1400.918
8385,1513.4581
8386,1166.5038
8387,1208.7709
8388,1245.7571
8389,729.2327
8390,732.86743
8391,1542.8689
8392,1092.8872
8393,1034.11
8394,1283.392
8395,1737.7015
8396,1415.1117
8397,1535.8053
8398,1124.9647
8399,1284.0227
8400,1272.1481
8401,1324.9636
8402,980.8746
8403,998.8284
8404,1068.5352
8405,1071.8896
8406,1253.7814
8407,1363.8386
8408,1271.4508
8409,1218.5958
8410,995.2278
8411,933.93616
8412,978.11865
8413,970.30524
8414,1257.4607
8415,1577.8792
8416,1647.1696
8417,1810.6088
8418,1772.3119
8419,1633.1141
8420,1628.5387
8421,1478.7977
8422,1369.3579
8423,1658.6763
8424,1705.5509
8425,1803.7465
8426,1772.5991
8427,1771.6583
8428,1539.2668
8429,1599.9573
8430,1750.1179
8431,1770.4977
8432,1717.381
8433,1687.8993
8434,1911.6724
8435,1923.2844
8436,1909.0128
8437,1927.8932
8438,1925.6243
8439,1898.8044
8440,1916.588
8441,1919.0673
8442,1929.4375
8443,1919.3542
8444,1762.1891
8445,1857.9539
8446,1911.69
8447,1889.0521
8448,1907.8666
8449,1831.2054
8450,1555.6459
8451,1035.314
8452,498.49927
8453,957.6889
8454,1700.6709
8455,1721.9283
8456,1602.0182
8457,1131.3743
8458,1564.2249
8459,1595.3219
8460,1564.7909
8461,1509.3839
8462,1518.7616
8463,1156.5708
8464,1296.4691
8465,1676.2844
8466,1894.8837
8467,1848.2002
8468,1711.3705
8469,1791.0747
8470,1791.3433
8471,1784.2506
8472,1802.8931
8473,1788.4132
8474,1598.6346
8475,1666.0088
8476,1736.3384
8477,1631.1128
8478,1570.4402
8479,1659.1528
8480,1642.7853
8481,1734.3279
8482,1363.0192
8483,1016.2399
8484,1179.3057
8485,1345.2288
8486,1295.4564
8487,1827.6069
8488,1859.7281
8489,1796.1929
8490,1709.5432
8491,1528.7498
8492,1611.9106
8493,1679.3242
8494,1304.153
8495,1186.4509
8496,1471.7329
8497,1629.3192
8498,1537.3076
8499,1775.79
8500,1840.7952
8501,1779.8416
8502,1846.6106
8503,1540.4424
8504,1503.2946
8505,1729.4111
8506,1590.0284
8507,1660.9386
8508,1246.4067
8509,1320.1659
8510,1006.8683
8511,562.48224
8512,964.51935
8513,635.94025
8514,576.1647
8515,333.74844
8516,416.74792
8517,565.30005
8518,198.03197
8519,433.48373
8520,469.80222
8521,291.21674
8522,408.26126
8523,669.1445
8524,797.2595
8525,621.7679
8526,766.4639
8527,712.3245
8528,482.82672
8529,2.1401556
8530,-4.462798
8531,51.206413
8532,835.96246
8533,480.93137
8534,513.4684
8535,401.98532
8536,903.09766
8537,588.01215
8538,928.1383
8539,795.3282
8540,625.9733
8541,794.4788
8542,1079.1273
8543,1780.9847
8544,1846.4609
8545,1882.0837
8546,1887.0665
8547,1885.3463
8548,1874.9766
8549,1894.2948
8550,1897.3315
8551,1918.1964
8552,1899.075
8553,1891.2378
8554,1864.1385
8555,1778.3574
8556,1862.4451
8557,1860.0071
8558,1771.8689
8559,1738.2328
8560,1801.1969
8561,1240.5885
8562,1120.3726
8563,1348.0994
8564,1624.3005
8565,1401.46
8566,1573.1171
8567,1557.991
8568,1319.0183
8569,1055.821
8570,959.1567
8571,1095.5234
8572,917.24304
8573,901.94556
8574,920.4917
8575,735.3788
8576,415.36624
8577,718.6875
8578,664.71844
8579,694.4807
8580,822.88434
8581,1105.9391
8582,1721.7682
8583,1810.4222
8584,1591.5999
8585,1244.6007
8586,1118.4738
8587,1187.8927
8588,1274.0139
8589,1154.979
8590,1502.698
8591,1370.0345
8592,1306.4758
8593,1677.6687
8594,1798.6925
8595,1457.8967
8596,1418.382
8597,1588.4856
8598,1323.7854
8599,1563.6678
8600,1427.3485
8601,1639.321
8602,1636.2319
8603,1586.4382
8604,1586.7946
8605,1714.9307
8606,1818.3976
8607,1831.9926
8608,1746.2343
8609,1653.7518
8610,1275.1316
8611,1358.3381
8612,1772.3907
8613,1842.8196
8614,1839.9122
8615,1863.4147
8616,1885.3524
8617,1856.4426
8618,1818.1808
8619,1852.5913
8620,1709.2487
8621,1658.3079
8622,1656.7771
8623,1786.2155
8624,1766.8025
8625,1431.9872
8626,1154.3838
8627,1389.8098
8628,1403.7247
8629,1755.5216
8630,1521.2561
8631,1503.6698
8632,1307.5496
8633,1441.2375
8634,1264.3422
8635,1639.3481
8636,1738.4484
8637,1526.0123
8638,1312.807
8639,1233.1052
8640,1198.8033
8641,1544.921
8642,1676.5273
8643,1453.4553
8644,1370.1803
8645,1246.4153
8646,1344.1925
8647,1268.6848
8648,1645.8314
8649,1547.1095
8650,1731.305
8651,1522.1095
8652,1351.6183
8653,1319.2035
8654,1361.3352
8655,1445.8978
8656,1494.3864
8657,1052.2277
8658,1166.0381
8659,1231.489
8660,1106.5941
8661,1026.7523
8662,923.7459
8663,748.32654
8664,884.20483
8665,1042.309
8666,1097.7133
8667,1198.3187
8668,932.92505
8669,1023.6958
8670,859.9788
8671,723.64355
8672,695.9239
8673,680.2784
8674,954.0405
8675,1076.3425
8676,936.6438
8677,1100.3517
8678,1263.2373
8679,1205.114
8680,1213.2992
8681,1171.241
8682,1037.0482
8683,1201.0609
8684,1236.7043
8685,1119.439
8686,1262.636
8687,1459.7966
8688,1253.0295
8689,1134.1511
8690,1578.4196
8691,974.5209
8692,1106.1777
8693,1071.4103
8694,1746.3418
8695,1646.3057
8696,1725.6313
8697,1783.5243
8698,1221.3551
8699,1496.9608
8700,1847.9283
8701,1858.2024
8702,1528.823
8703,1204.2356
8704,1822.0354
8705,1561.5214
8706,1638.2396
8707,1173.5602
8708,1462.5018
8709,1743.8666
8710,1865.188
8711,1677.424
8712,1485.3849
8713,1539.2869
8714,1627.932
8715,1688.8794
8716,1491.8516
8717,1728.4098
8718,1527.3495
8719,1318.0599
8720,1227.336
8721,1556.6333
8722,1267.2981
8723,1183.7794
8724,1424.0944
8725,1357.7045
8726,1558.3538
8727,1228.1453
8728,1429.5071
8729,1702.4559
8730,1371.8042
8731,1244.2513
8732,1591.092
8733,1569.1183
8734,1623.4115
8735,1812.4541
8736,1814.342
8737,1826.5052
8738,1818.2814
8739,1812.4309
8740,1854.0642
8741,1855.1707
8742,1712.9199
8743,1813.1555
8744,1803.2792
8745,1788.7031
8746,1507.3412
8747,1490.0808
8748,1194.8064
8749,1159.9052
8750,1195.5104
8751,1158.412
8752,922.64325
8753,1176.6547
8754,1607.81
8755,1793.2217
8756,1825.0714
8757,1870.8889
8758,1867.2477
8759,1874.9192
8760,1871.6213
8761,1844.4263
8762,1769.9396
8763,1777.1139
8764,1607.2201
8765,1765.0737
8766,1722.8455
8767,1471.819
8768,1562.7439
8769,1848.6344
8770,1763.2242
8771,1566.8785
8772,1432.8219
8773,1375.4136
8774,1427.9167
8775,1215.9537
8776,1186.7676
8777,1153.6704
8778,1263.1152
8779,1123.9937
8780,1073.5297
8781,1032.1018
8782,1266.2292
8783,1231.9824
8784,1422.1676
8785,1333.5215
8786,1268.3022
8787,1423.944
8788,1172.0328
8789,1113.3864
8790,1091.1686
8791,1208.8322
8792,1024.0833
8793,1033.4486
8794,900.46204
8795,1072.1821
8796,1058.6769
8797,1127.363
8798,934.92
8799,1229.4941
8800,1085.9885
8801,1093.7977
8802,871.95776
8803,883.3402
8804,1006.3044
8805,1115.1333
8806,1029.3135
8807,987.01074
8808,804.1417
8809,1141.8768
8810,1265.1927
8811,1454.8599
8812,1000.2034
8813,1433.6796
8814,1461.447
8815,1598.8828
8816,1426.4956
8817,1382.8041
8818,1302.3685
8819,990.562
8820,1169.3008
8821,1004.9446
8822,1235.9082
8823,1070.1344
8824,1284.675
8825,1059.8402
8826,1005.0307
8827,974.4099
8828,1496.0491
8829,1359.7952
8830,1200.5808
8831,1442.057
8832,1167.0392
8833,863.41254
8834,1190.3494
8835,526.8433
8836,759.19037
8837,813.21606
8838,337.68195
8839,1017.7311
8840,755.02277
8841,868.7547
8842,1125.3121
8843,1030.9866
8844,725.2407
8845,556.18286
8846,677.3737
8847,1094.6482
8848,599.4579
8849,294.97537
8850,405.04742
8851,259.61786
8852,429.633
8853,294.55795
8854,673.5188
8855,378.0561
8856,753.0603
8857,424.85544
8858,279.2829
8859,291.41125
8860,423.72165
8861,497.5453
8862,461.7321
8863,439.992
8864,428.38138
8865,375.0822
8866,124.54162
8867,186.52701
8868,286.46835
8869,333.62012
8870,331.76462
8871,324.59406
8872,281.22595
8873,345.84024
8874,364.7302
8875,312.1726
8876,326.0671
8877,329.204
8878,256.31714
8879,208.28642
8880,211.78099
8881,124.51268
8882,103.098854
8883,84.23498
8884,80.4389
8885,70.92228
8886,50.08041
8887,8.492745
8888,19.319427
8889,-2.4166973
8890,-5.8662605
8891,-2.8130324
8892,-1.0557234
8893,-1.0673758
8894,-0.94204265
8895,-0.94216084
8896,-0.9371168
8897,-0.9375726
8898,-1.0173451
8899,-1.0131664
8900,8.7224
8901,39.123028
8902,45.230354
8903,32.502586
8904,30.746199
8905,35.384903
8906,69.16596
8907,148.65924
8908,266.16376
8909,241.98213
8910,219.82828
8911,231.85405
8912,136.54346
8913,150.81989
8914,112.54842
8915,99.207275
8916,139.02881
8917,164.97906
8918,217.64828
8919,206.52892
8920,282.327
8921,365.18277
8922,444.20422
8923,456.46243
8924,538.0336
8925,357.67075
8926,189.38652
8927,237.09999
8928,357.5275
8929,287.30045
8930,416.89935
8931,516.9749
8932,588.9051
8933,572.90826
8934,484.69296
8935,577.76917
8936,408.44577
8937,262.20523
8938,142.3961
8939,160.96951
8940,144.7331
8941,268.88516
8942,129.36516
8943,66.27077
8944,116.49651
8945,200.82458
8946,289.07208
8947,302.18613
8948,278.3348
8949,259.4132
8950,317.50262
8951,205.78384
8952,188.5164
8953,157.83575
8954,196.43555
8955,295.07288
8956,204.38223
8957,330.8687
8958,449.89426
8959,710.19135
8960,1106.5239
8961,1287.0549
8962,1311.2043
8963,1277.1348
8964,953.79425
8965,976.1982
8966,1016.5781
8967,993.1754
8968,941.6514
8969,528.4612
8970,441.84668
8971,428.2834
8972,1015.43414
8973,1073.9337
8974,969.06726
8975,1176.784
8976,730.56903
8977,1182.9027
8978,1299.9886
8979,1157.4276
8980,1094.9875
8981,1529.7916
8982,1531.6321
8983,1562.5317
8984,1235.1406
8985,1758.171
8986,1736.4764
8987,1739.4838
8988,1560.6744
8989,1642.6161
8990,1734.696
8991,1699.0564
8992,1645.8287
8993,1811.1962
8994,1769.6702
8995,1755.1714
8996,1780.6407
8997,1776.7487
8998,1830.5513
8999,1851.3369
9000,1807.9133
9001,1837.8655
9002,1828.8846
9003,1830.4797
9004,1814.3944
9005,1754.838
9006,1848.3007
9007,1742.8737
9008,1801.045
9009,1599.9711
9010,1746.5272
9011,1672.6687
9012,1499.993
9013,1555.5094
9014,1557.3739
9015,1277.1189
9016,1307.1959
9017,1165.2645
9018,1247.552
9019,1186.311
9020,1512.9264
9021,1500.139
9022,1367.777
9023,1675.9595
9024,1336.2228
9025,1259.9086
9026,1260.0741
9027,1230.045
9028,1519.8446
9029,1679.2728
9030,1876.0111
9031,1828.663
9032,1850.6896
9033,1828.3562
9034,1808.8414
9035,1855.3939
9036,1875.3519
9037,1876.8645
9038,1840.0271
9039,1835.8901
9040,1828.4081
9041,1828.8889
9042,1828.4779
9043,1833.171
9044,1887.4899
9045,1884.8398
9046,1871.6447
9047,1886.1085
9048,1863.1017
9049,1830.7749
9050,1805.6035
9051,1804.2135
9052,1701.1384
9053,1605.8256
9054,1620.0961
9055,1287.1263
9056,1204.0402
9057,997.4298
9058,1019.4778
9059,685.37695
9060,240.38176
9061,223.23837
9062,255.82973
9063,400.23157
9064,343.90433
9065,395.1933
9066,337.3222
9067,267.842
9068,260.27127
9069,288.19135
9070,303.87363
9071,265.6103
9072,230.38704
9073,263.8338
9074,215.93657
9075,151.7555
9076,65.36752
9077,12.419162
9078,-1.3328185
9079,-0.62466955
9080,52.38427
9081,35.19406
9082,25.090494
9083,65.09805
9084,77.35726
9085,94.42522
9086,117.339485
9087,130.56401
9088,156.84299
9089,174.39456
9090,127.93558
9091,85.18073
9092,125.17277
9093,152.3361
9094,195.2965
9095,173.38672
9096,90.75665
9097,50.243465
9098,64.44443
9099,57.644127
9100,65.251076
9101,91.820526
9102,152.91458
9103,153.10986
9104,87.34454
9105,70.79334
9106,23.808872
9107,135.83476
9108,135.38553
9109,152.06386
9110,259.87473
9111,404.29315
9112,409.32986
9113,293.36224
9114,397.60138
9115,348.66916
9116,337.06497
9117,0.28233236
9118,131.91275
9119,86.40734
9120,1324.8215
9121,1904.747
9122,1829.0343
9123,1556.8973
9124,1312.8143
9125,1274.6766
9126,1297.1414
9127,1199.484
9128,1275.521
9129,1574.5002
9130,1123.6556
9131,972.61566
9132,733.0554
9133,657.91876
9134,1212.987
9135,1115.2766
9136,575.06134
9137,297.33942
9138,77.63558
9139,459.2729
9140,245.21806
9141,383.33383
9142,751.27014
9143,784.392
9144,604.4997
9145,638.07214
9146,1089.8475
9147,1243.1643
9148,1336.6304
9149,1283.9021
9150,737.2306
9151,481.99854
9152,694.63873
9153,518.2156
9154,478.8525
9155,421.2666
9156,424.03934
9157,607.3081
9158,469.33557
9159,1161.5891
9160,1087.4388
9161,1081.7268
9162,1123.3372
9163,1592.6781
9164,1473.7019
9165,1368.8268
9166,1133.649
9167,1426.68
9168,1000.8165
9169,976.4009
9170,896.62555
9171,981.37756
9172,889.8322
9173,922.13855
9174,1002.4548
9175,969.50287
9176,937.36487
9177,872.3209
9178,709.1193
9179,851.29785
9180,930.38715
9181,742.8105
9182,989.5946
9183,1228.3549
9184,1167.1119
9185,1254.3555
9186,1130.3457
9187,1035.2264
9188,1037.6313
9189,974.6865
9190,1161.6768
9191,875.78357
9192,718.1486
9193,985.77386
9194,1068.6908
9195,1194.5583
9196,1445.342
9197,1287.7905
9198,1300.692
9199,1267.6582
9200,1070.8396
9201,958.6485
9202,956.0738
9203,942.68933
9204,1004.4616
9205,940.47656
9206,851.80396
9207,677.0992
9208,564.59296
9209,725.7238
9210,735.909
9211,540.1554
9212,571.9815
9213,459.73993
9214,394.97134
9215,397.3062
9216,415.0199
9217,449.44916
9218,496.02585
9219,822.70856
9220,1079.085
9221,1100.1481
9222,1036.1519
9223,693.75696
9224,862.7982
9225,634.3025
9226,754.1305
9227,737.4845
9228,507.59842
9229,620.1703
9230,709.7269
9231,663.1531
9232,724.0793
9233,860.305
9234,853.0241
9235,964.7381
9236,1012.02136
9237,432.462
9238,682.5398
9239,801.0254
9240,730.366
9241,935.6918
9242,982.69916
9243,892.4139
9244,879.95374
9245,1003.6599
9246,821.1788
9247,948.36993
9248,1189.7378
9249,913.3935
9250,1267.9092
9251,1258.8868
9252,1593.4718
9253,1837.6487
9254,1236.0768
9255,1288.9274
9256,1457.81
9257,1738.9386
9258,1324.471
9259,1417.4557
9260,1831.3235
9261,1473.7885
9262,1594.5577
9263,1760.5687
9264,1825.4698
9265,1838.7235
9266,1803.0459
9267,1640.1931
9268,1725.9583
9269,1913.5162
9270,1914.536
9271,1914.7064
9272,1872.9869
9273,1810.5302
9274,1656.2997
9275,1810.6853
9276,1808.2355
9277,1786.0106
9278,1733.8972
9279,1837.4949
9280,1810.1074
9281,1646.0155
9282,1547.4828
9283,1498.0573
9284,1281.1438
9285,1548.8043
9286,1825.1193
9287,1825.2909
9288,1843.8358
9289,1573.4496
9290,1453.1755
9291,1468.4254
9292,1152.6569
9293,1178.1108
9294,1251.6697
9295,1061.066
9296,1138.4335
9297,1175.6139
9298,1717.3988
9299,1590.628
9300,1621.2675
9301,1586.3004
9302,1663.613
9303,1665.302
9304,1661.9996
9305,1620.2073
9306,1485.8546
9307,1587.2021
9308,1713.1235
9309,1594.4017
9310,1487.6862
9311,1296.5586
9312,1150.3365
9313,961.4291
9314,1327.6304
9315,1194.1567
9316,1143.9991
9317,1200.713
9318,1285.2993
9319,1263.5839
9320,1162.0751
9321,1278.1815
9322,1295.8159
9323,1636.9954
9324,1549.2977
9325,1413.71
9326,1583.7606
9327,1534.5985
9328,1438.787
9329,1545.5879
9330,1582.4261
9331,1469.9788
9332,1385.4581
9333,1563.3271
9334,1548.7218
9335,1529.2817
9336,1438.7316
9337,1630.3909
9338,1630.4907
9339,1578.5483
9340,1625.2363
9341,1580.1951
9342,1586.5468
9343,1518.8661
9344,1644.2445
9345,1652.1919
9346,1625.2872
9347,1638.7039
9348,1317.8442
9349,1230.5808
9350,1590.4545
9351,1364.6049
9352,1330.7136
9353,1362.6035
9354,1509.1997
9355,1431.1757
9356,1536.4922
9357,1305.0809
9358,1293.0719
9359,1332.8661
9360,1395.5153
9361,1066.7139
9362,1257.1371
9363,1336.0488
9364,1187.7513
9365,1230.4293
9366,1246.8641
9367,1300.1003
9368,1270.4785
9369,1243.0884
9370,1061.6877
9371,756.0402
9372,718.71625
9373,651.88763
9374,714.48224
9375,678.90326
9376,722.2101
9377,909.9283
9378,1045.1229
9379,1043.664
9380,882.31433
9381,934.6779
9382,969.3213
9383,636.52057
9384,540.94495
9385,500.84256
9386,439.23157
9387,482.66818
9388,603.6742
9389,534.38696
9390,238.16995
9391,167.36823
9392,189.54176
9393,130.73112
9394,122.07157
9395,96.490524
9396,186.4476
9397,129.36296
9398,181.65712
9399,282.1915
9400,256.57108
9401,349.99872
9402,317.98184
9403,224.29596
9404,329.09747
9405,421.48224
9406,444.03177
9407,318.97253
9408,128.5019
9409,120.041855
9410,60.235554
9411,5.9522176
9412,32.92937
9413,68.664024
9414,19.038029
9415,-3.6810315
9416,-3.8467314
9417,-3.4880936
9418,-2.326037
9419,-2.2619054
9420,-2.4122722
9421,-1.9287022
9422,-1.4611518
9423,-1.3671303
9424,-2.058393
9425,-1.5166446
9426,-1.2707572
9427,20.899282
9428,54.16604
9429,86.51813
9430,164.11775
9431,360.93088
9432,341.83286
9433,309.84027
9434,319.28683
9435,616.9825
9436,794.76953
9437,757.85516
9438,827.1388
9439,768.41815
9440,721.16516
9441,832.5044
9442,655.9375
9443,614.6072
9444,625.8832
9445,819.43494
9446,618.9736
9447,614.23694
9448,405.05157
9449,828.16003
9450,791.363
9451,664.6664
9452,970.13763
9453,836.4655
9454,1071.9043
9455,834.6487
9456,934.05634
9457,1019.6982
9458,917.8445
9459,893.23315
9460,855.62726
9461,962.0514
9462,839.1524
9463,752.44336
9464,1000.0522
9465,1150.8564
9466,897.60675
9467,1165.4153
9468,973.3383
9469,675.45215
9470,1191.3679
9471,694.3401
9472,645.3045
9473,837.16547
9474,769.6827
9475,830.5841
9476,669.49817
9477,835.46906
9478,883.347
9479,733.3785
9480,885.2226
9481,713.0908
9482,622.002
9483,531.29663
9484,455.57236
9485,475.0747
9486,400.2895
9487,209.55214
9488,292.5042
9489,216.48105
9490,233.73657
9491,314.19647
9492,253.67708
9493,252.99794
9494,198.91855
9495,225.85988
9496,226.70656
9497,266.7246
9498,198.75175
9499,156.56464
9500,187.49998
9501,166.6699
9502,308.52725
9503,196.1357
9504,163.40987
9505,218.69174
9506,203.34781
9507,168.97464
9508,148.97632
9509,103.3769
9510,115.85273
9511,155.40373
9512,121.82896
9513,97.42048
9514,172.49242
9515,180.06206
9516,305.59894
9517,383.44458
9518,307.08606
9519,397.55643
9520,243.7318
9521,253.57431
9522,197.50758
9523,543.7269
9524,250.5984
9525,268.99365
9526,196.57635
9527,365.7834
9528,151.01654
9529,98.69913
9530,135.68515
9531,129.51688
9532,163.44801
9533,258.0175
9534,213.63446
9535,209.95126
9536,303.81604
9537,351.2858
9538,284.78085
9539,165.75484
9540,101.93613
9541,202.16104
9542,157.08002
9543,128.77403
9544,183.5494
9545,135.0497
9546,147.40431
9547,292.97473
9548,211.54524
9549,200.00122
9550,278.60815
9551,200.07333
9552,395.67963
9553,127.66647
9554,125.53548
9555,256.5089
9556,476.83313
9557,481.89355
9558,633.1103
9559,602.0183
9560,464.68573
9561,291.58337
9562,51.456875
9563,69.71063
9564,145.26263
9565,401.21823
9566,235.7524
9567,169.14227
9568,168.02043
9569,211.3243
9570,108.7016
9571,228.9278
9572,157.48457
9573,128.10979
9574,153.8451
9575,1028.0408
9576,554.91077
9577,327.58783
9578,329.8812
9579,337.67056
9580,55.438225
9581,84.09571
9582,112.02227
9583,162.92316
9584,246.05876
9585,271.23645
9586,260.50638
9587,291.2532
9588,200.0021
9589,115.78356
9590,229.38316
9591,389.1563
9592,445.97888
9593,667.4079
9594,590.1876
9595,442.11722
9596,455.5704
9597,455.16513
9598,485.44363
9599,404.917
9600,358.35962
9601,238.7224
9602,180.0457
9603,240.24863
9604,136.00134
9605,175.98485
9606,258.4812
9607,241.15121
9608,191.36836
9609,228.17987
9610,350.59576
9611,361.221
9612,426.96994
9613,393.0234
9614,304.88803
9615,257.53415
9616,275.8652
9617,304.54257
9618,204.08215
9619,146.89409
9620,185.80244
9621,247.0593
9622,194.64075
9623,212.9218
9624,193.46617
9625,207.13884
9626,186.38303
9627,151.53618
9628,216.28598
9629,215.70241
9630,166.65862
9631,210.48238
9632,146.64592
9633,204.16423
9634,176.43512
9635,222.71779
9636,275.0261
9637,254.28989
9638,251.10637
9639,258.95593
9640,235.64581
9641,213.60196
9642,271.859
9643,409.749
9644,392.678
9645,405.32336
9646,395.3133
9647,405.43863
9648,519.0498
9649,503.29645
9650,653.8913
9651,658.4536
9652,691.44635
9653,759.6509
9654,862.14374
9655,927.6104
9656,883.1646
9657,975.84534
9658,842.9863
9659,841.963
9660,775.6253
9661,569.5596
9662,500.14908
9663,476.6147
9664,599.0215
9665,521.48413
9666,612.8649
9667,878.6521
9668,863.3803
9669,923.59424
9670,1036.1786
9671,1238.5845
9672,1238.0336
9673,1385.9762
9674,1311.6383
9675,1208.3962
9676,1238.454
9677,1100.3007
9678,1206.4121
9679,1184.2334
9680,1021.69214
9681,1292.0474
9682,1156.2421
9683,1265.4224
9684,1029.4648
9685,803.1144
9686,648.8885
9687,948.30273
9688,805.51953
9689,882.43896
9690,736.3177
9691,699.36536
9692,634.93555
9693,827.215
9694,696.8343
9695,663.6248
9696,629.93427
9697,586.6397
9698,622.2816
9699,711.145
9700,680.7482
9701,653.2756
9702,767.56024
9703,673.0474
9704,644.8268
9705,772.9703
9706,736.98517
9707,801.4196
9708,998.9968
9709,991.2738
9710,727.08374
9711,833.99615
9712,1082.8475
9713,1130.1508
9714,1010.3395
9715,1011.20667
9716,953.4239
9717,979.0128
9718,985.3217
9719,665.22473
9720,681.9874
9721,653.04517
9722,554.8683
9723,458.86816
9724,613.2658
9725,531.2092
9726,584.347
9727,620.6346
9728,683.3681
9729,799.8231
9730,1072.3162
9731,908.65735
9732,1118.679
9733,939.86255
9734,996.35474
9735,1197.1598
9736,1059.4062
9737,1354.7015
9738,1390.8971
9739,1324.76
9740,1471.6345
9741,1314.6957
9742,1220.4745
9743,950.0949
9744,1085.2391
9745,983.85547
9746,915.9439
9747,1128.9563
9748,1074.8254
9749,989.7753
9750,1079.8939
9751,788.4319
9752,1010.91656
9753,898.833
9754,967.6528
9755,1120.4626
9756,1232.9209
9757,1153.3527
9758,1160.5485
9759,1107.8523
9760,1145.5067
9761,1051.8444
9762,1220.5996
9763,1259.2074
9764,700.1996
9765,931.6449
9766,1108.6328
9767,1110.9182
9768,851.38257
9769,1014.92004
9770,873.28
9771,809.4382
9772,897.4455
9773,1032.0981
9774,967.55615
9775,981.881
9776,803.3089
9777,910.6023
9778,1207.2463
9779,952.73663
9780,912.51697
9781,1019.15735
9782,883.25464
9783,1041.5889
9784,765.40326
9785,1044.9706
9786,1029.512
9787,876.2247
9788,783.3941
9789,935.32806
9790,1012.24756
9791,948.7219
9792,924.7769
9793,904.8296
9794,838.42694
9795,586.6109
9796,498.95944
9797,585.25134
9798,651.0072
9799,725.30566
9800,574.0752
9801,576.7246
9802,578.7863
9803,434.77332
9804,521.3138
9805,499.9893
9806,616.7944
9807,696.59924
9808,839.0055
9809,762.6563
9810,622.41345
9811,633.2141
9812,977.3361
9813,993.1757
9814,934.20526
9815,1005.66016
9816,944.8953
9817,53.18692
9818,281.32404
9819,864.87634
9820,1011.9287
9821,747.0681
9822,783.8961
9823,778.20404
9824,857.5277
9825,820.6359
9826,639.44434
9827,512.8905
9828,776.5847
9829,480.5002
9830,503.32278
9831,600.19434
9832,661.39764
9833,412.21198
9834,427.5519
9835,410.82397
9836,365.75232
9837,426.3174
9838,541.77185
9839,742.2716
9840,666.99286
9841,628.2031
9842,778.06396
9843,735.8816
9844,859.6928
9845,795.4279
9846,744.0104
9847,1004.1877
9848,954.4035
9849,706.3409
9850,839.26794
9851,872.32104
9852,705.4191
9853,636.7038
9854,481.5931
9855,611.0176
9856,365.75513
9857,540.00616
9858,616.7061
9859,494.29565
9860,265.2548
9861,441.4025
9862,431.56058
9863,680.17413
9864,497.97684
9865,350.8257
9866,464.8996
9867,390.52435
9868,484.0784
9869,323.7826
9870,312.35144
9871,458.62292
9872,371.28732
9873,333.84018
9874,262.16177
9875,290.25116
9876,227.80547
9877,409.95654
9878,478.00833
9879,350.27023
9880,373.31393
9881,315.07974
9882,280.88235
9883,303.51315
9884,394.49747
9885,239.43158
9886,296.67444
9887,361.54468
9888,294.2356
9889,334.62888
9890,185.2391
9891,187.12685
9892,188.77954
9893,216.30734
9894,244.6217
9895,228.41803
9896,253.78868
9897,285.95474
9898,342.4204
9899,210.3845
9900,119.84736
9901,39.54284
9902,45.510986
9903,13.147267
9904,36.077183
9905,351.68063
9906,279.95593
9907,115.45166
9908,142.36763
9909,51.908127
9910,223.60413
9911,174.90404
9912,219.66736
9913,151.7647
9914,94.33266
9915,107.50601
9916,162.61554
9917,153.75859
9918,138.31096
9919,153.83394
9920,95.03602
9921,121.97458
9922,106.9696
9923,68.948616
9924,32.181656
9925,15.943523
9926,4.145547
9927,5.786029
9928,-5.2756724
9929,-2.1440263
9930,-0.8481157
9931,-0.8642031
9932,-0.75573415
9933,-0.85322773
9934,-0.89067316
9935,-0.9130838
9936,-0.88768023
9937,-0.88768023
9938,-0.9254555
9939,-0.8462856
9940,-0.8896561
9941,-0.91759634
9942,-0.9212607
9943,-0.9891475
9944,-1.0126432
9945,-1.0362622
9946,-1.053689
9947,-1.0965066
9948,-1.0935113
9949,-1.1468835
9950,-1.1492503
9951,-2.020329
9952,-1.1298648
9953,-1.1217083
9954,-0.96760947
9955,-1.133294
9956,-1.1641097
9957,-1.1599216
9958,-1.094088
9959,-1.1093622
9960,-1.1021913
9961,-1.0858203
9962,-1.1063188
9963,-1.1433259
9964,-0.96868545
9965,-1.0314049
9966,-1.0170931
9967,-0.9970877
9968,-0.7789237
9969,-0.9299405
9970,-1.1495606
9971,-1.0756117
9972,-1.0775833
9973,-1.1386676
9974,-1.0854512
9975,-1.1241977
9976,-1.1463692
9977,-1.1708733
9978,-1.1074646
9979,-1.1769326
9980,-1.1177897
9981,-1.0887215
9982,-1.1508704
9983,-1.1260695
9984,-1.1634465
9985,-1.072188
9986,-1.1978525
9987,-1.058352
9988,-1.106161
9989,-1.106161
9990,-1.1087214
9991,-1.1104053
9992,-1.0154113
9993,-1.1007782
9994,-1.0061208
9995,-1.121332
9996,-0.95378006
9997,-1.0809214
9998,-0.9912553
9999,-0.94579035
10000,-0.9605862
10001,-0.9927921
10002,-1.0491353
10003,-1.1002967
10004,-1.0497229
10005,-1.1563382
10006,-1.1507946
10007,-1.2036171
10008,-1.1753877
10009,-1.1635336
10010,-1.1551359
10011,-1.1196407
10012,-1.2799106
10013,-1.2776659
10014,-1.2654018
10015,-1.271559
10016,-1.2465601
10017,-0.9409492
10018,26.95187
10019,50.466972
10020,67.670616
10021,79.02136
10022,132.82433
10023,192.41914
10024,288.4307
10025,375.9582
10026,429.20758
10027,389.09778
10028,357.3375
10029,334.8409
10030,267.64807
10031,126.09103
10032,64.42834
10033,22.053581
10034,46.56074
10035,96.62281
10036,91.09371
10037,120.252464
10038,138.3872
10039,167.89275
10040,164.60254
10041,167.84537
10042,179.13297
10043,173.67657
10044,169.35619
10045,166.73076
10046,196.43504
10047,153.35574
10048,136.32507
10049,138.61766
10050,180.59969
10051,139.78009
10052,85.23852
10053,106.23339
10054,201.22346
10055,213.17577
10056,144.20844
10057,128.51031
10058,143.18411
10059,124.188934
10060,105.444496
10061,82.23319
10062,100.47525
10063,128.891
10064,153.91713
10065,131.07718
10066,89.86941
10067,68.181465
10068,33.4193
10069,41.25463
10070,48.7869
10071,83.57398
10072,76.27087
10073,69.82744
10074,76.22343
10075,83.70753
10076,71.803116
10077,19.551691
10078,34.257866
10079,17.294256
10080,17.191813
10081,25.319864
10082,14.830411
10083,24.015303
10084,45.032482
10085,51.660355
10086,55.177963
10087,52.40032
10088,46.88069
10089,87.12456
10090,132.27097
10091,123.07756
10092,167.30971
10093,222.34752
10094,215.78279
10095,217.14452
10096,194.37245
10097,167.29236
10098,130.8802
10099,99.44139
10100,87.40505
10101,100.31476
10102,88.55054
10103,58.357086
10104,73.563446
10105,68.59404
10106,58.22446
10107,31.128376
10108,6.435717
10109,-3.255735
10110,-4.615617
10111,1.4890537
10112,1.9159815
10113,-2.6321628
10114,-1.0227505
10115,-1.038903
10116,-1.1147156
10117,-1.0964615
10118,-1.0729458
10119,-0.9036283
10120,-0.97681856
10121,-0.99475896
10122,-0.9030788
10123,-0.9730221
10124,-1.067245
10125,-1.015784
10126,-0.8555375
10127,-0.8595377
10128,-0.8950928
10129,-0.8459489
10130,-0.965889
10131,-0.8914606
10132,-0.95788115
10133,-0.8558206
10134,-0.93566173
10135,-0.9747139
10136,-0.9989653
10137,-1.0406599
10138,-0.97202
10139,-0.96974325
10140,-1.69287
10141,-1.7888615
10142,7.2738996
10143,54.844532
10144,34.002308
10145,31.362377
10146,31.054743
10147,10.599992
10148,6.4669847
10149,29.807652
10150,20.844748
10151,5.3840623
10152,20.556343
10153,48.446316
10154,86.50793
10155,116.904465
10156,149.79044
10157,184.31773
10158,186.75522
10159,178.82393
10160,148.09708
10161,158.0856
10162,176.00314
10163,184.75037
10164,200.40343
10165,150.8844
10166,115.60422
10167,124.158485
10168,162.20561
10169,148.42247
10170,171.35626
10171,171.5352
10172,169.26236
10173,160.626
10174,132.79143
10175,131.15889
10176,126.2833
10177,161.32838
10178,141.10718
10179,157.07938
10180,152.88898
10181,157.77776
10182,121.69033
10183,97.8523
10184,78.95785
10185,57.412537
10186,61.673973
10187,37.42328
10188,21.854618
10189,24.805351
10190,43.632984
10191,46.855362
10192,41.997154
10193,35.41553
10194,43.812424
10195,53.56835
10196,52.377098
10197,50.77815
10198,61.204323
10199,21.865961
10200,17.45397
10201,19.830467
10202,24.85732
10203,40.20271
10204,32.51807
10205,12.025637
10206,23.484123
10207,40.53133
10208,36.914013
10209,14.377074
10210,13.628956
10211,12.366316
10212,0.2905828
10213,-5.7882442
10214,-5.725962
10215,0.18596578
10216,11.277864
10217,13.331631
10218,27.17544
10219,18.553688
10220,14.285244
10221,11.873707
10222,28.451157
10223,10.892568
10224,19.849497
10225,45.008923
10226,36.12674
10227,34.818817
10228,69.56945
10229,99.845604
10230,129.96812
10231,191.77296
10232,200.82713
10233,192.32994
10234,218.88681
10235,258.39713
10236,235.1355
10237,213.48721
10238,204.20494
10239,214.77391
10240,198.96396
10241,185.6031
10242,203.23488
10243,133.54002
10244,106.83025
10245,88.61856
10246,89.63946
10247,94.1932
10248,83.92896
10249,52.295803
10250,24.583971
10251,31.655754
10252,13.01505
10253,10.638433
10254,-5.640752
10255,-1.4565979
10256,2.9985392
10257,3.4767568
10258,-1.6228243
10259,-1.5586382
10260,-1.5493304
10261,-1.7093754
10262,-1.5290518
10263,-2.1198785
10264,-2.1901746
10265,50.585835
10266,72.00516
10267,42.815224
10268,57.266026
10269,50.84714
10270,34.443924
10271,61.860146
10272,7.3300157
10273,12.25404
10274,0.31653705
10275,-0.8342557
10276,-0.16247879
10277,42.19843
10278,27.152258
10279,15.670358
10280,11.600979
10281,10.686388
10282,4.0412745
10283,-1.2499012
10284,-1.4534117
10285,-1.3430226
10286,-1.361748
10287,-1.4178107
10288,-1.4190865
10289,-1.487521
10290,-1.440675
10291,-1.4151951
10292,-1.4369498
10293,-1.3982624
10294,-1.3208607
10295,-1.2368292
10296,-1.3098568
10297,-1.0001994
10298,-1.0916381
10299,-0.9891554
10300,-1.0659331
10301,-1.0843071
10302,-1.0901448
10303,-1.0619634
10304,-1.0630465
10305,-0.92458284
10306,-1.7689972
10307,17.491314
10308,68.04275
10309,76.24608
10310,47.492794
10311,43.16386
10312,29.215075
10313,8.708044
10314,7.086439
10315,35.443638
10316,107.24594
10317,122.40511
10318,66.224
10319,22.321754
10320,17.590158
10321,24.703665
10322,46.95288
10323,71.66483
10324,85.14132
10325,91.35735
10326,99.06314
10327,90.597275
10328,166.7898
10329,181.51541
10330,216.1669
10331,170.7186
10332,130.37587
10333,133.123
10334,125.286415
10335,122.661575
10336,121.94311
10337,95.97295
10338,83.18168
10339,53.89593
10340,80.16191
10341,104.52579
10342,90.077576
10343,95.92582
10344,112.84781
10345,108.75247
10346,102.71621
10347,98.14322
10348,62.126045
10349,50.295013
10350,77.228355
10351,64.27604
10352,33.516323
10353,10.170981
10354,43.902195
10355,38.43671
10356,89.20092
10357,74.876144
10358,55.060387
10359,68.334724
10360,95.00606
10361,108.095764
10362,140.99559
10363,179.54416
10364,113.50298
10365,123.92144
10366,144.77625
10367,137.58919
10368,193.4227
10369,220.00017
10370,262.17764
10371,299.75116
10372,357.98077
10373,382.07892
10374,343.15433
10375,372.20056
10376,397.526
10377,327.18628
10378,298.25143
10379,318.5446
10380,316.42142
10381,283.60742
10382,260.5908
10383,197.17157
10384,183.21718
10385,194.73521
10386,197.09534
10387,189.71097
10388,128.19559
10389,78.436966
10390,51.469883
10391,45.26832
10392,48.17924
10393,-3.5553904
10394,-1.532835
10395,-1.4623348
10396,-1.866653
10397,-1.3005916
10398,-1.1497811
10399,-1.3106879
10400,-1.7624665
10401,-1.5298785
10402,-1.273577
10403,-1.2067161
10404,-1.2195352
10405,-1.1299047
10406,7.3866024
10407,47.152794
10408,103.06159
10409,103.433945
10410,120.574974
10411,155.7047
10412,142.50777
10413,101.24496
10414,4.58246
10415,-0.68246293
10416,18.863214
10417,36.01282
10418,45.808357
10419,74.72036
10420,3.6204007
10421,1.5418831
10422,17.750683
10423,123.41971
10424,169.11224
10425,133.88925
10426,188.29103
10427,61.69829
10428,9.800333
10429,157.61618
10430,139.28006
10431,150.3288
10432,80.86184
10433,217.78322
10434,149.57854
10435,107.41614
10436,173.05943
10437,87.32448
10438,108.621605
10439,117.75549
10440,174.93877
10441,163.40894
10442,107.23002
10443,183.04958
10444,104.19221
10445,59.1143
10446,145.03044
10447,83.04774
10448,75.896904
10449,81.56452
10450,193.73387
10451,401.55624
10452,429.5164
10453,284.28488
10454,114.26789
10455,240.41025
10456,160.81679
10457,136.59808
10458,196.16707
10459,189.81693
10460,186.01306
10461,193.00697
10462,263.09073
10463,263.05972
10464,444.37924
10465,367.7743
10466,525.1362
10467,566.23596
10468,451.39713
10469,518.7099
10470,728.37354
10471,663.5053
10472,542.8112
10473,541.7672
10474,601.7858
10475,505.21317
10476,435.05905
10477,393.7003
10478,359.41104
10479,405.80176
10480,378.75214
10481,342.04276
10482,385.07574
10483,394.79913
10484,335.3297
10485,358.03458
10486,292.42105
10487,304.9368
10488,300.9654
10489,282.16135
10490,315.45428
10491,319.5517
10492,411.23535
10493,388.47574
10494,344.81415
10495,278.30597
10496,228.22108
10497,214.56085
10498,239.37326
10499,219.51424
10500,197.487
10501,187.7718
10502,134.88884
10503,67.48247
10504,64.55378
10505,132.5645
10506,133.10675
10507,113.525024
10508,90.62443
10509,56.122124
10510,58.050373
10511,75.96639
10512,49.10767
10513,21.684315
10514,14.379555
10515,12.951836
10516,10.819686
10517,14.965865
10518,29.781216
10519,19.131178
10520,13.302393
10521,10.402709
10522,3.796935
10523,6.5705185
10524,-5.8166394
10525,-6.8561172
10526,-6.1992264
10527,-1.4223636
10528,-1.5185902
10529,-1.6822195
10530,-1.8128432
10531,-1.823507
10532,-1.6362908
10533,-1.6207525
10534,-1.4954569
10535,-1.317189
10536,-1.2288917
10537,-1.0756245
10538,-1.0556787
10539,-1.112618
10540,-1.16748
10541,-1.2496407
10542,-1.1983925
10543,-1.1977032
10544,-1.1851047
10545,-1.1480801
10546,-1.209122
10547,-1.1848885
10548,-1.1794529
10549,-1.1648661
10550,-1.0852762
10551,-1.0398767
10552,-0.9858193
10553,-1.0226315
10554,-1.1283001
10555,-1.0606608
10556,-1.0972351
10557,-0.93709457
10558,-1.1235497
10559,-1.2248195
10560,-1.8598208
10561,-0.97533834
10562,-1.1735215
10563,-1.0488987
10564,-0.08860942
10565,24.34396
10566,37.078045
10567,5.32779
10568,-0.04688013
10569,-1.8267707
10570,58.647522
10571,96.476425
10572,60.907772
10573,14.368473
10574,68.0341
10575,121.20872
10576,147.47632
10577,112.00605
10578,75.0603
10579,103.23261
10580,130.7731
10581,171.41829
10582,191.43661
10583,60.256027
10584,79.36653
10585,88.12347
10586,74.824585
10587,70.029144
10588,36.777237
10589,30.00123
10590,52.910255
10591,65.24232
10592,36.725883
10593,25.619438
10594,21.414545
10595,-2.409478
10596,29.34696
10597,92.77341
10598,32.098743
10599,41.48746
10600,48.83498
10601,62.591003
10602,9.355276
10603,15.172922
10604,34.250675
10605,80.70531
10606,150.48401
10607,251.95987
10608,208.93921
10609,181.75955
10610,155.79543
10611,152.02496
10612,152.13689
10613,126.332825
10614,113.24428
10615,74.68065
10616,37.008606
10617,21.767565
10618,45.364258
10619,89.75146
10620,79.751366
10621,53.16353
10622,32.28154
10623,22.426847
10624,17.10907
10625,-2.8006337
10626,-3.475516
10627,-1.1081147
10628,-1.1300604
10629,-1.1505713
10630,-1.1720482
10631,-1.2114285
10632,-1.1778876
10633,-1.1652988
10634,-1.2171906
10635,-2.121621
10636,151.912
10637,348.09235
10638,249.1843
10639,207.351
10640,164.35478
10641,146.86626
10642,73.55857
10643,66.6134
10644,20.065878
10645,20.690546
10646,14.36336
10647,-1.7954177
10648,-2.3238885
10649,-2.5826793
10650,-1.4716716
10651,-1.8394253
10652,-1.4856284
10653,3.3758426
10654,45.9172
10655,8.789729
10656,62.43627
10657,9.780877
10658,-1.8567653
10659,-0.9133753
10660,-0.87869817
10661,-0.8314593
10662,-0.8461784
10663,-0.8532305
10664,-0.97156477
10665,-0.97156477
10666,-0.8798325
10667,-0.9384095
10668,-0.96758074
10669,11.624786
10670,74.31959
10671,69.643974
10672,23.3306
10673,72.887535
10674,58.208107
10675,90.74377
10676,124.88057
10677,82.45112
10678,58.76517
10679,58.327915
10680,6.22307
10681,71.79247
10682,88.895676
10683,100.65334
10684,25.394346
10685,32.006027
10686,37.639248
10687,93.04081
10688,124.16623
10689,114.49253
10690,125.89297
10691,53.219822
10692,33.125984
10693,0.30305898
10694,-1.4179124
10695,-0.70718026
10696,1.1988709
10697,77.12939
10698,51.17295
10699,25.33449
10700,6.061642
10701,-0.85886085
10702,-0.9385154
10703,-1.6511382
10704,-1.684681
10705,-1.002194
10706,-0.87829
10707,-0.93240553
10708,-0.9339846
10709,16.677591
10710,77.32783
10711,45.439827
10712,33.70324
10713,81.60767
10714,88.63012
10715,89.81608
10716,72.63445
10717,64.27103
10718,12.920989
10719,1.9375886
10720,31.18546
10721,43.329582
10722,85.31657
10723,27.428335
10724,58.498497
10725,57.53327
10726,48.90764
10727,83.491486
10728,95.26717
10729,123.26989
10730,123.17666
10731,146.81958
10732,121.58577
10733,120.162895
10734,95.088326
10735,101.173836
10736,155.665
10737,89.41682
10738,99.97289
10739,185.60861
10740,175.99432
10741,275.8408
10742,282.6964
10743,296.6929
10744,423.71103
10745,334.73123
10746,360.01358
10747,337.54483
10748,262.68625
10749,300.89114
10750,336.40634
10751,411.83
10752,440.64706
10753,399.6058
10754,430.98853
10755,411.90524
10756,375.2147
10757,415.23996
10758,428.48245
10759,434.1764
10760,412.30283
10761,375.3453
10762,348.31107
10763,353.67834
10764,405.1782
10765,395.43088
10766,410.69717
10767,440.65842
10768,417.7327
10769,471.31543
10770,501.09442
10771,466.42908
10772,400.75247
10773,404.3683
10774,365.24756
10775,339.8412
10776,334.01227
10777,375.2871
10778,375.99905
10779,394.2963
10780,444.0699
10781,435.29858
10782,470.2991
10783,503.34134
10784,525.39764
10785,464.07822
10786,437.5159
10787,391.6781
10788,384.74982
10789,385.2988
10790,364.4632
10791,364.53534
10792,423.26553
10793,492.6327
10794,448.32263
10795,390.09195
10796,362.57254
10797,325.61313
10798,304.15982
10799,263.38928
10800,218.16963
10801,178.16948
10802,183.76399
10803,163.25166
10804,111.768005
10805,150.63356
10806,174.48366
10807,174.67848
10808,196.36002
10809,202.4361
10810,277.3364
10811,316.7654
10812,300.13263
10813,307.09528
10814,370.9262
10815,436.07574
10816,382.5396
10817,281.39413
10818,234.17705
10819,136.69727
10820,65.97756
10821,56.87558
10822,32.853096
10823,31.421669
10824,22.341337
10825,40.005283
10826,19.286438
10827,27.053526
10828,21.293736
10829,5.701446
10830,-6.912928
10831,-2.786393
10832,-0.98961806
10833,-0.9806107
10834,-0.9917671
10835,-0.97668874
10836,-0.9855102
10837,-1.0123447
10838,-0.88211095
10839,-0.98011833
10840,-0.8917591
10841,-0.97394854
10842,-0.967693
10843,-0.9907942
10844,-0.84287524
10845,-1.018902
10846,-1.0217315
10847,-1.0383574
10848,-1.0584375
10849,-1.6083498
10850,-0.9244505
10851,-0.96089804
10852,-0.9729371
10853,-0.93800706
10854,-0.96335286
10855,-0.9399772
10856,-0.9439799
10857,-0.9399772
10858,-1.0125037
10859,-0.33623293
10860,-0.33623293
10861,-0.33526695
10862,-0.9813609
10863,-0.3634029
10864,-0.4072327
10865,-0.3276501
10866,-0.3276501
10867,-0.33516398
10868,-0.31178838
10869,-0.44019198
10870,-0.38474035
10871,-0.36624077
10872,-0.4086253
10873,-1.085283
10874,-1.0584475
10875,-0.33095825
10876,-0.9279731
10877,-0.97056305
10878,-0.99923426
10879,-0.99241525
10880,-0.8749229
10881,-0.8326059
10882,-0.9162216
10883,-0.99484396
10884,-0.9818633
10885,-1.0304766
10886,-1.7729025
10887,-0.9249511
10888,-1.0311373
10889,-1.765962
10890,47.48949
10891,75.45014
10892,99.54911
10893,115.86342
10894,137.45193
10895,130.09773
10896,105.67401
10897,132.00902
10898,125.0375
10899,151.09889
10900,188.1056
10901,207.25143
10902,182.40668
10903,320.07492
10904,340.21774
10905,364.97372
10906,642.8112
10907,650.08466
10908,668.1328
10909,770.94403
10910,789.88293
10911,909.7532
10912,706.7387
10913,587.68335
10914,767.53076
10915,659.14136
10916,690.00354
10917,662.7344
10918,703.5597
10919,606.1538
10920,514.0449
10921,553.3437
10922,539.8651
10923,548.27563
10924,568.2306
10925,638.7404
10926,648.868
10927,650.8687
10928,658.0695
10929,733.6948
10930,731.23444
10931,776.0874
10932,723.06976
10933,744.14417
10934,951.68335
10935,1129.5613
10936,1152.0536
10937,1069.9764
10938,1019.96967
10939,1079.2489
10940,1096.0111
10941,1006.39526
10942,938.9509
10943,824.3363
10944,810.9952
10945,755.8668
10946,804.0094
10947,747.4179
10948,687.1382
10949,689.33673
10950,695.6108
10951,654.4046
10952,591.3416
10953,589.51733
10954,645.11145
10955,658.4436
10956,594.55286
10957,555.97516
10958,626.6073
10959,645.09204
10960,743.7099
10961,777.82965
10962,764.238
10963,717.57605
10964,641.8644
10965,533.8313
10966,329.58313
10967,305.1767
10968,396.96994
10969,843.2648
10970,275.42163
10971,125.34433
10972,134.7896
10973,216.32915
10974,276.109
10975,365.9584
10976,304.9281
10977,408.02255
10978,211.09842
10979,267.90536
10980,286.33374
10981,616.69415
10982,255.51442
10983,336.83197
10984,336.3473
10985,116.425476
10986,200.80183
10987,190.95477
10988,189.81483
10989,175.77959
10990,301.76718
10991,365.79544
10992,412.97076
10993,387.24014
10994,288.26263
10995,232.5997
10996,221.00308
10997,254.06128
10998,258.13693
10999,216.83955
11000,254.02844
11001,275.22778
11002,280.233
11003,337.99945
11004,196.48714
11005,276.68066
11006,380.69644
11007,413.09653
11008,263.562
11009,122.842865
11010,155.13794
11011,178.84303
11012,133.35074
11013,262.82587
11014,345.15286
11015,359.79105
11016,474.12405
11017,263.10214
11018,173.51399
11019,97.04252
11020,100.074684
11021,224.13666
11022,220.35997
11023,251.21524
11024,320.1637
11025,357.41373
11026,474.295
11027,460.02408
11028,416.64023
11029,392.13965
11030,415.575
11031,417.21365
11032,413.4714
11033,573.96985
11034,542.04095
11035,541.9082
11036,489.468
11037,475.25748
11038,483.09198
11039,609.3761
11040,651.21326
11041,594.4117
11042,603.1505
11043,673.7467
11044,736.6965
11045,822.6335
11046,867.1998
11047,726.20154
11048,787.69745
11049,850.15045
11050,800.60876
11051,704.48395
11052,733.5033
11053,1018.956
11054,1105.0283
11055,1198.3593
11056,1158.7417
11057,1035.4199
11058,941.67114
11059,991.18414
11060,872.1948
11061,859.2362
11062,799.6729
11063,791.2538
11064,683.8484
11065,749.5521
11066,1008.37305
11067,1093.8384
11068,1160.3529
11069,1163.4742
11070,1127.2866
11071,1209.15
11072,1214.1581
11073,1130.3921
11074,1186.4199
11075,1216.9889
11076,1296.8099
11077,1382.7655
11078,1468.3553
11079,1757.0016
11080,1901.0063
11081,1904.9192
11082,1862.7484
11083,1878.0143
11084,1861.1426
11085,1728.1688
11086,1731.6855
11087,1748.0884
11088,1828.8506
11089,1821.2435
11090,1698.4473
11091,1623.8086
11092,1651.3857
11093,1785.3942
11094,1856.1727
11095,1882.3345
11096,1863.171
11097,1798.4014
11098,1732.4783
11099,1741.4235
11100,1799.3193
11101,1750.5693
11102,1663.8099
11103,1686.4806
11104,1591.9636
11105,1705.1245
11106,1607.9614
11107,1638.6855
11108,1502.7181
11109,1324.8273
11110,1385.2513
11111,1375.7551
11112,1261.7429
11113,1259.995
11114,1263.6627
11115,1180.697
11116,1146.5409
11117,965.8701
11118,1047.5238
11119,1242.2196
11120,1335.2526
11121,1133.7059
11122,1132.2472
11123,1050.0864
11124,1160.7128
11125,1178.23
11126,1062.5944
11127,1044.2158
11128,1033.3333
11129,1187.4435
11130,1315.2582
11131,1412.7687
11132,1220.686
11133,1311.095
11134,1432.8201
11135,1221.1239
11136,1226.1246
11137,1440.2698
11138,1503.5411
11139,1555.1874
11140,1405.7737
11141,1506.0796
11142,1568.4855
11143,1403.9834
11144,1375.2314
11145,1339.721
11146,1083.3524
11147,1230.3638
11148,1229.3165
11149,1255.1669
11150,1268.1892
11151,1202.2759
11152,1175.1542
11153,1240.6549
11154,1310.9269
11155,1052.1257
11156,1037.2775
11157,881.43243
11158,1024.7028
11159,805.70984
11160,1042.8466
11161,932.02136
11162,1089.1133
11163,1179.1195
11164,1115.254
11165,1063.751
11166,1014.5115
11167,1195.3966
11168,1312.9133
11169,1029.7358
11170,933.05853
11171,845.7986
11172,1028.6763
11173,1113.0393
11174,1065.8873
11175,1199.7317
11176,1177.4186
11177,1196.5581
11178,1307.2664
11179,1194.94
11180,1320.3901
11181,976.5459
11182,1256.3738
11183,1244.3701
11184,919.80225
11185,1254.7577
11186,1254.3445
11187,1383.6954
11188,1448.7004
11189,1108.9259
11190,1234.9736
11191,987.645
11192,1114.3276
11193,1022.2313
11194,1185.9568
11195,1290.767
11196,1189.5668
11197,1204.5137
11198,1246.438
11199,1190.3003
11200,1126.7019
11201,1168.4104
11202,982.6433
11203,553.12756
11204,509.3516
11205,981.8413
11206,1000.28
11207,1092.851
11208,950.6054
11209,784.98566
11210,905.35583
11211,755.4534
11212,985.91736
11213,987.0299
11214,945.1014
11215,1004.4276
11216,1045.6805
11217,1050.682
11218,1008.9317
11219,1175.6041
11220,1199.6846
11221,1109.518
11222,1068.2604
11223,1171.153
11224,1151.285
11225,1154.3318
11226,1072.5845
11227,1128.2268
11228,867.53503
11229,844.6087
11230,723.16797
11231,798.1329
11232,1022.8157
11233,838.53546
11234,1006.5814
11235,899.2815
11236,724.8499
11237,636.85394
11238,576.72595
11239,677.0793
11240,680.8116
11241,747.2712
11242,720.14
11243,624.9765
11244,458.4914
11245,731.0685
11246,683.6975
11247,851.60693
11248,575.71985
11249,537.8094
11250,430.86276
11251,585.25903
11252,616.0419
11253,681.8914
11254,697.458
11255,772.1748
11256,871.0491
11257,835.2331
11258,848.11475
11259,804.6476
11260,668.28644
11261,686.9073
11262,829.04803
11263,771.57855
11264,744.493
11265,537.3421
11266,436.45966
11267,491.69254
11268,575.7383
11269,474.83618
11270,565.6769
11271,659.7765
11272,760.36255
11273,819.5516
11274,481.39145
11275,691.7569
11276,709.55817
11277,885.76855
11278,826.4616
11279,815.95386
11280,775.23553
11281,611.8757
11282,365.93393
11283,498.35638
11284,608.7305
11285,457.6739
11286,565.5939
11287,516.8583
11288,578.5796
11289,398.66705
11290,708.877
11291,575.03375
11292,663.4832
11293,873.36365
11294,1003.6256
11295,747.75146
11296,925.89685
11297,1017.01434
11298,772.94946
11299,791.2829
11300,1140.0171
11301,920.3986
11302,1059.3755
11303,1069.353
11304,1110.9812
11305,1210.6057
11306,1300.0995
11307,883.5933
11308,893.091
11309,841.6826
11310,769.7638
11311,639.87695
11312,459.7979
11313,498.01175
11314,469.73245
11315,411.5463
11316,385.20462
11317,541.6563
11318,757.7226
11319,636.6237
11320,577.8376
11321,510.97778
11322,554.2659
11323,743.2882
11324,677.4394
11325,679.49554
11326,569.85266
11327,670.3367
11328,450.48096
11329,411.43994
11330,487.69067
11331,544.82056
11332,392.10007
11333,588.57874
11334,654.0319
11335,583.8811
11336,599.7656
11337,628.747
11338,506.91986
11339,431.97543
11340,318.14386
11341,342.4872
11342,529.19934
11343,604.71893
11344,420.86868
11345,382.3531
11346,397.24756
11347,323.90738
11348,160.48871
11349,178.48105
11350,205.0527
11351,192.51236
11352,273.42963
11353,355.57416
11354,286.70825
11355,303.8071
11356,222.7428
11357,280.6887
11358,287.54233
11359,330.14755
11360,333.7191
11361,198.19998
11362,199.75768
11363,210.14992
11364,161.4264
11365,217.34567
11366,162.38983
11367,149.29698
11368,99.57974
11369,97.625725
11370,93.18194
11371,102.24679
11372,150.62451
11373,188.9822
11374,174.35736
11375,188.70433
11376,172.19737
11377,150.8596
11378,152.28304
11379,107.77149
11380,146.48848
11381,161.64508
11382,177.7635
11383,112.15932
11384,131.77985
11385,92.36438
11386,88.38288
11387,117.7029
11388,226.49658
11389,173.59416
11390,141.27266
11391,160.73657
11392,259.92426
11393,250.04094
11394,198.94452
11395,291.4283
11396,248.10854
11397,275.88693
11398,331.51443
11399,323.9451
11400,422.43896
11401,306.39484
11402,257.91107
11403,335.14612
11404,494.37482
11405,347.93143
11406,232.76404
11407,371.10544
11408,439.60733
11409,451.12692
11410,380.30957
11411,526.4819
11412,711.4141
11413,547.2643
11414,734.9606
11415,561.3425
11416,584.3434
11417,632.57245
11418,415.55594
11419,671.4968
11420,674.1689
11421,532.37506
11422,626.4244
11423,566.47534
11424,728.23627
11425,651.7008
11426,761.6984
11427,690.9142
11428,679.60077
11429,882.34033
11430,917.05634
11431,933.505
11432,918.68243
11433,491.954
11434,1055.2236
11435,832.39325
11436,881.362
11437,872.11774
11438,1209.8518
11439,1222.7693
11440,830.3031
11441,772.5905
11442,405.33575
11443,661.5162
11444,504.91153
11445,590.06714
11446,676.5528
11447,628.9947
11448,925.2662
11449,571.78687
11450,643.1644
11451,608.25323
11452,362.95453
11453,481.9304
11454,608.8883
11455,479.16776
11456,541.16797
11457,629.3308
11458,562.09247
11459,617.79694
11460,570.07544
11461,484.0702
11462,508.4042
11463,468.64783
11464,622.13574
11465,683.54834
11466,785.94745
11467,698.8575
11468,594.44995
11469,596.43036
11470,596.4133
11471,637.2505
11472,505.69928
11473,433.65588
11474,469.14423
11475,444.75507
11476,497.70584
11477,509.9022
11478,434.83438
11479,550.3502
11480,502.55405
11481,637.3197
11482,568.1598
11483,663.6142
11484,746.8446
11485,780.8806
11486,725.6435
11487,614.20135
11488,772.5799
11489,807.30225
11490,784.4632
11491,616.3205
11492,976.7847
11493,833.32764
11494,781.18585
11495,771.1192
11496,631.6884
11497,658.4583
11498,774.9199
11499,600.8635
11500,553.75104
11501,495.15054
11502,598.1201
11503,597.998
11504,578.1914
11505,623.4141
11506,858.3804
11507,645.0592
11508,492.81586
11509,712.6105
11510,710.0569
11511,576.0121
11512,728.91254
11513,610.4901
11514,543.3033
11515,490.17218
11516,547.5585
11517,460.01138
11518,663.11566
11519,451.07492
11520,495.29123
11521,574.47125
11522,544.9056
11523,601.4525
11524,517.5538
11525,551.0438
11526,560.96545
11527,682.85114
11528,621.39667
11529,574.5471
11530,712.76685
11531,608.767
11532,397.93298
11533,470.29922
11534,458.13412
11535,576.68463
11536,475.21503
11537,421.04663
11538,465.04218
11539,422.7795
11540,383.57953
11541,315.10178
11542,402.00446
11543,441.6367
11544,304.58542
11545,379.67313
11546,390.41125
11547,289.84888
11548,202.12556
11549,166.1255
11550,116.96445
11551,117.29506
11552,103.496376
11553,112.65423
11554,93.077736
11555,116.94331
11556,126.959595
11557,80.1004
11558,62.527977
11559,131.17929
11560,219.79439
11561,201.85437
11562,77.03366
11563,144.70361
11564,91.06513
11565,107.15512
11566,56.059788
11567,79.3861
11568,104.17272
11569,486.53598
11570,383.13544
11571,289.60745
11572,285.3265
11573,85.0441
11574,127.42842
11575,63.281494
11576,19.93037
11577,77.257835
11578,813.9441
11579,457.05627
11580,248.33934
11581,207.48322
11582,209.7655
11583,537.55756
11584,368.55646
11585,394.75897
11586,476.16824
11587,442.25784
11588,799.4835
11589,850.04895
11590,421.4169
11591,351.2015
11592,251.3063
11593,167.2971
11594,52.368748
11595,-0.7467649
11596,-1.3181746
11597,-1.1477382
11598,-1.5191535
11599,-1.0943103
11600,-1.0186074
11601,-1.0186074
11602,-1.1833922
11603,-0.696586
11604,-2.0080233
11605,-2.1746547
11606,-2.178355
11607,-2.4593058
11608,-1.1346638
11609,-1.1198921
11610,-1.0545228
11611,-1.1102616
11612,-1.0673182
11613,-1.2539793
11614,-1.3003845
11615,-1.2215021
11616,-1.2568102
11617,-1.2739354
11618,-1.2022808
11619,-2.040859
11620,-1.5182825
11621,-1.4874986
11622,-1.5037155
11623,-2.0541484
11624,-1.3843014
11625,-1.1532611
11626,-1.291359
11627,-1.9638411
11628,-1.1149458
11629,-1.2561855
11630,-1.1597903
11631,-1.2085121
11632,-1.2018632
11633,-1.2241895
11634,-1.2505933
11635,-1.324383
11636,-1.324383
11637,-1.9656136
11638,-1.326852
11639,-1.1935267
11640,-1.1642396
11641,-1.2324452
11642,-1.1807082
11643,-1.098449
11644,-1.1240568
11645,-1.2323266
11646,-1.2976956
11647,-1.2976956
11648,-1.462509
11649,-1.4888356
11650,-1.3324794
11651,-1.3353825
11652,-1.276609
11653,-1.2854766
11654,-1.310051
11655,-1.1495514
11656,-1.2678816
11657,-1.2836182
11658,-1.1760619
11659,-1.1235862
11660,-1.0670054
11661,-1.0944921
11662,-1.1160547
11663,-1.155167
11664,-1.1487623
11665,-1.8707201
11666,-1.0544673
11667,-1.1925092
11668,-1.1780405
11669,-1.1787496
11670,-1.1378764
11671,-1.0615615
11672,-1.0641218
11673,-1.024971
11674,-1.1204579
11675,-1.1330209
11676,-1.1496506
11677,-1.1561869
11678,-1.1561869
11679,-1.1706749
11680,-1.1612716
11681,-1.1695224
11682,-1.2086347
11683,-1.1923813
11684,-1.9145702
11685,-1.2016526
11686,-1.0805713
11687,-1.372885
11688,-1.4043393
11689,-1.4301016
11690,-1.4345597
11691,-1.4224751
11692,-1.387694
11693,-1.2666117
11694,-1.2750885
11695,-1.4791926
11696,-1.4904408
11697,-1.4300319
11698,-1.2381313
11699,-1.19832
11700,26.863155
11701,19.568382
11702,6.144601
11703,2.7004256
11704,-1.0429265
11705,-1.9102068
11706,12.477342
11707,10.780891
11708,22.526964
11709,18.042715
11710,73.569626
11711,47.085823
11712,75.53741
11713,32.73746
11714,31.362099
11715,40.455208
11716,37.04011
11717,34.10089
11718,108.08091
11719,110.76378
11720,173.80826
11721,198.85652
11722,99.44995
11723,132.0313
11724,154.16125
11725,260.56595
11726,260.46832
11727,233.05013
11728,200.39758
11729,97.3473
11730,107.81486
11731,137.04501
11732,188.94551
11733,127.91049
11734,145.59483
11735,98.4361
11736,104.8252
11737,144.87927
11738,131.74298
11739,120.34413
11740,138.59285
11741,67.35614
11742,68.32812
11743,43.743618
11744,73.74275
11745,89.58237
11746,62.49867
11747,21.461697
11748,-3.2141876
11749,-1.0571992
11750,-0.91873294
11751,-1.0342059
11752,-0.7682116
11753,-0.7537234
11754,-0.7537234
11755,-0.60003555
11756,116.15662
11757,201.6082
11758,334.7553
11759,416.19244
11760,421.37823
11761,271.60016
11762,230.99942
11763,47.459625
11764,67.63423
11765,131.05588
11766,111.92387
11767,96.64131
11768,42.871544
11769,48.65266
11770,58.34549
11771,57.170464
11772,96.72384
11773,94.904366
11774,82.26398
11775,94.87202
11776,138.78851
11777,147.69699
11778,125.38755
11779,164.37383
11780,187.67763
11781,179.6314
11782,221.23686
11783,166.79083
11784,261.69537
11785,438.29514
11786,364.45856
11787,331.04648
11788,423.2323
11789,503.0859
11790,465.35263
11791,471.2915
11792,563.41
11793,528.65466
11794,521.20087
11795,629.21295
11796,538.5443
11797,573.42834
11798,577.5653
11799,553.2163
11800,566.4893
11801,467.02567
11802,418.15616
11803,329.97647
11804,153.1172
11805,260.24707
11806,317.7876
11807,469.7644
11808,579.89655
11809,464.2293
11810,367.00122
11811,402.70868
11812,693.5134
11813,749.71234
11814,888.01526
11815,1015.9455
11816,578.4908
11817,222.36473
11818,24.498737
11819,54.53516
11820,131.65028
11821,97.474045
11822,101.855446
11823,124.714485
11824,119.60628
11825,133.63013
11826,153.18831
11827,107.8357
11828,81.21605
11829,68.15846
11830,72.05101
11831,67.532074
11832,64.46898
11833,123.7679
11834,165.71031
11835,151.05864
11836,94.82698
11837,84.79129
11838,92.74074
11839,79.72193
11840,108.56237
11841,105.64733
11842,131.77174
11843,174.45943
11844,185.98
11845,250.55447
11846,214.39168
11847,136.29465
11848,108.29812
11849,272.80734
11850,147.9586
11851,121.74158
11852,101.446625
11853,87.58455
11854,41.580505
11855,0.425831
11856,83.37681
11857,138.69344
11858,132.74814
11859,185.15933
11860,245.07608
11861,388.67056
11862,446.53696
11863,364.7732
11864,337.75726
11865,323.45078
11866,332.1055
11867,441.542
11868,303.58115
11869,395.5885
11870,394.10022
11871,255.62697
11872,657.4167
11873,950.24554
11874,815.4337
11875,742.08203
11876,868.80774
11877,793.76904
11878,851.9341
11879,605.55835
11880,621.0373
11881,699.41534
11882,939.2267
11883,799.02484
11884,1004.4398
11885,1169.7433
11886,1069.7728
11887,1251.3411
11888,1163.528
11889,1278.2635
11890,1243.4347
11891,1262.333
11892,1320.7744
11893,1041.5848
11894,1013.3929
11895,916.63574
11896,1038.2698
11897,1004.9935
11898,858.7527
11899,563.9644
11900,666.09424
11901,640.73737
11902,335.13544
11903,428.71136
11904,306.52914
11905,50.97026
11906,-0.33966178
11907,-2.0052042
11908,141.60718
11909,215.80133
11910,286.2861
11911,265.99677
11912,535.2443
11913,665.9161
11914,354.25906
11915,366.0346
11916,328.20648
11917,263.07117
11918,318.1442
11919,199.33293
11920,122.38795
11921,84.61202
11922,105.85636
11923,6.914406
11924,-0.8233781
11925,-0.79946804
11926,-1.8943384
11927,-1.0486598
11928,10.731828
11929,-2.254619
11930,-0.84918576
11931,-0.84965247
11932,-1.6719062
11933,-1.0010701
11934,-0.9961777
11935,-0.96265125
11936,-0.94971687
11937,-1.2670617
11938,111.02504
11939,115.146194
11940,156.07132
11941,166.89778
11942,134.82994
11943,35.539177
11944,119.90324
11945,49.35412
11946,59.2647
11947,105.23063
11948,59.826885
11949,48.180347
11950,28.887829
11951,241.25844
11952,335.6983
11953,248.28859
11954,358.34952
11955,322.30338
11956,87.593445
11957,162.46014
11958,138.30124
11959,72.324394
11960,71.041115
11961,127.128494
11962,61.717472
11963,133.54808
11964,308.91663
11965,326.11606
11966,326.8018
11967,232.93202
11968,340.34616
11969,336.13586
11970,179.9116
11971,72.15797
11972,35.40577
11973,33.202335
11974,18.421947
11975,90.03848
11976,207.44289
11977,137.97322
11978,171.5516
11979,207.19334
11980,137.1443
11981,99.70695
11982,105.79712
11983,105.96843
11984,213.34758
11985,202.2112
11986,192.89282
11987,202.9375
11988,170.03596
11989,275.7444
11990,333.60858
11991,448.74915
11992,469.692
11993,570.708
11994,542.08997
11995,500.7747
11996,690.81824
11997,368.30466
11998,414.4351
11999,642.6739
12000,768.55365
12001,732.0591
12002,950.6874
12003,845.42664
12004,1203.7166
12005,923.2108
12006,942.8754
12007,1213.1124
12008,893.5038
12009,632.71326
12010,836.8079
12011,611.893
12012,725.0101
12013,602.00586
12014,841.2611
12015,1352.2152
12016,1065.7125
12017,918.78455
12018,1036.0527
12019,880.3382
12020,736.2407
12021,675.90326
12022,969.6341
12023,881.48846
12024,1027.076
12025,1296.7587
12026,1037.7142
12027,745.89276
12028,570.2626
12029,313.91824
12030,360.2789
12031,341.52524
12032,219.82048
12033,54.950466
12034,137.80777
12035,230.77402
12036,377.34097
12037,605.9221
12038,571.23114
12039,1051.513
12040,1138.6796
12041,1067.4344
12042,1004.359
12043,1021.6693
12044,1038.2399
12045,992.0744
12046,1117.2714
12047,1118.5919
12048,1110.9047
12049,1080.5518
12050,1228.8353
12051,1148.724
12052,1145.9406
12053,1233.375
12054,1299.0189
12055,1298.8457
12056,1384.9833
12057,1659.5177
12058,1630.5997
12059,1427.0795
12060,1596.2332
12061,1185.7617
12062,1712.5171
12063,1700.13
12064,1652.1886
12065,1835.586
12066,1873.6566
12067,1832.0072
12068,1717.6235
12069,1388.9834
12070,1302.7623
12071,1268.7054
12072,1203.5088
12073,1319.4957
12074,1365.8815
12075,1277.9231
12076,1440.9595
12077,1175.748
12078,1101.5323
12079,1022.469
12080,1250.2256
12081,1415.3801
12082,1606.4813
12083,1599.9384
12084,1613.4447
12085,1775.4763
12086,1717.3071
12087,1804.3737
12088,1816.7332
12089,1811.4655
12090,1660.3955
12091,1644.1445
12092,1810.2302
12093,1639.2526
12094,1656.0812
12095,1691.6285
12096,1395.7463
12097,1397.3665
12098,1564.7705
12099,1563.9839
12100,1689.4305
12101,1681.7546
12102,1483.1505
12103,1483.56
12104,1409.5029
12105,1746.2117
12106,1726.2306
12107,1534.8169
12108,1535.6017
12109,1452.9623
12110,1402.7197
12111,1499.8683
12112,1832.84
12113,1838.5697
12114,1622.6176
12115,1399.6676
12116,1669.7147
12117,1799.7336
12118,1877.8835
12119,1910.6113
12120,1928.1154
12121,1938.8821
12122,1962.9125
12123,1952.5717
12124,1823.5994
12125,1841.0928
12126,1785.3314
12127,1798.3643
12128,1813.0068
12129,1847.7378
12130,1833.7103
12131,1810.8802
12132,1907.686
12133,1878.307
12134,1845.0929
12135,1748.9503
12136,1716.0087
12137,1623.9644
12138,1441.0249
12139,1704.0315
12140,1782.9071
12141,1613.161
12142,1460.8817
12143,1813.6182
12144,1746.9886
12145,1694.2573
12146,1829.8394
12147,1880.6715
12148,1885.4524
12149,1927.3802
12150,1903.2767
12151,1883.7872
12152,1898.9076
12153,1938.1127
12154,1893.4435
12155,1938.8463
12156,1943.1746
12157,1900.7906
12158,1898.2692
12159,1910.1598
12160,1778.1426
12161,1673.4932
12162,1888.112
12163,1770.1176
12164,1724.9712
12165,1767.3368
12166,1912.8293
12167,1872.8489
12168,1900.216
12169,1786.5646
12170,1887.0819
12171,1886.7151
12172,1842.1715
12173,1644.4957
12174,1393.9357
12175,1327.4388
12176,1539.4275
12177,1680.2812
12178,1751.316
12179,1740.1403
12180,1682.9734
12181,1624.6199
12182,1757.5247
12183,1749.4304
12184,1807.1172
12185,1784.7437
12186,1798.7035
12187,1797.2946
12188,1800.3016
12189,1772.9142
12190,1693.5105
12191,1459.8331
12192,1032.1405
12193,985.22925
12194,754.51575
12195,663.28284
12196,585.6685
12197,372.04285
12198,349.09583
12199,294.00696
12200,363.14615
12201,336.32993
12202,422.4545
12203,389.46072
12204,118.64506
12205,93.76207
12206,135.9834
12207,298.89658
12208,259.60468
12209,305.40167
12210,434.0339
12211,572.1434
12212,546.0107
12213,477.8471
12214,500.7834
12215,462.19348
12216,414.8597
12217,492.72046
12218,426.11322
12219,433.72574
12220,404.54434
12221,493.77966
12222,266.07404
12223,467.40826
12224,130.83139
12225,513.14777
12226,154.54263
12227,72.58502
12228,105.88496
12229,131.10333
12230,153.42613
12231,258.2883
12232,274.82477
12233,239.57454
12234,178.53569
12235,177.93594
12236,159.6708
12237,134.78862
12238,102.045784
12239,47.3453
12240,44.493317
12241,71.91867
12242,111.89806
12243,86.75853
12244,96.41098
12245,52.213234
12246,52.19605
12247,95.67645
12248,76.897514
12249,37.865555
12250,12.3278055
12251,11.667392
12252,36.569286
12253,38.135647
12254,18.033482
12255,82.78401
12256,55.635136
12257,35.10473
12258,44.351204
12259,56.743244
12260,98.32644
12261,50.15005
12262,32.944515
12263,18.934156
12264,30.276142
12265,20.760836
12266,32.073883
12267,7.083078
12268,-0.99266374
12269,-0.9519268
12270,-1.3748248
12271,5.1476417
12272,-0.9632459
12273,-0.856136
12274,-0.4823926
12275,45.62346
12276,42.78669
12277,4.8809032
12278,75.316864
12279,156.01125
12280,59.042377
12281,39.636402
12282,-2.186085
12283,-1.6415749
12284,-1.5094595
12285,-1.6886282
12286,-1.4208081
12287,-1.4212654
12288,-1.1480012
12289,39.035877
12290,21.107431
12291,-0.9896941
12292,-1.2454244
12293,-1.2367107
12294,-1.2206594
12295,10.338211
12296,6.5797133
12297,-1.0818883
12298,-1.0649354
12299,-1.030185
12300,6.630522
12301,90.76613
12302,141.50702
12303,77.71084
12304,101.66041
12305,31.836601
12306,82.32161
12307,78.37434
12308,63.462887
12309,26.72257
12310,24.204824
12311,34.860306
12312,67.69467
12313,159.97699
12314,221.50111
12315,267.32547
12316,222.7043
12317,125.705086
12318,110.89025
12319,95.38182
12320,136.95978
12321,219.0089
12322,290.00385
12323,394.02542
12324,415.76654
12325,461.77435
12326,398.0918
12327,353.50955
12328,372.26434
12329,351.4175
12330,264.58096
12331,165.10953
12332,95.545525
12333,82.366646
12334,21.802895
12335,-2.0778573
12336,-1.0354629
12337,-1.0307727
12338,5.742684
12339,130.91425
12340,84.1015
12341,124.32914
12342,44.336258
12343,-1.6719507
12344,-1.091495
12345,-1.0603051
12346,16.751059
12347,19.126957
12348,10.359792
12349,-4.908293
12350,-4.088534
12351,-4.159804
12352,5.647306
12353,15.904562
12354,14.799238
12355,7.863121
12356,-2.859007
12357,-2.147112
12358,74.57016
12359,69.80435
12360,24.149157
12361,13.925306
12362,-5.32612
12363,5.0085745
12364,9.350495
12365,6.0313563
12366,34.395027
12367,60.454018
12368,59.16961
12369,56.949474
12370,62.8594
12371,72.014404
12372,90.26609
12373,82.87369
12374,121.76977
12375,171.60495
12376,88.237724
12377,68.643234
12378,68.31838
12379,86.52667
12380,69.053986
12381,52.78562
12382,94.89441
12383,92.12367
12384,173.99785
12385,248.90637
12386,362.90018
12387,349.98236
12388,330.59976
12389,145.17256
12390,145.51114
12391,175.235
12392,158.58162
12393,152.78165
12394,105.74277
12395,121.482285
12396,123.744865
12397,108.59303
12398,153.28558
12399,178.43031
12400,109.5013
12401,65.168686
12402,71.58905
12403,83.004
12404,42.64704
12405,47.649338
12406,46.269215
12407,47.713387
12408,58.23719
12409,117.62649
12410,80.79132
12411,87.051636
12412,126.96011
12413,164.55061
12414,167.11073
12415,157.16017
12416,82.0813
12417,52.49066
12418,15.676409
12419,0.011488699
12420,43.860027
12421,1.3453095
12422,-0.88967216
12423,73.79174
12424,85.76091
12425,107.34039
12426,140.09654
12427,142.66978
12428,150.44264
12429,155.8931
12430,222.12889
12431,154.65056
12432,231.62605
12433,96.40111
12434,71.46825
12435,53.904495
12436,140.50258
12437,239.46106
12438,167.697
12439,77.15887
12440,210.8024
12441,155.28015
12442,238.75705
12443,213.23462
12444,179.85764
12445,82.64467
12446,49.678555
12447,162.85828
12448,314.42123
12449,178.10727
12450,106.30315
12451,11.793992
12452,57.05071
12453,107.69218
12454,211.76143
12455,204.93462
12456,176.2599
12457,144.97914
12458,114.211334
12459,128.35349
12460,93.34866
12461,98.89256
12462,163.15758
12463,247.00621
12464,269.02582
12465,408.34445
12466,384.28665
12467,317.82562
12468,298.73172
12469,274.80267
12470,282.49396
12471,251.48706
12472,224.96304
12473,257.0156
12474,284.9563
12475,260.82233
12476,245.27505
12477,278.4278
12478,309.17538
12479,274.1604
12480,363.67957
12481,482.1551
12482,411.60547
12483,336.3304
12484,369.47763
12485,398.71844
12486,657.34766
12487,764.7995
12488,774.14636
12489,696.1098
12490,750.9868
12491,454.12762
12492,330.16425
12493,397.01633
12494,518.0894
12495,509.23636
12496,528.5702
12497,510.6739
12498,499.53796
12499,311.3888
12500,345.43335
12501,344.5669
12502,392.90686
12503,386.23846
12504,232.51337
12505,185.76068
12506,212.4952
12507,128.82127
12508,139.00809
12509,117.8295
12510,91.07323
12511,101.69625
12512,85.11858
12513,115.41114
12514,151.40428
12515,169.08965
12516,212.2632
12517,231.65483
12518,177.8875
12519,138.38863
12520,117.79755
12521,110.59551
12522,146.79248
12523,170.28441
12524,188.5196
12525,172.99261
12526,290.36176
12527,297.86224
12528,257.62164
12529,236.75009
12530,222.44333
12531,186.01523
12532,145.93123
12533,131.086
12534,110.65909
12535,47.446823
12536,89.62328
12537,145.76381
12538,111.07239
12539,92.57368
12540,130.98697
12541,93.93492
12542,75.79058
12543,100.58603
12544,92.526146
12545,47.334206
12546,-1.8596232
12547,-1.2300149
12548,-1.142792
12549,-1.1372997
12550,-0.95419955
12551,-0.8857338
12552,-0.8854035
12553,-1.0416108
12554,-1.0344708
12555,-0.11816316
12556,27.49349
12557,84.927864
12558,134.56882
12559,145.56378
12560,75.29991
12561,17.355003
12562,114.265945
12563,118.226105
12564,82.26074
12565,131.00832
12566,147.03317
12567,151.51659
12568,91.55331
12569,13.208338
12570,0.49654156
12571,84.37741
12572,304.8253
12573,194.55008
12574,235.52214
12575,171.72575
12576,152.89998
12577,191.6444
12578,242.053
12579,116.963844
12580,79.02126
12581,38.37527
12582,185.69984
12583,206.04143
12584,213.08058
12585,230.77763
12586,196.40826
12587,329.36478
12588,405.55423
12589,456.83737
12590,362.09015
12591,462.28552
12592,302.16617
12593,148.11688
12594,145.49709
12595,127.72709
12596,226.99356
12597,292.79816
12598,206.44672
12599,235.79309
12600,336.7958
12601,376.7756
12602,448.34003
12603,505.417
12604,400.7544
12605,452.6996
12606,334.66852
12607,446.7534
12608,486.9421
12609,557.68787
12610,489.12994
12611,398.40784
12612,688.52765
12613,660.173
12614,633.3319
12615,664.2817
12616,581.20886
12617,605.84607
12618,598.4876
12619,730.1005
12620,761.02966
12621,712.6157
12622,575.7582
12623,512.5321
12624,539.08356
12625,533.07227
12626,512.87555
12627,470.4084
12628,450.39618
12629,420.8055
12630,322.93182
12631,277.8187
12632,233.17805
12633,238.0724
12634,240.59341
12635,225.22975
12636,211.02737
12637,209.98882
12638,238.14804
12639,240.52518
12640,272.39026
12641,260.23706
12642,220.8921
12643,154.00328
12644,138.7449
12645,155.39333
12646,205.3722
12647,171.78345
12648,190.64426
12649,196.43593
12650,179.88763
12651,170.7724
12652,162.68393
12653,141.7733
12654,153.20253
12655,151.6016
12656,160.60591
12657,208.1753
12658,176.22435
12659,153.33235
12660,207.4187
12661,205.01062
12662,172.81773
12663,195.20749
12664,186.84758
12665,289.99292
12666,231.57834
12667,181.56268
12668,159.69228
12669,175.26527
12670,160.41917
12671,121.9967
12672,127.03338
12673,119.25256
12674,114.61468
12675,90.29451
12676,65.8595
12677,27.18886
12678,7.7937365
12679,-2.3360898
12680,-1.6514568
12681,-1.3041389
12682,-1.7949667
12683,-1.1047455
12684,-0.9230537
12685,-0.89650196
12686,-0.89138955
12687,-1.1467057
12688,42.26222
12689,49.028927
12690,66.928314
12691,89.56686
12692,115.67422
12693,187.97725
12694,125.45637
12695,170.74948
12696,87.20715
12697,74.964096
12698,12.584405
12699,56.684143
12700,128.30167
12701,126.498955
12702,85.08887
12703,99.33798
12704,98.9342
12705,51.607304
12706,54.277714
12707,153.29832
12708,5.857673
12709,84.26927
12710,53.613163
12711,20.419985
12712,107.177956
12713,-0.77443194
12714,116.120285
12715,12.913897
12716,21.18795
12717,27.76117
12718,21.958652
12719,2.673995
12720,-0.9563246
12721,14.990841
12722,-1.6624514
12723,7.618086
12724,24.685423
12725,5.773936
12726,-2.2539546
12727,-0.85953856
12728,-1.6760737
12729,-0.89236397
12730,-0.8407274
12731,-1.6539041
12732,-0.9051742
12733,-0.8871312
12734,-0.9708645
12735,-0.9556239
12736,-0.97437954
12737,-0.97491264
12738,-0.9232419
12739,-0.89191794
12740,-0.9635412
12741,-0.9632459
12742,-0.8611898
12743,-0.7732174
12744,-0.9465356
12745,-0.89717984
12746,-0.9251116
12747,-0.7931767
12748,-0.9357944
12749,-0.9790348
12750,-0.99307835
12751,-1.0002489
12752,-1.0155631
12753,9.07078
12754,60.22519
12755,40.45346
12756,28.205414
12757,-2.553959
12758,5.112364
12759,15.923348
12760,-6.135095
12761,9.276379
12762,10.275198
12763,62.605885
12764,59.22112
12765,68.688896
12766,59.74731
12767,64.02362
12768,48.899147
12769,47.278423
12770,28.540167
12771,61.62968
12772,95.40587
12773,95.28922
12774,106.61913
12775,77.007576
12776,74.99407
12777,103.70812
12778,64.32808
12779,72.04269
12780,95.03712
12781,74.98922
12782,79.27974
12783,122.46122
12784,107.28484
12785,54.418034
12786,83.22608
12787,87.01248
12788,57.26776
12789,69.12785
12790,61.874287
12791,96.29137
12792,74.81882
12793,127.56212
12794,72.46315
12795,73.7088
12796,52.774952
12797,31.174362
12798,22.492262
12799,-0.6176531
12800,0.15189049
12801,10.227466
12802,77.82818
12803,114.03432
12804,160.52933
12805,209.61214
12806,258.72876
12807,255.15048
12808,262.36865
12809,175.57991
12810,126.17712
12811,181.00368
12812,180.78015
12813,138.34685
12814,140.24704
12815,160.22977
12816,168.4294
12817,165.50084
12818,135.24605
12819,175.87706
12820,121.15109
12821,93.80586
12822,97.77095
12823,84.610695
12824,19.135757
12825,-0.88861275
12826,-0.93849313
12827,14.160642
12828,83.847145
12829,176.88547
12830,82.90829
12831,88.90467
12832,27.111582
12833,21.851437
12834,59.22718
12835,28.19587
12836,119.59961
12837,114.206345
12838,95.51481
12839,175.87862
12840,325.91013
12841,280.2467
12842,200.00172
12843,114.75927
12844,195.68912
12845,157.04929
12846,143.60934
12847,78.88697
12848,96.1885
12849,2.3739407
12850,57.862324
12851,59.314495
12852,79.6989
12853,22.92029
12854,51.105206
12855,9.761306
12856,47.538635
12857,2.5085335
12858,-0.97831506
12859,-1.0854138
12860,-1.1817856
12861,-1.1224406
12862,-1.1270144
12863,-1.919605
12864,14.590892
12865,3.1970053
12866,-0.99946797
12867,53.84422
12868,107.031105
12869,34.126003
12870,30.179623
12871,11.277152
12872,27.913057
12873,56.113388
12874,63.537666
12875,17.202095
12876,76.94582
12877,53.006092
12878,14.609276
12879,21.980688
12880,24.65931
12881,42.49288
12882,31.762074
12883,10.381
12884,17.29555
12885,26.09893
12886,48.43249
12887,56.664967
12888,60.01115
12889,126.25607
12890,146.69139
12891,134.23814
12892,175.04121
12893,266.5918
12894,232.94423
12895,180.36588
12896,153.87534
12897,186.4248
12898,209.77104
12899,180.92851
12900,172.07005
12901,128.901
12902,228.31491
12903,221.49051
12904,220.05281
12905,169.36311
12906,152.79361
12907,137.56294
12908,186.13359
12909,170.52617
12910,277.19128
12911,313.4649
12912,332.76746
12913,481.3219
12914,513.6544
12915,527.0976
12916,639.34204
12917,749.59784
12918,929.4388
12919,1082.7031
12920,1177.4337
12921,1140.295
12922,1168.766
12923,1065.1449
12924,932.3022
12925,1025.7438
12926,851.29333
12927,780.1761
12928,923.9764
12929,1032.3418
12930,984.11554
12931,888.7221
12932,645.9925
12933,609.0038
12934,566.3978
12935,550.7471
12936,569.12933
12937,558.2242
12938,383.28027
12939,282.2519
12940,397.56125
12941,494.25177
12942,735.9875
12943,623.68866
12944,615.6269
12945,1076.8379
12946,908.7733
12947,1120.2268
12948,907.79
12949,968.50446
12950,1198.0049
12951,1428.1595
12952,1354.8322
12953,1180.4434
12954,1313.8159
12955,1050.4698
12956,1081.2756
12957,898.2263
12958,759.4362
12959,582.98737
12960,715.2178
12961,318.31653
12962,410.07596
12963,434.47128
12964,570.0574
12965,390.22998
12966,380.03543
12967,584.69055
12968,405.63556
12969,596.8394
12970,563.79974
12971,530.0913
12972,567.67224
12973,612.03375
12974,609.0532
12975,682.68976
12976,407.1125
12977,319.5392
12978,404.04752
12979,298.44348
12980,271.76364
12981,410.39322
12982,411.4717
12983,312.56006
12984,452.2954
12985,447.11996
12986,370.17902
12987,546.132
12988,280.4869
12989,438.22235
12990,131.51154
12991,206.88588
12992,440.21133
12993,169.94247
12994,210.55824
12995,233.84776
12996,255.25613
12997,396.99765
12998,329.8505
12999,97.45946
13000,203.68779
13001,270.20383
13002,175.89995
13003,188.86627
13004,270.57507
13005,365.4196
13006,266.3
13007,394.19162
13008,421.469
13009,197.02109
13010,420.7574
13011,515.09174
13012,419.00912
13013,315.76804
13014,440.08942
13015,606.0882
13016,588.6512
13017,728.61584
13018,321.8627
13019,319.11755
13020,200.4819
13021,190.97353
13022,89.952515
13023,48.068024
13024,33.21944
13025,25.281107
13026,52.784718
13027,73.53936
13028,102.60144
13029,166.18585
13030,167.95116
13031,69.38801
13032,58.49039
13033,66.89981
13034,85.85268
13035,124.46337
13036,210.06505
13037,162.38475
13038,151.96587
13039,109.43719
13040,79.84617
13041,100.2257
13042,151.99078
13043,121.3817
13044,93.01912
13045,100.85935
13046,177.92323
13047,253.7532
13048,320.07843
13049,311.92593
13050,294.90274
13051,362.9089
13052,350.58823
13053,269.89725
13054,235.88441
13055,270.93613
13056,212.20192
13057,84.51855
13058,30.63499
13059,68.69137
13060,-3.987161
13061,-1.606664
13062,-1.8354605
13063,6.0744195
13064,107.65993
13065,85.67981
13066,3.166471
13067,22.8996
13068,38.753246
13069,18.397995
13070,-4.0631166
13071,-2.516498
13072,-2.8026462
13073,-5.328226
13074,-5.3586626
13075,-4.5885086
13076,22.636496
13077,23.605295
13078,-3.0884612
13079,-4.1755347
13080,-1.5636935
13081,-1.5681336
13082,-1.4100881
13083,-1.1256577
13084,-1.0345656
13085,-1.0065151
13086,-1.1055142
13087,-1.1015224
13088,-1.0504369
13089,-0.98562235
13090,-1.1138535
13091,-1.0009592
13092,-1.0542879
13093,-3.1666548
13094,-3.2755685
13095,-0.9669377
13096,-0.96374494
13097,-0.96374494
13098,-0.96374494
13099,-0.9692959
13100,-0.98799044
13101,-1.0637393
13102,-1.1813868
13103,-0.9469253
13104,-1.0683444
13105,6.3509746
13106,6.3706927
13107,44.586987
13108,188.55971
13109,421.58975
13110,152.10925
13111,40.23931
13112,-3.2837167
13113,-1.0952684
13114,20.316833
13115,14.296201
13116,24.276913
13117,56.74437
13118,59.816753
13119,106.77124
13120,270.45593
13121,164.42804
13122,175.1287
13123,164.91249
13124,159.33522
13125,128.89363
13126,165.25734
13127,285.47473
13128,421.32346
13129,718.41144
13130,657.6633
13131,433.8031
13132,123.22914
13133,31.64027
13134,183.55162
13135,182.71397
13136,81.6268
13137,56.648712
13138,48.269764
13139,67.33144
13140,24.499113
13141,14.963786
13142,1.9210154
13143,-1.2828012
13144,-1.1049325
13145,-1.0473014
13146,-0.8915765
13147,-1.056873
13148,-1.0586407
13149,11.930502
13150,52.632767
13151,8.108218
13152,43.618088
13153,130.50894
13154,126.6897
13155,101.21153
13156,56.78024
13157,78.36659
13158,77.518845
13159,-3.3182046
13160,-0.9151145
13161,-0.9192817
13162,-0.95416
13163,-1.4257499
13164,15.62462
13165,-1.0715506
13166,-1.0886602
13167,-1.06605
13168,-0.9348459
13169,-1.0349864
13170,-0.9252761
13171,-0.9767699
13172,-0.9252906
13173,-0.93145627
13174,-0.9387738
13175,-0.82215494
13176,-0.8191183
13177,-0.8320018
13178,-0.8146754
13179,-0.9167085
13180,-0.9285035
13181,-0.86392426
13182,-0.8240799
13183,-0.8445104
13184,-0.8360951
13185,-1.0334817
13186,-1.0452422
13187,-1.6576792
13188,-1.0269825
13189,-0.99987173
13190,-1.6535774
13191,15.997671
13192,69.54295
13193,58.218975
13194,42.531673
13195,43.33322
13196,29.096329
13197,57.179512
13198,70.379364
13199,96.25554
13200,120.59984
13201,96.60805
13202,64.17179
13203,32.272564
13204,44.34851
13205,39.867283
13206,48.954334
13207,16.007713
13208,-3.2337797
13209,0.36001748
13210,-6.035641
13211,-6.2522774
13212,-6.012554
13213,-1.3283283
13214,-1.6396096
13215,-1.1171489
13216,-1.0929656
13217,-1.0507288
13218,-1.0908492
13219,-1.0087519
13220,-1.0972362
13221,-1.0824345
13222,-1.1410027
13223,-1.9220058
13224,-0.99270326
13225,-0.9830839
13226,63.819233
13227,88.27863
13228,28.352922
13229,-2.591519
13230,-2.0769255
13231,-1.1362134
13232,-1.1255336
13233,-1.0589677
13234,-1.113147
13235,-1.1549946
13236,-1.1114744
13237,-1.091252
13238,-1.1177952
13239,-1.0630269
13240,-1.0918534
13241,-1.1520725
13242,-1.1798694
13243,-1.2312828
13244,-1.2226313
13245,-1.1720109
13246,-1.1347672
13247,-1.1878929
13248,-2.0485787
13249,-1.0827862
13250,32.90375
13251,65.471176
13252,111.62139
13253,108.85475
13254,33.430668
13255,53.239746
13256,17.95211
13257,8.2913065
13258,-2.771298
13259,-0.7494467
13260,-0.74545777
13261,-0.9682213
13262,-1.0281432
13263,-1.0435499
13264,-1.7825198
13265,-0.8754806
13266,-0.8638618
13267,-0.8551868
13268,-0.68767244
13269,37.232384
13270,99.273
13271,40.467068
13272,44.062794
13273,49.00916
13274,56.564304
13275,35.503433
13276,-1.4973007
13277,7.6306205
13278,28.476349
13279,38.90419
13280,58.816113
13281,57.400845
13282,97.368866
13283,56.441322
13284,42.48645
13285,145.4885
13286,111.621
13287,163.03557
13288,185.64247
13289,194.9656
13290,211.99432
13291,274.32455
13292,206.35562
13293,154.82085
13294,246.37479
13295,348.02982
13296,257.1147
13297,234.09116
13298,304.99966
13299,436.9575
13300,313.7696
13301,140.58157
13302,296.04672
13303,429.10492
13304,403.8158
13305,364.26865
13306,272.50885
13307,356.9412
13308,441.98642
13309,377.67947
13310,182.10475
13311,197.45178
13312,213.38954
13313,163.15103
13314,183.78964
13315,224.50328
13316,132.12054
13317,174.65805
13318,178.07071
13319,194.82994
13320,94.90019
13321,84.71837
13322,169.77243
13323,260.13068
13324,345.8346
13325,357.6034
13326,297.02133
13327,333.7579
13328,358.25626
13329,465.69272
13330,646.6405
13331,700.7791
13332,771.6352
13333,742.6894
13334,719.6869
13335,852.81995
13336,810.1173
13337,748.52795
13338,839.8251
13339,722.63184
13340,593.5929
13341,538.3112
13342,583.0807
13343,564.599
13344,581.2346
13345,671.6901
13346,750.251
13347,746.2737
13348,688.6818
13349,714.126
13350,610.07855
13351,585.7055
13352,571.4336
13353,713.93536
13354,704.3518
13355,876.51526
13356,753.43
13357,672.76117
13358,755.6547
13359,708.63354
13360,587.5731
13361,577.0247
13362,505.18866
13363,614.1249
13364,431.91678
13365,408.42868
13366,428.67065
13367,324.00296
13368,293.9185
13369,343.1897
13370,378.66684
13371,282.93747
13372,327.58517
13373,309.6218
13374,326.17365
13375,318.8411
13376,353.9613
13377,418.77048
13378,467.797
13379,387.3853
13380,245.52888
13381,203.09789
13382,241.75037
13383,314.46954
13384,340.76447
13385,274.0863
13386,273.63742
13387,248.78317
13388,258.60196
13389,249.32758
13390,259.21692
13391,243.80284
13392,212.9173
13393,273.94156
13394,280.75043
13395,231.39377
13396,200.37999
13397,106.04612
13398,78.41558
13399,58.224155
13400,97.685974
13401,115.212074
13402,142.37709
13403,87.910835
13404,60.990288
13405,99.8222
13406,85.7087
13407,73.23328
13408,81.165474
13409,101.51622
13410,82.660545
13411,56.81814
13412,31.055395
13413,41.837265
13414,55.874203
13415,54.245003
13416,58.42464
13417,80.578636
13418,60.172173
13419,54.950375
13420,103.16016
13421,64.5513
13422,111.40284
13423,95.57846
13424,145.51218
13425,69.71894
13426,89.55445
13427,31.106943
13428,77.79028
13429,165.51991
13430,87.30178
13431,41.533382
13432,74.65233
13433,191.18954
13434,178.48347
13435,95.183044
13436,22.082932
13437,-1.7705007
13438,218.33885
13439,130.25932
13440,43.2073
13441,47.91221
13442,37.55666
13443,98.66163
13444,372.5695
13445,263.40753
13446,116.82547
13447,66.92878
13448,44.549698
13449,169.18103
13450,164.43715
13451,82.03679
13452,73.00891
13453,108.074814
13454,119.9257
13455,161.74086
13456,143.43454
13457,168.03603
13458,125.46752
13459,93.46787
13460,95.95008
13461,71.29721
13462,71.24554
13463,93.05336
13464,187.69649
13465,221.17726
13466,264.9155
13467,258.37054
13468,241.28987
13469,250.74199
13470,230.5199
13471,292.98587
13472,280.22348
13473,240.48082
13474,206.03838
13475,194.74538
13476,189.5223
13477,102.28261
13478,122.521225
13479,500.9397
13480,1035.2329
13481,1225.7153
13482,1189.2695
13483,1180.3157
13484,1034.7554
13485,1044.8407
13486,1128.1705
13487,987.9824
13488,899.1398
13489,772.0588
13490,746.2855
13491,674.157
13492,641.5947
13493,562.13257
13494,457.8513
13495,439.32135
13496,456.4172
13497,335.31702
13498,310.05466
13499,237.68999
13500,154.886
13501,110.56392
13502,66.06045
13503,69.59928
13504,103.98531
13505,124.840385
13506,110.64459
13507,123.97578
13508,187.88458
13509,271.1111
13510,285.80765
13511,303.0642
13512,350.87598
13513,319.29504
13514,207.98685
13515,195.432
13516,194.59515
13517,234.32784
13518,252.10915
13519,174.55208
13520,196.91164
13521,193.97966
13522,190.58423
13523,254.04805
13524,323.11145
13525,194.9356
13526,137.70616
13527,106.74907
13528,113.67729
13529,107.36524
13530,144.77051
13531,130.79129
13532,46.04138
13533,49.14533
13534,58.270157
13535,66.25764
13536,90.47152
13537,159.43317
13538,178.96176
13539,128.92093
13540,31.036943
13541,3.3440423
13542,-2.1764622
13543,-1.8150887
13544,-1.8519758
13545,33.06097
13546,105.94353
13547,187.61258
13548,250.86131
13549,142.6573
13550,270.89447
13551,208.80846
13552,239.07617
13553,198.74959
13554,325.67584
13555,371.01898
13556,359.04077
13557,408.15744
13558,259.85294
13559,101.93789
13560,38.259186
13561,138.51698
13562,319.37045
13563,404.10303
13564,197.12294
13565,123.985855
13566,123.632034
13567,91.63877
13568,155.79613
13569,267.2643
13570,249.76143
13571,257.74646
13572,230.29439
13573,146.70396
13574,100.4439
13575,191.26028
13576,201.35976
13577,144.38284
13578,99.36515
13579,162.06752
13580,194.19357
13581,297.2857
13582,331.91287
13583,313.25797
13584,485.48563
13585,273.3533
13586,220.08916
13587,136.82764
13588,30.043802
13589,21.657991
13590,137.24788
13591,123.078064
13592,28.637625
13593,83.80932
13594,219.57544
13595,165.65295
13596,87.65295
13597,22.046333
13598,32.369198
13599,27.43787
13600,33.38799
13601,3.5277383
13602,-0.7730105
13603,21.60363
13604,106.625015
13605,72.25897
13606,140.3336
13607,209.74712
13608,170.49313
13609,121.24657
13610,118.46452
13611,130.85779
13612,159.56099
13613,208.59975
13614,195.12006
13615,186.41264
13616,172.789
13617,185.78847
13618,119.81862
13619,121.397606
13620,84.80788
13621,89.10209
13622,87.53156
13623,120.371895
13624,133.06677
13625,261.57422
13626,465.2142
13627,518.3362
13628,582.518
13629,626.70215
13630,597.447
13631,516.03064
13632,574.0073
13633,574.50916
13634,599.571
13635,627.9339
13636,560.95667
13637,481.3562
13638,463.7413
13639,478.14185
13640,494.62625
13641,485.81244
13642,447.83173
13643,444.8709
13644,507.89774
13645,413.25964
13646,282.0698
13647,319.3133
13648,382.2597
13649,491.00684
13650,475.69348
13651,503.66803
13652,557.3668
13653,529.3556
13654,706.139
13655,548.7926
13656,461.15402
13657,599.4875
13658,587.8338
13659,443.4296
13660,554.5498
13661,484.43494
13662,355.77325
13663,334.9579
13664,428.12704
13665,319.18054
13666,187.75365
13667,328.06866
13668,437.773
13669,398.49945
13670,344.45697
13671,360.33896
13672,391.8473
13673,431.8215
13674,450.83817
13675,479.0162
13676,572.76685
13677,507.66174
13678,546.89246
13679,654.9192
13680,593.16766
13681,593.67175
13682,564.3261
13683,465.5225
13684,315.852
13685,228.83443
13686,312.36646
13687,288.4792
13688,247.12506
13689,259.09308
13690,220.84268
13691,142.75847
13692,162.14647
13693,109.07565
13694,65.898445
13695,24.493921
13696,83.679436
13697,199.4481
13698,181.01837
13699,221.89337
13700,118.76878
13701,135.92407
13702,210.56544
13703,149.30899
13704,192.2654
13705,149.38846
13706,186.06683
13707,118.300064
13708,99.590866
13709,111.88275
13710,71.36778
13711,127.41647
13712,194.39833
13713,139.86166
13714,225.55403
13715,207.18892
13716,231.62415
13717,213.18648
13718,353.83923
13719,523.91815
13720,150.91046
13721,168.32042
13722,201.51627
13723,192.02687
13724,147.4543
13725,266.37192
13726,109.29849
13727,134.25294
13728,268.36166
13729,405.5598
13730,241.46863
13731,198.77832
13732,217.63466
13733,294.3827
13734,325.72522
13735,227.79468
13736,364.2786
13737,324.13358
13738,347.85004
13739,419.38812
13740,418.3048
13741,342.29886
13742,288.58072
13743,492.41992
13744,573.62573
13745,334.02353
13746,532.4037
13747,305.74475
13748,332.30878
13749,263.2327
13750,371.47006
13751,219.65297
13752,181.40833
13753,151.72835
13754,256.4121
13755,424.447
13756,376.62024
13757,344.0566
13758,409.909
13759,326.31564
13760,350.95947
13761,277.7165
13762,340.1519
13763,315.27414
13764,277.65067
13765,350.00418
13766,304.66376
13767,250.14296
13768,273.99463
13769,424.72812
13770,427.43326
13771,469.87726
13772,411.67258
13773,330.88846
13774,238.65471
13775,469.95477
13776,503.98428
13777,173.23558
13778,182.32123
13779,194.66824
13780,244.89447
13781,225.61284
13782,349.2636
13783,447.5766
13784,432.32446
13785,444.09506
13786,521.6505
13787,578.0519
13788,844.7032
13789,755.6617
13790,556.9855
13791,499.1088
13792,579.62244
13793,654.2691
13794,624.06714
13795,438.9229
13796,403.70932
13797,400.43988
13798,427.26852
13799,554.77496
13800,757.6331
13801,775.4134
13802,713.4765
13803,751.9985
13804,842.3328
13805,726.0907
13806,861.5759
13807,898.2425
13808,682.61115
13809,773.20416
13810,563.6029
13811,465.66672
13812,404.24835
13813,280.33896
13814,364.55734
13815,375.89172
13816,401.32568
13817,410.00037
13818,532.0784
13819,534.6735
13820,354.3
13821,244.10799
13822,42.556843
13823,311.5988
13824,436.44556
13825,346.13763
13826,642.5649
13827,724.2195
13828,810.87897
13829,642.1697
13830,619.35626
13831,458.91223
13832,426.90244
13833,453.46164
13834,476.0648
13835,361.18243
13836,344.89868
13837,349.95682
13838,462.43625
13839,512.97327
13840,387.70102
13841,429.62567
13842,336.43176
13843,269.83084
13844,388.11023
13845,520.83203
13846,484.9287
13847,514.86774
13848,550.43896
13849,438.59134
13850,567.0318
13851,315.24936
13852,483.61633
13853,247.00139
13854,269.14447
13855,262.05942
13856,372.48663
13857,227.84508
13858,282.40192
13859,317.29926
13860,328.923
13861,343.03253
13862,418.53278
13863,463.31955
13864,504.29675
13865,708.442
13866,575.1088
13867,543.3678
13868,510.10623
13869,587.18896
13870,689.3135
13871,438.76218
13872,527.5049
13873,356.72098
13874,490.95233
13875,402.71542
13876,287.79416
13877,406.89383
13878,287.7526
13879,406.28867
13880,262.03397
13881,302.44308
13882,314.09015
13883,186.14723
13884,309.19977
13885,369.31573
13886,410.11655
13887,415.39993
13888,375.28326
13889,335.08258
13890,271.24905
13891,238.61472
13892,224.7853
13893,234.30391
13894,157.50081
13895,144.71074
13896,199.966
13897,263.4144
13898,254.22179
13899,223.68446
13900,242.86133
13901,224.86841
13902,259.06064
13903,303.54883
13904,404.40256
13905,438.56967
13906,489.93442
13907,443.7023
13908,398.62088
13909,448.83685
13910,433.0463
13911,343.7535
13912,339.26062
13913,305.34253
13914,305.15463
13915,332.22867
13916,334.16238
13917,301.8656
13918,329.34128
13919,378.3361
13920,492.97217
13921,573.4357
13922,458.35083
13923,477.23434
13924,540.6176
13925,541.8536
13926,533.65015
13927,464.38712
13928,428.80325
13929,385.20438
13930,381.43457
13931,421.04752
13932,407.35095
13933,391.3799
13934,326.58856
13935,357.78812
13936,368.22473
13937,331.7357
13938,381.49734
13939,385.4481
13940,336.28094
13941,218.11707
13942,210.14908
13943,288.0275
13944,314.17554
13945,272.01718
13946,238.75455
13947,218.7294
13948,214.37825
13949,263.49454
13950,279.76514
13951,281.97244
13952,281.70435
13953,263.5153
13954,257.51334
13955,223.42516
13956,203.17253
13957,157.81223
13958,128.85677
13959,114.24483
13960,85.88484
13961,54.326626
13962,61.140682
13963,78.136055
13964,56.30086
13965,45.118217
13966,44.305584
13967,20.743479
13968,-2.4907997
13969,-0.49501178
13970,-0.39247605
13971,-1.2303115
13972,-1.2284559
13973,-2.6584327
13974,-1.9025973
13975,-1.4276365
13976,-2.108334
13977,-1.3978395
13978,-1.4037522
13979,0.3615172
13980,-1.0765799
13981,-1.8276573
13982,-1.3596234
13983,-0.4403557
13984,-1.4784243
13985,-1.6077611
13986,-1.1941622
13987,-1.33589
13988,-1.2011787
13989,14.305255
13990,3.2061975
13991,-1.6738665
13992,-1.6297237
13993,-1.0333736
13994,-1.7612513
13995,-0.95801467
13996,-0.9698023
13997,-1.0273545
13998,-1.0372558
13999,-0.8861583
14000,-0.955368
14001,-0.9033034
14002,-0.9460059
14003,-0.8867789
14004,55.424118
14005,45.951958
14006,27.186031
14007,7.4218693
14008,64.12066
14009,112.789246
14010,56.378326
14011,39.50793
14012,3.5235157
14013,10.97897
14014,18.939247
14015,-1.8158672
14016,-1.0740267
14017,49.37127
14018,-1.3151243
14019,-0.86753166
14020,82.04102
14021,96.92486
14022,82.6685
14023,86.653
14024,77.20343
14025,65.003365
14026,69.150406
14027,54.90172
14028,22.887774
14029,11.028141
14030,48.36803
14031,14.6376915
14032,-2.140249
14033,-1.197642
14034,-2.3997886
14035,30.729364
14036,72.62328
14037,105.588745
14038,143.6626
14039,141.49759
14040,194.03088
14041,189.85904
14042,138.0218
14043,271.3884
14044,366.21362
14045,399.58905
14046,380.16776
14047,334.03738
14048,361.88623
14049,246.76619
14050,128.49393
14051,180.97151
14052,215.5573
14053,258.6911
14054,351.39023
14055,383.783
14056,490.32208
14057,470.5775
14058,419.8745
14059,374.1189
14060,286.52502
14061,204.49568
14062,163.76666
14063,145.1143
14064,133.833
14065,112.59084
14066,82.13569
14067,39.849747
14068,55.34955
14069,17.112833
14070,2.5088184
14071,23.13399
14072,13.694647
14073,2.9985144
14074,44.994045
14075,24.471588
14076,18.264687
14077,13.789291
14078,14.514213
14079,21.342361
14080,17.33307
14081,23.924335
14082,13.715509
14083,6.586501
14084,3.5469723
14085,-5.4483294
14086,-5.425386
14087,-2.8416424
14088,-1.0385127
14089,-1.0490406
14090,17.888079
14091,37.974155
14092,18.470758
14093,8.406125
14094,-4.895203
14095,-1.0456688
14096,-1.6874899
14097,-0.80376405
14098,54.68746
14099,45.338978
14100,43.132153
14101,26.644287
14102,21.253965
14103,0.08944981
14104,-3.7505772
14105,-7.5885468
14106,-3.3439925
14107,-1.732661
14108,-1.7708882
14109,-1.6784267
14110,-1.8283468
14111,-1.7222654
14112,-1.7548892
14113,-1.9101828
14114,-1.789948
14115,-1.6496619
14116,-1.6101294
14117,-1.4261224
14118,-1.3735007
14119,-1.3264418
14120,-1.2709546
14121,-1.1462829
14122,-1.092995
14123,-0.9563352
14124,-0.98855996
14125,-0.98421407
14126,-0.9833335
14127,-0.99049497
14128,-0.99347323
14129,-1.0197493
14130,-0.9782186
14131,-1.0530276
14132,-1.0374829
14133,-1.1025658
14134,-1.1025658
14135,-1.1025658
14136,-1.1602248
14137,-1.1492761
14138,-1.1535493
14139,-1.2037596
14140,-1.237098
14141,-1.237098
14142,-1.2604735
14143,-1.2854592
14144,-1.2864399
14145,-1.2745099
14146,-1.2234674
14147,-1.2565393
14148,-1.9379704
14149,-1.1347984
14150,-1.036934
14151,-1.7077806
14152,-1.2888582
14153,-1.2474811
14154,-1.296029
14155,-1.9515326
14156,-1.1868713
14157,-1.157225
14158,-1.1589363
14159,-1.9239292
14160,-1.9547961
14161,-1.149403
14162,6.3057876
14163,-1.1305698
14164,-1.162673
14165,-1.1874458
14166,-1.026664
14167,-1.1904631
14168,-1.1737227
14169,-1.1894917
14170,-1.203925
14171,-1.0545537
14172,-1.0558662
14173,-1.1675324
14174,-1.0380738
14175,-1.0528377
14176,-1.1836729
14177,-1.1844862
14178,-1.1564615
14179,-1.2493112
14180,-1.1301206
14181,-1.0466936
14182,-1.0969656
14183,-1.0651793
14184,-1.7764466
14185,19.966955
14186,57.849777
14187,63.77649
14188,46.476986
14189,42.218628
14190,40.49177
14191,53.76528
14192,58.44833
14193,55.06367
14194,45.767063
14195,34.45868
14196,60.382736
14197,88.80997
14198,50.309483
14199,44.363148
14200,41.409454
14201,38.577904
14202,21.000687
14203,36.769455
14204,39.18331
14205,37.02337
14206,43.018234
14207,33.146004
14208,22.088793
14209,49.346798
14210,47.492153
14211,49.35641
14212,54.831257
14213,46.443085
14214,48.01807
14215,55.526688
14216,67.08517
14217,83.44105
14218,121.60341
14219,166.12106
14220,199.51268
14221,204.09555
14222,195.32887
14223,175.41647
14224,199.68752
14225,199.46257
14226,171.76234
14227,158.72778
14228,130.73096
14229,125.65963
14230,105.99419
14231,96.13935
14232,100.53065
14233,79.8426
14234,45.39641
14235,43.93695
14236,45.093613
14237,48.052788
14238,48.519066
14239,46.655506
14240,18.694351
14241,26.591219
14242,30.859371
14243,42.17253
14244,31.860434
14245,8.624459
14246,-2.524857
14247,10.581009
14248,26.806374
14249,21.525734
14250,23.258629
14251,15.974204
14252,13.131225
14253,9.971038
14254,22.098902
14255,29.944103
14256,34.371178
14257,12.468392
14258,4.940322
14259,26.384323
14260,16.767817
14261,16.689947
14262,18.516117
14263,-3.0749643
14264,-2.430335
14265,-1.4338942
14266,-1.5272424
14267,-1.5360137
14268,-1.6207198
14269,-1.6280373
14270,-1.6454395
14271,-2.3706825
14272,-1.4985594
14273,-1.3276565
14274,-1.1637766
14275,-1.1596816
14276,-1.0633764
14277,-1.029756
14278,-1.9164486
14279,-1.2723993
14280,-1.2571589
14281,-1.0610509
14282,-1.1440811
14283,-1.0266978
14284,-1.115082
14285,-1.0490303
14286,-1.154549
14287,-1.0094962
14288,-1.1916634
14289,-0.9979921
14290,-1.0168582
14291,-1.2066861
14292,-1.1626875
14293,-1.9077588
14294,-1.0197157
14295,-1.1169217
14296,-1.0328622
14297,-1.1159617
14298,53.544693
14299,9.645441
14300,59.06824
14301,71.02875
14302,59.682716
14303,0.89083457
14304,-2.2596784
14305,73.6389
14306,131.38354
14307,73.2843
14308,78.69431
14309,76.00787
14310,76.88058
14311,45.634132
14312,21.844248
14313,5.650281
14314,-1.3396076
14315,-2.0806296
14316,-1.4242715
14317,-1.439038
14318,-1.4427569
14319,-1.4804894
14320,-1.3543421
14321,14.116565
14322,10.894617
14323,14.86358
14324,53.965935
14325,39.328167
14326,31.445017
14327,61.28363
14328,77.225204
14329,109.29058
14330,116.00837
14331,116.38541
14332,111.04147
14333,142.81873
14334,140.70412
14335,159.38605
14336,223.0078
14337,234.30666
14338,204.91837
14339,256.6545
14340,210.24611
14341,233.11801
14342,170.89464
14343,253.53047
14344,271.64905
14345,242.92577
14346,193.96165
14347,216.49428
14348,280.42264
14349,248.3462
14350,254.53503
14351,193.49684
14352,112.61154
14353,28.088026
14354,-5.8115106
14355,30.16353
14356,35.188213
14357,15.237205
14358,1.0587293
14359,7.569251
14360,9.368097
14361,9.951073
14362,-2.6404707
14363,25.69373
14364,29.2299
14365,45.416145
14366,26.162996
14367,45.295635
14368,34.353214
14369,31.71306
14370,36.206238
14371,34.570477
14372,28.479326
14373,40.827286
14374,46.030434
14375,43.884445
14376,36.256542
14377,22.848932
14378,41.17203
14379,40.868507
14380,45.58933
14381,54.24137
14382,79.51966
14383,100.48569
14384,185.0914
14385,318.9363
14386,400.95798
14387,426.1929
14388,455.01776
14389,534.448
14390,518.8355
14391,527.2117
14392,563.7204
14393,545.44147
14394,563.9648
14395,500.70627
14396,530.2465
14397,721.1777
14398,706.9993
14399,678.95337
14400,681.54517
14401,741.6974
14402,658.3934
14403,596.985
14404,481.09027
14405,192.07053
14406,253.23126
14407,61.410625
14408,61.182873
14409,48.01953
14410,78.55645
14411,116.87906
14412,155.08371
14413,114.55373
14414,175.77635
14415,143.10051
14416,168.6219
14417,193.16034
14418,359.83554
14419,295.52435
14420,502.85614
14421,534.0198
14422,434.34692
14423,507.11853
14424,475.5671
14425,328.64142
14426,300.43082
14427,497.0486
14428,453.762
14429,508.22403
14430,412.03137
14431,355.1815
14432,482.43396
14433,533.17993
14434,963.17065
14435,1039.8672
14436,898.20337
14437,1022.3567
14438,978.432
14439,1031.7019
14440,674.58636
14441,643.00885
14442,691.5922
14443,901.7076
14444,678.8191
14445,457.83313
14446,420.61194
14447,613.8798
14448,470.27533
14449,398.98544
14450,498.2091
14451,655.8121
14452,438.0913
14453,611.67816
14454,966.7887
14455,645.1658
14456,805.8202
14457,691.52
14458,803.62946
14459,1015.8007
14460,615.27484
14461,1016.2411
14462,604.404
14463,370.5576
14464,367.6159
14465,349.51642
14466,162.03448
14467,222.52278
14468,274.219
14469,200.77113
14470,291.72696
14471,353.3888
14472,387.52838
14473,289.8606
14474,322.54102
14475,340.8832
14476,242.61633
14477,119.546295
14478,246.40024
14479,160.7082
14480,118.46236
14481,89.835945
14482,149.90237
14483,220.38138
14484,226.33434
14485,187.77129
14486,93.49296
14487,45.292904
14488,35.007706
14489,63.622204
14490,79.27152
14491,118.570465
14492,152.23918
14493,218.35243
14494,183.3106
14495,248.96451
14496,248.5316
14497,396.3724
14498,536.67773
14499,605.5514
14500,544.9702
14501,386.78976
14502,403.772
14503,557.1749
14504,505.68964
14505,557.0361
14506,756.71277
14507,663.9903
14508,545.3444
14509,495.57275
14510,462.125
14511,353.81445
14512,384.35602
14513,271.11215
14514,112.72203
14515,92.716965
14516,83.080444
14517,91.76857
14518,158.16205
14519,119.55441
14520,109.318535
14521,130.58498
14522,112.24687
14523,74.542305
14524,100.68577
14525,168.37563
14526,137.14694
14527,113.82431
14528,87.635254
14529,87.230774
14530,116.1009
14531,131.83382
14532,112.52807
14533,108.28789
14534,115.97119
14535,108.80983
14536,97.4966
14537,120.252075
14538,140.01552
14539,153.02202
14540,166.28413
14541,148.70134
14542,161.55708
14543,176.05911
14544,164.84181
14545,147.4466
14546,68.88549
14547,106.22722
14548,115.083786
14549,163.80067
14550,111.77073
14551,83.562836
14552,50.846912
14553,41.53565
14554,69.67282
14555,83.674255
14556,76.593254
14557,30.317562
14558,42.96779
14559,58.873764
14560,2.0948966
14561,-2.8467207
14562,-1.2021549
14563,-1.1744183
14564,-0.9524469
14565,20.84388
14566,-1.256562
14567,78.95799
14568,77.22964
14569,4.895585
14570,102.79595
14571,57.74913
14572,101.13441
14573,62.52018
14574,69.61712
14575,-1.7942628
14576,8.717087
14577,4.579379
14578,127.87712
14579,43.793224
14580,8.281515
14581,65.74488
14582,-1.1052353
14583,14.9648905
14584,18.766193
14585,-1.4865968
14586,5.823495
14587,8.669647
14588,-0.9347805
14589,49.196243
14590,-0.79999346
14591,47.604805
14592,11.872026
14593,17.912907
14594,18.85407
14595,6.437089
14596,61.84044
14597,116.51758
14598,0.9046862
14599,-1.5363797
14600,-1.3260616
14601,108.826805
14602,138.46997
14603,126.793495
14604,93.26835
14605,48.403255
14606,41.571445
14607,74.15739
14608,10.6335
14609,23.750298
14610,13.397755
14611,49.915092
14612,57.324295
14613,72.53846
14614,66.35632
14615,102.12903
14616,98.33829
14617,61.990494
14618,47.790737
14619,41.330353
14620,58.85765
14621,71.24311
14622,98.43238
14623,37.653584
14624,17.473331
14625,2.642638
14626,-2.6254365
14627,-4.607283
14628,-3.9282374
14629,-7.8096175
14630,-3.0001652
14631,-1.0365796
14632,-1.0105045
14633,-1.0743527
14634,-1.0769197
14635,-1.071486
14636,-0.9279693
14637,-0.9762457
14638,-0.97922
14639,-0.97810274
14640,-1.0123534
14641,-0.982429
14642,-0.95580876
14643,-1.0100158
14644,-1.0749025
14645,-1.2983985
14646,217.4502
14647,131.53171
14648,185.56749
14649,243.34972
14650,288.29797
14651,312.22107
14652,324.4601
14653,346.2283
14654,307.4927
14655,314.49316
14656,371.5282
14657,376.22226
14658,330.53177
14659,263.67313
14660,133.92937
14661,75.2504
14662,58.56832
14663,19.961485
14664,-0.041136898
14665,-5.9430323
14666,-3.4404066
14667,-0.5450707
14668,-1.3944088
14669,-1.9650767
14670,-2.006707
14671,-1.948071
14672,-1.5791826
14673,-1.7466722
14674,-1.5232974
14675,-1.568158
14676,-1.460557
14677,-1.3510224
14678,-1.3052493
14679,-1.1403472
14680,-1.1605394
14681,-1.1384073
14682,-1.104216
14683,-1.1352074
14684,-1.1437131
14685,-1.1226876
14686,-1.1226876
14687,-1.1226876
14688,-1.154408
14689,-1.1852602
14690,-1.1852602
14691,-1.151596
14692,-1.1566842
14693,-1.1711724
14694,-1.1779056
14695,-1.1711724
14696,-1.1848145
14697,-1.2255101
14698,-1.2423531
14699,-1.1965917
14700,-2.0650501
14701,-2.0355196
14702,-0.967882
14703,41.84028
14704,152.60686
14705,79.07934
14706,40.30538
14707,170.16035
14708,103.724884
14709,238.23355
14710,235.47583
14711,164.41733
14712,87.32699
14713,131.8834
14714,197.63959
14715,156.85176
14716,120.58886
14717,173.89151
14718,165.83672
14719,251.27808
14720,63.368195
14721,146.3755
14722,177.32414
14723,220.68053
14724,203.65924
14725,158.7258
14726,192.1387
14727,296.94186
14728,317.1045
14729,175.8247
14730,302.0232
14731,223.06851
14732,326.3102
14733,467.47348
14734,345.7627
14735,240.88988
14736,199.32408
14737,394.0171
14738,298.92053
14739,615.0244
14740,463.46033
14741,268.13745
14742,516.3359
14743,435.85565
14744,638.3733
14745,338.14294
14746,678.891
14747,312.0053
14748,494.864
14749,282.27545
14750,477.2538
14751,426.5044
14752,305.03305
14753,480.09186
14754,265.00677
14755,421.02637
14756,354.15912
14757,385.90195
14758,528.1246
14759,430.00302
14760,439.25113
14761,523.34845
14762,360.87726
14763,402.54092
14764,353.5187
14765,437.27985
14766,526.91864
14767,418.69662
14768,502.26202
14769,563.2699
14770,646.4095
14771,741.5344
14772,877.9647
14773,938.53973
14774,986.4482
14775,924.07117
14776,1032.8937
14777,984.98645
14778,979.28955
14779,899.0386
14780,871.83105
14781,933.82605
14782,1004.5248
14783,553.9525
14784,371.9297
14785,248.16637
14786,190.53648
14787,248.6615
14788,143.59593
14789,152.98615
14790,279.46356
14791,555.1577
14792,613.9476
14793,334.952
14794,290.48718
14795,290.11014
14796,338.56665
14797,425.55148
14798,365.9033
14799,274.60367
14800,279.32635
14801,376.39548
14802,351.63962
14803,231.63431
14804,190.99513
14805,296.4997
14806,478.6656
14807,401.86447
14808,380.14423
14809,431.1427
14810,550.9757
14811,587.07355
14812,599.14746
14813,691.545
14814,835.1277
14815,813.8882
14816,788.9008
14817,797.0092
14818,824.6833
14819,694.30634
14820,533.86163
14821,313.2325
14822,197.14029
14823,107.50233
14824,144.99556
14825,293.2863
14826,491.5099
14827,601.6554
14828,537.6669
14829,552.84595
14830,491.0383
14831,564.0162
14832,579.2354
14833,402.8876
14834,354.58896
14835,539.48694
14836,340.93066
14837,253.45798
14838,157.8605
14839,209.20882
14840,94.095184
14841,128.99475
14842,91.59396
14843,94.83185
14844,130.88857
14845,102.7161
14846,142.54285
14847,106.80614
14848,131.02757
14849,108.84579
14850,136.53854
14851,74.34611
14852,130.33719
14853,78.34697
14854,145.53436
14855,128.7477
14856,135.12796
14857,166.25883
14858,141.3791
14859,173.52411
14860,169.72264
14861,119.51267
14862,126.82698
14863,109.447685
14864,72.163994
14865,74.16054
14866,72.50638
14867,78.868355
14868,46.985126
14869,87.253494
14870,60.629204
14871,132.35277
14872,223.22415
14873,184.03598
14874,188.59012
14875,247.78123
14876,182.079
14877,127.87645
14878,76.48969
14879,222.21873
14880,244.80716
14881,311.59665
14882,169.15253
14883,259.7007
14884,270.04935
14885,149.87167
14886,178.03539
14887,134.49176
14888,211.89041
14889,77.92491
14890,82.269165
14891,48.749416
14892,32.420055
14893,31.461823
14894,37.114872
14895,59.650814
14896,95.62049
14897,53.251896
14898,7.0272083
14899,-1.2097973
14900,23.068933
14901,4.621079
14902,12.457624
14903,18.578
14904,3.0363457
14905,19.751398
14906,26.784986
14907,79.61083
14908,121.73143
14909,100.98065
14910,57.858047
14911,66.06378
14912,35.667587
14913,106.312744
14914,75.52712
14915,49.695858
14916,30.48204
14917,31.642355
14918,3.0988076
14919,-5.6921253
14920,4.9644594
14921,32.73284
14922,37.989117
14923,31.008354
14924,19.981796
14925,7.843891
14926,50.89256
14927,20.7784
14928,27.513817
14929,-2.5593328
14930,-0.44462553
14931,-5.2562575
14932,-5.116916
14933,-2.4917676
14934,-1.6052387
14935,-2.4094028
14936,-2.3503523
14937,-1.4359983
14938,-1.4109809
14939,-1.4548646
14940,-1.5105397
14941,-1.5834028
14942,-1.568935
14943,-1.9214127
14944,-1.9230945
14945,-1.9230945
14946,-1.9249536
14947,-1.5798663
14948,-1.563369
14949,-1.5084777
14950,-1.4596411
14951,-1.4323586
14952,-1.334898
14953,-1.3468004
14954,-1.3167439
14955,-1.3145332
14956,-1.2991467
14957,-1.3282225
14958,-1.2991467
14959,-1.3221551
14960,-2.1533337
14961,-1.3089418
14962,-1.3063303
14963,-1.402926
14964,-1.3788114
14965,-1.3788114
14966,-1.3539677
14967,-1.2631131
14968,-1.2425492
14969,-1.249715
14970,-1.249715
14971,-1.249715
14972,-1.2867353
14973,-1.2845955
14974,-1.2047195
14975,-1.154182
14976,-1.140484
14977,-1.1688571
14978,-1.2039819
14979,-1.1506674
14980,-1.173415
14981,-1.2068484
14982,-1.2177814
14983,-1.2014612
14984,-1.2014612
14985,-1.2935641
14986,-1.2935641
14987,-1.2626702
14988,-1.3045481
14989,-1.2254728
14990,-1.3748449
14991,-1.3227121
14992,-1.3368504
14993,-1.3495134
14994,-1.3480277
14995,-1.9140311
14996,16.591026
14997,68.4503
14998,33.837822
14999,77.34527
15000,119.11766
15001,113.90966
15002,50.58996
15003,92.080635
15004,49.98046
15005,118.462975
15006,107.61257
15007,102.79826
15008,95.88303
15009,154.57784
15010,145.36479
15011,105.024
15012,-0.5580022
15013,75.706764
15014,150.89114
15015,85.27971
15016,48.281563
15017,38.122818
15018,2.5602372
15019,106.26844
15020,162.09106
15021,40.97713
15022,70.25921
15023,115.90069
15024,44.99543
15025,148.8296
15026,141.88077
15027,68.03463
15028,142.58257
15029,141.95877
15030,77.43583
15031,265.48523
15032,228.27826
15033,131.7168
15034,156.82278
15035,96.31536
15036,92.99008
15037,128.6709
15038,75.5713
15039,22.231089
15040,32.75066
15041,59.21857
15042,2.9158993
15043,52.496788
15044,57.383022
15045,7.3845515
15046,-1.3014134
15047,19.694668
15048,26.446125
15049,33.89306
15050,42.610146
15051,62.40408
15052,73.62165
15053,70.93066
15054,106.68203
15055,115.18363
15056,74.67827
15057,89.393105
15058,85.18143
15059,61.014324
15060,46.877514
15061,47.741188
15062,32.327938
15063,43.694088
15064,74.68147
15065,62.441223
15066,72.657036
15067,51.135204
15068,51.30675
15069,55.850277
15070,64.61162
15071,87.32009
15072,102.68731
15073,97.881966
15074,117.750305
15075,159.65047
15076,200.49016
15077,252.67168
15078,172.12363
15079,81.57055
15080,84.37083
15081,74.6176
15082,69.63261
15083,61.12729
15084,65.49713
15085,74.11454
15086,101.854195
15087,99.30809
15088,38.89671
15089,13.893067
15090,55.660206
15091,33.735706
15092,-3.5557373
15093,-1.1312656
15094,-1.0637665
15095,-0.9880369
15096,-1.0477617
15097,-1.8016899
15098,-1.0629946
15099,8.916284
15100,-4.04105
15101,-0.9766008
15102,15.760938
15103,76.948906
15104,38.52191
15105,70.15834
15106,96.4947
15107,72.82693
15108,95.31308
15109,121.66347
15110,159.71443
15111,222.38257
15112,250.66043
15113,290.62708
15114,325.53125
15115,396.31604
15116,405.31616
15117,333.94858
15118,328.01987
15119,341.60577
15120,244.8988
15121,276.9402
15122,243.76399
15123,266.01794
15124,231.15051
15125,292.45126
15126,490.9429
15127,279.60114
15128,243.40813
15129,189.61353
15130,145.98181
15131,64.014465
15132,88.42304
15133,174.85127
15134,318.31857
15135,205.66875
15136,299.748
15137,257.85605
15138,399.9486
15139,241.77608
15140,294.71414
15141,581.0867
15142,566.7989
15143,422.62695
15144,555.0183
15145,367.18146
15146,583.222
15147,601.20465
15148,649.0028
15149,795.21356
15150,879.14575
15151,671.84607
15152,914.1886
15153,792.3528
15154,1006.59
15155,676.919
15156,800.98663
15157,791.10876
15158,1092.1323
15159,572.2059
15160,1023.1257
15161,838.8137
15162,595.3174
15163,577.0968
15164,504.60345
15165,335.99002
15166,204.17145
15167,447.24243
15168,639.4965
15169,747.8874
15170,610.21606
15171,530.5439
15172,504.90305
15173,309.96658
15174,221.736
15175,500.28372
15176,364.91672
15177,309.39606
15178,182.39316
15179,150.89441
15180,105.41445
15181,75.19788
15182,68.64761
15183,68.51545
15184,291.5005
15185,299.1542
15186,233.61934
15187,265.6312
15188,270.3296
15189,236.38098
15190,267.09937
15191,321.2359
15192,245.67068
15193,175.56143
15194,268.51562
15195,235.43634
15196,217.95982
15197,178.91283
15198,177.37105
15199,320.67615
15200,324.94342
15201,319.9392
15202,344.3186
15203,355.79288
15204,345.7864
15205,367.11697
15206,379.85443
15207,411.65866
15208,325.72476
15209,339.70126
15210,291.1791
15211,282.9045
15212,373.61862
15213,339.21063
15214,304.12756
15215,234.72911
15216,161.55489
15217,128.42085
15218,98.71916
15219,141.83357
15220,62.782238
15221,41.583202
15222,63.4952
15223,92.173065
15224,79.36817
15225,107.350845
15226,118.19668
15227,104.39055
15228,267.5187
15229,166.91127
15230,125.332596
15231,54.087593
15232,49.967857
15233,27.3704
15234,124.36512
15235,189.82286
15236,151.30876
15237,91.56927
15238,115.940834
15239,110.877556
15240,116.97029
15241,86.01312
15242,132.30246
15243,70.574
15244,66.95419
15245,47.351555
15246,52.458252
15247,50.99136
15248,72.39154
15249,98.301414
15250,157.09819
15251,263.46616
15252,230.20276
15253,374.28207
15254,328.90778
15255,260.1017
15256,158.05705
15257,303.38467
15258,384.8927
15259,195.21797
15260,209.45633
15261,223.34656
15262,223.36305
15263,134.37494
15264,145.73338
15265,224.0679
15266,161.25595
15267,94.6213
15268,109.00124
15269,111.636284
15270,121.44812
15271,88.44986
15272,213.26277
15273,226.39072
15274,125.717224
15275,222.32028
15276,149.88597
15277,120.088936
15278,94.09842
15279,84.492004
15280,68.59848
15281,301.23483
15282,196.97664
15283,162.7864
15284,87.99402
15285,173.98418
15286,204.13783
15287,224.03137
15288,158.14511
15289,103.33471
15290,155.56042
15291,226.50989
15292,449.18613
15293,404.31976
15294,224.35927
15295,356.79224
15296,422.0116
15297,403.8578
15298,419.4086
15299,221.49905
15300,406.98718
15301,400.26093
15302,473.58704
15303,360.99344
15304,602.1828
15305,520.38055
15306,550.72394
15307,301.09396
15308,221.16167
15309,120.72047
15310,307.90176
15311,283.95193
15312,157.16763
15313,281.42404
15314,259.28467
15315,299.88242
15316,376.44855
15317,391.33566
15318,436.73334
15319,571.62006
15320,305.29675
15321,387.54227
15322,362.2673
15323,163.55014
15324,167.6301
15325,273.78598
15326,104.32916
15327,134.91725
15328,204.84912
15329,207.33813
15330,142.12305
15331,76.152214
15332,79.56115
15333,107.05355
15334,93.72216
15335,77.89338
15336,70.92414
15337,113.10276
15338,140.54265
15339,167.81367
15340,160.12317
15341,140.71295
15342,98.33406
15343,105.9711
15344,114.76156
15345,130.73712
15346,90.78689
15347,92.95953
15348,105.44922
15349,140.76828
15350,141.96452
15351,124.110405
15352,142.90627
15353,158.39494
15354,166.77585
15355,166.5522
15356,183.64604
15357,200.3444
15358,192.40422
15359,198.63457
15360,189.32349
15361,192.73051
15362,151.6379
15363,125.30196
15364,115.376915
15365,127.85986
15366,157.62897
15367,188.34306
15368,144.33661
15369,170.49165
15370,187.33714
15371,259.8923
15372,219.08566
15373,262.93365
15374,314.65482
15375,325.51984
15376,385.37982
15377,348.6597
15378,411.72937
15379,466.37274
15380,450.04416
15381,534.53394
15382,606.72156
15383,618.69727
15384,663.50275
15385,703.7544
15386,683.1216
15387,684.26166
15388,696.8151
15389,644.1609
15390,580.9483
15391,582.4764
15392,638.10425
15393,588.2697
15394,552.51984
15395,529.4194
15396,589.2721
15397,521.07367
15398,468.81512
15399,389.43228
15400,367.69992
15401,355.164
15402,344.13293
15403,445.6111
15404,421.34265
15405,358.81686
15406,430.5968
15407,287.3927
15408,202.4472
15409,278.74667
15410,438.02335
15411,465.4258
15412,465.75253
15413,426.93787
15414,354.12955
15415,274.5157
15416,427.2074
15417,478.85843
15418,491.7588
15419,410.037
15420,429.7929
15421,435.941
15422,339.10815
15423,523.9584
15424,405.23026
15425,467.58362
15426,271.61435
15427,341.47192
15428,421.09512
15429,399.4326
15430,427.17932
15431,404.9843
15432,404.97174
15433,549.1628
15434,475.76172
15435,737.3721
15436,401.66296
15437,466.5458
15438,669.0584
15439,629.59216
15440,517.9986
15441,612.3889
15442,465.85492
15443,419.16888
15444,836.85455
15445,872.59686
15446,316.61685
15447,408.8654
15448,428.3649
15449,540.2629
15450,512.3133
15451,459.2958
15452,309.2711
15453,357.52023
15454,380.85394
15455,393.36514
15456,597.3988
15457,339.43454
15458,216.88771
15459,134.0224
15460,452.66052
15461,1080.6582
15462,524.6395
15463,343.78787
15464,967.429
15465,685.48047
15466,672.8773
15467,411.515
15468,523.7929
15469,801.0871
15470,626.5932
15471,289.50204
15472,264.01013
15473,369.58063
15474,256.23218
15475,221.40189
15476,267.9419
15477,199.55379
15478,207.00624
15479,127.497345
15480,12.939022
15481,52.993687
15482,56.094982
15483,50.589584
15484,78.05067
15485,107.91728
15486,168.45242
15487,153.8696
15488,98.284485
15489,43.190033
15490,86.11976
15491,114.56758
15492,86.02872
15493,108.5069
15494,84.341385
15495,98.43008
15496,93.35384
15497,145.84605
15498,104.52239
15499,102.85359
15500,112.11987
15501,92.088806
15502,77.37405
15503,63.990604
15504,66.601974
15505,156.39806
15506,291.7226
15507,260.4192
15508,260.18546
15509,270.0176
15510,617.46564
15511,708.95844
15512,794.22284
15513,889.01025
15514,577.9831
15515,476.15274
15516,525.81433
15517,518.45483
15518,443.27786
15519,427.0576
15520,407.25336
15521,460.8848
15522,509.28644
15523,417.29788
15524,357.33035
15525,322.12347
15526,329.5559
15527,261.37936
15528,306.48068
15529,290.53653
15530,317.80804
15531,390.03812
15532,534.36145
15533,486.5863
15534,592.51154
15535,466.50754
15536,505.478
15537,432.21866
15538,432.70935
15539,445.12683
15540,416.87595
15541,461.90442
15542,479.94797
15543,428.5122
15544,421.34
15545,515.1316
15546,561.46375
15547,635.5343
15548,623.63074
15549,606.3317
15550,610.85474
15551,653.41565
15552,639.1589
15553,461.28735
15554,395.19833
15555,150.11761
15556,96.73726
15557,137.95853
15558,265.14224
15559,221.00174
15560,177.42558
15561,146.9958
15562,99.002
15563,265.7146
15564,258.40802
15565,196.16333
15566,232.03542
15567,154.3842
15568,145.2736
15569,69.16499
15570,123.46361
15571,78.38142
15572,77.01604
15573,169.64594
15574,97.84142
15575,96.52521
15576,137.53654
15577,108.25486
15578,120.83652
15579,110.15304
15580,119.78758
15581,100.47113
15582,79.43314
15583,52.279472
15584,145.32802
15585,54.092953
15586,37.936295
15587,3.4043658
15588,74.84
15589,231.87941
15590,116.951485
15591,71.283936
15592,4.205807
15593,107.61999
15594,135.30252
15595,-1.2553879
15596,-0.72644186
15597,-0.96561867
15598,-1.4372522
15599,298.21835
15600,246.14407
15601,184.83519
15602,159.86928
15603,74.20051
15604,88.49032
15605,205.39113
15606,308.26898
15607,145.03227
15608,304.15222
15609,463.5386
15610,431.92026
15611,386.51767
15612,420.71545
15613,1242.3625
15614,301.6216
15615,82.2611
15616,0.007376546
15617,-0.9496794
15618,-0.6749873
15619,-0.5401039
15620,24.121363
15621,115.70634
15622,187.833
15623,308.27255
15624,440.7999
15625,492.97153
15626,504.41394
15627,246.79474
15628,398.38074
15629,399.05856
15630,454.89194
15631,411.156
15632,332.66052
15633,328.2346
15634,178.63368
15635,343.8159
15636,531.07043
15637,754.8375
15638,632.3463
15639,562.14813
15640,555.6112
15641,447.7991
15642,397.96884
15643,503.4963
15644,563.7951
15645,477.91028
15646,284.80872
15647,460.12827
15648,557.5445
15649,761.0516
15650,829.1422
15651,877.6913
15652,857.6649
15653,818.151
15654,663.09406
15655,699.1883
15656,703.7563
15657,852.03827
15658,962.6822
15659,1024.2046
15660,981.6503
15661,770.7786
15662,770.4886
15663,674.3677
15664,535.4805
15665,544.9088
15666,593.8795
15667,598.7932
15668,666.3655
15669,689.8667
15670,689.71014
15671,544.6236
15672,578.61896
15673,558.22797
15674,547.90393
15675,665.20874
15676,595.88306
15677,587.9206
15678,653.06555
15679,601.7179
15680,616.2537
15681,534.6398
15682,514.8038
15683,467.03564
15684,501.20407
15685,451.47455
15686,391.7121
15687,402.12564
15688,479.78824
15689,524.54926
15690,582.7392
15691,562.8474
15692,523.27075
15693,493.35443
15694,444.97894
15695,376.46304
15696,423.2946
15697,356.58923
15698,293.919
15699,158.73328
15700,222.96194
15701,173.2561
15702,193.60168
15703,205.76035
15704,162.40196
15705,147.50017
15706,127.898094
15707,180.99811
15708,205.43686
15709,178.25446
15710,329.55154
15711,168.47205
15712,487.36557
15713,750.67865
15714,298.20755
15715,369.55002
15716,623.82935
15717,357.76236
15718,723.1842
15719,671.43713
15720,482.48596
15721,507.22177
15722,225.25067
15723,245.28055
15724,488.1767
15725,266.61548
15726,530.98535
15727,665.1339
15728,362.38123
15729,577.1114
15730,453.68622
15731,231.20383
15732,1136.7715
15733,1100.4445
15734,941.78864
15735,564.2855
15736,391.84363
15737,1041.8048
15738,675.4194
15739,621.7465
15740,583.5283
15741,843.75146
15742,892.47363
15743,696.8775
15744,335.48383
15745,1055.0974
15746,530.5744
15747,564.8639
15748,755.2165
15749,487.97418
15750,669.0373
15751,614.6516
15752,950.5768
15753,288.46085
15754,470.97626
15755,716.49396
15756,933.18256
15757,982.6167
15758,392.64117
15759,323.13684
15760,909.25604
15761,307.01727
15762,577.8938
15763,331.60812
15764,393.22552
15765,348.31253
15766,228.82176
15767,155.76848
15768,233.54286
15769,692.8324
15770,467.5701
15771,395.46408
15772,490.85577
15773,574.2336
15774,830.5189
15775,719.62146
15776,584.09326
15777,612.01807
15778,685.7795
15779,710.176
15780,730.4724
15781,585.91656
15782,619.69977
15783,593.24786
15784,923.92285
15785,861.53986
15786,752.43585
15787,632.56726
15788,666.4166
15789,564.65247
15790,469.04044
15791,407.51138
15792,499.22894
15793,500.40506
15794,587.07416
15795,558.63086
15796,497.52737
15797,441.6049
15798,528.733
15799,494.57578
15800,479.7716
15801,482.20312
15802,501.3872
15803,435.85666
15804,420.39587
15805,428.4979
15806,489.14108
15807,486.2158
15808,621.2542
15809,625.4546
15810,591.0842
15811,504.35736
15812,533.3089
15813,519.0566
15814,496.429
15815,460.00986
15816,427.34695
15817,517.9615
15818,721.62164
15819,741.4356
15820,751.70374
15821,770.1677
15822,788.47736
15823,864.0367
15824,732.4812
15825,815.5187
15826,833.65076
15827,686.8778
15828,637.63153
15829,575.7932
15830,522.8145
15831,494.60092
15832,473.57385
15833,400.60062
15834,471.2322
15835,484.85138
15836,427.81525
15837,396.05124
15838,365.13098
15839,258.3183
15840,193.28741
15841,181.51643
15842,166.79805
15843,437.88596
15844,519.1463
15845,501.04904
15846,436.83017
15847,455.75397
15848,355.62885
15849,464.68378
15850,565.1459
15851,579.2368
15852,965.5645
15853,937.9773
15854,546.3063
15855,296.3042
15856,312.51285
15857,383.8565
15858,406.37994
15859,589.4544
15860,572.73413
15861,522.7818
15862,554.04065
15863,541.94867
15864,389.52124
15865,707.0793
15866,380.32895
15867,508.68106
15868,543.4307
15869,335.59863
15870,335.81674
15871,352.16293
15872,602.06195
15873,265.43195
15874,584.48083
15875,501.16125
15876,531.6582
15877,648.1894
15878,561.3225
15879,210.0703
15880,334.6456
15881,100.224266
15882,399.95456
15883,254.00108
15884,174.68819
15885,234.01381
15886,298.69708
15887,107.9668
15888,179.84529
15889,102.180435
15890,120.018745
15891,97.31734
15892,58.977386
15893,179.1267
15894,92.17932
15895,198.90245
15896,114.9051
15897,193.36719
15898,106.098755
15899,108.893456
15900,11.480131
15901,36.369648
15902,181.49454
15903,130.03755
15904,89.40721
15905,133.39163
15906,92.48197
15907,123.23495
15908,143.92491
15909,211.66864
15910,154.47432
15911,153.80472
15912,169.25987
15913,181.26526
15914,209.20952
15915,211.77121
15916,127.764244
15917,44.44877
15918,40.635273
15919,90.03319
15920,72.24508
15921,70.37897
15922,120.30203
15923,157.94392
15924,180.17181
15925,198.3119
15926,205.08185
15927,161.82011
15928,108.51614
15929,83.73427
15930,59.197136
15931,50.924084
15932,52.626217
15933,53.818783
15934,59.38901
15935,58.241245
15936,48.668503
15937,60.82164
15938,46.156906
15939,30.540545
15940,22.166502
15941,37.134823
15942,51.686283
15943,56.427734
15944,60.607876
15945,45.708508
15946,22.68045
15947,20.879225
15948,18.524466
15949,9.855365
15950,-5.033365
15951,-5.9073224
15952,-1.7080721
15953,-1.8927748
15954,-1.742806
15955,-1.7185526
15956,-1.7233182
15957,-1.7218647
15958,-1.7145472
15959,-1.7341236
15960,-1.7218647
15961,-1.6754737
15962,-1.6291574
15963,-1.7072791
15964,-1.7210792
15965,-1.5493886
15966,-1.5093733
15967,-1.442621
15968,-1.4223816
15969,-1.4113487
15970,-1.3943598
15971,-1.3270457
15972,-1.3228669
15973,-1.3228669
15974,-1.3228669
15975,-1.3139006
15976,-1.347983
15977,-1.2285788
15978,-1.3248166
15979,-1.3158189
15980,-1.3054905
15981,-1.2977605
15982,-1.2977605
15983,-1.2354875
15984,-1.2781705
15985,-1.2708
15986,-1.2242092
15987,-1.2525698
15988,-1.16946
15989,-1.2361879
15990,-1.1722457
15991,-1.2540655
15992,-1.229495
15993,-1.2357818
15994,-1.2356322
15995,-1.2356322
15996,-1.2357818
15997,-1.2895432
15998,-2.4425623
15999,-0.5580034
16000,-1.3511751
16001,-1.407502
16002,-1.3756701
16003,-1.3120024
16004,-1.309943
16005,-1.3216008
16006,-1.3246809
16007,-1.2934202
16008,-1.2786226
16009,-1.3932573
16010,-1.2031235
16011,-1.098445
16012,-0.88449496
16013,-0.946634
16014,-0.82712615
16015,-0.85372657
16016,-0.8502422
16017,-0.2471193
16018,-1.5774236
16019,23.093782
16020,-0.65187645
16021,-0.5760402
16022,-0.60917765
16023,-0.91638625
16024,-1.2050548
16025,-0.34614816
16026,-0.88097304
16027,-0.84798986
16028,-0.7832227
16029,-1.7172868
16030,6.3908195
16031,-1.7136358
16032,-1.7278521
16033,19.829039
16034,2.1927156
16035,-0.834045
16036,-0.9490968
16037,91.15443
16038,10.51176
16039,22.021006
16040,34.777107
16041,17.094854
16042,-1.8798935
16043,4.6412015
16044,45.83436
16045,-0.14766431
16046,-0.0060646073
16047,38.77247
16048,0.9924933
16049,38.102444
16050,1.8454933
16051,41.72249
16052,26.937117
16053,59.82052
16054,88.63129
16055,104.90994
16056,155.00954
16057,173.4897
16058,193.40767
16059,241.7485
16060,208.8582
16061,154.66774
16062,331.25128
16063,317.22174
16064,334.94974
16065,504.30692
16066,507.2167
16067,426.538
16068,248.07953
16069,196.63724
16070,180.85866
16071,155.95956
16072,122.23604
16073,115.60088
16074,101.73625
16075,115.13399
16076,103.29779
16077,131.07051
16078,184.37566
16079,222.2373
16080,184.55757
16081,209.2384
16082,183.61641
16083,188.18465
16084,145.0395
16085,159.32832
16086,255.54016
16087,246.44318
16088,143.21974
16089,145.31837
16090,158.59973
16091,106.22978
16092,123.59185
16093,111.26644
16094,106.32738
16095,131.7761
16096,105.78305
16097,139.29752
16098,196.00192
16099,194.21103
16100,282.29205
16101,217.48158
16102,158.86919
16103,103.022934
16104,78.92332
16105,43.730244
16106,30.642006
16107,39.857594
16108,65.88351
16109,62.520733
16110,14.23653
16111,-6.637256
16112,-1.8333935
16113,-1.4334645
16114,-1.330773
16115,-1.2119757
16116,-1.105013
16117,-1.1306282
16118,-1.064275
16119,-1.0762458
16120,-1.0646414
16121,-1.0815451
16122,-2.396287
16123,45.063477
16124,115.61496
16125,84.78091
16126,119.89205
16127,78.123405
16128,30.019762
16129,123.4286
16130,204.6141
16131,190.59677
16132,102.788994
16133,69.12871
16134,58.390232
16135,46.096817
16136,64.70211
16137,73.82172
16138,55.51645
16139,36.19627
16140,92.96839
16141,57.712677
16142,64.34259
16143,85.044655
16144,52.370697
16145,67.895424
16146,80.41533
16147,75.011505
16148,53.786354
16149,2.8980343
16150,-0.894943
16151,-0.8553071
16152,-1.615091
16153,-1.6235074
16154,20.13086
16155,29.016659
16156,37.253803
16157,100.36081
16158,83.57095
16159,126.0596
16160,179.88083
16161,251.89359
16162,234.44252
16163,161.32536
16164,106.819565
16165,116.732254
16166,100.14878
16167,262.84232
16168,306.83994
16169,246.85747
16170,312.2149
16171,181.05156
16172,288.97736
16173,194.22115
16174,199.09288
16175,151.64238
16176,481.2178
16177,348.2458
16178,155.17032
16179,115.159
16180,160.21458
16181,311.81906
16182,365.5697
16183,232.39838
16184,438.1833
16185,379.4412
16186,461.01343
16187,259.64563
16188,250.01952
16189,148.86238
16190,72.04029
16191,23.032215
16192,3.4190967
16193,-1.3740094
16194,-0.95876855
16195,-0.9307464
16196,-0.9180556
16197,-0.7312862
16198,32.34575
16199,47.464188
16200,18.064163
16201,6.6227603
16202,3.414748
16203,36.68337
16204,40.973583
16205,30.915083
16206,19.674047
16207,35.234398
16208,41.995815
16209,38.16087
16210,17.616484
16211,8.253568
16212,8.965665
16213,35.228794
16214,74.64851
16215,81.354126
16216,68.81934
16217,47.19589
16218,44.793922
16219,48.195343
16220,92.453964
16221,76.35232
16222,113.00562
16223,162.69781
16224,192.39897
16225,286.90503
16226,472.14758
16227,453.86905
16228,563.4922
16229,685.0503
16230,664.0308
16231,723.0215
16232,649.12366
16233,596.2816
16234,648.13025
16235,475.51804
16236,448.54083
16237,348.7271
16238,365.37473
16239,347.85318
16240,297.46393
16241,373.5448
16242,373.11414
16243,400.32742
16244,397.71136
16245,383.83215
16246,391.18524
16247,412.8385
16248,396.05978
16249,395.06036
16250,304.8472
16251,286.73718
16252,284.0643
16253,331.4979
16254,319.0088
16255,323.34106
16256,322.49402
16257,331.20764
16258,383.15204
16259,253.24321
16260,310.04526
16261,348.94135
16262,261.01572
16263,280.76498
16264,285.0187
16265,324.01096
16266,325.84518
16267,286.68735
16268,341.11633
16269,328.268
16270,280.90765
16271,202.2012
16272,107.20443
16273,136.61357
16274,167.86407
16275,289.61252
16276,332.23856
16277,214.9726
16278,177.41862
16279,166.79941
16280,182.16815
16281,220.51952
16282,176.91624
16283,251.51259
16284,232.33333
16285,171.55879
16286,98.559525
16287,80.31834
16288,94.63797
16289,122.554474
16290,121.56822
16291,96.04063
16292,182.25424
16293,131.65567
16294,153.10529
16295,-0.6792248
16296,12.322638
16297,14.243193
16298,27.686874
16299,-0.75248474
16300,3.0994787
16301,8.464002
16302,49.33469
16303,61.42548
16304,23.035313
16305,98.349976
16306,3.7984045
16307,5.2870965
16308,48.28608
16309,-2.272023
16310,39.432243
16311,83.46943
16312,63.537125
16313,110.4108
16314,6.8939023
16315,77.13682
16316,7.3165755
16317,39.26181
16318,131.1581
16319,1.074721
16320,80.228775
16321,49.037445
16322,174.85374
16323,64.85993
16324,27.443924
16325,78.07376
16326,56.87627
16327,101.09542
16328,174.75473
16329,176.08945
16330,41.886185
16331,120.60706
16332,118.60558
16333,72.20433
16334,104.72549
16335,140.7235
16336,172.76576
16337,95.07691
16338,191.64673
16339,178.24002
16340,235.39857
16341,243.54521
16342,207.73308
16343,160.1461
16344,211.52629
16345,251.85252
16346,252.5583
16347,215.27206
16348,248.47766
16349,205.02417
16350,283.76364
16351,308.41272
16352,328.43387
16353,341.5389
16354,378.8349
16355,409.31192
16356,193.45816
16357,264.51044
16358,254.51453
16359,229.22862
16360,241.02695
16361,273.1709
16362,321.37314
16363,332.9812
16364,314.83295
16365,329.85413
16366,337.7395
16367,442.58792
16368,443.32907
16369,418.12234
16370,325.0619
16371,370.76135
16372,346.32507
16373,303.24927
16374,274.58392
16375,303.10974
16376,240.93411
16377,47.75002
16378,195.50095
16379,168.28972
16380,177.1324
16381,209.19858
16382,198.53621
16383,195.1689
16384,247.67723
16385,232.84282
16386,218.0493
16387,166.71227
16388,153.56708
16389,174.67847
16390,178.93292
16391,180.75598
16392,171.02803
16393,255.0097
16394,244.21815
16395,211.87503
16396,157.30469
16397,142.89075
16398,146.39995
16399,154.36356
16400,144.51826
16401,174.92604
16402,178.22403
16403,161.39171
16404,134.70557
16405,97.525085
16406,104.56456
16407,95.25044
16408,65.37957
16409,49.45148
16410,53.76822
16411,65.56717
16412,52.983475
16413,18.342981
16414,4.505592
16415,9.703184
16416,-2.4213214
16417,-5.1591854
16418,-4.024727
16419,-1.3303341
16420,-1.4291785
16421,-1.9424611
16422,-2.1643066
16423,-1.9852811
16424,-2.0281186
16425,-1.5751469
16426,-1.3559654
16427,-1.9728816
16428,-1.9354401
16429,-1.9337583
16430,-1.9023917
16431,-2.1709824
16432,-1.6849663
16433,-1.52485
16434,-1.3665701
16435,-1.2697818
16436,-1.3422629
16437,-1.3297011
16438,-1.2739135
16439,-1.2581912
16440,23.66576
16441,-1.1305696
16442,-1.0288576
16443,-1.7323401
16444,-1.837598
16445,-1.1298857
16446,-1.0804781
16447,-1.1387496
16448,-1.0941128
16449,-1.8416016
16450,-1.1075143
16451,-1.9088266
16452,-1.164489
16453,-2.0916617
16454,-1.7338561
16455,7.3258142
16456,10.212299
16457,51.241253
16458,94.18304
16459,147.38074
16460,106.72931
16461,6.085636
16462,-1.445863
16463,3.0765338
16464,77.943306
16465,-0.170073
16466,27.305323
16467,-1.7478411
16468,-1.2182658
16469,76.964714
16470,125.35519
16471,225.9881
16472,146.10179
16473,145.36285
16474,254.1034
16475,144.30132
16476,150.59279
16477,15.310283
16478,98.367256
16479,250.66948
16480,186.23434
16481,169.32849
16482,156.47363
16483,207.23816
16484,189.4331
16485,168.1685
16486,181.21043
16487,383.82837
16488,399.38098
16489,253.91367
16490,346.4395
16491,407.57886
16492,368.5903
16493,369.71918
16494,375.86194
16495,414.17413
16496,253.22649
16497,112.6683
16498,178.83685
16499,106.25011
16500,18.580612
16501,25.636868
16502,45.934475
16503,34.092346
16504,14.995407
16505,14.329548
16506,17.165268
16507,16.25205
16508,34.642784
16509,86.328026
16510,151.61786
16511,216.45279
16512,230.54977
16513,269.37778
16514,315.00003
16515,361.39127
16516,324.17593
16517,166.3176
16518,88.756905
16519,66.43141
16520,65.182014
16521,75.48854
16522,93.32963
16523,96.81272
16524,151.92867
16525,555.59863
16526,635.39777
16527,410.63104
16528,242.62886
16529,166.0007
16530,214.92506
16531,204.22343
16532,156.13567
16533,175.44246
16534,181.58997
16535,217.3746
16536,213.5414
16537,210.97064
16538,220.12715
16539,274.162
16540,248.43741
16541,171.28683
16542,191.50943
16543,261.4272
16544,268.04733
16545,288.3524
16546,304.11185
16547,317.3864
16548,340.7073
16549,313.8629
16550,299.52267
16551,350.94537
16552,410.8086
16553,389.37653
16554,362.16537
16555,345.29626
16556,326.0367
16557,289.28842
16558,374.88437
16559,442.40732
16560,311.30484
16561,244.40773
16562,177.01859
16563,184.03993
16564,72.888214
16565,79.28343
16566,166.22455
16567,86.146774
16568,161.11545
16569,140.02763
16570,168.08907
16571,129.60811
16572,145.44536
16573,171.68523
16574,112.03163
16575,65.086044
16576,76.5156
16577,160.16534
16578,101.4649
16579,186.36552
16580,168.81322
16581,222.34352
16582,192.65814
16583,196.98503
16584,156.30345
16585,113.48763
16586,115.66689
16587,224.41293
16588,237.89339
16589,241.54486
16590,117.24781
16591,179.27892
16592,210.75043
16593,355.3389
16594,269.6067
16595,339.28558
16596,325.26816
16597,308.4191
16598,277.78488
16599,253.46626
16600,228.72176
16601,265.13983
16602,179.85321
16603,146.09332
16604,176.01129
16605,355.63
16606,223.55527
16607,156.43489
16608,122.19632
16609,27.085125
16610,24.310652
16611,-0.8141975
16612,-0.8581521
16613,-0.6834021
16614,-0.5745598
16615,-1.1130548
16616,-0.822329
16617,-0.82832986
16618,-0.77921396
16619,-1.6963402
16620,-1.7602
16621,-0.7077243
16622,-0.8582014
16623,0.07875575
16624,-0.90224063
16625,-0.92486763
16626,-0.9482937
16627,-0.94895285
16628,-1.0137581
16629,-0.97490704
16630,-0.99620354
16631,-0.9952832
16632,-1.0322195
16633,-1.0034506
16634,-0.9766775
16635,-0.96856654
16636,-0.94314784
16637,-0.94939893
16638,-0.94248086
16639,-1.0524508
16640,-0.98067516
16641,-0.9868296
16642,-0.97639036
16643,-0.9924833
16644,-1.013514
16645,-1.0601445
16646,-1.999042
16647,-0.8269665
16648,-0.6699587
16649,-0.6525523
16650,-0.5695789
16651,-0.6688123
16652,-0.545919
16653,-0.70297086
16654,-0.6513553
16655,-0.600953
16656,-0.682738
16657,-0.6770718
16658,-0.825539
16659,-0.8295923
16660,-0.8326909
16661,-0.8273173
16662,-0.8674318
16663,-0.8622384
16664,-0.85766304
16665,-0.7891186
16666,-0.7731132
16667,-0.95237476
16668,-0.96013284
16669,-0.9528152
16670,-0.9296268
16671,-0.9697947
16672,-0.992891
16673,-1.739255
16674,-1.0538827
16675,-1.0538827
16676,-1.0557584
16677,-1.0249214
16678,-1.0407867
16679,-1.0407867
16680,-1.0304655
16681,-1.0507814
16682,-1.0333191
16683,-1.0804268
16684,-1.0804268
16685,-1.1029607
16686,-1.1029607
16687,-1.8548964
16688,-0.84522617
16689,15.77474
16690,23.55231
16691,20.259674
16692,117.400665
16693,58.424458
16694,40.686436
16695,53.339535
16696,51.545094
16697,80.523674
16698,63.29133
16699,43.4775
16700,20.997965
16701,-1.5340629
16702,-0.9008144
16703,-0.8933613
16704,-0.8674054
16705,-1.611506
16706,-0.8353708
16707,-0.7285862
16708,-0.8469453
16709,-1.0182823
16710,-0.7569938
16711,12.996005
16712,45.365498
16713,74.64351
16714,46.96617
16715,22.31242
16716,22.91107
16717,-1.5897269
16718,1.6166642
16719,-0.83541256
16720,-0.95083743
16721,-0.8501021
16722,-0.89879423
16723,-1.6025039
16724,22.665363
16725,3.9002025
16726,-0.6469135
16727,-0.5768423
16728,-0.50630087
16729,-0.5880893
16730,-0.83901864
16731,-0.7172192
16732,-0.4266444
16733,61.52946
16734,25.782568
16735,-0.7923903
16736,-0.92278504
16737,-1.4242203
16738,377.1625
16739,343.99435
16740,76.7791
16741,39.945896
16742,-1.9447592
16743,-0.959404
16744,-0.78342015
16745,-0.95778936
16746,-1.0115726
16747,13.559333
16748,169.81271
16749,186.05661
16750,119.589775
16751,115.73469
16752,156.68086
16753,79.038734
16754,131.0188
16755,265.3596
16756,149.59276
16757,108.87819
16758,84.50822
16759,340.84705
16760,42.224323
16761,39.537968
16762,1.0505881
16763,0.53050876
16764,-2.7368367
16765,-1.9145947
16766,-0.97772515
16767,58.064415
16768,170.45137
16769,134.67674
16770,45.62687
16771,-1.800775
16772,0.0511141
16773,35.596207
16774,-1.8619058
16775,-0.9677579
16776,-0.93190295
16777,11.058554
16778,7.180854
16779,16.576466
16780,-1.702128
16781,-0.9411033
16782,-0.9333912
16783,-1.498006
16784,-0.5124021
16785,-0.6679065
16786,-0.75238645
16787,-0.7921632
16788,-0.64458084
16789,-0.67777425
16790,-0.81372523
16791,-0.9005404
16792,-0.9688943
16793,-0.7955322
16794,-0.88430846
16795,-1.0563856
16796,-1.128383
16797,-0.9202674
16798,-1.0669714
16799,-1.0087487
16800,-0.87462085
16801,-1.026128
16802,-0.90674055
16803,-0.9421931
16804,-0.8694942
16805,-0.96438575
16806,-1.0159442
16807,-1.0758247
16808,-1.0799402
16809,-1.1090848
16810,-1.1244841
16811,-1.1341709
16812,-1.127403
16813,-1.1711632
16814,-1.2114567
16815,-1.6415702
16816,103.544
16817,116.83225
16818,136.87442
16819,78.14072
16820,66.09375
16821,45.67224
16822,30.928326
16823,1.3629287
16824,-4.3658466
16825,-3.439667
16826,-1.0138638
16827,-0.9706239
16828,-1.0047654
16829,-1.0318873
16830,-0.76192486
16831,-0.90298474
16832,-0.9374233
16833,-1.0587835
16834,-1.1129946
16835,-1.1118793
16836,-1.0957339
16837,-1.7677166
16838,-1.0247443
16839,-1.0743916
16840,-1.097359
16841,-1.069264
16842,-1.7588754
16843,-1.0485393
16844,-1.136401
16845,-1.0404357
16846,-1.0020652
16847,-1.0600435
16848,-1.130063
16849,-0.9740635
16850,-1.1933544
16851,-1.2886823
16852,-1.3301663
16853,-1.3402222
16854,-1.3302727
16855,-1.361161
16856,-1.3247669
16857,-1.2709427
16858,-1.2711548
16859,-1.3250138
16860,-1.3105104
16861,-2.0531452
16862,-1.2470149
16863,-1.1068765
16864,-1.1049615
16865,-1.2710978
16866,-1.2451643
16867,-1.2023017
16868,-1.1427759
16869,89.78964
16870,379.3998
16871,372.57465
16872,363.28613
16873,467.78308
16874,67.66605
16875,-0.4920825
16876,-0.7118176
16877,-0.71915275
16878,-1.475616
16879,-0.5292285
16880,-0.48777243
16881,-1.0845913
16882,-0.8178769
16883,-1.7900919
16884,21.601938
16885,38.20374
16886,8.719433
16887,-6.705588
16888,-1.3977625
16889,-0.9114048
16890,-0.9098595
16891,-1.3973606
16892,-1.3964403
16893,-1.13869
16894,-1.1455034
16895,53.639
16896,448.0682
16897,273.79745
16898,-0.079693496
16899,223.1537
16900,123.19812
16901,85.639305
16902,9.523645
16903,-3.135051
16904,3.2168498
16905,-0.8093597
16906,-1.0976406
16907,-1.0952144
16908,-0.9752725
16909,-1.5708886
16910,-1.6335416
16911,327.6609
16912,529.09106
16913,123.42973
16914,0.7485091
16915,-2.5992193
16916,-0.8407478
16917,-0.84470266
16918,-0.7121362
16919,-0.7057864
16920,-0.7121362
16921,-1.0171759
16922,-1.036752
16923,3.8194616
16924,99.21455
16925,158.09839
16926,260.69077
16927,230.62534
16928,164.29936
16929,141.64459
16930,121.07769
16931,374.50214
16932,478.70023
16933,414.33084
16934,414.9867
16935,462.8384
16936,442.6022
16937,543.25165
16938,527.77844
16939,518.51697
16940,677.399
16941,731.6228
16942,711.2358
16943,728.1319
16944,853.30975
16945,1011.4179
16946,950.2594
16947,848.54486
16948,1128.7317
16949,1147.9386
16950,1013.9267
16951,1039.5839
16952,924.87714
16953,802.44464
16954,805.1545
16955,939.2847
16956,995.249
16957,916.0305
16958,935.7426
16959,797.2466
16960,629.3521
16961,615.4076
16962,662.197
16963,521.43097
16964,397.93246
16965,431.15228
16966,456.89493
16967,492.98953
16968,561.5478
16969,522.6168
16970,579.81976
16971,497.21045
16972,597.66266
16973,602.63544
16974,401.7364
16975,380.92474
16976,237.07542
16977,171.43141
16978,124.54885
16979,138.32878
16980,205.77054
16981,262.84637
16982,258.03683
16983,132.74612
16984,165.54607
16985,159.10934
16986,143.52559
16987,167.97186
16988,143.83028
16989,112.76983
16990,93.86901
16991,74.24173
16992,72.73128
16993,24.680834
16994,17.026463
16995,23.298359
16996,28.86111
16997,37.48466
16998,46.501995
16999,30.020082
17000,61.635468
17001,99.35527
17002,37.404934
17003,98.96149
17004,181.27162
17005,80.376
17006,92.48071
17007,121.10429
17008,183.41336
17009,89.380226
17010,349.0507
17011,233.81253
17012,243.38657
17013,376.14417
17014,246.21547
17015,163.331
17016,233.83249
17017,148.36655
17018,255.77582
17019,177.78348
17020,90.99237
17021,34.932735
17022,18.010773
17023,119.388214
17024,336.9196
17025,117.452225
17026,191.10509
17027,274.4833
17028,305.09753
17029,267.03107
17030,306.44867
17031,409.12082
17032,346.31546
17033,283.76346
17034,221.71887
17035,189.6496
17036,364.76974
17037,285.27692
17038,278.88272
17039,278.7498
17040,190.09596
17041,167.29097
17042,152.88405
17043,105.12122
17044,188.71272
17045,102.09887
17046,110.62459
17047,61.505226
17048,118.27941
17049,107.17396
17050,116.81957
17051,218.75739
17052,98.69894
17053,79.76678
17054,113.52727
17055,149.79248
17056,160.3375
17057,108.45844
17058,191.28766
17059,115.062485
17060,93.90498
17061,111.910385
17062,124.81579
17063,223.77455
17064,234.3208
17065,210.39847
17066,187.7589
17067,208.45607
17068,196.10342
17069,183.13304
17070,186.03531
17071,259.2563
17072,297.5864
17073,240.57224
17074,261.3236
17075,234.85542
17076,265.44714
17077,287.01746
17078,205.6019
17079,301.61496
17080,324.24887
17081,252.80368
17082,244.07568
17083,233.77118
17084,220.6886
17085,159.29645
17086,145.94707
17087,153.2231
17088,176.8366
17089,121.99129
17090,122.75696
17091,113.77955
17092,133.08835
17093,190.02994
17094,447.1723
17095,501.79514
17096,370.77426
17097,267.49066
17098,194.11887
17099,265.73337
17100,246.93968
17101,211.09477
17102,203.6299
17103,177.98659
17104,127.50761
17105,94.65883
17106,27.902504
17107,1.4915526
17108,14.423992
17109,22.47727
17110,48.010967
17111,25.865494
17112,5.53555
17113,-3.5843482
17114,-1.2963336
17115,-1.242887
17116,-1.1938328
17117,-1.1052887
17118,-1.099853
17119,-1.0380442
17120,-1.036948
17121,-1.0400206
17122,-1.0635159
17123,-1.0816694
17124,-1.0816694
17125,-1.0966821
17126,-1.1277378
17127,-1.0893593
17128,-1.1148142
17129,-1.1587327
17130,-1.1658562
17131,-1.077143
17132,-1.1665591
17133,-1.1612183
17134,-1.1451911
17135,-1.1659068
17136,-1.2052387
17137,-1.161576
17138,-1.1704324
17139,-1.1343819
17140,-1.1343819
17141,-1.1753622
17142,-1.1537592
17143,-1.1394112
17144,-1.1313872
17145,-1.1324049
17146,-2.066157
17147,-1.137654
17148,-1.1167209
17149,-1.9997656
17150,-1.190672
17151,-1.1748933
17152,-0.98181796
17153,-1.0034842
17154,-0.99638397
17155,-1.1201234
17156,-1.1188965
17157,-1.1378787
17158,-1.1304517
17159,-1.1547598
17160,-1.098654
17161,-1.1388743
17162,-0.9694023
17163,-0.97293466
17164,-1.0543336
17165,-1.0908082
17166,-1.0354966
17167,-0.97453415
17168,-0.96610296
17169,-1.15889
17170,-1.0944836
17171,-1.0528244
17172,-1.060824
17173,-1.0608572
17174,-1.0483754
17175,-1.0165771
17176,-1.1036696
17177,-0.9615464
17178,-0.9499957
17179,-0.9243933
17180,-1.0077324
17181,-1.0631217
17182,22.318592
17183,29.763264
17184,-1.1849918
17185,-1.7893238
17186,-1.0290945
17187,36.97654
17188,162.15056
17189,86.822784
17190,56.304165
17191,-1.1992619
17192,10.583116
17193,51.59214
17194,21.2468
17195,3.1811857
17196,12.939347
17197,76.91799
17198,24.777214
17199,8.871298
17200,-1.5940098
17201,55.73709
17202,66.840004
17203,53.786373
17204,66.02183
17205,94.2116
17206,57.48553
17207,127.7612
17208,138.71858
17209,161.25609
17210,202.83427
17211,222.49545
17212,285.43124
17213,240.44754
17214,256.32703
17215,290.48917
17216,336.67126
17217,379.6962
17218,356.25128
17219,334.95386
17220,365.43524
17221,389.4974
17222,372.57944
17223,389.70743
17224,352.9291
17225,340.22372
17226,414.99966
17227,394.5117
17228,328.17294
17229,279.98654
17230,189.70392
17231,185.22374
17232,240.58287
17233,280.52332
17234,304.9327
17235,320.78204
17236,237.17917
17237,249.16943
17238,278.5664
17239,227.73071
17240,239.62514
17241,264.53714
17242,278.8272
17243,205.11693
17244,178.9955
17245,244.28746
17246,248.40544
17247,218.97923
17248,259.65933
17249,282.53897
17250,243.21571
17251,208.56752
17252,206.14682
17253,182.86995
17254,217.7751
17255,262.60486
17256,269.7145
17257,275.40878
17258,312.84683
17259,359.0815
17260,479.13934
17261,473.61987
17262,434.07275
17263,260.17532
17264,250.15279
17265,191.34203
17266,243.091
17267,324.01248
17268,286.71292
17269,360.4758
17270,248.80675
17271,190.04353
17272,251.02861
17273,233.25534
17274,202.34177
17275,140.00185
17276,153.49026
17277,108.68999
17278,79.66864
17279,137.0158
17280,304.22324
17281,374.67282
17282,380.10284
17283,512.40564
17284,485.29828
17285,443.50757
17286,279.68918
17287,370.78436
17288,289.14246
17289,592.65936
17290,387.25317
17291,642.0023
17292,550.0943
17293,669.7924
17294,641.6774
17295,727.5205
17296,725.45764
17297,1048.0602
17298,903.9977
17299,807.0941
17300,873.4152
17301,914.36115
17302,1047.4958
17303,932.2684
17304,907.79425
17305,912.01624
17306,1230.268
17307,839.869
17308,1542.0985
17309,1253.4155
17310,1241.8838
17311,837.5787
17312,1041.935
17313,663.64685
17314,344.9284
17315,688.7826
17316,1152.3204
17317,1048.3433
17318,850.27637
17319,943.687
17320,1436.2184
17321,1528.7291
17322,1093.2272
17323,1023.69916
17324,1229.4486
17325,1143.228
17326,999.9873
17327,1402.7754
17328,1694.0757
17329,1487.9966
17330,1091.1238
17331,837.05853
17332,1419.5679
17333,856.01514
17334,1070.5619
17335,1258.1571
17336,1368.7814
17337,1474.7765
17338,694.30756
17339,574.43866
17340,1054.1484
17341,1459.5494
17342,1114.8492
17343,1746.2146
17344,1786.3799
17345,1637.5885
17346,1283.0647
17347,1085.0756
17348,705.0726
17349,482.69168
17350,884.36005
17351,890.48724
17352,1065.7994
17353,1400.9017
17354,1669.1654
17355,1795.918
17356,1663.6544
17357,1693.3379
17358,1744.9336
17359,1570.5316
17360,1241.1244
17361,1644.7635
17362,1213.5374
17363,1385.6212
17364,1843.7477
17365,1231.2953
17366,650.0756
17367,250.1562
17368,391.00467
17369,361.5446
17370,386.57724
17371,266.24628
17372,226.89809
17373,218.76144
17374,103.93551
17375,60.0537
17376,27.183153
17377,138.23494
17378,312.20087
17379,1204.8945
17380,1035.262
17381,531.6756
17382,993.95496
17383,625.28937
17384,693.0258
17385,831.8305
17386,809.5701
17387,564.64746
17388,514.673
17389,480.3372
17390,575.71924
17391,322.50412
17392,322.05023
17393,280.31003
17394,284.20975
17395,236.46725
17396,435.09732
17397,453.91354
17398,552.1246
17399,601.95844
17400,563.19653
17401,659.84265
17402,646.64984
17403,621.682
17404,532.34937
17405,472.99396
17406,469.7224
17407,382.4421
17408,453.79877
17409,728.4607
17410,688.3278
17411,529.073
17412,460.98215
17413,547.98096
17414,587.96893
17415,477.0635
17416,408.95236
17417,373.94852
17418,409.58154
17419,411.89624
17420,411.25323
17421,476.51862
17422,313.5624
17423,335.42255
17424,412.70334
17425,403.62955
17426,434.48785
17427,395.51257
17428,553.5886
17429,578.5285
17430,508.86658
17431,651.5924
17432,643.58203
17433,586.5051
17434,621.0363
17435,443.25577
17436,566.10895
17437,405.28204
17438,332.5495
17439,382.01672
17440,337.61224
17441,160.35376
17442,384.33096
17443,177.94754
17444,143.23761
17445,232.71898
17446,337.75024
17447,196.77168
17448,34.444412
17449,219.11504
17450,724.4177
17451,389.42563
17452,154.1776
17453,263.03452
17454,482.20547
17455,231.2322
17456,90.91749
17457,56.717064
17458,76.26862
17459,189.08691
17460,411.8907
17461,464.80066
17462,199.18608
17463,316.48425
17464,522.7846
17465,580.94244
17466,619.5367
17467,542.63086
17468,328.95407
17469,322.10538
17470,221.48224
17471,446.94287
17472,403.37283
17473,358.0328
17474,254.86285
17475,313.43884
17476,195.66751
17477,272.16028
17478,146.12755
17479,214.00827
17480,103.318214
17481,216.86092
17482,211.65858
17483,187.59717
17484,115.79035
17485,73.415
17486,195.73917
17487,495.23706
17488,577.9992
17489,378.47055
17490,403.54037
17491,167.28029
17492,119.81116
17493,72.1807
17494,45.99846
17495,46.03718
17496,74.53728
17497,68.526726
17498,159.78859
17499,178.0499
17500,125.25039
17501,140.18054
17502,100.83393
17503,208.57008
17504,462.77747
17505,543.7837
17506,623.54895
17507,373.63745
17508,242.38861
17509,182.83041
17510,153.83308
17511,131.34988
17512,157.073
17513,196.76611
17514,213.64574
17515,250.10469
17516,294.5242
17517,254.49179
17518,171.62006
17519,210.12212
17520,292.30508
17521,379.22375
17522,417.08026
17523,420.56766
17524,455.56912
17525,568.63275
17526,551.5637
17527,271.63712
17528,216.88246
17529,233.45074
17530,255.72708
17531,265.2647
17532,178.54
17533,116.512726
17534,90.35286
17535,60.714554
17536,68.56195
17537,53.02923
17538,36.271152
17539,42.313595
17540,26.403881
17541,7.011502
17542,26.274633
17543,12.548255
17544,3.3814116
17545,4.409122
17546,39.22239
17547,37.526886
17548,41.166023
17549,50.69541
17550,46.65399
17551,46.239746
17552,55.069145
17553,44.1169
17554,-2.613012
17555,-1.4536878
17556,-1.3840506
17557,-1.3343413
17558,-1.2931312
17559,-1.2125984
17560,-1.1663444
17561,-1.0341113
17562,-1.183267
17563,-1.0480477
17564,-1.0312024
17565,-0.9658889
17566,-0.9565943
17567,-0.9723121
17568,-0.9753265
17569,-1.0001067
17570,-0.9285877
17571,-0.9285877
17572,-0.9447621
17573,-0.9285877
17574,-0.9447621
17575,-0.9870026
17576,-0.9870026
17577,-0.9870026
17578,-0.9876447
17579,-0.9967338
17580,-1.0808532
17581,-1.0983664
17582,-1.0745418
17583,-1.0295782
17584,-1.0317377
17585,-1.032925
17586,-1.0827842
17587,-1.1105683
17588,-1.1109616
17589,-1.1004204
17590,-1.0986739
17591,-1.0718075
17592,-1.0360116
17593,-1.1734403
17594,-1.322038
17595,-1.2276459
17596,-1.1862364
17597,-1.1933382
17598,-1.1929119
17599,-1.1343241
17600,-1.1338978
17601,-1.1332462
17602,-1.1263703
17603,-1.1407024
17604,-1.1085008
17605,-1.019391
17606,-1.0075799
17607,-0.99472094
17608,-1.019391
17609,-1.019391
17610,-1.0322094
17611,-1.0558413
17612,-1.0536048
17613,-1.049333
17614,145.37688
17615,112.531296
17616,131.13808
17617,72.277054
17618,51.661377
17619,55.18589
17620,66.73094
17621,94.41056
17622,155.31847
17623,171.1647
17624,158.63736
17625,80.822914
17626,137.91124
17627,146.95282
17628,167.97054
17629,170.95299
17630,170.64882
17631,140.96915
17632,81.695076
17633,122.63971
17634,185.75056
17635,225.9042
17636,159.79254
17637,203.5087
17638,186.86044
17639,80.49663
17640,-1.1686107
17641,5.747956
17642,87.43491
17643,93.120544
17644,110.383995
17645,192.30168
17646,166.74484
17647,95.875114
17648,39.90676
17649,75.850204
17650,61.813225
17651,26.02238
17652,26.91114
17653,1.6296057
17654,15.87068
17655,24.757595
17656,67.42031
17657,79.38619
17658,69.70156
17659,78.21071
17660,98.560234
17661,74.67902
17662,56.414516
17663,83.09468
17664,103.053825
17665,82.37555
17666,10.885158
17667,-2.8146198
17668,-1.7603502
17669,-1.4496288
17670,-1.3251244
17671,-1.2403239
17672,-1.2382371
17673,-1.1966574
17674,-1.0667355
17675,-1.0516661
17676,-1.0166222
17677,-1.1819752
17678,-1.014016
17679,-1.1411641
17680,-1.1465998
17681,-1.194533
17682,-1.2010258
17683,-1.1960739
17684,-1.2571481
17685,-1.1142107
17686,-1.1142107
17687,-1.1142107
17688,-1.1142107
17689,-1.1866504
17690,-1.2492622
17691,-1.2405758
17692,-1.2305249
17693,-1.2939479
17694,-1.2939479
17695,-1.2725986
17696,-1.2759216
17697,-1.1475458
17698,-1.2186731
17699,-1.2091756
17700,-1.1249696
17701,-1.1053607
17702,-1.1054938
17703,-1.1680733
17704,-1.2282629
17705,-1.4064552
17706,-1.0420927
17707,-0.9853229
17708,-0.90097564
17709,-1.0500712
17710,-1.1618493
17711,-1.2060803
17712,-1.1766689
17713,-1.1423019
17714,-1.2126034
17715,-1.2126034
17716,-1.1384447
17717,-1.155235
17718,-1.1522167
17719,-1.1755124
17720,-1.19826
17721,-1.2114463
17722,-1.2067132
17723,-1.2794654
17724,-1.3338572
17725,-1.9254535
17726,-1.2499794
17727,-1.2590026
17728,-1.2511673
17729,-1.2529721
17730,-1.2146995
17731,143.42255
17732,316.38565
17733,204.52917
17734,237.26077
17735,396.25528
17736,215.54846
17737,102.593735
17738,57.914253
17739,118.55777
17740,79.893486
17741,70.14691
17742,106.01352
17743,49.65407
17744,47.109833
17745,27.369926
17746,68.00206
17747,47.865555
17748,45.834557
17749,1.6939124
17750,-1.0175139
17751,-1.0678177
17752,-0.8464568
17753,-0.8568502
17754,-0.8830339
17755,-0.9361473
17756,-0.75087684
17757,-0.83467114
17758,-0.8385091
17759,-0.9806114
17760,-0.98007005
17761,-1.0331651
17762,-1.0566064
17763,-1.8410811
17764,-0.90673673
17765,-1.1111155
17766,-1.1035514
17767,-1.0376734
17768,-1.1635547
17769,-1.093373
17770,-1.0453457
17771,-1.0428926
17772,-1.0876672
17773,-1.0106772
17774,-1.748951
17775,-1.0346344
17776,-1.0188414
17777,-0.94908327
17778,-0.95149803
17779,-0.9369622
17780,-0.942212
17781,-0.92934346
17782,-0.92934346
17783,-0.89207566
17784,-0.93253636
17785,-0.99002707
17786,-0.99583447
17787,-0.99638885
17788,-1.1165721
17789,-1.1292723
17790,-1.1468318
17791,-1.1360207
17792,-1.1322323
17793,-1.1176149
17794,-1.1110343
17795,-1.1452261
17796,-1.1622825
17797,-1.171142
17798,-1.1721543
17799,-1.1721543
17800,-1.1721543
17801,-1.1696185
17802,-1.1553305
17803,-1.1723164
17804,-1.1738591
17805,-1.1968262
17806,-1.1477112
17807,-1.1250235
17808,-1.1247438
17809,-1.1687107
17810,-1.1687107
17811,-1.1925333
17812,-1.2182862
17813,-1.174037
17814,-1.1510696
17815,-1.1691056
17816,-1.1691056
17817,-1.1433527
17818,-1.1947317
17819,-1.2014647
17820,-1.1711361
17821,-1.2276093
17822,-1.2429959
17823,-1.2273755
17824,-1.2391967
17825,-1.2548667
17826,-1.3325273
17827,-1.3854802
17828,-1.4002815
17829,-1.3909714
17830,-1.290581
17831,-1.290581
17832,-1.3221648
17833,-2.074787
17834,-1.350744
17835,-1.207197
17836,-1.3877372
17837,-1.3675483
17838,-1.314093
17839,-1.3057055
17840,-1.2815025
17841,-1.1271819
17842,-1.1305782
17843,-1.2401278
17844,-1.2954102
17845,-1.211779
17846,-1.0722265
17847,-1.2877554
17848,-1.1341461
17849,-1.2931615
17850,-1.3001361
17851,-1.2818512
17852,-1.2642503
17853,-1.2791022
17854,-1.2791022
17855,-1.3493519
17856,-1.3062786
17857,-1.3332002
17858,-1.3105507
17859,-1.3173047
17860,-1.2467105
17861,-1.4301142
17862,-1.4230845
17863,-1.337587
17864,-1.3328751
17865,-1.3724507
17866,-1.3639207
17867,-1.340875
17868,-1.2266763
17869,-2.0038192
17870,-1.4089
17871,-1.1900439
17872,38.392796
17873,3.5811546
17874,-1.3244138
17875,-1.3982531
17876,-1.4345201
17877,-1.963763
17878,19.221386
17879,36.23681
17880,83.71067
17881,115.20709
17882,73.70647
17883,104.18984
17884,11.828376
17885,-2.4900196
17886,-1.1550823
17887,-1.8168888
17888,-1.8309529
17889,-1.6867496
17890,4.474282
17891,14.52103
17892,-0.9704571
17893,-1.4435562
17894,127.94958
17895,50.973797
17896,25.391083
17897,23.638918
17898,38.58104
17899,-2.811962
17900,-1.0534629
17901,-1.4343287
17902,21.972416
17903,-1.568554
17904,72.406586
17905,87.02569
17906,52.77571
17907,-1.3870337
17908,-0.75629985
17909,-1.5746068
17910,56.426254
17911,15.53866
17912,-0.9737038
17913,-1.0182084
17914,-1.5091428
17915,105.44617
17916,91.23137
17917,104.696144
17918,76.3278
17919,6.05269
17920,-2.319249
17921,-1.0231671
17922,-1.0183604
17923,-1.0005993
17924,-1.7456026
17925,6.8260446
17926,107.36817
17927,61.08432
17928,115.505936
17929,84.709236
17930,58.131714
17931,53.684113
17932,64.886635
17933,55.483284
17934,50.661533
17935,24.422033
17936,32.0936
17937,39.76487
17938,11.1038885
17939,-3.86992
17940,-5.1080933
17941,-2.4577737
17942,-1.0739745
17943,-1.749277
17944,-1.0621259
17945,-1.0468968
17946,-1.0433497
17947,-1.0782776
17948,-1.0596786
17949,-1.0039058
17950,-1.0626732
17951,-1.0063832
17952,-0.99886566
17953,-0.9089151
17954,-0.9734778
17955,-0.93079275
17956,-1.0192603
17957,-1.0184951
17958,-1.0567839
17959,-1.0484049
17960,-1.0757151
17961,-1.1043494
17962,-1.1116141
17963,-1.1058129
17964,-1.1058129
17965,-1.1851045
17966,-1.1702263
17967,-1.2286218
17968,-1.2366923
17969,-1.4074239
17970,-2.255061
17971,-1.0826322
17972,-1.0724292
17973,-1.1937982
17974,-1.2488099
17975,-1.2556673
17976,-1.2475637
17977,-1.2688328
17978,-1.2607294
17979,-1.2762831
17980,-1.2988255
17981,-1.2856272
17982,-1.2792228
17983,-1.3001391
17984,-1.3142432
17985,-1.3330127
17986,-1.3275236
17987,-1.362303
17988,-1.2567061
17989,-1.2849092
17990,-2.094077
17991,-1.4342984
17992,-1.4720858
17993,-1.4746217
17994,-1.9316705
17995,-1.2554972
17996,-1.2634425
17997,-1.3685278
17998,-1.3892137
17999,-1.3120934
18000,-1.2469141
18001,-1.1902173
18002,-1.1902173
18003,-1.1902173
18004,-1.1205252
18005,-1.1205252
18006,-1.1468345
18007,-1.15851
18008,-1.1516011
18009,-1.1516011
18010,-1.986585
18011,-1.1923227
18012,-1.2113612
18013,-1.3382517
18014,-1.1793972
18015,-1.2136028
18016,-1.3097835
18017,-1.2487576
18018,-1.0820307
18019,-1.138255
18020,-0.59783626
18021,-0.9051671
18022,28.625692
18023,95.903694
18024,58.59368
18025,66.9461
18026,100.55446
18027,73.69846
18028,99.68415
18029,143.45564
18030,138.31795
18031,177.46368
18032,159.86127
18033,154.37163
18034,108.02022
18035,143.26239
18036,142.04146
18037,5.9267793
18038,103.729256
18039,34.044292
18040,150.8964
18041,83.009155
18042,235.32283
18043,128.22687
18044,179.43135
18045,63.905987
18046,89.78361
18047,124.161606
18048,311.74374
18049,161.07265
18050,393.47668
18051,136.5046
18052,91.59364
18053,401.56665
18054,189.73148
18055,122.42719
18056,125.182
18057,130.41089
18058,325.35208
18059,339.68845
18060,215.45178
18061,411.17368
18062,268.40726
18063,223.64888
18064,131.38048
18065,263.92862
18066,263.18057
18067,293.78345
18068,278.0439
18069,403.3561
18070,480.29672
18071,497.0083
18072,470.59906
18073,694.81635
18074,752.4678
18075,672.9045
18076,719.20435
18077,666.70764
18078,539.27594
18079,628.5133
18080,594.27423
18081,595.48944
18082,719.44995
18083,707.10406
18084,627.2564
18085,604.72736
18086,523.06226
18087,565.2194
18088,499.9451
18089,376.91434
18090,373.0889
18091,396.24704
18092,451.7966
18093,538.9059
18094,527.78516
18095,423.94214
18096,403.23965
18097,302.12622
18098,187.11993
18099,177.34727
18100,236.84778
18101,201.02467
18102,224.48146
18103,175.61703
18104,234.01189
18105,222.73372
18106,248.9442
18107,241.57205
18108,367.67038
18109,393.06714
18110,351.5235
18111,445.20908
18112,457.19806
18113,358.5279
18114,293.59534
18115,298.4939
18116,305.65225
18117,298.77945
18118,211.97581
18119,186.27698
18120,164.62416
18121,133.66048
18122,173.02847
18123,176.5029
18124,191.09496
18125,115.94641
18126,117.823265
18127,234.24863
18128,234.0462
18129,232.37582
18130,320.71783
18131,429.14102
18132,317.03696
18133,180.43982
18134,166.3415
18135,111.28602
18136,62.473236
18137,59.63603
18138,83.83336
18139,63.73491
18140,86.26026
18141,71.46127
18142,73.589355
18143,62.80635
18144,81.72618
18145,59.086372
18146,32.170452
18147,29.716152
18148,5.100304
18149,-2.5803316
18150,-3.0466435
18151,-0.87312126
18152,-0.74488884
18153,-0.72148365
18154,-0.6544248
18155,15.3952875
18156,27.630947
18157,0.29744384
18158,-0.7804974
18159,-0.77861667
18160,-0.7401744
18161,-0.664282
18162,-0.719933
18163,-0.8119154
18164,-0.8594858
18165,-0.7997024
18166,-1.5539244
18167,37.27868
18168,211.51558
18169,154.02168
18170,222.08365
18171,284.7556
18172,171.79993
18173,330.65054
18174,284.52438
18175,153.11644
18176,109.624794
18177,146.10638
18178,268.53012
18179,278.3402
18180,146.76729
18181,314.44928
18182,430.03723
18183,375.12885
18184,502.8821
18185,265.177
18186,323.58832
18187,254.86552
18188,320.71573
18189,348.00656
18190,440.37695
18191,683.0731
18192,421.09497
18193,221.82486
18194,112.57374
18195,237.78482
18196,328.40637
18197,183.66214
18198,195.69719
18199,176.33786
18200,140.70451
18201,103.36355
18202,102.34888
18203,162.23553
18204,108.30636
18205,73.615486
18206,41.183395
18207,62.23657
18208,52.256077
18209,83.65187
18210,111.830894
18211,168.25137
18212,1154.9377
18213,1093.7491
18214,1000.413
18215,1014.1846
18216,636.4488
18217,1049.6624
18218,1009.6104
18219,892.0663
18220,800.62885
18221,1072.2045
18222,1040.0166
18223,1148.9229
18224,1135.7562
18225,1049.8892
18226,1100.7076
18227,1028.4661
18228,1534.1649
18229,1132.7452
18230,967.4433
18231,742.9778
18232,835.3848
18233,784.777
18234,913.98987
18235,772.3155
18236,733.2073
18237,916.4494
18238,1027.9276
18239,997.69446
18240,922.249
18241,713.4383
18242,718.4205
18243,518.43256
18244,623.96436
18245,517.0701
18246,925.1921
18247,501.01004
18248,369.85602
18249,493.58014
18250,527.43
18251,575.07104
18252,536.999
18253,559.2636
18254,578.48645
18255,666.3855
18256,464.01556
18257,521.67395
18258,541.5608
18259,420.1668
18260,264.14856
18261,194.73683
18262,298.35162
18263,376.77908
18264,463.1338
18265,685.9708
18266,660.09705
18267,646.0006
18268,456.05173
18269,483.65588
18270,299.71884
18271,390.59665
18272,663.243
18273,903.60034
18274,860.9758
18275,721.4414
18276,588.5247
18277,502.56708
18278,329.22336
18279,286.9606
18280,223.05528
18281,370.9932
18282,371.187
18283,229.04564
18284,251.55176
18285,384.10742
18286,220.84421
18287,121.22619
18288,222.32222
18289,324.33395
18290,188.54704
18291,235.02757
18292,176.08963
18293,183.90494
18294,276.59644
18295,175.0337
18296,236.20633
18297,216.99811
18298,150.2614
18299,162.81952
18300,186.1535
18301,158.3305
18302,143.7718
18303,178.6511
18304,101.60079
18305,147.22534
18306,71.2769
18307,84.162155
18308,175.11197
18309,171.97961
18310,103.6503
18311,147.14183
18312,131.89668
18313,141.85872
18314,151.93394
18315,97.90374
18316,90.87539
18317,84.91281
18318,54.874546
18319,65.0875
18320,125.2515
18321,67.87104
18322,69.31275
18323,280.84116
18324,509.5467
18325,391.4375
18326,446.70715
18327,526.1039
18328,386.26517
18329,415.0294
18330,359.97644
18331,315.8011
18332,352.21274
18333,388.32825
18334,392.51382
18335,355.84155
18336,366.24454
18337,291.97293
18338,354.08978
18339,414.60144
18340,390.25842
18341,350.7462
18342,498.08884
18343,331.7752
18344,485.28152
18345,489.76303
18346,581.1539
18347,461.92905
18348,315.92847
18349,349.7954
18350,486.96738
18351,577.0879
18352,369.22214
18353,573.4773
18354,521.4871
18355,315.87344
18356,401.88876
18357,453.50754
18358,330.5666
18359,532.53503
18360,449.78897
18361,303.3213
18362,401.5378
18363,581.6076
18364,755.5116
18365,1008.8683
18366,481.24634
18367,470.3492
18368,434.80496
18369,441.11893
18370,608.64166
18371,615.01996
18372,772.16736
18373,814.06696
18374,639.6077
18375,400.498
18376,450.6087
18377,607.5311
18378,575.1462
18379,485.06665
18380,549.13513
18381,535.3267
18382,444.08133
18383,422.7588
18384,278.71262
18385,204.47359
18386,123.46496
18387,128.87909
18388,164.93637
18389,289.57193
18390,358.0302
18391,257.64468
18392,327.31183
18393,473.0523
18394,409.01703
18395,366.3885
18396,80.1123
18397,47.68258
18398,62.24098
18399,24.80567
18400,107.89504
18401,43.613335
18402,67.16369
18403,85.796425
18404,134.65392
18405,98.54748
18406,115.15396
18407,154.31082
18408,163.72655
18409,124.85619
18410,153.80048
18411,180.00015
18412,177.23419
18413,147.72122
18414,153.72343
18415,120.36258
18416,188.24553
18417,153.77708
18418,209.55635
18419,287.88498
18420,244.07068
18421,231.4379
18422,129.94891
18423,341.04593
18424,361.37036
18425,425.0186
18426,674.9649
18427,611.6903
18428,365.88226
18429,407.86392
18430,237.54257
18431,150.06128
18432,44.197224
18433,82.4795
18434,155.1834
18435,377.9568
18436,262.55576
18437,88.992195
18438,75.86162
18439,63.21941
18440,50.930286
18441,124.32941
18442,116.05294
18443,84.90875
18444,171.79857
18445,95.043915
18446,24.950901
18447,82.71573
18448,174.2385
18449,179.93571
18450,86.80813
18451,109.38951
18452,182.09811
18453,290.50333
18454,220.13155
18455,215.53714
18456,136.89105
18457,256.46017
18458,325.56967
18459,277.93466
18460,186.79292
18461,67.43411
18462,-1.8287063
18463,83.68095
18464,204.22
18465,160.48859
18466,99.62205
18467,127.65519
18468,193.58266
18469,200.65544
18470,102.371635
18471,99.326805
18472,19.086535
18473,45.213146
18474,467.09634
18475,408.69476
18476,317.90442
18477,206.2981
18478,101.10041
18479,54.381557
18480,7.488345
18481,3.4030023
18482,-0.8008043
18483,74.87588
18484,132.71979
18485,87.76516
18486,52.324207
18487,60.575783
18488,25.986788
18489,45.07735
18490,12.920782
18491,-2.5396483
18492,-1.0543175
18493,-0.92279977
18494,-0.986652
18495,-0.90887713
18496,-0.7250183
18497,16.434364
18498,33.66621
18499,4.0932474
18500,-1.5904871
18501,-0.9739637
18502,-0.85011864
18503,-0.827184
18504,-0.6561256
18505,-0.8087329
18506,20.811275
18507,89.52377
18508,141.61133
18509,112.91654
18510,101.893814
18511,91.35521
18512,47.833286
18513,65.4359
18514,104.209404
18515,97.68406
18516,119.44457
18517,119.63047
18518,121.72973
18519,140.94167
18520,106.25849
18521,74.92063
18522,71.28366
18523,59.820637
18524,46.699142
18525,68.5974
18526,124.09168
18527,100.61386
18528,126.004524
18529,165.23845
18530,140.7634
18531,201.40501
18532,160.67368
18533,180.19771
18534,119.014595
18535,0.9561485
18536,-0.8445084
18537,-1.320208
18538,166.03108
18539,194.4091
18540,109.46676
18541,88.72305
18542,227.71877
18543,157.14845
18544,80.162224
18545,88.75392
18546,120.449036
18547,118.3033
18548,159.31027
18549,123.58232
18550,114.14608
18551,122.37048
18552,117.170204
18553,143.80914
18554,146.6151
18555,182.69244
18556,218.34235
18557,188.84991
18558,197.23228
18559,194.67223
18560,201.36743
18561,221.24884
18562,186.22253
18563,172.81325
18564,96.493164
18565,21.313072
18566,-2.485982
18567,60.927227
18568,61.05149
18569,42.855633
18570,32.729042
18571,-1.1335557
18572,-0.667797
18573,-0.71420664
18574,-0.78327245
18575,-1.5764024
18576,-0.0619994
18577,0.85020363
18578,23.015276
18579,45.11246
18580,84.76759
18581,117.42429
18582,173.64336
18583,137.11678
18584,167.76122
18585,48.642506
18586,235.15034
18587,119.77644
18588,157.27242
18589,150.71194
18590,152.04604
18591,111.51089
18592,104.61183
18593,55.56814
18594,4.927298
18595,68.35446
18596,76.50734
18597,153.31624
18598,149.98903
18599,80.50648
18600,177.15056
18601,180.8886
18602,63.86068
18603,96.30306
18604,230.95544
18605,110.96951
18606,105.340836
18607,84.36711
18608,99.76156
18609,95.28877
18610,114.34299
18611,65.648636
18612,-0.93997896
18613,32.92518
18614,-0.92193025
18615,-0.02489639
18616,88.3792
18617,59.64103
18618,118.52753
18619,71.62177
18620,100.95522
18621,65.08683
18622,89.9816
18623,126.5871
18624,117.90741
18625,49.433315
18626,105.067535
18627,116.08339
18628,105.71839
18629,88.47904
18630,88.094345
18631,125.610596
18632,122.86265
18633,25.638123
18634,106.61653
18635,101.92941
18636,60.92123
18637,159.3461
18638,34.223736
18639,118.513954
18640,139.88129
18641,130.48192
18642,63.665733
18643,49.70658
18644,88.6057
18645,73.06991
18646,90.114914
18647,124.093796
18648,109.725204
18649,93.89399
18650,94.43931
18651,140.0881
18652,150.04927
18653,105.66855
18654,122.826324
18655,123.74197
18656,94.90833
18657,78.47771
18658,114.53711
18659,145.61667
18660,113.67405
18661,104.71534
18662,136.3831
18663,148.7024
18664,143.18442
18665,197.214
18666,228.14972
18667,232.7265
18668,288.92157
18669,304.21082
18670,261.83957
18671,262.46902
18672,275.21036
18673,280.3067
18674,254.42235
18675,187.80157
18676,187.86758
18677,204.00912
18678,211.46367
18679,188.98851
18680,268.14944
18681,272.73666
18682,207.33438
18683,170.98291
18684,137.87195
18685,131.9826
18686,98.07845
18687,87.47444
18688,81.419014
18689,85.63257
18690,155.25069
18691,171.38893
18692,152.57542
18693,143.36194
18694,208.92963
18695,215.83148
18696,214.9508
18697,262.5187
18698,237.17606
18699,293.26862
18700,362.51407
18701,288.8267
18702,255.83647
18703,243.90794
18704,183.72096
18705,206.437
18706,148.49966
18707,155.65295
18708,110.36323
18709,108.8103
18710,163.13094
18711,129.90683
18712,106.64936
18713,109.511024
18714,140.89958
18715,132.25282
18716,82.48183
18717,55.171486
18718,8.772391
18719,3.6387904
18720,2.5506902
18721,-1.3211967
18722,6.448788
18723,2.13372
18724,4.1701684
18725,0.7715726
18726,-1.5636225
18727,-2.0448008
18728,-2.1290905
18729,-1.7871784
18730,18.0601
18731,49.38196
18732,54.16568
18733,81.194
18734,126.34828
18735,142.91127
18736,94.859695
18737,48.607025
18738,40.79338
18739,34.125385
18740,1.9487271
18741,-1.0585293
18742,23.898531
18743,-0.7758375
18744,64.11928
18745,4.1641583
18746,81.684235
18747,63.152126
18748,107.29828
18749,16.61638
18750,25.454063
18751,14.420785
18752,86.5641
18753,153.99872
18754,63.5132
18755,115.2597
18756,73.50372
18757,58.307705
18758,82.68719
18759,44.415245
18760,44.73095
18761,3.7342637
18762,38.084934
18763,38.815956
18764,34.959404
18765,117.14805
18766,71.7855
18767,17.592688
18768,48.630894
18769,12.797321
18770,101.0458
18771,73.095535
18772,128.4006
18773,122.90825
18774,78.87309
18775,97.80274
18776,191.71393
18777,168.47163
18778,200.76459
18779,296.6112
18780,197.61359
18781,227.3937
18782,240.10791
18783,401.74692
18784,215.84978
18785,102.111
18786,378.52878
18787,349.08032
18788,223.94585
18789,155.24657
18790,108.90471
18791,88.51926
18792,123.27094
18793,130.67314
18794,188.97491
18795,145.85439
18796,182.91112
18797,188.39914
18798,287.32227
18799,511.41165
18800,800.73346
18801,757.11536
18802,495.53378
18803,656.26514
18804,775.64075
18805,725.0768
18806,395.18735
18807,550.2771
18808,493.0694
18809,604.9611
18810,586.8775
18811,784.5285
18812,1041.3024
18813,1067.3735
18814,856.0563
18815,792.28076
18816,726.05066
18817,775.0153
18818,783.60706
18819,678.2515
18820,636.7124
18821,670.5119
18822,476.47986
18823,474.29706
18824,566.63354
18825,631.00684
18826,649.2791
18827,669.8669
18828,492.5557
18829,558.68195
18830,735.8923
18831,724.502
18832,811.393
18833,452.92102
18834,404.6898
18835,611.7159
18836,675.13586
18837,570.61615
18838,584.7767
18839,384.38516
18840,188.7163
18841,135.73097
18842,193.00563
18843,129.23326
18844,111.72223
18845,226.66817
18846,293.23407
18847,405.87683
18848,421.81195
18849,365.96738
18850,422.93353
18851,479.626
18852,363.8602
18853,326.5975
18854,325.6438
18855,282.08875
18856,168.16344
18857,113.463745
18858,217.91179
18859,220.94887
18860,351.8204
18861,427.67078
18862,543.3479
18863,433.3632
18864,319.25095
18865,298.15332
18866,395.91412
18867,620.3087
18868,789.91016
18869,524.5943
18870,-5.751653
18871,-4.8264303
18872,-3.4630904
18873,1.3069451
18874,-3.239441
18875,-3.255274
18876,-6.1844797
18877,-9.637751
18878,-5.9914722
18879,-10.724111
18880,-6.380946
18881,-7.4101725
18882,-4.6296253
18883,-7.8384457
18884,-2.165542
18885,-3.2415507
18886,-8.024623
18887,-9.907015
18888,-2.518224
18889,-2.2399614
18890,0.96043533
18891,6.8434486
18892,0.1683963
18893,1.2803475
18894,-10.95494
18895,2.7231839
18896,-1.0674344
18897,-0.72182864
18898,-1.718336
18899,-0.43167388
18900,3.8994374
18901,6.0555058
18902,-1.179897
18903,-2.6532273
18904,-1.3328108
18905,-1.654939
18906,-3.0136025
18907,-2.1999333
18908,-0.7689846
18909,-0.8028928
18910,0.7278798
18911,28.144243
18912,83.91447
18913,117.771645
18914,130.62714
18915,141.81374
18916,121.37852
18917,71.57361
18918,185.42912
18919,198.78487
18920,252.07208
18921,276.6214
18922,352.40906
18923,391.1037
18924,315.07455
18925,167.31815
18926,118.71865
18927,220.65176
18928,211.25815
18929,119.27071
18930,186.3999
18931,216.55998
18932,169.14053
18933,160.06804
18934,346.5144
18935,588.6776
18936,625.0947
18937,568.57605
18938,594.0135
18939,450.8597
18940,384.70056
18941,390.1399
18942,489.23032
18943,455.8737
18944,324.94812
18945,304.99725
18946,329.06543
18947,322.11136
18948,430.70398
18949,379.45007
18950,370.33627
18951,491.11633
18952,411.674
18953,418.3683
18954,412.91718
18955,383.60498
18956,676.8812
18957,590.4903
18958,587.88586
18959,536.13965
18960,461.52704
18961,447.3688
18962,318.2124
18963,342.36038
18964,426.53024
18965,562.5688
18966,458.16956
18967,408.72855
18968,424.57513
18969,363.27438
18970,317.68738
18971,287.4162
18972,324.05627
18973,183.11273
18974,266.99146
18975,337.54132
18976,440.77316
18977,444.6633
18978,443.35638
18979,522.78845
18980,471.65472
18981,493.46384
18982,546.90857
18983,613.9915
18984,367.5442
18985,434.0246
18986,631.1904
18987,472.52026
18988,530.8302
18989,458.1483
18990,470.03787
18991,622.4689
18992,553.253
18993,386.56863
18994,266.9223
18995,275.365
18996,334.39362
18997,414.19714
18998,430.92142
18999,347.03436
19000,285.40836
19001,330.22855
19002,166.9073
19003,167.1553
19004,191.87878
19005,224.00067
19006,217.52585
19007,279.2426
19008,80.78543
19009,12.130157
19010,29.019098
19011,15.449056
19012,-0.75375926
19013,-0.76861244
19014,-0.95884377
19015,-1.0340368
19016,-1.9721382
19017,-1.77116
19018,-0.912715
19019,-0.45686075
19020,-0.60879266
19021,-1.0946937
19022,-2.227874
19023,-1.2451311
19024,-0.5543861
19025,-0.2743707
19026,-0.8756993
19027,-1.3824708
19028,-1.2651696
19029,-1.5055492
19030,-0.904531
19031,-1.1787174
19032,-1.4299297
19033,1.937843
19034,-0.048380375
19035,-2.4863763
19036,-0.8906997
19037,-1.2041651
19038,-1.1394781
19039,-1.2349651
19040,-1.2725891
19041,-2.995319
19042,74.7789
19043,1.2920941
19044,-1.1870822
19045,-1.5757023
19046,-1.1766669
19047,80.961205
19048,216.18608
19049,226.07382
19050,273.24646
19051,108.779526
19052,342.52997
19053,247.18526
19054,238.23425
19055,229.06644
19056,365.00992
19057,217.32518
19058,347.51648
19059,56.658283
19060,206.62799
19061,103.24802
19062,104.28763
19063,61.871056
19064,183.60977
19065,186.59663
19066,370.60297
19067,234.66121
19068,98.964966
19069,285.25998
19070,200.94809
19071,159.61139
19072,233.30826
19073,293.41077
19074,266.59195
19075,258.88797
19076,240.61053
19077,484.5582
19078,342.33768
19079,259.26532
19080,325.24124
19081,277.50598
19082,736.67755
19083,765.5321
19084,310.08713
19085,219.38297
19086,243.79886
19087,317.33997
19088,433.32095
19089,451.24457
19090,448.72086
19091,562.9932
19092,471.96292
19093,540.86066
19094,538.73047
19095,460.92847
19096,456.20856
19097,581.12897
19098,541.1407
19099,493.5096
19100,612.01154
19101,690.81195
19102,852.6834
19103,701.7544
19104,585.815
19105,454.06726
19106,477.48813
19107,432.47772
19108,369.88263
19109,297.86426
19110,227.27481
19111,294.8366
19112,397.13055
19113,317.4576
19114,389.33
19115,344.00452
19116,241.08249
19117,198.92178
19118,150.03783
19119,140.87067
19120,159.80539
19121,225.34534
19122,194.26459
19123,126.56101
19124,54.844334
19125,31.485748
19126,26.509905
19127,41.582516
19128,108.04267
19129,91.3556
19130,84.0789
19131,117.767685
19132,142.42459
19133,161.16298
19134,133.38179
19135,102.55128
19136,87.9299
19137,80.39878
19138,173.13423
19139,173.5218
19140,77.03077
19141,63.030033
19142,64.09352
19143,57.51778
19144,45.521584
19145,45.525097
19146,34.641888
19147,32.296032
19148,19.918043
19149,17.10582
19150,4.5413175
19151,21.802174
19152,62.578922
19153,47.517937
19154,56.652893
19155,44.22553
19156,51.651524
19157,67.2722
19158,74.06819
19159,20.978472
19160,15.765068
19161,0.060580727
19162,-0.9907116
19163,-0.9545808
19164,-1.0073941
19165,-0.90835446
19166,-0.9265625
19167,60.75877
19168,11.783543
19169,0.63577783
19170,-0.9317602
19171,-0.8588672
19172,-0.85787314
19173,-0.88683975
19174,-0.87065953
19175,-2.5268724
19176,53.702507
19177,130.31683
19178,59.517673
19179,-3.8092375
19180,-1.3641896
19181,-0.90440214
19182,-1.1326044
19183,232.37477
19184,210.53546
19185,100.688354
19186,47.031475
19187,28.980087
19188,27.77975
19189,64.140564
19190,67.21856
19191,79.07653
19192,650.2047
19193,184.57321
19194,159.46326
19195,232.28894
19196,338.40436
19197,559.12555
19198,389.56226
19199,433.61243
19200,227.00229
19201,131.53891
19202,127.7004
19203,87.940475
19204,67.015114
19205,87.010155
19206,36.2617
19207,33.636265
19208,32.3146
19209,44.495434
19210,74.422585
19211,91.62664
19212,128.7341
19213,100.504326
19214,117.55365
19215,109.03204
19216,126.669334
19217,85.00258
19218,65.04401
19219,44.20078
19220,96.73889
19221,70.65591
19222,101.9622
19223,169.01222
19224,196.74516
19225,157.79817
19226,332.98102
19227,434.06964
19228,514.5804
19229,479.2572
19230,477.1928
19231,455.7379
19232,209.52998
19233,181.58043
19234,365.52292
19235,194.79196
19236,95.33911
19237,57.950115
19238,67.479034
19239,87.30531
19240,85.698166
19241,118.613785
19242,123.782036
19243,149.73853
19244,165.79478
19245,165.32104
19246,104.87416
19247,101.49467
19248,99.31058
19249,129.35153
19250,155.9736
19251,195.25847
19252,223.4541
19253,222.80917
19254,305.72412
19255,280.99432
19256,279.39462
19257,261.5652
19258,279.75284
19259,293.4374
19260,210.3939
19261,160.09543
19262,155.47485
19263,192.64319
19264,171.50145
19265,151.34547
19266,177.90987
19267,159.3976
19268,127.68245
19269,124.59238
19270,147.69884
19271,171.8094
19272,191.43626
19273,231.71959
19274,155.00363
19275,119.34666
19276,171.87941
19277,218.16902
19278,392.88013
19279,484.90115
19280,540.31445
19281,804.71216
19282,848.7521
19283,768.3656
19284,923.9183
19285,1114.6534
19286,982.96063
19287,860.12354
19288,702.7725
19289,615.05414
19290,467.17703
19291,322.88568
19292,236.08945
19293,196.87804
19294,183.74118
19295,255.89388
19296,125.810844
19297,114.2053
19298,66.42917
19299,3.5131965
19300,60.249474
19301,87.74131
19302,22.41023
19303,-2.5417037
19304,-1.4025828
19305,2.7817638
19306,-0.9299119
19307,59.685184
19308,44.510002
19309,33.609436
19310,5.9924717
19311,23.55224
19312,89.44826
19313,257.57294
19314,101.6163
19315,72.35285
19316,72.78258
19317,74.52182
19318,136.97162
19319,181.07347
19320,178.37115
19321,301.50546
19322,141.07303
19323,304.02798
19324,359.0251
19325,120.10688
19326,199.38155
19327,448.49216
19328,297.74036
19329,138.78302
19330,127.92265
19331,357.4369
19332,301.44302
19333,204.0962
19334,274.86218
19335,131.95526
19336,329.62738
19337,116.80999
19338,239.52701
19339,345.4362
19340,303.4286
19341,193.291
19342,251.97688
19343,342.3597
19344,178.16933
19345,260.75128
19346,222.79453
19347,153.80144
19348,95.91074
19349,218.03317
19350,287.7347
19351,321.64465
19352,293.99295
19353,360.19992
19354,321.60522
19355,415.50223
19356,318.4486
19357,175.4249
19358,307.50632
19359,1352.4363
19360,1898.1282
19361,626.1165
19362,293.80426
19363,169.12337
19364,100.67688
19365,113.49817
19366,71.14082
19367,32.15999
19368,119.001205
19369,211.0151
19370,305.35455
19371,205.66225
19372,170.65437
19373,196.36946
19374,145.04552
19375,166.44418
19376,151.78308
19377,172.88159
19378,144.90733
19379,117.28134
19380,135.16086
19381,100.67117
19382,69.360115
19383,55.647995
19384,19.963345
19385,16.501858
19386,30.93175
19387,44.461216
19388,44.098038
19389,58.06263
19390,17.845556
19391,22.723444
19392,18.121748
19393,72.62929
19394,52.29689
19395,41.30759
19396,19.700012
19397,36.03676
19398,32.92953
19399,22.571781
19400,-4.806277
19401,-0.9816836
19402,-0.9810514
19403,-1.0178357
19404,-1.0434
19405,-1.0555387
19406,-4.0608277
19407,-3.6478868
19408,-1.0226614
19409,-1.0227064
19410,-1.052717
19411,-1.0383402
19412,-1.0534432
19413,-1.0826147
19414,-1.0479786
19415,-1.0377005
19416,-1.0540088
19417,-1.0483049
19418,-1.0483049
19419,-1.0483049
19420,-1.0450563
19421,-1.0485443
19422,-1.038343
19423,-0.9941475
19424,-0.9941475
19425,-0.9723225
19426,-0.96626496
19427,-0.992362
19428,-1.0213861
19429,-1.1299741
19430,-1.107747
19431,-1.1204062
19432,-1.2199893
19433,-1.0784088
19434,-1.1165047
19435,-1.0456303
19436,-1.0338308
19437,-1.0338308
19438,-1.0338308
19439,-1.0265323
19440,-1.0265323
19441,-1.04367
19442,-1.0438595
19443,-1.063835
19444,-0.97092205
19445,-0.9663673
19446,-0.9663673
19447,-0.96085066
19448,-0.9989268
19449,-0.97433037
19450,-1.001547
19451,-0.99195236
19452,-1.0277729
19453,-0.9708548
19454,-0.9334352
19455,-0.9277161
19456,-0.9334352
19457,-0.88169557
19458,-0.8811018
19459,-0.9737979
19460,-0.99455017
19461,-0.88655907
19462,-0.976669
19463,-1.1290549
19464,-1.1106497
19465,-1.0967739
19466,-1.0774937
19467,-1.1088319
19468,-1.0630342
19469,-1.0630342
19470,-1.0452056
19471,-1.249155
19472,-1.2399642
19473,-1.1632969
19474,-1.129237
19475,-1.1138453
19476,-1.1014427
19477,-1.1128199
19478,-1.0590794
19479,-2.101714
19480,-1.1861998
19481,-1.0637207
19482,-1.8086367
19483,-1.2191535
19484,-1.1808641
19485,-1.1631428
19486,-1.2655301
19487,-1.8676734
19488,-1.1715882
19489,-1.1312115
19490,-1.1390421
19491,-1.8824121
19492,15.343415
19493,3.0773158
19494,-1.1102865
19495,-0.9820607
19496,-1.1647024
19497,-1.0851378
19498,-1.8866916
19499,2.935963
19500,-1.1813786
19501,-0.9526244
19502,-0.93006575
19503,-1.0223483
19504,-0.96818227
19505,-0.97818965
19506,-0.9557486
19507,-0.9630718
19508,-0.92857933
19509,-1.0807647
19510,-1.113884
19511,-1.0784717
19512,-1.0739895
19513,-0.9660418
19514,-1.0276058
19515,-0.90415865
19516,-0.8484301
19517,-1.0123609
19518,-1.0294225
19519,-1.0319018
19520,-1.0805968
19521,-1.0874728
19522,-1.0792787
19523,-1.1048622
19524,-1.7899828
19525,-0.94499516
19526,-1.0260614
19527,-1.0286728
19528,-1.1122161
19529,-1.0612785
19530,-1.1415956
19531,-0.9110171
19532,-1.1288978
19533,-1.0130707
19534,-1.011721
19535,8.014455
19536,102.57306
19537,74.97522
19538,109.67028
19539,98.71381
19540,97.9372
19541,112.086296
19542,100.50858
19543,103.161964
19544,124.658775
19545,97.427376
19546,107.65869
19547,115.50657
19548,111.398895
19549,130.56094
19550,127.4539
19551,114.2902
19552,121.86774
19553,100.11075
19554,106.306404
19555,105.32157
19556,94.300125
19557,79.16136
19558,71.77756
19559,42.21452
19560,15.334332
19561,16.218647
19562,20.490799
19563,16.678568
19564,38.68446
19565,49.94385
19566,26.182587
19567,39.959934
19568,30.624697
19569,9.567592
19570,-2.2373118
19571,-3.7187731
19572,-5.126844
19573,-3.5293021
19574,-1.6753395
19575,-1.6347
19576,-1.6591604
19577,-1.5911328
19578,-1.6259618
19579,-1.6936061
19580,-1.6430752
19581,-2.2166183
19582,-1.1284751
19583,38.0818
19584,62.72188
19585,0.76693505
19586,4.249446
19587,4.373972
19588,-0.9125036
19589,-0.9055752
19590,-0.8991598
19591,-0.9706218
19592,-0.9740771
19593,-1.0627309
19594,-1.0727205
19595,-1.0943134
19596,-1.1225462
19597,-1.0006857
19598,-1.1289943
19599,-0.99848235
19600,-0.95103407
19601,-1.0290164
19602,-0.9525435
19603,-1.1102294
19604,-1.3973185
19605,5.893648
19606,-0.967285
19607,-1.130805
19608,-1.7875211
19609,-1.6449616
19610,67.319756
19611,35.29384
19612,6.879159
19613,27.120762
19614,3.7183514
19615,25.242878
19616,57.195934
19617,4.4015465
19618,-0.95095265
19619,-0.9305169
19620,-1.6743814
19621,-1.1039773
19622,-1.1473864
19623,-0.9305169
19624,-1.0676719
19625,-1.7263753
19626,-0.95334876
19627,-0.5442369
19628,-1.1133714
19629,-0.9697308
19630,-1.0262765
19631,-1.097362
19632,-1.0721408
19633,-0.53598106
19634,-1.068612
19635,-0.9824301
19636,-0.634185
19637,-0.54070807
19638,-1.033683
19639,-0.94507706
19640,-0.94507706
19641,-0.929112
19642,-1.084149
19643,-1.0451623
19644,-1.0188093
19645,-0.945895
19646,-1.0027097
19647,-0.9750141
19648,-1.0082083
19649,-0.9423839
19650,-1.1325705
19651,-1.1720563
19652,-1.2181326
19653,-1.1847398
19654,-1.1667244
19655,-1.2002349
19656,-1.2191101
19657,-1.7171322
19658,-1.0189358
19659,63.21583
19660,134.81924
19661,165.67918
19662,186.9654
19663,166.41606
19664,184.91046
19665,164.15724
19666,120.28747
19667,156.54906
19668,111.004135
19669,111.08984
19670,110.24991
19671,114.329994
19672,147.82947
19673,120.0957
19674,93.831154
19675,143.66917
19676,121.910126
19677,116.69211
19678,120.76269
19679,107.78147
19680,104.59328
19681,102.781265
19682,130.36325
19683,112.74759
19684,126.05753
19685,106.954834
19686,105.591774
19687,90.023125
19688,78.29175
19689,75.32307
19690,91.74598
19691,95.43398
19692,80.45787
19693,72.876595
19694,60.939804
19695,61.628853
19696,60.84052
19697,68.01224
19698,52.45248
19699,63.81884
19700,84.64311
19701,73.1763
19702,78.28988
19703,53.559734
19704,8.758096
19705,-3.4501557
19706,-0.96285415
19707,-0.8676631
19708,-3.160529
19709,-3.206067
19710,-1.5111377
19711,-1.5186337
19712,-0.88842535
19713,-0.987391
19714,-1.0178224
19715,-1.0396343
19716,-1.736688
19717,-0.89207345
19718,-0.98795974
19719,-0.9527839
19720,-0.8484645
19721,4.9658856
19722,66.55733
19723,38.15481
19724,39.16502
19725,45.783836
19726,33.42659
19727,33.58491
19728,62.19757
19729,62.830887
19730,85.35762
19731,45.23864
19732,32.741486
19733,66.09963
19734,211.70876
19735,196.4237
19736,178.36368
19737,117.019295
19738,31.50206
19739,74.52582
19740,100.60856
19741,144.72554
19742,220.42168
19743,102.147
19744,54.925945
19745,106.022125
19746,130.73434
19747,80.23051
19748,148.94646
19749,136.47272
19750,97.22603
19751,107.72564
19752,126.94609
19753,94.56157
19754,98.37025
19755,126.79103
19756,13.188776
19757,37.447556
19758,114.8358
19759,169.34914
19760,208.31946
19761,153.01978
19762,195.43791
19763,97.87985
19764,286.57202
19765,161.85312
19766,225.95044
19767,169.96895
19768,349.12592
19769,119.50451
19770,337.8505
19771,169.21767
19772,212.14128
19773,314.86334
19774,248.39194
19775,407.29456
19776,323.65265
19777,353.55673
19778,331.91495
19779,319.27216
19780,224.9287
19781,287.16202
19782,396.87036
19783,333.85507
19784,370.26755
19785,238.91072
19786,222.67589
19787,361.09283
19788,278.43393
19789,302.12274
19790,249.24083
19791,211.55518
19792,153.52876
19793,161.11217
19794,137.91922
19795,248.26358
19796,239.89694
19797,182.4533
19798,213.77788
19799,167.3234
19800,222.24205
19801,295.18958
19802,292.6201
19803,271.2316
19804,278.37817
19805,328.7742
19806,310.20554
19807,441.69168
19808,471.0173
19809,501.59344
19810,550.98914
19811,538.254
19812,572.89294
19813,565.79224
19814,501.6721
19815,404.0949
19816,390.067
19817,361.25458
19818,328.35596
19819,406.82495
19820,521.63745
19821,577.3819
19822,709.9255
19823,603.6423
19824,564.2293
19825,657.65857
19826,513.4989
19827,575.1006
19828,255.8261
19829,1019.05225
19830,1243.8666
19831,1346.5153
19832,1276.6364
19833,989.2349
19834,606.34955
19835,428.71207
19836,231.92397
19837,93.697815
19838,49.745724
19839,78.46597
19840,213.66998
19841,462.52063
19842,457.5105
19843,190.93773
19844,146.39813
19845,184.30707
19846,297.42343
19847,309.9789
19848,306.4188
19849,256.15103
19850,251.29228
19851,168.10463
19852,105.28349
19853,44.767128
19854,34.604015
19855,62.022907
19856,61.496708
19857,76.3349
19858,30.748463
19859,35.388245
19860,90.57205
19861,98.70256
19862,75.186516
19863,171.83888
19864,94.143394
19865,161.63116
19866,162.66905
19867,135.58539
19868,254.57063
19869,172.61224
19870,127.63843
19871,-1.4046346
19872,41.090878
19873,223.44524
19874,149.42247
19875,93.921936
19876,133.56543
19877,82.59804
19878,106.25555
19879,130.54512
19880,190.70573
19881,158.58417
19882,94.30826
19883,72.49253
19884,19.870098
19885,0.84354544
19886,-1.4016004
19887,-1.1239903
19888,-1.2270498
19889,-1.1239111
19890,-1.292273
19891,-0.85036004
19892,-0.9666178
19893,-0.8724723
19894,12.822772
19895,34.640377
19896,-1.2953295
19897,-0.80895853
19898,0.16488054
19899,130.0493
19900,90.66033
19901,35.49001
19902,0.35267642
19903,-1.0228742
19904,-0.99905264
19905,-0.8862998
19906,-0.99698627
19907,-0.9112372
19908,-0.9212616
19909,-0.9645459
19910,-1.7597028
19911,-0.88666445
19912,49.33095
19913,13.034014
19914,8.679037
19915,-1.5127099
19916,6.6903763
19917,47.235233
19918,4.3582315
19919,-1.4040216
19920,92.913734
19921,198.41524
19922,389.03467
19923,277.33105
19924,391.1474
19925,506.98248
19926,301.7241
19927,299.18222
19928,166.8856
19929,156.80849
19930,263.91202
19931,115.83542
19932,118.54732
19933,78.51863
19934,93.28611
19935,68.374016
19936,98.94077
19937,41.368416
19938,11.199976
19939,9.8329735
19940,40.06915
19941,100.292336
19942,124.898865
19943,141.67662
19944,157.25798
19945,167.65826
19946,286.50165
19947,313.2127
19948,464.27582
19949,365.55545
19950,483.71423
19951,478.4146
19952,456.35294
19953,440.78662
19954,836.8076
19955,613.2478
19956,572.02203
19957,1071.4728
19958,548.623
19959,1100.4596
19960,997.09375
19961,862.4597
19962,859.79034
19963,452.65247
19964,1143.77
19965,1151.2777
19966,878.8523
19967,853.4236
19968,1225.2422
19969,1171.5792
19970,1147.2455
19971,855.0017
19972,1061.4716
19973,1627.1154
19974,714.7978
19975,475.442
19976,405.49323
19977,502.98215
19978,562.30615
19979,465.3203
19980,395.77264
19981,445.0265
19982,490.33597
19983,391.96985
19984,410.49594
19985,188.51486
19986,249.9757
19987,253.82469
19988,103.63478
19989,191.79376
19990,308.87793
19991,230.06992
19992,515.73566
19993,503.7817
19994,437.90103
19995,696.28503
19996,354.34286
19997,304.94498
19998,372.52164
19999,288.34814
20000,243.39291
20001,332.43533
20002,220.36858
20003,103.86237
20004,237.47412
20005,343.12503
20006,399.41623
20007,312.408
20008,179.177
20009,126.09721
20010,237.68127
20011,237.74834
20012,362.48486
20013,270.97498
20014,246.4602
20015,260.99854
20016,176.13316
20017,389.07562
20018,292.2291
20019,375.36438
20020,271.4363
20021,290.08936
20022,210.0436
20023,415.89258
20024,388.24942
20025,479.17914
20026,391.6427
20027,433.05472
20028,600.19684
20029,522.4635
20030,292.37305
20031,124.0304
20032,139.6969
20033,156.60564
20034,54.440025
20035,598.1019
20036,323.3369
20037,224.22742
20038,229.40701
20039,116.53271
20040,136.65768
20041,250.54039
20042,267.20267
20043,214.00665
20044,105.3064
20045,36.745472
20046,136.40945
20047,203.82686
20048,330.2753
20049,380.65994
20050,145.70638
20051,279.70798
20052,272.87207
20053,166.41121
20054,102.03961
20055,47.055183
20056,109.44217
20057,149.71979
20058,77.226295
20059,168.9745
20060,141.42314
20061,194.00655
20062,134.17952
20063,62.14318
20064,33.40648
20065,25.125269
20066,39.122623
20067,2.991246
20068,-1.1134753
20069,31.577095
20070,85.28128
20071,51.80474
20072,34.499466
20073,674.4196
20074,723.1459
20075,492.56323
20076,411.72092
20077,220.91457
20078,162.39165
20079,84.91458
20080,61.323036
20081,57.96975
20082,202.5449
20083,119.58516
20084,83.82668
20085,222.63586
20086,238.07779
20087,109.94977
20088,116.66482
20089,155.30174
20090,245.99283
20091,303.25305
20092,255.7821
20093,205.03584
20094,146.35799
20095,47.193638
20096,61.38428
20097,52.005074
20098,66.76612
20099,75.53949
20100,112.36495
20101,224.3115
20102,245.96455
20103,263.46375
20104,233.18056
20105,133.45033
20106,118.63673
20107,122.40394
20108,122.18526
20109,178.73666
20110,175.62164
20111,202.84192
20112,213.47104
20113,233.35223
20114,178.53224
20115,248.25156
20116,201.43207
20117,185.44995
20118,226.11232
20119,324.4718
20120,282.3711
20121,140.76675
20122,207.62857
20123,196.57877
20124,205.0476
20125,186.15111
20126,174.0408
20127,387.74402
20128,337.59555
20129,327.9108
20130,318.51178
20131,258.0965
20132,160.48726
20133,138.1417
20134,185.2841
20135,257.55524
20136,194.95963
20137,197.92734
20138,236.01254
20139,286.2759
20140,250.06445
20141,220.38977
20142,346.66687
20143,506.8963
20144,459.10977
20145,369.672
20146,374.37894
20147,415.9078
20148,390.30768
20149,374.12204
20150,382.45822
20151,500.00073
20152,511.079
20153,516.4605
20154,376.18515
20155,439.77863
20156,387.7609
20157,300.45178
20158,505.5499
20159,322.04102
20160,241.24599
20161,210.72168
20162,-0.5821691
20163,150.26718
20164,62.4418
20165,37.283916
20166,61.205627
20167,166.9083
20168,153.92717
20169,208.64836
20170,341.59064
20171,75.10622
20172,92.87893
20173,100.44859
20174,52.0193
20175,79.74443
20176,79.542244
20177,18.036335
20178,70.21467
20179,119.30815
20180,68.9496
20181,37.0818
20182,30.89899
20183,16.803728
20184,-1.6494693
20185,-1.673097
20186,-1.0153614
20187,-0.95717007
20188,-0.8780698
20189,-1.0631351
20190,-2.025314
20191,-1.0558052
20192,3.5744452
20193,41.439354
20194,7.4293194
20195,-1.7265841
20196,-1.0236323
20197,-0.930464
20198,-0.8797096
20199,25.705336
20200,31.872318
20201,21.479069
20202,20.556595
20203,25.147743
20204,68.76204
20205,39.32547
20206,16.047455
20207,-1.1574746
20208,18.36368
20209,8.753653
20210,2.651932
20211,-1.5368209
20212,-1.6023657
20213,-1.5423784
20214,-1.5493838
20215,-1.5263656
20216,66.40382
20217,60.25532
20218,65.15657
20219,64.39205
20220,40.55899
20221,44.00518
20222,49.59487
20223,47.784634
20224,8.462504
20225,23.191963
20226,-1.7762362
20227,-0.98722875
20228,-1.0591216
20229,-1.0360384
20230,-1.0220767
20231,-1.0287468
20232,-1.0583329
20233,-1.0848265
20234,-1.0526052
20235,-1.0483333
20236,-1.046592
20237,-1.002277
20238,-0.99154407
20239,-1.0253533
20240,-1.0253533
20241,-1.0130435
20242,-0.9502615
20243,-0.9574811
20244,-0.96330315
20245,-0.95760494
20246,-0.95760494
20247,-0.95861584
20248,-0.95861584
20249,-1.7217052
20250,-1.0460805
20251,-0.9946759
20252,-1.0755404
20253,-1.0801905
20254,-1.0899587
20255,-1.0897735
20256,-1.0993245
20257,-0.9064503
20258,-1.083564
20259,-1.0962547
20260,-1.0897512
20261,-0.96944475
20262,-0.958376
20263,-0.9406354
20264,-1.0752237
20265,13.257057
20266,62.940685
20267,90.6016
20268,116.970634
20269,92.29445
20270,70.799614
20271,26.57852
20272,10.290909
20273,46.48507
20274,108.449486
20275,70.96945
20276,108.035
20277,92.46655
20278,123.38319
20279,168.94069
20280,170.3551
20281,156.77487
20282,114.94433
20283,123.16908
20284,119.131874
20285,84.777985
20286,72.59462
20287,165.6016
20288,172.65143
20289,242.38428
20290,199.33131
20291,182.29677
20292,196.23131
20293,89.29974
20294,48.30233
20295,131.7113
20296,132.27704
20297,111.69629
20298,80.939926
20299,46.502502
20300,109.44481
20301,9.222115
20302,51.298244
20303,-2.7367291
20304,152.52257
20305,74.75524
20306,110.86279
20307,31.026884
20308,108.02128
20309,78.40342
20310,31.955215
20311,10.869581
20312,76.40971
20313,104.929405
20314,-0.9003743
20315,25.610416
20316,45.061096
20317,35.771637
20318,55.354187
20319,33.03395
20320,49.551086
20321,51.444702
20322,102.48373
20323,-0.4639117
20324,-1.4413563
20325,-1.5601038
20326,80.02465
20327,148.1473
20328,2.3707428
20329,-1.4621915
20330,39.142097
20331,62.679016
20332,135.5279
20333,76.45662
20334,152.92097
20335,133.56412
20336,76.31235
20337,82.33308
20338,90.9742
20339,98.88628
20340,127.44805
20341,154.75406
20342,196.49329
20343,152.05223
20344,151.53934
20345,202.2711
20346,171.361
20347,152.16016
20348,112.577
20349,134.39287
20350,216.599
20351,287.91306
20352,273.45358
20353,221.43045
20354,160.04863
20355,127.656044
20356,151.43947
20357,222.35672
20358,284.6511
20359,319.59613
20360,273.6565
20361,235.11588
20362,219.33382
20363,217.26387
20364,196.82268
20365,201.09387
20366,232.36661
20367,232.2542
20368,212.09773
20369,159.25298
20370,151.40126
20371,148.89958
20372,100.65173
20373,92.06467
20374,86.537895
20375,97.66756
20376,112.65593
20377,124.02945
20378,117.58308
20379,135.05328
20380,120.32438
20381,102.174706
20382,114.5184
20383,138.73053
20384,150.33948
20385,121.83949
20386,126.00875
20387,156.5058
20388,153.79675
20389,198.10356
20390,194.72166
20391,172.98772
20392,188.59459
20393,139.19435
20394,136.13045
20395,98.884735
20396,88.39188
20397,147.90388
20398,152.24736
20399,125.64069
20400,81.350655
20401,76.8479
20402,72.34613
20403,66.87823
20404,61.732178
20405,73.45778
20406,73.0731
20407,72.89361
20408,62.014862
20409,78.466324
20410,59.63011
20411,56.6225
20412,43.6563
20413,49.507236
20414,20.503677
20415,-3.114998
20416,-2.0506861
20417,-0.8112702
20418,-0.8905298
20419,-0.902542
20420,-0.9269449
20421,-0.8503048
20422,-0.90882236
20423,-0.9550051
20424,-0.9305824
20425,-0.93916684
20426,-1.0019419
20427,-1.0627047
20428,-0.23973739
20429,65.30314
20430,59.51779
20431,98.47412
20432,117.566185
20433,84.13316
20434,106.56621
20435,72.15535
20436,17.001755
20437,1.8718256
20438,66.47399
20439,157.21355
20440,166.18472
20441,10.56259
20442,35.556732
20443,8.322988
20444,3.0806093
20445,13.282797
20446,28.525278
20447,-1.6852076
20448,98.48771
20449,95.11784
20450,-1.4855084
20451,-1.5626837
20452,48.109932
20453,25.245903
20454,-0.9304295
20455,13.295382
20456,23.913696
20457,-1.7592281
20458,-1.8562963
20459,-1.055878
20460,-1.0191591
20461,-1.0240184
20462,-0.9340955
20463,-1.0718542
20464,-1.0235546
20465,-1.0790768
20466,-0.9213112
20467,-0.97089064
20468,-1.028529
20469,-1.0682037
20470,-1.025053
20471,-1.0288242
20472,-1.6840701
20473,-0.9299812
20474,-1.0040582
20475,-0.93767047
20476,-0.9410844
20477,-0.92408127
20478,11.7995615
20479,25.086132
20480,-2.3727565
20481,-5.040169
20482,-3.5574255
20483,-0.9437439
20484,-1.0582465
20485,-0.92837584
20486,-0.89963174
20487,-1.6466525
20488,-1.0596746
20489,-1.0668459
20490,-1.0589608
20491,-1.041047
20492,-1.0470761
20493,-1.0511265
20494,-1.0650915
20495,-1.0582635
20496,-1.0323997
20497,-1.102605
20498,-1.8041979
20499,-0.90752256
20500,-1.0870539
20501,-1.0986835
20502,-1.8032376
20503,-1.8031431
20504,-0.89824337
20505,-0.81160086
20506,50.122776
20507,44.565655
20508,7.712989
20509,34.007748
20510,43.489872
20511,39.895916
20512,28.079187
20513,51.233482
20514,53.004627
20515,66.9756
20516,67.630554
20517,46.350475
20518,32.5577
20519,40.055283
20520,41.457073
20521,25.306036
20522,35.563328
20523,48.758434
20524,70.84097
20525,58.170948
20526,63.0125
20527,55.430157
20528,67.70792
20529,83.4115
20530,97.69653
20531,134.45209
20532,174.60857
20533,241.42091
20534,265.46762
20535,256.73984
20536,273.24188
20537,294.4768
20538,326.01083
20539,381.96985
20540,381.51324
20541,375.38184
20542,413.5309
20543,423.13043
20544,399.89334
20545,387.6019
20546,374.0442
20547,343.69223
20548,413.75684
20549,414.1793
20550,383.70667
20551,387.3795
20552,311.88165
20553,243.70087
20554,282.65848
20555,327.34424
20556,350.8202
20557,288.9702
20558,213.1608
20559,143.77177
20560,78.477036
20561,98.110825
20562,86.13779
20563,60.254322
20564,20.78499
20565,44.513416
20566,18.532454
20567,67.0066
20568,22.058031
20569,24.660625
20570,58.753742
20571,61.373775
20572,31.131088
20573,105.1962
20574,150.80048
20575,38.99082
20576,101.75596
20577,113.32063
20578,165.71068
20579,201.04697
20580,201.60039
20581,87.72605
20582,129.75299
20583,44.688282
20584,124.11875
20585,178.54231
20586,124.58229
20587,156.02274
20588,170.56598
20589,170.0264
20590,171.60316
20591,174.31201
20592,90.976
20593,140.44347
20594,188.16794
20595,374.187
20596,356.77173
20597,319.17426
20598,352.9682
20599,287.4151
20600,349.38242
20601,285.9457
20602,502.26526
20603,506.54922
20604,655.72833
20605,640.09766
20606,843.05615
20607,620.0297
20608,416.47778
20609,456.11835
20610,647.4998
20611,444.06876
20612,477.99374
20613,341.9187
20614,372.00916
20615,300.1127
20616,351.6039
20617,453.57272
20618,435.88452
20619,421.83496
20620,440.08667
20621,185.18031
20622,264.96216
20623,371.69687
20624,277.63742
20625,485.32986
20626,429.7985
20627,380.46918
20628,431.27762
20629,484.0287
20630,415.03232
20631,573.425
20632,371.47314
20633,282.73816
20634,244.15053
20635,299.79495
20636,378.6983
20637,236.3901
20638,168.84187
20639,114.22578
20640,82.97949
20641,100.11404
20642,132.33629
20643,152.89066
20644,155.27228
20645,135.26472
20646,109.939186
20647,130.5423
20648,123.75379
20649,242.81625
20650,364.73004
20651,517.23944
20652,711.5779
20653,672.9393
20654,632.3157
20655,521.4901
20656,503.4021
20657,601.9217
20658,613.53503
20659,847.65845
20660,799.04443
20661,730.2314
20662,677.3353
20663,627.601
20664,636.2723
20665,635.924
20666,479.34717
20667,307.02594
20668,234.2633
20669,183.19165
20670,142.83144
20671,132.5822
20672,126.877594
20673,126.84207
20674,150.14723
20675,129.13216
20676,116.483
20677,170.75368
20678,137.70868
20679,84.898926
20680,33.041676
20681,10.268298
20682,-5.5498304
20683,-2.9307895
20684,-7.7493467
20685,-5.4415164
20686,-1.7783574
20687,-1.5263033
20688,-1.6005751
20689,-1.6481277
20690,-1.8200206
20691,-2.0033455
20692,-1.8601222
20693,-2.5644088
20694,-1.7741352
20695,-1.5331767
20696,-1.3382392
20697,-1.1285226
20698,-1.1387953
20699,-1.0919042
20700,-1.1102239
20701,-1.0731345
20702,-1.0191073
20703,-0.98389167
20704,-1.0660399
20705,-0.99421096
20706,-1.1274893
20707,-1.1487294
20708,-1.0008478
20709,-1.1091647
20710,-1.1361064
20711,-1.137432
20712,-1.1300626
20713,-1.1564524
20714,-1.1298289
20715,-1.1434364
20716,-1.1213552
20717,-1.1450363
20718,-1.0091611
20719,-1.0153484
20720,-1.7842463
20721,-1.9905182
20722,6.1956553
20723,-1.1752346
20724,-1.0648258
20725,-0.9641707
20726,-1.0626967
20727,-2.225275
20728,-1.1780064
20729,41.569916
20730,1.9175602
20731,-1.6897488
20732,-1.1150367
20733,-1.1528397
20734,-1.115315
20735,-1.6425698
20736,-1.8038908
20737,-0.95966023
20738,-0.49874
20739,22.316877
20740,-1.4769348
20741,32.127686
20742,-1.0315694
20743,-1.0739433
20744,-0.5286384
20745,0.84690845
20746,1.6724533
20747,-0.97397226
20748,-1.5356104
20749,-0.96352494
20750,-1.4765894
20751,13.0764265
20752,1.9540333
20753,85.06081
20754,75.21274
20755,6.7320485
20756,12.584281
20757,36.245003
20758,37.93187
20759,81.39583
20760,48.08131
20761,43.338375
20762,63.723198
20763,0.90851235
20764,110.995316
20765,150.9373
20766,97.21395
20767,135.18451
20768,113.77194
20769,123.93346
20770,127.98399
20771,116.51467
20772,77.63585
20773,157.8696
20774,146.69739
20775,117.99895
20776,96.2179
20777,51.032658
20778,81.80756
20779,84.28387
20780,129.3166
20781,160.94626
20782,136.90453
20783,232.08406
20784,243.03493
20785,256.75235
20786,261.81683
20787,216.60086
20788,246.73082
20789,222.46367
20790,245.72926
20791,225.48543
20792,347.02405
20793,405.84973
20794,405.604
20795,537.9223
20796,603.27527
20797,416.45822
20798,314.2814
20799,320.7274
20800,358.21518
20801,350.6957
20802,307.4183
20803,273.4544
20804,238.96524
20805,142.84056
20806,127.51056
20807,93.68295
20808,99.66552
20809,52.518234
20810,40.298332
20811,46.0435
20812,106.75343
20813,83.5061
20814,103.14165
20815,138.44305
20816,191.68723
20817,201.15974
20818,313.57925
20819,477.45053
20820,393.2558
20821,216.91217
20822,189.22638
20823,161.78105
20824,185.74419
20825,203.27487
20826,294.60834
20827,411.1001
20828,441.2968
20829,363.21747
20830,249.46089
20831,278.24533
20832,296.36667
20833,284.59015
20834,252.56767
20835,307.90686
20836,319.28284
20837,329.39066
20838,267.68692
20839,251.9683
20840,232.3067
20841,182.25449
20842,157.77986
20843,138.45695
20844,128.26547
20845,117.46935
20846,72.02907
20847,123.8567
20848,136.2254
20849,84.07236
20850,72.169624
20851,50.23749
20852,28.60802
20853,69.63663
20854,123.134125
20855,101.587
20856,65.56735
20857,92.43199
20858,101.80244
20859,50.47495
20860,73.85974
20861,33.14482
20862,69.15153
20863,73.84513
20864,71.17216
20865,162.79927
20866,127.780426
20867,216.8803
20868,168.45671
20869,181.94664
20870,183.7878
20871,210.41096
20872,269.41583
20873,280.88693
20874,279.82294
20875,218.22672
20876,275.3438
20877,313.94662
20878,282.33783
20879,449.79916
20880,312.59125
20881,283.45743
20882,384.9636
20883,281.79712
20884,284.69626
20885,184.38959
20886,220.13438
20887,294.0524
20888,216.11958
20889,364.63992
20890,360.78592
20891,222.8728
20892,408.23303
20893,322.6394
20894,438.9333
20895,373.55585
20896,508.6504
20897,257.74335
20898,353.14172
20899,484.71863
20900,626.1767
20901,351.43338
20902,533.2806
20903,717.1471
20904,521.5918
20905,628.961
20906,458.27042
20907,525.49884
20908,536.4008
20909,414.95975
20910,326.15164
20911,484.24817
20912,575.0215
20913,279.29477
20914,673.36536
20915,383.55078
20916,560.73926
20917,455.7074
20918,506.0355
20919,688.51215
20920,711.54065
20921,755.30994
20922,736.3284
20923,504.9469
20924,450.79044
20925,457.37418
20926,477.85825
20927,513.739
20928,593.1533
20929,633.2248
20930,717.6325
20931,791.6321
20932,764.91864
20933,944.5534
20934,873.386
20935,667.642
20936,629.56256
20937,603.2447
20938,534.8778
20939,478.88928
20940,432.3022
20941,268.81647
20942,286.5177
20943,281.27652
20944,285.62112
20945,328.3708
20946,378.88293
20947,437.7195
20948,356.0151
20949,312.42422
20950,422.772
20951,468.4475
20952,497.5331
20953,498.9294
20954,582.0524
20955,686.2492
20956,769.99005
20957,781.8755
20958,772.3993
20959,785.826
20960,906.96576
20961,872.86725
20962,1032.882
20963,815.1026
20964,1018.1614
20965,1089.3936
20966,1131.0435
20967,1068.4392
20968,950.0916
20969,892.83777
20970,683.45544
20971,643.95605
20972,646.1516
20973,704.4891
20974,893.7497
20975,754.73395
20976,520.2594
20977,432.8792
20978,449.39624
20979,478.6096
20980,605.4129
20981,447.766
20982,342.26172
20983,523.11456
20984,779.16986
20985,749.51196
20986,774.4682
20987,484.471
20988,433.76123
20989,437.6942
20990,447.9712
20991,422.4654
20992,597.07983
20993,653.76025
20994,692.6965
20995,766.41833
20996,727.9678
20997,874.0286
20998,548.7239
20999,623.8393
21000,763.08496
21001,651.3574
21002,648.6856
21003,621.3623
21004,1101.026
21005,1086.4777
21006,1011.3475
21007,969.536
21008,927.4979
21009,868.2135
21010,689.22516
21011,425.9033
21012,101.29387
21013,422.56705
21014,400.95663
21015,503.81174
21016,477.54968
21017,620.0598
21018,541.5708
21019,737.46576
21020,540.98315
21021,494.96332
21022,331.01987
21023,452.2573
21024,490.57193
21025,485.3176
21026,422.72693
21027,515.3482
21028,429.0772
21029,270.51923
21030,347.21146
21031,412.77734
21032,453.39563
21033,426.76056
21034,275.38818
21035,525.8655
21036,373.86285
21037,375.22922
21038,261.32556
21039,367.0953
21040,371.40237
21041,509.35324
21042,476.51843
21043,253.74593
21044,404.91492
21045,305.2878
21046,225.32964
21047,204.51732
21048,140.67642
21049,285.7077
21050,257.30273
21051,212.46571
21052,422.08185
21053,218.0763
21054,271.3343
21055,194.52173
21056,266.67502
21057,302.21222
21058,367.46103
21059,472.73633
21060,360.02274
21061,389.30463
21062,434.87424
21063,507.35614
21064,340.0755
21065,409.96286
21066,325.2998
21067,278.88254
21068,362.4074
21069,477.46533
21070,523.6214
21071,514.50757
21072,544.7745
21073,383.664
21074,289.55008
21075,369.63855
21076,387.00415
21077,372.81427
21078,346.62683
21079,359.5027
21080,247.70903
21081,308.53955
21082,476.09918
21083,315.38214
21084,326.73923
21085,326.80566
21086,274.93185
21087,290.47638
21088,286.9
21089,255.06052
21090,284.62006
21091,237.58656
21092,307.41245
21093,297.7803
21094,236.94647
21095,151.95044
21096,137.71466
21097,122.45155
21098,105.22508
21099,89.113365
21100,54.66334
21101,71.12679
21102,96.04094
21103,142.39091
21104,105.09512
21105,147.61731
21106,198.44841
21107,216.83397
21108,272.7385
21109,270.3676
21110,248.77893
21111,293.53238
21112,297.38214
21113,233.71558
21114,173.6878
21115,200.79608
21116,235.13983
21117,209.24062
21118,261.80115
21119,302.02716
21120,218.88065
21121,209.17871
21122,180.60388
21123,209.35457
21124,170.46155
21125,157.27184
21126,117.60974
21127,114.62162
21128,143.4369
21129,127.757225
21130,147.08728
21131,160.03534
21132,135.36865
21133,178.97472
21134,165.27623
21135,104.74509
21136,93.296684
21137,85.88979
21138,79.01711
21139,43.686157
21140,75.073006
21141,124.604416
21142,115.90472
21143,165.6955
21144,98.78263
21145,242.11746
21146,166.41127
21147,149.8387
21148,140.8653
21149,171.56499
21150,109.90932
21151,126.466705
21152,92.42278
21153,76.91209
21154,95.46113
21155,54.811195
21156,33.078114
21157,-1.2452338
21158,-2.1947148
21159,35.799816
21160,23.937355
21161,33.07044
21162,2.4215527
21163,0.7483256
21164,78.043816
21165,77.14526
21166,100.89914
21167,76.39125
21168,60.18744
21169,69.13659
21170,91.24909
21171,63.769936
21172,52.69404
21173,5.2595096
21174,4.3144774
21175,9.381245
21176,112.989105
21177,8.105179
21178,1.3382481
21179,7.7584248
21180,-2.6859186
21181,38.07683
21182,26.61572
21183,26.042965
21184,41.54511
21185,17.474812
21186,53.475513
21187,32.490845
21188,-2.1170838
21189,0.10887359
21190,-2.7750301
21191,13.067517
21192,4.2347636
21193,61.99154
21194,58.922173
21195,82.58699
21196,115.19169
21197,159.89404
21198,257.38754
21199,607.7192
21200,462.16342
21201,314.44196
21202,474.02072
21203,455.43298
21204,280.597
21205,913.72955
21206,774.21814
21207,346.89993
21208,76.93156
21209,-2.5785944
21210,371.99548
21211,666.7965
21212,168.92206
21213,-1.586628
21214,-1.2616497
21215,-2.1616452
21216,-0.37001973
21217,1.9545038
21218,83.19549
21219,120.501434
21220,191.38522
21221,208.87093
21222,193.94221
21223,164.19557
21224,120.439064
21225,111.93786
21226,104.72091
21227,112.657196
21228,118.496635
21229,136.96825
21230,141.62099
21231,158.1397
21232,137.98857
21233,189.25967
21234,267.87036
21235,225.65306
21236,190.68497
21237,166.72185
21238,193.01062
21239,158.97073
21240,116.655014
21241,228.842
21242,257.57562
21243,243.43932
21244,200.2683
21245,168.1558
21246,178.62175
21247,217.77109
21248,247.67213
21249,282.2192
21250,392.28058
21251,397.69757
21252,322.03308
21253,363.48352
21254,337.6529
21255,484.17773
21256,342.12393
21257,323.96423
21258,174.12343
21259,105.68579
21260,77.20171
21261,83.966736
21262,71.051186
21263,69.537994
21264,21.647108
21265,31.626678
21266,32.209106
21267,11.818796
21268,47.225227
21269,19.387497
21270,36.297382
21271,87.41462
21272,19.266632
21273,-1.688616
21274,-1.8765811
21275,39.292477
21276,77.97847
21277,57.155952
21278,11.323393
21279,-0.7171468
21280,55.317497
21281,19.710457
21282,75.482956
21283,87.96084
21284,80.84957
21285,84.98904
21286,127.64353
21287,133.59798
21288,172.28667
21289,98.60896
21290,93.59892
21291,94.31031
21292,63.435898
21293,113.86404
21294,72.76538
21295,126.139465
21296,148.70993
21297,130.48158
21298,137.68845
21299,128.7368
21300,58.33399
21301,9.131619
21302,58.021328
21303,100.4323
21304,143.16882
21305,69.59624
21306,47.068703
21307,42.343662
21308,18.429749
21309,-3.3624997
21310,52.90929
21311,-1.840995
21312,53.41053
21313,32.73484
21314,42.384434
21315,29.279163
21316,13.697159
21317,78.49647
21318,45.851677
21319,88.100174
21320,88.56882
21321,101.61506
21322,90.91691
21323,65.50705
21324,46.727398
21325,25.731503
21326,17.470661
21327,28.080793
21328,19.245909
21329,2.757232
21330,15.432307
21331,51.61556
21332,42.510468
21333,75.25028
21334,112.16795
21335,124.22483
21336,118.40744
21337,160.29112
21338,125.57374
21339,162.68207
21340,153.73773
21341,110.11356
21342,79.67872
21343,66.09999
21344,92.2078
21345,106.392334
21346,157.71878
21347,199.93558
21348,155.21468
21349,147.08008
21350,152.15584
21351,171.55597
21352,198.52756
21353,180.611
21354,185.06519
21355,219.69939
21356,280.46448
21357,342.01562
21358,441.67792
21359,549.6543
21360,652.1601
21361,633.1968
21362,797.33905
21363,822.80743
21364,699.03534
21365,679.98724
21366,562.49994
21367,567.52814
21368,722.3755
21369,828.52954
21370,799.85846
21371,866.1695
21372,997.26263
21373,1107.8295
21374,948.5506
21375,919.7226
21376,797.78046
21377,773.56415
21378,758.601
21379,596.5135
21380,538.0691
21381,477.79718
21382,438.55215
21383,500.2909
21384,427.69928
21385,279.83902
21386,405.04865
21387,455.46634
21388,408.69827
21389,319.90555
21390,752.0968
21391,732.5055
21392,390.2062
21393,141.40593
21394,282.8041
21395,319.7409
21396,431.70905
21397,330.847
21398,130.44589
21399,168.9772
21400,169.38008
21401,124.514244
21402,111.942696
21403,165.7498
21404,213.98207
21405,120.41652
21406,37.049145
21407,65.74326
21408,68.2759
21409,73.900925
21410,83.011986
21411,97.42937
21412,114.66989
21413,164.2694
21414,136.55907
21415,88.40124
21416,131.45128
21417,38.696903
21418,48.324875
21419,160.86755
21420,111.62845
21421,171.96588
21422,183.08907
21423,100.260956
21424,224.86246
21425,289.3503
21426,358.95532
21427,362.02844
21428,401.4175
21429,580.9832
21430,595.9877
21431,404.48804
21432,394.60034
21433,778.0525
21434,924.60693
21435,818.4577
21436,942.0669
21437,898.4532
21438,541.2049
21439,539.6601
21440,604.5332
21441,783.4701
21442,536.8163
21443,493.81943
21444,657.8139
21445,789.18506
21446,718.1118
21447,657.6812
21448,496.63373
21449,288.70465
21450,449.96466
21451,545.8257
21452,552.68835
21453,476.45926
21454,523.5035
21455,611.2762
21456,621.0542
21457,388.1582
21458,490.25055
21459,310.77713
21460,318.21777
21461,345.19562
21462,253.64262
21463,196.19698
21464,152.33455
21465,127.04987
21466,91.7302
21467,139.84666
21468,60.970352
21469,218.53113
21470,292.87466
21471,367.0017
21472,336.03586
21473,226.29553
21474,284.96426
21475,333.63168
21476,210.63336
21477,175.19595
21478,328.73825
21479,471.8263
21480,534.0587
21481,469.59186
21482,338.04532
21483,336.81952
21484,392.3147
21485,430.9158
21486,506.75168
21487,458.99265
21488,402.6854
21489,245.00813
21490,212.18797
21491,164.56953
21492,180.3993
21493,301.0682
21494,404.0398
21495,386.0504
21496,366.36865
21497,356.74765
21498,382.16925
21499,466.70547
21500,484.64343
21501,526.51746
21502,501.71237
21503,533.4479
21504,551.87103
21505,633.9516
21506,694.052
21507,802.40936
21508,840.6994
21509,690.6871
21510,569.9989
21511,522.09314
21512,503.7674
21513,466.62122
21514,395.7766
21515,186.07942
21516,106.900314
21517,144.8625
21518,116.62765
21519,94.47687
21520,139.52031
21521,310.54187
21522,354.61856
21523,242.00581
21524,155.37184
21525,209.66125
21526,233.4725
21527,237.00212
21528,450.0762
21529,475.37338
21530,413.3828
21531,302.625
21532,220.35176
21533,243.8819
21534,228.97365
21535,187.03853
21536,148.0922
21537,129.11649
21538,180.70647
21539,134.20245
21540,13.781855
21541,20.420052
21542,19.86511
21543,59.438797
21544,256.1966
21545,299.2949
21546,221.72632
21547,184.74577
21548,170.04465
21549,189.49089
21550,167.88638
21551,162.34245
21552,224.96239
21553,116.29952
21554,199.1891
21555,202.19115
21556,225.1052
21557,270.54636
21558,224.06123
21559,213.15804
21560,344.48123
21561,321.56454
21562,458.94705
21563,377.83102
21564,331.75427
21565,350.02115
21566,215.66179
21567,207.80113
21568,199.93723
21569,208.63228
21570,292.99463
21571,281.75623
21572,159.74336
21573,442.05872
21574,362.60513
21575,251.59375
21576,146.1638
21577,179.49577
21578,222.4945
21579,238.24121
21580,183.59511
21581,319.0071
21582,387.97772
21583,323.84763
21584,275.71317
21585,269.53104
21586,340.48642
21587,487.29068
21588,474.87778
21589,461.82758
21590,381.89465
21591,335.97656
21592,301.73062
21593,231.96127
21594,241.64261
21595,264.25333
21596,205.65388
21597,357.73175
21598,273.26437
21599,221.46275
21600,276.14624
21601,186.30898
21602,135.22208
21603,175.82054
21604,197.2638
21605,126.52085
21606,334.38293
21607,221.07852
21608,382.9362
21609,203.72205
21610,207.88171
21611,413.95297
21612,232.08635
21613,292.05905
21614,144.03732
21615,71.47268
21616,135.54697
21617,112.67553
21618,164.80739
21619,147.88113
21620,210.58623
21621,252.7894
21622,174.52925
21623,105.70292
21624,43.109337
21625,55.13158
21626,32.551704
21627,27.83909
21628,47.212643
21629,49.469093
21630,78.500885
21631,133.13054
21632,109.28538
21633,165.67627
21634,209.26424
21635,212.76367
21636,237.11876
21637,228.8
21638,175.88103
21639,199.50691
21640,368.22302
21641,381.68198
21642,311.86316
21643,324.8848
21644,281.79288
21645,278.49078
21646,389.33276
21647,329.94144
21648,295.14673
21649,332.09378
21650,306.38516
21651,371.59518
21652,442.36917
21653,369.2816
21654,339.32236
21655,274.8826
21656,275.7716
21657,297.67947
21658,445.31427
21659,488.1954
21660,408.13196
21661,329.4346
21662,322.01358
21663,323.35275
21664,286.83734
21665,218.2265
21666,181.18147
21667,145.63867
21668,151.508
21669,168.24773
21670,221.03969
21671,215.53264
21672,203.23962
21673,251.99438
21674,160.24416
21675,88.664215
21676,62.209946
21677,60.99016
21678,95.05939
21679,121.16959
21680,134.44585
21681,153.425
21682,145.90308
21683,103.33678
21684,49.050957
21685,41.899033
21686,25.666784
21687,35.080513
21688,-0.075036466
21689,-0.8404804
21690,-0.89324164
21691,-0.8638098
21692,-0.8845358
21693,-0.86732095
21694,-0.8855921
21695,-0.93172
21696,-0.8787435
21697,-0.9292314
21698,-0.9677975
21699,-0.8293429
21700,-0.810361
21701,-0.8101508
21702,-0.8042298
21703,-0.9046406
21704,-0.90676475
21705,-0.9140824
21706,-0.911853
21707,-0.934039
21708,-0.89957273
21709,-0.90123063
21710,-0.85955673
21711,-0.9889586
21712,-0.9877398
21713,-1.0031947
21714,-0.83740675
21715,-1.0034473
21716,-0.82741284
21717,-0.84474224
21718,-0.99755526
21719,-1.8149399
21720,-1.0202714
21721,-1.8209152
21722,24.047163
21723,-2.600288
21724,-1.7657069
21725,-0.9471669
21726,28.609121
21727,0.77657694
21728,-1.7869824
21729,-1.7121224
21730,-1.0966995
21731,-2.1407082
21732,14.929016
21733,3.3010476
21734,-1.8023591
21735,30.436245
21736,71.22325
21737,3.7395687
21738,-1.8745258
21739,16.914907
21740,17.95455
21741,-0.983309
21742,-1.0888934
21743,-0.9921879
21744,81.6192
21745,165.39622
21746,79.496635
21747,146.11296
21748,119.8032
21749,91.14568
21750,70.01351
21751,14.2816105
21752,65.845795
21753,30.265766
21754,53.394672
21755,38.278095
21756,59.90484
21757,96.66614
21758,68.50092
21759,77.58939
21760,87.59633
21761,53.010536
21762,40.84021
21763,20.268564
21764,49.99396
21765,63.61583
21766,82.51358
21767,58.15228
21768,19.44399
21769,47.253273
21770,107.536995
21771,120.61218
21772,117.6819
21773,138.34796
21774,170.0322
21775,161.03891
21776,204.28818
21777,207.55289
21778,213.30817
21779,223.07089
21780,216.55864
21781,238.92969
21782,174.03523
21783,172.19383
21784,205.42517
21785,210.93224
21786,236.53288
21787,213.91454
21788,208.15506
21789,164.21121
21790,100.15636
21791,115.77615
21792,96.93651
21793,62.840744
21794,83.06726
21795,108.2958
21796,117.20863
21797,140.00645
21798,175.85793
21799,133.38852
21800,87.27772
21801,135.33296
21802,152.37817
21803,90.48541
21804,82.98437
21805,90.47722
21806,72.53444
21807,69.611305
21808,53.41251
21809,55.190838
21810,37.729767
21811,58.574413
21812,49.593117
21813,39.79604
21814,53.042053
21815,56.8071
21816,44.075886
21817,31.72143
21818,9.419866
21819,5.1198416
21820,-0.54944813
21821,16.967907
21822,15.928722
21823,14.060742
21824,17.151222
21825,14.483381
21826,16.556057
21827,10.505826
21828,-3.307521
21829,8.648679
21830,-6.4855466
21831,-6.732065
21832,-6.9913597
21833,-6.226004
21834,-3.2381012
21835,-1.1223518
21836,-1.035132
21837,-0.9645424
21838,-0.9230501
21839,-0.9311447
21840,-0.9311447
21841,-0.94895023
21842,-1.0203779
21843,-1.0178651
21844,-0.9813305
21845,-0.9620519
21846,-0.9589878
21847,-0.9589878
21848,-0.9394985
21849,-0.94617397
21850,-0.94617397
21851,-0.9613205
21852,-0.9613205
21853,-0.9613205
21854,-0.9613205
21855,-0.9613205
21856,-0.98743033
21857,-0.9912594
21858,-0.9832594
21859,-0.9648145
21860,-0.9791637
21861,-0.9880696
21862,-0.97519475
21863,-0.9944066
21864,-1.0815576
21865,-1.0599773
21866,-1.0565634
21867,-1.0565634
21868,-1.0489647
21869,-1.0677911
21870,-1.7957252
21871,-1.1092988
21872,-1.0712912
21873,-1.0187818
21874,-1.0473982
21875,-1.1985034
21876,-1.8823323
21877,-1.1356483
21878,-0.989345
21879,-1.8108718
21880,-1.7749351
21881,-0.97863483
21882,-1.082022
21883,-1.1256151
21884,-1.069486
21885,-1.0590584
21886,-0.9267243
21887,-0.97306126
21888,-0.9623547
21889,-1.0721122
21890,-0.9623547
21891,-1.0108818
21892,-0.97397023
21893,-0.9935968
21894,-0.9570582
21895,-1.1150795
21896,-1.0729216
21897,-1.0497397
21898,-1.0571347
21899,-1.0764332
21900,-0.98346204
21901,-0.986149
21902,-0.986149
21903,-1.0316619
21904,-1.0316619
21905,-1.0018512
21906,-1.0018512
21907,-1.1530443
21908,-1.1530443
21909,-1.1633081
21910,-0.9959234
21911,-1.0126512
21912,-0.9896151
21913,-1.0734255
21914,-1.1070122
21915,-1.12783
21916,-1.723775
21917,-1.0511949
21918,-1.1732175
21919,-1.762422
21920,-1.0637118
21921,-1.1251084
21922,-1.1137036
21923,51.995857
21924,72.92292
21925,81.13288
21926,66.7757
21927,69.075645
21928,56.62467
21929,81.52763
21930,81.524864
21931,74.790306
21932,62.686752
21933,44.241474
21934,54.654793
21935,50.370167
21936,29.706846
21937,36.379147
21938,96.6238
21939,72.96985
21940,73.00357
21941,56.893944
21942,70.2435
21943,21.816145
21944,13.623325
21945,36.258427
21946,15.633711
21947,-1.4296343
21948,-1.2179288
21949,-1.0931976
21950,-1.1439483
21951,-1.7956808
21952,-1.1379862
21953,-1.1164571
21954,-0.9573919
21955,-0.9427142
21956,-1.0240576
21957,-1.0402884
21958,-0.99872875
21959,-1.0259486
21960,-1.0307688
21961,-1.6810325
21962,-0.96495366
21963,16.50578
21964,27.705769
21965,2.6142297
21966,11.622095
21967,61.59775
21968,43.196186
21969,25.923433
21970,34.433712
21971,-2.633072
21972,2.8499641
21973,-2.9107842
21974,-4.151618
21975,-1.4175141
21976,-1.3856412
21977,-1.4586215
21978,-1.4945139
21979,-1.5840099
21980,-1.5768728
21981,-1.4749695
21982,-1.5760782
21983,-1.615215
21984,-1.4546902
21985,-1.5516862
21986,-1.5899572
21987,-1.4488907
21988,-1.3896072
21989,1.7475495
21990,13.22232
21991,13.504892
21992,14.014046
21993,2.892846
21994,-1.0617764
21995,-1.167371
21996,-1.7745818
21997,70.132484
21998,45.600033
21999,1.1373106
22000,-0.5310263
22001,40.739723
22002,17.780039
22003,47.23923
22004,-1.4531354
22005,112.003365
22006,248.95224
22007,333.5263
22008,346.37128
22009,183.53897
22010,192.0862
22011,17.90452
22012,-1.7084208
22013,57.092422
22014,108.45452
22015,-1.4296176
22016,-4.0801263
22017,-2.063822
22018,-0.9075004
22019,-1.6795802
22020,316.44922
22021,401.97897
22022,225.27827
22023,41.886368
22024,-2.4997873
22025,-0.93638766
22026,-0.9270773
22027,-1.7400825
22028,-0.96007806
22029,113.37667
22030,502.64078
22031,874.5527
22032,827.97705
22033,695.1179
22034,467.25092
22035,242.4508
22036,68.6949
22037,-2.2983634
22038,-1.5276104
22039,-1.503829
22040,-1.4895347
22041,-1.5102179
22042,-1.495815
22043,-1.6155038
22044,-2.408703
22045,-1.5519644
22046,-1.4618583
22047,-1.3500831
22048,-1.1990323
22049,-1.8493233
22050,-0.9678577
22051,-0.5404509
22052,34.999527
22053,41.723858
22054,194.41977
22055,243.39502
22056,140.94739
22057,111.85396
22058,143.2961
22059,52.073814
22060,4.065306
22061,-1.8203197
22062,-0.9215862
22063,-0.920202
22064,-0.93436724
22065,-0.92951727
22066,-0.91072416
22067,-0.91072416
22068,-0.91072416
22069,-1.6641338
22070,-0.90890807
22071,-1.06136
22072,-1.0570587
22073,-1.0391278
22074,-1.0413258
22075,-1.0673704
22076,-1.041683
22077,-1.049247
22078,-1.065731
22079,-1.0769955
22080,-1.0766022
22081,-1.7429606
22082,-1.0724984
22083,-1.0686421
22084,-1.7527682
22085,87.73137
22086,110.889015
22087,95.79339
22088,47.982414
22089,2.289237
22090,-0.8985796
22091,-0.94768393
22092,-0.9907138
22093,-0.9620039
22094,-0.952882
22095,-0.92010695
22096,-0.9103155
22097,-0.8741385
22098,-0.8780605
22099,-0.8886953
22100,-1.596811
22101,67.99106
22102,85.21128
22103,51.673203
22104,55.25194
22105,71.902855
22106,90.845085
22107,149.10559
22108,141.54742
22109,126.76425
22110,85.43953
22111,90.563835
22112,107.1755
22113,208.5987
22114,221.4917
22115,98.503334
22116,86.13849
22117,133.73088
22118,45.98129
22119,38.515472
22120,23.1253
22121,-0.73995966
22122,-0.9060787
22123,-0.9357726
22124,-0.8149717
22125,-0.95787936
22126,-0.8741332
22127,-0.8856078
22128,-0.96474934
22129,-0.97190154
22130,-1.5422305
22131,-0.9388746
22132,-1.0422884
22133,-1.0114813
22134,34.974846
22135,94.49854
22136,64.36757
22137,30.042912
22138,8.19402
22139,-1.0434915
22140,-0.9890109
22141,-0.9112022
22142,-0.9112022
22143,-0.98679024
22144,4.275162
22145,26.724321
22146,50.071716
22147,68.35594
22148,77.60994
22149,76.21083
22150,186.83598
22151,158.42961
22152,152.89072
22153,93.942955
22154,69.63154
22155,100.06266
22156,170.2046
22157,159.8049
22158,192.05022
22159,59.49298
22160,103.24681
22161,90.891884
22162,146.10513
22163,80.3138
22164,69.79595
22165,84.5983
22166,127.530876
22167,252.09154
22168,258.25583
22169,245.43794
22170,278.232
22171,47.458904
22172,102.29102
22173,123.87353
22174,105.431656
22175,71.655266
22176,92.992294
22177,33.03037
22178,19.436712
22179,44.817364
22180,23.279678
22181,130.88263
22182,195.68219
22183,88.30674
22184,29.635962
22185,49.194252
22186,116.91355
22187,96.2894
22188,112.08314
22189,89.66666
22190,50.597584
22191,51.252598
22192,46.655617
22193,25.85082
22194,-2.8075423
22195,-1.4164844
22196,-1.6965073
22197,2.5849862
22198,20.40325
22199,2.3033462
22200,16.461393
22201,13.330696
22202,-1.4101411
22203,1.0492549
22204,83.53699
22205,188.75456
22206,223.83919
22207,251.73396
22208,563.17755
22209,542.1995
22210,384.96222
22211,164.41391
22212,64.40411
22213,148.66011
22214,278.26688
22215,341.16348
22216,442.2841
22217,875.5755
22218,788.93976
22219,528.4565
22220,381.67523
22221,458.95544
22222,551.6818
22223,378.34802
22224,270.1615
22225,304.44794
22226,508.49603
22227,735.37396
22228,1029.0181
22229,774.18164
22230,671.4455
22231,462.4301
22232,584.6926
22233,494.74393
22234,707.17584
22235,583.8798
22236,1330.7549
22237,1069.9109
22238,1007.8254
22239,922.3779
22240,396.62442
22241,609.6032
22242,1090.9469
22243,1058.2358
22244,840.628
22245,655.7918
22246,808.73
22247,676.94617
22248,573.6488
22249,703.37683
22250,833.81494
22251,782.2384
22252,960.15955
22253,1052.1708
22254,1065.6075
22255,1013.5111
22256,843.3509
22257,844.6726
22258,552.7338
22259,665.6272
22260,716.68744
22261,609.46356
22262,684.9313
22263,612.1608
22264,661.19867
22265,456.38498
22266,561.5853
22267,378.31577
22268,688.35455
22269,563.85657
22270,515.52136
22271,546.6349
22272,895.0861
22273,540.4288
22274,467.37863
22275,694.9939
22276,569.313
22277,345.83737
22278,352.74002
22279,412.54657
22280,277.40637
22281,455.70776
22282,302.64728
22283,252.55486
22284,91.36055
22285,87.95095
22286,92.197914
22287,149.73868
22288,158.69789
22289,209.21158
22290,158.82285
22291,106.08767
22292,97.24367
22293,181.84062
22294,120.66674
22295,73.18465
22296,146.1694
22297,255.6769
22298,224.1349
22299,139.04245
22300,147.19966
22301,133.75389
22302,187.48813
22303,215.81216
22304,251.83224
22305,48.164913
22306,131.61855
22307,128.84029
22308,122.15045
22309,17.17285
22310,126.3391
22311,55.15696
22312,26.761223
22313,36.440853
22314,38.49634
22315,61.113956
22316,9.936685
22317,20.5565
22318,58.52
22319,40.16761
22320,71.110306
22321,137.01486
22322,13.324533
22323,29.247967
22324,71.25519
22325,0.5277389
22326,-0.90172166
22327,-0.82998556
22328,-0.815891
22329,-0.9066438
22330,-0.82847977
22331,-0.8133464
22332,-0.8821908
22333,-0.83184606
22334,17.594526
22335,31.144447
22336,28.117275
22337,-2.0599468
22338,-0.92245656
22339,-0.9516795
22340,-0.9078833
22341,-0.90307665
22342,-0.8736883
22343,-0.9283833
22344,-0.9524603
22345,-1.6741881
22346,-0.71302366
22347,-0.7509386
22348,-0.7465878
22349,-0.75616395
22350,-0.74806213
22351,-0.72337323
22352,-0.8634058
22353,-0.8786632
22354,-0.90287495
22355,-0.9038518
22356,-0.9072482
22357,-0.9072482
22358,-0.87464434
22359,-0.91072303
22360,-0.90619934
22361,-0.90750724
22362,-0.93871194
22363,-1.5958476
22364,-1.0296468
22365,-1.015964
22366,-1.0241578
22367,-1.0984559
22368,-1.0907921
22369,-1.0889636
22370,-1.0968223
22371,-1.1104221
22372,-1.1051412
22373,-1.7089703
22374,40.381752
22375,114.80591
22376,121.794106
22377,92.47907
22378,6.543349
22379,4.6520505
22380,21.55522
22381,23.242321
22382,42.976837
22383,2.3377385
22384,-3.1115475
22385,-1.0657586
22386,-1.0897607
22387,-1.0693462
22388,-1.0693462
22389,-1.0679502
22390,-1.0573686
22391,-1.0744612
22392,-1.0372664
22393,-1.046609
22394,-1.0196911
22395,-1.0257212
22396,-1.0038967
22397,-1.0522616
22398,-1.116102
22399,-1.081723
22400,-1.0111138
22401,-0.98665565
22402,-0.98665565
22403,-0.9896424
22404,-0.99631786
22405,-0.9969884
22406,-0.9969884
22407,-0.9969884
22408,-1.0746031
22409,-1.0250624
22410,-1.0295275
22411,-1.0481515
22412,-1.0518104
22413,-1.0518104
22414,-1.043859
22415,-1.049969
22416,-1.0640321
22417,-1.0542616
22418,-1.06042
22419,-1.0698754
22420,-1.0830325
22421,-1.1038061
22422,-1.1303569
22423,-0.98426795
22424,-0.9856456
22425,-0.9529617
22426,-0.954581
22427,-0.9748073
22428,-0.99968296
22429,-1.0343333
22430,-0.9951344
22431,-0.9870244
22432,-1.0367591
22433,-0.9448719
22434,-0.8758625
22435,-0.8921026
22436,-0.8796914
22437,-0.9353598
22438,-1.0005491
22439,-0.96573347
22440,-1.1619083
22441,-1.1643788
22442,-1.9388877
22443,5.9067855
22444,30.71357
22445,-1.7645668
22446,-1.1685977
22447,-1.1967081
22448,-1.1748831
22449,-1.1613424
22450,-0.9988304
22451,-1.1100827
22452,-1.2262026
22453,-1.1417115
22454,-1.1673537
22455,6.7779965
22456,-1.1598055
22457,-1.0694547
22458,-1.0730828
22459,-1.7031956
22460,10.432505
22461,-1.2363228
22462,-2.2994812
22463,62.75864
22464,-1.1349292
22465,34.441734
22466,-0.82100016
22467,-0.9967953
22468,-0.955485
22469,-1.8278192
22470,-1.0455633
22471,27.306988
22472,-2.900323
22473,-1.7938578
22474,-1.7797315
22475,54.536545
22476,40.7834
22477,39.082554
22478,-1.3940583
22479,-0.9966271
22480,-1.0123751
22481,-0.8893773
22482,-0.98858935
22483,-0.971853
22484,-0.9591161
22485,-0.9021071
22486,-0.89842427
22487,-0.7530313
22488,25.046896
22489,100.67683
22490,107.65236
22491,127.85047
22492,177.60472
22493,232.13123
22494,250.30524
22495,285.19687
22496,303.33624
22497,307.74146
22498,470.65567
22499,637.4249
22500,779.5155
22501,666.21875
22502,526.3706
22503,560.0118
22504,666.60754
22505,604.98846
22506,679.8748
22507,714.63684
22508,701.06934
22509,551.4544
22510,573.2717
22511,616.31775
22512,708.98956
22513,575.7348
22514,633.2368
22515,620.5317
22516,656.5627
22517,722.51135
22518,955.5793
22519,880.4654
22520,717.3696
22521,653.2493
22522,648.5122
22523,636.38
22524,755.05
22525,728.5399
22526,675.20386
22527,644.50183
22528,684.9103
22529,664.9381
22530,638.33923
22531,628.9482
22532,654.78986
22533,598.50397
22534,625.96954
22535,799.48083
22536,1135.8911
22537,1054.6018
22538,1232.6776
22539,965.5625
22540,1181.5267
22541,1281.9305
22542,954.0813
22543,838.74677
22544,793.35156
22545,842.23785
22546,860.7048
22547,1119.3634
22548,1018.78766
22549,850.0638
22550,900.6501
22551,1054.2307
22552,1057.0963
22553,1087.9531
22554,1243.3254
22555,1343.0485
22556,971.441
22557,902.4084
22558,1093.7893
22559,1676.4076
22560,865.22
22561,1119.5652
22562,1242.6486
22563,914.0624
22564,1156.118
22565,1497.5454
22566,1710.5709
22567,1700.7139
22568,1885.0901
22569,1546.094
22570,1773.625
22571,1701.8154
22572,1678.4523
22573,1705.1772
22574,1217.6151
22575,1528.4022
22576,1185.5106
22577,910.15
22578,1439.8718
22579,1418.0492
22580,1371.4701
22581,1412.9153
22582,1417.2878
22583,924.0373
22584,1236.1709
22585,1366.3175
22586,1721.4532
22587,1458.7156
22588,1773.8004
22589,1843.7592
22590,1822.3021
22591,1754.5166
22592,1796.0538
22593,1587.5587
22594,1434.2743
22595,1778.3748
22596,1688.0012
22597,1485.4984
22598,1590.6399
22599,1871.726
22600,1822.2224
22601,1867.2493
22602,1537.6093
22603,1270.546
22604,1462.9941
22605,1512.3088
22606,1859.1309
22607,1017.0169
22608,567.5525
22609,402.4701
22610,430.45657
22611,569.5264
22612,923.43616
22613,974.8768
22614,520.65955
22615,681.58887
22616,304.2916
22617,149.19884
22618,235.6816
22619,388.8942
22620,518.30304
22621,577.75854
22622,598.1483
22623,586.07855
22624,611.88306
22625,534.39276
22626,619.828
22627,672.16156
22628,715.8944
22629,781.35706
22630,1037.0013
22631,900.19165
22632,484.83853
22633,367.40048
22634,327.3225
22635,250.34462
22636,96.99266
22637,123.873695
22638,159.21756
22639,56.995266
22640,32.80402
22641,-0.56365836
22642,-1.1000957
22643,13.253248
22644,150.29214
22645,298.0683
22646,320.77554
22647,491.02823
22648,570.21094
22649,620.1254
22650,677.584
22651,881.6593
22652,1105.1987
22653,1027.347
22654,1170.8887
22655,1206.8679
22656,1314.2894
22657,1266.7836
22658,1112.9406
22659,1141.7151
22660,1194.3376
22661,1044.4053
22662,993.7188
22663,1115.7441
22664,1097.4639
22665,1079.3447
22666,1152.7247
22667,1130.7161
22668,959.0628
22669,919.0422
22670,825.4058
22671,798.85223
22672,747.4779
22673,745.1552
22674,632.271
22675,678.17883
22676,749.00195
22677,613.99756
22678,606.84393
22679,516.3901
22680,653.2632
22681,569.64343
22682,619.0521
22683,699.8984
22684,561.16223
22685,790.57355
22686,786.9138
22687,890.18787
22688,655.2822
22689,572.25824
22690,586.17816
22691,697.84863
22692,647.79315
22693,522.0505
22694,381.58453
22695,469.29706
22696,724.5269
22697,853.34467
22698,655.7246
22699,1136.9598
22700,903.1851
22701,570.6314
22702,918.8882
22703,926.8799
22704,1199.9297
22705,1072.3024
22706,1285.9731
22707,1330.3926
22708,1139.9995
22709,1235.9529
22710,1292.1218
22711,1166.2855
22712,1138.0944
22713,1348.4404
22714,839.10767
22715,893.074
22716,1296.1425
22717,1464.0298
22718,890.15137
22719,1082.7352
22720,1814.1965
22721,1269.209
22722,1198.3308
22723,1265.7399
22724,1689.335
22725,1213.8802
22726,1710.8945
22727,1179.3013
22728,589.8391
22729,1002.6663
22730,1037.4456
22731,1222.6272
22732,1298.0619
22733,761.86383
22734,1041.647
22735,1085.049
22736,534.7491
22737,471.42767
22738,439.81616
22739,478.27246
22740,866.25885
22741,542.62476
22742,939.0341
22743,642.5953
22744,964.8696
22745,809.59094
22746,838.0933
22747,557.8813
22748,1022.5167
22749,982.25903
22750,1015.1581
22751,457.89883
22752,356.2642
22753,406.88644
22754,321.1513
22755,487.3956
22756,269.72244
22757,638.2627
22758,374.37552
22759,246.39973
22760,462.69394
22761,515.3305
22762,409.73297
22763,352.54443
22764,333.88858
22765,346.3587
22766,323.71875
22767,341.954
22768,367.33868
22769,214.02754
22770,177.26631
22771,162.95982
22772,206.05052
22773,223.52553
22774,208.93417
22775,204.26622
22776,145.68501
22777,89.08208
22778,56.71082
22779,74.77027
22780,59.57789
22781,78.790924
22782,160.19212
22783,199.55904
22784,186.25626
22785,184.2303
22786,214.31816
22787,274.25436
22788,218.91527
22789,276.70764
22790,333.3385
22791,321.72083
22792,321.46475
22793,280.6093
22794,238.0144
22795,203.76198
22796,223.30327
22797,222.53403
22798,300.60333
22799,290.2716
22800,249.3893
22801,193.17816
22802,261.17682
22803,300.1254
22804,209.94476
22805,225.40274
22806,231.25345
22807,199.03282
22808,234.7667
22809,247.33081
22810,218.08984
22811,264.91306
22812,264.85437
22813,253.75595
22814,289.04843
22815,307.68875
22816,315.49765
22817,302.1864
22818,266.90118
22819,222.87813
22820,134.04858
22821,52.64123
22822,10.443655
22823,157.63373
22824,133.49326
22825,153.1432
22826,135.74968
22827,109.41075
22828,137.38483
22829,220.35043
22830,127.05427
22831,145.48248
22832,176.61588
22833,199.62263
22834,199.60847
22835,204.5295
22836,227.29245
22837,114.23689
22838,142.66028
22839,59.484947
22840,136.29439
22841,101.538185
22842,110.86864
22843,139.9619
22844,139.0901
22845,111.67625
22846,181.50009
22847,170.44025
22848,106.938965
22849,26.370234
22850,-1.4867224
22851,-0.44873694
22852,-0.8386932
22853,7.283339
22854,111.57353
22855,163.66454
22856,132.65437
22857,243.56885
22858,148.74626
22859,206.06903
22860,92.0275
22861,282.87695
22862,236.01746
22863,219.1624
22864,163.6369
22865,95.80472
22866,134.23207
22867,168.72787
22868,170.53311
22869,184.9137
22870,221.73941
22871,171.64949
22872,140.39516
22873,155.99384
22874,104.51892
22875,164.49492
22876,225.5293
22877,127.45596
22878,114.742714
22879,93.26846
22880,166.6636
22881,169.3084
22882,100.44183
22883,101.75454
22884,99.189575
22885,81.72988
22886,125.593544
22887,192.37053
22888,181.00294
22889,151.59056
22890,156.57706
22891,103.63001
22892,106.20719
22893,156.85591
22894,202.71143
22895,289.58914
22896,214.91034
22897,135.40167
22898,258.22977
22899,311.70627
22900,249.80441
22901,265.83057
22902,276.68896
22903,389.06116
22904,462.545
22905,346.59836
22906,206.84421
22907,334.2319
22908,437.61115
22909,475.46823
22910,559.52954
22911,707.32074
22912,1022.1987
22913,836.89655
22914,686.8809
22915,621.6124
22916,752.0306
22917,473.9524
22918,407.15607
22919,678.26495
22920,845.1661
22921,771.7578
22922,748.6978
22923,874.3032
22924,1089.328
22925,1132.4204
22926,1093.7324
22927,1107.9104
22928,1081.1886
22929,760.3209
22930,696.0894
22931,669.22205
22932,753.88245
22933,676.6862
22934,1019.0222
22935,963.88214
22936,909.7998
22937,812.4844
22938,1160.5864
22939,1373.4153
22940,1235.4358
22941,1029.5905
22942,832.90704
22943,514.9036
22944,280.9666
22945,228.37706
22946,12.354526
22947,30.499287
22948,30.35805
22949,111.45772
22950,230.389
22951,265.89963
22952,330.34503
22953,377.08127
22954,99.087326
22955,206.3898
22956,118.88335
22957,87.191414
22958,108.34067
22959,244.70435
22960,246.18199
22961,197.2427
22962,193.12119
22963,176.6066
22964,229.18642
22965,612.22363
22966,465.3103
22967,357.7362
22968,523.5571
22969,386.71548
22970,482.77515
22971,508.9757
22972,251.47284
22973,220.72684
22974,108.23713
22975,55.901722
22976,210.07979
22977,129.67915
22978,41.09969
22979,67.84109
22980,45.071033
22981,9.588976
22982,-1.0592451
22983,5.196743
22984,78.47171
22985,165.89806
22986,362.0118
22987,359.67477
22988,360.88483
22989,223.39087
22990,984.7757
22991,670.761
22992,418.4806
22993,285.0791
22994,341.13898
22995,517.30896
22996,522.4131
22997,684.4279
22998,738.0612
22999,838.6384
23000,972.14056
23001,607.2786
23002,679.5481
23003,815.1135
23004,905.597
23005,915.21
23006,1156.1451
23007,994.8995
23008,1059.9783
23009,1325.121
23010,1010.7034
23011,1176.2112
23012,748.0302
23013,644.8872
23014,663.28204
23015,1075.2119
23016,1033.633
23017,600.03705
23018,339.85904
23019,401.1714
23020,380.9068
23021,253.71375
23022,368.55194
23023,404.67114
23024,475.3445
23025,425.27707
23026,439.97885
23027,351.9647
23028,267.50677
23029,359.97293
23030,368.47775
23031,463.46902
23032,466.89386
23033,442.08173
23034,178.10449
23035,49.85615
23036,9.048943
23037,2.283841
23038,35.37131
23039,37.823364
23040,5.467963
23041,-2.7674189
23042,-4.3451567
23043,-2.4642012
23044,-0.8700344
23045,-0.7952102
23046,-0.77360696
23047,-0.7470605
23048,-0.7614551
23049,-0.73675746
23050,-0.9052469
23051,-0.8970036
23052,-0.8959062
23053,-0.8840496
23054,-1.0885825
23055,-0.8855056
23056,-0.887028
23057,-0.91032434
23058,-1.1328603
23059,-1.0913485
23060,-1.1462401
23061,-1.0621638
23062,-1.1319753
23063,-1.1471251
23064,-1.0100437
23065,-1.130256
23066,-1.0442532
23067,-1.1276953
23068,-2.0737653
23069,-0.97811854
23070,-1.1099916
23071,-1.040019
23072,-1.040019
23073,-1.135232
23074,-1.135232
23075,-1.135232
23076,-0.93589586
23077,-1.0957061
23078,-0.86569816
23079,-1.02086
23080,-1.0283109
23081,34.73943
23082,92.26181
23083,-1.0020666
23084,-1.027288
23085,-1.0386007
23086,80.81242
23087,69.65439
23088,-1.1123755
23089,93.417786
23090,-1.1220874
23091,74.00997
23092,-1.1394014
23093,-1.2154578
23094,-1.9308773
23095,-1.8909962
23096,7.6832423
23097,101.739944
23098,-1.5369091
23099,-2.5240536
23100,-1.5271713
23101,-1.4896882
23102,-1.2777984
23103,-1.3841603
23104,-1.2922053
23105,-1.0849714
23106,-1.1699251
23107,-1.0967736
23108,-0.9955787
23109,-0.99237365
23110,-1.6986426
23111,-1.0075642
23112,-1.0496931
23113,-1.0625081
23114,-1.0236156
23115,-1.0561182
23116,-1.14663
23117,-1.143446
23118,-2.785787
23119,-1.0561192
23120,-1.2143918
23121,-1.0826466
23122,-1.1365005
23123,-1.1056606
23124,-1.080902
23125,-1.9315523
23126,-1.8385137
23127,8.056705
23128,102.15472
23129,101.3282
23130,101.26483
23131,118.85985
23132,110.91847
23133,133.0191
23134,129.88893
23135,126.001526
23136,165.80516
23137,191.58911
23138,140.45306
23139,135.28004
23140,23.64275
23141,-1.2452747
23142,128.86537
23143,149.3576
23144,159.28387
23145,146.27599
23146,117.176
23147,91.2128
23148,82.86483
23149,76.61956
23150,38.078236
23151,47.392803
23152,50.66546
23153,33.729847
23154,39.01795
23155,36.25222
23156,22.007015
23157,5.055114
23158,-7.4245133
23159,-2.8761532
23160,-1.0430772
23161,-1.0871036
23162,-1.0569572
23163,-1.0659567
23164,-1.0524278
23165,-0.9998325
23166,-0.99861026
23167,-0.98787737
23168,-0.98134553
23169,-0.98618805
23170,-0.9933521
23171,-0.89311403
23172,-0.90746325
23173,-0.90746325
23174,-0.90072703
23175,-0.90072703
23176,-0.9661693
23177,-0.9779247
23178,-0.9779247
23179,-0.9779247
23180,-0.96511114
23181,-0.97112286
23182,-0.9616972
23183,-0.9577075
23184,-1.0467021
23185,-1.0568013
23186,-1.0471375
23187,-1.0457196
23188,-0.92361885
23189,-0.96685684
23190,-1.0568287
23191,-1.0699906
23192,-0.97016835
23193,-0.96342605
23194,-1.049967
23195,-1.1277368
23196,-1.1069521
23197,-1.0003524
23198,-1.1444923
23199,-1.8293128
23200,-1.2641649
23201,-1.2277153
23202,-1.2178
23203,-1.9788126
23204,-1.100926
23205,37.386814
23206,85.83712
23207,18.956509
23208,-0.81618935
23209,-2.221432
23210,42.097668
23211,81.814415
23212,44.532936
23213,93.51311
23214,167.79053
23215,106.68454
23216,112.77198
23217,65.086716
23218,119.20699
23219,126.49856
23220,84.99078
23221,30.176218
23222,60.171356
23223,169.56525
23224,133.8158
23225,187.2282
23226,122.381836
23227,121.366264
23228,55.62221
23229,225.79616
23230,262.57794
23231,251.89555
23232,139.66408
23233,95.967155
23234,120.4977
23235,169.90166
23236,170.37645
23237,211.08499
23238,162.84718
23239,59.436256
23240,47.37613
23241,53.78042
23242,89.975426
23243,129.91475
23244,187.90599
23245,308.8436
23246,290.35248
23247,227.62871
23248,177.47444
23249,151.72177
23250,175.12352
23251,188.08824
23252,343.2676
23253,566.63617
23254,634.7024
23255,597.2969
23256,542.9741
23257,483.86765
23258,591.787
23259,590.06177
23260,609.69495
23261,668.7369
23262,716.0007
23263,687.438
23264,435.28577
23265,407.48334
23266,524.6612
23267,600.45886
23268,793.0794
23269,979.98267
23270,1110.1616
23271,984.2164
23272,806.8517
23273,589.84875
23274,568.2528
23275,456.11758
23276,501.35812
23277,411.72678
23278,444.16977
23279,493.4542
23280,441.49826
23281,533.461
23282,471.10132
23283,537.7864
23284,564.1722
23285,657.99365
23286,583.1209
23287,541.3801
23288,389.54556
23289,331.50854
23290,200.80685
23291,205.84822
23292,127.38648
23293,233.04164
23294,344.29028
23295,293.094
23296,278.75345
23297,297.4599
23298,325.91888
23299,287.75543
23300,377.07663
23301,429.2406
23302,251.60992
23303,298.31647
23304,316.63095
23305,245.40778
23306,283.46347
23307,260.60895
23308,235.84355
23309,137.7276
23310,124.01783
23311,316.8899
23312,197.30179
23313,102.02725
23314,327.2663
23315,345.3735
23316,288.19043
23317,219.86705
23318,146.37852
23319,8.988933
23320,-0.5041492
23321,-0.77183855
23322,-2.1084247
23323,-0.57825273
23324,-1.2428212
23325,-1.0307862
23326,-0.8941735
23327,-1.6253815
23328,-1.5790378
23329,-1.6760138
23330,-1.2454681
23331,-1.2804251
23332,-3.2266388
23333,-0.7357205
23334,-1.7081329
23335,-3.0663702
23336,-1.98213
23337,-3.0629082
23338,-0.17931971
23339,-0.5258475
23340,1.4595852
23341,-1.621527
23342,-1.0249487
23343,0.25549075
23344,-1.6399066
23345,3.4547331
23346,1.1170673
23347,0.2716143
23348,-1.2150377
23349,-0.5195558
23350,-1.5055823
23351,0.4274992
23352,-1.5135674
23353,-1.1721667
23354,-2.1162477
23355,-2.038183
23356,2.9276617
23357,-2.2338636
23358,-2.5493855
23359,-0.20073049
23360,-2.1492133
23361,-1.9046023
23362,-1.294914
23363,-2.1947253
23364,-2.1273687
23365,-0.83329624
23366,0.3448654
23367,0.87591076
23368,0.6155424
23369,1.1016943
23370,0.50645727
23371,0.5881375
23372,-0.7936615
23373,0.38572076
23374,-1.8829561
23375,-1.5416887
23376,-2.4162745
23377,-2.487675
23378,-1.6483107
23379,0.27605313
23380,-2.2586331
23381,-3.4112506
23382,-2.6763985
23383,-4.4595394
23384,-4.452319
23385,-2.3399878
23386,-1.5553573
23387,3.5332365
23388,-2.7852993
23389,-3.2476244
23390,3.5187643
23391,-0.95871943
23392,-1.3177305
23393,-1.954975
23394,-0.8055887
23395,-0.6698309
23396,-1.2264926
23397,-1.2197282
23398,-1.1985809
23399,-1.3572036
23400,-1.2903887
23401,-1.2903887
23402,-1.2771342
23403,-1.2723274
23404,-1.2388034
23405,-1.2517592
23406,-1.256718
23407,-1.2727126
23408,-1.303372
23409,-0.7302711
23410,-1.4415855
23411,-1.4091811
23412,-1.5378412
23413,-1.4642863
23414,-1.4483483
23415,-0.9426126
23416,-1.3899872
23417,-1.4398756
23418,-1.4792113
23419,-1.3475696
23420,-1.3333925
23421,-1.3596036
23422,-1.5332186
23423,-1.5377251
23424,-1.5115155
23425,-1.5334543
23426,-1.5489494
23427,-1.5547124
23428,-1.5547124
23429,-1.4470645
23430,-1.475956
23431,-1.5767921
23432,-0.7427776
23433,-1.0609251
23434,-0.95624965
23435,-0.8014636
23436,-0.80422163
23437,-1.5372608
23438,-1.580701
23439,-1.5870409
23440,-2.7159722
23441,-3.9771464
23442,-4.406256
23443,-4.457862
23444,-6.042829
23445,-2.171317
23446,-0.47064865
23447,-0.8688667
23448,-3.923859
23449,-6.2177815
23450,-4.124118
23451,-4.428789
23452,-4.465354
23453,-1.7642956
23454,-2.9888093
23455,-4.727077
23456,-5.355645
23457,-4.720816
23458,-4.6753006
23459,-2.719726
23460,-1.9133042
23461,-2.7736356
23462,-4.5192394
23463,-0.15648463
23464,-2.545947
23465,-1.8629259
23466,-1.7390875
23467,-1.2632083
23468,1.4079356
23469,0.3055516
23470,-0.20934415
23471,0.7118728
23472,1.9358155
23473,3.5601006
23474,1.2771715
23475,-0.8263852
23476,-1.4824542
23477,0.50508696
23478,-1.2448628
23479,-1.2035971
23480,-4.0667434
23481,-2.2155886
23482,-3.2587504
23483,-1.8233529
23484,-1.5449306
23485,-1.4073828
23486,-1.3934642
23487,-1.4104282
23488,-1.3699927
23489,-1.3022277
23490,-1.5238532
23491,-0.33208242
23492,-1.1309594
23493,-1.4214923
23494,-1.3416822
23495,-1.3671
23496,-1.3453481
23497,-0.3904242
23498,-4.192057
23499,-3.7522914
23500,-0.057352304
23501,0.51416206
23502,-0.17172763
23503,0.8616205
23504,-2.2728157
23505,-2.280876
23506,-1.5890334
23507,1.8602707
23508,-2.3478584
23509,-3.1594782
23510,-1.4211714
23511,-0.8732736
23512,-2.1304028
23513,-2.3100412
23514,-2.0411475
23515,1.1071882
23516,-0.46372235
23517,-1.7982239
23518,-2.8751333
23519,-2.327927
23520,-1.3031825
23521,-1.6866503
23522,-1.6019051
23523,-1.805594
23524,-2.0946233
23525,-4.1523256
23526,-2.7202008
23527,-2.715774
23528,-1.7425704
23529,-2.0358162
23530,0.08410922
23531,-1.7001655
23532,2.09241
23533,-1.1145713
23534,-1.4764618
23535,-2.5132556
23536,-1.9914535
23537,-1.7584157
23538,-1.6824926
23539,-2.565914
23540,-1.109483
23541,-1.266779
23542,-1.745784
23543,-1.1980375
23544,-0.77304345
23545,0.11994114
23546,-0.2823298
23547,-1.0640105
23548,-1.9270207
23549,-1.7780392
23550,-1.5486603
23551,-1.5839585
23552,-0.9580954
23553,-1.7409859
23554,-0.78516996
23555,-1.722085
23556,-1.7407097
23557,-1.2901002
23558,-1.3626496
23559,-1.4685026
23560,-3.0816565
23561,-2.843384
23562,-1.1505522
23563,-1.192242
23564,-2.510191
23565,-2.1589506
23566,-2.4899716
23567,-2.1265123
23568,-3.1470141
23569,-2.7545044
23570,-2.2342217
23571,-1.6350403
23572,-2.7405946
23573,-0.98602045
23574,-2.5433147
23575,-3.4557977
23576,-2.2934794
23577,-1.7440127
23578,-2.4823918
23579,-2.432143
23580,-1.8696355
23581,-3.350805
23582,-2.4184592
23583,-2.6478384
23584,-1.8779397
23585,-2.51075
23586,-2.066383
23587,-2.2423239
23588,-2.3061168
23589,-2.026188
23590,-3.026207
23591,-0.95942324
23592,1.3903252
23593,-1.1052616
23594,-2.0381846
23595,-0.48424062
23596,-0.41496655
23597,-1.1944612
23598,-2.1724956
23599,-1.3774499
23600,-1.0588435
23601,-2.768437
23602,-1.872407
23603,-1.004334
23604,-1.1813477
23605,-0.939253
23606,-1.3332224
23607,-1.6022989
23608,191.79837
23609,351.6632
23610,380.9748
23611,318.1856
23612,305.53607
23613,289.73383
23614,252.72066
23615,261.45676
23616,189.63977
23617,220.4898
23618,246.47066
23619,188.95834
23620,118.53165
23621,96.77411
23622,147.41533
23623,173.42918
23624,127.693924
23625,72.86739
23626,170.07251
23627,100.9387
23628,67.2312
23629,91.16319
23630,62.65112
23631,47.09945
23632,39.516228
23633,40.77125
23634,9.464031
23635,11.475073
23636,10.7716675
23637,29.790562
23638,30.793762
23639,15.381853
23640,105.65605
23641,176.953
23642,148.16344
23643,213.60223
23644,111.002846
23645,105.26586
23646,52.33892
23647,113.76137
23648,176.56108
23649,128.49017
23650,192.54858
23651,209.91072
23652,222.06975
23653,346.89243
23654,425.2539
23655,386.03836
23656,471.6414
23657,448.41135
23658,585.9203
23659,536.8973
23660,703.8019
23661,812.22394
23662,776.5147
23663,751.0321
23664,738.3245
23665,750.7276
23666,620.8944
23667,595.88324
23668,521.19446
23669,586.82733
23670,601.5555
23671,614.90845
23672,561.7751
23673,457.19147
23674,405.09973
23675,417.1442
23676,394.02048
23677,362.27383
23678,341.2618
23679,369.74866
23680,442.47946
23681,405.737
23682,361.23264
23683,335.46637
23684,313.47385
23685,309.83237
23686,246.56244
23687,298.811
23688,334.70667
23689,306.73618
23690,215.19945
23691,262.20923
23692,321.64923
23693,311.35614
23694,318.73163
23695,321.662
23696,204.29947
23697,197.98662
23698,170.26672
23699,59.594288
23700,83.08941
23701,74.07575
23702,79.85599
23703,91.744774
23704,48.53379
23705,44.038624
23706,65.41894
23707,34.135006
23708,43.145653
23709,62.791473
23710,49.652702
23711,119.644104
23712,73.88544
23713,49.38034
23714,38.24559
23715,61.7216
23716,49.839767
23717,44.991455
23718,80.33001
23719,41.576107
23720,39.45263
23721,69.1142
23722,47.80736
23723,111.158134
23724,117.42755
23725,193.35687
23726,161.73535
23727,59.522675
23728,20.722713
23729,7.1275516
23730,11.054385
23731,61.010166
23732,132.67061
23733,188.20439
23734,95.49137
23735,120.734795
23736,100.44634
23737,108.20009
23738,150.03963
23739,161.80734
23740,200.44424
23741,128.11955
23742,226.60728
23743,269.83643
23744,113.521545
23745,175.70956
23746,162.1873
23747,143.08275
23748,190.12677
23749,105.84984
23750,123.29191
23751,248.31613
23752,347.85974
23753,224.88412
23754,175.7649
23755,216.21605
23756,120.65396
23757,117.704704
23758,125.02988
23759,108.220856
23760,89.003944
23761,27.650347
23762,48.34192
23763,54.863533
23764,83.18712
23765,127.38417
23766,122.69561
23767,164.73293
23768,84.691765
23769,101.073944
23770,178.69197
23771,159.14365
23772,149.22571
23773,128.09972
23774,87.802475
23775,72.627815
23776,73.363594
23777,74.85167
23778,98.0971
23779,99.10566
23780,152.53937
23781,143.5546
23782,151.51987
23783,144.21701
23784,159.4447
23785,205.58417
23786,245.60971
23787,254.07054
23788,74.843796
23789,51.09699
23790,75.15283
23791,50.650204
23792,4.334963
23793,-2.9255595
23794,8.656506
23795,16.968903
23796,22.51554
23797,-3.1502774
23798,-5.730101
23799,5.359941
23800,8.726523
23801,33.804245
23802,71.58857
23803,87.05522
23804,95.72525
23805,61.596287
23806,80.24793
23807,134.55821
23808,147.8032
23809,124.77355
23810,142.60654
23811,122.77534
23812,118.97457
23813,119.98523
23814,135.35503
23815,149.86954
23816,131.76828
23817,96.27935
23818,109.55166
23819,165.46518
23820,175.03201
23821,198.44382
23822,204.26604
23823,173.63394
23824,191.2452
23825,226.04309
23826,238.05807
23827,275.3609
23828,367.99435
23829,400.15622
23830,440.96698
23831,358.0648
23832,362.9659
23833,311.40622
23834,324.92313
23835,385.0852
23836,361.92355
23837,290.03906
23838,342.91895
23839,380.36606
23840,421.71732
23841,313.08768
23842,338.39212
23843,255.3721
23844,354.94983
23845,430.71194
23846,538.217
23847,747.1426
23848,634.454
23849,787.36865
23850,784.9248
23851,963.0497
23852,673.30194
23853,753.4259
23854,1140.727
23855,1095.0913
23856,1405.3901
23857,1244.0941
23858,1312.8049
23859,1271.3392
23860,1309.3329
23861,1273.8981
23862,1568.3672
23863,1173.0537
23864,1150.8937
23865,1238.7892
23866,1115.7239
23867,1396.5776
23868,1039.8052
23869,836.27625
23870,986.92285
23871,737.91437
23872,1100.6097
23873,1194.5128
23874,1211.7003
23875,1166.29
23876,1082.0112
23877,1076.3958
23878,959.2536
23879,729.8557
23880,1117.1865
23881,905.1207
23882,926.5133
23883,729.59576
23884,916.59814
23885,815.37836
23886,814.8961
23887,727.9497
23888,942.0955
23889,685.3288
23890,848.65375
23891,710.2723
23892,647.6528
23893,751.45447
23894,1027.7677
23895,851.18396
23896,957.65076
23897,891.6954
23898,976.0438
23899,775.60657
23900,928.84015
23901,957.5556
23902,943.3969
23903,720.3912
23904,1031.5852
23905,693.7058
23906,915.42303
23907,622.93195
23908,1024.383
23909,899.7366
23910,825.90955
23911,956.1006
23912,860.07526
23913,1036.0304
23914,522.33594
23915,872.4973
23916,867.36957
23917,680.6963
23918,537.0175
23919,651.38324
23920,558.0644
23921,439.2219
23922,416.31198
23923,541.76154
23924,426.67014
23925,347.22186
23926,403.68048
23927,406.43225
23928,475.4411
23929,554.4614
23930,571.58
23931,650.0187
23932,580.1437
23933,531.2029
23934,427.0279
23935,396.715
23936,286.71814
23937,292.3095
23938,266.02368
23939,228.23216
23940,246.96747
23941,193.74805
23942,165.15048
23943,172.2723
23944,179.76476
23945,152.13748
23946,184.91496
23947,142.89502
23948,122.3331
23949,126.93034
23950,129.33789
23951,105.15043
23952,101.24082
23953,64.645454
23954,64.40264
23955,69.613716
23956,64.85449
23957,64.82084
23958,90.27797
23959,83.20557
23960,68.606865
23961,61.29077
23962,52.59951
23963,38.141335
23964,49.49504
23965,47.678333
23966,57.81599
23967,54.97325
23968,61.986885
23969,67.36223
23970,74.806564
23971,75.150276
23972,57.34739
23973,58.064945
23974,72.55216
23975,80.495834
23976,63.28064
23977,76.937874
23978,67.70419
23979,42.319572
23980,45.89106
23981,37.985973
23982,46.898884
23983,72.37471
23984,64.16258
23985,34.884933
23986,23.007326
23987,32.170322
23988,22.8511
23989,19.984203
23990,-3.2609189
23991,1.2088922
23992,-2.881743
23993,-1.5925564
23994,-1.5973725
23995,-2.268631
23996,-1.7288686
23997,-1.6035866
23998,-1.6573514
23999,-1.6991535
24000,12.7922325
24001,152.16837
24002,129.04097
24003,108.05582
24004,88.80245
24005,59.813576
24006,11.439921
24007,1.683986
24008,22.676582
24009,2.1147995
24010,4.0056973
24011,17.685976
24012,28.506502
24013,0.2533788
24014,-1.5062772
24015,-1.4946502
24016,-1.7168596
24017,-2.7685463
24018,-2.1087468
24019,-2.7214558
24020,-2.5563521
24021,16.927553
24022,-1.9851413
24023,20.242435
24024,-2.936775
24025,-3.9587898
24026,2.9193482
24027,-1.6172998
24028,-1.4249351
24029,-1.4724272
24030,-1.5984852
24031,-1.3387618
24032,-1.1678979
24033,-1.6621008
24034,14.7996435
24035,-1.1885433
24036,-1.2753267
24037,-1.3091513
24038,-2.0071404
24039,-2.4870355
24040,52.19569
24041,6.309542
24042,-1.1943302
24043,-2.4868498
24044,13.344837
24045,-2.6991649
24046,-1.9297043
24047,-3.8571339
24048,-2.9601026
24049,-1.5257785
24050,-1.5215067
24051,18.686596
24052,126.43697
24053,56.511703
24054,36.131874
24055,-1.572811
24056,21.203753
24057,9.473109
24058,14.8700485
24059,7.7636576
24060,-2.2933366
24061,46.342045
24062,0.87114024
24063,49.00787
24064,92.3699
24065,131.38106
24066,164.10121
24067,166.97687
24068,175.80687
24069,172.38342
24070,234.50266
24071,252.50713
24072,194.78668
24073,230.14851
24074,214.26521
24075,218.34369
24076,190.93651
24077,202.23036
24078,203.62468
24079,215.27293
24080,233.58705
24081,247.89703
24082,173.60516
24083,137.82228
24084,126.75275
24085,143.88637
24086,176.76877
24087,269.24097
24088,226.02882
24089,209.69653
24090,179.15442
24091,221.64096
24092,298.62646
24093,350.81265
24094,316.43353
24095,426.83212
24096,259.27103
24097,236.65076
24098,222.6709
24099,245.92902
24100,220.11119
24101,216.3024
24102,206.65807
24103,218.54996
24104,215.01436
24105,116.561806
24106,67.53123
24107,80.721214
24108,111.761856
24109,130.37958
24110,194.8842
24111,144.92793
24112,125.80939
24113,166.45978
24114,177.96518
24115,148.93758
24116,97.105804
24117,108.684235
24118,93.799255
24119,81.46996
24120,63.706154
24121,88.63413
24122,92.45442
24123,68.74813
24124,55.560196
24125,59.23357
24126,61.528084
24127,99.35206
24128,95.80035
24129,27.259214
24130,2.8353863
24131,13.281804
24132,17.66033
24133,-2.524867
24134,-1.0736464
24135,-1.1657423
24136,-1.1603714
24137,-1.145904
24138,-1.1298491
24139,-1.1715652
24140,-1.1274763
24141,-1.1603775
24142,-1.0673561
24143,-1.0685086
24144,-1.0733585
24145,-1.0986718
24146,-1.061814
24147,-1.0761008
24148,-1.0874627
24149,-1.8596427
24150,-1.2083994
24151,-1.1036179
24152,-1.2461802
24153,-2.3365812
24154,23.86394
24155,0.17919074
24156,103.48326
24157,37.198853
24158,49.702084
24159,125.69998
24160,105.87169
24161,260.89462
24162,464.08044
24163,247.82501
24164,346.19046
24165,286.49265
24166,260.92596
24167,386.8306
24168,225.10677
24169,389.6808
24170,417.59616
24171,376.9651
24172,253.44131
24173,152.0332
24174,214.1848
24175,280.44485
24176,67.87269
24177,117.962036
24178,188.04143
24179,564.1277
24180,370.6987
24181,324.90668
24182,300.9751
24183,316.4011
24184,172.0267
24185,303.54752
24186,215.34677
24187,302.41476
24188,184.23062
24189,201.94058
24190,50.9963
24191,21.989922
24192,115.122955
24193,90.26901
24194,127.941414
24195,82.72073
24196,82.54764
24197,160.19273
24198,131.14162
24199,126.87362
24200,180.55083
24201,138.87212
24202,101.80123
24203,115.883606
24204,133.26956
24205,82.8072
24206,16.217005
24207,22.521496
24208,80.57659
24209,26.526134
24210,3.239157
24211,-3.6870272
24212,11.445147
24213,91.93246
24214,121.45901
24215,124.04094
24216,96.952736
24217,58.60212
24218,36.097664
24219,-4.9048285
24220,-2.2773266
24221,-1.3056564
24222,-1.357408
24223,-1.195757
24224,-1.2738206
24225,-1.8348855
24226,11.6435995
24227,69.18432
24228,63.22366
24229,71.569466
24230,114.49879
24231,168.28499
24232,145.55614
24233,101.09986
24234,42.565865
24235,15.659058
24236,34.62998
24237,61.94133
24238,74.283516
24239,38.90016
24240,29.768093
24241,18.098356
24242,19.513693
24243,83.00563
24244,159.18015
24245,162.28896
24246,89.00052
24247,67.165695
24248,34.37516
24249,5.2099633
24250,-3.0587032
24251,-1.2242806
24252,-1.2911428
24253,-1.2352926
24254,-1.2668387
24255,-1.2988642
24256,-1.2714632
24257,-1.2636778
24258,-1.2288898
24259,-1.2369934
24260,-1.2026234
24261,-1.2411236
24262,-0.99002874
24263,47.50436
24264,47.1572
24265,13.373715
24266,-2.3991256
24267,-1.2487636
24268,-1.2459103
24269,24.076488
24270,74.938805
24271,42.532726
24272,20.755732
24273,8.160192
24274,-1.3842525
24275,-7.7118278
24276,-3.753206
24277,-1.5720916
24278,-1.5896261
24279,-1.6053272
24280,-1.5296551
24281,-1.4771148
24282,-1.5852215
24283,-1.6012961
24284,-1.6744599
24285,-1.6537519
24286,-1.6999269
24287,-1.6840417
24288,-1.7317523
24289,-1.7317523
24290,-1.7399198
24291,-1.4838204
24292,-1.3417603
24293,-1.3290648
24294,-1.4699061
24295,-1.4501507
24296,-1.3411427
24297,-1.3202845
24298,-1.2893233
24299,-1.7382079
24300,-1.5740151
24301,-1.5740151
24302,-1.5480447
24303,-1.1034496
24304,-1.2126573
24305,-1.2182335
24306,-1.2190278
24307,-1.2082953
24308,-1.2123474
24309,-1.2082953
24310,-1.2082953
24311,-1.1635327
24312,27.267784
24313,69.06596
24314,48.840557
24315,5.695191
24316,-1.0150625
24317,-1.3036408
24318,-1.1730305
24319,-1.9039687
24320,-1.2838197
24321,-1.1945508
24322,33.785385
24323,28.818813
24324,-1.1780608
24325,-2.4044647
24326,10.99671
24327,1.1821985
24328,-1.3625509
24329,43.714634
24330,1.4027433
24331,-1.8193973
24332,79.54283
24333,23.211931
24334,64.03573
24335,89.21631
24336,167.48868
24337,104.826256
24338,98.68142
24339,68.44837
24340,99.34051
24341,105.64547
24342,17.479559
24343,68.058235
24344,32.540066
24345,108.821915
24346,52.748188
24347,82.088104
24348,94.67058
24349,80.49579
24350,70.60921
24351,75.6878
24352,56.172634
24353,84.34783
24354,76.85169
24355,57.246056
24356,77.59851
24357,71.005135
24358,74.26382
24359,35.748558
24360,18.08856
24361,-1.011523
24362,-2.5373943
24363,6.211788
24364,-3.8285272
24365,-8.524481
24366,-7.2819
24367,-1.6436659
24368,-1.589711
24369,-1.292905
24370,-1.2633058
24371,-1.4341029
24372,-2.0362709
24373,-1.2960848
24374,-2.0527644
24375,-1.387038
24376,-1.9389727
24377,-0.964383
24378,-1.139264
24379,34.122623
24380,44.571266
24381,28.368206
24382,31.281015
24383,17.178814
24384,13.459302
24385,13.594664
24386,14.062474
24387,33.841
24388,123.859695
24389,176.33755
24390,132.9172
24391,99.3762
24392,155.8621
24393,204.49422
24394,176.52396
24395,193.46976
24396,190.17332
24397,257.5654
24398,233.13194
24399,191.32162
24400,171.79424
24401,164.49455
24402,203.65892
24403,258.42975
24404,214.53601
24405,250.06978
24406,258.29507
24407,199.54134
24408,179.35767
24409,172.58015
24410,188.25401
24411,190.41945
24412,196.42337
24413,205.85275
24414,199.69308
24415,252.47531
24416,283.64
24417,276.82993
24418,242.69003
24419,146.47356
24420,169.55795
24421,207.34807
24422,224.00363
24423,210.81323
24424,183.07831
24425,184.17839
24426,191.75702
24427,177.17232
24428,127.885315
24429,123.07843
24430,128.79767
24431,90.33087
24432,171.41116
24433,138.87117
24434,125.22596
24435,147.2194
24436,144.16187
24437,125.872116
24438,320.65082
24439,401.389
24440,150.1473
24441,356.56128
24442,492.8954
24443,338.60422
24444,505.9744
24445,527.36896
24446,586.0925
24447,430.90536
24448,527.09515
24449,699.1732
24450,493.61908
24451,444.5695
24452,844.35284
24453,693.45056
24454,694.8629
24455,545.0487
24456,540.12836
24457,581.53357
24458,550.0594
24459,771.3748
24460,1037.6799
24461,711.1652
24462,769.8493
24463,973.1006
24464,1084.2388
24465,475.56223
24466,205.75758
24467,363.4687
24468,678.71545
24469,1013.6728
24470,1099.8506
24471,1082.5062
24472,1134.3627
24473,746.0629
24474,1306.5422
24475,768.52704
24476,1056.2732
24477,1235.4895
24478,589.04175
24479,942.97943
24480,810.9073
24481,594.5273
24482,786.5616
24483,852.14685
24484,1062.1625
24485,804.27515
24486,1200.2335
24487,1126.646
24488,1162.2545
24489,1097.638
24490,908.84247
24491,822.93665
24492,575.6159
24493,436.24677
24494,507.28314
24495,394.05124
24496,328.78082
24497,362.11078
24498,418.58392
24499,487.27692
24500,450.55466
24501,469.4756
24502,556.98944
24503,526.6763
24504,560.8067
24505,481.83307
24506,572.13403
24507,688.4853
24508,848.81946
24509,985.93915
24510,1060.144
24511,1038.4769
24512,894.65753
24513,786.6153
24514,861.61194
24515,600.1947
24516,436.34113
24517,383.61835
24518,329.2112
24519,418.41852
24520,378.04202
24521,319.45874
24522,340.53427
24523,293.1732
24524,265.08167
24525,362.61035
24526,426.60855
24527,498.41547
24528,988.34564
24529,878.13965
24530,850.46423
24531,676.7712
24532,761.033
24533,922.094
24534,997.8794
24535,854.00745
24536,717.93
24537,879.43036
24538,899.3845
24539,837.082
24540,686.36676
24541,523.9631
24542,390.4335
24543,281.11288
24544,180.88324
24545,79.767166
24546,64.64884
24547,52.966434
24548,42.941277
24549,25.727812
24550,70.375916
24551,120.46135
24552,165.53293
24553,143.77869
24554,92.55969
24555,72.78276
24556,94.16372
24557,191.3603
24558,250.7711
24559,280.08423
24560,345.48053
24561,353.4484
24562,209.06721
24563,254.88884
24564,256.25623
24565,193.36003
24566,210.30296
24567,203.71042
24568,230.05078
24569,283.35593
24570,389.3787
24571,205.8585
24572,180.39944
24573,353.8767
24574,377.0422
24575,337.27744
24576,487.42032
24577,774.58105
24578,623.7957
24579,404.1389
24580,614.2526
24581,560.33246
24582,296.5585
24583,534.4742
24584,532.32874
24585,673.3592
24586,933.33075
24587,760.1545
24588,579.6508
24589,306.66412
24590,212.84476
24591,296.63547
24592,204.6158
24593,162.05374
24594,196.30873
24595,290.30753
24596,366.71237
24597,175.55357
24598,468.03867
24599,441.42838
24600,902.8513
24601,703.6205
24602,579.76556
24603,580.27136
24604,632.1168
24605,660.82184
24606,1085.5763
24607,446.8228
24608,959.92065
24609,528.2754
24610,455.8831
24611,725.9077
24612,524.39813
24613,716.84686
24614,483.5286
24615,664.1372
24616,535.86017
24617,487.0891
24618,561.53735
24619,449.9371
24620,602.4582
24621,317.23636
24622,377.5303
24623,235.32121
24624,264.07706
24625,510.32135
24626,598.64764
24627,497.12027
24628,361.29083
24629,297.00705
24630,221.1685
24631,279.68497
24632,476.8493
24633,334.76135
24634,156.29068
24635,408.94492
24636,490.28534
24637,375.71146
24638,304.94745
24639,294.59216
24640,352.81342
24641,243.28447
24642,221.51338
24643,234.5839
24644,180.95222
24645,213.97481
24646,226.44925
24647,268.22934
24648,248.30658
24649,388.68024
24650,383.45172
24651,376.7064
24652,304.64825
24653,285.0341
24654,302.50815
24655,249.56586
24656,226.26117
24657,321.23862
24658,363.02643
24659,335.86246
24660,121.94012
24661,149.27664
24662,296.82425
24663,194.27087
24664,135.25249
24665,136.71071
24666,185.1567
24667,192.90239
24668,225.76453
24669,212.49397
24670,107.70228
24671,84.5774
24672,232.76051
24673,112.89192
24674,200.24168
24675,107.464935
24676,136.09221
24677,250.12383
24678,209.74878
24679,125.877525
24680,61.60746
24681,13.280214
24682,-4.738634
24683,-2.5384235
24684,-0.7082131
24685,21.914612
24686,33.10059
24687,18.389952
24688,-2.3589816
24689,-1.1850059
24690,13.011634
24691,5.2654834
24692,42.028587
24693,83.97696
24694,103.7716
24695,102.19373
24696,52.116215
24697,44.61058
24698,44.232067
24699,24.326328
24700,9.809601
24701,19.07859
24702,25.856562
24703,40.04076
24704,66.410965
24705,52.38013
24706,56.50787
24707,72.786446
24708,-0.7829646
24709,67.93088
24710,61.285896
24711,42.622417
24712,74.238335
24713,69.21003
24714,49.986725
24715,27.836306
24716,33.324364
24717,-1.6527
24718,-0.8664312
24719,-1.4713293
24720,28.882864
24721,40.45355
24722,24.71538
24723,45.892365
24724,20.23001
24725,64.11956
24726,167.62123
24727,148.03558
24728,94.23466
24729,181.98846
24730,478.73578
24731,523.11127
24732,335.56494
24733,265.78146
24734,356.0932
24735,365.14764
24736,173.95515
24737,200.05298
24738,205.8789
24739,85.19554
24740,129.58994
24741,280.30502
24742,222.0644
24743,161.42061
24744,229.56049
24745,301.73416
24746,293.33386
24747,311.34964
24748,168.49232
24749,324.81058
24750,183.90434
24751,252.67876
24752,177.42891
24753,332.13962
24754,169.9465
24755,252.03911
24756,53.512882
24757,2.9302936
24758,254.80011
24759,230.90312
24760,344.17563
24761,217.53479
24762,16.428566
24763,66.582115
24764,178.92024
24765,327.74197
24766,356.8814
24767,117.05576
24768,86.153786
24769,262.87115
24770,170.28278
24771,260.13663
24772,105.34995
24773,73.82746
24774,123.42133
24775,220.14055
24776,60.06394
24777,220.2264
24778,276.90952
24779,158.194
24780,340.74973
24781,313.46307
24782,179.24332
24783,221.79747
24784,133.81372
24785,118.91449
24786,124.97885
24787,206.80975
24788,187.76256
24789,248.68819
24790,199.03142
24791,206.93027
24792,106.6127
24793,132.6492
24794,232.79727
24795,368.668
24796,515.42725
24797,462.7344
24798,348.87604
24799,336.08804
24800,537.38556
24801,669.47284
24802,492.8845
24803,326.61362
24804,258.97534
24805,341.3684
24806,512.07874
24807,541.1926
24808,657.43384
24809,670.65076
24810,507.44778
24811,412.2471
24812,390.32462
24813,378.5533
24814,356.51385
24815,330.67432
24816,368.5758
24817,386.55008
24818,409.53488
24819,445.73004
24820,512.6818
24821,399.64374
24822,373.14902
24823,409.1882
24824,407.49387
24825,419.7984
24826,434.75128
24827,564.96185
24828,626.11694
24829,550.1717
24830,527.2547
24831,504.01355
24832,397.127
24833,445.49173
24834,570.7162
24835,510.82806
24836,565.86194
24837,685.0293
24838,730.1012
24839,734.9659
24840,861.39264
24841,819.3952
24842,692.803
24843,591.5016
24844,491.13913
24845,481.6799
24846,562.57446
24847,445.30014
24848,416.2158
24849,408.94064
24850,402.26422
24851,351.95532
24852,257.17374
24853,551.05585
24854,329.32962
24855,200.13438
24856,240.10995
24857,226.73602
24858,103.305145
24859,209.50383
24860,213.80093
24861,662.084
24862,500.19522
24863,367.90735
24864,518.98944
24865,699.1246
24866,375.95526
24867,483.4222
24868,452.5349
24869,455.29523
24870,412.84232
24871,392.5655
24872,364.70697
24873,283.56958
24874,217.11557
24875,492.50604
24876,228.39833
24877,498.0731
24878,445.87048
24879,556.3392
24880,487.38983
24881,471.2094
24882,324.5878
24883,515.4216
24884,497.65683
24885,331.80725
24886,696.76447
24887,603.8527
24888,809.27716
24889,886.8939
24890,345.97714
24891,596.88806
24892,777.5817
24893,554.4518
24894,517.16473
24895,746.1222
24896,730.44836
24897,731.76886
24898,308.07422
24899,1107.7461
24900,961.42224
24901,732.15436
24902,887.2255
24903,770.05786
24904,761.6317
24905,793.34155
24906,278.5743
24907,239.10951
24908,206.65085
24909,225.37665
24910,280.99866
24911,307.12027
24912,317.09378
24913,237.60258
24914,69.693436
24915,184.2325
24916,302.9928
24917,186.94803
24918,85.51818
24919,264.20963
24920,246.19267
24921,23.836515
24922,57.82492
24923,242.54662
24924,109.29016
24925,148.57338
24926,113.98293
24927,51.218758
24928,168.2169
24929,98.6497
24930,108.81927
24931,151.50522
24932,210.61647
24933,200.8192
24934,122.76471
24935,131.56418
24936,137.89923
24937,127.029945
24938,128.52129
24939,124.8011
24940,139.03227
24941,162.2825
24942,199.34482
24943,249.55286
24944,272.33234
24945,284.74698
24946,306.4245
24947,308.3673
24948,336.6657
24949,392.73105
24950,432.12927
24951,481.87878
24952,464.32098
24953,481.16956
24954,506.3812
24955,596.09296
24956,699.31464
24957,741.9714
24958,761.5696
24959,760.62317
24960,581.84937
24961,458.31915
24962,469.77
24963,486.72513
24964,497.67474
24965,460.776
24966,492.45026
24967,519.72516
24968,547.90936
24969,532.9518
24970,629.15594
24971,717.8339
24972,821.80554
24973,736.21075
24974,632.3748
24975,572.9318
24976,418.9791
24977,275.5205
24978,264.65622
24979,348.31937
24980,358.55975
24981,260.7264
24982,208.10263
24983,107.0544
24984,30.830608
24985,2.3410752
24986,-4.992156
24987,-1.5393913
24988,-1.5487078
24989,-1.618271
24990,-1.7587408
24991,-1.7436254
24992,-1.69164
24993,-1.6868397
24994,-1.7120018
24995,-1.7307935
24996,-1.7920663
24997,-1.7443345
24998,-1.7443345
24999,-1.7377594
25000,-1.7367474
25001,-1.6907215
25002,-3.2574322
25003,-1.6013688
25004,-1.6653932
25005,-1.5471258
25006,-1.3892413
25007,-1.4584538
25008,-1.3480687
25009,-1.3185307
25010,-1.309817
25011,-1.2889361
25012,-1.2084054
25013,-1.1590024
25014,-1.0388877
25015,-1.0965414
25016,-1.0935363
25017,-1.2026173
25018,-1.9901285
25019,-1.0652783
25020,-1.0513669
25021,6.6239243
25022,-0.43196252
25023,-1.9213688
25024,-1.1530545
25025,-2.580844
25026,4.8425975
25027,-1.16208
25028,-0.99875486
25029,-0.96739966
25030,-1.8045578
25031,-1.2297416
25032,-0.95461076
25033,4.136731
25034,-1.4323888
25035,-1.8527641
25036,0.25953424
25037,-1.7001122
25038,-1.1287718
25039,-1.0605687
25040,-1.6542389
25041,-1.0300552
25042,-1.0414096
25043,-0.97992957
25044,24.776285
25045,45.825783
25046,47.26322
25047,31.395428
25048,61.874905
25049,102.69946
25050,81.557175
25051,6.226365
25052,-1.7861756
25053,-1.0181935
25054,116.3231
25055,94.23731
25056,45.186222
25057,87.502975
25058,37.14931
25059,-1.6934506
25060,-1.8147167
25061,-1.001755
25062,-1.5991627
25063,12.070809
25064,11.499037
25065,31.530664
25066,80.0404
25067,49.80058
25068,53.569084
25069,3.1657908
25070,11.745509
25071,54.801556
25072,85.16811
25073,46.33275
25074,33.233185
25075,84.06663
25076,58.41789
25077,46.029346
25078,64.73911
25079,76.07118
25080,123.44877
25081,37.36864
25082,14.356892
25083,19.871569
25084,53.766483
25085,168.2867
25086,349.40262
25087,310.80627
25088,199.48041
25089,23.60634
25090,6.453826
25091,51.798737
25092,42.860508
25093,1.8095523
25094,-2.082922
25095,-1.5442636
25096,-0.8268483
25097,5.899621
25098,7.1995025
25099,37.506496
25100,21.962059
25101,27.80917
25102,44.818226
25103,48.867542
25104,32.028156
25105,0.527261
25106,3.5655346
25107,67.42984
25108,64.22774
25109,149.56075
25110,125.33422
25111,65.59017
25112,93.55314
25113,65.19373
25114,60.562145
25115,106.35419
25116,121.24775
25117,87.30435
25118,93.27825
25119,32.30691
25120,30.532593
25121,3.889472
25122,-2.164946
25123,71.41968
25124,27.266222
25125,-1.7933133
25126,-0.9862588
25127,-0.957146
25128,0.48757175
25129,33.7743
25130,46.780857
25131,45.47858
25132,71.456085
25133,93.54052
25134,23.88576
25135,57.34027
25136,75.87254
25137,66.09721
25138,117.14792
25139,96.19203
25140,128.82568
25141,165.3787
25142,251.33133
25143,196.4662
25144,271.02948
25145,285.00275
25146,130.11543
25147,217.62407
25148,59.30932
25149,10.258837
25150,27.15275
25151,2.8410542
25152,-1.2288377
25153,-0.8987034
25154,-0.9663439
25155,-0.9766886
25156,-0.97237855
25157,-1.0907884
25158,-1.0221666
25159,-1.0373377
25160,-1.1608
25161,155.78766
25162,111.0424
25163,62.800735
25164,162.57169
25165,70.88814
25166,99.22418
25167,73.34056
25168,42.308132
25169,28.987255
25170,-3.0339725
25171,-1.8992695
25172,-1.883591
25173,-1.9971269
25174,54.34025
25175,244.20863
25176,266.8333
25177,175.49214
25178,147.2489
25179,70.36023
25180,2.8567176
25181,22.237837
25182,-1.4061877
25183,-1.4336934
25184,-1.9431307
25185,-2.6675339
25186,37.58222
25187,26.224728
25188,36.94115
25189,37.402393
25190,22.153484
25191,-0.67576426
25192,64.377884
25193,216.80084
25194,129.29175
25195,51.607624
25196,-2.8535187
25197,-2.7063296
25198,8.228736
25199,10.320403
25200,-0.28297523
25201,-2.6061807
25202,-2.934451
25203,-2.2657106
25204,-2.3920124
25205,-1.6442043
25206,-2.0740836
25207,126.62524
25208,1859.7322
25209,961.26074
25210,1557.9409
25211,1773.6532
25212,1452.6013
25213,858.231
25214,840.02277
25215,664.19135
25216,491.94797
25217,401.0016
25218,215.73166
25219,0.40516725
25220,-0.034839053
25221,-0.304834
25222,-0.35264495
25223,-0.36758503
25224,-2.3521254
25225,179.19638
25226,76.826775
25227,95.71278
25228,82.11561
25229,47.7887
25230,66.23112
25231,227.26012
25232,280.092
25233,277.44574
25234,284.86526
25235,534.2709
25236,713.4547
25237,555.3879
25238,405.21716
25239,333.9172
25240,493.59067
25241,773.88617
25242,552.36945
25243,780.27783
25244,794.3246
25245,851.2034
25246,925.1457
25247,860.6931
25248,1173.5499
25249,916.8499
25250,1043.5732
25251,864.66473
25252,885.29913
25253,656.11615
25254,835.2252
25255,659.617
25256,502.5933
25257,713.989
25258,754.9749
25259,814.8495
25260,977.89996
25261,957.7703
25262,560.83307
25263,432.42398
25264,711.8909
25265,739.49585
25266,719.4494
25267,914.3633
25268,926.4842
25269,816.769
25270,889.56946
25271,979.2482
25272,1072.661
25273,1468.4808
25274,1114.6934
25275,994.2981
25276,661.8675
25277,790.03314
25278,858.2779
25279,736.3589
25280,509.1087
25281,465.70596
25282,563.4445
25283,534.9405
25284,515.17535
25285,523.4088
25286,405.059
25287,513.4748
25288,246.62794
25289,177.98726
25290,268.17606
25291,251.30241
25292,693.8247
25293,804.5712
25294,730.2626
25295,586.62573
25296,633.42804
25297,553.7209
25298,470.9185
25299,415.67105
25300,160.57979
25301,161.19453
25302,197.12292
25303,85.55243
25304,133.37898
25305,114.971085
25306,101.91092
25307,65.5933
25308,81.11951
25309,12.87019
25310,-3.165191
25311,-2.321286
25312,-2.5084088
25313,-2.0962045
25314,-2.0020647
25315,123.18732
25316,488.8724
25317,204.72812
25318,160.87363
25319,152.53351
25320,69.02764
25321,142.37866
25322,486.01492
25323,644.7602
25324,751.3523
25325,997.3267
25326,626.46466
25327,418.21814
25328,256.09274
25329,275.12576
25330,164.2941
25331,187.7209
25332,137.20177
25333,121.61577
25334,70.08106
25335,88.31994
25336,116.162285
25337,170.06676
25338,261.6512
25339,259.1003
25340,362.84796
25341,494.0691
25342,352.8707
25343,270.1012
25344,216.48816
25345,225.77739
25346,156.11427
25347,231.00764
25348,298.7067
25349,256.2741
25350,384.6112
25351,323.5687
25352,259.64725
25353,212.42424
25354,443.7111
25355,520.2841
25356,629.35156
25357,453.0489
25358,505.8125
25359,362.8513
25360,395.51447
25361,700.17584
25362,602.9998
25363,753.057
25364,667.439
25365,537.2932
25366,631.8491
25367,576.1106
25368,443.5677
25369,578.12286
25370,764.4484
25371,616.77936
25372,447.96542
25373,583.0382
25374,518.11633
25375,465.27393
25376,623.86847
25377,624.17395
25378,573.52637
25379,588.07056
25380,443.13153
25381,407.61703
25382,601.7624
25383,542.4709
25384,519.3222
25385,587.9994
25386,853.977
25387,619.2373
25388,604.35693
25389,603.6405
25390,642.4491
25391,638.0384
25392,557.77563
25393,332.04303
25394,408.24634
25395,523.8857
25396,382.94336
25397,263.01868
25398,289.8432
25399,249.11447
25400,160.42395
25401,103.9061
25402,105.24008
25403,118.048134
25404,155.7184
25405,208.44473
25406,339.39874
25407,387.34763
25408,459.66888
25409,358.7944
25410,332.7992
25411,193.50073
25412,190.18057
25413,224.30173
25414,324.6439
25415,335.99567
25416,272.03604
25417,153.77747
25418,303.79175
25419,284.96875
25420,135.8409
25421,377.9674
25422,550.9974
25423,543.3784
25424,285.39355
25425,492.62213
25426,376.86118
25427,232.09142
25428,312.1595
25429,605.5504
25430,1161.6035
25431,1165.8185
25432,709.5106
25433,465.7196
25434,523.76105
25435,551.1712
25436,381.18198
25437,237.14967
25438,704.71094
25439,476.06262
25440,352.1198
25441,339.84772
25442,535.73126
25443,827.76263
25444,902.07385
25445,907.52594
25446,1341.4575
25447,823.87305
25448,588.58984
25449,417.6094
25450,449.8927
25451,980.27606
25452,894.626
25453,778.18463
25454,1168.8881
25455,592.54266
25456,522.8851
25457,167.03291
25458,136.67284
25459,76.3372
25460,161.6927
25461,1465.6403
25462,574.9166
25463,579.15857
25464,601.3374
25465,704.55634
25466,663.5676
25467,671.85986
25468,534.0244
25469,342.2874
25470,396.4149
25471,447.98276
25472,439.8451
25473,526.4674
25474,623.36365
25475,733.4706
25476,366.53766
25477,247.88501
25478,123.9906
25479,198.71802
25480,215.54875
25481,230.77367
25482,350.1873
25483,400.00397
25484,1333.816
25485,575.39606
25486,423.9133
25487,262.54315
25488,120.6107
25489,180.964
25490,350.4773
25491,424.72562
25492,329.087
25493,269.58536
25494,163.20473
25495,185.5628
25496,388.1839
25497,627.04236
25498,493.61655
25499,462.90164
25500,324.41724
25501,384.60004
25502,375.0658
25503,428.2868
25504,472.91812
25505,445.95468
25506,692.1057
25507,746.9676
25508,975.34326
25509,822.61017
25510,843.95856
25511,675.18524
25512,536.72
25513,682.6073
25514,460.34265
25515,489.02863
25516,445.02927
25517,456.91742
25518,602.4275
25519,560.8289
25520,498.01062
25521,619.5947
25522,888.0478
25523,948.7281
25524,970.6734
25525,900.6383
25526,928.56213
25527,834.24896
25528,853.3884
25529,930.3651
25530,876.9602
25531,739.9728
25532,688.50494
25533,564.4615
25534,499.74634
25535,514.4216
25536,486.70425
25537,537.7881
25538,447.68982
25539,618.92773
25540,648.8505
25541,494.94238
25542,503.1896
25543,382.62915
25544,628.5363
25545,559.71204
25546,397.10034
25547,315.08957
25548,472.7425
25549,400.49026
25550,402.6876
25551,354.1423
25552,419.5085
25553,614.2424
25554,479.94067
25555,460.8315
25556,471.59094
25557,402.9672
25558,408.98926
25559,714.65796
25560,446.97513
25561,278.03204
25562,762.6702
25563,564.05884
25564,353.0956
25565,378.99167
25566,693.8925
25567,551.2535
25568,721.09186
25569,1183.6567
25570,796.57007
25571,556.26324
25572,810.2164
25573,816.7555
25574,472.89975
25575,752.53625
25576,961.29974
25577,1147.1271
25578,1512.0751
25579,1064.7611
25580,492.05292
25581,376.5077
25582,492.98737
25583,873.0346
25584,1231.6472
25585,644.1615
25586,673.1512
25587,999.69135
25588,1240.8162
25589,967.24713
25590,466.4728
25591,229.09892
25592,232.91064
25593,941.461
25594,712.59985
25595,839.34546
25596,329.07007
25597,320.96536
25598,680.2162
25599,517.7843
25600,565.8398
25601,351.16016
25602,360.31256
25603,550.67163
25604,255.27003
25605,234.02522
25606,243.22568
25607,649.5543
25608,733.2645
25609,232.41162
25610,388.16214
25611,257.69965
25612,266.71033
25613,350.11707
25614,326.34317
25615,250.80222
25616,307.13983
25617,228.03882
25618,525.384
25619,450.7452
25620,415.85236
25621,286.36365
25622,130.87569
25623,243.88232
25624,199.05365
25625,281.64084
25626,379.59732
25627,431.707
25628,512.01544
25629,530.88354
25630,474.3489
25631,559.03204
25632,596.8269
25633,569.0072
25634,713.27386
25635,600.1983
25636,638.11725
25637,751.8303
25638,739.40564
25639,710.35834
25640,728.4567
25641,601.1807
25642,696.91174
25643,755.24066
25644,869.5316
25645,636.0171
25646,532.4551
25647,450.38773
25648,543.5098
25649,456.30948
25650,527.51807
25651,515.97974
25652,408.59155
25653,625.6933
25654,597.17224
25655,652.0367
25656,555.26666
25657,564.1794
25658,525.90607
25659,660.9339
25660,574.4889
25661,480.5854
25662,560.701
25663,531.9613
25664,530.4097
25665,476.95224
25666,428.6079
25667,486.15335
25668,558.0875
25669,531.6179
25670,508.61154
25671,567.2352
25672,834.682
25673,774.23364
25674,647.4007
25675,657.3966
25676,628.54156
25677,628.5103
25678,731.3051
25679,621.0338
25680,635.2325
25681,563.14514
25682,522.5943
25683,959.0806
25684,679.9052
25685,701.8152
25686,715.3557
25687,764.2771
25688,618.907
25689,572.727
25690,624.83624
25691,594.4753
25692,563.9279
25693,580.7159
25694,181.09933
25695,364.331
25696,609.03925
25697,478.48743
25698,770.7149
25699,748.3705
25700,544.7864
25701,486.17902
25702,507.46576
25703,409.98553
25704,475.02048
25705,485.70175
25706,322.80362
25707,315.6665
25708,381.31955
25709,289.36627
25710,323.01407
25711,460.82477
25712,281.93564
25713,491.5747
25714,311.47183
25715,372.20636
25716,400.1488
25717,397.42648
25718,578.35486
25719,286.38007
25720,547.18243
25721,401.28903
25722,612.7414
25723,515.9538
25724,729.7891
25725,545.3692
25726,747.0783
25727,1045.5837
25728,811.1632
25729,782.4819
25730,1011.24097
25731,966.1042
25732,1165.3901
25733,1269.6228
25734,1010.0531
25735,897.7245
25736,1426.6836
25737,1231.8905
25738,1366.2021
25739,1298.725
25740,1385.8934
25741,1256.1152
25742,996.6396
25743,1151.6643
25744,1167.4489
25745,492.39743
25746,225.28314
25747,269.0155
25748,226.13617
25749,181.28725
25750,183.46027
25751,530.1821
25752,469.14447
25753,489.95334
25754,281.7903
25755,570.1255
25756,490.47235
25757,526.3847
25758,420.28244
25759,322.85666
25760,319.45703
25761,282.11655
25762,337.74536
25763,447.9041
25764,352.7597
25765,298.53833
25766,275.30804
25767,315.545
25768,316.02618
25769,241.80185
25770,210.23257
25771,266.96112
25772,236.81569
25773,211.01724
25774,280.10492
25775,371.95218
25776,285.4041
25777,332.68356
25778,368.87424
25779,355.74338
25780,365.53146
25781,278.42828
25782,279.1343
25783,296.98193
25784,314.16336
25785,273.63638
25786,239.64551
25787,338.16724
25788,366.52576
25789,392.02454
25790,480.68185
25791,324.6519
25792,332.23376
25793,295.4533
25794,307.8296
25795,280.88492
25796,330.3821
25797,338.20062
25798,202.23213
25799,213.62546
25800,286.31833
25801,388.0396
25802,311.20404
25803,297.23358
25804,215.1427
25805,203.67892
25806,208.03514
25807,238.9799
25808,261.27744
25809,230.21056
25810,261.0989
25811,224.14113
25812,238.39322
25813,252.87625
25814,191.45331
25815,268.51486
25816,251.58514
25817,286.0498
25818,357.37613
25819,470.6988
25820,443.10684
25821,403.95154
25822,421.1726
25823,422.03546
25824,278.42502
25825,261.48233
25826,348.80487
25827,370.6068
25828,467.59805
25829,348.68933
25830,223.57286
25831,151.88171
25832,115.08965
25833,158.44893
25834,302.38525
25835,344.6586
25836,278.5582
25837,69.952255
25838,91.18031
25839,73.03778
25840,45.10584
25841,159.66766
25842,130.14507
25843,93.06117
25844,47.957577
25845,35.298027
25846,39.274963
25847,27.648027
25848,37.54031
25849,65.124695
25850,107.377785
25851,216.40433
25852,254.69206
25853,250.13713
25854,156.68584
25855,418.21402
25856,437.6751
25857,282.24487
25858,419.50427
25859,507.18442
25860,254.44858
25861,281.37802
25862,230.77959
25863,429.72336
25864,214.28189
25865,249.85727
25866,283.6751
25867,184.06622
25868,144.37238
25869,466.9704
25870,427.6869
25871,279.6642
25872,134.82562
25873,136.35542
25874,32.846706
25875,57.502815
25876,447.11755
25877,656.87115
25878,263.94885
25879,136.45612
25880,181.77637
25881,133.50508
25882,152.15015
25883,175.59943
25884,66.449234
25885,96.82691
25886,289.3211
25887,316.63586
25888,287.92657
25889,308.68182
25890,262.55347
25891,318.28973
25892,284.16428
25893,331.82858
25894,294.593
25895,429.79092
25896,398.49057
25897,197.85728
25898,164.25339
25899,119.2948
25900,250.44673
25901,209.02371
25902,238.91953
25903,258.37003
25904,276.5466
25905,210.09254
25906,334.0301
25907,188.29065
25908,42.40872
25909,128.46385
25910,132.11595
25911,73.749825
25912,42.45362
25913,50.186726
25914,59.73598
25915,7.534643
25916,-1.6514204
25917,-1.6762165
25918,-1.8071431
25919,39.820072
25920,42.705074
25921,18.665735
25922,-4.5637407
25923,-0.97555894
25924,-0.9523189
25925,-0.8241881
25926,40.536343
25927,112.177605
25928,126.553795
25929,102.61474
25930,84.28849
25931,44.9619
25932,49.28139
25933,29.696188
25934,2.703393
25935,-1.0563643
25936,-0.90965706
25937,4.3130565
25938,46.49841
25939,81.764465
25940,37.495136
25941,37.894615
25942,30.880661
25943,54.684925
25944,20.948648
25945,19.270283
25946,73.04025
25947,87.92095
25948,61.529705
25949,31.022507
25950,5.8621335
25951,76.86284
25952,116.68662
25953,28.629637
25954,-3.9227183
25955,-0.8582193
25956,-0.8886465
25957,-1.5624149
25958,-0.88636935
25959,-0.8931608
25960,-0.88088036
25961,-1.6468292
25962,-0.85167074
25963,-0.79252493
25964,-0.80869603
25965,-0.8395967
25966,-0.8353424
25967,-0.91398126
25968,-0.83046407
25969,-0.9510802
25970,-0.93736774
25971,-0.9782135
25972,-0.9999936
25973,-1.0572149
25974,-0.99719745
25975,-1.0656691
25976,-1.3596326
25977,-0.6840555
25978,58.016514
25979,58.75955
25980,52.8945
25981,110.741425
25982,86.25561
25983,131.64284
25984,154.84117
25985,110.77226
25986,138.29771
25987,76.084274
25988,58.556046
25989,23.228289
25990,30.59352
25991,11.772073
25992,15.334482
25993,-1.531195
25994,-1.8827705
25995,-2.4300134
25996,69.72133
25997,104.597786
25998,83.645874
25999,275.5571
26000,251.28462
26001,196.03482
26002,281.0978
26003,176.5672
26004,91.7144
26005,93.966705
26006,89.203094
26007,174.0278
26008,121.05894
26009,177.08559
26010,137.16277
26011,188.61525
26012,106.43662
26013,150.72995
26014,134.93416
26015,156.02957
26016,105.778915
26017,144.22456
26018,244.80876
26019,99.72366
26020,94.007576
26021,112.21716
26022,98.59977
26023,233.05634
26024,164.33885
26025,30.842203
26026,164.22133
26027,86.5827
26028,177.07597
26029,178.65482
26030,139.49854
26031,120.80243
26032,0.35951778
26033,26.863924
26034,145.57358
26035,79.389114
26036,54.06355
26037,15.3489685
26038,78.75802
26039,52.267323
26040,5.107863
26041,-2.1168716
26042,-1.7767531
26043,-1.8026595
26044,51.80266
26045,77.643654
26046,254.60518
26047,220.54085
26048,165.67363
26049,96.06023
26050,89.78903
26051,116.61107
26052,121.40579
26053,116.9095
26054,77.46815
26055,3.91358
26056,46.907475
26057,82.19685
26058,106.53007
26059,113.42048
26060,181.66277
26061,209.45396
26062,180.35832
26063,215.66245
26064,159.98636
26065,171.06752
26066,222.53157
26067,321.50516
26068,375.5787
26069,353.01517
26070,397.53125
26071,418.35733
26072,411.64035
26073,377.09946
26074,392.2677
26075,450.2626
26076,463.4934
26077,513.06934
26078,472.19287
26079,458.32083
26080,418.1783
26081,389.97675
26082,345.68622
26083,340.24673
26084,313.25775
26085,338.09756
26086,311.6594
26087,134.37007
26088,5.623548
26089,10.88892
26090,-2.2600732
26091,-5.6499734
26092,-2.8581579
26093,30.033154
26094,-0.9282207
26095,-2.446895
26096,-1.0969766
26097,78.96863
26098,35.239605
26099,35.288937
26100,28.584648
26101,5.916468
26102,-4.8814406
26103,-3.315086
26104,-1.0662997
26105,-1.0353462
26106,-0.99934304
26107,-1.0042791
26108,-0.99747974
26109,-0.9397677
26110,-0.89902186
26111,-0.90740216
26112,-0.9008712
26113,-0.89574707
26114,-0.87623066
26115,-0.908014
26116,-0.932071
26117,-0.9104284
26118,-0.9385585
26119,-0.95330995
26120,-0.947946
26121,-1.0105433
26122,-1.0105433
26123,-1.0105433
26124,-0.99978966
26125,-0.99766445
26126,-0.99978966
26127,-1.0008876
26128,-1.02107
26129,-1.02107
26130,-1.0197829
26131,-1.0288198
26132,-1.0197829
26133,-1.0479007
26134,-1.0471375
26135,-1.0600716
26136,-1.0704914
26137,-1.0355474
26138,-1.0355474
26139,-0.98651713
26140,-0.9907892
26141,-0.9633422
26142,-0.9543333
26143,-0.94988024
26144,-0.95376474
26145,-0.899402
26146,-1.0358434
26147,-1.845397
26148,-0.9199132
26149,-1.0232769
26150,-1.0832553
26151,-3.3388755
26152,-2.541998
26153,-1.105267
26154,-1.1438711
26155,-1.1208347
26156,-1.6838983
26157,-0.97321695
26158,-1.0957706
26159,-1.8420067
26160,-1.0744364
26161,-1.1693374
26162,-0.992738
26163,-1.9183832
26164,-1.0668118
26165,-1.0683802
26166,-1.0307837
26167,-1.3113964
26168,22.229044
26169,88.65521
26170,162.18315
26171,147.09029
26172,110.395775
26173,82.54954
26174,22.85515
26175,12.840421
26176,-3.4021819
26177,-1.1014546
26178,-1.102806
26179,-1.8410542
26180,-0.92174536
26181,-0.91673076
26182,-0.9896824
26183,-1.1161493
26184,-1.1161493
26185,-1.099142
26186,-1.0920049
26187,-1.0984468
26188,-1.0911462
26189,-1.0761242
26190,-1.0649365
26191,-1.0482602
26192,-1.0411522
26193,-1.0027579
26194,-0.87419945
26195,-0.879061
26196,-0.87049395
26197,-0.9086515
26198,-0.8654797
26199,-0.8773129
26200,30.216082
26201,72.7493
26202,54.38085
26203,10.833527
26204,-5.6630373
26205,-0.57114
26206,-6.46421
26207,-1.1133792
26208,-1.0323219
26209,-0.97059906
26210,-1.0291508
26211,-0.9887859
26212,-1.049371
26213,-1.0194902
26214,-0.9901371
26215,-0.9290936
26216,-1.0601773
26217,-1.0540628
26218,-1.1048295
26219,-1.0932535
26220,-1.1005027
26221,-1.1005027
26222,-1.1251216
26223,-1.1363091
26224,-1.1279134
26225,-1.1279134
26226,-1.096045
26227,-1.071587
26228,-1.0376372
26229,-1.0459124
26230,-1.0491254
26231,-1.0491254
26232,-1.0408503
26233,-1.0369047
26234,-1.02966
26235,-1.0463601
26236,-1.1304365
26237,-1.1500834
26238,-1.1424848
26239,-1.1424848
26240,-1.0846226
26241,-1.1416042
26242,-1.1273392
26243,-1.1273392
26244,-1.1612732
26245,-1.1273392
26246,-1.1707252
26247,-1.1412185
26248,-1.1087918
26249,-1.1548756
26250,-1.1402208
26251,-1.1061122
26252,-1.093815
26253,-1.154553
26254,-1.1041545
26255,-1.0249687
26256,-1.0949154
26257,-0.96571785
26258,-1.4104997
26259,-1.4524462
26260,-1.4414978
26261,-1.4490587
26262,-1.4461632
26263,-1.5278132
26264,-1.5310209
26265,-1.389588
26266,-1.3586202
26267,-1.3586202
26268,-1.3962635
26269,-1.3962635
26270,-1.6458402
26271,-1.6653672
26272,-1.4956238
26273,-2.2848933
26274,-1.5915514
26275,-1.5475937
26276,-1.5433074
26277,-1.5433074
26278,-1.5725408
26279,-1.5725408
26280,-1.5725408
26281,-1.5725408
26282,-1.479333
26283,-1.4416
26284,-1.4977994
26285,-1.4385012
26286,-1.3697718
26287,-2.2652745
26288,-1.4974011
26289,-1.384694
26290,-1.312329
26291,-1.4531105
26292,-1.5004252
26293,-1.5778342
26294,-1.4304982
26295,-1.4472915
26296,-1.3774655
26297,-1.5167854
26298,-1.515828
26299,-1.5361165
26300,-1.6280082
26301,-1.6162549
26302,-1.9728632
26303,-1.4563925
26304,-1.3504816
26305,-2.231132
26306,-1.098874
26307,-1.1188593
26308,-1.1401352
26309,-1.187324
26310,-1.2277306
26311,11.781224
26312,49.078693
26313,71.41878
26314,66.79856
26315,85.564575
26316,84.26026
26317,94.02892
26318,100.03783
26319,91.35895
26320,105.1946
26321,107.23602
26322,83.63699
26323,59.018665
26324,64.52619
26325,76.3193
26326,115.29054
26327,113.85148
26328,148.26297
26329,124.99448
26330,111.77914
26331,113.851494
26332,118.2719
26333,90.99636
26334,81.63515
26335,50.21771
26336,50.222443
26337,18.411123
26338,18.326496
26339,51.9637
26340,42.079666
26341,25.508732
26342,23.538536
26343,11.5136595
26344,14.757401
26345,15.185086
26346,14.867827
26347,18.474905
26348,34.550735
26349,46.0341
26350,61.777454
26351,121.1135
26352,99.10576
26353,78.46086
26354,80.83037
26355,83.148926
26356,103.14786
26357,99.52602
26358,110.804886
26359,101.40022
26360,91.40721
26361,119.56426
26362,157.30453
26363,142.28194
26364,94.4704
26365,67.93353
26366,104.12953
26367,89.320274
26368,140.18932
26369,133.10104
26370,170.25754
26371,202.19765
26372,199.80489
26373,116.46638
26374,68.73461
26375,74.7392
26376,164.6048
26377,126.25494
26378,109.04767
26379,57.457962
26380,85.48008
26381,16.55548
26382,-2.175861
26383,27.640888
26384,-0.59963584
26385,20.51573
26386,14.153506
26387,8.181213
26388,41.963547
26389,96.43582
26390,66.74857
26391,90.87682
26392,50.85326
26393,17.329178
26394,27.45144
26395,29.693665
26396,13.775936
26397,31.013336
26398,65.88891
26399,15.990196
26400,1.8246052
26401,-2.1182275
26402,5.9372873
26403,-0.9166728
26404,-1.8039389
26405,-1.2352979
26406,-1.2609396
26407,-1.2003239
26408,-1.1819243
26409,-1.2390026
26410,-1.1762897
26411,-1.1230984
26412,-1.1230984
26413,-1.1773643
26414,-1.1864545
26415,-1.1692678
26416,-1.2512186
26417,-1.2338673
26418,-1.2905747
26419,-1.9467492
26420,-1.2230002
26421,-1.1486949
26422,-1.1605575
26423,-1.747913
26424,0.273459
26425,-1.9624033
26426,-1.1527938
26427,-1.2947809
26428,-1.8408685
26429,28.092232
26430,14.615768
26431,7.232478
26432,83.45503
26433,29.724348
26434,45.280724
26435,46.827915
26436,52.826508
26437,286.9322
26438,152.52463
26439,126.111015
26440,180.80962
26441,113.691475
26442,115.9552
26443,95.21293
26444,231.02937
26445,247.00613
26446,194.10718
26447,257.43723
26448,322.3134
26449,324.92416
26450,286.4813
26451,437.08002
26452,538.0509
26453,498.12473
26454,474.08774
26455,512.8347
26456,562.0248
26457,407.2998
26458,430.60352
26459,410.13315
26460,448.11707
26461,688.33826
26462,788.7871
26463,1139.815
26464,729.666
26465,546.3337
26466,560.075
26467,487.24265
26468,355.7946
26469,331.10437
26470,445.24527
26471,547.8627
26472,208.89536
26473,110.637054
26474,82.54692
26475,64.27693
26476,0.14418378
26477,-1.1998641
26478,62.350925
26479,41.87
26480,86.60187
26481,31.417458
26482,46.231976
26483,88.225945
26484,44.365948
26485,45.73813
26486,74.72456
26487,83.80283
26488,95.04342
26489,76.83932
26490,16.63722
26491,-0.8784716
26492,-1.040962
26493,-1.5103453
26494,10.703791
26495,72.30225
26496,154.43225
26497,102.366745
26498,266.1209
26499,476.47568
26500,513.3322
26501,555.9695
26502,728.46246
26503,869.7399
26504,777.49097
26505,642.3175
26506,715.6295
26507,773.64734
26508,942.27985
26509,1055.3956
26510,956.1114
26511,805.0232
26512,885.1099
26513,842.5614
26514,878.57666
26515,879.7093
26516,818.2888
26517,581.5615
26518,654.8705
26519,596.77844
26520,490.27536
26521,531.39905
26522,361.96762
26523,246.95436
26524,349.93896
26525,253.40608
26526,425.6236
26527,374.3299
26528,193.64323
26529,532.58203
26530,369.17456
26531,391.6211
26532,265.20514
26533,283.26917
26534,499.86517
26535,302.79648
26536,268.28412
26537,307.9621
26538,457.18396
26539,297.42563
26540,266.04163
26541,458.74722
26542,422.32178
26543,379.156
26544,287.92484
26545,304.93
26546,277.93674
26547,161.3926
26548,205.68347
26549,342.45618
26550,472.6156
26551,424.96158
26552,545.941
26553,499.44525
26554,293.76822
26555,56.459835
26556,143.76064
26557,213.93665
26558,210.35185
26559,216.05511
26560,186.99994
26561,140.65355
26562,218.68398
26563,166.99724
26564,165.43385
26565,170.03397
26566,124.49201
26567,266.12686
26568,308.07858
26569,183.45879
26570,266.19427
26571,211.03696
26572,139.306
26573,166.65985
26574,160.24117
26575,270.52267
26576,175.28029
26577,99.343956
26578,133.37898
26579,61.121136
26580,136.18738
26581,72.7257
26582,44.24262
26583,-2.6518967
26584,41.938347
26585,15.0700865
26586,31.66643
26587,32.736446
26588,25.22479
26589,19.769796
26590,25.578388
26591,43.756287
26592,74.81839
26593,119.16942
26594,109.033676
26595,112.89916
26596,88.00911
26597,54.629402
26598,89.20524
26599,78.20986
26600,59.771717
26601,64.18248
26602,67.94261
26603,97.774796
26604,171.27713
26605,193.88495
26606,192.49174
26607,131.14015
26608,140.60251
26609,196.7356
26610,251.7508
26611,257.49655
26612,170.87524
26613,160.52876
26614,62.197468
26615,39.31003
26616,18.488194
26617,16.174837
26618,6.760686
26619,-3.234944
26620,-1.5784464
26621,-1.7014016
26622,-1.6302148
26623,-1.6611302
26624,-1.6434326
26625,-1.6527692
26626,-1.6038237
26627,-1.5928665
26628,-1.6114266
26629,-1.6046842
26630,-1.5426462
26631,-1.546918
26632,-1.546918
26633,-1.5426462
26634,-1.4219317
26635,-1.1958383
26636,-1.0894552
26637,-1.1354624
26638,-1.1340034
26639,-1.1340034
26640,-1.1276678
26641,-1.1361119
26642,-1.1115144
26643,-1.1359723
26644,-1.1352165
26645,-1.137835
26646,-1.1250045
26647,-2.1705425
26648,-1.048685
26649,-1.0160993
26650,-1.1375136
26651,-1.2391244
26652,-1.7896065
26653,-0.97211015
26654,-1.0371877
26655,-1.0512427
26656,-1.1040529
26657,-1.588796
26658,-0.90584695
26659,-0.9208415
26660,-0.98364913
26661,-0.9494987
26662,-1.0981007
26663,-1.1183462
26664,-1.1250217
26665,-1.1063654
26666,-1.1169554
26667,-1.0868211
26668,-1.0756701
26669,-1.0719253
26670,-1.0530739
26671,-1.0330309
26672,-1.0456729
26673,-1.0456729
26674,-1.1087319
26675,-1.1050441
26676,-1.0932056
26677,-1.1050141
26678,-2.032029
26679,-1.1106862
26680,-1.8757206
26681,-1.2186681
26682,-1.2701886
26683,-1.3045412
26684,-1.8091924
26685,-2.5346782
26686,10.123403
26687,95.425545
26688,46.829544
26689,91.54713
26690,111.17609
26691,146.74545
26692,149.53745
26693,141.80133
26694,148.17673
26695,141.13097
26696,236.80145
26697,269.38013
26698,137.06308
26699,207.58481
26700,328.09262
26701,330.23105
26702,313.76257
26703,163.70593
26704,186.48853
26705,307.83688
26706,211.51483
26707,147.00995
26708,160.34619
26709,56.257065
26710,50.541912
26711,7.465908
26712,-2.813798
26713,27.867344
26714,77.2039
26715,132.71758
26716,44.760044
26717,43.465446
26718,41.84399
26719,0.5128026
26720,-1.3136053
26721,64.36222
26722,48.836674
26723,30.509947
26724,29.88909
26725,69.15379
26726,90.46901
26727,70.49722
26728,64.91695
26729,-2.3451474
26730,-2.1311755
26731,-1.7891065
26732,24.740019
26733,20.099667
26734,32.877903
26735,2.4730136
26736,1.1943921
26737,13.5629225
26738,48.7785
26739,22.359535
26740,-1.408051
26741,-1.2527524
26742,-1.1332072
26743,-1.0555465
26744,-0.72224104
26745,44.25228
26746,43.38097
26747,69.581116
26748,97.6917
26749,122.30671
26750,217.24768
26751,111.58524
26752,211.75922
26753,124.21531
26754,3.3043714
26755,31.297497
26756,75.399994
26757,97.50143
26758,78.761246
26759,55.390827
26760,6.8993015
26761,-1.7675126
26762,-1.7536128
26763,-1.7501234
26764,-1.7508186
26765,-1.5779692
26766,-1.5173657
26767,-2.3568833
26768,389.1923
26769,667.2747
26770,290.27536
26771,130.12209
26772,25.271008
26773,0.047242004
26774,-1.2803687
26775,-1.0436212
26776,-0.9902088
26777,-0.98236215
26778,-1.0019389
26779,-1.0019389
26780,-0.9603645
26781,-0.96201855
26782,-0.96201855
26783,-0.9595418
26784,-1.7457321
26785,-1.0120788
26786,96.61162
26787,235.77747
26788,42.019997
26789,-2.5708222
26790,-3.5429852
26791,-1.0914514
26792,-1.7603854
26793,-1.0222015
26794,-1.0374589
26795,-0.92015475
26796,-1.1350782
26797,-0.94658923
26798,-0.9257587
26799,-1.5864804
26800,25.370895
26801,52.405323
26802,85.850914
26803,6.269671
26804,-0.97638804
26805,-0.9670983
26806,-0.9670983
26807,-0.8800478
26808,-0.8721255
26809,-0.89417875
26810,-0.91877025
26811,-0.91877025
26812,-0.91877025
26813,-0.91877025
26814,-0.9175336
26815,-0.92977417
26816,-0.98420376
26817,-0.96536124
26818,-0.9581278
26819,-0.9609699
26820,-0.9581278
26821,-1.0530013
26822,-1.0560234
26823,-1.0420469
26824,-1.0560234
26825,-1.0560234
26826,-1.0420469
26827,-1.0420469
26828,-1.0952867
26829,-1.1102617
26830,-1.0768048
26831,-1.0767777
26832,-1.0982428
26833,18.60702
26834,254.55414
26835,449.6733
26836,350.32843
26837,464.35898
26838,517.4111
26839,550.36926
26840,331.90848
26841,381.57306
26842,421.9569
26843,151.9725
26844,35.89878
26845,-2.4624007
26846,-1.5376223
26847,-1.6049699
26848,-1.6655935
26849,29.572992
26850,-0.7427302
26851,-1.8690728
26852,-1.2819037
26853,-1.261182
26854,-1.186811
26855,-1.1649281
26856,-1.0279771
26857,-1.007224
26858,-1.823092
26859,20.43495
26860,40.665222
26861,91.26961
26862,72.25565
26863,135.24129
26864,54.46844
26865,26.829994
26866,0.56771636
26867,-0.89808106
26868,-0.90280807
26869,-0.9580056
26870,-1.570142
26871,-0.964141
26872,-0.85542905
26873,-0.99979717
26874,-1.0045247
26875,-1.0311807
26876,-1.0928556
26877,107.03668
26878,153.29172
26879,339.61078
26880,456.3831
26881,980.4338
26882,1317.2863
26883,1195.2637
26884,1277.9738
26885,1271.9296
26886,1348.1644
26887,841.40076
26888,682.8806
26889,685.8705
26890,602.0366
26891,229.26283
26892,101.22046
26893,71.01964
26894,115.290955
26895,185.9921
26896,181.16187
26897,157.23654
26898,180.1504
26899,238.10423
26900,318.91928
26901,226.71095
26902,208.28831
26903,423.24304
26904,490.58884
26905,550.05035
26906,471.02057
26907,197.66374
26908,163.34547
26909,172.0169
26910,267.11542
26911,291.72272
26912,251.45369
26913,217.08775
26914,225.38123
26915,193.52681
26916,184.03032
26917,120.55357
26918,65.6015
26919,-1.1745154
26920,-0.8528026
26921,-1.6072667
26922,-0.80342656
26923,-0.7985578
26924,-0.93359435
26925,-0.97177726
26926,-0.79419225
26927,-0.94889903
26928,-1.302275
26929,53.047825
26930,87.80238
26931,61.96753
26932,65.2395
26933,76.52006
26934,203.2255
26935,238.13254
26936,132.3986
26937,126.722664
26938,181.55688
26939,223.10167
26940,408.81055
26941,348.80222
26942,375.59766
26943,333.61996
26944,351.66632
26945,408.35895
26946,411.57928
26947,283.3428
26948,268.80405
26949,340.18774
26950,260.4433
26951,376.42908
26952,545.32007
26953,326.638
26954,565.8297
26955,334.69037
26956,488.35553
26957,514.35657
26958,428.00522
26959,524.37933
26960,581.8544
26961,451.91843
26962,517.2942
26963,590.82733
26964,529.2581
26965,651.95135
26966,709.9604
26967,679.0353
26968,554.5674
26969,377.58755
26970,491.8902
26971,203.09297
26972,114.17531
26973,88.78593
26974,102.44512
26975,114.84598
26976,72.76016
26977,90.05614
26978,29.713028
26979,172.80878
26980,170.04774
26981,99.53829
26982,116.140816
26983,107.27558
26984,114.25597
26985,91.00681
26986,114.2582
26987,48.372738
26988,85.35177
26989,62.999283
26990,24.466623
26991,39.69323
26992,44.633728
26993,24.16371
26994,36.850147
26995,-1.6731472
26996,-1.1875006
26997,96.93389
26998,88.548935
26999,122.63291
27000,81.43546
27001,95.244606
27002,38.741287
27003,10.223607
27004,114.24577
27005,354.80347
27006,236.989
27007,137.76044
27008,37.480976
27009,41.74187
27010,39.949615
27011,4.429805
27012,-5.482
27013,-0.81165177
27014,-0.750032
27015,-0.7226414
27016,-0.9303608
27017,-1.4190997
27018,51.606693
27019,81.564644
27020,125.536194
27021,190.5146
27022,166.06293
27023,76.250595
27024,142.83067
27025,216.70334
27026,373.84644
27027,336.6217
27028,330.65897
27029,408.81308
27030,526.2398
27031,598.5548
27032,579.08167
27033,396.80508
27034,425.5555
27035,371.30606
27036,381.01593
27037,320.13733
27038,416.04733
27039,376.90405
27040,238.5233
27041,338.63605
27042,416.2221
27043,486.74683
27044,376.88782
27045,285.24518
27046,287.34146
27047,358.24127
27048,485.87225
27049,441.64056
27050,490.87082
27051,548.01855
27052,520.93085
27053,617.0118
27054,458.5122
27055,297.41974
27056,334.73032
27057,306.78604
27058,395.01196
27059,393.95862
27060,491.76035
27061,512.1628
27062,443.25076
27063,344.8855
27064,352.12112
27065,259.79178
27066,167.35774
27067,171.11348
27068,281.81165
27069,236.17989
27070,220.705
27071,195.87074
27072,231.65459
27073,259.5507
27074,195.11469
27075,157.68341
27076,213.22649
27077,268.61868
27078,191.56593
27079,171.67668
27080,186.89526
27081,222.75511
27082,241.04144
27083,237.13132
27084,194.86568
27085,251.54056
27086,162.27919
27087,228.5642
27088,233.96623
27089,246.74925
27090,154.98943
27091,138.70157
27092,146.2314
27093,202.55385
27094,150.06471
27095,110.75627
27096,168.51544
27097,97.14775
27098,102.822556
27099,105.46469
27100,111.21216
27101,106.122086
27102,111.556206
27103,41.669815
27104,59.574074
27105,92.93594
27106,122.28925
27107,157.63606
27108,64.133286
27109,75.88771
27110,102.47604
27111,7.518686
27112,-1.8106797
27113,-0.23075853
27114,84.58014
27115,100.42488
27116,129.11856
27117,85.056755
27118,126.073875
27119,90.51889
27120,99.96595
27121,130.47432
27122,275.34442
27123,187.1044
27124,203.32408
27125,121.92163
27126,299.1101
27127,422.16913
27128,368.1327
27129,229.50471
27130,324.47592
27131,364.93192
27132,350.35828
27133,227.0681
27134,503.50256
27135,458.15112
27136,442.62967
27137,620.48706
27138,680.5012
27139,323.7665
27140,318.77783
27141,171.51344
27142,342.90408
27143,397.62323
27144,250.18703
27145,249.281
27146,399.2676
27147,229.34277
27148,518.99603
27149,467.98245
27150,755.3151
27151,488.7611
27152,811.7241
27153,669.43286
27154,707.2491
27155,570.89026
27156,461.96426
27157,347.5048
27158,622.7222
27159,487.9883
27160,500.9954
27161,316.93137
27162,421.9969
27163,328.8233
27164,209.30685
27165,310.8246
27166,174.83821
27167,120.73292
27168,84.22326
27169,85.948845
27170,93.22475
27171,118.44052
27172,137.14102
27173,112.01017
27174,83.54194
27175,66.96359
27176,27.16451
27177,19.17277
27178,45.133636
27179,74.99119
27180,73.73617
27181,90.737785
27182,102.24127
27183,115.81729
27184,154.70547
27185,206.32019
27186,144.91795
27187,187.14053
27188,234.37756
27189,181.84848
27190,157.70613
27191,220.04959
27192,202.47824
27193,190.13332
27194,249.6612
27195,273.28073
27196,358.44064
27197,332.71225
27198,311.13733
27199,445.60965
27200,548.39825
27201,492.76007
27202,494.09265
27203,440.33035
27204,552.686
27205,686.29126
27206,632.8006
27207,642.70514
27208,633.91943
27209,692.2818
27210,591.1036
27211,553.2709
27212,500.5389
27213,415.00552
27214,428.62146
27215,441.62653
27216,485.19287
27217,523.04944
27218,540.0916
27219,493.0009
27220,505.12347
27221,562.1868
27222,709.53503
27223,676.29895
27224,760.08057
27225,851.1075
27226,979.79266
27227,967.40546
27228,965.6706
27229,1084.9093
27230,833.80536
27231,913.5755
27232,926.225
27233,935.0171
27234,792.86475
27235,760.0155
27236,878.0028
27237,735.7414
27238,635.0192
27239,870.0308
27240,911.77936
27241,1044.4062
27242,1174.9575
27243,1204.4551
27244,908.69257
27245,1401.2219
27246,1730.0148
27247,1208.4432
27248,1263.7158
27249,1507.5483
27250,1254.2411
27251,1435.0673
27252,1473.6232
27253,1559.7499
27254,1343.0873
27255,1644.6167
27256,1175.779
27257,901.2554
27258,1193.223
27259,1242.1099
27260,1185.4333
27261,1402.0464
27262,1135.0925
27263,1040.284
27264,1008.6459
27265,1237.3582
27266,1752.5168
27267,1427.4878
27268,1177.5364
27269,1433.1205
27270,1611.5106
27271,1436.9635
27272,1324.211
27273,1488.9686
27274,976.3699
27275,1373.6163
27276,1027.5385
27277,778.0545
27278,1413.3151
27279,1249.3535
27280,1746.5624
27281,1155.0764
27282,1379.2983
27283,1004.5232
27284,1014.6834
27285,1055.8242
27286,1159.8665
27287,1171.264
27288,1478.1537
27289,1471.2766
27290,1346.937
27291,881.876
27292,752.43494
27293,899.6874
27294,664.7824
27295,950.37115
27296,820.48035
27297,1089.1924
27298,944.23047
27299,1291.847
27300,507.92477
27301,432.80997
27302,246.9266
27303,183.40988
27304,126.6863
27305,119.3036
27306,126.835014
27307,119.42836
27308,88.07416
27309,120.64517
27310,85.48822
27311,114.87668
27312,127.02493
27313,93.09378
27314,49.883465
27315,89.97967
27316,96.968
27317,126.87208
27318,121.69598
27319,34.284584
27320,90.535515
27321,68.64487
27322,134.74455
27323,82.87786
27324,29.075087
27325,-4.1563463
27326,7.047332
27327,20.131184
27328,18.312634
27329,20.0859
27330,37.973137
27331,28.58468
27332,31.065727
27333,55.151577
27334,107.81532
27335,143.76881
27336,77.16964
27337,11.6735525
27338,82.00714
27339,135.27649
27340,101.25476
27341,141.99448
27342,76.80058
27343,108.095695
27344,133.8371
27345,146.502
27346,257.67233
27347,277.404
27348,198.86107
27349,128.78568
27350,101.07071
27351,98.83403
27352,136.21808
27353,138.92075
27354,106.14694
27355,101.92179
27356,113.69999
27357,101.64948
27358,144.48555
27359,210.64154
27360,174.13026
27361,140.61534
27362,104.385574
27363,92.584984
27364,70.914856
27365,101.94448
27366,122.309006
27367,153.69687
27368,124.37568
27369,131.17021
27370,146.31964
27371,133.49503
27372,135.53033
27373,149.34428
27374,141.85025
27375,107.417694
27376,80.11434
27377,68.89366
27378,91.84406
27379,199.30705
27380,133.34386
27381,86.326096
27382,124.798416
27383,205.95369
27384,251.66
27385,213.42818
27386,132.9197
27387,195.15523
27388,197.24641
27389,212.26965
27390,260.4395
27391,218.00005
27392,145.05185
27393,96.78518
27394,43.299095
27395,35.239983
27396,51.256824
27397,7.0791273
27398,-2.5187867
27399,-1.807028
27400,-1.8356336
27401,-1.4045001
27402,-1.3054737
27403,-1.2308706
27404,-1.0899087
27405,-1.0672833
27406,-1.10264
27407,-1.0567502
27408,-1.0659858
27409,-0.913551
27410,-0.95604306
27411,-1.0490828
27412,-1.8830115
27413,-1.0386449
27414,-1.0417291
27415,-0.9019398
27416,-0.9762294
27417,-1.0717926
27418,-1.0105702
27419,-1.0228674
27420,-0.9814407
27421,-0.9739899
27422,-1.7135583
27423,-0.9224688
27424,-0.96501267
27425,-0.95085174
27426,-1.7380832
27427,-0.97843856
27428,-0.9457104
27429,43.155113
27430,144.93336
27431,184.52574
27432,275.2124
27433,167.92725
27434,73.767265
27435,49.831177
27436,44.268963
27437,6.8450108
27438,-5.178796
27439,-2.763723
27440,-1.0137576
27441,-1.0024811
27442,-0.9844365
27443,-0.85248935
27444,-0.83421576
27445,-0.90943485
27446,-0.9340559
27447,-0.9185671
27448,-0.90493464
27449,-0.9505053
27450,-1.5667229
27451,-1.045606
27452,-1.0236866
27453,-1.0120506
27454,-1.0056356
27455,-0.9949547
27456,-1.0338001
27457,-1.057981
27458,-1.057981
27459,-1.0832851
27460,-1.0169917
27461,-1.0143858
27462,-1.001728
27463,-1.001728
27464,-1.0210615
27465,-1.008402
27466,-1.0363312
27467,34.19453
27468,179.95747
27469,163.10141
27470,201.21141
27471,264.85242
27472,388.50153
27473,389.79047
27474,237.4225
27475,78.63504
27476,16.334957
27477,-5.230695
27478,-0.85199547
27479,-0.8688996
27480,-0.7630307
27481,-0.8261667
27482,-0.79421824
27483,-0.3713629
27484,81.582344
27485,160.59245
27486,260.8669
27487,332.9911
27488,250.58629
27489,179.68082
27490,145.87117
27491,76.69661
27492,206.82396
27493,282.5677
27494,326.32178
27495,494.27487
27496,469.23315
27497,372.47815
27498,442.0788
27499,391.08932
27500,207.21758
27501,433.70575
27502,440.60547
27503,210.32263
27504,281.8946
27505,154.6934
27506,336.2848
27507,309.3766
27508,405.9642
27509,423.2421
27510,208.49496
27511,348.49826
27512,412.45236
27513,693.2188
27514,564.6067
27515,387.66495
27516,416.28177
27517,336.1852
27518,824.64795
27519,667.98145
27520,385.5757
27521,685.7677
27522,608.2128
27523,483.00186
27524,683.2067
27525,465.1828
27526,640.423
27527,575.52374
27528,409.02103
27529,477.09268
27530,529.73096
27531,251.41624
27532,268.65488
27533,293.87637
27534,450.97357
27535,327.68854
27536,243.51967
27537,308.5634
27538,692.51263
27539,425.95795
27540,662.0939
27541,330.17026
27542,775.42914
27543,773.4486
27544,514.04175
27545,512.72394
27546,579.8589
27547,399.5025
27548,371.86404
27549,547.1582
27550,529.7242
27551,661.98535
27552,412.41022
27553,411.60217
27554,429.91696
27555,423.56824
27556,387.88174
27557,198.2024
27558,265.43356
27559,189.49289
27560,221.09605
27561,294.40536
27562,302.09897
27563,243.51508
27564,230.14578
27565,158.43294
27566,114.43813
27567,145.05617
27568,252.87427
27569,211.25005
27570,198.27489
27571,212.67702
27572,131.39557
27573,113.063614
27574,66.1084
27575,106.45776
27576,326.1197
27577,289.96457
27578,118.07356
27579,138.15427
27580,136.20724
27581,142.6431
27582,195.36397
27583,307.429
27584,327.51642
27585,366.63403
27586,402.8015
27587,355.54468
27588,248.48154
27589,249.42874
27590,306.33426
27591,350.7108
27592,308.23483
27593,215.90701
27594,96.97485
27595,50.432663
27596,43.956184
27597,16.859043
27598,-2.4843936
27599,-6.4708543
27600,-7.084679
27601,1.3398015
27602,-5.4340315
27603,-1.8168422
27604,-0.7384613
27605,-0.7442583
27606,-0.99478555
27607,-0.9481798
27608,-0.94002575
27609,-0.92198926
27610,-0.92879707
27611,-0.9180549
27612,-0.6858533
27613,-0.9171492
27614,-0.8665096
27615,-0.705609
27616,-0.8259259
27617,-0.919301
27618,-0.88095677
27619,-0.8884653
27620,-0.93895715
27621,-0.924738
27622,-0.75540364
27623,-0.77599174
27624,-0.8538201
27625,-0.784021
27626,-0.84878355
27627,-0.79399675
27628,-0.82523215
27629,-0.9669213
27630,-0.98187715
27631,-0.9923725
27632,-0.98187715
27633,-0.81431204
27634,-0.81431204
27635,-1.0004758
27636,-0.98336506
27637,-0.992924
27638,-0.891938
27639,-0.84384334
27640,-1.0191965
27641,-1.0258723
27642,-0.9726004
27643,-0.8774528
27644,-1.0148579
27645,-0.9510112
27646,-0.9510112
27647,-0.9510112
27648,-1.0603949
27649,-1.0630924
27650,-1.0459937
27651,-1.0160978
27652,-1.2141547
27653,-1.9030111
27654,18.38661
27655,5.144502
27656,-1.2768117
27657,29.91478
27658,-1.8750348
27659,-0.8921935
27660,-1.9005079
27661,-3.8086722
27662,-1.0631697
27663,10.620742
27664,15.482931
27665,2.1773891
27666,-1.048317
27667,-1.0609704
27668,-1.282534
27669,-1.945234
27670,61.93748
27671,6.182086
27672,-0.97867805
27673,-1.0137205
27674,-0.9692169
27675,39.006435
27676,-1.0375186
27677,-1.8168032
27678,-1.6977218
27679,-1.0568007
27680,-1.8293687
27681,-1.087918
27682,-1.092114
27683,-1.7222799
27684,-1.0810562
27685,-0.9980005
27686,-1.0743988
27687,-1.1068536
27688,-1.0500678
27689,-1.0165688
27690,-1.0197321
27691,-0.9562547
27692,-1.005995
27693,-0.92747414
27694,-0.904403
27695,-0.91786295
27696,-1.052237
27697,-1.1040156
27698,-0.9862555
27699,-1.0303192
27700,-1.0388061
27701,-1.0495296
27702,-1.1389943
27703,-1.1201167
27704,-1.2414186
27705,-1.2999587
27706,-1.081223
27707,-1.1364627
27708,-1.1250073
27709,-1.1250073
27710,-1.1202006
27711,-1.1202006
27712,-1.1256458
27713,-1.1174834
27714,-1.1064374
27715,-1.1299152
27716,-1.1404872
27717,-1.8897897
27718,-0.9872502
27719,-1.082434
27720,-1.9541692
27721,-1.104852
27722,-1.2454331
27723,-1.8223655
27724,-1.2342262
27725,-1.1727309
27726,17.313454
27727,52.385345
27728,14.260462
27729,6.7382803
27730,84.547745
27731,180.02435
27732,277.9153
27733,106.04051
27734,-3.5548258
27735,-1.0625689
27736,-0.98666286
27737,-0.9379194
27738,-1.0265297
27739,-0.9156758
27740,-0.9577447
27741,-0.9840544
27742,-0.9840265
27743,-1.6072146
27744,5.951906
27745,50.143406
27746,56.072998
27747,92.2636
27748,64.98891
27749,73.60531
27750,31.033426
27751,-0.26702446
27752,-5.3218746
27753,29.600437
27754,5.577624
27755,-0.903131
27756,-0.8551715
27757,-0.8760568
27758,-0.9571947
27759,-0.9810499
27760,-1.5386521
27761,-0.8703766
27762,-1.76461
27763,-0.9929347
27764,-1.0040857
27765,40.74057
27766,67.91928
27767,76.95383
27768,130.6039
27769,56.423073
27770,19.491203
27771,62.81821
27772,-2.8843112
27773,8.188722
27774,92.22708
27775,46.176224
27776,46.033108
27777,7.833884
27778,-1.6643945
27779,-1.658529
27780,-1.3745086
27781,-1.1925967
27782,-1.0030681
27783,-1.0180857
27784,-1.0533212
27785,-1.080686
27786,-2.7845647
27787,-1.7484272
27788,-1.013922
27789,-0.97452295
27790,-1.0493531
27791,-1.0589738
27792,-0.94258887
27793,-0.995679
27794,-1.0250726
27795,-1.7735801
27796,-0.9902969
27797,-1.0291523
27798,29.713432
27799,-0.09714027
27800,14.1786995
27801,2.399967
27802,-1.0159934
27803,-1.1484705
27804,-1.1923602
27805,9.412038
27806,61.16539
27807,54.0854
27808,22.25433
27809,-1.7877964
27810,28.838736
27811,1.4950062
27812,-1.8386585
27813,29.356647
27814,48.253227
27815,30.066126
27816,25.924124
27817,-1.9079851
27818,-1.2556587
27819,-1.2660139
27820,-1.6296976
27821,-1.8370651
27822,-1.0539476
27823,-1.0068778
27824,-1.0514201
27825,-0.96265024
27826,-1.0072477
27827,-0.91211754
27828,27.325953
27829,37.056705
27830,26.61708
27831,22.93893
27832,30.241365
27833,0.19381149
27834,4.8086658
27835,8.197722
27836,14.881236
27837,11.837667
27838,11.268747
27839,11.980272
27840,8.173244
27841,35.09788
27842,37.793056
27843,15.00766
27844,16.032679
27845,8.437338
27846,7.9588027
27847,8.886867
27848,16.61292
27849,19.29674
27850,25.322927
27851,19.907982
27852,52.00378
27853,36.62055
27854,12.984369
27855,-0.9443772
27856,14.864774
27857,33.478405
27858,24.285282
27859,35.550762
27860,19.45032
27861,13.81022
27862,16.058758
27863,9.060702
27864,-4.0811334
27865,-4.336425
27866,-3.4938378
27867,-1.8987215
27868,-2.2122025
27869,-2.6311893
27870,-1.4248177
27871,-1.4186457
27872,-1.2455823
27873,-1.6621531
27874,-1.0552584
27875,-1.7945166
27876,-1.1204098
27877,-1.0928195
27878,-1.185459
27879,19.422745
27880,-2.3221169
27881,36.079727
27882,16.532866
27883,-1.8826208
27884,-1.1874787
27885,-1.1120528
27886,-1.1790501
27887,-1.9653423
27888,-1.7925165
27889,-1.1544992
27890,-1.8022933
27891,22.083979
27892,16.695572
27893,-1.5335251
27894,-1.2249662
27895,-1.2762986
27896,-2.3460553
27897,-1.2610295
27898,-1.8375462
27899,-1.3875245
27900,-1.2832279
27901,-1.2077452
27902,-1.4433125
27903,-2.1476264
27904,-1.449592
27905,-1.2776624
27906,-1.2076514
27907,-1.428573
27908,-1.4559613
27909,-1.3329979
27910,-1.3755244
27911,-1.2956351
27912,-1.314029
27913,37.536892
27914,58.142254
27915,31.446596
27916,105.31997
27917,130.86275
27918,142.847
27919,127.97159
27920,164.82176
27921,118.96226
27922,164.94098
27923,194.98198
27924,216.08647
27925,214.72034
27926,205.06252
27927,273.5106
27928,320.11697
27929,339.6767
27930,352.15332
27931,374.14725
27932,365.37418
27933,400.27472
27934,350.0911
27935,239.6213
27936,183.18584
27937,156.75432
27938,161.45174
27939,170.10278
27940,206.88571
27941,234.13638
27942,234.78503
27943,258.60468
27944,245.78703
27945,283.4652
27946,305.52734
27947,352.29797
27948,341.72675
27949,321.56708
27950,219.58612
27951,178.00233
27952,159.38354
27953,184.17989
27954,221.8214
27955,213.61101
27956,198.7417
27957,192.44466
27958,189.74344
27959,200.29797
27960,249.79536
27961,233.25554
27962,278.74817
27963,306.52066
27964,358.459
27965,311.46945
27966,255.06796
27967,199.16705
27968,203.14096
27969,212.0791
27970,252.09583
27971,239.48212
27972,227.55934
27973,184.66432
27974,275.22467
27975,240.74837
27976,215.92249
27977,172.70877
27978,243.58421
27979,283.29443
27980,267.63217
27981,250.36787
27982,253.05841
27983,264.60483
27984,203.13243
27985,142.35112
27986,94.803154
27987,90.41443
27988,123.9897
27989,151.03275
27990,88.319275
27991,68.42297
27992,56.972916
27993,46.45815
27994,54.650993
27995,43.805843
27996,59.924976
27997,52.343025
27998,40.971684
27999,49.61935
28000,68.029724
28001,53.006798
28002,75.79206
28003,56.20171
28004,23.23852
28005,24.45072
28006,4.051473
28007,-1.2831451
28008,43.6571
28009,20.01082
28010,-1.8627764
28011,40.520603
28012,86.53599
28013,69.80246
28014,52.1807
28015,16.52874
28016,65.86383
28017,37.609592
28018,193.16563
28019,88.959
28020,218.67297
28021,367.76202
28022,114.001366
28023,94.7614
28024,216.3872
28025,196.13976
28026,201.88246
28027,159.74483
28028,147.99303
28029,109.28756
28030,219.27162
28031,202.15067
28032,122.82543
28033,223.94318
28034,308.58856
28035,255.60332
28036,79.220116
28037,362.90506
28038,272.3994
28039,196.03778
28040,174.35455
28041,240.39897
28042,155.09505
28043,163.95924
28044,120.70971
28045,262.86365
28046,72.62049
28047,101.761536
28048,219.50912
28049,203.06792
28050,323.95963
28051,152.85674
28052,103.60827
28053,224.5348
28054,264.3217
28055,100.676155
28056,144.66454
28057,36.510788
28058,9.182293
28059,38.12465
28060,25.385836
28061,34.355324
28062,28.168951
28063,30.115416
28064,19.44875
28065,28.419926
28066,62.082783
28067,52.447002
28068,88.35167
28069,109.66264
28070,157.48334
28071,204.51424
28072,180.45909
28073,139.81767
28074,192.2167
28075,164.86522
28076,135.22653
28077,137.73997
28078,105.086
28079,126.12354
28080,117.42541
28081,139.53995
28082,145.17062
28083,141.6399
28084,160.05283
28085,186.8296
28086,203.74593
28087,273.0391
28088,293.40332
28089,271.72327
28090,366.5193
28091,544.6526
28092,389.34195
28093,302.59882
28094,301.49298
28095,465.16367
28096,553.83527
28097,670.7804
28098,772.3011
28099,641.9424
28100,775.11456
28101,864.0744
28102,992.4887
28103,685.1719
28104,670.84845
28105,688.6158
28106,946.5433
28107,740.85876
28108,617.9918
28109,700.1855
28110,815.8553
28111,749.1787
28112,667.9721
28113,662.5059
28114,535.3002
28115,356.4768
28116,689.2468
28117,737.0126
28118,635.3186
28119,844.5403
28120,707.09357
28121,790.53424
28122,682.8418
28123,486.88086
28124,496.28738
28125,456.69437
28126,360.40643
28127,242.52658
28128,310.6471
28129,262.77762
28130,289.7463
28131,309.15863
28132,251.81631
28133,249.40884
28134,181.1098
28135,182.7999
28136,218.66241
28137,216.52611
28138,236.65744
28139,207.027
28140,202.07144
28141,229.99214
28142,151.42194
28143,259.66476
28144,172.9569
28145,90.57876
28146,93.36828
28147,217.97633
28148,439.5873
28149,410.48718
28150,401.58078
28151,226.12299
28152,113.97255
28153,63.740902
28154,236.36632
28155,85.13583
28156,262.4575
28157,211.99486
28158,209.6831
28159,103.35731
28160,85.8021
28161,185.90306
28162,136.40436
28163,151.95717
28164,115.61613
28165,151.17871
28166,114.846466
28167,127.96541
28168,40.009087
28169,171.53023
28170,151.35002
28171,148.07372
28172,68.500534
28173,85.2065
28174,102.73375
28175,61.04922
28176,55.828037
28177,215.67735
28178,155.94469
28179,132.92072
28180,3.938461
28181,31.60736
28182,1.437721
28183,278.59772
28184,415.7318
28185,174.13887
28186,167.20863
28187,104.24375
28188,236.41681
28189,28.65144
28190,28.631216
28191,180.9041
28192,355.58722
28193,145.86101
28194,177.49953
28195,313.7258
28196,175.20903
28197,76.57748
28198,19.305166
28199,115.14587
28200,78.68422
28201,103.698586
28202,19.042519
28203,83.8745
28204,171.30199
28205,58.367374
28206,-2.6868267
28207,-2.474653
28208,38.7071
28209,158.95125
28210,290.8533
28211,249.16664
28212,163.00545
28213,85.97925
28214,73.73911
28215,-3.2239194
28216,-1.3554993
28217,-1.9456764
28218,-1.1539847
28219,-1.2519633
28220,-1.2656906
28221,-1.2441193
28222,8.581578
28223,10.445934
28224,30.095583
28225,59.608646
28226,51.594215
28227,80.09309
28228,289.32675
28229,551.3384
28230,769.3393
28231,628.6898
28232,589.58435
28233,588.8615
28234,536.53827
28235,463.27264
28236,357.68985
28237,372.62796
28238,946.68506
28239,900.11993
28240,1651.851
28241,1100.9408
28242,690.7631
28243,814.7467
28244,916.49884
28245,1466.9056
28246,553.70386
28247,343.91714
28248,278.50037
28249,693.7654
28250,1046.1282
28251,1405.9915
28252,982.225
28253,768.9735
28254,946.1457
28255,943.7373
28256,916.05975
28257,808.73004
28258,416.71558
28259,261.05313
28260,422.49545
28261,556.74695
28262,392.94183
28263,346.56866
28264,286.34506
28265,404.08768
28266,196.38097
28267,169.21124
28268,268.52554
28269,210.46266
28270,183.93626
28271,157.08057
28272,356.11615
28273,561.99054
28274,759.32294
28275,564.37
28276,260.94012
28277,361.8673
28278,689.68945
28279,574.79395
28280,354.91745
28281,300.10785
28282,311.78827
28283,343.46997
28284,469.81097
28285,457.45822
28286,389.2899
28287,283.78473
28288,290.54163
28289,500.99713
28290,382.53387
28291,207.04213
28292,202.45361
28293,265.662
28294,185.23294
28295,314.91107
28296,475.65808
28297,303.26965
28298,484.24237
28299,892.4792
28300,487.24585
28301,1130.0073
28302,1365.5929
28303,1255.0779
28304,835.9796
28305,902.6607
28306,977.33185
28307,1175.7476
28308,1206.853
28309,1078.3796
28310,1016.8088
28311,1509.2683
28312,1830.2439
28313,1558.97
28314,1118.8845
28315,1531.4543
28316,1052.885
28317,782.37244
28318,1242.9202
28319,1545.7834
28320,1154.6609
28321,731.896
28322,1009.1774
28323,1339.062
28324,1353.0574
28325,671.65686
28326,1097.4227
28327,1490.7799
28328,1166.125
28329,1195.3967
28330,1269.3701
28331,1097.4691
28332,742.2991
28333,801.9569
28334,867.05725
28335,868.46106
28336,792.2401
28337,1067.1167
28338,1033.9137
28339,823.2942
28340,817.3898
28341,722.41235
28342,595.7542
28343,686.5192
28344,370.18393
28345,784.48486
28346,549.7139
28347,605.40515
28348,465.53314
28349,570.0571
28350,250.16582
28351,317.55615
28352,378.67487
28353,185.84373
28354,182.05061
28355,278.26904
28356,150.37106
28357,162.72517
28358,200.22356
28359,413.49426
28360,397.5026
28361,305.46832
28362,380.03485
28363,446.9277
28364,377.55563
28365,410.8617
28366,359.2596
28367,167.77942
28368,148.25829
28369,220.89609
28370,239.126
28371,248.08357
28372,225.32607
28373,205.63223
28374,128.99504
28375,94.86994
28376,75.971695
28377,32.444546
28378,36.63373
28379,24.796692
28380,44.065353
28381,43.176914
28382,58.22762
28383,45.60879
28384,47.944565
28385,12.121697
28386,46.23594
28387,77.935776
28388,83.2922
28389,73.91648
28390,93.43738
28391,87.706894
28392,79.591064
28393,43.392994
28394,31.566341
28395,67.566826
28396,54.695328
28397,7.3352294
28398,-0.9666734
28399,-0.96311986
28400,-0.9112827
28401,-1.0162077
28402,-1.029723
28403,-0.9800887
28404,-1.654736
28405,-0.8901424
28406,0.40774545
28407,57.412567
28408,71.236824
28409,53.899376
28410,62.80941
28411,67.503395
28412,45.234177
28413,24.587906
28414,15.074413
28415,21.122736
28416,17.823118
28417,67.8053
28418,62.129673
28419,56.461525
28420,57.638756
28421,16.64712
28422,16.62612
28423,20.97353
28424,-3.2394452
28425,-2.0996492
28426,-1.0272444
28427,-1.0322317
28428,-0.9002697
28429,-0.8416356
28430,-0.93215847
28431,3.3526871
28432,17.743925
28433,11.458835
28434,19.08535
28435,49.99546
28436,26.399162
28437,26.344048
28438,-1.5670984
28439,-1.0109844
28440,-0.97261703
28441,-0.85774004
28442,-1.7740098
28443,-1.7384404
28444,-0.97422713
28445,-0.89052033
28446,-0.9650219
28447,1.8355128
28448,-1.6089094
28449,-1.0188909
28450,-1.0906084
28451,78.59065
28452,64.421936
28453,38.243652
28454,1.4222276
28455,6.0503564
28456,79.84219
28457,73.47551
28458,4.215657
28459,-1.4824497
28460,-2.202413
28461,20.60526
28462,-2.2985358
28463,-3.8749788
28464,-1.1757293
28465,6.2599926
28466,33.928596
28467,1.593867
28468,-1.1088051
28469,-1.0308617
28470,-1.0021386
28471,-1.609576
28472,-1.0510116
28473,-1.0714257
28474,-1.7676543
28475,-0.92894894
28476,-1.24354
28477,56.83835
28478,10.753898
28479,-0.84018606
28480,-0.9623882
28481,-1.0375934
28482,-1.0101008
28483,-1.0052798
28484,-0.85035133
28485,-0.9656499
28486,-1.0182543
28487,-0.8684303
28488,-0.8780866
28489,-1.0162854
28490,30.966
28491,67.4096
28492,36.532887
28493,17.848944
28494,9.245296
28495,-5.454116
28496,-1.0961809
28497,-1.0830603
28498,-0.9946406
28499,41.054905
28500,160.17464
28501,218.92415
28502,122.47215
28503,115.91614
28504,182.0626
28505,356.84622
28506,371.722
28507,318.348
28508,197.8367
28509,240.274
28510,206.35316
28511,143.20265
28512,150.27208
28513,204.0139
28514,121.77991
28515,72.53963
28516,84.59142
28517,117.39866
28518,193.26102
28519,173.92415
28520,162.86638
28521,125.131714
28522,58.814022
28523,5.623073
28524,10.391676
28525,73.40078
28526,74.223366
28527,67.97516
28528,33.4442
28529,27.42851
28530,42.440353
28531,49.263115
28532,116.05207
28533,110.81956
28534,110.17728
28535,99.346344
28536,71.05018
28537,83.97437
28538,173.92888
28539,263.0708
28540,162.49507
28541,149.64256
28542,247.42444
28543,275.4292
28544,286.27597
28545,228.50839
28546,135.78462
28547,248.32143
28548,240.40947
28549,148.65543
28550,223.17427
28551,305.43283
28552,183.23318
28553,174.15886
28554,134.53438
28555,91.74642
28556,66.96999
28557,66.18562
28558,62.698803
28559,58.39803
28560,61.04306
28561,49.14104
28562,83.2861
28563,131.76402
28564,80.49824
28565,89.35132
28566,28.433287
28567,3.3269017
28568,28.433756
28569,33.321545
28570,19.481394
28571,37.18173
28572,5.48199
28573,-1.6579826
28574,-1.6702777
28575,2.1065884
28576,59.178654
28577,54.481907
28578,68.25105
28579,90.978096
28580,123.96002
28581,46.331635
28582,19.781252
28583,36.25512
28584,37.911804
28585,170.76132
28586,187.33917
28587,262.73285
28588,278.6883
28589,230.02118
28590,299.588
28591,452.3119
28592,413.9656
28593,232.48941
28594,297.22415
28595,352.02026
28596,296.54602
28597,294.51456
28598,323.44888
28599,447.82428
28600,392.91907
28601,623.2675
28602,760.1628
28603,637.3369
28604,252.14516
28605,375.6886
28606,536.039
28607,506.80777
28608,513.92615
28609,489.97678
28610,560.71075
28611,271.8582
28612,494.30148
28613,503.1986
28614,201.60806
28615,240.29488
28616,288.12662
28617,376.08823
28618,462.71765
28619,155.08511
28620,213.20786
28621,349.0318
28622,156.47119
28623,300.24448
28624,388.54327
28625,178.09953
28626,248.24983
28627,192.90228
28628,236.68146
28629,194.90042
28630,188.46642
28631,118.60757
28632,147.34059
28633,222.06895
28634,176.7929
28635,278.9039
28636,1411.0879
28637,1177.1233
28638,1170.8048
28639,1693.9523
28640,1201.9307
28641,1221.3407
28642,1256.5588
28643,390.77322
28644,258.3226
28645,88.21521
28646,146.31012
28647,383.68173
28648,528.7895
28649,521.1392
28650,630.6902
28651,709.9102
28652,510.60672
28653,390.3591
28654,412.47623
28655,515.10486
28656,558.09607
28657,464.2571
28658,540.28015
28659,500.29776
28660,385.95657
28661,536.5583
28662,683.3023
28663,513.34436
28664,611.1273
28665,1048.6598
28666,1379.3049
28667,1465.4348
28668,1209.3004
28669,1188.5579
28670,1129.8927
28671,1090.8475
28672,1006.1517
28673,1145.9143
28674,1087.4454
28675,925.54016
28676,741.7293
28677,595.9403
28678,625.1463
28679,736.5869
28680,712.83545
28681,766.8995
28682,861.2815
28683,1029.799
28684,1094.3998
28685,1250.3693
28686,1447.4874
28687,1596.409
28688,1532.3352
28689,1200.8021
28690,1105.303
28691,1102.463
28692,1110.4238
28693,1186.9155
28694,842.77606
28695,836.01447
28696,507.47845
28697,768.79877
28698,700.39105
28699,483.7715
28700,316.38058
28701,237.75919
28702,261.00143
28703,361.97287
28704,339.70087
28705,319.4214
28706,619.26514
28707,383.77963
28708,262.09354
28709,310.5311
28710,411.41614
28711,308.25085
28712,241.59952
28713,314.5136
28714,540.08514
28715,506.45212
28716,393.09497
28717,589.9237
28718,623.1279
28719,567.934
28720,623.57275
28721,1098.9834
28722,915.05493
28723,723.40466
28724,1081.7937
28725,795.74805
28726,1279.4869
28727,1008.97797
28728,1136.7592
28729,980.12274
28730,1213.4082
28731,1045.8374
28732,727.79376
28733,752.4826
28734,1072.3441
28735,1073.16
28736,598.18427
28737,616.34357
28738,739.33875
28739,1281.5256
28740,1297.5828
28741,1177.2372
28742,665.64905
28743,1427.8176
28744,899.57355
28745,554.25696
28746,874.7625
28747,751.05457
28748,628.2253
28749,731.3501
28750,831.37115
28751,815.5105
28752,500.67374
28753,486.83203
28754,503.24713
28755,691.4588
28756,784.1927
28757,923.1847
28758,650.6612
28759,579.8501
28760,327.06494
28761,272.53464
28762,213.843
28763,419.15448
28764,302.21964
28765,365.05704
28766,350.63895
28767,287.72684
28768,203.76373
28769,101.48735
28770,30.855204
28771,43.30437
28772,117.200645
28773,38.478035
28774,18.674805
28775,20.139997
28776,32.62126
28777,9.70475
28778,39.11708
28779,99.9357
28780,54.18336
28781,-2.291166
28782,-1.0298007
28783,-0.8567436
28784,59.06546
28785,86.08211
28786,12.323871
28787,10.182731
28788,26.062447
28789,30.104662
28790,100.70641
28791,301.79666
28792,467.3369
28793,492.4359
28794,488.24976
28795,452.38663
28796,379.9877
28797,337.83755
28798,289.76004
28799,235.32742
28800,178.53629
28801,121.35269
28802,83.33871
28803,21.576155
28804,-1.7878895
28805,-0.64447165
28806,-0.6130302
28807,-0.6308842
28808,-0.61713135
28809,-0.5971689
28810,-0.66350657
28811,-0.68169504
28812,-0.7099691
28813,4.8010364
28814,70.01651
28815,78.48423
28816,101.56985
28817,151.55287
28818,199.58696
28819,163.4166
28820,254.44617
28821,262.1764
28822,170.1651
28823,229.23143
28824,263.3305
28825,377.32715
28826,472.21146
28827,753.6137
28828,844.6078
28829,1620.5026
28830,1409.5033
28831,1153.4803
28832,1170.172
28833,682.2903
28834,436.5994
28835,333.48584
28836,280.74683
28837,188.79822
28838,344.72015
28839,555.15186
28840,391.7933
28841,259.77274
28842,436.32947
28843,92.42875
28844,139.21207
28845,143.28918
28846,199.09247
28847,228.66391
28848,276.56512
28849,245.74982
28850,388.1725
28851,442.93668
28852,332.61838
28853,263.72357
28854,272.08356
28855,291.5948
28856,508.35422
28857,292.13342
28858,354.99448
28859,220.62965
28860,209.32495
28861,246.68456
28862,286.08105
28863,219.04732
28864,394.5713
28865,483.77213
28866,425.95932
28867,607.67224
28868,336.06335
28869,420.0891
28870,455.6356
28871,683.00696
28872,596.1411
28873,537.6178
28874,837.73267
28875,607.7861
28876,808.0359
28877,662.32385
28878,587.5251
28879,360.77487
28880,445.9034
28881,448.7899
28882,752.87726
28883,555.67694
28884,438.10684
28885,234.63942
28886,477.9733
28887,595.3286
28888,443.717
28889,761.16077
28890,820.4876
28891,605.25995
28892,852.00195
28893,1175.1288
28894,1011.53046
28895,882.5246
28896,808.5507
28897,776.76373
28898,457.06512
28899,804.3904
28900,928.00336
28901,827.779
28902,1228.4272
28903,1052.1705
28904,375.6894
28905,580.5424
28906,879.24976
28907,688.3727
28908,698.6739
28909,745.57715
28910,372.79694
28911,504.80298
28912,615.4775
28913,759.9281
28914,632.0036
28915,462.37186
28916,484.78098
28917,753.3208
28918,612.9351
28919,572.0827
28920,598.17145
28921,420.39096
28922,479.92932
28923,192.66357
28924,256.86533
28925,174.06511
28926,143.9327
28927,318.72748
28928,252.63072
28929,293.3935
28930,216.27438
28931,245.97377
28932,207.99966
28933,328.81793
28934,467.92606
28935,365.72095
28936,265.27554
28937,237.14113
28938,195.61192
28939,278.57574
28940,392.7367
28941,507.9066
28942,378.70398
28943,383.39047
28944,242.82297
28945,134.71284
28946,149.49556
28947,182.97885
28948,201.60617
28949,226.23167
28950,158.52702
28951,192.73605
28952,398.54156
28953,494.04947
28954,577.30286
28955,384.13168
28956,293.90207
28957,446.4604
28958,374.34595
28959,285.38522
28960,257.93848
28961,269.54495
28962,235.11269
28963,431.04642
28964,444.9399
28965,231.2823
28966,270.11026
28967,459.77283
28968,470.85535
28969,329.1066
28970,251.84982
28971,177.81796
28972,213.53517
28973,256.61893
28974,260.57022
28975,447.23322
28976,511.89954
28977,347.41833
28978,260.9682
28979,115.81612
28980,148.37198
28981,130.49226
28982,98.04026
28983,60.319965
28984,22.312395
28985,98.93237
28986,68.629074
28987,31.480719
28988,113.684456
28989,142.24062
28990,116.81685
28991,126.45289
28992,87.452515
28993,138.31697
28994,95.743614
28995,37.347115
28996,116.27172
28997,150.205
28998,308.98038
28999,322.62573
29000,373.80148
29001,349.53906
29002,285.60846
29003,205.83847
29004,236.23051
29005,129.32896
29006,161.30742
29007,154.63676
29008,261.16953
29009,163.53053
29010,101.352104
29011,182.1617
29012,106.95244
29013,57.501225
29014,148.74222
29015,388.5676
29016,270.82755
29017,387.3171
29018,251.84538
29019,219.24995
29020,283.6104
29021,495.77335
29022,247.44868
29023,248.64822
29024,460.8274
29025,392.63007
29026,247.10983
29027,312.82562
29028,205.02475
29029,431.05444
29030,330.31363
29031,269.95547
29032,604.5773
29033,277.7131
29034,307.0114
29035,609.79987
29036,646.16144
29037,400.33115
29038,635.80646
29039,526.37805
29040,593.97687
29041,457.3232
29042,600.1109
29043,758.338
29044,552.2919
29045,959.77356
29046,665.28613
29047,1137.9343
29048,977.8815
29049,834.75806
29050,848.43994
29051,785.3683
29052,469.29944
29053,762.52234
29054,1008.80524
29055,747.3887
29056,915.666
29057,599.1513
29058,958.0855
29059,995.34125
29060,721.99194
29061,1047.2872
29062,673.70874
29063,972.82904
29064,549.18225
29065,640.52234
29066,718.9813
29067,603.81226
29068,783.7418
29069,617.3779
29070,521.0963
29071,591.2342
29072,650.8022
29073,754.4027
29074,567.37036
29075,645.0641
29076,736.1997
29077,834.0799
29078,767.631
29079,762.38983
29080,823.55237
29081,770.6268
29082,702.31714
29083,696.45575
29084,673.00543
29085,700.6296
29086,517.8932
29087,490.3251
29088,437.8932
29089,497.89282
29090,479.30978
29091,458.5775
29092,600.68646
29093,718.64795
29094,872.9862
29095,720.36053
29096,635.35034
29097,457.9562
29098,424.13132
29099,372.722
29100,327.6761
29101,246.39505
29102,287.69614
29103,376.483
29104,328.5092
29105,334.61063
29106,436.40442
29107,633.3812
29108,625.5285
29109,532.29156
29110,677.26587
29111,559.4541
29112,457.361
29113,661.7563
29114,737.4738
29115,462.84293
29116,468.3126
29117,639.54266
29118,716.90735
29119,591.76495
29120,497.44037
29121,413.42706
29122,318.01752
29123,284.559
29124,338.37085
29125,308.19424
29126,209.58566
29127,129.73427
29128,116.05025
29129,240.3857
29130,279.0263
29131,511.71542
29132,490.15283
29133,441.50552
29134,360.7145
29135,247.09274
29136,263.97543
29137,165.53064
29138,86.43784
29139,131.04051
29140,130.63206
29141,81.324104
29142,142.37521
29143,137.38461
29144,96.58344
29145,197.4422
29146,187.05125
29147,192.07573
29148,305.57227
29149,166.81442
29150,282.71097
29151,349.1472
29152,501.6213
29153,230.11455
29154,391.00546
29155,361.71976
29156,100.340935
29157,88.37222
29158,178.68886
29159,180.47258
29160,146.99792
29161,300.91925
29162,196.82153
29163,173.996
29164,284.01233
29165,297.22812
29166,312.2362
29167,287.797
29168,575.3266
29169,226.0853
29170,301.94116
29171,178.07202
29172,273.13098
29173,122.25214
29174,205.11037
29175,200.57898
29176,237.10973
29177,364.4233
29178,299.44534
29179,151.75304
29180,367.98694
29181,217.42633
29182,283.39856
29183,121.81087
29184,280.18567
29185,501.76938
29186,203.52168
29187,234.96742
29188,354.85278
29189,218.61021
29190,292.30295
29191,442.86157
29192,193.32352
29193,272.03046
29194,242.78456
29195,296.61633
29196,236.59904
29197,233.37273
29198,128.9506
29199,176.3933
29200,229.31143
29201,310.27896
29202,292.23767
29203,151.97261
29204,78.16322
29205,159.78648
29206,98.839096
29207,59.749817
29208,36.56278
29209,65.90222
29210,101.09616
29211,100.76034
29212,56.266148
29213,74.119705
29214,165.70369
29215,441.8188
29216,391.6805
29217,520.71136
29218,488.2678
29219,469.29285
29220,372.26926
29221,457.51114
29222,731.1522
29223,895.20416
29224,1122.9196
29225,1147.2297
29226,1041.7262
29227,837.10815
29228,817.99695
29229,585.40186
29230,567.544
29231,468.13483
29232,463.34152
29233,521.6441
29234,604.8884
29235,553.64014
29236,418.71823
29237,461.569
29238,608.7579
29239,553.5711
29240,513.87256
29241,492.63022
29242,458.015
29243,433.61206
29244,411.93668
29245,346.67886
29246,383.5441
29247,271.75546
29248,396.0721
29249,482.28552
29250,418.69214
29251,462.2229
29252,445.32877
29253,416.4133
29254,396.94955
29255,439.50748
29256,505.55875
29257,586.1412
29258,536.03723
29259,597.7796
29260,764.9799
29261,616.32
29262,546.65234
29263,435.39417
29264,465.90363
29265,401.59106
29266,366.431
29267,296.47934
29268,368.08206
29269,377.83054
29270,363.72812
29271,408.81918
29272,319.52478
29273,309.12595
29274,293.02988
29275,312.99942
29276,344.66125
29277,467.872
29278,580.4316
29279,487.7197
29280,357.2513
29281,440.26672
29282,564.0548
29283,380.42703
29284,293.72897
29285,376.24854
29286,356.91534
29287,362.05908
29288,277.6286
29289,270.66577
29290,143.27629
29291,177.75673
29292,313.06415
29293,420.98114
29294,385.76245
29295,321.90967
29296,210.50024
29297,648.61163
29298,749.2953
29299,509.6068
29300,654.1077
29301,465.32797
29302,231.32285
29303,360.9089
29304,389.03088
29305,397.829
29306,546.71277
29307,715.2199
29308,662.54376
29309,480.80228
29310,744.0697
29311,949.6722
29312,691.67206
29313,597.4554
29314,553.36145
29315,496.06747
29316,451.33517
29317,465.87585
29318,513.5659
29319,524.4132
29320,241.45323
29321,374.91248
29322,411.1664
29323,448.99637
29324,554.4985
29325,403.73883
29326,636.8751
29327,516.0976
29328,399.46576
29329,245.08693
29330,322.7821
29331,384.34125
29332,358.04608
29333,441.97675
29334,686.64026
29335,509.7049
29336,576.79535
29337,622.0632
29338,717.7763
29339,534.9791
29340,257.65213
29341,217.16571
29342,245.07289
29343,553.4233
29344,614.00665
29345,1000.1538
29346,959.42664
29347,909.2898
29348,812.01465
29349,657.83795
29350,513.18945
29351,418.4455
29352,382.5052
29353,457.28198
29354,477.51965
29355,461.30438
29356,326.8367
29357,298.83136
29358,342.98636
29359,273.6163
29360,274.41458
29361,314.71008
29362,268.878
29363,301.51028
29364,359.28357
29365,358.7791
29366,378.11548
29367,359.9007
29368,420.6849
29369,451.01346
29370,522.4708
29371,641.85693
29372,645.0585
29373,672.5885
29374,620.12244
29375,629.1093
29376,717.21924
29377,718.4727
29378,638.90704
29379,492.92795
29380,404.01624
29381,352.73898
29382,305.26874
29383,300.7182
29384,312.51483
29385,243.08765
29386,317.2443
29387,337.90265
29388,356.09567
29389,338.7773
29390,366.5268
29391,378.03857
29392,415.90146
29393,387.06497
29394,433.41507
29395,386.89328
29396,311.63052
29397,280.07013
29398,284.19016
29399,314.99728
29400,321.92386
29401,294.28882
29402,316.18185
29403,319.69894
29404,346.43326
29405,347.062
29406,340.4275
29407,265.7019
29408,271.77573
29409,256.59586
29410,260.77808
29411,254.43692
29412,330.84238
29413,361.20828
29414,366.28717
29415,451.56464
29416,370.1588
29417,335.5283
29418,313.36047
29419,244.71272
29420,208.4177
29421,264.93393
29422,334.40002
29423,312.3123
29424,353.241
29425,284.02112
29426,183.40977
29427,134.95734
29428,74.381744
29429,63.049862
29430,151.4817
29431,229.66911
29432,155.50389
29433,145.37254
29434,216.63875
29435,67.09122
29436,117.513374
29437,119.64414
29438,134.65921
29439,223.30176
29440,136.22977
29441,81.41541
29442,93.596596
29443,214.45015
29444,250.45316
29445,147.44403
29446,171.90005
29447,233.53557
29448,144.97485
29449,204.43185
29450,217.85103
29451,140.36588
29452,169.5855
29453,197.6003
29454,110.243675
29455,154.6353
29456,184.87442
29457,130.82088
29458,60.808426
29459,85.92518
29460,168.33374
29461,160.9737
29462,95.760124
29463,205.72952
29464,88.12059
29465,188.66286
29466,100.552734
29467,56.768467
29468,143.4145
29469,68.52344
29470,73.44115
29471,47.359467
29472,98.24833
29473,140.18727
29474,184.1716
29475,95.52506
29476,105.12304
29477,195.67697
29478,373.16742
29479,138.73898
29480,145.27127
29481,104.28646
29482,240.40562
29483,288.26056
29484,245.28012
29485,386.06244
29486,286.81644
29487,259.7743
29488,60.312336
29489,221.04417
29490,205.5543
29491,269.16644
29492,196.53787
29493,134.98581
29494,316.7463
29495,284.60318
29496,213.75107
29497,140.07567
29498,106.73676
29499,91.490814
29500,73.520615
29501,57.203674
29502,66.70925
29503,77.56531
29504,50.07924
29505,-3.7014685
29506,-1.9318408
29507,-1.4232677
29508,-2.1593225
29509,-1.5359371
29510,0.76737386
29511,65.249
29512,70.93091
29513,88.28009
29514,67.74569
29515,77.99186
29516,91.638374
29517,129.84084
29518,122.193535
29519,120.28989
29520,157.45941
29521,183.83856
29522,192.4885
29523,201.72287
29524,184.33495
29525,179.77232
29526,190.19894
29527,202.60063
29528,208.99586
29529,233.7205
29530,258.94763
29531,196.37512
29532,244.42241
29533,330.99176
29534,371.03156
29535,390.14087
29536,315.9755
29537,215.81276
29538,294.35016
29539,266.1235
29540,260.8369
29541,298.96045
29542,301.10443
29543,331.0658
29544,264.56577
29545,290.97687
29546,255.92754
29547,306.63867
29548,387.02005
29549,429.72052
29550,444.56412
29551,472.43405
29552,510.5569
29553,631.5057
29554,716.9348
29555,760.7581
29556,759.3463
29557,702.7278
29558,504.669
29559,475.5636
29560,479.04648
29561,475.5599
29562,658.7431
29563,634.88666
29564,584.2904
29565,535.36816
29566,497.7118
29567,661.4077
29568,770.6286
29569,662.3342
29570,543.0036
29571,547.5073
29572,547.8038
29573,368.73898
29574,266.05716
29575,594.5099
29576,500.308
29577,391.50113
29578,158.1499
29579,373.0392
29580,241.12088
29581,639.9516
29582,784.61597
29583,670.96564
29584,476.01712
29585,385.8836
29586,346.01938
29587,285.75473
29588,200.67606
29589,285.32397
29590,222.37361
29591,103.61838
29592,57.592785
29593,143.25356
29594,154.92392
29595,89.09666
29596,34.358555
29597,89.036514
29598,133.78528
29599,168.63705
29600,194.46317
29601,109.61492
29602,139.34265
29603,145.64996
29604,183.1436
29605,291.99445
29606,118.614525
29607,230.90517
29608,108.63877
29609,85.89929
29610,325.67145
29611,328.14526
29612,297.70157
29613,101.842606
29614,104.534775
29615,196.58371
29616,138.77724
29617,167.78914
29618,150.89076
29619,180.26257
29620,114.352554
29621,283.75333
29622,209.1357
29623,133.26016
29624,93.95032
29625,178.58777
29626,137.77216
29627,107.37219
29628,73.46428
29629,14.208981
29630,9.710652
29631,123.07664
29632,188.55043
29633,127.56793
29634,88.948425
29635,167.12422
29636,108.140884
29637,152.5471
29638,194.8852
29639,115.85682
29640,187.23172
29641,209.09335
29642,212.59883
29643,243.26488
29644,237.18346
29645,267.5309
29646,284.1584
29647,317.235
29648,400.8597
29649,360.20563
29650,368.50067
29651,404.89233
29652,381.69415
29653,376.08215
29654,371.37827
29655,382.9775
29656,379.97137
29657,446.5585
29658,375.3078
29659,459.21884
29660,585.1689
29661,709.7557
29662,811.0865
29663,810.35425
29664,737.804
29665,753.64264
29666,679.6595
29667,765.2516
29668,714.6091
29669,794.70795
29670,819.7116
29671,880.9137
29672,679.10077
29673,668.987
29674,497.13135
29675,522.1295
29676,550.154
29677,677.4664
29678,596.3651
29679,435.954
29680,492.06424
29681,413.95078
29682,550.3255
29683,818.1197
29684,735.97125
29685,757.9878
29686,589.2242
29687,596.055
29688,641.3558
29689,876.74097
29690,939.3595
29691,765.7948
29692,574.2426
29693,620.1556
29694,814.17163
29695,880.48413
29696,922.25397
29697,695.69293
29698,634.4214
29699,791.5157
29700,766.3868
29701,754.7023
29702,597.50323
29703,756.3789
29704,1193.5547
29705,1190.814
29706,1194.2024
29707,1029.6787
29708,1066.3586
29709,1123.907
29710,1210.5896
29711,1337.1501
29712,1234.4933
29713,1323.1793
29714,1093.011
29715,900.2995
29716,1289.2026
29717,1246.2911
29718,1099.901
29719,965.7584
29720,957.227
29721,507.4214
29722,175.43106
29723,380.66815
29724,543.1079
29725,710.13947
29726,720.2995
29727,457.47742
29728,952.85767
29729,1178.7595
29730,891.26385
29731,653.6381
29732,621.37524
29733,457.88956
29734,262.96445
29735,480.63992
29736,712.1048
29737,529.23676
29738,499.85962
29739,557.2759
29740,171.57913
29741,253.48999
29742,234.72853
29743,140.48308
29744,192.39412
29745,100.22665
29746,139.80948
29747,284.61258
29748,412.5628
29749,266.92563
29750,280.81042
29751,328.1067
29752,265.5899
29753,365.5821
29754,507.16473
29755,671.54987
29756,547.7068
29757,552.519
29758,682.11176
29759,692.3768
29760,1028.9866
29761,1169.0045
29762,1213.3251
29763,1130.2396
29764,715.37683
29765,775.7141
29766,720.3455
29767,896.387
29768,306.8319
29769,441.5367
29770,536.8407
29771,522.8218
29772,733.1149
29773,593.2748
29774,543.75226
29775,570.5861
29776,585.1263
29777,192.54579
29778,211.56453
29779,305.82104
29780,330.5398
29781,217.29668
29782,261.3971
29783,207.93839
29784,227.31413
29785,201.17375
29786,300.36737
29787,337.52985
29788,184.43526
29789,44.46597
29790,26.10673
29791,10.063913
29792,26.68904
29793,44.035267
29794,48.88679
29795,37.791317
29796,11.6051035
29797,5.395974
29798,28.079992
29799,49.09334
29800,38.73407
29801,26.52929
29802,16.798012
29803,18.20713
29804,25.469385
29805,15.448055
29806,47.598495
29807,109.334175
29808,80.01363
29809,29.710945
29810,20.578259
29811,53.183685
29812,46.797523
29813,109.8258
29814,106.78305
29815,161.95638
29816,317.20987
29817,284.01968
29818,351.94754
29819,392.9782
29820,276.0364
29821,275.32343
29822,173.8368
29823,321.6247
29824,446.8968
29825,601.55743
29826,992.6543
29827,1009.3646
29828,844.633
29829,900.19836
29830,691.3545
29831,726.71423
29832,459.52255
29833,462.0214
29834,449.2634
29835,464.8445
29836,597.5219
29837,634.27014
29838,674.5034
29839,546.95447
29840,638.10236
29841,568.18335
29842,577.2388
29843,650.1464
29844,351.6156
29845,311.86472
29846,318.5872
29847,305.12634
29848,182.79845
29849,195.89555
29850,53.086906
29851,7.6963725
29852,-5.0090647
29853,-2.8037188
29854,-3.330754
29855,-5.5688567
29856,-2.622774
29857,-1.5104529
29858,-1.5707303
29859,-1.5937613
29860,-1.6479982
29861,-1.6927204
29862,-1.7018225
29863,-1.7962158
29864,-1.7187306
29865,-1.733112
29866,-3.5043845
29867,-1.6839324
29868,-1.6682769
29869,-1.6419222
29870,-1.6483296
29871,-1.65095
29872,-1.65095
29873,-1.3921299
29874,-1.3508034
29875,-1.2184749
29876,-1.2065835
29877,-1.2210368
29878,-1.2576728
29879,-1.168191
29880,-1.168191
29881,-1.1861897
29882,-1.1546139
29883,-1.1154685
29884,-1.1087261
29885,-1.0789076
29886,-3.3631237
29887,-1.1641154
29888,-1.1368389
29889,-1.741972
29890,-0.9606459
29891,-0.98888284
29892,-0.86786467
29893,-1.6666261
29894,-0.899885
29895,-0.9187288
29896,-0.93804014
29897,-0.8445303
29898,-0.9352931
29899,-0.9636948
29900,-1.0659367
29901,-1.0014086
29902,-0.886115
29903,-1.0158163
29904,-1.0513773
29905,-1.0221279
29906,-1.0424714
29907,-0.9808123
29908,-1.1492064
29909,-0.9080701
29910,-0.96979725
29911,-0.8938606
29912,-0.9832809
29913,-0.9891027
29914,-1.6872631
29915,-0.9085104
29916,-1.1884862
29917,-1.0613265
29918,-1.0348468
29919,-0.91782814
29920,41.22791
29921,60.484417
29922,83.173355
29923,120.07403
29924,135.79294
29925,103.92163
29926,65.46982
29927,110.538826
29928,116.63417
29929,96.95928
29930,100.653336
29931,82.4328
29932,47.052505
29933,38.23482
29934,25.309656
29935,54.16902
29936,105.678894
29937,123.88574
29938,80.51464
29939,90.42215
29940,59.258
29941,14.283265
29942,20.190073
29943,91.662346
29944,78.44399
29945,34.557247
29946,516.76074
29947,1636.5956
29948,1553.9856
29949,1057.7642
29950,198.89441
29951,87.97229
29952,29.391521
29953,1.4876624
29954,66.17335
29955,36.258907
29956,81.57479
29957,79.478874
29958,6.8212686
29959,-0.99364954
29960,234.10312
29961,853.9899
29962,772.8471
29963,324.33075
29964,260.03683
29965,349.9532
29966,383.28098
29967,1.4890512
29968,-1.4287658
29969,-1.3257774
29970,-1.3081199
29971,-1.3076546
29972,-2.266344
29973,16.006866
29974,120.94926
29975,181.2428
29976,166.28851
29977,9.848037
29978,-1.1678944
29979,-2.8540034
29980,-1.0183468
29981,-0.94813275
29982,-1.0125263
29983,-1.0552467
29984,-0.923825
29985,-1.0255816
29986,-0.9331266
29987,-0.9141345
29988,-0.9141345
29989,11.968829
29990,30.861176
29991,-0.9231116
29992,-1.6695988
29993,436.9979
29994,0.73909736
29995,-0.9112843
29996,-0.948792
29997,-0.9494801
29998,-0.914677
29999,-0.94002384
30000,-0.9108845
30001,-0.96831554
30002,-1.5561845
30003,-0.79937005
30004,-1.4972167
30005,-1.6909962
30006,-0.9194056
30007,-0.92904717
30008,-0.97429574
30009,-0.9099043
30010,-0.9951184
30011,68.65003
30012,295.42917
30013,92.39327
30014,224.7289
30015,178.829
30016,-2.434995
30017,-0.99399734
30018,-0.958827
30019,-0.8142885
30020,-2.0058196
30021,268.05356
30022,381.57053
30023,30.173096
30024,-0.8638483
30025,-0.92446226
30026,75.92663
30027,378.1882
30028,351.8045
30029,178.93433
30030,81.20287
30031,23.188147
30032,1.4508865
30033,92.81917
30034,41.414135
30035,350.22653
30036,181.4952
30037,-3.1443381
30038,65.3793
30039,54.424877
30040,64.73787
30041,78.02479
30042,100.3484
30043,125.171875
30044,220.94966
30045,214.77696
30046,129.38625
30047,150.19507
30048,130.18755
30049,167.66263
30050,109.4681
30051,66.84858
30052,143.94376
30053,153.09392
30054,96.91785
30055,110.728455
30056,111.4727
30057,94.24706
30058,109.817505
30059,137.56879
30060,0.84804106
30061,-1.5433156
30062,-1.513114
30063,-1.3420234
30064,-1.0897563
30065,-0.9555844
30066,-0.966407
30067,-0.92627335
30068,-0.9736379
30069,-0.98297447
30070,-0.98046154
30071,-0.9484689
30072,-0.96780187
30073,-1.029666
30074,-1.0210836
30075,-0.92446876
30076,-0.9474806
30077,-0.9426666
30078,-0.9426666
30079,-0.94598967
30080,-0.94061685
30081,-1.0197104
30082,-0.97383565
30083,-0.94598037
30084,-0.97120196
30085,-0.9844685
30086,-0.9971451
30087,-1.0599844
30088,-1.0279558
30089,-1.0103325
30090,-1.0469443
30091,-1.0469443
30092,-1.0365472
30093,-1.021908
30094,-1.0551261
30095,-1.0518517
30096,-1.0569549
30097,-1.0381949
30098,-1.0745602
30099,-1.0812654
30100,-1.0863537
30101,-1.1513685
30102,-1.1462803
30103,-1.1582793
30104,-1.1575736
30105,-1.1575736
30106,-1.1315417
30107,-1.1315417
30108,-1.8968993
30109,-0.96602505
30110,-1.2273107
30111,-1.2270567
30112,-1.2215677
30113,-1.1782577
30114,-1.2171428
30115,-1.0248246
30116,-1.050917
30117,-1.0104463
30118,-1.0543957
30119,46.861015
30120,54.438946
30121,68.24765
30122,61.14535
30123,88.84306
30124,43.473724
30125,27.360159
30126,78.00731
30127,76.86808
30128,86.32477
30129,67.142204
30130,56.042896
30131,69.93048
30132,51.237694
30133,48.505447
30134,52.43017
30135,17.718271
30136,13.401446
30137,36.292206
30138,40.890205
30139,3.4363585
30140,15.193625
30141,53.888412
30142,110.03207
30143,131.02853
30144,132.59824
30145,65.09916
30146,34.071083
30147,49.047974
30148,123.50648
30149,75.45784
30150,86.51388
30151,73.106964
30152,36.303272
30153,38.560055
30154,1.4443626
30155,20.158749
30156,23.684065
30157,43.270008
30158,71.7059
30159,23.98382
30160,100.84621
30161,148.1965
30162,74.766624
30163,91.74288
30164,124.675224
30165,252.28288
30166,173.09373
30167,91.893074
30168,192.31845
30169,199.91527
30170,98.394066
30171,95.63724
30172,78.40925
30173,195.8416
30174,163.40398
30175,128.9928
30176,85.605545
30177,107.20662
30178,164.92984
30179,350.79498
30180,329.6701
30181,140.8512
30182,72.02989
30183,30.904593
30184,-2.6475952
30185,13.350287
30186,66.493546
30187,85.19529
30188,183.66841
30189,101.67643
30190,139.40256
30191,47.28039
30192,79.76125
30193,77.30166
30194,261.6122
30195,151.4468
30196,91.8037
30197,171.35147
30198,98.91856
30199,96.074524
30200,141.72353
30201,138.70831
30202,76.66915
30203,51.0938
30204,61.54977
30205,75.47737
30206,45.12495
30207,42.721146
30208,74.264465
30209,107.71503
30210,103.790115
30211,116.90871
30212,106.108734
30213,113.96926
30214,81.86331
30215,48.821987
30216,45.387268
30217,37.237698
30218,6.198617
30219,14.635769
30220,47.80424
30221,42.051254
30222,16.729422
30223,14.8685255
30224,17.627022
30225,15.832342
30226,36.31188
30227,28.619905
30228,21.952446
30229,43.72703
30230,98.43346
30231,142.42822
30232,172.04007
30233,185.44102
30234,216.6194
30235,252.6528
30236,299.46503
30237,235.27539
30238,194.94035
30239,82.69374
30240,110.40211
30241,203.49187
30242,121.81097
30243,130.65549
30244,248.98105
30245,191.59973
30246,235.92792
30247,211.95073
30248,236.9602
30249,275.0928
30250,195.09464
30251,186.65945
30252,197.54741
30253,379.16245
30254,651.1267
30255,617.9184
30256,723.4196
30257,802.2441
30258,736.7964
30259,557.6524
30260,614.67346
30261,493.7051
30262,436.34296
30263,350.69556
30264,226.387
30265,314.03845
30266,375.3998
30267,379.47986
30268,408.7336
30269,379.67062
30270,376.20593
30271,335.70154
30272,235.06624
30273,241.97163
30274,267.21045
30275,219.62132
30276,212.19826
30277,246.86351
30278,412.94485
30279,520.23016
30280,480.85086
30281,354.74792
30282,322.70822
30283,297.02432
30284,240.53053
30285,454.28818
30286,398.07938
30287,483.55286
30288,560.4353
30289,690.6663
30290,900.1091
30291,777.867
30292,1133.5444
30293,1023.7868
30294,751.16046
30295,849.9533
30296,1082.1134
30297,648.7175
30298,722.1917
30299,567.98926
30300,509.89374
30301,480.87106
30302,511.78915
30303,560.3014
30304,815.758
30305,828.4347
30306,1217.68
30307,930.09906
30308,1242.6655
30309,1053.8767
30310,1106.7925
30311,1015.0598
30312,1400.7137
30313,814.71643
30314,987.46423
30315,1033.4608
30316,1076.4084
30317,791.8608
30318,674.6566
30319,789.6579
30320,1253.9001
30321,1140.1633
30322,1509.406
30323,1313.9501
30324,1450.6832
30325,1180.5795
30326,1033.9589
30327,1178.5905
30328,865.35254
30329,807.69507
30330,704.21014
30331,1123.7042
30332,1083.888
30333,1013.80457
30334,1128.0377
30335,1170.1794
30336,1619.1863
30337,1236.4531
30338,813.3095
30339,1035.1709
30340,872.23615
30341,1168.1837
30342,354.69415
30343,494.3334
30344,226.89491
30345,263.12054
30346,298.09546
30347,574.31885
30348,570.9954
30349,357.67908
30350,230.85863
30351,231.0877
30352,180.43715
30353,108.6579
30354,128.28543
30355,77.211624
30356,60.04621
30357,55.860493
30358,73.12346
30359,126.058815
30360,170.39172
30361,134.93442
30362,105.917534
30363,273.11273
30364,454.64468
30365,406.2985
30366,313.62103
30367,418.86075
30368,404.02048
30369,235.00935
30370,185.46732
30371,157.4376
30372,179.63776
30373,249.41801
30374,343.09064
30375,389.885
30376,518.62244
30377,502.74835
30378,511.99954
30379,609.20807
30380,652.8225
30381,691.13654
30382,763.2833
30383,766.0775
30384,701.08044
30385,701.5637
30386,700.8937
30387,616.03204
30388,631.8959
30389,523.35736
30390,508.44553
30391,397.06357
30392,407.95438
30393,460.0434
30394,556.8056
30395,595.32355
30396,611.9295
30397,504.5435
30398,522.58276
30399,515.66394
30400,716.05975
30401,688.8512
30402,520.3645
30403,599.22894
30404,590.7983
30405,562.04895
30406,577.4716
30407,511.70776
30408,519.4033
30409,586.52405
30410,635.2204
30411,651.75
30412,667.72546
30413,621.42535
30414,633.06433
30415,651.9937
30416,547.3146
30417,454.41214
30418,407.8809
30419,412.59857
30420,352.55777
30421,233.72095
30422,197.22516
30423,290.65787
30424,183.865
30425,190.9144
30426,240.11658
30427,208.77464
30428,151.9478
30429,284.84222
30430,395.93005
30431,456.5965
30432,497.26956
30433,371.18735
30434,460.8883
30435,285.71786
30436,548.0818
30437,582.9754
30438,626.41595
30439,552.4059
30440,478.21414
30441,301.34332
30442,806.65955
30443,697.85034
30444,353.56287
30445,428.56824
30446,261.3436
30447,357.70398
30448,350.90308
30449,446.8136
30450,408.279
30451,325.0866
30452,458.78494
30453,401.0983
30454,455.5044
30455,534.58856
30456,343.80682
30457,361.75095
30458,404.06076
30459,795.8428
30460,874.5326
30461,970.4353
30462,717.90063
30463,599.6964
30464,864.2533
30465,559.53595
30466,565.68567
30467,427.35187
30468,343.58395
30469,362.27673
30470,441.77005
30471,323.5221
30472,414.18524
30473,403.45892
30474,440.45612
30475,221.11354
30476,406.05835
30477,215.33693
30478,242.28548
30479,438.76746
30480,145.45085
30481,188.33368
30482,295.4128
30483,177.65506
30484,317.52805
30485,110.328316
30486,138.41893
30487,282.39575
30488,228.88116
30489,179.80313
30490,136.52496
30491,176.38857
30492,92.22901
30493,158.69115
30494,157.11136
30495,150.17928
30496,97.88112
30497,88.13084
30498,79.13116
30499,19.517992
30500,17.652287
30501,48.021877
30502,67.624405
30503,37.017982
30504,32.497505
30505,-1.0704415
30506,-1.7139412
30507,-1.0321887
30508,-1.0321887
30509,-1.0490662
30510,4.9046597
30511,22.00822
30512,10.611366
30513,-5.382113
30514,-0.53714997
30515,-1.9982616
30516,25.857283
30517,48.472412
30518,49.644787
30519,49.43761
30520,50.851963
30521,47.16006
30522,43.793266
30523,29.115461
30524,27.111725
30525,104.819626
30526,143.23012
30527,224.39423
30528,173.89279
30529,187.8995
30530,226.42029
30531,229.38249
30532,267.68527
30533,245.6867
30534,220.6893
30535,306.19916
30536,310.27573
30537,328.02875
30538,330.22647
30539,326.71463
30540,341.67764
30541,317.50916
30542,422.26175
30543,381.93375
30544,369.207
30545,375.8606
30546,335.78452
30547,354.19757
30548,267.22635
30549,251.7727
30550,246.28935
30551,416.22827
30552,508.645
30553,402.52124
30554,313.48303
30555,372.09128
30556,277.1467
30557,302.44635
30558,519.37396
30559,383.5514
30560,232.40436
30561,348.80252
30562,409.08417
30563,352.26505
30564,502.20242
30565,747.9893
30566,785.08405
30567,710.9473
30568,887.0522
30569,678.17053
30570,582.1559
30571,603.2685
30572,480.46417
30573,657.47424
30574,395.0534
30575,495.3522
30576,806.3817
30577,729.1863
30578,452.4146
30579,501.1829
30580,448.1406
30581,499.7998
30582,502.00278
30583,741.38184
30584,606.6919
30585,266.02795
30586,181.4061
30587,614.3612
30588,679.9522
30589,1069.0376
30590,1112.4653
30591,977.98364
30592,977.0161
30593,541.2017
30594,512.26965
30595,548.4307
30596,507.9879
30597,528.7557
30598,658.03656
30599,755.4305
30600,397.3389
30601,300.6977
30602,599.14435
30603,286.18744
30604,823.8135
30605,640.81067
30606,676.32446
30607,729.09406
30608,680.78656
30609,600.8861
30610,659.98926
30611,602.8561
30612,453.44077
30613,609.9648
30614,288.23077
30615,222.46068
30616,282.23605
30617,318.0154
30618,287.92215
30619,266.028
30620,274.29684
30621,497.57712
30622,249.60768
30623,333.972
30624,283.2074
30625,266.14435
30626,274.35718
30627,161.98824
30628,111.384895
30629,227.3671
30630,179.82314
30631,77.054985
30632,101.683754
30633,144.66914
30634,108.48295
30635,152.1644
30636,198.71756
30637,271.72906
30638,157.48843
30639,98.59016
30640,84.86571
30641,128.39255
30642,139.59456
30643,147.52371
30644,128.64636
30645,150.37596
30646,205.01105
30647,184.10457
30648,180.62762
30649,214.76414
30650,229.85268
30651,250.71205
30652,232.06958
30653,193.25357
30654,109.32147
30655,55.232967
30656,35.83382
30657,55.7665
30658,63.42443
30659,78.66927
30660,110.642204
30661,145.47527
30662,282.4301
30663,356.6914
30664,427.65
30665,443.70514
30666,421.49026
30667,406.96194
30668,542.0923
30669,571.4165
30670,614.1013
30671,609.39435
30672,628.8942
30673,657.06055
30674,591.74725
30675,623.6728
30676,497.06293
30677,462.21686
30678,456.88757
30679,396.1963
30680,302.20667
30681,104.771706
30682,43.002556
30683,64.86282
30684,86.795975
30685,77.90654
30686,87.53901
30687,112.7452
30688,79.61056
30689,37.914963
30690,90.614494
30691,102.49019
30692,77.81593
30693,73.48299
30694,64.49363
30695,77.731735
30696,57.895138
30697,75.57254
30698,156.29799
30699,178.33977
30700,195.54753
30701,223.60803
30702,185.30121
30703,130.53201
30704,64.0741
30705,9.614194
30706,-2.8851142
30707,-2.2844832
30708,-1.882019
30709,-1.4947628
30710,-1.1741756
30711,-1.1067969
30712,-1.0366375
30713,-1.091332
30714,-1.0597342
30715,-1.0302747
30716,-1.0220639
30717,-1.0134819
30718,-1.0532763
30719,-1.0292761
30720,-1.0521667
30721,-1.0240625
30722,-1.0614889
30723,-1.0831273
30724,-0.9466213
30725,-1.0059168
30726,-0.99636126
30727,-1.743376
30728,-0.85856307
30729,-0.9085969
30730,-1.1495854
30731,2.2348125
30732,-1.6708966
30733,-1.0525446
30734,-1.0020857
30735,17.935238
30736,0.81145364
30737,72.517525
30738,6.6691494
30739,26.001463
30740,40.57038
30741,30.025223
30742,-1.1060718
30743,81.01002
30744,25.335087
30745,15.426402
30746,45.035744
30747,36.632538
30748,-2.2139442
30749,40.77513
30750,85.84342
30751,2.9597147
30752,-0.92760164
30753,-0.9974313
30754,-1.7129414
30755,27.376167
30756,12.871272
30757,61.226734
30758,1.4122932
30759,-0.9978293
30760,-1.6949922
30761,-1.0867475
30762,-0.91461945
30763,-1.0629619
30764,-1.7299656
30765,0.975246
30766,4.9536552
30767,-0.9636663
30768,-1.0613256
30769,-1.7647251
30770,-1.0118763
30771,-1.0324445
30772,-1.0031604
30773,-2.1954195
30774,37.40589
30775,48.158264
30776,31.989717
30777,54.132984
30778,49.434483
30779,51.464214
30780,45.067066
30781,51.942562
30782,51.48301
30783,43.780365
30784,32.922417
30785,43.751167
30786,76.38279
30787,110.27135
30788,225.26994
30789,244.85736
30790,238.93744
30791,321.31436
30792,404.73462
30793,387.173
30794,354.48343
30795,281.3714
30796,286.70453
30797,210.44072
30798,239.32585
30799,212.78854
30800,170.69002
30801,174.62927
30802,148.03717
30803,178.05972
30804,151.73466
30805,254.35855
30806,242.32875
30807,198.17499
30808,211.77715
30809,194.72134
30810,214.03009
30811,159.20667
30812,236.11171
30813,239.48117
30814,215.7802
30815,239.88539
30816,217.91542
30817,181.07292
30818,167.21687
30819,175.27618
30820,170.15936
30821,171.98775
30822,185.90416
30823,197.33755
30824,197.29305
30825,180.97183
30826,166.71875
30827,143.3831
30828,129.87772
30829,157.80473
30830,157.07329
30831,155.85158
30832,168.91463
30833,198.54579
30834,203.34503
30835,233.0818
30836,192.81403
30837,153.8388
30838,146.45345
30839,142.35898
30840,151.12456
30841,120.36705
30842,88.0163
30843,81.33433
30844,76.94201
30845,55.267056
30846,73.47438
30847,59.64171
30848,34.27253
30849,7.0884976
30850,8.951859
30851,1.6836613
30852,-1.6231108
30853,-1.6590683
30854,-1.6989636
30855,-1.7605797
30856,-1.7374568
30857,-1.6877104
30858,-1.7481464
30859,-2.4239125
30860,-1.7850919
30861,-1.8795441
30862,-1.5825487
30863,-1.3795865
30864,-2.1947079
30865,-1.882898
30866,-1.1227399
30867,-1.6024362
30868,-0.9838699
30869,11.563311
30870,2.380865
30871,-0.9357626
30872,-1.6410934
30873,-1.0357535
30874,-0.97921556
30875,-0.97921556
30876,-1.9050826
30877,-0.85343474
30878,-1.8332893
30879,-1.0195324
30880,-0.97712433
30881,-1.846897
30882,-3.3728626
30883,-2.6346846
30884,28.59434
30885,-1.1113327
30886,-1.8837526
30887,65.19595
30888,16.361937
30889,36.241783
30890,48.051064
30891,113.36774
30892,100.901665
30893,226.39008
30894,103.75305
30895,163.80847
30896,151.66858
30897,169.25865
30898,104.51758
30899,143.2772
30900,113.87307
30901,70.49631
30902,36.334282
30903,32.34044
30904,33.178112
30905,52.20571
30906,114.23531
30907,158.55885
30908,26.00406
30909,70.611786
30910,109.339935
30911,36.719494
30912,114.8661
30913,82.90324
30914,92.65341
30915,108.88267
30916,169.64494
30917,225.73224
30918,200.74747
30919,203.04854
30920,239.1419
30921,262.59634
30922,229.6041
30923,242.93597
30924,212.01369
30925,227.21692
30926,199.33487
30927,149.54741
30928,106.724594
30929,65.31255
30930,71.587654
30931,91.550995
30932,60.62397
30933,72.21345
30934,89.64096
30935,66.22461
30936,45.011475
30937,52.805668
30938,54.875168
30939,38.06459
30940,30.151918
30941,14.970658
30942,11.246129
30943,14.697878
30944,18.411114
30945,-1.1632164
30946,-1.0332688
30947,30.613176
30948,109.23374
30949,163.73558
30950,164.9898
30951,242.44525
30952,217.95163
30953,143.60516
30954,40.206593
30955,19.798841
30956,13.789038
30957,35.586605
30958,78.690056
30959,43.919346
30960,51.19992
30961,142.31923
30962,124.125694
30963,116.17317
30964,142.54037
30965,157.6302
30966,98.53098
30967,135.20938
30968,162.81514
30969,244.08664
30970,457.9834
30971,568.7848
30972,389.8742
30973,338.2225
30974,285.2609
30975,173.27655
30976,130.06776
30977,132.68324
30978,288.44324
30979,483.62253
30980,544.5406
30981,468.84674
30982,286.1075
30983,241.75813
30984,428.19913
30985,835.11505
30986,389.51205
30987,357.93454
30988,307.22278
30989,231.08257
30990,186.818
30991,165.23264
30992,166.63705
30993,149.5118
30994,88.57655
30995,244.56725
30996,319.64282
30997,242.90778
30998,361.35297
30999,528.6212
31000,481.8866
31001,341.08298
31002,706.98517
31003,529.8218
31004,452.53592
31005,330.5231
31006,326.00162
31007,409.26398
31008,580.5122
31009,1058.0964
31010,1294.9985
31011,1034.2704
31012,1108.069
31013,1174.0155
31014,1272.6675
31015,1384.029
31016,1036.6123
31017,1024.913
31018,1271.0267
31019,727.335
31020,878.6241
31021,937.7533
31022,1037.9639
31023,1215.2272
31024,1109.729
31025,739.7617
31026,703.18933
31027,694.4524
31028,861.13684
31029,732.34467
31030,967.01215
31031,653.4949
31032,687.45825
31033,862.8272
31034,1088.0784
31035,854.2658
31036,970.85803
31037,773.7035
31038,374.89407
31039,331.01556
31040,617.74084
31041,184.77818
31042,353.52496
31043,455.41055
31044,270.3791
31045,400.70175
31046,340.5119
31047,239.93352
31048,256.25226
31049,566.9163
31050,1383.5802
31051,1844.0448
31052,1776.5934
31053,1017.076
31054,461.30243
31055,766.65546
31056,877.43915
31057,764.19183
31058,871.05853
31059,565.90656
31060,469.71524
31061,556.3363
31062,256.0401
31063,163.16235
31064,335.1458
31065,306.2809
31066,303.41412
31067,232.40614
31068,291.95483
31069,447.9342
31070,664.8245
31071,853.6114
31072,779.8212
31073,575.8799
31074,552.0312
31075,381.84732
31076,223.42836
31077,346.06766
31078,283.14926
31079,195.78256
31080,217.24008
31081,261.83594
31082,216.69421
31083,268.29178
31084,280.86478
31085,171.57153
31086,249.11594
31087,335.4233
31088,233.83788
31089,148.68959
31090,96.98546
31091,118.93455
31092,126.9548
31093,141.26105
31094,103.34298
31095,47.50937
31096,16.726662
31097,0.7126002
31098,9.7846775
31099,40.966682
31100,53.94606
31101,108.82157
31102,110.29629
31103,94.50164
31104,101.03128
31105,107.59409
31106,102.89287
31107,139.10133
31108,187.86426
31109,248.91183
31110,240.21361
31111,188.38336
31112,129.06657
31113,119.77097
31114,115.12896
31115,160.24295
31116,196.12434
31117,178.56876
31118,266.0474
31119,222.74042
31120,220.39087
31121,171.41742
31122,97.91467
31123,90.51092
31124,23.038595
31125,1.1911662
31126,-2.4261577
31127,-1.5639979
31128,-1.7056513
31129,-1.4318186
31130,-1.7657875
31131,-1.658905
31132,-1.7046744
31133,-1.5962169
31134,-1.5253215
31135,-1.5062119
31136,-1.2107446
31137,-1.0269256
31138,-1.0654827
31139,-0.9155048
31140,-1.0544261
31141,-0.91673946
31142,-1.0085934
31143,-1.6713812
31144,-0.94840163
31145,-0.94816065
31146,-0.8752085
31147,-0.9319432
31148,-0.9974697
31149,-0.9914918
31150,-1.0151356
31151,-1.029787
31152,6.92786
31153,27.199013
31154,4.043728
31155,-1.088494
31156,-1.1198636
31157,-2.1019642
31158,11.596141
31159,-1.8573782
31160,-1.0602992
31161,2.9997878
31162,4.216191
31163,-1.0386536
31164,-0.93158585
31165,-0.9713455
31166,-0.89847654
31167,-1.0790486
31168,-0.92512757
31169,4.935559
31170,-0.17427279
31171,32.865513
31172,-1.345747
31173,-1.0681707
31174,-1.0355307
31175,41.076847
31176,39.931934
31177,102.56284
31178,54.62346
31179,39.20624
31180,30.410126
31181,19.61849
31182,336.4026
31183,497.98334
31184,247.84572
31185,366.64554
31186,243.12885
31187,236.32524
31188,301.76654
31189,310.34088
31190,303.83484
31191,265.88156
31192,253.0309
31193,234.78903
31194,255.98369
31195,207.83948
31196,187.84155
31197,151.52844
31198,124.95713
31199,142.59164
31200,81.88065
31201,106.10498
31202,142.84775
31203,91.69023
31204,66.14755
31205,35.35171
31206,33.341328
31207,49.98118
31208,42.552204
31209,160.12024
31210,240.40012
31211,429.67102
31212,283.22525
31213,409.49905
31214,364.93878
31215,183.7625
31216,180.89027
31217,256.27954
31218,150.07735
31219,167.66202
31220,234.02374
31221,167.58754
31222,104.57384
31223,58.369293
31224,-4.214471
31225,-1.374163
31226,-1.5420957
31227,-1.8165554
31228,49.369316
31229,125.8101
31230,182.19034
31231,183.3686
31232,92.86639
31233,11.696241
31234,35.153996
31235,87.89057
31236,81.24671
31237,10.367505
31238,-2.584317
31239,-0.8182579
31240,-0.85266405
31241,-0.8676108
31242,-0.9191418
31243,-1.4776633
31244,-0.88536453
31245,-1.6325622
31246,-1.3777155
31247,32.476173
31248,92.36697
31249,23.146563
31250,33.096973
31251,117.598305
31252,131.70909
31253,67.09821
31254,107.86443
31255,97.106575
31256,117.156334
31257,104.40459
31258,61.04756
31259,61.858746
31260,60.123608
31261,76.32333
31262,143.61713
31263,187.25601
31264,105.322556
31265,29.036472
31266,-0.06718957
31267,-0.747911
31268,-1.2864308
31269,-0.92104924
31270,-0.9957341
31271,-0.96689045
31272,-0.9567097
31273,-0.9941602
31274,-0.9200687
31275,-0.87861645
31276,-0.8567914
31277,-0.88866574
31278,-0.87600607
31279,-0.9143828
31280,-0.95302224
31281,-0.95376384
31282,-1.7238429
31283,-0.81741226
31284,-0.9289785
31285,-0.9289785
31286,-0.94101894
31287,-0.94101894
31288,-0.8056553
31289,-0.86780316
31290,-0.8993141
31291,-0.89339834
31292,-0.9364777
31293,-1.6050981
31294,-0.88790005
31295,-0.7371393
31296,-0.8051222
31297,-0.88360894
31298,-0.94516283
31299,-0.9549195
31300,-0.9556361
31301,-1.012498
31302,-1.5886409
31303,-0.8674783
31304,-0.93493235
31305,-1.0048656
31306,-0.9882719
31307,-0.99637526
31308,-0.9882719
31309,-1.0029444
31310,-1.0063916
31311,-0.99310195
31312,-1.0339476
31313,-1.1274017
31314,-0.2526784
31315,-2.2545366
31316,-0.8991694
31317,-0.96626127
31318,-0.99517214
31319,-1.0344536
31320,-1.0363978
31321,-1.0030591
31322,-1.0239216
31323,-1.0241079
31324,-1.0118636
31325,-1.0037384
31326,-0.990769
31327,-1.0241079
31328,-1.0002518
31329,-1.006921
31330,-1.0178697
31331,-1.021614
31332,-1.006921
31333,-1.0278608
31334,-2.2823486
31335,62.14132
31336,96.04543
31337,35.531643
31338,84.81851
31339,81.26431
31340,109.15532
31341,113.919495
31342,152.13663
31343,40.449608
31344,-1.0695447
31345,58.48271
31346,249.93553
31347,273.4932
31348,119.94053
31349,71.30815
31350,98.72643
31351,116.55766
31352,123.89528
31353,104.67202
31354,14.026528
31355,14.337062
31356,17.86049
31357,13.2326
31358,3.2492642
31359,6.365871
31360,-3.0078743
31361,27.391607
31362,9.412228
31363,0.4876586
31364,-5.2739787
31365,-7.0360084
31366,-4.148847
31367,-0.8626937
31368,-0.989795
31369,-1.0103511
31370,-1.0203149
31371,-0.84550077
31372,-0.977481
31373,-0.9753035
31374,-1.0178155
31375,-0.95692104
31376,-0.95712924
31377,-0.95412165
31378,-0.96015185
31379,-0.96015185
31380,-0.96015185
31381,-0.96015185
31382,-0.8687197
31383,-0.8769526
31384,-0.8769526
31385,-0.8747452
31386,-1.0041454
31387,-1.0136707
31388,-1.0251801
31389,-1.1096445
31390,-1.7008638
31391,6.5743165
31392,27.47955
31393,96.59137
31394,35.166634
31395,53.01838
31396,86.090706
31397,100.271416
31398,82.86498
31399,125.0052
31400,37.586018
31401,69.587875
31402,77.28182
31403,77.59533
31404,261.67697
31405,293.04477
31406,211.24678
31407,153.55235
31408,162.90163
31409,144.68674
31410,178.38992
31411,158.7899
31412,181.86128
31413,147.66835
31414,134.73546
31415,103.909386
31416,55.060833
31417,41.922424
31418,29.85163
31419,33.94479
31420,46.606014
31421,53.375015
31422,-2.7507167
31423,-1.7392045
31424,9.56068
31425,20.953157
31426,-0.050122622
31427,-0.906367
31428,-0.9775856
31429,11.40081
31430,48.66647
31431,109.74752
31432,333.5969
31433,302.05865
31434,277.23422
31435,397.3442
31436,613.56476
31437,375.7062
31438,332.14026
31439,344.2863
31440,409.2887
31441,291.81165
31442,375.5577
31443,462.7551
31444,385.77185
31445,482.75665
31446,428.27432
31447,409.20456
31448,201.42435
31449,275.33847
31450,320.3781
31451,609.723
31452,327.51907
31453,551.62555
31454,391.79462
31455,427.73743
31456,593.9356
31457,360.46152
31458,296.32336
31459,295.14267
31460,534.4632
31461,412.9334
31462,124.09921
31463,130.47717
31464,214.41895
31465,187.37376
31466,214.7553
31467,332.92065
31468,372.3148
31469,180.29294
31470,224.6251
31471,231.93657
31472,171.15755
31473,189.93791
31474,132.46466
31475,194.39359
31476,155.49951
31477,235.02501
31478,219.47095
31479,152.38321
31480,199.331
31481,233.10265
31482,262.6831
31483,256.56284
31484,235.74884
31485,204.87257
31486,151.82076
31487,231.21555
31488,302.97644
31489,300.59433
31490,297.6685
31491,312.6707
31492,398.9778
31493,377.16995
31494,386.82385
31495,368.5393
31496,355.0452
31497,300.44174
31498,247.1318
31499,311.6376
31500,279.1147
31501,312.79465
31502,337.7025
31503,256.2744
31504,235.3401
31505,298.7178
31506,436.86548
31507,538.0714
31508,570.3074
31509,666.6149
31510,532.2355
31511,457.02454
31512,483.66544
31513,442.3189
31514,393.8684
31515,477.7846
31516,454.17676
31517,391.64154
31518,391.40936
31519,522.3077
31520,519.76276
31521,495.2703
31522,589.1422
31523,492.1832
31524,382.28613
31525,330.9813
31526,326.87897
31527,308.73846
31528,405.40808
31529,361.15482
31530,373.8379
31531,321.5827
31532,370.47693
31533,182.12634
31534,96.64771
31535,54.433384
31536,14.097119
31537,34.620064
31538,103.43245
31539,198.956
31540,183.26122
31541,161.90556
31542,146.91216
31543,160.35635
31544,137.88913
31545,150.05524
31546,154.62277
31547,181.00725
31548,209.04546
31549,212.06001
31550,270.18112
31551,175.03313
31552,165.95175
31553,126.42717
31554,139.82193
31555,158.96295
31556,285.16846
31557,117.138374
31558,82.41069
31559,86.38007
31560,205.44855
31561,112.321625
31562,206.56856
31563,194.20628
31564,347.99237
31565,730.9383
31566,687.3344
31567,538.4197
31568,870.9651
31569,456.29803
31570,606.92957
31571,537.4843
31572,518.29565
31573,497.4348
31574,394.73264
31575,346.4544
31576,261.23712
31577,360.48114
31578,466.57065
31579,510.6407
31580,574.47797
31581,562.5546
31582,665.368
31583,739.89685
31584,866.0789
31585,799.2663
31586,620.5615
31587,946.7365
31588,748.27325
31589,811.4719
31590,768.91516
31591,825.58234
31592,559.3835
31593,532.37775
31594,901.79846
31595,443.23468
31596,717.7119
31597,772.6347
31598,653.9205
31599,533.0882
31600,636.6639
31601,413.47614
31602,646.38696
31603,330.3227
31604,250.70015
31605,388.60855
31606,600.6385
31607,710.27924
31608,940.2587
31609,609.93085
31610,740.8615
31611,508.34784
31612,530.9678
31613,344.77914
31614,661.5908
31615,516.6643
31616,521.4337
31617,390.74637
31618,517.7054
31619,543.0981
31620,443.84192
31621,524.9068
31622,662.10535
31623,575.75555
31624,306.70764
31625,199.06319
31626,155.57405
31627,127.2775
31628,120.0584
31629,113.963776
31630,120.99467
31631,113.55874
31632,104.06926
31633,79.08015
31634,78.28746
31635,79.3233
31636,65.49031
31637,86.65469
31638,131.07596
31639,198.91336
31640,226.3712
31641,175.28792
31642,186.372
31643,243.75905
31644,167.25266
31645,163.54263
31646,183.12785
31647,164.15248
31648,181.4394
31649,181.56113
31650,238.77478
31651,319.5656
31652,241.8493
31653,166.3722
31654,124.8529
31655,42.513634
31656,58.694805
31657,39.876892
31658,4.80457
31659,28.671204
31660,60.71881
31661,76.38553
31662,130.86243
31663,123.92905
31664,85.75239
31665,84.00482
31666,104.87729
31667,107.88447
31668,97.48439
31669,112.076385
31670,166.83185
31671,212.65117
31672,192.57741
31673,133.14899
31674,139.77965
31675,94.69309
31676,95.057106
31677,91.70606
31678,77.88801
31679,66.33726
31680,61.839813
31681,90.18513
31682,80.97847
31683,81.748856
31684,95.694595
31685,47.63312
31686,38.13853
31687,4.803124
31688,-3.587392
31689,-1.3409827
31690,-1.4464749
31691,-1.6132144
31692,-1.8352518
31693,-1.8387088
31694,-2.3411357
31695,-1.787261
31696,-1.8795316
31697,-1.9961023
31698,-2.0039003
31699,-2.0005457
31700,-1.4950867
31701,-1.2362144
31702,-1.1256832
31703,-1.1038884
31704,-0.9650206
31705,-0.9745664
31706,-0.9531297
31707,-0.91484946
31708,-0.9155202
31709,-0.9321117
31710,-0.9486476
31711,-0.96724635
31712,-0.9640737
31713,-0.93044776
31714,-0.98367554
31715,-0.94069266
31716,-0.9269195
31717,-0.83271194
31718,-0.9882469
31719,-0.9715908
31720,-0.9932526
31721,-0.95224106
31722,-0.84060115
31723,-0.8601112
31724,-0.96970636
31725,-1.0858523
31726,16.322132
31727,-1.1674539
31728,-1.0169215
31729,-1.0325763
31730,-0.9608958
31731,-1.1432703
31732,-1.135997
31733,-1.6762226
31734,10.387249
31735,36.53164
31736,62.163544
31737,34.479744
31738,-1.1366992
31739,44.353325
31740,-1.7440974
31741,-1.6112512
31742,-1.0148273
31743,-1.0133924
31744,-0.99956954
31745,-0.91781133
31746,-1.0172272
31747,-0.92384297
31748,-0.9991292
31749,-1.117279
31750,-1.040338
31751,-1.0939814
31752,-1.0749367
31753,-0.93413293
31754,-0.8085911
31755,8.9487505
31756,1.9435778
31757,3.536214
31758,6.702146
31759,16.820457
31760,4.174668
31761,7.652464
31762,15.347391
31763,22.845146
31764,23.64081
31765,-2.563415
31766,15.143512
31767,29.418154
31768,28.246393
31769,-4.5203447
31770,-4.283028
31771,21.954527
31772,21.801981
31773,9.91685
31774,-3.057828
31775,2.3925135
31776,-4.147064
31777,-7.879016
31778,-5.278409
31779,-5.463489
31780,12.99283
31781,18.063652
31782,8.8702755
31783,23.77963
31784,26.510275
31785,23.17187
31786,40.269463
31787,49.864143
31788,47.59638
31789,76.28894
31790,73.94632
31791,94.517746
31792,90.94071
31793,96.10967
31794,59.176792
31795,76.44917
31796,79.52687
31797,92.89803
31798,96.36681
31799,97.39258
31800,82.13532
31801,84.84899
31802,46.33811
31803,76.22806
31804,66.83507
31805,63.109707
31806,56.44017
31807,73.11357
31808,67.229485
31809,79.418236
31810,78.42023
31811,70.621475
31812,63.8514
31813,56.67321
31814,28.121593
31815,16.572634
31816,22.653214
31817,39.360493
31818,47.886677
31819,40.921253
31820,45.77526
31821,23.059994
31822,51.295086
31823,33.997555
31824,1.1152713
31825,8.3812475
31826,6.143516
31827,8.153633
31828,-5.7631855
31829,-3.3807976
31830,-1.6230458
31831,-1.650849
31832,-1.6701609
31833,-1.646702
31834,-1.7516432
31835,-1.4374467
31836,-1.2446584
31837,-1.2056991
31838,-1.0431954
31839,-1.070893
31840,-1.0821579
31841,-1.1246182
31842,-1.095858
31843,-1.072284
31844,-1.0561945
31845,-1.1573701
31846,-1.1612066
31847,-1.109904
31848,-1.1330994
31849,-1.1496134
31850,-1.1330197
31851,-1.14487
31852,-1.1403153
31853,-1.1880605
31854,-1.9433677
31855,-1.0843532
31856,-1.7518793
31857,-1.0083679
31858,-1.4764615
31859,24.093342
31860,24.763697
31861,14.316343
31862,-0.97321874
31863,-1.2292944
31864,-1.1023699
31865,-2.2739549
31866,28.22391
31867,-2.704573
31868,-1.0945085
31869,48.937664
31870,44.024208
31871,13.884781
31872,-1.700976
31873,-5.155183
31874,-2.2529924
31875,-1.0188468
31876,-0.9808448
31877,-1.0435477
31878,16.567396
31879,12.952717
31880,-1.779281
31881,-1.0302771
31882,-1.0304052
31883,-0.9448942
31884,-1.0497891
31885,-0.98499674
31886,7.625848
31887,38.781036
31888,170.68199
31889,24.455296
31890,-2.2841544
31891,-1.0465682
31892,-1.0786393
31893,-1.8078215
31894,5.294525
31895,-1.0561719
31896,-0.9621488
31897,-1.081788
31898,-1.0101613
31899,-1.7823545
31900,49.65749
31901,31.714632
31902,-1.7560295
31903,-0.9749922
31904,-1.0277244
31905,19.602564
31906,49.883785
31907,89.461464
31908,124.643524
31909,108.046265
31910,101.12064
31911,110.60482
31912,146.15404
31913,119.39118
31914,153.94705
31915,187.96423
31916,164.78679
31917,170.06528
31918,200.75516
31919,172.39784
31920,152.25183
31921,164.47594
31922,202.49304
31923,202.0479
31924,202.14044
31925,147.21448
31926,178.76234
31927,162.53012
31928,195.24225
31929,201.94458
31930,159.82622
31931,147.21194
31932,135.10532
31933,152.3694
31934,176.16449
31935,172.78635
31936,199.32722
31937,232.03539
31938,206.0637
31939,212.13286
31940,218.96396
31941,212.44199
31942,207.36731
31943,198.84076
31944,209.92673
31945,208.79077
31946,332.50946
31947,428.8999
31948,368.72452
31949,293.99103
31950,213.70378
31951,161.022
31952,105.64221
31953,154.51701
31954,166.96574
31955,215.98581
31956,184.41959
31957,102.264084
31958,78.271736
31959,167.97258
31960,216.68044
31961,291.54636
31962,405.1437
31963,551.1275
31964,457.40424
31965,465.36484
31966,215.9343
31967,242.985
31968,278.27606
31969,255.68098
31970,444.37027
31971,629.96106
31972,639.3105
31973,533.6512
31974,562.9535
31975,482.47333
31976,557.4037
31977,529.88226
31978,442.14926
31979,376.52567
31980,244.24129
31981,283.2098
31982,356.44775
31983,225.86101
31984,219.0298
31985,317.55682
31986,300.10928
31987,257.94525
31988,348.99005
31989,351.76016
31990,752.9713
31991,1254.9188
31992,1854.3334
31993,1501.4208
31994,919.8539
31995,396.9951
31996,245.90102
31997,323.32272
31998,191.60335
31999,34.373383
32000,125.16986
32001,314.89914
32002,384.9018
32003,522.16766
32004,518.1326
32005,477.17258
32006,575.6854
32007,583.25806
32008,414.002
32009,505.1406
32010,497.93002
32011,619.7664
32012,713.1385
32013,852.41364
32014,906.15295
32015,904.2684
32016,1026.6522
32017,1026.1193
32018,636.19586
32019,506.93222
32020,451.58737
32021,484.29
32022,410.01785
32023,366.13065
32024,191.946
32025,126.100685
32026,73.85443
32027,181.65553
32028,253.42442
32029,295.76114
32030,237.35475
32031,274.96176
32032,104.12257
32033,39.19076
32034,163.24722
32035,428.54013
32036,424.9081
32037,557.5683
32038,547.43823
32039,483.75217
32040,515.9957
32041,535.96606
32042,522.8884
32043,385.5543
32044,413.10202
32045,626.4569
32046,607.9545
32047,721.2768
32048,335.77124
32049,310.73703
32050,384.6383
32051,548.5186
32052,645.70465
32053,496.8034
32054,613.58923
32055,628.6006
32056,390.88922
32057,340.53122
32058,296.22797
32059,452.29135
32060,366.9062
32061,137.00996
32062,93.18293
32063,34.9997
32064,6.4312615
32065,4.391814
32066,-2.597986
32067,5.6472425
32068,-3.5449915
32069,-1.0851475
32070,-1.0669034
32071,-1.8997363
32072,399.77112
32073,310.39038
32074,107.172264
32075,-1.7246839
32076,-1.4556644
32077,-1.6725056
32078,57.073524
32079,0.07336076
32080,-2.5701625
32081,-3.2270281
32082,-1.3188986
32083,-0.7535415
32084,21.112446
32085,-2.30175
32086,-0.73740107
32087,-0.7424565
32088,-0.77889055
32089,-0.8808709
32090,-0.85373074
32091,-1.7663704
32092,-0.94271445
32093,-0.93754274
32094,-0.836394
32095,-0.7891062
32096,-0.8085453
32097,-0.89292836
32098,-0.799263
32099,-0.8287564
32100,-0.83360636
32101,-0.7959723
32102,-0.8175368
32103,-0.8285116
32104,-0.9264733
32105,-0.8528081
32106,-0.8528081
32107,-0.83457386
32108,-0.84022737
32109,-0.8418914
32110,-0.855971
32111,-1.0131047
32112,-1.1548872
32113,-0.8595733
32114,-0.8697101
32115,-0.9709559
32116,-0.990825
32117,-0.9226919
32118,-0.9269949
32119,6.863266
32120,37.215786
32121,2.8563259
32122,-1.6838622
32123,-0.9289949
32124,-0.89679855
32125,-0.9679876
32126,-0.91265255
32127,-0.9063146
32128,-1.0077118
32129,-1.0311755
32130,-1.0129739
32131,-1.0129738
32132,-0.9860691
32133,-0.99742705
32134,-0.9882926
32135,-1.0280509
32136,-1.0351824
32137,-1.0301425
32138,-1.0301425
32139,-1.043821
32140,-1.1018509
32141,-1.0735322
32142,-1.0559916
32143,-1.0878025
32144,-0.98507154
32145,-1.026465
32146,-1.013796
32147,-1.1613845
32148,-1.1187078
32149,-1.097176
32150,-0.9758879
32151,-1.0804175
32152,-1.9622583
32153,-1.1386926
32154,-1.1041381
32155,-1.0645399
32156,-0.9401141
32157,-1.0351453
32158,-1.1453222
32159,-1.0114161
32160,-1.1212672
32161,-1.1852263
32162,-1.1268216
32163,-1.1034913
32164,-1.8552519
32165,-1.1111081
32166,-1.0297643
32167,-1.0454092
32168,-1.0796254
32169,-1.1053667
32170,-1.0856094
32171,-1.0856094
32172,-1.0363866
32173,-1.0322624
32174,-1.1484927
32175,-1.1731755
32176,-1.1964654
32177,-1.2205429
32178,-1.1893251
32179,-1.1887947
32180,-1.2007723
32181,-1.2048944
32182,-2.286483
32183,-1.2729455
32184,-1.2703846
32185,-1.870185
32186,-1.2834624
32187,-1.288919
32188,-1.372035
32189,-1.0632958
32190,-1.1289552
32191,9.6967945
32192,27.000202
32193,6.4079704
32194,13.678143
32195,24.40241
32196,29.653637
32197,43.047485
32198,39.146812
32199,84.61186
32200,191.2264
32201,264.5056
32202,251.91318
32203,226.17134
32204,254.0402
32205,274.48807
32206,267.09238
32207,404.29233
32208,569.90784
32209,511.48303
32210,411.18433
32211,335.52457
32212,316.76685
32213,348.03574
32214,251.74698
32215,321.7922
32216,358.16156
32217,457.52948
32218,445.53592
32219,298.94736
32220,95.195435
32221,274.3533
32222,174.38013
32223,169.20712
32224,271.0159
32225,265.86105
32226,298.81436
32227,361.03702
32228,315.2834
32229,254.30923
32230,255.33249
32231,326.87164
32232,241.60078
32233,196.66275
32234,285.52554
32235,378.65305
32236,496.9584
32237,511.4429
32238,257.91507
32239,352.3982
32240,295.00433
32241,361.36044
32242,759.1392
32243,686.7464
32244,540.74756
32245,846.0832
32246,818.1133
32247,570.41583
32248,505.47992
32249,780.3143
32250,801.54175
32251,740.85266
32252,383.35513
32253,554.78284
32254,517.8147
32255,313.28552
32256,505.84894
32257,653.1934
32258,342.1464
32259,485.94025
32260,229.98071
32261,393.101
32262,502.7966
32263,651.1492
32264,386.22736
32265,247.83148
32266,329.7972
32267,362.70078
32268,350.7539
32269,614.964
32270,359.4725
32271,356.1322
32272,502.60632
32273,372.98373
32274,516.10864
32275,474.22092
32276,467.30063
32277,327.90628
32278,238.43398
32279,204.33498
32280,65.04687
32281,44.451916
32282,56.311962
32283,126.02423
32284,124.39567
32285,358.3476
32286,283.7968
32287,244.09102
32288,207.87546
32289,265.36588
32290,156.80476
32291,157.12244
32292,189.707
32293,128.55104
32294,164.03448
32295,199.27234
32296,276.14362
32297,354.93274
32298,275.2343
32299,232.66597
32300,211.90807
32301,322.2106
32302,274.77756
32303,325.4509
32304,206.6344
32305,184.43211
32306,211.40956
32307,199.47461
32308,159.77805
32309,195.70605
32310,243.68314
32311,276.55725
32312,246.71002
32313,355.46527
32314,382.76794
32315,376.6764
32316,416.88522
32317,469.93112
32318,393.72833
32319,352.71075
32320,315.9023
32321,289.4184
32322,277.70236
32323,346.7645
32324,312.36826
32325,273.5006
32326,247.61028
32327,240.25127
32328,236.10759
32329,313.9718
32330,299.05917
32331,409.44925
32332,413.26895
32333,376.63193
32334,387.22076
32335,326.99173
32336,300.5953
32337,379.21198
32338,432.56854
32339,493.98932
32340,544.11304
32341,774.1346
32342,725.67426
32343,576.4582
32344,455.88522
32345,527.9412
32346,577.2911
32347,529.092
32348,444.70682
32349,427.0198
32350,402.0625
32351,329.1159
32352,437.47098
32353,696.23285
32354,672.20685
32355,557.0855
32356,591.2942
32357,428.52063
32358,294.462
32359,175.13588
32360,134.27264
32361,234.42932
32362,157.57454
32363,190.75594
32364,277.0488
32365,312.6285
32366,282.98175
32367,273.07144
32368,259.9362
32369,316.85495
32370,292.97522
32371,404.52527
32372,297.507
32373,305.59378
32374,364.1197
32375,381.36563
32376,331.31213
32377,452.1534
32378,242.03548
32379,280.56998
32380,284.3022
32381,437.4155
32382,630.28204
32383,343.52075
32384,493.9517
32385,769.2147
32386,648.28033
32387,467.54407
32388,755.6781
32389,938.9104
32390,848.9929
32391,687.0518
32392,889.45135
32393,1095.1371
32394,668.1598
32395,1081.6586
32396,1263.6405
32397,1375.3884
32398,1607.3918
32399,890.7554
32400,639.9563
32401,1032.0522
32402,753.8096
32403,582.0796
32404,585.6783
32405,564.94305
32406,639.68475
32407,732.5474
32408,672.43494
32409,544.9972
32410,411.0724
32411,372.37354
32412,281.50714
32413,233.65494
32414,142.77994
32415,200.09027
32416,401.3394
32417,339.38358
32418,305.39954
32419,429.55264
32420,192.57396
32421,273.0499
32422,324.38315
32423,301.46954
32424,262.80347
32425,381.6641
32426,418.08862
32427,354.01358
32428,386.06894
32429,665.70135
32430,755.2669
32431,510.24927
32432,514.0528
32433,399.0034
32434,258.30997
32435,251.38208
32436,293.7407
32437,418.62503
32438,338.838
32439,317.50327
32440,391.28143
32441,475.80594
32442,325.24557
32443,230.74982
32444,325.66528
32445,340.69104
32446,330.51047
32447,419.0882
32448,440.8061
32449,374.25647
32450,456.869
32451,380.6911
32452,375.49445
32453,454.16428
32454,347.35583
32455,404.6045
32456,417.22418
32457,490.25357
32458,442.98932
32459,332.90125
32460,319.03812
32461,448.17285
32462,436.58853
32463,359.85452
32464,167.67491
32465,73.69421
32466,84.97491
32467,89.01747
32468,207.41565
32469,145.60135
32470,14.641308
32471,-4.3374743
32472,7.483843
32473,-2.10121
32474,5.086523
32475,15.997602
32476,14.91043
32477,83.949936
32478,101.66213
32479,109.01621
32480,160.5278
32481,141.60876
32482,146.4746
32483,103.5312
32484,99.153206
32485,94.18768
32486,111.73958
32487,177.06792
32488,146.98067
32489,198.61719
32490,148.64078
32491,133.73708
32492,291.60092
32493,126.50271
32494,293.06244
32495,212.36415
32496,129.5287
32497,121.24075
32498,36.253372
32499,146.87402
32500,95.911
32501,68.151115
32502,104.518776
32503,102.2629
32504,124.44765
32505,223.10153
32506,132.85649
32507,147.00465
32508,141.42717
32509,45.742245
32510,45.020424
32511,63.041904
32512,129.00409
32513,83.313896
32514,27.502665
32515,58.371838
32516,263.3194
32517,180.96635
32518,65.90304
32519,214.68988
32520,219.71413
32521,265.52313
32522,295.73413
32523,193.51376
32524,296.06876
32525,256.96017
32526,337.95154
32527,101.81743
32528,260.02606
32529,391.4555
32530,438.32178
32531,591.828
32532,291.82568
32533,251.62457
32534,196.31386
32535,151.79837
32536,236.60829
32537,315.358
32538,445.8549
32539,515.7665
32540,475.3833
32541,541.8994
32542,410.24155
32543,459.10538
32544,204.48347
32545,302.8417
32546,149.7051
32547,328.99075
32548,403.82065
32549,355.5037
32550,604.308
32551,440.05774
32552,268.10886
32553,151.18147
32554,297.5323
32555,62.097576
32556,252.21153
32557,190.25923
32558,317.57898
32559,326.94897
32560,413.09384
32561,244.56792
32562,152.93794
32563,188.00735
32564,410.7009
32565,346.83832
32566,472.26202
32567,121.25417
32568,63.6059
32569,341.71756
32570,113.72254
32571,198.25745
32572,254.57135
32573,189.29141
32574,160.33842
32575,132.05928
32576,162.72243
32577,238.95013
32578,129.416
32579,127.77674
32580,141.66707
32581,128.01192
32582,159.5217
32583,312.31006
32584,401.64514
32585,387.31323
32586,493.0819
32587,333.55115
32588,278.64154
32589,263.7633
32590,224.90968
32591,224.46097
32592,216.33138
32593,186.28828
32594,188.92389
32595,226.01445
32596,215.8134
32597,185.81686
32598,203.21483
32599,151.92995
32600,95.91718
32601,83.498535
32602,21.785503
32603,-3.841315
32604,-1.5627065
32605,-1.6425397
32606,-1.5495732
32607,-1.545251
32608,-2.4547536
32609,-1.8661171
32610,-2.0637107
32611,5.5189643
32612,-7.9124646
32613,-4.937481
32614,-1.0584962
32615,-1.0419586
32616,-1.0291456
32617,-1.0032823
32618,97.992165
32619,274.24463
32620,174.24977
32621,351.3446
32622,340.00323
32623,397.188
32624,280.41666
32625,203.45439
32626,287.78726
32627,188.21904
32628,74.66715
32629,95.511696
32630,55.913017
32631,16.316362
32632,38.18824
32633,7.5547867
32634,-8.086688
32635,-6.1495066
32636,-1.7062677
32637,-1.6800026
32638,-1.1638881
32639,-1.0095783
32640,-1.0250671
32641,-1.0681947
32642,-1.052202
32643,-1.0544856
32644,-0.99719054
32645,-1.1008927
32646,-1.1648566
32647,-1.1166575
32648,-0.8728782
32649,57.08585
32650,76.09802
32651,101.701454
32652,86.86422
32653,72.59193
32654,41.23933
32655,14.577277
32656,17.883173
32657,3.041678
32658,27.960314
32659,2.53446
32660,54.121037
32661,44.84973
32662,14.915436
32663,1.8913529
32664,-1.6562659
32665,11.492009
32666,52.601494
32667,15.92348
32668,46.718376
32669,103.638
32670,78.639046
32671,46.760048
32672,59.779408
32673,128.3269
32674,72.287994
32675,61.7561
32676,74.70265
32677,62.885857
32678,95.563644
32679,3.0001647
32680,144.24725
32681,156.07918
32682,144.3109
32683,97.45456
32684,101.897354
32685,175.32669
32686,189.06349
32687,187.00395
32688,160.9466
32689,240.3061
32690,171.07597
32691,50.44737
32692,97.053764
32693,119.475044
32694,59.017212
32695,34.767853
32696,5.8897505
32697,82.93932
32698,64.287895
32699,102.855896
32700,10.804769
32701,102.27137
32702,83.981766
32703,131.53252
32704,162.70216
32705,217.60626
32706,130.37767
32707,79.43332
32708,127.88125
32709,141.15538
32710,123.05289
32711,62.376568
32712,118.18421
32713,26.034668
32714,-2.1641612
32715,0.69894546
32716,14.692956
32717,-1.3859861
32718,-1.2650855
32719,-1.159093
32720,-1.1281677
32721,48.200317
32722,32.48737
32723,-2.1474843
32724,-0.8074292
32725,-0.7774661
32726,-0.7231814
32727,-0.8493355
32728,-0.855696
32729,-1.4182907
32730,-0.7920334
32731,19.633196
32732,13.674216
32733,34.433804
32734,36.82268
32735,16.22954
32736,6.271797
32737,16.075108
32738,4.8668323
32739,-2.2740896
32740,-1.5409536
32741,-1.5736142
32742,-1.3638633
32743,-1.194459
32744,-1.1638635
32745,-0.9970233
32746,-0.92501086
32747,-1.0066168
32748,-1.0036383
32749,-1.0036383
32750,-0.96219707
32751,-0.96219707
32752,-1.0211475
32753,-1.029155
32754,-1.0211475
32755,-1.0211475
32756,-1.0211475
32757,-1.0179802
32758,-0.9948552
32759,-0.9948552
32760,-1.0015547
32761,-0.9948552
32762,-1.0782733
32763,-1.0782733
32764,-1.0852181
32765,-1.0891417
32766,-1.0891417
32767,-1.0891417
32768,-1.0934343
32769,-1.0934343
32770,-1.0546373
32771,-1.0546373
32772,-1.0628538
32773,-1.0546373
32774,-1.0546373
32775,-1.0585611
32776,-1.0652622
32777,-1.0652622
32778,-1.0652622
32779,-1.0725607
32780,-1.0725607
32781,-1.0787582
32782,-1.0456909
32783,-1.0456909
32784,-1.0456909
32785,-1.0456909
32786,-1.0365062
32787,-1.0394845
32788,-1.0546992
32789,-1.0510596
32790,-1.0922714
32791,-1.0740108
32792,-1.0666811
32793,-1.0543772
32794,-1.1184589
32795,-1.0767555
32796,-1.1191813
32797,-1.1303455
32798,-2.0093262
32799,-1.2184082
32800,-1.3031869
32801,-1.2450819
32802,-1.2486435
32803,-1.2093343
32804,-1.2063365
32805,-1.1671652
32806,-1.1081212
32807,-1.210327
32808,-1.2094808
32809,-1.1111037
32810,-1.1888045
32811,-1.1142023
32812,-1.1077496
32813,-1.1148257
32814,-1.0824555
32815,-1.0276634
32816,-1.1871808
32817,-1.9272842
32818,-1.123578
32819,-1.1371453
32820,-1.1645745
32821,-1.1220616
32822,-1.2418349
32823,-2.1878643
32824,-1.2888209
32825,-1.292041
32826,-0.85221547
32827,15.969597
32828,0.83916664
32829,-3.883294
32830,-1.2708037
32831,-1.2720834
32832,-1.3020017
32833,-1.262087
32834,-1.2342025
32835,-1.2454584
32836,-1.2451602
32837,-1.235771
32838,-1.2758435
32839,-1.2737745
32840,-1.3393179
32841,-1.2522805
32842,-1.2451704
32843,-1.2226046
32844,-1.2505764
32845,-1.2875922
32846,-2.0873842
32847,-1.1800188
32848,-1.2048464
32849,-1.0905153
32850,-1.1679957
32851,-1.0988754
32852,-1.1679957
32853,-1.1562388
32854,-1.1562388
32855,-1.0881623
32856,-1.0772117
32857,-1.1562388
32858,-1.1562388
32859,-1.1361053
32860,-1.147054
32861,-1.147054
32862,-1.147054
32863,-1.147054
32864,-1.147054
32865,-1.1468508
32866,-1.1679448
32867,-1.1801891
32868,-1.1801891
32869,-1.1801891
32870,-1.1801891
32871,-1.2410299
32872,-1.267254
32873,-1.267254
32874,-1.2642666
32875,-1.2518584
32876,-1.1853967
32877,-1.2910601
32878,-1.2815093
32879,-1.2815093
32880,-2.0220098
32881,-1.2151469
32882,-1.2061982
32883,-1.3375281
32884,-1.2842801
32885,-1.1925937
32886,-1.1379641
32887,-1.1379641
32888,-1.1806934
32889,-1.1861367
32890,-1.2510731
32891,-1.2045637
32892,-1.1500826
32893,-1.2242078
32894,-1.2263831
32895,-1.2933837
32896,-1.2472112
32897,-1.2144148
32898,-1.158631
32899,-1.1635776
32900,-1.2454536
32901,-1.156173
32902,-2.5053256
32903,-0.60221547
32904,-1.8293058
32905,-1.8875285
32906,5.7909894
32907,-1.1956328
32908,-1.1632462
32909,-1.1958839
32910,-1.1991272
32911,-1.1331728
32912,-0.98393583
32913,-1.0937693
32914,-1.0066247
32915,-1.1878748
32916,-1.1893933
32917,17.043467
32918,-1.9667337
32919,-1.0298387
32920,-1.009698
32921,-1.891807
32922,-1.1661272
32923,-1.203958
32924,-1.2730455
32925,8.604328
32926,33.46678
32927,25.954557
32928,41.84666
32929,85.71613
32930,58.37707
32931,75.07171
32932,135.54549
32933,172.18054
32934,169.94179
32935,171.44481
32936,165.5417
32937,148.17467
32938,238.00003
32939,268.18555
32940,203.35936
32941,185.52151
32942,171.60878
32943,177.9954
32944,200.39519
32945,199.23389
32946,200.35179
32947,219.59106
32948,249.0012
32949,294.41986
32950,289.9453
32951,324.41678
32952,237.20654
32953,188.50618
32954,227.33914
32955,106.491104
32956,139.51097
32957,205.6714
32958,136.03596
32959,113.379486
32960,97.272964
32961,73.08539
32962,56.784264
32963,64.81927
32964,88.81777
32965,73.008896
32966,51.93635
32967,33.20992
32968,23.674023
32969,53.62153
32970,72.860794
32971,58.609436
32972,58.467957
32973,49.39874
32974,35.82584
32975,23.260263
32976,4.9131484
32977,8.606277
32978,5.2642193
32979,17.394838
32980,20.555904
32981,21.144966
32982,36.20674
32983,42.787273
32984,42.832268
32985,35.52655
32986,12.3321085
32987,-5.2857027
32988,2.3911455
32989,5.632034
32990,10.702811
32991,8.888827
32992,13.037395
32993,20.596762
32994,17.016172
32995,26.325754
32996,28.557203
32997,34.7142
32998,40.370533
32999,48.87927
33000,41.296066
33001,40.015587
33002,39.304302
33003,65.35142
33004,67.67888
33005,79.91745
33006,146.57552
33007,188.10222
33008,208.81961
33009,320.07693
33010,335.96506
33011,78.86
33012,-1.6037195
33013,25.42049
33014,-3.785509
33015,-1.0253775
33016,-0.91160506
33017,-0.8948542
33018,-0.88757014
33019,-0.8890506
33020,-0.9236382
33021,-1.6156192
33022,-0.9576374
33023,-0.9576374
33024,-0.9108381
33025,-1.0252081
33026,-0.9207951
33027,-1.1002498
33028,-1.1798869
33029,-1.1009396
33030,-1.0521655
33031,-1.0937524
33032,-1.1244572
33033,-1.0655726
33034,-1.0231782
33035,-1.778542
33036,-1.0324187
33037,-1.1032026
33038,-1.7596254
33039,-1.174806
33040,27.230196
33041,26.244648
33042,64.62044
33043,8.188934
33044,-1.8468817
33045,30.451326
33046,41.831688
33047,28.734373
33048,-1.0075461
33049,79.21621
33050,-2.0988357
33051,-1.1575927
33052,-1.2407234
33053,-1.967244
33054,14.219853
33055,36.644638
33056,19.51108
33057,1.679182
33058,-1.960188
33059,-2.6666045
33060,-2.767884
33061,-2.0000598
33062,37.784733
33063,105.99051
33064,89.74728
33065,115.28913
33066,265.80734
33067,316.39722
33068,409.8378
33069,343.29645
33070,322.2459
33071,324.7835
33072,271.45612
33073,203.68756
33074,302.9718
33075,462.73184
33076,418.86942
33077,517.0135
33078,340.45322
33079,383.1137
33080,360.37338
33081,352.3149
33082,345.6711
33083,455.41473
33084,331.43738
33085,309.95996
33086,300.24918
33087,347.92108
33088,359.3015
33089,368.25067
33090,339.3751
33091,479.99377
33092,399.3234
33093,425.52057
33094,345.61
33095,313.83597
33096,316.89453
33097,402.3289
33098,467.73724
33099,447.82285
33100,383.37668
33101,329.75842
33102,277.59976
33103,274.9435
33104,262.31647
33105,297.19946
33106,274.2081
33107,278.1171
33108,322.3904
33109,282.96265
33110,223.91951
33111,190.99663
33112,226.88623
33113,149.61996
33114,151.98097
33115,159.20197
33116,84.053535
33117,63.94116
33118,55.380432
33119,61.304607
33120,39.63132
33121,25.643871
33122,4.4639
33123,39.70997
33124,46.376026
33125,127.0057
33126,117.69406
33127,70.6276
33128,20.454262
33129,12.941605
33130,19.124863
33131,-3.0379162
33132,-2.0785205
33133,-1.6746237
33134,-1.7671956
33135,-1.7347857
33136,-1.5743314
33137,-1.3247848
33138,-1.18586
33139,-1.1034914
33140,-1.0463439
33141,-0.914851
33142,-0.9546031
33143,-0.97859323
33144,-0.9801466
33145,-0.9491603
33146,-0.9055205
33147,-0.9134883
33148,-0.9461526
33149,-0.9911869
33150,-0.9772878
33151,-0.999047
33152,-0.8807633
33153,-0.88857406
33154,-1.0959436
33155,-1.1493925
33156,-1.1496654
33157,-1.1298009
33158,-1.0946771
33159,-1.1018838
33160,-1.127561
33161,-1.1121829
33162,-1.1518055
33163,-1.1390164
33164,-1.1138309
33165,-1.0560892
33166,-1.0540818
33167,-1.0868149
33168,-1.0868149
33169,-1.0528626
33170,-1.0442758
33171,-1.0243155
33172,-1.027488
33173,-1.0146085
33174,-1.0270169
33175,-1.0087867
33176,-0.9052364
33177,-1.0400707
33178,-1.050204
33179,-1.12244
33180,-1.1320084
33181,-0.97454643
33182,-1.0101736
33183,-1.0008136
33184,-1.0042282
33185,-1.0119654
33186,-1.0057029
33187,-1.063631
33188,-1.104573
33189,-0.99942905
33190,-0.94476783
33191,-2.2083197
33192,-1.0098232
33193,-1.079934
33194,-1.0734804
33195,-1.0102918
33196,-1.0791634
33197,-1.8151789
33198,-1.0868852
33199,-1.0052285
33200,-0.96181905
33201,-1.1002265
33202,-1.102268
33203,-1.2338504
33204,-1.0558527
33205,14.6833105
33206,17.487282
33207,109.37426
33208,98.897026
33209,93.1458
33210,105.03205
33211,115.83007
33212,89.494255
33213,221.21748
33214,204.34906
33215,175.38496
33216,187.31491
33217,187.60733
33218,191.06259
33219,209.68784
33220,282.96133
33221,237.4662
33222,310.52386
33223,195.15884
33224,178.9077
33225,142.0226
33226,150.03682
33227,151.30998
33228,178.79596
33229,201.61815
33230,219.06715
33231,218.38226
33232,162.09158
33233,237.3552
33234,242.5512
33235,232.98157
33236,220.34337
33237,254.00052
33238,259.62592
33239,226.20209
33240,208.59941
33241,158.04887
33242,136.51823
33243,123.574486
33244,106.72862
33245,109.64022
33246,118.65418
33247,156.83865
33248,135.1886
33249,145.89891
33250,105.931915
33251,85.886536
33252,49.673214
33253,38.607292
33254,32.234962
33255,49.933407
33256,42.928432
33257,66.45464
33258,91.23303
33259,94.952446
33260,122.785774
33261,99.26346
33262,90.539055
33263,78.035355
33264,94.40071
33265,89.069984
33266,79.33563
33267,93.067245
33268,91.10976
33269,68.82946
33270,66.97376
33271,61.153946
33272,63.47649
33273,55.260498
33274,29.409876
33275,32.518467
33276,36.580357
33277,40.282932
33278,39.75153
33279,44.598553
33280,51.3659
33281,58.403973
33282,49.584713
33283,20.033424
33284,68.267235
33285,92.83861
33286,94.457695
33287,99.00041
33288,68.21104
33289,70.833755
33290,76.51044
33291,165.90129
33292,161.96396
33293,130.45839
33294,146.4994
33295,101.15248
33296,82.394554
33297,24.10928
33298,36.67595
33299,17.29899
33300,-1.4606667
33301,-1.7353142
33302,-2.4357138
33303,-1.7025954
33304,-1.6588799
33305,-1.626861
33306,49.804386
33307,82.717865
33308,72.119705
33309,39.65675
33310,61.266888
33311,54.61416
33312,29.940495
33313,97.61738
33314,164.72295
33315,138.34181
33316,148.84216
33317,142.8471
33318,67.20518
33319,140.02136
33320,97.82432
33321,105.53142
33322,171.5344
33323,88.22215
33324,21.081072
33325,-1.657133
33326,3.834456
33327,13.008523
33328,6.5418744
33329,14.709557
33330,16.072079
33331,5.7215047
33332,-0.38125306
33333,1.2755923
33334,-0.8804846
33335,-0.88713354
33336,-1.0518175
33337,-0.96850425
33338,-1.8098997
33339,-1.16271
33340,-1.1508123
33341,-1.16271
33342,-1.157022
33343,-1.1453865
33344,-1.2149968
33345,-1.173698
33346,-1.152295
33347,-1.252722
33348,-1.1257707
33349,-1.1137931
33350,-1.1090661
33351,-1.0525306
33352,-1.0634487
33353,-0.9541834
33354,-0.89650905
33355,-0.9031011
33356,-0.94815475
33357,-0.9126257
33358,-1.0299356
33359,-0.94368434
33360,-0.9966182
33361,-1.1850386
33362,-1.1521434
33363,-0.89295137
33364,-1.1782798
33365,30.452013
33366,62.417675
33367,70.260254
33368,43.79799
33369,37.668118
33370,66.456474
33371,131.5067
33372,113.23406
33373,109.8101
33374,121.66908
33375,135.61143
33376,129.82094
33377,97.11267
33378,152.33267
33379,160.50833
33380,137.61584
33381,216.35896
33382,186.38051
33383,118.32822
33384,123.165436
33385,113.133545
33386,123.275536
33387,147.64381
33388,114.66305
33389,165.39569
33390,246.33356
33391,322.6085
33392,180.52356
33393,117.66955
33394,125.500854
33395,99.869995
33396,189.3093
33397,231.73172
33398,215.56555
33399,253.56506
33400,413.70416
33401,335.34885
33402,312.8927
33403,328.2987
33404,254.84195
33405,347.81335
33406,569.30853
33407,541.0512
33408,511.8549
33409,456.63452
33410,440.60123
33411,461.433
33412,519.11444
33413,502.64346
33414,441.7251
33415,382.58588
33416,405.74725
33417,327.6348
33418,326.76605
33419,344.99863
33420,427.73572
33421,335.36624
33422,290.747
33423,262.04813
33424,215.23363
33425,225.82172
33426,267.20322
33427,184.40712
33428,71.872345
33429,98.79616
33430,77.8506
33431,58.005054
33432,38.708534
33433,10.581201
33434,11.617207
33435,1.1304784
33436,-1.3356954
33437,-1.0800902
33438,-1.092508
33439,-1.2073377
33440,-0.84861
33441,-1.0635332
33442,27.683825
33443,37.42345
33444,158.5393
33445,135.8089
33446,208.104
33447,175.05612
33448,158.85374
33449,64.24562
33450,46.189297
33451,105.9994
33452,106.438065
33453,49.509186
33454,53.06972
33455,65.8637
33456,10.939496
33457,54.03145
33458,121.595314
33459,88.75196
33460,61.694725
33461,106.42205
33462,1.3421084
33463,156.68166
33464,220.72926
33465,163.80904
33466,86.93716
33467,220.46695
33468,62.840267
33469,74.35907
33470,72.66321
33471,144.08383
33472,8.129238
33473,25.246021
33474,63.232513
33475,41.247704
33476,118.74459
33477,111.384285
33478,185.63342
33479,148.96022
33480,137.00333
33481,147.67914
33482,141.4311
33483,64.35525
33484,72.83754
33485,86.41596
33486,103.185715
33487,68.49926
33488,101.29331
33489,70.876434
33490,16.85637
33491,52.555397
33492,46.17963
33493,25.435719
33494,-3.0444777
33495,7.214917
33496,-0.38688472
33497,-1.5035627
33498,-1.9880645
33499,-1.5695539
33500,-1.6752232
33501,-1.7673281
33502,-1.6460505
33503,-1.5859492
33504,40.836796
33505,63.318302
33506,123.46585
33507,106.95836
33508,82.11881
33509,79.62335
33510,108.36029
33511,34.08059
33512,46.896675
33513,29.194057
33514,24.323277
33515,15.594217
33516,45.2403
33517,140.09262
33518,183.28865
33519,223.85388
33520,173.80975
33521,208.2199
33522,184.39088
33523,186.25604
33524,193.72867
33525,254.5762
33526,214.68414
33527,221.53714
33528,215.21042
33529,241.00122
33530,209.20659
33531,117.45167
33532,111.19723
33533,91.77036
33534,128.90582
33535,117.81767
33536,61.427048
33537,40.26005
33538,43.16579
33539,55.960297
33540,70.44878
33541,77.0891
33542,53.165226
33543,55.915386
33544,69.9463
33545,61.64775
33546,81.654724
33547,51.03011
33548,49.084446
33549,46.840054
33550,36.8288
33551,29.678709
33552,41.21111
33553,35.884636
33554,48.931255
33555,72.677795
33556,52.730347
33557,65.84016
33558,53.28042
33559,48.359634
33560,38.609947
33561,16.943586
33562,15.618733
33563,15.256266
33564,5.662367
33565,34.349983
33566,30.763783
33567,15.485455
33568,8.643106
33569,19.866255
33570,69.20374
33571,96.08227
33572,118.7692
33573,85.78455
33574,65.95663
33575,49.899914
33576,20.92935
33577,12.864111
33578,-0.8724664
33579,-0.9298077
33580,-0.7900339
33581,-0.9511739
33582,-1.058472
33583,-1.6385161
33584,-1.6843259
33585,-0.90749526
33586,-0.9528846
33587,-0.9206281
33588,-0.9978306
33589,-1.0220335
33590,27.849611
33591,87.891914
33592,113.12435
33593,147.19174
33594,3.829427
33595,-0.80773157
33596,-0.8275624
33597,-1.865385
33598,-1.7862686
33599,-0.9402055
33600,-0.96918184
33601,-1.8065102
33602,-1.2117037
33603,-1.3410743
33604,-1.9179709
33605,7.6672187
33606,8.644116
33607,22.072538
33608,54.21917
33609,24.542078
33610,30.07618
33611,54.950027
33612,76.08337
33613,56.00832
33614,89.99483
33615,49.7329
33616,17.626404
33617,41.63116
33618,13.264108
33619,16.924559
33620,41.849438
33621,34.047943
33622,23.58802
33623,10.074228
33624,28.054285
33625,48.05533
33626,44.09165
33627,77.58262
33628,76.74551
33629,79.16471
33630,108.79352
33631,98.27922
33632,124.64768
33633,120.81623
33634,97.68193
33635,96.06914
33636,77.221176
33637,83.805
33638,82.72867
33639,83.62797
33640,80.424644
33641,58.301655
33642,75.556595
33643,74.46827
33644,65.00372
33645,58.57965
33646,61.111393
33647,70.48511
33648,85.50875
33649,99.451
33650,81.16675
33651,87.96111
33652,90.38874
33653,88.91983
33654,43.012947
33655,16.299389
33656,16.93712
33657,6.7850356
33658,13.139416
33659,26.951586
33660,41.284958
33661,56.017742
33662,36.900696
33663,17.152643
33664,33.698803
33665,18.725536
33666,12.712424
33667,15.42399
33668,-2.610909
33669,4.055553
33670,-6.538984
33671,30.762585
33672,36.489212
33673,9.826344
33674,24.101448
33675,54.975227
33676,52.110786
33677,76.48427
33678,85.47989
33679,73.17867
33680,59.255882
33681,81.38623
33682,125.16399
33683,100.587524
33684,99.82227
33685,91.149536
33686,77.39948
33687,19.339846
33688,3.4428942
33689,0.70433366
33690,14.583846
33691,51.88207
33692,61.5549
33693,56.558136
33694,70.81544
33695,58.3976
33696,49.413074
33697,28.379457
33698,17.343891
33699,19.649645
33700,14.749875
33701,0.9563976
33702,-2.762286
33703,-1.5878446
33704,-1.4021113
33705,-1.436754
33706,-1.2630441
33707,-1.7470834
33708,42.673546
33709,92.60194
33710,87.389275
33711,75.356735
33712,62.485035
33713,89.89784
33714,89.38813
33715,72.02399
33716,22.768028
33717,10.507593
33718,-1.7974468
33719,-1.5670061
33720,-2.4498913
33721,-1.7005876
33722,-2.2959888
33723,-1.7730861
33724,-2.4707386
33725,-1.7638799
33726,-1.5159353
33727,-1.5717839
33728,-1.5360067
33729,-1.9258076
33730,-2.0007937
33731,-1.9474291
33732,-1.9521561
33733,-2.6919026
33734,-1.8517103
33735,-1.8656474
33736,-1.833519
33737,5.914707
33738,11.900192
33739,23.745146
33740,-1.8119124
33741,-1.1242225
33742,-1.2809356
33743,-1.2781726
33744,-1.1502035
33745,-1.1016384
33746,-1.1916835
33747,-1.1890078
33748,-1.2004963
33749,-1.0712781
33750,20.233435
33751,42.459988
33752,14.61679
33753,-1.9935912
33754,37.52759
33755,55.86899
33756,41.85939
33757,21.839903
33758,33.86953
33759,75.21266
33760,77.36197
33761,80.3279
33762,79.4622
33763,105.818504
33764,104.743515
33765,110.21764
33766,155.79002
33767,222.89815
33768,260.0895
33769,214.25896
33770,187.0558
33771,196.84183
33772,179.24751
33773,237.6964
33774,208.06445
33775,159.40308
33776,138.56487
33777,164.93155
33778,146.41699
33779,214.86533
33780,280.56235
33781,225.39455
33782,167.24423
33783,159.21207
33784,197.15639
33785,224.09633
33786,242.39578
33787,253.4813
33788,243.39914
33789,188.09491
33790,192.33778
33791,198.43285
33792,134.50945
33793,158.18886
33794,122.413895
33795,128.39194
33796,107.224815
33797,92.26284
33798,109.387825
33799,198.55347
33800,160.36237
33801,134.18347
33802,129.85402
33803,152.18544
33804,126.02454
33805,118.2446
33806,155.98448
33807,145.3087
33808,90.82433
33809,132.72374
33810,113.22731
33811,124.02268
33812,91.289215
33813,88.81986
33814,30.67983
33815,-3.712055
33816,-6.5709167
33817,-7.0265117
33818,-2.9922612
33819,-1.6608604
33820,-1.5023836
33821,-1.2564405
33822,-1.1408541
33823,-2.2500398
33824,21.624731
33825,37.20708
33826,6.261367
33827,19.13018
33828,38.474277
33829,21.860472
33830,33.869293
33831,39.52756
33832,32.54984
33833,52.152977
33834,46.436646
33835,15.482575
33836,30.081594
33837,39.24261
33838,39.859486
33839,25.531906
33840,8.329212
33841,33.45817
33842,26.46942
33843,11.73371
33844,-2.948359
33845,-2.6783173
33846,-0.88791305
33847,-0.88891464
33848,-0.88403183
33849,-0.89279294
33850,-0.90714204
33851,-0.91336095
33852,-0.9638924
33853,-1.675242
33854,-1.0978136
33855,-1.124136
33856,-1.1470252
33857,-1.109182
33858,-1.1163526
33859,-1.1806878
33860,-1.191911
33861,-1.0097284
33862,-0.9592713
33863,-1.0968642
33864,-1.0329077
33865,-1.1141584
33866,-1.0752515
33867,-1.1545893
33868,-1.0715275
33869,-1.1511558
33870,-1.1955665
33871,-1.8953465
33872,-1.1097802
33873,-1.2922603
33874,-1.5813458
33875,-1.9268076
33876,-1.1912403
33877,7.6150403
33878,-1.268722
33879,-1.1943432
33880,-1.1836108
33881,-1.2364349
33882,-1.9708439
33883,-1.1841161
33884,-1.2152253
33885,-1.2558775
33886,-1.2517573
33887,-1.2061704
33888,-1.1890444
33889,-1.0815626
33890,-1.1962479
33891,-1.896405
33892,-1.2561914
33893,44.15089
33894,66.54659
33895,76.97346
33896,72.909004
33897,84.80364
33898,77.83278
33899,88.45524
33900,74.595116
33901,102.52863
33902,106.52854
33903,107.264755
33904,107.214
33905,144.35197
33906,108.97075
33907,114.298706
33908,114.30341
33909,82.507416
33910,92.67757
33911,106.89603
33912,112.65276
33913,132.97607
33914,126.04856
33915,135.6705
33916,143.21776
33917,181.2396
33918,259.80664
33919,279.988
33920,233.946
33921,271.64886
33922,251.97418
33923,244.54727
33924,236.66344
33925,233.03964
33926,276.7394
33927,298.80316
33928,464.18948
33929,473.8442
33930,439.28754
33931,440.63766
33932,442.56766
33933,462.04874
33934,467.08704
33935,444.88263
33936,629.34955
33937,741.6454
33938,690.48376
33939,695.1805
33940,674.73505
33941,686.9975
33942,639.26807
33943,441.9115
33944,348.70844
33945,536.12714
33946,463.10312
33947,702.30206
33948,649.8179
33949,505.04462
33950,506.34763
33951,614.4421
33952,513.91516
33953,635.3154
33954,458.5657
33955,433.0743
33956,489.28726
33957,385.17685
33958,629.2916
33959,803.94836
33960,743.1573
33961,625.4195
33962,648.01416
33963,553.23584
33964,625.0654
33965,734.4994
33966,822.5154
33967,743.69476
33968,469.63937
33969,369.0776
33970,390.59177
33971,377.98892
33972,304.50516
33973,392.6553
33974,410.1439
33975,558.95416
33976,535.77496
33977,464.26862
33978,443.16858
33979,627.0953
33980,599.9375
33981,621.9842
33982,745.39386
33983,381.91486
33984,380.1928
33985,144.34653
33986,259.43536
33987,428.71365
33988,464.6764
33989,505.23782
33990,801.543
33991,795.19507
33992,647.7991
33993,612.4154
33994,468.3783
33995,491.51633
33996,440.52368
33997,640.8545
33998,527.9428
33999,431.93777
34000,315.55392
34001,223.78197
34002,108.66687
34003,101.49357
34004,48.13986
34005,41.214535
34006,122.62978
34007,209.03479
34008,172.2033
34009,199.60518
34010,135.72238
34011,38.835995
34012,108.00855
34013,196.22308
34014,165.72151
34015,121.79409
34016,74.66993
34017,102.87807
34018,152.59198
34019,226.03418
34020,137.6198
34021,215.4802
34022,212.43315
34023,151.44278
34024,296.12686
34025,282.61526
34026,238.48955
34027,210.11229
34028,116.42939
34029,205.21169
34030,192.0714
34031,105.737335
34032,186.26909
34033,312.06836
34034,302.04703
34035,426.52826
34036,468.1875
34037,337.08856
34038,383.5287
34039,392.44888
34040,430.4584
34041,521.7519
34042,424.01486
34043,509.13846
34044,361.6113
34045,239.78305
34046,230.43265
34047,241.11938
34048,234.45448
34049,526.56305
34050,641.4977
34051,495.79373
34052,658.32855
34053,511.306
34054,513.2504
34055,256.76657
34056,422.22485
34057,598.52795
34058,637.4824
34059,439.8908
34060,360.68616
34061,326.46198
34062,231.75436
34063,350.60452
34064,378.0882
34065,365.1672
34066,472.69446
34067,421.56628
34068,461.4916
34069,401.3571
34070,347.737
34071,229.84229
34072,338.8954
34073,286.74304
34074,285.43082
34075,345.11575
34076,432.7434
34077,497.07928
34078,300.32294
34079,288.97363
34080,276.61148
34081,171.40819
34082,241.18031
34083,738.9678
34084,725.9512
34085,266.69348
34086,373.38147
34087,407.108
34088,232.06749
34089,370.3746
34090,588.4473
34091,400.229
34092,461.35526
34093,873.3614
34094,780.69904
34095,1171.604
34096,1468.9077
34097,1154.5653
34098,1219.1356
34099,728.6049
34100,627.94745
34101,1057.8494
34102,1154.4684
34103,1198.8046
34104,1230.3462
34105,1062.6444
34106,581.4442
34107,404.27023
34108,706.0748
34109,944.57214
34110,549.5524
34111,509.43515
34112,597.3937
34113,759.8991
34114,1184.2839
34115,707.2838
34116,864.0711
34117,542.5181
34118,396.5135
34119,334.2597
34120,405.29965
34121,628.308
34122,627.35876
34123,596.96844
34124,329.329
34125,397.07257
34126,291.1442
34127,288.74728
34128,314.72812
34129,128.08458
34130,252.64291
34131,179.56728
34132,251.10764
34133,137.4673
34134,132.82938
34135,66.2497
34136,125.29117
34137,62.019062
34138,94.16418
34139,237.99348
34140,392.03275
34141,248.50966
34142,129.69968
34143,133.3694
34144,151.04958
34145,152.54153
34146,101.145226
34147,27.788216
34148,84.56437
34149,69.5535
34150,93.61589
34151,101.91827
34152,53.70049
34153,42.858227
34154,66.045845
34155,48.499023
34156,27.10015
34157,-1.2390156
34158,63.14911
34159,0.5067925
34160,48.868652
34161,94.489365
34162,31.931574
34163,-1.5974678
34164,-0.77229583
34165,-0.9401408
34166,61.84256
34167,67.70957
34168,86.011116
34169,26.160978
34170,64.10049
34171,9.227004
34172,7.864328
34173,10.355067
34174,16.649923
34175,24.381422
34176,6.5404696
34177,-1.510316
34178,-1.5288194
34179,-1.6165018
34180,-1.5863885
34181,-1.1461555
34182,-1.0397193
34183,-0.9879993
34184,-1.0154662
34185,-0.97845507
34186,-0.9711375
34187,-0.97845507
34188,-1.013899
34189,-1.0092691
34190,-1.0257463
34191,-1.0855104
34192,-1.0607105
34193,-1.0641253
34194,-1.0229636
34195,-1.0408605
34196,-1.7476516
34197,-1.0766741
34198,-1.058975
34199,-1.0654788
34200,45.863228
34201,50.183178
34202,41.03552
34203,21.633831
34204,40.95365
34205,40.18478
34206,40.815018
34207,24.30112
34208,14.92591
34209,14.812249
34210,21.531008
34211,25.124855
34212,31.878208
34213,15.8000555
34214,-1.2057937
34215,-4.0311775
34216,-1.620317
34217,-1.7276545
34218,-1.7755917
34219,-1.8187404
34220,-1.7250009
34221,-1.7419168
34222,-1.8156232
34223,-1.8238174
34224,-1.923117
34225,-1.8742892
34226,-1.9339229
34227,-1.8675668
34228,-1.5462848
34229,-1.42468
34230,-1.2202988
34231,-1.144968
34232,-1.1245084
34233,-1.1172819
34234,-1.1485503
34235,-1.1373627
34236,-1.1040356
34237,-1.0968648
34238,-1.0968648
34239,-1.1088424
34240,-1.1268575
34241,-1.1100615
34242,-1.1043351
34243,-1.1043351
34244,-1.1167992
34245,-1.2362447
34246,-1.2246536
34247,-1.1116744
34248,-1.1189122
34249,-1.1189122
34250,-1.1038902
34251,-1.0629925
34252,-1.0556753
34253,-1.0551596
34254,-1.0352726
34255,-1.0717072
34256,-2.078414
34257,-0.94037426
34258,-1.0375938
34259,-0.9219533
34260,-0.9013811
34261,-0.9893779
34262,-0.8636909
34263,-1.0193137
34264,-1.0097826
34265,-0.9308066
34266,-0.9742228
34267,-0.9879974
34268,-1.0459685
34269,-0.99608624
34270,-1.1371652
34271,-1.1553024
34272,-1.1452063
34273,-1.1610374
34274,-1.1984239
34275,-1.2015932
34276,-1.0084728
34277,-1.02269
34278,-0.9935906
34279,-0.97142947
34280,20.294203
34281,10.994255
34282,17.91888
34283,6.6918397
34284,-1.0744295
34285,-1.0910535
34286,-1.1843965
34287,-1.3274121
34288,39.973927
34289,29.71066
34290,31.134539
34291,59.40903
34292,48.548985
34293,-2.3687215
34294,99.01719
34295,155.77243
34296,141.8042
34297,85.88141
34298,139.89868
34299,132.8107
34300,55.33875
34301,78.67186
34302,37.449284
34303,4.069468
34304,16.937838
34305,263.29855
34306,321.64417
34307,255.88602
34308,190.81253
34309,369.57867
34310,208.1201
34311,282.5983
34312,162.70168
34313,86.85759
34314,82.70023
34315,4.3508143
34316,-3.0348
34317,-0.74690557
34318,-0.7001975
34319,-0.84854275
34320,11.87059
34321,472.79202
34322,537.6267
34323,627.78033
34324,528.05536
34325,448.06186
34326,539.0968
34327,859.6621
34328,565.8823
34329,548.32513
34330,528.2555
34331,425.28052
34332,361.03668
34333,607.8291
34334,656.1815
34335,403.9848
34336,550.3913
34337,339.4096
34338,171.70216
34339,177.71744
34340,105.51516
34341,49.220066
34342,147.8855
34343,226.85162
34344,179.6729
34345,58.077827
34346,32.881363
34347,35.75518
34348,75.62626
34349,96.787094
34350,20.980127
34351,20.169134
34352,3.340262
34353,39.61985
34354,38.045246
34355,16.26601
34356,15.813777
34357,11.3613205
34358,3.2196527
34359,48.750122
34360,94.43845
34361,98.33075
34362,182.18243
34363,175.92615
34364,134.03285
34365,165.80516
34366,211.08768
34367,202.86728
34368,254.8185
34369,251.63635
34370,154.39688
34371,99.79911
34372,112.416855
34373,136.06685
34374,190.9428
34375,347.18442
34376,308.53195
34377,150.2715
34378,119.5787
34379,43.030884
34380,-2.9528236
34381,-3.674835
34382,-1.0328712
34383,-0.91354066
34384,-0.98826295
34385,-1.7058667
34386,-0.86965394
34387,-0.8453562
34388,-0.8411998
34389,-1.0587145
34390,-1.0157616
34391,-0.8565858
34392,-0.95240045
34393,-0.9942657
34394,-1.1620667
34395,34.342407
34396,86.821465
34397,131.40428
34398,160.61514
34399,97.49642
34400,77.03505
34401,120.682816
34402,94.11513
34403,78.24311
34404,116.90028
34405,183.96947
34406,151.99315
34407,122.638626
34408,135.26898
34409,149.37027
34410,130.80406
34411,124.53098
34412,68.47218
34413,81.9347
34414,123.67333
34415,169.14987
34416,166.50368
34417,225.86362
34418,83.445854
34419,101.30073
34420,112.945724
34421,99.303795
34422,80.53141
34423,88.490204
34424,102.10236
34425,67.61861
34426,71.04062
34427,92.96525
34428,144.07936
34429,78.267624
34430,181.42519
34431,104.10693
34432,77.48136
34433,171.49677
34434,76.67576
34435,105.28657
34436,380.86194
34437,363.1846
34438,149.72014
34439,82.870415
34440,29.824495
34441,48.97984
34442,125.981804
34443,402.0499
34444,371.57297
34445,292.0963
34446,336.4413
34447,562.12274
34448,221.12712
34449,231.69785
34450,160.08586
34451,122.66801
34452,224.12239
34453,139.89719
34454,112.040085
34455,260.07724
34456,167.46344
34457,101.82608
34458,108.473335
34459,193.04637
34460,271.8884
34461,236.27386
34462,456.0429
34463,338.81192
34464,52.843166
34465,150.36687
34466,400.34213
34467,294.85553
34468,125.83396
34469,103.800095
34470,122.54382
34471,4.0535536
34472,-0.82222545
34473,-0.8297902
34474,-1.5346792
34475,-0.9090897
34476,-0.8794687
34477,-0.89308447
34478,-0.92548656
34479,-0.9399862
34480,-0.9466081
34481,-0.8821701
34482,-0.9228856
34483,-0.9370337
34484,-0.8917951
34485,-0.96118563
34486,-0.9739287
34487,-0.9027842
34488,-0.97338617
34489,-0.9794164
34490,-2.0263107
34491,-1.1119787
34492,-1.7161003
34493,13.774435
34494,61.20763
34495,22.667511
34496,9.791737
34497,-4.526734
34498,12.566976
34499,3.3642097
34500,0.2555372
34501,-3.9728765
34502,-4.4323797
34503,-1.7140979
34504,-1.769475
34505,-1.8561502
34506,-1.3570945
34507,-2.513843
34508,-1.7428542
34509,23.734524
34510,-3.4550319
34511,-5.693068
34512,-3.3466368
34513,-1.0858606
34514,-1.068676
34515,-1.093033
34516,-0.9749222
34517,-1.0222847
34518,-1.0066276
34519,-1.0630121
34520,-1.0810274
34521,-1.0692098
34522,-2.0364168
34523,-1.0480914
34524,-1.0414937
34525,-1.0385711
34526,-1.0099167
34527,-1.0080111
34528,-1.0178901
34529,-1.0346732
34530,-1.0623236
34531,-1.0657059
34532,-1.0663015
34533,-1.0646818
34534,-1.0776029
34535,-1.0712414
34536,-1.0960197
34537,-1.2375542
34538,-1.2467636
34539,-1.12738
34540,-1.2401168
34541,-0.6209286
34542,28.758825
34543,27.677681
34544,33.75164
34545,37.968227
34546,50.33205
34547,15.686815
34548,-2.5546832
34549,-0.8403751
34550,-0.81619865
34551,-0.9052474
34552,-0.9052474
34553,-0.8491752
34554,-0.8447165
34555,-0.8447165
34556,-0.8447165
34557,-0.8447165
34558,-0.84837526
34559,-0.8653257
34560,-0.87124133
34561,-0.8785589
34562,-0.87124133
34563,-0.90706146
34564,-0.9081684
34565,-0.95937806
34566,-0.97658706
34567,-0.9234253
34568,-1.0076325
34569,-1.0100758
34570,-1.0521729
34571,-1.0040818
34572,-0.963438
34573,-1.0242381
34574,-1.0878862
34575,28.421265
34576,88.44685
34577,67.113655
34578,-2.5700116
34579,52.409435
34580,4.165164
34581,-1.7638192
34582,-1.6717881
34583,-0.9918816
34584,-0.9038871
34585,-0.86158025
34586,-1.0212823
34587,-0.9918816
34588,-0.9713496
34589,-1.774398
34590,-0.88603914
34591,-0.86705345
34592,-1.0228142
34593,-1.0467473
34594,-1.0347704
34595,-0.98491454
34596,-1.7500116
34597,-0.9603431
34598,-0.89723563
34599,-1.0422904
34600,-1.0116962
34601,-0.8852674
34602,-0.964224
34603,-0.93866366
34604,-1.5591252
34605,-0.8697435
34606,-0.9427598
34607,-0.996948
34608,-1.0534544
34609,-1.5141802
34610,-0.9109073
34611,-0.8419582
34612,-0.8256849
34613,-0.91008526
34614,-0.8282298
34615,-0.89404166
34616,-1.6987658
34617,-1.0819525
34618,48.303787
34619,102.84947
34620,96.653564
34621,96.42099
34622,98.07544
34623,64.349945
34624,75.552826
34625,55.39139
34626,7.5516386
34627,49.910217
34628,59.171127
34629,66.630066
34630,102.95997
34631,69.74942
34632,97.51492
34633,116.85797
34634,94.90144
34635,69.82567
34636,76.33262
34637,69.636215
34638,55.756542
34639,27.196941
34640,41.52237
34641,3.880656
34642,-3.5631924
34643,30.201145
34644,26.068842
34645,45.238388
34646,64.709816
34647,59.62439
34648,52.74627
34649,32.78526
34650,31.46532
34651,43.290276
34652,41.78961
34653,41.03572
34654,40.661354
34655,37.45174
34656,44.228775
34657,39.77383
34658,17.37974
34659,2.6654255
34660,-2.8450828
34661,14.654027
34662,32.40422
34663,31.289621
34664,23.218534
34665,11.985247
34666,12.650997
34667,23.94581
34668,16.2906
34669,8.497377
34670,17.772915
34671,32.319645
34672,43.721375
34673,91.22762
34674,125.73942
34675,99.44593
34676,136.71356
34677,95.50152
34678,148.21489
34679,166.49428
34680,153.2456
34681,92.1789
34682,127.64384
34683,89.54484
34684,63.201633
34685,96.932175
34686,99.22228
34687,75.16089
34688,54.551
34689,42.236282
34690,24.247797
34691,28.154015
34692,21.611742
34693,11.153524
34694,5.493379
34695,-3.0268524
34696,-1.605163
34697,-1.7549955
34698,-1.7310023
34699,-1.6286658
34700,-1.7870277
34701,-1.7151254
34702,-1.8811035
34703,227.55975
34704,299.46838
34705,348.529
34706,292.61783
34707,310.66528
34708,455.7773
34709,479.92096
34710,433.95737
34711,476.55945
34712,529.64496
34713,560.1563
34714,352.8617
34715,266.77826
34716,319.98932
34717,388.18842
34718,320.9752
34719,517.5123
34720,571.95557
34721,498.50076
34722,375.92325
34723,383.28275
34724,466.04044
34725,548.3716
34726,497.13824
34727,431.56064
34728,389.55096
34729,357.8849
34730,296.70242
34731,155.7959
34732,92.06527
34733,142.96794
34734,142.93956
34735,179.21184
34736,218.21793
34737,323.4035
34738,332.00607
34739,282.10904
34740,221.32375
34741,233.44026
34742,206.3517
34743,247.46782
34744,244.0475
34745,330.2549
34746,317.86374
34747,252.26852
34748,206.87686
34749,213.12256
34750,219.12794
34751,98.29397
34752,155.99756
34753,149.01357
34754,203.21667
34755,271.05692
34756,259.27118
34757,218.10464
34758,279.51172
34759,163.34387
34760,137.46675
34761,178.54807
34762,260.32983
34763,257.35446
34764,254.03821
34765,399.36612
34766,418.94962
34767,401.87198
34768,301.219
34769,295.23157
34770,383.8554
34771,494.8487
34772,406.61514
34773,566.71484
34774,352.2452
34775,364.5547
34776,381.60623
34777,521.7952
34778,401.37094
34779,540.47754
34780,661.9027
34781,566.60406
34782,438.80783
34783,489.44907
34784,466.65408
34785,773.3982
34786,741.1141
34787,520.98096
34788,368.74713
34789,161.54086
34790,237.88707
34791,232.40953
34792,298.15085
34793,357.8436
34794,202.15439
34795,603.98706
34796,328.69022
34797,550.6876
34798,539.20154
34799,315.34818
34800,207.21408
34801,283.487
34802,226.36267
34803,109.51661
34804,150.66539
34805,203.01103
34806,251.3821
34807,163.63669
34808,147.78235
34809,131.36348
34810,140.9032
34811,203.8392
34812,267.02072
34813,199.51106
34814,179.35197
34815,136.50694
34816,201.26216
34817,208.8566
34818,245.0203
34819,243.93524
34820,244.94221
34821,205.4729
34822,102.2719
34823,175.63417
34824,278.0627
34825,289.09122
34826,326.66797
34827,350.0065
34828,247.74683
34829,107.80716
34830,234.78484
34831,307.75427
34832,302.3753
34833,338.11407
34834,443.06543
34835,394.70123
34836,298.68863
34837,310.6096
34838,404.84802
34839,481.24078
34840,397.91345
34841,359.94485
34842,345.16092
34843,349.30966
34844,345.62308
34845,328.15637
34846,253.2314
34847,371.77847
34848,401.7415
34849,417.21027
34850,424.9731
34851,511.34406
34852,693.6885
34853,923.12775
34854,468.03998
34855,661.6131
34856,761.7567
34857,649.60376
34858,524.766
34859,797.74945
34860,994.9537
34861,925.2085
34862,540.05023
34863,498.18628
34864,462.9534
34865,434.64233
34866,481.10934
34867,349.75577
34868,396.43744
34869,425.04715
34870,354.87646
34871,331.68246
34872,334.3739
34873,382.99414
34874,410.55664
34875,322.32117
34876,369.9016
34877,464.82333
34878,553.91327
34879,536.51825
34880,679.1449
34881,565.4023
34882,531.38257
34883,420.95773
34884,329.15225
34885,684.3106
34886,1105.1464
34887,749.61847
34888,743.9996
34889,485.32028
34890,456.89185
34891,488.5891
34892,439.4303
34893,386.12137
34894,585.98004
34895,610.77014
34896,462.3723
34897,495.24243
34898,526.75555
34899,425.53384
34900,625.7537
34901,764.7249
34902,454.98334
34903,913.05206
34904,543.3506
34905,550.0717
34906,562.71515
34907,450.11627
34908,1007.1102
34909,522.8701
34910,427.66577
34911,508.44595
34912,726.7962
34913,766.8407
34914,879.3672
34915,876.96454
34916,543.0469
34917,431.7079
34918,747.9866
34919,668.6059
34920,476.7838
34921,762.5977
34922,678.24756
34923,309.81345
34924,370.6831
34925,213.45602
34926,484.23215
34927,769.02277
34928,595.7144
34929,739.54816
34930,695.7107
34931,878.71564
34932,553.4119
34933,538.5616
34934,384.40433
34935,514.8167
34936,412.72598
34937,792.41327
34938,578.2344
34939,469.19217
34940,688.19525
34941,385.41138
34942,229.7037
34943,512.37024
34944,863.1759
34945,435.1773
34946,486.17578
34947,460.86438
34948,377.11295
34949,427.46655
34950,288.58377
34951,180.3718
34952,266.79016
34953,224.96486
34954,200.1634
34955,217.45161
34956,206.06111
34957,254.74512
34958,193.63571
34959,188.09277
34960,179.65508
34961,146.02753
34962,150.90297
34963,154.2544
34964,187.32906
34965,182.87083
34966,153.72906
34967,123.22443
34968,190.98544
34969,244.37474
34970,284.8568
34971,278.0313
34972,277.52487
34973,255.23315
34974,300.97632
34975,240.98738
34976,184.15828
34977,139.8448
34978,79.39003
34979,43.689198
34980,44.482586
34981,48.216385
34982,81.907875
34983,98.663666
34984,50.72005
34985,61.739277
34986,107.8987
34987,160.88292
34988,146.41214
34989,96.51829
34990,131.53215
34991,176.94772
34992,285.57684
34993,322.63837
34994,163.12595
34995,163.32307
34996,143.86745
34997,141.76839
34998,148.98573
34999,164.80447
35000,130.60623
35001,105.11035
35002,113.84863
35003,114.24
35004,102.09467
35005,125.41455
35006,154.74019
35007,189.38643
35008,189.24039
35009,172.91135
35010,153.23413
35011,133.81375
35012,89.16551
35013,106.4968
35014,91.15513
35015,85.93685
35016,93.13819
35017,96.01625
35018,98.37438
35019,83.88279
35020,114.027405
35021,155.48587
35022,174.02759
35023,216.09544
35024,232.27026
35025,197.32616
35026,209.33539
35027,305.2706
35028,272.08835
35029,189.42029
35030,218.09552
35031,162.96358
35032,87.28794
35033,39.29124
35034,53.879803
35035,36.4815
35036,23.801495
35037,57.431454
35038,34.706116
35039,21.102097
35040,38.901104
35041,62.927025
35042,6.650548
35043,-0.8643517
35044,-0.93557984
35045,-1.0964571
35046,21.045515
35047,114.478935
35048,25.221
35049,0.061641514
35050,-0.18175384
35051,0.214676
35052,-0.8317279
35053,-1.168812
35054,-0.25759384
35055,-0.9913183
35056,-0.83538586
35057,-1.0696938
35058,-1.0132666
35059,-0.8629485
35060,-0.9932379
35061,-0.3298802
35062,24.571045
35063,54.211334
35064,0.82114583
35065,-1.0618118
35066,-0.885422
35067,-0.8373657
35068,-1.1754762
35069,-0.37547112
35070,-0.20310797
35071,-0.08570081
35072,-1.1251903
35073,-0.76348776
35074,-0.973712
35075,-1.1933116
35076,-1.0264088
35077,-1.0418267
35078,-2.0968647
35079,-1.164263
35080,-0.13931464
35081,-1.7070953
35082,-2.1547558
35083,-0.41009507
35084,-0.4350975
35085,-1.2026963
35086,-1.263569
35087,-2.5748572
35088,0.027132826
35089,-0.37814045
35090,-1.1778698
35091,-1.1104002
35092,-0.9369471
35093,-1.6110858
35094,-1.9027473
35095,-1.8644495
35096,-0.9692086
35097,-1.4282477
35098,-0.9451539
35099,-0.94627494
35100,-1.4207832
35101,-1.5123665
35102,-1.3353958
35103,-0.92806923
35104,-1.4453706
35105,-1.6188138
35106,-1.4396263
35107,-1.4458462
35108,-1.0320575
35109,-1.9033585
35110,-1.8205281
35111,-1.0619556
35112,-3.157505
35113,-1.9504281
35114,0.16081785
35115,1.0993494
35116,-0.7339809
35117,-0.7374712
35118,-1.3272403
35119,-1.6118608
35120,1.7150975
35121,-2.4218457
35122,-2.1426885
35123,-2.5165496
35124,0.9082904
35125,2.2187319
35126,6.0756483
35127,1.5865976
35128,2.4149113
35129,1.142127
35130,4.194215
35131,0.5945046
35132,-0.57544166
35133,1.3186781
35134,0.56172854
35135,0.74566126
35136,1.9521592
35137,6.7564783
35138,3.5047212
35139,1.9324207
35140,6.888688
35141,306.02945
35142,8.191175
35143,1.4500135
35144,713.9387
35145,1237.6187
35146,1105.9006
35147,1491.5795
35148,1474.4521
35149,1297.1884
35150,1034.0934
35151,1208.992
35152,1300.0388
35153,1070.2633
35154,1040.8143
35155,1213.763
35156,885.3188
35157,1258.4523
35158,1173.4269
35159,1071.2499
35160,1327.0377
35161,1543.1952
35162,1345.5392
35163,1481.3872
35164,1217.1497
35165,1104.6073
35166,1187.2751
35167,1017.5338
35168,1101.6427
35169,770.1051
35170,629.9787
35171,821.26196
35172,746.3936
35173,834.29706
35174,958.2037
35175,1226.6586
35176,845.8222
35177,443.36224
35178,454.5318
35179,637.8329
35180,924.2083
35181,1122.1969
35182,771.9612
35183,745.71136
35184,943.64404
35185,1027.2263
35186,924.18884
35187,960.7509
35188,1047.1228
35189,841.6422
35190,707.1466
35191,809.2225
35192,729.80493
35193,898.1299
35194,930.3705
35195,833.75507
35196,1122.914
35197,1465.2921
35198,1117.2307
35199,970.6618
35200,915.18854
35201,1101.1542
35202,1215.9235
35203,1297.4694
35204,1230.7472
35205,929.6636
35206,955.7861
35207,846.4595
35208,955.95264
35209,1050.0917
35210,1065.9913
35211,976.03296
35212,1016.97327
35213,1123.2144
35214,1199.2126
35215,1238.6318
35216,1194.4983
35217,1226.801
35218,999.89703
35219,896.6058
35220,1155.7494
35221,1210.6978
35222,1246.2053
35223,1121.1123
35224,1282.2631
35225,1097.2192
35226,1021.2814
35227,1022.3658
35228,1101.5243
35229,708.5225
35230,654.4402
35231,895.1824
35232,967.0475
35233,1185.0813
35234,899.4705
35235,1195.8269
35236,1197.7555
35237,1127.5645
35238,1216.7899
35239,1676.9148
35240,1693.6283
35241,1669.8635
35242,1475.92
35243,1701.809
35244,1598.6484
35245,1177.6694
35246,766.50226
35247,787.81555
35248,754.32166
35249,861.1045
35250,848.7687
35251,731.30096
35252,775.14526
35253,1000.62537
35254,1058.7655
35255,964.39154
35256,788.3041
35257,956.4341
35258,1225.5422
35259,1433.0568
35260,869.974
35261,769.0067
35262,1189.3741
35263,1536.552
35264,1265.8937
35265,821.7279
35266,896.167
35267,703.27826
35268,700.8817
35269,549.04944
35270,736.8172
35271,1142.6935
35272,1042.4326
35273,980.8465
35274,845.9125
35275,681.0056
35276,596.2774
35277,605.09607
35278,678.51715
35279,616.553
35280,693.86914
35281,665.8452
35282,610.19946
35283,623.73157
35284,836.7645
35285,697.6672
35286,861.3412
35287,947.2748
35288,1184.7957
35289,593.06946
35290,584.53436
35291,557.79474
35292,1064.2532
35293,849.69904
35294,326.33142
35295,323.38446
35296,361.65094
35297,402.58704
35298,286.2133
35299,332.18393
35300,456.289
35301,372.30542
35302,373.34003
35303,316.99832
35304,474.22147
35305,461.35382
35306,534.94507
35307,429.1983
35308,240.18593
35309,281.46832
35310,281.70728
35311,155.50594
35312,289.94904
35313,221.4991
35314,182.81284
35315,287.19296
35316,374.52884
35317,666.6963
35318,432.29922
35319,638.67645
35320,571.87396
35321,394.49707
35322,210.61249
35323,136.34862
35324,106.89438
35325,195.24272
35326,248.02592
35327,202.56673
35328,188.87053
35329,219.67194
35330,282.146
35331,475.68555
35332,299.8959
35333,256.0759
35334,294.9711
35335,353.71045
35336,392.2501
35337,422.05765
35338,354.14642
35339,117.145195
35340,76.00187
35341,105.86336
35342,185.2286
35343,230.17516
35344,209.71042
35345,151.33116
35346,89.73345
35347,37.92255
35348,4.227006
35349,50.73042
35350,79.13955
35351,116.75332
35352,141.29057
35353,174.19957
35354,174.29207
35355,168.80186
35356,108.836655
35357,88.64576
35358,149.75569
35359,195.078
35360,220.77618
35361,292.6162
35362,266.42285
35363,368.3118
35364,325.53458
35365,300.0078
35366,359.3166
35367,354.23557
35368,302.06863
35369,258.3092
35370,222.82655
35371,268.8345
35372,235.24643
35373,140.73659
35374,159.58698
35375,162.57051
35376,189.47397
35377,164.81873
35378,154.83022
35379,188.31172
35380,308.89972
35381,320.47263
35382,509.81265
35383,523.895
35384,697.5451
35385,663.8572
35386,524.3616
35387,481.39072
35388,345.3734
35389,360.38174
35390,371.04007
35391,223.27815
35392,138.66559
35393,103.72432
35394,92.6666
35395,237.62619
35396,132.04189
35397,51.50639
35398,30.864525
35399,-0.4925512
35400,-1.443653
35401,-1.8622217
35402,-1.0413413
35403,6.7307224
35404,-3.2693937
35405,-0.5152508
35406,-3.132006
35407,-2.1165657
35408,-1.9134084
35409,-2.0666401
35410,-1.2390382
35411,-1.2718292
35412,-1.3708827
35413,-1.9961197
35414,-0.9990842
35415,-1.0583932
35416,-1.0985818
35417,-1.1121233
35418,-1.8402561
35419,-1.2464334
35420,-1.833276
35421,29.148956
35422,52.033573
35423,93.39501
35424,148.11557
35425,160.3064
35426,164.18117
35427,123.77247
35428,198.82251
35429,1030.6703
35430,1143.113
35431,1161.6085
35432,958.1338
35433,818.5582
35434,653.6237
35435,861.17773
35436,759.75543
35437,1203.9728
35438,1045.8004
35439,950.0732
35440,936.88513
35441,803.02704
35442,806.9882
35443,789.7759
35444,725.00134
35445,548.19586
35446,688.9977
35447,902.9882
35448,647.1577
35449,598.3138
35450,700.79193
35451,450.51883
35452,513.48566
35453,359.70303
35454,418.8431
35455,428.539
35456,374.5848
35457,561.98785
35458,564.7058
35459,649.42444
35460,747.54254
35461,1077.2198
35462,1169.4178
35463,1254.7823
35464,1527.3704
35465,1262.6243
35466,1149.6046
35467,935.0549
35468,498.13278
35469,607.57104
35470,616.9744
35471,613.95215
35472,669.95953
35473,551.00653
35474,959.5876
35475,850.9471
35476,584.2722
35477,714.5725
35478,645.2192
35479,748.56726
35480,854.007
35481,1054.334
35482,1544.7604
35483,843.4181
35484,577.267
35485,814.3285
35486,449.20728
35487,483.72974
35488,809.86615
35489,732.1227
35490,1108.9796
35491,812.64417
35492,569.6246
35493,1269.7894
35494,1429.6981
35495,940.8614
35496,586.0541
35497,1366.6486
35498,864.9437
35499,1340.1584
35500,1316.6029
35501,1267.2546
35502,1841.908
35503,1705.0363
35504,1664.227
35505,1433.9099
35506,1359.3048
35507,1510.8689
35508,1284.863
35509,1278.6073
35510,1452.911
35511,1842.3978
35512,1548.4442
35513,1299.193
35514,1362.3907
35515,1197.594
35516,1549.9642
35517,1214.0308
35518,1562.6649
35519,1180.6418
35520,1095.8662
35521,1819.5303
35522,1360.5177
35523,933.73553
35524,694.46106
35525,521.0588
35526,377.41824
35527,272.07022
35528,214.1435
35529,250.0544
35530,420.8078
35531,863.5529
35532,762.7566
35533,554.7639
35534,521.9049
35535,546.79694
35536,606.0985
35537,660.21515
35538,765.6088
35539,662.3657
35540,594.1158
35541,450.26862
35542,458.33334
35543,502.62183
35544,566.9856
35545,562.1646
35546,523.02295
35547,561.9759
35548,592.84296
35549,639.393
35550,694.08777
35551,739.71014
35552,713.94824
35553,677.85706
35554,734.40295
35555,808.2354
35556,936.4082
35557,861.2285
35558,922.75696
35559,943.75415
35560,922.00244
35561,940.9811
35562,841.29346
35563,927.47046
35564,622.63904
35565,590.83813
35566,516.25085
35567,666.8704
35568,561.6872
35569,600.35236
35570,519.52875
35571,558.4023
35572,586.38226
35573,524.5174
35574,465.3588
35575,378.22888
35576,416.4647
35577,475.06964
35578,410.5199
35579,378.34726
35580,361.73596
35581,381.89938
35582,528.2801
35583,411.11337
35584,505.20428
35585,535.13965
35586,538.58417
35587,555.92175
35588,555.5671
35589,466.30957
35590,510.98547
35591,478.3448
35592,430.08005
35593,354.66934
35594,377.0479
35595,327.50745
35596,418.83218
35597,391.29608
35598,524.5973
35599,577.32263
35600,435.81247
35601,351.50488
35602,399.80258
35603,464.79706
35604,303.66644
35605,409.12985
35606,458.14413
35607,351.98758
35608,404.42624
35609,462.65198
35610,484.84177
35611,304.82056
35612,417.46213
35613,505.0826
35614,611.9969
35615,482.09915
35616,518.2512
35617,799.6162
35618,782.9835
35619,660.365
35620,671.9518
35621,448.60104
35622,308.54086
35623,340.01016
35624,357.66623
35625,696.9375
35626,810.6219
35627,488.1764
35628,635.11664
35629,986.91327
35630,1243.006
35631,1105.0679
35632,1190.4489
35633,1305.4552
35634,1055.4055
35635,1185.6278
35636,1219.2358
35637,1096.1436
35638,529.0251
35639,893.2938
35640,903.0637
35641,664.85986
35642,815.4989
35643,1045.0443
35644,894.12585
35645,610.40027
35646,893.08875
35647,1038.4116
35648,858.4138
35649,932.1084
35650,1095.707
35651,557.3784
35652,757.8128
35653,432.57358
35654,559.2905
35655,928.1429
35656,677.7639
35657,661.76495
35658,609.3477
35659,1015.65564
35660,283.70117
35661,267.13
35662,242.26164
35663,114.789215
35664,161.56462
35665,265.31845
35666,407.69333
35667,828.81366
35668,810.4802
35669,687.78284
35670,629.48065
35671,414.91125
35672,409.8581
35673,377.00546
35674,335.3252
35675,338.1251
35676,356.00226
35677,415.55118
35678,584.5487
35679,392.85617
35680,553.55255
35681,666.383
35682,625.3852
35683,507.55658
35684,456.63815
35685,490.342
35686,466.25558
35687,442.83194
35688,450.47876
35689,511.52524
35690,543.11676
35691,596.6218
35692,668.0042
35693,670.6663
35694,678.8859
35695,742.59064
35696,742.8753
35697,736.5678
35698,719.1037
35699,709.65265
35700,867.594
35701,746.69586
35702,955.79736
35703,1139.3629
35704,895.56366
35705,1011.10614
35706,984.00793
35707,990.2684
35708,967.1408
35709,774.3547
35710,896.63544
35711,1025.6058
35712,1167.98
35713,1265.4847
35714,1282.7091
35715,1447.6313
35716,1459.7689
35717,1540.0723
35718,1711.6621
35719,1777.1249
35720,1751.8619
35721,1576.0599
35722,1345.1598
35723,1552.9998
35724,1677.8403
35725,1593.4655
35726,1559.7958
35727,1752.5436
35728,1748.5088
35729,1732.2397
35730,1856.1044
35731,1739.323
35732,1767.4504
35733,1757.7374
35734,1884.7097
35735,1914.5513
35736,1862.1698
35737,1914.0629
35738,1864.09
35739,1878.5319
35740,1817.0272
35741,1838.5345
35742,1811.0518
35743,1858.1825
35744,1849.2615
35745,1851.8475
35746,1848.2546
35747,1837.7562
35748,1858.0441
35749,1853.3833
35750,1884.2205
35751,1848.528
35752,1889.0891
35753,1908.1006
35754,1906.2144
35755,1880.5372
35756,1903.1318
35757,1903.3981
35758,1859.3643
35759,1850.0131
35760,1844.3936
35761,1846.6943
35762,1840.8767
35763,1838.5015
35764,1841.7219
35765,1837.4323
35766,1894.258
35767,1899.6353
35768,1902.4623
35769,1913.989
35770,1916.3153
35771,1911.2585
35772,1857.8938
35773,1844.321
35774,1781.3796
35775,1731.3492
35776,1786.0912
35777,1820.7661
35778,1762.4324
35779,1803.1959
35780,1817.3708
35781,1722.025
35782,1755.6621
35783,1652.9963
35784,1674.9967
35785,1661.565
35786,1725.9923
35787,1795.293
35788,1785.4702
35789,1819.2667
35790,1819.9244
35791,1776.9604
35792,1815.4829
35793,1821.2926
35794,1819.0836
35795,1808.4207
35796,1660.527
35797,1550.1503
35798,1706.0168
35799,1808.0228
35800,1813.4785
35801,1801.1665
35802,1814.6853
35803,1712.5374
35804,1593.0402
35805,1731.9193
35806,1704.4713
35807,1809.7832
35808,1821.6869
35809,1767.0034
35810,1876.979
35811,1883.3136
35812,1895.2466
35813,1855.5238
35814,1831.4137
35815,1731.7162
35816,1794.0857
35817,1662.1288
35818,1691.4103
35819,1809.6403
35820,1845.1024
35821,1901.222
35822,1840.4429
35823,1839.7131
35824,1885.6356
35825,1887.9396
35826,1808.9819
35827,1768.7412
35828,1734.778
35829,1644.1855
35830,1789.6503
35831,1835.5775
35832,1883.7546
35833,1832.8481
35834,1834.715
35835,1826.5962
35836,1799.4314
35837,1603.5548
35838,1651.4109
35839,1871.0226
35840,1878.9285
35841,1896.5109
35842,1893.686
35843,1905.8596
35844,1892.1915
35845,1892.7573
35846,1894.4585
35847,1876.3075
35848,1898.4064
35849,1892.3717
35850,1865.3226
35851,1817.1007
35852,1828.8221
35853,1814.8118
35854,1878.232
35855,1903.2594
35856,1888.0146
35857,1868.4465
35858,1155.3457
35859,463.94754
35860,438.47327
35861,423.18738
35862,508.71762
35863,220.64842
35864,174.91058
35865,154.69774
35866,150.74367
35867,132.30179
35868,118.00091
35869,219.38268
35870,505.1289
35871,336.13696
35872,316.69672
35873,178.09839
35874,223.78662
35875,248.85695
35876,281.16223
35877,753.2002
35878,455.02335
35879,586.115
35880,1473.8668
35881,1205.1661
35882,1107.3074
35883,963.4423
35884,974.64954
35885,829.8322
35886,928.495
35887,834.9615
35888,674.33844
35889,872.9844
35890,921.887
35891,1048.4126
35892,1496.9288
35893,1264.8413
35894,1432.8419
35895,1427.1208
35896,1483.6731
35897,1258.3197
35898,1128.926
35899,1409.1035
35900,1137.1442
35901,1579.3248
35902,1728.7957
35903,1660.6395
35904,1757.4644
35905,1785.4454
35906,1655.5973
35907,1455.5372
35908,1101.244
35909,1657.2748
35910,1750.0055
35911,1657.6597
35912,1072.9434
35913,1119.5438
35914,1073.0587
35915,972.8004
35916,1242.9872
35917,1180.4208
35918,1379.3816
35919,1562.7582
35920,1300.6594
35921,1000.39594
35922,1430.0526
35923,1767.8562
35924,1555.4053
35925,949.0531
35926,1085.6388
35927,1749.7664
35928,1745.8884
35929,1544.6067
35930,1660.7637
35931,1615.446
35932,1601.8328
35933,1695.8035
35934,1476.0623
35935,1195.0432
35936,1436.3536
35937,1007.5519
35938,1755.1427
35939,1579.6475
35940,1707.3925
35941,1211.3241
35942,1293.101
35943,1806.5116
35944,1611.8182
35945,1309.443
35946,1792.5151
35947,1345.4895
35948,1513.623
35949,1299.1842
35950,1405.5228
35951,1348.8975
35952,1253.839
35953,1379.6141
35954,1203.65
35955,1238.9418
35956,1473.4467
35957,850.841
35958,899.969
35959,594.817
35960,798.4641
35961,1132.2494
35962,964.8758
35963,930.9714
35964,770.1737
35965,776.24524
35966,711.736
35967,718.90765
35968,798.0459
35969,634.5936
35970,636.0387
35971,460.55997
35972,350.41205
35973,299.71805
35974,730.8306
35975,871.7616
35976,816.0142
35977,752.1817
35978,976.91724
35979,992.8136
35980,888.83154
35981,946.0787
35982,946.5951
35983,991.7681
35984,1011.32495
35985,941.7874
35986,864.22284
35987,570.64197
35988,422.57635
35989,446.0133
35990,497.81644
35991,602.8648
35992,529.5017
35993,462.21497
35994,474.20917
35995,613.66516
35996,730.0161
35997,446.344
35998,391.26837
35999,366.28326
36000,339.55838
36001,290.45428
36002,358.6903
36003,393.93442
36004,472.09293
36005,580.1434
36006,569.6862
36007,457.97525
36008,520.2177
36009,568.72876
36010,513.91315
36011,452.57965
36012,392.19437
36013,313.77527
36014,232.00192
36015,323.41223
36016,467.16382
36017,452.75977
36018,515.3815
36019,339.01617
36020,323.98196
36021,295.07846
36022,364.38135
36023,346.75888
36024,293.59564
36025,252.71686
36026,264.88824
36027,256.5962
36028,206.13338
36029,333.46585
36030,501.7644
36031,436.00482
36032,417.19333
36033,364.83206
36034,273.17145
36035,218.17712
36036,232.5224
36037,201.33911
36038,215.69609
36039,232.07507
36040,231.99242
36041,123.37022
36042,66.977066
36043,93.69459
36044,220.08131
36045,190.20328
36046,127.28929
36047,120.61257
36048,141.80885
36049,126.04039
36050,202.84102
36051,149.51135
36052,263.3164
36053,158.09494
36054,244.02222
36055,215.98886
36056,373.2047
36057,300.09973
36058,113.487206
36059,90.75252
36060,126.10247
36061,330.06152
36062,269.51376
36063,344.01865
36064,212.4027
36065,309.3058
36066,330.20117
36067,54.233173
36068,172.77275
36069,175.72565
36070,146.44263
36071,238.8532
36072,116.80391
36073,44.913082
36074,4.1089
36075,38.06036
36076,166.42564
36077,49.09068
36078,61.07449
36079,80.01343
36080,90.516685
36081,162.95113
36082,131.19063
36083,106.78695
36084,156.75317
36085,208.7853
36086,159.70496
36087,323.31735
36088,156.18192
36089,416.8058
36090,302.2616
36091,220.52235
36092,287.28574
36093,248.74944
36094,295.34335
36095,162.70659
36096,425.7263
36097,227.38512
36098,89.48987
36099,40.85867
36100,30.752068
36101,-0.3329408
36102,-2.129615
36103,13.0871315
36104,46.923046
36105,88.86633
36106,53.95199
36107,44.75049
36108,27.351503
36109,22.907812
36110,9.76931
36111,3.0881672
36112,-3.5286844
36113,-0.89676696
36114,-0.9029894
36115,-0.8845591
36116,-0.927536
36117,-0.8572285
36118,-0.98959
36119,-0.9569304
36120,-1.0106014
36121,-1.0354451
36122,-1.0638913
36123,-0.96973383
36124,-1.1250541
36125,-1.1462753
36126,-1.1675684
36127,-1.1548558
36128,-1.1548558
36129,-1.1965045
36130,-2.032729
36131,-1.1337944
36132,-1.6401664
36133,-1.0016085
36134,-0.9545117
36135,40.26096
36136,58.52261
36137,72.89445
36138,38.27991
36139,34.64277
36140,58.240353
36141,81.12682
36142,111.39851
36143,98.73477
36144,104.817474
36145,210.1023
36146,228.55542
36147,165.69322
36148,107.933586
36149,116.280685
36150,94.273285
36151,96.80398
36152,88.681885
36153,91.020615
36154,104.50244
36155,109.03213
36156,140.7268
36157,206.60277
36158,142.8571
36159,155.601
36160,76.480194
36161,27.585424
36162,-4.0602207
36163,-4.097123
36164,3.2448075
36165,-3.0898254
36166,-0.94147056
36167,-0.8383823
36168,-0.8936776
36169,-0.9081658
36170,-1.708134
36171,-0.98166955
36172,-0.9341914
36173,-0.86105686
36174,-0.9029831
36175,-0.98166955
36176,-0.8737329
36177,-1.0536246
36178,-1.0581383
36179,-0.9600144
36180,-1.3039683
36181,67.612816
36182,31.337616
36183,137.45757
36184,41.441414
36185,10.063855
36186,-1.3369248
36187,110.9143
36188,449.07962
36189,597.53455
36190,342.86627
36191,139.05699
36192,43.42518
36193,-2.7660682
36194,-1.4838893
36195,-1.7041253
36196,-1.6405048
36197,-1.6103384
36198,-1.6625103
36199,-1.7892829
36200,-1.6752452
36201,-2.4713721
36202,-1.7890872
36203,-1.4030939
36204,179.16397
36205,183.88309
36206,155.07686
36207,78.49721
36208,1.8580524
36209,-0.7771333
36210,-0.8857985
36211,-0.8129173
36212,-0.75995404
36213,-0.7363855
36214,-0.41914836
36215,-0.4289824
36216,-0.8894179
36217,-0.85403544
36218,-0.9367725
36219,-0.8371856
36220,-0.8332293
36221,-0.8085684
36222,-1.8164212
36223,154.77316
36224,113.684944
36225,23.969667
36226,28.773914
36227,-2.821872
36228,-0.8849525
36229,-1.8353109
36230,-1.0323483
36231,-0.9664799
36232,-0.94354594
36233,-0.95327944
36234,-0.9293803
36235,-0.9490969
36236,-0.95788056
36237,-1.0666572
36238,-1.6821725
36239,-0.7898514
36240,-0.8837388
36241,-0.75186944
36242,-0.9221948
36243,-0.99928427
36244,-0.8993126
36245,-1.0411398
36246,-1.1231265
36247,11.738304
36248,39.598076
36249,55.523285
36250,76.9023
36251,102.871765
36252,150.04193
36253,133.04694
36254,124.39463
36255,140.91943
36256,137.64857
36257,124.22073
36258,98.62964
36259,80.18638
36260,90.382385
36261,105.182236
36262,101.259514
36263,104.18064
36264,206.13356
36265,368.9707
36266,246.05443
36267,251.60323
36268,186.54192
36269,157.05206
36270,167.36255
36271,176.24927
36272,159.0943
36273,143.84373
36274,151.504
36275,209.26726
36276,216.80696
36277,337.96255
36278,292.36066
36279,302.14917
36280,187.15346
36281,188.3377
36282,191.35211
36283,167.78749
36284,189.78899
36285,153.33635
36286,85.827995
36287,68.26282
36288,49.974785
36289,77.372215
36290,63.07392
36291,69.75155
36292,55.315624
36293,70.84245
36294,73.733734
36295,66.22547
36296,77.42769
36297,56.463657
36298,15.925763
36299,3.447102
36300,0.031818926
36301,3.61614
36302,0.2611995
36303,14.58533
36304,38.754196
36305,36.7324
36306,22.229956
36307,21.160065
36308,34.605804
36309,47.509624
36310,39.500404
36311,-4.3173018
36312,-0.96655345
36313,-0.9625163
36314,-0.91526806
36315,-0.8985277
36316,-0.9047727
36317,-0.9047727
36318,-0.89763564
36319,-0.9047727
36320,-0.89723647
36321,-0.021653537
36322,61.52372
36323,36.02816
36324,92.84543
36325,43.083412
36326,1.1521401
36327,-0.91849595
36328,-0.7833686
36329,9.117728
36330,36.822525
36331,51.133656
36332,31.808537
36333,4.659409
36334,-1.245268
36335,-0.8433838
36336,-0.81246275
36337,-0.5285234
36338,87.3452
36339,43.78043
36340,41.347614
36341,18.80357
36342,42.69387
36343,173.53194
36344,210.41748
36345,223.39056
36346,269.0491
36347,134.35416
36348,292.48285
36349,316.7488
36350,392.0273
36351,264.45758
36352,147.93193
36353,59.31042
36354,37.680325
36355,167.3969
36356,145.24855
36357,133.93457
36358,127.80091
36359,95.08011
36360,45.27233
36361,2.3908043
36362,-1.6928599
36363,-1.5583904
36364,-1.5292144
36365,-1.7085582
36366,-1.4690477
36367,-1.1659094
36368,-1.3349481
36369,-1.2165556
36370,-1.0353773
36371,-0.919574
36372,-1.0030376
36373,-1.13723
36374,-1.0104352
36375,-1.0024815
36376,-0.9893813
36377,-0.99695075
36378,-0.96716064
36379,-1.0042899
36380,-1.0256284
36381,-1.0939891
36382,-1.0383556
36383,12.126569
36384,88.06776
36385,101.84446
36386,110.740944
36387,140.872
36388,173.5076
36389,212.20848
36390,189.7135
36391,133.5552
36392,116.762314
36393,116.108986
36394,108.8464
36395,126.27005
36396,114.23148
36397,136.26236
36398,176.24641
36399,152.1425
36400,86.20913
36401,94.81591
36402,147.11427
36403,166.29684
36404,150.49585
36405,144.86018
36406,46.300056
36407,49.493877
36408,71.198296
36409,52.891582
36410,86.1828
36411,108.94846
36412,106.49549
36413,50.519295
36414,58.196636
36415,60.481133
36416,92.22154
36417,80.16882
36418,61.72138
36419,47.02039
36420,44.441933
36421,73.65138
36422,58.591022
36423,35.053528
36424,4.7402554
36425,-1.1511601
36426,-1.1686245
36427,-1.2862493
36428,-1.0035588
36429,-1.0131015
36430,-1.0222075
36431,-0.87458676
36432,3.608148
36433,86.95138
36434,88.675285
36435,45.412544
36436,36.822678
36437,34.596367
36438,57.048965
36439,41.885033
36440,44.717197
36441,51.20701
36442,41.411724
36443,42.60426
36444,44.3537
36445,62.72811
36446,116.93571
36447,132.5788
36448,98.44723
36449,116.60046
36450,129.41162
36451,178.62187
36452,148.60065
36453,121.559204
36454,49.477142
36455,33.89693
36456,27.519976
36457,7.792426
36458,29.606028
36459,55.542885
36460,80.10416
36461,17.218988
36462,26.545437
36463,54.00203
36464,78.960266
36465,92.79455
36466,87.550415
36467,70.83531
36468,94.00253
36469,84.72148
36470,83.62035
36471,79.784744
36472,44.36832
36473,46.29137
36474,21.698244
36475,-1.6989102
36476,0.12270761
36477,98.97014
36478,88.04259
36479,68.2658
36480,33.453167
36481,126.7761
36482,81.19822
36483,92.77451
36484,50.75759
36485,86.62854
36486,34.158806
36487,12.890812
36488,-0.83897465
36489,88.30682
36490,152.32436
36491,270.14038
36492,265.3361
36493,329.92313
36494,235.0725
36495,318.50784
36496,182.62729
36497,153.6247
36498,151.5021
36499,291.24066
36500,127.43846
36501,123.55032
36502,106.01988
36503,124.01318
36504,105.28573
36505,124.95103
36506,155.44527
36507,57.732815
36508,51.56738
36509,24.67625
36510,2.573933
36511,-2.0903401
36512,-0.9570296
36513,33.67073
36514,129.7341
36515,140.11485
36516,125.555176
36517,119.12451
36518,45.861156
36519,37.073048
36520,24.943066
36521,71.16645
36522,103.48386
36523,110.74173
36524,93.734856
36525,98.42723
36526,121.72081
36527,159.74507
36528,211.70273
36529,526.83124
36530,459.2412
36531,295.40277
36532,315.687
36533,336.00433
36534,343.16684
36535,288.18155
36536,321.50937
36537,381.9552
36538,345.45038
36539,223.57796
36540,254.40414
36541,371.48343
36542,458.39023
36543,302.18048
36544,268.4842
36545,246.55476
36546,310.29395
36547,280.51175
36548,192.8058
36549,239.63847
36550,309.87396
36551,247.23564
36552,288.81467
36553,340.53165
36554,307.72314
36555,235.18228
36556,223.94678
36557,142.71399
36558,94.42904
36559,119.22955
36560,146.93274
36561,190.79652
36562,267.2132
36563,364.62933
36564,326.28488
36565,239.54517
36566,223.61986
36567,321.3748
36568,270.1463
36569,190.82283
36570,171.53833
36571,174.42287
36572,130.82082
36573,101.60614
36574,61.89173
36575,62.59979
36576,43.422863
36577,1.647217
36578,-1.8198653
36579,-1.086155
36580,58.9591
36581,122.23505
36582,69.531235
36583,82.89306
36584,95.512146
36585,53.53072
36586,70.37301
36587,6.8091307
36588,117.746956
36589,41.394325
36590,7.85973
36591,51.908985
36592,6.071818
36593,-0.88775235
36594,-0.95197976
36595,9.321449
36596,5.10013
36597,41.277935
36598,64.20649
36599,41.63168
36600,24.76431
36601,27.45557
36602,22.463627
36603,-2.0408316
36604,-1.6586877
36605,-1.7434515
36606,-1.8217107
36607,-1.4557512
36608,-1.1553851
36609,-1.88615
36610,28.03081
36611,79.9665
36612,109.61182
36613,9.821964
36614,-1.7017456
36615,-0.93513656
36616,43.09028
36617,83.003136
36618,66.26482
36619,185.96324
36620,299.67136
36621,174.43878
36622,240.2911
36623,389.87238
36624,408.14645
36625,391.95953
36626,345.71014
36627,294.77133
36628,379.69177
36629,223.68944
36630,370.07706
36631,123.45335
36632,110.82112
36633,256.12323
36634,308.78284
36635,491.75262
36636,301.17615
36637,250.59915
36638,438.4705
36639,416.38095
36640,452.53693
36641,281.83133
36642,312.299
36643,349.29996
36644,268.79883
36645,188.05737
36646,169.70665
36647,210.75008
36648,469.03134
36649,564.6403
36650,414.77008
36651,369.46625
36652,338.62756
36653,233.29173
36654,112.61374
36655,163.87521
36656,140.07042
36657,217.44179
36658,239.3273
36659,193.2487
36660,161.68608
36661,213.7092
36662,253.47194
36663,378.55664
36664,443.59207
36665,419.46616
36666,603.26245
36667,729.6069
36668,652.53656
36669,579.16754
36670,544.8912
36671,477.18088
36672,437.75684
36673,389.6541
36674,395.59128
36675,385.32645
36676,353.39685
36677,338.24982
36678,366.9158
36679,413.6842
36680,518.6028
36681,499.1936
36682,383.13626
36683,410.95602
36684,423.1819
36685,447.89468
36686,395.4415
36687,342.27203
36688,349.8781
36689,383.73193
36690,382.55066
36691,236.28186
36692,196.62967
36693,208.18346
36694,223.28178
36695,249.08577
36696,312.26184
36697,183.67148
36698,165.26839
36699,312.43942
36700,261.01022
36701,295.2857
36702,249.3053
36703,231.25519
36704,199.05956
36705,165.81648
36706,89.379005
36707,91.2534
36708,53.944485
36709,50.43573
36710,68.79663
36711,33.836025
36712,18.545874
36713,1.8812556
36714,-1.7934356
36715,-2.0007372
36716,-0.7708624
36717,-1.4081529
36718,-2.3565066
36719,-1.0249976
36720,1.2904419
36721,-1.3282171
36722,-1.1649905
36723,-1.0108002
36724,-1.0646733
36725,-0.9616464
36726,-0.9520453
36727,-0.99167794
36728,-1.0589364
36729,23.495329
36730,104.62652
36731,84.57199
36732,104.974335
36733,78.80523
36734,47.36756
36735,78.47713
36736,104.88475
36737,0.95407665
36738,5.380885
36739,84.437836
36740,141.73898
36741,63.518547
36742,55.954445
36743,-0.34287253
36744,-0.89112717
36745,-0.86254245
36746,-0.9060471
36747,-0.9230364
36748,-1.5778124
36749,-0.7080458
36750,32.018703
36751,97.69186
36752,74.05961
36753,-2.2027159
36754,-0.92644656
36755,-0.8680098
36756,-0.9245356
36757,-0.7935172
36758,6.9747405
36759,16.743921
36760,18.292343
36761,11.250834
36762,11.362488
36763,-0.9638292
36764,-0.9981819
36765,-0.7428722
36766,-0.935202
36767,-0.9338366
36768,-0.7606748
36769,-0.8412445
36770,-0.83309305
36771,-0.7507014
36772,20.82103
36773,20.403574
36774,46.107437
36775,19.364288
36776,-0.10055258
36777,-0.8139123
36778,-2.0254936
36779,60.435616
36780,3.3755767
36781,-0.9188016
36782,-1.6455432
36783,-0.80093616
36784,-0.809194
36785,-0.98741025
36786,-1.018119
36787,-0.9234005
36788,-1.0287175
36789,-0.8457386
36790,-0.95251566
36791,-0.89905775
36792,-0.91433626
36793,-0.99346864
36794,-0.95971364
36795,-0.97592634
36796,-0.94421726
36797,-0.8615023
36798,-0.9410369
36799,-2.0033743
36800,-1.0559005
36801,-1.0932168
36802,-1.0980151
36803,-2.0699482
36804,-1.2345687
36805,0.7963048
36806,73.537285
36807,70.69449
36808,48.20097
36809,43.171467
36810,43.28172
36811,40.319202
36812,42.579285
36813,46.504597
36814,52.85252
36815,40.545185
36816,43.72044
36817,39.97999
36818,36.121857
36819,11.748695
36820,10.336814
36821,3.5524194
36822,33.975464
36823,59.90597
36824,43.836926
36825,49.20576
36826,44.332478
36827,45.19059
36828,56.534824
36829,49.360058
36830,42.834976
36831,26.731981
36832,18.828499
36833,14.303476
36834,8.40177
36835,-5.3751845
36836,-7.43316
36837,-7.12483
36838,-7.017567
36839,-5.2622485
36840,-6.766816
36841,6.032284
36842,-2.6956139
36843,-5.602072
36844,-8.002736
36845,-7.3690186
36846,0.44966093
36847,-3.2852006
36848,12.653627
36849,3.8444731
36850,18.30749
36851,0.4340334
36852,18.240889
36853,13.961019
36854,-4.1592016
36855,-1.8446486
36856,-1.868725
36857,-1.849364
36858,-1.7473034
36859,-1.8125842
36860,-1.8006516
36861,-1.7955236
36862,-1.4689083
36863,-1.3846302
36864,-1.1366153
36865,-1.8560436
36866,-1.1182247
36867,-1.0101686
36868,-1.0908353
36869,-1.0535841
36870,-1.093136
36871,-0.94884664
36872,-1.0019603
36873,-1.6692435
36874,30.594236
36875,19.147137
36876,49.63807
36877,43.739452
36878,3.6457174
36879,-0.99195266
36880,-0.8351874
36881,-0.9002409
36882,-0.99581975
36883,-1.0080639
36884,-1.7860487
36885,-1.6413093
36886,-1.780799
36887,-0.91690916
36888,-0.9816574
36889,-0.97839916
36890,-1.5973119
36891,-1.7739714
36892,-1.0102199
36893,-1.0838788
36894,-1.0270313
36895,-1.0528628
36896,-0.9571482
36897,-0.94807875
36898,-0.92290604
36899,-0.91880894
36900,-0.94952357
36901,-0.97270834
36902,-0.9445969
36903,-0.9353744
36904,-0.9691002
36905,-0.9626193
36906,-0.9581305
36907,-0.9581305
36908,-0.92583984
36909,-0.9398438
36910,-1.0085839
36911,-1.0059998
36912,-0.9352091
36913,-1.0178177
36914,-1.000084
36915,-0.8852976
36916,-0.8497673
36917,-0.875611
36918,-0.9879204
36919,-0.96566296
36920,-0.9890783
36921,-1.0621701
36922,-1.0960182
36923,-1.0239116
36924,27.530884
36925,5.173456
36926,14.73198
36927,2.8510792
36928,-5.291962
36929,-1.5556405
36930,-4.662095
36931,-4.1389785
36932,7.480895
36933,-4.8161793
36934,-5.651923
36935,-4.09354
36936,-5.273578
36937,14.451678
36938,23.311197
36939,26.950994
36940,18.601599
36941,23.843727
36942,21.062716
36943,22.297937
36944,26.666094
36945,17.238205
36946,4.1977487
36947,1.7371855
36948,1.7513181
36949,1.3713572
36950,-4.117114
36951,-2.331189
36952,-1.0035431
36953,-1.0680307
36954,-1.0497755
36955,-1.0632285
36956,-1.7868248
36957,-0.9291229
36958,-0.92527324
36959,-0.88522434
36960,-0.8954496
36961,-0.69681895
36962,54.847355
36963,136.12175
36964,164.73164
36965,105.563225
36966,128.90044
36967,107.14878
36968,87.077194
36969,53.60006
36970,43.01745
36971,57.10972
36972,54.865967
36973,32.396442
36974,27.246841
36975,51.655792
36976,80.71771
36977,57.963528
36978,86.03781
36979,75.612335
36980,78.52849
36981,72.81829
36982,17.500946
36983,66.559
36984,90.379234
36985,68.45129
36986,63.929943
36987,16.991901
36988,28.991419
36989,31.487743
36990,-6.7297306
36991,-1.5845938
36992,-1.728873
36993,-1.647755
36994,-1.6566191
36995,-1.6804342
36996,-1.7309545
36997,-1.6385072
36998,-1.6657293
36999,-1.6711509
37000,-1.755552
37001,-1.7268798
37002,-1.5375844
37003,-1.2903986
37004,-1.25183
37005,-1.2346652
37006,-1.2171528
37007,-1.217034
37008,-1.1586314
37009,-1.2439651
37010,-1.9624219
37011,-1.1433827
37012,-1.1744657
37013,-1.9323988
37014,-1.1690052
37015,-1.1317995
37016,-1.1111653
37017,-1.0910027
37018,-1.0159672
37019,23.550325
37020,0.9501851
37021,4.6389227
37022,32.73113
37023,39.190636
37024,37.536785
37025,67.83
37026,134.37671
37027,105.2162
37028,94.46225
37029,67.609085
37030,35.078945
37031,78.28383
37032,41.771187
37033,83.66633
37034,43.592022
37035,45.61658
37036,22.61296
37037,18.282732
37038,30.031368
37039,27.076414
37040,20.814188
37041,42.275127
37042,49.21502
37043,87.421104
37044,73.59804
37045,56.79488
37046,76.84525
37047,109.96141
37048,132.00015
37049,147.31569
37050,84.26563
37051,16.577429
37052,13.190238
37053,60.095436
37054,38.448494
37055,38.346714
37056,82.99343
37057,56.173054
37058,53.17818
37059,107.288605
37060,109.49789
37061,114.00296
37062,189.12685
37063,226.89127
37064,275.43613
37065,309.78162
37066,288.18384
37067,318.60184
37068,372.34134
37069,338.1316
37070,295.10806
37071,258.8429
37072,289.08945
37073,187.3327
37074,182.13748
37075,187.09402
37076,147.29965
37077,147.32944
37078,187.29477
37079,68.62715
37080,127.409195
37081,73.99095
37082,52.94452
37083,87.04861
37084,113.73267
37085,120.88964
37086,75.6877
37087,44.545067
37088,24.676788
37089,49.267937
37090,55.185547
37091,63.841496
37092,75.65559
37093,46.22248
37094,49.809566
37095,50.309143
37096,30.366613
37097,36.25151
37098,33.87271
37099,17.71717
37100,19.58982
37101,15.498632
37102,14.815552
37103,3.2164657
37104,-7.38405
37105,-7.453569
37106,0.17934412
37107,15.727471
37108,15.821499
37109,11.020701
37110,10.418582
37111,9.938004
37112,-4.12905
37113,-7.123713
37114,-4.1113477
37115,13.352959
37116,18.97105
37117,-0.0033405682
37118,-0.98639274
37119,-0.8622627
37120,-0.83308774
37121,-0.8428713
37122,-0.8645437
37123,-0.8287163
37124,-0.9399576
37125,-0.8158997
37126,-0.6434673
37127,61.969387
37128,105.37541
37129,88.920944
37130,36.126804
37131,23.946722
37132,-3.4363208
37133,-1.3214748
37134,-0.87004864
37135,-1.0020393
37136,-0.99293256
37137,-0.8828947
37138,-0.94030535
37139,-0.97433275
37140,-0.9710118
37141,-0.9701733
37142,-0.9649155
37143,-0.98163456
37144,-0.9654419
37145,-0.83909595
37146,-0.865647
37147,-0.78405297
37148,-0.7852555
37149,-0.97289366
37150,-1.0160651
37151,-0.8360655
37152,-0.9309543
37153,-1.0009056
37154,-1.0279837
37155,-1.0115042
37156,-1.4993529
37157,-0.8322634
37158,-1.0539523
37159,-1.720345
37160,-0.93227774
37161,-0.93227774
37162,-0.93268794
37163,-0.91217804
37164,-0.9079447
37165,-1.0719966
37166,-1.5676571
37167,-0.9485114
37168,-0.92371505
37169,4.831245
37170,32.81241
37171,47.267113
37172,43.082973
37173,14.959656
37174,23.07113
37175,13.078026
37176,10.0224285
37177,5.9683185
37178,0.4523722
37179,-0.9576406
37180,-0.94951576
37181,-0.85744965
37182,-0.8291704
37183,-0.95919454
37184,-0.99699163
37185,-0.9378925
37186,-0.8541873
37187,-0.838933
37188,-0.833469
37189,-0.8458036
37190,-0.8085744
37191,-0.64664984
37192,18.709686
37193,50.8905
37194,28.17429
37195,33.724342
37196,49.717514
37197,45.245037
37198,95.49992
37199,90.0918
37200,70.19314
37201,30.896652
37202,45.386364
37203,65.27267
37204,90.4012
37205,80.329605
37206,96.66605
37207,103.76893
37208,109.9631
37209,134.17744
37210,130.24928
37211,135.10844
37212,135.37042
37213,146.48357
37214,154.3516
37215,132.22623
37216,96.451996
37217,90.87697
37218,82.27486
37219,87.531906
37220,101.532
37221,85.23733
37222,111.05751
37223,116.98059
37224,112.215515
37225,76.378975
37226,66.17395
37227,77.85947
37228,86.672745
37229,68.89779
37230,53.579384
37231,53.006866
37232,37.633446
37233,14.889976
37234,35.117115
37235,41.50076
37236,42.56795
37237,15.607738
37238,27.043592
37239,21.718018
37240,53.29127
37241,65.33482
37242,83.74512
37243,98.39644
37244,95.98011
37245,87.374504
37246,73.76462
37247,80.79423
37248,112.91523
37249,160.65973
37250,136.76611
37251,115.24649
37252,113.00249
37253,97.487366
37254,101.37095
37255,99.46206
37256,109.89911
37257,102.23492
37258,73.9547
37259,77.01554
37260,72.091774
37261,48.141006
37262,52.6516
37263,40.370857
37264,42.394684
37265,40.698067
37266,34.32199
37267,31.478277
37268,61.674812
37269,61.587418
37270,60.13134
37271,53.829227
37272,44.379433
37273,24.533308
37274,36.59539
37275,14.1269865
37276,4.2039
37277,9.123373
37278,46.6705
37279,49.873856
37280,32.39957
37281,-0.10900432
37282,11.93583
37283,5.2499905
37284,-4.1188984
37285,-1.6633966
37286,-0.9159413
37287,-0.9349424
37288,-1.0693394
37289,-1.0017775
37290,-1.0334387
37291,-1.0874413
37292,-1.048208
37293,-1.0622015
37294,46.69777
37295,86.20333
37296,118.04779
37297,57.72913
37298,35.622093
37299,11.423418
37300,26.899832
37301,23.375574
37302,-1.0630704
37303,-1.0118477
37304,-0.9354514
37305,-1.0040945
37306,-1.0552449
37307,-1.5014079
37308,-1.654131
37309,-1.0141263
37310,13.004383
37311,24.808905
37312,-0.55380106
37313,13.598325
37314,-2.1732106
37315,-0.8470275
37316,-0.93887776
37317,-0.9687423
37318,-0.94890934
37319,-0.8447433
37320,-0.8096937
37321,-0.83599067
37322,-0.90611684
37323,-0.9212879
37324,-0.92129105
37325,13.430466
37326,23.531069
37327,37.11679
37328,17.590696
37329,33.121864
37330,23.849342
37331,37.569225
37332,38.69816
37333,47.65481
37334,57.72392
37335,70.73793
37336,112.506355
37337,109.48564
37338,102.2398
37339,107.80096
37340,99.747795
37341,114.593864
37342,123.08392
37343,116.035614
37344,123.29702
37345,120.45164
37346,126.92744
37347,111.44566
37348,170.07817
37349,163.46115
37350,199.01035
37351,171.13971
37352,227.37334
37353,165.8051
37354,162.10646
37355,269.80017
37356,283.2322
37357,264.69092
37358,247.0861
37359,206.5184
37360,194.27544
37361,142.99557
37362,179.3539
37363,162.42178
37364,118.63847
37365,120.192505
37366,91.82967
37367,71.26341
37368,86.19424
37369,119.63074
37370,132.67284
37371,133.3554
37372,166.99448
37373,218.93286
37374,175.31792
37375,140.16254
37376,108.40823
37377,115.37788
37378,74.114334
37379,100.691574
37380,88.39217
37381,88.43656
37382,103.677795
37383,73.60101
37384,45.27706
37385,65.783585
37386,102.252785
37387,103.59862
37388,38.50001
37389,-2.743821
37390,11.849223
37391,28.511387
37392,46.180008
37393,41.876846
37394,66.11
37395,28.079344
37396,41.755962
37397,82.49146
37398,66.863464
37399,30.813751
37400,4.7019753
37401,10.163096
37402,5.798842
37403,13.995444
37404,30.100155
37405,53.49858
37406,51.747932
37407,45.487633
37408,59.321465
37409,51.159702
37410,27.850916
37411,-1.8450316
37412,-1.9082011
37413,-1.5670743
37414,-1.4978101
37415,-1.8175691
37416,-0.43347052
37417,-0.2916574
37418,0.10428716
37419,-1.2938669
37420,-1.6451445
37421,-1.8602097
37422,-1.5373609
37423,-1.4585471
37424,-1.2702842
37425,-1.2491094
37426,-1.1334639
37427,-0.954579
37428,-0.9380229
37429,-0.99061894
37430,-1.0614995
37431,-1.0259222
37432,-1.040043
37433,-1.0131594
37434,-1.081045
37435,-1.0650094
37436,-1.085376
37437,-1.0096226
37438,-0.99013835
37439,-1.1278213
37440,-1.1411914
37441,-1.145372
37442,-1.1494256
37443,-1.1558255
37444,-1.1155488
37445,-0.9992446
37446,-1.0420212
37447,-1.0420212
37448,-0.98069865
37449,-0.92840797
37450,-0.88792795
37451,-0.9739534
37452,-0.9887697
37453,-1.0119692
37454,-0.99878186
37455,-0.79545575
37456,16.188948
37457,83.31935
37458,63.941193
37459,62.810352
37460,64.82991
37461,41.028584
37462,52.669613
37463,58.81382
37464,63.324905
37465,66.83426
37466,71.75056
37467,45.48338
37468,46.084274
37469,30.576982
37470,39.15929
37471,31.941174
37472,30.246304
37473,24.995186
37474,35.43697
37475,37.297363
37476,30.048506
37477,32.87032
37478,16.111294
37479,11.837207
37480,7.613862
37481,39.749763
37482,39.440765
37483,54.22886
37484,23.2338
37485,65.0851
37486,60.285786
37487,19.452284
37488,17.889196
37489,38.030193
37490,20.973923
37491,17.975733
37492,17.869833
37493,27.741226
37494,-1.7477156
37495,-1.0095137
37496,-0.9114296
37497,-0.9224141
37498,-1.0354216
37499,-0.88305897
37500,-0.9880078
37501,-1.021121
37502,-1.1340863
37503,-1.1135819
37504,-1.110147
37505,-1.0952711
37506,-1.0438373
37507,-0.99850565
37508,-0.9845551
37509,-0.99958533
37510,-0.99244815
37511,-0.86388236
37512,-0.92804515
37513,-0.880559
37514,-0.86054987
37515,-0.9471583
37516,-0.9864121
37517,-0.86215836
37518,-0.86029845
37519,-0.9188973
37520,-0.9484936
37521,-0.9580445
37522,-0.9580445
37523,-0.97774875
37524,-0.9978502
37525,-0.969327
37526,-0.9692502
37527,-0.95315254
37528,-0.95315254
37529,-0.98501307
37530,-1.0420634
37531,-1.0595434
37532,-1.6813618
37533,-0.95819694
37534,-1.037976
37535,-1.0736994
37536,-1.1300925
37537,-1.1137086
37538,-1.8421446
37539,-0.9881787
37540,-1.8550974
37541,-0.9624913
37542,-1.1032373
37543,-1.098826
37544,-1.6774478
37545,52.95543
37546,-2.009215
37547,8.654116
37548,-1.4422472
37549,-0.955469
37550,-1.0317613
37551,-1.0464591
37552,-1.0323038
37553,-0.97674364
37554,-0.96399283
37555,-1.0975612
37556,-1.0167583
37557,-0.92705435
37558,-0.9647472
37559,-0.945136
37560,-1.7417402
37561,-1.0393387
37562,-0.93642586
37563,-0.96961325
37564,-1.1628511
37565,17.536251
37566,3.1121414
37567,-1.7851852
37568,-1.0124798
37569,-1.1533824
37570,-1.1643836
37571,-1.1641124
37572,7.213768
37573,14.347954
37574,23.737432
37575,14.133353
37576,7.0822806
37577,1.5755656
37578,-1.0200877
37579,-0.9842374
37580,-0.93874395
37581,-1.0183154
37582,-0.9060226
37583,-1.0766315
37584,-1.0299226
37585,-0.9817143
37586,-0.9756689
37587,-0.9307151
37588,-1.1145737
37589,-1.1136345
37590,-1.1314723
37591,-1.8147087
37592,-0.9659799
37593,-0.96757376
37594,-1.1374474
37595,-1.175183
37596,-1.167814
37597,-1.1845958
37598,-1.1222078
37599,-1.1341472
37600,-1.0904044
37601,-1.0964177
37602,-1.0964177
37603,-1.1045209
37604,-1.1615454
37605,-1.1192448
37606,-1.1125451
37607,-1.119716
37608,-1.1044418
37609,-1.1125451
37610,-1.119716
37611,-1.1477702
37612,-1.1764045
37613,-1.1248859
37614,-1.1321507
37615,-1.1375862
37616,-1.1870806
37617,-1.1890097
37618,-1.2089676
37619,-1.2089676
37620,-1.237458
37621,-1.2358394
37622,-1.1791543
37623,-1.2302744
37624,-1.2340187
37625,-1.2354991
37626,-1.2318931
37627,-1.2340187
37628,-1.2374979
37629,-1.2374979
37630,-1.2374979
37631,-1.2374979
37632,-1.1994585
37633,-1.2601479
37634,-1.2617395
37635,-1.3725764
37636,-2.1984909
37637,-1.3589277
37638,-1.3792851
37639,-1.2683381
37640,-1.2620928
37641,-1.3481654
37642,-1.3341092
37643,-1.3408421
37644,-1.3341092
37645,-1.3613861
37646,-1.197973
37647,-1.2183828
37648,-1.2222847
37649,-1.2183828
37650,-1.1906555
37651,-1.3491498
37652,-1.3037572
37653,-1.1862714
37654,-1.1953955
37655,-1.279474
37656,-1.2686449
37657,-1.2763555
37658,-1.3259908
37659,-1.2069608
37660,-1.2049432
37661,-1.3067226
37662,-1.1786133
37663,-1.2707791
37664,-1.2794797
37665,-1.2507946
37666,-1.1635512
37667,-1.1019026
37668,-1.1391629
37669,-1.1395562
37670,-1.8641646
37671,-1.3294233
37672,-1.0158342
37673,20.871979
37674,26.213148
37675,35.178448
37676,6.7700424
37677,-1.8509794
37678,-1.330758
37679,-1.2789245
37680,-1.9824036
37681,-1.293007
37682,-1.1939443
37683,-1.1419336
37684,-1.2782844
37685,-2.0123882
37686,-1.1695585
37687,-1.1375864
37688,-1.0757757
37689,9.059705
37690,1.1738077
37691,-1.1208136
37692,-1.0721333
37693,-1.1079224
37694,-1.0638492
37695,-1.0777031
37696,-1.1212841
37697,-1.1671356
37698,-1.2849476
37699,-1.2033484
37700,-1.1794356
37701,-1.0413244
37702,-1.1109772
37703,-1.0504256
37704,-1.1405121
37705,-1.1587421
37706,-1.1557769
37707,-0.9019004
37708,-1.2421682
37709,-1.252594
37710,-1.2702621
37711,-1.281864
37712,-1.2485567
37713,-1.1590337
37714,-1.0993664
37715,-1.1972537
37716,-1.1568383
37717,-1.1361253
37718,-1.2560614
37719,-1.1756979
37720,-1.2313505
37721,-1.1142144
37722,-1.1434495
37723,-1.1568234
37724,-1.0081555
37725,56.01489
37726,84.52782
37727,98.44103
37728,89.2456
37729,74.524254
37730,91.226585
37731,100.61572
37732,96.31165
37733,92.783806
37734,95.16902
37735,82.06599
37736,61.550262
37737,94.4247
37738,86.18168
37739,141.91791
37740,173.9607
37741,160.00334
37742,182.36562
37743,201.94511
37744,208.46748
37745,177.22572
37746,182.54892
37747,195.78654
37748,261.4844
37749,389.36322
37750,473.98914
37751,403.2554
37752,414.3198
37753,333.466
37754,217.83614
37755,210.68361
37756,288.48816
37757,352.38235
37758,385.21432
37759,408.87128
37760,376.6666
37761,450.858
37762,451.94028
37763,374.00214
37764,340.59827
37765,316.7743
37766,362.31165
37767,372.92
37768,407.68204
37769,320.80887
37770,382.43387
37771,377.22354
37772,223.96533
37773,195.15196
37774,287.31793
37775,332.55313
37776,297.64655
37777,199.9817
37778,221.42104
37779,256.2381
37780,253.67447
37781,243.47794
37782,275.97064
37783,265.12146
37784,253.59761
37785,218.99782
37786,182.56729
37787,119.74324
37788,39.803093
37789,-0.30054975
37790,-0.5948503
37791,-0.58747745
37792,79.37694
37793,110.51678
37794,62.962025
37795,91.17945
37796,80.461235
37797,50.73362
37798,30.032316
37799,32.517544
37800,31.704294
37801,31.094635
37802,47.935104
37803,93.51537
37804,54.949745
37805,55.863342
37806,125.84508
37807,57.829506
37808,122.58436
37809,128.75275
37810,110.215645
37811,71.81324
37812,75.92873
37813,78.91974
37814,115.113396
37815,41.40145
37816,20.189264
37817,1.2411549
37818,6.850969
37819,37.318214
37820,76.6894
37821,77.615486
37822,61.969353
37823,-1.70121
37824,-1.0763452
37825,-1.1113154
37826,-1.0941995
37827,13.6758375
37828,22.38382
37829,11.047864
37830,129.01878
37831,94.92791
37832,11.449819
37833,-0.7755173
37834,-0.89703906
37835,30.057934
37836,42.85756
37837,9.534692
37838,77.69915
37839,-0.8067474
37840,44.35842
37841,40.35359
37842,75.05542
37843,35.848614
37844,-1.7280084
37845,46.831104
37846,-3.6748385
37847,17.319843
37848,2.759212
37849,-3.6136088
37850,-1.1452186
37851,-1.0510821
37852,-0.91344774
37853,-0.9265024
37854,-0.89786655
37855,-0.97266304
37856,-0.86904263
37857,-0.84044254
37858,-0.81023496
37859,-0.8961399
37860,-0.8266481
37861,-0.94605404
37862,-0.94141835
37863,28.94075
37864,36.261242
37865,17.476055
37866,-0.2696444
37867,7.5108047
37868,2.5173671
37869,13.6859865
37870,2.3444378
37871,-2.8028464
37872,0.36508653
37873,0.6908083
37874,-1.2847048
37875,-1.4420265
37876,-2.3309505
37877,-1.3618375
37878,-1.7072797
37879,-1.6850682
37880,-1.6422383
37881,-1.5887808
37882,-1.6592796
37883,-1.3033061
37884,-1.1391333
37885,-1.0133979
37886,-1.0691869
37887,-1.0691869
37888,-1.0341218
37889,-1.0063597
37890,-1.063309
37891,-0.92036384
37892,-1.0185274
37893,-1.0457895
37894,-1.1094581
37895,-1.1158625
37896,-1.6908524
37897,-1.0136292
37898,-0.9602502
37899,-0.9357565
37900,-0.9306756
37901,-0.94236654
37902,-0.8846163
37903,-0.7448512
37904,-0.91497463
37905,17.763437
37906,18.75454
37907,28.99266
37908,41.138573
37909,51.387295
37910,46.798058
37911,42.640366
37912,45.246525
37913,70.862564
37914,40.553974
37915,20.568762
37916,50.35038
37917,41.942116
37918,1.9136338
37919,2.6174474
37920,1.1759216
37921,-6.2984905
37922,-3.014955
37923,-1.5089493
37924,-1.6333817
37925,-2.1427777
37926,-1.5287938
37927,-1.3797448
37928,19.83943
37929,45.457825
37930,38.632538
37931,42.96174
37932,51.852497
37933,65.92589
37934,51.695534
37935,50.041874
37936,72.30737
37937,89.970535
37938,64.51277
37939,112.68735
37940,72.76287
37941,87.7783
37942,64.39808
37943,59.36815
37944,42.6519
37945,45.53406
37946,55.55097
37947,26.452951
37948,36.85004
37949,50.75928
37950,65.048
37951,20.64929
37952,41.463634
37953,54.869057
37954,86.317
37955,87.47683
37956,16.590387
37957,139.18953
37958,141.50952
37959,132.52287
37960,144.71016
37961,28.544094
37962,66.8957
37963,157.52805
37964,38.7934
37965,128.0201
37966,122.29865
37967,132.1157
37968,201.48691
37969,62.515224
37970,59.95626
37971,135.02664
37972,93.64052
37973,91.01357
37974,66.74407
37975,38.830616
37976,34.66712
37977,89.858864
37978,-2.3922806
37979,57.01127
37980,37.296684
37981,59.2828
37982,3.3349574
37983,36.149345
37984,72.99864
37985,20.537186
37986,20.748377
37987,30.568237
37988,79.79774
37989,90.99611
37990,69.959
37991,48.013527
37992,108.43385
37993,116.850914
37994,99.58653
37995,102.99536
37996,91.40878
37997,88.07149
37998,79.53144
37999,81.16055
38000,70.89939
38001,91.10305
38002,90.837906
38003,110.11133
38004,132.60872
38005,164.87184
38006,194.68593
38007,204.39249
38008,146.41435
38009,186.51079
38010,198.02197
38011,165.07565
38012,159.28044
38013,181.91081
38014,254.38133
38015,264.6172
38016,274.3408
38017,295.48297
38018,251.07426
38019,228.23369
38020,237.05751
38021,218.28815
38022,208.78352
38023,128.35847
38024,133.45245
38025,198.68388
38026,242.6867
38027,298.1802
38028,311.79654
38029,328.31277
38030,380.52185
38031,279.7467
38032,280.85162
38033,380.42792
38034,375.22577
38035,565.2689
38036,462.6276
38037,360.85736
38038,361.43457
38039,462.65158
38040,595.2853
38041,644.534
38042,486.2011
38043,463.20932
38044,531.33307
38045,491.80634
38046,506.33276
38047,470.24625
38048,354.41742
38049,313.71313
38050,276.8547
38051,241.6265
38052,213.35487
38053,308.43677
38054,260.22128
38055,255.32646
38056,362.85968
38057,298.88562
38058,295.10242
38059,340.01834
38060,255.51543
38061,325.22125
38062,357.27277
38063,281.3806
38064,281.6261
38065,288.15826
38066,212.79988
38067,218.73103
38068,458.40018
38069,796.69604
38070,802.18677
38071,721.9801
38072,526.8203
38073,279.00333
38074,226.7315
38075,170.89032
38076,98.28823
38077,129.22406
38078,88.28965
38079,20.521923
38080,89.91137
38081,110.140015
38082,193.82903
38083,115.012505
38084,61.818356
38085,91.1327
38086,76.400345
38087,30.539042
38088,38.82708
38089,25.410126
38090,29.425505
38091,0.12409149
38092,-0.85279006
38093,-0.85037273
38094,-0.8731948
38095,-0.839387
38096,-0.9774857
38097,-0.9360514
38098,-1.3525809
38099,613.24207
38100,925.6987
38101,686.21594
38102,981.5366
38103,665.4013
38104,416.1977
38105,98.3354
38106,486.56967
38107,372.08087
38108,198.01979
38109,413.93286
38110,321.25885
38111,155.67789
38112,140.00021
38113,176.2026
38114,256.4776
38115,373.1655
38116,311.5987
38117,149.17754
38118,2.8061492
38119,-1.8134787
38120,-0.8331725
38121,-0.9072416
38122,-0.8376335
38123,-0.85048914
38124,-0.8244425
38125,-0.80463135
38126,-0.91367257
38127,-1.6341146
38128,21.278357
38129,386.03967
38130,158.76567
38131,160.01562
38132,89.29303
38133,60.370987
38134,96.6575
38135,105.73443
38136,139.36475
38137,176.77116
38138,138.47705
38139,174.16875
38140,136.26665
38141,151.61723
38142,170.98447
38143,143.30748
38144,88.30214
38145,92.190414
38146,96.471664
38147,86.65374
38148,78.05779
38149,72.864395
38150,69.44496
38151,90.41474
38152,105.156105
38153,84.46105
38154,85.5314
38155,84.42845
38156,107.93017
38157,114.34572
38158,96.32575
38159,99.024086
38160,88.93969
38161,120.10547
38162,122.91386
38163,97.80486
38164,71.83539
38165,72.40714
38166,85.069984
38167,109.659546
38168,108.174675
38169,121.26491
38170,139.40103
38171,86.65484
38172,62.237473
38173,81.30266
38174,70.6989
38175,67.29001
38176,65.73963
38177,53.652576
38178,15.421381
38179,10.635512
38180,15.026005
38181,51.782177
38182,58.726032
38183,55.12718
38184,50.000946
38185,51.4636
38186,47.86175
38187,56.301945
38188,35.858097
38189,6.2742786
38190,-4.258621
38191,-6.4945235
38192,-0.3752668
38193,16.054796
38194,27.498886
38195,53.059002
38196,87.27549
38197,143.04424
38198,117.868004
38199,93.591
38200,68.04385
38201,17.57993
38202,8.39651
38203,15.899221
38204,43.538
38205,35.85758
38206,37.53697
38207,36.204292
38208,25.76206
38209,38.493233
38210,21.052567
38211,38.12646
38212,36.029564
38213,51.976498
38214,76.008224
38215,84.04856
38216,67.503654
38217,51.00411
38218,27.726213
38219,51.832943
38220,82.3024
38221,64.93091
38222,13.502382
38223,-2.7729561
38224,-1.462974
38225,-1.2342571
38226,-1.343505
38227,-1.2289848
38228,-1.0675725
38229,-1.0532836
38230,-1.0291345
38231,-0.9149322
38232,-0.92779547
38233,-1.0242022
38234,-1.027041
38235,-1.0536218
38236,-1.0580363
38237,-0.93901193
38238,-1.0379695
38239,-1.0110453
38240,-0.90506035
38241,-1.0286407
38242,-0.9872192
38243,-0.99903166
38244,-0.9026916
38245,42.915573
38246,33.704792
38247,65.10432
38248,5.6429944
38249,-1.4792547
38250,-0.9518414
38251,-1.0213614
38252,23.589287
38253,15.800337
38254,14.071515
38255,6.8602633
38256,9.074364
38257,1.0398481
38258,-0.7808444
38259,-0.78937984
38260,-0.79077846
38261,-0.78926724
38262,-0.8856283
38263,6.55957
38264,24.472612
38265,33.140804
38266,27.204397
38267,26.869152
38268,29.32445
38269,-0.2783224
38270,8.805369
38271,2.9610112
38272,-0.7617689
38273,22.92297
38274,75.005455
38275,14.530951
38276,34.715233
38277,50.83968
38278,82.096436
38279,107.82797
38280,117.62949
38281,119.98884
38282,162.69832
38283,200.7875
38284,256.3574
38285,265.0955
38286,172.28218
38287,174.91052
38288,99.278465
38289,168.06923
38290,229.81621
38291,69.22254
38292,95.53616
38293,138.1567
38294,138.14203
38295,234.06364
38296,414.7642
38297,342.2161
38298,406.52563
38299,466.84393
38300,369.22342
38301,378.93268
38302,376.7466
38303,339.17197
38304,370.55414
38305,474.07928
38306,390.0594
38307,244.25728
38308,164.7495
38309,273.31387
38310,293.85168
38311,352.0276
38312,386.97226
38313,420.05084
38314,394.20697
38315,361.64725
38316,326.31998
38317,309.64984
38318,421.3955
38319,331.87997
38320,332.012
38321,315.49072
38322,298.3215
38323,185.09386
38324,301.908
38325,363.7966
38326,451.19443
38327,391.30655
38328,521.9423
38329,611.1704
38330,587.4454
38331,441.15002
38332,506.26822
38333,642.85815
38334,549.7683
38335,580.8187
38336,709.7992
38337,677.0258
38338,629.7266
38339,525.74335
38340,411.46353
38341,437.97253
38342,461.94107
38343,578.70953
38344,488.05353
38345,269.57028
38346,224.78606
38347,238.38034
38348,223.82513
38349,241.68668
38350,241.65358
38351,327.55084
38352,356.33682
38353,317.92148
38354,474.75046
38355,403.52753
38356,401.23782
38357,404.74268
38358,410.03717
38359,447.14853
38360,565.11237
38361,483.30853
38362,466.82056
38363,499.07788
38364,660.29553
38365,598.43164
38366,588.12604
38367,679.70416
38368,643.3771
38369,789.4711
38370,699.3032
38371,726.3773
38372,648.79785
38373,965.3688
38374,730.67194
38375,726.8993
38376,705.0397
38377,780.30585
38378,928.4546
38379,856.6717
38380,784.60504
38381,780.0138
38382,787.37854
38383,829.2733
38384,978.28894
38385,924.82764
38386,1023.218
38387,1127.1306
38388,1111.408
38389,982.71594
38390,1270.3479
38391,937.1469
38392,924.2104
38393,1014.77936
38394,800.5946
38395,1257.6407
38396,919.69403
38397,961.1545
38398,879.3437
38399,783.326
38400,561.04004
38401,628.4644
38402,796.77106
38403,589.8892
38404,370.47775
38405,669.67615
38406,807.7034
38407,863.2433
38408,635.3225
38409,700.2622
38410,797.65173
38411,512.1708
38412,330.23972
38413,460.61478
38414,492.73776
38415,594.0296
38416,447.54095
38417,357.18372
38418,520.3425
38419,625.37885
38420,797.93176
38421,1037.5518
38422,843.84235
38423,977.3571
38424,771.3287
38425,740.9031
38426,675.84766
38427,523.18274
38428,601.69434
38429,693.531
38430,795.28406
38431,718.7747
38432,558.9496
38433,587.02264
38434,605.2252
38435,551.2615
38436,539.80176
38437,501.53055
38438,456.6855
38439,284.24796
38440,318.65366
38441,540.66315
38442,621.5398
38443,679.8268
38444,807.8877
38445,686.04395
38446,522.1723
38447,401.05215
38448,344.79556
38449,309.7806
38450,389.05133
38451,388.02005
38452,465.66376
38453,487.08176
38454,430.08472
38455,484.28592
38456,629.5471
38457,816.70074
38458,603.7222
38459,491.1926
38460,627.59955
38461,536.82025
38462,710.92175
38463,651.9314
38464,907.31177
38465,916.1434
38466,708.31744
38467,497.26526
38468,537.4824
38469,664.4635
38470,715.2307
38471,856.64056
38472,1108.2434
38473,1235.2657
38474,1229.4666
38475,1473.1364
38476,1179.4288
38477,1133.3468
38478,843.1675
38479,456.72467
38480,321.1126
38481,270.2937
38482,264.2465
38483,443.03088
38484,276.14355
38485,153.8396
38486,172.8025
38487,133.3106
38488,177.16635
38489,544.82666
38490,307.03647
38491,275.44833
38492,354.9194
38493,270.3984
38494,551.9885
38495,555.7114
38496,488.71924
38497,466.01947
38498,437.40225
38499,537.06824
38500,509.87274
38501,255.80856
38502,111.99957
38503,95.49618
38504,197.11961
38505,246.24593
38506,121.54004
38507,112.63859
38508,38.39197
38509,111.385185
38510,110.06301
38511,91.7062
38512,88.76561
38513,380.91357
38514,145.6884
38515,135.68369
38516,120.534195
38517,189.1788
38518,167.05574
38519,108.46732
38520,117.61647
38521,99.797775
38522,21.210844
38523,57.982918
38524,103.41824
38525,116.98841
38526,120.33252
38527,76.73545
38528,110.73547
38529,65.52635
38530,71.767
38531,118.22395
38532,48.08039
38533,160.32498
38534,39.44786
38535,196.9646
38536,165.59744
38537,121.504845
38538,97.796486
38539,32.679195
38540,116.40477
38541,160.85301
38542,114.641624
38543,50.318913
38544,79.3477
38545,119.2322
38546,118.18176
38547,0.031629376
38548,-1.6515439
38549,-1.0499644
38550,70.96744
38551,114.555885
38552,136.16545
38553,63.553146
38554,48.44324
38555,81.61905
38556,79.30712
38557,192.35626
38558,151.78246
38559,0.538415
38560,0.81956345
38561,130.40036
38562,87.77188
38563,61.493114
38564,54.27578
38565,37.44148
38566,88.46891
38567,76.19153
38568,73.26934
38569,72.1007
38570,38.412445
38571,-1.5809964
38572,4.6931243
38573,22.154882
38574,-2.718521
38575,-0.043232866
38576,-4.317891
38577,5.3431025
38578,49.582916
38579,40.58125
38580,32.70036
38581,19.93625
38582,80.389366
38583,63.864697
38584,57.777634
38585,17.265352
38586,8.8407135
38587,-3.039034
38588,-1.8354728
38589,-1.7055427
38590,-1.539589
38591,-1.3351516
38592,-1.1941569
38593,-1.0893576
38594,-1.0679687
38595,-1.1124855
38596,-1.0625707
38597,-1.0572897
38598,-0.94451046
38599,-1.0032513
38600,-1.0375012
38601,-1.1469569
38602,-1.0748367
38603,-1.1286615
38604,-1.1605351
38605,-1.1970327
38606,-1.1786216
38607,-1.1786216
38608,-1.3066251
38609,-1.3059304
38610,-1.2872456
38611,-1.267735
38612,-1.1736695
38613,-1.0795726
38614,-1.1484888
38615,-1.1939229
38616,-1.1769768
38617,-1.1509048
38618,-1.2070935
38619,-1.2441407
38620,-1.256291
38621,-1.2050287
38622,-2.0645292
38623,-1.262013
38624,-1.281245
38625,-1.2526914
38626,-1.285824
38627,-1.3474593
38628,-1.2843305
38629,-1.4131913
38630,34.23863
38631,70.75881
38632,62.013374
38633,46.884686
38634,79.192955
38635,61.718582
38636,66.54893
38637,71.75975
38638,81.88004
38639,100.10039
38640,98.465065
38641,100.2086
38642,106.459335
38643,95.5502
38644,50.21074
38645,84.738525
38646,70.00568
38647,50.229923
38648,29.12453
38649,11.769114
38650,53.669666
38651,114.5469
38652,81.92053
38653,133.72224
38654,133.46
38655,142.837
38656,146.9067
38657,105.336365
38658,158.97403
38659,71.70764
38660,163.80496
38661,167.05333
38662,154.3617
38663,261.54514
38664,252.94766
38665,355.32568
38666,341.58215
38667,251.49863
38668,265.43005
38669,145.56134
38670,122.76116
38671,173.5797
38672,109.19036
38673,122.28875
38674,94.783134
38675,112.06505
38676,99.591034
38677,217.65294
38678,298.97815
38679,185.54268
38680,140.83014
38681,88.22671
38682,142.45734
38683,301.3099
38684,179.63586
38685,198.07439
38686,204.33774
38687,196.76515
38688,183.9611
38689,142.23914
38690,230.57603
38691,162.98424
38692,229.15443
38693,215.40761
38694,175.68365
38695,180.95584
38696,132.82393
38697,145.17702
38698,196.35591
38699,197.80075
38700,225.0151
38701,266.1671
38702,298.81906
38703,328.04865
38704,389.66495
38705,433.9198
38706,410.35068
38707,506.86093
38708,687.80206
38709,643.35266
38710,810.2769
38711,1072.563
38712,1085.5446
38713,1014.9086
38714,910.8935
38715,898.1554
38716,1025.5662
38717,1012.83636
38718,977.39764
38719,695.48566
38720,679.7256
38721,847.23035
38722,971.8842
38723,1047.3787
38724,855.14856
38725,743.61584
38726,842.4308
38727,866.82196
38728,847.2389
38729,835.8388
38730,754.71674
38731,737.7994
38732,612.2962
38733,834.6196
38734,756.4984
38735,764.281
38736,952.546
38737,953.6965
38738,904.4903
38739,865.5746
38740,900.6769
38741,926.51874
38742,982.4943
38743,1161.4448
38744,1183.7993
38745,1186.6464
38746,1100.1671
38747,1172.2876
38748,1174.1782
38749,1127.3052
38750,1026.7383
38751,1018.4072
38752,1002.58923
38753,996.502
38754,1168.0404
38755,1194.511
38756,1195.9653
38757,1217.7034
38758,1379.7704
38759,1440.7595
38760,1536.0477
38761,1445.9773
38762,1478.5514
38763,1525.5266
38764,1345.992
38765,1376.7397
38766,1469.1714
38767,1579.7019
38768,1641.3171
38769,1383.9507
38770,1439.5568
38771,1563.3661
38772,1404.3531
38773,1305.9858
38774,1520.5249
38775,1613.776
38776,1690.5833
38777,1567.9464
38778,1350.2595
38779,1328.9481
38780,1478.3154
38781,1499.1825
38782,1303.5817
38783,871.08594
38784,1064.9254
38785,1121.0846
38786,1307.4182
38787,1323.6978
38788,1329.9418
38789,1186.3062
38790,1312.0504
38791,1024.5575
38792,1282.9283
38793,1466.3369
38794,1300.7847
38795,1241.0374
38796,1453.3694
38797,1426.2958
38798,1756.1366
38799,1261.3586
38800,1076.1359
38801,1183.5005
38802,1624.4004
38803,1236.4552
38804,1267.0942
38805,1205.6758
38806,1543.5037
38807,1678.1072
38808,1511.6172
38809,879.6069
38810,766.2874
38811,828.45264
38812,689.6677
38813,672.71014
38814,973.8906
38815,1217.0328
38816,1103.7349
38817,884.05756
38818,1348.7831
38819,966.3881
38820,447.74994
38821,654.64453
38822,705.4707
38823,550.92816
38824,596.5597
38825,533.0199
38826,794.39075
38827,701.23676
38828,850.36615
38829,694.3436
38830,464.39175
38831,621.84326
38832,724.6412
38833,848.2415
38834,725.60785
38835,812.96344
38836,561.26416
38837,524.1102
38838,515.2475
38839,505.78806
38840,493.25717
38841,468.9734
38842,887.99255
38843,810.5016
38844,505.2642
38845,565.021
38846,437.47528
38847,267.4889
38848,59.159794
38849,77.02443
38850,134.78351
38851,129.57011
38852,74.03966
38853,163.04729
38854,160.66597
38855,88.82916
38856,111.25495
38857,190.87221
38858,199.40775
38859,224.69106
38860,364.03882
38861,407.6919
38862,470.99615
38863,549.1782
38864,568.03406
38865,535.6956
38866,493.9656
38867,440.37604
38868,427.46356
38869,376.6321
38870,342.63947
38871,294.97968
38872,275.72314
38873,298.69983
38874,292.68198
38875,184.99202
38876,179.1611
38877,196.43353
38878,152.22475
38879,113.16109
38880,79.443115
38881,78.324
38882,51.893208
38883,126.05586
38884,133.37895
38885,168.32474
38886,160.48534
38887,151.49893
38888,173.03705
38889,232.53976
38890,124.160736
38891,109.82057
38892,92.57082
38893,169.86996
38894,196.78107
38895,148.52272
38896,158.7452
38897,148.87074
38898,171.94453
38899,177.11984
38900,246.63388
38901,338.78235
38902,322.52698
38903,337.071
38904,368.46783
38905,255.76186
38906,335.2148
38907,325.36404
38908,354.2544
38909,354.36307
38910,332.1044
38911,267.21628
38912,246.9012
38913,257.85333
38914,343.22885
38915,308.48853
38916,244.62103
38917,212.56587
38918,203.46747
38919,214.74828
38920,258.7522
38921,247.51334
38922,217.98463
38923,186.91705
38924,194.9825
38925,168.42906
38926,144.7264
38927,166.75478
38928,111.15815
38929,114.86675
38930,78.53628
38931,54.444298
38932,66.96619
38933,71.378944
38934,99.505264
38935,76.5267
38936,19.043434
38937,9.959882
38938,72.30706
38939,110.311295
38940,67.402985
38941,137.16214
38942,117.56525
38943,127.89197
38944,100.62313
38945,165.69186
38946,63.732613
38947,54.560898
38948,137.56004
38949,185.51556
38950,116.554695
38951,227.01077
38952,139.58519
38953,188.97847
38954,102.62106
38955,191.80344
38956,239.67659
38957,137.91757
38958,253.00565
38959,270.10367
38960,323.7716
38961,309.83594
38962,268.28076
38963,185.21857
38964,304.5028
38965,106.57148
38966,149.0061
38967,335.2885
38968,208.81752
38969,131.82619
38970,209.45815
38971,122.69831
38972,236.70052
38973,251.57083
38974,165.06387
38975,147.49983
38976,350.97934
38977,574.2639
38978,248.19176
38979,157.7356
38980,187.15482
38981,173.63235
38982,172.87607
38983,175.59654
38984,198.19194
38985,330.68448
38986,576.45636
38987,407.3747
38988,308.22534
38989,314.24384
38990,317.61105
38991,282.4435
38992,210.09142
38993,147.24501
38994,101.09879
38995,81.62363
38996,156.39952
38997,99.40144
38998,88.93891
38999,114.605156
39000,239.48262
39001,307.26648
39002,280.50522
39003,315.2346
39004,364.49896
39005,314.31302
39006,189.3828
39007,166.22495
39008,92.96356
39009,111.34546
39010,114.13981
39011,81.237885
39012,24.325188
39013,11.909874
39014,18.842928
39015,8.858046
39016,-2.2957723
39017,11.02133
39018,97.4326
39019,181.80096
39020,267.56573
39021,172.05388
39022,223.06087
39023,325.2159
39024,162.5487
39025,208.59488
39026,275.29788
39027,343.51584
39028,313.32007
39029,300.66202
39030,237.71318
39031,170.35716
39032,73.15326
39033,56.14438
39034,13.079887
39035,-2.6626863
39036,-7.4895296
39037,-2.0682173
39038,-0.8668984
39039,-0.61716425
39040,-2.6776798
39041,-1.8783385
39042,-1.3465388
39043,-1.5735074
39044,-1.470952
39045,-1.3264307
39046,-1.2925794
39047,-1.3255643
39048,-1.2344923
39049,-1.3468442
39050,-1.3309741
39051,-1.3309741
39052,-1.3864809
39053,25.795633
39054,88.17413
39055,96.82278
39056,101.98457
39057,126.18117
39058,110.60291
39059,149.42686
39060,186.78069
39061,340.80893
39062,357.73068
39063,378.9143
39064,456.98352
39065,536.1976
39066,560.0082
39067,592.76074
39068,597.9167
39069,605.6682
39070,418.45282
39071,253.51584
39072,271.36612
39073,385.54276
39074,362.07352
39075,284.76358
39076,320.8626
39077,293.08792
39078,222.61763
39079,177.5797
39080,221.42636
39081,345.9306
39082,309.2838
39083,412.7117
39084,324.28403
39085,473.30704
39086,567.14954
39087,381.77084
39088,518.6493
39089,603.7469
39090,382.46555
39091,517.7267
39092,649.35333
39093,349.80182
39094,361.25174
39095,564.7751
39096,345.34134
39097,326.30286
39098,195.82994
39099,300.92294
39100,492.6744
39101,568.72437
39102,317.45514
39103,257.13538
39104,577.8362
39105,534.3969
39106,298.17087
39107,348.67868
39108,281.00027
39109,712.4608
39110,494.28052
39111,359.03336
39112,480.2443
39113,358.35275
39114,230.19705
39115,349.23145
39116,399.1949
39117,282.9873
39118,305.4128
39119,387.40866
39120,413.92258
39121,264.95746
39122,255.34596
39123,377.97375
39124,480.33093
39125,491.3824
39126,243.88985
39127,289.89594
39128,475.60175
39129,694.3982
39130,568.46625
39131,651.369
39132,838.688
39133,760.18475
39134,793.9992
39135,779.1203
39136,887.0692
39137,968.82416
39138,921.9645
39139,851.58673
39140,826.13086
39141,922.5945
39142,1071.8312
39143,901.3681
39144,873.44885
39145,1191.946
39146,919.6199
39147,905.77905
39148,771.2057
39149,868.64886
39150,1039.5731
39151,1190.867
39152,1288.1553
39153,1273.8811
39154,1210.8604
39155,870.94904
39156,878.32513
39157,1143.8184
39158,1097.2633
39159,1024.664
39160,954.3642
39161,1052.791
39162,952.719
39163,975.8233
39164,1111.7391
39165,1252.7095
39166,1079.7577
39167,719.37756
39168,890.3434
39169,972.59454
39170,666.43115
39171,549.253
39172,554.1763
39173,761.74854
39174,569.93994
39175,513.2124
39176,481.76758
39177,463.89987
39178,498.13562
39179,447.79205
39180,405.60233
39181,339.09366
39182,457.96838
39183,436.31882
39184,508.6057
39185,610.2647
39186,616.2227
39187,635.3585
39188,681.3918
39189,557.44824
39190,660.17706
39191,666.6834
39192,535.13794
39193,569.87805
39194,597.60345
39195,424.39197
39196,366.47452
39197,272.73758
39198,210.43289
39199,221.35617
39200,248.1453
39201,221.89597
39202,227.83183
39203,193.03677
39204,216.1411
39205,276.33475
39206,263.4802
39207,186.56839
39208,226.24292
39209,236.1406
39210,155.74147
39211,117.93844
39212,115.80433
39213,112.6504
39214,113.13124
39215,32.37494
39216,36.427925
39217,74.75402
39218,62.70681
39219,77.373314
39220,100.9702
39221,210.37514
39222,124.718636
39223,130.4227
39224,106.98023
39225,69.777405
39226,123.65497
39227,115.69195
39228,107.267365
39229,99.35898
39230,116.982086
39231,112.08583
39232,78.629745
39233,6.63485
39234,-3.2418332
39235,-1.8089921
39236,-1.8397115
39237,-0.37451175
39238,-1.808246
39239,-1.8057935
39240,-1.8491936
39241,-1.750201
39242,-1.8720492
39243,-2.2253447
39244,-1.3214037
39245,-1.223816
39246,-1.0767374
39247,-1.0631536
39248,-1.0495116
39249,-1.7742262
39250,-1.082594
39251,-0.7680984
39252,-0.8423214
39253,-0.82383054
39254,-0.81942797
39255,-0.8756703
39256,-1.017155
39257,-1.0495639
39258,-1.035218
39259,-1.0313327
39260,-1.025206
39261,23.404732
39262,87.825836
39263,104.70069
39264,72.0282
39265,77.624054
39266,52.265877
39267,38.822464
39268,71.30551
39269,70.52935
39270,46.90209
39271,17.07644
39272,21.057274
39273,28.86939
39274,6.819403
39275,6.6683087
39276,-4.64036
39277,-0.86274904
39278,-1.5579975
39279,-0.866199
39280,-0.7989808
39281,-0.92349106
39282,-0.71476984
39283,65.921234
39284,102.80765
39285,117.58393
39286,75.95656
39287,51.047424
39288,21.825794
39289,11.580636
39290,15.772611
39291,28.453966
39292,-3.062111
39293,-3.5034206
39294,19.440224
39295,19.403847
39296,37.574345
39297,41.109707
39298,45.789455
39299,11.1645975
39300,5.6410336
39301,-5.4358745
39302,-6.0152693
39303,-0.96808165
39304,-1.0226866
39305,-1.0155157
39306,-1.0097413
39307,-1.012506
39308,-0.9815462
39309,-0.9627697
39310,-0.9810954
39311,-1.0011761
39312,-1.0457336
39313,-1.6175392
39314,-0.89221627
39315,-0.923923
39316,-0.9180952
39317,-0.9301141
39318,-0.8924303
39319,-0.9577461
39320,-0.98069024
39321,-0.9895136
39322,-0.9895136
39323,-0.9972253
39324,-0.9981877
39325,-0.95021844
39326,-0.95852774
39327,-0.95852774
39328,-0.95852774
39329,-0.95852774
39330,-0.95193803
39331,-0.957489
39332,-0.9656871
39333,-0.97203296
39334,-0.99443895
39335,-1.0382668
39336,-1.1382612
39337,-1.1518123
39338,-1.1627369
39339,-1.1917944
39340,-1.1917944
39341,-1.1779166
39342,-1.1520195
39343,-1.2594377
39344,-1.3241867
39345,-1.2704498
39346,-1.3073527
39347,-1.2715442
39348,-1.2404947
39349,-1.2252204
39350,-1.204729
39351,-1.2064574
39352,-1.1103256
39353,-1.1610619
39354,-1.2202027
39355,-1.2287003
39356,-1.157794
39357,-1.1670202
39358,-1.1648711
39359,-1.0768398
39360,-1.0631236
39361,-1.1692173
39362,-1.1838605
39363,-1.0830811
39364,-1.1577022
39365,-1.2939113
39366,-1.25587
39367,-1.2598166
39368,-1.268622
39369,-1.2641399
39370,-1.2490705
39371,-1.1440072
39372,-1.0328199
39373,-1.2840431
39374,-1.2767783
39375,-1.2691513
39376,-1.2730131
39377,9.169696
39378,44.767212
39379,-2.090438
39380,-1.141544
39381,-1.1800727
39382,-1.9658378
39383,-1.3771986
39384,-1.2307074
39385,-1.1578451
39386,-1.2017204
39387,-1.9742411
39388,3.232399
39389,-1.1221163
39390,-1.1609926
39391,-1.1044723
39392,6.9030385
39393,21.814253
39394,-1.3337883
39395,-0.96769464
39396,-0.9662312
39397,-0.96972334
39398,-0.8157285
39399,-1.0112559
39400,-0.93632495
39401,-0.82569015
39402,9.355227
39403,21.540012
39404,18.643188
39405,-4.351782
39406,-2.9471598
39407,-1.0913656
39408,-1.0734968
39409,59.1302
39410,168.1564
39411,171.33195
39412,157.27338
39413,145.0379
39414,158.38414
39415,149.46284
39416,130.25046
39417,167.4024
39418,178.13567
39419,177.39511
39420,131.12132
39421,121.626526
39422,134.5054
39423,127.555565
39424,151.65996
39425,142.40332
39426,152.60739
39427,218.66306
39428,252.41315
39429,241.79555
39430,263.32608
39431,327.5373
39432,295.2048
39433,286.7024
39434,279.46225
39435,224.77171
39436,198.35124
39437,196.13934
39438,191.11632
39439,188.9823
39440,168.05539
39441,147.82317
39442,168.40732
39443,183.58829
39444,178.97389
39445,154.14459
39446,204.03569
39447,251.83823
39448,350.45395
39449,347.90887
39450,335.76797
39451,402.93372
39452,355.89233
39453,445.12082
39454,406.92575
39455,441.46573
39456,492.34256
39457,510.84674
39458,518.73663
39459,600.93713
39460,491.33066
39461,605.7875
39462,515.91223
39463,460.4167
39464,519.0928
39465,686.7778
39466,640.6297
39467,610.4264
39468,602.0939
39469,521.9323
39470,577.16754
39471,544.3513
39472,522.0424
39473,562.49866
39474,663.5868
39475,569.53064
39476,466.27362
39477,478.35828
39478,411.36603
39479,407.12482
39480,424.6686
39481,393.1408
39482,274.70728
39483,216.01987
39484,253.78487
39485,205.18976
39486,210.15933
39487,258.86313
39488,296.3702
39489,335.61887
39490,276.93155
39491,340.30072
39492,321.26257
39493,353.11887
39494,320.00092
39495,418.6779
39496,464.4338
39497,491.59006
39498,368.473
39499,311.6639
39500,258.93405
39501,310.19537
39502,296.47244
39503,239.05849
39504,285.48053
39505,286.0034
39506,243.46664
39507,258.7966
39508,213.88742
39509,175.21234
39510,349.023
39511,160.51482
39512,179.28665
39513,152.83656
39514,145.50865
39515,169.28699
39516,141.02263
39517,109.84717
39518,65.68463
39519,110.89332
39520,120.89632
39521,108.68976
39522,112.613045
39523,116.320984
39524,133.48917
39525,126.4881
39526,51.689682
39527,42.30123
39528,82.13005
39529,80.2832
39530,78.00198
39531,102.478035
39532,114.11571
39533,131.89003
39534,164.26251
39535,130.43628
39536,80.39372
39537,138.96307
39538,116.90391
39539,108.94999
39540,93.37424
39541,120.233986
39542,68.06578
39543,58.724247
39544,45.044983
39545,77.79158
39546,107.14235
39547,137.32544
39548,146.4701
39549,82.21509
39550,73.32224
39551,24.028717
39552,21.033964
39553,20.818926
39554,51.14915
39555,87.70769
39556,105.7245
39557,183.22226
39558,361.5794
39559,327.8873
39560,255.36111
39561,355.06116
39562,360.93732
39563,292.8548
39564,253.84395
39565,225.83385
39566,191.45987
39567,186.1756
39568,209.0106
39569,183.90987
39570,238.94763
39571,292.59348
39572,369.0568
39573,384.04187
39574,377.71225
39575,369.10284
39576,374.61298
39577,314.28833
39578,275.5897
39579,279.28275
39580,197.5045
39581,189.67326
39582,235.84941
39583,223.2788
39584,200.2431
39585,321.0969
39586,368.4252
39587,397.49973
39588,465.65466
39589,615.386
39590,590.55536
39591,525.6043
39592,426.5076
39593,356.27618
39594,279.18185
39595,252.66444
39596,150.56679
39597,169.5175
39598,130.40382
39599,176.08069
39600,219.93352
39601,305.8186
39602,402.00696
39603,264.97775
39604,125.79624
39605,168.39334
39606,288.25397
39607,302.3162
39608,206.02232
39609,243.95598
39610,274.15268
39611,296.90222
39612,300.10132
39613,320.89368
39614,291.1089
39615,295.87436
39616,312.7886
39617,275.2078
39618,202.72981
39619,179.05968
39620,148.35852
39621,133.2172
39622,167.0605
39623,115.107056
39624,61.128162
39625,54.954243
39626,75.5285
39627,53.032322
39628,21.398895
39629,43.9263
39630,21.054953
39631,2.784131
39632,9.369458
39633,42.796253
39634,20.053972
39635,6.7062817
39636,6.977296
39637,38.666325
39638,48.24498
39639,4.851823
39640,7.85504
39641,50.891735
39642,37.946495
39643,102.00233
39644,79.42363
39645,146.37508
39646,101.29388
39647,56.56399
39648,31.705488
39649,80.2542
39650,93.07432
39651,128.63788
39652,98.511986
39653,46.45216
39654,18.327148
39655,2.9325383
39656,-0.55616045
39657,151.07616
39658,78.200294
39659,157.88045
39660,158.8068
39661,197.98235
39662,146.18707
39663,111.24483
39664,251.17447
39665,186.99527
39666,184.61823
39667,516.98584
39668,284.40076
39669,163.34602
39670,244.51167
39671,195.34418
39672,139.55962
39673,161.15028
39674,269.5557
39675,207.12663
39676,118.440025
39677,226.3941
39678,144.29129
39679,201.71857
39680,306.76358
39681,289.0804
39682,455.8993
39683,381.1795
39684,274.82315
39685,354.11548
39686,338.15628
39687,206.44101
39688,301.597
39689,320.4116
39690,267.11514
39691,247.47252
39692,186.2123
39693,142.00075
39694,183.85504
39695,265.76212
39696,406.52097
39697,476.10178
39698,596.7282
39699,740.386
39700,763.44727
39701,979.16986
39702,996.7226
39703,860.7523
39704,749.7269
39705,676.0348
39706,577.7343
39707,492.36227
39708,516.327
39709,604.0884
39710,724.70483
39711,825.9695
39712,773.82556
39713,696.07117
39714,646.5978
39715,679.3626
39716,910.1357
39717,774.90173
39718,735.5408
39719,645.09326
39720,697.29913
39721,716.73944
39722,800.5989
39723,825.6613
39724,894.9954
39725,842.2262
39726,903.09564
39727,888.6104
39728,913.5525
39729,837.66437
39730,672.1474
39731,550.52783
39732,607.88727
39733,622.6869
39734,562.71625
39735,516.5086
39736,532.1941
39737,591.2242
39738,668.23083
39739,641.6853
39740,551.35754
39741,492.46362
39742,537.1333
39743,648.2249
39744,714.20703
39745,840.7336
39746,852.8474
39747,998.82336
39748,954.6139
39749,963.06085
39750,940.75684
39751,974.4155
39752,936.628
39753,810.1151
39754,809.3121
39755,801.9959
39756,828.60455
39757,801.0999
39758,763.15674
39759,731.18115
39760,676.56354
39761,690.17456
39762,733.7327
39763,718.3744
39764,664.3723
39765,479.6381
39766,396.4717
39767,373.88553
39768,434.68375
39769,449.89798
39770,578.97034
39771,666.45416
39772,546.78076
39773,547.4424
39774,494.83896
39775,313.9155
39776,245.02782
39777,273.97467
39778,297.82925
39779,277.2483
39780,386.13266
39781,327.2991
39782,220.19281
39783,179.71994
39784,145.85962
39785,169.81252
39786,352.70575
39787,340.80585
39788,295.8587
39789,234.15631
39790,197.3484
39791,278.03452
39792,288.11426
39793,287.22195
39794,365.3115
39795,225.60959
39796,209.66168
39797,217.60568
39798,288.67093
39799,157.17725
39800,226.53458
39801,247.02802
39802,193.45894
39803,225.87953
39804,212.85298
39805,129.50945
39806,254.5567
39807,178.8594
39808,153.06995
39809,66.79145
39810,10.488344
39811,57.493214
39812,140.79356
39813,163.98317
39814,186.46962
39815,234.67189
39816,202.65215
39817,195.22383
39818,105.32409
39819,111.411934
39820,177.76884
39821,137.65201
39822,180.20279
39823,141.13857
39824,137.99287
39825,103.579056
39826,161.36218
39827,392.7423
39828,242.33728
39829,252.51367
39830,167.63277
39831,138.51817
39832,129.04512
39833,221.42741
39834,213.28075
39835,253.50305
39836,247.85332
39837,247.07536
39838,176.9047
39839,115.02726
39840,155.54608
39841,187.59023
39842,223.9891
39843,245.0862
39844,299.83463
39845,359.0811
39846,372.14066
39847,435.85068
39848,601.24036
39849,591.28
39850,586.4266
39851,596.4953
39852,477.9755
39853,573.6679
39854,514.3268
39855,486.1568
39856,484.58987
39857,449.94836
39858,421.46567
39859,455.32516
39860,403.04346
39861,439.9673
39862,374.1205
39863,332.97852
39864,401.96
39865,346.24313
39866,339.50595
39867,363.13058
39868,483.8902
39869,504.32034
39870,480.5718
39871,473.38974
39872,473.56293
39873,496.3602
39874,452.20804
39875,490.26547
39876,481.49478
39877,392.6161
39878,333.97443
39879,306.95538
39880,280.4338
39881,225.40154
39882,193.70749
39883,149.5954
39884,140.50146
39885,122.73565
39886,125.178314
39887,113.619675
39888,88.423706
39889,64.47249
39890,61.373913
39891,68.89986
39892,62.86276
39893,61.932865
39894,70.999985
39895,76.812874
39896,73.17898
39897,79.35653
39898,66.27539
39899,53.793724
39900,65.68769
39901,57.02262
39902,68.544556
39903,75.98064
39904,55.305313
39905,57.428516
39906,47.086033
39907,40.61304
39908,34.224693
39909,31.041718
39910,23.97701
39911,23.78428
39912,14.520459
39913,-0.81924677
39914,14.305322
39915,10.310803
39916,16.16653
39917,37.745003
39918,10.65626
39919,10.212453
39920,3.2882743
39921,-6.028984
39922,-4.972097
39923,-2.8875363
39924,-4.624708
39925,1.67221
39926,-2.705033
39927,3.0532162
39928,9.935485
39929,12.955773
39930,-3.767088
39931,-3.7479565
39932,-0.7585546
39933,-0.77386224
39934,-0.7945372
39935,-0.80045295
39936,-0.86909723
39937,-0.7828909
39938,-0.8384805
39939,-0.85078907
39940,-0.8052721
39941,-0.8953848
39942,-0.90610844
39943,-0.89204735
39944,-0.8354947
39945,-0.91223043
39946,-0.95219594
39947,-0.91403884
39948,-0.91953975
39949,-0.9477073
39950,-0.94802344
39951,-0.84847724
39952,-1.0303185
39953,-0.9748927
39954,-0.9527408
39955,-0.9610128
39956,-1.0638102
39957,-1.0306797
39958,-0.966867
39959,-0.93328094
39960,-0.88946825
39961,-0.9711591
39962,-0.9711591
39963,-0.87691814
39964,-0.86748844
39965,-0.91200274
39966,-0.89973605
39967,-0.870188
39968,-0.8365532
39969,-0.8312913
39970,-1.0388126
39971,-0.97006404
39972,-0.9143355
39973,-1.0355322
39974,-1.0288899
39975,-1.0496588
39976,-1.0193683
39977,-1.0231073
39978,-1.6800938
39979,-1.0826371
39980,-1.0537373
39981,-1.7306415
39982,-0.44382563
39983,56.31267
39984,92.811966
39985,105.26279
39986,111.60275
39987,137.65675
39988,119.46309
39989,78.95102
39990,94.3016
39991,126.951096
39992,131.37378
39993,105.19825
39994,75.1002
39995,73.053535
39996,83.33173
39997,90.39987
39998,69.40424
39999,93.272934
40000,93.32248
40001,56.74268
40002,43.428024
40003,46.11985
40004,42.687748
40005,38.314217
40006,34.442234
40007,12.190812
40008,10.436264
40009,0.3913623
40010,-6.538263
40011,-6.8709965
40012,-7.4071355
40013,-7.364415
40014,-7.4523153
40015,2.9152694
40016,16.75029
40017,16.90044
40018,9.965314
40019,10.548772
40020,27.501032
40021,-2.6089745
40022,0.28012112
40023,3.310776
40024,-5.461188
40025,-4.0981083
40026,-5.0249014
40027,-4.521627
40028,-3.9070566
40029,0.34744698
40030,10.238944
40031,0.46952683
40032,-3.1851552
40033,-2.8811092
40034,-1.4928346
40035,-1.4144334
40036,-1.1608871
40037,-1.0064117
40038,-1.02765
40039,13.8982115
40040,19.832743
40041,24.237015
40042,38.139294
40043,40.964317
40044,23.62303
40045,9.274333
40046,4.5379705
40047,0.40947258
40048,-7.0471344
40049,-6.219921
40050,-0.18907756
40051,-1.4703538
40052,-1.520692
40053,-1.6020944
40054,-1.4396075
40055,-1.4631398
40056,-1.4947656
40057,-1.6154892
40058,-1.5286605
40059,-1.6506133
40060,-1.5654769
40061,-1.5067046
40062,-1.445819
40063,-1.4483378
40064,-1.4252518
40065,-1.228876
40066,-1.2295886
40067,-1.1953243
40068,-1.1714588
40069,-1.2194679
40070,-1.242633
40071,-1.2238995
40072,-1.1071095
40073,-1.0336857
40074,-1.1514813
40075,-1.1315198
40076,-1.0679085
40077,-0.99430454
40078,-0.96890444
40079,-0.9955691
40080,-0.9827887
40081,-0.9800508
40082,-1.0288702
40083,-0.9546959
40084,-1.0578148
40085,-1.0496237
40086,-1.0723768
40087,-1.0751146
40088,-1.0723768
40089,-1.0751146
40090,-1.0751146
40091,-1.0608972
40092,-1.0871067
40093,-1.1018945
40094,-0.99799514
40095,-0.9795023
40096,-0.8552936
40097,87.01051
40098,137.0229
40099,158.89601
40100,139.25401
40101,106.99313
40102,89.81539
40103,60.149635
40104,107.35889
40105,117.43806
40106,105.79069
40107,84.98742
40108,95.517395
40109,138.22261
40110,151.36275
40111,130.87503
40112,136.3727
40113,160.91783
40114,191.00798
40115,112.90803
40116,152.73764
40117,179.66072
40118,193.60635
40119,194.5951
40120,176.10956
40121,216.61223
40122,245.06808
40123,226.78687
40124,203.56847
40125,265.1161
40126,248.50412
40127,233.18254
40128,240.83095
40129,218.89812
40130,237.50812
40131,281.52054
40132,407.7228
40133,391.46518
40134,438.70264
40135,528.05237
40136,456.23642
40137,396.72012
40138,324.19617
40139,304.83774
40140,325.0828
40141,325.75565
40142,363.41025
40143,375.98853
40144,370.3618
40145,350.3221
40146,377.55716
40147,284.74158
40148,226.30269
40149,117.50449
40150,90.10726
40151,78.594215
40152,103.5296
40153,147.86067
40154,259.9361
40155,270.34955
40156,266.17514
40157,333.7621
40158,389.27567
40159,303.25717
40160,332.44418
40161,312.43942
40162,297.61588
40163,332.4182
40164,303.17688
40165,329.843
40166,537.2189
40167,639.64233
40168,538.8948
40169,453.48386
40170,416.98563
40171,303.23184
40172,274.59705
40173,325.52646
40174,392.50717
40175,323.6455
40176,317.95944
40177,302.57867
40178,313.86752
40179,185.87143
40180,94.02231
40181,69.635796
40182,153.2165
40183,153.62453
40184,134.5255
40185,294.02954
40186,356.50168
40187,491.54175
40188,407.4946
40189,359.48657
40190,451.4913
40191,342.0588
40192,254.10869
40193,429.25177
40194,141.08961
40195,242.33408
40196,355.53235
40197,280.64426
40198,309.2616
40199,289.59396
40200,253.40977
40201,243.89795
40202,169.8169
40203,142.82347
40204,213.26819
40205,69.85806
40206,179.08585
40207,128.09108
40208,140.46184
40209,65.971565
40210,116.54299
40211,250.5146
40212,205.14253
40213,54.1879
40214,66.780464
40215,78.90785
40216,153.08617
40217,190.41125
40218,211.72874
40219,184.76042
40220,267.9352
40221,229.88535
40222,175.1415
40223,131.42912
40224,80.80475
40225,182.59137
40226,156.23457
40227,193.05576
40228,171.12051
40229,152.86894
40230,196.74957
40231,201.29675
40232,199.15634
40233,245.06721
40234,268.58163
40235,342.05237
40236,456.5367
40237,627.2323
40238,774.5375
40239,773.2938
40240,883.8856
40241,785.4318
40242,753.22906
40243,738.50964
40244,762.65466
40245,915.15857
40246,837.87146
40247,788.7919
40248,664.6977
40249,685.48724
40250,539.911
40251,427.04907
40252,426.40372
40253,594.9218
40254,596.8225
40255,564.7756
40256,416.73288
40257,360.67316
40258,422.39566
40259,558.60394
40260,574.1811
40261,437.22427
40262,382.23148
40263,311.96814
40264,357.70593
40265,364.21082
40266,362.86594
40267,270.67517
40268,217.32126
40269,210.94452
40270,269.21628
40271,255.0954
40272,230.5326
40273,210.76651
40274,225.92339
40275,193.83618
40276,182.91457
40277,168.44023
40278,163.83104
40279,117.813675
40280,96.36664
40281,96.35212
40282,101.36602
40283,89.387566
40284,144.67467
40285,187.1559
40286,193.58841
40287,143.81525
40288,143.64154
40289,142.3024
40290,252.84431
40291,394.22913
40292,483.0162
40293,597.88135
40294,663.6635
40295,655.0206
40296,652.82776
40297,653.03705
40298,567.06696
40299,620.5064
40300,564.9155
40301,559.79767
40302,644.9056
40303,557.66614
40304,479.0059
40305,576.0305
40306,571.36
40307,507.60828
40308,514.7237
40309,525.7352
40310,391.16263
40311,401.16412
40312,454.26486
40313,519.57336
40314,670.5059
40315,595.3987
40316,625.7153
40317,583.95264
40318,495.10687
40319,480.12326
40320,445.5741
40321,536.84
40322,455.51965
40323,500.96567
40324,329.39856
40325,303.16544
40326,213.54842
40327,327.86115
40328,574.9861
40329,780.67944
40330,762.53424
40331,474.21915
40332,646.1703
40333,567.249
40334,442.0396
40335,425.48575
40336,493.89346
40337,297.3593
40338,275.3352
40339,563.26746
40340,417.45813
40341,772.51135
40342,553.4987
40343,630.92755
40344,708.3644
40345,484.61865
40346,679.7734
40347,446.04688
40348,576.8276
40349,470.35098
40350,758.34625
40351,1022.86096
40352,509.09595
40353,738.8445
40354,512.33453
40355,829.54865
40356,709.8925
40357,563.00085
40358,493.70255
40359,488.64236
40360,564.2545
40361,392.8207
40362,300.10733
40363,319.67984
40364,420.39456
40365,465.81903
40366,495.3375
40367,834.1441
40368,683.50214
40369,441.57236
40370,480.4895
40371,517.69995
40372,440.5219
40373,360.9641
40374,286.8477
40375,207.36452
40376,326.2395
40377,369.3954
40378,533.84296
40379,791.8144
40380,749.7144
40381,853.78687
40382,713.8416
40383,763.6791
40384,708.6795
40385,718.95654
40386,958.2467
40387,1034.454
40388,1131.4773
40389,983.3
40390,827.1523
40391,702.388
40392,855.656
40393,787.4575
40394,634.0011
40395,496.16663
40396,421.00974
40397,627.3524
40398,707.44836
40399,549.4127
40400,696.334
40401,597.03546
40402,853.5767
40403,612.1345
40404,473.05048
40405,429.39188
40406,382.8226
40407,363.92834
40408,371.47244
40409,307.33725
40410,290.80338
40411,257.0703
40412,171.04019
40413,133.53745
40414,145.43263
40415,202.94075
40416,191.53839
40417,181.592
40418,160.29898
40419,149.34715
40420,111.01201
40421,136.42235
40422,94.72412
40423,90.781906
40424,82.70113
40425,70.75676
40426,48.373657
40427,24.44689
40428,16.06418
40429,18.126556
40430,19.173256
40431,21.964396
40432,31.71601
40433,19.179068
40434,84.008484
40435,64.74308
40436,87.9653
40437,99.08127
40438,103.50833
40439,120.04957
40440,93.920845
40441,65.77516
40442,49.96817
40443,43.5402
40444,41.73422
40445,43.55346
40446,25.963936
40447,38.262577
40448,12.984435
40449,14.034669
40450,21.965666
40451,22.29898
40452,13.186447
40453,17.98964
40454,9.481783
40455,-6.8833566
40456,-7.014119
40457,4.671637
40458,-7.1843724
40459,-4.408352
40460,-4.2730823
40461,-6.7012544
40462,5.8614674
40463,-4.0640798
40464,-1.6366013
40465,13.652143
40466,-3.2562351
40467,-1.5120593
40468,-1.449568
40469,-1.1057539
40470,-1.1464591
40471,-1.0564291
40472,-1.0322148
40473,-1.0346467
40474,-0.9232301
40475,-1.0146368
40476,-1.0688789
40477,-1.0557297
40478,-1.04217
40479,-1.0891093
40480,-1.0931733
40481,-1.1128118
40482,-1.7334455
40483,-1.2635344
40484,7.5734415
40485,25.46809
40486,13.289649
40487,4.07512
40488,41.308918
40489,12.218621
40490,16.388334
40491,30.493286
40492,16.486237
40493,38.004124
40494,42.554417
40495,69.545876
40496,58.872795
40497,31.79045
40498,57.091656
40499,30.051147
40500,-0.24811709
40501,12.441503
40502,2.000029
40503,-0.9040831
40504,6.810655
40505,31.99483
40506,18.158281
40507,22.472343
40508,42.101852
40509,-0.6346792
40510,-0.4210777
40511,32.75489
40512,33.78485
40513,90.61467
40514,103.75324
40515,81.422195
40516,-2.7842722
40517,-1.0046645
40518,3.4324112
40519,7.302959
40520,-4.457826
40521,67.56835
40522,123.62208
40523,118.306816
40524,129.04663
40525,150.25941
40526,165.15541
40527,222.61945
40528,244.12018
40529,284.6181
40530,296.37973
40531,431.8643
40532,454.7598
40533,503.93228
40534,535.67944
40535,572.8603
40536,542.2257
40537,551.724
40538,725.38434
40539,569.30914
40540,646.039
40541,737.29553
40542,708.0032
40543,715.5248
40544,787.4623
40545,822.4423
40546,1031.8284
40547,1054.8718
40548,1054.1252
40549,1085.6827
40550,1010.10675
40551,1162.8137
40552,911.99786
40553,933.21326
40554,880.23236
40555,978.1281
40556,1189.3737
40557,936.6412
40558,947.02576
40559,1002.95325
40560,1164.9177
40561,891.1744
40562,963.91327
40563,947.4852
40564,935.1078
40565,864.04913
40566,881.98425
40567,779.8721
40568,967.2672
40569,857.1043
40570,647.82513
40571,419.55835
40572,404.8835
40573,639.83105
40574,448.19824
40575,248.50806
40576,212.54239
40577,272.5269
40578,342.61832
40579,465.84644
40580,501.04346
40581,609.75385
40582,881.4377
40583,790.7751
40584,723.69904
40585,681.4249
40586,721.2214
40587,913.63727
40588,892.25385
40589,857.1174
40590,805.2012
40591,725.37305
40592,671.5546
40593,584.2993
40594,549.4994
40595,629.81274
40596,424.82727
40597,392.13644
40598,257.12204
40599,273.58163
40600,519.5937
40601,620.64343
40602,371.3063
40603,148.39273
40604,306.6899
40605,484.68436
40606,364.29782
40607,559.8246
40608,536.36255
40609,410.04538
40610,377.83966
40611,617.8462
40612,581.1933
40613,513.8158
40614,382.4574
40615,218.88739
40616,383.76654
40617,412.38043
40618,346.70267
40619,486.41266
40620,329.8338
40621,440.38644
40622,275.0488
40623,173.88808
40624,132.57071
40625,94.04174
40626,106.21994
40627,123.13467
40628,190.01627
40629,79.08231
40630,85.21951
40631,38.12562
40632,33.777794
40633,33.50942
40634,49.7617
40635,82.31976
40636,140.77739
40637,108.83124
40638,93.10261
40639,124.31778
40640,126.41714
40641,151.68488
40642,110.91887
40643,48.194294
40644,47.796627
40645,19.540522
40646,11.297794
40647,-1.8870089
40648,-0.9712226
40649,-1.1053169
40650,-1.6067892
40651,22.047413
40652,-0.4094538
40653,-1.7484577
40654,5.6340423
40655,-1.2427961
40656,-1.0318124
40657,-0.9715623
40658,-0.79015195
40659,-0.794838
40660,-0.9064035
40661,-0.29277605
40662,175.4406
40663,171.97647
40664,141.17366
40665,104.11138
40666,115.600075
40667,119.36606
40668,103.14217
40669,119.26967
40670,74.65085
40671,71.16687
40672,91.09995
40673,82.061874
40674,36.180145
40675,5.9886136
40676,45.082855
40677,72.31306
40678,78.36461
40679,60.88738
40680,62.257507
40681,62.527115
40682,76.170166
40683,107.41241
40684,132.57805
40685,188.51599
40686,216.61708
40687,234.12334
40688,187.75331
40689,193.8626
40690,193.43898
40691,219.12923
40692,316.0672
40693,333.29675
40694,297.24112
40695,276.41302
40696,277.97562
40697,302.74423
40698,384.9094
40699,351.4554
40700,351.46054
40701,282.8074
40702,258.0777
40703,316.29694
40704,317.38275
40705,278.02054
40706,201.45262
40707,175.98105
40708,216.01071
40709,396.68396
40710,456.2645
40711,468.50488
40712,442.21347
40713,402.57123
40714,438.0608
40715,406.06937
40716,428.42224
40717,436.25052
40718,651.13336
40719,627.7042
40720,728.9471
40721,758.354
40722,838.9439
40723,726.76196
40724,579.973
40725,581.61145
40726,440.77203
40727,535.6153
40728,501.61523
40729,469.67163
40730,389.2747
40731,467.54828
40732,644.73846
40733,642.9175
40734,622.3466
40735,389.4467
40736,288.62018
40737,334.79074
40738,375.7403
40739,419.28784
40740,432.16235
40741,528.5122
40742,662.5533
40743,860.42554
40744,689.8153
40745,449.36743
40746,457.968
40747,597.4816
40748,602.60046
40749,680.21893
40750,837.1465
40751,852.52246
40752,870.52155
40753,740.6533
40754,719.76556
40755,1028.7568
40756,861.8889
40757,665.052
40758,435.49487
40759,333.35574
40760,329.1859
40761,222.20506
40762,203.37683
40763,190.16064
40764,211.37462
40765,206.42665
40766,233.34872
40767,336.35876
40768,230.97528
40769,310.74863
40770,288.6712
40771,166.09114
40772,183.34909
40773,212.63144
40774,242.25833
40775,293.42966
40776,266.56546
40777,318.57947
40778,120.879814
40779,288.9038
40780,546.70197
40781,299.54077
40782,381.84344
40783,232.86014
40784,233.78386
40785,221.92966
40786,161.73552
40787,122.484215
40788,153.19345
40789,118.10969
40790,165.97513
40791,190.74983
40792,224.96298
40793,220.51793
40794,198.10052
40795,176.09167
40796,167.90918
40797,144.07771
40798,125.480225
40799,190.1401
40800,249.85822
40801,327.93185
40802,366.40125
40803,292.05392
40804,324.142
40805,332.32608
40806,349.63727
40807,306.3649
40808,342.40945
40809,397.15796
40810,424.53766
40811,454.36044
40812,503.3084
40813,615.7633
40814,665.70306
40815,702.2272
40816,670.69836
40817,747.94586
40818,723.94684
40819,541.3336
40820,616.4851
40821,640.6587
40822,624.2418
40823,617.71936
40824,751.0036
40825,775.2341
40826,805.0868
40827,895.27637
40828,904.78015
40829,902.4307
40830,792.39734
40831,778.6567
40832,737.5512
40833,803.1866
40834,699.9315
40835,743.2675
40836,891.95807
40837,788.74927
40838,798.007
40839,835.6914
40840,781.4681
40841,839.6245
40842,1101.7784
40843,840.489
40844,962.66315
40845,768.4253
40846,610.742
40847,497.6314
40848,761.24414
40849,949.76465
40850,1003.9174
40851,808.6579
40852,1191.91
40853,1067.4373
40854,1052.1663
40855,619.73224
40856,496.57782
40857,580.98926
40858,541.167
40859,581.3913
40860,674.986
40861,641.7454
40862,544.43005
40863,393.28784
40864,516.6377
40865,544.55225
40866,435.5594
40867,365.62985
40868,613.55194
40869,547.8372
40870,472.92636
40871,640.86414
40872,730.52
40873,722.7568
40874,813.6476
40875,1093.2135
40876,1194.1614
40877,1364.2235
40878,1145.4946
40879,1054.4332
40880,943.2248
40881,955.49164
40882,731.7623
40883,798.9421
40884,993.35345
40885,1075.5377
40886,1223.7897
40887,1133.3749
40888,1225.5032
40889,1268.2891
40890,1293.4529
40891,1296.8219
40892,1128.8484
40893,1679.6194
40894,965.7115
40895,1547.7102
40896,1079.0198
40897,1128.8225
40898,1028.527
40899,749.6493
40900,667.2559
40901,614.2993
40902,730.10376
40903,1008.0828
40904,876.18945
40905,876.8862
40906,722.93243
40907,851.8431
40908,626.15045
40909,554.5056
40910,576.5413
40911,577.5659
40912,417.33
40913,495.1404
40914,663.7492
40915,518.8114
40916,392.45187
40917,612.3384
40918,571.345
40919,585.00275
40920,471.7242
40921,336.09973
40922,526.7889
40923,677.2343
40924,971.74536
40925,693.3399
40926,470.53458
40927,794.1335
40928,622.72064
40929,550.6786
40930,548.78406
40931,569.10614
40932,328.7606
40933,500.33722
40934,372.4334
40935,793.0396
40936,686.12823
40937,474.25742
40938,577.5682
40939,527.3958
40940,547.25964
40941,404.83582
40942,470.78268
40943,605.5708
40944,548.09375
40945,360.7016
40946,377.22055
40947,349.446
40948,331.63498
40949,285.2496
40950,277.98
40951,303.0484
40952,257.6303
40953,317.94882
40954,372.96188
40955,284.45383
40956,333.18607
40957,340.44748
40958,317.69458
40959,387.8705
40960,355.26556
40961,253.53822
40962,316.72647
40963,278.31183
40964,210.03102
40965,207.39026
40966,226.0653
40967,222.84447
40968,398.97815
40969,474.13846
40970,652.01654
40971,593.12744
40972,472.05017
40973,558.8333
40974,592.52783
40975,634.467
40976,655.49774
40977,850.22644
40978,743.5829
40979,883.87537
40980,852.14557
40981,668.85114
40982,733.54474
40983,678.47565
40984,741.02026
40985,739.8222
40986,708.0193
40987,728.97626
40988,648.4708
40989,618.7342
40990,603.4656
40991,586.7238
40992,670.7297
40993,731.3301
40994,711.43665
40995,676.48083
40996,480.54596
40997,418.83786
40998,432.88657
40999,566.9295
41000,483.121
41001,495.99884
41002,487.28818
41003,347.98654
41004,348.18286
41005,341.7378
41006,448.2359
41007,618.28613
41008,588.5163
41009,696.0025
41010,656.97266
41011,619.8815
41012,296.4015
41013,352.20325
41014,337.14096
41015,442.30585
41016,544.62
41017,571.6185
41018,637.1015
41019,610.47833
41020,596.3683
41021,627.20074
41022,791.9554
41023,640.41406
41024,653.5656
41025,544.0959
41026,575.5019
41027,814.6779
41028,837.5341
41029,903.8842
41030,730.49664
41031,467.77527
41032,576.027
41033,561.9177
41034,433.79504
41035,591.73096
41036,821.061
41037,936.50104
41038,787.3705
41039,580.8848
41040,596.57886
41041,263.86472
41042,584.6865
41043,737.97577
41044,850.6142
41045,626.1805
41046,657.00995
41047,670.9187
41048,678.163
41049,893.8989
41050,1000.58386
41051,1193.0527
41052,962.99524
41053,644.0461
41054,758.84174
41055,683.6024
41056,592.61945
41057,258.09595
41058,160.76324
41059,161.51181
41060,338.64703
41061,1208.2224
41062,1310.7332
41063,1147.8964
41064,1335.382
41065,1332.8905
41066,1249.5911
41067,1222.0662
41068,1044.7021
41069,948.4769
41070,773.0802
41071,657.1545
41072,621.25256
41073,583.0654
41074,513.2838
41075,541.792
41076,403.40726
41077,339.3201
41078,397.48477
41079,581.2184
41080,633.2379
41081,855.0082
41082,1107.6218
41083,1302.461
41084,969.64667
41085,536.2126
41086,457.57242
41087,558.90845
41088,651.3732
41089,476.90247
41090,624.9746
41091,616.2891
41092,667.07776
41093,607.2043
41094,813.0009
41095,657.2363
41096,739.03784
41097,457.35608
41098,360.12265
41099,550.18024
41100,503.23358
41101,675.6564
41102,715.90234
41103,519.8309
41104,629.4183
41105,870.6977
41106,921.53345
41107,1228.4141
41108,1002.4018
41109,823.8399
41110,353.76086
41111,328.3111
41112,297.68674
41113,197.8016
41114,609.2334
41115,1355.7562
41116,1211.7573
41117,553.9948
41118,528.8469
41119,621.62964
41120,715.841
41121,770.55786
41122,1122.4929
41123,1234.285
41124,1251.5343
41125,1459.771
41126,1257.3792
41127,1316.1543
41128,1334.0261
41129,1283.9587
41130,1146.5159
41131,1151.231
41132,1270.8981
41133,1251.1731
41134,1229.1443
41135,983.7807
41136,1111.5922
41137,1078.3463
41138,932.57465
41139,1110.7703
41140,1098.2358
41141,938.6215
41142,1115.7839
41143,1046.7366
41144,932.3592
41145,1033.4529
41146,1212.6743
41147,1036.8087
41148,1206.7499
41149,1533.2194
41150,1550.9519
41151,1371.4445
41152,1467.9335
41153,1317.2955
41154,1317.6713
41155,1307.028
41156,1401.3262
41157,1481.5068
41158,1600.0568
41159,1384.7589
41160,1549.0074
41161,1481.6853
41162,1594.4875
41163,1566.2314
41164,1386.1295
41165,1329.204
41166,1522.9001
41167,1590.0166
41168,1450.7957
41169,1395.0455
41170,1575.8954
41171,1572.106
41172,1608.5472
41173,1266.3759
41174,1467.7753
41175,1604.5671
41176,1578.3738
41177,1692.7449
41178,1581.3217
41179,1726.6808
41180,1371.8411
41181,1471.5702
41182,1564.8168
41183,1372.6115
41184,1331.8625
41185,1148.6605
41186,1203.1656
41187,1242.7611
41188,1181.6494
41189,1214.1188
41190,1142.2898
41191,1114.7736
41192,1040.0427
41193,962.5055
41194,1184.795
41195,1258.1945
41196,1084.4362
41197,1169.4377
41198,1299.1235
41199,1124.5045
41200,1150.33
41201,1032.9331
41202,1130.051
41203,1206.0734
41204,895.85114
41205,673.5785
41206,653.858
41207,1001.0149
41208,1034.5936
41209,582.0607
41210,412.90042
41211,285.6936
41212,962.3706
41213,641.588
41214,554.98425
41215,815.3543
41216,857.1228
41217,752.7569
41218,730.5176
41219,690.3494
41220,631.29065
41221,353.96527
41222,428.46616
41223,437.40042
41224,447.68552
41225,275.7744
41226,1480.7803
41227,336.0981
41228,231.93051
41229,365.0726
41230,440.68472
41231,365.51007
41232,445.14264
41233,598.88654
41234,460.7945
41235,432.9771
41236,459.6569
41237,209.74004
41238,176.07904
41239,345.96338
41240,584.70013
41241,608.11237
41242,687.79047
41243,612.864
41244,534.45734
41245,514.35425
41246,590.51044
41247,574.4427
41248,341.17975
41249,375.00146
41250,717.1106
41251,804.6494
41252,606.5991
41253,562.9916
41254,435.71924
41255,499.42218
41256,404.91196
41257,458.7957
41258,466.87836
41259,440.3459
41260,480.17297
41261,522.77057
41262,500.58823
41263,498.11877
41264,428.24612
41265,441.37762
41266,330.27405
41267,281.81705
41268,459.1124
41269,844.67584
41270,744.0688
41271,572.7114
41272,644.882
41273,380.49908
41274,275.36984
41275,160.77304
41276,143.97337
41277,186.74884
41278,328.69846
41279,360.37576
41280,347.0976
41281,209.83469
41282,264.75238
41283,282.31836
41284,179.89995
41285,274.928
41286,216.92291
41287,202.81392
41288,189.03528
41289,178.11168
41290,224.7892
41291,299.43332
41292,256.58737
41293,226.27048
41294,246.44904
41295,188.32254
41296,172.48798
41297,274.063
41298,273.89734
41299,184.59152
41300,214.14572
41301,293.6536
41302,382.83575
41303,413.95084
41304,399.19815
41305,214.33012
41306,239.39052
41307,327.68
41308,255.62933
41309,226.83849
41310,172.08931
41311,141.94278
41312,94.65504
41313,104.633095
41314,138.29437
41315,133.76434
41316,131.48463
41317,113.98155
41318,96.22186
41319,73.62908
41320,165.27678
41321,182.2571
41322,208.90239
41323,108.14831
41324,88.03445
41325,202.61755
41326,249.67384
41327,109.41846
41328,192.71095
41329,109.63267
41330,149.01009
41331,54.748844
41332,50.15786
41333,-2.339869
41334,96.35298
41335,98.95102
41336,125.2316
41337,192.24928
41338,180.78784
41339,208.3967
41340,120.911446
41341,165.14824
41342,137.14638
41343,86.62039
41344,171.43272
41345,153.4428
41346,57.892193
41347,164.46942
41348,157.72452
41349,260.09973
41350,309.30447
41351,376.2431
41352,283.45465
41353,279.11115
41354,333.08142
41355,373.60226
41356,260.21756
41357,211.86723
41358,203.78644
41359,130.21777
41360,186.54851
41361,88.11032
41362,99.964645
41363,142.37366
41364,98.51579
41365,70.84837
41366,213.51819
41367,195.0801
41368,144.2694
41369,208.04236
41370,263.62415
41371,343.34784
41372,362.74744
41373,286.52127
41374,311.4899
41375,293.0515
41376,286.4574
41377,350.09778
41378,416.01212
41379,682.9387
41380,648.72424
41381,410.20258
41382,210.54092
41383,224.0831
41384,212.33846
41385,205.65463
41386,165.07402
41387,157.68501
41388,235.55116
41389,219.72871
41390,186.4184
41391,159.97014
41392,197.1861
41393,350.82373
41394,363.79538
41395,312.22916
41396,250.37991
41397,337.29813
41398,293.00827
41399,299.6886
41400,234.54684
41401,147.57532
41402,162.2716
41403,145.73218
41404,174.64758
41405,166.48587
41406,137.29355
41407,189.30798
41408,213.19333
41409,248.90668
41410,307.02414
41411,282.1654
41412,339.29858
41413,321.79474
41414,271.77136
41415,204.55835
41416,266.3965
41417,236.45384
41418,134.6252
41419,128.39174
41420,144.76535
41421,141.1193
41422,166.04913
41423,121.52324
41424,114.80745
41425,172.99968
41426,103.72632
41427,142.92946
41428,116.01039
41429,138.85483
41430,108.26899
41431,109.117
41432,106.71271
41433,158.51659
41434,163.12677
41435,120.4919
41436,79.999054
41437,135.37393
41438,152.3893
41439,117.518616
41440,95.71921
41441,107.84989
41442,110.95343
41443,169.56902
41444,134.49443
41445,115.93535
41446,141.72275
41447,156.70314
41448,161.71448
41449,279.73495
41450,310.8093
41451,234.44891
41452,244.73189
41453,222.09795
41454,258.25266
41455,213.71864
41456,193.4201
41457,222.68074
41458,151.88426
41459,156.66386
41460,131.12971
41461,120.350586
41462,225.27905
41463,293.0812
41464,292.29507
41465,209.7687
41466,152.73238
41467,225.34712
41468,148.21669
41469,151.06009
41470,132.38614
41471,181.09053
41472,169.63895
41473,203.36577
41474,124.689674
41475,82.5185
41476,90.64535
41477,126.3799
41478,157.3905
41479,155.42003
41480,191.96321
41481,103.30294
41482,124.66202
41483,149.90344
41484,148.37965
41485,160.70816
41486,219.10072
41487,209.61174
41488,111.66701
41489,79.594124
41490,91.9126
41491,87.49377
41492,123.58114
41493,129.72832
41494,110.13069
41495,134.42679
41496,121.93514
41497,257.58258
41498,230.29245
41499,172.2161
41500,178.81937
41501,144.58136
41502,271.5948
41503,188.00797
41504,119.79456
41505,118.41658
41506,123.39161
41507,158.14326
41508,194.0835
41509,152.46223
41510,142.95494
41511,97.83418
41512,147.12537
41513,121.79559
41514,120.42663
41515,119.251465
41516,112.392624
41517,215.3458
41518,165.9476
41519,96.20501
41520,177.06956
41521,218.48233
41522,191.0509
41523,212.09389
41524,184.85622
41525,150.84727
41526,166.49277
41527,198.82774
41528,151.73746
41529,123.02813
41530,125.68507
41531,76.51226
41532,102.05648
41533,101.91002
41534,105.16866
41535,137.61076
41536,121.85865
41537,150.80737
41538,173.66219
41539,138.72673
41540,101.58821
41541,141.93393
41542,146.81161
41543,93.54188
41544,96.68685
41545,66.6789
41546,40.840702
41547,29.575907
41548,47.936596
41549,79.73093
41550,71.57244
41551,91.94922
41552,74.24704
41553,75.95438
41554,93.09468
41555,112.26153
41556,101.62835
41557,110.43083
41558,81.69458
41559,70.823166
41560,69.47062
41561,92.21976
41562,67.81935
41563,79.654335
41564,79.06932
41565,111.13614
41566,119.07859
41567,5.998758
41568,-3.122496
41569,26.47585
41570,21.87323
41571,11.161926
41572,14.420721
41573,2.055465
41574,13.972692
41575,61.341232
41576,55.656853
41577,61.752163
41578,57.159737
41579,60.12867
41580,37.40838
41581,85.86415
41582,143.21097
41583,92.09182
41584,66.15161
41585,81.526344
41586,133.42276
41587,95.263084
41588,88.701935
41589,45.068203
41590,108.98554
41591,88.74395
41592,138.18826
41593,125.83269
41594,133.9448
41595,12.257496
41596,30.752121
41597,51.140923
41598,35.02858
41599,4.791662
41600,-2.6204338
41601,-1.1421579
41602,-1.1518842
41603,25.206673
41604,125.22639
41605,106.27329
41606,65.37553
41607,95.32361
41608,49.77724
41609,94.27456
41610,126.480995
41611,61.939407
41612,104.154816
41613,99.04447
41614,139.34384
41615,115.26882
41616,88.07313
41617,145.8201
41618,138.60005
41619,139.21077
41620,87.01632
41621,34.828514
41622,84.4991
41623,95.34878
41624,92.33148
41625,151.11984
41626,69.85129
41627,55.49781
41628,52.641922
41629,32.97757
41630,11.853887
41631,50.57858
41632,34.629475
41633,43.056896
41634,66.81476
41635,3.9855578
41636,-1.2023641
41637,-1.1369038
41638,-1.7118144
41639,-0.8910427
41640,-0.94327754
41641,17.637396
41642,23.501848
41643,32.893005
41644,46.5871
41645,63.211388
41646,60.12762
41647,48.69975
41648,13.217792
41649,50.874874
41650,41.57573
41651,63.93993
41652,70.05881
41653,66.13394
41654,94.78985
41655,26.48413
41656,-2.6959064
41657,-1.1303353
41658,-1.0174061
41659,-1.0413734
41660,-0.9588891
41661,-0.9415829
41662,-0.9325107
41663,-0.79372716
41664,25.150646
41665,5.619736
41666,-1.6764456
41667,-0.8906523
41668,-0.86015
41669,-0.86015
41670,-0.9185194
41671,-0.8582436
41672,-0.958478
41673,-0.96564865
41674,-0.9753054
41675,-0.99539536
41676,-1.714766
41677,-0.94964904
41678,-1.2071955
41679,-1.3572912
41680,-1.4658664
41681,-1.3030891
41682,-1.3480041
41683,-1.3329083
41684,-1.3086691
41685,-1.3296736
41686,-1.3242382
41687,-1.3161348
41688,-1.2770871
41689,-1.324632
41690,-1.3241577
41691,-1.3956738
41692,-1.2117041
41693,-1.1854627
41694,-1.2374626
41695,-1.2945381
41696,-1.3603787
41697,10.731466
41698,83.49881
41699,73.07826
41700,75.30708
41701,92.480675
41702,83.61384
41703,66.29354
41704,113.25418
41705,147.40262
41706,149.2011
41707,133.8726
41708,131.04755
41709,106.992516
41710,51.481815
41711,58.50472
41712,88.44812
41713,117.59456
41714,101.84067
41715,96.46429
41716,142.70639
41717,234.15106
41718,214.46089
41719,236.15152
41720,161.85378
41721,128.78044
41722,127.47182
41723,121.21573
41724,144.71901
41725,190.63274
41726,164.12541
41727,95.95049
41728,65.64433
41729,59.449764
41730,84.60107
41731,81.944954
41732,69.4568
41733,68.88321
41734,33.004536
41735,-4.9421334
41736,15.971433
41737,3.4982467
41738,48.212387
41739,94.16076
41740,37.634933
41741,2.486806
41742,-1.1447321
41743,-0.932573
41744,-0.88908523
41745,-1.017443
41746,-1.0191123
41747,-0.9941389
41748,-1.0411468
41749,-0.95353705
41750,-1.0294566
41751,-1.0762844
41752,-1.0201131
41753,-1.1065549
41754,-0.9878485
41755,-0.95920074
41756,-0.9884047
41757,-1.0336739
41758,-1.0518451
41759,-1.085192
41760,-1.1027787
41761,-1.0701698
41762,-1.11365
41763,-1.0507393
41764,-1.0424424
41765,-1.0597154
41766,-1.0157056
41767,-0.9951382
41768,-1.0735232
41769,-1.6451685
41770,-0.9779932
41771,-0.94675684
41772,-0.9795514
41773,-0.99738723
41774,-0.9779263
41775,-0.8701787
41776,-0.9566995
41777,-0.93211037
41778,-0.8871315
41779,-1.0109882
41780,-1.0313685
41781,-1.021065
41782,-1.0116102
41783,-1.6930848
41784,-0.9154867
41785,-0.86797667
41786,-0.7088535
41787,25.958204
41788,112.698746
41789,122.371994
41790,88.11408
41791,72.57174
41792,92.83411
41793,100.58547
41794,118.06256
41795,134.18338
41796,188.45152
41797,184.71278
41798,227.22282
41799,194.30115
41800,142.4219
41801,29.084812
41802,6.818053
41803,126.89569
41804,98.9741
41805,172.3973
41806,123.74491
41807,119.44741
41808,106.76894
41809,144.51186
41810,200.98463
41811,327.87878
41812,494.592
41813,412.09763
41814,389.63782
41815,494.2324
41816,665.5307
41817,846.7548
41818,650.44073
41819,471.9292
41820,481.02036
41821,425.3593
41822,261.0231
41823,263.81552
41824,246.2403
41825,265.52753
41826,158.27705
41827,194.00412
41828,303.7739
41829,363.89008
41830,225.03581
41831,303.08258
41832,190.99419
41833,199.52109
41834,317.00244
41835,318.8539
41836,268.73767
41837,454.4086
41838,247.37744
41839,130.66383
41840,106.03417
41841,68.28794
41842,120.685326
41843,148.7833
41844,168.61319
41845,172.29062
41846,257.81635
41847,228.47183
41848,243.6351
41849,136.4587
41850,379.3834
41851,194.21141
41852,214.25581
41853,205.5951
41854,175.84518
41855,165.91963
41856,167.79465
41857,290.72888
41858,310.06696
41859,167.09337
41860,137.54913
41861,85.17522
41862,150.85207
41863,174.85286
41864,105.54713
41865,109.00755
41866,149.70454
41867,237.9625
41868,407.25778
41869,283.08453
41870,229.04964
41871,473.51535
41872,188.66881
41873,317.1742
41874,98.32872
41875,146.22154
41876,183.36505
41877,155.47676
41878,229.96654
41879,575.5664
41880,249.06285
41881,329.28918
41882,102.94564
41883,217.10147
41884,609.37286
41885,425.456
41886,157.88437
41887,174.1176
41888,226.42398
41889,264.75433
41890,215.40013
41891,204.11832
41892,444.85083
41893,104.302925
41894,127.203575
41895,280.37088
41896,237.74167
41897,145.6578
41898,100.15052
41899,170.93352
41900,256.19888
41901,155.8472
41902,349.4541
41903,363.45688
41904,336.84045
41905,334.03073
41906,399.72787
41907,428.79327
41908,492.74622
41909,541.74457
41910,561.4795
41911,587.1401
41912,574.4356
41913,565.01874
41914,453.63275
41915,485.09735
41916,407.28357
41917,402.00803
41918,337.15265
41919,245.69482
41920,208.50226
41921,327.56824
41922,251.332
41923,213.60904
41924,221.49126
41925,220.93579
41926,508.25742
41927,527.703
41928,426.89465
41929,374.81815
41930,306.85464
41931,434.45587
41932,374.7081
41933,544.34467
41934,485.87802
41935,574.9593
41936,714.56604
41937,730.7249
41938,539.2551
41939,410.45984
41940,419.9138
41941,423.27426
41942,388.5226
41943,461.42218
41944,531.466
41945,394.6757
41946,293.41727
41947,277.6936
41948,277.2071
41949,327.4666
41950,304.32132
41951,284.89938
41952,200.59904
41953,184.4264
41954,155.88843
41955,139.82463
41956,87.70263
41957,89.509674
41958,68.83792
41959,98.189766
41960,78.09732
41961,43.857224
41962,60.06328
41963,49.06221
41964,27.494541
41965,10.077157
41966,12.821654
41967,23.297388
41968,11.091898
41969,14.915017
41970,11.287502
41971,5.3482766
41972,-5.953977
41973,-2.6016083
41974,-1.2780579
41975,-1.3249305
41976,-0.9726237
41977,-1.0423481
41978,-1.9141941
41979,129.93619
41980,525.0055
41981,266.3479
41982,244.40205
41983,210.13199
41984,167.14952
41985,174.00368
41986,156.28203
41987,188.5613
41988,337.7924
41989,289.1829
41990,149.5509
41991,92.54726
41992,93.904144
41993,101.27359
41994,145.56297
41995,143.62334
41996,160.41618
41997,205.48561
41998,75.07542
41999,148.38809
42000,241.29567
42001,185.92018
42002,194.34677
42003,221.16489
42004,424.17355
42005,449.59442
42006,639.5799
42007,530.29834
42008,356.2044
42009,385.14844
42010,210.23372
42011,337.5196
42012,530.6356
42013,456.86926
42014,675.67035
42015,536.43994
42016,708.62555
42017,794.21436
42018,791.7303
42019,745.56824
42020,587.50214
42021,501.99426
42022,594.40045
42023,595.7302
42024,534.1485
42025,634.2892
42026,648.64246
42027,442.82013
42028,416.20102
42029,482.59225
42030,709.5764
42031,644.01276
42032,551.0624
42033,368.54105
42034,275.55566
42035,531.3184
42036,552.1844
42037,623.9845
42038,452.53677
42039,395.30255
42040,643.6022
42041,976.5454
42042,818.2802
42043,802.2763
42044,807.1064
42045,750.5272
42046,693.71136
42047,559.733
42048,464.142
42049,569.0577
42050,407.92505
42051,562.9627
42052,557.1006
42053,617.1986
42054,654.0413
42055,583.72144
42056,448.10428
42057,479.02185
42058,569.72284
42059,600.9551
42060,563.8824
42061,648.50586
42062,938.99915
42063,944.30237
42064,928.1341
42065,1138.391
42066,1132.146
42067,1202.455
42068,1311.1488
42069,1323.0148
42070,1358.1321
42071,1524.1294
42072,1588.5958
42073,1642.3925
42074,1517.5328
42075,1465.3837
42076,1402.4
42077,1113.2572
42078,953.6716
42079,1017.01416
42080,776.77405
42081,815.6083
42082,589.6975
42083,840.7542
42084,932.37335
42085,710.65283
42086,867.07
42087,916.7709
42088,833.33466
42089,867.8953
42090,917.95386
42091,884.96564
42092,873.74805
42093,758.4086
42094,894.49915
42095,970.0459
42096,1021.9514
42097,1003.37585
42098,945.70935
42099,1110.168
42100,1757.1837
42101,1620.7617
42102,1405.1145
42103,1392.37
42104,1713.2994
42105,1628.1509
42106,1752.1044
42107,1624.7207
42108,1629.7279
42109,1415.342
42110,1354.1718
42111,1346.6492
42112,1473.449
42113,971.0712
42114,1013.09125
42115,973.6352
42116,1107.2677
42117,1288.783
42118,1112.9598
42119,1224.9022
42120,1162.2206
42121,1279.888
42122,1319.8564
42123,1082.3906
42124,1602.3984
42125,1510.6625
42126,1487.9465
42127,1549.8119
42128,1507.7062
42129,1339.0199
42130,1375.027
42131,1429.5371
42132,1229.1772
42133,1260.7296
42134,1262.3849
42135,1367.1545
42136,1217.24
42137,1438.6262
42138,971.79333
42139,1236.1565
42140,1233.4006
42141,917.43854
42142,998.27594
42143,1148.562
42144,912.249
42145,1172.1031
42146,825.0103
42147,1000.53534
42148,929.06604
42149,645.07074
42150,822.0574
42151,967.1155
42152,902.99634
42153,973.575
42154,1002.61115
42155,908.8044
42156,891.5739
42157,945.72986
42158,914.17194
42159,784.0909
42160,819.051
42161,577.109
42162,619.5358
42163,477.638
42164,387.49097
42165,253.90285
42166,205.36539
42167,163.4318
42168,100.98022
42169,112.36566
42170,239.15527
42171,211.90588
42172,225.30132
42173,201.88011
42174,74.289
42175,92.73931
42176,46.54429
42177,21.725285
42178,15.48889
42179,258.10934
42180,274.1325
42181,311.6504
42182,616.6981
42183,284.83273
42184,207.25966
42185,202.71242
42186,182.57571
42187,107.80009
42188,106.35371
42189,80.19543
42190,57.891983
42191,76.838295
42192,167.28854
42193,272.963
42194,170.84775
42195,94.13533
42196,195.09552
42197,117.200165
42198,156.92293
42199,130.67998
42200,171.18413
42201,349.70367
42202,549.7259
42203,573.8327
42204,843.6186
42205,993.83264
42206,1005.9394
42207,998.407
42208,1025.8224
42209,862.05365
42210,931.6687
42211,935.1156
42212,744.1309
42213,614.73285
42214,473.42215
42215,394.8391
42216,337.72867
42217,310.4802
42218,234.41519
42219,282.37326
42220,367.73035
42221,402.7549
42222,319.18893
42223,231.78358
42224,249.97658
42225,229.32658
42226,279.08273
42227,239.55542
42228,267.0048
42229,354.02475
42230,363.56232
42231,306.2509
42232,297.17215
42233,301.25735
42234,389.62173
42235,434.49283
42236,366.00867
42237,266.45355
42238,309.87402
42239,373.92145
42240,410.83313
42241,427.35187
42242,481.14334
42243,440.76047
42244,409.83917
42245,407.9268
42246,328.9081
42247,202.58195
42248,242.72008
42249,150.85947
42250,94.82494
42251,109.42268
42252,169.82474
42253,197.77155
42254,301.13
42255,225.67857
42256,292.0515
42257,354.56177
42258,478.48087
42259,528.66986
42260,523.03174
42261,558.3711
42262,485.07785
42263,505.98285
42264,472.14297
42265,368.08688
42266,294.19803
42267,225.4334
42268,237.4055
42269,300.0336
42270,127.573395
42271,67.37068
42272,59.44661
42273,54.08073
42274,87.60324
42275,126.74164
42276,143.86778
42277,64.228
42278,30.41394
42279,-1.9693885
42280,3.8688173
42281,19.00676
42282,33.050533
42283,93.30405
42284,152.82791
42285,63.92317
42286,5.3051486
42287,-1.062729
42288,6.42793
42289,225.71442
42290,190.00871
42291,167.76245
42292,106.52818
42293,126.537834
42294,90.61362
42295,111.55717
42296,79.72422
42297,142.5703
42298,150.87462
42299,70.71452
42300,129.67378
42301,263.9735
42302,201.34044
42303,76.11972
42304,127.85611
42305,100.14633
42306,200.22997
42307,173.10718
42308,230.00993
42309,205.07332
42310,96.03923
42311,118.6541
42312,124.31826
42313,151.54599
42314,172.38084
42315,78.16229
42316,98.5102
42317,73.686005
42318,54.163204
42319,93.05471
42320,79.84529
42321,34.627747
42322,-2.6768832
42323,-1.0506731
42324,104.871216
42325,299.16425
42326,200.46445
42327,239.56516
42328,292.11798
42329,237.53972
42330,255.52003
42331,226.38
42332,258.41782
42333,298.62195
42334,256.4423
42335,207.33421
42336,204.62549
42337,264.74426
42338,200.9311
42339,199.55396
42340,196.94902
42341,211.203
42342,129.05629
42343,125.33752
42344,124.03874
42345,115.551575
42346,90.487335
42347,86.90975
42348,68.96436
42349,48.57716
42350,42.328377
42351,45.940178
42352,56.37937
42353,73.124565
42354,57.59534
42355,63.62639
42356,89.27697
42357,101.64665
42358,61.518677
42359,94.15778
42360,113.380356
42361,131.12924
42362,142.9503
42363,179.90947
42364,159.0503
42365,129.02718
42366,117.099754
42367,108.88805
42368,159.17345
42369,226.10568
42370,292.114
42371,271.68552
42372,192.43747
42373,218.02203
42374,254.37425
42375,289.19046
42376,270.15363
42377,270.05515
42378,228.43762
42379,204.70338
42380,220.22296
42381,235.92935
42382,234.58089
42383,229.96915
42384,239.89615
42385,224.47505
42386,212.06587
42387,203.35243
42388,252.12451
42389,224.56747
42390,245.31628
42391,254.66806
42392,189.74658
42393,177.7359
42394,178.25389
42395,175.05197
42396,191.65855
42397,199.33939
42398,202.34982
42399,188.0597
42400,154.99164
42401,161.9065
42402,194.8978
42403,204.95566
42404,192.59894
42405,229.49309
42406,242.72592
42407,233.10992
42408,149.5401
42409,103.6057
42410,134.00702
42411,155.85934
42412,155.24622
42413,176.20169
42414,146.20857
42415,127.57904
42416,110.74941
42417,111.849556
42418,103.93318
42419,120.94366
42420,97.225784
42421,88.377266
42422,89.47013
42423,76.29639
42424,56.202374
42425,37.914085
42426,21.023321
42427,37.687378
42428,29.884224
42429,4.2061977
42430,-1.8500824
42431,17.057959
42432,27.992477
42433,-1.294021
42434,-1.6652848
42435,-1.0032066
42436,-0.762586
42437,-0.6985698
42438,16.030537
42439,64.12213
42440,39.867935
42441,22.936363
42442,14.3365755
42443,3.565439
42444,-0.82606363
42445,11.372403
42446,21.447926
42447,35.95093
42448,11.209931
42449,-0.95133513
42450,-0.9561419
42451,-1.623302
42452,-0.8777905
42453,-0.8441529
42454,-0.890206
42455,-0.8137264
42456,-0.77551705
42457,-0.87581486
42458,-1.6407795
42459,-0.83629924
42460,-0.84190303
42461,-0.8976752
42462,-0.80519354
42463,-0.82544035
42464,-0.92254657
42465,-0.8928876
42466,-0.78080344
42467,-0.89590555
42468,-0.9222152
42469,-0.75084287
42470,-1.1301055
42471,-1.1681741
42472,-1.1700884
42473,-1.1598185
42474,-2.121189
42475,-1.0434396
42476,-0.9971147
42477,-1.0083699
42478,-1.1603831
42479,-1.0660294
42480,-1.1882929
42481,-0.9626709
42482,-0.98015034
42483,-0.9822475
42484,-1.1186253
42485,-1.0081782
42486,-1.2177036
42487,-1.918858
42488,-1.1106666
42489,-1.1729264
42490,-1.1627743
42491,-1.1851922
42492,-1.1921011
42493,-1.1175603
42494,-1.1546172
42495,-1.119994
42496,-1.1706212
42497,-1.1913673
42498,-1.192071
42499,-1.2080755
42500,-1.2702911
42501,-1.3221596
42502,-1.3221596
42503,-1.3056909
42504,-1.2893553
42505,-1.2950935
42506,-1.2950935
42507,-1.2608266
42508,-1.3017285
42509,-1.2610703
42510,21.467476
42511,56.688923
42512,62.87636
42513,52.812943
42514,40.203617
42515,19.11316
42516,18.871809
42517,3.7825923
42518,-1.5251399
42519,18.659706
42520,39.72669
42521,41.67851
42522,31.498976
42523,10.467901
42524,44.541355
42525,96.58798
42526,85.59132
42527,64.4363
42528,57.7419
42529,70.6426
42530,84.24973
42531,66.64489
42532,48.239376
42533,55.291145
42534,59.425556
42535,43.33567
42536,43.81849
42537,61.792652
42538,73.7725
42539,103.15538
42540,20.598534
42541,-2.9808981
42542,22.059792
42543,0.60921973
42544,-1.0535676
42545,-1.0615959
42546,42.499
42547,18.8007
42548,4.1758547
42549,-0.99345857
42550,-0.9923305
42551,-1.0211369
42552,-1.048035
42553,-1.048035
42554,-1.748566
42555,-0.97450346
42556,-1.0612686
42557,-1.0658511
42558,-1.0960648
42559,-1.0983398
42560,-1.0081722
42561,-1.0267253
42562,-1.0370303
42563,-1.0440449
42564,-1.0837071
42565,-1.0834663
42566,-0.9034023
42567,-0.9044046
42568,-0.9035474
42569,-0.945407
42570,-1.0680566
42571,-0.9221754
42572,-0.91200715
42573,-0.95744044
42574,-1.075017
42575,-0.9070601
42576,-1.0885004
42577,-1.1289749
42578,-1.1276013
42579,-1.1077495
42580,-1.052634
42581,-1.0519534
42582,-1.1080365
42583,-1.8576589
42584,-0.94692814
42585,-1.127212
42586,-1.1130756
42587,-1.116063
42588,-1.1262217
42589,-1.0220674
42590,-1.065884
42591,-1.1132059
42592,-1.1156008
42593,-1.4473463
42594,-0.7458795
42595,-0.9710889
42596,-0.9265155
42597,-0.5148371
42598,108.10781
42599,210.51079
42600,173.79742
42601,125.719765
42602,160.4785
42603,174.38847
42604,215.83553
42605,245.92776
42606,234.55905
42607,186.70078
42608,419.0166
42609,202.45027
42610,148.89867
42611,243.40137
42612,326.04633
42613,415.49283
42614,490.38895
42615,478.6037
42616,510.26315
42617,605.00275
42618,743.73016
42619,654.2974
42620,758.16833
42621,759.3326
42622,580.941
42623,996.2302
42624,817.37366
42625,1194.8273
42626,1212.8682
42627,1015.5
42628,913.3
42629,619.5354
42630,889.7519
42631,916.2097
42632,1128.3756
42633,1047.593
42634,1016.63605
42635,1006.2962
42636,908.7114
42637,639.69305
42638,445.83414
42639,460.17737
42640,487.79758
42641,595.60944
42642,785.7763
42643,562.66205
42644,386.3585
42645,423.28522
42646,610.9499
42647,633.6245
42648,748.61053
42649,664.87775
42650,683.07367
42651,849.94617
42652,849.35754
42653,788.0885
42654,703.46375
42655,734.2668
42656,655.13495
42657,730.76746
42658,741.3475
42659,709.26807
42660,751.6988
42661,697.05133
42662,612.16364
42663,552.13385
42664,497.83313
42665,601.21075
42666,561.7685
42667,652.70245
42668,528.36395
42669,706.4413
42670,939.0393
42671,866.9641
42672,851.5045
42673,828.9281
42674,819.4476
42675,852.26263
42676,710.90735
42677,765.5124
42678,656.00507
42679,691.9009
42680,797.69257
42681,867.9376
42682,791.98065
42683,776.5116
42684,825.0121
42685,878.39886
42686,624.1907
42687,554.61316
42688,463.32047
42689,609.3174
42690,521.9995
42691,654.1179
42692,738.6116
42693,730.62573
42694,682.9962
42695,521.85443
42696,519.72253
42697,561.50775
42698,542.2178
42699,284.81656
42700,390.18433
42701,335.67838
42702,426.29944
42703,391.1358
42704,660.8579
42705,457.5222
42706,318.28513
42707,312.6018
42708,407.31622
42709,750.94965
42710,505.77573
42711,587.2626
42712,395.71564
42713,539.9444
42714,643.44104
42715,704.30426
42716,411.18842
42717,266.62033
42718,187.67595
42719,268.50726
42720,242.92612
42721,140.78522
42722,133.33418
42723,165.78471
42724,171.5177
42725,114.62841
42726,83.986984
42727,101.80871
42728,104.73993
42729,207.69661
42730,117.55103
42731,56.085045
42732,4.9924464
42733,0.5112297
42734,-0.9990262
42735,-0.87746614
42736,-0.93068916
42737,-0.98436236
42738,-0.9815894
42739,-0.9331157
42740,-0.8944957
42741,-0.93822455
42742,-0.912455
42743,-0.9190489
42744,-1.0832828
42745,-0.9523654
42746,-0.9248427
42747,-1.0938908
42748,-1.0345643
42749,-1.0519414
42750,-1.0198598
42751,-1.0922245
42752,-1.1427813
42753,-1.110781
42754,-1.1358516
42755,-1.1425016
42756,-1.1425016
42757,-1.1425016
42758,-1.1632025
42759,-1.1823828
42760,-1.1823828
42761,-1.1823828
42762,-1.1823828
42763,-1.1823828
42764,-1.1792047
42765,-1.1780096
42766,-1.1726829
42767,-1.2017312
42768,-1.2017312
42769,-1.1726829
42770,-1.1801909
42771,-1.1891004
42772,-1.1891004
42773,-1.1891004
42774,-1.2075967
42775,-1.2075967
42776,-1.1833137
42777,-1.1679271
42778,-1.1864234
42779,-1.1864234
42780,-1.160207
42781,-1.1604867
42782,-1.1611071
42783,-1.1613867
42784,-1.1613867
42785,-1.1613867
42786,-1.0942211
42787,-1.0958004
42788,-1.1065526
42789,-1.328883
42790,-1.2820694
42791,-1.4237058
42792,-1.3959914
42793,-1.4155623
42794,-1.3922255
42795,-1.2794756
42796,-1.2563719
42797,-1.3681959
42798,-1.2975619
42799,-1.300192
42800,-1.3948662
42801,-1.1424596
42802,-1.2584295
42803,-1.2689594
42804,-1.3174064
42805,-1.2964287
42806,-1.3087369
42807,-1.2560732
42808,-1.19458
42809,-1.2591625
42810,-1.3933746
42811,-1.3022506
42812,-1.2596236
42813,-1.4074358
42814,-1.4098781
42815,-1.4326699
42816,-1.4304211
42817,-1.4266281
42818,-1.2510047
42819,62.404343
42820,92.94186
42821,116.55548
42822,82.765465
42823,70.40532
42824,75.15476
42825,53.02754
42826,61.959625
42827,93.81957
42828,80.75501
42829,91.99397
42830,114.29358
42831,150.99878
42832,164.14058
42833,194.88812
42834,231.89131
42835,250.01933
42836,279.95898
42837,267.1166
42838,436.5482
42839,556.0361
42840,651.03723
42841,574.0464
42842,622.9238
42843,755.0383
42844,594.7125
42845,633.01874
42846,597.7467
42847,551.30035
42848,668.12225
42849,589.7023
42850,401.3851
42851,387.08945
42852,385.84473
42853,363.65384
42854,309.62292
42855,398.23816
42856,327.6483
42857,294.76846
42858,269.9704
42859,324.23877
42860,518.85706
42861,601.97864
42862,413.97003
42863,524.1648
42864,441.63696
42865,538.62244
42866,564.58606
42867,532.9868
42868,479.78027
42869,603.2644
42870,512.20715
42871,434.0388
42872,359.59937
42873,313.4503
42874,483.3138
42875,554.3485
42876,507.8646
42877,506.64188
42878,512.2138
42879,662.0447
42880,686.2024
42881,733.7901
42882,593.0044
42883,659.10364
42884,552.2671
42885,387.3565
42886,485.42093
42887,465.06473
42888,373.81915
42889,377.991
42890,474.73138
42891,432.88156
42892,501.18933
42893,211.45877
42894,383.65146
42895,592.50995
42896,363.353
42897,338.67862
42898,291.62427
42899,245.34184
42900,128.57133
42901,167.33354
42902,137.48048
42903,220.31926
42904,130.78987
42905,145.62326
42906,129.02086
42907,117.798164
42908,66.48229
42909,79.16251
42910,205.49013
42911,449.74664
42912,533.7248
42913,396.22607
42914,352.3332
42915,498.12195
42916,354.33093
42917,521.7971
42918,529.15497
42919,397.46866
42920,276.56796
42921,290.91245
42922,477.40274
42923,687.5884
42924,632.98785
42925,519.6692
42926,172.83107
42927,687.18286
42928,344.69214
42929,529.21094
42930,290.55658
42931,236.08513
42932,152.01537
42933,151.17105
42934,149.48079
42935,116.396576
42936,77.128235
42937,118.54301
42938,86.77988
42939,98.06844
42940,168.21872
42941,292.4879
42942,315.90137
42943,364.77377
42944,352.19412
42945,493.0861
42946,428.49622
42947,236.84712
42948,300.8072
42949,294.92264
42950,386.8244
42951,491.55188
42952,321.74686
42953,257.3616
42954,258.13428
42955,244.0994
42956,358.90436
42957,187.8236
42958,232.4822
42959,255.4472
42960,229.8604
42961,236.29451
42962,226.13731
42963,190.47018
42964,215.03452
42965,263.0406
42966,215.23923
42967,314.28723
42968,433.57437
42969,314.68906
42970,393.77597
42971,423.55234
42972,557.9418
42973,539.41583
42974,453.93048
42975,248.7811
42976,206.26529
42977,227.38031
42978,294.731
42979,363.26328
42980,457.4572
42981,309.1831
42982,367.6924
42983,421.79745
42984,449.875
42985,349.84006
42986,240.88858
42987,269.41193
42988,335.37762
42989,324.00378
42990,415.4305
42991,362.67072
42992,474.64435
42993,745.15894
42994,617.14526
42995,330.79248
42996,369.9937
42997,317.48724
42998,308.77228
42999,306.70587
43000,320.10852
43001,207.47362
43002,331.2045
43003,384.3291
43004,368.87323
43005,339.74326
43006,335.7525
43007,397.6553
43008,1699.9445
43009,1921.9163
43010,1856.67
43011,1806.2891
43012,1819.8287
43013,1555.577
43014,1650.0991
43015,1268.9504
43016,939.46533
43017,423.47916
43018,400.38852
43019,497.16733
43020,479.84247
43021,587.6628
43022,391.31815
43023,748.74713
43024,805.00354
43025,550.04767
43026,492.76263
43027,475.3664
43028,557.21136
43029,270.24188
43030,463.9529
43031,718.52124
43032,722.6966
43033,1077.9177
43034,794.0161
43035,670.761
43036,266.46805
43037,231.11319
43038,499.06946
43039,349.87067
43040,664.8798
43041,502.34457
43042,484.95517
43043,416.5988
43044,134.02846
43045,341.46286
43046,236.36143
43047,534.2075
43048,488.83737
43049,299.68475
43050,521.174
43051,608.1066
43052,583.9913
43053,502.49142
43054,428.99106
43055,457.1956
43056,462.12802
43057,535.45044
43058,357.27255
43059,199.34984
43060,284.45038
43061,387.89523
43062,179.89377
43063,284.94632
43064,426.28598
43065,385.71127
43066,731.7261
43067,519.55493
43068,524.61365
43069,322.49176
43070,477.6543
43071,421.38504
43072,580.1836
43073,487.53796
43074,332.75626
43075,246.74466
43076,485.70416
43077,302.4246
43078,362.72
43079,230.75505
43080,228.3311
43081,120.36519
43082,110.14072
43083,57.072582
43084,3.4073224
43085,11.226483
43086,66.4032
43087,101.41188
43088,192.44955
43089,312.85083
43090,224.32285
43091,244.5713
43092,193.75467
43093,189.66273
43094,253.481
43095,269.34808
43096,319.98508
43097,341.99023
43098,368.47446
43099,238.69498
43100,179.66754
43101,171.10118
43102,108.01178
43103,126.223495
43104,93.17427
43105,93.27463
43106,125.93885
43107,115.43472
43108,88.86986
43109,69.11389
43110,76.794624
43111,106.236824
43112,140.0615
43113,93.368385
43114,95.28755
43115,97.94356
43116,162.06131
43117,269.9791
43118,306.47018
43119,290.15286
43120,287.4006
43121,304.6144
43122,256.77042
43123,218.52357
43124,224.71506
43125,330.44156
43126,373.05762
43127,355.39777
43128,434.98642
43129,393.06952
43130,429.07922
43131,552.95087
43132,521.23755
43133,416.82126
43134,480.87482
43135,372.31442
43136,406.93637
43137,356.6715
43138,202.16287
43139,205.32024
43140,187.67651
43141,194.73953
43142,230.92862
43143,241.53558
43144,317.9907
43145,407.93033
43146,555.17554
43147,611.4498
43148,645.93066
43149,451.8042
43150,359.0217
43151,382.15604
43152,376.1318
43153,425.58438
43154,356.47546
43155,531.6192
43156,619.3288
43157,569.95245
43158,100.62007
43159,155.61784
43160,197.02875
43161,303.90173
43162,314.097
43163,365.51727
43164,370.39874
43165,355.07117
43166,504.80594
43167,486.01083
43168,533.77716
43169,567.0031
43170,690.47064
43171,610.5393
43172,528.89044
43173,354.85767
43174,288.2383
43175,236.31009
43176,318.7137
43177,395.2402
43178,410.89508
43179,447.56052
43180,470.6392
43181,623.51556
43182,548.57776
43183,539.6094
43184,510.49738
43185,442.33267
43186,374.53976
43187,331.73965
43188,187.40974
43189,147.65642
43190,184.4491
43191,184.88438
43192,275.08917
43193,152.89859
43194,92.42634
43195,95.46321
43196,53.15379
43197,78.534035
43198,128.13962
43199,91.57595
43200,111.28877
43201,182.9878
43202,135.2356
43203,130.32164
43204,284.73514
43205,220.72552
43206,208.35043
43207,237.382
43208,133.82094
43209,149.42455
43210,143.39268
43211,76.799904
43212,59.80489
43213,110.860794
43214,124.22513
43215,128.22849
43216,133.37636
43217,150.15247
43218,160.70547
43219,163.05563
43220,135.58142
43221,151.62213
43222,154.34341
43223,208.40079
43224,226.93806
43225,189.0848
43226,300.68112
43227,320.71643
43228,372.77756
43229,337.45493
43230,252.54935
43231,524.6288
43232,405.2722
43233,346.88855
43234,412.64627
43235,360.1031
43236,443.95737
43237,525.1074
43238,648.1273
43239,597.9257
43240,646.02057
43241,742.5297
43242,652.2842
43243,604.1517
43244,681.73315
43245,695.1735
43246,822.13983
43247,792.6627
43248,854.0361
43249,985.6547
43250,994.2524
43251,851.6833
43252,942.98346
43253,835.9336
43254,755.39056
43255,675.71747
43256,778.7937
43257,775.7504
43258,845.1863
43259,896.8598
43260,1012.4058
43261,984.84265
43262,1006.4617
43263,950.54285
43264,924.2339
43265,852.33057
43266,903.47076
43267,1008.59094
43268,1067.7338
43269,1149.0297
43270,1122.8079
43271,954.7808
43272,745.5518
43273,540.0961
43274,899.5996
43275,1066.3395
43276,1290.1145
43277,1157.2854
43278,1236.6906
43279,1154.7649
43280,1061.466
43281,1214.4672
43282,1239.7144
43283,1197.1388
43284,1114.9968
43285,1024.5444
43286,1012.3983
43287,1040.0916
43288,1052.538
43289,914.10406
43290,845.828
43291,656.26465
43292,598.73175
43293,690.4128
43294,531.34045
43295,490.7634
43296,576.7051
43297,794.87897
43298,883.3323
43299,736.0007
43300,662.88727
43301,418.3522
43302,276.24667
43303,228.5512
43304,445.3083
43305,541.1197
43306,656.08923
43307,546.0921
43308,507.49545
43309,696.43585
43310,751.65436
43311,769.469
43312,631.0183
43313,627.3533
43314,576.08325
43315,435.1154
43316,368.36172
43317,344.7275
43318,295.25748
43319,245.52261
43320,282.8551
43321,294.70898
43322,366.0297
43323,293.76804
43324,223.52026
43325,299.13687
43326,287.93784
43327,195.58481
43328,200.87573
43329,216.92049
43330,182.51765
43331,119.07898
43332,147.5983
43333,172.01123
43334,119.13871
43335,103.33289
43336,72.52125
43337,61.988968
43338,57.18296
43339,41.952026
43340,51.86051
43341,46.77825
43342,57.722054
43343,98.915405
43344,84.96286
43345,72.498146
43346,36.95743
43347,48.66137
43348,30.710897
43349,43.710796
43350,108.413666
43351,66.39426
43352,36.507927
43353,80.09436
43354,101.62021
43355,61.135
43356,67.20703
43357,107.81704
43358,131.66887
43359,154.9036
43360,58.30667
43361,57.680252
43362,58.607365
43363,45.65905
43364,36.387146
43365,24.024181
43366,42.118496
43367,46.575573
43368,-1.4489863
43369,0.76701796
43370,61.70446
43371,62.601093
43372,25.696741
43373,25.032225
43374,21.438698
43375,20.671427
43376,20.687262
43377,7.173446
43378,5.4906707
43379,-1.0042648
43380,25.22152
43381,34.93062
43382,43.97296
43383,29.780247
43384,2.7475882
43385,-2.6963832
43386,-0.9393284
43387,-0.86079115
43388,-0.85389155
43389,-0.9069566
43390,-0.87460154
43391,31.942886
43392,17.622173
43393,17.210081
43394,59.658573
43395,77.75587
43396,51.517445
43397,66.992
43398,53.97542
43399,80.884766
43400,34.907795
43401,-1.8644397
43402,-3.0017304
43403,-0.61423147
43404,-0.59486634
43405,-0.8212298
43406,-0.6922794
43407,-0.6779143
43408,-0.6224727
43409,-0.6937609
43410,-0.73282534
43411,-0.6590825
43412,-0.4529247
43413,15.849511
43414,78.82268
43415,72.904526
43416,47.08813
43417,4.8785615
43418,0.15631635
43419,158.63701
43420,150.41121
43421,166.63634
43422,146.69469
43423,115.91202
43424,79.30296
43425,76.55703
43426,57.99148
43427,96.383514
43428,160.47427
43429,170.82217
43430,174.76404
43431,197.08955
43432,222.09846
43433,234.9016
43434,207.20909
43435,167.04666
43436,212.28578
43437,256.99213
43438,242.30266
43439,240.80911
43440,185.07887
43441,231.58629
43442,363.8171
43443,305.6311
43444,296.6743
43445,246.65294
43446,215.0436
43447,219.48528
43448,215.15366
43449,210.99951
43450,199.9998
43451,131.1439
43452,110.259575
43453,62.873127
43454,54.45921
43455,31.947168
43456,4.2231607
43457,58.99538
43458,52.723377
43459,19.64069
43460,49.12609
43461,62.238636
43462,65.07355
43463,94.57168
43464,134.68303
43465,92.90035
43466,107.170074
43467,149.94313
43468,123.550705
43469,86.91494
43470,118.00753
43471,131.03644
43472,164.08896
43473,112.02658
43474,141.54654
43475,95.470566
43476,95.97594
43477,58.53399
43478,31.455532
43479,32.80455
43480,51.477005
43481,59.481678
43482,34.188007
43483,39.042828
43484,12.507694
43485,18.994438
43486,-1.6016737
43487,-0.5669442
43488,-0.58111835
43489,-0.6852319
43490,-0.6919651
43491,-0.48125723
43492,-0.4792015
43493,-0.69166976
43494,-0.69773775
43495,-0.6867372
43496,-0.59465146
43497,-0.5229999
43498,-0.5127207
43499,-0.5883407
43500,-0.5142137
43501,-0.52315956
43502,-0.58812684
43503,-0.62058306
43504,-0.6248188
43505,-0.61934847
43506,-0.5766999
43507,-0.7657625
43508,-0.8042595
43509,-0.6438725
43510,-0.47375852
43511,-0.35098863
43512,56.600975
43513,112.088455
43514,37.626183
43515,16.15352
43516,1.3302178
43517,1.5368884
43518,13.502405
43519,1.2057016
43520,-2.0521705
43521,-0.7484654
43522,-0.7125354
43523,-0.7502674
43524,-0.6782832
43525,-0.70258665
43526,-0.6016559
43527,-0.56607985
43528,-0.5722348
43529,-0.65532297
43530,-0.5915363
43531,-0.58544326
43532,-0.73667735
43533,-0.77665836
43534,-0.84083384
43535,-0.84083384
43536,-0.7358314
43537,-0.92081875
43538,-0.9159643
43539,-0.85183686
43540,-0.88442665
43541,-0.92871296
43542,-0.97071457
43543,-0.9508639
43544,-0.99381804
43545,-1.0437897
43546,-1.0901917
43547,-1.0909559
43548,-1.0711056
43549,-0.9125727
43550,-1.0745858
43551,-1.0722183
43552,-1.0987188
43553,-0.93298596
43554,-1.0989026
43555,-1.0937864
43556,-1.1512442
43557,-1.1594257
43558,-1.1594257
43559,-1.1642756
43560,-1.1698197
43561,-1.1719924
43562,-1.1652403
43563,-1.1725581
43564,-1.1565539
43565,-1.1565539
43566,-1.1565539
43567,-1.1638716
43568,-1.884226
43569,-1.0524161
43570,-1.1471015
43571,-1.1318272
43572,-1.1200806
43573,-1.0851766
43574,-1.817594
43575,-0.8897998
43576,-0.9356923
43577,-0.9587079
43578,-1.0701028
43579,-1.0610995
43580,-0.9201858
43581,-1.1150752
43582,-1.1264235
43583,-1.1330892
43584,-1.1452028
43585,-1.1506408
43586,-1.2168785
43587,-1.2383448
43588,-1.1946521
43589,-1.2396327
43590,-1.2519934
43591,-1.2486705
43592,-1.1606922
43593,-1.1805425
43594,-1.1481422
43595,-1.0416421
43596,52.80878
43597,15.266712
43598,-0.96979535
43599,18.604513
43600,62.42682
43601,16.57235
43602,24.22081
43603,15.678091
43604,-1.2245395
43605,-1.2040212
43606,-1.2092795
43607,-1.2359332
43608,-1.2412944
43609,-1.1945463
43610,-1.2715713
43611,-1.2821802
43612,-1.2801921
43613,-1.0515513
43614,-1.2924713
43615,-1.1819739
43616,-1.0620688
43617,-1.1143013
43618,-1.2572805
43619,-1.1281495
43620,-1.3617983
43621,-1.3265197
43622,-1.1330346
43623,-1.1695894
43624,-1.1795532
43625,-1.1826541
43626,-1.178522
43627,-1.248779
43628,-1.2684674
43629,-0.9159602
43630,40.66613
43631,60.537807
43632,49.52817
43633,18.349522
43634,-4.851574
43635,-2.7285147
43636,-1.1129816
43637,-0.9669871
43638,27.157156
43639,88.84935
43640,76.50018
43641,30.328142
43642,-3.8045192
43643,-1.1383777
43644,-1.1680344
43645,-1.2413056
43646,-1.2716836
43647,-1.284394
43648,-1.3044147
43649,-1.3231448
43650,-1.2734683
43651,-1.3366575
43652,-2.1274657
43653,-1.3656794
43654,-1.148185
43655,38.70581
43656,71.31458
43657,106.73381
43658,191.42685
43659,127.19932
43660,121.79758
43661,104.14083
43662,123.91907
43663,127.08727
43664,83.20716
43665,102.460205
43666,135.61794
43667,203.10281
43668,158.21861
43669,241.87685
43670,238.08565
43671,228.43701
43672,200.27919
43673,174.75401
43674,216.06421
43675,241.9055
43676,181.42969
43677,180.47838
43678,167.26074
43679,283.8396
43680,293.55563
43681,248.57513
43682,380.39822
43683,449.87497
43684,411.2691
43685,499.69852
43686,336.44086
43687,431.5066
43688,608.28345
43689,512.0066
43690,583.8831
43691,704.4378
43692,446.4514
43693,429.71008
43694,482.88882
43695,428.7151
43696,526.4675
43697,802.3049
43698,835.20325
43699,723.90204
43700,606.27
43701,418.94577
43702,447.4128
43703,378.23798
43704,294.83084
43705,400.6363
43706,517.3766
43707,550.2096
43708,584.81934
43709,497.68698
43710,573.98737
43711,549.5183
43712,356.19128
43713,462.55682
43714,463.3901
43715,544.9626
43716,607.387
43717,561.8579
43718,581.5333
43719,617.8147
43720,642.57385
43721,577.1342
43722,687.56335
43723,697.78613
43724,882.7069
43725,733.96027
43726,800.3447
43727,729.5897
43728,538.39716
43729,503.63864
43730,347.5257
43731,383.69485
43732,543.3082
43733,382.3998
43734,444.97137
43735,497.00595
43736,494.77335
43737,520.47217
43738,575.6072
43739,641.80457
43740,662.5144
43741,709.7719
43742,769.004
43743,729.1859
43744,574.6304
43745,655.4045
43746,672.9217
43747,520.83856
43748,551.44806
43749,748.0339
43750,815.49994
43751,1048.509
43752,902.1915
43753,775.5616
43754,637.5188
43755,825.3071
43756,683.62146
43757,866.01447
43758,848.7574
43759,999.8521
43760,1012.4356
43761,1081.6344
43762,917.4596
43763,980.53613
43764,932.4663
43765,988.12396
43766,972.62756
43767,812.8431
43768,877.5481
43769,785.02057
43770,789.5645
43771,746.9368
43772,678.5357
43773,848.7953
43774,1068.1002
43775,920.9124
43776,781.8594
43777,800.69995
43778,735.41504
43779,900.613
43780,719.04456
43781,889.1387
43782,849.67236
43783,814.8767
43784,906.4582
43785,757.60504
43786,716.80005
43787,705.8857
43788,636.2218
43789,552.9695
43790,445.50735
43791,497.30243
43792,489.2518
43793,408.76874
43794,403.32446
43795,202.17711
43796,249.87367
43797,188.67783
43798,164.73488
43799,299.67712
43800,328.10388
43801,460.87097
43802,388.8385
43803,374.2743
43804,232.83774
43805,405.48627
43806,156.43959
43807,98.53324
43808,73.73733
43809,31.52431
43810,71.15321
43811,141.95172
43812,258.89786
43813,217.17822
43814,178.63731
43815,121.2703
43816,111.69497
43817,126.58374
43818,122.68302
43819,125.94198
43820,119.63376
43821,116.47264
43822,70.80165
43823,54.0741
43824,26.716331
43825,29.564661
43826,35.8043
43827,24.486115
43828,45.66131
43829,52.85923
43830,89.88119
43831,87.87576
43832,70.06889
43833,63.840755
43834,36.61167
43835,40.426247
43836,99.24859
43837,133.98576
43838,172.55994
43839,182.5989
43840,181.13239
43841,185.47957
43842,126.12106
43843,182.56311
43844,181.02782
43845,132.27988
43846,102.664185
43847,132.48552
43848,195.58182
43849,193.67741
43850,267.66574
43851,218.95146
43852,228.84433
43853,215.97328
43854,155.45001
43855,204.44167
43856,248.92108
43857,287.90417
43858,263.81744
43859,261.52438
43860,305.9343
43861,446.327
43862,538.7705
43863,671.7825
43864,691.6716
43865,713.9613
43866,710.45557
43867,595.80334
43868,544.40137
43869,533.14124
43870,842.6309
43871,749.9283
43872,865.09485
43873,1023.20593
43874,1276.0641
43875,1020.66675
43876,1205.663
43877,1352.9861
43878,1305.2738
43879,1652.8541
43880,1575.4971
43881,1533.0083
43882,1595.7738
43883,1635.6958
43884,1878.7367
43885,1723.5935
43886,1765.6548
43887,1865.2012
43888,1836.6643
43889,1836.7928
43890,1669.3789
43891,1823.4563
43892,1778.236
43893,1715.4182
43894,1644.0995
43895,1644.5558
43896,1567.9194
43897,1688.0573
43898,1554.7375
43899,1376.9271
43900,1275.844
43901,1510.562
43902,1487.1215
43903,1425.8473
43904,1429.5759
43905,1350.796
43906,1538.8125
43907,1303.5857
43908,1564.4961
43909,1568.5677
43910,1648.1366
43911,1272.8176
43912,1210.904
43913,1293.5302
43914,1302.2511
43915,1087.4014
43916,1098.8433
43917,1260.8153
43918,1286.2334
43919,1282.992
43920,1230.316
43921,1449.5475
43922,1204.8716
43923,1139.789
43924,1109.1565
43925,1150.1188
43926,1138.1987
43927,1099.2075
43928,1118.4855
43929,1033.3386
43930,937.2477
43931,825.15625
43932,952.65106
43933,925.93756
43934,748.9693
43935,887.3989
43936,669.5279
43937,486.54727
43938,483.46255
43939,438.99335
43940,374.13596
43941,410.73883
43942,433.82407
43943,375.90356
43944,299.61752
43945,235.15355
43946,287.16672
43947,272.80078
43948,317.5167
43949,293.01566
43950,226.58801
43951,191.00491
43952,170.12149
43953,217.01434
43954,190.58842
43955,237.68674
43956,255.89249
43957,248.16122
43958,236.40582
43959,243.28513
43960,287.0939
43961,310.77036
43962,360.0336
43963,292.30347
43964,235.64769
43965,339.42877
43966,253.37886
43967,281.78217
43968,369.9603
43969,330.6811
43970,317.80295
43971,317.6561
43972,222.51633
43973,163.01741
43974,160.54033
43975,156.84543
43976,120.01284
43977,81.61617
43978,146.79576
43979,72.0951
43980,26.661825
43981,0.583875
43982,45.063766
43983,29.111353
43984,51.8093
43985,41.15255
43986,71.66607
43987,70.40101
43988,8.808472
43989,-2.5905075
43990,-0.99314517
43991,46.57205
43992,88.81721
43993,67.67209
43994,48.520603
43995,69.636536
43996,52.937798
43997,24.309439
43998,53.557556
43999,62.299732
44000,66.315216
44001,128.25291
44002,167.2739
44003,209.654
44004,294.7436
44005,518.2963
44006,998.00616
44007,1232.3762
44008,1502.8293
44009,1593.7937
44010,1476.0233
44011,1809.4414
44012,1842.4462
44013,1811.2789
44014,1884.3748
44015,1789.4397
44016,1904.4666
44017,1875.1901
44018,1902.6903
44019,1874.9802
44020,1897.1401
44021,1879.5114
44022,1882.5641
44023,1860.1672
44024,1854.758
44025,1841.0986
44026,1885.3024
44027,1851.1652
44028,1862.8043
44029,1864.7753
44030,1817.8848
44031,1926.214
44032,1874.8447
44033,1866.7948
44034,1903.239
44035,1922.7974
44036,1924.2008
44037,1913.8834
44038,1738.5308
44039,1627.7213
44040,1058.2048
44041,1223.3972
44042,1472.049
44043,1057.3853
44044,1543.5168
44045,1260.651
44046,970.83997
44047,994.75995
44048,1159.3217
44049,1268.1808
44050,1407.4342
44051,1510.9491
44052,1252.7461
44053,1192.0444
44054,907.96674
44055,1224.9148
44056,499.3552
44057,611.62494
44058,786.6509
44059,879.2918
44060,786.2724
44061,582.2472
44062,379.4072
44063,497.1868
44064,428.6074
44065,281.11862
44066,368.93314
44067,766.69336
44068,1318.1951
44069,845.68005
44070,369.9009
44071,205.01193
44072,610.2896
44073,698.1648
44074,1011.95514
44075,828.7126
44076,1107.0813
44077,1012.46875
44078,1116.9601
44079,990.5932
44080,1011.025
44081,988.798
44082,1317.2009
44083,1090.4928
44084,904.53845
44085,1145.2762
44086,999.06433
44087,1056.7589
44088,1265.6322
44089,1075.3043
44090,1204.2827
44091,1002.93854
44092,803.1872
44093,1147.8752
44094,1258.7512
44095,908.89746
44096,546.32556
44097,542.66583
44098,626.512
44099,689.50507
44100,922.0833
44101,674.16583
44102,696.43787
44103,973.03754
44104,749.6898
44105,776.92944
44106,733.5275
44107,582.5852
44108,634.8509
44109,784.34576
44110,711.10046
44111,751.1032
44112,755.7653
44113,724.19556
44114,516.6218
44115,536.7674
44116,590.60205
44117,365.0964
44118,426.96213
44119,393.9808
44120,446.39297
44121,531.66986
44122,602.8754
44123,754.99945
44124,145.60802
44125,6.306024
44126,3.8755474
44127,0.7387653
44128,0.5978464
44129,32.35068
44130,385.57022
44131,430.32794
44132,554.78485
44133,483.858
44134,495.92685
44135,568.91675
44136,331.2502
44137,697.1992
44138,447.79453
44139,577.31616
44140,390.5784
44141,353.78564
44142,545.0089
44143,507.85226
44144,332.75024
44145,538.54645
44146,389.52286
44147,394.72134
44148,394.4505
44149,533.8415
44150,540.0983
44151,722.929
44152,541.1141
44153,434.38995
44154,461.21503
44155,478.42914
44156,911.8531
44157,803.2702
44158,718.87024
44159,449.80518
44160,178.096
44161,167.47314
44162,202.04903
44163,132.71211
44164,134.74657
44165,171.14575
44166,257.74237
44167,356.2761
44168,339.18793
44169,414.60355
44170,432.59387
44171,325.17123
44172,216.47868
44173,172.9392
44174,208.06566
44175,181.78403
44176,215.87544
44177,322.26978
44178,305.14575
44179,299.0436
44180,258.22903
44181,236.8153
44182,225.04945
44183,260.75723
44184,267.17233
44185,342.07626
44186,363.3897
44187,398.53882
44188,334.55334
44189,324.5098
44190,336.40182
44191,374.0171
44192,565.50385
44193,720.60626
44194,674.12726
44195,702.6108
44196,539.2371
44197,374.52966
44198,426.3867
44199,404.29993
44200,492.55692
44201,578.9776
44202,724.46326
44203,771.646
44204,864.8666
44205,723.34894
44206,767.04285
44207,700.53345
44208,662.6755
44209,714.77026
44210,603.4094
44211,516.4657
44212,524.8332
44213,555.8529
44214,548.444
44215,633.2403
44216,555.1492
44217,374.46423
44218,433.78735
44219,445.9956
44220,394.1255
44221,447.14703
44222,380.04413
44223,368.25925
44224,328.3014
44225,293.80737
44226,256.88187
44227,318.63855
44228,325.79034
44229,330.8286
44230,318.53445
44231,265.95154
44232,245.83768
44233,210.85326
44234,78.917206
44235,38.89075
44236,4.0367517
44237,-1.1055139
44238,38.59661
44239,110.75006
44240,157.34209
44241,152.72856
44242,110.22682
44243,52.862293
44244,66.44092
44245,66.18845
44246,101.37951
44247,119.09536
44248,53.950485
44249,6.3476233
44250,1.4326727
44251,-1.1187505
44252,-0.91754454
44253,-0.90554476
44254,-0.90433085
44255,-1.6115392
44256,4.5324655
44257,2.286787
44258,16.47763
44259,-1.4167272
44260,-0.8547361
44261,-0.86759096
44262,-0.416811
44263,10.02202
44264,56.198814
44265,16.662281
44266,35.921425
44267,17.959835
44268,3.131501
44269,-0.83700436
44270,-0.8091189
44271,-0.90297574
44272,-0.98000836
44273,-0.9910879
44274,-0.9792882
44275,-0.9904302
44276,-0.9904302
44277,-1.0032341
44278,-1.0011716
44279,-1.0101647
44280,-1.2407205
44281,-1.2696441
44282,-1.2919807
44283,-1.2832059
44284,-1.2764727
44285,-2.026634
44286,-0.9558005
44287,-0.94293207
44288,-1.2433276
44289,-1.2357805
44290,-1.9778917
44291,1.1038045
44292,28.624283
44293,50.06206
44294,59.925385
44295,48.708992
44296,40.77529
44297,14.491941
44298,33.76369
44299,58.215668
44300,41.048492
44301,49.270527
44302,78.915405
44303,100.407036
44304,97.301186
44305,115.2325
44306,122.84191
44307,140.75
44308,179.92827
44309,187.27083
44310,171.57454
44311,216.3477
44312,248.77649
44313,403.83612
44314,172.5028
44315,168.1978
44316,297.8941
44317,373.7812
44318,330.31046
44319,366.6479
44320,231.62437
44321,232.10593
44322,345.80222
44323,269.9839
44324,330.062
44325,380.45697
44326,300.09854
44327,306.07495
44328,247.65755
44329,350.7857
44330,242.96223
44331,222.81104
44332,127.99197
44333,85.130775
44334,74.78201
44335,99.06385
44336,127.39614
44337,120.37576
44338,85.53914
44339,101.8202
44340,46.898815
44341,15.515283
44342,41.359295
44343,71.83822
44344,28.448515
44345,25.972347
44346,4.66952
44347,38.911766
44348,14.029093
44349,35.30652
44350,80.504105
44351,6.1594505
44352,9.552134
44353,14.211499
44354,29.29397
44355,57.61627
44356,61.159126
44357,68.94111
44358,80.37732
44359,35.77912
44360,56.42153
44361,50.926235
44362,96.63792
44363,73.130356
44364,40.698013
44365,17.017311
44366,39.96534
44367,14.445947
44368,63.860813
44369,102.88306
44370,109.76599
44371,71.372284
44372,59.208183
44373,51.084404
44374,79.97804
44375,117.07548
44376,153.54836
44377,117.35054
44378,129.27559
44379,142.63818
44380,167.12088
44381,144.87038
44382,158.93413
44383,165.30455
44384,165.0927
44385,192.67336
44386,278.83057
44387,364.5556
44388,348.28018
44389,337.9587
44390,328.04495
44391,368.77524
44392,288.89282
44393,293.9019
44394,222.45366
44395,193.56073
44396,210.69083
44397,185.65007
44398,184.67903
44399,173.13142
44400,181.05104
44401,144.0851
44402,113.98921
44403,121.94854
44404,209.40567
44405,205.39624
44406,271.9946
44407,318.222
44408,280.66266
44409,213.92119
44410,299.5032
44411,239.83813
44412,267.9797
44413,292.0137
44414,344.8633
44415,481.49088
44416,597.7048
44417,638.5591
44418,533.93506
44419,573.14813
44420,510.2573
44421,568.4948
44422,430.84674
44423,311.83447
44424,293.14526
44425,255.83937
44426,222.12263
44427,189.9526
44428,191.68436
44429,212.6204
44430,193.16904
44431,242.10643
44432,253.24966
44433,276.18314
44434,211.10385
44435,228.63635
44436,192.74968
44437,228.29684
44438,220.91708
44439,198.66801
44440,219.26952
44441,216.95157
44442,198.9526
44443,178.42618
44444,147.81354
44445,99.31798
44446,78.97333
44447,104.99736
44448,38.826275
44449,3.9747255
44450,108.17444
44451,79.443275
44452,38.371326
44453,32.647217
44454,-4.7999053
44455,-1.9711175
44456,-2.2890906
44457,-1.322118
44458,-1.4460196
44459,-1.4525188
44460,-1.2977135
44461,-1.2098328
44462,-1.2503997
44463,-1.2521454
44464,-1.2507663
44465,-1.2452222
44466,-1.25589
44467,-1.2149264
44468,-1.215627
44469,-1.2419615
44470,-1.2419615
44471,-1.2256106
44472,-1.2256106
44473,-1.236222
44474,-1.257825
44475,-1.2563092
44476,-1.2517544
44477,-1.2748668
44478,-1.1882703
44479,-1.2005135
44480,-1.1302757
44481,-1.1257149
44482,-1.1598083
44483,-1.1192534
44484,-1.4096274
44485,-1.4264108
44486,-1.4180162
44487,-1.2149804
44488,-1.2421438
44489,-1.3473207
44490,-1.2019728
44491,-1.3516468
44492,-1.2031938
44493,-1.3758821
44494,-1.3969823
44495,-1.3667928
44496,-1.367908
44497,-1.4683464
44498,12.728363
44499,20.28248
44500,-6.1707516
44501,-2.8375595
44502,-6.121817
44503,8.613432
44504,70.949104
44505,44.331585
44506,66.75251
44507,34.468395
44508,30.68682
44509,21.98213
44510,40.371513
44511,61.01795
44512,29.115435
44513,30.245975
44514,18.879831
44515,15.358812
44516,65.42069
44517,74.60485
44518,68.0121
44519,72.212074
44520,70.57298
44521,64.4048
44522,90.78541
44523,85.77796
44524,82.7347
44525,37.336544
44526,94.098015
44527,59.831364
44528,85.3082
44529,81.12054
44530,90.32607
44531,104.308395
44532,85.0326
44533,53.609116
44534,60.841896
44535,60.20284
44536,78.61492
44537,75.71376
44538,24.041235
44539,-2.5465589
44540,-1.0914272
44541,-0.86144006
44542,-0.6971734
44543,-0.79724395
44544,-0.8106939
44545,-0.9722932
44546,-1.0273715
44547,-0.92564774
44548,-0.9941436
44549,-1.0062246
44550,-1.0049454
44551,-1.0115958
44552,-1.0303551
44553,-1.0264395
44554,-0.9887531
44555,-0.93003154
44556,-0.9900798
44557,-0.9572498
44558,-0.9469051
44559,-0.9773955
44560,-1.0536857
44561,36.40308
44562,7.660533
44563,9.474046
44564,4.929128
44565,-0.86283493
44566,-0.80456734
44567,20.166658
44568,100.29158
44569,72.3047
44570,45.033348
44571,73.7766
44572,128.48018
44573,109.42862
44574,70.41588
44575,66.71326
44576,84.1723
44577,37.2544
44578,7.126459
44579,-1.9801778
44580,-2.0407312
44581,-0.7536267
44582,-0.85192996
44583,-0.72837037
44584,-0.5876397
44585,-0.64353585
44586,-0.7643903
44587,-0.8246734
44588,-0.7085197
44589,-0.9321618
44590,-0.96458954
44591,-0.9803627
44592,-1.031506
44593,-1.0272735
44594,-1.0562781
44595,-0.8354311
44596,-0.78723353
44597,-0.99065286
44598,-0.99449605
44599,-1.0281985
44600,-1.0346603
44601,-0.99449605
44602,-0.9856163
44603,-1.0300238
44604,-1.0013413
44605,-1.0205551
44606,-1.1057174
44607,-1.0307088
44608,-1.1256747
44609,-1.0892148
44610,-1.858151
44611,-1.1458961
44612,-1.116306
44613,-1.0603254
44614,-1.1690296
44615,-1.0955716
44616,-1.0069509
44617,-1.0930233
44618,-1.113286
44619,-1.0378067
44620,-1.252501
44621,-1.2649993
44622,-1.1644782
44623,-1.1497961
44624,-1.0077118
44625,-1.1025999
44626,-1.1954434
44627,-1.0702999
44628,-1.2994697
44629,-1.0168453
44630,-1.9640251
44631,-1.1740781
44632,-1.1533535
44633,-1.2502369
44634,-1.2660158
44635,-1.2165474
44636,-1.149547
44637,-1.2186948
44638,-1.3295366
44639,-1.3158785
44640,-1.1528223
44641,-1.3419435
44642,-1.3682797
44643,-1.3613667
44644,-1.382576
44645,-1.9604352
44646,-1.3221494
44647,-1.330253
44648,-1.1953393
44649,-1.3041444
44650,-1.2361107
44651,-1.126857
44652,-1.2238964
44653,-1.2560704
44654,-1.2161247
44655,-1.8474599
44656,-1.0187638
44657,-0.97021765
44658,-0.9876929
44659,-0.73177356
44660,-0.7002924
44661,26.817389
44662,32.960854
44663,22.59144
44664,29.162088
44665,23.032095
44666,33.327515
44667,19.096224
44668,29.30575
44669,31.284447
44670,36.9423
44671,48.569843
44672,81.19847
44673,77.501396
44674,53.88469
44675,21.29042
44676,37.54671
44677,33.10434
44678,63.8493
44679,104.1484
44680,120.04772
44681,69.20903
44682,86.15774
44683,99.781624
44684,59.761505
44685,2.375333
44686,-1.4938698
44687,6.2575603
44688,28.699768
44689,-1.3891611
44690,31.315992
44691,18.705763
44692,0.26785007
44693,1.9976302
44694,22.05716
44695,10.999215
44696,26.589405
44697,113.95728
44698,52.912292
44699,26.931314
44700,26.839497
44701,48.581112
44702,60.858334
44703,51.71369
44704,81.31127
44705,80.68026
44706,82.11555
44707,178.06477
44708,122.57619
44709,118.598625
44710,147.7835
44711,132.21875
44712,77.67533
44713,124.569595
44714,105.10247
44715,131.52263
44716,215.7784
44717,182.68799
44718,225.85048
44719,205.93182
44720,217.27736
44721,216.54817
44722,181.4892
44723,108.92508
44724,102.86379
44725,153.7455
44726,181.30066
44727,232.20518
44728,243.22957
44729,151.12141
44730,123.08654
44731,149.49927
44732,156.62813
44733,187.22769
44734,253.30534
44735,293.04465
44736,346.7492
44737,317.85138
44738,380.88422
44739,454.54605
44740,401.18347
44741,260.02838
44742,568.4877
44743,658.81116
44744,748.5734
44745,663.6167
44746,724.3218
44747,574.4522
44748,628.9
44749,605.5522
44750,540.24426
44751,613.5885
44752,644.435
44753,618.9681
44754,576.1966
44755,531.60016
44756,590.61316
44757,788.7699
44758,787.6308
44759,754.2082
44760,728.64856
44761,785.4051
44762,936.3647
44763,1060.0687
44764,1150.2684
44765,1282.4489
44766,1244.8347
44767,1297.2336
44768,1157.3262
44769,1206.9755
44770,1006.6362
44771,1119.1956
44772,1008.427
44773,960.09515
44774,1207.4764
44775,1283.0361
44776,1138.3832
44777,1041.2849
44778,945.66284
44779,827.5432
44780,977.33124
44781,801.9799
44782,563.0918
44783,489.9274
44784,489.4459
44785,564.8288
44786,597.5445
44787,672.1311
44788,682.72906
44789,643.91156
44790,614.885
44791,683.13196
44792,615.32
44793,516.6661
44794,570.3574
44795,442.5737
44796,376.00717
44797,455.85547
44798,384.41165
44799,446.924
44800,299.06454
44801,308.0497
44802,265.91867
44803,528.21075
44804,265.94772
44805,122.64886
44806,96.386246
44807,141.69489
44808,185.10327
44809,133.23761
44810,183.33371
44811,174.15823
44812,166.23842
44813,130.03752
44814,119.99647
44815,122.19877
44816,126.04031
44817,145.23743
44818,126.294
44819,99.75306
44820,106.16864
44821,60.71701
44822,99.13447
44823,59.127483
44824,83.799515
44825,28.260063
44826,-1.8639652
44827,-0.9066105
44828,-1.0691631
44829,53.237602
44830,25.422733
44831,64.76806
44832,88.90833
44833,71.412964
44834,164.57355
44835,34.774857
44836,57.889305
44837,199.70618
44838,212.75394
44839,239.10336
44840,150.96407
44841,82.393105
44842,147.64015
44843,222.65227
44844,223.05688
44845,210.89539
44846,175.40305
44847,169.18295
44848,128.3879
44849,103.64313
44850,234.87817
44851,200.60341
44852,126.38407
44853,116.55501
44854,82.93959
44855,161.98105
44856,171.80035
44857,144.22614
44858,107.63262
44859,119.4424
44860,99.43931
44861,61.084053
44862,61.751213
44863,112.0439
44864,209.42287
44865,218.20102
44866,204.6208
44867,180.28938
44868,217.8906
44869,208.43913
44870,272.42844
44871,246.76332
44872,207.23804
44873,146.44258
44874,67.19647
44875,91.6996
44876,86.12434
44877,63.78874
44878,9.640745
44879,-4.257674
44880,-1.986219
44881,-1.3683566
44882,-1.2854087
44883,-0.98095036
44884,-1.0752826
44885,-1.098617
44886,-0.9295018
44887,-0.8674126
44888,-1.1055068
44889,-1.0777897
44890,27.864244
44891,58.97387
44892,63.676605
44893,80.50003
44894,36.88459
44895,18.448036
44896,0.95460343
44897,4.437205
44898,-4.1097507
44899,-1.600271
44900,-1.7410975
44901,-0.86191094
44902,-1.0305126
44903,-0.8966589
44904,52.192204
44905,82.95263
44906,51.000202
44907,74.70702
44908,113.20241
44909,115.8258
44910,124.05448
44911,75.91474
44912,83.70561
44913,127.144684
44914,126.64138
44915,195.30106
44916,172.3832
44917,171.96332
44918,219.23643
44919,296.6834
44920,375.73862
44921,540.0972
44922,477.1236
44923,466.67972
44924,530.86835
44925,619.42035
44926,611.5069
44927,513.1142
44928,385.51373
44929,315.6723
44930,193.55293
44931,173.75336
44932,261.84216
44933,367.27237
44934,558.8062
44935,641.76996
44936,485.65176
44937,463.96045
44938,345.30963
44939,331.917
44940,352.91162
44941,352.2459
44942,300.12924
44943,238.85295
44944,219.3928
44945,266.91702
44946,264.34814
44947,193.6869
44948,163.48334
44949,169.64052
44950,152.58534
44951,219.33267
44952,232.34395
44953,267.34024
44954,264.96466
44955,212.26016
44956,190.76207
44957,205.49956
44958,196.99791
44959,97.91056
44960,160.82724
44961,187.24156
44962,199.63226
44963,175.65115
44964,141.82611
44965,102.38931
44966,70.77375
44967,100.34085
44968,71.48805
44969,99.99484
44970,64.768166
44971,117.42068
44972,40.13843
44973,119.2809
44974,114.07794
44975,208.01564
44976,306.78778
44977,163.44807
44978,250.12007
44979,251.57855
44980,131.41963
44981,328.18704
44982,464.17307
44983,583.6585
44984,634.5541
44985,718.4851
44986,441.24707
44987,469.12735
44988,616.2211
44989,566.5179
44990,465.12274
44991,465.37576
44992,478.63297
44993,449.90918
44994,537.61707
44995,465.43045
44996,565.0187
44997,443.74448
44998,464.448
44999,484.18875
45000,475.74576
45001,502.62473
45002,339.4158
45003,200.36601
45004,269.623
45005,197.20891
45006,104.438
45007,175.32126
45008,298.55362
45009,616.9534
45010,849.4413
45011,789.613
45012,593.1772
45013,846.35223
45014,917.55035
45015,615.4997
45016,673.0175
45017,863.98627
45018,981.619
45019,1160.1881
45020,912.89154
45021,617.1492
45022,595.5428
45023,1065.1624
45024,940.3909
45025,1077.4188
45026,1158.076
45027,1322.0348
45028,1378.3223
45029,1281.482
45030,1151.2968
45031,1056.5077
45032,1234.5342
45033,1302.4641
45034,1398.0143
45035,1367.8656
45036,1427.2291
45037,1331.4436
45038,1639.2473
45039,1572.56
45040,1274.5646
45041,1051.5869
45042,1246.6304
45043,1238.8529
45044,1270.132
45045,1273.5382
45046,1199.5847
45047,1075.9825
45048,1050.0659
45049,1028.9471
45050,1064.5605
45051,1077.9143
45052,1130.1807
45053,1031.5028
45054,922.85333
45055,939.03644
45056,1009.11676
45057,1119.9512
45058,1132.1919
45059,1109.7041
45060,967.7374
45061,737.16626
45062,797.7597
45063,882.69135
45064,771.94055
45065,845.56525
45066,1055.3945
45067,1079.1866
45068,1098.3181
45069,1131.6077
45070,1098.9176
45071,1172.4652
45072,1013.72534
45073,937.3807
45074,946.1743
45075,957.7354
45076,1073.2382
45077,1222.1287
45078,1186.2637
45079,1166.5619
45080,913.44293
45081,706.7395
45082,644.73
45083,693.50507
45084,817.38666
45085,667.1659
45086,627.57635
45087,651.6554
45088,666.3089
45089,675.26404
45090,625.55414
45091,726.1759
45092,891.0034
45093,656.8414
45094,622.9256
45095,394.00253
45096,228.65205
45097,339.78412
45098,310.67618
45099,480.41263
45100,558.37756
45101,598.7601
45102,611.6058
45103,512.82227
45104,477.8849
45105,475.0089
45106,193.95828
45107,404.1559
45108,350.03204
45109,394.3829
45110,420.3708
45111,493.19308
45112,470.7695
45113,610.3726
45114,271.81732
45115,460.80594
45116,523.7031
45117,476.32205
45118,438.5796
45119,447.5284
45120,275.14374
45121,309.7089
45122,318.68295
45123,282.39807
45124,334.48248
45125,390.49292
45126,431.51227
45127,681.69946
45128,722.1077
45129,779.56366
45130,707.7293
45131,544.719
45132,531.91736
45133,712.97205
45134,789.48206
45135,781.011
45136,487.5128
45137,402.81946
45138,280.0244
45139,173.82004
45140,87.8311
45141,66.201965
45142,70.13786
45143,105.01911
45144,112.69103
45145,11.018007
45146,1.9508697
45147,1.1768937
45148,18.901749
45149,38.704147
45150,54.57615
45151,101.6367
45152,87.76382
45153,120.709335
45154,122.89703
45155,117.89882
45156,189.85425
45157,210.71532
45158,220.1394
45159,381.97525
45160,442.5842
45161,514.1136
45162,994.6923
45163,1269.7754
45164,1350.659
45165,1493.3274
45166,1296.2787
45167,1231.5708
45168,1312.2726
45169,1593.8933
45170,1625.02
45171,1648.8203
45172,1588.2208
45173,1584.978
45174,1491.8861
45175,1270.1445
45176,1314.5204
45177,1243.9268
45178,1283.4191
45179,1099.6268
45180,1026.9633
45181,860.5608
45182,797.5192
45183,761.15015
45184,637.4158
45185,659.899
45186,627.2175
45187,642.26984
45188,854.7366
45189,700.8531
45190,505.83426
45191,354.64252
45192,346.19202
45193,392.1132
45194,291.9197
45195,407.3077
45196,550.92786
45197,732.5043
45198,783.89825
45199,659.01794
45200,699.37103
45201,763.8046
45202,794.47363
45203,600.338
45204,494.14035
45205,549.2997
45206,574.81165
45207,534.531
45208,391.012
45209,426.48007
45210,510.95654
45211,567.4087
45212,523.55817
45213,670.88336
45214,1025.7058
45215,1025.2471
45216,763.37335
45217,692.3938
45218,607.4671
45219,679.69714
45220,853.6569
45221,1046.7261
45222,1080.5593
45223,1184.752
45224,1172.231
45225,1097.8026
45226,1018.6167
45227,977.7034
45228,786.882
45229,704.6004
45230,688.3317
45231,769.2942
45232,508.67938
45233,773.0473
45234,721.25134
45235,632.3554
45236,706.66223
45237,493.15848
45238,476.333
45239,384.04712
45240,355.68344
45241,376.256
45242,299.60898
45243,332.37347
45244,585.2342
45245,511.81693
45246,507.57526
45247,607.79553
45248,494.33612
45249,310.25735
45250,322.06714
45251,295.999
45252,269.97894
45253,292.92218
45254,258.62704
45255,378.96643
45256,414.26202
45257,296.5746
45258,118.81304
45259,30.747894
45260,43.900497
45261,35.888165
45262,19.070808
45263,9.36275
45264,54.752518
45265,81.9005
45266,53.283707
45267,3.1475449
45268,-0.96695465
45269,-1.109203
45270,-1.5651319
45271,-0.9812095
45272,5.1409655
45273,71.443535
45274,116.487946
45275,143.64037
45276,155.35475
45277,112.76283
45278,162.45122
45279,328.8759
45280,380.72952
45281,258.19263
45282,308.5621
45283,534.0529
45284,775.34607
45285,641.8489
45286,724.0513
45287,725.02936
45288,768.27826
45289,794.6303
45290,880.56854
45291,892.36206
45292,903.2177
45293,1059.7544
45294,1079.373
45295,1159.1346
45296,1270.7096
45297,1185.8102
45298,1055.6575
45299,990.3767
45300,1071.686
45301,901.9147
45302,859.05115
45303,1065.7075
45304,1303.9408
45305,1233.9071
45306,1224.4478
45307,1189.4088
45308,867.6924
45309,530.07837
45310,382.47687
45311,311.7526
45312,238.00844
45313,207.30759
45314,327.2658
45315,312.0042
45316,659.7752
45317,706.0052
45318,530.6664
45319,376.43634
45320,144.05544
45321,177.45325
45322,153.93611
45323,153.52045
45324,180.86427
45325,536.8855
45326,1059.2352
45327,1094.2155
45328,1249.7773
45329,1118.1919
45330,1027.0856
45331,767.8186
45332,689.8383
45333,981.9177
45334,927.6883
45335,752.19196
45336,936.83984
45337,1089.9851
45338,1134.4384
45339,1143.2534
45340,1152.356
45341,1509.4402
45342,1474.1497
45343,1072.7686
45344,1012.7781
45345,1080.3221
45346,981.64325
45347,924.0195
45348,728.0535
45349,751.7068
45350,724.3329
45351,659.6275
45352,517.4188
45353,547.0476
45354,853.8408
45355,1131.9315
45356,1613.3887
45357,1327.438
45358,1337.9099
45359,1556.4039
45360,1526.9481
45361,1360.6418
45362,1412.9178
45363,1195.0863
45364,1227.1515
45365,1521.3306
45366,1426.4872
45367,1518.3608
45368,1504.9667
45369,1503.5668
45370,1265.2885
45371,1365.4154
45372,1535.5172
45373,1756.5814
45374,1783.7085
45375,1738.5238
45376,1735.0845
45377,1871.1046
45378,1856.3655
45379,1880.2274
45380,1864.6973
45381,1531.2681
45382,1340.2728
45383,1710.3755
45384,1626.6865
45385,1517.3604
45386,1766.3862
45387,1696.3906
45388,1689.5234
45389,820.954
45390,11.394772
45391,11.012057
45392,12.261453
45393,9.882272
45394,-3.122643
45395,11.183942
45396,2.0017235
45397,17.870878
45398,23.134756
45399,26.472424
45400,31.935831
45401,32.827427
45402,41.16179
45403,2.0083122
45404,2.2172596
45405,4.611977
45406,4.4533305
45407,-0.012266117
45408,3.8760395
45409,4.499144
45410,6.831669
45411,8.134307
45412,8.591471
45413,61.17679
45414,-0.38929227
45415,401.93555
45416,570.0032
45417,730.5142
45418,1129.2316
45419,1149.1699
45420,1218.5221
45421,1169.0088
45422,1047.4667
45423,1295.2603
45424,1303.5331
45425,1301.0084
45426,1198.857
45427,1277.9628
45428,1222.9916
45429,1283.1072
45430,1090.9484
45431,1083.4799
45432,1184.6699
45433,1276.7712
45434,1274.4941
45435,1105.7858
45436,961.93024
45437,859.5066
45438,800.8352
45439,697.63983
45440,700.7552
45441,587.4596
45442,612.07745
45443,664.62646
45444,715.74493
45445,791.7579
45446,589.7629
45447,491.0186
45448,708.8787
45449,671.13873
45450,924.4719
45451,871.6258
45452,907.03015
45453,1149.0698
45454,1008.5606
45455,1025.2169
45456,1061.7773
45457,1077.078
45458,1178.1854
45459,1012.3427
45460,855.1128
45461,652.9736
45462,702.3203
45463,717.7538
45464,836.0278
45465,760.8602
45466,1095.3815
45467,1138.8088
45468,1155.2688
45469,996.80054
45470,1099.4238
45471,843.66705
45472,774.2035
45473,889.39215
45474,987.54095
45475,1041.6401
45476,804.54083
45477,759.01807
45478,759.9351
45479,694.8675
45480,982.0356
45481,1014.9616
45482,1026.0848
45483,1157.0846
45484,1176.7865
45485,1021.1591
45486,953.2725
45487,1224.0884
45488,1502.0237
45489,1172.3215
45490,994.6221
45491,983.57916
45492,1069.3833
45493,1001.6593
45494,1147.7295
45495,1262.1316
45496,1333.1176
45497,1213.0387
45498,1268.0902
45499,1497.2144
45500,1424.2302
45501,1436.2206
45502,1151.0315
45503,1275.188
45504,1297.4025
45505,962.8214
45506,1098.6743
45507,1227.256
45508,1027.2603
45509,964.69037
45510,1007.94073
45511,1074.3799
45512,912.0715
45513,832.9175
45514,852.0076
45515,808.513
45516,865.0523
45517,1176.9377
45518,1068.489
45519,859.71875
45520,602.02814
45521,555.6571
45522,633.0884
45523,782.1223
45524,921.928
45525,680.446
45526,690.2534
45527,597.23303
45528,606.2937
45529,804.0829
45530,813.9403
45531,617.40814
45532,628.3014
45533,863.9437
45534,893.1452
45535,817.87335
45536,1024.461
45537,871.6262
45538,886.7807
45539,762.1403
45540,784.2357
45541,875.49023
45542,734.08856
45543,729.6171
45544,676.44965
45545,670.8872
45546,623.60284
45547,715.06177
45548,864.89655
45549,834.6352
45550,871.61554
45551,763.44714
45552,676.3029
45553,872.33514
45554,1082.0713
45555,1072.2947
45556,1067.8826
45557,1115.1497
45558,889.05695
45559,741.9171
45560,595.02515
45561,813.6428
45562,841.43365
45563,750.97504
45564,741.06616
45565,975.84686
45566,749.06226
45567,789.271
45568,741.3523
45569,700.7927
45570,889.7877
45571,975.98206
45572,824.9961
45573,732.4073
45574,504.5441
45575,572.87787
45576,836.4554
45577,672.6348
45578,739.1581
45579,820.3918
45580,789.7242
45581,947.294
45582,697.7058
45583,912.7643
45584,1013.7031
45585,1084.7434
45586,1167.321
45587,709.12616
45588,690.5783
45589,736.6722
45590,506.1719
45591,454.1671
45592,378.8655
45593,529.49426
45594,454.7821
45595,407.43893
45596,502.42172
45597,732.90594
45598,295.59802
45599,613.20465
45600,497.331
45601,493.40137
45602,295.07083
45603,376.23926
45604,342.7958
45605,288.62494
45606,320.3494
45607,387.43237
45608,336.46585
45609,318.8565
45610,276.23584
45611,267.19342
45612,216.12439
45613,272.73172
45614,383.76364
45615,356.77734
45616,230.29172
45617,297.01096
45618,261.20477
45619,268.1784
45620,296.8783
45621,224.07912
45622,263.03854
45623,257.55823
45624,175.98895
45625,221.41762
45626,156.77936
45627,253.45947
45628,164.18648
45629,128.34892
45630,79.18809
45631,90.57127
45632,85.03009
45633,44.61138
45634,122.78212
45635,19.609732
45636,4.3270073
45637,-0.69183683
45638,30.288506
45639,180.383
45640,304.07965
45641,203.35643
45642,168.55481
45643,76.080956
45644,91.30076
45645,81.98737
45646,95.69064
45647,85.14762
45648,158.97026
45649,277.74246
45650,353.2605
45651,364.06262
45652,346.1212
45653,345.88696
45654,362.881
45655,256.68286
45656,88.172615
45657,59.724335
45658,199.39006
45659,343.54065
45660,248.24081
45661,226.89568
45662,185.81021
45663,230.90872
45664,223.03537
45665,352.02158
45666,347.01746
45667,232.07065
45668,337.0118
45669,308.3543
45670,326.21368
45671,454.20154
45672,414.33945
45673,534.8418
45674,514.77606
45675,846.4107
45676,284.94568
45677,441.97827
45678,764.9685
45679,1272.7667
45680,808.7866
45681,645.93976
45682,906.30786
45683,1128.9874
45684,995.92615
45685,826.90344
45686,1033.9574
45687,872.9379
45688,689.0507
45689,833.21375
45690,760.7859
45691,828.5917
45692,353.29767
45693,888.7477
45694,730.9084
45695,384.46155
45696,336.6476
45697,324.01828
45698,109.917
45699,95.64366
45700,97.831215
45701,116.0097
45702,81.10386
45703,98.56738
45704,277.98383
45705,689.22974
45706,1275.0374
45707,1184.026
45708,852.3772
45709,804.1656
45710,809.1938
45711,680.91364
45712,722.98004
45713,644.8759
45714,556.0524
45715,306.66187
45716,199.13768
45717,112.303795
45718,114.53539
45719,224.05092
45720,176.42432
45721,95.94045
45722,135.56013
45723,279.53708
45724,238.54329
45725,330.44077
45726,311.48938
45727,343.04053
45728,589.239
45729,526.7175
45730,480.62903
45731,514.13446
45732,494.12912
45733,569.6547
45734,437.96558
45735,370.3725
45736,369.19058
45737,376.7004
45738,355.19147
45739,647.96783
45740,374.6694
45741,356.01535
45742,509.2879
45743,522.1459
45744,720.1457
45745,892.5174
45746,1109.85
45747,1007.7486
45748,966.8371
45749,983.9602
45750,1061.8116
45751,1000.33154
45752,977.1949
45753,814.77313
45754,843.7656
45755,788.02045
45756,747.4622
45757,532.4222
45758,478.77356
45759,432.13098
45760,399.80518
45761,336.3048
45762,312.66037
45763,341.65594
45764,351.42337
45765,366.01508
45766,504.94696
45767,525.10455
45768,566.36
45769,544.102
45770,527.7035
45771,515.7463
45772,508.5417
45773,459.26184
45774,396.15973
45775,419.52472
45776,455.5633
45777,513.25055
45778,489.56372
45779,416.79938
45780,536.1137
45781,510.80173
45782,439.956
45783,415.00195
45784,500.66974
45785,441.63342
45786,295.5627
45787,214.91026
45788,176.4803
45789,201.91226
45790,219.3171
45791,232.53041
45792,179.8506
45793,160.76575
45794,172.42975
45795,246.26678
45796,313.0548
45797,414.23022
45798,411.15475
45799,236.1468
45800,221.6233
45801,320.73138
45802,350.35
45803,394.0007
45804,266.08942
45805,232.82607
45806,243.39891
45807,292.08817
45808,343.04404
45809,344.07663
45810,252.74106
45811,235.5176
45812,321.26385
45813,225.18512
45814,268.7683
45815,232.54596
45816,351.23618
45817,290.05798
45818,545.7115
45819,496.94455
45820,384.87933
45821,396.7394
45822,298.92044
45823,268.49838
45824,271.9346
45825,300.2352
45826,260.06973
45827,331.98535
45828,329.47937
45829,372.1535
45830,286.62497
45831,188.11682
45832,236.93723
45833,169.10179
45834,191.5501
45835,249.04968
45836,407.33734
45837,439.5884
45838,299.1703
45839,273.18362
45840,223.07959
45841,226.01372
45842,169.2123
45843,238.55101
45844,277.8434
45845,392.668
45846,309.93503
45847,294.63943
45848,386.82623
45849,269.7916
45850,285.175
45851,267.34875
45852,239.8099
45853,238.0066
45854,257.75516
45855,193.9646
45856,217.66801
45857,148.94113
45858,119.175186
45859,149.6234
45860,147.36258
45861,161.76695
45862,159.81079
45863,184.13579
45864,294.7279
45865,266.8064
45866,255.63785
45867,197.9601
45868,3.705621
45869,-2.1529589
45870,119.797424
45871,153.88918
45872,76.07024
45873,186.58716
45874,114.357285
45875,210.65428
45876,221.86421
45877,222.84126
45878,193.70338
45879,236.1226
45880,287.76587
45881,334.03326
45882,300.85422
45883,322.29532
45884,326.82928
45885,231.36848
45886,194.02298
45887,253.53935
45888,254.42282
45889,293.06564
45890,346.8491
45891,284.83997
45892,213.03758
45893,170.29776
45894,183.1076
45895,156.65573
45896,180.737
45897,187.33066
45898,285.76596
45899,267.83755
45900,317.75067
45901,228.6303
45902,236.00711
45903,240.51068
45904,177.62311
45905,155.12044
45906,187.63293
45907,290.28604
45908,236.08401
45909,228.29314
45910,271.7004
45911,240.20216
45912,185.18471
45913,222.75293
45914,220.01468
45915,244.53363
45916,267.3293
45917,321.7918
45918,242.15233
45919,254.25089
45920,288.42722
45921,308.19022
45922,322.8986
45923,379.0091
45924,367.74133
45925,389.29092
45926,367.3249
45927,395.67062
45928,476.2639
45929,412.33124
45930,388.50128
45931,517.4114
45932,441.96616
45933,516.6478
45934,504.47885
45935,693.1473
45936,723.3138
45937,700.2217
45938,666.8027
45939,580.15344
45940,600.69037
45941,828.4202
45942,917.02875
45943,752.39087
45944,746.94226
45945,566.5567
45946,745.8125
45947,866.64496
45948,974.7652
45949,1318.354
45950,950.13544
45951,1074.4785
45952,1030.0553
45953,1183.4297
45954,1338.2664
45955,1194.0392
45956,1000.2218
45957,994.99243
45958,903.06
45959,1051.8085
45960,939.4677
45961,920.5204
45962,1008.2547
45963,1347.3672
45964,1245.304
45965,1108.667
45966,1020.2899
45967,1247.1642
45968,1315.615
45969,1346.0068
45970,1343.7046
45971,1373.8501
45972,1208.5668
45973,1305.2786
45974,1076.4597
45975,1194.3717
45976,1111.1578
45977,1250.0452
45978,1186.1421
45979,1245.4086
45980,1236.4121
45981,1304.168
45982,1294.4487
45983,1452.723
45984,1552.4747
45985,1674.8102
45986,1721.0385
45987,1707.9061
45988,1650.6165
45989,1825.4027
45990,1703.6138
45991,1779.7094
45992,1835.1301
45993,1784.4205
45994,1820.8922
45995,1835.5392
45996,1791.1626
45997,1693.4806
45998,1611.5961
45999,1780.0952
46000,1832.2078
46001,1799.7585
46002,1802.8743
46003,1843.4321
46004,1846.7662
46005,1796.6859
46006,1824.1694
46007,1855.9355
46008,1861.6654
46009,1875.661
46010,1882.612
46011,1810.0491
46012,1849.0948
46013,1724.9188
46014,1703.4707
46015,1769.3765
46016,1681.3212
46017,1847.7853
46018,1816.7917
46019,1714.2446
46020,1838.3314
46021,1710.861
46022,1723.2085
46023,1636.2537
46024,1797.9774
46025,1719.9025
46026,1786.1741
46027,1775.238
46028,1829.5629
46029,1754.1891
46030,1765.3961
46031,1667.2047
46032,1535.8152
46033,1570.6628
46034,1819.5967
46035,1739.6412
46036,1674.6783
46037,1817.1814
46038,1737.1456
46039,1751.4375
46040,1771.1764
46041,1825.8611
46042,1812.8749
46043,1671.2574
46044,1806.079
46045,1878.8429
46046,1783.011
46047,1872.0405
46048,1728.6337
46049,1867.0443
46050,1868.8612
46051,1767.1008
46052,1854.7418
46053,1733.7131
46054,1814.2155
46055,1855.0381
46056,1829.3545
46057,1820.277
46058,1865.6941
46059,1870.7932
46060,1887.2915
46061,1866.7117
46062,1875.9249
46063,1868.1361
46064,1837.9775
46065,1876.2864
46066,1896.243
46067,1873.9524
46068,1873.248
46069,1874.6674
46070,1864.1312
46071,1699.6702
46072,1663.3358
46073,1799.5631
46074,1875.3778
46075,1863.3694
46076,1762.2694
46077,1584.4447
46078,1364.0084
46079,1638.0072
46080,1451.2872
46081,1300.1996
46082,1378.1189
46083,1074.0853
46084,1111.7236
46085,804.3762
46086,671.37164
46087,599.2942
46088,697.2113
46089,747.2624
46090,608.79535
46091,428.79346
46092,557.0977
46093,658.24243
46094,236.02876
46095,113.46061
46096,276.90167
46097,242.67601
46098,141.85048
46099,23.736116
46100,0.8629339
46101,-1.1378118
46102,-0.31470898
46103,-0.6125505
46104,-0.6515316
46105,-0.45561326
46106,-0.43592596
46107,-0.48484242
46108,-0.92318094
46109,-0.91201025
46110,-1.0228758
46111,-1.0404261
46112,-1.1009876
46113,-1.1610926
46114,-1.0529362
46115,-1.8328383
46116,32.22211
46117,50.483776
46118,58.348503
46119,46.614594
46120,73.821236
46121,62.21413
46122,76.74185
46123,75.66639
46124,84.040924
46125,146.1774
46126,136.58502
46127,109.3834
46128,51.05682
46129,25.689627
46130,0.51494694
46131,-0.8463323
46132,-0.98732144
46133,-0.9947069
46134,-0.81151223
46135,24.56124
46136,63.55511
46137,74.94631
46138,80.33224
46139,121.041725
46140,165.90575
46141,170.33295
46142,165.0592
46143,161.85551
46144,96.42916
46145,171.44128
46146,171.77213
46147,74.01983
46148,136.06981
46149,209.82156
46150,241.6362
46151,224.53493
46152,250.424
46153,183.8505
46154,203.72939
46155,175.41924
46156,145.34349
46157,170.07555
46158,200.33716
46159,101.897896
46160,195.24667
46161,296.9994
46162,246.7877
46163,199.22112
46164,204.99406
46165,154.5225
46166,212.72261
46167,322.46997
46168,354.6857
46169,296.1943
46170,289.3679
46171,293.36548
46172,353.90317
46173,317.8888
46174,239.06479
46175,334.3245
46176,481.84735
46177,415.26218
46178,257.11313
46179,129.85085
46180,115.98634
46181,140.68483
46182,184.27887
46183,193.46867
46184,300.2591
46185,337.1348
46186,318.11926
46187,367.31583
46188,260.94394
46189,326.0373
46190,409.0431
46191,386.22974
46192,279.633
46193,161.37904
46194,173.2826
46195,186.5582
46196,134.91928
46197,112.61024
46198,112.62148
46199,89.883545
46200,126.05892
46201,79.640236
46202,146.41953
46203,207.23532
46204,171.98035
46205,161.7376
46206,237.78134
46207,65.644615
46208,69.169785
46209,69.18023
46210,60.107155
46211,108.76627
46212,150.98055
46213,194.3359
46214,170.61203
46215,196.33173
46216,242.77165
46217,232.4393
46218,203.72556
46219,240.2125
46220,196.00563
46221,298.55927
46222,323.77017
46223,142.08443
46224,244.7865
46225,297.4969
46226,194.48315
46227,129.99135
46228,130.13235
46229,153.16951
46230,137.10577
46231,87.23838
46232,106.80363
46233,59.72375
46234,85.217636
46235,103.84923
46236,74.54746
46237,142.9413
46238,90.359116
46239,47.71802
46240,67.551865
46241,2.438721
46242,-1.0784358
46243,64.32145
46244,8.317535
46245,-1.9337857
46246,-1.6320614
46247,101.16696
46248,110.91416
46249,122.013596
46250,40.67751
46251,72.734116
46252,96.20031
46253,83.24143
46254,38.4326
46255,50.26962
46256,75.30142
46257,62.36363
46258,95.075806
46259,60.986137
46260,32.62801
46261,57.07431
46262,77.39281
46263,100.212395
46264,120.133896
46265,40.73563
46266,94.01402
46267,106.00159
46268,12.5119095
46269,-1.300184
46270,-1.4852186
46271,40.378105
46272,95.14066
46273,54.192417
46274,10.754386
46275,70.0601
46276,73.74478
46277,175.50839
46278,289.33078
46279,359.181
46280,341.7732
46281,285.7895
46282,170.26698
46283,267.30307
46284,321.9639
46285,328.67642
46286,298.69266
46287,233.64035
46288,146.79924
46289,167.79973
46290,134.42554
46291,99.14654
46292,153.40907
46293,207.64964
46294,225.49248
46295,210.18465
46296,275.34335
46297,307.09293
46298,216.68126
46299,233.5729
46300,211.0475
46301,324.67404
46302,320.18658
46303,331.1503
46304,393.6157
46305,423.0816
46306,443.61667
46307,598.669
46308,557.8654
46309,543.3227
46310,474.9273
46311,612.13727
46312,833.4845
46313,877.53296
46314,678.5526
46315,857.45953
46316,680.7565
46317,575.55475
46318,398.97903
46319,379.6385
46320,417.09247
46321,300.48615
46322,399.6311
46323,441.77582
46324,314.7721
46325,237.4067
46326,195.4561
46327,241.26753
46328,262.30563
46329,261.0442
46330,404.82156
46331,429.47058
46332,384.43018
46333,200.12158
46334,174.54659
46335,139.18379
46336,139.34372
46337,213.25832
46338,336.93622
46339,370.1111
46340,297.02228
46341,233.81068
46342,231.51068
46343,199.66165
46344,121.84703
46345,128.98581
46346,147.91263
46347,157.12045
46348,157.00491
46349,198.11285
46350,97.67567
46351,85.72794
46352,156.10835
46353,237.85988
46354,139.16324
46355,111.37137
46356,166.1427
46357,115.41611
46358,171.30162
46359,198.24623
46360,266.40884
46361,172.7012
46362,148.41794
46363,125.590256
46364,215.86322
46365,206.02367
46366,170.7972
46367,168.51309
46368,152.04597
46369,122.86601
46370,147.0057
46371,184.3089
46372,88.5544
46373,98.434814
46374,104.784424
46375,94.88437
46376,88.8011
46377,86.214645
46378,105.22225
46379,96.78995
46380,47.552097
46381,64.69568
46382,41.83955
46383,61.16206
46384,196.12811
46385,178.24527
46386,233.44373
46387,80.2296
46388,94.27538
46389,213.80823
46390,325.88712
46391,309.12308
46392,321.31754
46393,344.4493
46394,314.33353
46395,316.26508
46396,109.00848
46397,156.07045
46398,209.88036
46399,388.5899
46400,413.03452
46401,385.18817
46402,326.63486
46403,360.19324
46404,198.52658
46405,129.32605
46406,224.38704
46407,220.93532
46408,113.134674
46409,32.187984
46410,259.4166
46411,385.60535
46412,493.43295
46413,365.65402
46414,389.20724
46415,255.60045
46416,170.33533
46417,169.09453
46418,179.61748
46419,275.1642
46420,500.82394
46421,413.9843
46422,367.30145
46423,125.236725
46424,86.41378
46425,96.24882
46426,82.27892
46427,182.11821
46428,204.34064
46429,176.03162
46430,204.71634
46431,296.27136
46432,269.68326
46433,232.97571
46434,299.0441
46435,247.52644
46436,177.85837
46437,208.931
46438,316.1232
46439,118.346466
46440,158.62265
46441,182.95622
46442,232.16037
46443,225.61064
46444,230.93881
46445,305.28787
46446,295.92783
46447,278.23633
46448,61.189175
46449,46.517242
46450,6.749925
46451,30.801147
46452,66.88125
46453,80.94896
46454,53.87837
46455,35.478714
46456,210.5982
46457,194.60588
46458,89.57204
46459,46.608242
46460,-2.4008467
46461,-1.1496229
46462,-0.96056086
46463,-0.9486923
46464,-0.926467
46465,-0.86008745
46466,-0.68897957
46467,-0.6290068
46468,-0.6699139
46469,-0.33469698
46470,41.38068
46471,132.69183
46472,139.1809
46473,135.33344
46474,126.298615
46475,38.132698
46476,72.982895
46477,130.96614
46478,141.47705
46479,124.43174
46480,99.619286
46481,90.365616
46482,138.65515
46483,118.932434
46484,176.04669
46485,221.5917
46486,326.3716
46487,200.2052
46488,245.5892
46489,272.1163
46490,227.59068
46491,268.72748
46492,325.10504
46493,335.30945
46494,262.2406
46495,172.76117
46496,273.9893
46497,331.7576
46498,385.97812
46499,413.24432
46500,180.66508
46501,167.5502
46502,215.2323
46503,185.47482
46504,254.33029
46505,166.04472
46506,112.923615
46507,40.374886
46508,130.28593
46509,119.41772
46510,143.68312
46511,129.78749
46512,120.46363
46513,143.0767
46514,107.135796
46515,85.18498
46516,102.80089
46517,94.43164
46518,95.679375
46519,86.205925
46520,56.900703
46521,38.389095
46522,10.055116
46523,7.4701114
46524,1.8867948
46525,-0.91881
46526,-0.7938236
46527,-0.9424497
46528,-0.9502615
46529,-0.9246461
46530,-0.87297237
46531,-0.6993938
46532,-0.80178905
46533,-0.7029641
46534,-1.1850255
46535,-2.7042937
46536,-1.2195047
46537,-1.063579
46538,-1.2402127
46539,-1.2195678
46540,-1.9395508
46541,44.643692
46542,90.64837
46543,52.207466
46544,72.12868
46545,68.37738
46546,96.27845
46547,10.452153
46548,70.55123
46549,149.2976
46550,181.13583
46551,151.88626
46552,87.50865
46553,81.25504
46554,78.62532
46555,43.40158
46556,64.46457
46557,137.80492
46558,113.33881
46559,27.400688
46560,32.840797
46561,64.85347
46562,92.580666
46563,92.792
46564,49.773293
46565,65.873116
46566,69.11214
46567,80.57087
46568,94.86911
46569,87.517296
46570,88.60759
46571,91.83999
46572,90.47904
46573,117.121544
46574,123.71642
46575,171.19191
46576,222.97794
46577,177.59807
46578,153.51941
46579,117.335014
46580,68.368
46581,90.498024
46582,185.45552
46583,238.84962
46584,178.4972
46585,166.42986
46586,215.41295
46587,212.41553
46588,122.62983
46589,154.01126
46590,222.17737
46591,257.83868
46592,335.08853
46593,227.83943
46594,272.546
46595,312.74332
46596,263.01343
46597,275.51733
46598,224.12462
46599,209.68466
46600,356.3437
46601,399.03708
46602,439.47852
46603,375.96375
46604,488.95694
46605,496.96402
46606,523.5918
46607,487.81244
46608,400.5809
46609,537.9123
46610,569.8989
46611,492.65646
46612,376.80676
46613,352.4217
46614,406.7376
46615,505.5724
46616,619.8951
46617,549.0308
46618,478.1001
46619,339.7978
46620,333.35336
46621,302.8684
46622,228.158
46623,228.12367
46624,296.35355
46625,250.40851
46626,325.71707
46627,272.361
46628,302.6358
46629,325.4925
46630,328.1174
46631,235.31772
46632,301.95258
46633,311.05878
46634,498.72998
46635,554.05005
46636,759.3049
46637,630.9681
46638,541.0868
46639,598.77155
46640,507.89606
46641,710.56213
46642,401.27042
46643,469.01447
46644,428.34836
46645,659.1029
46646,647.726
46647,708.4592
46648,559.56195
46649,509.55646
46650,528.40247
46651,419.40915
46652,355.37888
46653,326.07382
46654,454.2388
46655,413.7222
46656,565.99347
46657,674.01337
46658,640.9521
46659,663.63745
46660,618.2419
46661,606.8125
46662,536.98535
46663,610.0581
46664,519.16736
46665,311.7032
46666,223.67403
46667,390.29858
46668,421.33798
46669,223.53622
46670,168.29623
46671,116.17735
46672,179.69215
46673,186.91702
46674,194.97458
46675,224.87885
46676,248.93837
46677,152.2704
46678,80.292145
46679,97.579506
46680,88.85292
46681,116.995094
46682,188.25816
46683,254.29128
46684,413.19168
46685,392.56235
46686,338.24234
46687,376.36
46688,439.20798
46689,352.49603
46690,392.90955
46691,428.6572
46692,281.16226
46693,239.22275
46694,179.81985
46695,173.26123
46696,270.26608
46697,285.04883
46698,375.42365
46699,448.00543
46700,446.1229
46701,278.09454
46702,165.71329
46703,140.39368
46704,177.44952
46705,88.8362
46706,152.02528
46707,232.38771
46708,305.33694
46709,211.03545
46710,315.0012
46711,329.01767
46712,168.48651
46713,90.60767
46714,139.3376
46715,151.35413
46716,136.68016
46717,73.969955
46718,210.52295
46719,106.05112
46720,105.856514
46721,79.43845
46722,126.671646
46723,171.97073
46724,226.3297
46725,191.05432
46726,136.21492
46727,43.703945
46728,119.926384
46729,69.09205
46730,72.78082
46731,92.9528
46732,87.57947
46733,46.663803
46734,60.34345
46735,80.687065
46736,16.605501
46737,31.85279
46738,49.760956
46739,25.243315
46740,4.4177194
46741,-0.16599423
46742,-0.11181023
46743,-0.5139169
46744,-0.5330454
46745,-0.06682904
46746,-0.4794868
46747,-0.5479698
46748,-0.54352355
46749,-0.53285825
46750,-0.5635585
46751,-0.533399
46752,-0.32672352
46753,-0.6313042
46754,-0.6215996
46755,-0.651952
46756,-0.69454455
46757,-0.7371778
46758,-0.73787457
46759,-0.838337
46760,-0.8563662
46761,-0.8676586
46762,-0.85649824
46763,-0.8518841
46764,-0.86701506
46765,-0.8805816
46766,-0.87900233
46767,-0.87900233
46768,-0.89362586
46769,-1.0552841
46770,-1.0587159
46771,-1.0251986
46772,-1.0739782
46773,-1.089555
46774,-1.0468507
46775,-1.0454236
46776,-1.0484606
46777,-1.0748599
46778,-1.0748599
46779,-1.129163
46780,-1.1173892
46781,-1.1139677
46782,-1.1270552
46783,-1.1760224
46784,-1.1760224
46785,-1.1962433
46786,-1.2338673
46787,-1.0895495
46788,-1.1927232
46789,-1.2576251
46790,-1.1677247
46791,-1.2560722
46792,-1.0810423
46793,-1.0872142
46794,-0.9898753
46795,19.477594
46796,40.54748
46797,50.50849
46798,41.56393
46799,-1.0111679
46800,-1.6416976
46801,8.147438
46802,34.743706
46803,4.1524
46804,2.8173232
46805,28.95794
46806,51.5675
46807,-0.8239622
46808,-0.989365
46809,-1.1169757
46810,-1.0594455
46811,-0.98697674
46812,-1.0198945
46813,-1.2726874
46814,-1.1398491
46815,-1.2112668
46816,-1.2395899
46817,-1.1349581
46818,-1.254981
46819,37.14909
46820,9.774846
46821,3.8580706
46822,31.476604
46823,33.37039
46824,86.692314
46825,94.62502
46826,121.68638
46827,149.85042
46828,200.05907
46829,182.58435
46830,147.79279
46831,142.46971
46832,82.90873
46833,87.115204
46834,75.04682
46835,98.73177
46836,170.99658
46837,296.02994
46838,264.28177
46839,300.87173
46840,303.4073
46841,332.79938
46842,332.10953
46843,382.53647
46844,238.83961
46845,341.49832
46846,281.27756
46847,199.2672
46848,274.5645
46849,310.45917
46850,350.78717
46851,381.14856
46852,376.69702
46853,308.63257
46854,292.96564
46855,322.18274
46856,280.35278
46857,346.27103
46858,261.73065
46859,275.6232
46860,194.71234
46861,224.54948
46862,174.77403
46863,91.314644
46864,30.350027
46865,45.36262
46866,48.018066
46867,72.450424
46868,45.40322
46869,34.65519
46870,60.172634
46871,59.619835
46872,57.23124
46873,62.46743
46874,5.234124
46875,-1.1441857
46876,-1.1011475
46877,-1.0015882
46878,-0.8363631
46879,-1.0322644
46880,-0.9323752
46881,-1.082498
46882,-1.0590693
46883,-1.2271116
46884,-1.1296941
46885,-0.50582
46886,-0.9576675
46887,-1.0170124
46888,-0.9810374
46889,-0.99595165
46890,-1.1281439
46891,-1.2416221
46892,-0.9393421
46893,-1.2039691
46894,-1.2199639
46895,-1.2199639
46896,-1.0997715
46897,-0.8067186
46898,-0.91611695
46899,-1.0709182
46900,-1.0048627
46901,-0.967865
46902,-1.2522548
46903,-1.2076653
46904,-1.1234753
46905,-1.0819519
46906,-1.0860763
46907,-1.0819519
46908,-1.1543533
46909,-1.3222889
46910,-1.4158927
46911,-1.3500547
46912,-1.2456118
46913,-1.086872
46914,-1.3112584
46915,-1.2646573
46916,-1.2314148
46917,-0.9944173
46918,-1.1234457
46919,-1.1237495
46920,-1.3104104
46921,-1.2077668
46922,-1.307521
46923,-1.3752403
46924,-1.3752403
46925,-1.334934
46926,-1.3752403
46927,-1.2432476
46928,-1.1079007
46929,-1.1926907
46930,-0.98446953
46931,-1.1649153
46932,-1.2469093
46933,-0.9520433
46934,-0.71564645
46935,-0.8622958
46936,-0.6828395
46937,-0.95270926
46938,-0.9642784
46939,-1.084572
46940,-1.1753238
46941,-0.67457914
46942,-0.5315177
46943,0.041564107
46944,0.041210417
46945,-0.659237
46946,0.4257204
46947,0.08064288
46948,0.16048802
46949,-0.36522615
46950,-0.33157223
46951,-0.89825195
46952,-0.89593977
46953,-0.20610508
46954,-0.20593503
46955,124.853874
46956,217.04704
46957,214.14975
46958,192.94757
46959,154.55998
46960,215.4079
46961,271.7385
46962,231.3826
46963,166.43007
46964,267.439
46965,277.64642
46966,233.3864
46967,179.99788
46968,121.45407
46969,118.79875
46970,232.31271
46971,302.30075
46972,417.77795
46973,381.60254
46974,284.83905
46975,270.14474
46976,295.90808
46977,195.24164
46978,102.55368
46979,178.7844
46980,148.61267
46981,23.495188
46982,2.7522728
46983,11.229377
46984,115.45297
46985,147.91718
46986,107.07186
46987,58.59217
46988,22.503422
46989,161.09299
46990,259.14166
46991,256.11487
46992,228.13991
46993,254.03445
46994,238.46234
46995,217.20929
46996,193.07579
46997,170.29329
46998,152.92186
46999,159.8605
47000,175.33044
47001,103.11792
47002,139.28268
47003,156.3088
47004,106.02077
47005,130.4708
47006,131.72375
47007,100.74976
47008,156.76503
47009,210.61829
47010,211.32542
47011,157.04831
47012,128.1485
47013,146.76549
47014,127.47678
47015,82.06063
47016,49.156322
47017,69.452774
47018,44.842342
47019,37.000824
47020,30.153349
47021,101.53515
47022,4.588315
47023,0.45354852
47024,-0.64023143
47025,-0.5622662
47026,-0.6823411
47027,-0.70756173
47028,-0.70756173
47029,-0.7277619
47030,31.590504
47031,20.332438
47032,1.6259
47033,-0.6683676
47034,-0.6705953
47035,-0.7915092
47036,-0.80601907
47037,-0.8201092
47038,-0.85493225
47039,-0.8771879
47040,-0.96096677
47041,-0.76693517
47042,-0.8054736
47043,-0.82174444
47044,-0.8973667
47045,-1.3653191
47046,-0.69006497
47047,-0.6274398
47048,22.780272
47049,75.04968
47050,49.365192
47051,35.717667
47052,11.657775
47053,18.18654
47054,25.111555
47055,38.432087
47056,65.82829
47057,98.25215
47058,116.84691
47059,101.252335
47060,56.638977
47061,110.038086
47062,110.67259
47063,72.85986
47064,45.102283
47065,24.432781
47066,19.898674
47067,24.838972
47068,24.694735
47069,32.75865
47070,25.70511
47071,1.3388498
47072,7.4535437
47073,16.090918
47074,-0.32323793
47075,-0.7403814
47076,-0.80432785
47077,-0.85805094
47078,-0.8630955
47079,-0.88527685
47080,-0.21986136
47081,24.23888
47082,40.608994
47083,81.49291
47084,64.33848
47085,88.58257
47086,37.07648
47087,28.658802
47088,7.8572855
47089,-0.705802
47090,-0.7065028
47091,-0.68737185
47092,-0.48962456
47093,-0.45244655
47094,-0.63924813
47095,-0.6411721
47096,-0.6249864
47097,-0.7733005
47098,-0.78264
47099,-0.7817128
47100,-0.7282984
47101,-0.7439658
47102,-0.79016703
47103,-0.77986276
47104,-0.79405296
47105,-0.8109618
47106,-0.78756416
47107,-0.7897783
47108,-0.792888
47109,-0.80263925
47110,-0.8001717
47111,-0.8074892
47112,-0.8001717
47113,-0.9723044
47114,-1.5163094
47115,-0.91108024
47116,-0.72913224
47117,-0.738735
47118,-0.7661483
47119,-0.7239742
47120,-0.7429801
47121,-0.9427835
47122,-0.8000716
47123,36.59129
47124,64.0852
47125,45.400757
47126,48.916203
47127,48.965553
47128,41.029087
47129,24.524645
47130,59.066917
47131,68.78047
47132,76.54987
47133,84.37656
47134,44.712788
47135,13.816415
47136,-1.7575734
47137,2.3694546
47138,23.009407
47139,73.74262
47140,60.515644
47141,36.24058
47142,23.299774
47143,33.36291
47144,35.687332
47145,36.872837
47146,24.730488
47147,18.777887
47148,42.017426
47149,70.04266
47150,87.407776
47151,171.3901
47152,208.89401
47153,167.09097
47154,145.16364
47155,125.88456
47156,102.80252
47157,122.90587
47158,145.04962
47159,172.90263
47160,167.36676
47161,209.92679
47162,237.6948
47163,257.92987
47164,212.82909
47165,113.48866
47166,142.71353
47167,127.88046
47168,120.90963
47169,116.95172
47170,187.44101
47171,187.4025
47172,121.24481
47173,110.0531
47174,103.287025
47175,77.15285
47176,36.691372
47177,48.43618
47178,32.254524
47179,23.181345
47180,53.992905
47181,19.93702
47182,9.85691
47183,26.320498
47184,9.518562
47185,30.001148
47186,19.629253
47187,34.479805
47188,54.184563
47189,59.696854
47190,51.22955
47191,37.45678
47192,26.216976
47193,11.260497
47194,11.746545
47195,19.012491
47196,4.7205253
47197,-1.7673229
47198,-2.034745
47199,-1.8914917
47200,7.2364106
47201,1.4684949
47202,7.436811
47203,-4.712214
47204,-2.3681574
47205,-1.9968241
47206,0.1936468
47207,9.11901
47208,5.110266
47209,40.64426
47210,33.000656
47211,-2.481854
47212,-1.6390432
47213,-1.6406453
47214,-1.6094408
47215,-1.5976316
47216,-1.5233763
47217,-1.5399027
47218,-1.5399027
47219,-1.4806339
47220,-1.4674093
47221,-1.4492184
47222,-1.447947
47223,-1.1860842
47224,-1.2242188
47225,-1.178491
47226,-1.1674002
47227,-1.1287875
47228,-1.1287875
47229,-1.1287875
47230,-1.1186312
47231,-1.0934299
47232,-1.0934299
47233,-1.0768453
47234,-1.0854135
47235,-1.1904049
47236,-1.2036091
47237,-1.2036091
47238,-1.2065614
47239,-1.2345341
47240,-1.2763342
47241,-1.2701473
47242,-1.2701473
47243,-1.2514628
47244,-1.2514628
47245,-1.2291776
47246,-1.1890076
47247,-1.1890076
47248,-1.1872342
47249,-1.2347217
47250,-1.1989104
47251,-1.1922151
47252,-1.1863284
47253,-1.1922151
47254,-1.1922151
47255,-1.1922151
47256,-1.1922151
47257,-1.214722
47258,-1.1101952
47259,-1.1101952
47260,-1.1227582
47261,-1.1294966
47262,-1.1454177
47263,-1.1827964
47264,-1.1596239
47265,-1.1638879
47266,-1.1603396
47267,-1.1673026
47268,-1.1325086
47269,33.541588
47270,7.0431557
47271,-1.2813619
47272,-1.1034874
47273,-1.1209726
47274,-1.1131397
47275,-0.97986376
47276,13.046351
47277,20.54518
47278,2.6575108
47279,21.446402
47280,63.85849
47281,46.284706
47282,21.928326
47283,8.945395
47284,58.904434
47285,57.061687
47286,86.50866
47287,79.73081
47288,41.19918
47289,75.03727
47290,50.335308
47291,22.840374
47292,-0.6143396
47293,0.61405176
47294,-0.028613133
47295,-0.7969453
47296,-0.89509445
47297,-0.6554547
47298,-0.8343578
47299,-1.1180232
47300,-1.3620539
47301,-0.9003117
47302,-0.765852
47303,-1.059096
47304,-1.1721325
47305,-1.3428609
47306,-1.100557
47307,-1.0898094
47308,-0.9990668
47309,-0.97919494
47310,-1.2490479
47311,-1.0424297
47312,-0.9531147
47313,-0.6825509
47314,-0.7972506
47315,-0.15526928
47316,-0.35101992
47317,-0.8417641
47318,-0.7575276
47319,-0.8153637
47320,-0.5581522
47321,-0.5954834
47322,-0.79015106
47323,-0.7217415
47324,-0.93221235
47325,-0.18695644
47326,-0.14173336
47327,-0.77187383
47328,-0.9572842
47329,-1.1478025
47330,-1.2484115
47331,-0.8424146
47332,-1.2789729
47333,-1.1746241
47334,-1.3187886
47335,-1.4871505
47336,-1.5504761
47337,-1.5724182
47338,-1.4206998
47339,-1.5899873
47340,-1.4137361
47341,-1.5219438
47342,-1.341629
47343,-0.9942816
47344,-1.1756244
47345,-0.8780448
47346,-1.0759306
47347,-0.42994303
47348,-1.8952098
47349,0.8465088
47350,1.1248368
47351,2.1355014
47352,3.7216628
47353,7.792638
47354,8.458836
47355,8.774488
47356,1.4402759
47357,1.5935178
47358,1.7979896
47359,-2.1331801
47360,6.9225197
47361,2.5613213
47362,3.558431
47363,1.0648526
47364,2.7771723
47365,257.41998
47366,727.4323
47367,806.6757
47368,702.98175
47369,811.441
47370,1053.4966
47371,1006.8006
47372,1093.0563
47373,1255.72
47374,1197.5884
47375,1257.101
47376,1127.4025
47377,1301.6715
47378,1460.9794
47379,1580.0684
47380,1359.7794
47381,1171.3798
47382,1030.3921
47383,1082.5093
47384,950.38824
47385,680.41003
47386,473.76404
47387,513.693
47388,601.2788
47389,574.31775
47390,625.4558
47391,478.35715
47392,388.146
47393,383.0041
47394,511.66852
47395,829.6724
47396,794.4029
47397,789.9507
47398,642.54144
47399,659.0309
47400,726.3136
47401,848.31476
47402,1161.4532
47403,1293.7286
47404,1418.1511
47405,1378.2268
47406,724.8165
47407,1247.265
47408,1524.5024
47409,1555.9136
47410,1666.3043
47411,1779.9309
47412,1782.6432
47413,1881.2263
47414,1856.306
47415,1888.604
47416,1864.0991
47417,1902.0648
47418,1891.4896
47419,1835.8966
47420,1892.386
47421,1869.7836
47422,559.832
47423,163.8351
47424,1792.1364
47425,1683.0098
47426,1736.1031
47427,1538.7144
47428,1467.4802
47429,1685.7596
47430,1690.4884
47431,1830.7457
47432,1818.3472
47433,1824.4595
47434,1850.7585
47435,1876.7706
47436,1861.0785
47437,1866.6554
47438,1856.7097
47439,1675.5913
47440,1466.766
47441,1738.3217
47442,1674.122
47443,1620.4537
47444,1502.2688
47445,1402.8313
47446,1509.8323
47447,1547.411
47448,1524.9961
47449,1399.5343
47450,1233.5997
47451,1398.7214
47452,1347.724
47453,1141.5652
47454,879.23755
47455,1019.5142
47456,709.8605
47457,540.5479
47458,640.51764
47459,627.6399
47460,409.2921
47461,363.21353
47462,219.6896
47463,141.46352
47464,108.01566
47465,129.99928
47466,156.97546
47467,163.81871
47468,118.378975
47469,79.6959
47470,190.67822
47471,153.62448
47472,229.84232
47473,346.34497
47474,453.90405
47475,311.11505
47476,170.23083
47477,118.433174
47478,328.65567
47479,303.77618
47480,324.85303
47481,333.3571
47482,371.92725
47483,337.16415
47484,286.32632
47485,206.21997
47486,80.75032
47487,361.70087
47488,496.08832
47489,541.1576
47490,411.33643
47491,407.65097
47492,370.12003
47493,421.1806
47494,359.4013
47495,402.70795
47496,431.26788
47497,621.65247
47498,721.70605
47499,629.16327
47500,417.10147
47501,1002.657
47502,1225.4489
47503,1049.1395
47504,1316.0905
47505,1345.9023
47506,1822.9808
47507,1287.6632
47508,839.8678
47509,639.0807
47510,891.16705
47511,683.96326
47512,793.0628
47513,1242.2354
47514,842.28656
47515,762.5755
47516,872.89294
47517,618.31647
47518,723.2456
47519,734.47894
47520,1021.1355
47521,974.50256
47522,1005.9376
47523,578.63556
47524,683.047
47525,646.2277
47526,401.0771
47527,483.91595
47528,576.1289
47529,788.4045
47530,1307.9475
47531,941.1171
47532,896.0064
47533,698.45856
47534,662.52563
47535,828.6798
47536,1235.4526
47537,831.325
47538,580.9232
47539,453.57736
47540,507.51215
47541,405.07587
47542,348.67163
47543,1410.6761
47544,1165.1396
47545,648.43384
47546,425.2781
47547,172.95076
47548,219.16122
47549,226.16139
47550,392.06766
47551,552.024
47552,628.8961
47553,587.35516
47554,718.076
47555,585.8363
47556,437.42758
47557,485.19696
47558,640.672
47559,1061.6904
47560,653.2088
47561,768.2577
47562,617.3298
47563,618.52686
47564,525.9655
47565,427.1567
47566,462.69913
47567,586.8265
47568,492.748
47569,528.9783
47570,588.43396
47571,965.3812
47572,613.9057
47573,784.6623
47574,924.0716
47575,930.4784
47576,579.2208
47577,609.10986
47578,1084.1471
47579,1010.5125
47580,789.6084
47581,593.5881
47582,760.68134
47583,831.4549
47584,795.1626
47585,382.66388
47586,543.87665
47587,511.72934
47588,369.18344
47589,301.12036
47590,500.46097
47591,445.45334
47592,446.0933
47593,336.5089
47594,513.5714
47595,635.8068
47596,460.706
47597,433.14185
47598,309.8754
47599,305.0386
47600,228.19267
47601,210.34805
47602,269.86044
47603,378.144
47604,410.43375
47605,280.35767
47606,397.5936
47607,403.11816
47608,618.69556
47609,756.5329
47610,589.5206
47611,443.12845
47612,492.22394
47613,335.1154
47614,236.2579
47615,264.1692
47616,183.92871
47617,168.29405
47618,137.0526
47619,156.21593
47620,285.38782
47621,147.1674
47622,154.89194
47623,94.13165
47624,103.86153
47625,193.60957
47626,120.60579
47627,156.55005
47628,156.00542
47629,110.26605
47630,107.03573
47631,265.4152
47632,229.22662
47633,118.59097
47634,169.8902
47635,228.45288
47636,106.26799
47637,271.6609
47638,444.4824
47639,452.51923
47640,408.09512
47641,413.38766
47642,320.26767
47643,265.4314
47644,288.20966
47645,254.36786
47646,383.30487
47647,454.3819
47648,434.72897
47649,455.9754
47650,469.0782
47651,429.55246
47652,486.36813
47653,504.26355
47654,323.66074
47655,427.09464
47656,526.6884
47657,641.86334
47658,442.59238
47659,462.6005
47660,330.99625
47661,123.120544
47662,208.75912
47663,314.06573
47664,367.65512
47665,196.80458
47666,273.1319
47667,452.10593
47668,447.0051
47669,467.7267
47670,455.5405
47671,482.82358
47672,462.56363
47673,463.43866
47674,481.2921
47675,416.28116
47676,410.73862
47677,333.81912
47678,285.36285
47679,359.7686
47680,345.36575
47681,358.49582
47682,395.66232
47683,418.02194
47684,297.70544
47685,290.8253
47686,301.01285
47687,247.74075
47688,375.46982
47689,409.23648
47690,357.65634
47691,472.1343
47692,344.95917
47693,392.56876
47694,364.41037
47695,429.07477
47696,559.3963
47697,586.4553
47698,564.2563
47699,486.93903
47700,426.0647
47701,436.5117
47702,358.41327
47703,293.72934
47704,332.8662
47705,355.54395
47706,450.4865
47707,504.56964
47708,485.90564
47709,494.52924
47710,454.11664
47711,514.90125
47712,608.02563
47713,520.4253
47714,317.39777
47715,457.05145
47716,411.55194
47717,457.60968
47718,389.20953
47719,378.0454
47720,494.2424
47721,359.6592
47722,319.25742
47723,230.23993
47724,315.07474
47725,381.83768
47726,396.5595
47727,517.8999
47728,595.7645
47729,424.52924
47730,482.7978
47731,416.16556
47732,358.40414
47733,338.54776
47734,509.7619
47735,512.99884
47736,433.87637
47737,432.40356
47738,422.69742
47739,846.66565
47740,644.1799
47741,454.78757
47742,382.7185
47743,373.64767
47744,435.86917
47745,457.27893
47746,474.10437
47747,500.9415
47748,469.88684
47749,411.44412
47750,258.24594
47751,395.24384
47752,268.80142
47753,442.0447
47754,538.5431
47755,528.6966
47756,649.18463
47757,650.9273
47758,875.9978
47759,627.2598
47760,615.35815
47761,1041.5038
47762,953.5583
47763,1048.2083
47764,1025.1163
47765,1054.8691
47766,922.8819
47767,1277.5619
47768,1343.4891
47769,1564.0182
47770,1561.5427
47771,1775.0411
47772,1795.624
47773,1831.0261
47774,1767.7727
47775,1840.8694
47776,1791.2325
47777,1804.5579
47778,1847.3551
47779,1831.6221
47780,1822.9591
47781,1835.4885
47782,1807.5125
47783,1899.2799
47784,1902.4852
47785,1903.8489
47786,1903.1394
47787,1901.8452
47788,1889.9839
47789,1645.1426
47790,1545.3862
47791,1365.7391
47792,1230.1467
47793,1009.1292
47794,1014.5552
47795,38.19022
47796,2.0554538
47797,41.468952
47798,41.07507
47799,38.04273
47800,37.688602
47801,37.26642
47802,33.529068
47803,-3.0691605
47804,1.333254
47805,7.53515
47806,5.0497212
47807,15.037747
47808,9.1109
47809,13.780157
47810,4.3963504
47811,2.1703446
47812,3.4724698
47813,7.5928655
47814,11.631263
47815,24.863895
47816,393.8903
47817,1899.3857
47818,1900.2211
47819,1807.8223
47820,1590.5371
47821,1808.6876
47822,1744.3269
47823,1642.8561
47824,1624.3518
47825,1413.2758
47826,1820.2686
47827,1835.7659
47828,1705.3906
47829,1692.8965
47830,1422.5688
47831,1739.6141
47832,1741.5441
47833,1805.127
47834,1839.2324
47835,1843.423
47836,1840.9407
47837,1835.0231
47838,1854.924
47839,1753.4972
47840,1673.5598
47841,1450.3925
47842,1723.8896
47843,1817.0253
47844,1565.9948
47845,750.19385
47846,627.8713
47847,1205.3336
47848,1269.2451
47849,1255.8257
47850,1453.8219
47851,1443.3856
47852,1169.0463
47853,1071.0739
47854,1142.3333
47855,1477.5228
47856,1814.2295
47857,1420.9451
47858,1657.192
47859,1477.644
47860,961.80774
47861,663.6548
47862,419.7004
47863,450.18628
47864,667.5792
47865,970.5389
47866,1164.007
47867,1221.0406
47868,1020.8634
47869,882.4303
47870,724.8365
47871,917.38824
47872,1010.7691
47873,1037.5131
47874,733.81885
47875,511.83725
47876,420.17868
47877,396.84225
47878,254.05688
47879,336.75836
47880,357.35486
47881,316.94073
47882,295.34146
47883,290.17697
47884,290.30695
47885,305.4524
47886,368.3852
47887,394.2905
47888,320.06027
47889,453.41037
47890,371.06836
47891,396.34143
47892,276.32626
47893,171.83673
47894,331.6311
47895,389.11014
47896,312.54846
47897,222.66803
47898,249.7279
47899,239.5341
47900,254.37193
47901,277.71506
47902,250.0871
47903,495.2925
47904,685.1207
47905,462.67938
47906,602.05597
47907,646.2542
47908,923.40186
47909,1496.0388
47910,1582.4983
47911,1575.1642
47912,1816.0513
47913,1836.9685
47914,1856.036
47915,1907.5009
47916,1912.5763
47917,1909.2543
47918,1901.7963
47919,1888.7076
47920,1871.9207
47921,1869.2524
47922,1872.8641
47923,1833.5372
47924,1832.083
47925,1811.5237
47926,1794.666
47927,1586.9697
47928,1850.1174
47929,1843.652
47930,1844.9918
47931,1724.3722
47932,1667.991
47933,1246.4952
47934,939.1056
47935,1154.5792
47936,1377.6989
47937,1396.6499
47938,1552.061
47939,1703.6052
47940,1834.4154
47941,1841.9265
47942,1786.8074
47943,1819.6222
47944,1798.6871
47945,1819.4159
47946,1482.741
47947,1451.2653
47948,1650.6812
47949,1456.5952
47950,1210.3987
47951,1542.8259
47952,1160.0582
47953,1282.0697
47954,946.13025
47955,1233.1322
47956,1495.9962
47957,1172.0391
47958,1314.5332
47959,985.0679
47960,979.1824
47961,1177.1611
47962,1295.0614
47963,1584.872
47964,1633.4182
47965,1445.5406
47966,1392.3348
47967,1317.0374
47968,1608.3752
47969,1415.1001
47970,1411.6465
47971,1309.4188
47972,1619.8402
47973,1747.895
47974,1600.0161
47975,1586.4342
47976,1773.7124
47977,1708.4166
47978,1776.8446
47979,1740.6931
47980,1525.1299
47981,1478.4435
47982,1315.0898
47983,1348.3348
47984,1462.1854
47985,1551.6277
47986,1748.7012
47987,1813.0795
47988,1893.656
47989,1910.3881
47990,1902.3103
47991,1897.4446
47992,1848.8759
47993,1898.0194
47994,1895.2517
47995,1849.5532
47996,1904.6854
47997,1915.9222
47998,1909.6069
47999,1894.5533
48000,1850.3848
48001,1835.5984
48002,1839.8519
48003,1823.3083
48004,1843.9635
48005,1912.9998
48006,1852.9009
48007,1917.7484
48008,1841.5139
48009,1898.3254
48010,1842.9642
48011,1866.3522
48012,1853.5607
48013,1850.9298
48014,1835.677
48015,1829.1638
48016,1829.8376
48017,1700.3676
48018,1426.7365
48019,1614.5452
48020,1413.7753
48021,1528.7657
48022,1084.1346
48023,1368.168
48024,1317.4174
48025,1701.7621
48026,1583.3308
48027,1644.6569
48028,1503.6326
48029,1709.9381
48030,1706.5795
48031,1548.5159
48032,1569.3678
48033,1607.6073
48034,1646.3008
48035,1191.6013
48036,1322.9854
48037,1269.5232
48038,1106.8975
48039,970.2769
48040,890.97253
48041,564.90204
48042,824.36163
48043,933.0033
48044,707.4252
48045,816.3645
48046,696.2288
48047,805.6525
48048,601.8374
48049,639.8905
48050,785.392
48051,732.9025
48052,893.9368
48053,847.8037
48054,1082.7881
48055,1515.6342
48056,806.7257
48057,784.8451
48058,840.69025
48059,624.72534
48060,594.26306
48061,632.9984
48062,673.1419
48063,740.95917
48064,573.08875
48065,440.29208
48066,407.296
48067,477.19357
48068,622.1738
48069,432.44202
48070,482.9771
48071,463.38257
48072,432.89706
48073,622.1563
48074,489.03134
48075,560.50024
48076,277.76178
48077,245.627
48078,274.1751
48079,197.19765
48080,361.55383
48081,35.032444
48082,-0.17393014
48083,14.098884
48084,13.475004
48085,382.84973
48086,295.2245
48087,229.9609
48088,400.25275
48089,579.3781
48090,543.5703
48091,538.1204
48092,317.58743
48093,628.86145
48094,637.3639
48095,519.98505
48096,539.9852
48097,799.6121
48098,434.94907
48099,610.7205
48100,481.30142
48101,361.6036
48102,278.54376
48103,254.44125
48104,174.14366
48105,172.30156
48106,85.09161
48107,112.19025
48108,391.9844
48109,479.30087
48110,683.29376
48111,521.557
48112,347.96704
48113,351.9247
48114,443.22296
48115,484.8802
48116,184.82268
48117,416.15775
48118,308.09393
48119,188.01332
48120,123.22668
48121,123.17276
48122,130.2674
48123,464.6633
48124,638.28687
48125,230.54756
48126,180.04558
48127,111.936966
48128,116.46147
48129,175.76779
48130,236.57776
48131,282.7739
48132,272.7811
48133,316.2946
48134,209.14136
48135,174.79207
48136,118.66281
48137,135.78426
48138,271.78528
48139,503.55258
48140,717.0624
48141,800.357
48142,711.8163
48143,759.6231
48144,707.138
48145,643.7195
48146,483.5926
48147,505.2953
48148,417.79
48149,455.0716
48150,385.4219
48151,365.0041
48152,508.77957
48153,288.40356
48154,240.53001
48155,283.53555
48156,336.3725
48157,397.94208
48158,511.54706
48159,487.2006
48160,518.4498
48161,785.698
48162,870.3954
48163,1172.9275
48164,1189.4635
48165,1034.3732
48166,945.3184
48167,750.6195
48168,602.26117
48169,434.57138
48170,620.8287
48171,619.8693
48172,680.0314
48173,861.48016
48174,773.8216
48175,923.1521
48176,1079.2137
48177,1101.6902
48178,1053.9633
48179,1106.2885
48180,1091.5393
48181,1049.7303
48182,1134.2692
48183,835.5974
48184,545.61865
48185,707.02893
48186,722.22156
48187,949.80646
48188,690.5905
48189,690.5943
48190,675.1008
48191,896.88043
48192,867.301
48193,910.0222
48194,861.2074
48195,742.4698
48196,641.7124
48197,874.20575
48198,977.7858
48199,988.0725
48200,931.4334
48201,1049.7693
48202,1144.5442
48203,1084.6201
48204,1279.9734
48205,1223.7137
48206,1137.819
48207,1093.3458
48208,1131.586
48209,1102.6339
48210,1154.7948
48211,1205.509
48212,1181.321
48213,1442.0797
48214,1614.7341
48215,1233.0702
48216,1359.236
48217,1058.7319
48218,1123.8281
48219,1178.7926
48220,1277.456
48221,1497.0072
48222,1212.5403
48223,1091.3741
48224,1104.9009
48225,1004.6499
48226,1281.18
48227,1673.8182
48228,1746.5536
48229,1749.6339
48230,1551.279
48231,1888.9294
48232,1898.977
48233,1903.2446
48234,1873.5499
48235,1792.0867
48236,1763.2487
48237,1723.5394
48238,1787.0005
48239,1782.8287
48240,1667.668
48241,1667.1298
48242,1574.8076
48243,1661.6906
48244,1849.2576
48245,1932.2015
48246,1887.1083
48247,1852.2229
48248,1870.7799
48249,1832.3083
48250,1577.891
48251,1705.9834
48252,1719.342
48253,1710.0302
48254,1723.5732
48255,1595.312
48256,1417.6613
48257,1234.7207
48258,1216.2721
48259,1130.325
48260,1050.801
48261,1264.1627
48262,1237.1501
48263,1390.241
48264,1235.6257
48265,1234.3812
48266,1205.3782
48267,1410.0168
48268,1098.3279
48269,1342.1527
48270,1219.781
48271,1207.8403
48272,1128.8175
48273,1568.0564
48274,1456.2532
48275,1581.1862
48276,1423.2106
48277,1657.6414
48278,1657.7926
48279,1757.4886
48280,1700.1324
48281,1756.3535
48282,1733.2308
48283,1847.8306
48284,1753.9156
48285,1618.1006
48286,1711.2878
48287,1833.1351
48288,1874.5442
48289,1853.236
48290,1849.7677
48291,1850.2773
48292,1844.7489
48293,1886.9875
48294,1901.7365
48295,1852.2198
48296,1851.1199
48297,1853.6082
48298,1839.7407
48299,1660.5175
48300,1466.3562
48301,1559.8137
48302,1788.9733
48303,1358.8049
48304,1219.7133
48305,1235.6268
48306,1295.9581
48307,884.32117
48308,1493.2089
48309,1569.1466
48310,1124.345
48311,1309.6576
48312,1546.1514
48313,1686.542
48314,1693.2205
48315,1653.3245
48316,1650.2909
48317,1705.8202
48318,1715.3868
48319,1746.7665
48320,1887.3835
48321,1928.4073
48322,1945.491
48323,1941.6748
48324,1940.8044
48325,1929.8412
48326,1929.9185
48327,1898.3379
48328,155.1356
48329,17.656004
48330,18.341
48331,828.4452
48332,1793.7286
48333,1829.9691
48334,1911.9523
48335,1836.4797
48336,1767.5157
48337,1666.7461
48338,1731.0822
48339,1509.6138
48340,1380.9644
48341,1577.4236
48342,1458.5748
48343,1122.7968
48344,1116.4967
48345,1278.0066
48346,1286.8977
48347,1263.0515
48348,1179.6959
48349,1336.0074
48350,1282.4686
48351,1406.073
48352,1349.9731
48353,1277.7905
48354,1338.5703
48355,1366.7888
48356,1262.5917
48357,1474.1888
48358,1280.3854
48359,1231.3196
48360,1387.7294
48361,1274.87
48362,1677.263
48363,1516.1515
48364,1369.0807
48365,1658.9869
48366,1690.6643
48367,1830.8518
48368,1777.898
48369,1730.0955
48370,1729.9252
48371,1825.8363
48372,1813.6224
48373,1831.8981
48374,1780.5128
48375,1773.1819
48376,1872.2179
48377,1852.4294
48378,1868.595
48379,1869.7272
48380,1848.5298
48381,1822.7336
48382,1786.2739
48383,1935.9509
48384,1844.5836
48385,1862.2418
48386,1846.9142
48387,1757.3655
48388,1829.1846
48389,1658.0824
48390,1779.9673
48391,1789.7908
48392,1797.209
48393,1711.9777
48394,1867.5842
48395,1779.7288
48396,1707.3724
48397,1750.4904
48398,1686.7727
48399,1831.6838
48400,1566.9991
48401,1684.5282
48402,1434.1014
48403,1146.5062
48404,1262.4713
48405,1234.0111
48406,964.8522
48407,791.0009
48408,739.94464
48409,652.9063
48410,1213.559
48411,947.3602
48412,1167.7438
48413,1006.1208
48414,1017.40155
48415,962.82477
48416,827.9349
48417,828.21136
48418,1156.6376
48419,1070.3492
48420,909.6365
48421,1344.4904
48422,1209.4541
48423,1275.8374
48424,1335.796
48425,1138.9193
48426,1484.3573
48427,1411.3707
48428,1306.818
48429,1128.5062
48430,1388.9487
48431,1040.6564
48432,1360.5334
48433,1321.1066
48434,897.05475
48435,1052.1697
48436,642.8426
48437,498.96625
48438,499.44794
48439,699.482
48440,1231.0099
48441,1412.4623
48442,1426.5527
48443,1838.1447
48444,1675.0457
48445,1396.1687
48446,1129.9841
48447,1439.3489
48448,1318.6396
48449,1633.368
48450,1590.1233
48451,1503.144
48452,1426.2739
48453,1419.8193
48454,1279.1769
48455,1184.4326
48456,1189.8245
48457,1137.9811
48458,1199.2826
48459,1065.8071
48460,1030.7695
48461,1064.058
48462,717.6841
48463,649.37604
48464,732.0909
48465,1094.1646
48466,1111.3771
48467,1128.0458
48468,1430.5533
48469,1488.606
48470,1091.955
48471,1158.0715
48472,1370.9148
48473,1056.3794
48474,979.01337
48475,969.1973
48476,1077.8839
48477,1037.6287
48478,951.73083
48479,739.4658
48480,655.4167
48481,522.62695
48482,736.69946
48483,844.9275
48484,884.2397
48485,1045.2938
48486,1083.2493
48487,1235.048
48488,992.83777
48489,1097.3767
48490,1155.0944
48491,951.2558
48492,1272.6438
48493,1426.1959
48494,1221.8793
48495,1208.1287
48496,1065.7953
48497,1078.6638
48498,1164.8639
48499,952.0384
48500,993.18866
48501,1004.7542
48502,1179.7401
48503,1281.5867
48504,1285.7087
48505,1502.0259
48506,1227.8109
48507,1096.4132
48508,1169.0181
48509,1444.9597
48510,1356.462
48511,1332.9644
48512,1358.5138
48513,1528.6702
48514,1608.0316
48515,1495.9768
48516,1100.8365
48517,1301.7821
48518,1245.225
48519,1144.5105
48520,1169.7546
48521,1326.2092
48522,1257.7335
48523,656.75525
48524,1017.7461
48525,1146.2577
48526,1531.6222
48527,1205.3408
48528,954.86536
48529,208.56248
48530,1082.8335
48531,1109.7997
48532,1287.1598
48533,353.0941
48534,17.800444
48535,3.265062
48536,17.8723
48537,0.7427991
48538,2.9694808
48539,0.26372364
48540,-0.24123591
48541,-0.71604884
48542,0.35319102
48543,1.8721694
48544,-1.627779
48545,-1.5963036
48546,-0.64735794
48547,-0.9329204
48548,-0.57291824
48549,-0.028352175
48550,-0.64915735
48551,-0.1698046
48552,-0.81525433
48553,-0.28119913
48554,0.20235434
48555,0.30752027
48556,0.8503475
48557,-0.9570141
48558,-1.2979326
48559,-0.13647684
48560,-0.12415284
48561,-1.1138762
48562,-0.14184427
48563,0.020159215
48564,-0.5187149
48565,-0.5989907
48566,0.29008558
48567,0.1834049
48568,-0.18358696
48569,-0.096541435
48570,0.15622713
48571,0.21201247
48572,0.50093967
48573,0.5103667
48574,0.5939146
48575,-0.7995555
48576,-0.14862314
48577,-0.77560323
48578,0.8473227
48579,-0.2997235
48580,-1.0213495
48581,-0.9763925
48582,-0.6412732
48583,0.46254808
48584,1.4291108
48585,0.8202302
48586,0.478556
48587,0.8521092
48588,-0.79331964
48589,-0.7682866
48590,-1.1836698
48591,-1.3405018
48592,-1.3448071
48593,-0.9763303
48594,-1.1981721
48595,-1.4243516
48596,-1.3729374
48597,-1.3301231
48598,-1.3320258
48599,-1.3301231
48600,-1.3692353
48601,-1.335612
48602,-1.3093107
48603,-2.0980437
48604,-1.2184298
48605,-1.2210233
48606,-1.6402725
48607,-1.6149564
48608,-1.7734122
48609,-1.73933
48610,-1.271662
48611,-1.3644217
48612,-1.2959028
48613,-1.7906032
48614,-2.3398724
48615,-1.0750544
48616,-0.48398605
48617,-1.1723831
48618,-1.2281747
48619,-2.4361873
48620,-0.81152
48621,-0.023472626
48622,-1.1520576
48623,-0.22325085
48624,0.070705816
48625,-0.9607462
48626,-1.5260675
48627,-1.5542547
48628,-0.23173009
48629,0.36298263
48630,-0.71453017
48631,-0.29620707
48632,-0.7055626
48633,-0.0393282
48634,-0.49552196
48635,-1.0583642
48636,-1.0666035
48637,-2.5291765
48638,2.7755077
48639,-0.13264212
48640,-1.8395476
48641,-1.6148707
48642,-1.1693604
48643,0.69083154
48644,-2.5385835
48645,-1.4603893
48646,0.09050074
48647,0.75201833
48648,-1.5460993
48649,-5.876897
48650,2.4174297
48651,4.3518596
48652,5.26898
48653,6.3638697
48654,2.7844443
48655,5.822557
48656,1.3488206
48657,-19.009542
48658,-9.999775
48659,-12.724926
48660,-5.6403694
48661,-4.6598196
48662,0.79977953
48663,6.195737
48664,-9.4766035
48665,3.8553429
48666,-4.0098553
48667,6.001598
48668,-2.9836497
48669,4.607607
48670,4.512868
48671,4.43676
48672,-7.057847
48673,-1.7062833
48674,0.9921569
48675,3.1274145
48676,2.6704187
48677,5.6323295
48678,2.9083626
48679,2.9228811
48680,3.380816
48681,-1.7881428
48682,1.4415807
48683,-0.8775637
48684,0.20842372
48685,-1.3078054
48686,-0.38334888
48687,-1.155596
48688,-1.3257644
48689,-1.8156968
48690,-1.3883939
48691,-1.0854021
48692,-1.9708112
48693,-0.5752791
48694,-1.1326811
48695,-0.7782582
48696,-1.5525868
48697,-0.28280768
48698,-0.4311813
48699,1.5202786
48700,7.3333597
48701,2.0837696
48702,6.1456604
48703,66.93833
48704,7.3752975
48705,3.8487048
48706,-2.2059498
48707,2.284028
48708,2.1791685
48709,-2.9628072
48710,0.9589703
48711,3.0346668
48712,-3.981407
48713,124.18623
48714,-0.07170962
48715,36.685772
48716,612.1156
48717,151.65663
48718,595.26086
48719,442.23447
48720,417.16458
48721,414.72733
48722,445.61325
48723,498.3161
48724,372.55566
48725,310.0592
48726,316.41098
48727,369.53738
48728,250.27931
48729,362.15515
48730,356.47058
48731,369.01685
48732,270.86166
48733,222.37656
48734,200.87296
48735,389.13266
48736,269.2626
48737,249.30531
48738,191.87822
48739,214.00829
48740,204.56009
48741,210.4945
48742,185.34927
48743,128.7189
48744,109.03641
48745,73.60146
48746,191.1782
48747,339.59024
48748,216.93814
48749,150.14989
48750,140.4563
48751,135.63959
48752,221.01497
48753,229.79834
48754,168.00787
48755,121.22481
48756,157.48964
48757,215.27182
48758,336.98865
48759,395.4372
48760,433.64557
48761,392.5454
48762,355.39685
48763,304.35675
48764,266.1929
48765,206.4029
48766,206.62245
48767,217.58208
48768,218.15944
48769,164.33546
48770,103.06657
48771,108.47906
48772,71.05939
48773,102.04372
48774,49.719746
48775,-0.08932854
48776,-0.89749515
48777,-0.07816109
48778,-0.14316446
48779,-0.27580526
48780,-0.018242203
48781,-1.132538
48782,-0.47932765
48783,0.07091758
48784,0.060742248
48785,-0.7563574
48786,0.31711477
48787,0.4057436
48788,0.41674748
48789,-0.1913034
48790,-0.77587336
48791,-0.7846776
48792,0.2801149
48793,0.5585897
48794,-0.95631576
48795,0.076982245
48796,-0.5431405
48797,-1.193997
48798,-0.85330117
48799,-0.2670527
48800,-1.319769
48801,-1.3198063
48802,-1.2467175
48803,0.033304516
48804,-1.6160191
48805,-0.74330586
48806,-1.819157
48807,-1.0040314
48808,-0.7533374
48809,-0.75555456
48810,-0.2234589
48811,-0.07832788
48812,-0.35216632
48813,-1.0948937
48814,0.18177578
48815,-0.20845382
48816,-0.30022278
48817,-0.0024924227
48818,-1.4097716
48819,-1.538018
48820,0.31476188
48821,-1.1158764
48822,-0.43431982
48823,0.15536413
48824,-0.05324513
48825,-0.25411302
48826,2.3598218
48827,1.3821166
48828,-1.0058509
48829,0.0346976
48830,-0.43986094
48831,3.53647
48832,-1.3570974
48833,-0.9533178
48834,0.08478132
48835,-0.17077455
48836,-1.0911922
48837,0.11576778
48838,-0.5022543
48839,-1.21121
48840,-1.8736999
48841,-0.8540535
48842,-1.0417124
48843,-0.77221614
48844,0.056752052
48845,-1.1825151
48846,-1.280344
48847,-1.3092108
48848,-0.022080958
48849,-0.25865933
48850,-1.3164959
48851,-1.6790521
48852,-1.1424235
48853,-0.6563564
48854,-0.29323953
48855,-0.50355804
48856,-1.1795497
48857,-1.3301107
48858,-0.48526397
48859,-0.9786754
48860,-0.47066554
48861,-0.57128125
48862,-1.2972517
48863,-1.9108361
48864,-0.34285864
48865,-0.5561696
48866,-0.4947866
48867,-1.038144
48868,-1.099906
48869,-0.68147606
48870,-0.51875865
48871,-1.255949
48872,0.71462995
48873,-0.8173309
48874,0.09752634
48875,0.1193549
48876,-0.3730786
48877,-1.0743655
48878,-0.12068175
48879,-0.50219727
48880,-1.2365345
48881,2.077665
48882,-0.48278615
48883,-1.4168109
48884,1.7801745
48885,1.1422226
48886,-0.8683166
48887,-1.2654399
48888,0.3966035
48889,1.3656992
48890,0.8812376
48891,3.0310073
48892,1.3475395
48893,2.2069993
48894,-0.672346
48895,0.13327338
48896,0.45030823
48897,-0.05255533
48898,-1.0334805
48899,-0.81937486
48900,0.034857895
48901,13.133687
48902,111.17828
48903,160.15152
48904,144.71255
48905,135.9436
48906,117.19505
48907,141.13536
48908,172.3802
48909,133.58366
48910,110.84202
48911,84.370766
48912,41.70344
48913,108.706406
48914,141.47968
48915,154.46902
48916,156.17674
48917,182.35771
48918,196.83395
48919,177.09062
48920,161.26532
48921,195.44235
48922,214.14012
48923,190.17493
48924,129.25888
48925,65.641556
48926,38.005135
48927,9.240947
48928,1.3644865
48929,10.606457
48930,1.7112896
48931,-1.018905
48932,-0.85250527
48933,-0.97749203
48934,6.5895524
48935,30.930983
48936,22.828773
48937,41.66847
48938,40.21398
48939,19.740488
48940,8.273056
48941,7.0009127
48942,-1.7655517
48943,13.0434065
48944,3.6995673
48945,38.1887
48946,20.70085
48947,5.8941417
48948,3.6178584
48949,46.877884
48950,62.225742
48951,38.887146
48952,27.412237
48953,29.509937
48954,-1.9266198
48955,-1.9954749
48956,36.014774
48957,9.519419
48958,40.142475
48959,43.165035
48960,68.170334
48961,53.67864
48962,49.71276
48963,49.79853
48964,43.152493
48965,47.84312
48966,60.346546
48967,18.884138
48968,-1.325267
48969,-0.76742196
48970,-0.9085631
48971,-0.90194666
48972,-0.9869491
48973,-1.0043862
48974,-0.7028066
48975,-0.7935075
48976,57.989445
48977,88.728874
48978,22.876911
48979,37.67488
48980,52.32091
48981,42.081654
48982,23.89385
48983,68.400986
48984,127.09648
48985,44.78889
48986,22.108126
48987,-4.304124
48988,9.274602
48989,3.594483
48990,-2.3171718
48991,-1.516225
48992,-0.99101746
48993,41.141964
48994,169.82007
48995,116.39184
48996,51.087254
48997,-1.5065215
48998,-0.9361764
48999,-0.7988984
49000,-0.9610363
49001,-0.9866383
49002,-0.9802171
49003,-0.93102264
49004,-0.94553393
49005,-0.84096485
49006,-1.0359614
49007,-1.0359614
49008,-0.8911962
49009,-1.1289558
49010,-1.1045004
49011,-0.978407
49012,-1.113845
49013,33.862892
49014,23.84789
49015,5.041081
49016,-0.8932198
49017,-0.77266455
49018,-0.90815187
49019,-0.9467065
49020,-0.7680248
49021,-1.0110885
49022,-1.053448
49023,15.070481
49024,22.494272
49025,3.7194662
49026,-1.5704472
49027,-1.7851217
49028,-0.8575378
49029,-0.8789905
49030,-0.6101292
49031,61.403877
49032,90.08983
49033,91.81882
49034,69.86113
49035,98.33714
49036,85.25325
49037,105.26755
49038,102.76618
49039,37.274147
49040,39.689697
49041,28.365065
49042,57.609764
49043,45.717403
49044,65.902016
49045,41.89388
49046,7.7680607
49047,2.5967813
49048,-1.34804
49049,30.803017
49050,36.471558
49051,48.880768
49052,85.49656
49053,22.561003
49054,45.736263
49055,17.512323
49056,-0.38946483
49057,64.700195
49058,110.29053
49059,129.66786
49060,87.62077
49061,202.00107
49062,218.51538
49063,230.77318
49064,217.04076
49065,155.61253
49066,111.74083
49067,151.31018
49068,69.498566
49069,162.3688
49070,119.90773
49071,94.0374
49072,132.58926
49073,164.161
49074,183.51839
49075,192.63766
49076,200.23584
49077,209.97481
49078,130.31567
49079,100.00308
49080,48.973835
49081,61.427677
49082,80.57559
49083,61.29246
49084,46.47557
49085,58.60324
49086,64.17146
49087,57.766384
49088,36.236847
49089,42.195534
49090,71.1558
49091,49.94919
49092,40.056
49093,22.56593
49094,21.665524
49095,18.61017
49096,39.883686
49097,64.632965
49098,53.115875
49099,67.99424
49100,104.48981
49101,133.37048
49102,180.67586
49103,185.85335
49104,148.62367
49105,47.423424
49106,2.5300488
49107,-1.2713664
49108,-0.83705187
49109,-0.7871277
49110,-0.7529416
49111,-0.82400125
49112,-0.7065554
49113,-0.70376354
49114,-0.66172874
49115,-0.777179
49116,-0.6294666
49117,-0.65251625
49118,-0.69675153
49119,-0.6671358
49120,-0.7026247
49121,-0.7190796
49122,-0.6856805
49123,-0.68707234
49124,-0.77602446
49125,-0.80052066
49126,-0.88948464
49127,45.02743
49128,56.58286
49129,53.49555
49130,48.25897
49131,47.624264
49132,34.993774
49133,42.223156
49134,76.13235
49135,122.58864
49136,139.15605
49137,123.75087
49138,118.284004
49139,112.507355
49140,89.02438
49141,51.836075
49142,56.19256
49143,59.048462
49144,7.147454
49145,39.19977
49146,103.60418
49147,101.07034
49148,144.25993
49149,181.04842
49150,206.51549
49151,231.50775
49152,259.82574
49153,267.01337
49154,249.57764
49155,290.3129
49156,320.32962
49157,339.22913
49158,261.5723
49159,291.43268
49160,270.88882
49161,225.00423
49162,291.1054
49163,273.6909
49164,211.93968
49165,183.13068
49166,117.293785
49167,104.518005
49168,88.47684
49169,138.744
49170,185.1983
49171,106.60656
49172,21.615845
49173,23.027428
49174,119.46867
49175,318.85526
49176,183.54974
49177,215.23169
49178,234.58235
49179,154.83426
49180,52.21298
49181,141.33746
49182,48.714996
49183,-0.3203872
49184,-0.2522492
49185,-0.34359357
49186,-0.30208874
49187,-0.26335278
49188,6.8344016
49189,40.047256
49190,56.83373
49191,21.126196
49192,5.602465
49193,-0.86779064
49194,-0.848124
49195,-0.8535611
49196,-0.8099916
49197,-0.7840907
49198,-0.7159933
49199,-0.8127046
49200,-0.61909336
49201,11.206685
49202,48.487057
49203,83.1126
49204,99.21742
49205,157.17052
49206,218.36559
49207,235.10895
49208,234.76434
49209,194.53001
49210,222.20116
49211,229.43651
49212,146.76881
49213,62.986263
49214,21.546877
49215,4.3929687
49216,21.535393
49217,41.819626
49218,7.1361217
49219,-0.7516101
49220,-0.81688744
49221,-0.8582012
49222,-0.69785523
49223,-0.90994215
49224,-0.81166667
49225,-0.8596304
49226,-0.83296144
49227,-0.7399086
49228,-0.76119894
49229,-1.5615144
49230,-0.78895324
49231,-0.80001247
49232,-0.790244
49233,-0.80556345
49234,-0.8113075
49235,-0.81826615
49236,-0.8096291
49237,-0.8522491
49238,-0.8403557
49239,-0.9367496
49240,55.12262
49241,35.3579
49242,11.662864
49243,24.298279
49244,36.944733
49245,20.830662
49246,3.9471595
49247,-1.2124304
49248,-0.21434557
49249,-0.84470254
49250,-0.96811396
49251,-1.5375396
49252,-0.7947706
49253,-0.5695985
49254,-0.77776235
49255,-0.58778226
49256,-0.7405868
49257,-0.5924804
49258,-0.7907601
49259,-0.7430579
49260,-0.8278955
49261,-0.86988616
49262,-0.85271
49263,-0.8281511
49264,-0.7222886
49265,-0.73348427
49266,-0.9402194
49267,-1.5254205
49268,-0.77964115
49269,-0.7158343
49270,-0.6215553
49271,-0.7394513
49272,-0.72238946
49273,-0.9120617
49274,-0.7536135
49275,-0.8299487
49276,-0.8192657
49277,-0.99750656
49278,-1.0613323
49279,-0.956884
49280,-1.009346
49281,-0.9546766
49282,-0.8839876
49283,-0.96766114
49284,-1.0010767
49285,-1.0111712
49286,-1.0335897
49287,-1.0845039
49288,-0.96601814
49289,-1.1369271
49290,-1.1369271
49291,-1.150569
49292,-1.4635553
49293,-0.74790967
49294,-0.99380183
49295,-0.9523087
49296,-0.7621841
49297,-0.75186926
49298,-0.769382
49299,-1.0217146
49300,-1.0220772
49301,-0.97337645
49302,-1.0004103
49303,-0.9677975
49304,-0.9245535
49305,-0.932564
49306,-0.7853102
49307,-0.751229
49308,-0.95560163
49309,-0.9169407
49310,-0.91428024
49311,-0.94747275
49312,-0.8234775
49313,-0.84877735
49314,-0.9613579
49315,-0.9468004
49316,-0.68733996
49317,-0.969402
49318,-1.0488218
49319,-0.8891451
49320,-0.9967195
49321,-0.863033
49322,-0.9220188
49323,-0.980423
49324,-0.8828049
49325,-0.69870543
49326,-0.9808672
49327,-1.0753429
49328,-1.0982536
49329,-1.1085612
49330,-0.9583207
49331,-1.0557946
49332,-0.8357669
49333,-1.076687
49334,-0.97058177
49335,-1.129707
49336,101.26979
49337,83.57322
49338,29.55187
49339,123.96781
49340,147.34636
49341,127.24045
49342,36.556213
49343,67.10815
49344,184.89757
49345,60.991543
49346,159.63834
49347,196.60413
49348,215.14088
49349,87.908585
49350,137.33073
49351,48.726757
49352,74.76774
49353,17.434038
49354,104.038574
49355,31.15918
49356,11.881683
49357,44.245052
49358,66.92692
49359,47.8901
49360,42.901634
49361,15.254437
49362,51.810146
49363,56.115658
49364,73.2367
49365,44.719307
49366,48.537884
49367,92.22255
49368,53.747807
49369,48.219563
49370,35.86354
49371,39.351818
49372,62.02672
49373,63.248146
49374,59.528507
49375,65.19007
49376,100.62222
49377,92.61917
49378,111.034035
49379,128.91382
49380,125.70417
49381,83.05615
49382,77.12647
49383,50.65224
49384,101.98027
49385,105.7253
49386,88.33252
49387,81.61999
49388,84.498566
49389,111.37249
49390,160.0661
49391,180.12274
49392,172.75308
49393,251.82143
49394,237.16327
49395,250.37302
49396,312.29715
49397,240.39995
49398,204.94771
49399,335.68222
49400,280.60632
49401,181.6405
49402,229.43127
49403,225.31306
49404,297.1604
49405,369.73138
49406,279.9071
49407,249.10086
49408,242.72075
49409,321.2444
49410,267.12592
49411,188.55402
49412,145.65309
49413,235.15019
49414,300.69925
49415,254.12183
49416,308.4963
49417,134.34926
49418,164.30756
49419,67.12434
49420,135.0531
49421,108.48436
49422,181.5884
49423,312.91382
49424,274.49683
49425,330.93045
49426,263.41412
49427,250.83861
49428,274.8396
49429,266.93167
49430,327.9064
49431,302.79755
49432,282.854
49433,242.54382
49434,185.36035
49435,122.758835
49436,112.486984
49437,191.90308
49438,100.302666
49439,108.71066
49440,109.70191
49441,68.36649
49442,137.71143
49443,182.50348
49444,212.56781
49445,191.8757
49446,184.80928
49447,129.61757
49448,125.92548
49449,104.58308
49450,91.43708
49451,135.64935
49452,163.25716
49453,117.90639
49454,78.4945
49455,127.91673
49456,129.49777
49457,275.77594
49458,192.96266
49459,143.58287
49460,194.41757
49461,402.3922
49462,307.99075
49463,281.78833
49464,198.5504
49465,226.14696
49466,181.47426
49467,153.14236
49468,116.89511
49469,140.29694
49470,273.90073
49471,311.4213
49472,362.69354
49473,183.1041
49474,144.91124
49475,101.79142
49476,109.46271
49477,121.80082
49478,199.46896
49479,95.12212
49480,102.83288
49481,98.8287
49482,130.15662
49483,117.63513
49484,130.37373
49485,191.44998
49486,151.07034
49487,214.95395
49488,206.38907
49489,308.1767
49490,186.122
49491,193.17278
49492,80.8754
49493,125.38604
49494,161.98747
49495,187.00519
49496,167.42863
49497,170.43047
49498,192.02167
49499,251.3391
49500,416.4686
49501,303.10483
49502,235.67146
49503,280.27188
49504,388.56717
49505,284.1788
49506,152.35565
49507,126.59963
49508,241.08224
49509,136.33476
49510,104.45355
49511,148.09894
49512,232.43524
49513,168.63379
49514,75.15483
49515,80.16492
49516,102.59744
49517,190.21309
49518,190.91519
49519,242.41832
49520,135.52702
49521,109.22157
49522,106.631294
49523,79.74786
49524,81.403244
49525,4.804777
49526,60.562836
49527,112.046555
49528,174.4414
49529,130.34355
49530,145.56937
49531,183.04607
49532,70.8034
49533,52.02149
49534,73.83564
49535,147.01962
49536,81.31844
49537,119.528175
49538,61.625004
49539,142.62032
49540,182.68793
49541,256.34576
49542,206.77199
49543,213.27722
49544,247.54468
49545,272.9986
49546,299.66882
49547,368.3861
49548,312.22876
49549,255.19656
49550,148.99469
49551,135.47191
49552,110.61493
49553,103.457115
49554,99.28246
49555,106.53546
49556,122.10367
49557,131.77277
49558,112.09945
49559,117.158325
49560,120.35103
49561,103.83119
49562,59.964886
49563,71.37417
49564,71.80974
49565,37.423645
49566,55.81303
49567,30.040926
49568,74.00008
49569,53.49669
49570,35.254185
49571,47.466476
49572,77.422874
49573,146.00497
49574,160.87218
49575,132.11862
49576,91.10324
49577,139.6195
49578,52.97531
49579,7.8016486
49580,-0.11311889
49581,-0.78710735
49582,-1.0045029
49583,-0.53143024
49584,-1.2854619
49585,-0.24310094
49586,-0.5396354
49587,34.945045
49588,100.735985
49589,84.23243
49590,122.92661
49591,179.58911
49592,212.48393
49593,103.65429
49594,30.233305
49595,22.27631
49596,97.21258
49597,81.98489
49598,70.92546
49599,28.845049
49600,123.24898
49601,343.8236
49602,165.04877
49603,199.33673
49604,129.28366
49605,100.58546
49606,173.90363
49607,109.54855
49608,170.004
49609,240.85124
49610,170.3186
49611,129.41698
49612,91.303154
49613,161.83221
49614,378.01096
49615,313.2583
49616,311.2866
49617,108.617294
49618,195.50816
49619,143.4267
49620,101.4288
49621,153.46986
49622,181.35728
49623,88.22302
49624,180.76492
49625,272.79324
49626,197.57089
49627,175.33984
49628,291.7784
49629,268.2775
49630,323.5382
49631,372.77448
49632,296.70724
49633,179.24925
49634,37.452866
49635,98.11754
49636,271.20535
49637,308.85144
49638,189.64397
49639,157.91745
49640,94.592865
49641,147.7078
49642,232.98138
49643,237.54305
49644,127.97084
49645,180.884
49646,104.15169
49647,172.21158
49648,147.22292
49649,97.77691
49650,91.111244
49651,171.64777
49652,191.04024
49653,218.06984
49654,121.71242
49655,128.35751
49656,196.41019
49657,250.91353
49658,244.8222
49659,185.53337
49660,85.23958
49661,109.98163
49662,160.77103
49663,270.78482
49664,471.15265
49665,278.98157
49666,206.74391
49667,228.56699
49668,311.0644
49669,238.81047
49670,274.8809
49671,341.58594
49672,397.5718
49673,387.93427
49674,329.02386
49675,448.81204
49676,429.58392
49677,439.92407
49678,448.8576
49679,587.4856
49680,705.88196
49681,695.4882
49682,775.0195
49683,728.3275
49684,854.78235
49685,886.06354
49686,1010.15265
49687,1219.627
49688,1391.0411
49689,1458.3507
49690,1541.8544
49691,1294.0194
49692,1590.552
49693,1473.7131
49694,1312.9164
49695,1220.4286
49696,1037.5774
49697,1067.8938
49698,996.2343
49699,929.6792
49700,735.9077
49701,757.2866
49702,996.8462
49703,961.38104
49704,746.044
49705,893.55023
49706,957.4796
49707,1040.3235
49708,1027.6062
49709,1140.2761
49710,1093.4485
49711,1092.0144
49712,919.25684
49713,1042.1364
49714,749.1943
49715,683.9715
49716,768.0543
49717,932.67365
49718,785.20874
49719,871.36945
49720,894.3403
49721,902.4875
49722,921.957
49723,805.70935
49724,1061.4183
49725,1309.9084
49726,1441.5378
49727,1293.5103
49728,1132.5055
49729,1388.1293
49730,1373.5505
49731,1677.5615
49732,1318.7981
49733,1146.6781
49734,1386.0203
49735,1353.0089
49736,1364.6156
49737,1701.9504
49738,1902.0046
49739,1895.9901
49740,1865.5562
49741,1691.9055
49742,1797.051
49743,1649.5122
49744,1840.0667
49745,1887.4037
49746,1879.3607
49747,1886.495
49748,1776.4636
49749,1870.6172
49750,1875.0045
49751,1868.2563
49752,1928.2468
49753,1700.522
49754,1849.0818
49755,1927.2462
49756,1935.567
49757,1941.0457
49758,1942.8729
49759,1947.9836
49760,1946.1755
49761,1944.751
49762,1925.4858
49763,1907.0541
49764,1915.0226
49765,1917.8212
49766,1845.4635
49767,1872.9734
49768,1536.3914
49769,1783.1748
49770,1604.712
49771,1516.9834
49772,1683.5176
49773,1663.9575
49774,1372.1909
49775,1362.8086
49776,1503.2369
49777,1504.2488
49778,1248.2993
49779,970.8885
49780,1077.7555
49781,1302.9047
49782,1585.7076
49783,1198.756
49784,1585.1055
49785,1731.0933
49786,1365.9609
49787,1047.8153
49788,1243.6974
49789,1359.1185
49790,1396.7491
49791,924.951
49792,967.6941
49793,1216.2511
49794,978.396
49795,1130.364
49796,775.5361
49797,552.2673
49798,442.9264
49799,565.06433
49800,569.0661
49801,536.4656
49802,595.8028
49803,567.4634
49804,541.10675
49805,469.09067
49806,344.6297
49807,374.9892
49808,495.9292
49809,626.3177
49810,339.54755
49811,283.56833
49812,335.07205
49813,423.64975
49814,517.28186
49815,517.3695
49816,619.93396
49817,621.98535
49818,622.9408
49819,682.44183
49820,846.5278
49821,1073.8665
49822,1234.4801
49823,955.3421
49824,995.4903
49825,1293.17
49826,1305.3829
49827,1173.7654
49828,1306.8379
49829,1543.7981
49830,1133.9829
49831,1144.4089
49832,1231.3453
49833,1303.4346
49834,846.0731
49835,627.7118
49836,839.7142
49837,894.34393
49838,791.01025
49839,1054.2996
49840,1055.7609
49841,1205.3273
49842,1307.4874
49843,1171.2113
49844,1230.0312
49845,934.0055
49846,1133.8767
49847,999.4303
49848,677.8139
49849,654.74976
49850,875.8257
49851,802.394
49852,1194.7098
49853,1706.7258
49854,1569.3933
49855,1514.4746
49856,1423.0443
49857,1308.2498
49858,1429.971
49859,1551.6775
49860,1607.4655
49861,1365.6797
49862,1379.7828
49863,1005.9531
49864,972.1955
49865,863.06714
49866,899.0395
49867,1284.9114
49868,945.92145
49869,1217.2938
49870,1342.7999
49871,1617.2001
49872,1665.9623
49873,1824.5172
49874,1910.959
49875,1869.8705
49876,1808.98
49877,1817.5159
49878,1772.2866
49879,1763.34
49880,1855.7206
49881,1818.8851
49882,1857.11
49883,1876.4875
49884,1841.0906
49885,1852.0873
49886,1769.0153
49887,1360.5801
49888,1542.915
49889,1750.7325
49890,1687.253
49891,1619.417
49892,1335.2051
49893,1300.8885
49894,1331.9114
49895,1687.3466
49896,1693.5963
49897,1479.2062
49898,1678.7808
49899,1475.1735
49900,1318.7715
49901,1545.7218
49902,1155.1196
49903,1108.2817
49904,1309.9436
49905,853.0245
49906,762.31854
49907,865.8099
49908,914.9578
49909,305.58542
49910,549.8465
49911,1162.3184
49912,807.5347
49913,495.86633
49914,820.8335
49915,1282.8174
49916,1014.1688
49917,1145.0103
49918,1006.4509
49919,931.07043
49920,819.4542
49921,788.8612
49922,864.066
49923,962.7904
49924,747.70886
49925,954.803
49926,573.0934
49927,465.1974
49928,579.4167
49929,694.7079
49930,414.4194
49931,258.42392
49932,297.07434
49933,240.54892
49934,341.4457
49935,540.8207
49936,1060.569
49937,1028.8678
49938,876.51697
49939,1106.3402
49940,1154.9059
49941,714.15356
49942,1350.5524
49943,1326.023
49944,1245.1141
49945,1376.8998
49946,1031.9631
49947,989.63617
49948,1086.504
49949,1302.1082
49950,1026.414
49951,858.36633
49952,1271.4712
49953,978.7978
49954,983.2541
49955,859.9354
49956,1028.4541
49957,844.3337
49958,831.50806
49959,484.45007
49960,566.84705
49961,552.9365
49962,420.73358
49963,291.03662
49964,380.488
49965,441.17178
49966,617.26544
49967,559.4411
49968,709.4861
49969,637.803
49970,430.8444
49971,444.4993
49972,372.31522
49973,549.98035
49974,687.6666
49975,696.1795
49976,723.64557
49977,731.4661
49978,746.8624
49979,790.5191
49980,753.9667
49981,850.45605
49982,1074.8317
49983,1026.7089
49984,1063.1417
49985,1209.063
49986,842.74915
49987,910.6151
49988,1286.113
49989,1270.3739
49990,1264.1084
49991,1212.8042
49992,1343.6508
49993,1240.7454
49994,1642.7178
49995,1474.1597
49996,1508.6373
49997,1514.3706
49998,1371.5477
49999,1621.6273
50000,1508.0021
50001,1372.6536
50002,1593.5087
50003,1442.7717
50004,1622.3912
50005,1541.0375
50006,1383.0145
50007,1306.5074
50008,1646.3976
50009,1319.321
50010,1392.8036
50011,1523.3997
50012,1299.2284
50013,1067.3135
50014,942.94775
50015,1244.3718
50016,1052.385
50017,1147.9504
50018,1013.7084
50019,891.44586
50020,890.9694
50021,1066.5272
50022,933.4995
50023,746.5985
50024,881.5258
50025,904.20886
50026,498.99246
50027,362.68716
50028,399.27252
50029,566.6389
50030,488.44208
50031,524.77014
50032,578.6418
50033,691.2435
50034,982.9871
50035,788.09454
50036,449.51892
50037,410.46542
50038,350.97577
50039,247.2431
50040,379.11313
50041,159.36311
50042,405.67926
50043,643.8614
50044,604.7546
50045,553.65753
50046,490.03192
50047,436.8608
50048,497.19077
50049,358.04758
50050,238.66795
50051,210.42778
50052,264.55847
50053,378.94183
50054,444.3865
50055,424.2241
50056,459.24112
50057,176.73376
50058,319.28345
50059,387.16528
50060,109.951744
50061,92.971565
50062,91.48088
50063,75.97503
50064,70.74706
50065,109.19604
50066,104.69982
50067,175.58363
50068,43.110596
50069,129.91513
50070,93.300865
50071,85.07784
50072,58.304287
50073,8.638183
50074,1.9142778
50075,11.786436
50076,106.45625
50077,69.40141
50078,112.067276
50079,163.70801
50080,242.87383
50081,192.92923
50082,196.5358
50083,271.9231
50084,286.1914
50085,333.13333
50086,229.96257
50087,196.443
50088,172.43968
50089,299.7672
50090,266.11365
50091,268.81985
50092,229.28644
50093,169.75269
50094,195.64561
50095,135.48077
50096,110.073
50097,62.591072
50098,67.414536
50099,143.62888
50100,187.30339
50101,91.04305
50102,53.637848
50103,170.3987
50104,263.46408
50105,252.287
50106,203.45724
50107,130.78636
50108,149.36037
50109,113.743965
50110,144.95856
50111,175.27739
50112,220.42584
50113,270.079
50114,339.5984
50115,524.18414
50116,421.22403
50117,438.75507
50118,392.5693
50119,428.90137
50120,274.54327
50121,373.74603
50122,321.97696
50123,375.8968
50124,523.0464
50125,433.1058
50126,410.69803
50127,334.73642
50128,164.10175
50129,154.39923
50130,159.60342
50131,178.66048
50132,186.37914
50133,173.13628
50134,188.83209
50135,251.33267
50136,320.83084
50137,372.98456
50138,374.80066
50139,299.15356
50140,278.30957
50141,347.764
50142,242.96202
50143,217.67122
50144,272.09387
50145,302.13074
50146,425.9801
50147,426.37885
50148,311.6872
50149,164.88586
50150,177.54672
50151,194.13864
50152,127.548965
50153,105.367905
50154,205.13414
50155,149.68774
50156,166.51736
50157,122.434364
50158,130.48926
50159,95.367195
50160,95.752815
50161,187.24136
50162,221.60005
50163,210.26053
50164,326.89435
50165,305.142
50166,311.8806
50167,300.79013
50168,243.67056
50169,305.0429
50170,306.88467
50171,357.9273
50172,371.63916
50173,251.16736
50174,221.23602
50175,247.15865
50176,371.73563
50177,401.09546
50178,290.58344
50179,388.51047
50180,421.40503
50181,459.76965
50182,427.5564
50183,426.70734
50184,533.67505
50185,377.35526
50186,321.29965
50187,217.03842
50188,241.27519
50189,417.382
50190,324.5326
50191,311.15488
50192,417.7013
50193,356.3113
50194,543.7694
50195,760.11945
50196,459.50647
50197,569.8102
50198,758.1989
50199,854.453
50200,645.7286
50201,600.81274
50202,641.7868
50203,584.93945
50204,891.9587
50205,1001.03986
50206,1092.5991
50207,1025.9658
50208,1257.6439
50209,1343.121
50210,1432.7491
50211,1435.1057
50212,1324.6016
50213,1549.2538
50214,1498.6385
50215,1777.6338
50216,1569.3955
50217,1870.1926
50218,1874.0685
50219,1344.819
50220,1796.4326
50221,1880.5116
50222,1860.2552
50223,1753.4509
50224,1707.5286
50225,1688.4427
50226,1674.2405
50227,1607.6683
50228,1624.9309
50229,1831.467
50230,1753.9985
50231,1397.4413
50232,1672.3218
50233,1687.3756
50234,1267.8778
50235,784.82056
50236,1337.6599
50237,1616.8197
50238,1369.3074
50239,946.4352
50240,1081.6104
50241,1116.5958
50242,813.92944
50243,452.7307
50244,732.1297
50245,1053.6888
50246,1211.0151
50247,1529.0729
50248,1649.5505
50249,1762.2467
50250,1713.8615
50251,1840.5684
50252,1731.5182
50253,1693.7031
50254,1765.6042
50255,1783.5619
50256,1680.8771
50257,1509.4047
50258,1334.7295
50259,1216.5658
50260,1190.8378
50261,1254.8555
50262,1240.046
50263,1627.1783
50264,1093.7869
50265,994.0263
50266,1013.49
50267,944.69336
50268,989.5623
50269,833.6511
50270,833.7724
50271,819.04205
50272,998.89465
50273,663.5087
50274,685.0299
50275,771.64075
50276,683.8142
50277,719.3114
50278,624.9248
50279,629.6855
50280,388.95825
50281,305.14508
50282,336.8006
50283,537.14954
50284,702.5723
50285,561.15405
50286,617.03796
50287,476.53912
50288,474.14294
50289,387.5086
50290,389.64035
50291,427.7702
50292,665.35675
50293,858.6411
50294,710.5149
50295,575.6585
50296,422.87778
50297,406.99078
50298,477.87827
50299,646.43195
50300,637.09094
50301,546.7529
50302,502.5379
50303,514.62946
50304,844.3712
50305,625.7835
50306,871.6609
50307,1095.0269
50308,1015.05664
50309,1076.0991
50310,806.00586
50311,752.5024
50312,711.00574
50313,558.0766
50314,668.4572
50315,629.8807
50316,589.2827
50317,655.5745
50318,660.6317
50319,961.859
50320,1028.7095
50321,1038.6384
50322,1214.0613
50323,1147.1833
50324,1537.6112
50325,1497.961
50326,1449.2317
50327,1265.2435
50328,1615.3817
50329,1594.6903
50330,1475.1125
50331,1245.5975
50332,1481.9507
50333,1265.8643
50334,1185.5729
50335,946.2557
50336,1123.0776
50337,1064.763
50338,949.6122
50339,1064.0254
50340,1120.3541
50341,1105.5829
50342,1201.9655
50343,1515.7863
50344,1291.8704
50345,1184.012
50346,1599.6565
50347,1723.5548
50348,1580.0175
50349,1414.8187
50350,1252.2544
50351,1483.4706
50352,1217.3442
50353,1643.4075
50354,1543.8948
50355,1506.6543
50356,1846.8027
50357,1847.2062
50358,1784.363
50359,1596.5822
50360,1634.7384
50361,1737.1017
50362,1533.7423
50363,1721.9758
50364,1856.0793
50365,1868.1412
50366,1833.0024
50367,1633.262
50368,1374.6393
50369,1209.0078
50370,1232.3828
50371,1315.3214
50372,1483.7236
50373,1686.1901
50374,1648.4283
50375,1738.5632
50376,1871.0923
50377,1719.905
50378,1727.5066
50379,1708.374
50380,1679.7369
50381,1818.5431
50382,1752.7269
50383,1742.3103
50384,1780.3895
50385,1828.3245
50386,1866.8171
50387,1799.3641
50388,1711.9965
50389,1775.3585
50390,1777.7212
50391,1812.5018
50392,1850.2532
50393,1876.1399
50394,1874.4689
50395,1827.1683
50396,1865.332
50397,1859.9288
50398,1868.915
50399,1869.0344
50400,1915.9884
50401,1918.0435
50402,1917.5947
50403,1861.7037
50404,1870.6676
50405,1928.6404
50406,1927.3369
50407,1930.6534
50408,1867.4031
50409,1924.4543
50410,1849.4084
50411,1839.7649
50412,1785.5748
50413,1784.8385
50414,1819.5636
50415,1852.7268
50416,1719.1516
50417,1741.0492
50418,1694.1835
50419,1825.7726
50420,1881.058
50421,1857.7769
50422,1836.496
50423,1712.5424
50424,1847.7054
50425,1846.1177
50426,1840.9412
50427,1846.7196
50428,1853.4333
50429,1855.6315
50430,1836.9474
50431,1827.6404
50432,1843.5269
50433,1824.3921
50434,1834.625
50435,1851.0017
50436,1835.8082
50437,1848.4169
50438,1850.7855
50439,1843.2853
50440,1761.5493
50441,1825.2836
50442,1792.2263
50443,1854.8763
50444,1841.5908
50445,1775.1001
50446,1848.1394
50447,1841.6133
50448,1851.3647
50449,1916.3661
50450,1917.2538
50451,1916.9012
50452,1839.1385
50453,1847.9557
50454,1857.5764
50455,1841.4735
50456,1776.2117
50457,1724.9148
50458,1707.3667
50459,1718.5393
50460,1704.6261
50461,1693.6644
50462,1766.7682
50463,1643.0918
50464,1483.6592
50465,1523.9032
50466,1515.762
50467,1294.1042
50468,1552.3452
50469,1292.244
50470,1143.0134
50471,1047.1301
50472,1057.7802
50473,1502.6833
50474,1268.5038
50475,1216.3862
50476,1551.4388
50477,1563.7649
50478,1742.8665
50479,1847.0388
50480,1646.9275
50481,1414.7008
50482,1679.0107
50483,1226.3723
50484,1265.3762
50485,1302.2983
50486,1287.7888
50487,1249.107
50488,908.99585
50489,1266.8595
50490,1322.6917
50491,1550.5112
50492,1679.6241
50493,1330.6228
50494,1102.3009
50495,1183.3453
50496,1224.0554
50497,1112.0779
50498,937.2307
50499,1453.7068
50500,1499.2947
50501,1222.9961
50502,1297.5406
50503,1198.6832
50504,1415.4741
50505,1155.731
50506,1000.0595
50507,518.0206
50508,716.8611
50509,834.03107
50510,847.9516
50511,1043.8738
50512,1027.5972
50513,992.14984
50514,862.8849
50515,1089.5056
50516,1138.8186
50517,906.7294
50518,888.0684
50519,682.9989
50520,679.8587
50521,764.97504
50522,638.5456
50523,594.90826
50524,480.01895
50525,568.8663
50526,750.02515
50527,935.6532
50528,1040.5991
50529,892.1972
50530,947.8082
50531,845.26904
50532,759.4708
50533,759.296
50534,1031.5087
50535,965.1268
50536,906.89716
50537,1065.6981
50538,1103.7671
50539,1050.2015
50540,1361.4843
50541,1489.946
50542,1296.9564
50543,1303.7537
50544,1757.8916
50545,1809.0267
50546,1848.7295
50547,1920.45
50548,1908.5989
50549,1930.5625
50550,1800.039
50551,1679.106
50552,1427.5115
50553,1537.4806
50554,1696.6505
50555,1414.9009
50556,1561.5206
50557,1440.1047
50558,1452.6649
50559,1455.1276
50560,1807.4668
50561,1689.0836
50562,1650.9934
50563,1342.7168
50564,1742.5082
50565,1628.311
50566,1559.0641
50567,1417.1808
50568,1625.0619
50569,1590.2023
50570,1558.2332
50571,1588.6874
50572,1633.8146
50573,14.256002
50574,709.3212
50575,1797.5228
50576,1752.2614
50577,1822.266
50578,1226.2627
50579,1862.8561
50580,1746.8691
50581,1710.3293
50582,1609.9037
50583,1633.9673
50584,1741.6145
50585,1747.0457
50586,1659.3937
50587,1757.7874
50588,1806.4465
50589,1790.1707
50590,1641.9309
50591,1900.8014
50592,1773.1322
50593,1104.5806
50594,1573.5181
50595,1897.6498
50596,1681.0837
50597,1870.8798
50598,1713.2281
50599,1758.0344
50600,1729.24
50601,1689.7311
50602,1481.7117
50603,1683.7147
50604,1251.3269
50605,1641.4851
50606,1533.4857
50607,1767.865
50608,1910.9509
50609,1492.4559
50610,1427.8528
50611,1401.878
50612,1332.0552
50613,1599.9606
50614,1748.4137
50615,1385.3477
50616,899.9441
50617,1114.3394
50618,1342.2278
50619,1211.826
50620,972.24536
50621,1332.3528
50622,1556.3544
50623,1533.1376
50624,1344.515
50625,1453.3606
50626,1361.7094
50627,1574.7308
50628,1352.3374
50629,1576.1216
50630,1149.1263
50631,1183.6543
50632,1559.9594
50633,1351.3401
50634,1314.6304
50635,1381.2424
50636,1522.3342
50637,1409.8539
50638,1576.9792
50639,1510.0411
50640,1518.1813
50641,1588.2137
50642,1905.4817
50643,1894.4403
50644,1884.8749
50645,1886.8877
50646,1884.4681
50647,1955.9371
50648,1904.3733
50649,1962.6835
50650,1936.3838
50651,1937.0039
50652,1936.682
50653,1870.7029
50654,1932.8486
50655,1936.9823
50656,1926.2429
50657,1920.967
50658,1935.1003
50659,1914.4253
50660,1931.631
50661,1925.7397
50662,1926.4409
50663,1922.8582
50664,1920.5682
50665,1930.334
50666,1927.919
50667,1923.0564
50668,1932.2079
50669,1921.8734
50670,1858.8021
50671,1847.7561
50672,1759.4152
50673,1859.2856
50674,1839.4462
50675,1897.9318
50676,1907.0007
50677,1909.4102
50678,1908.5115
50679,1912.9073
50680,1916.062
50681,1915.7771
50682,1921.3235
50683,1868.9487
50684,1868.5242
50685,1808.2249
50686,1835.3693
50687,1919.4465
50688,1918.2266
50689,1919.9153
50690,1916.8574
50691,1917.7843
50692,1915.944
50693,1922.4314
50694,1821.4341
50695,1831.926
50696,1889.8528
50697,1918.8721
50698,1842.9526
50699,1851.4037
50700,1840.8639
50701,1850.2606
50702,1859.5872
50703,1839.4506
50704,1868.3578
50705,1843.0703
50706,1023.69617
50707,381.2467
50708,1041.9214
50709,1574.4781
50710,1796.8888
50711,1709.8357
50712,1674.8108
50713,1842.6627
50714,1400.0593
50715,1444.2164
50716,1455.9501
50717,1181.0361
50718,1266.9663
50719,1492.7509
50720,1450.8334
50721,1328.6445
50722,1279.3983
50723,1614.3275
50724,1326.3687
50725,1256.2336
50726,1518.76
50727,1540.3014
50728,1509.8933
50729,1630.31
50730,1635.2074
50731,1209.323
50732,1637.3463
50733,1336.9565
50734,1600.9078
50735,1631.0652
50736,1132.3842
50737,1740.7677
50738,1452.956
50739,1334.9749
50740,1052.5674
50741,1340.4467
50742,1208.8969
50743,956.5027
50744,1245.6973
50745,1003.6554
50746,1446.3884
50747,1288.3381
50748,1327.5691
50749,1064.8131
50750,773.272
50751,883.9693
50752,1015.7324
50753,978.7218
50754,1287.0782
50755,1143.4836
50756,886.35645
50757,1138.0549
50758,893.80286
50759,1024.0924
50760,1339.3069
50761,1284.7441
50762,1147.1138
50763,1083.4265
50764,29.60952
50765,338.4602
50766,921.6573
50767,835.3068
50768,627.11505
50769,661.9387
50770,482.4883
50771,780.1898
50772,473.9691
50773,470.95044
50774,366.61945
50775,397.91116
50776,2.8661926
50777,409.49792
50778,536.8663
50779,499.60242
50780,371.72412
50781,377.12415
50782,570.7633
50783,553.8129
50784,620.27026
50785,665.7623
50786,510.3067
50787,680.6872
50788,586.71234
50789,552.29333
50790,452.55704
50791,598.8783
50792,588.0777
50793,743.69104
50794,469.44012
50795,730.228
50796,731.6124
50797,678.076
50798,627.12646
50799,682.84
50800,523.9367
50801,443.1064
50802,358.25244
50803,459.93842
50804,422.12106
50805,429.52338
50806,393.45758
50807,415.33908
50808,586.8154
50809,526.907
50810,685.12976
50811,600.0179
50812,305.29684
50813,335.68146
50814,369.35654
50815,528.8538
50816,525.96954
50817,469.02167
50818,992.72815
50819,1049.8499
50820,1067.576
50821,713.8627
50822,1081.4214
50823,962.56177
50824,1294.1128
50825,1345.9805
50826,1440.4016
50827,1139.0237
50828,1245.095
50829,1040.613
50830,1213.439
50831,1183.1304
50832,1287.856
50833,1188.3022
50834,1579.3186
50835,951.8327
50836,958.9597
50837,1063.9263
50838,1022.0493
50839,1054.2997
50840,941.6759
50841,1097.1478
50842,1093.1442
50843,1182.009
50844,1230.5952
50845,1000.18
50846,909.4784
50847,846.91077
50848,852.8629
50849,694.9228
50850,873.17505
50851,846.6354
50852,938.1527
50853,764.62915
50854,1054.6514
50855,1017.6831
50856,1295.1149
50857,1450.759
50858,1247.5881
50859,1295.9384
50860,1385.6139
50861,1666.753
50862,1822.9701
50863,1862.8699
50864,1886.4186
50865,1922.5009
50866,1953.4866
50867,1931.0325
50868,1951.3207
50869,1954.3196
50870,1956.8307
50871,1962.725
50872,1935.1696
50873,1939.2269
50874,1937.6456
50875,1933.8055
50876,1930.5273
50877,1927.3658
50878,1913.5432
50879,1916.8262
50880,1908.4435
50881,1915.7179
50882,1914.3367
50883,1924.1403
50884,1910.387
50885,1909.1942
50886,1902.5944
50887,1906.1892
50888,1912.6368
50889,1910.4049
50890,1912.1458
50891,1907.46
50892,1909.3438
50893,1868.3953
50894,1870.0676
50895,422.3818
50896,24.38728
50897,24.660116
50898,598.0394
50899,1903.4626
50900,1894.3374
50901,1895.0094
50902,1893.3644
50903,1899.3628
50904,1898.3016
50905,1885.1525
50906,1808.6046
50907,1822.4347
50908,1901.5785
50909,1906.3154
50910,1225.6938
50911,3.2703676
50912,-0.46140352
50913,985.9498
50914,1916.0085
50915,1919.1982
50916,1847.3364
50917,1908.5859
50918,1824.2028
50919,1911.4473
50920,1844.0217
50921,1881.9569
50922,1920.8497
50923,1832.1799
50924,1902.7996
50925,1904.7953
50926,1923.5371
50927,1832.8163
50928,1830.1741
50929,1791.9382
50930,1909.0068
50931,1895.758
50932,1931.295
50933,1825.5596
50934,1951.2882
50935,1939.4021
50936,1940.1991
50937,1875.7621
50938,1939.9054
50939,1875.6444
50940,1810.4155
50941,1598.3947
50942,1580.8615
50943,1777.1353
50944,1740.6414
50945,1815.8682
50946,1255.9065
50947,1084.0189
50948,880.7377
50949,1116.195
50950,1430.6377
50951,1112.6315
50952,1262.9861
50953,982.3821
50954,950.40515
50955,967.723
50956,923.41833
50957,1079.1083
50958,1193.9775
50959,1168.7648
50960,1266.4286
50961,1117.5798
50962,1252.7238
50963,1310.9263
50964,1305.5911
50965,1165.4619
50966,869.3002
50967,912.45703
50968,1020.3097
50969,1296.2489
50970,1386.3506
50971,1402.0543
50972,1598.8971
50973,1724.9764
50974,1851.563
50975,1681.0115
50976,1785.206
50977,1234.1759
50978,1151.4092
50979,1265.1095
50980,1475.305
50981,1532.0826
50982,1549.3613
50983,1697.306
50984,1739.449
50985,1579.4017
50986,1130.7827
50987,1008.1577
50988,972.19653
50989,1116.3536
50990,1454.0348
50991,1350.3972
50992,1333.729
50993,978.3668
50994,1178.0851
50995,1293.1038
50996,1603.3357
50997,1685.2567
50998,1644.8666
50999,1793.9497
51000,1730.1271
51001,1898.8387
51002,1591.6995
51003,1287.4016
51004,1197.5515
51005,1099.7551
51006,891.8025
51007,658.09863
51008,691.1935
51009,510.27194
51010,575.36865
51011,610.7828
51012,748.8238
51013,750.1231
51014,724.7416
51015,491.5805
51016,608.87695
51017,542.4667
51018,359.327
51019,325.04434
51020,236.86757
51021,239.44322
51022,264.6033
51023,213.24007
51024,284.1887
51025,288.03064
51026,450.88596
51027,563.7557
51028,663.7674
51029,638.87787
51030,622.529
51031,561.5371
51032,491.4793
51033,619.97833
51034,567.47534
51035,993.60986
51036,883.7184
51037,521.1931
51038,696.7792
51039,523.09393
51040,400.79343
51041,464.85397
51042,443.49905
51043,73.19918
51044,397.97348
51045,357.30457
51046,424.14987
51047,375.4943
51048,444.11786
51049,649.5115
51050,578.87415
51051,504.959
51052,518.3843
51053,580.5072
51054,763.31537
51055,1141.825
51056,1267.3519
51057,1423.6938
51058,1408.0996
51059,1503.6251
51060,1825.4319
51061,1862.2251
51062,1847.4939
51063,1858.621
51064,1850.9003
51065,1733.7861
51066,1653.7577
51067,1705.3906
51068,1613.7349
51069,1849.4827
51070,1810.6384
51071,1848.9227
51072,1827.7721
51073,1839.6416
51074,1849.0817
51075,1811.0199
51076,1845.1385
51077,1821.91
51078,1832.8423
51079,1803.6508
51080,1777.841
51081,1838.1832
51082,1787.1072
51083,1738.2303
51084,1802.9884
51085,1826.0364
51086,1830.9594
51087,1816.5964
51088,1892.2585
51089,1891.1007
51090,1870.9473
51091,1889.5724
51092,1889.4335
51093,1891.0902
51094,1848.5001
51095,1832.2485
51096,1829.8037
51097,1879.2423
51098,1827.326
51099,1820.815
51100,1827.4645
51101,1843.7653
51102,1834.3906
51103,1834.0205
51104,1829.6241
51105,1837.545
51106,1846.2335
51107,1868.3041
51108,1814.03
51109,1835.1179
51110,1876.0162
51111,1816.7875
51112,1831.8573
51113,1884.9045
51114,1825.3185
51115,1817.2417
51116,1787.7245
51117,1893.4111
51118,1838.7545
51119,1792.5626
51120,1630.6454
51121,1443.553
51122,1420.4015
51123,1305.5957
51124,1550.4409
51125,1500.3962
51126,1282.5554
51127,1547.5685
51128,1623.6832
51129,1541.3909
51130,1581.7006
51131,1235.1635
51132,1606.252
51133,1513.4335
51134,1518.7335
51135,1337.5446
51136,1512.4741
51137,1581.14
51138,1551.4587
51139,1465.865
51140,1274.0638
51141,1559.8073
51142,1423.5936
51143,1266.3478
51144,1299.1908
51145,1411.248
51146,1311.2677
51147,1545.5253
51148,1644.704
51149,1287.4076
51150,992.54364
51151,1178.5775
51152,1290.0564
51153,1335.3673
51154,1481.7261
51155,1205.2766
51156,1250.1594
51157,1369.3186
51158,1305.5073
51159,1284.6927
51160,1149.3175
51161,1137.89
51162,1207.3558
51163,1172.0736
51164,1234.652
51165,1306.6702
51166,1438.3055
51167,1267.6311
51168,1140.5266
51169,864.03625
51170,786.5578
51171,808.9095
51172,902.4626
51173,717.02576
51174,899.281
51175,919.7063
51176,1079.5042
51177,1092.1989
51178,1212.1252
51179,1193.9615
51180,1076.8038
51181,1164.5521
51182,1560.8815
51183,1277.6412
51184,1307.3519
51185,1207.9753
51186,1205.3031
51187,1251.0845
51188,1127.5614
51189,1088.8176
51190,1076.8474
51191,1234.6335
51192,722.25903
51193,632.74066
51194,474.76096
51195,507.47186
51196,475.4514
51197,552.7868
51198,661.01294
51199,691.28973
51200,598.07635
51201,605.5499
51202,607.8998
51203,464.10303
51204,485.40265
51205,531.9939
51206,496.78354
51207,571.2438
51208,584.4227
51209,857.0573
51210,724.69257
51211,275.93112
51212,148.34027
51213,135.56143
51214,113.04722
51215,337.09927
51216,428.90976
51217,287.45834
51218,273.48282
51219,296.42487
51220,564.47925
51221,667.79486
51222,636.5448
51223,798.44604
51224,1000.6413
51225,992.9097
51226,765.87335
51227,705.0418
51228,558.0771
51229,435.98068
51230,449.55066
51231,373.7875
51232,625.921
51233,496.47546
51234,462.77167
51235,601.2774
51236,520.4182
51237,559.15894
51238,452.96692
51239,466.15808
51240,540.5592
51241,684.2362
51242,697.8691
51243,750.57837
51244,659.0733
51245,536.5141
51246,404.50192
51247,360.80206
51248,327.90118
51249,336.79913
51250,388.03903
51251,408.05377
51252,410.8041
51253,375.83023
51254,584.82666
51255,525.4393
51256,452.35233
51257,473.4401
51258,416.14282
51259,389.56537
51260,368.93195
51261,357.65225
51262,266.0355
51263,298.67648
51264,439.62512
51265,411.1976
51266,419.24234
51267,348.802
51268,299.05725
51269,478.65637
51270,417.6673
51271,451.03955
51272,384.11194
51273,392.89633
51274,471.35403
51275,561.6444
51276,325.02228
51277,306.10992
51278,319.22766
51279,475.78558
51280,284.52795
51281,315.75613
51282,291.45154
51283,338.0324
51284,330.14432
51285,139.79077
51286,111.93862
51287,80.59301
51288,64.555756
51289,103.57983
51290,94.31193
51291,64.30257
51292,102.21753
51293,97.51242
51294,74.988
51295,78.34848
51296,52.85848
51297,92.94259
51298,84.71887
51299,134.79317
51300,112.396164
51301,115.35155
51302,103.43147
51303,37.352108
51304,50.7482
51305,80.28671
51306,137.0896
51307,204.92285
51308,131.59578
51309,101.70873
51310,58.857876
51311,45.244404
51312,59.14849
51313,36.691273
51314,71.37541
51315,44.6716
51316,40.902805
51317,27.848562
51318,6.755478
51319,4.016712
51320,20.844183
51321,30.220976
51322,31.657997
51323,0.6833333
51324,0.8944259
51325,21.581537
51326,15.410509
51327,12.591865
51328,7.643761
51329,2.97785
51330,-2.458521
51331,-1.0780228
51332,-2.011098
51333,-1.5878634
51334,-1.1758372
51335,-1.0111521
51336,-1.5816597
51337,-0.5866392
51338,-1.044783
51339,-1.5674357
51340,-1.1976349
51341,-0.96556216
51342,-0.9524969
51343,-0.8472142
51344,-0.86097586
51345,-0.97608715
51346,-0.9413606
51347,-0.9248663
51348,-0.8322957
51349,-0.62123346
51350,-0.80759406
51351,-0.606048
51352,-0.68251836
51353,-0.7377109
51354,-0.72541815
51355,-0.7660591
51356,-0.7852394
51357,-0.9025139
51358,-0.78542525
51359,-0.78542525
51360,-0.78460383
51361,-0.76840067
51362,-0.78460383
51363,-1.0836077
51364,-1.0797727
51365,-1.0660282
51366,-1.052231
51367,-1.0579741
51368,-1.0638522
51369,-1.0638522
51370,-1.0698314
51371,-1.0943309
51372,-1.5071986
51373,-0.9021818
51374,-0.870974
51375,-0.94372106
51376,-0.86581606
51377,49.16783
51378,116.58462
51379,95.95198
51380,108.706505
51381,95.173416
51382,95.35567
51383,87.96838
51384,99.472145
51385,58.685654
51386,74.526054
51387,113.28827
51388,173.80428
51389,122.24085
51390,81.01153
51391,191.64447
51392,215.80142
51393,331.77408
51394,344.90137
51395,441.65894
51396,279.20438
51397,144.39317
51398,394.00333
51399,347.1022
51400,192.90788
51401,263.7164
51402,330.62598
51403,191.88115
51404,143.61507
51405,140.59712
51406,155.14476
51407,177.70953
51408,124.43669
51409,79.445435
51410,117.88363
51411,182.63962
51412,252.3861
51413,233.37852
51414,190.48178
51415,137.32877
51416,168.23701
51417,191.3388
51418,160.50345
51419,150.48448
51420,100.53171
51421,113.04235
51422,97.31165
51423,107.242485
51424,157.20866
51425,157.25195
51426,110.86208
51427,91.42562
51428,165.64293
51429,125.67757
51430,129.6943
51431,104.97795
51432,173.10312
51433,192.40396
51434,182.96236
51435,164.65334
51436,190.2496
51437,181.6685
51438,168.83707
51439,208.72028
51440,192.2246
51441,256.8782
51442,169.94186
51443,110.59622
51444,134.98969
51445,105.53642
51446,120.61467
51447,208.66905
51448,271.4272
51449,293.5186
51450,200.8108
51451,262.0437
51452,342.5815
51453,287.5359
51454,312.2832
51455,413.42538
51456,344.93427
51457,385.7903
51458,535.9223
51459,387.42737
51460,332.5113
51461,408.72733
51462,491.62466
51463,410.5902
51464,597.3051
51465,587.42535
51466,758.4406
51467,635.072
51468,713.28064
51469,700.26086
51470,717.73724
51471,608.06476
51472,540.6102
51473,722.3121
51474,919.54565
51475,808.602
51476,686.85596
51477,730.42194
51478,858.3987
51479,675.1826
51480,905.4572
51481,1000.4859
51482,1076.4519
51483,1102.1202
51484,953.40106
51485,1252.2047
51486,865.5118
51487,895.93164
51488,1217.9567
51489,1004.25635
51490,1191.445
51491,984.58966
51492,1201.3605
51493,958.7368
51494,1033.0083
51495,917.0812
51496,957.8562
51497,833.32367
51498,760.22943
51499,969.89667
51500,973.61566
51501,766.8192
51502,1153.5524
51503,965.40234
51504,759.2732
51505,1293.2404
51506,1365.9799
51507,1262.282
51508,1310.4442
51509,1290.6151
51510,1763.1682
51511,1841.7162
51512,1315.9679
51513,885.13184
51514,816.53424
51515,657.0784
51516,752.8884
51517,858.6869
51518,817.86017
51519,899.5963
51520,1331.767
51521,1334.3431
51522,1399.9906
51523,1181.1089
51524,1027.7938
51525,1335.8297
51526,1431.0804
51527,1365.0658
51528,1597.8113
51529,1764.5892
51530,1619.0991
51531,1653.8212
51532,1756.5115
51533,1832.5328
51534,1443.8474
51535,1481.6573
51536,1612.9656
51537,1771.6907
51538,1718.0364
51539,1719.2437
51540,1684.794
51541,1820.5338
51542,1785.4584
51543,1813.0692
51544,1907.3792
51545,1906.5359
51546,1784.0201
51547,1765.5952
51548,1820.5386
51549,1784.5453
51550,1793.8317
51551,1834.0636
51552,1387.9684
51553,1761.1936
51554,1467.877
51555,1634.3077
51556,1655.092
51557,1237.2302
51558,1439.837
51559,1625.4727
51560,1332.1603
51561,1124.8494
51562,1181.5131
51563,1058.4794
51564,1063.1317
51565,1293.9786
51566,1328.9608
51567,1001.6817
51568,1137.438
51569,953.73474
51570,1241.396
51571,947.16907
51572,903.1115
51573,1100.2699
51574,785.98755
51575,566.61444
51576,724.61414
51577,1249.4594
51578,1171.095
51579,1013.651
51580,894.4166
51581,838.64276
51582,917.37695
51583,933.8629
51584,1019.97626
51585,994.767
51586,1233.0364
51587,1313.5789
51588,1176.9386
51589,1205.5868
51590,1141.0756
51591,1511.4332
51592,1356.8478
51593,1396.7483
51594,1280.3573
51595,982.4787
51596,983.36566
51597,1052.5818
51598,1186.3925
51599,710.96173
51600,731.74084
51601,585.753
51602,513.5252
51603,637.76794
51604,1285.2487
51605,1182.0369
51606,1032.032
51607,1163.8594
51608,1014.4671
51609,815.7052
51610,928.9861
51611,665.4304
51612,543.5456
51613,499.09875
51614,750.8162
51615,643.8117
51616,556.39453
51617,515.0842
51618,472.04202
51619,490.84808
51620,435.09195
51621,472.7026
51622,471.85495
51623,385.5631
51624,474.61935
51625,941.06934
51626,990.0073
51627,889.8461
51628,892.05237
51629,832.3624
51630,711.8822
51631,763.64325
51632,884.3342
51633,977.58124
51634,1029.4397
51635,1016.9179
51636,913.6683
51637,776.93744
51638,898.625
51639,1096.5394
51640,1012.5924
51641,807.764
51642,716.7942
51643,558.04877
51644,509.23163
51645,703.562
51646,823.47095
51647,953.0154
51648,998.5095
51649,920.4916
51650,900.7748
51651,917.46893
51652,605.9176
51653,699.9835
51654,464.286
51655,440.482
51656,600.0919
51657,717.64825
51658,638.2583
51659,997.2732
51660,1080.8348
51661,1018.25525
51662,509.3755
51663,494.3537
51664,910.3074
51665,702.25525
51666,661.48553
51667,615.081
51668,364.0524
51669,303.06207
51670,397.16278
51671,485.74152
51672,391.75482
51673,340.26758
51674,590.2008
51675,464.65576
51676,561.1751
51677,668.115
51678,222.00876
51679,211.36887
51680,364.51584
51681,638.64514
51682,1129.8749
51683,1333.6263
51684,1209.7429
51685,1251.9902
51686,1065.4185
51687,788.546
51688,1100.7416
51689,799.5306
51690,780.39044
51691,659.6711
51692,771.4673
51693,714.62195
51694,707.0257
51695,1124.2781
51696,918.11005
51697,670.5615
51698,752.9623
51699,741.1738
51700,716.23553
51701,612.8206
51702,542.8887
51703,709.0306
51704,702.50336
51705,474.98822
51706,254.07904
51707,366.13696
51708,604.0639
51709,554.22644
51710,736.37036
51711,856.00085
51712,633.3881
51713,541.483
51714,392.69873
51715,343.14804
51716,403.82675
51717,522.6075
51718,805.6208
51719,775.6998
51720,742.681
51721,1059.2308
51722,1011.24396
51723,813.018
51724,843.73315
51725,800.50916
51726,709.0064
51727,513.5426
51728,344.52148
51729,391.44388
51730,343.65216
51731,241.88931
51732,228.83495
51733,230.9245
51734,167.37604
51735,243.35812
51736,233.83904
51737,233.29375
51738,272.5208
51739,232.6395
51740,168.87077
51741,126.725586
51742,37.899284
51743,40.094563
51744,18.63687
51745,20.224995
51746,36.021183
51747,46.419765
51748,124.921455
51749,78.88546
51750,4.0188494
51751,-0.4482783
51752,30.708633
51753,0.045554254
51754,-0.8783528
51755,-0.8006437
51756,-0.86807746
51757,-0.9706829
51758,8.677782
51759,-0.85853976
51760,-0.8205367
51761,81.13324
51762,141.91718
51763,10.42705
51764,-0.57735354
51765,-0.717827
51766,-0.7062223
51767,-0.72804576
51768,-0.46821496
51769,58.78536
51770,110.76941
51771,141.79562
51772,65.6728
51773,23.118307
51774,4.000174
51775,15.904977
51776,0.16745427
51777,0.1149631
51778,0.3010803
51779,-0.9758184
51780,-1.469467
51781,-0.9102777
51782,-0.85242796
51783,-0.09153023
51784,-0.020603878
51785,-1.527794
51786,-0.7718193
51787,-2.7546446
51788,1.2168356
51789,-2.6414547
51790,0.7197742
51791,-1.3621467
51792,-1.1634451
51793,-0.41860574
51794,-0.01246673
51795,0.22598045
51796,-1.7903165
51797,-0.103052676
51798,9.374368
51799,-1.0535418
51800,-0.16159557
51801,-0.5552231
51802,88.01879
51803,116.36098
51804,25.356739
51805,71.09459
51806,166.3239
51807,197.25078
51808,141.91217
51809,129.47835
51810,186.0482
51811,211.96835
51812,251.9535
51813,394.4801
51814,674.3781
51815,664.72925
51816,742.0583
51817,667.55756
51818,882.124
51819,817.2066
51820,806.4679
51821,1100.9557
51822,758.87384
51823,658.1687
51824,630.4062
51825,889.04785
51826,769.3449
51827,690.8182
51828,627.8326
51829,592.0259
51830,388.59198
51831,605.73346
51832,510.56848
51833,723.6754
51834,442.4822
51835,364.14554
51836,482.2452
51837,415.35065
51838,368.97693
51839,274.0619
51840,243.99194
51841,329.21506
51842,375.93344
51843,336.75665
51844,438.20724
51845,373.37045
51846,337.9678
51847,567.6365
51848,529.15344
51849,349.08762
51850,404.425
51851,390.24835
51852,293.25528
51853,270.26114
51854,158.21858
51855,170.37703
51856,207.94254
51857,128.64784
51858,173.4637
51859,204.24327
51860,297.39713
51861,339.69354
51862,345.86914
51863,386.91464
51864,379.38544
51865,387.38614
51866,353.00772
51867,360.1722
51868,359.8138
51869,343.77545
51870,342.6857
51871,483.72073
51872,554.3549
51873,406.1448
51874,397.09952
51875,235.82387
51876,364.7154
51877,593.64545
51878,405.284
51879,229.5244
51880,253.21588
51881,226.51096
51882,296.17282
51883,370.5245
51884,252.41248
51885,289.63287
51886,284.90533
51887,252.79556
51888,198.07753
51889,205.85237
51890,223.69589
51891,275.51382
51892,286.54193
51893,234.60762
51894,276.02563
51895,342.1913
51896,338.32153
51897,277.37537
51898,434.5367
51899,362.98874
51900,188.12964
51901,208.47116
51902,294.57315
51903,328.60144
51904,283.68365
51905,224.20831
51906,193.31186
51907,214.38445
51908,197.54865
51909,244.73761
51910,220.04929
51911,203.24649
51912,182.67226
51913,192.20929
51914,226.11734
51915,228.50758
51916,270.8773
51917,172.06798
51918,132.29443
51919,141.64073
51920,196.7001
51921,203.75935
51922,153.41682
51923,189.69672
51924,172.1308
51925,136.38832
51926,76.56051
51927,112.94785
51928,279.338
51929,260.52695
51930,291.2334
51931,268.13116
51932,214.01378
51933,267.5273
51934,239.075
51935,326.2469
51936,341.10455
51937,375.38495
51938,387.8861
51939,302.9162
51940,198.48723
51941,141.97815
51942,110.69887
51943,137.02892
51944,195.85556
51945,130.2689
51946,182.33958
51947,155.88544
51948,215.89177
51949,171.62492
51950,302.41763
51951,264.37946
51952,353.5963
51953,355.1344
51954,286.0731
51955,256.62555
51956,495.76028
51957,398.5616
51958,285.0602
51959,288.05197
51960,242.72528
51961,153.6651
51962,135.51537
51963,140.30261
51964,128.449
51965,110.197525
51966,89.83384
51967,57.902348
51968,48.621605
51969,36.110493
51970,63.7689
51971,41.20859
51972,71.27583
51973,66.33707
51974,85.93336
51975,81.30466
51976,90.96036
51977,65.59706
51978,103.8837
51979,160.96924
51980,157.57597
51981,199.10658
51982,220.09111
51983,349.61154
51984,313.55417
51985,277.63208
51986,239.57095
51987,212.15753
51988,157.56961
51989,113.89089
51990,143.09755
51991,234.14023
51992,382.12302
51993,510.5925
51994,484.263
51995,356.59277
51996,193.50795
51997,192.46799
51998,187.98805
51999,174.24994
52000,166.82504
52001,146.19312
52002,161.21715
52003,134.39294
52004,152.48833
52005,190.91536
52006,127.99043
52007,135.54173
52008,185.93864
52009,181.93703
52010,207.85933
52011,132.47823
52012,67.24059
52013,-0.9600224
52014,-0.9631937
52015,-0.99782056
52016,-1.0206381
52017,-0.9845563
52018,-0.98492074
52019,-0.98087806
52020,-0.9985973
52021,-1.1081454
52022,-1.0363363
52023,-1.0031027
52024,-0.9267156
52025,-0.93957657
52026,-0.94504094
52027,-1.0165857
52028,-1.287191
52029,-1.2054241
52030,-1.2166282
52031,-1.2436248
52032,-1.367583
52033,-1.4350951
52034,-1.1572715
52035,-1.126693
52036,-1.1673793
52037,-1.3839111
52038,-1.3952322
52039,-2.0413773
52040,21.89539
52041,73.20164
52042,58.988277
52043,75.91642
52044,93.25851
52045,32.87702
52046,-3.2080312
52047,-1.1294138
52048,-1.1156582
52049,-1.1045812
52050,-1.0823671
52051,-1.0823671
52052,-1.0823671
52053,-1.1156577
52054,-1.1046851
52055,-1.1580346
52056,-1.0039209
52057,-1.0339888
52058,-1.1059191
52059,-1.1548128
52060,-1.1230266
52061,-1.1416256
52062,-1.1487963
52063,-1.1487963
52064,-1.1445372
52065,-1.1889516
52066,-1.1654623
52067,-1.4679347
52068,72.37128
52069,82.06876
52070,99.50266
52071,145.76105
52072,118.46413
52073,128.57469
52074,117.28741
52075,36.200493
52076,-3.5646694
52077,-1.764995
52078,-0.5916158
52079,-0.4710976
52080,-0.42534405
52081,-0.38051856
52082,-0.5305494
52083,-0.6510412
52084,-0.7866553
52085,-0.8703852
52086,-0.7003232
52087,-0.8861458
52088,-0.812762
52089,-0.91148823
52090,-0.7516785
52091,-0.9483456
52092,-0.98298717
52093,-1.0214586
52094,-0.75411695
52095,-1.0018289
52096,-0.68645626
52097,-0.9311625
52098,-1.6180477
52099,-1.1868341
52100,-1.0909879
52101,-1.0940913
52102,-1.1495253
52103,-0.8263944
52104,-1.0279242
52105,-0.91071075
52106,-0.8697291
52107,33.344593
52108,47.793766
52109,33.059402
52110,77.961464
52111,50.482056
52112,29.476955
52113,21.132193
52114,21.601036
52115,-1.4244912
52116,-1.0480274
52117,-0.9561666
52118,-0.94132954
52119,-0.9451072
52120,-0.9573173
52121,-0.9592949
52122,-0.9939091
52123,-0.8691876
52124,-0.6930723
52125,-0.8281449
52126,-0.7726178
52127,-0.85725635
52128,-0.9627949
52129,-0.98382336
52130,-0.97901666
52131,-0.98925906
52132,-0.93577397
52133,-0.81387746
52134,-1.02905
52135,-0.71998864
52136,-0.8196651
52137,-0.8390385
52138,-0.9804878
52139,-1.0280571
52140,-1.0381315
52141,-1.0472353
52142,-0.99605364
52143,11.946647
52144,35.725056
52145,6.79221
52146,2.8147247
52147,42.78016
52148,21.592768
52149,70.29078
52150,90.42318
52151,60.88433
52152,38.655544
52153,9.562693
52154,39.628006
52155,52.896202
52156,53.215202
52157,75.34074
52158,33.952095
52159,12.064371
52160,15.16512
52161,-1.9186543
52162,-0.6250843
52163,-0.61079717
52164,-0.6248083
52165,-0.33420423
52166,-0.34713405
52167,-0.31961972
52168,-0.3636319
52169,-0.39504462
52170,-1.3892595
52171,-0.9237341
52172,-1.0034387
52173,-1.0034381
52174,-1.0796506
52175,-1.088706
52176,-1.0737498
52177,-1.0104817
52178,-1.5214924
52179,-0.8688346
52180,-0.872928
52181,-0.87836355
52182,-1.3686144
52183,-0.8353143
52184,-0.97519237
52185,-1.2158467
52186,85.253845
52187,72.928
52188,72.831764
52189,65.251434
52190,69.847206
52191,99.11683
52192,87.724686
52193,64.70664
52194,67.32481
52195,91.38628
52196,100.014084
52197,137.40195
52198,184.72955
52199,239.87961
52200,193.21149
52201,195.6405
52202,219.8857
52203,229.6971
52204,203.17273
52205,152.74812
52206,136.21173
52207,116.71256
52208,85.64327
52209,54.411175
52210,62.755894
52211,46.169895
52212,64.18621
52213,49.3433
52214,46.626835
52215,62.50292
52216,50.72393
52217,48.394928
52218,83.53542
52219,72.62039
52220,106.04418
52221,129.36418
52222,105.464676
52223,54.62266
52224,4.5136175
52225,-0.92443526
52226,-0.61518496
52227,-0.43745598
