id,active_power
0,-2.5291262
1,8.824113
2,-4.652664
3,-4.71352
4,4.0301704
5,15.559406
6,15.506773
7,4.89319
8,13.617587
9,5.822485
10,3.030035
11,0.40121835
12,-1.4138784
13,-0.47819635
14,-0.46766302
15,-0.5345265
16,-0.5975066
17,-0.5965032
18,-0.48088607
19,-0.51489294
20,-0.53645283
21,-0.52922946
22,-0.54509014
23,-0.5424244
24,-0.50687945
25,21.07274
26,17.584654
27,28.781607
28,52.287094
29,64.828224
30,47.999653
31,22.74575
32,2.240866
33,-2.3310106
34,-1.3330016
35,0.5484108
36,-1.5002229
37,-0.4406221
38,-0.46792513
39,-0.56312734
40,-0.5007181
41,-0.4789517
42,-0.46330142
43,-0.49106455
44,-0.49495828
45,-0.5375075
46,-0.5552324
47,-0.5870085
48,-0.60506636
49,-0.58962166
50,-0.6303322
51,-0.61164844
52,-0.6240101
53,-0.62665784
54,-0.65258896
55,-0.6427248
56,-0.6520406
57,-0.65326774
58,-0.46079493
59,-0.31101754
60,-0.2977451
61,-0.3170257
62,-0.30622354
63,-0.29321215
64,-0.3185892
65,-0.24219388
66,-0.31588513
67,-0.30645615
68,-0.3098759
69,-0.31432882
70,-0.28949803
71,-0.27128577
72,-0.25458264
73,-0.27752337
74,-0.27288964
75,-0.29627421
76,-0.29322666
77,-0.29861197
78,-0.29430234
79,-0.32509312
80,-0.42764837
81,-0.41062546
82,-0.48151147
83,-0.5674078
84,-0.3865897
85,-0.3815511
86,-0.32587752
87,-0.33741358
88,-0.3550565
89,-0.35741338
90,-0.42640117
91,-0.69730353
92,-0.73187804
93,-0.745136
94,-0.6860315
95,-0.81453955
96,-0.6101828
97,-0.6583225
98,-0.561253
99,15.567693
100,26.573477
101,-1.8765775
102,-6.6454015
103,-4.774591
104,-3.7861624
105,-0.71891505
106,-0.74376005
107,-0.7318774
108,-0.7250351
109,-0.73926246
110,-0.7406102
111,-0.7733684
112,-0.72187126
113,0.5350437
114,19.320553
115,20.099667
116,22.93867
117,35.523277
118,24.787231
119,24.566456
120,31.880919
121,54.86749
122,39.574593
123,22.502897
124,65.60664
125,134.12115
126,170.55302
127,135.29878
128,112.05715
129,95.553795
130,54.69253
131,33.23408
132,74.44884
133,14.645131
134,-1.3964567
135,18.149334
136,12.385167
137,24.791594
138,45.24599
139,26.620228
140,-0.41894642
141,-0.3562657
142,-0.29321733
143,-0.41471782
144,-0.4770089
145,-0.46677756
146,-0.4138627
147,-0.39712894
148,-0.43479532
149,-0.44101754
150,-0.3869648
151,-0.38216493
152,-0.37938714
153,-0.39349768
154,-0.40259504
155,-0.42299438
156,-0.44245562
157,-0.44363242
158,-0.48169842
159,-0.4838582
160,-0.47730315
161,-0.37595028
162,0.56702805
163,-0.71277136
164,48.18513
165,33.26564
166,54.047913
167,28.7334
168,40.182156
169,43.265305
170,58.416126
171,77.95328
172,76.001396
173,72.28147
174,72.78758
175,78.28408
176,71.1885
177,80.87513
178,91.470055
179,69.09206
180,111.3449
181,57.163074
182,70.666306
183,96.265236
184,40.757366
185,85.248665
186,129.83653
187,127.38345
188,125.28172
189,220.5971
190,124.51399
191,106.481514
192,88.577644
193,116.50529
194,356.53857
195,239.77785
196,170.8915
197,128.67635
198,103.45473
199,119.35724
200,92.335205
201,113.11082
202,80.78774
203,118.14911
204,118.850136
205,115.10511
206,113.333824
207,123.237595
208,126.690735
209,239.00703
210,318.91486
211,289.25458
212,378.73666
213,289.1127
214,305.05698
215,229.88548
216,204.13814
217,143.73683
218,157.3768
219,175.6042
220,183.6712
221,231.67026
222,203.12064
223,205.62222
224,129.88678
225,180.21109
226,114.183395
227,177.81253
228,123.817314
229,150.78474
230,112.73934
231,137.02116
232,139.44418
233,120.916534
234,165.01239
235,131.29434
236,85.852104
237,134.02979
238,106.22072
239,45.346733
240,54.661236
241,52.882355
242,37.969803
243,47.740463
244,69.419334
245,52.678955
246,58.030663
247,93.45049
248,36.167545
249,-2.6745327
250,-0.7742991
251,-0.3543028
252,-0.34366697
253,-0.3580283
254,-0.32446805
255,-0.3778665
256,-0.69861203
257,-0.62778986
258,-0.4654825
259,-0.46599224
260,-0.5343208
261,-0.49786004
262,-0.4145995
263,-0.45711035
264,-0.46787584
265,-0.52226555
266,-0.52041507
267,-0.5128655
268,-0.50782156
269,-0.52221125
270,-0.5076744
271,-0.5157033
272,-0.52016085
273,-0.52054125
274,-0.54138696
275,-0.53557205
276,-0.53018755
277,-0.54108536
278,-0.5291313
279,-0.5499319
280,-0.5735926
281,-0.63663906
282,-0.63157016
283,-1.1668464
284,-1.1507176
285,-0.7727935
286,-0.7386639
287,-0.7577365
288,-0.8355661
289,-1.1736403
290,-0.75439304
291,-0.35907337
292,-0.35956502
293,-0.362318
294,-0.32321465
295,-0.324003
296,-0.32729954
297,-0.32729954
298,-0.4259212
299,-0.42690542
300,-0.43577874
301,-0.4272162
302,-0.46798018
303,-0.45853546
304,-0.47513565
305,-0.48062176
306,-0.60305184
307,-0.479674
308,-0.46214566
309,-0.45092884
310,-0.3912963
311,-0.42046115
312,-0.42797965
313,-0.43727636
314,-0.44135767
315,-0.44906637
316,-0.4334591
317,-0.42644086
318,-0.42577305
319,-0.4760294
320,-0.5449364
321,-0.47222632
322,-0.4338759
323,-0.45018592
324,-0.45018592
325,-0.46271262
326,-0.48701462
327,-0.444038
328,-0.44587287
329,-0.46218267
330,-0.50560355
331,-0.5028916
332,-0.4865819
333,-0.4572261
334,-0.43634176
335,-0.43356284
336,-0.43458137
337,-0.45360366
338,-0.4937026
339,-0.5129768
340,-0.5730143
341,-0.516823
342,-0.5019171
343,-0.48762503
344,-0.49667692
345,-0.50453717
346,-0.4099243
347,-0.39225695
348,-0.39225695
349,-0.3868715
350,-0.3868715
351,-0.3868715
352,-0.23190811
353,-0.27141947
354,-0.23190811
355,-0.23190811
356,-0.23190811
357,-0.23190811
358,-0.48594296
359,-0.48594296
360,-0.62107307
361,-0.62035424
362,-0.6442099
363,-0.6442099
364,-0.6443276
365,-0.64899415
366,-0.6443276
367,-0.6470587
368,-0.6470587
369,-0.6470587
370,-0.64294827
371,-0.64098537
372,-0.6387749
373,-0.64294827
374,-0.64294827
375,-0.6410034
376,-0.63961095
377,-0.64378446
378,-0.64378446
379,-0.64378446
380,-0.64378446
381,-0.63961095
382,-0.72089887
383,-0.7250732
384,-0.7250732
385,-0.7250732
386,-0.7250732
387,-0.72089887
388,-0.6394263
389,-0.6394263
390,-0.6394263
391,-0.64550906
392,-0.64550906
393,-0.64550906
394,-0.6538247
395,-0.6462682
396,-0.6462682
397,-0.6462682
398,-0.6462682
399,-0.50173485
400,-0.6302637
401,-0.5041784
402,-0.50956386
403,-0.5041784
404,-0.5041784
405,-0.6302637
406,-0.64328223
407,-0.64328223
408,-0.6539001
409,-0.64328223
410,-0.64328223
411,-0.64328223
412,-0.49541658
413,-0.64339477
414,-0.64339477
415,-0.6540126
416,-0.64339477
417,-0.64339477
418,-0.63194644
419,-0.63194644
420,-0.63194644
421,-0.61894655
422,-0.61894655
423,-0.61477315
424,-0.6149086
425,-0.60660493
426,-0.60660493
427,-0.6149086
428,-0.61908185
429,-0.6149086
430,-0.6348334
431,-0.5074752
432,-0.5074752
433,-0.49316743
434,-0.6348334
435,-0.48430896
436,-0.55158275
437,-0.4553043
438,-0.529525
439,-0.7359471
440,-0.74601847
441,-0.7520769
442,-0.7624195
443,-0.7624195
444,-0.7740095
445,-0.7624195
446,-0.75490355
447,-0.7624195
448,-0.7682342
449,-0.67170715
450,-0.6628487
451,-0.75540584
452,-0.75540584
453,-0.7632505
454,-0.7044661
455,-0.70872605
456,-0.6995005
457,-0.69241893
458,-0.70073384
459,-0.7015996
460,-0.6810696
461,-0.6006548
462,-0.62812227
463,-0.6810696
464,-0.66516703
465,-0.5788646
466,-0.6042707
467,-0.54196805
468,-0.6813171
469,-0.67769134
470,-0.66694593
471,-0.6784725
472,-0.7178045
473,-0.71907395
474,-0.71689016
475,-0.7231898
476,-0.7176272
477,-0.7230125
478,-0.708259
479,-0.70910585
480,-0.70493245
481,-0.7158494
482,-0.70910585
483,-0.7158494
484,-0.71166044
485,-0.7106419
486,-0.69535726
487,-0.69368225
488,-0.69368225
489,-0.69368225
490,-0.6423139
491,-0.63943774
492,-0.64482313
493,-0.65569085
494,-0.63943774
495,-0.63943774
496,-0.71733797
497,-0.7189708
498,-0.7094305
499,-0.69915414
500,-0.7094305
501,-0.7094305
502,-0.6933529
503,-0.6741671
504,-0.6741671
505,-0.6751961
506,-0.67771107
507,-0.68318874
508,-0.6417826
509,-0.70991784
510,-0.7126412
511,-0.70991784
512,-0.6880198
513,-0.6880198
514,-0.71423924
515,-0.71302855
516,-0.7113334
517,-0.71420956
518,-0.71420956
519,-0.708621
520,-0.7783465
521,-0.7810587
522,-0.78378195
523,-0.78449196
524,-0.78172654
525,-0.7627041
526,-0.4938651
527,-0.49915406
528,-0.51384425
529,-0.50845873
530,-0.49449494
531,-0.58500636
532,-0.19867747
533,-0.22811012
534,-0.22811012
535,-0.22811012
536,-0.22539784
537,-0.20908786
538,-0.2441007
539,-0.25277597
540,-0.25277597
541,-0.25277597
542,-0.2307475
543,-0.24236561
544,-0.6535618
545,-0.67906433
546,-0.5972386
547,-0.66275424
548,-0.6535618
549,-0.5972386
550,0.15530273
551,0.15061072
552,0.2630094
553,0.2607979
554,0.2607979
555,0.2607979
556,1.4114925
557,1.3521017
558,1.3186249
559,1.5073826
560,1.3938202
561,1.4014546
562,0.3199394
563,0.36574468
564,0.36574468
565,0.36303243
566,0.39564207
567,0.37610188
568,0.399488
569,0.39680722
570,0.33699062
571,0.32768872
572,0.31419495
573,0.31419495
574,2.0223424
575,1.8103054
576,2.0159009
577,1.9025275
578,1.9156343
579,1.6822474
580,-0.24198154
581,-0.15292495
582,-0.15422301
583,-0.16771679
584,-0.15997295
585,-0.16771679
586,-0.80275476
587,-0.8120487
588,-0.8085047
589,-0.8085047
590,-0.8031411
591,-0.8066851
592,-0.18251507
593,-0.18811445
594,-0.18251507
595,-0.18251507
596,-0.18590711
597,-0.18516116
598,0.6026232
599,0.60179126
600,0.6112348
601,0.61330694
602,0.48290274
603,0.48290274
604,-2.1365917
605,-2.1277502
606,-2.1472476
607,-1.7408276
608,-1.8946655
609,-1.8973887
610,-0.5674904
611,-0.5702136
612,-0.5737576
613,-0.57912105
614,-0.5833209
615,-0.5725079
616,-0.870266
617,-0.8594046
618,-0.870266
619,-0.8647681
620,-0.8837598
621,-0.8720424
622,1.0550687
623,1.055129
624,1.0384175
625,1.0497051
626,1.3850299
627,1.0355066
628,-0.35281873
629,0.058128245
630,-0.3805827
631,-0.35506463
632,-0.36148584
633,0.035993215
634,-0.70659435
635,-0.8510877
636,-0.7120971
637,-0.7023778
638,-0.67099637
639,-0.6459966
640,-0.62319815
641,-0.62684315
642,-0.63929766
643,-0.6437039
644,-0.6487166
645,-0.6550786
646,-0.7107163
647,-0.7093602
648,-0.72109824
649,-0.7331068
650,-0.84813106
651,-0.8784306
652,-0.7844066
653,-0.6464919
654,-0.64763665
655,-0.6477889
656,-0.64763665
657,-0.64763665
658,-0.6451921
659,-0.6451921
660,-0.63196653
661,-0.6290328
662,-0.7019536
663,-0.68675977
664,-0.7530868
665,-0.77043796
666,-0.7255846
667,-0.7585799
668,-0.79636747
669,-0.80981797
670,-0.71700996
671,-0.6961884
672,-0.6961884
673,-0.71700996
674,-0.71700996
675,-0.7011526
676,-0.7926441
677,-0.7742215
678,-0.7662682
679,-0.7073063
680,-0.7806317
681,-0.7990542
682,-0.758138
683,-0.78947836
684,-0.79576164
685,-0.77733916
686,-0.758138
687,-0.79734963
688,-0.8323416
689,-0.8002719
690,-0.8115197
691,-0.8115197
692,-0.81682783
693,-0.8115197
694,-0.80051833
695,-0.80051833
696,-0.80051833
697,-0.7812845
698,-0.7731547
699,-0.7784627
700,-0.68660444
701,-0.69470865
702,-0.71553046
703,-0.71553046
704,-0.69470865
705,-0.7172654
706,-0.7120574
707,-0.7103223
708,-0.68950075
709,-0.7103223
710,-0.7103223
711,-0.7120574
712,-0.64749175
713,-0.66370517
714,-0.66370517
715,-0.7017275
716,-0.678133
717,-0.69641626
718,-0.7240658
719,-0.72937703
720,-0.70578253
721,-0.72937703
722,-0.7240658
723,-0.7240658
724,-0.8009544
725,-0.8009544
726,-0.8009544
727,-0.78267115
728,-0.78844976
729,-0.7577646
730,-0.6604044
731,-0.67997307
732,-0.6965741
733,-0.6965741
734,-0.6965741
735,-0.67831314
736,-0.693937
737,-0.6922018
738,-0.66568404
739,-0.67235
740,-0.67235
741,-0.67393774
742,-0.6972438
743,-0.6972438
744,-0.6972438
745,-0.6972438
746,-0.70534825
747,-0.69215673
748,-0.7807677
749,-0.7807677
750,-0.76248443
751,-0.7807677
752,-0.7807677
753,-0.7807677
754,-0.77950937
755,-0.78605133
756,-0.78605133
757,-0.78605133
758,-0.78605133
759,-0.7677681
760,-0.75673336
761,-0.7576013
762,-0.7576013
763,-0.7576013
764,-0.7576013
765,-0.7576013
766,-0.73955303
767,-0.7083208
768,-0.70458055
769,-0.55769473
770,-0.3344468
771,-0.3330614
772,-0.9371819
773,-0.92825377
774,-0.92825377
775,-0.9233761
776,-0.9081225
777,-0.78270936
778,0.07818811
779,0.21939506
780,0.20840777
781,0.19176213
782,0.33804196
783,0.20997907
784,-0.9831926
785,-1.2054962
786,-1.2054962
787,-1.2054962
788,-1.2054962
789,-1.2027835
790,-1.1569145
791,-1.1701062
792,-0.9501973
793,-0.95326793
794,-0.95288193
795,-0.97963595
796,-1.0231085
797,-1.0150218
798,-1.0231085
799,-1.0271384
800,-1.0271384
801,-1.021462
802,-1.0287321
803,-1.0287321
804,-1.0287321
805,-1.0287321
806,-1.0314553
807,-1.0368187
808,-1.0719805
809,-1.0895448
810,-1.0895448
811,-1.0868216
812,-1.0868216
813,-1.0895448
814,-1.0501649
815,-1.0542388
816,-1.0132532
817,-1.0359961
818,-1.0108413
819,-1.0148296
820,-1.0821491
821,-1.0690415
822,-1.0739102
823,-1.0792738
824,-1.0739102
825,-1.0739102
826,-1.1020312
827,-1.1047543
828,-1.1020312
829,-1.0822867
830,-1.0850099
831,-1.0822867
832,-1.0868211
833,-1.0523
834,-1.0905625
835,-1.0895442
836,-1.0895442
837,-1.098307
838,-1.2821163
839,-1.2956101
840,-1.2956101
841,-0.8835965
842,-0.8835965
843,-0.8835965
844,-0.6665184
845,-0.66991776
846,-0.66991776
847,-0.65680987
848,-0.65680987
849,-0.6966941
850,-0.7191097
851,-0.7320793
852,-0.71577114
853,-0.71951276
854,-0.7141493
855,-0.71577114
856,-0.6871897
857,-0.6871897
858,-0.6871897
859,-0.68284464
860,-0.68284464
861,-0.68284464
862,-0.6582476
863,-0.6609707
864,-0.6609707
865,-0.6609707
866,-0.6306009
867,-0.6598804
868,-0.69992876
869,-0.7162386
870,-0.7319205
871,-0.7319205
872,-0.7275754
873,-0.72920823
874,-0.88606906
875,-0.88606906
876,-0.9023788
877,-0.90509105
878,-0.91806066
879,-0.91643906
880,-0.7245674
881,-0.7289125
882,-0.71594286
883,-0.7289125
884,-0.7072289
885,-0.7268621
886,-0.49995297
887,-0.5014605
888,-0.50580543
889,-0.49283582
890,-0.5030933
891,-0.5014605
892,-1.1665251
893,-1.1665251
894,-1.1607752
895,-1.1386774
896,-1.144016
897,-1.1665251
898,-1.2761809
899,-1.2789041
900,-1.2934595
901,-1.2880963
902,-1.2853731
903,-1.2853731
904,-0.9142292
905,-0.927723
906,-1.2951685
907,-1.297892
908,-1.2924563
909,-1.1026115
910,-0.72044617
911,-0.93897265
912,-0.94027466
913,-0.93897265
914,-0.7231584
915,-0.6982476
916,-1.1159638
917,-1.3611228
918,-1.3663422
919,-1.3768244
920,-1.3648525
921,-1.3663422
922,-1.1400946
923,-1.1293097
924,-1.1325276
925,-1.1340839
926,-1.1336548
927,-1.1387029
928,-1.4805452
929,-1.475678
930,-1.4729546
931,-1.4853144
932,-1.4670718
933,-1.4599496
934,-1.0825989
935,-0.74891496
936,-0.7485285
937,-0.756632
938,-0.8435974
939,-1.0357432
940,-1.3930262
941,-1.3537486
942,-1.247191
943,-1.1738563
944,-1.1036068
945,-1.0077647
946,-1.0940069
947,-1.0156758
948,-1.1024776
949,-1.0989304
950,-1.0732504
951,-1.088866
952,-0.9806459
953,-0.98610955
954,-1.0228804
955,-1.0377599
956,-0.98668134
957,-0.98668134
958,-1.031186
959,-1.0279483
960,-1.0511097
961,-1.0648336
962,-1.072968
963,-1.0542173
964,-0.96831185
965,-0.9846603
966,-0.99905735
967,-1.0247433
968,-1.0172569
969,-1.0141417
970,-1.0065634
971,-1.0018712
972,-1.0372177
973,-1.0148441
974,-1.0137979
975,-1.0016036
976,-0.98327494
977,-0.9812808
978,-1.0094299
979,-0.87492764
980,-0.9479296
981,-0.9538943
982,-1.0113474
983,-1.263154
984,-1.2847934
985,-1.2847934
986,-1.2821126
987,-1.2824991
988,-1.2875761
989,-1.4049405
990,-1.3967305
991,-1.3967305
992,-1.345652
993,-1.4049405
994,-1.3167288
995,-1.3167288
996,-0.9683612
997,-0.9683612
998,-1.3140163
999,-1.3167288
1000,-1.3746527
1001,-1.3746527
1002,-1.3750395
1003,-1.3757559
1004,-1.3703202
1005,-1.3703202
1006,-1.4063181
1007,-1.4063181
1008,-1.4119668
1009,-1.4173003
1010,-1.3801048
1011,-1.4173003
1012,-1.5152347
1013,-1.5091329
1014,-1.1216879
1015,-1.0938218
1016,-1.5098493
1017,-1.5098493
1018,-1.5182034
1019,-1.5174869
1020,-1.5174869
1021,-1.5128698
1022,-0.9261579
1023,-1.5167593
1024,-1.1475799
1025,-1.1475799
1026,-1.1475799
1027,-1.6029518
1028,-1.6084044
1029,-1.6080506
1030,-1.405652
1031,-1.4041241
1032,-1.405652
1033,-1.4050349
1034,-1.3901515
1035,-1.3874114
1036,-0.9885547
1037,-0.9885547
1038,-0.9695324
1039,-0.9695324
1040,-1.0010787
1041,-1.3747755
1042,-1.0724242
1043,-1.0390973
1044,-0.9362762
1045,-0.8349323
1046,-0.9362762
1047,-1.0969433
1048,-1.0388968
1049,-1.543399
1050,-1.0434313
1051,-1.543399
1052,-1.543399
1053,-1.543399
1054,-1.592872
1055,-1.611894
1056,-1.2477787
1057,-1.1769782
1058,-1.0754151
1059,-1.0880083
1060,-1.2547326
1061,-1.0695536
1062,-1.0877718
1063,-1.0949678
1064,-1.0255935
1065,-1.0837948
1066,-0.94676733
1067,-1.0041974
1068,-1.0752796
1069,-1.0491058
1070,-1.0280895
1071,-1.0057877
1072,-1.0858628
1073,-1.0738952
1074,-0.9329056
1075,-0.9973073
1076,-1.0168681
1077,0.13875982
1078,-0.21348485
1079,-0.7905191
1080,-1.3343858
1081,-0.085306376
1082,-0.40940252
1083,-0.9710076
1084,1.0330486
1085,0.116840236
1086,-0.50214916
1087,-0.8714486
1088,-0.23943081
1089,73.83899
1090,30.470638
1091,63.06114
1092,65.47776
1093,104.943146
1094,154.95413
1095,48.019062
1096,42.506912
1097,53.448647
1098,68.34381
1099,65.82904
1100,85.29213
1101,101.615166
1102,116.699554
1103,49.54417
1104,85.32478
1105,74.68311
1106,50.489227
1107,33.18
1108,30.71813
1109,42.708847
1110,73.65626
1111,57.32051
1112,52.364487
1113,89.90306
1114,100.15495
1115,107.218056
1116,107.32156
1117,119.04135
1118,242.9811
1119,163.85852
1120,90.09391
1121,66.769554
1122,23.864645
1123,17.903702
1124,-0.683816
1125,-0.7451797
1126,-0.69276315
1127,-0.6836497
1128,24.164299
1129,15.013163
1130,-0.6859189
1131,-0.67204857
1132,-0.64423597
1133,-0.68106943
1134,-0.7633048
1135,-0.73132026
1136,-0.71222854
1137,-0.65391314
1138,-0.66165483
1139,-0.683082
1140,-0.6846143
1141,-0.6800375
1142,-0.72769815
1143,-0.7366802
1144,-0.61463994
1145,-0.7200337
1146,-0.76071745
1147,-0.79844815
1148,-0.7650911
1149,0.28363463
1150,-0.73283964
1151,-0.77461797
1152,-0.8072706
1153,-0.7119311
1154,-0.7409469
1155,-0.7494184
1156,-0.7560065
1157,-0.7855222
1158,-0.584636
1159,-0.3930632
1160,-0.3442798
1161,-0.33824283
1162,-0.34111893
1163,-0.37688106
1164,-0.38822562
1165,-0.6085206
1166,-0.77410054
1167,-0.42181024
1168,-0.4178188
1169,-0.44784528
1170,-0.44992888
1171,-0.45710242
1172,-0.4357542
1173,-0.46676782
1174,-0.48275402
1175,-0.46988696
1176,-0.479121
1177,-0.50134444
1178,-0.5333885
1179,-0.5549007
1180,-0.5326079
1181,-0.536868
1182,-0.52349037
1183,-0.50932634
1184,-0.5499365
1185,-0.5408846
1186,-0.56227154
1187,-0.6673004
1188,-0.6674741
1189,-0.5404
1190,-0.5404
1191,-0.5404
1192,-0.7086292
1193,-0.7039179
1194,-0.71045965
1195,-0.71219844
1196,-0.7274818
1197,-0.7500997
1198,-0.73738086
1199,-0.7669878
1200,-0.76096356
1201,-0.7718253
1202,-0.7745061
1203,-0.3690417
1204,-0.91971457
1205,-0.19387998
1206,-0.6646098
1207,-0.66822046
1208,-0.6117996
1209,-0.5857315
1210,-0.5918937
1211,-0.5715154
1212,-0.5494219
1213,-0.5447943
1214,-0.5428983
1215,-0.5828075
1216,-0.58103
1217,-0.59811217
1218,-0.6514208
1219,-0.7399349
1220,-0.62470543
1221,-0.6906324
1222,-0.6265942
1223,-0.61743116
1224,-0.61411285
1225,-0.5950911
1226,-0.6212406
1227,-0.63606524
1228,-0.62786824
1229,-0.7661844
1230,-0.627443
1231,-0.593913
1232,-0.5858664
1233,-0.59877026
1234,-0.6588608
1235,-0.7108173
1236,-0.69563234
1237,-0.66062886
1238,-0.6930278
1239,-0.70074713
1240,-0.6999947
1241,-0.66759586
1242,-0.71161604
1243,-0.6638383
1244,-0.6526144
1245,-0.6526144
1246,-0.68237674
1247,-0.6689998
1248,-0.6689998
1249,-0.6689998
1250,-0.6540181
1251,-0.6689998
1252,-0.71735877
1253,-0.68250555
1254,-0.65707976
1255,-0.7053099
1256,-0.7020689
1257,-0.6704567
1258,-0.726888
1259,-0.7410563
1260,-0.738333
1261,-0.71931076
1262,-0.7059338
1263,-0.7472421
1264,-0.7156733
1265,-0.72791374
1266,-0.7125862
1267,-0.72776616
1268,-0.5911877
1269,-0.60322094
1270,-0.5659503
1271,-0.5194877
1272,-0.514528
1273,-0.5194877
1274,-0.5045225
1275,-0.5045225
1276,-0.5049365
1277,-0.5049365
1278,-0.5049365
1279,-0.6869485
1280,-0.6869485
1281,-0.5821947
1282,-0.6153066
1283,-0.6107863
1284,-0.6000094
1285,-0.59558636
1286,-0.5968869
1287,-0.5841097
1288,-0.67401385
1289,-0.5874856
1290,-0.5748909
1291,-0.57232386
1292,-0.5748909
1293,-0.5748909
1294,-0.57935554
1295,-0.57878834
1296,-0.57878834
1297,-0.5263336
1298,-0.5263336
1299,-0.5407537
1300,-0.5311011
1301,-0.5571169
1302,-0.5086746
1303,-0.56279
1304,-0.56279
1305,-0.5951895
1306,-0.58118284
1307,-0.59749246
1308,-0.6029279
1309,-0.5888462
1310,-0.58613396
1311,-0.5450956
1312,-0.5951895
1313,-0.57247984
1314,-0.6512112
1315,-0.7238975
1316,-0.70046294
1317,-0.6808189
1318,-0.6699942
1319,-0.51373595
1320,-0.6799555
1321,-0.6700223
1322,-0.6700223
1323,-0.49834538
1324,-0.48908874
1325,-0.49861896
1326,-0.5904299
1327,-0.6136285
1328,-0.03129433
1329,0.01207733
1330,-0.3667791
1331,0.05943133
1332,-0.1351137
1333,-0.043029577
1334,0.03931929
1335,0.59670866
1336,0.9084477
1337,-0.42568865
1338,0.65340227
1339,33.720673
1340,100.88963
1341,88.0065
1342,66.83046
1343,102.47296
1344,88.578804
1345,108.10667
1346,108.666504
1347,72.354805
1348,97.61612
1349,110.049934
1350,140.6191
1351,123.82367
1352,154.10017
1353,197.56483
1354,168.5685
1355,110.4711
1356,128.79202
1357,81.06429
1358,130.12337
1359,72.26794
1360,136.61565
1361,103.84898
1362,182.37418
1363,227.91695
1364,274.10495
1365,113.756035
1366,175.52733
1367,169.67554
1368,195.87184
1369,151.39871
1370,255.63963
1371,317.22925
1372,321.65878
1373,582.13074
1374,195.08818
1375,228.21362
1376,254.67264
1377,218.33597
1378,213.448
1379,154.72867
1380,302.02945
1381,403.02042
1382,338.5006
1383,456.57587
1384,444.3732
1385,357.7668
1386,297.17532
1387,361.2653
1388,306.1367
1389,247.25871
1390,204.18562
1391,169.6552
1392,174.89606
1393,191.66083
1394,183.96541
1395,237.37985
1396,190.73886
1397,203.54924
1398,234.55325
1399,185.33801
1400,186.37704
1401,218.9278
1402,255.89339
1403,255.78313
1404,238.80467
1405,281.3858
1406,375.32153
1407,456.5238
1408,314.90552
1409,317.2749
1410,373.4482
1411,353.01108
1412,298.7259
1413,273.30194
1414,329.95813
1415,253.74007
1416,444.83725
1417,335.71634
1418,224.57996
1419,203.56781
1420,249.42783
1421,298.60678
1422,308.3518
1423,207.2961
1424,247.83035
1425,288.13287
1426,255.24406
1427,285.7184
1428,328.8392
1429,246.21602
1430,409.80472
1431,358.42972
1432,306.45255
1433,335.98105
1434,509.1919
1435,525.5731
1436,615.7227
1437,524.48285
1438,330.33926
1439,330.4012
1440,333.17285
1441,266.33493
1442,223.9696
1443,332.8726
1444,190.43452
1445,122.08813
1446,116.574394
1447,181.81989
1448,186.43745
1449,278.39197
1450,272.21426
1451,332.34634
1452,430.0373
1453,266.62823
1454,277.55185
1455,332.20563
1456,193.57463
1457,60.5275
1458,84.65268
1459,191.89761
1460,166.11075
1461,122.92477
1462,71.68248
1463,85.53586
1464,127.04889
1465,185.24474
1466,222.19608
1467,135.40121
1468,218.35675
1469,211.67717
1470,139.99869
1471,247.52026
1472,173.19818
1473,167.73972
1474,337.40204
1475,280.4824
1476,289.47928
1477,390.63095
1478,370.1645
1479,216.29501
1480,139.94916
1481,104.61134
1482,85.27144
1483,70.542465
1484,51.605362
1485,59.676563
1486,96.99354
1487,74.42738
1488,70.55026
1489,83.27814
1490,80.32681
1491,78.71471
1492,74.10844
1493,53.438168
1494,170.8651
1495,53.449738
1496,13.055241
1497,-0.4079341
1498,-0.16714826
1499,-0.15540645
1500,-0.4710171
1501,1.7109883
1502,125.263504
1503,82.08687
1504,64.332085
1505,54.745686
1506,56.169384
1507,51.00231
1508,65.7415
1509,81.56309
1510,87.55365
1511,108.541504
1512,213.99976
1513,201.61319
1514,205.04922
1515,100.00349
1516,54.63283
1517,76.314835
1518,92.483955
1519,129.81953
1520,105.25763
1521,102.35654
1522,83.68608
1523,70.2295
1524,88.43594
1525,67.449905
1526,13.054004
1527,0.8444489
1528,-1.689044
1529,3.1862295
1530,20.083424
1531,3.1648176
1532,9.562956
1533,109.28119
1534,28.539804
1535,33.573406
1536,51.029934
1537,20.428358
1538,-3.1323338
1539,-0.39401972
1540,-0.41867197
1541,-0.60110587
1542,-0.38177395
1543,-0.37625366
1544,-0.28672835
1545,-0.31194893
1546,35.778797
1547,88.94929
1548,102.09355
1549,103.464584
1550,73.45353
1551,103.36645
1552,103.47472
1553,65.52416
1554,67.371994
1555,103.36342
1556,103.69903
1557,105.45275
1558,156.00974
1559,127.026306
1560,91.60364
1561,146.05542
1562,213.21
1563,111.10062
1564,65.681885
1565,94.26505
1566,129.04108
1567,122.494225
1568,217.64891
1569,271.26065
1570,263.6681
1571,283.13278
1572,303.38446
1573,243.65987
1574,308.36786
1575,336.85675
1576,329.73795
1577,233.59534
1578,189.70055
1579,234.40541
1580,257.822
1581,239.85849
1582,354.2076
1583,393.35544
1584,369.25397
1585,369.54022
1586,416.4208
1587,311.01886
1588,266.92773
1589,389.5541
1590,379.0478
1591,422.41458
1592,394.01398
1593,544.0535
1594,588.0503
1595,686.1733
1596,355.1619
1597,240.05031
1598,312.41544
1599,411.90872
1600,376.79892
1601,372.59244
1602,313.30176
1603,426.78928
1604,464.00305
1605,575.97034
1606,736.71
1607,807.0625
1608,587.4674
1609,589.4594
1610,611.52563
1611,805.96277
1612,669.40784
1613,709.15436
1614,493.23
1615,531.49695
1616,581.51654
1617,734.7977
1618,429.69662
1619,828.2888
1620,726.99066
1621,501.39386
1622,528.1737
1623,480.87485
1624,666.72546
1625,588.17773
1626,717.73553
1627,903.7508
1628,916.7568
1629,1186.9285
1630,1645.8535
1631,1770.1045
1632,1781.8745
1633,1762.6003
1634,1690.6837
1635,1491.7467
1636,1519.7732
1637,1652.6375
1638,1678.1986
1639,1563.8463
1640,1754.0178
1641,1881.2935
1642,1815.4492
1643,1848.6772
1644,1639.1272
1645,1622.4487
1646,777.7271
1647,36.62421
1648,1107.835
1649,1128.2821
1650,1060.3597
1651,1020.26996
1652,1097.5188
1653,975.1212
1654,1159.0908
1655,1257.209
1656,1387.1516
1657,1147.3435
1658,1159.9745
1659,584.15137
1660,-7.270599
1661,1109.3647
1662,1083.5734
1663,935.9244
1664,1062.9342
1665,900.65265
1666,1024.5111
1667,1196.1495
1668,1179.1064
1669,1168.6069
1670,1110.5209
1671,1136.6384
1672,1345.3496
1673,1156.7167
1674,1088.8822
1675,932.54565
1676,1288.6553
1677,1179.9973
1678,1026.8937
1679,999.3017
1680,685.0723
1681,746.57874
1682,847.49994
1683,1005.36475
1684,979.4349
1685,425.72992
1686,553.5458
1687,518.1133
1688,656.09454
1689,705.47797
1690,480.14075
1691,609.7107
1692,529.15356
1693,408.3788
1694,433.02563
1695,415.20175
1696,383.5753
1697,534.0251
1698,497.82764
1699,415.24738
1700,436.35446
1701,519.2222
1702,314.42328
1703,417.25784
1704,376.80722
1705,390.21924
1706,398.02133
1707,433.41266
1708,449.03406
1709,591.5333
1710,522.3537
1711,434.58313
1712,576.6381
1713,542.926
1714,609.97736
1715,613.7154
1716,571.3588
1717,468.21155
1718,551.9385
1719,548.54376
1720,377.92444
1721,303.07703
1722,294.80292
1723,469.2014
1724,474.68637
1725,412.41733
1726,274.34406
1727,225.60408
1728,210.15714
1729,164.81775
1730,203.4857
1731,293.8091
1732,323.5218
1733,337.05414
1734,381.50464
1735,305.4095
1736,271.08783
1737,185.03627
1738,167.82439
1739,270.29523
1740,158.1758
1741,86.53718
1742,110.53331
1743,162.18875
1744,281.04932
1745,223.19264
1746,269.02652
1747,341.648
1748,273.8241
1749,310.63916
1750,317.67178
1751,294.79526
1752,337.24084
1753,407.5119
1754,369.84885
1755,426.44675
1756,488.78354
1757,444.98175
1758,529.9457
1759,555.4012
1760,508.11902
1761,449.44366
1762,444.95242
1763,389.8245
1764,258.3978
1765,412.02084
1766,996.87274
1767,812.60767
1768,661.1844
1769,491.44446
1770,322.83517
1771,478.8004
1772,412.61432
1773,393.0843
1774,474.4316
1775,261.07483
1776,327.8039
1777,337.3055
1778,356.22153
1779,227.69269
1780,224.09622
1781,340.14502
1782,117.29497
1783,318.74298
1784,297.50757
1785,313.87408
1786,251.24261
1787,391.0301
1788,519.717
1789,507.58734
1790,471.80484
1791,440.75977
1792,542.1749
1793,510.044
1794,385.40625
1795,426.46707
1796,386.45508
1797,267.52222
1798,464.28738
1799,676.13306
1800,603.48065
1801,674.13403
1802,788.7968
1803,940.1466
1804,979.6801
1805,921.9285
1806,1035.036
1807,1536.8129
1808,1353.8783
1809,1338.7864
1810,1517.2311
1811,1572.3138
1812,1810.3922
1813,1792.1188
1814,1862.7097
1815,1902.8954
1816,1957.416
1817,1810.6099
1818,1894.5303
1819,1743.3954
1820,1557.5416
1821,1852.6833
1822,2009.9335
1823,1956.7711
1824,2006.7355
1825,2007.2947
1826,2006.1465
1827,2030.8499
1828,2031.3772
1829,2035.0646
1830,2036.9426
1831,658.5025
1832,26.296566
1833,23.621416
1834,17.359718
1835,15.355642
1836,15.993091
1837,16.15981
1838,21.504932
1839,1085.7025
1840,1979.9437
1841,1978.0095
1842,1975.0764
1843,1977.0105
1844,1979.3549
1845,1964.1241
1846,1976.3793
1847,1987.3466
1848,2002.752
1849,2002.1251
1850,1984.3865
1851,1075.7628
1852,22.583735
1853,1049.53
1854,1951.0585
1855,1931.6125
1856,1899.8396
1857,1893.9104
1858,1888.6631
1859,1956.1417
1860,1923.6228
1861,1826.2196
1862,1840.9524
1863,1823.631
1864,1917.9994
1865,1807.2156
1866,1695.7837
1867,1801.6527
1868,1876.8523
1869,1809.8948
1870,1616.4731
1871,1498.0374
1872,1807.8759
1873,1668.2217
1874,1624.372
1875,1511.4813
1876,1659.1488
1877,1373.1357
1878,1159.7054
1879,1128.4722
1880,1213.6008
1881,1244.715
1882,992.00116
1883,907.1013
1884,1006.78625
1885,803.30255
1886,1052.4622
1887,993.1547
1888,763.61884
1889,989.3967
1890,902.6549
1891,696.3347
1892,901.94806
1893,1370.9856
1894,822.2599
1895,1106.2131
1896,984.9048
1897,400.67477
1898,735.0081
1899,698.6851
1900,1005.7248
1901,931.7689
1902,1035.7167
1903,1321.5122
1904,1273.3274
1905,819.3565
1906,1005.6424
1907,1150.6477
1908,1015.8973
1909,901.28436
1910,865.357
1911,1018.4806
1912,1023.789
1913,752.9674
1914,735.12805
1915,440.0663
1916,484.0094
1917,586.1544
1918,400.78116
1919,565.16003
1920,568.57825
1921,469.24387
1922,423.09464
1923,436.73926
1924,4.443752
1925,0.1455365
1926,-0.4876288
1927,2.5395525
1928,-1.4822168
1929,-2.2014275
1930,862.91876
1931,724.26056
1932,417.7604
1933,1248.1682
1934,1291.2594
1935,914.1883
1936,539.1329
1937,503.78592
1938,713.97064
1939,418.8454
1940,518.46796
1941,558.704
1942,515.1137
1943,445.6663
1944,434.05328
1945,417.6612
1946,548.6364
1947,517.6715
1948,632.01825
1949,701.61774
1950,610.369
1951,546.49194
1952,640.3424
1953,628.2898
1954,720.9342
1955,642.13794
1956,574.924
1957,541.02655
1958,653.7215
1959,610.6765
1960,1371.5471
1961,1496.167
1962,1602.3389
1963,1749.985
1964,1677.0336
1965,1480.5994
1966,1247.5872
1967,1255.1366
1968,1416.6094
1969,1327.3641
1970,1711.301
1971,1622.5488
1972,1758.5433
1973,1574.8047
1974,1371.5919
1975,1173.352
1976,1110.2617
1977,1058.0215
1978,1135.1162
1979,1117.0211
1980,1331.7489
1981,1432.9973
1982,1422.1031
1983,1368.3627
1984,1470.7427
1985,1251.5547
1986,1444.5406
1987,1536.3191
1988,1550.3224
1989,1192.2985
1990,1082.1863
1991,1275.7598
1992,1232.7704
1993,918.2472
1994,963.93756
1995,924.1981
1996,641.5585
1997,837.3102
1998,1000.5232
1999,766.23224
2000,781.5638
2001,815.97144
2002,826.85614
2003,1068.6425
2004,1019.8754
2005,979.93134
2006,681.3768
2007,658.7199
2008,847.3954
2009,719.61224
2010,1000.1958
2011,957.60675
2012,791.2411
2013,775.58856
2014,683.83636
2015,718.1321
2016,820.15
2017,901.2191
2018,1057.1671
2019,1129.1455
2020,1069.4429
2021,1099.185
2022,937.03046
2023,1345.5289
2024,1118.3063
2025,1066.7755
2026,928.6985
2027,832.6367
2028,1062.1559
2029,846.8638
2030,797.5106
2031,1156.045
2032,1024.9973
2033,1195.7347
2034,1070.5311
2035,1030.0157
2036,1230.1895
2037,1084.0332
2038,1063.9579
2039,1008.3026
2040,1105.1483
2041,825.2008
2042,875.7381
2043,632.0551
2044,672.1676
2045,734.71857
2046,733.3238
2047,1118.8462
2048,1041.743
2049,1060.8628
2050,1046.7177
2051,925.03125
2052,822.4086
2053,589.32404
2054,478.92258
2055,471.8636
2056,343.1312
2057,437.2557
2058,425.7076
2059,484.59146
2060,235.83568
2061,232.02187
2062,316.00058
2063,246.22038
2064,257.40063
2065,301.72668
2066,260.19916
2067,306.91907
2068,394.44263
2069,451.24377
2070,487.07913
2071,492.90298
2072,414.67163
2073,291.8859
2074,400.25183
2075,286.42966
2076,171.36504
2077,93.49134
2078,196.83974
2079,266.32928
2080,234.24063
2081,229.83237
2082,280.05237
2083,309.33078
2084,463.23996
2085,308.7907
2086,241.0562
2087,454.80045
2088,730.4001
2089,826.4868
2090,884.1634
2091,400.4298
2092,381.37064
2093,675.57184
2094,643.05566
2095,478.43204
2096,498.60083
2097,397.99988
2098,307.9274
2099,338.78577
2100,427.64865
2101,362.31848
2102,277.765
2103,239.66852
2104,271.24576
2105,224.86157
2106,131.34276
2107,133.34937
2108,257.1451
2109,316.18353
2110,284.26343
2111,294.65283
2112,378.46527
2113,347.6245
2114,523.959
2115,420.1698
2116,437.01898
2117,345.63943
2118,264.19565
2119,189.82024
2120,150.56888
2121,253.343
2122,349.356
2123,386.6212
2124,282.34354
2125,266.58478
2126,375.77533
2127,200.98029
2128,366.70697
2129,120.33264
2130,186.83159
2131,380.59592
2132,284.05096
2133,213.9727
2134,167.20956
2135,344.16528
2136,197.33464
2137,275.66684
2138,140.90306
2139,109.8999
2140,121.93261
2141,124.69758
2142,57.26884
2143,32.09056
2144,13.447995
2145,-5.1203685
2146,-6.429686
2147,17.15263
2148,68.15768
2149,91.92362
2150,86.63362
2151,109.14416
2152,111.43681
2153,103.54313
2154,142.9697
2155,226.93173
2156,233.8019
2157,288.54385
2158,241.32762
2159,275.41724
2160,260.4332
2161,295.93253
2162,181.87395
2163,89.14408
2164,135.05896
2165,146.46822
2166,162.71715
2167,92.91391
2168,71.255775
2169,104.57314
2170,268.90018
2171,175.55417
2172,134.26112
2173,110.01162
2174,157.22417
2175,188.87186
2176,127.60213
2177,138.20975
2178,206.48262
2179,175.64935
2180,106.91844
2181,134.0299
2182,262.1078
2183,192.52254
2184,175.76073
2185,434.19424
2186,131.04933
2187,135.42558
2188,146.65833
2189,75.22215
2190,109.30782
2191,99.913376
2192,109.42034
2193,81.17838
2194,120.03778
2195,89.39227
2196,39.971573
2197,86.46715
2198,82.89711
2199,79.36549
2200,115.925934
2201,53.861904
2202,38.439022
2203,8.490248
2204,-0.7333897
2205,13.990691
2206,27.187958
2207,1.924144
2208,-0.58499855
2209,-0.48567656
2210,-0.57128143
2211,-0.6452081
2212,61.420715
2213,36.301895
2214,43.924778
2215,-1.4669359
2216,-0.5376965
2217,18.936647
2218,-0.487681
2219,-0.43945414
2220,-0.4504279
2221,-0.46150762
2222,-0.4541842
2223,-0.46976194
2224,-0.4570599
2225,-0.3368508
2226,-0.43858385
2227,-0.47308758
2228,-0.47346193
2229,-0.39818463
2230,17.233
2231,56.1701
2232,41.552853
2233,39.114048
2234,9.47669
2235,-4.270998
2236,-6.157697
2237,-6.8203106
2238,-2.6602314
2239,-0.46256077
2240,-0.62666893
2241,-0.6153563
2242,-0.4425508
2243,-0.4074677
2244,-0.46814272
2245,-0.57257956
2246,-0.56969106
2247,-0.25777134
2248,-0.38897592
2249,29.927988
2250,51.474686
2251,67.80112
2252,68.89431
2253,76.08783
2254,80.047066
2255,70.79001
2256,76.364716
2257,53.179462
2258,48.983025
2259,14.017794
2260,5.3370547
2261,12.630931
2262,11.2169
2263,43.000313
2264,20.72086
2265,13.339664
2266,5.537736
2267,-1.909191
2268,-1.3754853
2269,-1.1630225
2270,-1.0123204
2271,-0.6827928
2272,-0.4214261
2273,-0.48206413
2274,-0.40530717
2275,-0.4428798
2276,-0.7862373
2277,-0.7660452
2278,-0.66121197
2279,-0.8354799
2280,-0.6775232
2281,-0.6762613
2282,-0.7308247
2283,-0.7313573
2284,-0.694735
2285,-0.73833215
2286,22.985188
2287,22.72617
2288,35.73245
2289,1.4191197
2290,61.714146
2291,77.72577
2292,76.45353
2293,55.226982
2294,79.854645
2295,114.80986
2296,106.81969
2297,182.8791
2298,176.84877
2299,185.39311
2300,133.13512
2301,66.00352
2302,45.92303
2303,7.8784595
2304,-0.7869425
2305,-0.26050723
2306,0.6975593
2307,33.36127
2308,91.12118
2309,190.01498
2310,341.8073
2311,295.1185
2312,146.75137
2313,59.130833
2314,74.55599
2315,102.62255
2316,63.209305
2317,68.49075
2318,24.298992
2319,-3.076758
2320,-0.39488494
2321,-0.5660106
2322,-0.4143961
2323,51.74939
2324,63.13892
2325,49.934177
2326,45.35743
2327,41.176434
2328,24.943562
2329,6.700379
2330,13.721725
2331,52.122963
2332,32.138638
2333,62.167183
2334,57.78004
2335,76.22514
2336,77.92226
2337,81.67956
2338,159.46347
2339,73.77958
2340,123.88545
2341,124.37277
2342,103.752014
2343,57.525726
2344,20.097107
2345,-1.6741432
2346,-0.59229267
2347,-0.51731235
2348,0.4312931
2349,91.464935
2350,139.7386
2351,55.92424
2352,24.247936
2353,39.605198
2354,119.76364
2355,198.69502
2356,90.64549
2357,83.80923
2358,101.601425
2359,78.49409
2360,96.604805
2361,63.887
2362,193.66718
2363,287.48135
2364,179.8315
2365,149.70845
2366,103.045975
2367,9.044447
2368,5.664675
2369,-0.31584665
2370,0.28010046
2371,93.787315
2372,217.3284
2373,334.93478
2374,263.6197
2375,193.71445
2376,95.38795
2377,99.34369
2378,154.37694
2379,139.04234
2380,108.53384
2381,216.93045
2382,336.22592
2383,305.2349
2384,226.96474
2385,211.00378
2386,251.39447
2387,214.3938
2388,246.29077
2389,367.0082
2390,430.09143
2391,445.63687
2392,502.50897
2393,655.68274
2394,744.673
2395,744.8922
2396,822.3901
2397,600.3792
2398,475.0944
2399,554.1281
2400,438.46378
2401,708.21124
2402,644.1296
2403,569.1012
2404,484.98248
2405,439.47186
2406,460.38623
2407,485.9934
2408,640.5382
2409,552.2212
2410,537.95233
2411,653.73315
2412,755.83386
2413,673.7649
2414,766.32635
2415,852.2538
2416,963.13934
2417,1031.62
2418,994.8455
2419,956.77386
2420,914.9238
2421,934.8713
2422,1026.0859
2423,865.83105
2424,748.4556
2425,605.93604
2426,559.06323
2427,832.7079
2428,1046.7013
2429,1002.84686
2430,947.69574
2431,858.3969
2432,1094.3893
2433,1124.2177
2434,1257.204
2435,911.42523
2436,565.0155
2437,536.51904
2438,881.0817
2439,819.37274
2440,852.7635
2441,984.2095
2442,1010.31604
2443,1080.7466
2444,1059.2135
2445,1038.3276
2446,1108.377
2447,901.851
2448,772.4755
2449,807.17346
2450,984.3418
2451,1026.0142
2452,1098.1086
2453,1120.5488
2454,1355.7495
2455,1078.9944
2456,931.72125
2457,853.08655
2458,1062.0466
2459,944.9692
2460,1049.035
2461,1003.10223
2462,829.1102
2463,726.9936
2464,993.3365
2465,968.5622
2466,924.78937
2467,1231.1473
2468,1427.8954
2469,1003.4498
2470,1046.3916
2471,1211.335
2472,1175.1843
2473,1161.0139
2474,1224.9869
2475,1062.8254
2476,1474.9191
2477,1485.058
2478,1138.1268
2479,1441.2157
2480,1532.3068
2481,1185.2415
2482,1183.9893
2483,1388.1467
2484,1253.4277
2485,1476.0914
2486,1091.0897
2487,1283.098
2488,1167.6504
2489,1150.48
2490,1568.5809
2491,1730.0
2492,1785.042
2493,1663.002
2494,1027.6881
2495,1185.3564
2496,1137.7386
2497,918.50946
2498,1324.5679
2499,1406.2981
2500,1300.1392
2501,1163.1556
2502,1088.412
2503,1631.325
2504,1459.7224
2505,1886.5592
2506,1551.804
2507,1368.6699
2508,827.82574
2509,941.7039
2510,1191.1204
2511,1185.257
2512,1641.9575
2513,1488.9423
2514,1535.5264
2515,1463.8839
2516,1455.189
2517,1332.9884
2518,955.6705
2519,754.9583
2520,747.1296
2521,848.39166
2522,1104.0149
2523,1425.0049
2524,1453.467
2525,1538.7189
2526,1618.3927
2527,1852.7396
2528,1753.4949
2529,1742.8651
2530,1455.6378
2531,1792.682
2532,1790.1729
2533,1187.1067
2534,1304.7434
2535,1504.6968
2536,1757.5492
2537,1885.2924
2538,1886.7589
2539,1877.0548
2540,1808.1614
2541,1826.4286
2542,1785.6034
2543,1816.128
2544,1921.1857
2545,1913.9935
2546,1920.1292
2547,1945.4591
2548,1969.3041
2549,1973.519
2550,2002.3182
2551,1991.7021
2552,2016.5323
2553,1990.0459
2554,1998.4889
2555,1940.6945
2556,1901.3647
2557,1996.0004
2558,1935.8695
2559,1934.0479
2560,1941.1904
2561,1942.897
2562,1912.5677
2563,1912.4506
2564,1918.6782
2565,1921.2533
2566,1920.9148
2567,1947.2307
2568,1947.1995
2569,1871.0693
2570,1923.2501
2571,1906.3888
2572,1869.7262
2573,1854.9541
2574,1897.0515
2575,1901.9949
2576,1955.7308
2577,1981.6709
2578,1932.2808
2579,1936.0383
2580,1914.7073
2581,1891.8821
2582,1894.3658
2583,1914.4852
2584,1916.6914
2585,1893.2433
2586,1909.517
2587,1909.5347
2588,1909.8927
2589,1906.4497
2590,1933.5621
2591,1935.5321
2592,1983.8765
2593,1984.6938
2594,1991.5109
2595,1974.6064
2596,1943.7
2597,1945.3954
2598,1936.7284
2599,1936.7284
2600,1906.6504
2601,1945.1969
2602,1971.1132
2603,1935.0099
2604,1922.0177
2605,1916.8505
2606,1892.384
2607,1905.7782
2608,1802.8145
2609,1917.7607
2610,1915.192
2611,1860.9047
2612,1918.0665
2613,1900.5863
2614,1898.3405
2615,1838.2261
2616,1894.8999
2617,1910.4274
2618,1914.1536
2619,1899.733
2620,1868.611
2621,1887.0284
2622,1951.7772
2623,1892.4487
2624,1917.249
2625,1966.2527
2626,1966.0446
2627,1927.6298
2628,1918.4843
2629,1910.703
2630,1793.7703
2631,1911.3599
2632,1947.995
2633,1908.904
2634,1909.176
2635,1879.9784
2636,1792.5409
2637,1864.5981
2638,1685.954
2639,1815.3419
2640,1901.5709
2641,1708.4845
2642,1874.695
2643,1658.1594
2644,1729.8606
2645,1923.324
2646,1870.1389
2647,1668.3824
2648,1584.7808
2649,1832.0122
2650,1753.2006
2651,1848.6276
2652,1870.29
2653,1841.5873
2654,1915.0974
2655,1840.4691
2656,1846.7578
2657,1727.8011
2658,1799.5674
2659,1774.6615
2660,1780.6279
2661,1810.0155
2662,1795.8895
2663,1625.0116
2664,1597.1642
2665,1590.3152
2666,1821.0055
2667,1692.8595
2668,1564.1475
2669,1703.2224
2670,1865.7037
2671,1942.1526
2672,1932.8497
2673,1943.8248
2674,1929.636
2675,1970.8475
2676,1970.3816
2677,1969.5366
2678,1994.5427
2679,1966.6078
2680,1973.2699
2681,1998.5178
2682,2014.2852
2683,1976.2487
2684,1969.3092
2685,1998.9243
2686,2000.2225
2687,2019.5278
2688,1999.6511
2689,2000.2225
2690,1977.938
2691,1947.7339
2692,1936.9191
2693,1925.5693
2694,1939.3365
2695,1912.6747
2696,1880.7157
2697,1878.6886
2698,1879.8474
2699,1839.2153
2700,1835.7239
2701,1794.5643
2702,1774.795
2703,1850.3022
2704,1794.0055
2705,1598.0225
2706,1581.4818
2707,1529.7534
2708,1672.393
2709,1636.291
2710,1737.9396
2711,1761.8676
2712,1568.9573
2713,1318.7102
2714,1330.8932
2715,1291.78
2716,1270.8505
2717,1479.615
2718,1480.7244
2719,1359.5593
2720,1249.8241
2721,1015.30554
2722,1000.31946
2723,753.0725
2724,907.6148
2725,1249.8236
2726,1321.3894
2727,1602.5625
2728,1553.6493
2729,1463.3271
2730,1098.0548
2731,1114.7433
2732,979.9481
2733,1269.9734
2734,1538.1678
2735,1126.6976
2736,626.7967
2737,389.79413
2738,397.6257
2739,313.49585
2740,402.6621
2741,424.5695
2742,404.6144
2743,277.24503
2744,454.46072
2745,720.5372
2746,801.39465
2747,671.08264
2748,694.5865
2749,862.1673
2750,1070.7402
2751,1157.8724
2752,1012.2596
2753,944.9974
2754,842.0598
2755,487.49802
2756,437.1465
2757,581.11487
2758,406.6081
2759,457.2351
2760,426.22058
2761,521.03015
2762,284.1257
2763,386.62476
2764,258.73422
2765,581.28345
2766,539.2719
2767,483.8505
2768,291.8352
2769,408.50824
2770,272.31955
2771,403.9742
2772,402.2136
2773,423.2199
2774,757.908
2775,618.6179
2776,619.1767
2777,901.03296
2778,763.1422
2779,672.37634
2780,651.8587
2781,719.08984
2782,480.4468
2783,282.59308
2784,371.9992
2785,603.5106
2786,656.5333
2787,703.3113
2788,657.97504
2789,560.6768
2790,525.73065
2791,886.2508
2792,951.15784
2793,889.46533
2794,638.7926
2795,745.05597
2796,729.31195
2797,727.6992
2798,592.1855
2799,437.04266
2800,154.09203
2801,86.59981
2802,95.99478
2803,200.86275
2804,447.59958
2805,768.93604
2806,776.1695
2807,877.52454
2808,1142.1862
2809,1367.8789
2810,1314.2806
2811,1409.2263
2812,1377.0814
2813,1361.3258
2814,1595.4998
2815,1533.5157
2816,1208.6223
2817,1072.4734
2818,815.15485
2819,386.35156
2820,268.97885
2821,352.88135
2822,534.86646
2823,670.67883
2824,573.00916
2825,244.61449
2826,162.41008
2827,98.01408
2828,87.76738
2829,125.37476
2830,106.16102
2831,99.85036
2832,99.928925
2833,123.6031
2834,118.42416
2835,113.53366
2836,448.02682
2837,324.0638
2838,444.25232
2839,448.31802
2840,576.2496
2841,523.46436
2842,400.33017
2843,384.32257
2844,342.68146
2845,385.38647
2846,472.46225
2847,572.5134
2848,486.2105
2849,488.73993
2850,451.45816
2851,463.50842
2852,326.91266
2853,247.75551
2854,275.5909
2855,222.83728
2856,330.05682
2857,378.16208
2858,389.4304
2859,399.36172
2860,333.1288
2861,441.24405
2862,587.26697
2863,444.1034
2864,500.40015
2865,353.506
2866,301.03043
2867,287.6594
2868,365.12375
2869,434.73428
2870,515.8098
2871,554.88416
2872,658.14355
2873,665.7594
2874,594.7785
2875,459.02332
2876,382.60706
2877,317.8327
2878,237.39113
2879,175.05373
2880,195.58525
2881,260.86435
2882,255.85062
2883,298.72476
2884,251.3483
2885,276.37604
2886,276.3874
2887,391.12848
2888,436.233
2889,383.7478
2890,302.83157
2891,245.62053
2892,239.3995
2893,161.93912
2894,238.75914
2895,256.69855
2896,317.95428
2897,293.4891
2898,331.81177
2899,267.439
2900,263.3116
2901,214.47383
2902,201.02344
2903,280.8634
2904,329.95544
2905,317.8642
2906,293.3993
2907,220.78925
2908,269.04675
2909,229.62476
2910,293.51447
2911,323.8829
2912,265.7884
2913,148.60808
2914,165.63867
2915,212.989
2916,255.92668
2917,271.62997
2918,199.83173
2919,166.02141
2920,74.178215
2921,35.940716
2922,53.736237
2923,48.238754
2924,24.00714
2925,62.336338
2926,66.33184
2927,31.63748
2928,26.793152
2929,36.03163
2930,31.653158
2931,33.095978
2932,49.605095
2933,37.87086
2934,11.463746
2935,-6.1599064
2936,9.077923
2937,-4.314848
2938,0.5795933
2939,13.832548
2940,31.454721
2941,44.386875
2942,36.492245
2943,37.689205
2944,38.16862
2945,66.414986
2946,71.16426
2947,74.34766
2948,68.60078
2949,70.81797
2950,66.58691
2951,98.73877
2952,133.27855
2953,141.15587
2954,129.85912
2955,113.609436
2956,98.76927
2957,82.62727
2958,83.99181
2959,78.52548
2960,91.79682
2961,57.953785
2962,49.470325
2963,66.15046
2964,56.78869
2965,26.347532
2966,31.59114
2967,52.95295
2968,71.63264
2969,65.4184
2970,56.56398
2971,44.902863
2972,55.61274
2973,45.11317
2974,60.209446
2975,97.82242
2976,111.03117
2977,144.30333
2978,149.99219
2979,198.86586
2980,211.71132
2981,225.17285
2982,235.95036
2983,202.63731
2984,175.99208
2985,160.11635
2986,193.76016
2987,177.1901
2988,190.93259
2989,237.60413
2990,269.48593
2991,290.14163
2992,214.86415
2993,175.69247
2994,159.65663
2995,138.92984
2996,123.68439
2997,215.39975
2998,283.98828
2999,227.81114
3000,238.2714
3001,270.99335
3002,254.96666
3003,254.82108
3004,261.93732
3005,175.95946
3006,126.21816
3007,91.29239
3008,83.618
3009,87.554634
3010,95.04902
3011,135.17421
3012,211.48904
3013,124.04165
3014,96.50224
3015,116.84729
3016,142.10884
3017,162.02867
3018,147.05533
3019,144.74144
3020,175.51845
3021,139.24081
3022,135.11166
3023,130.37836
3024,135.2748
3025,122.00672
3026,95.051735
3027,108.14265
3028,107.131516
3029,115.61517
3030,100.72427
3031,67.74673
3032,25.651333
3033,24.672037
3034,40.11405
3035,38.451923
3036,41.25354
3037,61.316708
3038,95.049515
3039,111.59937
3040,84.20938
3041,92.56349
3042,90.99539
3043,92.99389
3044,92.78075
3045,80.36769
3046,89.37903
3047,82.17228
3048,63.323112
3049,40.052715
3050,56.582703
3051,91.088905
3052,80.40186
3053,83.30614
3054,82.05079
3055,88.326614
3056,99.53665
3057,66.72829
3058,48.70883
3059,31.064402
3060,52.008907
3061,42.954475
3062,27.752504
3063,27.040491
3064,29.3887
3065,4.927528
3066,13.733987
3067,-6.418194
3068,-6.278874
3069,-1.8746629
3070,-0.60559964
3071,-0.36832964
3072,-0.3243383
3073,-0.43083712
3074,-0.73152363
3075,-0.6733626
3076,-0.6408551
3077,-0.6434846
3078,-0.5293466
3079,-0.60053784
3080,-0.58348006
3081,-0.62606096
3082,-0.584507
3083,-0.54698706
3084,-0.4084303
3085,-0.41130486
3086,-0.3743566
3087,-0.43104792
3088,-0.6550382
3089,-0.7445995
3090,-0.88140094
3091,-0.6383923
3092,-0.5548597
3093,-0.78012776
3094,-0.6570106
3095,-0.64328855
3096,-0.65959704
3097,-0.57049525
3098,-0.49294192
3099,-0.3063278
3100,38.71033
3101,50.302097
3102,58.135067
3103,40.736164
3104,20.088814
3105,23.964602
3106,18.62703
3107,14.891547
3108,40.05069
3109,122.124405
3110,107.87377
3111,100.78274
3112,90.14249
3113,107.66954
3114,148.67313
3115,147.99701
3116,148.58733
3117,135.8548
3118,148.46152
3119,207.45357
3120,201.20981
3121,227.19876
3122,279.95416
3123,293.18292
3124,244.06905
3125,188.96315
3126,143.62364
3127,124.82525
3128,149.18405
3129,214.62349
3130,247.704
3131,243.94818
3132,213.34589
3133,144.26862
3134,166.52162
3135,211.1909
3136,186.13068
3137,178.60876
3138,153.47197
3139,129.40576
3140,117.755936
3141,97.14748
3142,83.75137
3143,93.714485
3144,102.72828
3145,113.73636
3146,108.33383
3147,101.58326
3148,120.69988
3149,123.934135
3150,158.47168
3151,132.76149
3152,136.28781
3153,179.5821
3154,149.38516
3155,107.155075
3156,134.93175
3157,154.94089
3158,152.21489
3159,168.80904
3160,183.04668
3161,182.07925
3162,231.5081
3163,203.72964
3164,181.7956
3165,154.5348
3166,136.14279
3167,227.17879
3168,273.1129
3169,296.22583
3170,276.78217
3171,345.4879
3172,394.58307
3173,303.35062
3174,359.3509
3175,356.96555
3176,345.6378
3177,304.42932
3178,312.06354
3179,308.96793
3180,316.2126
3181,299.83987
3182,306.7999
3183,372.22812
3184,449.33585
3185,479.43683
3186,486.2892
3187,452.60632
3188,403.38388
3189,358.91943
3190,337.48856
3191,276.73294
3192,241.81291
3193,248.38315
3194,277.44553
3195,344.81015
3196,273.4454
3197,199.34868
3198,139.00891
3199,120.54437
3200,66.80987
3201,32.19637
3202,54.112263
3203,71.35881
3204,58.135273
3205,35.539013
3206,11.403839
3207,0.44148225
3208,5.010797
3209,8.94129
3210,-1.1092244
3211,15.4083605
3212,59.876972
3213,232.95174
3214,191.46596
3215,44.59389
3216,-3.3911707
3217,-0.69416445
3218,-0.62344843
3219,-0.6649136
3220,15.679694
3221,71.34107
3222,13.98229
3223,8.350558
3224,23.402117
3225,72.34993
3226,55.903652
3227,84.48742
3228,107.9321
3229,74.18073
3230,111.943825
3231,86.369194
3232,54.42007
3233,19.988394
3234,36.849033
3235,34.255863
3236,63.857006
3237,153.0908
3238,396.84637
3239,215.11937
3240,185.43394
3241,246.35777
3242,223.4554
3243,240.16617
3244,331.16644
3245,330.90756
3246,283.04028
3247,171.33347
3248,112.77691
3249,143.89536
3250,131.04353
3251,161.23764
3252,216.58344
3253,271.8354
3254,312.49554
3255,206.65968
3256,155.9017
3257,194.86809
3258,167.4623
3259,155.98692
3260,117.8106
3261,104.42854
3262,100.49859
3263,88.74694
3264,77.10126
3265,85.64799
3266,87.68497
3267,89.34285
3268,66.11123
3269,49.88883
3270,31.382626
3271,22.300692
3272,45.152134
3273,54.92719
3274,44.826912
3275,33.78722
3276,58.33269
3277,75.806
3278,64.47671
3279,61.313076
3280,44.987972
3281,31.378332
3282,18.71476
3283,24.702642
3284,2.0359588
3285,1.9004693
3286,44.80614
3287,78.18695
3288,130.30391
3289,182.21936
3290,162.09595
3291,74.57126
3292,61.550976
3293,62.70758
3294,35.05069
3295,35.75456
3296,84.753876
3297,39.865875
3298,44.874332
3299,84.041214
3300,38.752567
3301,46.815937
3302,62.164658
3303,62.420567
3304,87.10529
3305,113.30741
3306,105.28719
3307,87.77573
3308,212.1808
3309,209.34956
3310,292.1564
3311,327.79376
3312,441.99194
3313,566.782
3314,509.22144
3315,503.36807
3316,396.14328
3317,237.2229
3318,162.29059
3319,171.18451
3320,220.04765
3321,233.46713
3322,235.74043
3323,215.46585
3324,180.08694
3325,166.0912
3326,166.23927
3327,150.0088
3328,93.80624
3329,115.4533
3330,133.90303
3331,155.391
3332,185.9265
3333,149.70467
3334,115.17753
3335,124.42073
3336,139.65054
3337,125.924736
3338,96.32209
3339,97.427
3340,139.81194
3341,106.930244
3342,88.38865
3343,88.57263
3344,90.03712
3345,81.01854
3346,82.50319
3347,43.038116
3348,38.131298
3349,24.124882
3350,26.020754
3351,45.063995
3352,93.35308
3353,75.180534
3354,74.26462
3355,61.33623
3356,36.84644
3357,-0.42182574
3358,-0.19494914
3359,-0.37666547
3360,-0.5082859
3361,-0.36393613
3362,-0.37261927
3363,-0.41605955
3364,-0.4699458
3365,-0.33590132
3366,-0.115043625
3367,49.67602
3368,71.68797
3369,29.690279
3370,54.137505
3371,64.83641
3372,46.83243
3373,49.16343
3374,60.76855
3375,59.325325
3376,52.686954
3377,74.89852
3378,72.18194
3379,93.17622
3380,108.9313
3381,131.78575
3382,217.62036
3383,244.71819
3384,267.8374
3385,234.39236
3386,181.78972
3387,226.99896
3388,177.1315
3389,187.16864
3390,193.59872
3391,234.02412
3392,260.5478
3393,317.91138
3394,385.20627
3395,328.69577
3396,343.86246
3397,313.93414
3398,343.54407
3399,348.37155
3400,368.81903
3401,367.66925
3402,447.79434
3403,390.21082
3404,322.41074
3405,251.42827
3406,284.03232
3407,331.92114
3408,301.30258
3409,251.40225
3410,146.65257
3411,146.04796
3412,135.05984
3413,273.86383
3414,290.31406
3415,366.4144
3416,429.45096
3417,516.98596
3418,480.82855
3419,550.28955
3420,383.9995
3421,332.41348
3422,374.03943
3423,435.3843
3424,338.64432
3425,334.38605
3426,278.83514
3427,321.45233
3428,287.56985
3429,231.2017
3430,245.94083
3431,232.07413
3432,182.95631
3433,182.96204
3434,180.06432
3435,162.51543
3436,137.59094
3437,112.0235
3438,138.06343
3439,133.51422
3440,126.715164
3441,92.30254
3442,62.58199
3443,33.990124
3444,19.320171
3445,19.285746
3446,15.675028
3447,9.836184
3448,7.2236795
3449,1.3356493
3450,-0.2681116
3451,-0.21574943
3452,-0.25610024
3453,-0.3441419
3454,-0.30177927
3455,-0.52569616
3456,-0.70907533
3457,-0.45912513
3458,-0.4075304
3459,-0.39194182
3460,-0.39182198
3461,-0.33249983
3462,-0.5362568
3463,-0.32183182
3464,-0.3479811
3465,-0.31988457
3466,-0.32724503
3467,-0.15993443
3468,-0.18392238
3469,-0.17530704
3470,-0.13041893
3471,-0.16006538
3472,-0.16870934
3473,-0.21931636
3474,-0.21659312
3475,-0.22368032
3476,-0.94340134
3477,-0.65505886
3478,-0.59532404
3479,-0.58497536
3480,-0.48422152
3481,-0.6099182
3482,-0.58062565
3483,-0.47812527
3484,-0.59806293
3485,-0.544622
3486,-0.25057444
3487,-0.30652192
3488,-0.3145861
3489,-0.40217537
3490,-0.36289993
3491,-0.38150606
3492,-0.35228056
3493,-0.36565888
3494,-0.35766602
3495,-0.36335987
3496,-0.37334812
3497,-0.35594034
3498,-0.38631266
3499,-0.3752079
3500,-0.38805857
3501,-0.38854325
3502,-0.40458098
3503,-0.40458098
3504,-0.40458098
3505,-0.41036543
3506,-0.41237974
3507,-0.40455595
3508,-0.4236268
3509,-0.4236268
3510,-0.42537132
3511,-0.46693853
3512,-0.45038122
3513,-0.47156867
3514,-0.5186349
3515,-0.53199685
3516,-0.50676554
3517,-0.5239243
3518,-0.5871985
3519,-0.7743362
3520,-0.90788627
3521,-0.8270362
3522,32.47633
3523,174.1507
3524,140.45645
3525,147.69383
3526,138.46696
3527,186.17805
3528,105.0645
3529,66.52987
3530,10.93733
3531,4.1704288
3532,12.478857
3533,62.703053
3534,146.09227
3535,242.6073
3536,192.88689
3537,198.13498
3538,175.03026
3539,177.45117
3540,183.63988
3541,191.78777
3542,225.08952
3543,293.67102
3544,357.603
3545,324.93137
3546,290.109
3547,244.8762
3548,259.78937
3549,188.38075
3550,173.91164
3551,196.47502
3552,319.82922
3553,150.19614
3554,315.00192
3555,299.13974
3556,357.5049
3557,462.03864
3558,640.0906
3559,453.9533
3560,486.97568
3561,385.8617
3562,440.72794
3563,591.641
3564,533.10504
3565,614.855
3566,434.75677
3567,815.9475
3568,733.49255
3569,881.9455
3570,897.3393
3571,949.72766
3572,687.75507
3573,523.39954
3574,515.28986
3575,404.23264
3576,529.33026
3577,416.55994
3578,280.91074
3579,357.06424
3580,381.56473
3581,321.60056
3582,474.07153
3583,330.79373
3584,450.11047
3585,299.5486
3586,377.74384
3587,488.3299
3588,511.67242
3589,242.46426
3590,192.25745
3591,165.52695
3592,129.18733
3593,160.95718
3594,311.15997
3595,365.57147
3596,335.90048
3597,375.65442
3598,533.48285
3599,501.1976
3600,547.622
3601,517.48395
3602,285.16138
3603,580.2496
3604,350.4068
3605,340.32758
3606,457.86682
3607,642.88495
3608,544.6739
3609,566.57477
3610,532.0577
3611,482.6765
3612,656.936
3613,571.858
3614,591.7492
3615,740.568
3616,652.71265
3617,492.9075
3618,279.19693
3619,220.51158
3620,275.9299
3621,241.86052
3622,276.6392
3623,162.24628
3624,225.08774
3625,135.57796
3626,84.05391
3627,258.996
3628,287.56885
3629,405.61212
3630,370.66455
3631,390.1723
3632,331.19925
3633,378.84344
3634,269.53387
3635,320.71793
3636,277.35
3637,289.62674
3638,320.02722
3639,189.71786
3640,150.32347
3641,109.84529
3642,201.01459
3643,296.43103
3644,323.6561
3645,309.32233
3646,329.23004
3647,198.69084
3648,214.03633
3649,295.45984
3650,341.55273
3651,388.62024
3652,451.46756
3653,400.6663
3654,253.67337
3655,271.10242
3656,339.29868
3657,227.5109
3658,198.90137
3659,248.25002
3660,240.46902
3661,271.9612
3662,508.57755
3663,273.93384
3664,348.5201
3665,634.14496
3666,803.6745
3667,556.3142
3668,440.7348
3669,462.80038
3670,685.82587
3671,719.99164
3672,725.82056
3673,770.4916
3674,661.7323
3675,448.76886
3676,532.81287
3677,352.47632
3678,244.90254
3679,376.59982
3680,661.0345
3681,493.0936
3682,364.43826
3683,465.50784
3684,237.90611
3685,438.4449
3686,438.8496
3687,216.72733
3688,369.01056
3689,378.4971
3690,450.64166
3691,375.31165
3692,493.78403
3693,308.0273
3694,222.51704
3695,169.60957
3696,121.905846
3697,115.39882
3698,162.04057
3699,154.23752
3700,190.49765
3701,202.67575
3702,246.44917
3703,191.45175
3704,179.05975
3705,170.22202
3706,187.09538
3707,135.14766
3708,159.73317
3709,175.60594
3710,171.06125
3711,194.35944
3712,183.02437
3713,155.2728
3714,143.18033
3715,63.695755
3716,89.21386
3717,65.69284
3718,47.46301
3719,59.227226
3720,92.074524
3721,97.040695
3722,78.062706
3723,66.03254
3724,74.53651
3725,84.63186
3726,80.683426
3727,76.23779
3728,131.17265
3729,165.0671
3730,149.56071
3731,126.63952
3732,107.91603
3733,122.10583
3734,126.80699
3735,135.1688
3736,143.34163
3737,119.34163
3738,124.28268
3739,126.674995
3740,145.54088
3741,135.533
3742,104.097176
3743,100.38337
3744,124.11485
3745,159.5687
3746,168.42482
3747,163.33867
3748,175.13655
3749,206.86742
3750,204.16783
3751,195.57928
3752,193.32228
3753,150.4281
3754,133.23286
3755,182.47954
3756,209.87593
3757,179.13808
3758,206.07784
3759,196.80356
3760,206.41437
3761,234.06604
3762,216.30235
3763,193.96135
3764,173.41238
3765,183.66032
3766,177.2483
3767,179.93578
3768,244.17078
3769,298.55533
3770,302.29724
3771,297.3088
3772,326.1413
3773,334.1164
3774,377.59927
3775,439.9604
3776,405.51096
3777,299.46616
3778,289.4711
3779,238.49695
3780,256.67773
3781,290.84094
3782,430.4757
3783,271.911
3784,287.9355
3785,224.29294
3786,305.37732
3787,261.1888
3788,442.6026
3789,371.50378
3790,509.07043
3791,500.0602
3792,425.30087
3793,298.62473
3794,289.79474
3795,325.43466
3796,351.3198
3797,215.17863
3798,249.68773
3799,179.21526
3800,202.86235
3801,146.80673
3802,192.60165
3803,151.00331
3804,140.80457
3805,126.70562
3806,165.16231
3807,148.53485
3808,138.66028
3809,138.25223
3810,91.25531
3811,98.62757
3812,105.91904
3813,75.49045
3814,72.34898
3815,51.23631
3816,57.177532
3817,56.46595
3818,77.093124
3819,108.35776
3820,130.43965
3821,152.00435
3822,165.57866
3823,185.46959
3824,167.81007
3825,159.51237
3826,187.90408
3827,248.30507
3828,266.02127
3829,197.8876
3830,171.15904
3831,171.14047
3832,159.4177
3833,139.40443
3834,172.77483
3835,390.8872
3836,368.85208
3837,330.85333
3838,231.70769
3839,298.88458
3840,249.38527
3841,400.5744
3842,457.6451
3843,478.65164
3844,264.92474
3845,301.74084
3846,329.984
3847,395.88998
3848,324.2354
3849,302.87424
3850,302.91937
3851,281.20505
3852,319.122
3853,355.03674
3854,162.30042
3855,162.24597
3856,205.0596
3857,267.9672
3858,159.51883
3859,193.58649
3860,265.5428
3861,677.20703
3862,230.58023
3863,81.72694
3864,191.56544
3865,134.69646
3866,343.81387
3867,581.4728
3868,240.80013
3869,285.53638
3870,197.11131
3871,241.68712
3872,230.51448
3873,267.89905
3874,217.54796
3875,190.64027
3876,161.46132
3877,117.79842
3878,240.07619
3879,218.53577
3880,170.45421
3881,247.94762
3882,259.61224
3883,274.89868
3884,289.77026
3885,414.7792
3886,300.39886
3887,529.44946
3888,576.23285
3889,348.4956
3890,410.56888
3891,579.34125
3892,608.0193
3893,471.93604
3894,523.7199
3895,543.1016
3896,526.6387
3897,513.1812
3898,570.0781
3899,494.82446
3900,351.7546
3901,273.74484
3902,541.83777
3903,509.75018
3904,342.9655
3905,194.8055
3906,112.31644
3907,216.4911
3908,490.85043
3909,583.39935
3910,480.6071
3911,486.24792
3912,526.28674
3913,744.5072
3914,1019.6085
3915,841.53394
3916,690.04266
3917,628.5271
3918,920.0938
3919,731.09735
3920,801.75244
3921,609.7022
3922,697.41345
3923,490.98953
3924,668.7259
3925,535.995
3926,522.93005
3927,540.2426
3928,492.9839
3929,522.1619
3930,551.47235
3931,581.0685
3932,613.6735
3933,627.245
3934,748.4932
3935,625.5343
3936,683.35315
3937,934.6125
3938,608.822
3939,853.6623
3940,869.6344
3941,1021.23956
3942,571.3204
3943,479.44495
3944,146.3804
3945,75.32179
3946,75.35879
3947,87.62984
3948,123.31977
3949,118.76747
3950,149.46857
3951,175.79732
3952,166.84302
3953,123.2924
3954,144.14705
3955,289.77472
3956,193.53705
3957,131.70186
3958,166.4527
3959,164.6574
3960,192.44179
3961,214.78796
3962,187.23233
3963,205.27403
3964,180.67497
3965,175.46906
3966,245.63036
3967,259.28598
3968,343.43008
3969,251.0414
3970,153.79048
3971,190.10574
3972,200.0346
3973,157.16096
3974,113.96645
3975,122.79351
3976,86.45844
3977,53.301525
3978,88.07412
3979,51.848526
3980,24.575443
3981,38.205757
3982,40.571857
3983,54.87926
3984,54.882214
3985,67.04935
3986,68.648254
3987,109.16614
3988,81.732445
3989,106.19119
3990,116.37687
3991,97.10516
3992,66.3119
3993,77.08934
3994,67.670105
3995,59.779106
3996,47.07758
3997,39.168182
3998,39.183376
3999,41.269073
4000,61.201626
4001,34.08256
4002,50.33954
4003,38.55447
4004,27.941841
4005,56.267445
4006,65.45563
4007,58.25969
4008,43.46509
4009,46.759827
4010,52.786392
4011,73.24931
4012,78.26308
4013,93.1585
4014,86.96789
4015,116.57065
4016,95.67636
4017,107.08948
4018,129.54736
4019,169.01129
4020,208.93864
4021,177.96619
4022,312.57953
4023,402.88898
4024,376.45078
4025,314.8842
4026,404.1081
4027,341.5265
4028,446.4484
4029,308.95377
4030,196.08095
4031,181.2431
4032,150.30461
4033,75.87093
4034,109.94888
4035,220.79648
4036,293.1346
4037,384.0526
4038,227.76181
4039,40.699512
4040,-4.7009935
4041,-0.3147534
4042,-0.29187506
4043,-0.5429165
4044,23.729284
4045,184.73013
4046,107.69372
4047,46.82239
4048,20.465172
4049,16.255905
4050,-1.259788
4051,41.964886
4052,121.97847
4053,179.37875
4054,181.7432
4055,249.22446
4056,252.44666
4057,163.94829
4058,90.27108
4059,123.39668
4060,139.99255
4061,150.79413
4062,110.9756
4063,103.36093
4064,113.20671
4065,90.45001
4066,136.82304
4067,197.6258
4068,110.09486
4069,17.382479
4070,-0.61021364
4071,-4.050786
4072,-2.3650923
4073,-2.273969
4074,52.32644
4075,143.9704
4076,168.38246
4077,157.90042
4078,117.05523
4079,47.946175
4080,21.147211
4081,14.870386
4082,106.62157
4083,76.22416
4084,68.98199
4085,86.79382
4086,104.9073
4087,112.62636
4088,150.75981
4089,164.52287
4090,110.27275
4091,98.66715
4092,113.861595
4093,96.50764
4094,146.26894
4095,123.14641
4096,148.51468
4097,170.24214
4098,343.93564
4099,328.47488
4100,296.4197
4101,292.5769
4102,245.222
4103,188.37921
4104,139.29921
4105,73.8759
4106,59.405167
4107,123.94468
4108,157.5546
4109,195.75719
4110,226.50595
4111,193.82683
4112,209.92609
4113,246.3422
4114,262.42136
4115,252.98447
4116,268.90338
4117,187.09444
4118,214.95392
4119,259.13855
4120,239.66379
4121,247.46083
4122,272.36142
4123,177.48729
4124,203.44762
4125,315.18973
4126,457.35257
4127,650.50195
4128,555.8353
4129,491.66266
4130,374.30927
4131,386.9443
4132,351.03244
4133,476.6488
4134,497.95145
4135,455.0677
4136,447.3166
4137,379.75787
4138,327.01935
4139,270.6571
4140,204.41359
4141,263.65494
4142,239.09962
4143,201.28773
4144,299.64645
4145,322.43582
4146,303.42358
4147,259.7926
4148,248.05936
4149,270.299
4150,278.67007
4151,239.26408
4152,287.73047
4153,416.3381
4154,275.99097
4155,129.3213
4156,201.19768
4157,320.6813
4158,256.34436
4159,187.04582
4160,201.35295
4161,253.46191
4162,277.9997
4163,278.49133
4164,351.49765
4165,326.6098
4166,306.35556
4167,204.98102
4168,166.00647
4169,174.2343
4170,128.3991
4171,117.04026
4172,104.8512
4173,114.76043
4174,152.09943
4175,104.05604
4176,59.767372
4177,121.12161
4178,109.98969
4179,144.22003
4180,165.41203
4181,197.29271
4182,191.17047
4183,182.05827
4184,209.92674
4185,258.1668
4186,328.96045
4187,309.7421
4188,288.38464
4189,391.08627
4190,324.5197
4191,246.53134
4192,288.12384
4193,395.5675
4194,460.57297
4195,414.96136
4196,341.53888
4197,381.50473
4198,440.5632
4199,356.21503
4200,289.9207
4201,306.79007
4202,381.48685
4203,170.89967
4204,68.71164
4205,114.35256
4206,121.79143
4207,72.92936
4208,116.51501
4209,292.46396
4210,374.50504
4211,479.0486
4212,460.05002
4213,578.4215
4214,526.04395
4215,508.01447
4216,337.1914
4217,303.48938
4218,334.84586
4219,298.2191
4220,430.17804
4221,359.01077
4222,335.02118
4223,309.93442
4224,428.19922
4225,422.83688
4226,432.9373
4227,500.86423
4228,399.5251
4229,225.73712
4230,203.55188
4231,169.28659
4232,270.71555
4233,262.7094
4234,225.1841
4235,150.3151
4236,104.11183
4237,120.07739
4238,75.138
4239,18.472565
4240,69.63209
4241,49.82662
4242,82.80493
4243,98.73727
4244,50.37525
4245,50.90963
4246,48.27947
4247,83.544975
4248,50.58019
4249,39.418083
4250,120.94488
4251,139.3815
4252,195.21875
4253,210.58862
4254,224.84666
4255,164.55963
4256,203.86198
4257,266.33798
4258,283.23413
4259,230.98497
4260,317.80908
4261,365.0814
4262,407.90442
4263,487.1408
4264,521.8752
4265,457.8463
4266,461.8864
4267,444.20862
4268,474.84912
4269,514.3621
4270,488.82697
4271,432.09317
4272,305.47504
4273,340.4887
4274,349.34012
4275,424.97452
4276,387.8961
4277,446.28543
4278,524.54706
4279,679.8377
4280,526.70013
4281,363.4152
4282,386.91385
4283,345.38013
4284,568.1221
4285,573.7752
4286,520.2616
4287,561.8469
4288,373.9963
4289,364.4242
4290,355.74442
4291,361.79556
4292,531.6957
4293,617.4702
4294,651.612
4295,852.39526
4296,785.78064
4297,863.9713
4298,700.7223
4299,678.4205
4300,681.3182
4301,682.8453
4302,602.68274
4303,623.88727
4304,603.475
4305,497.58328
4306,537.6849
4307,495.39505
4308,572.123
4309,690.98474
4310,876.4781
4311,1087.8081
4312,713.7968
4313,641.1955
4314,866.2217
4315,760.3734
4316,662.6335
4317,773.68115
4318,587.9003
4319,497.1975
4320,597.4672
4321,733.18896
4322,722.39
4323,541.1031
4324,466.11328
4325,412.93994
4326,346.17297
4327,439.51385
4328,576.1993
4329,687.2113
4330,1122.9537
4331,1235.888
4332,1026.8959
4333,969.4033
4334,1052.2166
4335,1078.9415
4336,987.34735
4337,778.02124
4338,1040.5144
4339,849.8142
4340,713.4848
4341,679.5516
4342,674.93256
4343,626.2481
4344,559.24786
4345,406.8913
4346,375.44147
4347,572.2088
4348,535.92145
4349,595.2216
4350,484.15192
4351,626.79535
4352,651.0181
4353,612.9091
4354,582.0109
4355,483.55435
4356,547.1888
4357,489.09744
4358,476.78955
4359,474.8235
4360,361.5835
4361,426.34872
4362,506.08276
4363,437.6923
4364,396.4343
4365,113.77649
4366,504.17676
4367,406.3441
4368,534.13336
4369,354.04596
4370,470.93503
4371,424.14523
4372,375.65363
4373,493.1993
4374,607.11304
4375,602.7207
4376,680.3123
4377,729.10876
4378,726.96173
4379,692.3598
4380,640.82495
4381,769.15643
4382,620.4312
4383,500.82425
4384,517.06287
4385,446.08304
4386,499.25436
4387,507.9661
4388,451.4961
4389,539.8875
4390,569.5917
4391,646.5728
4392,567.5078
4393,605.78094
4394,604.911
4395,426.08673
4396,596.68024
4397,483.70084
4398,493.17056
4399,573.30554
4400,575.09766
4401,550.7626
4402,479.7614
4403,529.4727
4404,504.46512
4405,533.8797
4406,481.9022
4407,522.4636
4408,482.96347
4409,449.79144
4410,538.34503
4411,581.6543
4412,595.6877
4413,538.10815
4414,548.09454
4415,698.0789
4416,751.4752
4417,512.0799
4418,507.41812
4419,489.87564
4420,422.59348
4421,405.30417
4422,394.58533
4423,442.7388
4424,567.84937
4425,593.4163
4426,477.12723
4427,401.0957
4428,300.8681
4429,336.0546
4430,325.33932
4431,355.32715
4432,276.61945
4433,229.7622
4434,300.39127
4435,277.11758
4436,199.6332
4437,206.09418
4438,218.55644
4439,247.88177
4440,265.84317
4441,373.95453
4442,383.34515
4443,417.15454
4444,412.10434
4445,412.0192
4446,429.23087
4447,365.68472
4448,361.75992
4449,432.8274
4450,495.10504
4451,542.6261
4452,590.6236
4453,486.86993
4454,499.02502
4455,418.29874
4456,488.41772
4457,450.6712
4458,353.20993
4459,341.36768
4460,319.07993
4461,335.51813
4462,318.7912
4463,332.13095
4464,360.29987
4465,309.0644
4466,270.78137
4467,276.9829
4468,239.60919
4469,238.68839
4470,255.99167
4471,288.8454
4472,440.4256
4473,489.92407
4474,429.87573
4475,418.85284
4476,472.3124
4477,442.0949
4478,364.25067
4479,344.40182
4480,348.25974
4481,428.7107
4482,421.09775
4483,584.91705
4484,436.03088
4485,494.227
4486,542.12866
4487,413.97034
4488,336.34982
4489,330.6329
4490,322.84027
4491,291.42358
4492,301.62775
4493,276.33496
4494,289.0701
4495,326.7316
4496,303.2733
4497,303.1002
4498,234.9091
4499,185.55287
4500,211.99196
4501,257.5692
4502,303.4124
4503,303.48624
4504,273.2467
4505,250.82916
4506,186.37476
4507,177.78888
4508,166.80966
4509,175.56587
4510,174.90433
4511,148.22542
4512,104.01953
4513,62.727222
4514,60.986317
4515,27.22453
4516,35.728817
4517,40.95302
4518,30.506891
4519,54.959873
4520,41.387238
4521,78.72453
4522,103.821266
4523,86.365234
4524,47.830204
4525,44.093033
4526,6.8597465
4527,-0.45052576
4528,-0.4713067
4529,-0.4846755
4530,-0.50963354
4531,-0.47278383
4532,-0.49163795
4533,-0.336646
4534,-0.15951523
4535,-0.14858864
4536,-0.18510944
4537,-0.22114591
4538,-0.18614958
4539,-0.19425371
4540,-0.10948005
4541,-0.13679312
4542,-0.15772988
4543,-0.17738809
4544,-0.15256327
4545,-0.14903606
4546,-0.17139387
4547,-0.25436798
4548,-0.24836197
4549,-0.24896407
4550,-0.25635755
4551,-0.2987162
4552,-0.29439786
4553,-0.29477543
4554,-0.31419948
4555,-0.32102856
4556,-0.32116193
4557,-0.31483343
4558,-0.30952132
4559,-0.31000796
4560,-0.29363254
4561,-0.2845078
4562,-0.28566957
4563,-0.27186903
4564,-0.26130483
4565,-0.27287996
4566,-0.28708676
4567,-0.27359888
4568,-0.2624726
4569,-0.34040746
4570,-0.3030429
4571,-0.28891575
4572,-0.25142366
4573,-0.22822952
4574,-0.4858661
4575,-0.5752669
4576,-0.79619336
4577,-0.6206375
4578,-0.28796065
4579,-0.31493533
4580,-0.29735038
4581,-0.30929482
4582,-0.30070755
4583,-0.38884148
4584,-0.305324
4585,-0.39795634
4586,-0.3816386
4587,-0.32315752
4588,-0.34128582
4589,-0.61497074
4590,-0.42344126
4591,-0.68017095
4592,-0.36626732
4593,-0.36434546
4594,-0.40400562
4595,-0.5878999
4596,31.737001
4597,24.348978
4598,17.265162
4599,15.688719
4600,23.937498
4601,29.13312
4602,18.846952
4603,25.068398
4604,22.15947
4605,41.837505
4606,104.31909
4607,112.8428
4608,68.745285
4609,47.142284
4610,71.80297
4611,35.21955
4612,15.8410425
4613,16.173008
4614,-4.993072
4615,3.8856742
4616,24.24912
4617,40.149845
4618,22.45532
4619,3.9273264
4620,-5.4249873
4621,25.437052
4622,43.461334
4623,26.578953
4624,17.974482
4625,16.09728
4626,24.059315
4627,53.1141
4628,51.898724
4629,54.45037
4630,30.53944
4631,44.7992
4632,76.02445
4633,92.42507
4634,89.352104
4635,67.976746
4636,100.04898
4637,173.10939
4638,149.6776
4639,131.95898
4640,133.94551
4641,117.99388
4642,128.4451
4643,140.78685
4644,121.936356
4645,108.75183
4646,146.14052
4647,120.03741
4648,125.69751
4649,103.12777
4650,59.051918
4651,109.09114
4652,234.40778
4653,180.29555
4654,78.46273
4655,166.89824
4656,96.65896
4657,139.33025
4658,129.34668
4659,140.91568
4660,162.59381
4661,191.70918
4662,183.42365
4663,147.44125
4664,95.6752
4665,184.80023
4666,181.02466
4667,245.71658
4668,201.67293
4669,262.06644
4670,245.79323
4671,271.56247
4672,315.86908
4673,213.09119
4674,265.43536
4675,162.73416
4676,151.01224
4677,183.5898
4678,258.00745
4679,391.74713
4680,358.0235
4681,543.3562
4682,366.27737
4683,478.4152
4684,701.8616
4685,687.26904
4686,384.7207
4687,427.04797
4688,484.23654
4689,352.32996
4690,367.9923
4691,260.63712
4692,309.6746
4693,346.94388
4694,361.56915
4695,377.33398
4696,420.39288
4697,508.64072
4698,398.3707
4699,330.93207
4700,297.6251
4701,503.48306
4702,354.0952
4703,311.35138
4704,311.86124
4705,244.78621
4706,201.84169
4707,230.17604
4708,302.85034
4709,331.1107
4710,301.2638
4711,224.86728
4712,468.52576
4713,449.17606
4714,327.27338
4715,201.6161
4716,105.55292
4717,129.35902
4718,109.12206
4719,131.76598
4720,120.9117
4721,121.08477
4722,96.42983
4723,133.69518
4724,122.97967
4725,159.02863
4726,160.3766
4727,157.43968
4728,146.82048
4729,123.074135
4730,147.68236
4731,136.81038
4732,88.094955
4733,205.14139
4734,256.9518
4735,225.87271
4736,157.64952
4737,127.687645
4738,163.33685
4739,264.58704
4740,243.92323
4741,263.45667
4742,227.18301
4743,304.8992
4744,271.36356
4745,325.41483
4746,301.13174
4747,248.43579
4748,386.80685
4749,461.79297
4750,401.90085
4751,342.6275
4752,342.5859
4753,314.99734
4754,288.09933
4755,248.66402
4756,194.36357
4757,252.366
4758,386.70612
4759,305.08325
4760,155.69356
4761,206.81242
4762,389.23807
4763,750.09894
4764,955.5034
4765,792.36914
4766,638.6334
4767,451.9643
4768,477.7962
4769,554.36487
4770,615.219
4771,664.1389
4772,752.2161
4773,602.5139
4774,491.7481
4775,624.5872
4776,369.86777
4777,520.5337
4778,434.56314
4779,664.81757
4780,691.35504
4781,584.8201
4782,751.58887
4783,647.34326
4784,830.1965
4785,666.5084
4786,627.4753
4787,467.7853
4788,422.1871
4789,457.9722
4790,486.9876
4791,971.92584
4792,1000.74133
4793,885.249
4794,708.5352
4795,1118.3281
4796,1544.6428
4797,1215.9485
4798,1532.6602
4799,1384.9547
4800,1385.3457
4801,1594.8967
4802,1991.5054
4803,1584.1686
4804,1119.6215
4805,1234.8398
4806,1567.6033
4807,1140.3165
4808,1256.7639
4809,1026.7241
4810,1445.228
4811,1768.4697
4812,1606.8146
4813,1867.8876
4814,1574.9194
4815,1488.6134
4816,971.9819
4817,873.43695
4818,946.13165
4819,743.55145
4820,891.0485
4821,806.59735
4822,736.0333
4823,895.8397
4824,804.85394
4825,694.89996
4826,607.90283
4827,585.18567
4828,679.8074
4829,831.48517
4830,657.5693
4831,699.9797
4832,648.3789
4833,753.8915
4834,928.8372
4835,776.37787
4836,689.1085
4837,612.19183
4838,762.57135
4839,754.55414
4840,916.36194
4841,978.3693
4842,945.73785
4843,1037.7866
4844,1039.8799
4845,848.155
4846,729.30664
4847,717.407
4848,602.06024
4849,501.75198
4850,503.5944
4851,382.9076
4852,559.51587
4853,727.7579
4854,738.66705
4855,733.24084
4856,901.12396
4857,1492.138
4858,1359.7706
4859,1485.6375
4860,1452.5603
4861,1616.2617
4862,1265.3704
4863,924.1921
4864,1005.59216
4865,1002.3941
4866,913.4154
4867,774.5864
4868,851.75854
4869,801.5774
4870,757.11774
4871,918.6574
4872,599.88367
4873,495.6511
4874,644.5817
4875,1076.3833
4876,902.8524
4877,1018.78174
4878,1699.1227
4879,1328.4398
4880,581.8755
4881,663.80835
4882,664.0731
4883,577.3808
4884,961.5611
4885,812.28015
4886,888.305
4887,635.15704
4888,481.69757
4889,455.02658
4890,419.8726
4891,467.55457
4892,300.04822
4893,382.86795
4894,443.00262
4895,338.71365
4896,390.10666
4897,316.3249
4898,334.69733
4899,398.38513
4900,383.17178
4901,461.96555
4902,399.53107
4903,473.85272
4904,487.71075
4905,571.8451
4906,526.25635
4907,687.53076
4908,623.34033
4909,519.1952
4910,735.9169
4911,739.22205
4912,629.889
4913,769.8313
4914,557.09796
4915,331.52725
4916,339.2343
4917,505.48242
4918,359.90717
4919,465.61044
4920,563.9713
4921,664.63464
4922,436.41544
4923,395.1029
4924,568.4798
4925,399.1559
4926,533.23096
4927,271.98398
4928,441.82233
4929,570.1436
4930,400.28256
4931,209.49043
4932,275.10907
4933,341.0453
4934,531.826
4935,325.64645
4936,451.34576
4937,415.1452
4938,524.61884
4939,522.8756
4940,149.76962
4941,130.38136
4942,362.93954
4943,181.06868
4944,236.6555
4945,554.49835
4946,507.7952
4947,660.43054
4948,446.48697
4949,352.04962
4950,587.1255
4951,574.50775
4952,343.20172
4953,523.5539
4954,604.2611
4955,506.43396
4956,948.86426
4957,525.5524
4958,994.614
4959,522.77856
4960,524.2087
4961,390.2207
4962,684.4561
4963,485.29825
4964,874.25464
4965,873.74115
4966,1287.4176
4967,1263.8146
4968,1286.6022
4969,734.30963
4970,846.84076
4971,1174.25
4972,1083.8127
4973,1223.9198
4974,1434.239
4975,1402.5161
4976,1870.346
4977,1830.5125
4978,1827.9083
4979,1817.5693
4980,1567.6091
4981,1558.6724
4982,1422.0858
4983,1384.1776
4984,1555.715
4985,1612.8411
4986,1569.9415
4987,1746.2922
4988,1713.2839
4989,1828.6941
4990,1740.5623
4991,1918.9972
4992,1765.0225
4993,1764.2135
4994,1491.4845
4995,1542.359
4996,1612.0363
4997,1808.984
4998,1533.7284
4999,1652.2007
5000,1570.2811
5001,1571.4934
5002,1666.9712
5003,1777.9543
5004,1548.2838
5005,1494.3438
5006,1492.9436
5007,1461.09
5008,1086.3221
5009,1099.4696
5010,1190.941
5011,1227.1034
5012,1046.6272
5013,933.34436
5014,920.6558
5015,841.5532
5016,690.37616
5017,1160.5204
5018,797.6736
5019,794.54156
5020,546.8727
5021,281.92758
5022,269.2516
5023,456.12946
5024,308.1322
5025,262.50803
5026,255.08499
5027,368.75104
5028,534.505
5029,780.65424
5030,604.7197
5031,545.35516
5032,681.09827
5033,517.4039
5034,322.44916
5035,256.05212
5036,466.38828
5037,430.51074
5038,425.56525
5039,370.9323
5040,363.06805
5041,370.52832
5042,437.4912
5043,447.77106
5044,491.69025
5045,592.2708
5046,689.886
5047,568.8031
5048,667.5665
5049,653.9357
5050,355.43558
5051,362.19476
5052,441.5131
5053,1039.3846
5054,1240.2903
5055,1338.894
5056,1138.1665
5057,1108.8646
5058,1486.258
5059,1076.3611
5060,1624.6367
5061,1726.9447
5062,1500.0088
5063,1785.6799
5064,1782.141
5065,1767.7548
5066,1624.1431
5067,1680.8894
5068,1433.0981
5069,1366.9426
5070,1644.6849
5071,1303.671
5072,1479.7737
5073,1585.6837
5074,1205.528
5075,1440.7501
5076,1532.5842
5077,1536.257
5078,1284.3157
5079,1219.8109
5080,1207.0745
5081,1188.0884
5082,1273.2177
5083,1171.4111
5084,1043.2302
5085,1564.6506
5086,1449.3317
5087,1806.8588
5088,1649.353
5089,1401.7446
5090,1458.4592
5091,1216.0525
5092,1527.5461
5093,1641.759
5094,1789.8147
5095,1973.8394
5096,1941.8954
5097,2013.42
5098,1869.9473
5099,1870.1079
5100,1903.4335
5101,2010.937
5102,1932.2662
5103,1924.134
5104,1817.3666
5105,1474.0443
5106,1739.3977
5107,1514.327
5108,1773.1075
5109,1680.2805
5110,1899.6162
5111,2029.5283
5112,1976.5387
5113,1816.6772
5114,1903.8623
5115,1836.5477
5116,1886.4869
5117,1895.8755
5118,1925.8815
5119,1881.9431
5120,1872.2489
5121,1758.1938
5122,1898.8938
5123,1859.3983
5124,1576.9808
5125,1874.7817
5126,1286.6979
5127,1301.0829
5128,1221.9475
5129,1588.3356
5130,1385.6722
5131,1355.4186
5132,1506.4324
5133,1454.7665
5134,905.2411
5135,1301.1028
5136,1670.3738
5137,1490.7582
5138,1258.9921
5139,891.92017
5140,1179.4003
5141,1677.3094
5142,1449.3947
5143,1520.9121
5144,1351.4839
5145,1193.4426
5146,1150.5328
5147,730.7309
5148,504.01846
5149,223.2406
5150,408.60977
5151,347.7759
5152,374.80057
5153,508.4837
5154,521.7473
5155,587.29706
5156,534.87866
5157,604.975
5158,845.4509
5159,774.5333
5160,630.7906
5161,537.5512
5162,632.49316
5163,501.9169
5164,416.3392
5165,387.6027
5166,255.85098
5167,223.81883
5168,321.637
5169,441.30075
5170,215.65054
5171,190.89526
5172,247.43538
5173,308.67755
5174,366.0363
5175,282.73892
5176,157.82494
5177,64.06563
5178,114.75604
5179,234.52928
5180,406.98483
5181,567.8059
5182,395.41882
5183,467.1858
5184,631.84906
5185,423.56042
5186,244.7081
5187,117.76471
5188,113.1716
5189,113.03744
5190,44.361855
5191,27.240492
5192,29.78412
5193,34.362247
5194,70.41663
5195,29.116676
5196,54.76849
5197,183.47879
5198,222.1009
5199,198.15582
5200,252.185
5201,230.52393
5202,312.4435
5203,468.60544
5204,408.13196
5205,575.57434
5206,491.10287
5207,498.13666
5208,602.49677
5209,433.38278
5210,390.82056
5211,527.0296
5212,404.61182
5213,513.8422
5214,425.58554
5215,425.71683
5216,297.49152
5217,292.62534
5218,280.58185
5219,444.0839
5220,233.18565
5221,248.0079
5222,470.53802
5223,551.7144
5224,451.10443
5225,518.80835
5226,436.305
5227,253.45384
5228,202.48448
5229,153.76186
5230,120.48446
5231,162.51993
5232,212.22812
5233,257.36917
5234,243.00043
5235,115.396355
5236,120.69906
5237,102.211136
5238,66.98057
5239,38.84891
5240,90.87586
5241,51.123325
5242,92.17581
5243,99.845146
5244,101.06688
5245,34.2481
5246,39.400757
5247,12.573148
5248,-0.3722522
5249,51.63736
5250,122.28136
5251,89.867065
5252,109.3934
5253,92.55086
5254,177.12177
5255,163.72711
5256,76.367004
5257,57.906097
5258,40.15352
5259,78.23407
5260,124.77194
5261,120.667
5262,128.65677
5263,61.548557
5264,16.193144
5265,-3.5589035
5266,-0.12957753
5267,-0.042086694
5268,-0.10268866
5269,-0.08232286
5270,-0.08655881
5271,-0.19730447
5272,-0.12641852
5273,-0.12890406
5274,-0.13755317
5275,-0.15498497
5276,-0.169125
5277,-0.19051784
5278,-0.23008154
5279,-0.20838806
5280,-0.19204527
5281,-0.18347602
5282,-0.20169373
5283,-0.1438458
5284,-0.46893436
5285,-0.66127735
5286,30.706793
5287,0.08045046
5288,18.797453
5289,-3.1816044
5290,-0.39447314
5291,-0.513323
5292,57.126587
5293,202.43913
5294,296.1398
5295,457.6205
5296,327.01428
5297,172.13734
5298,179.03065
5299,228.84613
5300,201.56886
5301,144.33636
5302,206.14394
5303,147.32318
5304,346.69266
5305,343.16428
5306,235.43524
5307,216.78706
5308,289.58063
5309,285.27325
5310,235.50925
5311,217.7091
5312,172.80386
5313,162.00551
5314,181.2761
5315,222.11783
5316,159.67203
5317,162.69913
5318,219.56783
5319,279.77136
5320,269.6342
5321,243.78934
5322,274.17502
5323,356.5574
5324,344.96268
5325,381.5402
5326,390.54062
5327,340.82925
5328,345.75153
5329,233.4936
5330,323.3133
5331,198.2509
5332,271.89807
5333,146.9715
5334,88.045425
5335,135.11203
5336,210.62349
5337,170.58775
5338,230.63252
5339,215.66026
5340,185.54362
5341,101.0122
5342,91.02217
5343,9.040403
5344,25.926052
5345,4.5533094
5346,28.923767
5347,84.30638
5348,124.0638
5349,108.9151
5350,61.21963
5351,32.709354
5352,32.475346
5353,89.28234
5354,51.5976
5355,-5.0114164
5356,56.515476
5357,13.002868
5358,24.548372
5359,86.280106
5360,172.25327
5361,146.43222
5362,164.51253
5363,117.623566
5364,154.58232
5365,312.86743
5366,606.79047
5367,655.83813
5368,484.58798
5369,486.75748
5370,266.20377
5371,37.048157
5372,-1.419958
5373,-1.0446148
5374,87.60602
5375,105.63281
5376,112.32457
5377,83.42599
5378,74.965324
5379,33.399574
5380,28.978683
5381,47.736877
5382,2.3136268
5383,-0.3401733
5384,-0.5199153
5385,-0.3121699
5386,-0.3735697
5387,-0.30526698
5388,-0.22724065
5389,-0.08766226
5390,-0.09044256
5391,-0.049964674
5392,-0.15225857
5393,-0.14253533
5394,-0.2504495
5395,-0.21893282
5396,-0.30775926
5397,-0.42929503
5398,-0.2185976
5399,-0.20520882
5400,-0.20577215
5401,-0.40202555
5402,-0.4839711
5403,-0.55725586
5404,-0.5782035
5405,-0.4732704
5406,-0.31600863
5407,-0.21205015
5408,-0.23253201
5409,-0.25709966
5410,-0.32932514
5411,101.84668
5412,106.337456
5413,71.80725
5414,92.00772
5415,73.84824
5416,54.277622
5417,72.104675
5418,39.883137
5419,11.114571
5420,-0.17090714
5421,0.78068787
5422,-3.4824657
5423,-0.38758087
5424,-0.2288784
5425,-0.3761502
5426,5.2279387
5427,13.336414
5428,70.87007
5429,71.80655
5430,63.11965
5431,5.093126
5432,27.725786
5433,52.972553
5434,24.167496
5435,-6.820621
5436,-4.0327578
5437,-0.64368737
5438,-0.49870366
5439,-0.41230473
5440,-0.35531002
5441,-0.25522092
5442,-0.225443
5443,-0.25644535
5444,-0.25313982
5445,-0.24842304
5446,-0.2739861
5447,-0.22621404
5448,-0.22411646
5449,-0.25871575
5450,-0.26453492
5451,-0.23409045
5452,-0.22438996
5453,-0.23166534
5454,-0.29844952
5455,-0.3692503
5456,-0.4625209
5457,-0.55795574
5458,-1.0265123
5459,-0.84244454
5460,-0.80210227
5461,-0.8199066
5462,-0.8171894
5463,-0.81881815
5464,-0.70477027
5465,-0.5816247
5466,-0.6127416
5467,-0.33802265
5468,-0.3659881
5469,-0.5016164
5470,-0.7485213
5471,-0.71660286
5472,-0.6655355
5473,-0.7175585
5474,-0.7135437
5475,-0.65558594
5476,60.93956
5477,97.219635
5478,65.07354
5479,35.118603
5480,46.69769
5481,117.14818
5482,79.55706
5483,185.77972
5484,177.64638
5485,97.24287
5486,134.49387
5487,248.13817
5488,145.42914
5489,109.9892
5490,76.32731
5491,109.09641
5492,140.90561
5493,199.18777
5494,231.28914
5495,184.37079
5496,266.82544
5497,219.004
5498,172.67363
5499,148.30783
5500,164.31773
5501,175.70013
5502,101.48201
5503,45.652542
5504,78.89347
5505,242.47968
5506,317.1665
5507,400.35233
5508,362.44852
5509,191.92421
5510,186.82533
5511,130.54028
5512,87.393364
5513,49.36068
5514,151.42004
5515,143.7403
5516,82.24388
5517,121.39839
5518,111.047295
5519,117.27967
5520,84.212746
5521,44.95737
5522,59.05004
5523,56.024384
5524,141.4974
5525,180.11989
5526,176.5613
5527,157.33284
5528,119.6962
5529,77.898605
5530,63.624454
5531,69.17852
5532,66.22969
5533,49.113377
5534,20.748602
5535,36.53856
5536,14.468633
5537,-4.4595294
5538,-2.382108
5539,-2.3986034
5540,-2.3787637
5541,-2.3795712
5542,-2.1744308
5543,-1.555386
5544,-1.3594851
5545,-1.1076131
5546,-0.8856886
5547,-0.6598664
5548,-0.52072483
5549,-0.5066154
5550,-0.49368656
5551,-0.46964067
5552,-0.48149037
5553,-0.4657544
5554,-0.3779675
5555,-0.27177492
5556,-0.39350745
5557,-0.45220992
5558,-0.3722558
5559,-0.24943055
5560,-0.23867245
5561,-0.22505993
5562,-0.27944538
5563,-0.29061535
5564,-0.5521006
5565,-0.79323477
5566,-0.68873084
5567,-0.62596005
5568,-0.61825055
5569,-0.5194287
5570,-0.61175466
5571,-0.61257625
5572,-0.6167376
5573,-0.60092545
5574,-0.33267242
5575,-0.6375178
5576,-0.64601064
5577,-0.65578645
5578,-0.5659235
5579,-0.6034046
5580,-0.5816613
5581,-0.29276675
5582,-0.30312645
5583,-0.30948198
5584,-0.37682253
5585,-0.66443205
5586,-0.82504344
5587,29.482944
5588,94.94572
5589,26.942535
5590,23.546597
5591,9.585642
5592,-0.73771733
5593,5.4185896
5594,17.401655
5595,24.616514
5596,18.49559
5597,0.7974553
5598,8.360652
5599,23.636637
5600,36.90859
5601,42.22029
5602,38.895245
5603,0.81904477
5604,10.59019
5605,22.055676
5606,65.34448
5607,45.663525
5608,14.66251
5609,4.6268506
5610,18.105589
5611,43.430027
5612,49.905388
5613,42.60522
5614,112.37451
5615,124.03473
5616,83.920815
5617,51.768787
5618,51.497173
5619,30.693378
5620,13.285015
5621,16.67272
5622,-0.60149235
5623,-3.7534776
5624,-0.4742825
5625,-0.50585824
5626,-0.4372119
5627,-0.33788195
5628,-0.10684149
5629,-0.15307617
5630,-0.20274644
5631,-0.2498933
5632,-0.22812195
5633,-0.23393135
5634,-0.20132883
5635,-0.24059242
5636,-0.24059242
5637,-0.2833955
5638,-0.41670522
5639,-0.4658286
5640,-0.3783933
5641,-0.55611014
5642,-0.46531874
5643,-0.4592145
5644,-0.45372406
5645,-0.49321565
5646,-0.42707562
5647,-0.5665748
5648,-0.56802404
5649,-0.65255123
5650,-0.5306945
5651,-0.3302484
5652,-0.57362604
5653,-0.55581486
5654,-0.26913306
5655,-0.33105063
5656,-0.31191027
5657,-0.34111825
5658,-0.49242288
5659,-0.48348194
5660,-0.47835526
5661,-0.5805937
5662,-0.57464546
5663,-0.5282306
5664,-0.5373777
5665,-0.5331165
5666,-0.57556844
5667,-0.56950456
5668,-0.6426675
5669,-0.5468989
5670,-0.5338621
5671,-0.5242667
5672,-0.58117414
5673,-0.5996642
5674,-0.5342919
5675,-0.54697526
5676,-0.5820604
5677,-0.5548892
5678,-0.5508561
5679,-0.61573917
5680,-0.54800814
5681,15.964743
5682,44.046394
5683,9.812278
5684,8.878469
5685,17.806269
5686,44.28438
5687,30.38573
5688,8.47019
5689,-2.8366785
5690,-0.54238373
5691,-0.51541334
5692,-0.5461714
5693,-0.6132304
5694,-0.5524485
5695,-0.35778755
5696,1.5593777
5697,29.246283
5698,65.16949
5699,67.83965
5700,94.9605
5701,44.3995
5702,130.9074
5703,87.02
5704,74.62578
5705,48.182064
5706,57.418976
5707,63.247097
5708,57.75116
5709,128.9904
5710,171.69772
5711,117.181366
5712,97.44119
5713,69.124374
5714,66.814995
5715,55.513668
5716,73.168304
5717,67.811966
5718,154.98468
5719,117.4669
5720,122.18476
5721,63.978256
5722,55.494926
5723,57.875347
5724,56.805176
5725,65.13572
5726,113.20574
5727,160.8007
5728,152.91472
5729,96.776054
5730,115.497246
5731,97.47672
5732,109.57231
5733,148.1892
5734,211.00931
5735,259.4077
5736,205.28064
5737,233.07727
5738,283.61093
5739,401.92953
5740,463.65717
5741,416.2583
5742,494.0424
5743,500.6414
5744,508.55322
5745,541.7351
5746,606.6847
5747,533.12555
5748,523.187
5749,516.4569
5750,658.8051
5751,659.9621
5752,547.4972
5753,520.91516
5754,473.06393
5755,362.59753
5756,349.90253
5757,333.7947
5758,329.6108
5759,395.00833
5760,385.8975
5761,311.9258
5762,323.46777
5763,379.73853
5764,367.9083
5765,451.55988
5766,459.53592
5767,451.59436
5768,400.80984
5769,394.95813
5770,315.7438
5771,325.63342
5772,325.13895
5773,483.84314
5774,464.76456
5775,412.04327
5776,325.96307
5777,386.6164
5778,326.59555
5779,331.3243
5780,309.99573
5781,389.25812
5782,473.1823
5783,642.0079
5784,541.4049
5785,434.03094
5786,423.6572
5787,374.05075
5788,300.49738
5789,234.52116
5790,202.86235
5791,168.22401
5792,149.1544
5793,137.79747
5794,124.71282
5795,215.91544
5796,99.29217
5797,114.71902
5798,142.38297
5799,199.25488
5800,353.5165
5801,260.45404
5802,256.94046
5803,360.31235
5804,370.10336
5805,325.8174
5806,453.2773
5807,484.24963
5808,642.19836
5809,595.6335
5810,569.0744
5811,1150.5338
5812,1213.2153
5813,810.7749
5814,604.6686
5815,787.5822
5816,679.2571
5817,713.95013
5818,655.4436
5819,533.06024
5820,816.8828
5821,508.83908
5822,777.98065
5823,628.4838
5824,984.67535
5825,750.44434
5826,557.251
5827,404.58066
5828,523.7415
5829,352.0487
5830,602.08295
5831,455.92624
5832,422.11545
5833,430.31537
5834,480.1186
5835,705.70166
5836,540.7984
5837,741.986
5838,643.2574
5839,527.0023
5840,568.1581
5841,674.2328
5842,703.27423
5843,559.201
5844,523.1119
5845,483.82083
5846,404.6253
5847,432.91522
5848,382.39783
5849,428.0302
5850,315.2851
5851,405.18185
5852,310.54062
5853,224.68973
5854,238.85411
5855,258.4004
5856,380.073
5857,459.87863
5858,359.11758
5859,343.88373
5860,327.40277
5861,226.89397
5862,193.54207
5863,221.70929
5864,148.951
5865,164.8684
5866,143.47963
5867,129.3041
5868,115.18599
5869,124.54773
5870,89.38172
5871,125.41894
5872,95.21339
5873,164.91248
5874,156.26537
5875,148.88011
5876,168.55363
5877,151.37045
5878,153.74536
5879,216.95569
5880,156.03474
5881,135.76147
5882,189.46013
5883,231.4492
5884,192.1714
5885,177.8315
5886,177.93971
5887,124.72832
5888,124.54979
5889,98.96369
5890,97.35696
5891,99.5953
5892,92.19617
5893,91.44169
5894,113.52406
5895,140.76987
5896,188.81633
5897,174.75217
5898,164.13928
5899,169.50859
5900,133.34818
5901,146.35703
5902,144.10596
5903,138.44937
5904,109.32403
5905,48.622486
5906,69.09766
5907,50.620335
5908,63.42118
5909,70.95212
5910,49.583782
5911,58.589798
5912,40.15879
5913,63.85484
5914,52.301968
5915,26.20688
5916,64.24102
5917,85.37522
5918,73.63243
5919,95.649185
5920,101.96674
5921,77.05797
5922,77.90152
5923,36.404644
5924,69.50513
5925,27.975777
5926,27.693146
5927,50.085957
5928,57.860672
5929,56.526814
5930,13.309981
5931,5.5038023
5932,5.5356693
5933,32.064648
5934,16.70472
5935,5.449291
5936,-1.1056725
5937,-0.7054866
5938,-0.52195334
5939,-0.43523
5940,-0.36524063
5941,-0.3437525
5942,-0.29578438
5943,-0.34432986
5944,-0.31453374
5945,-0.3258183
5946,-0.3951504
5947,-0.3616659
5948,-0.42772517
5949,27.342068
5950,37.910675
5951,4.4065304
5952,-1.5455745
5953,-0.6161852
5954,-0.53002626
5955,-0.5541606
5956,-0.3122762
5957,-0.300035
5958,-0.58160746
5959,-0.5806194
5960,-0.35565916
5961,-0.65488416
5962,-0.63878417
5963,-0.61264527
5964,-0.56129104
5965,-0.5843163
5966,-0.55322
5967,-0.55218947
5968,-0.54686403
5969,-0.5766818
5970,-0.5447255
5971,-0.5581254
5972,-0.45157605
5973,-0.6140088
5974,-0.65306795
5975,-0.60161126
5976,-0.59264493
5977,-0.72482914
5978,-0.73218566
5979,-1.1939923
5980,-0.6231211
5981,-0.54520124
5982,-0.69776106
5983,0.5190819
5984,62.245808
5985,58.939808
5986,34.71963
5987,24.808134
5988,42.359753
5989,48.849087
5990,45.82231
5991,21.079693
5992,-4.172962
5993,5.3806934
5994,0.97943246
5995,11.830158
5996,0.41030595
5997,-5.1105947
5998,0.27152067
5999,-5.082036
6000,4.632644
6001,53.775948
6002,29.544794
6003,42.596478
6004,35.44987
6005,32.339752
6006,58.27262
6007,69.2997
6008,49.27377
6009,27.160854
6010,37.26421
6011,16.061827
6012,-6.0388274
6013,-3.4255803
6014,-0.4839606
6015,-0.439909
6016,-0.45799753
6017,-0.4456221
6018,-0.45958394
6019,-0.46565327
6020,-0.50999147
6021,-0.45953253
6022,-0.4722357
6023,-0.48005003
6024,-0.46411544
6025,-0.46541116
6026,-0.4568162
6027,-0.4621786
6028,-0.4785468
6029,-0.3892543
6030,-0.44296512
6031,-0.46577266
6032,-0.45722672
6033,-0.28085014
6034,-0.30544025
6035,-0.30008796
6036,-0.6055558
6037,-0.6128019
6038,-0.2662293
6039,-0.29505652
6040,-0.48889282
6041,-0.5124677
6042,-0.40891388
6043,-0.4090148
6044,-0.7428373
6045,-0.36013317
6046,-0.7143642
6047,-0.6997428
6048,-1.1902394
6049,-0.8244203
6050,-0.38693786
6051,-0.3914058
6052,-0.73482835
6053,-0.5167893
6054,-0.76042974
6055,-0.7310888
6056,-0.4676894
6057,-0.7651728
6058,-0.75052613
6059,-0.74938565
6060,-0.6929046
6061,-0.36824423
6062,-0.29812428
6063,-0.29924357
6064,-0.29522207
6065,-0.29901224
6066,-0.29464543
6067,-0.3261573
6068,-0.32241142
6069,-0.30875316
6070,-0.42152324
6071,-0.37356836
6072,-0.6035084
6073,-0.32481843
6074,-0.33004105
6075,-0.30681494
6076,-0.2610605
6077,-0.23081683
6078,-0.36690077
6079,-0.29632315
6080,-0.25950935
6081,-0.25950935
6082,-0.34684557
6083,-0.35057232
6084,-0.322073
6085,-0.322073
6086,-0.32105446
6087,-0.35022342
6088,-0.31499252
6089,-0.313974
6090,-0.31498995
6091,-0.3260836
6092,-0.3267227
6093,-0.32728994
6094,-0.3311146
6095,-0.34158856
6096,-0.34158856
6097,-0.33104822
6098,-0.44438297
6099,-0.39932513
6100,-1.1092535
6101,-1.0559043
6102,-1.0216624
6103,-1.0003238
6104,-1.0281125
6105,-1.0040596
6106,-0.21298747
6107,-0.17078811
6108,-0.17078811
6109,-0.17078811
6110,-0.23269321
6111,-0.24646868
6112,-0.45507175
6113,-0.51296437
6114,-0.43633044
6115,-0.44270673
6116,-0.43425727
6117,-0.38870633
6118,-0.4161193
6119,-0.39945886
6120,-0.40061656
6121,-0.44238237
6122,-0.4407653
6123,-0.39985308
6124,-0.398999
6125,-0.40339145
6126,-0.4203757
6127,-0.4267699
6128,-0.41446587
6129,-0.4563332
6130,-0.4605087
6131,-0.4586522
6132,-0.41711086
6133,-0.4727975
6134,-0.8259706
6135,-0.632488
6136,-0.53642964
6137,-0.52485085
6138,-0.5473449
6139,-0.52203614
6140,-0.52871966
6141,-0.5263698
6142,-0.5328536
6143,-0.52953154
6144,-0.5269446
6145,-0.5294035
6146,-0.5110462
6147,-0.5652313
6148,-0.48012522
6149,-0.48444635
6150,-0.49162185
6151,-0.49162185
6152,-0.48012522
6153,-0.5082527
6154,-0.583149
6155,-0.6168029
6156,-0.6451415
6157,-0.63128686
6158,-0.58578414
6159,-0.6451415
6160,-0.61555684
6161,-0.603214
6162,-0.603214
6163,-0.603214
6164,-0.59782386
6165,-0.603214
6166,-0.5989604
6167,-0.5989604
6168,-0.6018075
6169,-0.60719764
6170,-0.60719764
6171,-0.60719764
6172,-0.64446414
6173,-0.6524559
6174,-0.6926602
6175,-0.6926602
6176,-0.6926602
6177,-0.75132215
6178,-0.5698431
6179,-0.5647933
6180,-0.54699033
6181,-0.54699033
6182,-0.54699033
6183,-0.54699033
6184,-0.54883265
6185,-0.54883265
6186,-0.5666356
6187,-0.557804
6188,-0.60459816
6189,-0.8137888
6190,-0.8956192
6191,-0.7163696
6192,-0.5475422
6193,80.309456
6194,83.82616
6195,156.77144
6196,109.21477
6197,246.57866
6198,250.39182
6199,231.35394
6200,234.44925
6201,294.64566
6202,274.7507
6203,214.4369
6204,252.33829
6205,389.89563
6206,416.19528
6207,368.9884
6208,272.5912
6209,214.47664
6210,245.69467
6211,360.3406
6212,375.84488
6213,340.99805
6214,244.43675
6215,322.59436
6216,228.56918
6217,266.74506
6218,221.34181
6219,192.5868
6220,279.32922
6221,307.74185
6222,212.26141
6223,205.66351
6224,134.52509
6225,79.95403
6226,206.51393
6227,87.88648
6228,10.597011
6229,12.416772
6230,28.27891
6231,-0.28876618
6232,84.417816
6233,94.04245
6234,61.12426
6235,79.865425
6236,50.32346
6237,16.929096
6238,24.999529
6239,50.528973
6240,101.083496
6241,176.82349
6242,154.21896
6243,186.59557
6244,192.33394
6245,208.4347
6246,270.82797
6247,343.4258
6248,333.7165
6249,320.7996
6250,238.294
6251,252.7429
6252,235.12923
6253,369.58185
6254,240.02785
6255,275.92557
6256,323.52863
6257,520.0545
6258,480.54416
6259,465.77267
6260,543.51495
6261,652.96735
6262,637.3472
6263,761.54126
6264,683.3459
6265,483.33676
6266,322.15274
6267,288.5614
6268,411.65604
6269,407.76694
6270,514.3623
6271,437.71896
6272,362.4278
6273,295.96738
6274,482.69873
6275,568.8197
6276,514.209
6277,666.04785
6278,515.60583
6279,509.86063
6280,427.11942
6281,441.11096
6282,500.84277
6283,541.7842
6284,572.54926
6285,690.52997
6286,764.41125
6287,610.02466
6288,536.21454
6289,625.10614
6290,513.8075
6291,702.9897
6292,881.4
6293,593.06384
6294,389.34924
6295,348.7314
6296,440.18494
6297,517.2472
6298,522.0078
6299,432.56265
6300,352.3995
6301,221.64473
6302,285.24384
6303,416.7121
6304,549.7195
6305,528.2375
6306,420.6573
6307,492.15897
6308,546.1922
6309,544.9687
6310,536.04706
6311,587.7902
6312,534.8123
6313,481.6352
6314,455.46817
6315,506.3494
6316,431.5984
6317,391.51337
6318,422.48215
6319,368.34708
6320,334.60602
6321,405.50027
6322,421.681
6323,444.59808
6324,490.96396
6325,538.1351
6326,558.3689
6327,696.7951
6328,639.0997
6329,560.56256
6330,468.23828
6331,479.29095
6332,559.8712
6333,803.31635
6334,1017.71625
6335,1084.2766
6336,1213.217
6337,1094.3959
6338,1228.9369
6339,1173.8624
6340,1034.4788
6341,812.41797
6342,1309.7968
6343,1219.7946
6344,1253.0315
6345,1320.1287
6346,1314.1774
6347,1354.1455
6348,1211.9326
6349,793.67426
6350,736.2667
6351,1344.7015
6352,1648.1526
6353,1506.7986
6354,1283.4277
6355,1587.3489
6356,1569.7927
6357,1402.3175
6358,1269.4031
6359,1280.6324
6360,1123.8127
6361,1155.5717
6362,1138.6533
6363,1237.8704
6364,1392.7571
6365,1408.6807
6366,1419.2332
6367,1777.4935
6368,1713.7551
6369,1627.2517
6370,1362.6539
6371,1349.673
6372,1717.6786
6373,1506.4924
6374,1194.5059
6375,1054.1516
6376,1043.7195
6377,831.1593
6378,777.68384
6379,1021.7056
6380,1165.2472
6381,1211.4161
6382,1198.8967
6383,1478.8933
6384,1248.1932
6385,1124.0951
6386,959.0542
6387,1268.3613
6388,1354.5554
6389,1137.7391
6390,964.8858
6391,958.1782
6392,1125.9773
6393,918.23785
6394,1267.7266
6395,1014.7431
6396,1330.9092
6397,1029.6942
6398,899.7699
6399,1395.6844
6400,1468.6453
6401,1371.0612
6402,1169.8925
6403,1062.7709
6404,1119.2253
6405,826.55475
6406,600.68134
6407,864.0178
6408,1106.8372
6409,603.49756
6410,704.4586
6411,826.4652
6412,841.7753
6413,872.37805
6414,1115.4912
6415,1139.2775
6416,1130.683
6417,1388.6389
6418,1255.5021
6419,1220.7688
6420,1281.5729
6421,1159.9462
6422,986.1557
6423,884.4746
6424,1055.4165
6425,888.82245
6426,886.11475
6427,1119.3628
6428,949.45575
6429,855.283
6430,871.7557
6431,980.8848
6432,772.9799
6433,669.3623
6434,966.1961
6435,970.93555
6436,926.8993
6437,717.77515
6438,747.5196
6439,713.47327
6440,826.62494
6441,688.2795
6442,765.2291
6443,877.6972
6444,1025.2043
6445,721.1043
6446,526.51917
6447,358.47894
6448,231.66656
6449,213.87938
6450,227.6064
6451,237.99023
6452,350.63223
6453,338.9139
6454,345.18103
6455,335.0098
6456,308.8462
6457,322.9856
6458,317.01
6459,338.51666
6460,351.64804
6461,457.14944
6462,684.7992
6463,809.48083
6464,492.1738
6465,284.68097
6466,297.9507
6467,310.1418
6468,237.43094
6469,231.71426
6470,211.52419
6471,231.86644
6472,199.28035
6473,108.36139
6474,75.77721
6475,69.79013
6476,81.41378
6477,84.36409
6478,98.86301
6479,136.38544
6480,120.19116
6481,133.91565
6482,122.781
6483,125.16958
6484,122.749664
6485,111.39195
6486,84.072136
6487,48.15359
6488,54.264793
6489,79.94271
6490,92.09549
6491,17.870068
6492,68.86965
6493,42.696266
6494,54.34541
6495,81.628716
6496,94.51374
6497,94.36458
6498,127.69271
6499,139.07878
6500,154.19998
6501,141.48694
6502,109.744156
6503,153.91925
6504,199.60422
6505,172.99852
6506,146.55869
6507,114.83751
6508,159.54848
6509,149.81468
6510,190.08055
6511,106.018005
6512,144.41801
6513,138.85687
6514,103.385895
6515,33.319473
6516,-0.27044496
6517,10.494383
6518,32.137985
6519,73.86441
6520,71.6176
6521,53.838608
6522,73.49497
6523,83.22734
6524,100.12232
6525,64.26763
6526,78.60134
6527,141.20901
6528,104.22457
6529,103.97714
6530,123.45375
6531,81.12209
6532,35.592373
6533,20.771439
6534,49.317047
6535,23.183105
6536,19.390308
6537,31.229052
6538,33.59232
6539,25.415035
6540,21.543383
6541,3.3522105
6542,-2.0363848
6543,-0.6802886
6544,-0.64450395
6545,-0.59993106
6546,-0.58375204
6547,-0.5866142
6548,-0.5174859
6549,-0.4969433
6550,-0.5105934
6551,-0.53627956
6552,-0.5419116
6553,-0.5315522
6554,-0.53823996
6555,-0.49018848
6556,-0.47764206
6557,-0.49030158
6558,-0.4606974
6559,-0.5188234
6560,-0.5014309
6561,-0.53714746
6562,-0.59863657
6563,-0.4964376
6564,-0.5886287
6565,-0.5479903
6566,-0.603103
6567,-0.5422083
6568,-0.6327258
6569,-0.5713329
6570,-0.6147338
6571,-0.5959088
6572,-0.6136461
6573,-0.6755451
6574,39.907772
6575,41.011234
6576,31.800573
6577,21.4643
6578,51.375126
6579,108.81539
6580,109.20629
6581,99.51752
6582,111.144775
6583,103.294365
6584,99.94185
6585,41.692295
6586,47.480762
6587,77.951935
6588,48.111874
6589,61.039825
6590,32.757
6591,37.484253
6592,47.098396
6593,69.48745
6594,40.134533
6595,38.343033
6596,73.967445
6597,68.766914
6598,90.90175
6599,96.37271
6600,79.31879
6601,85.54653
6602,89.580376
6603,76.5949
6604,112.78176
6605,91.53616
6606,99.75051
6607,70.3002
6608,84.292244
6609,144.62454
6610,218.19212
6611,211.59912
6612,290.0604
6613,312.6623
6614,296.9061
6615,277.61234
6616,284.89835
6617,257.46313
6618,274.81766
6619,150.64384
6620,155.94641
6621,161.49725
6622,128.69426
6623,136.49124
6624,165.25719
6625,187.03073
6626,196.332
6627,222.65733
6628,272.96262
6629,281.07968
6630,260.94766
6631,240.35133
6632,236.30124
6633,297.21585
6634,366.83798
6635,331.72098
6636,259.25684
6637,207.49219
6638,181.16483
6639,201.27681
6640,224.51944
6641,225.35222
6642,240.26076
6643,196.50616
6644,171.25175
6645,145.75916
6646,180.6064
6647,118.15278
6648,86.7907
6649,114.093834
6650,84.02656
6651,57.366005
6652,62.481632
6653,41.81025
6654,27.474985
6655,36.317528
6656,28.473448
6657,12.725839
6658,-6.0561953
6659,-2.5425522
6660,-2.4450998
6661,-2.5183637
6662,-2.366862
6663,-1.4166127
6664,-1.4290721
6665,74.262
6666,109.84075
6667,265.8007
6668,130.19409
6669,230.39209
6670,66.78053
6671,34.84698
6672,63.70564
6673,65.18884
6674,86.84992
6675,129.59766
6676,153.42099
6677,237.25594
6678,252.52824
6679,115.08273
6680,66.46417
6681,55.09685
6682,105.90382
6683,152.57126
6684,188.66447
6685,290.98843
6686,226.83363
6687,204.35144
6688,139.44696
6689,236.32611
6690,475.14667
6691,380.4087
6692,194.3422
6693,408.79013
6694,328.03265
6695,279.5524
6696,327.6093
6697,466.18634
6698,425.85266
6699,287.3424
6700,274.35977
6701,360.44647
6702,512.3044
6703,559.4744
6704,410.62924
6705,239.13649
6706,272.9975
6707,315.15817
6708,224.5365
6709,214.3065
6710,236.03705
6711,364.13968
6712,431.0692
6713,526.12805
6714,320.54672
6715,309.72235
6716,422.25357
6717,413.03897
6718,528.02795
6719,660.40027
6720,428.2905
6721,505.6228
6722,486.52167
6723,399.84424
6724,437.71957
6725,516.6596
6726,668.7164
6727,603.7391
6728,431.44165
6729,399.25192
6730,633.5094
6731,564.34735
6732,471.60715
6733,527.2211
6734,449.19708
6735,431.53842
6736,360.6106
6737,379.86313
6738,297.06937
6739,273.53217
6740,206.60107
6741,212.30704
6742,233.56468
6743,343.5191
6744,352.6053
6745,314.20007
6746,283.35922
6747,246.08118
6748,235.29858
6749,227.36914
6750,205.24844
6751,192.59332
6752,176.11362
6753,170.37743
6754,159.25786
6755,161.78322
6756,204.52325
6757,242.0444
6758,231.4919
6759,195.18484
6760,194.94955
6761,201.90752
6762,161.32628
6763,91.28696
6764,62.10331
6765,58.460224
6766,51.007492
6767,23.94871
6768,9.038017
6769,-7.500564
6770,-3.4580379
6771,-3.0285563
6772,18.76618
6773,50.27667
6774,59.88677
6775,26.776476
6776,-4.66326
6777,-0.6274402
6778,-0.5690182
6779,-0.5298546
6780,-0.55414736
6781,0.047379207
6782,59.547394
6783,62.539986
6784,78.30059
6785,117.96507
6786,107.77115
6787,86.556725
6788,94.86304
6789,94.12182
6790,64.335175
6791,77.54699
6792,52.85135
6793,53.278442
6794,62.434525
6795,63.90488
6796,47.86597
6797,55.95638
6798,56.266094
6799,71.764465
6800,68.63098
6801,35.03838
6802,21.830639
6803,11.2554245
6804,31.14423
6805,37.90623
6806,107.84832
6807,135.10323
6808,178.14616
6809,146.4027
6810,167.48277
6811,116.95426
6812,135.68001
6813,172.97589
6814,109.705956
6815,82.45291
6816,124.04103
6817,207.20885
6818,263.1945
6819,230.32483
6820,172.01549
6821,121.35585
6822,-0.7735787
6823,0.0037071125
6824,-1.1624072
6825,-1.4433814
6826,-0.34969944
6827,-0.19909525
6828,-0.9781782
6829,-0.58418256
6830,-0.33993247
6831,-0.4161064
6832,-0.2507453
6833,-0.20367329
6834,-0.45858887
6835,-0.5541165
6836,-0.45480096
6837,-0.5114176
6838,27.367863
6839,73.9034
6840,13.089929
6841,-0.5050285
6842,32.656082
6843,106.63506
6844,29.78494
6845,23.192808
6846,2.8745847
6847,-1.3893899
6848,-4.415733
6849,-2.202062
6850,-1.2742939
6851,-0.96062946
6852,-0.37570962
6853,176.40425
6854,58.92629
6855,109.765396
6856,205.4584
6857,169.81546
6858,249.01816
6859,131.95885
6860,33.683132
6861,12.714076
6862,-2.8895776
6863,-0.63643306
6864,-0.45960858
6865,-0.43264797
6866,0.31321958
6867,41.49062
6868,68.651566
6869,80.51078
6870,67.810936
6871,99.995476
6872,60.712734
6873,61.62208
6874,98.745155
6875,90.46934
6876,85.74242
6877,23.708374
6878,-3.7762563
6879,28.17816
6880,38.962605
6881,-3.9780695
6882,-1.0566429
6883,10.514163
6884,115.25316
6885,193.45744
6886,173.00043
6887,257.56067
6888,253.29547
6889,178.71632
6890,165.17459
6891,184.26476
6892,115.21203
6893,117.436066
6894,149.85516
6895,121.426254
6896,127.983696
6897,150.36131
6898,205.02138
6899,183.35684
6900,219.32437
6901,247.51593
6902,148.51236
6903,171.5848
6904,188.4857
6905,180.04385
6906,173.70558
6907,118.80067
6908,59.845875
6909,86.45193
6910,106.77966
6911,74.55974
6912,51.77162
6913,64.411995
6914,110.48531
6915,65.74597
6916,103.223854
6917,52.895695
6918,120.076996
6919,145.97713
6920,141.55823
6921,128.52715
6922,159.09906
6923,80.102715
6924,102.90503
6925,149.01608
6926,145.89757
6927,120.47857
6928,75.13547
6929,69.55221
6930,75.87883
6931,36.175804
6932,49.628426
6933,-4.46943
6934,-1.6143796
6935,77.90248
6936,101.70001
6937,55.035145
6938,31.114347
6939,11.908411
6940,0.031052899
6941,7.985046
6942,25.769175
6943,12.242651
6944,29.747957
6945,37.404396
6946,49.047268
6947,55.23867
6948,87.26062
6949,59.77601
6950,48.26996
6951,39.419384
6952,114.744064
6953,50.872665
6954,60.422325
6955,84.254295
6956,14.041503
6957,19.13106
6958,66.20033
6959,105.331985
6960,56.61364
6961,41.26191
6962,59.701515
6963,128.42441
6964,74.342995
6965,108.33868
6966,128.00156
6967,122.51781
6968,167.87201
6969,186.32513
6970,80.31322
6971,151.42632
6972,115.25435
6973,173.49924
6974,207.36465
6975,231.69456
6976,114.683266
6977,79.06003
6978,24.302372
6979,7.689713
6980,56.03474
6981,3.9055412
6982,-2.5141625
6983,5.0516768
6984,-0.7855289
6985,-0.65675616
6986,-0.65089846
6987,-0.6560843
6988,-0.40023607
6989,-0.41197124
6990,-0.3191518
6991,-0.5147465
6992,-0.36081183
6993,-0.27743176
6994,-0.41514078
6995,-0.42590642
6996,-0.47610092
6997,-0.57112217
6998,-0.74088466
6999,-0.70814663
7000,-0.6245296
7001,-0.55924845
7002,-0.55793965
7003,-0.514872
7004,-0.52058977
7005,-0.4589218
7006,-0.51932895
7007,-0.92534983
7008,-0.66325474
7009,-0.7279659
7010,-0.613941
7011,-0.56689525
7012,-0.693464
7013,-0.5904183
7014,-0.6180265
7015,59.617886
7016,120.200676
7017,102.89891
7018,19.956781
7019,62.128464
7020,67.330956
7021,45.543137
7022,8.072977
7023,46.904495
7024,78.854774
7025,57.02451
7026,-0.2505677
7027,4.183306
7028,-0.3225451
7029,8.087245
7030,8.203964
7031,-0.4057685
7032,24.924648
7033,11.395721
7034,0.36505592
7035,-2.333744
7036,-2.5254245
7037,-2.0939987
7038,-2.2367547
7039,17.404907
7040,18.853895
7041,4.276979
7042,4.4546113
7043,18.628248
7044,18.401423
7045,21.685608
7046,24.836637
7047,27.110102
7048,37.761307
7049,8.086976
7050,8.155892
7051,12.576287
7052,10.570855
7053,11.488897
7054,7.9489813
7055,7.937452
7056,40.125156
7057,45.1001
7058,51.26143
7059,27.082022
7060,23.907402
7061,4.77383
7062,10.6182165
7063,43.93473
7064,84.85561
7065,87.96575
7066,77.25475
7067,98.048134
7068,90.122185
7069,93.67448
7070,45.875824
7071,63.241684
7072,13.228758
7073,0.29317176
7074,14.938082
7075,-2.6208
7076,4.9901843
7077,11.081446
7078,20.339071
7079,-2.5333998
7080,-0.46549714
7081,-0.40750277
7082,-0.3972656
7083,-0.41785362
7084,-0.35390878
7085,-0.2831801
7086,-0.38947633
7087,-0.40379542
7088,-0.39555952
7089,-0.38544622
7090,-0.45850676
7091,-0.48011884
7092,-0.465193
7093,-0.4716804
7094,-0.44621307
7095,28.405893
7096,75.97365
7097,71.119255
7098,155.14336
7099,121.17092
7100,171.54611
7101,127.12837
7102,93.50288
7103,167.64648
7104,103.862236
7105,154.2235
7106,170.2109
7107,156.06027
7108,82.800644
7109,65.85822
7110,74.119606
7111,64.30127
7112,71.08514
7113,95.13412
7114,-1.3814191
7115,55.063408
7116,117.23986
7117,137.79752
7118,88.731346
7119,97.42552
7120,130.90039
7121,131.9569
7122,91.22097
7123,130.31029
7124,129.91391
7125,140.25749
7126,157.64485
7127,341.2934
7128,224.65012
7129,88.06128
7130,41.10893
7131,23.5085
7132,57.970737
7133,104.45728
7134,130.09152
7135,145.05104
7136,168.5041
7137,176.3607
7138,229.32623
7139,253.41104
7140,198.34213
7141,185.81671
7142,197.1032
7143,197.23189
7144,203.35818
7145,191.37782
7146,203.67393
7147,200.34593
7148,196.44386
7149,140.11754
7150,130.10495
7151,128.6538
7152,160.26355
7153,145.1281
7154,124.710045
7155,128.69055
7156,113.61679
7157,89.85695
7158,109.89369
7159,75.34819
7160,50.053467
7161,77.03895
7162,43.343674
7163,38.207703
7164,51.582542
7165,40.862965
7166,18.493467
7167,4.3720903
7168,-3.7434902
7169,-0.40238726
7170,-0.4064304
7171,-0.39105865
7172,-0.3562941
7173,-0.3791102
7174,-0.4480748
7175,-0.43161863
7176,-0.4137938
7177,-0.41915613
7178,-0.41762328
7179,-0.22445166
7180,-0.1800985
7181,-0.24889979
7182,-0.26208985
7183,-0.25585964
7184,-0.22849232
7185,-0.22583015
7186,-0.2719537
7187,-0.2543475
7188,-0.25309196
7189,-0.25463873
7190,-0.27559438
7191,-0.2783872
7192,-0.26530012
7193,-0.32905826
7194,-0.34444606
7195,-0.92578727
7196,-0.6109663
7197,-0.50073373
7198,-0.5546458
7199,-0.16131729
7200,90.25765
7201,131.04482
7202,161.09468
7203,148.61287
7204,172.21562
7205,169.25829
7206,244.19672
7207,255.41849
7208,297.46664
7209,392.40298
7210,405.3928
7211,236.24712
7212,254.98334
7213,255.27393
7214,222.42265
7215,278.0981
7216,227.6809
7217,219.79698
7218,180.56206
7219,107.935394
7220,123.02366
7221,88.17937
7222,58.350098
7223,95.646286
7224,81.45568
7225,48.003883
7226,53.153667
7227,44.442806
7228,32.03562
7229,24.194923
7230,8.295627
7231,10.740677
7232,19.349663
7233,-0.29227877
7234,-0.61953723
7235,-0.489922
7236,-0.3540191
7237,-0.44608018
7238,-0.66203904
7239,-0.5564985
7240,-0.52464026
7241,-0.4051083
7242,60.547855
7243,165.42957
7244,125.3613
7245,106.87976
7246,139.1558
7247,86.95112
7248,129.99937
7249,118.90588
7250,87.36997
7251,98.79213
7252,62.874783
7253,131.61371
7254,189.89398
7255,260.159
7256,394.54126
7257,543.89294
7258,353.13177
7259,134.34618
7260,206.5995
7261,359.07
7262,333.17007
7263,262.8614
7264,349.8836
7265,167.04024
7266,141.25586
7267,421.48758
7268,611.0477
7269,305.7496
7270,304.71768
7271,475.6982
7272,243.3276
7273,404.7943
7274,398.65274
7275,466.41656
7276,614.70056
7277,653.70355
7278,739.5313
7279,736.38293
7280,726.6639
7281,645.19574
7282,703.0637
7283,735.6264
7284,831.79315
7285,879.0391
7286,907.80334
7287,792.2785
7288,694.11206
7289,541.0467
7290,605.1789
7291,635.61
7292,461.20477
7293,438.24545
7294,308.54813
7295,478.0857
7296,472.30334
7297,460.71454
7298,472.14304
7299,476.92712
7300,402.4352
7301,222.99063
7302,171.85278
7303,180.57684
7304,128.37917
7305,120.377846
7306,89.603516
7307,45.628468
7308,-3.561143
7309,-0.67327636
7310,-0.71595174
7311,-0.6652934
7312,-0.62618244
7313,-0.4685879
7314,28.887203
7315,71.51265
7316,63.339348
7317,72.88463
7318,89.76618
7319,161.04562
7320,226.58328
7321,226.60054
7322,254.92601
7323,217.26411
7324,223.71489
7325,143.12737
7326,117.47337
7327,175.1948
7328,177.8414
7329,189.78221
7330,211.95436
7331,187.51723
7332,182.17139
7333,187.17854
7334,176.23444
7335,190.75467
7336,256.36548
7337,170.5876
7338,71.70621
7339,56.88627
7340,129.48196
7341,141.57715
7342,136.44867
7343,118.74325
7344,178.8283
7345,172.93175
7346,155.74138
7347,181.29439
7348,298.6762
7349,159.69513
7350,182.55562
7351,289.82596
7352,325.65918
7353,329.1521
7354,267.61566
7355,259.2061
7356,207.49257
7357,144.30266
7358,191.58798
7359,191.46104
7360,231.07637
7361,252.92975
7362,279.30804
7363,341.18396
7364,414.87173
7365,357.0883
7366,358.79385
7367,412.6142
7368,435.27985
7369,275.80554
7370,203.51944
7371,291.66995
7372,329.23547
7373,311.3538
7374,332.69833
7375,169.80641
7376,261.62924
7377,384.76483
7378,329.8522
7379,444.70502
7380,339.68594
7381,467.3971
7382,388.91733
7383,411.64212
7384,323.34027
7385,339.7595
7386,326.01718
7387,282.3978
7388,413.7134
7389,824.3481
7390,785.4722
7391,739.7153
7392,389.0497
7393,484.4242
7394,474.46613
7395,509.54355
7396,825.73706
7397,661.0633
7398,637.7522
7399,443.65646
7400,581.3827
7401,804.3321
7402,650.44214
7403,497.8468
7404,508.5771
7405,641.051
7406,1008.4262
7407,825.6749
7408,905.16797
7409,1065.564
7410,538.1945
7411,730.19354
7412,781.60474
7413,710.83655
7414,758.7362
7415,841.53046
7416,810.3001
7417,795.98065
7418,904.8534
7419,981.59796
7420,1087.2112
7421,1193.051
7422,1066.1677
7423,1207.7687
7424,814.4641
7425,981.2876
7426,930.6961
7427,994.0058
7428,970.74506
7429,1297.574
7430,933.41
7431,843.075
7432,859.09644
7433,669.101
7434,926.04144
7435,873.8209
7436,694.4996
7437,663.55115
7438,575.17175
7439,653.6271
7440,802.949
7441,620.3194
7442,463.49185
7443,286.2656
7444,313.85812
7445,303.06775
7446,388.84714
7447,379.64682
7448,426.14822
7449,607.14435
7450,645.3808
7451,521.594
7452,429.95718
7453,375.59766
7454,301.1243
7455,248.45554
7456,253.43832
7457,320.88287
7458,439.05847
7459,470.7211
7460,691.2766
7461,619.7267
7462,529.6086
7463,603.66046
7464,685.36536
7465,708.0208
7466,680.24445
7467,505.8983
7468,543.933
7469,498.75558
7470,511.2732
7471,717.63904
7472,755.4757
7473,578.633
7474,818.0762
7475,783.3069
7476,835.8997
7477,765.4439
7478,574.7383
7479,653.9885
7480,840.1788
7481,950.4418
7482,790.3859
7483,658.8104
7484,671.28455
7485,524.48114
7486,563.7328
7487,715.9201
7488,814.65497
7489,782.0175
7490,721.70795
7491,684.8125
7492,882.4364
7493,760.46075
7494,841.67523
7495,681.3398
7496,620.9907
7497,792.8277
7498,689.70337
7499,646.2924
7500,784.3189
7501,860.54156
7502,694.23926
7503,698.2222
7504,826.6669
7505,798.45844
7506,892.216
7507,946.6605
7508,828.162
7509,621.585
7510,154.85199
7511,678.1337
7512,706.2578
7513,1054.2174
7514,508.04016
7515,834.62885
7516,732.9027
7517,743.32837
7518,829.19507
7519,431.81982
7520,812.85
7521,594.15546
7522,916.7375
7523,740.9215
7524,975.66376
7525,839.0951
7526,707.2046
7527,678.0338
7528,972.9237
7529,1176.6984
7530,1042.8197
7531,803.7092
7532,885.76855
7533,882.5732
7534,906.1171
7535,740.0587
7536,645.12744
7537,974.04834
7538,860.7926
7539,846.7422
7540,892.96466
7541,644.2194
7542,802.18994
7543,695.4034
7544,664.7093
7545,547.13574
7546,334.24487
7547,480.66013
7548,456.65536
7549,351.86584
7550,652.2656
7551,279.6579
7552,456.2816
7553,698.9345
7554,741.32434
7555,604.69214
7556,527.08356
7557,308.93906
7558,240.39197
7559,349.68475
7560,381.13873
7561,469.78772
7562,448.90735
7563,359.79245
7564,343.45065
7565,347.85916
7566,303.30237
7567,404.44284
7568,272.92755
7569,294.91043
7570,253.28976
7571,282.33505
7572,266.25897
7573,336.27026
7574,339.43243
7575,323.3187
7576,291.71344
7577,318.25107
7578,335.43842
7579,330.0676
7580,385.79187
7581,386.29956
7582,249.96078
7583,238.39548
7584,398.78204
7585,545.4268
7586,550.3893
7587,588.4728
7588,787.5851
7589,461.33948
7590,437.85928
7591,711.4194
7592,563.9306
7593,526.32764
7594,549.3445
7595,509.7254
7596,653.6776
7597,512.299
7598,946.38367
7599,930.4928
7600,1062.0778
7601,879.6822
7602,889.1
7603,627.3518
7604,603.6924
7605,738.2767
7606,637.2689
7607,415.18637
7608,429.904
7609,529.0374
7610,589.84717
7611,427.45212
7612,731.36
7613,513.8623
7614,671.4561
7615,815.49567
7616,1016.85986
7617,632.0422
7618,1119.33
7619,864.3472
7620,976.90765
7621,1292.0648
7622,1268.1082
7623,1385.2784
7624,1582.9117
7625,1392.3298
7626,1127.6935
7627,1048.5256
7628,929.7436
7629,940.881
7630,715.51184
7631,777.3674
7632,1158.5142
7633,1332.2639
7634,1308.7659
7635,1338.6768
7636,1324.4017
7637,1175.9847
7638,982.0813
7639,1038.5519
7640,1170.6721
7641,1134.5675
7642,1154.2222
7643,1333.1232
7644,1392.1573
7645,1477.2877
7646,1424.4265
7647,1514.8348
7648,1686.6028
7649,1442.6119
7650,1583.6003
7651,1340.3699
7652,1084.9083
7653,1137.787
7654,1344.0071
7655,1229.6971
7656,1100.661
7657,1475.5878
7658,1338.2814
7659,1311.4437
7660,1535.7738
7661,1392.2532
7662,1441.5302
7663,1459.1543
7664,1616.091
7665,1599.5697
7666,1402.5269
7667,1479.6526
7668,1168.4037
7669,1415.6921
7670,1163.4731
7671,1418.0941
7672,1425.2808
7673,1613.1299
7674,1629.0154
7675,1790.2474
7676,1795.9208
7677,1739.2026
7678,1626.6051
7679,1568.972
7680,1628.5164
7681,1581.876
7682,1649.6902
7683,1634.758
7684,1662.5264
7685,1676.578
7686,1678.8068
7687,1906.1809
7688,1835.4053
7689,1718.4581
7690,1853.4924
7691,1566.5598
7692,1355.1245
7693,1482.4248
7694,1342.7426
7695,1339.9734
7696,1298.2742
7697,1562.0626
7698,1610.112
7699,1423.0377
7700,1454.2406
7701,1482.4224
7702,1458.756
7703,1737.8407
7704,1514.8599
7705,1434.7231
7706,1384.6232
7707,1522.8622
7708,1374.805
7709,1338.0582
7710,1343.123
7711,1334.1089
7712,1304.4603
7713,1366.1721
7714,1299.2593
7715,1247.4325
7716,1239.6797
7717,1195.8357
7718,1238.8296
7719,1395.9128
7720,1366.936
7721,1614.6527
7722,1542.1537
7723,1371.9108
7724,1513.4495
7725,1661.944
7726,1643.6085
7727,1450.9677
7728,1443.41
7729,1462.498
7730,1422.6954
7731,1324.3784
7732,1234.7197
7733,1154.1046
7734,1270.9512
7735,1175.5022
7736,1220.4026
7737,1328.4949
7738,1237.283
7739,1321.6908
7740,1295.211
7741,1263.8317
7742,1274.7319
7743,1214.9392
7744,1303.9915
7745,1309.2179
7746,1265.6747
7747,1193.6835
7748,1473.3953
7749,1228.541
7750,1115.9143
7751,1117.4276
7752,1077.0332
7753,1125.3904
7754,961.29083
7755,1209.3103
7756,1355.3282
7757,1412.6777
7758,1560.0483
7759,1382.5565
7760,1564.9264
7761,1730.2391
7762,1742.1152
7763,1657.737
7764,1723.6768
7765,1831.7249
7766,1646.9727
7767,1634.5643
7768,1598.5591
7769,1516.9596
7770,1471.3727
7771,1568.2662
7772,1433.3771
7773,1279.1603
7774,1318.1031
7775,1129.5337
7776,1312.442
7777,1127.7334
7778,828.6491
7779,743.77783
7780,996.20325
7781,986.64026
7782,1285.6431
7783,1014.60547
7784,1015.602
7785,986.2783
7786,821.8753
7787,776.1296
7788,1073.7119
7789,1418.3667
7790,1430.2416
7791,1515.8083
7792,1687.3733
7793,1455.0156
7794,1145.0469
7795,1292.002
7796,1418.4208
7797,1275.7477
7798,1288.9888
7799,1513.791
7800,1545.7098
7801,1696.6649
7802,1737.9529
7803,1289.737
7804,1372.6852
7805,1382.4729
7806,836.228
7807,1048.836
7808,1073.8632
7809,1102.515
7810,1385.3903
7811,1417.0017
7812,1188.1631
7813,1144.1311
7814,1321.9069
7815,1509.2323
7816,1550.2865
7817,1640.2668
7818,1183.0942
7819,1703.688
7820,1781.6058
7821,1628.878
7822,1972.5461
7823,1937.6708
7824,1838.9004
7825,2028.6057
7826,2030.5333
7827,1952.1982
7828,1538.9338
7829,1715.3209
7830,1675.6166
7831,1406.533
7832,1953.8656
7833,1973.6449
7834,1751.814
7835,1476.6213
7836,1896.516
7837,1944.9946
7838,1889.6766
7839,1544.8269
7840,1918.8201
7841,1765.2391
7842,2026.843
7843,1942.8219
7844,2031.0305
7845,1929.4005
7846,2017.0498
7847,1916.0834
7848,1944.794
7849,1950.4827
7850,1968.1718
7851,1936.8772
7852,1879.2399
7853,1991.8387
7854,2011.3698
7855,1922.6796
7856,1922.2703
7857,1906.8651
7858,1892.053
7859,1812.0364
7860,1918.7832
7861,1749.8408
7862,984.599
7863,1257.7638
7864,1461.309
7865,1535.8796
7866,1575.2866
7867,1187.2119
7868,1191.6086
7869,1081.1849
7870,1236.7814
7871,1418.2632
7872,1527.5144
7873,1341.5099
7874,1378.2988
7875,1196.5667
7876,1307.3602
7877,1023.9967
7878,1171.066
7879,1270.4324
7880,1404.4093
7881,1429.7549
7882,1581.7473
7883,1170.3955
7884,1249.6166
7885,1142.5146
7886,1580.3413
7887,1460.4943
7888,1141.9137
7889,970.95135
7890,846.6915
7891,1151.787
7892,1028.0483
7893,1197.6676
7894,1168.8885
7895,1209.0726
7896,979.1293
7897,938.28485
7898,901.4801
7899,757.1846
7900,589.17194
7901,598.14014
7902,821.9112
7903,674.1038
7904,744.53723
7905,560.0017
7906,511.71204
7907,454.5798
7908,582.8027
7909,630.2792
7910,629.9623
7911,613.18085
7912,625.98413
7913,965.03925
7914,653.62683
7915,567.6498
7916,607.04193
7917,561.3495
7918,567.0403
7919,519.442
7920,488.13333
7921,363.90994
7922,393.4807
7923,514.016
7924,556.91437
7925,612.52466
7926,480.73972
7927,550.45514
7928,421.42728
7929,272.64072
7930,309.75476
7931,212.0633
7932,279.93286
7933,269.37122
7934,407.40814
7935,376.69562
7936,491.90915
7937,497.5335
7938,511.94653
7939,553.9858
7940,501.2721
7941,408.90958
7942,448.84885
7943,436.2347
7944,345.72488
7945,290.32452
7946,352.72772
7947,333.6008
7948,343.5304
7949,303.14548
7950,213.18542
7951,152.04922
7952,202.31883
7953,288.2522
7954,117.669426
7955,237.89227
7956,367.62885
7957,178.23816
7958,158.24655
7959,262.8864
7960,197.00946
7961,178.62532
7962,280.0249
7963,927.77045
7964,476.07803
7965,245.3928
7966,120.532455
7967,325.4175
7968,194.08287
7969,121.93597
7970,64.384895
7971,17.309124
7972,-0.548117
7973,142.34758
7974,96.64569
7975,82.73394
7976,125.70206
7977,289.77167
7978,152.10799
7979,128.71501
7980,181.35597
7981,73.57809
7982,71.22328
7983,127.63114
7984,483.8307
7985,350.8989
7986,328.94592
7987,145.2896
7988,209.82582
7989,196.37111
7990,159.70299
7991,535.0199
7992,685.0745
7993,474.7804
7994,278.4727
7995,154.57454
7996,84.04116
7997,102.30972
7998,45.693737
7999,86.5247
8000,32.67275
8001,-1.3698825
8002,-0.29928058
8003,-0.40873075
8004,-0.4954972
8005,-0.37757313
8006,21.90214
8007,63.83149
8008,140.38437
8009,273.7931
8010,434.0919
8011,152.09006
8012,145.90381
8013,66.40241
8014,55.309803
8015,22.950487
8016,4.620956
8017,4.595405
8018,-5.4919167
8019,-3.677098
8020,-1.8950624
8021,-1.5514741
8022,-1.3708856
8023,-1.127489
8024,-0.84338695
8025,-0.90932375
8026,-0.8443575
8027,-0.7898179
8028,-0.7343292
8029,-0.70680094
8030,-0.64974535
8031,-0.62320244
8032,-0.6134427
8033,-0.6166294
8034,-0.6739694
8035,-0.84979296
8036,-0.91359913
8037,-0.663115
8038,-0.5914093
8039,-0.5836004
8040,-0.6125223
8041,-0.5767449
8042,-0.58551747
8043,-0.61029065
8044,-0.585055
8045,-0.6279711
8046,-0.56776905
8047,-0.6021504
8048,-0.6261112
8049,-0.612237
8050,-0.57395154
8051,-0.6870789
8052,-0.83925873
8053,-0.66307986
8054,-0.60216177
8055,-0.54690754
8056,-0.49528337
8057,-0.4871991
8058,-0.3966293
8059,-0.41193846
8060,-0.397418
8061,-0.35749647
8062,-0.38994804
8063,-0.39001647
8064,-0.38999462
8065,-0.40445137
8066,-0.38795292
8067,-0.3957482
8068,-0.43986002
8069,-0.38882732
8070,-0.36272675
8071,-0.3707934
8072,-0.37158176
8073,-0.35730585
8074,-0.34851345
8075,-0.34851345
8076,-0.35777554
8077,-0.40784678
8078,-0.384129
8079,-0.45283985
8080,-0.71199197
8081,-0.7216277
8082,-0.78252983
8083,-0.69266766
8084,-0.6032271
8085,-0.5650744
8086,-0.5359494
8087,-0.5034656
8088,-0.50955606
8089,-0.51059157
8090,-0.4987138
8091,-0.45656323
8092,-0.46839368
8093,-0.52583086
8094,-0.5071526
8095,-0.49164996
8096,-0.5063014
8097,-0.49090973
8098,-0.46499702
8099,-0.42492688
8100,-0.44575614
8101,-0.43774876
8102,-0.36581552
8103,-0.50073063
8104,-0.48514146
8105,-0.4669436
8106,-0.4463094
8107,-0.4508215
8108,-0.47964993
8109,-0.49188069
8110,-0.4843235
8111,-0.6693221
8112,-0.7502927
8113,32.403374
8114,10.148942
8115,-0.5833996
8116,3.2969642
8117,5.872158
8118,-0.9643406
8119,24.76107
8120,-1.2166598
8121,-0.81472814
8122,-1.0942533
8123,16.354982
8124,47.394268
8125,37.61067
8126,36.50267
8127,28.471306
8128,33.142193
8129,65.76359
8130,25.525848
8131,34.640106
8132,49.672375
8133,56.264248
8134,40.466423
8135,31.352533
8136,7.7397265
8137,12.887688
8138,-0.4195079
8139,-6.8143444
8140,-3.144665
8141,-0.50292623
8142,-0.52327025
8143,-0.46702045
8144,-0.47435758
8145,-0.47374493
8146,-0.5232514
8147,-0.46692735
8148,-0.5710977
8149,-0.62309045
8150,-0.7096638
8151,-0.7311019
8152,-0.6700888
8153,0.56025326
8154,85.29548
8155,109.32108
8156,180.02911
8157,143.84593
8158,275.25897
8159,356.49234
8160,491.75494
8161,673.96564
8162,509.5541
8163,407.9629
8164,445.24365
8165,400.8514
8166,454.1412
8167,353.07736
8168,477.01315
8169,612.59064
8170,469.7484
8171,520.82886
8172,579.61646
8173,604.1967
8174,636.5426
8175,352.31656
8176,145.1291
8177,363.5156
8178,490.31686
8179,438.88437
8180,545.84955
8181,573.9038
8182,365.2227
8183,331.98325
8184,355.11984
8185,240.81566
8186,266.06107
8187,356.96738
8188,336.73956
8189,486.78183
8190,429.986
8191,567.9462
8192,459.62924
8193,350.8835
8194,322.55502
8195,442.93924
8196,327.13602
8197,380.3094
8198,263.28806
8199,251.62947
8200,237.22675
8201,389.93875
8202,447.20886
8203,298.07724
8204,265.8213
8205,112.759285
8206,175.15494
8207,241.13588
8208,251.24356
8209,337.36365
8210,345.09143
8211,438.85834
8212,363.72955
8213,328.8025
8214,417.66473
8215,494.8355
8216,362.81516
8217,380.25693
8218,379.80365
8219,520.8596
8220,539.4653
8221,549.5953
8222,517.5388
8223,527.34155
8224,488.48895
8225,580.0
8226,640.4757
8227,614.90314
8228,627.8585
8229,484.08203
8230,298.4847
8231,335.83615
8232,614.46796
8233,547.8672
8234,380.77536
8235,410.50656
8236,461.69162
8237,741.3366
8238,734.2665
8239,684.09705
8240,678.5497
8241,645.11066
8242,448.89368
8243,664.17505
8244,933.0138
8245,789.58136
8246,920.3586
8247,622.41534
8248,833.39856
8249,771.31305
8250,887.33527
8251,1053.7151
8252,919.5239
8253,870.68024
8254,1017.47375
8255,1021.6505
8256,1433.3573
8257,1488.4403
8258,1415.2554
8259,1234.2015
8260,1184.5454
8261,1044.5444
8262,950.05646
8263,1165.2007
8264,1212.2766
8265,1270.6616
8266,1285.1919
8267,807.89435
8268,651.54663
8269,774.6898
8270,582.33075
8271,794.4271
8272,763.74884
8273,615.63434
8274,714.2772
8275,914.7757
8276,669.9626
8277,1009.68005
8278,775.9855
8279,498.28122
8280,760.8724
8281,923.43176
8282,897.47296
8283,792.34125
8284,665.4122
8285,445.78802
8286,400.63214
8287,563.07367
8288,667.0282
8289,367.28275
8290,323.93835
8291,258.88544
8292,341.08075
8293,512.0334
8294,533.32666
8295,595.3601
8296,564.0846
8297,619.87305
8298,793.0818
8299,899.17816
8300,688.07434
8301,742.37933
8302,747.45825
8303,726.53485
8304,671.4867
8305,825.70416
8306,568.83203
8307,459.38226
8308,645.8983
8309,636.01776
8310,495.24963
8311,439.7929
8312,382.29892
8313,271.08417
8314,280.52518
8315,331.64105
8316,415.0692
8317,511.72388
8318,367.37573
8319,423.23856
8320,382.91748
8321,450.11044
8322,601.62604
8323,621.7322
8324,532.0251
8325,533.88074
8326,542.6834
8327,612.3851
8328,789.34106
8329,744.9687
8330,471.3718
8331,493.59064
8332,848.47095
8333,728.67053
8334,679.55896
8335,635.81274
8336,635.8067
8337,664.01215
8338,599.3426
8339,563.034
8340,396.16556
8341,568.2146
8342,537.75104
8343,561.918
8344,402.92172
8345,512.81323
8346,391.98065
8347,592.6276
8348,782.5128
8349,966.7474
8350,596.82385
8351,490.93155
8352,438.19974
8353,369.24326
8354,408.9391
8355,268.41846
8356,399.4799
8357,295.93936
8358,396.1926
8359,534.72906
8360,379.85748
8361,420.82596
8362,694.6985
8363,606.4214
8364,698.40204
8365,936.00916
8366,346.45227
8367,400.78488
8368,299.63742
8369,161.61255
8370,438.80682
8371,324.99548
8372,249.2168
8373,404.3296
8374,336.11246
8375,286.8616
8376,377.98682
8377,427.2305
8378,639.4804
8379,602.50995
8380,480.59674
8381,565.3813
8382,1011.97516
8383,1034.1481
8384,1471.7242
8385,1526.715
8386,1177.0204
8387,1252.2064
8388,1305.5272
8389,730.37537
8390,727.2859
8391,1542.3689
8392,1108.6129
8393,1040.4514
8394,1293.7557
8395,1712.223
8396,1459.3816
8397,1547.8695
8398,1138.2914
8399,1267.9144
8400,1345.2363
8401,1374.1079
8402,1009.4905
8403,1032.6733
8404,1099.788
8405,1102.3322
8406,1318.9491
8407,1459.1259
8408,1354.827
8409,1255.5477
8410,1031.8239
8411,934.76636
8412,1007.6614
8413,982.74255
8414,1267.258
8415,1619.4808
8416,1686.3163
8417,1910.0896
8418,1800.8344
8419,1697.032
8420,1669.6729
8421,1467.7102
8422,1445.6965
8423,1694.8872
8424,1710.6753
8425,1788.5382
8426,1800.7153
8427,1820.7996
8428,1550.7068
8429,1638.4747
8430,1773.8116
8431,1810.0234
8432,1755.165
8433,1773.5013
8434,2018.3628
8435,2018.2815
8436,2026.3104
8437,2022.17
8438,2002.5013
8439,2004.9391
8440,2028.3712
8441,2027.626
8442,2029.1925
8443,2010.3336
8444,1791.8624
8445,1900.9498
8446,2000.954
8447,1980.3196
8448,1990.4817
8449,1958.0271
8450,1594.6309
8451,1024.9235
8452,504.51654
8453,941.5441
8454,1724.025
8455,1755.5162
8456,1637.0692
8457,1212.3593
8458,1613.9789
8459,1634.3418
8460,1622.2891
8461,1543.8741
8462,1550.1796
8463,1150.2098
8464,1384.4154
8465,1696.404
8466,1971.9456
8467,1960.4651
8468,1797.0548
8469,1842.0986
8470,1854.683
8471,1800.3682
8472,1869.6011
8473,1796.0682
8474,1634.2549
8475,1723.6814
8476,1798.199
8477,1654.3177
8478,1608.0084
8479,1687.5715
8480,1681.3431
8481,1773.1182
8482,1428.6953
8483,1045.8597
8484,1211.2723
8485,1423.609
8486,1350.2042
8487,1873.7369
8488,1976.1213
8489,1834.1696
8490,1744.0469
8491,1561.7272
8492,1631.0406
8493,1722.429
8494,1410.7612
8495,1222.9506
8496,1516.1926
8497,1651.9604
8498,1577.1958
8499,1786.5217
8500,1907.7406
8501,1789.7766
8502,1938.3618
8503,1582.1819
8504,1560.5194
8505,1791.528
8506,1652.2499
8507,1651.9176
8508,1255.3823
8509,1341.7897
8510,1019.8393
8511,545.5675
8512,975.81195
8513,641.7038
8514,576.0102
8515,326.90427
8516,407.82706
8517,559.4951
8518,305.76773
8519,549.6984
8520,470.05826
8521,287.13248
8522,401.97192
8523,682.46014
8524,808.87115
8525,622.74207
8526,770.33997
8527,728.9465
8528,553.00696
8529,-2.4904065
8530,-1.6076549
8531,71.75872
8532,831.65576
8533,479.5389
8534,509.49408
8535,401.15054
8536,898.0553
8537,587.5843
8538,922.1917
8539,785.1868
8540,627.53326
8541,778.91077
8542,1089.2441
8543,1840.9369
8544,1973.2145
8545,2011.8583
8546,2012.4524
8547,2017.7795
8548,1978.1749
8549,2006.4158
8550,2012.5508
8551,2029.1084
8552,2014.5685
8553,2018.0117
8554,1986.2485
8555,1813.6946
8556,1985.6055
8557,1961.3853
8558,1756.5509
8559,1730.2318
8560,1879.705
8561,1292.0428
8562,1143.2449
8563,1431.656
8564,1703.079
8565,1463.8501
8566,1615.0126
8567,1602.9335
8568,1388.2067
8569,1077.9845
8570,975.62506
8571,1101.83
8572,907.8888
8573,886.10815
8574,932.98254
8575,740.6721
8576,414.45673
8577,718.73706
8578,670.68884
8579,694.97925
8580,824.40125
8581,1127.277
8582,1774.2267
8583,1883.3782
8584,1639.8201
8585,1317.8303
8586,1148.447
8587,1272.4973
8588,1324.2189
8589,1165.753
8590,1536.9047
8591,1460.6094
8592,1417.7637
8593,1721.6846
8594,1789.2788
8595,1519.2385
8596,1500.2582
8597,1636.1122
8598,1397.636
8599,1591.6177
8600,1469.5786
8601,1685.0883
8602,1700.9104
8603,1661.5338
8604,1625.4196
8605,1773.1273
8606,1871.6671
8607,1875.4359
8608,1768.2784
8609,1679.2394
8610,1410.9106
8611,1458.37
8612,1838.1932
8613,1886.6731
8614,1819.461
8615,1827.2465
8616,1821.269
8617,1875.5527
8618,1851.7883
8619,1882.5498
8620,1713.1932
8621,1665.7067
8622,1657.5739
8623,1768.6368
8624,1777.6426
8625,1472.6481
8626,1247.6958
8627,1414.2422
8628,1447.4567
8629,1797.7656
8630,1558.4886
8631,1547.1621
8632,1386.2384
8633,1497.5736
8634,1354.9802
8635,1658.1056
8636,1735.7034
8637,1554.5635
8638,1375.2161
8639,1237.8031
8640,1203.4426
8641,1566.373
8642,1700.6759
8643,1501.9609
8644,1437.1891
8645,1325.9467
8646,1425.453
8647,1366.4202
8648,1642.9038
8649,1572.1582
8650,1739.4894
8651,1537.5469
8652,1413.5375
8653,1396.0219
8654,1397.333
8655,1488.5112
8656,1527.6444
8657,1074.9246
8658,1193.2037
8659,1293.5753
8660,1128.4476
8661,1045.8142
8662,932.3575
8663,760.5061
8664,886.1086
8665,1077.4102
8666,1118.9019
8667,1219.6306
8668,936.3204
8669,1041.3477
8670,854.1694
8671,737.29626
8672,708.3489
8673,685.3325
8674,940.3523
8675,1107.4395
8676,935.666
8677,1114.2688
8678,1278.1215
8679,1195.311
8680,1311.8945
8681,1168.821
8682,1047.754
8683,1207.335
8684,1319.8022
8685,1126.2695
8686,1274.0913
8687,1500.9136
8688,1251.593
8689,1153.9374
8690,1592.5217
8691,1002.44446
8692,1158.6952
8693,1097.995
8694,1865.1406
8695,1701.3119
8696,1771.4541
8697,1835.7891
8698,1232.2098
8699,1525.9429
8700,1874.98
8701,1943.4089
8702,1548.9912
8703,1275.0868
8704,1848.0222
8705,1579.2423
8706,1635.4155
8707,1206.6534
8708,1454.3154
8709,1809.1865
8710,1866.8062
8711,1690.563
8712,1515.0928
8713,1567.5295
8714,1639.9408
8715,1750.1897
8716,1507.3685
8717,1747.6512
8718,1546.1052
8719,1341.751
8720,1257.6969
8721,1601.8527
8722,1308.9026
8723,1185.7535
8724,1468.0089
8725,1399.5742
8726,1569.2898
8727,1301.1372
8728,1486.167
8729,1730.2893
8730,1431.0625
8731,1343.4329
8732,1616.4004
8733,1620.6531
8734,1615.0826
8735,1850.3419
8736,1848.7006
8737,1874.4636
8738,1852.3357
8739,1855.7491
8740,1922.2247
8741,1944.4064
8742,1701.0643
8743,1846.7277
8744,1855.0011
8745,1825.5028
8746,1526.535
8747,1523.8503
8748,1297.117
8749,1176.9292
8750,1252.3467
8751,1173.9507
8752,943.59357
8753,1251.7648
8754,1660.1326
8755,1847.2532
8756,1832.3934
8757,1957.3566
8758,1922.354
8759,1892.1132
8760,1927.0165
8761,1934.4922
8762,1783.6942
8763,1816.407
8764,1610.9897
8765,1745.1565
8766,1744.6814
8767,1489.6116
8768,1566.5607
8769,1831.9513
8770,1774.361
8771,1581.0654
8772,1484.4801
8773,1441.7521
8774,1483.3737
8775,1249.3453
8776,1235.8779
8777,1164.3593
8778,1282.8281
8779,1139.78
8780,1105.5104
8781,1061.2911
8782,1300.787
8783,1298.8618
8784,1479.5885
8785,1404.1538
8786,1267.769
8787,1441.4861
8788,1226.6846
8789,1132.0012
8790,1107.8982
8791,1229.6755
8792,1044.6534
8793,1042.0494
8794,896.67474
8795,1106.0889
8796,1090.6172
8797,1158.4237
8798,956.49194
8799,1281.3184
8800,1102.087
8801,1129.3304
8802,862.8852
8803,876.1843
8804,1033.2208
8805,1137.9073
8806,1038.0924
8807,1011.1058
8808,810.696
8809,1158.3983
8810,1326.2839
8811,1484.4822
8812,995.3154
8813,1466.3612
8814,1482.3282
8815,1589.0607
8816,1480.1001
8817,1434.8682
8818,1294.5569
8819,995.45886
8820,1176.8033
8821,1029.4601
8822,1262.4236
8823,1108.1075
8824,1278.3207
8825,1080.6711
8826,1014.55457
8827,986.0066
8828,1535.8702
8829,1456.6388
8830,1198.6675
8831,1470.3784
8832,1176.7968
8833,863.5735
8834,1197.0038
8835,525.0895
8836,778.9407
8837,817.2223
8838,332.6936
8839,1052.3716
8840,776.4872
8841,858.5674
8842,1131.0962
8843,1046.0907
8844,721.83887
8845,568.0323
8846,684.8727
8847,1128.0775
8848,607.1379
8849,295.3517
8850,405.51364
8851,259.17697
8852,433.91547
8853,296.07556
8854,689.5677
8855,383.22516
8856,771.3451
8857,435.81326
8858,282.36203
8859,292.61462
8860,428.18088
8861,499.25586
8862,462.63376
8863,438.43344
8864,430.0478
8865,372.1926
8866,124.361465
8867,185.14198
8868,282.35382
8869,323.38873
8870,330.509
8871,319.7142
8872,281.97797
8873,338.88077
8874,359.72537
8875,308.5306
8876,318.89288
8877,325.31168
8878,252.44666
8879,205.72633
8880,209.87895
8881,125.901245
8882,99.90438
8883,81.07762
8884,78.92787
8885,70.92777
8886,50.722027
8887,9.714905
8888,13.651266
8889,0.40305573
8890,-7.2064567
8891,-2.721579
8892,-0.5777732
8893,-0.5544579
8894,-0.3948639
8895,-0.28753382
8896,-0.31042868
8897,-0.22063787
8898,-0.39758137
8899,-0.503644
8900,6.42126
8901,37.588062
8902,43.152523
8903,31.19604
8904,32.592937
8905,36.202225
8906,69.5981
8907,149.77242
8908,265.9968
8909,238.40111
8910,215.5676
8911,229.86348
8912,138.44627
8913,154.72598
8914,113.752945
8915,96.79637
8916,138.55193
8917,165.88857
8918,216.44408
8919,204.02473
8920,280.27707
8921,362.33264
8922,442.88785
8923,459.258
8924,544.8538
8925,354.7691
8926,189.93199
8927,235.10252
8928,356.3197
8929,284.74878
8930,415.90598
8931,516.0677
8932,589.085
8933,576.7397
8934,488.39212
8935,573.3449
8936,408.3184
8937,259.78766
8938,141.8976
8939,160.0215
8940,144.37897
8941,262.2422
8942,131.54819
8943,66.32965
8944,116.587685
8945,200.75404
8946,285.83585
8947,294.45016
8948,277.53442
8949,255.11224
8950,313.43457
8951,206.07355
8952,187.9647
8953,157.40591
8954,194.65565
8955,290.46536
8956,204.77396
8957,327.1334
8958,452.79263
8959,721.5261
8960,1109.3735
8961,1280.5709
8962,1338.5148
8963,1298.7203
8964,959.0602
8965,976.9612
8966,1027.0255
8967,1008.7634
8968,932.5358
8969,526.4433
8970,441.78595
8971,427.92972
8972,1031.1417
8973,1069.0002
8974,984.6917
8975,1187.167
8976,735.8868
8977,1187.7643
8978,1386.3851
8979,1203.0657
8980,1112.7821
8981,1548.2534
8982,1525.3562
8983,1603.9977
8984,1303.2699
8985,1823.54
8986,1796.3861
8987,1810.6447
8988,1596.8972
8989,1679.5463
8990,1787.3013
8991,1758.8613
8992,1696.5358
8993,1865.5359
8994,1820.7516
8995,1791.6128
8996,1819.7595
8997,1821.114
8998,1845.47
8999,1861.7339
9000,1860.1633
9001,1860.9338
9002,1848.6615
9003,1848.9534
9004,1852.7589
9005,1776.9067
9006,1858.8376
9007,1758.9707
9008,1821.4324
9009,1648.8483
9010,1779.792
9011,1751.1803
9012,1537.5231
9013,1602.8695
9014,1599.8077
9015,1349.571
9016,1353.0691
9017,1173.0995
9018,1244.4061
9019,1202.7899
9020,1529.4862
9021,1528.2217
9022,1435.2369
9023,1700.7524
9024,1394.2023
9025,1256.75
9026,1275.596
9027,1311.6488
9028,1544.0662
9029,1699.2513
9030,1908.0004
9031,1844.657
9032,1857.3281
9033,1852.2223
9034,1852.0372
9035,1884.3109
9036,1902.7994
9037,1904.7902
9038,1860.2612
9039,1852.6986
9040,1845.4998
9041,1863.7379
9042,1846.2161
9043,1838.7769
9044,1912.1925
9045,1910.1711
9046,1859.3726
9047,1905.6345
9048,1854.4443
9049,1843.9458
9050,1848.9877
9051,1835.555
9052,1711.9613
9053,1630.1053
9054,1639.728
9055,1357.3894
9056,1290.771
9057,1022.66064
9058,1025.563
9059,683.903
9060,239.28041
9061,222.71806
9062,256.4616
9063,401.10446
9064,341.82846
9065,394.37592
9066,335.8761
9067,268.0191
9068,256.67218
9069,287.0062
9070,301.70483
9071,261.56708
9072,229.21902
9073,261.38443
9074,215.21223
9075,153.50058
9076,64.400116
9077,14.865681
9078,-1.2293314
9079,-1.3956002
9080,52.611404
9081,33.916523
9082,25.444672
9083,66.42903
9084,78.46143
9085,95.39495
9086,118.949615
9087,129.70532
9088,156.96753
9089,173.69943
9090,127.691444
9091,84.83785
9092,125.94507
9093,151.74219
9094,195.52698
9095,173.65565
9096,90.9586
9097,50.30403
9098,64.262856
9099,56.643776
9100,64.9921
9101,90.42798
9102,151.52715
9103,154.05061
9104,86.06008
9105,72.03147
9106,23.208849
9107,137.81613
9108,135.32077
9109,151.3689
9110,259.5082
9111,406.30347
9112,410.79446
9113,290.47333
9114,400.74896
9115,344.20193
9116,361.86584
9117,0.6761291
9118,146.00435
9119,82.84693
9120,1294.8922
9121,1890.296
9122,1826.3049
9123,1572.6127
9124,1347.3611
9125,1342.04
9126,1347.0874
9127,1289.2473
9128,1325.533
9129,1596.6119
9130,1170.2131
9131,984.62555
9132,767.6312
9133,656.52405
9134,1230.7566
9135,1119.0964
9136,579.3513
9137,315.48462
9138,73.111595
9139,469.76355
9140,249.95927
9141,387.1827
9142,754.7068
9143,799.3525
9144,607.305
9145,644.18225
9146,1097.5885
9147,1327.6622
9148,1379.4493
9149,1306.0314
9150,726.9123
9151,480.3094
9152,690.71674
9153,522.67487
9154,476.13577
9155,425.8329
9156,438.51062
9157,617.0495
9158,462.10815
9159,1208.986
9160,1092.1051
9161,1097.8938
9162,1141.3187
9163,1616.7003
9164,1471.6512
9165,1424.9417
9166,1210.8086
9167,1454.2192
9168,1020.7799
9169,1009.41644
9170,880.9816
9171,1007.5104
9172,900.96204
9173,935.4519
9174,1033.1615
9175,982.4534
9176,952.2956
9177,895.86975
9178,715.7834
9179,851.9525
9180,923.7569
9181,745.9014
9182,1010.65875
9183,1224.898
9184,1182.0508
9185,1257.5193
9186,1152.7028
9187,1056.7391
9188,1060.0054
9189,989.4283
9190,1188.9473
9191,871.532
9192,713.39667
9193,1005.1029
9194,1088.7064
9195,1232.3132
9196,1481.8585
9197,1314.2649
9198,1316.661
9199,1292.262
9200,1082.8899
9201,969.68567
9202,994.2842
9203,961.7225
9204,1031.043
9205,943.8239
9206,851.51086
9207,672.3356
9208,572.8907
9209,724.72284
9210,744.1392
9211,542.1581
9212,581.272
9213,458.35388
9214,395.93036
9215,396.51804
9216,417.43506
9217,448.12656
9218,490.81448
9219,821.4399
9220,1104.4556
9221,1104.1764
9222,1054.8778
9223,699.54584
9224,862.17926
9225,628.4
9226,754.728
9227,745.1862
9228,511.23972
9229,613.9428
9230,717.0218
9231,660.81146
9232,723.0471
9233,863.7099
9234,844.19354
9235,972.53503
9236,1030.7374
9237,431.76978
9238,690.8166
9239,788.5616
9240,737.8713
9241,958.5833
9242,1004.64264
9243,903.2206
9244,878.7076
9245,1019.0996
9246,804.1708
9247,963.50134
9248,1216.5396
9249,872.9847
9250,1355.4425
9251,1247.3679
9252,1602.7058
9253,1860.3485
9254,1225.155
9255,1375.4066
9256,1491.8396
9257,1774.5764
9258,1360.5475
9259,1459.5079
9260,1963.8789
9261,1496.2927
9262,1573.0099
9263,1814.2017
9264,1920.6378
9265,1919.4595
9266,1826.1989
9267,1671.9889
9268,1739.1378
9269,1955.2886
9270,1899.4501
9271,1881.5947
9272,1875.3947
9273,1810.7738
9274,1697.3702
9275,1825.5161
9276,1821.1495
9277,1777.9138
9278,1725.6439
9279,1757.5831
9280,1811.654
9281,1643.7959
9282,1574.8196
9283,1511.3955
9284,1283.3358
9285,1572.2708
9286,1845.7599
9287,1808.616
9288,1855.218
9289,1612.2903
9290,1483.4208
9291,1464.9941
9292,1155.9479
9293,1193.3622
9294,1305.7213
9295,1062.968
9296,1167.1533
9297,1178.3173
9298,1725.7876
9299,1656.1823
9300,1658.4152
9301,1654.0411
9302,1701.0366
9303,1710.1034
9304,1743.479
9305,1697.4325
9306,1523.8079
9307,1601.0549
9308,1787.3071
9309,1620.5969
9310,1534.1924
9311,1371.1847
9312,1150.3357
9313,995.18225
9314,1425.9257
9315,1266.4963
9316,1306.368
9317,1227.807
9318,1284.3931
9319,1309.0688
9320,1187.5005
9321,1364.8102
9322,1404.8055
9323,1669.6915
9324,1607.2552
9325,1484.5859
9326,1684.3378
9327,1621.1366
9328,1505.8748
9329,1567.6552
9330,1618.9199
9331,1516.127
9332,1459.4053
9333,1585.7937
9334,1596.422
9335,1530.532
9336,1500.4792
9337,1645.3757
9338,1633.4767
9339,1618.438
9340,1637.5977
9341,1591.1661
9342,1601.7771
9343,1559.0371
9344,1697.7297
9345,1707.3823
9346,1655.8325
9347,1662.105
9348,1330.8542
9349,1309.2222
9350,1596.3593
9351,1428.141
9352,1389.7332
9353,1431.6517
9354,1555.9464
9355,1490.083
9356,1523.8176
9357,1379.4749
9358,1318.5875
9359,1401.6117
9360,1469.9401
9361,1105.902
9362,1316.0237
9363,1401.2227
9364,1204.8583
9365,1245.0349
9366,1221.7341
9367,1314.6007
9368,1277.8912
9369,1252.3146
9370,1084.428
9371,756.7886
9372,703.25555
9373,650.9132
9374,721.53235
9375,684.3927
9376,720.89484
9377,914.6128
9378,1080.8214
9379,1068.2867
9380,904.80524
9381,985.7131
9382,999.63806
9383,642.88873
9384,534.9559
9385,497.1357
9386,436.8254
9387,490.2372
9388,610.29266
9389,535.8354
9390,239.23148
9391,167.01826
9392,194.84285
9393,128.44447
9394,116.9182
9395,92.31254
9396,187.78937
9397,126.38133
9398,179.94594
9399,279.47183
9400,255.50542
9401,350.2435
9402,317.51855
9403,223.27834
9404,326.8868
9405,420.7451
9406,449.87927
9407,314.39786
9408,128.15027
9409,119.46251
9410,58.884064
9411,4.396579
9412,31.054916
9413,69.377
9414,18.045486
9415,-3.4922888
9416,-1.810714
9417,-1.8082674
9418,-1.6721202
9419,-1.6368665
9420,-1.7157117
9421,-1.3321266
9422,-1.021983
9423,-0.75443196
9424,-0.944072
9425,-0.7749571
9426,-0.8199053
9427,42.52393
9428,53.67267
9429,83.87858
9430,164.07555
9431,362.71515
9432,342.72153
9433,302.8072
9434,318.98532
9435,610.59595
9436,793.8101
9437,771.23846
9438,837.1582
9439,781.92163
9440,746.086
9441,840.806
9442,660.58453
9443,627.3877
9444,631.78314
9445,834.4678
9446,626.5172
9447,623.3531
9448,402.25806
9449,820.98706
9450,807.0954
9451,676.1367
9452,1000.25275
9453,854.17456
9454,1102.266
9455,845.7784
9456,933.05145
9457,1043.3734
9458,921.4165
9459,886.403
9460,845.3074
9461,965.68085
9462,839.6606
9463,775.8508
9464,1013.43744
9465,1174.8873
9466,892.8271
9467,1197.5808
9468,972.8466
9469,692.6209
9470,1210.5706
9471,713.70056
9472,644.67126
9473,861.3288
9474,769.7535
9475,845.5402
9476,677.2836
9477,835.31433
9478,900.7364
9479,745.4099
9480,909.6197
9481,725.3755
9482,618.65393
9483,533.7013
9484,456.17352
9485,479.81326
9486,401.10544
9487,210.7068
9488,292.8741
9489,215.63405
9490,232.8276
9491,313.5818
9492,251.98799
9493,251.71068
9494,200.27977
9495,225.84813
9496,225.4967
9497,265.7671
9498,200.21269
9499,157.62204
9500,187.871
9501,168.03918
9502,307.93265
9503,196.99974
9504,163.80408
9505,220.03474
9506,203.9443
9507,170.32271
9508,149.20801
9509,101.59842
9510,114.18975
9511,154.65714
9512,122.04167
9513,92.757744
9514,173.08551
9515,180.34958
9516,303.56882
9517,384.651
9518,302.8151
9519,398.49826
9520,244.69174
9521,255.1392
9522,197.4793
9523,545.8617
9524,249.737
9525,269.02316
9526,207.16176
9527,330.0936
9528,151.63853
9529,97.340706
9530,137.77573
9531,131.09952
9532,166.43625
9533,258.4378
9534,217.26663
9535,215.16296
9536,300.08057
9537,345.2352
9538,289.68915
9539,169.51677
9540,98.78011
9541,202.85986
9542,159.27599
9543,129.31967
9544,183.90002
9545,132.64824
9546,146.71315
9547,288.9876
9548,219.3165
9549,205.75017
9550,280.66333
9551,203.24803
9552,400.04285
9553,129.62924
9554,122.749275
9555,255.54608
9556,483.11948
9557,493.38028
9558,644.48193
9559,615.23505
9560,472.53555
9561,292.85266
9562,51.281895
9563,69.672806
9564,145.76878
9565,400.31885
9566,236.9226
9567,172.58704
9568,168.39172
9569,215.08557
9570,104.92297
9571,229.419
9572,157.78383
9573,128.41638
9574,152.57942
9575,1044.9104
9576,556.9956
9577,327.64316
9578,347.72708
9579,346.82236
9580,54.772694
9581,79.99717
9582,111.93677
9583,161.03104
9584,245.26862
9585,271.32703
9586,257.51996
9587,288.3571
9588,199.04892
9589,114.378136
9590,228.74472
9591,388.7087
9592,448.51486
9593,669.745
9594,589.10516
9595,443.5123
9596,457.4454
9597,457.03326
9598,484.95013
9599,404.74417
9600,354.54666
9601,241.03917
9602,180.2831
9603,240.60384
9604,134.68356
9605,175.83408
9606,255.58392
9607,240.65222
9608,189.92441
9609,224.0833
9610,348.05258
9611,356.74698
9612,426.9916
9613,392.01688
9614,300.01462
9615,252.28935
9616,267.65152
9617,296.5944
9618,201.68239
9619,149.2846
9620,184.32976
9621,245.46861
9622,195.44713
9623,213.57512
9624,192.37297
9625,204.55684
9626,184.01392
9627,151.55502
9628,214.31082
9629,213.98856
9630,165.148
9631,207.88542
9632,147.43141
9633,203.33818
9634,177.0848
9635,221.01906
9636,273.28845
9637,252.98984
9638,251.8476
9639,257.03464
9640,238.42093
9641,214.66457
9642,273.4445
9643,411.45743
9644,393.65207
9645,405.00595
9646,395.43832
9647,405.5
9648,525.32935
9649,511.62903
9650,662.5682
9651,661.9731
9652,691.6777
9653,764.3742
9654,881.21716
9655,938.6241
9656,893.1219
9657,983.4485
9658,848.43744
9659,846.21454
9660,778.0357
9661,562.4064
9662,490.79947
9663,469.69052
9664,608.77673
9665,516.8705
9666,610.7418
9667,889.9182
9668,870.39996
9669,943.7739
9670,1059.0259
9671,1254.939
9672,1253.9825
9673,1453.6844
9674,1413.3215
9675,1214.1476
9676,1267.6722
9677,1121.6123
9678,1228.1816
9679,1201.0182
9680,1042.3976
9681,1375.3105
9682,1180.4991
9683,1251.0479
9684,1039.0731
9685,784.9526
9686,650.4009
9687,955.7236
9688,798.5004
9689,886.1671
9690,717.2668
9691,705.65076
9692,630.4477
9693,838.7512
9694,691.9358
9695,674.02325
9696,642.07336
9697,593.6848
9698,631.07654
9699,710.1597
9700,680.7805
9701,648.60626
9702,771.89325
9703,682.32745
9704,648.23486
9705,777.61194
9706,736.476
9707,809.5966
9708,1020.2241
9709,996.05084
9710,736.9836
9711,837.31055
9712,1094.5651
9713,1145.4329
9714,1017.2115
9715,1020.5878
9716,936.97205
9717,999.41583
9718,1018.1117
9719,661.4589
9720,679.56024
9721,649.6791
9722,547.47766
9723,461.44943
9724,610.5901
9725,536.6632
9726,584.4473
9727,619.81824
9728,688.93396
9729,805.0094
9730,1063.6204
9731,942.4368
9732,1153.1833
9733,936.5554
9734,996.97107
9735,1208.2759
9736,1049.5414
9737,1395.3512
9738,1427.4694
9739,1391.6688
9740,1509.3901
9741,1376.9794
9742,1198.003
9743,940.7428
9744,1095.4868
9745,1009.24884
9746,940.5858
9747,1169.1578
9748,1099.502
9749,1039.2633
9750,1092.3141
9751,799.67096
9752,1003.0829
9753,887.73004
9754,987.30505
9755,1145.3129
9756,1250.188
9757,1179.1847
9758,1178.4961
9759,1121.0688
9760,1152.1967
9761,1074.8367
9762,1241.5332
9763,1280.4282
9764,730.2516
9765,929.0249
9766,1130.3331
9767,1126.2373
9768,865.6998
9769,1045.163
9770,888.3972
9771,829.3844
9772,921.8817
9773,1043.951
9774,977.38666
9775,1014.7739
9776,819.71716
9777,927.61005
9778,1229.8441
9779,965.7211
9780,919.92786
9781,1043.2775
9782,873.11536
9783,1072.5104
9784,770.936
9785,1077.988
9786,1053.6315
9787,882.9077
9788,780.5258
9789,963.9035
9790,1034.0103
9791,966.3365
9792,958.3681
9793,930.33734
9794,840.9914
9795,588.4852
9796,497.56302
9797,595.82214
9798,650.0273
9799,738.2334
9800,573.3081
9801,579.1352
9802,586.9207
9803,443.11664
9804,522.06714
9805,492.16238
9806,623.9379
9807,706.01263
9808,850.48566
9809,780.1582
9810,636.0277
9811,638.10596
9812,992.06305
9813,1015.759
9814,945.85364
9815,1053.5854
9816,965.40375
9817,37.338326
9818,354.82706
9819,869.2527
9820,1058.5215
9821,761.8432
9822,786.5167
9823,784.47595
9824,864.2571
9825,822.81354
9826,638.59454
9827,524.4972
9828,773.96954
9829,481.04947
9830,514.4473
9831,616.9349
9832,667.01587
9833,415.1304
9834,433.81433
9835,414.21854
9836,364.70142
9837,434.46014
9838,560.2322
9839,751.4902
9840,672.4581
9841,629.1579
9842,745.0209
9843,707.97327
9844,851.0937
9845,801.79126
9846,729.78827
9847,1030.0944
9848,984.094
9849,699.08563
9850,834.3085
9851,879.8987
9852,720.70435
9853,641.55145
9854,481.12726
9855,626.7291
9856,367.55734
9857,546.44226
9858,627.21326
9859,495.67502
9860,267.20444
9861,448.96594
9862,437.12122
9863,692.6909
9864,494.68375
9865,351.25623
9866,462.75345
9867,392.89017
9868,483.756
9869,322.2241
9870,314.02457
9871,459.45364
9872,371.8088
9873,335.69595
9874,262.17346
9875,287.47815
9876,227.63094
9877,415.18533
9878,486.95776
9879,354.7831
9880,373.63873
9881,312.40097
9882,278.53732
9883,305.5287
9884,394.17123
9885,241.85693
9886,290.37958
9887,359.44107
9888,287.51178
9889,333.5221
9890,184.29514
9891,187.5329
9892,191.67447
9893,217.38127
9894,241.44165
9895,226.67357
9896,251.51721
9897,283.95328
9898,343.03232
9899,210.82188
9900,121.66786
9901,38.855255
9902,43.270947
9903,11.278489
9904,35.13594
9905,346.05786
9906,275.73428
9907,115.62221
9908,142.10811
9909,50.27136
9910,222.26527
9911,174.93047
9912,221.09552
9913,152.12236
9914,92.57495
9915,106.02683
9916,164.68929
9917,153.76648
9918,141.34972
9919,154.14218
9920,93.86311
9921,121.65681
9922,106.571045
9923,69.822
9924,30.986448
9925,16.004223
9926,3.9257624
9927,7.913318
9928,-5.4669094
9929,-2.6627252
9930,-0.44100943
9931,-0.41039917
9932,-0.44963682
9933,-0.42798355
9934,-0.41851112
9935,-0.3145218
9936,-0.19608343
9937,-0.19608343
9938,-0.32842776
9939,-0.17879906
9940,-0.15991439
9941,-0.14408903
9942,-0.17272617
9943,-0.25937977
9944,-0.21793978
9945,-0.2799241
9946,-0.31779018
9947,-0.31891096
9948,-0.3437222
9949,-0.31008548
9950,-0.35309488
9951,-0.4201671
9952,-0.46141988
9953,-0.47058555
9954,-0.3466369
9955,-0.2778176
9956,-0.3108525
9957,-0.2821707
9958,-0.25127265
9959,-0.27973396
9960,-0.2719188
9961,-0.35987478
9962,-0.37845406
9963,-0.42455098
9964,-0.29325685
9965,-0.47467586
9966,-0.4247337
9967,-0.40790814
9968,-0.43206292
9969,-0.41751027
9970,-0.34139562
9971,-0.32991207
9972,-0.31369933
9973,-0.2752773
9974,-0.2879151
9975,-0.35957262
9976,-0.3384632
9977,-0.35293734
9978,-0.3541162
9979,-0.32770863
9980,-0.37432808
9981,-0.3704435
9982,-0.48609328
9983,-0.50939107
9984,-0.37121665
9985,-0.38116398
9986,-0.40313673
9987,-0.41944468
9988,-0.42962566
9989,-0.43500343
9990,-0.47551474
9991,-0.44531503
9992,-0.41981402
9993,-0.44285545
9994,-0.45744506
9995,-0.4609804
9996,-0.5746362
9997,-0.60371566
9998,-0.512481
9999,-0.5522833
10000,-0.57872593
10001,-0.5669615
10002,-0.5789706
10003,-0.5316697
10004,-0.52667373
10005,-0.5706891
10006,-0.46894908
10007,-0.63688517
10008,-0.6198665
10009,-0.6243183
10010,-0.6445898
10011,-0.6427551
10012,-0.6221146
10013,-0.6560039
10014,-0.46768773
10015,-0.4213377
10016,-0.5722881
10017,-0.622989
10018,32.48344
10019,50.024197
10020,69.344925
10021,78.16445
10022,131.2003
10023,191.1736
10024,283.58536
10025,375.3793
10026,426.239
10027,388.07413
10028,356.21112
10029,332.78702
10030,267.65103
10031,127.444214
10032,64.403465
10033,21.44683
10034,46.772877
10035,95.337006
10036,90.07979
10037,119.40505
10038,137.2962
10039,169.78036
10040,164.11494
10041,167.07205
10042,177.72519
10043,172.49373
10044,169.45355
10045,169.33098
10046,195.52412
10047,154.13942
10048,136.97447
10049,141.55377
10050,180.85306
10051,139.41528
10052,87.01974
10053,107.16796
10054,198.71936
10055,211.11137
10056,144.64168
10057,132.06065
10058,142.64212
10059,125.81266
10060,105.3054
10061,83.10386
10062,102.72052
10063,132.14503
10064,153.32532
10065,130.65564
10066,90.50132
10067,68.18646
10068,34.014954
10069,41.26407
10070,48.191242
10071,84.26577
10072,76.4541
10073,70.52933
10074,76.46687
10075,84.81629
10076,71.94704
10077,21.166475
10078,33.71626
10079,20.009602
10080,18.228476
10081,25.131725
10082,15.92576
10083,26.31144
10084,45.240593
10085,50.721798
10086,55.245544
10087,52.254314
10088,46.52503
10089,89.07725
10090,133.2058
10091,122.91245
10092,165.87354
10093,220.40372
10094,210.23822
10095,210.09547
10096,189.09013
10097,163.6848
10098,128.312
10099,95.93874
10100,86.42785
10101,95.35824
10102,86.6937
10103,58.765053
10104,73.94864
10105,69.66434
10106,57.591496
10107,30.36189
10108,7.1262364
10109,-6.4405923
10110,-7.0549655
10111,3.4263194
10112,0.14956008
10113,-3.6515284
10114,-0.523156
10115,-0.52585864
10116,-0.61759955
10117,-0.5240355
10118,-0.58616346
10119,-0.5136008
10120,-0.49921358
10121,-0.5253265
10122,-0.5267613
10123,-0.5211687
10124,-0.5375544
10125,-0.61881316
10126,-0.34876454
10127,-0.43222925
10128,-0.23407415
10129,-0.1409745
10130,-0.059268024
10131,-0.4208509
10132,-0.2902751
10133,-0.0781039
10134,-0.11820726
10135,-0.13397686
10136,-0.13878374
10137,-0.2550992
10138,-0.384436
10139,-0.42191786
10140,-0.4825255
10141,-0.707776
10142,3.2696877
10143,54.78421
10144,33.49891
10145,30.650385
10146,29.513493
10147,11.603768
10148,4.2838783
10149,28.212395
10150,19.719105
10151,6.8615904
10152,18.999239
10153,47.317715
10154,85.41472
10155,118.30172
10156,151.17299
10157,183.87863
10158,186.09456
10159,178.34761
10160,149.59872
10161,158.94804
10162,174.72629
10163,185.2231
10164,198.24207
10165,149.2405
10166,116.78148
10167,123.10448
10168,161.12521
10169,149.04103
10170,169.66006
10171,169.78853
10172,166.58951
10173,159.58833
10174,134.43558
10175,129.87355
10176,127.51995
10177,159.8167
10178,140.0986
10179,155.15813
10180,152.43124
10181,157.78526
10182,123.92856
10183,99.1658
10184,79.82353
10185,56.666424
10186,60.267612
10187,36.788677
10188,21.621094
10189,25.321514
10190,41.762352
10191,45.37343
10192,39.77711
10193,35.515003
10194,41.180794
10195,51.58511
10196,51.58226
10197,48.971687
10198,61.44986
10199,21.941723
10200,17.167381
10201,19.882595
10202,23.653742
10203,39.426033
10204,30.939074
10205,14.308151
10206,24.038105
10207,39.478584
10208,35.459934
10209,15.519601
10210,14.868592
10211,11.086012
10212,3.4484446
10213,-7.691578
10214,-7.993539
10215,-1.8881323
10216,11.210928
10217,14.727116
10218,26.144535
10219,20.526379
10220,15.10008
10221,12.078915
10222,29.734705
10223,17.038382
10224,22.346512
10225,43.462658
10226,33.431446
10227,35.43276
10228,70.44011
10229,101.05508
10230,132.34639
10231,184.51434
10232,201.44193
10233,195.27864
10234,220.71373
10235,256.90552
10236,232.73256
10237,211.41716
10238,201.65074
10239,209.11487
10240,196.6181
10241,184.05498
10242,202.0557
10243,132.8453
10244,107.54666
10245,86.266495
10246,85.64517
10247,90.497314
10248,83.53976
10249,51.607147
10250,24.371809
10251,29.098732
10252,12.860317
10253,10.18325
10254,-6.4377084
10255,-4.90286
10256,-0.37682304
10257,2.4432955
10258,-1.6392682
10259,-1.8004225
10260,-1.7294899
10261,-1.8604833
10262,-2.1345124
10263,-1.9049444
10264,-1.8832008
10265,55.09018
10266,70.35402
10267,41.75735
10268,56.681465
10269,50.036774
10270,34.21309
10271,61.707954
10272,7.0005746
10273,9.793962
10274,2.3839767
10275,-0.4785304
10276,3.6981025
10277,42.876415
10278,24.144497
10279,12.368333
10280,10.628618
10281,7.590528
10282,2.609831
10283,-1.0704064
10284,-1.4143368
10285,-0.9439719
10286,-0.9952042
10287,-0.9644601
10288,-0.9939427
10289,-1.1053646
10290,-1.0339509
10291,-1.0083817
10292,-0.9933109
10293,-0.98715127
10294,-0.8613808
10295,-0.85102165
10296,-1.0613852
10297,-0.70328754
10298,-0.6356843
10299,-0.62986004
10300,-0.5925613
10301,-0.5258929
10302,-0.5011554
10303,-0.48388088
10304,-0.48943192
10305,-0.44749653
10306,-0.38070604
10307,20.173954
10308,66.51967
10309,76.19287
10310,47.443024
10311,42.202404
10312,30.186117
10313,9.171335
10314,9.087907
10315,35.33011
10316,107.50523
10317,122.846375
10318,66.74915
10319,21.381983
10320,13.485863
10321,23.090405
10322,45.59776
10323,72.31516
10324,84.93693
10325,91.65191
10326,98.63349
10327,89.9743
10328,165.86693
10329,181.79062
10330,215.38472
10331,170.82306
10332,133.24345
10333,133.56468
10334,125.95182
10335,124.142525
10336,123.97606
10337,95.80455
10338,83.15826
10339,53.112904
10340,81.28904
10341,103.00848
10342,89.47679
10343,96.246826
10344,111.66563
10345,109.571815
10346,103.85748
10347,98.56847
10348,62.33172
10349,49.92589
10350,77.6172
10351,64.8503
10352,33.570274
10353,9.922853
10354,42.10617
10355,37.102886
10356,87.439705
10357,74.900505
10358,54.382988
10359,68.501785
10360,95.36628
10361,108.68029
10362,142.22478
10363,178.00989
10364,115.130264
10365,125.6474
10366,148.85553
10367,141.42564
10368,193.27396
10369,218.43365
10370,259.05643
10371,295.2624
10372,355.58466
10373,383.94815
10374,340.25815
10375,373.4585
10376,395.48444
10377,326.78583
10378,297.05063
10379,318.31607
10380,317.55518
10381,285.60635
10382,259.59702
10383,200.17741
10384,183.85406
10385,197.15431
10386,200.41154
10387,191.35275
10388,130.70924
10389,78.26148
10390,52.72289
10391,42.923183
10392,48.763092
10393,0.5106607
10394,-1.7717454
10395,-1.6708313
10396,-2.363952
10397,-2.2019248
10398,-2.0766382
10399,-2.2147567
10400,-2.1977868
10401,-1.334186
10402,-1.0937098
10403,-0.97799057
10404,-0.8846434
10405,-0.90684795
10406,7.3429637
10407,45.369514
10408,103.50314
10409,101.99762
10410,119.443436
10411,157.27559
10412,141.92363
10413,99.40991
10414,1.6168628
10415,-0.18386875
10416,18.225342
10417,34.930676
10418,44.60446
10419,73.5917
10420,1.6977525
10421,1.4784883
10422,15.022463
10423,121.55792
10424,169.97823
10425,135.01917
10426,187.86833
10427,59.727345
10428,3.4859304
10429,180.23293
10430,138.49336
10431,151.5543
10432,79.84669
10433,219.16713
10434,147.48744
10435,108.41952
10436,172.84178
10437,85.90362
10438,107.10571
10439,119.51379
10440,173.9643
10441,164.20157
10442,109.0554
10443,183.96927
10444,104.73086
10445,59.830128
10446,144.63484
10447,84.68969
10448,77.37813
10449,81.8171
10450,191.43196
10451,394.593
10452,425.2379
10453,279.61908
10454,114.56334
10455,239.01044
10456,161.52705
10457,140.59525
10458,196.00986
10459,192.18262
10460,186.61938
10461,195.09427
10462,264.5867
10463,265.1498
10464,433.42102
10465,360.01727
10466,517.8514
10467,567.55865
10468,445.3838
10469,508.50473
10470,728.74457
10471,675.71155
10472,547.8114
10473,542.3262
10474,615.1612
10475,506.73416
10476,433.5715
10477,387.70074
10478,354.40598
10479,400.6845
10480,378.86887
10481,337.179
10482,380.54028
10483,390.27344
10484,328.05264
10485,353.66806
10486,291.46738
10487,301.74387
10488,298.2005
10489,274.7196
10490,308.0286
10491,312.5292
10492,407.73477
10493,381.8916
10494,336.05368
10495,275.29382
10496,229.0301
10497,214.06615
10498,238.05632
10499,218.12405
10500,196.44434
10501,189.15819
10502,135.03221
10503,68.03967
10504,66.11027
10505,135.26659
10506,132.49982
10507,115.10327
10508,90.27875
10509,56.091877
10510,57.15409
10511,75.48547
10512,47.335373
10513,21.651287
10514,16.7093
10515,15.6400385
10516,11.698401
10517,15.242761
10518,29.330383
10519,17.296803
10520,15.599159
10521,18.309978
10522,10.7228
10523,7.085178
10524,-6.211344
10525,-6.6651506
10526,-6.066068
10527,-2.262434
10528,-2.531892
10529,-2.499391
10530,-2.441342
10531,-2.3626797
10532,-2.4520106
10533,-2.0971067
10534,-1.6591457
10535,-1.0550425
10536,-0.910259
10537,-0.89678466
10538,-0.63715863
10539,-0.4537071
10540,-0.44908735
10541,-0.40787262
10542,-0.40489876
10543,-0.3776113
10544,-0.44527987
10545,-0.4876675
10546,-0.36897787
10547,-0.37149647
10548,-0.37344062
10549,-0.40307045
10550,-0.37337592
10551,-0.40931943
10552,-0.33496675
10553,-0.4622639
10554,-0.8056046
10555,-0.59361917
10556,-0.7736453
10557,-0.5692651
10558,-0.7003083
10559,-0.8276898
10560,-0.7384833
10561,-0.5999508
10562,-0.9466691
10563,-1.4280094
10564,0.22089641
10565,26.480083
10566,34.559574
10567,3.5238214
10568,0.0045037908
10569,-0.8851224
10570,56.62666
10571,93.774925
10572,58.99854
10573,17.780083
10574,71.6275
10575,122.64692
10576,148.18216
10577,113.14801
10578,72.76989
10579,100.31353
10580,132.50792
10581,172.47282
10582,192.2611
10583,58.918556
10584,74.83448
10585,85.66329
10586,72.57506
10587,67.67753
10588,36.0261
10589,24.772938
10590,52.49712
10591,65.510414
10592,35.48522
10593,25.436972
10594,20.251305
10595,-4.689198
10596,28.603918
10597,91.68422
10598,33.294632
10599,40.662754
10600,47.72388
10601,61.947666
10602,9.525257
10603,15.719789
10604,32.091705
10605,81.983734
10606,151.0686
10607,248.84367
10608,208.0613
10609,181.29036
10610,153.11177
10611,150.40535
10612,152.928
10613,127.160965
10614,111.53668
10615,74.71715
10616,35.98032
10617,22.847462
10618,43.51987
10619,87.29944
10620,78.746445
10621,52.823544
10622,32.625137
10623,21.911205
10624,13.535917
10625,-4.909686
10626,-2.8971496
10627,-0.55616695
10628,-0.5831132
10629,-0.6424588
10630,-0.57794905
10631,-0.64123374
10632,-0.57946616
10633,-0.60871905
10634,-0.691976
10635,0.4333529
10636,154.21222
10637,337.78156
10638,247.75601
10639,204.51839
10640,161.92276
10641,146.72462
10642,72.4829
10643,67.135605
10644,23.881847
10645,22.037928
10646,15.001593
10647,-0.31762624
10648,-0.035359237
10649,-3.8046472
10650,-2.1506567
10651,-2.3711054
10652,-2.2079477
10653,-0.6380395
10654,44.440834
10655,7.8229957
10656,61.492012
10657,7.8950152
10658,-3.0207272
10659,-0.53131574
10660,-0.50935495
10661,-0.5035768
10662,-0.49621546
10663,-0.55079937
10664,-0.5879801
10665,-0.58669055
10666,-0.5192557
10667,-0.5010757
10668,-0.53216785
10669,12.841581
10670,74.44817
10671,68.187996
10672,23.809582
10673,70.52291
10674,57.37009
10675,88.01529
10676,126.568436
10677,82.276695
10678,60.237038
10679,57.28209
10680,4.765876
10681,69.35005
10682,89.68589
10683,101.41142
10684,27.677511
10685,27.587454
10686,37.67557
10687,90.32718
10688,124.07875
10689,115.412994
10690,128.17148
10691,51.771515
10692,34.52313
10693,-0.3727055
10694,-0.44385234
10695,-0.4438483
10696,5.493584
10697,76.43423
10698,50.021603
10699,25.76571
10700,3.3053234
10701,-0.4626265
10702,-0.5195003
10703,-0.5165215
10704,-0.56353736
10705,-0.5384444
10706,-0.5275788
10707,-0.47449017
10708,-0.47019124
10709,14.849652
10710,74.92186
10711,43.612034
10712,31.684612
10713,80.190186
10714,87.57844
10715,88.902115
10716,71.286125
10717,63.46331
10718,13.565561
10719,1.8538023
10720,27.018494
10721,40.32979
10722,83.78139
10723,26.437386
10724,59.63013
10725,57.88432
10726,46.40765
10727,83.605865
10728,97.01346
10729,125.461876
10730,125.575874
10731,148.36472
10732,121.73115
10733,118.31659
10734,94.3421
10735,100.49387
10736,155.3781
10737,89.457855
10738,100.2606
10739,186.00902
10740,175.53127
10741,272.60797
10742,279.97552
10743,292.88916
10744,420.5845
10745,331.84326
10746,356.06137
10747,332.61496
10748,263.4249
10749,295.31522
10750,335.7208
10751,407.59045
10752,433.3897
10753,398.42276
10754,431.3254
10755,409.6682
10756,373.2359
10757,413.72742
10758,426.5311
10759,432.44608
10760,409.63458
10761,372.97742
10762,342.088
10763,350.84586
10764,403.12973
10765,392.58148
10766,407.98917
10767,443.1924
10768,417.90152
10769,474.87814
10770,497.16397
10771,458.8707
10772,397.39575
10773,398.9749
10774,354.3444
10775,337.10596
10776,322.903
10777,369.43832
10778,369.19473
10779,388.8175
10780,438.87494
10781,426.79453
10782,453.68567
10783,498.15985
10784,510.98734
10785,459.23752
10786,425.66016
10787,388.01343
10788,383.09915
10789,383.11127
10790,366.46
10791,366.63187
10792,425.6774
10793,489.17163
10794,442.98022
10795,387.9481
10796,357.64893
10797,319.24722
10798,298.44543
10799,259.86905
10800,219.90768
10801,177.9755
10802,183.32422
10803,161.78496
10804,112.82572
10805,149.42975
10806,172.91338
10807,173.01836
10808,196.36983
10809,201.94997
10810,273.4034
10811,313.04617
10812,299.2659
10813,307.8302
10814,355.09918
10815,432.04874
10816,380.03897
10817,278.885
10818,232.13588
10819,137.66092
10820,65.41574
10821,56.396324
10822,32.975773
10823,32.006355
10824,22.941965
10825,39.85922
10826,22.743975
10827,27.960936
10828,22.724142
10829,7.3123846
10830,-6.528804
10831,-2.2765613
10832,-0.49047822
10833,-0.39534608
10834,-0.44760635
10835,-0.34516954
10836,-0.51561576
10837,-0.5495036
10838,-0.50316745
10839,-0.5032481
10840,-0.50720716
10841,-0.589679
10842,-0.6220231
10843,-0.62212265
10844,-0.5342532
10845,-0.55025434
10846,-0.62419236
10847,-0.5536256
10848,-0.6296129
10849,-0.61541283
10850,-0.3608715
10851,-0.39783695
10852,-0.51535755
10853,-0.38654897
10854,-0.36325255
10855,-0.38563895
10856,-0.37198702
10857,-0.40705127
10858,-0.4248291
10859,-0.38992167
10860,-0.39461935
10861,-0.41431803
10862,-0.5627252
10863,-0.6244307
10864,-0.7548838
10865,-0.45950976
10866,-0.46868604
10867,-0.6141442
10868,-0.600004
10869,-0.8180776
10870,-0.5042631
10871,-0.3971325
10872,-0.57773507
10873,-0.5470478
10874,-0.56841326
10875,-0.4528559
10876,-0.5345303
10877,-0.53113055
10878,-0.53742874
10879,-0.4868773
10880,-0.50168747
10881,-0.5140814
10882,-0.49398938
10883,-0.5350611
10884,-0.53954047
10885,-0.5498394
10886,-0.74537724
10887,-0.59634024
10888,-0.63048095
10889,-0.5632595
10890,45.481434
10891,74.72194
10892,99.792076
10893,117.91882
10894,138.44395
10895,129.21565
10896,107.63788
10897,131.46562
10898,124.43472
10899,151.76245
10900,185.95656
10901,206.66655
10902,180.51382
10903,314.578
10904,340.57156
10905,361.1404
10906,634.8339
10907,647.68066
10908,670.09204
10909,789.15485
10910,781.03094
10911,897.4276
10912,719.8166
10913,581.48584
10914,741.6332
10915,652.0521
10916,687.94366
10917,657.969
10918,713.2575
10919,605.40533
10920,506.989
10921,549.0163
10922,527.1229
10923,541.912
10924,558.0512
10925,633.29645
10926,643.74744
10927,643.9342
10928,656.4599
10929,727.43005
10930,726.30096
10931,774.2971
10932,727.5247
10933,741.6767
10934,957.69714
10935,1172.7562
10936,1213.9562
10937,1087.8903
10938,1058.6322
10939,1132.7264
10940,1129.2175
10941,1027.1976
10942,948.64154
10943,824.56116
10944,798.8283
10945,758.1223
10946,804.81195
10947,750.05725
10948,692.2672
10949,698.51605
10950,695.12274
10951,657.95355
10952,592.42993
10953,588.8683
10954,651.9183
10955,674.9762
10956,594.3693
10957,561.0141
10958,632.07245
10959,651.35315
10960,747.08704
10961,766.2394
10962,766.91425
10963,714.2149
10964,640.70404
10965,539.18933
10966,320.10803
10967,296.1508
10968,387.4799
10969,848.97864
10970,274.00372
10971,124.82534
10972,133.6307
10973,217.80545
10974,277.49982
10975,364.84247
10976,300.58365
10977,407.3749
10978,210.23668
10979,267.38184
10980,284.07623
10981,639.0077
10982,256.2629
10983,341.51624
10984,343.8054
10985,115.815834
10986,206.13824
10987,193.9948
10988,193.5131
10989,178.60576
10990,302.81107
10991,367.07935
10992,417.2114
10993,391.6567
10994,287.33896
10995,240.34798
10996,237.76974
10997,259.64096
10998,262.4641
10999,222.33821
11000,262.18872
11001,282.5062
11002,281.8474
11003,344.0783
11004,199.532
11005,282.95096
11006,383.35922
11007,423.10742
11008,266.58786
11009,124.84976
11010,155.77312
11011,181.48506
11012,132.1471
11013,264.9245
11014,349.0639
11015,361.80038
11016,477.6274
11017,264.4598
11018,173.75359
11019,94.93483
11020,100.34418
11021,224.47096
11022,217.77695
11023,249.69748
11024,322.0714
11025,358.92758
11026,474.81674
11027,465.0248
11028,421.65933
11029,393.86963
11030,419.0377
11031,422.71652
11032,414.287
11033,573.76715
11034,545.7371
11035,535.92017
11036,480.40637
11037,476.5748
11038,483.25995
11039,609.7281
11040,657.46747
11041,598.00574
11042,606.8316
11043,675.08154
11044,743.29785
11045,841.50793
11046,877.65857
11047,725.21924
11048,801.8097
11049,844.657
11050,806.7558
11051,710.77075
11052,731.2718
11053,1015.7371
11054,1136.2155
11055,1223.304
11056,1168.6676
11057,1062.872
11058,931.279
11059,975.92236
11060,884.71796
11061,869.1434
11062,802.2185
11063,792.481
11064,690.6928
11065,757.0981
11066,1009.19556
11067,1114.7323
11068,1192.7473
11069,1174.9381
11070,1132.7831
11071,1229.1956
11072,1235.0569
11073,1150.8159
11074,1197.2606
11075,1227.1892
11076,1361.042
11077,1421.9031
11078,1512.811
11079,1745.5886
11080,1958.3383
11081,1958.3273
11082,1878.2336
11083,1873.8812
11084,1886.5112
11085,1730.4298
11086,1729.8971
11087,1731.1404
11088,1837.5688
11089,1830.1565
11090,1683.7234
11091,1623.186
11092,1677.0421
11093,1763.1544
11094,1876.7455
11095,1894.8854
11096,1891.2345
11097,1794.054
11098,1709.7716
11099,1759.0809
11100,1822.6493
11101,1755.0774
11102,1694.8649
11103,1708.7946
11104,1593.7645
11105,1694.695
11106,1618.1589
11107,1657.6346
11108,1514.3817
11109,1390.0565
11110,1422.1703
11111,1435.0858
11112,1370.8385
11113,1310.1805
11114,1332.1033
11115,1195.2156
11116,1168.0833
11117,978.65875
11118,1059.0819
11119,1252.6802
11120,1410.1158
11121,1147.6648
11122,1232.2833
11123,1089.5675
11124,1266.682
11125,1219.9535
11126,1073.0029
11127,1048.7285
11128,1039.0822
11129,1190.6492
11130,1331.5708
11131,1480.7008
11132,1248.8276
11133,1400.0903
11134,1444.2631
11135,1269.9056
11136,1306.3019
11137,1455.951
11138,1558.2576
11139,1563.1222
11140,1461.835
11141,1532.3734
11142,1602.1881
11143,1455.0597
11144,1414.9429
11145,1398.852
11146,1107.9261
11147,1222.5442
11148,1249.1649
11149,1259.4651
11150,1350.379
11151,1255.3464
11152,1240.6035
11153,1234.2222
11154,1392.3894
11155,1056.4161
11156,1058.1632
11157,874.3618
11158,1041.2958
11159,804.23083
11160,1046.8129
11161,932.50494
11162,1176.6589
11163,1281.8146
11164,1127.9572
11165,1060.109
11166,1007.7468
11167,1189.3959
11168,1320.8025
11169,1034.8096
11170,943.6576
11171,843.8913
11172,1059.6013
11173,1232.2177
11174,1091.7438
11175,1211.229
11176,1192.5974
11177,1210.636
11178,1337.2479
11179,1204.9966
11180,1341.9706
11181,991.3847
11182,1261.5907
11183,1248.2389
11184,933.57776
11185,1292.4368
11186,1315.0613
11187,1446.6583
11188,1488.0237
11189,1123.7819
11190,1238.5588
11191,987.141
11192,1134.3862
11193,1024.5043
11194,1206.2001
11195,1348.1802
11196,1185.7648
11197,1228.9966
11198,1293.2051
11199,1234.4408
11200,1172.3447
11201,1222.2041
11202,996.8325
11203,558.4045
11204,507.02213
11205,1013.4517
11206,1007.8788
11207,1113.1785
11208,974.6529
11209,802.32056
11210,905.3376
11211,771.91907
11212,1008.822
11213,996.16516
11214,986.56573
11215,1030.7083
11216,1070.5476
11217,1063.1241
11218,1037.4551
11219,1218.3477
11220,1228.2054
11221,1121.2068
11222,1084.7688
11223,1211.7537
11224,1161.9633
11225,1160.5475
11226,1087.3319
11227,1135.0159
11228,858.9957
11229,841.3787
11230,739.59216
11231,799.676
11232,1037.9266
11233,832.98914
11234,1019.0149
11235,884.08203
11236,740.4711
11237,644.4684
11238,579.22894
11239,684.7964
11240,687.1447
11241,754.1241
11242,715.6143
11243,626.3046
11244,458.42114
11245,732.9326
11246,693.28406
11247,856.34235
11248,580.7373
11249,528.9947
11250,428.9017
11251,583.37897
11252,617.07855
11253,701.6207
11254,700.608
11255,759.0543
11256,870.2627
11257,830.2518
11258,846.38763
11259,815.92474
11260,679.7165
11261,692.32733
11262,833.1182
11263,767.16644
11264,746.59686
11265,545.066
11266,441.9067
11267,494.43347
11268,592.7722
11269,479.52267
11270,570.61176
11271,669.54193
11272,747.877
11273,823.3588
11274,476.7085
11275,696.045
11276,711.1176
11277,895.94635
11278,820.4689
11279,818.5814
11280,785.6821
11281,615.3157
11282,367.0789
11283,503.62845
11284,608.7919
11285,455.0414
11286,572.0149
11287,519.3511
11288,579.6848
11289,401.49963
11290,712.31665
11291,566.30664
11292,667.2767
11293,873.874
11294,1022.3283
11295,756.41327
11296,920.709
11297,1021.4265
11298,778.8725
11299,813.36346
11300,1172.2224
11301,925.6794
11302,1073.8383
11303,1079.365
11304,1135.0094
11305,1229.882
11306,1331.8555
11307,885.56586
11308,911.95087
11309,840.1933
11310,790.5453
11311,645.06946
11312,462.7902
11313,504.3646
11314,468.41577
11315,417.4892
11316,384.66446
11317,539.72723
11318,768.4723
11319,649.1058
11320,588.9917
11321,512.78265
11322,567.85425
11323,759.0802
11324,688.8102
11325,688.50146
11326,576.98895
11327,677.48444
11328,452.82318
11329,411.35455
11330,489.2992
11331,552.2353
11332,391.4921
11333,590.0989
11334,658.2389
11335,575.31433
11336,603.6965
11337,633.44226
11338,513.0162
11339,431.99997
11340,316.6999
11341,343.24725
11342,534.3709
11343,612.03076
11344,423.31705
11345,375.05838
11346,396.68896
11347,318.65543
11348,162.39044
11349,179.3523
11350,205.83403
11351,191.3403
11352,271.00363
11353,350.37177
11354,286.42307
11355,300.31528
11356,221.16687
11357,280.1361
11358,284.77112
11359,326.84485
11360,331.71173
11361,197.97258
11362,199.60329
11363,212.01889
11364,161.504
11365,219.17229
11366,161.58792
11367,146.71558
11368,96.90906
11369,95.21835
11370,91.13317
11371,101.87738
11372,149.65103
11373,190.70412
11374,174.07884
11375,187.84576
11376,173.23956
11377,152.15108
11378,152.20496
11379,105.89749
11380,146.94742
11381,160.82097
11382,176.90903
11383,113.98796
11384,131.78262
11385,92.80544
11386,85.830475
11387,119.463066
11388,226.02754
11389,174.07687
11390,139.59973
11391,161.03226
11392,260.2732
11393,248.58151
11394,200.28163
11395,285.85498
11396,247.49455
11397,269.80417
11398,327.278
11399,320.90195
11400,422.43332
11401,305.80026
11402,255.13174
11403,333.53958
11404,501.19397
11405,349.31802
11406,233.92198
11407,370.33978
11408,439.77896
11409,458.2578
11410,375.97827
11411,531.2059
11412,713.0957
11413,549.4477
11414,739.30115
11415,570.3575
11416,598.841
11417,632.2688
11418,414.58322
11419,678.0599
11420,675.78925
11421,533.9698
11422,639.6557
11423,580.09863
11424,731.5158
11425,660.3257
11426,762.27826
11427,692.12286
11428,693.7352
11429,890.556
11430,895.3697
11431,924.64575
11432,924.5332
11433,491.4059
11434,1084.024
11435,834.6829
11436,877.2812
11437,876.5173
11438,1241.1321
11439,1317.1448
11440,841.0266
11441,785.5845
11442,406.87704
11443,657.5982
11444,501.73407
11445,598.0769
11446,681.05743
11447,629.20703
11448,922.63055
11449,563.78143
11450,657.3696
11451,607.8101
11452,359.56833
11453,476.8838
11454,610.9359
11455,480.04437
11456,538.3912
11457,634.2669
11458,564.95337
11459,622.2934
11460,571.9223
11461,485.86893
11462,509.58127
11463,467.09265
11464,623.7105
11465,684.05396
11466,788.4756
11467,700.84143
11468,595.3978
11469,593.68286
11470,593.74
11471,640.31506
11472,516.8074
11473,432.68362
11474,469.54752
11475,445.6747
11476,492.097
11477,511.63397
11478,435.9303
11479,541.76855
11480,504.4055
11481,638.64984
11482,567.4056
11483,661.80255
11484,737.3473
11485,792.9772
11486,737.1982
11487,612.0503
11488,772.4156
11489,797.94867
11490,781.2286
11491,618.25574
11492,987.5223
11493,821.25653
11494,791.01636
11495,761.2609
11496,634.8456
11497,665.5634
11498,782.5205
11499,605.1758
11500,555.6171
11501,494.97028
11502,602.95935
11503,598.93524
11504,581.3301
11505,624.9809
11506,859.32007
11507,648.14557
11508,496.53568
11509,723.3187
11510,706.26764
11511,576.4857
11512,734.62866
11513,614.564
11514,548.9932
11515,486.50415
11516,542.1184
11517,463.6782
11518,666.6899
11519,452.60333
11520,492.2018
11521,577.0111
11522,551.67975
11523,605.3162
11524,522.0781
11525,545.1317
11526,564.3948
11527,679.7429
11528,628.025
11529,565.8488
11530,714.3431
11531,611.2837
11532,396.55685
11533,467.407
11534,460.0816
11535,576.3392
11536,475.6251
11537,422.78696
11538,472.00183
11539,424.0658
11540,390.1639
11541,317.9328
11542,402.59738
11543,444.45456
11544,301.07376
11545,375.88593
11546,391.0885
11547,291.43674
11548,202.91672
11549,164.6148
11550,119.06904
11551,117.29338
11552,103.70992
11553,114.25037
11554,92.438
11555,116.85466
11556,128.36287
11557,79.62569
11558,61.459007
11559,132.50581
11560,221.83797
11561,204.46275
11562,73.67048
11563,144.00398
11564,90.16313
11565,105.2674
11566,57.464222
11567,78.09259
11568,104.36929
11569,492.4066
11570,382.2885
11571,283.41705
11572,355.0113
11573,120.080444
11574,126.81242
11575,61.837128
11576,20.039158
11577,76.747536
11578,818.55316
11579,463.58264
11580,248.07166
11581,208.29198
11582,212.80295
11583,544.80554
11584,371.15314
11585,399.21628
11586,481.0572
11587,447.16974
11588,810.3792
11589,857.9552
11590,432.94708
11591,375.24686
11592,251.88853
11593,168.61739
11594,47.72266
11595,-3.158565
11596,-2.0825684
11597,-1.3006257
11598,-1.3031721
11599,-1.1216271
11600,-1.2231839
11601,-1.2411456
11602,-1.7159011
11603,-1.7014986
11604,-1.6949325
11605,-1.4005698
11606,-1.5634611
11607,-1.5289854
11608,-1.2059537
11609,-0.99934363
11610,-1.0339249
11611,-1.1158832
11612,-0.8865425
11613,-0.8385829
11614,-0.7670219
11615,-0.66035247
11616,-0.65971684
11617,-0.65005565
11618,-0.6033536
11619,-0.80272603
11620,-1.2661101
11621,-1.231782
11622,-1.2195758
11623,-1.0283504
11624,-1.104767
11625,-0.8258943
11626,-0.71700865
11627,-0.67232555
11628,-0.8177787
11629,-0.86127055
11630,-0.8285769
11631,-0.80421853
11632,-0.69493604
11633,-0.59769034
11634,-0.4849233
11635,-0.81729096
11636,-0.81950337
11637,-0.8034895
11638,-0.79897165
11639,-0.74322504
11640,-0.71721554
11641,-0.7130678
11642,-0.7301419
11643,-0.7405613
11644,-0.70881164
11645,-0.7363669
11646,-0.80655026
11647,-0.79168403
11648,-0.80547965
11649,-0.8174876
11650,-0.79545116
11651,-0.83488417
11652,-0.75181717
11653,-0.779823
11654,-0.8043689
11655,-0.8113752
11656,-0.77609116
11657,-0.7451871
11658,-0.73254305
11659,-0.56727415
11660,-0.3714553
11661,-0.35313338
11662,-0.46974334
11663,-0.6208888
11664,-0.54448473
11665,-0.67349267
11666,-0.8454326
11667,-0.81412673
11668,-0.8307945
11669,-0.7528443
11670,-0.59620565
11671,-0.5293876
11672,-0.4920258
11673,-0.43359056
11674,-0.38956273
11675,-0.37222755
11676,-0.38421777
11677,-0.3711256
11678,-0.36943567
11679,-0.465505
11680,-0.5361871
11681,-0.4829563
11682,-0.68453413
11683,-0.45014274
11684,-0.5725034
11685,-0.68693805
11686,-0.43480247
11687,-0.79341626
11688,-0.80700356
11689,-0.7949084
11690,-0.81326044
11691,-0.6796656
11692,-0.42439455
11693,-0.79576755
11694,-0.82079476
11695,-0.92343426
11696,-0.9328663
11697,-0.872502
11698,-0.8438353
11699,-0.7466362
11700,38.780468
11701,21.256165
11702,4.5457644
11703,4.2483716
11704,-0.46251246
11705,-0.8899428
11706,12.354524
11707,8.884013
11708,21.321772
11709,18.581547
11710,71.50246
11711,45.2351
11712,74.04683
11713,32.98666
11714,32.170494
11715,39.450356
11716,36.16425
11717,34.01911
11718,105.32048
11719,110.31107
11720,172.75746
11721,197.0606
11722,98.15162
11723,133.47823
11724,151.9393
11725,258.31097
11726,263.08893
11727,233.85896
11728,201.20709
11729,96.67231
11730,107.03326
11731,136.85214
11732,187.71243
11733,130.53671
11734,144.93031
11735,98.89246
11736,103.91377
11737,143.59921
11738,131.5084
11739,121.88647
11740,140.84502
11741,66.46603
11742,68.73531
11743,42.333332
11744,71.40068
11745,87.54596
11746,60.279724
11747,24.121338
11748,-2.9947038
11749,-1.0879519
11750,-0.6715352
11751,-0.6603636
11752,-0.49258038
11753,-0.44790107
11754,-0.43908274
11755,-0.3959474
11756,121.257
11757,200.96794
11758,324.50583
11759,414.5403
11760,418.776
11761,267.53217
11762,227.73627
11763,47.376865
11764,66.38839
11765,131.07068
11766,111.35424
11767,97.177475
11768,43.826366
11769,46.987255
11770,57.480362
11771,57.17244
11772,96.08884
11773,94.07245
11774,83.597275
11775,94.21542
11776,138.96297
11777,148.56906
11778,126.98647
11779,163.72089
11780,190.74838
11781,180.23352
11782,219.74603
11783,169.20395
11784,258.84726
11785,437.03494
11786,360.35574
11787,331.17365
11788,423.5721
11789,512.0001
11790,462.0928
11791,468.30176
11792,563.8741
11793,534.8018
11794,532.12354
11795,629.551
11796,541.9266
11797,575.9337
11798,578.2434
11799,565.2544
11800,575.896
11801,476.62192
11802,417.56866
11803,324.62772
11804,155.04045
11805,258.4601
11806,313.73697
11807,466.11508
11808,580.4171
11809,467.51797
11810,368.76144
11811,401.9719
11812,687.8686
11813,753.66486
11814,887.5328
11815,1045.4827
11816,579.99634
11817,224.02449
11818,21.988169
11819,54.405357
11820,135.37453
11821,97.330345
11822,100.03505
11823,122.68041
11824,122.73103
11825,133.55789
11826,153.66754
11827,109.87921
11828,81.86452
11829,69.28202
11830,71.33455
11831,66.49022
11832,64.30813
11833,123.52487
11834,165.7368
11835,151.39832
11836,93.10372
11837,84.235016
11838,92.55867
11839,80.01698
11840,107.125656
11841,105.49072
11842,133.93806
11843,175.42178
11844,185.35995
11845,248.28047
11846,214.85516
11847,136.30957
11848,104.9532
11849,268.31375
11850,150.19838
11851,120.45132
11852,99.381744
11853,87.728
11854,39.261745
11855,7.8399878
11856,77.3294
11857,141.81064
11858,134.05307
11859,186.33376
11860,243.74399
11861,391.07312
11862,448.49402
11863,363.8841
11864,340.24786
11865,325.5257
11866,333.6032
11867,448.04904
11868,299.5568
11869,396.4373
11870,396.03256
11871,253.9495
11872,659.7916
11873,939.08954
11874,811.10065
11875,749.5969
11876,864.8404
11877,803.91125
11878,844.4296
11879,603.3735
11880,623.0719
11881,692.8095
11882,937.8415
11883,802.2466
11884,1004.36945
11885,1172.5271
11886,1068.4474
11887,1250.1884
11888,1175.8291
11889,1301.434
11890,1282.7548
11891,1278.8293
11892,1365.5754
11893,1047.6182
11894,1023.1158
11895,907.41876
11896,1080.8975
11897,1018.53467
11898,838.7135
11899,573.4271
11900,672.05334
11901,663.9097
11902,330.66797
11903,427.0296
11904,301.11725
11905,49.211018
11906,-2.1403303
11907,-0.6740325
11908,136.70122
11909,215.8433
11910,283.19943
11911,266.02542
11912,528.589
11913,673.0462
11914,352.32346
11915,363.9594
11916,325.252
11917,264.2592
11918,309.54422
11919,197.84116
11920,123.38038
11921,83.52965
11922,105.723236
11923,6.98451
11924,0.0495036
11925,0.07356412
11926,-0.11128266
11927,-0.47349173
11928,13.063709
11929,-0.28652564
11930,-0.13164565
11931,-0.11882883
11932,-0.18028449
11933,-0.50154555
11934,-0.40198097
11935,-0.40360275
11936,-0.3827669
11937,-0.5457514
11938,110.15244
11939,114.425385
11940,156.8316
11941,169.73312
11942,134.46648
11943,35.34827
11944,119.39042
11945,48.760044
11946,58.526363
11947,104.78526
11948,58.203342
11949,47.347378
11950,30.114267
11951,239.06989
11952,329.7311
11953,246.12933
11954,351.20212
11955,320.48615
11956,88.91281
11957,163.7425
11958,138.77051
11959,71.16295
11960,71.65466
11961,126.590324
11962,61.62005
11963,135.97375
11964,304.3372
11965,322.30676
11966,318.95395
11967,231.06537
11968,339.32928
11969,334.56036
11970,178.49791
11971,70.07547
11972,34.428852
11973,31.969423
11974,20.213358
11975,87.787056
11976,207.26917
11977,139.04285
11978,170.51923
11979,205.14043
11980,139.35982
11981,99.28158
11982,102.418884
11983,104.584885
11984,213.59018
11985,202.90407
11986,193.90952
11987,204.23965
11988,173.13145
11989,277.73724
11990,340.17093
11991,452.95065
11992,474.52527
11993,584.41516
11994,545.24146
11995,508.88995
11996,697.21216
11997,369.2697
11998,422.53384
11999,643.2997
12000,774.5033
12001,736.22394
12002,961.0858
12003,848.1594
12004,1195.1117
12005,937.77893
12006,951.211
12007,1203.8479
12008,902.9491
12009,636.1596
12010,832.967
12011,615.9522
12012,734.00964
12013,604.55743
12014,853.68835
12015,1353.458
12016,1073.0765
12017,918.0571
12018,1033.4553
12019,881.7981
12020,751.1352
12021,681.3236
12022,972.3598
12023,881.1082
12024,1021.48676
12025,1321.5768
12026,1059.7888
12027,753.53204
12028,574.00085
12029,316.80972
12030,365.53107
12031,346.45154
12032,220.26744
12033,54.50392
12034,139.57126
12035,231.93512
12036,375.3686
12037,610.92303
12038,582.828
12039,1057.4983
12040,1176.1691
12041,1086.9185
12042,1017.71204
12043,1039.3828
12044,1056.7192
12045,1001.51843
12046,1135.284
12047,1139.0115
12048,1137.9918
12049,1102.847
12050,1282.5776
12051,1177.6693
12052,1159.8898
12053,1242.9515
12054,1306.8237
12055,1328.2856
12056,1411.4318
12057,1684.0862
12058,1676.658
12059,1459.6964
12060,1626.1375
12061,1179.9197
12062,1772.6694
12063,1757.408
12064,1654.3364
12065,1883.6318
12066,1919.9495
12067,1869.7533
12068,1743.7814
12069,1429.0461
12070,1314.1865
12071,1302.9154
12072,1241.6132
12073,1335.8202
12074,1356.08
12075,1288.1976
12076,1456.369
12077,1199.732
12078,1121.2996
12079,1078.0304
12080,1270.0643
12081,1479.1686
12082,1610.9884
12083,1622.463
12084,1616.6398
12085,1779.0402
12086,1722.6415
12087,1805.6273
12088,1825.6935
12089,1824.4137
12090,1680.0531
12091,1667.6504
12092,1818.306
12093,1681.3552
12094,1683.9991
12095,1748.633
12096,1429.905
12097,1450.8157
12098,1597.6418
12099,1603.7018
12100,1725.7083
12101,1709.902
12102,1519.6163
12103,1506.6857
12104,1442.8972
12105,1750.6619
12106,1733.0361
12107,1551.839
12108,1548.1836
12109,1447.7455
12110,1466.2802
12111,1515.8751
12112,1874.5483
12113,1907.5807
12114,1624.3514
12115,1396.7369
12116,1674.6904
12117,1846.6815
12118,1909.0037
12119,1951.5308
12120,1993.3839
12121,2000.8702
12122,2025.4825
12123,1997.1865
12124,1926.5369
12125,1878.0417
12126,1799.8866
12127,1830.4462
12128,1856.4814
12129,1924.9115
12130,1849.3848
12131,1845.4614
12132,1928.8734
12133,1902.768
12134,1846.3314
12135,1769.3042
12136,1703.633
12137,1637.379
12138,1438.7827
12139,1718.5808
12140,1823.4122
12141,1575.5859
12142,1492.2664
12143,1843.0883
12144,1736.5963
12145,1711.117
12146,1867.2988
12147,1918.0312
12148,1879.7305
12149,1996.3778
12150,1968.6747
12151,1959.5603
12152,1972.326
12153,2003.5562
12154,1982.5868
12155,2019.2458
12156,2022.85
12157,1947.9744
12158,1965.912
12159,2000.2596
12160,1798.5762
12161,1709.4674
12162,1983.4338
12163,1849.0476
12164,1733.8866
12165,1813.969
12166,1988.3918
12167,1954.8395
12168,1983.0555
12169,1820.0524
12170,1984.7312
12171,1958.932
12172,1840.4521
12173,1665.1565
12174,1457.11
12175,1404.5658
12176,1563.4586
12177,1670.8239
12178,1790.0929
12179,1770.8524
12180,1693.0436
12181,1691.3746
12182,1767.9486
12183,1773.6819
12184,1851.9862
12185,1819.3948
12186,1828.4012
12187,1832.7385
12188,1823.4298
12189,1791.6057
12190,1697.9873
12191,1527.8375
12192,1048.7065
12193,985.7064
12194,754.1031
12195,671.48456
12196,584.80566
12197,372.1097
12198,346.9314
12199,291.92517
12200,357.91187
12201,337.6787
12202,420.0399
12203,392.70297
12204,120.68026
12205,92.8458
12206,133.99187
12207,296.36395
12208,256.90366
12209,301.3617
12210,435.217
12211,565.08966
12212,541.403
12213,472.68848
12214,507.60956
12215,469.7334
12216,415.63538
12217,495.6509
12218,428.11453
12219,433.8239
12220,401.46356
12221,503.03552
12222,268.22025
12223,471.78003
12224,134.44449
12225,510.19943
12226,157.45949
12227,75.73467
12228,107.21304
12229,130.75371
12230,153.25552
12231,253.5641
12232,271.57843
12233,236.94394
12234,178.17688
12235,175.46388
12236,158.70642
12237,138.13742
12238,99.93559
12239,46.815693
12240,42.43878
12241,73.011665
12242,112.24352
12243,85.85514
12244,94.28875
12245,52.452755
12246,52.031395
12247,94.08471
12248,76.117584
12249,37.473103
12250,15.202304
12251,12.735238
12252,36.42332
12253,37.015244
12254,14.189296
12255,79.11753
12256,55.335308
12257,34.671898
12258,44.89721
12259,56.465004
12260,97.179085
12261,48.90345
12262,31.090336
12263,18.421898
12264,27.200636
12265,22.391478
12266,31.735077
12267,3.4491892
12268,-0.6376603
12269,-0.5620027
12270,-0.8454899
12271,3.7657921
12272,-0.6012972
12273,-0.4377512
12274,-0.7789655
12275,44.177017
12276,39.390488
12277,1.9014575
12278,77.5218
12279,157.34262
12280,56.442486
12281,38.214394
12282,-1.8882394
12283,-2.2259884
12284,-2.3170693
12285,-1.981152
12286,-1.8475219
12287,-1.6225353
12288,-0.8683181
12289,38.938236
12290,20.756443
12291,-0.6156421
12292,-0.70130914
12293,-0.7396044
12294,-0.5487323
12295,11.17794
12296,6.314392
12297,-0.47370324
12298,-0.6000015
12299,-0.549686
12300,3.696695
12301,86.30902
12302,140.5787
12303,77.45823
12304,100.75381
12305,31.83396
12306,81.12189
12307,78.8298
12308,64.545166
12309,27.459467
12310,21.48609
12311,34.017033
12312,65.26548
12313,155.4727
12314,220.67902
12315,264.75586
12316,220.0847
12317,124.56829
12318,111.85615
12319,92.205505
12320,136.9214
12321,220.17403
12322,279.8779
12323,388.29083
12324,414.9846
12325,457.94266
12326,397.61145
12327,352.48
12328,369.13348
12329,344.7626
12330,262.73352
12331,168.64154
12332,96.724335
12333,82.75405
12334,22.218946
12335,-3.1096623
12336,-0.72590244
12337,-0.5358037
12338,6.073657
12339,131.12923
12340,82.44238
12341,125.30401
12342,44.985447
12343,-2.5618308
12344,-0.75823087
12345,-0.48411426
12346,17.129965
12347,20.538822
12348,9.590423
12349,-5.7430143
12350,-5.644026
12351,-6.1897516
12352,6.550879
12353,15.590949
12354,14.9332905
12355,6.662719
12356,-0.9357608
12357,-4.7699046
12358,72.98692
12359,70.3235
12360,25.673218
12361,11.771254
12362,-6.6205606
12363,7.128574
12364,7.515875
12365,7.0678205
12366,33.88449
12367,59.52794
12368,59.367645
12369,56.361565
12370,63.240856
12371,71.822685
12372,92.02082
12373,84.17588
12374,123.27281
12375,175.37595
12376,89.054825
12377,69.69459
12378,69.589584
12379,86.06178
12380,69.88921
12381,52.339542
12382,94.60004
12383,91.09156
12384,174.83575
12385,251.10765
12386,357.62842
12387,348.46835
12388,333.09464
12389,146.00815
12390,145.99675
12391,173.78043
12392,158.87477
12393,153.34491
12394,106.11604
12395,121.04992
12396,123.33213
12397,109.56219
12398,152.8908
12399,176.26053
12400,108.421585
12401,63.312294
12402,71.2472
12403,82.52268
12404,41.26656
12405,46.99059
12406,46.353416
12407,46.692913
12408,59.17054
12409,115.39597
12410,73.437836
12411,82.61215
12412,124.76779
12413,164.04889
12414,167.69388
12415,161.62785
12416,83.30622
12417,52.06807
12418,14.070745
12419,0.033499762
12420,34.87815
12421,1.0532482
12422,-0.5089474
12423,69.26933
12424,85.49951
12425,108.12184
12426,142.72864
12427,142.12321
12428,153.62956
12429,154.26654
12430,222.76631
12431,153.07376
12432,234.01254
12433,93.100876
12434,78.672806
12435,51.03339
12436,140.94432
12437,241.20226
12438,168.39471
12439,77.041595
12440,211.94072
12441,154.72845
12442,240.44711
12443,213.21153
12444,180.63203
12445,83.0102
12446,49.381027
12447,163.77512
12448,311.33533
12449,177.5074
12450,105.97221
12451,9.762356
12452,58.00391
12453,107.16828
12454,210.07474
12455,204.03123
12456,175.81572
12457,147.29027
12458,114.08512
12459,130.15833
12460,91.61831
12461,98.543434
12462,165.02187
12463,245.93309
12464,268.53064
12465,408.16806
12466,381.70743
12467,315.694
12468,297.9005
12469,273.24774
12470,277.97836
12471,249.56453
12472,224.1749
12473,256.03265
12474,284.47205
12475,259.99792
12476,242.87076
12477,277.97253
12478,304.2884
12479,271.21426
12480,360.33194
12481,477.58435
12482,407.46066
12483,335.46817
12484,366.29535
12485,396.23242
12486,659.4268
12487,761.3634
12488,783.63086
12489,694.1225
12490,755.57434
12491,455.4496
12492,328.5365
12493,396.57367
12494,528.9084
12495,516.5383
12496,530.3732
12497,507.59683
12498,491.84256
12499,308.54498
12500,343.33572
12501,339.48138
12502,387.95273
12503,381.60834
12504,231.13718
12505,186.03636
12506,210.23375
12507,130.3363
12508,137.05392
12509,119.293724
12510,90.26259
12511,102.6947
12512,86.76561
12513,115.133224
12514,151.93211
12515,168.14803
12516,213.44977
12517,232.9924
12518,179.47684
12519,141.71664
12520,119.66104
12521,110.97417
12522,147.05661
12523,170.54858
12524,189.49498
12525,173.39919
12526,284.2541
12527,288.85992
12528,252.82243
12529,235.33936
12530,221.14624
12531,184.0679
12532,144.29225
12533,130.37625
12534,112.46643
12535,47.91641
12536,90.64214
12537,146.36288
12538,111.961006
12539,91.471756
12540,130.56535
12541,92.037224
12542,73.24946
12543,96.67937
12544,90.88046
12545,46.938236
12546,-0.6481023
12547,-1.3898647
12548,-0.9971571
12549,-0.89132977
12550,-0.6281161
12551,-0.5874827
12552,-0.5905608
12553,-0.70415616
12554,-0.6828595
12555,0.08594606
12556,25.944769
12557,82.48074
12558,135.6419
12559,145.22481
12560,72.90358
12561,17.076063
12562,109.34003
12563,117.158295
12564,80.727135
12565,128.3104
12566,147.05008
12567,151.35483
12568,89.88814
12569,21.332922
12570,-2.0445306
12571,75.20701
12572,304.65305
12573,196.65515
12574,236.8347
12575,171.81773
12576,152.8996
12577,190.88951
12578,245.6439
12579,114.9285
12580,74.47295
12581,37.444283
12582,186.65665
12583,208.86519
12584,214.2012
12585,233.4372
12586,197.2983
12587,330.427
12588,407.06955
12589,465.73767
12590,363.7599
12591,469.49988
12592,304.13162
12593,146.2772
12594,145.55708
12595,130.34149
12596,229.09389
12597,296.11774
12598,206.24586
12599,237.66763
12600,335.56653
12601,369.1277
12602,444.85773
12603,508.50333
12604,397.6305
12605,453.5171
12606,331.87836
12607,443.3273
12608,478.92932
12609,552.9848
12610,482.96863
12611,396.44138
12612,689.20233
12613,656.246
12614,633.0338
12615,673.7854
12616,573.6667
12617,601.0754
12618,592.9251
12619,742.33203
12620,770.096
12621,719.0937
12622,576.6535
12623,509.50162
12624,533.08246
12625,534.1832
12626,508.85324
12627,470.5921
12628,445.6764
12629,422.49265
12630,320.59274
12631,270.33127
12632,229.54651
12633,237.17725
12634,240.5508
12635,223.0637
12636,213.14308
12637,209.83887
12638,236.5421
12639,240.70825
12640,271.34723
12641,258.9112
12642,219.06123
12643,153.36676
12644,139.11745
12645,155.9191
12646,204.59297
12647,171.95781
12648,191.73335
12649,198.19693
12650,180.3389
12651,171.99487
12652,162.9752
12653,142.22076
12654,154.39325
12655,151.41454
12656,161.53891
12657,210.15605
12658,178.20213
12659,154.67621
12660,206.98663
12661,206.34703
12662,172.8077
12663,194.70425
12664,186.30627
12665,289.22546
12666,230.9374
12667,181.63983
12668,159.80666
12669,175.97974
12670,160.18153
12671,119.86521
12672,127.78154
12673,119.37043
12674,112.70149
12675,87.56156
12676,66.27289
12677,28.071245
12678,8.908867
12679,-2.536802
12680,-1.4950578
12681,-0.9803005
12682,-0.7872053
12683,-0.6391006
12684,-0.62118244
12685,-0.58523166
12686,-0.5961193
12687,-0.5297441
12688,36.671337
12689,46.89169
12690,66.57514
12691,87.16804
12692,115.30808
12693,186.8169
12694,122.69926
12695,171.06343
12696,82.58599
12697,71.1828
12698,8.323898
12699,59.598263
12700,127.051476
12701,127.7663
12702,83.48689
12703,95.95519
12704,95.216354
12705,52.584846
12706,65.648926
12707,154.0567
12708,2.5592844
12709,83.2826
12710,52.18217
12711,14.064913
12712,105.115234
12713,-0.6487197
12714,116.25041
12715,12.543999
12716,23.648367
12717,24.513037
12718,20.49182
12719,1.4385116
12720,-0.5625918
12721,13.978535
12722,-0.58079153
12723,3.0997012
12724,19.814892
12725,3.268932
12726,-2.7189424
12727,-0.31532255
12728,-0.33334956
12729,-0.32902205
12730,-0.61422694
12731,-0.4789566
12732,-0.451664
12733,-0.44838262
12734,-0.5171992
12735,-0.5071361
12736,-0.67246795
12737,-0.61582124
12738,-0.5857651
12739,-0.5776397
12740,-0.6726123
12741,-0.66301686
12742,-0.50388676
12743,-0.5356668
12744,-0.6102577
12745,-0.5242321
12746,-0.58091587
12747,-0.4717817
12748,-0.47218862
12749,-0.5155082
12750,-0.5636587
12751,-0.5750985
12752,-0.60052264
12753,11.774105
12754,60.19973
12755,38.947952
12756,27.294386
12757,-0.72432125
12758,6.7126813
12759,14.607399
12760,-5.542553
12761,14.790451
12762,11.664667
12763,59.427204
12764,58.544018
12765,67.61976
12766,59.81818
12767,64.42284
12768,48.335175
12769,45.27563
12770,27.527618
12771,60.679935
12772,93.53689
12773,93.780464
12774,104.15882
12775,76.3175
12776,75.23562
12777,103.60182
12778,63.912098
12779,69.83105
12780,93.77872
12781,73.92017
12782,77.54975
12783,121.054375
12784,108.060326
12785,53.398735
12786,81.38114
12787,85.69179
12788,57.367104
12789,71.2542
12790,62.507645
12791,95.32007
12792,75.72653
12793,125.73681
12794,73.88369
12795,74.05817
12796,50.673126
12797,31.651323
12798,27.520124
12799,-0.14780407
12800,0.24795902
12801,6.4792438
12802,74.87374
12803,113.29934
12804,159.49197
12805,207.47913
12806,256.23837
12807,252.33386
12808,256.40228
12809,175.33105
12810,127.31533
12811,180.59233
12812,180.42259
12813,139.14381
12814,139.16869
12815,158.31973
12816,166.26736
12817,163.15028
12818,134.22432
12819,175.12852
12820,120.488525
12821,94.33043
12822,97.76274
12823,84.81241
12824,23.848742
12825,-0.26305795
12826,-0.73627424
12827,10.038922
12828,82.55107
12829,179.3934
12830,82.41047
12831,85.138626
12832,25.406303
12833,20.077635
12834,58.14199
12835,25.929043
12836,118.20136
12837,113.224075
12838,94.90429
12839,176.60793
12840,321.7472
12841,279.84305
12842,201.45451
12843,112.93519
12844,195.60497
12845,157.02214
12846,141.9673
12847,75.97238
12848,96.46825
12849,2.7994144
12850,57.40451
12851,56.856586
12852,75.8873
12853,22.680622
12854,50.979626
12855,9.538157
12856,45.773857
12857,-0.22732775
12858,-0.6571755
12859,-0.6638651
12860,-0.80835724
12861,-0.71992195
12862,-0.8021219
12863,-0.5284184
12864,12.379811
12865,-0.24672945
12866,-0.5782252
12867,54.029408
12868,109.29314
12869,32.91893
12870,29.872229
12871,9.158857
12872,28.635843
12873,55.99088
12874,62.695534
12875,13.344379
12876,75.43664
12877,51.38562
12878,14.724667
12879,17.908133
12880,24.379435
12881,40.76734
12882,31.597221
12883,10.322698
12884,16.721106
12885,26.194906
12886,48.302624
12887,56.927338
12888,59.048004
12889,124.67152
12890,143.6102
12891,129.54535
12892,173.46422
12893,260.23178
12894,230.46324
12895,179.00041
12896,151.98494
12897,184.83997
12898,208.55304
12899,179.17024
12900,170.74731
12901,128.49234
12902,225.09224
12903,219.45143
12904,219.35503
12905,171.15028
12906,154.92122
12907,137.8868
12908,184.90805
12909,169.01727
12910,274.10797
12911,311.06055
12912,330.972
12913,477.91278
12914,515.32904
12915,534.3678
12916,638.56274
12917,759.13983
12918,920.59576
12919,1069.3966
12920,1210.148
12921,1153.1768
12922,1190.524
12923,1096.8102
12924,921.6044
12925,1039.3953
12926,858.4405
12927,767.2683
12928,932.82336
12929,1057.2438
12930,1005.10815
12931,892.622
12932,646.24036
12933,609.5332
12934,563.1173
12935,543.4616
12936,570.9802
12937,562.9975
12938,380.07
12939,278.3823
12940,399.77875
12941,497.52103
12942,722.96893
12943,625.86975
12944,613.4933
12945,1125.7507
12946,906.906
12947,1128.1733
12948,907.52026
12949,995.08453
12950,1237.2555
12951,1459.3535
12952,1409.4075
12953,1201.0251
12954,1413.697
12955,1074.1895
12956,1099.1394
12957,890.59534
12958,752.9804
12959,571.69104
12960,710.8588
12961,314.6419
12962,410.5711
12963,433.13367
12964,571.67206
12965,387.2068
12966,379.74384
12967,588.7444
12968,400.48563
12969,610.83136
12970,564.0138
12971,529.60675
12972,562.3051
12973,621.01514
12974,614.0469
12975,678.82074
12976,409.4909
12977,318.56342
12978,404.47226
12979,294.70465
12980,269.9482
12981,410.51764
12982,407.24783
12983,308.56335
12984,455.03174
12985,463.63638
12986,373.03076
12987,547.92255
12988,283.91003
12989,442.30798
12990,133.08125
12991,209.48824
12992,446.09073
12993,172.1265
12994,212.30118
12995,235.95766
12996,258.4153
12997,401.6882
12998,332.20383
12999,96.81251
13000,203.69359
13001,278.98788
13002,176.18442
13003,188.65834
13004,271.43216
13005,369.97235
13006,272.2598
13007,395.14615
13008,422.18344
13009,197.27562
13010,419.9875
13011,510.90375
13012,419.4372
13013,314.00882
13014,449.54248
13015,598.89954
13016,587.863
13017,731.9229
13018,319.23242
13019,315.25378
13020,202.64326
13021,192.71555
13022,90.9008
13023,45.66837
13024,33.818714
13025,26.19547
13026,51.206444
13027,72.509056
13028,102.122086
13029,165.53285
13030,168.06737
13031,67.871185
13032,57.78534
13033,67.276215
13034,86.20033
13035,125.288605
13036,208.88533
13037,162.50784
13038,152.30577
13039,110.795044
13040,79.142365
13041,99.53803
13042,149.8687
13043,119.99349
13044,91.06464
13045,99.892044
13046,174.92166
13047,251.88774
13048,317.47748
13049,309.59308
13050,292.2969
13051,356.23676
13052,346.66125
13053,265.07858
13054,233.50493
13055,267.90012
13056,210.37224
13057,86.0686
13058,32.225235
13059,68.70256
13060,-5.4530993
13061,-1.5453697
13062,-1.9322639
13063,6.4397407
13064,108.16569
13065,84.00816
13066,2.927902
13067,22.962307
13068,37.733547
13069,13.898928
13070,-2.7473876
13071,-0.38120615
13072,-4.995839
13073,-6.7318273
13074,-6.7699065
13075,-3.4504395
13076,23.064579
13077,21.100763
13078,-0.55661577
13079,-3.6745985
13080,-1.1686635
13081,-1.1128845
13082,-1.1020385
13083,-0.73074883
13084,-0.62237525
13085,-0.57656455
13086,-0.54707325
13087,-0.49189606
13088,-0.3555597
13089,-0.52462566
13090,-0.7186122
13091,-0.55866313
13092,-0.45915377
13093,-1.4172461
13094,-4.07511
13095,-0.2704369
13096,-0.23244454
13097,-0.26725534
13098,-0.2817265
13099,-0.31239918
13100,-0.43605283
13101,-0.7251895
13102,-0.6013761
13103,-0.4410725
13104,-0.8114554
13105,4.4344482
13106,7.8385677
13107,41.437214
13108,188.11479
13109,417.7018
13110,153.8468
13111,39.733833
13112,-4.1255183
13113,-0.7093746
13114,21.736526
13115,11.644699
13116,22.980947
13117,55.187794
13118,58.378353
13119,105.325035
13120,269.25137
13121,164.29004
13122,175.24811
13123,166.12167
13124,159.0683
13125,129.36832
13126,165.6629
13127,283.99237
13128,423.67532
13129,723.1428
13130,656.66455
13131,442.17807
13132,121.34444
13133,30.476341
13134,185.37117
13135,183.722
13136,80.09867
13137,53.78237
13138,45.603306
13139,66.10717
13140,22.9867
13141,14.152058
13142,-1.0934414
13143,-1.3354642
13144,-1.1234317
13145,-0.82864463
13146,-0.5737249
13147,-0.73358506
13148,-0.68601096
13149,11.546198
13150,50.930943
13151,13.079531
13152,42.4223
13153,129.78607
13154,128.34753
13155,101.21296
13156,56.57498
13157,75.66308
13158,76.26779
13159,2.4171844
13160,-0.42688358
13161,-0.38224757
13162,-0.4238078
13163,-0.9487298
13164,19.197617
13165,-0.62814546
13166,-0.7220246
13167,-0.62655497
13168,-0.54692733
13169,-0.576622
13170,-0.5027275
13171,-0.66955686
13172,-0.4815973
13173,-0.42854315
13174,-0.45224187
13175,-0.3790734
13176,-0.37794712
13177,-0.42244387
13178,-0.3818058
13179,-0.40108946
13180,-0.41462958
13181,-0.45589066
13182,-0.34272614
13183,-0.34168354
13184,-0.3910009
13185,-0.54385734
13186,-0.5517845
13187,-0.43357402
13188,-0.43390235
13189,-0.43701398
13190,-0.3691999
13191,20.354727
13192,66.089
13193,56.274296
13194,42.1322
13195,40.935795
13196,28.70443
13197,56.507935
13198,70.13795
13199,95.88718
13200,120.30298
13201,96.160515
13202,63.86624
13203,31.313824
13204,42.186543
13205,38.004948
13206,48.09269
13207,15.905044
13208,-0.39313674
13209,3.0512502
13210,-7.2376475
13211,-7.9886503
13212,-5.4722347
13213,-1.2607373
13214,-0.8340797
13215,-0.7760384
13216,-0.7340362
13217,-0.7022415
13218,-0.5330213
13219,-0.42685494
13220,-0.36932528
13221,-0.24322546
13222,-0.29684207
13223,-0.657353
13224,-0.485799
13225,-0.44426593
13226,61.401226
13227,87.95388
13228,26.215189
13229,-2.6397507
13230,2.401031
13231,-0.41951057
13232,-0.4456898
13233,-0.31472224
13234,-0.4844063
13235,-0.6220981
13236,-0.50901943
13237,-0.35855988
13238,-0.46993595
13239,-0.326125
13240,-0.30315852
13241,-0.43353102
13242,-0.43991625
13243,-0.5611571
13244,-0.484642
13245,-0.45392582
13246,-0.30156836
13247,-0.41222098
13248,-0.85810953
13249,-0.32366905
13250,32.27442
13251,64.37491
13252,109.91192
13253,108.296936
13254,33.03276
13255,52.549244
13256,14.112444
13257,7.695137
13258,-2.6870575
13259,-0.35632718
13260,-0.34915018
13261,-0.40056014
13262,-0.52067447
13263,-0.5524796
13264,-0.64413816
13265,-0.53125125
13266,-0.5479013
13267,-0.55640006
13268,-0.5159143
13269,44.382774
13270,99.22636
13271,38.08579
13272,42.577744
13273,47.903904
13274,54.225372
13275,35.747307
13276,-0.9246327
13277,15.161665
13278,26.574358
13279,37.158882
13280,57.640995
13281,56.267376
13282,95.2167
13283,54.266026
13284,42.573868
13285,142.53035
13286,111.16024
13287,164.79982
13288,186.73369
13289,197.05977
13290,212.28226
13291,276.49957
13292,206.1463
13293,155.66318
13294,248.6061
13295,348.847
13296,259.22702
13297,238.19444
13298,307.9509
13299,437.25784
13300,315.24982
13301,140.75204
13302,306.4779
13303,430.57318
13304,410.23495
13305,363.08737
13306,274.1409
13307,358.39545
13308,447.5079
13309,384.4449
13310,182.28741
13311,199.47136
13312,215.37119
13313,164.69466
13314,184.1767
13315,226.28024
13316,131.63654
13317,174.33138
13318,176.8867
13319,193.20485
13320,95.69174
13321,84.132744
13322,168.69106
13323,251.95654
13324,342.23026
13325,354.29477
13326,293.5741
13327,329.88278
13328,354.01086
13329,453.76233
13330,647.9848
13331,698.7508
13332,765.81757
13333,750.6799
13334,727.00714
13335,850.06885
13336,812.59753
13337,756.2045
13338,832.42487
13339,731.01654
13340,592.0281
13341,535.233
13342,577.8782
13343,558.73505
13344,583.8327
13345,673.80853
13346,750.119
13347,754.13074
13348,703.21985
13349,731.77936
13350,616.3583
13351,586.8219
13352,580.1514
13353,717.5136
13354,709.2358
13355,867.5591
13356,766.9923
13357,672.13544
13358,761.45605
13359,717.62213
13360,581.9677
13361,581.1643
13362,503.00305
13363,621.44653
13364,431.03583
13365,407.6459
13366,430.7152
13367,324.10272
13368,286.94876
13369,344.50046
13370,381.97314
13371,283.82135
13372,326.36456
13373,305.78824
13374,319.58395
13375,314.16348
13376,349.57803
13377,416.0681
13378,468.5546
13379,383.23877
13380,243.14777
13381,203.66975
13382,240.06216
13383,307.6496
13384,334.13037
13385,270.66022
13386,270.73108
13387,247.75076
13388,258.93582
13389,248.51033
13390,255.13828
13391,243.59515
13392,213.74063
13393,270.95364
13394,278.57318
13395,233.18188
13396,201.13695
13397,106.6973
13398,77.22175
13399,58.55864
13400,95.001205
13401,114.74187
13402,145.0046
13403,87.652985
13404,60.74534
13405,98.40983
13406,84.21916
13407,73.77043
13408,80.48729
13409,102.77412
13410,82.44044
13411,55.899063
13412,29.125557
13413,41.413933
13414,54.487904
13415,52.529514
13416,56.40633
13417,76.66709
13418,55.980995
13419,53.470825
13420,101.872955
13421,63.250553
13422,109.95415
13423,96.23234
13424,145.3802
13425,65.383675
13426,88.67403
13427,29.017622
13428,75.41214
13429,166.06714
13430,84.89219
13431,41.12144
13432,69.548294
13433,192.25443
13434,180.1436
13435,96.21698
13436,21.08806
13437,-1.905308
13438,225.11557
13439,129.95355
13440,42.469654
13441,43.97627
13442,34.500824
13443,98.24961
13444,375.5261
13445,261.0072
13446,114.58474
13447,67.56062
13448,43.949986
13449,170.3526
13450,165.08463
13451,80.68067
13452,71.69403
13453,107.38802
13454,122.39563
13455,163.59645
13456,144.72566
13457,170.3158
13458,127.1514
13459,91.27687
13460,95.8549
13461,70.53667
13462,73.28296
13463,93.242325
13464,186.97066
13465,222.60799
13466,266.20413
13467,256.97757
13468,240.31598
13469,249.91406
13470,228.8591
13471,293.2985
13472,279.95663
13473,238.49222
13474,204.77254
13475,194.36229
13476,188.3099
13477,99.04125
13478,124.050186
13479,490.80933
13480,1076.2495
13481,1321.2217
13482,1228.7605
13483,1229.1469
13484,1036.083
13485,1084.0664
13486,1165.7961
13487,1011.42755
13488,899.7477
13489,772.58124
13490,756.03094
13491,674.6775
13492,643.7264
13493,571.2412
13494,452.55768
13495,436.03644
13496,453.17874
13497,330.96796
13498,304.31888
13499,236.50066
13500,154.34819
13501,109.28128
13502,68.289345
13503,69.96077
13504,104.94902
13505,126.55773
13506,111.15572
13507,126.18877
13508,186.60738
13509,270.47296
13510,282.61954
13511,291.90945
13512,339.91736
13513,313.6736
13514,206.68158
13515,196.2559
13516,195.74937
13517,231.82408
13518,247.222
13519,177.37062
13520,196.78311
13521,193.89238
13522,191.20976
13523,250.56232
13524,317.012
13525,193.4941
13526,138.49635
13527,106.0
13528,112.0918
13529,107.616745
13530,145.45868
13531,131.48302
13532,44.92141
13533,48.592533
13534,58.46417
13535,67.023895
13536,90.54123
13537,158.15916
13538,177.80083
13539,128.22696
13540,31.831205
13541,2.5488482
13542,-3.4883897
13543,-2.6943545
13544,-2.7233434
13545,31.78915
13546,105.46644
13547,185.06758
13548,248.38687
13549,144.31844
13550,267.37018
13551,208.3611
13552,238.00972
13553,197.80608
13554,322.602
13555,370.9238
13556,354.8244
13557,407.29404
13558,259.82135
13559,101.9314
13560,37.737865
13561,138.5076
13562,321.8317
13563,408.01727
13564,197.96199
13565,123.90984
13566,121.43576
13567,94.59232
13568,155.79985
13569,272.23224
13570,252.91
13571,263.67578
13572,236.25694
13573,145.64005
13574,100.09843
13575,192.17282
13576,201.38254
13577,144.87877
13578,97.713165
13579,161.88226
13580,195.60329
13581,293.05472
13582,329.54565
13583,311.84467
13584,488.0648
13585,272.46045
13586,221.84041
13587,136.63857
13588,30.410378
13589,20.108194
13590,139.30392
13591,121.86571
13592,28.040964
13593,81.38094
13594,215.65619
13595,165.45847
13596,88.14831
13597,23.101164
13598,30.970531
13599,29.151138
13600,32.114643
13601,-0.55794895
13602,-1.473397
13603,21.624853
13604,107.31124
13605,72.73581
13606,141.52884
13607,207.32349
13608,169.75804
13609,120.926476
13610,116.38344
13611,129.36176
13612,158.11838
13613,208.91316
13614,197.86058
13615,183.9082
13616,172.11665
13617,185.35052
13618,121.96015
13619,120.660446
13620,85.87063
13621,89.2709
13622,89.03464
13623,120.53879
13624,134.04213
13625,256.11545
13626,460.2705
13627,508.782
13628,588.4622
13629,634.487
13630,601.0978
13631,515.9159
13632,575.3401
13633,573.63007
13634,599.28815
13635,634.93585
13636,562.6542
13637,486.98502
13638,457.00504
13639,474.46783
13640,498.90152
13641,485.92612
13642,443.92038
13643,441.5312
13644,508.75723
13645,415.73224
13646,281.97177
13647,316.23428
13648,375.59366
13649,491.76102
13650,476.00037
13651,506.09546
13652,553.99585
13653,540.78015
13654,720.74396
13655,548.8037
13656,454.25937
13657,605.50055
13658,592.1554
13659,441.55643
13660,558.23035
13661,482.79004
13662,351.71686
13663,332.32803
13664,428.70288
13665,310.58606
13666,189.13286
13667,324.61758
13668,442.20218
13669,396.35324
13670,342.11093
13671,357.2576
13672,388.3729
13673,431.5373
13674,451.63687
13675,484.3021
13676,579.6911
13677,511.3726
13678,549.77484
13679,663.8134
13680,595.8787
13681,599.58777
13682,572.037
13683,466.25803
13684,314.87976
13685,230.15318
13686,310.41586
13687,285.56723
13688,246.15535
13689,255.92397
13690,220.05853
13691,142.11848
13692,161.49074
13693,109.00639
13694,63.379486
13695,22.619314
13696,82.45698
13697,199.83128
13698,181.47467
13699,221.35043
13700,116.55895
13701,135.5289
13702,210.92867
13703,148.73476
13704,193.36697
13705,151.089
13706,185.76082
13707,116.84112
13708,99.02649
13709,112.596596
13710,68.54412
13711,126.46202
13712,194.02797
13713,141.16542
13714,228.67026
13715,208.99487
13716,230.88069
13717,211.6648
13718,350.67874
13719,529.4939
13720,153.34265
13721,169.42696
13722,201.47081
13723,195.78644
13724,147.19188
13725,262.2816
13726,108.013
13727,132.12543
13728,270.926
13729,403.08643
13730,241.51991
13731,198.66714
13732,217.77196
13733,285.8611
13734,327.16592
13735,232.06941
13736,365.2702
13737,317.3676
13738,349.17548
13739,423.3641
13740,422.24524
13741,342.30945
13742,288.10257
13743,500.18533
13744,578.2192
13745,336.67792
13746,531.1825
13747,304.23303
13748,337.7031
13749,262.80054
13750,371.805
13751,219.19597
13752,184.01822
13753,153.49149
13754,257.42657
13755,425.0402
13756,370.88135
13757,342.6368
13758,408.8682
13759,326.4591
13760,348.42694
13761,274.3855
13762,333.0858
13763,307.26694
13764,269.7855
13765,345.11487
13766,303.9644
13767,247.57545
13768,270.30704
13769,425.3555
13770,429.61362
13771,479.31342
13772,410.86914
13773,327.42337
13774,235.8556
13775,473.10867
13776,500.70343
13777,172.53543
13778,181.26132
13779,195.47163
13780,243.38278
13781,224.87244
13782,347.8316
13783,451.12067
13784,436.41446
13785,448.10123
13786,530.9296
13787,596.98914
13788,856.1429
13789,755.54315
13790,567.39453
13791,498.39203
13792,590.5031
13793,665.0623
13794,628.8347
13795,442.32178
13796,405.5964
13797,401.4493
13798,430.63855
13799,565.1036
13800,777.4675
13801,779.9771
13802,729.8616
13803,761.16125
13804,846.319
13805,746.0933
13806,876.4682
13807,908.0471
13808,688.96124
13809,780.9096
13810,563.8165
13811,463.66397
13812,403.66058
13813,292.47156
13814,363.71637
13815,372.69043
13816,399.02695
13817,411.01212
13818,537.18146
13819,542.69824
13820,354.92606
13821,241.76872
13822,47.582607
13823,310.60156
13824,440.04245
13825,343.5166
13826,640.66284
13827,734.3736
13828,838.09656
13829,649.8186
13830,623.81494
13831,460.3514
13832,428.2373
13833,458.6698
13834,481.82788
13835,363.3867
13836,343.38403
13837,345.68402
13838,467.9742
13839,517.2058
13840,384.9804
13841,437.34656
13842,333.26312
13843,272.47336
13844,397.66202
13845,527.83154
13846,483.874
13847,520.4741
13848,553.9388
13849,444.50153
13850,571.5081
13851,314.0941
13852,492.336
13853,247.31111
13854,265.46432
13855,265.5646
13856,373.27966
13857,230.05707
13858,281.50027
13859,327.23566
13860,332.74194
13861,351.40042
13862,418.555
13863,464.78537
13864,507.91998
13865,708.3483
13866,596.268
13867,561.862
13868,509.5955
13869,598.72046
13870,697.4168
13871,452.32037
13872,540.46094
13873,360.50113
13874,498.2762
13875,406.8404
13876,288.30252
13877,408.40726
13878,289.87238
13879,407.67535
13880,260.27414
13881,301.45746
13882,310.48102
13883,188.1025
13884,309.69653
13885,368.4077
13886,415.062
13887,420.52777
13888,382.18234
13889,331.85956
13890,272.0632
13891,238.33858
13892,225.61667
13893,234.03737
13894,157.72078
13895,144.60533
13896,198.69061
13897,263.6105
13898,251.99911
13899,222.27173
13900,240.34521
13901,224.6556
13902,258.3657
13903,298.86227
13904,400.8854
13905,435.0941
13906,489.7689
13907,440.5598
13908,393.9622
13909,445.42297
13910,429.11658
13911,337.7598
13912,331.0671
13913,301.0341
13914,301.15784
13915,330.31522
13916,331.46716
13917,297.43054
13918,325.578
13919,373.40744
13920,493.7725
13921,587.29193
13922,467.1312
13923,484.11124
13924,543.9832
13925,543.71906
13926,538.39233
13927,466.78473
13928,434.07983
13929,390.01675
13930,381.31906
13931,424.49786
13932,406.94238
13933,390.89084
13934,322.9124
13935,352.83557
13936,365.68948
13937,327.73505
13938,377.9586
13939,382.01584
13940,328.13635
13941,216.71571
13942,210.41527
13943,284.46368
13944,308.9595
13945,264.78085
13946,237.61287
13947,217.58376
13948,213.94618
13949,260.2614
13950,275.9445
13951,279.28842
13952,279.1498
13953,259.84537
13954,255.48328
13955,220.6148
13956,200.9913
13957,158.84985
13958,129.28288
13959,114.403755
13960,84.774284
13961,53.68817
13962,62.05774
13963,77.118965
13964,55.124054
13965,42.12907
13966,42.776577
13967,22.312292
13968,-1.0476773
13969,-0.66442657
13970,-1.184289
13971,-0.7339959
13972,-0.7434308
13973,-0.85396767
13974,-2.7180762
13975,-1.195704
13976,-1.3230222
13977,-1.5777596
13978,-1.156649
13979,0.80581415
13980,-0.98358935
13981,-1.0191699
13982,-1.0194584
13983,-0.17210187
13984,-1.1805117
13985,-1.6751865
13986,0.0010387679
13987,-0.60292625
13988,-0.74860215
13989,15.531016
13990,1.3499494
13991,-0.6780419
13992,-0.6377247
13993,-0.546956
13994,-0.6933818
13995,-0.5802821
13996,-0.65438396
13997,-0.50503445
13998,-0.6197512
13999,-0.48203966
14000,-0.5245784
14001,-0.47869918
14002,-0.53463805
14003,0.2507507
14004,52.505463
14005,46.297523
14006,26.121243
14007,4.3167186
14008,63.249226
14009,114.11396
14010,56.85199
14011,37.595158
14012,2.2017865
14013,11.173938
14014,15.490433
14015,-0.8362837
14016,-0.71060026
14017,47.180233
14018,-0.9267546
14019,11.854908
14020,75.21053
14021,94.638115
14022,80.76989
14023,87.57
14024,75.22434
14025,62.422886
14026,68.66088
14027,54.753696
14028,18.026123
14029,9.433568
14030,46.42325
14031,15.424796
14032,-2.556745
14033,-1.0193081
14034,-1.2857465
14035,29.518518
14036,71.81443
14037,107.20292
14038,141.07663
14039,139.22266
14040,190.9287
14041,189.37067
14042,139.30193
14043,268.32385
14044,365.2702
14045,396.87796
14046,374.1174
14047,329.56488
14048,359.91006
14049,244.78897
14050,128.95886
14051,180.29317
14052,213.08223
14053,258.8434
14054,345.37573
14055,378.8875
14056,479.97748
14057,470.62323
14058,416.6341
14059,368.873
14060,281.93295
14061,204.28995
14062,163.65367
14063,143.75453
14064,134.24258
14065,112.600044
14066,81.330666
14067,37.7183
14068,53.58002
14069,16.562145
14070,-0.2730451
14071,21.774282
14072,11.202636
14073,3.3337862
14074,42.392315
14075,25.445755
14076,16.09386
14077,15.990173
14078,15.24452
14079,19.50326
14080,17.62351
14081,23.401129
14082,16.761826
14083,9.405292
14084,6.5744653
14085,-7.012729
14086,-6.8055134
14087,-3.7551064
14088,-0.4984927
14089,-0.537954
14090,24.465347
14091,37.341316
14092,17.950869
14093,9.750107
14094,-5.427089
14095,-0.56477344
14096,-0.5580451
14097,-0.5609148
14098,60.714817
14099,43.241745
14100,40.954037
14101,25.906034
14102,21.230211
14103,6.4592338
14104,0.36062464
14105,-6.4641085
14106,-3.4983451
14107,-2.4363778
14108,-2.6501942
14109,-2.6617112
14110,-2.6023648
14111,-2.497058
14112,-2.3580298
14113,-2.2992196
14114,-2.3396938
14115,-2.2064254
14116,-1.4454057
14117,-1.063032
14118,-0.9109922
14119,-0.8403479
14120,-0.7660112
14121,-0.62313646
14122,-0.43631268
14123,-0.36213186
14124,-0.3004759
14125,-0.3360606
14126,-0.33840364
14127,-0.3355614
14128,-0.3276924
14129,-0.382929
14130,-0.3729018
14131,-0.35716897
14132,-0.4202789
14133,-0.48367795
14134,-0.4670404
14135,-0.5244495
14136,-0.5288201
14137,-0.49915227
14138,-0.5727159
14139,-0.64782465
14140,-0.6867781
14141,-0.6462892
14142,-0.6290982
14143,-0.59638333
14144,-0.7530342
14145,-0.68648535
14146,-0.5064463
14147,-0.51296896
14148,-0.59893423
14149,-0.74215096
14150,-0.44705832
14151,-0.6158745
14152,-0.7335178
14153,-0.49236766
14154,-0.7458654
14155,-0.7417194
14156,-0.66177255
14157,-0.45307022
14158,-0.48293048
14159,-0.91283375
14160,-0.8108367
14161,-0.53017294
14162,3.9936194
14163,-0.6956475
14164,-0.60052574
14165,-0.7773596
14166,-0.6637404
14167,-0.68140197
14168,-0.6178489
14169,-0.67997175
14170,-0.73379207
14171,-0.58467555
14172,-0.5825674
14173,-0.61996496
14174,-0.6330253
14175,-0.69909596
14176,-0.6986484
14177,-0.67089885
14178,-0.68570244
14179,-0.83734846
14180,-0.75107145
14181,-0.7520774
14182,-1.0143058
14183,-0.59462667
14184,-0.6041528
14185,20.780146
14186,57.902695
14187,65.79507
14188,45.89
14189,40.175724
14190,38.755955
14191,53.42189
14192,58.7567
14193,55.388435
14194,45.87181
14195,33.440784
14196,61.265594
14197,88.33219
14198,49.795437
14199,43.93548
14200,39.246555
14201,37.096615
14202,19.209877
14203,34.808025
14204,37.623875
14205,36.419952
14206,40.523342
14207,31.706362
14208,20.247343
14209,48.90899
14210,45.68225
14211,47.969463
14212,53.620087
14213,44.79631
14214,47.496765
14215,55.020336
14216,68.89595
14217,80.3848
14218,118.228455
14219,165.56885
14220,202.6909
14221,200.21117
14222,196.7512
14223,173.35748
14224,199.79767
14225,199.79251
14226,167.6421
14227,154.1409
14228,126.55099
14229,126.172585
14230,103.76004
14231,94.87743
14232,96.902664
14233,76.17328
14234,43.371704
14235,41.307735
14236,42.39044
14237,45.249687
14238,45.800346
14239,44.614265
14240,16.221485
14241,26.129135
14242,28.20712
14243,42.404865
14244,29.746761
14245,9.186102
14246,-1.0682329
14247,11.540855
14248,22.845898
14249,25.784971
14250,21.2479
14251,17.438004
14252,18.65861
14253,13.959599
14254,20.919735
14255,25.280664
14256,25.78339
14257,13.345953
14258,11.197825
14259,22.778315
14260,15.059305
14261,15.556285
14262,17.36032
14263,-6.138987
14264,-6.01762
14265,-1.962364
14266,-2.0175753
14267,-2.188028
14268,-2.1545475
14269,-2.0551643
14270,-2.033522
14271,-2.2560184
14272,-1.8414599
14273,-1.2832098
14274,-0.99937814
14275,-0.7460653
14276,-0.6674244
14277,-0.49480873
14278,-0.76865715
14279,-0.73962855
14280,-0.72525436
14281,-0.7521163
14282,-0.8411377
14283,-0.7679856
14284,-0.7045788
14285,-0.6309042
14286,-0.64563096
14287,-0.543534
14288,-0.8003716
14289,-0.4268177
14290,-0.48998886
14291,-0.72426856
14292,-0.67819405
14293,-1.163403
14294,-0.48389992
14295,-0.49937767
14296,-0.40077022
14297,-0.689817
14298,41.401726
14299,7.117494
14300,53.3513
14301,70.02112
14302,59.22927
14303,4.1651745
14304,-1.0986587
14305,69.075775
14306,132.75642
14307,72.988945
14308,78.55962
14309,73.213295
14310,77.1147
14311,44.515728
14312,23.569395
14313,5.0579653
14314,-1.0881845
14315,-1.1948422
14316,-1.222767
14317,-1.2719423
14318,-1.4038002
14319,-1.4291178
14320,-1.4659269
14321,16.727043
14322,10.074802
14323,13.326018
14324,54.277897
14325,40.693542
14326,30.036167
14327,60.576256
14328,76.628586
14329,107.56891
14330,117.96051
14331,118.02753
14332,109.77612
14333,142.9489
14334,143.24924
14335,161.30939
14336,221.78514
14337,232.19113
14338,202.8638
14339,252.83829
14340,207.2568
14341,232.08464
14342,169.58691
14343,248.33897
14344,267.2542
14345,237.3507
14346,192.48308
14347,210.993
14348,275.53314
14349,246.10257
14350,253.43558
14351,192.36064
14352,111.25902
14353,26.08905
14354,-7.0507426
14355,32.474926
14356,34.618973
14357,14.962109
14358,-1.5398995
14359,8.335186
14360,10.869236
14361,9.473195
14362,-1.4613775
14363,25.46063
14364,28.53235
14365,43.986427
14366,23.248169
14367,44.2374
14368,33.453716
14369,29.044022
14370,33.86041
14371,33.474648
14372,26.84784
14373,39.535564
14374,44.992287
14375,42.38342
14376,34.256947
14377,20.757353
14378,40.392742
14379,39.174828
14380,44.247425
14381,53.867867
14382,77.927635
14383,100.0361
14384,183.09
14385,311.63455
14386,390.2051
14387,423.31406
14388,456.03964
14389,528.06195
14390,508.24002
14391,518.48663
14392,558.8709
14393,545.91284
14394,559.8372
14395,498.5308
14396,526.47424
14397,725.61176
14398,703.72626
14399,666.95044
14400,682.6901
14401,736.33685
14402,647.0879
14403,602.27747
14404,484.5397
14405,194.63661
14406,254.281
14407,60.591652
14408,59.62776
14409,47.389668
14410,75.48132
14411,118.451614
14412,153.46384
14413,113.614204
14414,174.9369
14415,143.19424
14416,169.35504
14417,194.3941
14418,355.26303
14419,289.68716
14420,501.19174
14421,539.3067
14422,434.78632
14423,523.1101
14424,489.09158
14425,330.2778
14426,298.12042
14427,500.72
14428,458.6284
14429,506.70135
14430,412.52075
14431,359.0573
14432,482.81836
14433,530.5697
14434,992.9796
14435,1083.3748
14436,894.7754
14437,1058.6919
14438,1020.029
14439,1028.681
14440,672.5254
14441,656.619
14442,712.4062
14443,894.52673
14444,676.8759
14445,469.77643
14446,422.29364
14447,629.7824
14448,470.08548
14449,403.0708
14450,505.32068
14451,650.0377
14452,437.21295
14453,608.5485
14454,971.79065
14455,639.0945
14456,819.8592
14457,686.90875
14458,820.19666
14459,1036.2906
14460,615.64777
14461,1011.47363
14462,603.0782
14463,372.07532
14464,366.69382
14465,346.89505
14466,162.76665
14467,221.87473
14468,273.22134
14469,201.13884
14470,286.95212
14471,352.2976
14472,386.5083
14473,288.3053
14474,321.3882
14475,339.59155
14476,242.44664
14477,119.39263
14478,245.9357
14479,159.98965
14480,117.89282
14481,88.8089
14482,148.31259
14483,218.7494
14484,224.99962
14485,187.54074
14486,92.49655
14487,44.7292
14488,33.36205
14489,62.502316
14490,79.85742
14491,117.77104
14492,150.31642
14493,216.3733
14494,181.95535
14495,243.59152
14496,245.98509
14497,392.3379
14498,529.3854
14499,614.34875
14500,534.8488
14501,382.80777
14502,398.40726
14503,560.2447
14504,515.24915
14505,568.3658
14506,754.45306
14507,669.8333
14508,539.728
14509,504.4895
14510,458.48383
14511,350.27774
14512,377.94196
14513,269.48483
14514,113.341675
14515,92.29597
14516,83.25482
14517,90.60342
14518,158.3726
14519,118.113655
14520,109.4725
14521,130.9182
14522,113.51652
14523,74.836876
14524,99.30104
14525,165.37952
14526,138.19527
14527,115.76538
14528,88.98579
14529,87.734406
14530,118.04809
14531,133.262
14532,113.56706
14533,108.10603
14534,116.50322
14535,109.523834
14536,97.90215
14537,120.51942
14538,141.0062
14539,152.86348
14540,165.64072
14541,149.16689
14542,161.32214
14543,175.29396
14544,163.7092
14545,148.90344
14546,67.332016
14547,106.04632
14548,114.012794
14549,164.44847
14550,111.6184
14551,81.03981
14552,49.36148
14553,38.470097
14554,68.58302
14555,81.504265
14556,74.257576
14557,26.655382
14558,41.0085
14559,57.91022
14560,9.1836605
14561,-1.1245661
14562,-1.064371
14563,-0.86917406
14564,-0.85306644
14565,28.787659
14566,-0.9842361
14567,71.21638
14568,76.65931
14569,4.475385
14570,100.10186
14571,55.575264
14572,99.97874
14573,61.957855
14574,66.65977
14575,-0.46234688
14576,8.054457
14577,1.5476592
14578,125.13986
14579,43.460705
14580,6.790768
14581,69.29713
14582,-2.259011
14583,16.109968
14584,19.713717
14585,2.8545878
14586,8.499282
14587,6.2140226
14588,-0.53766906
14589,47.920284
14590,-2.4731624
14591,56.91812
14592,20.598972
14593,18.853994
14594,13.724393
14595,4.944909
14596,59.655685
14597,115.434586
14598,-0.013868052
14599,-2.1011317
14600,-1.2904941
14601,108.7092
14602,139.68117
14603,129.22284
14604,92.05179
14605,47.211163
14606,41.634094
14607,71.44724
14608,11.1137295
14609,22.501297
14610,13.63179
14611,49.76142
14612,57.656147
14613,70.987015
14614,66.664215
14615,100.41433
14616,96.79299
14617,63.80889
14618,47.049282
14619,39.417427
14620,59.013023
14621,69.60318
14622,98.48961
14623,35.675545
14624,18.402403
14625,3.4731035
14626,-3.7720559
14627,-6.523512
14628,-0.47364333
14629,-7.784539
14630,-4.6923704
14631,-0.9342635
14632,-0.62155807
14633,-0.5245725
14634,-0.38932765
14635,-0.3351992
14636,-0.34971857
14637,-0.33264023
14638,-0.32716706
14639,-0.26978558
14640,-0.3387926
14641,-0.30489832
14642,-0.28759667
14643,-0.33778343
14644,-0.35361242
14645,0.25395697
14646,224.71109
14647,131.34418
14648,184.668
14649,239.67513
14650,281.98282
14651,306.40793
14652,318.71777
14653,337.46426
14654,301.95978
14655,311.4998
14656,367.37527
14657,373.7478
14658,324.4439
14659,261.72205
14660,135.59698
14661,73.82181
14662,58.073315
14663,20.339348
14664,-1.5077845
14665,-7.7086954
14666,-3.6227388
14667,-2.6159837
14668,-2.5570605
14669,-2.7171237
14670,-2.5548043
14671,-2.5268824
14672,-2.4325428
14673,-2.035778
14674,-1.6795509
14675,-1.2228582
14676,-0.6957836
14677,-0.5975727
14678,-0.5305363
14679,-0.5699894
14680,-0.5657281
14681,-0.50997
14682,-0.5068952
14683,-0.51291704
14684,-0.47686413
14685,-0.476858
14686,-0.43931368
14687,-0.46884444
14688,-0.46741977
14689,-0.5068433
14690,-0.5095462
14691,-0.46511897
14692,-0.4604205
14693,-0.48519564
14694,-0.5060566
14695,-0.48194847
14696,-0.55275124
14697,-0.5488322
14698,-0.5599409
14699,-0.5272353
14700,-0.9262275
14701,-0.96445525
14702,-0.5243812
14703,42.524277
14704,151.07843
14705,75.53881
14706,38.825394
14707,168.76689
14708,104.132576
14709,239.18903
14710,234.74677
14711,162.8977
14712,80.16077
14713,132.0033
14714,197.44489
14715,158.48174
14716,119.08932
14717,174.4142
14718,167.04596
14719,251.74323
14720,63.26209
14721,143.2059
14722,178.18256
14723,223.03026
14724,206.92401
14725,162.0071
14726,191.95146
14727,302.8111
14728,316.33508
14729,176.32687
14730,306.52762
14731,223.27483
14732,334.10907
14733,472.27997
14734,349.78513
14735,244.17766
14736,200.07726
14737,394.2588
14738,302.3283
14739,613.2733
14740,468.60934
14741,271.15207
14742,523.57526
14743,469.78253
14744,650.8058
14745,340.3881
14746,686.77496
14747,311.87094
14748,486.62335
14749,289.97202
14750,473.15054
14751,434.96753
14752,305.66946
14753,479.21283
14754,266.13486
14755,421.57205
14756,351.3376
14757,385.4263
14758,527.2904
14759,428.41534
14760,437.1704
14761,531.2672
14762,365.92007
14763,407.61154
14764,354.2619
14765,436.67624
14766,534.1651
14767,419.59515
14768,499.58234
14769,555.50037
14770,639.29034
14771,742.8407
14772,877.1966
14773,930.0603
14774,1001.9376
14775,927.83527
14776,1056.7123
14777,981.9122
14778,989.6154
14779,924.1982
14780,878.0673
14781,934.05457
14782,1027.3691
14783,558.09625
14784,373.835
14785,246.91426
14786,189.70943
14787,247.24121
14788,146.603
14789,157.43507
14790,276.85654
14791,557.1124
14792,622.57495
14793,338.45
14794,287.50687
14795,289.3437
14796,338.35257
14797,430.561
14798,369.14243
14799,274.71783
14800,280.09518
14801,378.21143
14802,351.28967
14803,233.91223
14804,189.2963
14805,293.46417
14806,485.3876
14807,398.62222
14808,375.3902
14809,435.53705
14810,567.0933
14811,594.5279
14812,607.9844
14813,703.1083
14814,843.64154
14815,823.50305
14816,793.28033
14817,795.9637
14818,835.0076
14819,696.70844
14820,543.0464
14821,317.3936
14822,201.22429
14823,110.31885
14824,146.38126
14825,294.45166
14826,494.86154
14827,604.9377
14828,541.0352
14829,550.18243
14830,496.23865
14831,566.86615
14832,584.4179
14833,418.79477
14834,344.84576
14835,535.5033
14836,337.97208
14837,251.35301
14838,155.05402
14839,215.32903
14840,88.64515
14841,127.847305
14842,90.71368
14843,92.19287
14844,131.97339
14845,99.32135
14846,144.00333
14847,103.883575
14848,130.13757
14849,107.93237
14850,137.72719
14851,74.059525
14852,129.07231
14853,76.73032
14854,144.60788
14855,128.66231
14856,132.87097
14857,171.06648
14858,142.72981
14859,172.12796
14860,169.95454
14861,117.78344
14862,125.17341
14863,109.49904
14864,68.7072
14865,71.32989
14866,71.105484
14867,75.270226
14868,43.59524
14869,84.2793
14870,57.727962
14871,131.43155
14872,226.5952
14873,187.18484
14874,190.07826
14875,248.07706
14876,182.99155
14877,127.62987
14878,72.99285
14879,221.47922
14880,244.14885
14881,315.5855
14882,178.25697
14883,259.82587
14884,272.11188
14885,151.71075
14886,177.72748
14887,134.0332
14888,213.96063
14889,76.133995
14890,80.04812
14891,49.856834
14892,32.465427
14893,29.499363
14894,35.297844
14895,57.689243
14896,93.330795
14897,51.284805
14898,7.4073515
14899,-0.34528968
14900,21.19646
14901,0.042846583
14902,15.434248
14903,16.692492
14904,-0.17814706
14905,18.226519
14906,26.772615
14907,76.52664
14908,122.17922
14909,99.14203
14910,57.44908
14911,63.99013
14912,34.37452
14913,105.16067
14914,73.017586
14915,48.86038
14916,31.332396
14917,30.689806
14918,6.6039267
14919,-7.795705
14920,2.9370267
14921,31.849457
14922,37.13174
14923,29.448898
14924,18.600742
14925,9.189751
14926,50.231354
14927,18.789087
14928,26.70125
14929,-1.1481265
14930,-0.111323
14931,-7.2319846
14932,-7.3089976
14933,-5.0982246
14934,-2.460029
14935,-2.3862457
14936,-1.9391094
14937,-1.6683279
14938,-1.5519239
14939,-1.5522474
14940,-1.6009423
14941,-1.6338623
14942,-1.6630812
14943,-1.6262594
14944,-1.5904398
14945,-1.5767837
14946,-1.4437836
14947,-1.3086622
14948,-1.0523587
14949,-0.9273587
14950,-0.7915949
14951,-0.5998256
14952,-0.47322533
14953,-0.43819472
14954,-0.4012452
14955,-0.3890904
14956,-0.35860157
14957,-0.3746421
14958,-0.38977647
14959,-0.44232714
14960,-0.7889609
14961,-0.6395178
14962,-0.64727753
14963,-0.66437125
14964,-0.6206799
14965,-0.641078
14966,-0.4927376
14967,-0.40190804
14968,-0.30644235
14969,-0.2602498
14970,-0.26209322
14971,-0.26209322
14972,-0.3752091
14973,-0.5071771
14974,-0.31806237
14975,-0.24613483
14976,-0.23918979
14977,-0.24133739
14978,-0.2814047
14979,-0.33414504
14980,-0.28881627
14981,-0.2922355
14982,-0.31314686
14983,-0.31314686
14984,-0.31196383
14985,-0.36871988
14986,-0.36784294
14987,-0.40854988
14988,-0.44984314
14989,-0.46893978
14990,-0.77094465
14991,-0.7178032
14992,-0.83436847
14993,-0.92472994
14994,-0.8464817
14995,-0.81055015
14996,11.93714
14997,68.875305
14998,31.978832
14999,73.97839
15000,119.44098
15001,114.70054
15002,48.569668
15003,88.58737
15004,48.649094
15005,114.39213
15006,106.66907
15007,99.12506
15008,93.31777
15009,155.16019
15010,145.1991
15011,105.597694
15012,-2.212005
15013,69.159454
15014,152.21158
15015,84.88956
15016,48.971752
15017,38.695965
15018,5.042714
15019,104.79089
15020,162.52205
15021,40.579685
15022,69.97814
15023,113.4418
15024,43.134106
15025,144.5664
15026,140.87129
15027,67.116035
15028,141.96411
15029,140.31723
15030,76.97887
15031,262.42007
15032,228.05305
15033,130.253
15034,156.4622
15035,92.9393
15036,87.32499
15037,127.3091
15038,74.47965
15039,20.61259
15040,29.880693
15041,57.73495
15042,3.874158
15043,51.72808
15044,56.52716
15045,12.087813
15046,-0.6092338
15047,24.593777
15048,23.159012
15049,32.82187
15050,40.773773
15051,61.72763
15052,73.70009
15053,71.01722
15054,107.87504
15055,116.50146
15056,75.27714
15057,88.311905
15058,83.62824
15059,60.69059
15060,44.957848
15061,45.66494
15062,32.62164
15063,42.117588
15064,76.17632
15065,61.83482
15066,69.700874
15067,50.19254
15068,50.726658
15069,55.956703
15070,66.63728
15071,87.08152
15072,103.15836
15073,97.41797
15074,119.18253
15075,159.47342
15076,198.73795
15077,249.38927
15078,171.35828
15079,81.3929
15080,84.371475
15081,73.3705
15082,68.731026
15083,62.198055
15084,64.69333
15085,74.61046
15086,101.742485
15087,98.530495
15088,38.252922
15089,11.909309
15090,55.74981
15091,32.56022
15092,1.9529539
15093,-0.5417125
15094,-0.5029235
15095,-0.24811333
15096,-0.24822493
15097,-0.37766904
15098,-0.35529467
15099,14.633337
15100,-4.779478
15101,-0.48008665
15102,22.69595
15103,77.35604
15104,37.024067
15105,70.76835
15106,93.46249
15107,72.847404
15108,94.98065
15109,120.76292
15110,158.70586
15111,221.31279
15112,248.95216
15113,289.46622
15114,317.04074
15115,393.3603
15116,399.4308
15117,331.80692
15118,324.00507
15119,338.39847
15120,245.2616
15121,274.3505
15122,242.70728
15123,260.76593
15124,231.49945
15125,286.56424
15126,494.12726
15127,275.7992
15128,241.58504
15129,190.44075
15130,144.81291
15131,63.859478
15132,86.15426
15133,175.98578
15134,317.60184
15135,208.40749
15136,297.42218
15137,257.95868
15138,401.18066
15139,244.3767
15140,292.77518
15141,599.8918
15142,587.10474
15143,431.4119
15144,566.9232
15145,365.94104
15146,591.2188
15147,625.13434
15148,676.1019
15149,799.81537
15150,898.99054
15151,699.11334
15152,929.14124
15153,804.78217
15154,1018.8116
15155,690.7231
15156,809.1794
15157,803.4152
15158,1113.8385
15159,579.0303
15160,1062.0544
15161,853.1125
15162,604.78546
15163,583.0261
15164,510.6979
15165,338.94412
15166,207.18796
15167,455.03543
15168,645.7907
15169,756.73285
15170,628.95404
15171,541.3387
15172,505.91962
15173,312.0005
15174,225.55273
15175,503.05142
15176,372.35413
15177,310.4232
15178,184.61723
15179,153.13103
15180,103.992035
15181,74.394226
15182,66.954994
15183,66.2959
15184,291.0847
15185,299.88605
15186,234.23334
15187,261.96774
15188,276.8694
15189,236.56001
15190,267.1464
15191,319.70828
15192,244.75053
15193,179.33116
15194,269.18195
15195,235.07292
15196,215.92188
15197,179.1373
15198,179.25546
15199,319.6243
15200,322.50342
15201,312.3647
15202,341.5002
15203,351.15234
15204,345.3378
15205,368.63116
15206,380.2564
15207,408.6278
15208,320.74918
15209,340.90747
15210,288.83783
15211,288.40677
15212,369.15326
15213,335.44858
15214,301.80652
15215,232.4939
15216,160.24876
15217,127.85836
15218,98.209724
15219,143.9349
15220,62.92814
15221,39.382492
15222,62.532173
15223,89.19847
15224,78.19329
15225,106.10419
15226,120.13284
15227,99.18283
15228,265.0776
15229,167.26727
15230,127.323364
15231,52.226784
15232,49.728867
15233,26.830345
15234,124.87033
15235,190.33492
15236,151.93964
15237,89.3041
15238,114.81604
15239,109.60348
15240,117.14873
15241,83.72844
15242,132.7181
15243,69.12692
15244,69.00351
15245,46.696793
15246,51.268818
15247,50.907578
15248,71.887314
15249,95.58918
15250,155.3903
15251,264.0476
15252,229.5653
15253,368.50446
15254,325.78076
15255,260.05283
15256,156.0952
15257,305.55154
15258,382.52594
15259,196.16354
15260,211.40756
15261,225.5704
15262,226.05621
15263,135.71425
15264,145.9241
15265,226.2539
15266,162.2562
15267,93.18602
15268,108.22856
15269,113.444595
15270,120.11145
15271,88.100945
15272,215.63406
15273,226.69461
15274,126.59928
15275,221.28386
15276,151.56726
15277,121.85496
15278,94.13823
15279,84.30243
15280,66.53257
15281,298.2757
15282,198.14552
15283,162.9521
15284,85.76308
15285,174.61275
15286,207.76706
15287,227.29832
15288,158.23784
15289,102.311
15290,154.08453
15291,231.655
15292,453.2243
15293,410.04517
15294,226.3241
15295,357.60452
15296,429.26642
15297,410.5754
15298,425.96494
15299,223.42267
15300,415.9133
15301,416.12445
15302,486.2576
15303,380.47247
15304,609.7657
15305,530.36993
15306,559.1616
15307,303.88022
15308,222.25508
15309,122.89297
15310,303.50623
15311,285.865
15312,156.25447
15313,281.6597
15314,259.20367
15315,299.77603
15316,380.70724
15317,397.99167
15318,447.4524
15319,588.06384
15320,303.36404
15321,389.70786
15322,358.20877
15323,167.02843
15324,167.51361
15325,274.47275
15326,105.16985
15327,134.02011
15328,204.2212
15329,206.34813
15330,142.34457
15331,73.19186
15332,75.05748
15333,105.18699
15334,90.37577
15335,73.06974
15336,66.60073
15337,114.19828
15338,142.208
15339,167.46114
15340,159.31575
15341,139.12201
15342,98.075516
15343,105.64096
15344,114.01478
15345,129.5508
15346,88.17924
15347,89.82239
15348,104.03522
15349,138.6123
15350,141.2102
15351,121.312546
15352,141.3061
15353,158.94916
15354,167.07668
15355,166.50023
15356,183.40904
15357,201.60565
15358,192.68277
15359,198.22084
15360,189.22176
15361,192.83333
15362,151.86697
15363,123.8141
15364,116.95584
15365,129.6949
15366,157.40517
15367,187.28662
15368,144.02022
15369,170.91971
15370,187.18706
15371,257.576
15372,218.60873
15373,258.33038
15374,312.19348
15375,323.90863
15376,384.68042
15377,344.82272
15378,405.75507
15379,458.53476
15380,446.883
15381,533.58344
15382,603.6172
15383,614.26447
15384,659.712
15385,701.50134
15386,679.1905
15387,680.6261
15388,691.7682
15389,646.1681
15390,586.319
15391,587.9725
15392,640.29565
15393,595.7504
15394,562.3667
15395,532.2647
15396,595.07837
15397,529.83545
15398,470.63608
15399,386.38904
15400,366.46176
15401,352.60788
15402,342.15585
15403,446.37088
15404,423.43243
15405,355.77786
15406,431.01517
15407,284.6038
15408,201.3707
15409,276.37277
15410,438.99026
15411,469.12924
15412,471.73703
15413,429.37933
15414,354.38058
15415,272.99988
15416,426.20575
15417,487.02057
15418,497.85675
15419,412.06223
15420,433.8921
15421,440.06506
15422,339.03842
15423,532.509
15424,411.12314
15425,474.4976
15426,279.98743
15427,343.18658
15428,438.17758
15429,399.78848
15430,438.76566
15431,403.9561
15432,408.5244
15433,553.37213
15434,494.3768
15435,746.4332
15436,410.33173
15437,474.87164
15438,672.47156
15439,647.72766
15440,524.53064
15441,616.681
15442,473.04926
15443,426.8978
15444,825.2539
15445,863.6929
15446,314.18973
15447,418.2651
15448,435.38232
15449,557.79004
15450,518.4054
15451,470.58582
15452,312.75696
15453,360.19785
15454,383.63068
15455,395.4259
15456,597.3254
15457,341.17926
15458,218.73218
15459,133.03021
15460,468.2755
15461,1101.4316
15462,528.7905
15463,341.17532
15464,976.0349
15465,690.8396
15466,696.05115
15467,413.82385
15468,530.5897
15469,806.9645
15470,646.76
15471,290.2692
15472,264.39456
15473,369.86426
15474,257.88956
15475,220.3698
15476,271.00638
15477,200.22002
15478,206.01085
15479,130.73558
15480,10.785703
15481,51.333393
15482,54.54953
15483,48.862823
15484,78.001076
15485,109.11563
15486,168.72052
15487,157.93268
15488,99.44907
15489,43.199413
15490,83.875725
15491,111.40904
15492,87.60948
15493,109.39443
15494,84.22296
15495,98.07437
15496,93.97295
15497,145.609
15498,107.15349
15499,106.642784
15500,115.15242
15501,93.00192
15502,77.36782
15503,63.684067
15504,65.09374
15505,158.08298
15506,287.53088
15507,258.7928
15508,257.07767
15509,270.09503
15510,616.4919
15511,710.28265
15512,804.54065
15513,905.43915
15514,583.6828
15515,480.0383
15516,526.3874
15517,522.72925
15518,443.71268
15519,424.63998
15520,405.09845
15521,459.48773
15522,522.86475
15523,419.28186
15524,357.2173
15525,321.0194
15526,325.22394
15527,260.58157
15528,299.96994
15529,287.49686
15530,313.70673
15531,381.61288
15532,545.91187
15533,492.89188
15534,601.197
15535,466.77463
15536,508.90225
15537,432.2925
15538,436.1127
15539,448.27466
15540,419.69302
15541,462.43237
15542,485.49567
15543,431.96396
15544,426.94556
15545,518.39185
15546,573.77277
15547,634.5613
15548,629.37823
15549,610.73816
15550,614.60504
15551,661.5467
15552,643.17755
15553,463.714
15554,395.08444
15555,150.94118
15556,94.01714
15557,137.86975
15558,267.94763
15559,219.51874
15560,177.34464
15561,145.8513
15562,94.74401
15563,268.1699
15564,256.54724
15565,194.17531
15566,229.58655
15567,153.76628
15568,144.37764
15569,64.86538
15570,124.29698
15571,75.54927
15572,76.44055
15573,169.64836
15574,96.05246
15575,93.76735
15576,139.49551
15577,110.79937
15578,120.570366
15579,110.10099
15580,120.75659
15581,99.34399
15582,75.37949
15583,76.10484
15584,147.51741
15585,52.593006
15586,36.912994
15587,2.3928154
15588,65.50681
15589,232.54329
15590,116.630394
15591,69.50397
15592,0.012365781
15593,90.96003
15594,140.92165
15595,1.8203188
15596,-0.21303411
15597,-0.47090557
15598,-0.69310296
15599,297.06494
15600,246.44864
15601,185.64447
15602,161.45982
15603,70.791985
15604,85.03581
15605,206.70544
15606,309.45755
15607,145.14409
15608,299.27737
15609,461.00836
15610,434.1673
15611,382.8896
15612,402.26544
15613,1237.7247
15614,301.8666
15615,80.28729
15616,-1.6005273
15617,-0.627864
15618,-0.49977434
15619,-0.4755081
15620,30.924797
15621,115.82278
15622,188.48918
15623,307.28372
15624,443.1637
15625,501.71198
15626,510.70197
15627,248.19989
15628,395.33212
15629,397.5239
15630,456.49225
15631,410.14713
15632,331.06622
15633,324.28592
15634,178.65279
15635,339.39252
15636,525.5295
15637,751.48334
15638,641.19415
15639,570.84106
15640,558.36304
15641,449.14932
15642,396.6426
15643,509.16367
15644,563.33093
15645,477.11063
15646,281.76633
15647,461.0143
15648,570.7771
15649,757.5989
15650,835.08575
15651,900.00037
15652,881.1079
15653,821.9259
15654,667.71075
15655,700.8238
15656,712.563
15657,872.6095
15658,983.1278
15659,1035.0192
15660,1000.1891
15661,786.086
15662,783.906
15663,686.2652
15664,539.79614
15665,552.0221
15666,603.7457
15667,600.1733
15668,667.8917
15669,693.5348
15670,689.52435
15671,553.4788
15672,582.94934
15673,554.6075
15674,548.5328
15675,672.7172
15676,607.96564
15677,601.78094
15678,663.00085
15679,611.386
15680,632.2997
15681,540.56366
15682,522.9619
15683,470.2349
15684,503.46268
15685,457.58823
15686,393.86246
15687,408.24188
15688,488.07825
15689,529.82245
15690,593.4059
15691,578.6145
15692,528.73676
15693,496.1983
15694,445.26495
15695,374.25772
15696,426.19818
15697,356.6322
15698,291.73993
15699,156.9915
15700,223.25291
15701,173.04906
15702,195.98125
15703,206.35117
15704,165.51962
15705,148.64526
15706,128.5055
15707,180.45392
15708,203.84482
15709,176.41988
15710,328.25824
15711,169.47273
15712,502.05695
15713,751.5855
15714,298.7726
15715,370.08298
15716,633.7253
15717,359.86655
15718,728.18933
15719,697.4392
15720,491.96045
15721,511.39548
15722,224.6193
15723,247.88719
15724,491.6073
15725,265.9961
15726,537.32794
15727,676.2466
15728,364.85883
15729,590.7814
15730,453.5905
15731,229.10414
15732,1143.9512
15733,1095.824
15734,941.61346
15735,580.675
15736,397.217
15737,1056.879
15738,706.3171
15739,628.5329
15740,595.717
15741,822.2611
15742,889.15753
15743,700.1465
15744,337.1457
15745,1062.8494
15746,537.05145
15747,583.7349
15748,757.9287
15749,489.5746
15750,680.60834
15751,622.84985
15752,991.2848
15753,292.082
15754,479.5012
15755,731.3515
15756,929.38574
15757,989.3442
15758,394.80087
15759,326.30582
15760,927.37616
15761,305.53613
15762,578.6436
15763,333.46643
15764,397.99524
15765,353.15237
15766,231.19157
15767,154.80594
15768,234.9146
15769,705.8453
15770,475.81918
15771,397.30548
15772,488.5537
15773,598.3629
15774,816.288
15775,724.73517
15776,595.9548
15777,613.9779
15778,685.56683
15779,718.01
15780,743.3348
15781,595.90894
15782,635.37805
15783,604.5602
15784,942.49396
15785,875.6573
15786,750.49493
15787,638.654
15788,660.50464
15789,569.62427
15790,467.60397
15791,407.4511
15792,502.03506
15793,510.7188
15794,585.6509
15795,566.9061
15796,500.80115
15797,443.15906
15798,527.8158
15799,496.02655
15800,477.0157
15801,484.6743
15802,511.0109
15803,433.26318
15804,422.17947
15805,432.1209
15806,486.8435
15807,490.2123
15808,627.5063
15809,628.22424
15810,601.65045
15811,504.40305
15812,535.53174
15813,521.75446
15814,496.13193
15815,465.889
15816,431.7256
15817,523.3542
15818,725.0565
15819,761.49243
15820,752.64606
15821,790.3481
15822,821.5247
15823,917.5236
15824,733.16327
15825,844.04626
15826,855.05273
15827,700.53546
15828,643.43274
15829,589.03595
15830,530.37964
15831,496.4299
15832,472.78378
15833,405.37436
15834,468.5023
15835,488.30527
15836,432.481
15837,397.67654
15838,365.45184
15839,259.04636
15840,195.39482
15841,188.10193
15842,177.72379
15843,439.08575
15844,517.40924
15845,506.81595
15846,437.2538
15847,460.9087
15848,356.03085
15849,465.5869
15850,558.09827
15851,587.1801
15852,971.9642
15853,913.75684
15854,540.4484
15855,292.5704
15856,310.88953
15857,386.26453
15858,397.4711
15859,592.03174
15860,580.5816
15861,528.80835
15862,568.08417
15863,553.6744
15864,391.12912
15865,721.87854
15866,383.0709
15867,515.01117
15868,552.0908
15869,336.6867
15870,331.71173
15871,352.60022
15872,614.18933
15873,267.24887
15874,598.5099
15875,496.56693
15876,531.346
15877,663.4411
15878,561.3712
15879,209.79329
15880,337.13284
15881,89.92924
15882,399.17343
15883,254.39677
15884,174.48907
15885,232.25937
15886,298.01337
15887,101.89208
15888,175.01765
15889,101.47993
15890,119.49989
15891,126.96651
15892,57.104843
15893,178.23514
15894,91.06701
15895,199.6272
15896,113.428696
15897,191.3562
15898,106.4162
15899,106.706474
15900,16.022926
15901,44.439823
15902,182.29279
15903,130.41751
15904,88.914566
15905,133.51466
15906,88.97371
15907,122.04395
15908,143.7269
15909,208.1473
15910,156.47818
15911,156.29361
15912,169.69215
15913,181.54637
15914,209.1221
15915,211.11351
15916,129.71577
15917,43.68639
15918,41.126976
15919,88.41695
15920,73.6233
15921,70.561874
15922,121.7269
15923,157.73924
15924,177.92587
15925,196.05635
15926,202.0282
15927,159.91292
15928,109.04216
15929,83.5748
15930,59.141
15931,50.158836
15932,51.157658
15933,53.337505
15934,58.78047
15935,58.591843
15936,47.56386
15937,59.815598
15938,45.58964
15939,29.521938
15940,20.985052
15941,36.212326
15942,50.524426
15943,55.99846
15944,60.080986
15945,45.011944
15946,22.572672
15947,19.271826
15948,17.877079
15949,9.560546
15950,-6.2318954
15951,-2.7320957
15952,-2.146345
15953,-2.2077756
15954,-2.354297
15955,-2.5190306
15956,-2.4610386
15957,-2.4134645
15958,-2.3713803
15959,-2.4801712
15960,-2.4389043
15961,-1.9634224
15962,-1.895828
15963,-2.2250452
15964,-1.7278214
15965,-1.2931039
15966,-1.0733058
15967,-0.8994506
15968,-0.7685856
15969,-0.63525414
15970,-0.59179723
15971,-0.5322247
15972,-0.46866092
15973,-0.41608477
15974,-0.39000666
15975,-0.40668732
15976,-0.39184847
15977,-0.43212053
15978,-0.43093827
15979,-0.42701668
15980,-0.37293357
15981,-0.3886549
15982,-0.38762268
15983,-0.39731696
15984,-0.38690883
15985,-0.37426236
15986,-0.39896584
15987,-0.4060086
15988,-0.44058427
15989,-0.41027597
15990,-0.4739818
15991,-0.49814096
15992,-0.48347485
15993,-0.52028126
15994,-0.52049893
15995,-0.53061163
15996,-0.5434516
15997,-0.79311717
15998,-1.4144711
15999,-1.9102627
16000,-0.44282937
16001,-0.57731336
16002,-0.7624071
16003,-0.6675827
16004,-0.7042847
16005,-0.684432
16006,-0.51124483
16007,-0.44526094
16008,-0.44044662
16009,-0.79846954
16010,-0.6121246
16011,-0.50483096
16012,-0.21404108
16013,-0.44008383
16014,-0.18935356
16015,-0.33092207
16016,-0.3164782
16017,0.014598822
16018,-0.8201612
16019,21.76533
16020,-0.42237595
16021,-0.43982866
16022,-0.56207967
16023,-0.5724211
16024,-0.12148306
16025,-0.18871148
16026,-0.72505146
16027,-0.43264657
16028,-0.1281202
16029,-0.69651175
16030,10.75112
16031,-1.9160398
16032,-0.7811843
16033,18.939411
16034,-1.2162971
16035,-0.6932696
16036,-0.7755508
16037,96.51092
16038,10.689186
16039,19.785576
16040,37.600792
16041,17.186647
16042,1.6817908
16043,3.1304395
16044,50.424942
16045,-1.0294021
16046,10.429844
16047,38.08734
16048,18.667463
16049,46.523125
16050,0.39623153
16051,41.443596
16052,26.743105
16053,59.56951
16054,86.49872
16055,105.18575
16056,153.88748
16057,172.45203
16058,192.12259
16059,238.72221
16060,205.20491
16061,153.99347
16062,325.09848
16063,314.77933
16064,330.966
16065,503.47644
16066,508.30453
16067,423.60275
16068,244.98758
16069,198.35349
16070,181.45303
16071,154.07812
16072,121.312546
16073,114.97804
16074,104.016014
16075,114.78167
16076,102.717415
16077,132.70161
16078,184.1982
16079,221.44223
16080,186.4155
16081,210.3352
16082,183.98415
16083,189.65164
16084,144.62587
16085,157.58737
16086,252.80472
16087,242.39885
16088,142.21092
16089,144.65228
16090,157.39844
16091,107.03329
16092,122.15747
16093,109.67465
16094,105.474724
16095,131.15454
16096,106.15152
16097,140.56645
16098,195.78542
16099,193.62668
16100,273.87137
16101,216.55559
16102,157.97946
16103,101.808876
16104,77.14609
16105,42.184563
16106,30.067793
16107,39.354202
16108,66.18984
16109,63.487747
16110,17.654089
16111,-5.9948373
16112,-2.1573334
16113,-1.3940036
16114,-1.073324
16115,-0.66325927
16116,-0.56575
16117,-0.42710197
16118,-0.33646375
16119,-0.3201761
16120,-0.22131063
16121,-0.26267537
16122,-0.7597668
16123,48.528717
16124,117.005104
16125,84.87153
16126,118.98442
16127,75.97021
16128,29.95898
16129,124.37338
16130,203.63683
16131,188.24661
16132,101.97232
16133,70.4221
16134,57.979282
16135,44.759163
16136,63.57929
16137,71.700386
16138,53.974396
16139,37.49898
16140,91.04133
16141,55.10655
16142,63.796524
16143,82.466866
16144,51.56732
16145,66.277756
16146,78.28765
16147,74.82523
16148,53.044224
16149,0.69072247
16150,-0.52452046
16151,-0.5065913
16152,-0.5824955
16153,-0.48404977
16154,24.876291
16155,27.719854
16156,39.367138
16157,99.93657
16158,79.20989
16159,120.95774
16160,188.41522
16161,253.94882
16162,234.36868
16163,163.48755
16164,106.889984
16165,118.75584
16166,99.8724
16167,263.73822
16168,307.7201
16169,246.48856
16170,312.03473
16171,182.32
16172,285.68918
16173,196.31738
16174,200.12224
16175,151.59052
16176,483.4837
16177,349.73117
16178,155.66098
16179,115.9649
16180,158.76358
16181,314.37827
16182,370.56146
16183,234.78424
16184,445.6017
16185,380.15765
16186,465.08154
16187,261.20575
16188,249.8777
16189,150.32452
16190,70.69424
16191,25.269821
16192,10.6514435
16193,-2.37333
16194,-0.56574064
16195,-0.6616702
16196,-0.5034013
16197,-0.22850211
16198,36.40415
16199,45.14592
16200,17.714188
16201,9.435942
16202,3.9352448
16203,35.037292
16204,40.33832
16205,30.358654
16206,18.039938
16207,33.62267
16208,39.757843
16209,36.848503
16210,17.747932
16211,9.849572
16212,10.006423
16213,33.676662
16214,76.50868
16215,81.94024
16216,69.06278
16217,46.38592
16218,44.22758
16219,47.35338
16220,91.260414
16221,75.52066
16222,112.6477
16223,164.50815
16224,192.56117
16225,283.28113
16226,465.9494
16227,452.81824
16228,582.8404
16229,688.7532
16230,672.7487
16231,736.03033
16232,656.4868
16233,606.3133
16234,651.89923
16235,476.3382
16236,447.36374
16237,344.38947
16238,364.316
16239,344.69385
16240,297.57242
16241,375.7995
16242,375.58817
16243,400.5763
16244,395.07864
16245,380.84454
16246,390.81625
16247,409.12354
16248,392.42798
16249,391.92947
16250,300.2017
16251,284.08325
16252,280.27988
16253,328.64856
16254,314.34372
16255,319.43527
16256,320.01657
16257,328.07047
16258,378.00824
16259,249.6435
16260,304.3532
16261,349.2175
16262,260.5134
16263,276.4811
16264,281.59967
16265,315.68353
16266,324.86514
16267,284.87024
16268,339.4673
16269,321.6026
16270,277.10965
16271,203.11745
16272,105.57471
16273,139.31023
16274,166.81091
16275,286.4986
16276,330.2776
16277,214.79132
16278,176.77953
16279,165.12315
16280,179.7091
16281,217.28044
16282,174.42134
16283,248.78246
16284,232.09213
16285,168.16714
16286,94.69397
16287,75.225655
16288,91.61886
16289,121.66638
16290,119.921585
16291,94.189255
16292,179.62541
16293,133.80772
16294,151.58737
16295,0.41063467
16296,11.998242
16297,15.395891
16298,24.4285
16299,-0.18860072
16300,5.8004026
16301,6.1885667
16302,44.349907
16303,57.790607
16304,23.093714
16305,101.29782
16306,3.756537
16307,2.6811569
16308,45.817406
16309,-1.7733566
16310,41.81686
16311,84.26905
16312,59.806686
16313,108.206474
16314,4.5818224
16315,75.75464
16316,12.580009
16317,40.557316
16318,132.15656
16319,-0.9236515
16320,66.19204
16321,46.230255
16322,173.32625
16323,74.53109
16324,25.86178
16325,75.03101
16326,57.017143
16327,98.683075
16328,173.22173
16329,180.20438
16330,41.80569
16331,118.844536
16332,116.710915
16333,72.71668
16334,104.68238
16335,140.76236
16336,171.99512
16337,92.71342
16338,192.27864
16339,178.53905
16340,233.36038
16341,242.03485
16342,208.6765
16343,160.79259
16344,210.63976
16345,254.53346
16346,251.25142
16347,213.14053
16348,244.62312
16349,204.08005
16350,279.98148
16351,304.5233
16352,329.22354
16353,341.32938
16354,370.92612
16355,408.28586
16356,195.13074
16357,264.0809
16358,252.32162
16359,227.76788
16360,238.3335
16361,268.99158
16362,316.6895
16363,330.29962
16364,312.55585
16365,328.898
16366,333.807
16367,441.69733
16368,440.59204
16369,415.50897
16370,317.21146
16371,368.10397
16372,345.28293
16373,298.3465
16374,270.99182
16375,298.49814
16376,241.43855
16377,65.269066
16378,196.83122
16379,168.81906
16380,180.24599
16381,210.03848
16382,200.00143
16383,194.5369
16384,247.27289
16385,229.7782
16386,216.42932
16387,166.49252
16388,153.69371
16389,175.195
16390,178.59608
16391,180.75406
16392,172.42458
16393,252.56865
16394,241.00664
16395,210.80446
16396,156.48195
16397,144.08585
16398,146.50201
16399,156.36028
16400,146.08372
16401,174.97775
16402,177.56056
16403,161.02864
16404,136.76306
16405,95.67739
16406,104.51712
16407,95.18667
16408,68.52977
16409,47.993176
16410,54.001156
16411,66.189705
16412,51.87484
16413,19.746553
16414,7.705266
16415,9.990092
16416,-0.038462657
16417,-6.565471
16418,-5.599214
16419,-2.1876001
16420,-2.3373506
16421,-1.720454
16422,-1.6759996
16423,-1.6904597
16424,-1.6534117
16425,-1.3317503
16426,-1.3481375
16427,-1.265383
16428,-1.2813443
16429,-1.3354449
16430,-1.2321032
16431,-1.3025078
16432,-1.2308531
16433,-0.9729188
16434,-0.75373334
16435,-0.6357603
16436,-0.5364555
16437,-0.6247931
16438,-0.620326
16439,-0.5923362
16440,22.519613
16441,-2.87822
16442,-0.6600858
16443,-0.6465641
16444,-0.5920372
16445,-0.53867024
16446,-0.40869272
16447,-0.5097712
16448,-0.41927543
16449,-0.8321036
16450,-0.42688903
16451,-0.8507647
16452,-0.8570533
16453,-0.76481247
16454,-1.4515522
16455,7.570985
16456,14.897772
16457,46.143566
16458,93.00064
16459,147.57977
16460,105.6483
16461,7.379844
16462,-1.0570308
16463,2.133928
16464,77.62978
16465,-1.0750444
16466,24.43876
16467,-0.73453647
16468,-0.71943045
16469,68.05107
16470,130.10112
16471,228.83368
16472,146.81952
16473,145.14227
16474,256.66693
16475,142.96902
16476,149.11382
16477,14.5560875
16478,98.99944
16479,251.08759
16480,185.48071
16481,170.5279
16482,156.76074
16483,208.45589
16484,188.92453
16485,170.12233
16486,180.98872
16487,378.90372
16488,395.49292
16489,252.15237
16490,342.39297
16491,407.4699
16492,362.6997
16493,360.71722
16494,373.02423
16495,410.51602
16496,253.8028
16497,112.02178
16498,181.49141
16499,104.38882
16500,17.433926
16501,24.195827
16502,44.585224
16503,32.14097
16504,11.797422
16505,11.734126
16506,16.823084
16507,15.115531
16508,34.885365
16509,84.829506
16510,149.88727
16511,214.32423
16512,227.86388
16513,265.5751
16514,310.85303
16515,354.71753
16516,319.43112
16517,165.32614
16518,88.84924
16519,68.66708
16520,66.58652
16521,76.01344
16522,95.05167
16523,97.43839
16524,152.6235
16525,545.6764
16526,634.94696
16527,403.0398
16528,240.9804
16529,166.28992
16530,214.11914
16531,204.76569
16532,156.85939
16533,175.59616
16534,181.76338
16535,217.78384
16536,211.68126
16537,209.079
16538,218.18988
16539,272.64178
16540,245.64832
16541,170.82166
16542,190.32735
16543,261.46738
16544,268.5618
16545,290.76038
16546,295.51718
16547,317.4269
16548,341.3669
16549,312.34607
16550,299.38202
16551,347.8666
16552,405.35977
16553,388.5264
16554,358.20926
16555,343.2949
16556,324.09286
16557,286.21243
16558,371.90826
16559,445.14252
16560,310.35995
16561,241.81926
16562,175.76944
16563,182.63383
16564,70.92515
16565,74.22579
16566,166.58542
16567,83.22415
16568,160.1661
16569,138.85237
16570,167.76161
16571,131.31169
16572,145.60678
16573,171.96146
16574,110.576515
16575,62.89445
16576,75.05023
16577,158.70503
16578,101.09536
16579,185.48984
16580,169.74808
16581,226.20668
16582,196.05673
16583,201.47023
16584,156.61865
16585,113.78924
16586,114.54209
16587,223.65424
16588,237.03998
16589,240.9108
16590,118.153824
16591,179.70929
16592,210.75636
16593,351.89618
16594,267.91003
16595,331.86752
16596,318.3938
16597,305.80374
16598,276.39337
16599,251.57617
16600,227.84874
16601,262.96524
16602,181.45786
16603,144.22298
16604,180.77167
16605,356.41956
16606,224.76874
16607,156.73734
16608,124.235016
16609,22.477995
16610,24.117138
16611,-2.7763295
16612,-0.37815115
16613,-0.5482668
16614,-0.40254164
16615,-0.39444888
16616,-0.35940638
16617,-0.42559066
16618,-0.08038957
16619,-0.18421037
16620,-0.25254732
16621,-0.1808032
16622,-1.0350162
16623,-2.8819044
16624,-0.33048853
16625,-0.3333741
16626,-0.38825455
16627,-0.38370427
16628,-0.41415882
16629,-0.30014378
16630,-0.32678056
16631,-0.35403815
16632,-0.40782797
16633,-0.32401085
16634,-0.31440252
16635,-0.4069758
16636,-0.34478167
16637,-0.29702866
16638,-0.27913374
16639,-0.33156607
16640,-0.55428505
16641,-0.5268903
16642,-0.49166363
16643,-0.52250475
16644,-0.5731773
16645,-0.7031586
16646,-1.2591249
16647,-0.9330156
16648,-0.7191144
16649,-0.5866778
16650,-0.5417099
16651,-0.5630047
16652,-0.5351408
16653,-0.56320244
16654,-0.55524194
16655,-0.46979854
16656,-0.54680705
16657,-0.51600647
16658,-0.55718684
16659,-0.57707274
16660,-0.58359516
16661,-0.6144386
16662,-0.682582
16663,-0.6639736
16664,-0.67072123
16665,-0.6904278
16666,-0.67105335
16667,-0.7407131
16668,-0.58610606
16669,-0.6277478
16670,-0.47219598
16671,-0.39878267
16672,-0.5665409
16673,-0.90743196
16674,-0.8108648
16675,-0.8108648
16676,-0.78729403
16677,-0.48331088
16678,-0.4690429
16679,-0.5359799
16680,-0.51397026
16681,-0.46943763
16682,-0.4266728
16683,-0.5246578
16684,-0.5176905
16685,-0.5490955
16686,-0.56831825
16687,-0.6546059
16688,-0.82492095
16689,26.118628
16690,26.261042
16691,18.9327
16692,117.895065
16693,56.913982
16694,41.580162
16695,51.912586
16696,49.4816
16697,80.02169
16698,62.124077
16699,43.29689
16700,22.825613
16701,1.1254455
16702,-0.5791239
16703,-0.5426819
16704,-0.35391954
16705,-0.6774337
16706,-0.5653913
16707,-0.513079
16708,-0.47321966
16709,-0.51629317
16710,-0.4182382
16711,12.479697
16712,43.485054
16713,72.12974
16714,47.001194
16715,29.74576
16716,24.338717
16717,-1.727117
16718,12.433338
16719,-0.54317033
16720,-0.5862181
16721,-0.49719754
16722,-0.47370183
16723,-0.5355262
16724,23.037004
16725,2.5879083
16726,-0.5109059
16727,-0.3996903
16728,-0.30844238
16729,-0.46040234
16730,-0.4731751
16731,-0.48159462
16732,-0.36668053
16733,66.14705
16734,28.320606
16735,-0.4943586
16736,-0.60385877
16737,-0.75569576
16738,375.90585
16739,337.948
16740,73.90589
16741,37.060314
16742,-4.12654
16743,-0.39458057
16744,-0.18320939
16745,-0.49341837
16746,-0.598548
16747,18.621136
16748,172.31866
16749,187.04637
16750,117.41495
16751,114.226006
16752,155.48582
16753,75.62064
16754,133.28326
16755,262.99664
16756,148.29701
16757,107.79604
16758,80.8179
16759,337.71896
16760,41.575943
16761,33.00899
16762,3.9490387
16763,0.2960549
16764,-2.946996
16765,-1.2867054
16766,-1.890124
16767,60.269745
16768,177.2067
16769,134.45724
16770,50.2513
16771,-0.6448642
16772,5.8115144
16773,36.445583
16774,-0.704429
16775,-0.61645925
16776,-0.23255798
16777,16.38108
16778,8.305238
16779,13.156387
16780,-1.3916306
16781,-0.4161762
16782,-0.42796525
16783,-0.37242356
16784,-0.1883531
16785,-0.22671247
16786,-0.31653723
16787,-0.32792872
16788,-0.35347357
16789,-0.37803712
16790,-0.35146093
16791,-0.22860111
16792,-0.17514113
16793,-0.25254345
16794,-0.5418431
16795,-0.57620174
16796,-0.5816828
16797,-0.5336354
16798,-0.6561959
16799,-0.60800964
16800,-0.5807597
16801,-0.59196883
16802,-0.5563488
16803,-0.5100153
16804,-0.3256218
16805,-0.30296493
16806,-0.35377294
16807,-0.3630135
16808,-0.34353194
16809,-0.35135588
16810,-0.40036994
16811,-0.4106464
16812,-0.4011919
16813,-0.44968286
16814,-0.66831446
16815,0.24830191
16816,101.34817
16817,113.632645
16818,138.67644
16819,77.584915
16820,66.75119
16821,43.463757
16822,31.421515
16823,0.9584056
16824,-4.6448197
16825,-4.3455987
16826,-0.5005748
16827,-0.51200444
16828,-0.5310113
16829,-0.6173675
16830,-0.54345906
16831,-0.5299424
16832,-0.46637446
16833,-0.50198495
16834,-0.62521017
16835,-0.6198979
16836,-0.65026766
16837,-0.704517
16838,-0.5753163
16839,-0.6102528
16840,-0.627138
16841,-0.5945977
16842,-0.6527111
16843,-0.62967163
16844,-0.6299019
16845,-0.62860984
16846,-0.62148184
16847,-0.68537337
16848,-0.6631359
16849,-0.639993
16850,-0.36059868
16851,-0.3559664
16852,-0.3619774
16853,-0.40302292
16854,-0.3853782
16855,-0.46044275
16856,-0.7267369
16857,-0.71977234
16858,-0.37419268
16859,-0.4196107
16860,-0.48814255
16861,-0.8293092
16862,-0.68286043
16863,-0.5344764
16864,-0.43111438
16865,-0.46771628
16866,-0.41362184
16867,-0.4584305
16868,-0.41838503
16869,115.02076
16870,380.2295
16871,372.59946
16872,356.84268
16873,472.2869
16874,92.20541
16875,-0.60012037
16876,-0.46264938
16877,-0.4991427
16878,-0.6834949
16879,-0.81842643
16880,-0.6042477
16881,-0.32623044
16882,-0.18419923
16883,-0.7572748
16884,55.910942
16885,38.064777
16886,9.479209
16887,-0.66077185
16888,-1.3368034
16889,-1.4380909
16890,-0.4060002
16891,-0.4248273
16892,-0.43728217
16893,-0.618169
16894,-0.4892426
16895,96.34848
16896,454.09103
16897,321.92816
16898,0.28999782
16899,249.56393
16900,121.404884
16901,81.00162
16902,11.763501
16903,-2.4509294
16904,0.95258254
16905,-0.78775144
16906,-0.48349026
16907,-0.39403623
16908,-0.5176005
16909,-0.5577784
16910,-0.39144495
16911,383.3806
16912,533.07104
16913,122.35482
16914,0.69647944
16915,-3.5783741
16916,-0.14965895
16917,-0.24368587
16918,-0.17079018
16919,-0.16593131
16920,-0.1767174
16921,-0.25743213
16922,-0.30090737
16923,1.0095115
16924,94.568726
16925,158.4918
16926,263.7085
16927,230.58234
16928,164.18729
16929,144.33873
16930,121.8933
16931,371.4529
16932,486.2451
16933,414.08636
16934,415.40793
16935,464.51227
16936,451.17673
16937,555.7166
16938,538.14795
16939,531.0941
16940,685.7722
16941,730.89124
16942,717.03564
16943,731.4952
16944,862.5336
16945,1043.9763
16946,978.85046
16947,862.73944
16948,1169.1265
16949,1151.9562
16950,1057.2532
16951,1046.532
16952,950.4488
16953,814.8369
16954,810.66833
16955,982.5149
16956,1002.2176
16957,930.73114
16958,965.6534
16959,815.8149
16960,640.71136
16961,622.5316
16962,675.3491
16963,524.958
16964,395.28946
16965,434.52145
16966,461.71774
16967,500.32397
16968,565.29517
16969,526.7976
16970,578.68115
16971,501.36514
16972,606.5739
16973,607.047
16974,399.2224
16975,378.28348
16976,235.68318
16977,173.64565
16978,124.13216
16979,137.59451
16980,205.63599
16981,261.80698
16982,257.27167
16983,131.76018
16984,164.9269
16985,161.02637
16986,145.38857
16987,170.36665
16988,143.88315
16989,113.880356
16990,91.997086
16991,74.67163
16992,70.891754
16993,24.203289
16994,13.334232
16995,21.454794
16996,26.204964
16997,35.932724
16998,45.45525
16999,27.608568
17000,63.519135
17001,96.69018
17002,38.010727
17003,93.19241
17004,182.88403
17005,79.79565
17006,89.20419
17007,119.92746
17008,186.69908
17009,86.20824
17010,349.73376
17011,235.76132
17012,242.4487
17013,375.75888
17014,248.40399
17015,166.60999
17016,233.81465
17017,150.37282
17018,254.58476
17019,177.62885
17020,84.30702
17021,42.914005
17022,16.028366
17023,124.813995
17024,336.44724
17025,115.05504
17026,189.16196
17027,268.98584
17028,308.36075
17029,266.05914
17030,303.65543
17031,413.87265
17032,345.5705
17033,284.29272
17034,222.61899
17035,190.59923
17036,358.38483
17037,280.22748
17038,275.55603
17039,277.53687
17040,190.5637
17041,166.95924
17042,150.71422
17043,101.15783
17044,190.1316
17045,95.60536
17046,108.246
17047,59.54957
17048,117.99806
17049,103.6712
17050,116.82444
17051,218.91623
17052,96.61452
17053,77.63605
17054,110.42886
17055,151.85301
17056,160.35088
17057,109.36012
17058,191.4629
17059,114.27744
17060,92.47941
17061,113.21307
17062,126.05719
17063,222.67497
17064,233.69496
17065,211.60204
17066,187.50497
17067,208.73505
17068,196.7817
17069,182.29224
17070,184.31927
17071,262.7413
17072,295.66327
17073,239.60039
17074,261.81952
17075,232.95515
17076,262.50385
17077,277.52502
17078,204.85005
17079,299.47726
17080,319.53653
17081,250.35265
17082,239.95448
17083,231.657
17084,218.28094
17085,157.76434
17086,145.43513
17087,152.35892
17088,175.70789
17089,121.6954
17090,124.051
17091,113.0987
17092,136.09619
17093,191.21901
17094,445.20078
17095,504.46994
17096,372.1501
17097,268.7769
17098,195.86847
17099,258.68423
17100,244.33528
17101,210.9659
17102,202.1925
17103,179.23491
17104,127.90861
17105,92.02973
17106,26.784065
17107,4.4556146
17108,18.350174
17109,20.637663
17110,46.394466
17111,22.780561
17112,3.6075377
17113,-5.1060367
17114,-0.85631984
17115,-0.85424566
17116,-0.66828233
17117,-0.4838279
17118,-0.4371974
17119,-0.40282542
17120,-0.37220934
17121,-0.352743
17122,-0.34790644
17123,-0.31244633
17124,-0.2839915
17125,-0.2771479
17126,-0.2875415
17127,-0.27418637
17128,-0.30757162
17129,-0.30921718
17130,-0.2924136
17131,-0.32431462
17132,-0.31242394
17133,-0.31559828
17134,-0.29440668
17135,-0.30657667
17136,-0.28966314
17137,-0.31541163
17138,-0.31005764
17139,-0.3135757
17140,-0.30968043
17141,-0.33738068
17142,-0.36329824
17143,-0.33904603
17144,-0.38971472
17145,-0.31583017
17146,-0.36209387
17147,-0.41875473
17148,-0.4060634
17149,-1.0695146
17150,-0.82436764
17151,-0.71600646
17152,-0.66861945
17153,-0.59655243
17154,-0.5796314
17155,-0.5307714
17156,-0.38437903
17157,-0.30818814
17158,-0.3507292
17159,-0.38280094
17160,-0.48007706
17161,-0.7085575
17162,-0.58402455
17163,-0.46159896
17164,-0.35552964
17165,-0.5655188
17166,-0.36305732
17167,-0.30069178
17168,-0.39754885
17169,-0.79339147
17170,-0.37815556
17171,-0.33099344
17172,-0.35478365
17173,-0.34756318
17174,-0.38951838
17175,-0.42540693
17176,-0.7561381
17177,-0.63603187
17178,-0.36337805
17179,-0.3575156
17180,-0.43527442
17181,-0.3245394
17182,18.341873
17183,27.545338
17184,-0.7879676
17185,-0.49353674
17186,-0.43357062
17187,44.771824
17188,163.91055
17189,86.20701
17190,57.092377
17191,-0.38098586
17192,16.04895
17193,50.698086
17194,19.288425
17195,5.8915668
17196,16.856369
17197,71.69377
17198,24.225273
17199,7.2543225
17200,-1.0338686
17201,59.583485
17202,66.56064
17203,52.502922
17204,65.10024
17205,96.03981
17206,56.97313
17207,125.62226
17208,137.29634
17209,158.97221
17210,199.26913
17211,221.27866
17212,283.7216
17213,239.87225
17214,257.44235
17215,288.24088
17216,335.84137
17217,379.46295
17218,357.78302
17219,330.91605
17220,367.38934
17221,388.30386
17222,368.60358
17223,387.87982
17224,354.05438
17225,338.522
17226,414.494
17227,393.60208
17228,321.0097
17229,272.2365
17230,189.49844
17231,183.7929
17232,238.71606
17233,275.0905
17234,299.4242
17235,313.027
17236,233.17548
17237,244.05135
17238,271.92465
17239,226.69244
17240,236.70581
17241,255.67618
17242,272.0338
17243,203.9019
17244,177.758
17245,240.64256
17246,244.21951
17247,215.30121
17248,253.98398
17249,277.60837
17250,240.01422
17251,204.8858
17252,204.19203
17253,181.31076
17254,213.86282
17255,260.5126
17256,264.67734
17257,271.88785
17258,310.4059
17259,352.54523
17260,474.41467
17261,474.0128
17262,433.5582
17263,258.09192
17264,248.01729
17265,190.19409
17266,240.58
17267,319.6392
17268,277.6759
17269,356.40347
17270,249.15456
17271,189.63109
17272,249.16446
17273,231.93497
17274,202.11191
17275,139.35669
17276,154.58011
17277,109.37074
17278,79.247154
17279,136.48254
17280,296.82455
17281,372.95007
17282,379.1695
17283,519.5186
17284,487.64328
17285,443.7304
17286,276.28036
17287,365.12463
17288,277.07315
17289,590.1458
17290,384.72556
17291,641.1345
17292,535.7663
17293,666.50824
17294,641.9382
17295,739.2671
17296,721.32275
17297,1065.0665
17298,893.32227
17299,793.0686
17300,876.751
17301,902.7863
17302,1059.4082
17303,932.4608
17304,901.292
17305,919.205
17306,1299.8063
17307,847.81525
17308,1563.2599
17309,1342.6348
17310,1355.991
17311,835.3715
17312,1055.7578
17313,708.6528
17314,343.92758
17315,685.1126
17316,1158.0576
17317,1058.6544
17318,858.5482
17319,970.1203
17320,1429.409
17321,1519.6084
17322,1119.902
17323,1039.9746
17324,1307.4797
17325,1159.0648
17326,1025.6405
17327,1455.4353
17328,1687.6527
17329,1529.9636
17330,1107.6472
17331,825.1629
17332,1446.2347
17333,856.802
17334,1073.9293
17335,1335.2021
17336,1387.6401
17337,1500.1332
17338,747.0622
17339,585.6088
17340,999.29
17341,1484.5442
17342,1162.7491
17343,1842.5385
17344,1831.6952
17345,1666.976
17346,1337.8475
17347,1116.1497
17348,712.08936
17349,469.71732
17350,883.9495
17351,891.2915
17352,1081.8638
17353,1457.6478
17354,1694.5912
17355,1891.4865
17356,1731.1317
17357,1703.219
17358,1784.2115
17359,1618.889
17360,1346.0496
17361,1708.6849
17362,1276.3491
17363,1428.2097
17364,1944.1018
17365,1293.0902
17366,648.77014
17367,253.48753
17368,390.4027
17369,364.61935
17370,393.1057
17371,265.19003
17372,226.09709
17373,223.73479
17374,102.30412
17375,58.161495
17376,34.490704
17377,137.47874
17378,308.19418
17379,1346.4558
17380,1055.8257
17381,530.10504
17382,997.5143
17383,621.81433
17384,685.4795
17385,821.7773
17386,812.5194
17387,568.3386
17388,519.8249
17389,486.85098
17390,592.0432
17391,323.53754
17392,320.5891
17393,277.6436
17394,286.0697
17395,238.26886
17396,431.84378
17397,444.76517
17398,557.65454
17399,608.1829
17400,561.60486
17401,655.0405
17402,645.00433
17403,620.5405
17404,530.4987
17405,474.54562
17406,469.33456
17407,379.81796
17408,456.61844
17409,730.53876
17410,681.82855
17411,541.1096
17412,465.14053
17413,548.5592
17414,588.86816
17415,480.3013
17416,411.4754
17417,376.2206
17418,411.5881
17419,411.7404
17420,411.49652
17421,477.5449
17422,307.82416
17423,336.86105
17424,416.75748
17425,406.43817
17426,440.9178
17427,392.9986
17428,566.1258
17429,583.89813
17430,512.56805
17431,657.19403
17432,645.6156
17433,580.4575
17434,634.53625
17435,444.1165
17436,565.4877
17437,405.13266
17438,329.6075
17439,380.9041
17440,338.06387
17441,160.34889
17442,382.24704
17443,178.77112
17444,144.99498
17445,236.53764
17446,334.16373
17447,197.83365
17448,34.15216
17449,228.2774
17450,716.8691
17451,393.94598
17452,155.42636
17453,262.67172
17454,480.71255
17455,233.78822
17456,90.34425
17457,55.243202
17458,74.12605
17459,189.63055
17460,415.01242
17461,470.71375
17462,200.83025
17463,314.7574
17464,554.7969
17465,597.83777
17466,626.44653
17467,547.00977
17468,333.51868
17469,322.7261
17470,223.44931
17471,408.3268
17472,403.23166
17473,361.70114
17474,260.29828
17475,311.2894
17476,194.31184
17477,272.34323
17478,138.66312
17479,213.24796
17480,99.51172
17481,215.17444
17482,211.29427
17483,186.98637
17484,115.53098
17485,72.946434
17486,194.1489
17487,499.12393
17488,572.0906
17489,381.37524
17490,404.19794
17491,168.10469
17492,120.38583
17493,70.66012
17494,45.620564
17495,44.96191
17496,76.25319
17497,70.107994
17498,158.60252
17499,177.9323
17500,124.93382
17501,138.4889
17502,96.630295
17503,207.56903
17504,456.7725
17505,544.8476
17506,623.766
17507,367.5321
17508,240.41563
17509,182.81071
17510,153.75774
17511,131.93845
17512,158.64514
17513,198.414
17514,217.34608
17515,250.03398
17516,293.28262
17517,254.17337
17518,171.99944
17519,207.55652
17520,289.25845
17521,377.4283
17522,414.374
17523,420.04575
17524,451.94244
17525,558.973
17526,537.26965
17527,265.96045
17528,213.66551
17529,230.9334
17530,252.78896
17531,261.64056
17532,178.98535
17533,118.96525
17534,89.72269
17535,61.621433
17536,67.25629
17537,52.544643
17538,34.760956
17539,41.424973
17540,25.772385
17541,9.581214
17542,25.802717
17543,15.99043
17544,7.7407312
17545,4.5717006
17546,38.427433
17547,37.15386
17548,40.960358
17549,50.76659
17550,45.711864
17551,45.27086
17552,53.812283
17553,43.1766
17554,-3.3641965
17555,-1.4145654
17556,-1.2288716
17557,-1.0982169
17558,-0.8277297
17559,-0.8210522
17560,-0.72637755
17561,-0.31679705
17562,-0.6038773
17563,-0.5212982
17564,-0.35843202
17565,-0.19026835
17566,-0.1970755
17567,-0.2126314
17568,-0.16829105
17569,-0.21534917
17570,-0.15875305
17571,-0.15992364
17572,-0.18229143
17573,-0.17004122
17574,-0.18766923
17575,-0.28385666
17576,-0.27167526
17577,-0.25513923
17578,-0.34505612
17579,-0.35646898
17580,-0.35287493
17581,-0.5217431
17582,-0.42802396
17583,-0.24979289
17584,-0.29939154
17585,-0.2692574
17586,-0.29112658
17587,-0.34021008
17588,-0.34790868
17589,-0.37665454
17590,-0.37497222
17591,-0.3776395
17592,-0.4014389
17593,-0.77703
17594,-0.9255407
17595,-0.80712175
17596,-0.51268715
17597,-0.47851562
17598,-0.4265215
17599,-0.4715371
17600,-0.40831178
17601,-0.358701
17602,-0.36330616
17603,-0.39375716
17604,-0.5167858
17605,-0.52253234
17606,-0.7750396
17607,-0.4158332
17608,-0.42111987
17609,-0.4235174
17610,-0.42642453
17611,-0.464484
17612,-0.39623058
17613,-0.5079243
17614,164.71817
17615,111.18879
17616,131.27988
17617,70.815254
17618,50.776024
17619,54.217426
17620,65.94795
17621,93.67882
17622,157.30243
17623,171.07343
17624,158.65459
17625,78.09112
17626,140.20708
17627,148.46176
17628,167.85663
17629,171.36026
17630,170.88597
17631,140.46387
17632,80.57653
17633,123.93597
17634,184.67851
17635,225.24168
17636,159.00653
17637,203.8973
17638,186.15141
17639,81.67282
17640,-2.9705818
17641,7.027556
17642,86.84676
17643,93.46839
17644,110.53648
17645,190.42392
17646,166.18143
17647,93.34258
17648,39.240997
17649,72.998436
17650,62.36699
17651,25.808992
17652,24.893848
17653,2.6210485
17654,18.17925
17655,23.440708
17656,66.77822
17657,79.93134
17658,70.36383
17659,78.07118
17660,97.88795
17661,74.84126
17662,55.123573
17663,81.98666
17664,99.8602
17665,80.28795
17666,8.9971285
17667,-4.9245033
17668,-2.4424314
17669,-1.4739751
17670,-1.0674464
17671,-0.95199966
17672,-0.90744895
17673,-0.7113418
17674,-0.49559173
17675,-0.48572865
17676,-0.30157283
17677,-0.33973798
17678,-0.3579918
17679,-0.36146936
17680,-0.3680723
17681,-0.36209857
17682,-0.36167336
17683,-0.2239267
17684,-0.24386062
17685,-0.2501483
17686,-0.2501483
17687,-0.25599802
17688,-0.25599802
17689,-0.33179402
17690,-0.36259598
17691,-0.31269976
17692,-0.3164504
17693,-0.30926988
17694,-0.33748087
17695,-0.34100974
17696,-0.38683748
17697,-0.34034368
17698,-0.3166159
17699,-0.29511642
17700,-0.2937172
17701,-0.4027196
17702,-0.64158505
17703,-0.71344656
17704,-0.7291249
17705,-0.5482617
17706,-0.57315636
17707,-0.6680398
17708,-0.57032263
17709,-0.6546004
17710,-0.6737942
17711,-0.49617735
17712,-0.25535992
17713,-0.25183776
17714,-0.39259762
17715,-0.39075416
17716,-0.31689516
17717,-0.26450843
17718,-0.24372563
17719,-0.29547065
17720,-0.28056896
17721,-0.4083344
17722,-0.34034184
17723,-0.6288855
17724,-0.6994891
17725,-0.47905537
17726,-0.41318056
17727,-0.40017962
17728,-0.42079657
17729,-0.38214073
17730,-0.69761026
17731,142.93285
17732,317.7135
17733,208.33922
17734,235.56837
17735,396.6571
17736,215.53761
17737,103.40473
17738,58.52696
17739,117.14836
17740,78.14121
17741,68.70656
17742,105.58701
17743,49.873783
17744,46.95412
17745,26.88408
17746,67.13032
17747,46.432526
17748,46.652733
17749,1.7096201
17750,-0.64662176
17751,-0.64307153
17752,-0.4927972
17753,-0.5541062
17754,-0.44186598
17755,-0.32731637
17756,-0.21424082
17757,-0.19019726
17758,-0.18634985
17759,-0.21979934
17760,-0.19689302
17761,-0.30323255
17762,-0.3245008
17763,-0.2325527
17764,-0.2567825
17765,-0.34742677
17766,-0.3964705
17767,-0.42067346
17768,-0.7724786
17769,-0.5255053
17770,-0.32947367
17771,-0.29449806
17772,-0.66634625
17773,-0.2823786
17774,-0.5782048
17775,-0.46855795
17776,-0.21865453
17777,-0.19408962
17778,-0.21090685
17779,-0.1899751
17780,-0.25880787
17781,-0.22848284
17782,-0.18329273
17783,-0.18929423
17784,-0.18803024
17785,-0.16831389
17786,-0.17101298
17787,-0.17843352
17788,-0.25823587
17789,-0.26963034
17790,-0.28641796
17791,-0.2993919
17792,-0.2927892
17793,-0.2943739
17794,-0.27823126
17795,-0.27823126
17796,-0.28499466
17797,-0.29498813
17798,-0.29498813
17799,-0.29865384
17800,-0.29946646
17801,-0.30041564
17802,-0.29300535
17803,-0.30209246
17804,-0.31107044
17805,-0.31596914
17806,-0.2922108
17807,-0.28475213
17808,-0.2857177
17809,-0.29987162
17810,-0.3033411
17811,-0.30586234
17812,-0.3058055
17813,-0.29900306
17814,-0.26642612
17815,-0.27976856
17816,-0.25994793
17817,-0.30290124
17818,-0.47003442
17819,-0.4363866
17820,-0.49375865
17821,-0.4255358
17822,-0.44920957
17823,-0.3953418
17824,-0.45205766
17825,-0.48634496
17826,-0.72969
17827,-0.78328574
17828,-0.79718065
17829,-0.8572215
17830,-0.53376544
17831,-0.5296267
17832,-0.5613463
17833,-0.85782564
17834,-0.8677453
17835,-0.8610899
17836,-0.7259367
17837,-0.701532
17838,-0.56168103
17839,-0.67385507
17840,-0.6810114
17841,-0.6627042
17842,-0.6298587
17843,-0.5706253
17844,-0.7674215
17845,-0.7812377
17846,-0.77359164
17847,-0.78430074
17848,-0.6818838
17849,-0.69469017
17850,-0.5194946
17851,-0.513134
17852,-0.49950197
17853,-0.41539127
17854,-0.41261154
17855,-0.48279423
17856,-0.4810633
17857,-0.5075998
17858,-0.43737525
17859,-0.44051608
17860,-0.48893902
17861,-0.7893716
17862,-0.85294294
17863,-0.5152979
17864,-0.5417527
17865,-0.77417105
17866,-0.77082074
17867,-0.703565
17868,-0.49386206
17869,-0.56390023
17870,-0.79568565
17871,-0.66351
17872,38.427315
17873,1.743763
17874,-0.74685484
17875,-0.7086146
17876,-0.76478815
17877,-0.71139985
17878,22.504107
17879,34.754208
17880,82.815956
17881,115.288574
17882,72.77592
17883,103.79695
17884,9.520767
17885,-3.056986
17886,-0.41552967
17887,-0.49664757
17888,-0.81542665
17889,-0.48790053
17890,3.3567798
17891,17.553755
17892,-0.32758194
17893,-0.9101186
17894,124.58797
17895,49.552425
17896,23.454773
17897,22.095808
17898,38.279762
17899,-3.1633952
17900,-0.27563456
17901,-0.48039106
17902,24.43877
17903,-0.41307643
17904,72.97625
17905,85.990585
17906,52.006176
17907,-0.5780835
17908,-0.3383113
17909,-0.26080364
17910,65.16775
17911,19.649916
17912,-0.18727545
17913,-0.36522353
17914,-0.38616604
17915,112.11507
17916,89.507774
17917,103.28278
17918,73.74597
17919,3.5620835
17920,-1.827959
17921,-0.4820166
17922,-0.47660807
17923,-0.46863735
17924,-0.6305599
17925,7.4183426
17926,108.327995
17927,60.023838
17928,116.930244
17929,84.77377
17930,58.542698
17931,53.9297
17932,65.76049
17933,54.451893
17934,49.217335
17935,24.757305
17936,31.665098
17937,40.8091
17938,11.348383
17939,-4.7519317
17940,-4.9806995
17941,-2.2322278
17942,-0.51255596
17943,-0.51261944
17944,-0.47712046
17945,-0.46867362
17946,-0.42032778
17947,-0.45053425
17948,-0.44698086
17949,-0.25772968
17950,-0.46482664
17951,-0.40150914
17952,-0.27227738
17953,-0.37936437
17954,-0.19502628
17955,-0.17692092
17956,-0.2097959
17957,-0.27670467
17958,-0.2661499
17959,-0.29989374
17960,-0.25259954
17961,-0.24977855
17962,-0.2828513
17963,-0.23113595
17964,-0.23267399
17965,-0.24002592
17966,-0.24920873
17967,-0.33545372
17968,-0.538097
17969,-0.7235179
17970,-0.8737451
17971,-0.63246036
17972,-0.6046536
17973,-0.6115437
17974,-0.6153294
17975,-0.61514515
17976,-0.6076382
17977,-0.58678347
17978,-0.5803872
17979,-0.62639946
17980,-0.6501376
17981,-0.72099674
17982,-0.71763444
17983,-0.75560105
17984,-0.7192058
17985,-0.7451787
17986,-0.7313911
17987,-0.8148046
17988,-0.39236492
17989,-0.4545167
17990,-0.79489934
17991,-0.8451313
17992,-0.835704
17993,-0.8238723
17994,-0.6969
17995,-0.7240281
17996,-0.7412296
17997,-0.76892847
17998,-0.7998386
17999,-0.6707161
18000,-0.430834
18001,-0.36271477
18002,-0.3323993
18003,-0.32729587
18004,-0.32387784
18005,-0.33006436
18006,-0.41297096
18007,-0.36463895
18008,-0.35264486
18009,-0.35109094
18010,-0.72793615
18011,-0.6414287
18012,-0.66277
18013,-0.7712794
18014,-0.6231167
18015,-0.63893306
18016,-0.79515624
18017,-0.74210435
18018,-0.7101653
18019,-0.6827658
18020,-0.18308324
18021,-0.43679622
18022,31.097372
18023,92.7512
18024,58.261906
18025,65.43734
18026,101.05167
18027,71.99781
18028,99.68591
18029,140.57703
18030,136.00496
18031,176.8286
18032,163.50198
18033,154.37909
18034,107.70572
18035,145.24107
18036,140.32906
18037,8.956579
18038,105.11827
18039,30.86847
18040,149.57323
18041,81.709755
18042,237.02095
18043,130.0653
18044,179.1748
18045,70.22423
18046,93.356476
18047,125.522736
18048,311.30072
18049,161.96771
18050,401.48477
18051,139.1167
18052,94.949684
18053,390.22092
18054,189.3747
18055,121.98106
18056,127.35143
18057,129.51312
18058,322.53818
18059,340.0254
18060,215.66774
18061,410.6958
18062,269.15662
18063,224.02899
18064,130.93544
18065,263.5626
18066,263.8691
18067,291.98416
18068,271.09656
18069,401.38135
18070,475.77704
18071,496.36145
18072,462.60016
18073,696.965
18074,771.1959
18075,669.8316
18076,730.2662
18077,677.75226
18078,548.1627
18079,630.2965
18080,598.1726
18081,601.1724
18082,709.7482
18083,708.04944
18084,634.5094
18085,600.7876
18086,525.8136
18087,571.00555
18088,494.7777
18089,376.4343
18090,370.96094
18091,398.6062
18092,451.77893
18093,541.2885
18094,527.1456
18095,426.40417
18096,403.75812
18097,295.6538
18098,187.8897
18099,176.84137
18100,233.34264
18101,200.37694
18102,223.77505
18103,173.32999
18104,231.67429
18105,219.70926
18106,247.43227
18107,239.14243
18108,361.5207
18109,392.16754
18110,350.72946
18111,445.31622
18112,456.91934
18113,351.91595
18114,283.79657
18115,289.26935
18116,301.70236
18117,294.59937
18118,210.8276
18119,183.00537
18120,161.07545
18121,133.78297
18122,171.7927
18123,174.54964
18124,189.3802
18125,117.07767
18126,120.405525
18127,235.27525
18128,234.93701
18129,231.77145
18130,319.03708
18131,431.6511
18132,314.22147
18133,181.07349
18134,168.8054
18135,113.10646
18136,62.312584
18137,59.73327
18138,84.08556
18139,63.319473
18140,87.34678
18141,71.321495
18142,73.25391
18143,60.899734
18144,81.25203
18145,58.611534
18146,32.271393
18147,28.906929
18148,7.323637
18149,-5.11742
18150,-2.7683907
18151,-0.35204378
18152,-0.39216834
18153,-0.3826836
18154,-0.27440175
18155,15.714378
18156,26.643925
18157,1.576296
18158,-0.6411353
18159,-0.46844733
18160,-0.36057636
18161,-0.36409655
18162,-0.40095899
18163,-0.38907874
18164,-0.4749638
18165,-0.3691816
18166,-0.5258294
18167,39.37166
18168,212.94905
18169,154.8743
18170,226.72136
18171,283.2316
18172,172.20033
18173,329.51755
18174,284.21494
18175,153.92041
18176,109.99986
18177,144.46771
18178,266.4668
18179,272.38583
18180,149.63454
18181,304.95337
18182,434.24075
18183,377.19293
18184,501.45496
18185,263.857
18186,322.50165
18187,255.32208
18188,318.77692
18189,350.01678
18190,439.37366
18191,686.66864
18192,422.8688
18193,221.33398
18194,112.81858
18195,236.87996
18196,327.9783
18197,185.12502
18198,196.03955
18199,175.7611
18200,140.8468
18201,102.52488
18202,101.23366
18203,161.54613
18204,109.49614
18205,72.07385
18206,38.801838
18207,60.776993
18208,52.989372
18209,82.57904
18210,110.82739
18211,169.22005
18212,1176.5918
18213,1106.2714
18214,1022.5974
18215,1048.3767
18216,648.23694
18217,1085.4031
18218,1024.168
18219,908.17554
18220,790.40466
18221,1102.4333
18222,1054.6068
18223,1192.7815
18224,1191.4912
18225,1062.4215
18226,1108.6901
18227,1046.5189
18228,1565.8787
18229,1162.9891
18230,963.9877
18231,757.80566
18232,850.5176
18233,796.80133
18234,938.69116
18235,786.91534
18236,715.57794
18237,949.84503
18238,1039.8353
18239,1042.9836
18240,965.5656
18241,747.12115
18242,724.4837
18243,515.3879
18244,633.1286
18245,523.0965
18246,930.18146
18247,499.23764
18248,367.5606
18249,485.98727
18250,525.57007
18251,584.9369
18252,545.81177
18253,553.4817
18254,587.6638
18255,666.9987
18256,462.37256
18257,528.3781
18258,551.11896
18259,412.86523
18260,260.90094
18261,194.72043
18262,297.55792
18263,371.18118
18264,462.74942
18265,708.86414
18266,661.3123
18267,638.3173
18268,453.43234
18269,477.94827
18270,296.49564
18271,388.1145
18272,673.68445
18273,926.68195
18274,866.47974
18275,732.93976
18276,596.72614
18277,502.1422
18278,327.50348
18279,280.7694
18280,220.98885
18281,367.08826
18282,367.42175
18283,230.23439
18284,251.82407
18285,377.5871
18286,221.17265
18287,119.97114
18288,222.07664
18289,323.1285
18290,188.74028
18291,237.8007
18292,175.32158
18293,183.77379
18294,276.52142
18295,174.81844
18296,239.92712
18297,221.84802
18298,150.00296
18299,163.84352
18300,187.72768
18301,159.96927
18302,146.83556
18303,178.38039
18304,101.07883
18305,145.58272
18306,70.62795
18307,83.32388
18308,176.63301
18309,173.15643
18310,99.81055
18311,146.81859
18312,131.85394
18313,144.14648
18314,151.79333
18315,98.52861
18316,89.14238
18317,83.5081
18318,52.462597
18319,63.865685
18320,125.70947
18321,66.80959
18322,68.923225
18323,276.85696
18324,525.52356
18325,393.3764
18326,451.30676
18327,537.67664
18328,392.9693
18329,420.38382
18330,365.17416
18331,318.93845
18332,354.90103
18333,395.49963
18334,396.932
18335,360.48648
18336,368.72665
18337,293.60272
18338,354.0161
18339,424.9807
18340,399.42783
18341,354.18378
18342,508.6966
18343,333.0055
18344,485.99512
18345,495.76486
18346,588.8643
18347,467.66272
18348,319.88593
18349,349.27325
18350,490.68912
18351,589.4278
18352,364.91812
18353,596.9169
18354,523.51807
18355,313.32782
18356,408.4152
18357,459.27063
18358,331.165
18359,539.63715
18360,452.0231
18361,301.9405
18362,405.23087
18363,607.6614
18364,766.9122
18365,1029.7345
18366,480.09842
18367,471.3918
18368,438.30167
18369,443.00558
18370,616.47076
18371,626.4577
18372,779.66077
18373,812.9788
18374,646.89014
18375,403.79504
18376,451.27136
18377,614.97565
18378,583.0554
18379,488.5498
18380,560.05255
18381,537.5768
18382,444.16235
18383,424.50656
18384,273.885
18385,205.10135
18386,121.85127
18387,129.59955
18388,168.0798
18389,289.49567
18390,360.2548
18391,254.28128
18392,325.73126
18393,473.7607
18394,405.81036
18395,368.17987
18396,77.02321
18397,44.75788
18398,61.65726
18399,22.2703
18400,109.23975
18401,41.99369
18402,66.08372
18403,85.64283
18404,135.32332
18405,98.86481
18406,114.797966
18407,155.10617
18408,163.3955
18409,124.38879
18410,155.59755
18411,180.80046
18412,178.37033
18413,150.7931
18414,155.8399
18415,122.30943
18416,190.175
18417,155.87839
18418,210.38533
18419,286.7934
18420,244.21297
18421,231.54189
18422,129.26872
18423,340.09442
18424,360.971
18425,429.47208
18426,684.3055
18427,614.07965
18428,362.99185
18429,415.09232
18430,238.16528
18431,150.95798
18432,43.1357
18433,81.947266
18434,156.4102
18435,377.21872
18436,263.95462
18437,89.740295
18438,74.506966
18439,60.364975
18440,50.390713
18441,125.271286
18442,118.11689
18443,86.58025
18444,172.13564
18445,94.71983
18446,25.466545
18447,81.53146
18448,176.24149
18449,181.6149
18450,87.462555
18451,107.40209
18452,185.43192
18453,289.97037
18454,222.76907
18455,216.72673
18456,139.49026
18457,256.63562
18458,325.32678
18459,277.95602
18460,189.37411
18461,63.899178
18462,-0.22494474
18463,83.38826
18464,207.23207
18465,162.22891
18466,95.02608
18467,125.44094
18468,195.43684
18469,202.55463
18470,102.88469
18471,100.93442
18472,20.104174
18473,47.925972
18474,486.57864
18475,417.22693
18476,314.98172
18477,209.66989
18478,102.66185
18479,52.74253
18480,8.751756
18481,2.4014497
18482,-0.47001615
18483,75.36786
18484,136.09586
18485,86.47607
18486,52.184624
18487,59.725376
18488,26.775146
18489,42.43815
18490,12.014722
18491,-3.853484
18492,-1.2333448
18493,-0.8273567
18494,-0.68651956
18495,-0.49274138
18496,-0.46051893
18497,21.40887
18498,33.738335
18499,7.8424864
18500,-3.0306127
18501,-0.5674628
18502,-0.6634924
18503,-0.43889457
18504,-0.34542957
18505,-0.31522182
18506,23.071388
18507,85.56889
18508,139.91649
18509,114.680916
18510,98.881065
18511,89.66023
18512,47.417805
18513,64.3142
18514,105.87876
18515,95.39779
18516,119.04832
18517,119.3919
18518,121.49701
18519,139.39703
18520,105.937454
18521,75.60253
18522,70.819336
18523,59.88811
18524,47.40152
18525,69.945625
18526,123.82936
18527,102.04542
18528,125.77866
18529,164.62367
18530,141.566
18531,198.63525
18532,160.08058
18533,178.10666
18534,119.08257
18535,1.4326525
18536,-0.501431
18537,-0.47996643
18538,165.54472
18539,192.75075
18540,113.94041
18541,106.349045
18542,224.9577
18543,157.07413
18544,80.12105
18545,88.184265
18546,119.97825
18547,117.9181
18548,158.55276
18549,122.35684
18550,115.58351
18551,122.552986
18552,117.80182
18553,147.90788
18554,150.41455
18555,183.83955
18556,218.16354
18557,190.74391
18558,199.75357
18559,194.46666
18560,203.2279
18561,222.62029
18562,186.14636
18563,174.22176
18564,97.37586
18565,19.847794
18566,-2.352482
18567,69.25735
18568,60.88992
18569,42.363396
18570,32.98625
18571,-1.0913984
18572,-0.65394247
18573,-0.49665427
18574,-0.3455964
18575,-0.7772698
18576,1.3798842
18577,0.8365084
18578,19.648672
18579,44.87372
18580,82.29731
18581,117.20253
18582,172.95029
18583,139.11827
18584,166.6178
18585,47.997494
18586,234.52275
18587,118.00096
18588,158.21722
18589,149.865
18590,151.91246
18591,111.22416
18592,101.05636
18593,54.19252
18594,2.9753642
18595,64.1805
18596,72.89771
18597,155.08041
18598,152.0003
18599,80.24541
18600,177.09407
18601,181.69861
18602,59.958195
18603,91.61634
18604,231.02473
18605,110.478676
18606,105.12605
18607,82.37075
18608,98.099655
18609,91.36692
18610,109.90346
18611,65.866264
18612,-0.39158994
18613,32.310158
18614,-0.68477345
18615,0.27536762
18616,87.15792
18617,59.874763
18618,116.55302
18619,67.74052
18620,97.14943
18621,63.116356
18622,87.43891
18623,125.73166
18624,115.717995
18625,49.144196
18626,101.30831
18627,114.469765
18628,103.815384
18629,85.05397
18630,88.762146
18631,122.68111
18632,125.22737
18633,23.07638
18634,107.680595
18635,103.418274
18636,58.151245
18637,159.97493
18638,37.846375
18639,115.82909
18640,138.97882
18641,131.39435
18642,64.166016
18643,46.990704
18644,85.49747
18645,72.757454
18646,90.96472
18647,126.54025
18648,110.05459
18649,91.91934
18650,94.88681
18651,139.29088
18652,149.3765
18653,106.24363
18654,121.521805
18655,123.64588
18656,95.01717
18657,77.7061
18658,115.42955
18659,146.95605
18660,113.48755
18661,105.0984
18662,135.679
18663,147.03186
18664,142.14755
18665,195.3381
18666,226.97551
18667,231.10405
18668,280.74036
18669,301.1843
18670,261.40857
18671,261.72003
18672,269.11856
18673,275.00333
18674,250.30682
18675,186.77788
18676,186.47916
18677,201.04866
18678,210.04173
18679,188.96588
18680,260.2029
18681,267.732
18682,207.2938
18683,169.71785
18684,138.93228
18685,134.45793
18686,98.960915
18687,87.496895
18688,80.79666
18689,86.76004
18690,156.88348
18691,170.14226
18692,151.62294
18693,144.14716
18694,207.29813
18695,213.32407
18696,213.44014
18697,257.44012
18698,234.15434
18699,289.38605
18700,357.43503
18701,280.94754
18702,252.70993
18703,241.29536
18704,183.19476
18705,205.16417
18706,148.40099
18707,155.36813
18708,111.25757
18709,109.17649
18710,160.9008
18711,130.56264
18712,103.27259
18713,110.78151
18714,139.8679
18715,135.07727
18716,82.494415
18717,54.26847
18718,11.763631
18719,3.5500154
18720,3.801313
18721,-0.49946395
18722,3.9423268
18723,0.5081663
18724,-0.29266506
18725,1.6598366
18726,-2.7976637
18727,-2.8633726
18728,-2.980545
18729,-2.3838427
18730,19.388765
18731,49.599308
18732,52.076782
18733,77.71617
18734,128.61064
18735,144.94957
18736,96.55453
18737,47.30694
18738,39.18739
18739,33.62002
18740,-0.9144213
18741,-0.5465741
18742,22.149048
18743,-0.57541966
18744,66.30735
18745,6.284471
18746,81.38636
18747,61.470818
18748,109.0719
18749,13.566975
18750,21.671381
18751,13.577534
18752,86.16848
18753,151.89473
18754,60.50789
18755,118.23382
18756,69.49801
18757,57.389317
18758,82.83944
18759,41.38483
18760,43.699993
18761,2.7379231
18762,32.64937
18763,32.05984
18764,34.329994
18765,114.082146
18766,66.52737
18767,16.291964
18768,46.940144
18769,10.726036
18770,99.13537
18771,71.15841
18772,130.51576
18773,124.80636
18774,79.531456
18775,97.358116
18776,191.29105
18777,169.29982
18778,200.3676
18779,292.57007
18780,198.30835
18781,228.49437
18782,242.83842
18783,394.42218
18784,217.73314
18785,103.269104
18786,379.04932
18787,346.79614
18788,224.53441
18789,157.37444
18790,109.2404
18791,89.17936
18792,126.360954
18793,131.26192
18794,186.1638
18795,137.9446
18796,182.42262
18797,187.59616
18798,281.6207
18799,504.02875
18800,813.3594
18801,752.81793
18802,485.43802
18803,653.5041
18804,784.2035
18805,733.8035
18806,395.10815
18807,541.21356
18808,488.01004
18809,596.4179
18810,587.8319
18811,781.3764
18812,1026.9479
18813,1085.8219
18814,859.3258
18815,785.26044
18816,740.85333
18817,777.486
18818,784.32874
18819,682.95325
18820,632.25507
18821,665.00616
18822,471.60455
18823,470.51474
18824,562.0195
18825,625.7144
18826,643.36566
18827,670.91205
18828,487.4254
18829,553.6876
18830,733.9529
18831,715.4437
18832,812.38763
18833,451.58774
18834,403.18707
18835,613.4464
18836,666.43695
18837,563.37036
18838,581.7972
18839,385.4024
18840,187.48373
18841,136.66188
18842,194.3794
18843,131.52888
18844,111.64459
18845,225.12456
18846,288.4902
18847,404.05685
18848,420.74405
18849,366.06583
18850,420.8778
18851,474.7424
18852,362.21292
18853,321.29797
18854,317.08517
18855,280.85477
18856,167.87784
18857,114.58964
18858,216.06378
18859,218.74257
18860,349.02148
18861,424.27307
18862,535.03784
18863,432.73477
18864,317.52167
18865,297.2251
18866,390.8993
18867,615.77026
18868,789.5125
18869,505.6403
18870,5.4081864
18871,-0.9286307
18872,1.0296886
18873,1.2477059
18874,-2.7475042
18875,0.9127931
18876,-1.0912479
18877,0.920155
18878,-1.3375709
18879,1.2921956
18880,1.9908402
18881,-3.2772374
18882,0.015216841
18883,-2.8663883
18884,-3.3703337
18885,-1.4863876
18886,-3.0191188
18887,-2.9876916
18888,-0.753839
18889,-4.666739
18890,-4.8861465
18891,-4.5959754
18892,-4.603228
18893,-4.087613
18894,-2.5101838
18895,-2.152875
18896,-1.9330962
18897,-0.45576736
18898,-4.5109916
18899,-2.2828512
18900,0.3357045
18901,4.382474
18902,-4.873297
18903,-5.5480294
18904,-4.641836
18905,-5.36467
18906,-5.831502
18907,-0.9411166
18908,-1.0461228
18909,-1.0807704
18910,1.144305
18911,41.35511
18912,80.179184
18913,116.14974
18914,129.46883
18915,141.16489
18916,118.747505
18917,70.862625
18918,183.17245
18919,197.24663
18920,251.10408
18921,270.52518
18922,352.6176
18923,392.9168
18924,310.56128
18925,168.79346
18926,120.270226
18927,219.1263
18928,211.9988
18929,117.5216
18930,187.95056
18931,214.74667
18932,167.74893
18933,159.71622
18934,344.00974
18935,608.87537
18936,618.4419
18937,572.81616
18938,591.1382
18939,444.49454
18940,382.62808
18941,387.78375
18942,494.97067
18943,456.4201
18944,325.40213
18945,299.78204
18946,321.6913
18947,319.12604
18948,432.5303
18949,376.53833
18950,366.26987
18951,488.11575
18952,407.68756
18953,414.9666
18954,410.4584
18955,383.01035
18956,674.529
18957,587.40515
18958,586.71704
18959,543.14526
18960,467.35144
18961,442.5177
18962,315.1978
18963,338.7454
18964,424.3846
18965,551.8262
18966,457.76733
18967,407.8594
18968,425.51752
18969,364.36795
18970,311.97055
18971,279.95438
18972,318.0075
18973,182.06963
18974,259.94586
18975,337.44116
18976,438.53796
18977,436.98676
18978,441.41797
18979,516.0329
18980,475.61148
18981,490.1635
18982,546.9221
18983,616.2218
18984,363.85706
18985,435.39502
18986,627.82764
18987,475.33118
18988,527.4829
18989,455.51657
18990,463.42432
18991,619.18616
18992,551.06616
18993,388.07806
18994,259.743
18995,270.7926
18996,332.06845
18997,412.3463
18998,433.13446
18999,346.4386
19000,278.17807
19001,323.3678
19002,166.50317
19003,168.21799
19004,191.15204
19005,226.30077
19006,216.21939
19007,275.74536
19008,81.03803
19009,11.879913
19010,27.66194
19011,16.347416
19012,-0.18803705
19013,-0.46048257
19014,-0.4556545
19015,-0.3812693
19016,-0.5124411
19017,-0.5695394
19018,0.37372687
19019,0.17893897
19020,-0.033818446
19021,-0.40362048
19022,-0.46505556
19023,-0.7577071
19024,-0.34037945
19025,-0.85908353
19026,-1.0982713
19027,-1.1981343
19028,-1.4092726
19029,-1.9297094
19030,-1.267193
19031,-1.9372195
19032,-1.3091332
19033,0.016612304
19034,-0.07428163
19035,2.3164663
19036,-1.2836566
19037,-1.5128882
19038,-1.365616
19039,0.44527933
19040,1.3850486
19041,1.0719924
19042,94.39316
19043,-0.25676087
19044,0.69368404
19045,0.24161093
19046,-0.13938357
19047,120.9592
19048,218.521
19049,229.89986
19050,269.83078
19051,107.831985
19052,345.49008
19053,245.74857
19054,239.41771
19055,230.56122
19056,366.9382
19057,219.332
19058,348.4079
19059,55.511517
19060,206.31123
19061,99.62554
19062,104.725525
19063,59.664597
19064,184.1222
19065,186.72601
19066,371.86868
19067,235.47101
19068,98.63156
19069,280.0439
19070,201.05724
19071,159.11824
19072,234.55083
19073,290.70828
19074,265.1003
19075,258.00873
19076,239.70935
19077,482.6302
19078,338.88324
19079,258.65656
19080,324.14832
19081,272.90424
19082,755.36786
19083,788.8376
19084,304.98425
19085,217.08951
19086,241.53061
19087,313.35703
19088,430.6365
19089,444.8175
19090,447.88196
19091,562.06396
19092,463.83298
19093,536.63574
19094,529.80164
19095,452.9834
19096,449.1792
19097,575.1418
19098,534.7608
19099,492.9847
19100,606.07886
19101,696.68774
19102,830.6961
19103,703.0399
19104,583.1114
19105,448.4313
19106,469.42072
19107,425.80524
19108,366.74286
19109,291.4183
19110,223.96956
19111,286.3266
19112,397.61774
19113,307.2422
19114,386.38922
19115,341.15643
19116,238.84323
19117,197.73203
19118,150.8592
19119,139.53983
19120,158.52266
19121,222.93799
19122,192.0666
19123,127.19237
19124,54.524662
19125,31.48146
19126,27.58859
19127,38.95029
19128,107.57069
19129,91.09479
19130,83.05295
19131,118.94341
19132,141.09415
19133,161.07513
19134,133.79639
19135,102.02192
19136,86.04881
19137,79.989456
19138,172.98996
19139,173.25116
19140,77.39984
19141,62.172344
19142,64.53543
19143,57.111588
19144,44.8187
19145,46.63978
19146,33.516445
19147,31.660057
19148,21.315796
19149,20.135014
19150,3.2191117
19151,22.218584
19152,60.31281
19153,47.05829
19154,56.30072
19155,43.536396
19156,48.87717
19157,66.285446
19158,73.66389
19159,26.413385
19160,17.243332
19161,-1.9354402
19162,-0.53568625
19163,-0.47372213
19164,-0.581828
19165,-0.39756212
19166,-0.36496133
19167,62.769764
19168,5.520106
19169,0.919339
19170,-0.32067752
19171,-0.18978165
19172,-0.18169668
19173,-0.21723896
19174,-0.14121403
19175,-0.91545
19176,55.41407
19177,130.1961
19178,59.68036
19179,-0.57358825
19180,-0.70837194
19181,-0.45668796
19182,-0.37341532
19183,239.5328
19184,211.91098
19185,99.98836
19186,45.13659
19187,26.879936
19188,26.28497
19189,61.94113
19190,62.42079
19191,76.73009
19192,669.13446
19193,183.814
19194,160.11732
19195,231.61568
19196,340.94662
19197,557.8798
19198,389.7475
19199,436.42416
19200,228.07599
19201,132.04112
19202,127.45231
19203,88.906296
19204,65.77404
19205,84.24594
19206,31.91316
19207,31.832888
19208,29.650791
19209,42.732204
19210,72.088745
19211,92.48703
19212,128.81786
19213,101.00318
19214,119.51027
19215,110.60715
19216,126.357086
19217,83.694
19218,64.35344
19219,42.58339
19220,92.58682
19221,71.019646
19222,100.50346
19223,168.21317
19224,196.43234
19225,157.72101
19226,331.32693
19227,433.79962
19228,510.40125
19229,476.0866
19230,474.42358
19231,454.56073
19232,208.61238
19233,183.85771
19234,365.52954
19235,195.3048
19236,97.14244
19237,57.474155
19238,68.32628
19239,87.113335
19240,85.40642
19241,120.945625
19242,125.481155
19243,149.35678
19244,164.7761
19245,164.7725
19246,103.99232
19247,101.25464
19248,99.446396
19249,128.95549
19250,154.5327
19251,195.3899
19252,220.89726
19253,221.10995
19254,301.78134
19255,276.9896
19256,272.3931
19257,253.53079
19258,268.66214
19259,288.22516
19260,208.71454
19261,162.6115
19262,154.94212
19263,190.684
19264,170.36998
19265,150.46486
19266,179.41377
19267,158.30417
19268,126.882965
19269,125.13707
19270,145.76317
19271,171.36728
19272,191.13808
19273,231.49547
19274,157.62685
19275,118.269066
19276,171.16017
19277,216.30959
19278,390.81006
19279,489.64807
19280,536.686
19281,791.9167
19282,867.7469
19283,775.4392
19284,915.34674
19285,1142.9353
19286,972.994
19287,832.0283
19288,702.0484
19289,615.7172
19290,473.86276
19291,321.65982
19292,234.23557
19293,195.36803
19294,186.22678
19295,252.19684
19296,128.23637
19297,112.886055
19298,64.39771
19299,1.4230822
19300,71.7135
19301,86.08999
19302,21.158253
19303,-4.4415746
19304,3.6515608
19305,1.4120971
19306,-0.56285197
19307,69.70953
19308,40.831516
19309,32.22472
19310,14.228625
19311,28.844582
19312,83.413666
19313,256.63748
19314,101.38688
19315,70.81487
19316,70.50227
19317,74.293144
19318,138.36217
19319,181.56589
19320,179.77672
19321,304.8214
19322,137.96748
19323,300.00235
19324,358.9115
19325,120.25641
19326,200.43562
19327,451.69943
19328,303.7901
19329,133.29762
19330,129.3754
19331,359.44757
19332,295.21146
19333,205.00812
19334,273.14072
19335,131.97401
19336,332.9834
19337,113.50218
19338,243.72852
19339,352.24927
19340,303.39005
19341,193.79578
19342,252.75403
19343,341.18506
19344,179.41434
19345,264.39438
19346,224.29146
19347,152.7012
19348,95.33172
19349,219.56705
19350,286.9154
19351,316.70825
19352,288.5885
19353,364.0542
19354,318.1045
19355,407.57132
19356,316.58316
19357,176.40555
19358,306.917
19359,1412.0914
19360,1860.6101
19361,630.6664
19362,293.85016
19363,168.47765
19364,99.039925
19365,111.34697
19366,72.30598
19367,32.439415
19368,116.40553
19369,209.08644
19370,304.18753
19371,205.41798
19372,170.59273
19373,194.62589
19374,144.24669
19375,167.27878
19376,151.99811
19377,172.31151
19378,146.75032
19379,117.06359
19380,137.27806
19381,102.214424
19382,69.77497
19383,54.980946
19384,18.067873
19385,15.574657
19386,31.436062
19387,42.854538
19388,43.716984
19389,58.18487
19390,18.97333
19391,23.240217
19392,18.875502
19393,70.257965
19394,51.73603
19395,39.85335
19396,17.787508
19397,34.893158
19398,33.100822
19399,21.167671
19400,-2.784269
19401,-0.4254072
19402,-0.43668976
19403,-0.49302045
19404,-0.5245858
19405,-0.42094043
19406,-4.7650566
19407,-2.893124
19408,-0.3846501
19409,-0.4633465
19410,-0.5149695
19411,-0.43195382
19412,-0.25760505
19413,-0.33568344
19414,-0.22755279
19415,-0.17586507
19416,-0.22902565
19417,-0.23362
19418,-0.23729588
19419,-0.2431029
19420,-0.2758259
19421,-0.26427746
19422,-0.1818021
19423,-0.18424912
19424,-0.18603219
19425,-0.19020312
19426,-0.19714484
19427,-0.2528075
19428,-0.27129036
19429,-0.50506675
19430,-0.2941215
19431,-0.30433655
19432,-0.4292978
19433,-0.28141057
19434,-0.31540266
19435,-0.21669604
19436,-0.19207294
19437,-0.20629998
19438,-0.2030963
19439,-0.2039328
19440,-0.21191181
19441,-0.25614524
19442,-0.24302112
19443,-0.26406497
19444,-0.27176657
19445,-0.25586712
19446,-0.2554389
19447,-0.26326245
19448,-0.28273296
19449,-0.24368452
19450,-0.27413565
19451,-0.26212353
19452,-0.26307485
19453,-0.28400305
19454,-0.2510248
19455,-0.30920422
19456,-0.25202793
19457,-0.29309168
19458,-0.23022842
19459,-0.22849695
19460,-0.5886109
19461,-0.36167464
19462,-0.34064656
19463,-0.6055445
19464,-0.67022973
19465,-0.43741843
19466,-0.5893988
19467,-0.37905216
19468,-0.37927696
19469,-0.35312214
19470,-0.36620325
19471,-0.4689689
19472,-0.42892706
19473,-0.5015502
19474,-0.4622341
19475,-0.52867234
19476,-0.47942448
19477,-0.43305975
19478,-0.3464212
19479,-0.5769934
19480,-0.4787593
19481,-0.36224777
19482,-0.41699895
19483,-0.7453818
19484,-0.57740474
19485,-0.6894109
19486,-0.93842375
19487,-0.8526936
19488,-0.6230354
19489,-0.42659396
19490,-0.6099938
19491,-0.7199766
19492,14.15904
19493,-0.018842783
19494,-0.55022115
19495,-0.4399126
19496,-0.7265754
19497,-0.39863712
19498,-0.7253866
19499,1.3921483
19500,-0.6929801
19501,-0.63134307
19502,-0.5427111
19503,-0.64928144
19504,-0.41906124
19505,-0.49393532
19506,-0.38043532
19507,-0.35527906
19508,-0.43942574
19509,-0.4793551
19510,-0.5590436
19511,-0.51524466
19512,-0.52454203
19513,-0.40443748
19514,-0.49036616
19515,-0.48411778
19516,-0.48033705
19517,-0.47562292
19518,-0.42418894
19519,-0.39141187
19520,-0.5942066
19521,-0.64198256
19522,-0.58914435
19523,-0.6689549
19524,-0.7008733
19525,-0.6243147
19526,-0.6494736
19527,-0.67164963
19528,-0.66014093
19529,-0.5679397
19530,-0.83947164
19531,-0.6640156
19532,-0.66688126
19533,-0.62825036
19534,-0.6169872
19535,12.123251
19536,103.29227
19537,75.23239
19538,111.19158
19539,99.45041
19540,98.04711
19541,113.6223
19542,99.73817
19543,103.62577
19544,123.9523
19545,98.052155
19546,107.44295
19547,115.95956
19548,111.90021
19549,126.95153
19550,126.97157
19551,112.41023
19552,122.314545
19553,99.919
19554,106.016205
19555,104.178566
19556,92.52385
19557,75.451614
19558,70.160324
19559,42.098755
19560,16.893732
19561,15.530192
19562,18.09033
19563,15.186374
19564,36.994427
19565,50.285656
19566,26.140066
19567,38.67103
19568,31.244091
19569,15.050358
19570,-0.13528575
19571,-0.2443205
19572,-3.769887
19573,-4.1623335
19574,-1.8870996
19575,-1.8979316
19576,-1.5900929
19577,-1.4598533
19578,-1.5606724
19579,-2.25398
19580,-1.8718531
19581,-2.2268145
19582,-1.3829192
19583,38.34032
19584,63.574425
19585,-1.2618264
19586,5.952044
19587,3.742307
19588,-0.44383627
19589,-0.5072814
19590,-0.5010438
19591,-0.6351166
19592,-0.6496692
19593,-0.71856385
19594,-0.73050535
19595,-0.79222095
19596,-0.81375444
19597,-0.43826285
19598,-0.64752495
19599,-0.5288852
19600,-0.5071436
19601,-0.508381
19602,-0.518281
19603,-0.61566067
19604,4.147882
19605,2.539458
19606,-0.5848748
19607,-0.7346802
19608,-0.6666564
19609,-0.4792159
19610,61.543568
19611,35.568733
19612,10.025189
19613,27.714878
19614,0.63649046
19615,22.731966
19616,57.79814
19617,4.479417
19618,-0.49467897
19619,-0.33898145
19620,-0.40092987
19621,-0.63225734
19622,-0.7505007
19623,-0.33761325
19624,-0.47894195
19625,-0.4480676
19626,-0.2673
19627,-0.5674994
19628,-0.81312484
19629,-0.59433985
19630,-0.62026155
19631,-0.6530362
19632,-0.65088403
19633,-0.6288484
19634,-0.61249876
19635,-0.663001
19636,-0.899829
19637,-0.6672601
19638,-0.86165553
19639,-0.42231312
19640,-0.3573648
19641,-0.3769324
19642,-0.50178
19643,-0.41144973
19644,-0.3228647
19645,-0.3239358
19646,-0.45268604
19647,-0.3871759
19648,-0.5083303
19649,-0.6265902
19650,-0.64405996
19651,-0.6528451
19652,-0.739206
19653,-0.6817768
19654,-0.6475487
19655,-0.74509704
19656,-0.7346551
19657,-0.52607363
19658,-0.718072
19659,72.2525
19660,136.94019
19661,164.63275
19662,186.79318
19663,165.35722
19664,185.10378
19665,163.91707
19666,119.731445
19667,157.83023
19668,111.42722
19669,113.615326
19670,111.53304
19671,115.630165
19672,147.0114
19673,121.68209
19674,93.693474
19675,142.61464
19676,121.77171
19677,115.97357
19678,122.38804
19679,109.91359
19680,103.57011
19681,104.030914
19682,129.18042
19683,112.660324
19684,125.42076
19685,108.43547
19686,106.535645
19687,90.85921
19688,78.01554
19689,76.45347
19690,90.880875
19691,94.123215
19692,82.03767
19693,73.1958
19694,60.33386
19695,61.752254
19696,60.457283
19697,67.74388
19698,51.6123
19699,62.81077
19700,83.05648
19701,72.112854
19702,72.5147
19703,52.47826
19704,13.757367
19705,-1.8322618
19706,0.6359598
19707,-2.2884953
19708,-1.92949
19709,-5.461016
19710,-0.75808567
19711,-0.58313626
19712,-0.538358
19713,-0.5485695
19714,-0.54667604
19715,-0.60839117
19716,-0.6725179
19717,-0.5260591
19718,-0.5554593
19719,-0.55890155
19720,-0.51141024
19721,8.805652
19722,66.10035
19723,38.30519
19724,37.86904
19725,44.36767
19726,30.332186
19727,30.401112
19728,61.6686
19729,62.971085
19730,85.17441
19731,43.231888
19732,30.953466
19733,65.25433
19734,211.79594
19735,195.95567
19736,178.15974
19737,119.86024
19738,32.154022
19739,74.49223
19740,101.231094
19741,142.11661
19742,222.0508
19743,102.555595
19744,52.39101
19745,106.40014
19746,132.79404
19747,81.34212
19748,148.89891
19749,138.41592
19750,96.76273
19751,107.362724
19752,127.02082
19753,95.39054
19754,98.40857
19755,124.513084
19756,14.907957
19757,33.943153
19758,114.3565
19759,168.30942
19760,210.31464
19761,151.38394
19762,194.40619
19763,97.523674
19764,287.44864
19765,161.11832
19766,229.06801
19767,172.99135
19768,353.0503
19769,117.50059
19770,343.21753
19771,169.12589
19772,211.9828
19773,319.19632
19774,255.66643
19775,408.77414
19776,327.81152
19777,351.63153
19778,332.25937
19779,320.1728
19780,224.66646
19781,285.0308
19782,398.2861
19783,334.61844
19784,371.49396
19785,235.66168
19786,223.92578
19787,358.91046
19788,275.76392
19789,301.61368
19790,248.10005
19791,211.29945
19792,151.82962
19793,160.67189
19794,137.51329
19795,245.61653
19796,238.4802
19797,182.87732
19798,210.43422
19799,166.64148
19800,221.1207
19801,296.00836
19802,291.0013
19803,269.61682
19804,273.5942
19805,326.5319
19806,308.18192
19807,441.8473
19808,472.44574
19809,499.09708
19810,554.42737
19811,542.62
19812,568.5539
19813,555.1703
19814,495.1091
19815,405.85052
19816,385.049
19817,359.91794
19818,329.77536
19819,406.85245
19820,527.9778
19821,580.23114
19822,707.7516
19823,606.05646
19824,560.5178
19825,651.0756
19826,509.3021
19827,778.43945
19828,294.45966
19829,1023.0532
19830,1317.3215
19831,1411.5596
19832,1267.7914
19833,963.54407
19834,602.00507
19835,428.06497
19836,232.22531
19837,94.78931
19838,49.386036
19839,78.014
19840,213.39479
19841,458.98276
19842,451.7853
19843,190.38835
19844,143.24931
19845,185.29973
19846,292.8397
19847,301.251
19848,309.35046
19849,256.62247
19850,252.86435
19851,167.87682
19852,102.669846
19853,43.902794
19854,33.071056
19855,61.55211
19856,60.404366
19857,75.07491
19858,29.563505
19859,33.358067
19860,90.50168
19861,100.108154
19862,75.28402
19863,170.129
19864,92.024055
19865,162.32568
19866,161.93312
19867,134.7114
19868,255.63431
19869,171.0471
19870,126.87016
19871,-0.5444787
19872,43.406376
19873,222.81694
19874,149.02519
19875,92.67054
19876,134.67392
19877,80.82758
19878,107.104126
19879,129.98924
19880,189.59055
19881,158.33029
19882,92.22797
19883,71.798256
19884,22.31525
19885,-0.901125
19886,-1.4078976
19887,-0.9400523
19888,-0.9965936
19889,-0.82320505
19890,-0.5778045
19891,-0.535972
19892,-0.6566991
19893,-0.4660153
19894,11.052317
19895,33.397614
19896,-2.2902796
19897,-0.5283645
19898,1.188112
19899,123.31214
19900,91.82762
19901,35.196793
19902,0.37125024
19903,-0.5386233
19904,-0.4073854
19905,-0.51525813
19906,-0.6445914
19907,-0.43274817
19908,-0.52554846
19909,-0.5551167
19910,-0.65597105
19911,0.11375231
19912,46.962482
19913,16.155575
19914,9.000565
19915,-1.0401982
19916,6.9012156
19917,45.260845
19918,7.6414185
19919,-0.56442046
19920,92.12246
19921,195.75012
19922,388.52844
19923,273.15106
19924,387.93463
19925,499.5758
19926,297.993
19927,296.33218
19928,166.88452
19929,154.89197
19930,258.9797
19931,116.06658
19932,118.345894
19933,79.6787
19934,94.525795
19935,66.969086
19936,97.408615
19937,41.27834
19938,10.656517
19939,9.46138
19940,39.859905
19941,99.29487
19942,124.46675
19943,143.13509
19944,155.54141
19945,165.7615
19946,281.92273
19947,310.88196
19948,457.38162
19949,365.758
19950,478.09546
19951,469.7742
19952,456.3779
19953,432.06207
19954,818.64935
19955,607.11633
19956,557.6152
19957,1081.728
19958,571.273
19959,1131.4473
19960,1010.273
19961,864.6529
19962,865.5287
19963,446.80536
19964,1136.5917
19965,1173.9095
19966,886.9584
19967,846.3532
19968,1244.6082
19969,1207.9652
19970,1182.8265
19971,850.6092
19972,1086.2869
19973,1648.4587
19974,731.9587
19975,482.56927
19976,412.5923
19977,511.2928
19978,577.1903
19979,465.77682
19980,402.4957
19981,447.04922
19982,489.144
19983,395.18484
19984,414.63986
19985,191.37758
19986,251.41527
19987,256.95108
19988,100.89868
19989,193.72585
19990,309.70517
19991,236.21597
19992,514.69305
19993,510.406
19994,436.3635
19995,689.52765
19996,355.66354
19997,301.45972
19998,371.00357
19999,289.855
20000,243.16563
20001,338.31384
20002,223.23587
20003,102.29554
20004,236.5567
20005,342.20425
20006,399.53867
20007,309.65588
20008,178.30257
20009,125.69638
20010,236.81493
20011,238.24692
20012,357.4051
20013,271.2034
20014,248.86774
20015,262.18015
20016,176.70726
20017,389.0525
20018,289.90155
20019,372.93677
20020,270.0789
20021,288.95395
20022,208.74222
20023,416.16327
20024,393.56464
20025,514.8504
20026,390.1319
20027,432.71402
20028,601.42566
20029,526.27386
20030,295.20877
20031,124.63961
20032,138.49484
20033,157.46307
20034,87.840485
20035,610.91284
20036,324.01352
20037,224.91206
20038,230.4657
20039,118.03972
20040,135.60646
20041,254.66704
20042,268.9609
20043,219.32222
20044,101.2493
20045,39.397434
20046,135.33205
20047,210.8586
20048,324.60934
20049,392.5578
20050,147.62381
20051,277.97418
20052,275.33542
20053,168.42513
20054,99.29382
20055,45.032833
20056,108.24631
20057,146.82854
20058,73.45836
20059,170.79942
20060,144.88928
20061,193.66087
20062,133.03749
20063,61.120647
20064,33.373928
20065,23.819353
20066,37.900352
20067,3.411591
20068,-0.7745645
20069,24.924826
20070,85.94728
20071,51.810925
20072,32.374546
20073,669.64496
20074,727.5178
20075,489.10666
20076,416.19553
20077,220.39975
20078,163.81595
20079,82.263435
20080,54.4991
20081,56.128914
20082,205.1487
20083,117.43923
20084,83.0788
20085,223.0666
20086,237.97333
20087,110.1769
20088,115.28481
20089,155.73802
20090,242.31725
20091,301.96902
20092,255.71542
20093,204.65263
20094,146.56168
20095,44.358093
20096,63.070957
20097,53.775463
20098,62.55682
20099,72.778496
20100,113.80452
20101,220.9153
20102,242.01123
20103,263.55237
20104,230.5802
20105,133.9472
20106,117.21605
20107,121.25655
20108,120.998055
20109,178.19362
20110,175.8279
20111,204.39618
20112,214.88329
20113,234.01636
20114,178.52263
20115,245.35672
20116,201.68086
20117,186.39146
20118,226.70538
20119,320.30118
20120,278.93753
20121,140.7405
20122,207.74934
20123,198.04974
20124,207.25865
20125,186.97528
20126,173.5993
20127,385.85678
20128,336.9072
20129,322.95663
20130,310.86826
20131,256.1147
20132,159.80167
20133,137.47069
20134,184.53491
20135,257.9831
20136,196.69238
20137,197.86601
20138,235.91638
20139,287.2444
20140,247.79591
20141,218.87776
20142,346.7431
20143,513.4636
20144,463.38724
20145,367.0474
20146,371.5969
20147,416.13153
20148,392.72195
20149,377.81555
20150,388.1809
20151,498.19415
20152,509.22586
20153,513.6839
20154,374.4061
20155,442.79132
20156,387.4635
20157,297.29147
20158,518.35657
20159,320.91492
20160,241.49084
20161,238.04375
20162,3.1672626
20163,150.12273
20164,60.114716
20165,36.182552
20166,60.82545
20167,164.15892
20168,155.52298
20169,212.67467
20170,332.4713
20171,72.42257
20172,90.741684
20173,98.688324
20174,48.53403
20175,73.058136
20176,73.53392
20177,17.664904
20178,69.13387
20179,117.4682
20180,67.49051
20181,36.850025
20182,31.286654
20183,18.401318
20184,-0.76029015
20185,-0.5769513
20186,-0.6426138
20187,-0.5272147
20188,-0.5613962
20189,-0.5675101
20190,-0.9314161
20191,-0.69267446
20192,-0.09829433
20193,48.554493
20194,10.974159
20195,-0.681995
20196,-0.66310215
20197,-0.5527828
20198,-0.593731
20199,23.87855
20200,31.317234
20201,18.269335
20202,18.92107
20203,23.065187
20204,68.11925
20205,37.96668
20206,11.740154
20207,-0.5771939
20208,18.619532
20209,9.400482
20210,-1.4761012
20211,-1.8983026
20212,-1.3754106
20213,-1.5211128
20214,-1.4800582
20215,-1.4649892
20216,66.15153
20217,58.02504
20218,63.939888
20219,65.46896
20220,40.38943
20221,41.717228
20222,47.26142
20223,45.87692
20224,9.401333
20225,23.282316
20226,-2.4843633
20227,-0.49308363
20228,-0.5054498
20229,-0.46195439
20230,-0.44054145
20231,-0.47054192
20232,-0.48834297
20233,-0.53134674
20234,-0.49264792
20235,-0.5002837
20236,-0.48277658
20237,-0.2791023
20238,-0.24520873
20239,-0.24068598
20240,-0.24246906
20241,-0.23939757
20242,-0.20500205
20243,-0.17442064
20244,-0.17452537
20245,-0.16044232
20246,-0.16335033
20247,-0.16348873
20248,-0.16562577
20249,-0.45669872
20250,-0.48065656
20251,-0.52459097
20252,-0.55884844
20253,-0.55884844
20254,-0.55784976
20255,-0.5746285
20256,-0.5676402
20257,-0.5631392
20258,-0.49590147
20259,-0.6243073
20260,-1.1221385
20261,-0.48238766
20262,-0.43300214
20263,-0.40714222
20264,-0.5504603
20265,23.124353
20266,60.513184
20267,87.80885
20268,114.82822
20269,90.45182
20270,68.52445
20271,28.39639
20272,9.776143
20273,43.187904
20274,106.11176
20275,71.120026
20276,109.48948
20277,90.98287
20278,122.91635
20279,167.40604
20280,170.13173
20281,155.97705
20282,115.18563
20283,124.349075
20284,118.26016
20285,80.02201
20286,71.42261
20287,165.28004
20288,171.45706
20289,242.21638
20290,199.54898
20291,184.39665
20292,196.48294
20293,90.52944
20294,47.158363
20295,129.9324
20296,132.4177
20297,109.90006
20298,92.91729
20299,44.86465
20300,106.76219
20301,5.778796
20302,44.764122
20303,1.9558176
20304,152.22833
20305,74.273415
20306,108.771255
20307,31.095247
20308,106.139275
20309,86.78993
20310,30.523672
20311,10.358937
20312,76.7199
20313,113.62496
20314,-0.36590576
20315,19.103697
20316,47.19143
20317,32.50185
20318,52.91703
20319,32.922363
20320,49.471214
20321,45.897957
20322,103.72499
20323,-1.29693
20324,-1.6238713
20325,-1.801877
20326,81.81461
20327,151.67188
20328,3.1600564
20329,-0.18408135
20330,38.327938
20331,61.50737
20332,137.85995
20333,75.01742
20334,151.13365
20335,135.80989
20336,75.42932
20337,79.87162
20338,92.454926
20339,99.60616
20340,127.86768
20341,156.3106
20342,195.8736
20343,153.66615
20344,153.53787
20345,200.55399
20346,170.7397
20347,153.20638
20348,115.1296
20349,133.24316
20350,216.22826
20351,281.30826
20352,270.5602
20353,219.58669
20354,157.5008
20355,127.154526
20356,147.22557
20357,220.37737
20358,278.2944
20359,317.7285
20360,271.78238
20361,233.81827
20362,218.96568
20363,216.53348
20364,197.55309
20365,201.2442
20366,229.79718
20367,230.32373
20368,210.49875
20369,159.06848
20370,153.83005
20371,148.88957
20372,99.0847
20373,90.69989
20374,86.81784
20375,96.09876
20376,113.00948
20377,125.522446
20378,117.19262
20379,134.66264
20380,121.45952
20381,102.772995
20382,113.60652
20383,137.96368
20384,149.33157
20385,124.04079
20386,126.11179
20387,154.01779
20388,152.90779
20389,195.61307
20390,192.24818
20391,169.8
20392,187.18497
20393,137.75113
20394,133.78926
20395,98.30307
20396,88.91369
20397,147.24426
20398,151.6151
20399,125.937
20400,81.25575
20401,75.570465
20402,71.284004
20403,63.730656
20404,61.23916
20405,71.915665
20406,71.81648
20407,73.01393
20408,62.85355
20409,79.48384
20410,58.06824
20411,56.89691
20412,42.22756
20413,48.76164
20414,22.834934
20415,-1.254185
20416,-2.8278415
20417,-0.4047627
20418,-0.47501364
20419,-0.44533277
20420,-0.454892
20421,-0.3974898
20422,-0.414509
20423,-0.45246318
20424,-0.49469334
20425,-0.508012
20426,-0.53542864
20427,-0.62762517
20428,0.51737225
20429,63.43122
20430,58.867737
20431,96.29773
20432,119.208435
20433,85.07719
20434,107.76256
20435,69.06415
20436,18.567156
20437,2.6115272
20438,64.7053
20439,154.0795
20440,166.13058
20441,8.345648
20442,38.528263
20443,8.864974
20444,8.461436
20445,14.4905405
20446,25.928759
20447,-0.562038
20448,98.871574
20449,95.09675
20450,-2.01741
20451,-0.745586
20452,47.59339
20453,24.548773
20454,-0.26164928
20455,15.092224
20456,22.55143
20457,-0.5517497
20458,-0.64908737
20459,-0.3776992
20460,-0.2977264
20461,-0.25507736
20462,-0.22810599
20463,-0.4355375
20464,-0.24717274
20465,-0.4047315
20466,-0.24202749
20467,-0.3442441
20468,-0.27458283
20469,-0.38088617
20470,-0.29901636
20471,-0.24258283
20472,-0.57010776
20473,-0.28416944
20474,-0.21978977
20475,-0.23010682
20476,-0.24866197
20477,-0.30510592
20478,8.60259
20479,22.945555
20480,-1.0436119
20481,-6.3322577
20482,-2.8351717
20483,-0.4973986
20484,-0.44447312
20485,-0.40412354
20486,-0.18036395
20487,-0.27963132
20488,-0.45324814
20489,-0.46794012
20490,-0.45232007
20491,-0.39659405
20492,-0.42994732
20493,-0.44572335
20494,-0.50634575
20495,-0.504617
20496,-0.50623584
20497,-0.60067385
20498,-0.703842
20499,-0.4885344
20500,-0.60154563
20501,-0.60218745
20502,-0.6099847
20503,-0.5696689
20504,-0.53006417
20505,-0.29424754
20506,50.582863
20507,44.587402
20508,8.135242
20509,32.29395
20510,41.12337
20511,38.006622
20512,26.298693
20513,49.071384
20514,51.596363
20515,65.47159
20516,65.19562
20517,44.168495
20518,31.850143
20519,38.454773
20520,38.977352
20521,23.912453
20522,35.311882
20523,47.462307
20524,69.17126
20525,57.808357
20526,61.119556
20527,54.407356
20528,69.71956
20529,84.24477
20530,100.228
20531,134.613
20532,175.56854
20533,238.50381
20534,262.3955
20535,250.54454
20536,270.11914
20537,292.96664
20538,326.05292
20539,380.38522
20540,380.6206
20541,375.9735
20542,414.35312
20543,424.65848
20544,395.8819
20545,385.941
20546,373.42245
20547,339.14285
20548,404.25705
20549,404.18466
20550,375.15152
20551,381.01996
20552,312.38416
20553,244.04541
20554,281.58878
20555,325.59894
20556,348.2334
20557,288.54123
20558,215.10825
20559,145.30386
20560,78.214966
20561,98.65787
20562,86.036285
20563,58.321613
20564,22.804737
20565,43.317516
20566,16.107063
20567,64.80344
20568,19.210432
20569,21.457493
20570,58.547165
20571,58.440826
20572,24.116535
20573,102.40949
20574,149.56456
20575,36.854942
20576,100.82021
20577,111.64316
20578,166.24046
20579,200.86252
20580,202.82712
20581,87.68476
20582,127.21941
20583,43.769688
20584,123.431465
20585,178.10077
20586,123.56685
20587,154.76553
20588,169.86905
20589,169.91023
20590,171.69934
20591,173.09032
20592,88.1293
20593,137.29509
20594,189.52078
20595,378.11612
20596,365.369
20597,326.19598
20598,360.57593
20599,282.92584
20600,351.6061
20601,287.4267
20602,505.45462
20603,507.30243
20604,657.52454
20605,642.2029
20606,854.2365
20607,628.16187
20608,411.1653
20609,454.79544
20610,649.0008
20611,445.76505
20612,479.26184
20613,348.26068
20614,375.06213
20615,298.33444
20616,359.1893
20617,450.50134
20618,434.391
20619,413.27432
20620,439.4539
20621,186.77914
20622,261.26706
20623,369.1786
20624,278.45905
20625,492.96857
20626,424.56485
20627,383.66733
20628,423.95718
20629,474.8764
20630,416.5451
20631,573.5237
20632,370.0422
20633,279.0466
20634,242.8521
20635,297.52515
20636,376.8645
20637,233.4657
20638,169.28772
20639,117.149185
20640,83.73838
20641,100.49699
20642,135.11145
20643,151.81851
20644,154.99908
20645,135.11563
20646,110.23634
20647,131.73544
20648,125.22363
20649,242.18835
20650,360.9613
20651,510.35565
20652,713.86255
20653,667.6111
20654,622.48694
20655,527.1178
20656,508.49905
20657,601.8389
20658,614.5141
20659,845.4813
20660,805.17554
20661,737.51
20662,677.4898
20663,625.38293
20664,638.4508
20665,642.1325
20666,479.75955
20667,309.5346
20668,232.52466
20669,181.99594
20670,142.71266
20671,134.0044
20672,126.891365
20673,129.42667
20674,153.51765
20675,129.11066
20676,118.2867
20677,172.1024
20678,140.55826
20679,86.62115
20680,31.07563
20681,11.396198
20682,-5.493675
20683,-5.4114127
20684,-6.7878103
20685,-5.307473
20686,-2.1172469
20687,-2.240287
20688,-2.2594485
20689,-2.2193875
20690,-2.3956952
20691,-2.3485417
20692,-2.0992322
20693,-2.1176283
20694,-1.9229318
20695,-1.6209877
20696,-1.3759707
20697,-0.60373265
20698,-0.45140758
20699,-0.31052083
20700,-0.28051063
20701,-0.3223387
20702,-0.34087062
20703,-0.3043508
20704,-0.30397412
20705,-0.3160479
20706,-0.3712024
20707,-0.46954983
20708,-0.2928295
20709,-0.3184346
20710,-0.32321802
20711,-0.3040484
20712,-0.3235506
20713,-0.40192717
20714,-0.33735618
20715,-0.41712782
20716,-0.4000071
20717,-0.4391116
20718,-0.36260286
20719,-0.31052497
20720,-0.5838503
20721,-0.8187425
20722,5.0205803
20723,-0.7181871
20724,-0.53414124
20725,-0.27116746
20726,-0.59758544
20727,-0.56038237
20728,-0.6999621
20729,42.848103
20730,-0.83503354
20731,-0.68034023
20732,-0.6222886
20733,-0.89328444
20734,-0.85040104
20735,-0.60682166
20736,-0.57675105
20737,-0.4335328
20738,-0.9898834
20739,21.7248
20740,2.3938608
20741,35.920948
20742,-0.44339696
20743,-0.91967493
20744,11.273621
20745,3.6384783
20746,1.2104437
20747,-0.81598735
20748,-0.58677435
20749,-0.5491763
20750,-0.9482756
20751,11.600507
20752,8.548371
20753,84.95283
20754,71.89366
20755,6.417739
20756,15.979076
20757,38.00813
20758,37.298607
20759,81.079025
20760,44.70936
20761,39.86922
20762,61.787758
20763,2.3044815
20764,109.10575
20765,149.7229
20766,95.09221
20767,134.67078
20768,115.86018
20769,125.018005
20770,129.72581
20771,116.15973
20772,77.599976
20773,159.98293
20774,146.57245
20775,118.07816
20776,96.473526
20777,51.070007
20778,80.7188
20779,83.25022
20780,131.469
20781,158.96294
20782,136.31093
20783,268.63895
20784,252.13026
20785,258.78046
20786,256.9402
20787,213.76138
20788,242.34492
20789,225.49918
20790,254.23889
20791,244.38617
20792,339.93015
20793,402.32233
20794,402.37018
20795,529.92706
20796,596.7793
20797,410.42822
20798,312.53574
20799,312.77844
20800,355.72705
20801,352.00034
20802,303.87012
20803,272.38614
20804,238.25708
20805,141.99887
20806,130.21194
20807,94.222496
20808,99.52585
20809,51.935932
20810,38.44921
20811,45.174435
20812,107.55305
20813,83.30749
20814,103.65945
20815,136.339
20816,190.31448
20817,201.32144
20818,312.33127
20819,473.04987
20820,391.6355
20821,214.67696
20822,187.70712
20823,163.7372
20824,185.40607
20825,203.95886
20826,291.96664
20827,412.44406
20828,441.7028
20829,359.89584
20830,248.13496
20831,277.53094
20832,293.19318
20833,280.60956
20834,249.05478
20835,304.53217
20836,313.23022
20837,327.8282
20838,264.17874
20839,249.3094
20840,230.70796
20841,183.16406
20842,159.4463
20843,139.02553
20844,129.53911
20845,119.26146
20846,70.893906
20847,125.34918
20848,137.07472
20849,83.70075
20850,69.471664
20851,49.74941
20852,27.35413
20853,67.7159
20854,124.47479
20855,102.34315
20856,63.12057
20857,91.15742
20858,101.78528
20859,49.997185
20860,72.12014
20861,32.803036
20862,62.482166
20863,71.78493
20864,67.835785
20865,163.58287
20866,130.82422
20867,217.20055
20868,169.03279
20869,184.94885
20870,184.13315
20871,210.21056
20872,268.1223
20873,280.9544
20874,276.49066
20875,220.00096
20876,275.33237
20877,316.22513
20878,282.4388
20879,448.57288
20880,316.47055
20881,297.8673
20882,388.1994
20883,275.9884
20884,286.06677
20885,184.75832
20886,223.8395
20887,291.82944
20888,218.10281
20889,365.43735
20890,361.46484
20891,223.32506
20892,404.7739
20893,324.6768
20894,453.17465
20895,369.78992
20896,509.76102
20897,257.97144
20898,359.96216
20899,486.48837
20900,631.4647
20901,355.6542
20902,535.07056
20903,713.05743
20904,518.2681
20905,629.58856
20906,454.3067
20907,523.2829
20908,536.6469
20909,417.9171
20910,326.12607
20911,489.68567
20912,584.1293
20913,278.6047
20914,675.25543
20915,385.39215
20916,564.50714
20917,446.70572
20918,503.3639
20919,693.9452
20920,721.37476
20921,754.09125
20922,741.212
20923,509.73447
20924,443.83734
20925,454.0247
20926,475.3979
20927,509.8127
20928,590.86865
20929,640.0443
20930,720.31647
20931,783.5289
20932,761.21356
20933,942.5223
20934,866.0155
20935,656.9658
20936,633.8975
20937,603.87836
20938,531.0502
20939,479.97275
20940,426.90588
20941,264.1757
20942,283.0083
20943,277.55853
20944,282.94287
20945,327.70703
20946,377.3612
20947,435.1374
20948,352.72845
20949,311.16022
20950,423.33618
20951,471.08282
20952,498.95828
20953,498.34515
20954,582.02545
20955,683.41925
20956,778.2208
20957,763.61505
20958,769.66174
20959,781.64545
20960,896.3847
20961,870.06134
20962,1065.5427
20963,790.45325
20964,1039.1952
20965,1088.9828
20966,1181.9338
20967,1096.6614
20968,955.5806
20969,858.2135
20970,682.6936
20971,650.5576
20972,644.6961
20973,702.9148
20974,881.0187
20975,745.86365
20976,524.5572
20977,434.85117
20978,448.32935
20979,476.67328
20980,602.62463
20981,452.47455
20982,340.29578
20983,529.10455
20984,775.64795
20985,756.1173
20986,781.59216
20987,495.0467
20988,435.9408
20989,437.9587
20990,451.58047
20991,423.6131
20992,600.68243
20993,652.104
20994,683.13995
20995,753.3736
20996,724.4425
20997,855.7844
20998,549.9008
20999,627.69867
21000,753.72455
21001,648.7582
21002,644.86176
21003,620.6134
21004,1106.7086
21005,1110.8486
21006,1026.9137
21007,982.8771
21008,932.54755
21009,876.884
21010,691.39825
21011,427.6202
21012,118.04478
21013,428.52713
21014,414.57193
21015,501.39417
21016,472.38605
21017,618.4016
21018,543.9192
21019,745.9194
21020,541.8286
21021,487.71323
21022,334.89795
21023,450.51886
21024,492.30206
21025,495.67117
21026,427.8948
21027,518.1915
21028,431.534
21029,276.85928
21030,351.9484
21031,406.4416
21032,455.94788
21033,429.26053
21034,277.8471
21035,527.5653
21036,377.05487
21037,379.5284
21038,260.67694
21039,365.3973
21040,368.5916
21041,503.76697
21042,484.6005
21043,251.0377
21044,414.23422
21045,305.04996
21046,225.33052
21047,206.63
21048,141.29025
21049,279.99692
21050,250.54462
21051,212.59334
21052,423.28604
21053,220.46725
21054,263.41077
21055,196.02983
21056,259.5506
21057,304.92682
21058,362.13898
21059,469.37595
21060,360.70984
21061,391.62152
21062,430.56067
21063,510.90994
21064,341.44138
21065,412.68158
21066,327.15918
21067,273.42957
21068,358.47446
21069,475.6505
21070,513.07477
21071,509.55725
21072,544.17944
21073,381.34598
21074,287.98233
21075,365.6867
21076,386.75748
21077,365.15384
21078,343.43546
21079,356.10623
21080,244.46016
21081,305.14536
21082,477.17252
21083,307.80145
21084,325.97232
21085,324.93262
21086,272.4473
21087,287.4953
21088,283.308
21089,249.65298
21090,279.4684
21091,233.7123
21092,304.7874
21093,296.59998
21094,233.91188
21095,150.76984
21096,136.76184
21097,123.281364
21098,106.05699
21099,89.840866
21100,53.4371
21101,70.74533
21102,96.63353
21103,140.96104
21104,104.22498
21105,146.12526
21106,197.32228
21107,213.15776
21108,267.67575
21109,264.50504
21110,244.27864
21111,288.31342
21112,293.4732
21113,230.09927
21114,171.92616
21115,197.67412
21116,230.23491
21117,206.74435
21118,255.68445
21119,297.07672
21120,217.15283
21121,206.82991
21122,178.14618
21123,206.75374
21124,169.09688
21125,155.61163
21126,118.934456
21127,114.867645
21128,141.54095
21129,129.77443
21130,146.28088
21131,159.01929
21132,136.6448
21133,178.754
21134,165.40779
21135,105.68272
21136,93.30435
21137,84.5031
21138,74.56634
21139,41.487545
21140,74.05275
21141,126.86983
21142,115.391464
21143,165.38635
21144,100.67729
21145,240.46886
21146,166.94563
21147,149.228
21148,140.69919
21149,170.32043
21150,108.56088
21151,126.087975
21152,93.42042
21153,77.81449
21154,95.858665
21155,53.089108
21156,32.037895
21157,-1.6206487
21158,-1.7033842
21159,34.88536
21160,23.348038
21161,31.510338
21162,11.389148
21163,4.789552
21164,78.41148
21165,75.85968
21166,101.767624
21167,75.95619
21168,59.58754
21169,65.24153
21170,90.987595
21171,61.202934
21172,48.583115
21173,3.1361709
21174,0.6322932
21175,8.476758
21176,113.240814
21177,10.554476
21178,3.2384777
21179,-2.8627384
21180,-2.1097069
21181,37.942444
21182,26.238033
21183,29.274221
21184,42.18403
21185,13.827742
21186,53.22827
21187,29.92175
21188,4.1359086
21189,4.6336255
21190,-2.3168688
21191,9.73101
21192,3.6251001
21193,59.79806
21194,57.06334
21195,82.13825
21196,114.961235
21197,158.90144
21198,249.79768
21199,608.932
21200,463.51468
21201,312.4572
21202,468.98206
21203,458.00208
21204,281.94574
21205,906.356
21206,771.7175
21207,348.1539
21208,76.60941
21209,-3.5316224
21210,353.27713
21211,673.09766
21212,182.5009
21213,-1.5522316
21214,-0.69009763
21215,-0.73272073
21216,-0.6954028
21217,5.321441
21218,82.65719
21219,121.97953
21220,191.23164
21221,206.36629
21222,192.14706
21223,161.90273
21224,122.14859
21225,113.83133
21226,103.5354
21227,113.88459
21228,118.31869
21229,133.92143
21230,138.39845
21231,155.9483
21232,135.90608
21233,188.92157
21234,264.7014
21235,224.35338
21236,189.4745
21237,166.96822
21238,192.83293
21239,159.31801
21240,116.65741
21241,228.1325
21242,256.4969
21243,242.38383
21244,198.48802
21245,167.36342
21246,176.30502
21247,218.04367
21248,248.934
21249,282.17307
21250,405.38535
21251,394.3802
21252,322.718
21253,362.82098
21254,336.5923
21255,484.68875
21256,340.19495
21257,326.13678
21258,173.98245
21259,107.16247
21260,77.41618
21261,82.98575
21262,70.28084
21263,68.24726
21264,21.97436
21265,32.07085
21266,33.711765
21267,13.218373
21268,46.658108
21269,15.157406
21270,36.36221
21271,86.97917
21272,21.36608
21273,-1.9151341
21274,-1.0729623
21275,49.474884
21276,77.53395
21277,56.98268
21278,14.421861
21279,-0.17630723
21280,55.25709
21281,31.717012
21282,75.11291
21283,86.95491
21284,80.753044
21285,84.070335
21286,125.314545
21287,132.62141
21288,173.65393
21289,97.61512
21290,94.83845
21291,92.27675
21292,55.94825
21293,115.76599
21294,72.614395
21295,125.128204
21296,147.93594
21297,129.06975
21298,139.6894
21299,128.77957
21300,55.025013
21301,8.035144
21302,58.877556
21303,100.5468
21304,144.87837
21305,67.703255
21306,45.851696
21307,44.001633
21308,15.421553
21309,-2.4405992
21310,52.695507
21311,4.2280884
21312,49.495457
21313,33.224003
21314,42.30126
21315,27.536572
21316,8.7861805
21317,77.50798
21318,46.34917
21319,87.39437
21320,85.92907
21321,101.28809
21322,92.07674
21323,65.570175
21324,46.531784
21325,24.065575
21326,12.802609
21327,25.276983
21328,16.7807
21329,-2.6351779
21330,13.56988
21331,48.871677
21332,39.820675
21333,73.86633
21334,110.81507
21335,122.95773
21336,120.77309
21337,160.4384
21338,125.29936
21339,162.34554
21340,151.43745
21341,108.79327
21342,76.57567
21343,64.40256
21344,91.41039
21345,106.49031
21346,155.33438
21347,196.23364
21348,147.879
21349,140.6487
21350,127.76205
21351,162.61841
21352,210.10149
21353,178.40813
21354,183.32555
21355,219.59805
21356,274.635
21357,337.11017
21358,425.5028
21359,546.03656
21360,647.1269
21361,630.9916
21362,796.88995
21363,830.64075
21364,701.6664
21365,685.8585
21366,568.2385
21367,569.5353
21368,725.49304
21369,827.3576
21370,804.4957
21371,845.7856
21372,1048.679
21373,1146.7537
21374,988.1444
21375,935.6696
21376,811.4878
21377,768.8266
21378,754.59784
21379,596.9438
21380,544.69604
21381,477.6844
21382,437.28845
21383,505.87775
21384,425.42566
21385,283.62097
21386,401.4125
21387,454.9042
21388,405.74017
21389,315.01993
21390,749.95404
21391,730.13983
21392,387.7483
21393,140.64513
21394,283.3905
21395,321.3937
21396,434.7307
21397,333.85492
21398,132.78592
21399,167.56908
21400,168.27808
21401,124.46014
21402,112.00243
21403,166.77034
21404,214.18422
21405,119.92276
21406,36.4472
21407,65.39182
21408,67.52991
21409,70.7168
21410,84.238556
21411,96.48708
21412,116.54047
21413,164.83952
21414,134.91966
21415,88.52859
21416,133.30568
21417,38.76643
21418,47.12801
21419,160.62521
21420,111.83687
21421,174.02446
21422,183.08466
21423,97.83543
21424,226.63068
21425,288.73245
21426,360.56293
21427,361.16644
21428,400.3674
21429,575.1383
21430,600.12775
21431,400.2609
21432,392.25693
21433,796.7698
21434,951.4531
21435,811.6632
21436,967.6475
21437,914.9833
21438,541.3892
21439,539.9001
21440,600.61743
21441,790.1228
21442,556.60315
21443,479.34396
21444,666.68036
21445,784.16504
21446,732.0769
21447,665.6466
21448,513.8335
21449,284.9513
21450,449.6145
21451,543.1587
21452,550.9393
21453,480.0279
21454,521.9087
21455,612.3776
21456,618.9856
21457,382.9237
21458,500.61057
21459,311.023
21460,319.9425
21461,344.29678
21462,251.82784
21463,199.9566
21464,154.2912
21465,127.285835
21466,92.604256
21467,138.87762
21468,59.01012
21469,219.13646
21470,292.70682
21471,370.1867
21472,334.92624
21473,225.2388
21474,281.74957
21475,335.29077
21476,211.47247
21477,178.8811
21478,331.35712
21479,466.84836
21480,538.6832
21481,445.76218
21482,336.84692
21483,335.15842
21484,391.75055
21485,422.92313
21486,505.50412
21487,451.34213
21488,405.36404
21489,245.80911
21490,213.75496
21491,164.35548
21492,180.12505
21493,300.72513
21494,405.28165
21495,383.07153
21496,363.31308
21497,353.9807
21498,379.52695
21499,464.94913
21500,483.66803
21501,527.156
21502,498.68576
21503,533.4028
21504,545.8602
21505,638.0463
21506,712.59546
21507,818.8699
21508,853.09283
21509,704.8931
21510,578.3242
21511,520.15717
21512,507.8288
21513,467.5561
21514,391.50375
21515,189.30986
21516,108.43349
21517,145.284
21518,118.995125
21519,97.19877
21520,141.50119
21521,309.91577
21522,351.85477
21523,241.40605
21524,155.88414
21525,208.54124
21526,232.06003
21527,234.9743
21528,446.3001
21529,473.70975
21530,412.52145
21531,302.969
21532,221.49365
21533,242.77283
21534,227.29149
21535,187.48825
21536,147.23862
21537,131.1633
21538,180.06549
21539,135.8551
21540,9.275754
21541,18.925919
21542,18.715303
21543,60.082855
21544,250.34161
21545,300.13968
21546,223.0398
21547,185.22124
21548,170.64244
21549,189.60754
21550,170.43285
21551,162.06009
21552,223.40633
21553,117.94834
21554,200.27507
21555,203.07985
21556,225.9928
21557,267.67844
21558,223.6606
21559,211.3449
21560,345.04025
21561,316.9823
21562,455.52475
21563,382.17276
21564,334.23145
21565,347.47507
21566,216.72668
21567,210.15529
21568,200.6205
21569,210.04724
21570,292.35742
21571,283.6333
21572,162.461
21573,438.43488
21574,367.95325
21575,250.49545
21576,145.28087
21577,180.52388
21578,225.77434
21579,239.38623
21580,185.49525
21581,320.40582
21582,386.875
21583,326.2243
21584,277.49643
21585,272.30698
21586,341.55984
21587,489.38678
21588,479.67908
21589,461.87787
21590,382.9337
21591,342.23508
21592,302.86542
21593,232.3182
21594,238.26297
21595,263.1184
21596,208.44434
21597,364.35315
21598,279.57312
21599,220.5775
21600,281.38818
21601,186.99905
21602,134.89372
21603,177.31529
21604,196.25441
21605,126.64939
21606,326.15952
21607,216.64899
21608,381.80072
21609,203.58583
21610,207.49855
21611,406.72778
21612,229.98506
21613,289.3499
21614,142.75029
21615,68.62425
21616,135.64716
21617,111.93684
21618,166.6917
21619,147.79622
21620,210.45041
21621,255.52382
21622,174.32747
21623,105.973564
21624,41.31478
21625,55.322704
21626,32.19068
21627,29.279484
21628,47.691433
21629,48.18
21630,78.88974
21631,132.35315
21632,108.26981
21633,165.57643
21634,207.56279
21635,211.42688
21636,235.5237
21637,228.0423
21638,176.30939
21639,199.45367
21640,353.86407
21641,377.20328
21642,307.74332
21643,315.90652
21644,281.0701
21645,274.26212
21646,385.44785
21647,325.1496
21648,290.38287
21649,330.19174
21650,305.59076
21651,369.73807
21652,448.66098
21653,368.18097
21654,335.45215
21655,272.3716
21656,276.25876
21657,295.88785
21658,442.07217
21659,488.70346
21660,403.3736
21661,322.08066
21662,318.55292
21663,315.6438
21664,288.55508
21665,216.60762
21666,180.80461
21667,147.46263
21668,149.78822
21669,167.59525
21670,221.20834
21671,214.51173
21672,202.25916
21673,250.14272
21674,159.98775
21675,87.46651
21676,62.680725
21677,60.676052
21678,93.28345
21679,121.89605
21680,133.89932
21681,152.22635
21682,144.56427
21683,103.663704
21684,48.168938
21685,40.668728
21686,25.376854
21687,34.292126
21688,-1.6690743
21689,-0.36072457
21690,-0.4151191
21691,-0.44236392
21692,-0.47948062
21693,-0.5328669
21694,-0.55007416
21695,-0.48956072
21696,-0.44829246
21697,-0.48952675
21698,-0.38535637
21699,-0.27907237
21700,-0.28356558
21701,-0.37468803
21702,-0.26950544
21703,-0.23448451
21704,-0.2623727
21705,-0.26560444
21706,-0.28722063
21707,-0.38921508
21708,-0.4650801
21709,-0.2837226
21710,-0.10855033
21711,-0.1638865
21712,-0.1580609
21713,-0.24400756
21714,-0.11442801
21715,-0.2721956
21716,-0.21057093
21717,-0.26002908
21718,-0.35245112
21719,-0.3603285
21720,-0.43216732
21721,-0.6755979
21722,20.115412
21723,-2.868369
21724,-0.6302723
21725,-0.65941477
21726,25.401697
21727,-0.6880257
21728,-0.63621175
21729,-0.3917717
21730,-0.63827246
21731,-0.47763145
21732,15.79507
21733,0.25609854
21734,-1.1052822
21735,30.119358
21736,66.03829
21737,2.8016365
21738,-0.80315524
21739,18.307255
21740,17.253336
21741,-0.70739424
21742,-0.437145
21743,-0.7450582
21744,69.925415
21745,163.82191
21746,76.999214
21747,143.64133
21748,118.875786
21749,90.20095
21750,66.09061
21751,11.210179
21752,64.13402
21753,28.660233
21754,53.08818
21755,38.450657
21756,57.34491
21757,97.814835
21758,67.93671
21759,76.133156
21760,87.9936
21761,53.20375
21762,39.82591
21763,20.98314
21764,48.884716
21765,63.42205
21766,81.993385
21767,58.17781
21768,17.191036
21769,45.777863
21770,104.26213
21771,117.42299
21772,115.24554
21773,135.43338
21774,170.46101
21775,152.694
21776,199.91956
21777,205.19843
21778,211.64888
21779,222.50674
21780,215.60445
21781,235.66289
21782,174.12387
21783,174.0997
21784,202.78535
21785,209.30182
21786,236.2324
21787,212.33298
21788,205.86272
21789,164.29317
21790,98.489456
21791,117.359215
21792,96.947716
21793,62.794125
21794,83.44773
21795,110.08104
21796,118.56699
21797,138.82211
21798,174.69823
21799,132.1393
21800,86.85777
21801,136.78905
21802,150.59288
21803,89.12809
21804,82.32853
21805,91.27038
21806,73.83738
21807,70.22342
21808,52.70789
21809,54.051575
21810,35.9659
21811,58.58436
21812,47.901993
21813,39.227913
21814,47.39587
21815,52.54449
21816,40.494915
21817,29.355871
21818,12.33742
21819,7.543712
21820,-1.775157
21821,15.609365
21822,14.464844
21823,13.475532
21824,15.853838
21825,13.47843
21826,14.922463
21827,10.243677
21828,-6.371815
21829,7.514758
21830,-8.346678
21831,-8.489841
21832,-9.026739
21833,-8.499365
21834,-5.297378
21835,-1.0060265
21836,-0.971563
21837,-0.6964743
21838,-0.41179067
21839,-0.29926804
21840,-0.27202076
21841,-0.2480624
21842,-0.28104448
21843,-0.27204132
21844,-0.27896658
21845,-0.2164656
21846,-0.21219908
21847,-0.20022723
21848,-0.19487101
21849,-0.19691701
21850,-0.20793417
21851,-0.27993825
21852,-0.2828453
21853,-0.30782464
21854,-0.32134554
21855,-0.30124208
21856,-0.26610705
21857,-0.30095205
21858,-0.29413262
21859,-0.28179005
21860,-0.2791296
21861,-0.29318795
21862,-0.27433863
21863,-0.35268825
21864,-0.32880074
21865,-0.35225552
21866,-0.33349943
21867,-0.37094823
21868,-0.3635765
21869,-0.45299667
21870,-0.5262173
21871,-0.5698557
21872,-0.71310997
21873,-0.71712285
21874,-0.6534232
21875,-0.7884631
21876,-0.6966918
21877,-0.6085358
21878,-0.34795514
21879,-0.651156
21880,-0.5667128
21881,-0.5356192
21882,-0.40212405
21883,-0.5432819
21884,-0.32679534
21885,-0.39405584
21886,-0.4167009
21887,-0.34578228
21888,-0.33014864
21889,-0.38641655
21890,-0.32065433
21891,-0.5090648
21892,-0.33953965
21893,-0.33021843
21894,-0.43949014
21895,-0.5639449
21896,-0.4487401
21897,-0.3024666
21898,-0.28871375
21899,-0.30020884
21900,-0.27273667
21901,-0.2798676
21902,-0.31764406
21903,-0.2793604
21904,-0.40574682
21905,-0.38346568
21906,-0.37869576
21907,-0.44594786
21908,-0.44594786
21909,-0.45221326
21910,-0.32873094
21911,-0.29065537
21912,-0.27570578
21913,-0.30517754
21914,-0.57007176
21915,-0.6878846
21916,-0.6286184
21917,-0.616344
21918,-0.71065223
21919,-0.61845726
21920,-0.5469477
21921,-0.6323706
21922,-0.94040316
21923,61.119057
21924,73.0538
21925,80.92467
21926,66.995285
21927,67.38529
21928,55.94293
21929,79.39171
21930,79.43813
21931,72.61359
21932,61.99705
21933,41.44464
21934,53.172516
21935,48.67421
21936,29.267517
21937,55.304966
21938,102.310394
21939,72.05904
21940,72.49777
21941,55.335445
21942,68.47826
21943,21.041428
21944,15.887414
21945,36.156044
21946,16.251818
21947,-2.2341053
21948,-0.45875204
21949,-0.40114594
21950,-0.59045863
21951,-0.65331596
21952,-0.5467671
21953,-0.5560619
21954,-0.5267898
21955,-0.5094828
21956,-0.65652376
21957,-0.6233518
21958,-0.50004536
21959,-0.52789503
21960,-0.51509935
21961,-0.5414507
21962,-0.5210742
21963,14.878266
21964,28.00823
21965,5.8515205
21966,9.854439
21967,59.410465
21968,40.7303
21969,26.51413
21970,34.663734
21971,-4.109569
21972,5.662219
21973,-6.1776743
21974,-3.60777
21975,-1.6063755
21976,-1.8346933
21977,-2.1302934
21978,-2.1567369
21979,-2.1585605
21980,-2.193874
21981,-2.292005
21982,-2.2376704
21983,-2.1491563
21984,-1.7534325
21985,-1.9947761
21986,-1.8583767
21987,-1.2329785
21988,-1.1606758
21989,1.3716803
21990,10.566944
21991,13.448223
21992,11.10823
21993,-0.89945567
21994,-0.5305196
21995,-1.1030327
21996,-1.0110302
21997,67.52141
21998,45.490456
21999,2.0388105
22000,-0.04998787
22001,40.44988
22002,18.496468
22003,46.384544
22004,-0.6685378
22005,118.37479
22006,248.20917
22007,335.11157
22008,350.9831
22009,184.70503
22010,192.35173
22011,16.085722
22012,3.1824229
22013,70.322075
22014,115.967514
22015,1.8785508
22016,-1.7252373
22017,0.8978671
22018,1.9205902
22019,1.2061114
22020,296.23904
22021,404.99634
22022,232.9061
22023,41.272945
22024,-2.8181996
22025,-0.08712944
22026,-0.30899915
22027,-0.70789325
22028,-0.5615887
22029,113.92526
22030,494.09238
22031,861.167
22032,804.6246
22033,673.7535
22034,468.99072
22035,242.88426
22036,66.47294
22037,-3.9057167
22038,-1.8393747
22039,-1.8090833
22040,-1.7948188
22041,-1.9999304
22042,-1.9492816
22043,-1.983381
22044,-2.102611
22045,-2.1078653
22046,-1.557822
22047,-1.1783504
22048,-0.8414591
22049,-0.7847614
22050,-0.727771
22051,-0.38777906
22052,32.585213
22053,31.987059
22054,194.36305
22055,243.35164
22056,140.07167
22057,111.31683
22058,142.32224
22059,53.228905
22060,5.6347675
22061,-2.367757
22062,-0.3504243
22063,-0.21737748
22064,-0.20854807
22065,-0.20512749
22066,-0.18281168
22067,-0.18528727
22068,-0.20261665
22069,-0.36703
22070,-0.43530676
22071,-0.48840728
22072,-0.4533732
22073,-0.4860117
22074,-0.5382519
22075,-0.58664477
22076,-0.48221716
22077,-0.5007921
22078,-0.5689204
22079,-0.59910107
22080,-0.5911698
22081,-0.6155968
22082,-0.5929855
22083,-0.6058255
22084,-0.6411242
22085,90.650314
22086,107.88862
22087,95.89112
22088,45.72724
22089,8.92545
22090,-0.24862494
22091,-0.30103678
22092,-0.48343605
22093,-0.23216236
22094,-0.20810404
22095,-0.25136393
22096,-0.24554347
22097,-0.20471479
22098,-0.24001008
22099,-0.22157796
22100,-0.46940577
22101,66.887436
22102,84.51971
22103,50.48864
22104,54.50132
22105,71.46988
22106,90.3086
22107,147.12453
22108,140.82124
22109,128.28848
22110,85.21926
22111,90.29741
22112,107.121346
22113,209.13882
22114,222.29459
22115,96.80866
22116,85.00466
22117,133.21335
22118,44.2615
22119,36.637146
22120,23.405396
22121,1.6476372
22122,-0.45889634
22123,-0.50734675
22124,-0.49324793
22125,-0.4779744
22126,-0.5046001
22127,-0.41169086
22128,-0.47132948
22129,-0.45894668
22130,-0.46336016
22131,-0.3932809
22132,-0.4489561
22133,-0.5738464
22134,36.020164
22135,93.88518
22136,63.466576
22137,29.754055
22138,13.523294
22139,-0.43352622
22140,-0.40508175
22141,-0.2606008
22142,-0.30854625
22143,-0.34524113
22144,7.844325
22145,26.485737
22146,49.492477
22147,64.635704
22148,77.49033
22149,74.41158
22150,186.67601
22151,158.26395
22152,154.81392
22153,96.84905
22154,68.881615
22155,101.75339
22156,169.54669
22157,161.17924
22158,193.19475
22159,59.112404
22160,104.380356
22161,90.77425
22162,145.34242
22163,81.07795
22164,70.57715
22165,82.669785
22166,127.37655
22167,250.08925
22168,259.3716
22169,247.8198
22170,272.60782
22171,47.450115
22172,99.38866
22173,123.19845
22174,103.57973
22175,69.01423
22176,93.127884
22177,32.088535
22178,16.592636
22179,43.68877
22180,20.112484
22181,132.53963
22182,196.67024
22183,89.55559
22184,28.973598
22185,48.856342
22186,119.08541
22187,94.449745
22188,110.86399
22189,89.246544
22190,49.506107
22191,49.23858
22192,45.364735
22193,26.498518
22194,-2.9013083
22195,-2.1315243
22196,-2.4965603
22197,3.835033
22198,20.251738
22199,1.6318098
22200,15.268754
22201,10.110817
22202,-1.0610596
22203,-1.523698
22204,83.454956
22205,187.58542
22206,222.19829
22207,249.681
22208,557.6605
22209,539.3907
22210,369.48126
22211,165.23734
22212,62.586563
22213,145.77937
22214,281.51587
22215,340.43747
22216,436.11877
22217,885.9129
22218,772.4679
22219,530.2126
22220,379.8081
22221,456.51294
22222,557.36273
22223,371.78793
22224,269.68958
22225,306.89728
22226,513.6162
22227,747.8501
22228,1039.5978
22229,781.31213
22230,677.23267
22231,458.64105
22232,587.3885
22233,498.03622
22234,728.81744
22235,570.47614
22236,1424.3181
22237,1103.6403
22238,1025.3055
22239,931.54895
22240,399.35358
22241,608.7301
22242,1124.0746
22243,1054.8219
22244,844.4776
22245,666.8273
22246,841.89813
22247,709.5059
22248,576.6179
22249,705.18756
22250,841.3988
22251,801.5927
22252,965.9706
22253,1071.496
22254,1080.607
22255,1029.8458
22256,830.7112
22257,831.6491
22258,553.2838
22259,671.4615
22260,718.33246
22261,613.30334
22262,693.7359
22263,624.24023
22264,665.1094
22265,463.13788
22266,573.89435
22267,381.5739
22268,698.7487
22269,577.7094
22270,519.9022
22271,552.22144
22272,908.4097
22273,548.15063
22274,465.9396
22275,691.3549
22276,584.86127
22277,354.93524
22278,355.30048
22279,418.1617
22280,274.76746
22281,458.73553
22282,304.49985
22283,252.06613
22284,93.411446
22285,86.571594
22286,90.15082
22287,149.93701
22288,160.84998
22289,208.34462
22290,158.60738
22291,104.49758
22292,97.7427
22293,183.42264
22294,121.31596
22295,74.29782
22296,144.81393
22297,258.6018
22298,223.12093
22299,141.30719
22300,146.19774
22301,136.21262
22302,188.1985
22303,218.67575
22304,255.30186
22305,43.771515
22306,131.467
22307,130.43439
22308,123.84077
22309,19.855068
22310,126.23912
22311,52.890053
22312,25.521063
22313,35.109035
22314,36.189518
22315,59.276077
22316,7.876405
22317,21.27489
22318,54.68255
22319,39.540173
22320,70.13139
22321,137.1193
22322,11.459353
22323,27.099205
22324,70.80809
22325,2.6874418
22326,-0.5318969
22327,-0.46566847
22328,-0.49998972
22329,-0.4430242
22330,-0.53242207
22331,-0.4649387
22332,-0.34913656
22333,-0.18919918
22334,20.311369
22335,30.37754
22336,27.104595
22337,-2.1800025
22338,-0.45714757
22339,-0.612254
22340,-0.51239765
22341,-0.5078616
22342,-0.45052874
22343,-0.4412813
22344,-0.5294344
22345,-0.63788396
22346,-0.38424614
22347,-0.43573558
22348,-0.47396326
22349,-0.41436964
22350,-0.3853136
22351,-0.3465065
22352,-0.46253312
22353,-0.69682854
22354,-0.64815086
22355,-0.46987712
22356,-0.46290815
22357,-0.52256376
22358,-0.504313
22359,-0.5377908
22360,-0.5368587
22361,-0.49295273
22362,-0.57629913
22363,-0.46502653
22364,-0.5663184
22365,-0.5077824
22366,-0.5630332
22367,-0.5909911
22368,-0.626113
22369,-0.65560484
22370,-0.648189
22371,-0.6500291
22372,-0.59736204
22373,-0.6712024
22374,38.529957
22375,111.48753
22376,118.349846
22377,92.69424
22378,3.437499
22379,3.0994508
22380,19.198128
22381,20.423685
22382,40.723076
22383,-0.33907038
22384,-3.4561365
22385,-0.51830333
22386,-0.522499
22387,-0.535988
22388,-0.5340524
22389,-0.53306836
22390,-0.5176247
22391,-0.48098883
22392,-0.28182456
22393,-0.23962238
22394,-0.27224734
22395,-0.30416727
22396,-0.29389182
22397,-0.48731747
22398,-0.6394208
22399,-0.49667594
22400,-0.219599
22401,-0.1655237
22402,-0.17842753
22403,-0.19775677
22404,-0.17679098
22405,-0.18890244
22406,-0.19909789
22407,-0.19909789
22408,-0.20224671
22409,-0.17910764
22410,-0.190131
22411,-0.20329666
22412,-0.20760664
22413,-0.2064579
22414,-0.2006844
22415,-0.20935126
22416,-0.21687196
22417,-0.2126395
22418,-0.21390633
22419,-0.21390633
22420,-0.24753697
22421,-0.28394893
22422,-0.29355714
22423,-0.28249922
22424,-0.28604442
22425,-0.25530148
22426,-0.27045485
22427,-0.28302318
22428,-0.28764468
22429,-0.31340906
22430,-0.31421357
22431,-0.27028203
22432,-0.25646153
22433,-0.24110404
22434,-0.2706949
22435,-0.21127675
22436,-0.2020039
22437,-0.20925342
22438,-0.23578562
22439,-0.34187698
22440,-0.3986165
22441,-0.41552353
22442,-0.7319127
22443,2.580961
22444,30.499865
22445,-1.8799353
22446,-0.48160207
22447,-0.7260958
22448,-0.48644203
22449,-0.65442747
22450,-0.52315366
22451,-0.33527687
22452,-0.7400688
22453,-0.45828447
22454,-0.60998136
22455,3.3924913
22456,-0.35756084
22457,-0.45857823
22458,-0.5087754
22459,-0.37565482
22460,8.556594
22461,-2.4505987
22462,-1.0743555
22463,59.23374
22464,-0.84830606
22465,34.954353
22466,-2.1359413
22467,-0.72798413
22468,-0.56739104
22469,-0.6367687
22470,-0.56762034
22471,19.419613
22472,-3.87144
22473,-0.53002757
22474,-1.0465764
22475,54.534702
22476,38.57935
22477,37.020035
22478,1.2697915
22479,-0.5316714
22480,-0.7437238
22481,-0.5243372
22482,-0.57824475
22483,-0.51468146
22484,-0.5200869
22485,-0.3777995
22486,-0.27326524
22487,-0.1876429
22488,24.98708
22489,101.98568
22490,105.96409
22491,127.90573
22492,176.88808
22493,230.54494
22494,246.75053
22495,277.71277
22496,299.03198
22497,303.9662
22498,473.61047
22499,643.207
22500,793.9915
22501,660.0269
22502,522.9682
22503,560.7267
22504,674.80005
22505,607.89404
22506,671.6083
22507,709.2741
22508,694.70734
22509,552.16205
22510,571.4999
22511,610.77905
22512,705.47754
22513,584.1456
22514,637.7381
22515,619.3906
22516,666.2188
22517,717.47345
22518,971.71655
22519,897.84076
22520,720.9922
22521,656.68555
22522,642.76794
22523,632.6178
22524,754.0483
22525,721.83057
22526,679.32477
22527,642.01624
22528,675.3192
22529,664.45337
22530,639.03955
22531,636.3163
22532,648.8811
22533,598.1364
22534,625.79736
22535,792.83307
22536,1141.2123
22537,1062.2213
22538,1235.2283
22539,957.1107
22540,1206.9777
22541,1351.4718
22542,979.11707
22543,829.4726
22544,771.4676
22545,816.3788
22546,841.4023
22547,1133.6577
22548,1035.445
22549,851.5424
22550,925.1203
22551,1058.1633
22552,1048.6288
22553,1113.6178
22554,1287.1769
22555,1400.2151
22556,969.66095
22557,913.55365
22558,1102.3765
22559,1658.0422
22560,855.632
22561,1135.006
22562,1295.2648
22563,921.16956
22564,1187.332
22565,1508.374
22566,1739.591
22567,1724.9562
22568,2006.5818
22569,1547.748
22570,1812.2224
22571,1710.6917
22572,1698.6609
22573,1716.4781
22574,1280.1627
22575,1517.6117
22576,1216.0217
22577,916.5734
22578,1444.7532
22579,1464.4042
22580,1410.864
22581,1465.7188
22582,1461.7427
22583,932.7943
22584,1301.8671
22585,1418.0728
22586,1711.9867
22587,1474.8677
22588,1760.8685
22589,1878.2825
22590,1814.6945
22591,1764.6277
22592,1817.7982
22593,1530.6036
22594,1467.9866
22595,1771.7518
22596,1683.0607
22597,1493.0199
22598,1668.9738
22599,1913.0579
22600,1950.9388
22601,1947.7274
22602,1555.1768
22603,1350.3186
22604,1484.8384
22605,1517.0742
22606,1927.1221
22607,1033.9133
22608,569.76025
22609,410.02438
22610,444.66437
22611,584.61346
22612,926.4922
22613,991.1234
22614,527.9654
22615,689.43146
22616,301.49487
22617,148.7013
22618,237.3458
22619,388.6165
22620,529.91547
22621,580.8513
22622,602.8353
22623,588.58386
22624,612.59674
22625,536.878
22626,619.3081
22627,661.6243
22628,722.0699
22629,766.71136
22630,1051.1764
22631,902.3986
22632,495.30783
22633,368.80133
22634,329.7249
22635,250.76268
22636,98.474846
22637,125.2099
22638,154.8191
22639,54.13679
22640,34.71519
22641,0.5817311
22642,-0.122202374
22643,14.574575
22644,152.03008
22645,296.79575
22646,319.24295
22647,479.78482
22648,572.31696
22649,618.39465
22650,677.5419
22651,876.1249
22652,1102.9845
22653,1005.7825
22654,1169.4255
22655,1212.6766
22656,1338.5386
22657,1289.5946
22658,1119.2922
22659,1169.8269
22660,1225.2816
22661,1049.2667
22662,1000.50055
22663,1150.347
22664,1108.0994
22665,1063.2874
22666,1166.113
22667,1132.8284
22668,933.39795
22669,910.0107
22670,833.6728
22671,804.43787
22672,743.4146
22673,745.8464
22674,637.2505
22675,676.3334
22676,746.77356
22677,612.54
22678,607.5339
22679,512.4059
22680,654.083
22681,570.67706
22682,620.58295
22683,698.8553
22684,563.76245
22685,786.496
22686,786.85504
22687,916.7994
22688,656.1374
22689,567.90674
22690,584.0805
22691,689.5488
22692,638.65326
22693,529.3534
22694,380.96576
22695,467.07907
22696,736.37115
22697,839.0079
22698,658.3576
22699,1124.868
22700,922.57605
22701,575.7058
22702,927.59424
22703,927.6897
22704,1210.3596
22705,1082.212
22706,1361.8818
22707,1397.51
22708,1158.3619
22709,1282.7992
22710,1352.4396
22711,1171.4454
22712,1153.2075
22713,1390.7809
22714,854.3802
22715,891.4761
22716,1327.1191
22717,1485.6243
22718,901.8898
22719,1113.5211
22720,1795.7887
22721,1333.5002
22722,1201.8044
22723,1326.5063
22724,1677.1836
22725,1236.3843
22726,1729.2324
22727,1205.1896
22728,606.9224
22729,1010.9205
22730,1056.4967
22731,1260.7067
22732,1281.8694
22733,747.5161
22734,1065.1183
22735,1077.19
22736,548.7576
22737,480.259
22738,442.91434
22739,489.63666
22740,871.9836
22741,537.8371
22742,965.2228
22743,649.12366
22744,973.4899
22745,790.11505
22746,821.256
22747,564.59814
22748,1035.6289
22749,1010.61334
22750,1036.3318
22751,464.94843
22752,345.82053
22753,409.28055
22754,319.7009
22755,491.8197
22756,274.28583
22757,636.53796
22758,378.4775
22759,250.67432
22760,472.7926
22761,520.15045
22762,417.13382
22763,354.44485
22764,328.95996
22765,349.4339
22766,326.99228
22767,344.30005
22768,362.49866
22769,215.6988
22770,179.83154
22771,164.35976
22772,207.02576
22773,222.71414
22774,208.82066
22775,203.61256
22776,144.94409
22777,89.230354
22778,56.30584
22779,72.88118
22780,58.003788
22781,76.70526
22782,162.2027
22783,199.21658
22784,186.62617
22785,183.2194
22786,212.14017
22787,273.11874
22788,220.72609
22789,273.72202
22790,333.40823
22791,316.44217
22792,315.22623
22793,277.15497
22794,236.32463
22795,202.6833
22796,222.41588
22797,222.13167
22798,297.16922
22799,284.1589
22800,246.64107
22801,190.25175
22802,258.6646
22803,292.43445
22804,210.8331
22805,224.46297
22806,231.05072
22807,198.7197
22808,232.03226
22809,243.32903
22810,215.34155
22811,265.11
22812,262.27335
22813,249.83434
22814,283.87912
22815,302.1288
22816,311.1798
22817,293.44067
22818,262.85046
22819,218.87274
22820,137.88773
22821,59.034847
22822,11.936821
22823,156.25911
22824,132.38435
22825,154.36473
22826,136.64822
22827,108.385506
22828,139.59041
22829,222.3572
22830,129.79463
22831,146.46646
22832,174.89568
22833,198.30612
22834,196.76517
22835,203.53319
22836,225.66798
22837,114.82566
22838,142.76402
22839,58.231743
22840,136.42926
22841,102.32385
22842,112.32053
22843,139.37709
22844,139.27731
22845,111.95246
22846,180.68002
22847,169.95082
22848,106.10566
22849,34.15641
22850,-1.9379531
22851,-0.25401488
22852,0.36359906
22853,6.3034325
22854,109.87096
22855,165.07489
22856,131.569
22857,242.1799
22858,148.60199
22859,205.91545
22860,91.99668
22861,283.67325
22862,234.03172
22863,217.99153
22864,164.20926
22865,97.24888
22866,134.08955
22867,171.00331
22868,170.02077
22869,184.71547
22870,223.67596
22871,170.83952
22872,140.79393
22873,155.9799
22874,104.83467
22875,165.07408
22876,225.97993
22877,127.33483
22878,114.895065
22879,92.75998
22880,165.57272
22881,167.90462
22882,101.05272
22883,102.933975
22884,99.780815
22885,81.10044
22886,125.06602
22887,191.12108
22888,179.96216
22889,152.78305
22890,155.39865
22891,105.50522
22892,105.88419
22893,155.56859
22894,200.38142
22895,288.60483
22896,212.87093
22897,134.518
22898,266.79398
22899,308.19437
22900,244.19319
22901,258.33145
22902,272.98672
22903,387.4312
22904,449.45938
22905,344.8532
22906,203.56921
22907,331.95966
22908,438.6775
22909,468.75385
22910,554.1153
22911,706.7369
22912,1021.7686
22913,846.78265
22914,675.80835
22915,617.8309
22916,748.2712
22917,469.4782
22918,407.53946
22919,677.3009
22920,832.4861
22921,771.5478
22922,753.7861
22923,864.92206
22924,1092.4879
22925,1139.916
22926,1102.6171
22927,1111.7615
22928,1096.4032
22929,727.9334
22930,687.7018
22931,654.1486
22932,751.48486
22933,671.3698
22934,1039.8132
22935,974.5775
22936,918.45013
22937,807.39264
22938,1180.4523
22939,1421.9779
22940,1262.1403
22941,1027.2902
22942,818.46454
22943,511.27625
22944,289.79858
22945,230.05598
22946,14.480159
22947,28.937153
22948,31.130674
22949,113.28156
22950,229.68675
22951,264.95935
22952,327.96826
22953,383.95465
22954,96.7622
22955,206.2469
22956,121.66204
22957,84.63194
22958,105.4305
22959,244.87589
22960,247.14534
22961,196.4094
22962,192.86302
22963,175.60844
22964,226.17064
22965,614.85724
22966,463.0453
22967,352.48495
22968,530.5804
22969,387.69394
22970,475.39368
22971,509.28296
22972,252.4246
22973,220.9097
22974,108.49885
22975,34.893517
22976,211.49829
22977,123.92954
22978,41.48337
22979,67.00122
22980,44.454357
22981,6.4025283
22982,-2.3442664
22983,4.6937027
22984,78.547386
22985,166.72455
22986,362.81174
22987,364.5258
22988,361.90903
22989,226.75496
22990,1002.5337
22991,660.2789
22992,423.49152
22993,281.1751
22994,343.85733
22995,509.05142
22996,514.5272
22997,689.5776
22998,752.4391
22999,854.09424
23000,970.10297
23001,597.8154
23002,669.61475
23003,799.7119
23004,926.5701
23005,951.0606
23006,1182.7267
23007,1014.1402
23008,1075.3698
23009,1394.8275
23010,1030.6824
23011,1218.745
23012,760.89764
23013,652.71936
23014,680.819
23015,1092.7936
23016,1049.1344
23017,598.39044
23018,340.07184
23019,401.78366
23020,385.80557
23021,254.02322
23022,366.00137
23023,398.69638
23024,478.9042
23025,423.73306
23026,435.8807
23027,348.90717
23028,265.96426
23029,348.3278
23030,363.4033
23031,448.4537
23032,454.48865
23033,429.9238
23034,179.39339
23035,50.126328
23036,8.863327
23037,-0.922891
23038,33.02745
23039,35.32941
23040,6.4019747
23041,-3.213826
23042,-5.1743135
23043,-2.9741046
23044,-0.43346307
23045,-0.43004477
23046,-0.40748042
23047,-0.3821237
23048,-0.36873594
23049,-0.33603308
23050,-0.48190224
23051,-0.30647245
23052,-0.30597642
23053,-0.26724273
23054,-0.27348244
23055,-0.21382894
23056,-0.1766211
23057,-0.19261421
23058,-0.3263388
23059,-0.34989178
23060,-0.28343076
23061,-0.28416204
23062,-0.27215183
23063,-0.30368835
23064,-0.2817785
23065,-0.2667276
23066,-0.5415077
23067,-0.7154411
23068,-0.8322276
23069,-0.563272
23070,-0.24175464
23071,-0.5464189
23072,-0.5217119
23073,-0.27851623
23074,-0.27990434
23075,-0.2703502
23076,-0.4704501
23077,-0.26569128
23078,-0.40444958
23079,-0.20578729
23080,-0.20812003
23081,32.48328
23082,92.059845
23083,-0.2273977
23084,-0.2273977
23085,-0.22662066
23086,80.499016
23087,69.548
23088,-0.37709033
23089,92.91265
23090,-0.3776424
23091,73.69756
23092,-0.5894175
23093,-0.66830564
23094,-0.6584763
23095,-1.2804496
23096,8.4057255
23097,102.03484
23098,-2.095083
23099,-2.2703605
23100,-1.6770706
23101,-1.0601215
23102,-0.5446361
23103,-0.8346068
23104,-0.5017737
23105,-0.4790533
23106,-0.51580954
23107,-0.630657
23108,-0.40207922
23109,-0.35600245
23110,-0.35862944
23111,-0.3977981
23112,-0.6402583
23113,-0.3786132
23114,-0.42305964
23115,-0.39253035
23116,-0.71042216
23117,-0.41983473
23118,-0.47732615
23119,-0.4118035
23120,-0.6564085
23121,-0.6077386
23122,-0.4360457
23123,-0.42149478
23124,-0.4642631
23125,-0.6724948
23126,-0.7859463
23127,8.467934
23128,102.04179
23129,102.06799
23130,102.03328
23131,118.64693
23132,108.60159
23133,134.169
23134,129.5374
23135,127.437256
23136,165.3511
23137,189.08772
23138,141.25543
23139,134.17017
23140,15.40795
23141,-0.20212711
23142,127.64271
23143,144.13849
23144,153.61755
23145,141.43365
23146,116.30278
23147,90.76563
23148,78.94952
23149,71.94912
23150,36.166744
23151,44.75645
23152,48.810917
23153,32.839058
23154,36.50408
23155,35.5408
23156,22.067146
23157,5.500104
23158,-7.606015
23159,-3.7145114
23160,-0.6057926
23161,-0.6177959
23162,-0.6068619
23163,-0.60661477
23164,-0.5002744
23165,-0.3229553
23166,-0.33148122
23167,-0.30128115
23168,-0.2664755
23169,-0.2607184
23170,-0.2635967
23171,-0.23074466
23172,-0.23507424
23173,-0.23529194
23174,-0.23111145
23175,-0.23040262
23176,-0.24837339
23177,-0.24603464
23178,-0.24540928
23179,-0.24000788
23180,-0.2632891
23181,-0.2903653
23182,-0.23574682
23183,-0.26410648
23184,-0.31525654
23185,-0.25428045
23186,-0.258002
23187,-0.2652882
23188,-0.26119262
23189,-0.25872406
23190,-0.31065917
23191,-0.5311504
23192,-0.27340776
23193,-0.30592576
23194,-0.5205954
23195,-0.6943245
23196,-0.6451459
23197,-0.5321071
23198,-0.6748518
23199,-0.6482859
23200,-0.616733
23201,-0.4317518
23202,-0.58152163
23203,-0.90031034
23204,-0.72645885
23205,30.879889
23206,82.707535
23207,21.498125
23208,8.88101
23209,-0.8176638
23210,41.517048
23211,80.6989
23212,45.31686
23213,91.821884
23214,168.80704
23215,106.124504
23216,114.06377
23217,64.80466
23218,119.23534
23219,126.582146
23220,83.21401
23221,27.737986
23222,59.16728
23223,169.45865
23224,133.61874
23225,189.18245
23226,122.2309
23227,120.157776
23228,53.015064
23229,224.46309
23230,260.9519
23231,248.39853
23232,140.86996
23233,96.78773
23234,120.145874
23235,170.02943
23236,171.98149
23237,211.69461
23238,163.28238
23239,59.024986
23240,45.38982
23241,53.52926
23242,89.929306
23243,129.13359
23244,189.0228
23245,304.66254
23246,292.51556
23247,227.96735
23248,176.37965
23249,150.08173
23250,174.42157
23251,188.79411
23252,340.02277
23253,562.10266
23254,634.74054
23255,601.06494
23256,547.0022
23257,468.05914
23258,594.4095
23259,595.52637
23260,610.895
23261,663.09985
23262,715.6433
23263,675.15173
23264,420.82108
23265,403.54794
23266,526.45966
23267,603.7966
23268,798.1242
23269,979.774
23270,1120.0846
23271,1008.2043
23272,801.7269
23273,591.7536
23274,559.0559
23275,452.66367
23276,503.69864
23277,414.78247
23278,448.2195
23279,495.69055
23280,446.61887
23281,540.541
23282,477.80447
23283,541.7073
23284,565.18384
23285,651.50275
23286,570.4983
23287,541.9597
23288,387.5812
23289,333.17477
23290,200.7262
23291,206.56583
23292,128.74661
23293,232.71582
23294,346.89386
23295,294.00766
23296,279.25497
23297,297.36176
23298,323.3961
23299,288.7641
23300,372.23624
23301,426.94745
23302,253.49556
23303,299.62848
23304,321.25443
23305,247.32411
23306,286.88882
23307,258.2881
23308,237.55084
23309,136.03935
23310,126.07568
23311,315.6408
23312,198.09329
23313,102.14522
23314,327.2744
23315,352.05212
23316,291.70377
23317,219.89214
23318,146.07632
23319,1.1559956
23320,-0.7801844
23321,-1.1125004
23322,3.3893504
23323,-1.1194321
23324,-1.3951639
23325,-1.4895673
23326,-1.5537426
23327,-1.5737604
23328,0.49063167
23329,-2.6516545
23330,0.0026522572
23331,0.36237952
23332,-1.7577263
23333,-1.3135227
23334,-2.0433118
23335,-2.0639524
23336,1.0625547
23337,-1.8241078
23338,-1.8210467
23339,-1.5372012
23340,-1.4581848
23341,2.2290194
23342,-1.7695944
23343,-1.4459133
23344,-1.607775
23345,1.1276497
23346,-0.31469366
23347,-0.119894475
23348,-0.5788493
23349,-0.54661834
23350,-0.6162143
23351,0.3625393
23352,1.2647977
23353,-0.4295763
23354,0.7437226
23355,0.10273704
23356,0.6477754
23357,1.3389184
23358,-0.9864809
23359,1.2276157
23360,1.0708988
23361,-0.33066925
23362,-0.6317385
23363,0.39515713
23364,0.008662133
23365,-1.0443861
23366,0.16887999
23367,0.6164592
23368,-0.36573285
23369,-1.6786351
23370,-1.6392634
23371,-2.4761724
23372,-2.302282
23373,-2.5142014
23374,-2.032834
23375,-2.098146
23376,1.0318042
23377,1.0392286
23378,-1.7486172
23379,-0.49304765
23380,0.44628662
23381,-1.3683717
23382,-0.7558573
23383,-1.6217642
23384,-2.0175552
23385,0.542191
23386,-1.2320819
23387,-2.550253
23388,-1.5715684
23389,-1.7851824
23390,-2.3725574
23391,-0.7023727
23392,-1.3232145
23393,1.3271284
23394,-1.7797208
23395,-0.53247064
23396,-1.2015972
23397,-0.65846634
23398,-0.95594335
23399,-1.3315063
23400,-0.76897776
23401,-0.9179833
23402,-0.7338178
23403,-0.7299963
23404,-0.670174
23405,-0.449253
23406,-0.50783014
23407,-0.5302178
23408,-0.9382679
23409,-0.49273217
23410,-1.321991
23411,-0.9733156
23412,-1.1888636
23413,-1.3246781
23414,-1.3217833
23415,-1.2293317
23416,-1.1875594
23417,-1.2175634
23418,-0.9558826
23419,-0.67294455
23420,-0.6517958
23421,-0.73453563
23422,-1.0337296
23423,-0.91793555
23424,-0.8774919
23425,-0.89081925
23426,-1.0787294
23427,-1.1700974
23428,-1.1768367
23429,-0.94470704
23430,-1.0111908
23431,-1.4047717
23432,-1.1480443
23433,-1.422666
23434,-1.4593549
23435,-1.0156012
23436,-1.4153569
23437,-1.7636383
23438,-1.5668842
23439,-1.3419214
23440,-0.8852751
23441,-2.9231126
23442,-4.5228133
23443,-5.244887
23444,-3.9911878
23445,-0.29705006
23446,-2.418535
23447,-0.8199609
23448,-6.346919
23449,-7.742937
23450,-5.051764
23451,-5.579589
23452,-5.459211
23453,-1.7892427
23454,-3.7480373
23455,-4.8328576
23456,-4.92834
23457,-2.617635
23458,-4.915782
23459,-3.9793384
23460,-4.5855784
23461,-4.3862815
23462,-6.2515364
23463,-3.062174
23464,-2.5793955
23465,-1.8797003
23466,-0.35783535
23467,-0.5024541
23468,0.99269813
23469,-3.0201929
23470,-1.2426188
23471,0.6834041
23472,-0.11175398
23473,0.31361997
23474,-0.9825387
23475,-0.8480387
23476,-2.8255615
23477,0.20789352
23478,-1.0701419
23479,-0.89428145
23480,9.205662
23481,-0.58891183
23482,-2.0556643
23483,2.6819293
23484,-1.5217935
23485,-1.1773177
23486,-0.8350712
23487,-0.78071105
23488,-0.9962992
23489,-0.8409096
23490,-1.259832
23491,-0.36403626
23492,-0.86164635
23493,-1.1815012
23494,-0.8491382
23495,-1.2807521
23496,-2.5949707
23497,0.24383527
23498,0.78542596
23499,3.2678351
23500,0.19814526
23501,1.7600915
23502,-0.6870039
23503,-0.16815342
23504,0.44970587
23505,-1.0320525
23506,-2.6842682
23507,-1.361403
23508,0.9352074
23509,-1.2893957
23510,-0.27892232
23511,-0.24019946
23512,1.1338631
23513,1.480275
23514,-0.57492995
23515,-1.0367744
23516,-1.3496926
23517,-2.273238
23518,-2.6181316
23519,-1.9697733
23520,1.6744164
23521,-1.8706937
23522,2.998348
23523,-1.1356804
23524,-0.74666256
23525,-1.0976242
23526,-1.7697862
23527,0.306685
23528,0.41731355
23529,0.6308058
23530,0.8482237
23531,0.2076513
23532,1.3241178
23533,1.5893589
23534,-1.4523052
23535,-0.17308137
23536,-2.1470945
23537,-2.4111004
23538,-1.441949
23539,-2.202265
23540,-2.7369254
23541,-2.9568994
23542,-2.7129216
23543,-2.5432103
23544,-2.5302207
23545,-2.5120435
23546,-2.4621506
23547,-2.786969
23548,-0.54325616
23549,-2.4564927
23550,-2.4152076
23551,-2.3927498
23552,-1.752408
23553,-2.5668797
23554,-2.0675414
23555,0.618755
23556,0.5393554
23557,-2.7333963
23558,-2.6624699
23559,-2.4301827
23560,0.7498303
23561,-1.0522
23562,-1.5443809
23563,-1.6485687
23564,-2.5467
23565,-0.17608023
23566,-2.5961041
23567,0.288161
23568,0.3809913
23569,0.89843714
23570,-0.7200959
23571,0.008453189
23572,1.5354276
23573,-1.4004623
23574,0.8393829
23575,0.5304949
23576,0.36525732
23577,-2.9500368
23578,-1.1953692
23579,-2.7059307
23580,-1.8578539
23581,-2.133065
23582,-2.3156998
23583,-2.389174
23584,-2.46925
23585,-3.010941
23586,-2.904703
23587,-1.8005956
23588,0.32067397
23589,0.2621238
23590,0.12372933
23591,-2.0590727
23592,-0.5794288
23593,-1.2533382
23594,-2.0205643
23595,-1.3108176
23596,-1.7341574
23597,-1.7012316
23598,-1.3810211
23599,-1.6549246
23600,-1.6822397
23601,-1.8319621
23602,-2.3710403
23603,-1.6322582
23604,-2.000139
23605,-1.3899432
23606,2.1988966
23607,-1.8791052
23608,201.31691
23609,352.8712
23610,384.71655
23611,320.89944
23612,305.92764
23613,292.0355
23614,251.86165
23615,258.71915
23616,195.92526
23617,219.89322
23618,246.26694
23619,190.4783
23620,117.80131
23621,98.19876
23622,147.2962
23623,172.46378
23624,126.47482
23625,72.31639
23626,171.84457
23627,102.05783
23628,67.44432
23629,89.51536
23630,61.90472
23631,46.27824
23632,38.30822
23633,39.14417
23634,8.645615
23635,10.513141
23636,8.22193
23637,29.34194
23638,31.944242
23639,15.02635
23640,104.749344
23641,177.57843
23642,147.82086
23643,213.61024
23644,113.23119
23645,106.77785
23646,51.038162
23647,113.63421
23648,177.50761
23649,130.82797
23650,191.8221
23651,208.69164
23652,221.9137
23653,342.60938
23654,426.36102
23655,381.5995
23656,466.58777
23657,445.5073
23658,587.8836
23659,536.2532
23660,695.8069
23661,823.467
23662,794.6
23663,759.8086
23664,749.6713
23665,765.1764
23666,619.9412
23667,596.9708
23668,519.38403
23669,583.7259
23670,598.0564
23671,607.10254
23672,556.5412
23673,453.6401
23674,405.68646
23675,417.30258
23676,385.9773
23677,354.86942
23678,329.67587
23679,364.01807
23680,441.01718
23681,403.39124
23682,358.73413
23683,334.81894
23684,312.50684
23685,307.12366
23686,242.41478
23687,293.98367
23688,329.37595
23689,301.5384
23690,211.94405
23691,257.93365
23692,320.77216
23693,308.9151
23694,315.9443
23695,320.55667
23696,202.51263
23697,199.18582
23698,169.53352
23699,57.790443
23700,81.70439
23701,71.37087
23702,78.942635
23703,90.72318
23704,47.088654
23705,41.05778
23706,63.849575
23707,34.33713
23708,43.021908
23709,62.170868
23710,49.864243
23711,121.949814
23712,71.17801
23713,48.161293
23714,38.47157
23715,61.923943
23716,47.505913
23717,43.09421
23718,82.168365
23719,40.078083
23720,39.43606
23721,65.80916
23722,44.67665
23723,113.60704
23724,119.60359
23725,194.6541
23726,162.68077
23727,59.60831
23728,19.897465
23729,4.9198146
23730,16.09866
23731,58.10091
23732,132.06458
23733,187.21841
23734,94.37769
23735,120.03529
23736,99.43618
23737,107.78295
23738,149.85161
23739,161.57222
23740,202.19228
23741,124.61991
23742,225.01704
23743,270.65656
23744,113.60051
23745,176.05814
23746,162.68225
23747,140.25185
23748,191.78313
23749,105.56078
23750,120.97758
23751,247.8737
23752,353.97382
23753,224.49078
23754,175.8699
23755,226.09149
23756,119.717674
23757,118.50428
23758,125.02248
23759,107.915276
23760,87.51997
23761,27.741295
23762,47.157505
23763,53.172245
23764,83.04787
23765,127.44193
23766,124.761284
23767,165.09909
23768,84.37344
23769,101.62774
23770,179.91838
23771,161.03853
23772,147.87933
23773,127.173035
23774,89.181015
23775,70.727005
23776,71.73036
23777,74.708275
23778,99.10873
23779,99.29441
23780,149.92206
23781,142.87871
23782,152.9099
23783,143.83498
23784,158.80931
23785,202.62547
23786,243.54132
23787,251.95918
23788,71.01522
23789,48.853474
23790,73.723885
23791,50.1132
23792,2.3248808
23793,-6.122249
23794,9.827028
23795,17.92038
23796,22.001013
23797,-7.0528336
23798,-8.361753
23799,7.499156
23800,9.667868
23801,32.989796
23802,70.98727
23803,85.191055
23804,94.94513
23805,61.839012
23806,79.16528
23807,132.4938
23808,146.73512
23809,123.60442
23810,139.65211
23811,123.32548
23812,119.66237
23813,121.53264
23814,135.42224
23815,149.41989
23816,132.89722
23817,95.021614
23818,108.744385
23819,165.56699
23820,176.73674
23821,197.18425
23822,200.01804
23823,172.00867
23824,190.65456
23825,226.07248
23826,236.5797
23827,274.96194
23828,364.76013
23829,391.28677
23830,441.54224
23831,354.25638
23832,358.96347
23833,312.62888
23834,324.5234
23835,384.66833
23836,358.56802
23837,291.67972
23838,341.8499
23839,381.75284
23840,417.58066
23841,312.1718
23842,340.54727
23843,256.14767
23844,347.62854
23845,428.2298
23846,535.10956
23847,731.8238
23848,617.5586
23849,780.9974
23850,778.37354
23851,983.5556
23852,662.9162
23853,745.4183
23854,1163.4886
23855,1111.0721
23856,1473.0972
23857,1267.4274
23858,1397.1578
23859,1366.5322
23860,1333.7441
23861,1358.6119
23862,1564.8127
23863,1234.7986
23864,1157.8961
23865,1316.636
23866,1151.0057
23867,1463.7399
23868,1030.6627
23869,841.30035
23870,990.877
23871,721.81354
23872,1122.1534
23873,1293.2777
23874,1221.3003
23875,1200.3724
23876,1103.7175
23877,1076.8109
23878,980.51434
23879,732.1426
23880,1145.2681
23881,919.71686
23882,915.716
23883,736.8528
23884,927.5807
23885,811.2988
23886,810.8976
23887,730.1025
23888,951.5874
23889,686.40735
23890,864.49097
23891,717.2076
23892,650.95935
23893,759.2725
23894,1017.7068
23895,839.12036
23896,966.7603
23897,895.9427
23898,999.10126
23899,775.91693
23900,920.6866
23901,961.6143
23902,960.59174
23903,720.8953
23904,1059.2902
23905,688.4003
23906,933.35425
23907,620.7653
23908,1042.1
23909,884.1383
23910,828.5881
23911,974.3043
23912,871.0655
23913,1054.2445
23914,520.2726
23915,882.8935
23916,887.9255
23917,684.05896
23918,529.38617
23919,653.4794
23920,560.7997
23921,437.54114
23922,419.58334
23923,546.4911
23924,425.77484
23925,346.9937
23926,402.23618
23927,408.23514
23928,476.4772
23929,559.7743
23930,575.14404
23931,654.2329
23932,576.1699
23933,536.2636
23934,426.97354
23935,393.70294
23936,286.10995
23937,290.8281
23938,261.18512
23939,227.1377
23940,243.29672
23941,191.15163
23942,164.71686
23943,172.27075
23944,180.8678
23945,150.22919
23946,183.95949
23947,143.89568
23948,125.290985
23949,129.45108
23950,131.56639
23951,105.89953
23952,100.313255
23953,66.11463
23954,64.54119
23955,70.13538
23956,65.800125
23957,64.84675
23958,90.23427
23959,83.75434
23960,68.7717
23961,60.821793
23962,52.01804
23963,36.07721
23964,48.09259
23965,46.11491
23966,55.24639
23967,53.875374
23968,61.903275
23969,66.42536
23970,73.796486
23971,74.45476
23972,57.670784
23973,56.756214
23974,71.153625
23975,78.40318
23976,63.82434
23977,75.22218
23978,64.86276
23979,42.134296
23980,44.710476
23981,37.662777
23982,46.339367
23983,73.69003
23984,59.399784
23985,34.7219
23986,22.286068
23987,31.397234
23988,21.006437
23989,19.643751
23990,-6.1912127
23991,-0.7292598
23992,-1.9463034
23993,-1.989248
23994,-2.3139534
23995,-2.4528759
23996,-2.613688
23997,-2.6655712
23998,-2.5557551
23999,-2.4762588
24000,8.077757
24001,152.16994
24002,127.758026
24003,109.7154
24004,89.81428
24005,59.67069
24006,12.893912
24007,0.61504936
24008,26.052582
24009,0.01993163
24010,9.665106
24011,17.398218
24012,28.129318
24013,-1.0140368
24014,-1.4392216
24015,-1.5468359
24016,-1.7390913
24017,-2.5442197
24018,-1.9385275
24019,-2.1689477
24020,-2.4665287
24021,15.978193
24022,-1.7424277
24023,17.460299
24024,-3.1656616
24025,-3.250932
24026,2.3087587
24027,-1.0062375
24028,-0.8386849
24029,-1.2734889
24030,-1.2887349
24031,-1.2098184
24032,-0.7655211
24033,-0.932393
24034,16.755175
24035,-0.53575814
24036,-0.83077633
24037,-0.7963049
24038,-0.59512496
24039,-1.9266062
24040,45.457848
24041,6.014798
24042,-0.6346279
24043,-1.0860441
24044,12.998991
24045,-1.8350282
24046,-0.88062316
24047,-2.354525
24048,-3.567718
24049,-0.98524207
24050,-0.94812804
24051,15.231907
24052,124.38228
24053,56.348003
24054,34.757652
24055,4.63745
24056,22.748745
24057,8.927281
24058,11.108576
24059,7.350414
24060,-1.8948493
24061,43.833134
24062,5.962825
24063,47.081486
24064,89.84919
24065,129.50299
24066,162.49612
24067,166.03473
24068,169.86577
24069,169.93994
24070,234.99525
24071,244.3821
24072,194.20216
24073,227.6672
24074,214.0591
24075,217.62701
24076,189.13101
24077,200.42822
24078,200.56871
24079,214.48535
24080,230.27592
24081,244.81964
24082,173.11655
24083,137.5649
24084,125.07672
24085,141.9246
24086,174.8566
24087,268.55832
24088,224.98732
24089,209.12196
24090,178.10023
24091,221.8336
24092,298.7989
24093,347.36868
24094,313.65134
24095,423.05807
24096,254.80186
24097,234.25165
24098,222.05165
24099,243.98598
24100,220.49231
24101,217.27025
24102,207.50932
24103,218.46227
24104,215.4418
24105,117.20604
24106,67.96654
24107,81.66944
24108,109.97786
24109,129.07748
24110,195.1566
24111,143.22462
24112,127.08751
24113,166.6376
24114,177.79419
24115,145.9118
24116,94.90979
24117,108.39012
24118,94.797356
24119,81.98762
24120,63.47608
24121,86.529465
24122,92.49135
24123,69.11249
24124,56.857143
24125,59.339542
24126,63.15548
24127,98.264114
24128,96.282234
24129,27.976562
24130,4.320452
24131,11.94774
24132,17.569044
24133,-3.8728456
24134,-0.8121995
24135,-0.6792324
24136,-0.70002383
24137,-0.7846925
24138,-0.75563985
24139,-0.80569035
24140,-0.71904296
24141,-0.585773
24142,-0.39429387
24143,-0.32774743
24144,-0.33094153
24145,-0.32957295
24146,-0.3193104
24147,-0.30036828
24148,-0.25816616
24149,-0.46733755
24150,-0.60386026
24151,-0.44666442
24152,-0.6589832
24153,-0.65869004
24154,21.788761
24155,-0.7156955
24156,105.4489
24157,36.1976
24158,43.649883
24159,126.11291
24160,99.245674
24161,267.47977
24162,478.00244
24163,243.6604
24164,347.931
24165,293.37506
24166,265.7496
24167,389.9069
24168,224.16827
24169,399.05646
24170,422.04245
24171,378.84592
24172,250.34721
24173,153.64943
24174,215.11736
24175,286.42902
24176,65.280304
24177,114.0702
24178,193.24474
24179,559.2768
24180,370.21716
24181,335.16895
24182,302.78506
24183,322.79977
24184,166.69981
24185,301.2497
24186,212.24551
24187,300.78317
24188,185.60068
24189,208.49466
24190,52.56475
24191,16.477646
24192,113.35619
24193,89.94068
24194,129.26363
24195,81.51432
24196,81.609146
24197,158.88557
24198,129.62059
24199,124.696884
24200,180.54596
24201,132.75117
24202,100.50621
24203,117.49537
24204,130.2256
24205,77.511116
24206,11.945717
24207,19.640347
24208,80.13801
24209,26.522514
24210,4.789215
24211,-2.161151
24212,10.000229
24213,92.54148
24214,121.315216
24215,123.227554
24216,98.21391
24217,57.94148
24218,35.701385
24219,-2.4383473
24220,-3.9890857
24221,-1.7175969
24222,-1.5763887
24223,-1.5763887
24224,-1.5377101
24225,-1.3606943
24226,9.682904
24227,69.16438
24228,64.328835
24229,71.03122
24230,113.89793
24231,167.35072
24232,144.72197
24233,101.92723
24234,40.788776
24235,14.16667
24236,33.36766
24237,59.81594
24238,74.03517
24239,37.509735
24240,28.754496
24241,15.7532015
24242,17.050507
24243,81.110886
24244,158.72267
24245,161.31044
24246,87.456856
24247,67.67275
24248,35.49141
24249,10.237539
24250,-2.173078
24251,-0.9463185
24252,-0.81298345
24253,-0.94468457
24254,-0.88185173
24255,-0.78751236
24256,-0.8938891
24257,-0.706084
24258,-0.64715433
24259,-0.67184573
24260,-0.8130524
24261,-0.8737157
24262,-0.8783321
24263,46.368896
24264,46.75239
24265,13.845754
24266,5.2947974
24267,-0.7534071
24268,-0.9736879
24269,19.225693
24270,73.810005
24271,42.682045
24272,21.473108
24273,11.558704
24274,0.5508454
24275,-8.037194
24276,-4.1855197
24277,-2.371139
24278,-2.1175933
24279,-2.1002915
24280,-1.7879746
24281,-1.5911177
24282,-1.7065128
24283,-1.795805
24284,-1.7234882
24285,-1.7070237
24286,-1.7384305
24287,-1.7920896
24288,-1.7764032
24289,-1.7798789
24290,-1.6059986
24291,-0.8679255
24292,-0.67560184
24293,-0.76207227
24294,-0.6404372
24295,-0.6965822
24296,-0.68022287
24297,-0.5918932
24298,-0.58805573
24299,-1.3062075
24300,-1.0644907
24301,-1.1250635
24302,-1.0171863
24303,-0.6520993
24304,-0.58160996
24305,-0.71683943
24306,-0.62251794
24307,-0.54160774
24308,-0.5862765
24309,-0.53286475
24310,-0.49736637
24311,-0.4208991
24312,20.76064
24313,62.829487
24314,46.393925
24315,2.496204
24316,-0.6622206
24317,-0.7065845
24318,-0.8320378
24319,-0.86245495
24320,-1.0767477
24321,-0.869413
24322,33.84335
24323,26.91164
24324,-1.1103839
24325,-1.2006104
24326,9.470953
24327,7.972798
24328,-1.4059088
24329,44.481487
24330,0.33626977
24331,-1.3904886
24332,72.726295
24333,23.009207
24334,60.439594
24335,86.30467
24336,168.2845
24337,105.928185
24338,96.67088
24339,65.31671
24340,93.44409
24341,104.97291
24342,13.483322
24343,66.30361
24344,32.701538
24345,106.61476
24346,51.904793
24347,81.255066
24348,93.46442
24349,79.56985
24350,69.18005
24351,74.538376
24352,57.062138
24353,83.72211
24354,77.567726
24355,56.401035
24356,74.997284
24357,70.66945
24358,73.66192
24359,34.933002
24360,16.185944
24361,3.9597645
24362,2.8139381
24363,9.70049
24364,-3.8712683
24365,-7.6892343
24366,-4.3813157
24367,-1.9019248
24368,-1.9011024
24369,-1.5276545
24370,-1.3062286
24371,-1.3527107
24372,-1.0734451
24373,-1.1129707
24374,-1.1252491
24375,-1.244331
24376,-1.1930056
24377,-0.9676876
24378,-1.2236738
24379,34.849873
24380,43.265026
24381,31.110321
24382,30.54888
24383,15.057864
24384,12.838771
24385,12.830357
24386,12.809479
24387,33.226414
24388,121.08277
24389,173.01564
24390,132.12479
24391,98.22683
24392,154.55913
24393,202.84798
24394,174.97
24395,193.92468
24396,188.02885
24397,255.51216
24398,236.60852
24399,206.77966
24400,171.06847
24401,163.5278
24402,202.33426
24403,257.72986
24404,212.79047
24405,246.57085
24406,253.9825
24407,196.96251
24408,176.07312
24409,170.73943
24410,186.79195
24411,189.99478
24412,193.60858
24413,206.04666
24414,199.24957
24415,251.35744
24416,282.8296
24417,275.0341
24418,240.06369
24419,145.90532
24420,172.96014
24421,208.04645
24422,223.97713
24423,211.07478
24424,182.41428
24425,186.1056
24426,192.51942
24427,177.169
24428,129.52133
24429,122.21989
24430,129.52246
24431,91.13939
24432,170.927
24433,140.1766
24434,124.028915
24435,150.07771
24436,142.90201
24437,126.24549
24438,319.30576
24439,402.90475
24440,149.55328
24441,355.88763
24442,494.84924
24443,337.7696
24444,508.142
24445,527.2482
24446,596.4078
24447,428.41162
24448,524.7855
24449,676.9167
24450,500.94443
24451,435.6108
24452,851.329
24453,697.8374
24454,676.1764
24455,548.18964
24456,540.38354
24457,590.7289
24458,552.35736
24459,770.8113
24460,1080.6212
24461,708.8962
24462,765.2534
24463,981.90424
24464,1108.5696
24465,484.32605
24466,210.48125
24467,363.99362
24468,735.62946
24469,1008.03314
24470,1158.7191
24471,1105.2252
24472,1170.884
24473,744.2492
24474,1333.1998
24475,763.4327
24476,1082.286
24477,1307.175
24478,585.7515
24479,950.33344
24480,825.9085
24481,588.0696
24482,784.35614
24483,873.86945
24484,1088.7057
24485,792.5999
24486,1267.7556
24487,1120.0425
24488,1242.0919
24489,1132.0327
24490,910.6562
24491,814.94324
24492,566.0034
24493,442.52032
24494,516.9207
24495,401.69235
24496,325.16046
24497,365.3077
24498,416.2958
24499,475.48547
24500,443.71054
24501,460.80704
24502,551.6938
24503,530.32007
24504,556.12994
24505,484.64975
24506,568.3469
24507,691.5735
24508,853.6167
24509,1018.95013
24510,1091.3257
24511,1057.8005
24512,891.5343
24513,789.7786
24514,871.6803
24515,601.07794
24516,441.54803
24517,381.44763
24518,329.41684
24519,414.77023
24520,379.0744
24521,320.24277
24522,340.68173
24523,290.74866
24524,261.11447
24525,362.0161
24526,425.84897
24527,486.54318
24528,1004.633
24529,891.06067
24530,864.48315
24531,690.1448
24532,770.4618
24533,928.661
24534,1046.1886
24535,872.2021
24536,723.23334
24537,884.9482
24538,921.49133
24539,858.2623
24540,704.52313
24541,522.1688
24542,390.9329
24543,283.21362
24544,185.67033
24545,78.47051
24546,63.718872
24547,52.535145
24548,42.04666
24549,27.418158
24550,70.15526
24551,119.48704
24552,165.90358
24553,142.49904
24554,92.36747
24555,72.09667
24556,94.25241
24557,193.17845
24558,254.0523
24559,279.60367
24560,344.66782
24561,350.23444
24562,208.87639
24563,255.33047
24564,254.88701
24565,194.08905
24566,209.48747
24567,205.56868
24568,231.1242
24569,273.4404
24570,391.0235
24571,206.47324
24572,178.69653
24573,353.59476
24574,379.9163
24575,339.8657
24576,475.49234
24577,765.8417
24578,630.0789
24579,395.76996
24580,627.2167
24581,561.1412
24582,295.4449
24583,539.2909
24584,539.3594
24585,676.36145
24586,971.0529
24587,762.9649
24588,566.5059
24589,300.30927
24590,214.0452
24591,293.22104
24592,202.25613
24593,162.45032
24594,197.15999
24595,299.51068
24596,370.00964
24597,175.1331
24598,462.76883
24599,445.16962
24600,906.23413
24601,694.06665
24602,588.0815
24603,571.1016
24604,638.3186
24605,659.59094
24606,1100.2064
24607,448.60037
24608,977.4662
24609,531.5039
24610,472.4779
24611,716.06244
24612,527.64874
24613,715.6669
24614,491.34427
24615,670.79144
24616,538.43475
24617,487.49277
24618,558.4264
24619,444.37045
24620,607.7803
24621,318.91644
24622,377.837
24623,234.63966
24624,263.073
24625,516.2105
24626,606.6756
24627,497.62784
24628,360.8242
24629,295.3448
24630,221.21669
24631,282.11832
24632,479.7238
24633,336.3049
24634,159.04643
24635,409.10638
24636,496.87494
24637,373.90436
24638,300.184
24639,293.00473
24640,345.91492
24641,244.54488
24642,220.68253
24643,232.51546
24644,181.3637
24645,213.05522
24646,227.65982
24647,264.2806
24648,246.19203
24649,354.83426
24650,376.961
24651,372.00845
24652,303.32413
24653,283.77753
24654,299.26443
24655,248.45137
24656,224.56654
24657,321.25134
24658,357.20728
24659,330.78314
24660,120.88363
24661,149.37105
24662,293.5683
24663,192.50197
24664,134.60365
24665,139.4252
24666,184.02126
24667,192.08765
24668,224.89354
24669,211.00325
24670,108.70702
24671,84.54452
24672,232.21857
24673,113.40217
24674,200.73198
24675,109.07756
24676,135.88113
24677,251.72733
24678,210.30261
24679,127.29719
24680,61.199295
24681,15.099746
24682,-6.415134
24683,-5.423055
24684,-0.9600218
24685,20.154835
24686,30.040134
24687,15.352972
24688,-4.623381
24689,0.2840474
24690,12.778813
24691,2.5923133
24692,41.49153
24693,83.539536
24694,104.01134
24695,102.31425
24696,52.686344
24697,42.775528
24698,42.409317
24699,25.70486
24700,14.016849
24701,18.29379
24702,22.333235
24703,40.04435
24704,66.41087
24705,51.758816
24706,58.215565
24707,72.78415
24708,-0.08065196
24709,71.10996
24710,59.430145
24711,40.374054
24712,72.03327
24713,68.062546
24714,48.576027
24715,25.062937
24716,32.576385
24717,-1.2028044
24718,-0.6876833
24719,-1.1915681
24720,28.117945
24721,39.88213
24722,21.819773
24723,44.574596
24724,17.961971
24725,60.796432
24726,168.80579
24727,147.82088
24728,94.0343
24729,180.65158
24730,481.1851
24731,521.5619
24732,332.3324
24733,265.32593
24734,358.7488
24735,367.20444
24736,169.38835
24737,200.11766
24738,206.44307
24739,86.97228
24740,125.83239
24741,275.9481
24742,226.16228
24743,161.83575
24744,231.47917
24745,298.7903
24746,292.6995
24747,320.02698
24748,170.93532
24749,322.37024
24750,185.15016
24751,250.80928
24752,176.66429
24753,341.55206
24754,165.26988
24755,246.91454
24756,50.762447
24757,-0.48687184
24758,258.3497
24759,231.20047
24760,345.58414
24761,218.57265
24762,16.061047
24763,59.644295
24764,179.091
24765,331.0631
24766,362.3246
24767,116.774284
24768,83.201546
24769,256.8145
24770,172.06761
24771,259.02936
24772,103.88232
24773,72.90405
24774,124.96817
24775,223.89091
24776,58.827164
24777,221.42702
24778,268.38748
24779,158.81244
24780,336.74515
24781,313.13376
24782,177.75246
24783,220.94807
24784,136.02435
24785,118.76021
24786,124.39524
24787,203.77832
24788,186.54062
24789,249.3005
24790,198.8587
24791,205.88945
24792,107.79774
24793,131.76135
24794,230.51671
24795,365.40588
24796,517.1285
24797,450.458
24798,340.65875
24799,332.54944
24800,526.2822
24801,667.40765
24802,479.1885
24803,322.87357
24804,255.9485
24805,336.07346
24806,491.0172
24807,517.16754
24808,643.5725
24809,665.27374
24810,498.0812
24811,416.3579
24812,386.13025
24813,377.24335
24814,351.4819
24815,329.053
24816,366.62283
24817,386.07617
24818,410.2943
24819,438.68277
24820,500.79913
24821,395.6963
24822,365.87338
24823,409.47684
24824,409.5403
24825,411.41245
24826,428.95993
24827,559.74695
24828,627.1661
24829,525.1254
24830,515.9946
24831,505.65643
24832,395.85272
24833,449.49615
24834,571.9092
24835,512.8011
24836,561.5504
24837,682.8747
24838,721.9826
24839,726.21265
24840,858.3705
24841,809.6758
24842,679.6765
24843,578.1104
24844,483.70496
24845,475.83304
24846,560.64685
24847,448.29138
24848,419.3159
24849,411.37735
24850,403.6072
24851,348.313
24852,257.76282
24853,546.8343
24854,327.8244
24855,199.63976
24856,240.28305
24857,226.59042
24858,101.78797
24859,208.08482
24860,211.42706
24861,662.0969
24862,493.0121
24863,365.4569
24864,515.1565
24865,709.9233
24866,375.1947
24867,478.12268
24868,438.8981
24869,451.36548
24870,414.76
24871,399.0207
24872,365.07935
24873,286.96024
24874,215.16048
24875,489.8885
24876,226.61357
24877,496.9345
24878,445.96252
24879,555.015
24880,484.64157
24881,473.06604
24882,321.11398
24883,507.85983
24884,493.42056
24885,334.1442
24886,702.95465
24887,604.5814
24888,805.0456
24889,878.1274
24890,344.93903
24891,625.98
24892,779.4179
24893,551.90796
24894,518.86334
24895,750.2521
24896,734.3185
24897,713.52295
24898,302.10757
24899,1154.2244
24900,976.0084
24901,729.5549
24902,906.4142
24903,771.6502
24904,751.87714
24905,805.89606
24906,276.08185
24907,237.6455
24908,204.53085
24909,228.37196
24910,283.86978
24911,305.31067
24912,314.877
24913,238.82385
24914,69.48917
24915,181.13138
24916,304.72745
24917,186.96109
24918,85.914
24919,262.5365
24920,243.98558
24921,24.548716
24922,59.394066
24923,242.23666
24924,108.62012
24925,148.55734
24926,113.69613
24927,50.472862
24928,169.8812
24929,99.92092
24930,109.43174
24931,152.51479
24932,209.5354
24933,199.92796
24934,125.12707
24935,129.48315
24936,136.26509
24937,126.75595
24938,128.66658
24939,127.05905
24940,138.02666
24941,160.71033
24942,197.0148
24943,246.87268
24944,263.03427
24945,283.47153
24946,304.23163
24947,303.32523
24948,335.51517
24949,390.83026
24950,425.65036
24951,480.02176
24952,458.4683
24953,481.6965
24954,499.06085
24955,590.1072
24956,686.29126
24957,730.58307
24958,748.5003
24959,765.24835
24960,572.24084
24961,461.82635
24962,475.7034
24963,484.8791
24964,500.12616
24965,462.6869
24966,487.5335
24967,517.41113
24968,546.9823
24969,537.66754
24970,626.9225
24971,714.9642
24972,817.28735
24973,732.9875
24974,620.9115
24975,563.449
24976,417.45203
24977,271.82028
24978,264.68655
24979,341.9633
24980,355.89972
24981,257.78967
24982,207.02257
24983,106.62358
24984,29.946547
24985,1.7827584
24986,-3.9921412
24987,-1.7654049
24988,-2.0255165
24989,-2.1582253
24990,-2.0447147
24991,-2.0328076
24992,-1.9837838
24993,-1.9128056
24994,-1.8984764
24995,-2.102041
24996,-2.0538216
24997,-2.0259914
24998,-1.9278699
24999,-1.7365626
25000,-1.6009018
25001,-1.5690938
25002,-1.6482179
25003,-1.6282935
25004,-1.4611757
25005,-1.4694424
25006,-1.0576044
25007,-0.66491216
25008,-0.55726254
25009,-0.49856317
25010,-0.51178986
25011,-0.50179327
25012,-0.42900762
25013,-0.34209162
25014,-0.35052204
25015,-0.37808353
25016,-0.30608916
25017,-0.4060036
25018,-0.33151287
25019,-0.36875018
25020,-0.39351383
25021,5.444912
25022,-1.5438001
25023,-0.7918315
25024,-0.5602568
25025,-0.3537314
25026,2.897491
25027,-0.7081503
25028,-0.4152432
25029,-0.69741386
25030,-0.46416512
25031,-0.81456625
25032,-0.40205532
25033,4.1592345
25034,-1.0089413
25035,-0.7324063
25036,-0.062979214
25037,-0.9548659
25038,-0.52387416
25039,-0.6946548
25040,-0.65581685
25041,-0.97065395
25042,-0.68665
25043,-0.7003085
25044,19.53182
25045,43.964855
25046,45.979347
25047,32.525616
25048,60.065144
25049,100.62202
25050,81.197525
25051,8.319611
25052,-0.6016008
25053,-0.5622281
25054,121.51947
25055,93.471535
25056,54.268757
25057,83.070114
25058,36.689583
25059,-1.3708334
25060,0.18836915
25061,0.11787757
25062,0.46048194
25063,22.9793
25064,8.738978
25065,31.088821
25066,81.11619
25067,50.047436
25068,52.49267
25069,4.9722204
25070,7.30844
25071,52.70249
25072,83.744
25073,44.41392
25074,31.992056
25075,83.662575
25076,58.527203
25077,44.843353
25078,63.9865
25079,75.55115
25080,123.14717
25081,38.534424
25082,10.270151
25083,20.849073
25084,52.28902
25085,165.10497
25086,348.1156
25087,307.52075
25088,197.87755
25089,24.93441
25090,11.399303
25091,51.425255
25092,41.360672
25093,2.3605669
25094,1.1880049
25095,-0.6723936
25096,-0.6342158
25097,11.986209
25098,6.4207616
25099,37.09633
25100,20.402231
25101,27.028917
25102,43.23181
25103,47.51345
25104,29.052904
25105,-1.4734068
25106,1.5540584
25107,65.52069
25108,63.478558
25109,149.4426
25110,126.10925
25111,66.63644
25112,92.637886
25113,65.98397
25114,60.12718
25115,107.99363
25116,120.15576
25117,85.37907
25118,92.808334
25119,32.314907
25120,28.38352
25121,2.6372027
25122,-2.0978703
25123,71.060356
25124,27.565794
25125,-1.1347694
25126,-0.61683965
25127,-0.643369
25128,4.2710433
25129,33.99388
25130,47.551933
25131,42.578022
25132,68.512695
25133,93.774635
25134,21.886631
25135,55.178253
25136,74.59231
25137,63.59841
25138,115.10017
25139,97.21351
25140,128.48383
25141,165.46185
25142,251.05435
25143,195.35521
25144,270.26004
25145,281.93347
25146,130.33777
25147,216.51796
25148,65.01938
25149,10.458867
25150,26.930462
25151,4.7044396
25152,-0.6167316
25153,-0.74593323
25154,-0.49870917
25155,-0.5554474
25156,-0.5097803
25157,-0.87574935
25158,-0.53974
25159,-0.5869917
25160,-0.06758807
25161,153.31508
25162,112.86887
25163,61.249157
25164,163.15672
25165,70.59064
25166,99.538086
25167,70.507416
25168,41.11036
25169,27.589172
25170,-4.698455
25171,-2.0189817
25172,-2.1135492
25173,-2.5833104
25174,55.10769
25175,243.09714
25176,266.98004
25177,176.40541
25178,146.68224
25179,68.401085
25180,-0.48260063
25181,19.086887
25182,-2.796149
25183,-0.89572763
25184,-1.1873795
25185,-1.5980018
25186,29.577568
25187,25.481459
25188,37.506035
25189,35.587963
25190,20.054361
25191,-1.7125689
25192,59.51534
25193,217.17711
25194,130.08328
25195,51.559227
25196,-1.8269074
25197,-1.6034886
25198,14.557709
25199,14.867801
25200,2.094658
25201,1.3244376
25202,3.0323253
25203,-1.795225
25204,-1.898606
25205,-1.9550424
25206,-1.9194804
25207,151.17535
25208,1996.2852
25209,988.30774
25210,1570.3286
25211,1820.6278
25212,1473.7251
25213,858.33777
25214,841.152
25215,662.907
25216,484.27417
25217,399.19006
25218,211.39601
25219,-1.1745331
25220,-0.3940173
25221,-0.63222396
25222,-0.3588197
25223,-0.39861172
25224,-0.9366055
25225,181.14767
25226,76.34698
25227,96.70298
25228,81.72918
25229,45.964794
25230,65.37493
25231,227.3041
25232,279.53348
25233,276.05182
25234,282.876
25235,523.4793
25236,708.31525
25237,550.22363
25238,400.1758
25239,333.93503
25240,483.22253
25241,762.96533
25242,542.34033
25243,787.1879
25244,793.2474
25245,849.9544
25246,912.02234
25247,867.1498
25248,1195.5245
25249,925.0884
25250,1059.6338
25251,877.3327
25252,891.5282
25253,655.2726
25254,831.06964
25255,659.46564
25256,502.63718
25257,705.7314
25258,744.77765
25259,800.92365
25260,962.915
25261,953.2019
25262,558.072
25263,434.27307
25264,704.78644
25265,733.73895
25266,719.68036
25267,920.05774
25268,896.96155
25269,811.8803
25270,889.322
25271,984.6883
25272,1098.1477
25273,1489.3567
25274,1117.0708
25275,997.7646
25276,654.3627
25277,786.5612
25278,869.06586
25279,744.84924
25280,510.15054
25281,460.54947
25282,561.7809
25283,533.25916
25284,518.0572
25285,519.27454
25286,404.2146
25287,523.95795
25288,248.27449
25289,177.12079
25290,265.8208
25291,251.91069
25292,706.5906
25293,799.3689
25294,748.545
25295,588.3742
25296,639.5423
25297,556.5371
25298,468.07037
25299,420.62466
25300,166.0246
25301,167.13976
25302,199.70743
25303,84.234665
25304,132.93207
25305,112.53689
25306,97.89405
25307,62.774654
25308,79.10502
25309,11.059595
25310,-3.6070616
25311,-2.0522175
25312,-2.1831205
25313,-1.3986545
25314,-1.5362722
25315,140.86653
25316,477.81494
25317,206.0194
25318,162.93785
25319,155.98196
25320,68.0431
25321,144.34592
25322,475.82404
25323,641.27875
25324,749.0519
25325,1013.0827
25326,642.26874
25327,413.42432
25328,255.1738
25329,275.49756
25330,165.22664
25331,186.93265
25332,139.14008
25333,122.67153
25334,68.95837
25335,89.17586
25336,118.434975
25337,172.66505
25338,258.1384
25339,256.24005
25340,359.8893
25341,481.44095
25342,351.7089
25343,270.0244
25344,215.76929
25345,226.83972
25346,154.61931
25347,240.24275
25348,299.61908
25349,251.41408
25350,386.4145
25351,321.33893
25352,259.19214
25353,212.84526
25354,431.75052
25355,523.09485
25356,621.43787
25357,453.81168
25358,497.73224
25359,358.44635
25360,393.5779
25361,699.439
25362,601.00116
25363,733.6706
25364,664.9548
25365,534.94904
25366,635.3943
25367,584.6969
25368,439.1408
25369,580.95593
25370,752.6694
25371,619.12396
25372,444.153
25373,583.39746
25374,522.66644
25375,462.5744
25376,618.98706
25377,635.49225
25378,579.6113
25379,586.74225
25380,443.35312
25381,410.16235
25382,606.6964
25383,547.8437
25384,516.10693
25385,589.2153
25386,850.14746
25387,624.29364
25388,607.55286
25389,605.9465
25390,648.196
25391,633.15656
25392,567.4089
25393,324.83932
25394,408.71234
25395,523.53326
25396,385.09494
25397,260.77634
25398,287.89465
25399,247.59366
25400,162.7396
25401,104.97564
25402,105.03448
25403,119.43258
25404,153.7693
25405,209.11038
25406,339.65964
25407,385.9169
25408,452.27756
25409,356.5719
25410,337.0197
25411,193.7312
25412,189.25165
25413,224.87022
25414,326.15152
25415,341.65207
25416,271.44183
25417,153.90125
25418,300.0182
25419,285.45163
25420,135.86172
25421,370.4142
25422,550.56104
25423,538.0462
25424,279.2734
25425,490.96838
25426,368.52588
25427,234.03703
25428,311.2866
25429,602.05493
25430,1157.4901
25431,1290.3159
25432,715.1299
25433,470.68887
25434,524.42957
25435,546.26807
25436,384.2856
25437,237.494
25438,715.63495
25439,472.44397
25440,347.8567
25441,338.9728
25442,539.3439
25443,815.5338
25444,885.3822
25445,886.7911
25446,1416.0061
25447,826.6946
25448,589.0747
25449,417.19846
25450,469.71402
25451,985.74774
25452,913.7547
25453,750.1058
25454,1215.9683
25455,588.4279
25456,522.5086
25457,166.92207
25458,133.34064
25459,71.32165
25460,152.74203
25461,1464.5123
25462,562.6655
25463,580.22076
25464,604.35504
25465,712.04126
25466,668.99506
25467,678.3623
25468,541.14404
25469,340.3115
25470,395.47318
25471,442.42725
25472,434.67758
25473,529.23596
25474,609.5349
25475,712.4814
25476,364.87683
25477,248.09859
25478,124.041336
25479,198.3949
25480,217.85385
25481,232.60141
25482,350.04254
25483,400.95694
25484,1362.584
25485,592.2483
25486,427.1536
25487,258.73572
25488,119.165794
25489,180.9456
25490,349.6935
25491,425.2954
25492,323.5656
25493,264.87088
25494,162.61342
25495,184.46822
25496,388.2818
25497,625.5173
25498,491.90524
25499,460.57736
25500,322.32443
25501,387.70117
25502,381.00897
25503,429.918
25504,466.02432
25505,447.5147
25506,689.68286
25507,727.44226
25508,992.41016
25509,806.19525
25510,834.3135
25511,670.8548
25512,528.7978
25513,687.037
25514,466.3566
25515,486.3027
25516,442.31064
25517,456.61414
25518,601.9354
25519,566.57336
25520,489.87726
25521,619.27893
25522,866.711
25523,965.25586
25524,964.10474
25525,893.3469
25526,935.15515
25527,840.19104
25528,868.9949
25529,938.0791
25530,869.9714
25531,744.5106
25532,688.05035
25533,569.8598
25534,499.60532
25535,514.0137
25536,480.18036
25537,536.006
25538,449.0834
25539,624.2324
25540,649.7543
25541,497.3736
25542,500.72388
25543,381.89813
25544,627.85034
25545,563.392
25546,398.74963
25547,312.91113
25548,476.21423
25549,395.72864
25550,403.26413
25551,351.43234
25552,420.72934
25553,617.807
25554,469.1909
25555,452.8662
25556,463.11862
25557,396.35876
25558,396.46188
25559,744.46375
25560,437.27228
25561,269.30878
25562,761.5431
25563,552.121
25564,350.8023
25565,369.80414
25566,687.53864
25567,558.62134
25568,738.94183
25569,1269.2102
25570,803.2417
25571,562.3247
25572,797.3219
25573,829.86725
25574,482.51654
25575,697.68823
25576,981.9534
25577,1168.2946
25578,1534.4548
25579,1077.2947
25580,483.99496
25581,368.62225
25582,483.10837
25583,911.75867
25584,1335.2972
25585,640.8369
25586,660.06757
25587,1026.2114
25588,1327.4757
25589,985.25256
25590,475.2887
25591,230.41406
25592,236.96822
25593,946.4623
25594,715.0285
25595,844.636
25596,326.1513
25597,321.31366
25598,658.3018
25599,501.23456
25600,560.4302
25601,349.48633
25602,358.2203
25603,563.32825
25604,255.02162
25605,232.9131
25606,242.85419
25607,654.7201
25608,739.64923
25609,236.40422
25610,387.09933
25611,254.16693
25612,263.36755
25613,350.87262
25614,323.1291
25615,246.78033
25616,303.77255
25617,224.56749
25618,527.73785
25619,453.9409
25620,415.21738
25621,282.7685
25622,131.14795
25623,241.82376
25624,197.06837
25625,275.83316
25626,377.71555
25627,433.64206
25628,508.4697
25629,528.8166
25630,474.6265
25631,563.031
25632,589.3523
25633,573.41364
25634,704.7662
25635,604.7697
25636,637.1242
25637,744.24396
25638,734.4863
25639,707.93555
25640,729.0497
25641,602.2464
25642,698.0411
25643,749.4237
25644,850.93054
25645,643.6954
25646,530.06793
25647,459.20917
25648,549.9387
25649,453.81293
25650,534.7603
25651,521.35333
25652,411.00702
25653,627.90027
25654,592.26416
25655,657.5518
25656,565.9596
25657,569.6719
25658,525.1498
25659,664.6581
25660,572.682
25661,475.7546
25662,561.64594
25663,537.9053
25664,535.3091
25665,477.30258
25666,429.2205
25667,485.0587
25668,561.5101
25669,536.9394
25670,511.84344
25671,565.6486
25672,846.40735
25673,784.7275
25674,645.968
25675,653.8784
25676,629.1554
25677,626.7936
25678,717.8894
25679,620.63385
25680,639.6996
25681,559.6
25682,518.4831
25683,998.223
25684,678.1098
25685,704.16504
25686,732.0639
25687,760.0691
25688,621.0401
25689,576.50885
25690,627.61664
25691,591.4409
25692,567.70856
25693,584.1287
25694,215.5415
25695,653.0607
25696,608.73615
25697,481.0971
25698,782.4746
25699,743.1196
25700,549.62256
25701,487.01053
25702,519.2607
25703,409.2323
25704,472.36258
25705,485.66074
25706,323.63742
25707,315.24625
25708,388.02832
25709,286.50034
25710,322.33954
25711,460.4362
25712,281.19333
25713,494.70145
25714,306.27353
25715,371.60544
25716,399.14905
25717,392.61432
25718,586.5135
25719,287.2329
25720,548.70795
25721,398.65356
25722,615.94855
25723,507.39423
25724,735.25696
25725,552.57684
25726,729.5143
25727,1086.0924
25728,799.0064
25729,781.1005
25730,1024.3705
25731,963.272
25732,1188.857
25733,1312.407
25734,1009.2205
25735,901.8189
25736,1470.9552
25737,1257.373
25738,1427.4886
25739,1394.8838
25740,1411.0597
25741,1363.1241
25742,1018.17413
25743,1241.5631
25744,1182.0189
25745,490.8193
25746,224.1392
25747,268.7172
25748,224.10158
25749,180.86992
25750,180.95909
25751,540.8055
25752,471.74063
25753,486.07947
25754,272.10016
25755,560.15314
25756,489.9095
25757,524.0344
25758,424.39297
25759,325.16266
25760,319.5736
25761,277.9758
25762,337.24664
25763,446.51273
25764,351.01273
25765,298.19202
25766,272.83188
25767,316.20825
25768,310.0992
25769,241.393
25770,209.41061
25771,265.11578
25772,235.89745
25773,209.08627
25774,271.94064
25775,372.6879
25776,278.53842
25777,329.8284
25778,369.72272
25779,354.0863
25780,363.21503
25781,273.02972
25782,275.10333
25783,295.66168
25784,307.28372
25785,270.7532
25786,236.95279
25787,331.46503
25788,363.218
25789,390.7156
25790,461.8766
25791,320.927
25792,329.11993
25793,290.98184
25794,304.38864
25795,275.84317
25796,327.88184
25797,333.46027
25798,204.00162
25799,213.72089
25800,282.39798
25801,387.352
25802,308.72244
25803,293.59097
25804,213.83105
25805,202.58131
25806,206.46474
25807,236.47461
25808,258.3132
25809,228.93085
25810,258.26367
25811,221.98824
25812,236.3625
25813,251.11858
25814,190.66211
25815,265.9757
25816,250.77234
25817,280.94733
25818,354.06326
25819,468.42178
25820,439.15765
25821,407.59576
25822,419.71912
25823,424.16614
25824,279.42426
25825,259.44107
25826,345.59448
25827,369.3519
25828,466.80704
25829,347.0591
25830,224.00984
25831,151.45172
25832,116.43746
25833,158.73425
25834,301.84937
25835,339.86893
25836,280.24234
25837,65.7216
25838,88.82541
25839,64.58729
25840,45.011322
25841,158.25226
25842,131.31105
25843,92.640076
25844,44.51582
25845,33.187607
25846,37.865353
25847,27.501596
25848,34.159214
25849,63.28905
25850,107.827354
25851,217.30408
25852,253.06796
25853,249.47232
25854,157.34113
25855,409.81558
25856,435.87762
25857,282.7539
25858,415.23474
25859,514.0602
25860,257.42322
25861,284.4791
25862,232.7041
25863,432.59604
25864,213.10454
25865,252.27855
25866,287.15625
25867,183.16699
25868,143.34639
25869,463.58563
25870,429.86002
25871,277.3675
25872,138.38417
25873,136.22842
25874,33.46239
25875,55.741264
25876,439.2999
25877,661.94403
25878,266.67044
25879,136.11826
25880,181.48459
25881,135.13487
25882,155.43903
25883,176.51353
25884,65.050285
25885,92.91372
25886,288.0675
25887,312.25507
25888,294.13208
25889,310.54987
25890,263.66312
25891,313.27875
25892,285.43494
25893,333.50323
25894,297.05914
25895,432.61523
25896,402.34872
25897,199.0902
25898,165.00583
25899,120.18868
25900,249.88641
25901,210.36015
25902,239.5349
25903,258.5058
25904,276.59607
25905,210.93854
25906,333.47903
25907,188.61035
25908,39.844063
25909,128.91225
25910,131.4694
25911,73.10158
25912,40.25906
25913,49.497513
25914,59.001373
25915,4.1279497
25916,-2.1849039
25917,-2.217493
25918,-2.2954538
25919,35.993122
25920,41.1035
25921,19.495392
25922,-2.5466497
25923,-0.46825746
25924,-0.47477826
25925,-0.45801872
25926,40.47875
25927,110.8358
25928,125.966446
25929,103.43596
25930,81.80347
25931,44.33178
25932,49.33114
25933,30.857132
25934,-0.64924586
25935,-1.2936242
25936,-0.431834
25937,6.198493
25938,45.54502
25939,81.75998
25940,37.078114
25941,36.960487
25942,28.894382
25943,53.991474
25944,18.592747
25945,16.199411
25946,70.462715
25947,88.16021
25948,60.493702
25949,31.066021
25950,3.1487947
25951,73.7313
25952,118.01994
25953,28.51131
25954,-1.4036044
25955,-0.35292655
25956,-0.48689234
25957,-0.5114769
25958,-0.44000867
25959,-0.45036557
25960,-0.4342831
25961,-0.5536362
25962,-0.47603244
25963,-0.34460264
25964,-0.36143473
25965,-0.45214295
25966,-0.4516401
25967,-0.44421643
25968,-0.3961989
25969,-0.50174195
25970,-0.4423597
25971,-0.41609254
25972,-0.4665342
25973,-0.546228
25974,-0.51017964
25975,-0.6829271
25976,-0.31788716
25977,-0.13911723
25978,63.540398
25979,57.418674
25980,52.766216
25981,110.04889
25982,83.97557
25983,131.80377
25984,157.25291
25985,111.31278
25986,139.21338
25987,73.519
25988,58.072083
25989,21.130566
25990,29.727545
25991,12.752572
25992,14.06402
25993,-2.369103
25994,-2.2090883
25995,-2.238922
25996,68.11073
25997,102.97014
25998,83.719864
25999,279.7274
26000,249.03941
26001,196.95383
26002,277.73456
26003,174.34566
26004,88.026726
26005,93.33763
26006,88.3598
26007,173.03716
26008,120.719734
26009,177.58618
26010,140.27733
26011,187.36801
26012,107.8527
26013,149.83493
26014,132.96117
26015,156.36073
26016,104.101746
26017,146.71043
26018,243.7505
26019,100.8207
26020,93.506546
26021,109.81154
26022,95.99978
26023,234.2869
26024,163.96854
26025,29.275557
26026,164.27031
26027,86.12448
26028,176.91547
26029,177.37607
26030,138.54695
26031,122.443665
26032,0.052944083
26033,28.932392
26034,144.44576
26035,78.45327
26036,53.07052
26037,14.252787
26038,77.05133
26039,51.123325
26040,9.222094
26041,-1.5650209
26042,-2.4372015
26043,-2.7077782
26044,53.56434
26045,75.95535
26046,252.94524
26047,220.61809
26048,166.81552
26049,96.95551
26050,90.299866
26051,118.63414
26052,123.16405
26053,116.76848
26054,77.07283
26055,4.925543
26056,45.76617
26057,78.92695
26058,107.762924
26059,114.93329
26060,180.1973
26061,207.30615
26062,177.85803
26063,213.97382
26064,159.04106
26065,169.22687
26066,220.7955
26067,317.678
26068,374.3965
26069,350.07712
26070,393.8631
26071,416.7771
26072,411.9498
26073,374.7811
26074,390.671
26075,443.61584
26076,458.1485
26077,508.61517
26078,473.25854
26079,452.85196
26080,421.12622
26081,385.3847
26082,340.83237
26083,331.9661
26084,308.90787
26085,332.02463
26086,308.99765
26087,135.94676
26088,5.5582447
26089,8.512602
26090,-1.361281
26091,-7.916738
26092,-1.7486202
26093,28.729414
26094,1.4894755
26095,-2.5968597
26096,-1.1239443
26097,79.824165
26098,33.491745
26099,32.681515
26100,27.939388
26101,6.06237
26102,-6.486975
26103,-3.7318032
26104,-0.5176157
26105,-0.4512704
26106,-0.55154055
26107,-0.5393622
26108,-0.44502413
26109,-0.36439782
26110,-0.30772686
26111,-0.23818368
26112,-0.18938111
26113,-0.16050428
26114,-0.14744584
26115,-0.26437816
26116,-0.34336615
26117,-0.25242162
26118,-0.2433978
26119,-0.235532
26120,-0.20637722
26121,-0.2150899
26122,-0.21141824
26123,-0.21112455
26124,-0.19845429
26125,-0.19526733
26126,-0.2017653
26127,-0.20377465
26128,-0.20269075
26129,-0.19988596
26130,-0.22215673
26131,-0.2508727
26132,-0.23045427
26133,-0.25425148
26134,-0.28797397
26135,-0.2665109
26136,-0.3013023
26137,-0.24638851
26138,-0.2562759
26139,-0.19464378
26140,-0.1992559
26141,-0.2277206
26142,-0.21022944
26143,-0.25074372
26144,-0.2646488
26145,-0.31027037
26146,-0.3482721
26147,-0.72230077
26148,-0.34463397
26149,-0.39805925
26150,-0.6655647
26151,-3.3242097
26152,-2.0267806
26153,-0.39469883
26154,-0.49408484
26155,-0.40908158
26156,-0.5381025
26157,-0.3391198
26158,-0.51355934
26159,-0.40658945
26160,-0.4564858
26161,-0.65649563
26162,-0.37443647
26163,-0.34760672
26164,-0.3563631
26165,-0.82890165
26166,-0.69908637
26167,-0.31523645
26168,23.855738
26169,87.50632
26170,162.22609
26171,145.76451
26172,111.769646
26173,83.78196
26174,22.958206
26175,12.171888
26176,-3.7030485
26177,-0.54329133
26178,-0.5304178
26179,-0.6430696
26180,-0.49585447
26181,-0.47186062
26182,-0.4886117
26183,-0.5392539
26184,-0.5434101
26185,-0.54487115
26186,-0.5392762
26187,-0.55612093
26188,-0.5686236
26189,-0.5051344
26190,-0.49301818
26191,-0.45546624
26192,-0.48883492
26193,-0.44830582
26194,-0.44797486
26195,-0.45669976
26196,-0.4553079
26197,-0.52168983
26198,-0.55332226
26199,-0.504447
26200,30.23079
26201,72.21379
26202,52.755554
26203,14.480921
26204,-5.8417897
26205,-0.88388646
26206,-3.4902952
26207,-0.34264722
26208,-0.25593194
26209,-0.24725628
26210,-0.22158979
26211,-0.24505208
26212,-0.2417727
26213,-0.22811973
26214,-0.2339956
26215,-0.29026005
26216,-0.33122626
26217,-0.3267261
26218,-0.47104844
26219,-0.3459163
26220,-0.37499574
26221,-0.36656323
26222,-0.3671761
26223,-0.37937406
26224,-0.36261907
26225,-0.33759785
26226,-0.31749856
26227,-0.27110714
26228,-0.3534223
26229,-0.3185744
26230,-0.31743398
26231,-0.28921303
26232,-0.32843098
26233,-0.32919756
26234,-0.3093968
26235,-0.3124568
26236,-0.34123456
26237,-0.33984646
26238,-0.33268633
26239,-0.33007142
26240,-0.34814906
26241,-0.3543951
26242,-0.38886452
26243,-0.38886452
26244,-0.3652817
26245,-0.3375734
26246,-0.4834838
26247,-0.41126472
26248,-0.38861582
26249,-0.4718059
26250,-0.48881218
26251,-0.37004784
26252,-0.41127813
26253,-0.5247764
26254,-0.38728383
26255,-0.5643797
26256,-0.5933368
26257,-0.40428984
26258,-0.6757621
26259,-0.6484413
26260,-0.6657164
26261,-0.6504975
26262,-0.56524
26263,-0.6298204
26264,-0.6869545
26265,-0.68647045
26266,-0.7141867
26267,-0.7141867
26268,-0.6958514
26269,-0.61687917
26270,-1.0342884
26271,-1.026288
26272,-0.87164164
26273,-1.1991386
26274,-0.9446004
26275,-0.91503114
26276,-1.1343298
26277,-1.1214675
26278,-1.1330686
26279,-1.1392773
26280,-0.9685121
26281,-0.99843293
26282,-0.924757
26283,-0.90561867
26284,-0.88489383
26285,-0.8830517
26286,-0.70228344
26287,-0.93602633
26288,-1.1523519
26289,-1.0293738
26290,-0.8684482
26291,-0.88986665
26292,-1.0612684
26293,-1.1126378
26294,-0.739501
26295,-0.78547
26296,-0.78002924
26297,-0.78843975
26298,-0.8281239
26299,-0.76528007
26300,-0.81737167
26301,-0.98421854
26302,-0.9657773
26303,-1.4581945
26304,-0.8720493
26305,-1.3162407
26306,-0.34833625
26307,-0.31486797
26308,-0.34692913
26309,-0.470523
26310,-0.92024004
26311,10.137369
26312,49.01918
26313,69.80586
26314,64.727554
26315,82.62805
26316,82.893715
26317,91.40185
26318,100.470116
26319,90.96359
26320,106.121864
26321,108.42537
26322,83.01095
26323,61.350163
26324,65.06229
26325,75.66671
26326,114.93383
26327,115.09964
26328,146.86847
26329,124.44627
26330,113.23993
26331,113.20314
26332,117.14066
26333,90.30682
26334,78.97134
26335,50.410942
26336,49.43595
26337,19.119026
26338,19.150038
26339,51.73117
26340,40.594418
26341,21.771038
26342,23.493338
26343,11.670181
26344,13.079831
26345,13.454112
26346,14.1110525
26347,18.879263
26348,33.301895
26349,44.83154
26350,61.21674
26351,120.03958
26352,98.38199
26353,77.63516
26354,77.88131
26355,82.71017
26356,104.214035
26357,100.37643
26358,110.512085
26359,102.16712
26360,90.47388
26361,118.35869
26362,156.27046
26363,140.90375
26364,94.83705
26365,66.810646
26366,105.26974
26367,89.25922
26368,138.19676
26369,131.71454
26370,169.21672
26371,201.0188
26372,196.70729
26373,118.11194
26374,69.67679
26375,73.39258
26376,162.73407
26377,125.47574
26378,108.52488
26379,55.748913
26380,85.763306
26381,16.65727
26382,-2.4894483
26383,25.547276
26384,-0.15382913
26385,21.07481
26386,14.920505
26387,8.015459
26388,41.06067
26389,97.23706
26390,65.29511
26391,90.723366
26392,55.18392
26393,16.510426
26394,26.403477
26395,28.814304
26396,10.738571
26397,29.559134
26398,62.923893
26399,13.23918
26400,-1.3244418
26401,-2.0507965
26402,4.27085
26403,-0.6916815
26404,-1.669519
26405,-1.1973377
26406,-0.8891154
26407,-0.79577327
26408,-0.51198816
26409,-0.66029686
26410,-0.52768064
26411,-0.37395796
26412,-0.3878958
26413,-0.48000816
26414,-0.37375525
26415,-0.37455013
26416,-0.6234284
26417,-0.48257658
26418,-0.6129759
26419,-0.66648006
26420,-0.5835989
26421,-0.45881945
26422,-0.46043372
26423,-1.0439795
26424,-0.26010454
26425,-0.8320984
26426,-0.6008458
26427,-0.6669875
26428,-0.4601067
26429,29.069466
26430,14.105518
26431,5.972618
26432,78.89746
26433,29.048779
26434,43.71238
26435,47.131676
26436,51.999737
26437,284.8228
26438,150.93288
26439,126.12197
26440,178.79716
26441,114.66868
26442,116.7488
26443,95.14968
26444,228.3053
26445,241.99986
26446,189.93433
26447,251.2751
26448,319.4316
26449,319.40512
26450,287.16486
26451,436.1897
26452,546.42914
26453,496.562
26454,468.2452
26455,515.6498
26456,559.22375
26457,406.7142
26458,430.88266
26459,411.31082
26460,444.76877
26461,666.2716
26462,781.97614
26463,1143.1022
26464,732.0971
26465,544.4605
26466,555.5806
26467,479.76483
26468,351.12286
26469,325.84528
26470,428.25616
26471,547.2535
26472,209.64789
26473,112.86852
26474,82.64941
26475,62.78872
26476,-1.2921423
26477,-1.5371242
26478,60.41547
26479,40.25535
26480,85.01666
26481,30.451365
26482,46.27565
26483,86.35572
26484,44.452347
26485,44.70694
26486,73.24371
26487,82.766
26488,94.748314
26489,76.120056
26490,16.458424
26491,-1.2370473
26492,-1.7245011
26493,-2.0692337
26494,7.8466134
26495,72.54317
26496,151.44868
26497,104.07945
26498,262.3337
26499,470.428
26500,507.28085
26501,555.34186
26502,723.73517
26503,857.3797
26504,770.8229
26505,646.24194
26506,713.5201
26507,768.90906
26508,938.4039
26509,1068.8944
26510,976.36523
26511,804.3404
26512,895.45166
26513,839.1164
26514,883.27234
26515,887.16003
26516,808.06177
26517,585.66907
26518,651.98145
26519,601.93677
26520,488.4949
26521,538.0737
26522,365.04977
26523,244.67958
26524,349.65588
26525,251.84352
26526,429.21295
26527,375.38004
26528,192.11777
26529,538.6614
26530,371.32794
26531,397.52927
26532,265.86877
26533,282.14566
26534,500.16956
26535,299.90088
26536,265.35495
26537,307.33047
26538,453.75937
26539,297.4843
26540,275.96103
26541,462.38528
26542,419.43106
26543,382.3782
26544,287.4464
26545,304.70972
26546,277.10153
26547,159.788
26548,207.87791
26549,342.8534
26550,484.51477
26551,429.09058
26552,551.775
26553,507.05606
26554,295.27792
26555,32.884075
26556,139.31165
26557,220.03242
26558,216.7967
26559,218.60788
26560,190.43593
26561,141.53743
26562,222.58652
26563,169.2392
26564,169.66829
26565,170.99829
26566,123.56202
26567,264.86694
26568,304.65503
26569,185.53099
26570,261.88397
26571,214.59229
26572,136.80142
26573,168.69601
26574,160.44182
26575,269.78943
26576,176.27888
26577,93.90354
26578,134.74011
26579,59.850063
26580,134.54648
26581,68.75423
26582,42.65388
26583,-3.638768
26584,40.4659
26585,16.750792
26586,30.426086
26587,29.176685
26588,26.27177
26589,19.844378
26590,17.072916
26591,42.112335
26592,73.13714
26593,119.37018
26594,108.27428
26595,112.15702
26596,85.85366
26597,53.624744
26598,88.96544
26599,76.82376
26600,60.23915
26601,62.676105
26602,64.04231
26603,95.2373
26604,171.39668
26605,192.36502
26606,191.34529
26607,130.67117
26608,139.5886
26609,196.54857
26610,249.88995
26611,254.14659
26612,170.59363
26613,161.06271
26614,59.803326
26615,38.150093
26616,15.523222
26617,14.065508
26618,6.9862757
26619,-4.119312
26620,-1.4890555
26621,-1.6071968
26622,-1.7245995
26623,-1.6425012
26624,-1.5740341
26625,-1.5101705
26626,-1.464316
26627,-1.3667189
26628,-1.1787703
26629,-1.5228379
26630,-1.5844458
26631,-1.5733439
26632,-1.568141
26633,-1.5751269
26634,-1.1651474
26635,-0.61942196
26636,-0.5082315
26637,-0.50576407
26638,-0.4647967
26639,-0.45001376
26640,-0.4177127
26641,-0.43593085
26642,-0.42524427
26643,-0.50830334
26644,-0.45892006
26645,-0.45028383
26646,-0.44711524
26647,-1.126608
26648,-0.7109708
26649,-0.6343207
26650,-0.70240057
26651,-0.756877
26652,-0.6366298
26653,-0.5203635
26654,-0.5176752
26655,-0.5449276
26656,-0.8823965
26657,-0.6708597
26658,-0.54567146
26659,-0.3600738
26660,-0.43920112
26661,-0.4326579
26662,-0.4188493
26663,-0.3953495
26664,-0.39791495
26665,-0.37724012
26666,-0.34627053
26667,-0.36769798
26668,-0.36119294
26669,-0.41867188
26670,-0.3540317
26671,-0.3540317
26672,-0.3908759
26673,-0.33285668
26674,-0.3569385
26675,-0.3811487
26676,-0.39906654
26677,-0.4146951
26678,-0.41133186
26679,-0.44638577
26680,-0.7403657
26681,-0.7421401
26682,-0.6277948
26683,-0.71502554
26684,-1.7518473
26685,-2.7652626
26686,12.464279
26687,96.2022
26688,44.103733
26689,92.62238
26690,111.46839
26691,147.171
26692,147.5668
26693,140.46272
26694,145.64362
26695,138.94208
26696,237.42435
26697,269.54132
26698,135.33623
26699,208.18344
26700,331.28876
26701,332.75812
26702,316.2341
26703,164.93507
26704,185.90126
26705,309.30994
26706,214.50696
26707,145.7354
26708,160.07924
26709,56.320526
26710,50.16327
26711,6.2030096
26712,-2.70611
26713,27.252272
26714,77.29039
26715,134.59334
26716,47.17096
26717,43.62416
26718,41.788795
26719,3.0888891
26720,-0.9966816
26721,61.216732
26722,47.599213
26723,21.971308
26724,30.264181
26725,69.73953
26726,89.50551
26727,67.84653
26728,62.68805
26729,-0.4355663
26730,-2.3591912
26731,-1.5152647
26732,27.034386
26733,19.852358
26734,32.36371
26735,-1.5152992
26736,-4.360356
26737,8.540383
26738,47.78578
26739,22.455006
26740,-1.5109819
26741,-1.4184542
26742,-1.1073219
26743,-1.0812432
26744,-0.01849328
26745,41.80556
26746,43.224796
26747,70.72704
26748,97.120995
26749,123.63502
26750,216.31429
26751,110.99874
26752,209.52295
26753,126.32889
26754,4.067643
26755,31.167694
26756,74.56267
26757,97.35909
26758,78.12891
26759,55.2404
26760,5.3815746
26761,-2.0920136
26762,-1.8744223
26763,-1.7466171
26764,-1.9474299
26765,-1.6672138
26766,-1.5974021
26767,-2.0593953
26768,343.20792
26769,668.90967
26770,288.763
26771,129.90567
26772,24.302073
26773,14.457459
26774,-0.49985638
26775,-0.59421396
26776,-0.5009385
26777,-0.48698634
26778,-0.51757115
26779,-0.5223041
26780,-0.28659415
26781,-0.23916882
26782,-0.24215002
26783,-0.28602093
26784,-0.45462668
26785,-0.46639377
26786,107.09007
26787,232.96422
26788,43.435436
26789,-1.3640555
26790,-3.6657019
26791,-0.55711657
26792,-0.6071511
26793,-0.5811243
26794,-0.53876954
26795,-0.44130874
26796,-0.5176376
26797,-0.42524987
26798,-0.39890942
26799,-0.46799958
26800,25.61769
26801,51.034542
26802,83.27012
26803,8.120387
26804,-0.22037217
26805,-0.2068343
26806,-0.20275299
26807,-0.19620726
26808,-0.198592
26809,-0.23377591
26810,-0.25024945
26811,-0.24615598
26812,-0.26182875
26813,-0.27083027
26814,-0.2598147
26815,-0.24062423
26816,-0.32562646
26817,-0.320829
26818,-0.327158
26819,-0.3734694
26820,-0.2667638
26821,-0.2764381
26822,-0.30993965
26823,-0.27003074
26824,-0.28317904
26825,-0.27456325
26826,-0.27456325
26827,-0.29086664
26828,-0.44957924
26829,-0.45190337
26830,-0.39203444
26831,-0.42023402
26832,-0.5111
26833,15.863565
26834,255.54567
26835,453.86612
26836,352.14615
26837,464.5602
26838,523.4596
26839,551.9278
26840,337.37494
26841,375.70587
26842,416.9826
26843,151.0025
26844,33.646343
26845,-3.0583365
26846,-1.9585243
26847,-1.4904135
26848,-1.571647
26849,17.80891
26850,-2.8758838
26851,-2.1795228
26852,-1.3055841
26853,-0.7641527
26854,-0.6874404
26855,-0.58431125
26856,-0.54906183
26857,-0.5272418
26858,-0.6152169
26859,15.304542
26860,39.998764
26861,91.642456
26862,70.473755
26863,134.93153
26864,53.34857
26865,27.49631
26866,-0.5880595
26867,-0.19927396
26868,-0.24773048
26869,-0.44979915
26870,-0.5357865
26871,-0.6086737
26872,-0.51050436
26873,-0.5140457
26874,-0.52698886
26875,-0.6089736
26876,-0.6247512
26877,107.027275
26878,150.96793
26879,335.60043
26880,443.43173
26881,963.8374
26882,1388.9718
26883,1302.6517
26884,1363.3835
26885,1360.6403
26886,1406.3325
26887,822.60004
26888,702.12726
26889,693.2252
26890,599.4031
26891,235.56947
26892,102.74852
26893,69.761406
26894,115.323906
26895,183.2442
26896,179.64484
26897,155.01195
26898,177.39378
26899,234.49869
26900,316.24738
26901,222.28526
26902,206.09586
26903,414.84354
26904,486.06555
26905,533.6186
26906,462.29956
26907,196.52835
26908,162.57056
26909,170.65129
26910,262.4121
26911,288.07257
26912,244.17145
26913,214.78679
26914,228.43568
26915,194.2451
26916,181.79047
26917,119.55509
26918,61.154736
26919,8.93686
26920,-0.40789345
26921,-0.62088925
26922,-0.44579673
26923,-0.39382693
26924,-0.6442954
26925,-0.7101622
26926,-0.52453196
26927,-0.8453304
26928,-0.60697967
26929,46.557335
26930,85.44308
26931,62.27716
26932,67.023285
26933,76.37674
26934,199.86768
26935,236.62965
26936,131.15123
26937,126.71974
26938,179.34972
26939,221.27234
26940,402.58597
26941,343.33752
26942,374.78342
26943,330.86786
26944,347.93716
26945,407.6366
26946,406.50192
26947,282.39383
26948,268.20755
26949,336.6233
26950,255.58727
26951,367.35303
26952,551.06177
26953,322.29855
26954,563.3593
26955,334.05426
26956,485.90204
26957,505.5588
26958,430.0952
26959,523.0299
26960,578.2853
26961,444.8908
26962,507.89456
26963,584.01636
26964,531.1156
26965,649.0452
26966,703.5218
26967,678.37946
26968,558.3457
26969,371.14
26970,493.18097
26971,205.09882
26972,115.90372
26973,88.89086
26974,101.07514
26975,114.22025
26976,72.742455
26977,89.5266
26978,31.699911
26979,172.55927
26980,170.27133
26981,96.243256
26982,113.48741
26983,105.09918
26984,113.414505
26985,89.34375
26986,117.49892
26987,47.02077
26988,83.46345
26989,60.50298
26990,22.993052
26991,38.868298
26992,42.296593
26993,22.168718
26994,36.02119
26995,-0.9921082
26996,-0.70130044
26997,93.651886
26998,87.60484
26999,125.11495
27000,80.50605
27001,95.30657
27002,36.474636
27003,4.9555254
27004,115.491844
27005,353.64276
27006,235.69838
27007,140.6641
27008,36.101223
27009,41.185543
27010,38.921658
27011,6.1756153
27012,-2.7424107
27013,-0.36826247
27014,-0.36200547
27015,-0.18099654
27016,-0.1692084
27017,-0.08244102
27018,51.392532
27019,79.891365
27020,127.739784
27021,189.77435
27022,165.73524
27023,75.15662
27024,143.45197
27025,215.3356
27026,372.64755
27027,335.38297
27028,322.31116
27029,405.57056
27030,528.67236
27031,590.57837
27032,572.3271
27033,394.92618
27034,423.16736
27035,367.61844
27036,377.85376
27037,316.57455
27038,414.37085
27039,373.8603
27040,234.799
27041,334.86826
27042,415.99664
27043,484.17377
27044,377.42902
27045,283.78415
27046,287.5108
27047,354.2191
27048,475.68488
27049,434.7343
27050,486.9735
27051,548.7095
27052,516.68884
27053,619.4384
27054,457.4202
27055,298.17798
27056,332.57764
27057,306.4487
27058,395.55194
27059,394.25958
27060,489.99545
27061,508.0758
27062,442.39905
27063,341.39868
27064,345.28537
27065,261.92838
27066,167.57695
27067,169.98466
27068,280.05862
27069,234.1124
27070,220.1132
27071,195.51976
27072,230.91934
27073,260.29846
27074,195.82388
27075,160.07317
27076,214.86299
27077,268.92593
27078,191.7164
27079,170.31718
27080,186.48607
27081,223.07419
27082,241.72975
27083,238.48637
27084,195.60184
27085,252.48656
27086,164.26163
27087,229.18138
27088,233.60295
27089,247.80603
27090,153.17464
27091,136.52034
27092,142.86536
27093,203.73175
27094,150.19403
27095,109.53684
27096,168.6404
27097,97.89599
27098,103.219124
27099,105.779625
27100,112.79758
27101,106.855995
27102,109.57729
27103,40.770153
27104,59.289715
27105,92.21974
27106,124.061455
27107,157.27939
27108,62.23232
27109,74.74124
27110,103.641365
27111,6.401801
27112,-2.7159753
27113,-1.4462475
27114,83.16783
27115,99.818695
27116,127.51041
27117,84.51883
27118,126.73953
27119,89.03708
27120,95.3263
27121,130.10626
27122,272.20007
27123,187.13045
27124,203.25383
27125,123.57848
27126,292.83807
27127,427.02945
27128,365.37863
27129,228.58179
27130,326.21762
27131,366.0382
27132,352.72076
27133,226.90967
27134,504.37195
27135,454.64185
27136,443.3119
27137,630.2008
27138,681.48047
27139,320.33685
27140,320.43204
27141,169.76726
27142,338.21243
27143,396.1124
27144,245.55939
27145,247.6635
27146,398.6802
27147,230.89516
27148,520.1834
27149,486.40158
27150,747.58417
27151,489.4398
27152,815.1921
27153,671.9791
27154,698.53125
27155,561.2592
27156,485.95813
27157,343.9388
27158,613.8131
27159,480.0977
27160,504.76263
27161,317.8722
27162,420.3313
27163,327.6197
27164,208.37527
27165,305.85294
27166,174.1815
27167,123.454605
27168,83.63089
27169,85.331
27170,91.05801
27171,117.63271
27172,135.42532
27173,113.712494
27174,80.655754
27175,64.339554
27176,23.14058
27177,17.901861
27178,45.169716
27179,75.51806
27180,74.0133
27181,92.062454
27182,103.6554
27183,117.20831
27184,153.58838
27185,203.57536
27186,146.92323
27187,186.14871
27188,232.51466
27189,180.43768
27190,156.41985
27191,218.4502
27192,201.16528
27193,189.36282
27194,249.2392
27195,268.73563
27196,357.27463
27197,332.95615
27198,309.45172
27199,440.3999
27200,549.0557
27201,489.84515
27202,490.1552
27203,441.60666
27204,545.71643
27205,678.8801
27206,623.32135
27207,636.0009
27208,626.01776
27209,676.8784
27210,590.31696
27211,546.87537
27212,508.76938
27213,417.57523
27214,428.4353
27215,436.51703
27216,483.78918
27217,519.5321
27218,541.48083
27219,489.02435
27220,503.13818
27221,558.1201
27222,697.3691
27223,666.5758
27224,742.3914
27225,851.6082
27226,987.82837
27227,982.5935
27228,981.152
27229,1089.5282
27230,817.6947
27231,880.4941
27232,913.7164
27233,910.1653
27234,789.6268
27235,772.73944
27236,866.3386
27237,714.8926
27238,622.91547
27239,873.7406
27240,910.13727
27241,1060.8215
27242,1185.8724
27243,1262.5002
27244,911.6127
27245,1455.4109
27246,1781.892
27247,1242.3401
27248,1294.6649
27249,1513.7579
27250,1303.9733
27251,1478.8545
27252,1490.5466
27253,1612.2369
27254,1419.3068
27255,1684.3976
27256,1236.5068
27257,901.47406
27258,1207.5775
27259,1276.4353
27260,1195.2825
27261,1422.191
27262,1152.3735
27263,1029.99
27264,991.91907
27265,1256.9406
27266,1791.1442
27267,1472.8466
27268,1196.4408
27269,1459.2366
27270,1618.4348
27271,1476.8702
27272,1420.6254
27273,1478.838
27274,1000.7782
27275,1429.5317
27276,1048.0115
27277,786.90466
27278,1457.5947
27279,1351.5376
27280,1776.6302
27281,1239.5055
27282,1399.8274
27283,1003.0257
27284,1032.1024
27285,1076.8845
27286,1192.915
27287,1228.7538
27288,1482.5275
27289,1511.3544
27290,1410.6947
27291,879.23804
27292,763.2215
27293,927.1462
27294,656.5996
27295,927.7094
27296,804.52686
27297,1116.6959
27298,970.1021
27299,1347.5006
27300,502.4153
27301,434.12137
27302,249.1654
27303,183.56079
27304,129.16759
27305,121.82364
27306,126.787506
27307,121.71807
27308,86.758835
27309,122.470314
27310,85.76041
27311,114.0944
27312,126.8871
27313,92.45765
27314,47.6457
27315,88.31989
27316,97.23463
27317,126.5667
27318,121.748985
27319,34.5802
27320,89.15263
27321,67.890045
27322,133.51784
27323,81.0878
27324,27.78416
27325,-3.5587618
27326,9.70024
27327,22.111013
27328,22.018217
27329,21.816261
27330,36.22159
27331,27.68125
27332,31.190145
27333,53.671616
27334,108.94774
27335,142.76518
27336,76.23798
27337,9.573051
27338,80.92284
27339,133.97395
27340,101.66096
27341,140.73466
27342,76.78212
27343,107.56577
27344,133.50499
27345,146.40233
27346,255.69835
27347,275.5489
27348,197.96007
27349,127.79651
27350,102.435524
27351,98.573975
27352,136.96736
27353,139.03035
27354,106.507
27355,102.74197
27356,112.97589
27357,100.88187
27358,144.31673
27359,207.26024
27360,172.28418
27361,139.9555
27362,104.63542
27363,92.152145
27364,71.384384
27365,103.97503
27366,124.07676
27367,154.29608
27368,124.26998
27369,131.21843
27370,144.94061
27371,135.82283
27372,135.4778
27373,150.1923
27374,140.68553
27375,107.29129
27376,78.828156
27377,67.53874
27378,91.79403
27379,199.48297
27380,133.561
27381,87.16386
27382,126.06209
27383,204.22224
27384,250.67604
27385,212.38411
27386,135.4192
27387,194.44386
27388,197.01938
27389,209.95078
27390,256.16263
27391,216.27707
27392,142.75725
27393,95.647675
27394,41.221813
27395,34.160225
27396,49.61447
27397,4.6532555
27398,-2.7445982
27399,-2.8207314
27400,-2.600222
27401,-1.6756718
27402,-1.0968992
27403,-0.7353762
27404,-0.70542663
27405,-0.3383869
27406,-0.5107416
27407,-0.52348864
27408,-0.4587092
27409,-0.24688901
27410,-0.3146922
27411,-0.56699985
27412,-0.44179046
27413,-0.3245204
27414,-0.3798288
27415,-0.3085748
27416,-0.3748784
27417,-0.65658164
27418,-0.43630525
27419,-0.4550496
27420,-0.2577096
27421,-0.35139924
27422,-0.5902753
27423,-0.42854574
27424,-0.4803251
27425,-0.4910792
27426,-0.6404144
27427,-0.60719466
27428,-0.56750906
27429,40.58394
27430,144.29672
27431,184.56387
27432,270.5958
27433,168.04927
27434,74.1542
27435,48.731888
27436,43.618862
27437,8.282964
27438,-6.7997065
27439,-3.0474017
27440,-0.43718484
27441,-0.41653588
27442,-0.3365616
27443,-0.23332652
27444,-0.29929978
27445,-0.38561383
27446,-0.42293042
27447,-0.45544317
27448,-0.38844034
27449,-0.56156
27450,-0.5003055
27451,-0.49140367
27452,-0.4375953
27453,-0.32188213
27454,-0.2876831
27455,-0.23105325
27456,-0.21896532
27457,-0.21702152
27458,-0.24930237
27459,-0.20499331
27460,-0.18740194
27461,-0.20335625
27462,-0.1984083
27463,-0.1984083
27464,-0.22866449
27465,-0.2103361
27466,-0.2681019
27467,32.82891
27468,182.05986
27469,163.59605
27470,201.02634
27471,264.43372
27472,387.68524
27473,388.2176
27474,237.5046
27475,76.57987
27476,18.959671
27477,-3.768137
27478,-0.3919541
27479,-0.36112756
27480,-0.42540494
27481,-0.43862292
27482,-0.44416574
27483,0.5981068
27484,75.90513
27485,160.69994
27486,262.19086
27487,329.59012
27488,248.4401
27489,180.09119
27490,145.13979
27491,75.68739
27492,206.84106
27493,281.03842
27494,329.5655
27495,496.9766
27496,469.94498
27497,373.36386
27498,440.71927
27499,396.3691
27500,206.86101
27501,435.01306
27502,443.24893
27503,205.19023
27504,279.67233
27505,155.20816
27506,338.35962
27507,309.88037
27508,400.35535
27509,415.3754
27510,206.9284
27511,344.81454
27512,413.83963
27513,698.1832
27514,562.4871
27515,387.53714
27516,404.42642
27517,337.93
27518,835.9358
27519,670.1359
27520,371.11307
27521,674.46155
27522,600.46814
27523,470.75082
27524,694.0624
27525,462.2306
27526,644.9723
27527,591.1595
27528,421.50906
27529,472.5369
27530,529.2644
27531,259.1573
27532,274.5832
27533,303.65225
27534,448.9531
27535,331.52554
27536,240.84174
27537,305.6607
27538,690.7834
27539,424.20712
27540,655.06024
27541,328.96423
27542,785.5334
27543,770.9324
27544,509.33212
27545,511.76215
27546,581.8707
27547,391.12363
27548,361.38214
27549,542.98535
27550,518.2601
27551,669.50543
27552,411.6197
27553,412.64368
27554,429.7045
27555,431.25433
27556,390.9605
27557,199.9194
27558,264.90027
27559,191.3433
27560,220.43752
27561,293.6164
27562,301.99738
27563,240.4836
27564,230.14099
27565,158.22786
27566,116.70264
27567,143.27786
27568,248.60262
27569,210.32361
27570,198.63539
27571,210.99713
27572,131.13448
27573,113.22577
27574,66.930374
27575,108.9459
27576,321.20963
27577,288.80356
27578,121.55023
27579,137.87424
27580,135.7363
27581,144.68434
27582,193.52469
27583,309.09116
27584,325.19284
27585,362.63367
27586,401.82343
27587,346.73584
27588,246.28117
27589,246.88756
27590,305.4721
27591,347.83392
27592,305.75787
27593,213.48741
27594,97.25961
27595,50.921425
27596,42.842796
27597,16.125927
27598,-0.79093313
27599,-6.5360756
27600,-6.4766984
27601,2.6057491
27602,-6.612533
27603,-2.8875957
27604,-0.36521104
27605,-0.35413185
27606,-0.43837544
27607,-0.4003432
27608,-0.39599797
27609,-0.40934396
27610,-0.4117695
27611,-0.36317074
27612,-0.3001417
27613,-0.44044542
27614,-0.3607832
27615,-0.3188292
27616,-0.34129134
27617,-0.39398846
27618,-0.35468313
27619,-0.1849918
27620,-0.29961708
27621,-0.22430295
27622,-0.23169468
27623,-0.21842891
27624,-0.27667046
27625,-0.27140656
27626,-0.4617057
27627,-0.4171894
27628,-0.39919552
27629,-0.4618676
27630,-0.48017615
27631,-0.4418887
27632,-0.43011707
27633,-0.39240146
27634,-0.41504255
27635,-0.45639116
27636,-0.36663857
27637,-0.46385646
27638,-0.4205724
27639,-0.25752813
27640,-0.24212366
27641,-0.47786766
27642,-0.27782238
27643,-0.29732707
27644,-0.26622662
27645,-0.2625131
27646,-0.26894644
27647,-0.24144201
27648,-0.35942316
27649,-0.36261976
27650,-0.3019184
27651,-0.6657545
27652,-0.6279066
27653,-0.76545703
27654,18.877203
27655,0.5240615
27656,2.2922037
27657,28.072847
27658,-0.38119206
27659,-0.38112068
27660,0.98087597
27661,-4.2226043
27662,-0.43322805
27663,8.121362
27664,11.564972
27665,-0.30367765
27666,-0.5451318
27667,-0.49840632
27668,-0.8698974
27669,4.194508
27670,60.15723
27671,5.095087
27672,-0.40855345
27673,-0.6782416
27674,-0.48111135
27675,34.27726
27676,-0.3747469
27677,-0.7333967
27678,-0.6436037
27679,-0.5168774
27680,-0.7202579
27681,-0.64446425
27682,-0.61476165
27683,-0.66902107
27684,-0.5483103
27685,-0.30886552
27686,-0.5310238
27687,-0.6823388
27688,-0.533755
27689,-0.52949214
27690,-0.6428605
27691,-0.5654269
27692,-0.5679931
27693,-0.5100702
27694,-0.53990895
27695,-0.52809715
27696,-0.5168494
27697,-0.62693167
27698,-0.456791
27699,-0.5197799
27700,-0.47979367
27701,-0.3748085
27702,-0.7135727
27703,-0.5347562
27704,-0.71956974
27705,-0.7329635
27706,-0.5660862
27707,-0.54969
27708,-0.54908395
27709,-0.5553738
27710,-0.54632413
27711,-0.54932344
27712,-0.5490194
27713,-0.561962
27714,-0.53894603
27715,-0.4846334
27716,-0.4446315
27717,-0.65274423
27718,-0.5471859
27719,-0.54445386
27720,-0.6874162
27721,-0.60956246
27722,-0.66595995
27723,-0.58260715
27724,-0.6513547
27725,-0.61938375
27726,14.336228
27727,52.094147
27728,12.664077
27729,6.490277
27730,81.59125
27731,182.05888
27732,270.80432
27733,105.80159
27734,-2.9252589
27735,-0.42095193
27736,-0.3894314
27737,-0.45923743
27738,-0.5557158
27739,-0.25717753
27740,-0.32659957
27741,-0.39334765
27742,-0.37717
27743,-0.47164366
27744,6.9546075
27745,47.96846
27746,55.701565
27747,92.10899
27748,63.77302
27749,73.506355
27750,31.00189
27751,1.8893337
27752,-6.1458683
27753,28.538979
27754,5.3882184
27755,-0.23994747
27756,-0.15602857
27757,-0.22145179
27758,-0.4505136
27759,-0.48967415
27760,-0.476215
27761,-0.41870368
27762,-0.61325055
27763,-0.9877607
27764,-0.62176055
27765,37.730286
27766,67.27946
27767,74.75816
27768,130.1663
27769,53.094063
27770,18.251617
27771,63.603184
27772,-1.9897009
27773,10.211194
27774,90.580605
27775,43.191597
27776,44.590515
27777,8.252575
27778,-1.9700558
27779,-1.7343893
27780,-1.1130117
27781,-0.648522
27782,-0.36558038
27783,-0.542512
27784,-0.4474046
27785,-0.57966405
27786,0.4838549
27787,-1.248165
27788,-0.5879776
27789,-0.6605272
27790,-0.6640157
27791,-0.66955733
27792,-0.4729189
27793,-0.3074463
27794,-0.52535856
27795,-0.6108551
27796,-0.6115044
27797,-0.4582932
27798,22.976393
27799,-0.73954713
27800,13.739128
27801,-0.28064355
27802,-0.49630475
27803,-0.524071
27804,-0.5455112
27805,6.9664326
27806,60.258038
27807,54.286655
27808,20.844666
27809,-1.3444706
27810,26.515097
27811,-0.36768302
27812,-0.5368808
27813,31.102648
27814,48.012745
27815,28.396677
27816,24.507025
27817,-0.55643684
27818,-0.9565334
27819,-0.6711611
27820,-0.31163368
27821,-0.7754768
27822,-0.6888273
27823,-0.37711734
27824,-0.26374066
27825,-0.3655796
27826,-0.3356996
27827,-0.5401786
27828,30.00142
27829,36.04204
27830,25.13711
27831,20.958294
27832,30.14383
27833,6.119881
27834,8.880631
27835,13.83175
27836,15.845952
27837,15.890735
27838,14.982147
27839,17.324007
27840,13.460756
27841,32.720913
27842,36.413746
27843,18.292488
27844,14.894257
27845,13.862669
27846,10.749703
27847,10.315913
27848,15.051552
27849,17.213175
27850,21.6268
27851,17.851973
27852,48.44895
27853,35.190777
27854,13.290734
27855,1.0784388
27856,16.122124
27857,31.550364
27858,23.869122
27859,34.60479
27860,19.631765
27861,11.11238
27862,14.41528
27863,9.373019
27864,-6.0988975
27865,-3.5344512
27866,-5.281333
27867,-4.8556504
27868,-5.0402474
27869,-4.19697
27870,-1.4816275
27871,-1.1479313
27872,-0.60433483
27873,-0.39105576
27874,-0.43675396
27875,-0.4629829
27876,-0.5443618
27877,-0.44219506
27878,-0.65399665
27879,17.876907
27880,-2.8800988
27881,35.044685
27882,13.735576
27883,-1.3147432
27884,-0.78658366
27885,-0.4171775
27886,-0.48267874
27887,-0.40960512
27888,-0.5692037
27889,-0.2596028
27890,-1.1034952
27891,30.521143
27892,16.220966
27893,-2.364012
27894,-0.79452586
27895,-0.72124267
27896,-0.42219836
27897,-0.91124254
27898,-0.9160495
27899,-0.9219357
27900,-0.7974915
27901,-0.62350744
27902,-0.78214186
27903,-1.1899991
27904,-0.85206217
27905,-0.9161404
27906,-0.742208
27907,-0.82724047
27908,-0.8393161
27909,-0.9601781
27910,-1.0298417
27911,-0.6864503
27912,-0.63856673
27913,37.746902
27914,59.924583
27915,32.27016
27916,106.21255
27917,130.41808
27918,142.39148
27919,130.2206
27920,165.18176
27921,118.49152
27922,165.161
27923,193.8938
27924,215.38863
27925,216.12592
27926,205.36172
27927,273.95438
27928,319.3768
27929,338.48312
27930,349.28653
27931,374.57492
27932,365.41272
27933,399.6924
27934,347.7981
27935,238.18102
27936,182.38834
27937,155.97154
27938,161.27733
27939,168.7361
27940,205.74246
27941,232.15718
27942,232.3065
27943,254.25171
27944,244.72945
27945,282.48648
27946,304.97046
27947,349.47916
27948,342.23892
27949,322.01617
27950,219.52475
27951,177.38228
27952,158.38475
27953,183.24895
27954,220.04196
27955,212.54697
27956,198.31873
27957,191.6345
27958,188.96239
27959,197.16197
27960,247.84276
27961,230.0746
27962,274.7235
27963,299.4829
27964,354.5659
27965,305.7135
27966,253.2406
27967,198.28249
27968,200.76276
27969,210.53017
27970,249.94887
27971,235.92633
27972,226.14198
27973,185.45615
27974,267.59143
27975,236.39516
27976,212.81763
27977,172.31296
27978,241.37048
27979,284.93738
27980,265.62518
27981,245.70285
27982,249.00114
27983,261.62512
27984,199.47829
27985,142.17972
27986,92.663216
27987,89.685524
27988,124.107376
27989,146.5859
27990,85.31517
27991,66.012024
27992,56.448254
27993,47.103516
27994,54.195415
27995,42.233906
27996,59.961235
27997,51.908966
27998,40.32667
27999,47.563057
28000,67.94592
28001,52.476223
28002,75.3287
28003,54.635563
28004,23.677937
28005,22.010983
28006,10.703189
28007,-1.9025431
28008,42.766403
28009,20.311588
28010,-1.2234559
28011,39.772736
28012,85.59344
28013,69.12263
28014,50.837822
28015,15.90997
28016,63.981613
28017,38.177197
28018,193.40211
28019,88.91784
28020,219.85027
28021,366.16855
28022,116.04822
28023,94.44821
28024,216.1931
28025,198.31665
28026,203.01851
28027,158.41554
28028,146.59673
28029,98.59622
28030,225.71394
28031,200.80608
28032,113.75157
28033,226.1234
28034,312.1037
28035,256.7996
28036,78.71156
28037,363.38583
28038,268.1846
28039,194.32492
28040,173.48895
28041,241.15457
28042,154.91942
28043,166.12268
28044,121.21229
28045,262.2484
28046,70.03058
28047,102.99879
28048,220.89148
28049,200.06857
28050,324.35602
28051,151.40788
28052,103.5751
28053,221.19133
28054,257.50302
28055,102.331245
28056,145.75421
28057,37.75946
28058,9.347834
28059,38.76383
28060,24.212078
28061,32.387844
28062,27.220644
28063,27.899689
28064,17.026104
28065,26.027126
28066,61.37504
28067,52.826828
28068,88.403725
28069,109.44314
28070,156.9535
28071,200.62305
28072,179.28754
28073,138.97566
28074,191.58076
28075,163.0232
28076,134.14207
28077,138.8312
28078,103.83973
28079,127.367195
28080,116.23352
28081,139.28978
28082,145.8311
28083,138.72408
28084,159.99152
28085,185.39586
28086,200.87932
28087,268.32907
28088,292.5775
28089,268.23285
28090,364.09564
28091,550.89856
28092,384.6348
28093,301.532
28094,299.33646
28095,464.61102
28096,557.8528
28097,665.8307
28098,772.2145
28099,637.49994
28100,760.2052
28101,866.77826
28102,1012.46796
28103,656.04926
28104,666.1555
28105,683.4149
28106,947.09155
28107,715.5518
28108,606.3374
28109,694.7752
28110,816.4558
28111,739.1235
28112,657.4325
28113,644.84625
28114,539.3074
28115,357.06482
28116,673.252
28117,732.32623
28118,627.1719
28119,838.0164
28120,707.41376
28121,766.06323
28122,680.43353
28123,489.52402
28124,496.64554
28125,451.94608
28126,360.8359
28127,241.69579
28128,310.4705
28129,260.28784
28130,287.72064
28131,309.449
28132,252.34764
28133,248.84268
28134,184.8493
28135,183.9179
28136,219.80634
28137,216.87683
28138,237.11668
28139,206.35869
28140,201.51982
28141,229.44046
28142,151.85527
28143,257.74036
28144,173.09532
28145,89.35446
28146,92.98359
28147,217.83363
28148,438.3587
28149,413.68756
28150,402.45837
28151,225.45201
28152,116.22911
28153,60.70361
28154,233.64798
28155,84.19658
28156,262.1311
28157,212.77313
28158,209.7555
28159,106.07859
28160,83.2792
28161,186.81021
28162,136.33057
28163,154.624
28164,116.388664
28165,150.9201
28166,115.80399
28167,127.412506
28168,40.080254
28169,171.36697
28170,150.95294
28171,150.52045
28172,66.62156
28173,81.77161
28174,102.94421
28175,59.60978
28176,55.210213
28177,219.39462
28178,155.58362
28179,128.39925
28180,-0.7058349
28181,26.07287
28182,-1.9336522
28183,325.91205
28184,416.93106
28185,174.91652
28186,168.48012
28187,100.67911
28188,231.8674
28189,42.16243
28190,15.72658
28191,181.29489
28192,353.22415
28193,145.00816
28194,178.12444
28195,310.32108
28196,176.21587
28197,73.792564
28198,20.509182
28199,113.34926
28200,77.82059
28201,103.51156
28202,15.282871
28203,78.86685
28204,172.57108
28205,60.146404
28206,-2.5481794
28207,-2.1147375
28208,28.019602
28209,158.85094
28210,285.83777
28211,246.20947
28212,163.0256
28213,85.79959
28214,73.53715
28215,-0.5017126
28216,-1.3519399
28217,-1.263827
28218,-1.3083974
28219,-1.0747355
28220,-1.3094345
28221,-1.2920749
28222,11.426738
28223,12.785533
28224,30.164328
28225,58.825237
28226,50.704575
28227,77.16657
28228,289.55054
28229,554.54535
28230,772.1125
28231,628.25464
28232,583.77606
28233,591.7631
28234,530.31433
28235,452.2756
28236,355.1299
28237,373.67978
28238,948.2588
28239,928.9431
28240,1674.6736
28241,1111.6571
28242,687.13525
28243,803.7427
28244,913.11426
28245,1503.2297
28246,553.649
28247,335.27664
28248,274.80865
28249,685.6569
28250,1071.3826
28251,1442.0804
28252,1010.67737
28253,760.8064
28254,930.5504
28255,966.68085
28256,932.46014
28257,812.9917
28258,422.23965
28259,253.6842
28260,420.66327
28261,561.2797
28262,391.1689
28263,341.4685
28264,284.5137
28265,399.79922
28266,198.37447
28267,169.81813
28268,266.6878
28269,209.89684
28270,187.66582
28271,160.62502
28272,355.4178
28273,556.89355
28274,731.9271
28275,558.1124
28276,261.4461
28277,354.80542
28278,694.09924
28279,572.26666
28280,348.468
28281,298.26376
28282,310.45264
28283,343.3598
28284,463.05185
28285,454.54117
28286,391.65073
28287,284.54553
28288,291.33112
28289,506.30353
28290,383.23938
28291,204.32742
28292,201.7886
28293,261.82916
28294,186.44122
28295,313.3421
28296,472.34744
28297,300.868
28298,474.46887
28299,913.9378
28300,475.0048
28301,1226.8717
28302,1371.1724
28303,1332.4369
28304,821.45575
28305,895.91254
28306,989.1964
28307,1232.1643
28308,1222.22
28309,1086.0765
28310,1050.3492
28311,1517.5173
28312,1860.7277
28313,1600.4447
28314,1151.1196
28315,1539.9669
28316,1064.9045
28317,786.95795
28318,1328.3318
28319,1546.9718
28320,1196.2357
28321,736.66785
28322,1029.9471
28323,1401.4005
28324,1370.6244
28325,665.6635
28326,1124.5424
28327,1512.6663
28328,1183.6058
28329,1240.5812
28330,1353.7858
28331,1113.0259
28332,772.72943
28333,797.9291
28334,875.79474
28335,866.9543
28336,782.67163
28337,1064.5181
28338,1056.7606
28339,830.54346
28340,814.2315
28341,721.075
28342,599.8881
28343,669.268
28344,356.59958
28345,781.36066
28346,548.1388
28347,603.73004
28348,457.99414
28349,569.97876
28350,249.04457
28351,313.58832
28352,376.8147
28353,184.99556
28354,181.52576
28355,273.45496
28356,149.15097
28357,162.64442
28358,199.10492
28359,416.32593
28360,393.6636
28361,297.17697
28362,376.0798
28363,447.0329
28364,376.07126
28365,408.86603
28366,354.59085
28367,169.5887
28368,149.12874
28369,220.4736
28370,237.37105
28371,243.62001
28372,223.8623
28373,204.08224
28374,127.9257
28375,94.64473
28376,76.34989
28377,31.61618
28378,34.577
28379,24.867485
28380,41.97089
28381,42.403057
28382,58.079487
28383,44.194942
28384,47.125633
28385,10.959794
28386,45.948242
28387,78.396614
28388,82.966965
28389,73.897766
28390,91.37272
28391,86.03004
28392,79.84135
28393,43.166878
28394,31.488548
28395,67.821594
28396,54.054813
28397,15.5691185
28398,-0.63287646
28399,-0.52847165
28400,-0.4076835
28401,-0.24675585
28402,-0.49705964
28403,-0.4533458
28404,-0.5356214
28405,-0.432326
28406,0.46982282
28407,58.168854
28408,71.183426
28409,53.00834
28410,62.001873
28411,68.67003
28412,44.04178
28413,23.082338
28414,17.395247
28415,21.180075
28416,19.167133
28417,66.88051
28418,61.587418
28419,55.14904
28420,57.325207
28421,14.458461
28422,12.536512
28423,19.809986
28424,-0.8931569
28425,-3.3312619
28426,-0.56528074
28427,-0.5651607
28428,-0.5452034
28429,-0.53431565
28430,-0.54755473
28431,0.70072347
28432,17.58901
28433,10.665215
28434,18.664326
28435,43.736897
28436,26.068193
28437,25.415005
28438,-1.3517694
28439,-0.43258682
28440,-0.4716361
28441,-0.5225744
28442,-0.6129225
28443,-0.65207666
28444,-0.3936058
28445,-0.3303101
28446,2.5536084
28447,-0.4750763
28448,-0.5361031
28449,-0.45309672
28450,-0.3058398
28451,69.90647
28452,63.48688
28453,33.54967
28454,2.2106454
28455,2.2298918
28456,76.431816
28457,74.538895
28458,4.6507916
28459,-1.2021984
28460,-2.079597
28461,19.181269
28462,-1.9475099
28463,-4.4795156
28464,-0.55326957
28465,10.466759
28466,34.59994
28467,5.87407
28468,-0.4979527
28469,-0.42089084
28470,-0.34208745
28471,-0.5468927
28472,-0.56292105
28473,-0.629984
28474,-0.67020386
28475,-0.56517166
28476,-0.5871332
28477,54.48993
28478,8.760574
28479,-1.2433312
28480,-0.54577994
28481,-0.6342444
28482,-0.525996
28483,-0.44359052
28484,-0.40429252
28485,-0.40779227
28486,-0.40034068
28487,-0.45716324
28488,-0.52231836
28489,-0.945693
28490,26.443481
28491,65.972855
28492,35.48415
28493,15.673406
28494,8.035452
28495,-2.9203572
28496,-0.522647
28497,-0.5704117
28498,-0.5544766
28499,37.897675
28500,159.28534
28501,218.17792
28502,122.313705
28503,118.6063
28504,181.49088
28505,353.22015
28506,367.62735
28507,315.44467
28508,195.99414
28509,237.26259
28510,203.8504
28511,142.86995
28512,149.85692
28513,202.60306
28514,121.2867
28515,69.95028
28516,83.78166
28517,119.014946
28518,190.78131
28519,171.3858
28520,161.48486
28521,127.63821
28522,58.39511
28523,12.962502
28524,8.337131
28525,71.79148
28526,72.99722
28527,64.92045
28528,32.480137
28529,28.617496
28530,43.047092
28531,49.382362
28532,117.39244
28533,112.87327
28534,108.528725
28535,100.39333
28536,71.36555
28537,84.10207
28538,172.47903
28539,261.904
28540,161.7669
28541,150.8131
28542,245.70348
28543,274.17776
28544,280.88715
28545,227.73534
28546,135.77095
28547,247.76613
28548,240.73877
28549,147.96037
28550,223.25887
28551,298.2702
28552,182.70523
28553,174.09566
28554,136.3002
28555,91.798416
28556,65.76848
28557,64.76422
28558,61.4885
28559,58.44538
28560,60.941048
28561,49.129913
28562,83.31271
28563,132.97766
28564,79.41535
28565,90.00331
28566,26.921644
28567,9.361389
28568,26.683563
28569,32.114147
28570,18.101305
28571,36.73847
28572,2.5190766
28573,-1.9252847
28574,-2.078151
28575,3.008992
28576,56.782413
28577,52.122375
28578,64.299614
28579,89.03192
28580,124.45556
28581,42.991795
28582,17.090944
28583,35.341923
28584,27.08551
28585,198.48398
28586,187.63287
28587,258.91293
28588,273.91266
28589,229.38147
28590,293.66586
28591,458.9763
28592,414.30725
28593,232.24516
28594,299.35236
28595,349.165
28596,300.32938
28597,296.81894
28598,321.20267
28599,442.98682
28600,384.03534
28601,639.4559
28602,740.75543
28603,650.8581
28604,245.79599
28605,373.84985
28606,526.2209
28607,498.49997
28608,519.5306
28609,505.7443
28610,551.2796
28611,269.39667
28612,493.81616
28613,503.97827
28614,203.17735
28615,238.22672
28616,284.20624
28617,374.55652
28618,450.66147
28619,155.13503
28620,212.17372
28621,351.96765
28622,155.759
28623,300.44424
28624,390.07593
28625,179.52211
28626,245.39565
28627,194.7623
28628,234.48087
28629,196.44257
28630,189.71735
28631,120.72862
28632,147.49321
28633,222.74191
28634,177.42404
28635,271.49344
28636,1391.3193
28637,1196.1852
28638,1191.6185
28639,1670.7645
28640,1200.7738
28641,1270.3728
28642,1296.1306
28643,384.21808
28644,253.74648
28645,86.12316
28646,147.24988
28647,381.06787
28648,532.95496
28649,525.576
28650,622.6272
28651,729.40393
28652,504.99274
28653,386.1667
28654,407.2727
28655,516.93445
28656,556.5481
28657,457.5221
28658,538.81213
28659,488.7206
28660,379.14096
28661,532.04596
28662,675.9398
28663,516.3688
28664,607.68677
28665,1040.7933
28666,1441.1013
28667,1490.1511
28668,1306.3141
28669,1256.6714
28670,1139.7699
28671,1089.8738
28672,977.08795
28673,1143.7695
28674,1075.6113
28675,931.947
28676,754.0248
28677,601.68195
28678,619.39136
28679,725.64557
28680,706.35626
28681,758.33594
28682,846.7474
28683,1030.2031
28684,1114.5853
28685,1338.7413
28686,1483.8132
28687,1593.9176
28688,1556.0974
28689,1297.208
28690,1130.5474
28691,1133.349
28692,1126.8088
28693,1215.1847
28694,835.42096
28695,836.9175
28696,507.3383
28697,743.51385
28698,696.5173
28699,481.17184
28700,317.74472
28701,236.95728
28702,259.81104
28703,360.22064
28704,339.52338
28705,318.69003
28706,628.0752
28707,385.1724
28708,261.26968
28709,312.06027
28710,413.07706
28711,308.0978
28712,236.95096
28713,313.34186
28714,531.64294
28715,497.8648
28716,390.4173
28717,608.3626
28718,625.98627
28719,562.3602
28720,629.3068
28721,1115.4545
28722,918.68884
28723,737.1722
28724,1073.0419
28725,782.01935
28726,1334.8064
28727,1035.2777
28728,1148.9408
28729,964.0387
28730,1232.0881
28731,1048.0593
28732,727.42236
28733,763.54926
28734,1080.9316
28735,1095.7451
28736,599.27795
28737,621.3787
28738,736.77216
28739,1371.1469
28740,1375.1868
28741,1215.847
28742,653.1609
28743,1471.3774
28744,902.29266
28745,548.93225
28746,891.471
28747,740.61804
28748,621.038
28749,747.13855
28750,811.9561
28751,815.79913
28752,511.17133
28753,484.46396
28754,501.8612
28755,696.1379
28756,777.0698
28757,942.2393
28758,646.67224
28759,575.8668
28760,321.33243
28761,270.68497
28762,214.63759
28763,424.3417
28764,299.28992
28765,364.37186
28766,349.90445
28767,285.5952
28768,202.63913
28769,102.58204
28770,31.128191
28771,40.676384
28772,114.90118
28773,34.867355
28774,17.011507
28775,18.662172
28776,31.788517
28777,8.13358
28778,37.321472
28779,100.39502
28780,52.598988
28781,-2.8568916
28782,-0.5766598
28783,-0.5494525
28784,58.57533
28785,84.91456
28786,13.185989
28787,10.208937
28788,25.617239
28789,29.36484
28790,100.999626
28791,305.07126
28792,467.97003
28793,497.2791
28794,481.2854
28795,454.87878
28796,379.68088
28797,336.72867
28798,290.57224
28799,235.23169
28800,178.56076
28801,120.32384
28802,82.4707
28803,20.61723
28804,-3.3761375
28805,-0.01040244
28806,0.011973846
28807,0.01420959
28808,0.09895071
28809,0.12070831
28810,0.11585077
28811,0.08901986
28812,0.054712143
28813,3.0437713
28814,69.13351
28815,78.2731
28816,102.04288
28817,151.94197
28818,199.07784
28819,163.6075
28820,253.09558
28821,264.06506
28822,170.30164
28823,227.48466
28824,257.36365
28825,377.31738
28826,466.84485
28827,743.98987
28828,853.9376
28829,1524.7084
28830,1472.6176
28831,1261.5735
28832,1197.3512
28833,683.3176
28834,435.93796
28835,334.70786
28836,278.97668
28837,190.46155
28838,341.38693
28839,560.3567
28840,393.6884
28841,259.83417
28842,437.25732
28843,89.45177
28844,141.01436
28845,143.06972
28846,202.67368
28847,230.27888
28848,269.59897
28849,241.94565
28850,387.93912
28851,444.63885
28852,328.4193
28853,257.46313
28854,262.42865
28855,282.6606
28856,505.8595
28857,288.49304
28858,352.33133
28859,220.18073
28860,209.37996
28861,245.45276
28862,279.90756
28863,215.9383
28864,393.38535
28865,484.87326
28866,429.7745
28867,607.6606
28868,335.68445
28869,423.3113
28870,457.8909
28871,669.6312
28872,609.8954
28873,540.3531
28874,838.28235
28875,607.2693
28876,810.22217
28877,659.1253
28878,582.71747
28879,356.66037
28880,442.47833
28881,452.0659
28882,756.6083
28883,546.09717
28884,437.77933
28885,233.84564
28886,472.48355
28887,581.3286
28888,435.3773
28889,746.3664
28890,810.863
28891,602.0362
28892,852.18884
28893,1247.737
28894,1013.88513
28895,878.7987
28896,804.3171
28897,808.78217
28898,459.1003
28899,817.47534
28900,922.1104
28901,840.76587
28902,1280.1208
28903,1074.6117
28904,373.19534
28905,584.2733
28906,882.99066
28907,688.9655
28908,702.66644
28909,752.1065
28910,368.48715
28911,496.74866
28912,610.3289
28913,778.2427
28914,634.16406
28915,465.24728
28916,483.9422
28917,745.1602
28918,608.5071
28919,564.3203
28920,595.7456
28921,418.955
28922,474.04916
28923,192.67535
28924,259.397
28925,174.52017
28926,146.12294
28927,319.44128
28928,249.68156
28929,288.80405
28930,214.61603
28931,246.15593
28932,208.60445
28933,326.31015
28934,466.08405
28935,363.80164
28936,266.20276
28937,236.07626
28938,193.98676
28939,274.04773
28940,395.01822
28941,510.4359
28942,378.72513
28943,382.8834
28944,240.31358
28945,136.39378
28946,148.07785
28947,182.80856
28948,200.45145
28949,229.58763
28950,158.91063
28951,193.9765
28952,395.7347
28953,496.0812
28954,572.13007
28955,384.37582
28956,286.5315
28957,438.21475
28958,373.23193
28959,277.57895
28960,254.64844
28961,265.8473
28962,232.48613
28963,432.51614
28964,445.35916
28965,229.14699
28966,266.55942
28967,460.2896
28968,471.44278
28969,326.6917
28970,251.23087
28971,178.29092
28972,212.87813
28973,255.59251
28974,259.2577
28975,443.46695
28976,521.00665
28977,346.8867
28978,259.30066
28979,115.74551
28980,148.87482
28981,132.32336
28982,98.86887
28983,59.661064
28984,22.32347
28985,97.04714
28986,67.601326
28987,30.51506
28988,113.751045
28989,143.7479
28990,115.81615
28991,124.86114
28992,85.36519
28993,136.67635
28994,97.71227
28995,38.681324
28996,115.309044
28997,148.27069
28998,306.50418
28999,319.4115
29000,376.91095
29001,348.77777
29002,280.10693
29003,208.12422
29004,239.27249
29005,131.73808
29006,165.81732
29007,152.14891
29008,257.89926
29009,167.81564
29010,98.73765
29011,182.92802
29012,105.710785
29013,56.14807
29014,149.48653
29015,390.66855
29016,270.57278
29017,383.62506
29018,253.56714
29019,220.29
29020,278.36963
29021,502.58636
29022,248.63506
29023,250.08438
29024,465.2776
29025,393.615
29026,248.2523
29027,313.17343
29028,206.16208
29029,426.49716
29030,331.25055
29031,263.5496
29032,596.9342
29033,272.06226
29034,310.3977
29035,617.6609
29036,644.5137
29037,399.2482
29038,634.25354
29039,524.5575
29040,589.8635
29041,449.08856
29042,610.03784
29043,749.4031
29044,553.2956
29045,991.13336
29046,665.5898
29047,1150.8833
29048,999.6505
29049,837.1704
29050,846.98004
29051,775.6086
29052,462.73135
29053,742.52936
29054,993.90967
29055,726.4852
29056,927.51373
29057,595.9883
29058,974.24347
29059,990.9843
29060,728.65137
29061,1064.4708
29062,672.8603
29063,971.09814
29064,535.5033
29065,623.066
29066,709.44086
29067,589.8081
29068,768.4471
29069,609.00604
29070,523.68475
29071,582.0584
29072,645.49396
29073,764.4944
29074,566.89935
29075,645.8244
29076,739.2991
29077,827.62305
29078,772.92694
29079,760.3424
29080,803.2891
29081,774.8856
29082,710.4287
29083,695.45465
29084,673.9606
29085,698.96027
29086,520.94135
29087,493.11737
29088,436.06247
29089,491.3713
29090,481.60306
29091,442.12897
29092,599.91144
29093,718.0049
29094,865.9559
29095,724.01764
29096,635.31067
29097,459.66153
29098,429.2149
29099,372.0592
29100,329.0923
29101,243.39902
29102,284.1748
29103,378.36377
29104,329.032
29105,331.51105
29106,436.40076
29107,642.84656
29108,626.3963
29109,541.1956
29110,671.6447
29111,568.2796
29112,461.96957
29113,652.5203
29114,738.0921
29115,472.7667
29116,472.00308
29117,643.94574
29118,717.20447
29119,593.7857
29120,499.62497
29121,417.45056
29122,311.25867
29123,279.52682
29124,339.9422
29125,311.0569
29126,211.84369
29127,132.21614
29128,118.18488
29129,240.52682
29130,278.1962
29131,518.52936
29132,493.52295
29133,441.43365
29134,361.56693
29135,245.61578
29136,262.48993
29137,165.05182
29138,84.7684
29139,129.16112
29140,131.86598
29141,80.790215
29142,140.50046
29143,137.01265
29144,95.92838
29145,198.06123
29146,187.90677
29147,191.18474
29148,302.74478
29149,167.01462
29150,279.1068
29151,346.50046
29152,502.81653
29153,230.26712
29154,391.0483
29155,360.1466
29156,98.841095
29157,85.69406
29158,178.61606
29159,182.15425
29160,145.90205
29161,295.4984
29162,196.05559
29163,173.6701
29164,277.01663
29165,304.39566
29166,309.40787
29167,281.6859
29168,571.1628
29169,227.59709
29170,297.22012
29171,176.92595
29172,272.23737
29173,121.81929
29174,205.34004
29175,195.8641
29176,248.3913
29177,374.26947
29178,299.58633
29179,146.97601
29180,370.31854
29181,217.61848
29182,284.15823
29183,123.803764
29184,274.14313
29185,501.88065
29186,204.71098
29187,232.93135
29188,355.41766
29189,217.03172
29190,290.7719
29191,445.2666
29192,196.91856
29193,265.43936
29194,240.9163
29195,293.78928
29196,234.97653
29197,231.0344
29198,128.34398
29199,177.27242
29200,228.44547
29201,307.80557
29202,288.89145
29203,152.31859
29204,76.19255
29205,161.38884
29206,97.32016
29207,59.161213
29208,36.466534
29209,64.38523
29210,99.942726
29211,102.36952
29212,56.519913
29213,73.29083
29214,165.57866
29215,438.99542
29216,390.84842
29217,517.8338
29218,485.5572
29219,464.5022
29220,369.5746
29221,453.6232
29222,739.839
29223,910.06226
29224,1132.643
29225,1179.8207
29226,1083.5348
29227,836.7574
29228,831.86523
29229,578.74524
29230,568.7961
29231,472.1626
29232,463.47406
29233,522.57623
29234,601.3402
29235,554.7355
29236,416.99347
29237,458.04788
29238,605.0027
29239,559.51086
29240,514.91846
29241,493.461
29242,456.76816
29243,432.9525
29244,412.91714
29245,343.6078
29246,384.97025
29247,270.30267
29248,395.4781
29249,478.27365
29250,418.76062
29251,456.60785
29252,443.87585
29253,417.56046
29254,399.6881
29255,438.31735
29256,513.38885
29257,577.59357
29258,539.984
29259,594.7512
29260,750.30566
29261,613.7638
29262,544.62585
29263,432.8136
29264,463.39175
29265,399.10733
29266,361.08484
29267,296.5346
29268,363.33423
29269,375.82
29270,360.23074
29271,410.0344
29272,321.10114
29273,304.22592
29274,291.88232
29275,313.9871
29276,341.61877
29277,463.25803
29278,577.2821
29279,489.88333
29280,353.10095
29281,437.51776
29282,560.97424
29283,378.5654
29284,294.94492
29285,377.4008
29286,350.67557
29287,359.36374
29288,272.7102
29289,269.1392
29290,144.82663
29291,177.0849
29292,316.63806
29293,424.04785
29294,390.7965
29295,324.71954
29296,208.82942
29297,645.90814
29298,751.575
29299,507.9795
29300,651.8063
29301,462.8396
29302,233.82121
29303,358.32376
29304,387.01773
29305,396.42627
29306,552.48267
29307,717.7104
29308,659.57135
29309,475.25662
29310,742.4436
29311,926.0659
29312,673.79016
29313,591.25494
29314,548.6939
29315,491.49954
29316,455.62003
29317,464.77863
29318,506.9334
29319,521.5392
29320,238.46085
29321,371.28293
29322,413.11038
29323,447.8251
29324,551.8807
29325,403.94855
29326,626.6715
29327,516.89703
29328,401.41452
29329,244.8489
29330,323.93436
29331,389.96716
29332,355.5363
29333,439.576
29334,676.65906
29335,503.25266
29336,575.2812
29337,613.03156
29338,721.80945
29339,533.85114
29340,257.09506
29341,216.87816
29342,245.43295
29343,560.8508
29344,607.22284
29345,1010.15814
29346,959.376
29347,888.55914
29348,794.18854
29349,647.05505
29350,505.31894
29351,420.32727
29352,377.52786
29353,448.07794
29354,474.40723
29355,462.77725
29356,326.49988
29357,296.52414
29358,339.64374
29359,271.127
29360,271.77042
29361,311.78516
29362,267.3397
29363,300.21576
29364,355.19458
29365,351.25012
29366,376.78418
29367,351.0092
29368,419.48587
29369,452.74606
29370,526.6624
29371,639.2742
29372,637.7288
29373,671.94775
29374,621.78735
29375,634.91797
29376,714.47504
29377,730.4375
29378,643.9723
29379,494.31592
29380,403.8467
29381,346.30594
29382,306.10806
29383,297.8901
29384,311.45972
29385,239.24106
29386,312.36295
29387,335.40857
29388,354.24026
29389,335.41388
29390,352.64322
29391,370.62543
29392,414.47302
29393,385.96216
29394,430.5124
29395,385.34415
29396,312.81332
29397,278.87878
29398,284.26617
29399,315.39825
29400,315.67273
29401,293.0369
29402,315.11346
29403,319.51828
29404,338.19482
29405,344.2458
29406,338.53592
29407,264.94577
29408,268.7475
29409,255.15578
29410,259.81094
29411,250.2832
29412,327.93585
29413,354.50754
29414,357.98615
29415,449.1212
29416,367.4909
29417,328.5178
29418,315.00992
29419,245.3219
29420,207.97717
29421,264.5287
29422,337.13443
29423,312.60782
29424,350.87164
29425,285.29514
29426,181.45639
29427,135.10356
29428,74.578804
29429,63.694416
29430,151.11398
29431,228.85437
29432,155.7222
29433,144.60168
29434,215.41931
29435,66.44492
29436,115.94009
29437,120.00507
29438,133.27338
29439,223.84161
29440,135.39597
29441,78.32553
29442,91.99975
29443,214.71906
29444,249.81883
29445,148.33376
29446,172.53278
29447,235.82774
29448,144.94423
29449,204.50891
29450,218.20967
29451,140.67365
29452,170.96806
29453,197.29892
29454,107.4235
29455,154.42595
29456,182.96004
29457,130.7795
29458,58.11134
29459,90.04296
29460,169.35547
29461,161.05856
29462,95.01355
29463,208.22392
29464,89.112206
29465,187.86633
29466,102.30954
29467,55.148323
29468,142.52806
29469,62.511158
29470,73.25212
29471,45.737183
29472,99.007935
29473,140.69637
29474,185.38635
29475,93.60105
29476,105.475136
29477,197.07642
29478,376.4418
29479,135.85413
29480,144.56688
29481,105.56604
29482,239.06683
29483,282.34412
29484,244.7725
29485,382.2891
29486,283.46008
29487,256.0766
29488,58.999943
29489,219.25243
29490,205.50084
29491,265.91364
29492,197.3202
29493,136.05492
29494,316.44092
29495,281.27902
29496,212.2679
29497,140.13957
29498,105.56994
29499,91.73022
29500,72.477295
29501,55.96325
29502,66.37579
29503,75.99201
29504,49.669373
29505,1.826716
29506,-2.178728
29507,-1.5565426
29508,-1.9550893
29509,-2.2817354
29510,0.5484864
29511,66.02131
29512,70.9082
29513,87.44722
29514,67.0347
29515,77.504166
29516,91.24899
29517,128.61406
29518,119.82063
29519,121.385
29520,159.53755
29521,184.17413
29522,191.50809
29523,201.08022
29524,184.40063
29525,179.91144
29526,190.69342
29527,202.2103
29528,207.92761
29529,233.44957
29530,257.23068
29531,196.13252
29532,242.59563
29533,329.01065
29534,372.16904
29535,386.75458
29536,315.07657
29537,213.33893
29538,290.82715
29539,263.05472
29540,262.926
29541,297.57455
29542,301.7741
29543,330.3426
29544,263.39325
29545,289.49078
29546,255.6236
29547,307.02072
29548,386.71103
29549,434.9004
29550,446.2947
29551,471.08615
29552,514.9317
29553,629.4081
29554,704.45776
29555,735.45087
29556,752.16565
29557,705.3833
29558,498.942
29559,470.057
29560,478.8403
29561,477.55307
29562,656.7519
29563,643.4354
29564,583.9706
29565,532.3656
29566,497.23224
29567,660.7669
29568,753.9928
29569,658.2488
29570,541.82574
29571,549.03723
29572,552.6629
29573,367.62445
29574,262.53186
29575,599.3804
29576,491.79605
29577,391.23785
29578,156.96877
29579,365.91953
29580,237.18521
29581,630.7543
29582,779.3808
29583,672.89166
29584,480.33807
29585,385.00186
29586,341.12302
29587,280.63803
29588,200.40784
29589,280.73645
29590,221.38799
29591,107.07602
29592,58.40412
29593,140.34673
29594,156.70296
29595,86.28973
29596,34.667366
29597,89.97381
29598,135.87447
29599,168.81099
29600,195.1644
29601,109.86941
29602,136.44986
29603,144.18912
29604,183.45668
29605,305.23654
29606,116.861244
29607,229.18065
29608,109.19937
29609,83.472404
29610,327.10382
29611,331.18036
29612,297.2119
29613,102.89733
29614,99.63185
29615,196.91794
29616,134.80482
29617,168.3445
29618,149.04808
29619,180.90994
29620,113.50479
29621,277.2381
29622,209.87567
29623,131.76352
29624,92.13007
29625,178.76439
29626,136.18303
29627,107.24815
29628,73.88073
29629,15.506322
29630,8.674206
29631,121.0885
29632,187.92697
29633,126.53182
29634,86.617096
29635,168.08925
29636,106.637314
29637,150.78319
29638,194.36267
29639,114.86287
29640,185.77713
29641,208.16656
29642,211.13634
29643,239.64046
29644,232.86302
29645,262.00314
29646,281.80978
29647,314.6775
29648,396.716
29649,356.87234
29650,367.89685
29651,406.71136
29652,380.67084
29653,376.73038
29654,372.94254
29655,382.72833
29656,378.77643
29657,428.48215
29658,374.16208
29659,448.2408
29660,578.7222
29661,706.8637
29662,809.3012
29663,812.9145
29664,720.4288
29665,738.979
29666,682.0668
29667,768.7891
29668,713.6545
29669,800.95306
29670,831.6112
29671,885.0693
29672,680.6962
29673,673.3029
29674,493.46964
29675,522.46326
29676,541.3738
29677,681.6922
29678,598.84204
29679,432.6927
29680,480.62076
29681,415.00937
29682,543.534
29683,793.0407
29684,711.1558
29685,737.399
29686,591.8925
29687,606.8596
29688,635.9463
29689,865.57196
29690,933.1911
29691,773.2157
29692,566.1376
29693,616.3143
29694,806.6396
29695,867.66675
29696,918.74756
29697,700.28345
29698,628.9647
29699,780.8941
29700,752.0438
29701,740.9156
29702,587.22455
29703,737.3206
29704,1222.8849
29705,1179.2435
29706,1191.0205
29707,1060.285
29708,1102.7327
29709,1148.1885
29710,1264.956
29711,1395.337
29712,1302.0432
29713,1400.8102
29714,1134.0044
29715,917.1132
29716,1363.2856
29717,1289.8767
29718,1130.5256
29719,979.2627
29720,980.27924
29721,502.3774
29722,176.53188
29723,379.81332
29724,540.3499
29725,709.6919
29726,724.56586
29727,450.29538
29728,940.686
29729,1194.9879
29730,892.3175
29731,651.16125
29732,624.02795
29733,451.93985
29734,255.64594
29735,492.01465
29736,713.7232
29737,522.06793
29738,491.66653
29739,554.25635
29740,173.92365
29741,252.8165
29742,233.92882
29743,142.4743
29744,193.09421
29745,102.254684
29746,140.37045
29747,283.4867
29748,416.57632
29749,263.65793
29750,278.3134
29751,333.60086
29752,265.1616
29753,361.4674
29754,502.0336
29755,670.17944
29756,540.0736
29757,549.185
29758,681.0205
29759,677.1095
29760,1041.3615
29761,1160.381
29762,1237.2351
29763,1144.3804
29764,708.42786
29765,782.7582
29766,716.26434
29767,887.8587
29768,306.12665
29769,447.42947
29770,531.64075
29771,518.8799
29772,717.92737
29773,587.2614
29774,530.66943
29775,568.96967
29776,593.9889
29777,193.17442
29778,210.62411
29779,302.3245
29780,331.66794
29781,216.60124
29782,260.19363
29783,206.98732
29784,229.56467
29785,199.46468
29786,298.73288
29787,335.8483
29788,184.43845
29789,44.34379
29790,24.816982
29791,12.142009
29792,25.062881
29793,44.838943
29794,48.32614
29795,37.273632
29796,15.100154
29797,7.563962
29798,28.211807
29799,48.336094
29800,39.090454
29801,25.545197
29802,17.202406
29803,21.305267
29804,25.724154
29805,14.080232
29806,46.001007
29807,107.210846
29808,78.86761
29809,29.422968
29810,18.468536
29811,52.377525
29812,45.686535
29813,107.35154
29814,107.47756
29815,160.57658
29816,315.4781
29817,280.96667
29818,348.06158
29819,385.72952
29820,272.12973
29821,266.09198
29822,172.78743
29823,314.10764
29824,432.52246
29825,596.0984
29826,1011.0931
29827,1045.7528
29828,847.99805
29829,901.50525
29830,688.9283
29831,737.504
29832,452.3279
29833,454.30063
29834,441.24216
29835,456.83472
29836,593.8819
29837,633.4954
29838,681.3329
29839,543.7021
29840,641.56964
29841,568.08154
29842,568.4568
29843,648.02264
29844,345.37833
29845,310.71863
29846,317.46588
29847,304.8508
29848,181.03893
29849,197.2207
29850,51.741585
29851,7.889205
29852,-5.608531
29853,-0.65675485
29854,-2.070827
29855,-7.378391
29856,-4.3946824
29857,-1.940329
29858,-1.8174131
29859,-1.8866221
29860,-1.9819775
29861,-2.0692039
29862,-2.0662248
29863,-2.0220928
29864,-1.9954817
29865,-2.0550756
29866,-1.9801446
29867,-1.8714746
29868,-1.8246969
29869,-1.6232891
29870,-1.5872904
29871,-1.5017328
29872,-1.4831085
29873,-1.128023
29874,-0.6984638
29875,-0.4678035
29876,-0.45820698
29877,-0.49795032
29878,-0.43979713
29879,-0.3226976
29880,-0.3283852
29881,-0.34536508
29882,-0.30159816
29883,-0.27234027
29884,-0.27513012
29885,0.14976473
29886,-2.7605152
29887,-0.21188347
29888,-0.17783457
29889,-0.4947383
29890,0.024973769
29891,-0.12125136
29892,0.07999112
29893,-0.2511941
29894,-0.23797233
29895,-0.43485054
29896,-0.46144262
29897,-0.36126745
29898,-0.41976634
29899,-0.42138854
29900,-0.47944528
29901,-0.47294933
29902,-0.39714363
29903,-0.4467559
29904,-0.42912525
29905,-0.4582621
29906,-0.40171558
29907,-0.4375406
29908,-0.49311674
29909,-0.3737055
29910,-0.42621058
29911,-0.24914671
29912,-0.47892326
29913,-0.42283863
29914,-0.5554641
29915,-0.5251632
29916,-0.59654254
29917,-0.51399213
29918,-0.4968624
29919,-0.46708685
29920,38.65508
29921,59.83006
29922,82.48629
29923,121.91772
29924,135.45697
29925,104.87265
29926,65.745605
29927,109.31919
29928,115.65113
29929,97.27102
29930,99.31423
29931,81.829445
29932,46.163734
29933,37.636246
29934,23.678526
29935,53.404892
29936,107.15078
29937,124.00697
29938,80.674194
29939,89.96706
29940,58.14396
29941,14.491414
29942,20.814365
29943,92.82187
29944,77.78852
29945,30.559048
29946,493.14545
29947,1580.3561
29948,1577.7408
29949,1065.6573
29950,198.40436
29951,85.43254
29952,26.019426
29953,-1.5354565
29954,62.53426
29955,35.608074
29956,78.8417
29957,77.42219
29958,10.823622
29959,-0.24167937
29960,229.42622
29961,847.6067
29962,762.88965
29963,322.64142
29964,257.61407
29965,349.43994
29966,380.10907
29967,0.9825848
29968,-1.1750249
29969,-1.1815192
29970,-1.2708098
29971,-1.4130532
29972,-2.3198204
29973,10.82125
29974,121.70489
29975,180.1397
29976,166.34654
29977,9.341745
29978,-0.783662
29979,-0.42329702
29980,-0.32445258
29981,-0.39698914
29982,-0.3917237
29983,-0.39689964
29984,-0.22477266
29985,-0.24338883
29986,-0.21018796
29987,-0.1123813
29988,-0.15099573
29989,18.992252
29990,31.574146
29991,-0.3811989
29992,-0.45345736
29993,400.80777
29994,-1.4725624
29995,-0.11052492
29996,-0.36248612
29997,-0.2050587
29998,-0.12127338
29999,-0.18701899
30000,-0.18024242
30001,-0.3190768
30002,-0.27391648
30003,-0.0772562
30004,-0.31951377
30005,-0.42457026
30006,-0.09955654
30007,-0.15382205
30008,-0.3124818
30009,-0.05377731
30010,-0.086679064
30011,49.988735
30012,293.46133
30013,92.637215
30014,227.40393
30015,179.41615
30016,-2.6487627
30017,-0.24767454
30018,-0.38877237
30019,-0.35190344
30020,-1.1353874
30021,278.75894
30022,383.68182
30023,29.28182
30024,-0.3107487
30025,-0.27595747
30026,79.02317
30027,381.69882
30028,353.10645
30029,178.75491
30030,80.53331
30031,21.980726
30032,1.5617423
30033,91.14896
30034,40.786312
30035,334.24686
30036,186.88675
30037,-2.427664
30038,63.11428
30039,52.85462
30040,62.6882
30041,75.41143
30042,100.89222
30043,125.26841
30044,222.33195
30045,215.91084
30046,129.71028
30047,147.65128
30048,130.40195
30049,168.2421
30050,107.67525
30051,63.91752
30052,144.95953
30053,154.96628
30054,96.794975
30055,108.06547
30056,109.97892
30057,93.09969
30058,109.66221
30059,137.60367
30060,-1.2858417
30061,-1.7528726
30062,-1.9222249
30063,-1.1011283
30064,-0.33772108
30065,-0.36766592
30066,-0.2541192
30067,-0.1798686
30068,-0.1735323
30069,-0.1782123
30070,-0.16231726
30071,-0.1532111
30072,-0.14471573
30073,-0.14840959
30074,-0.13885444
30075,-0.13941093
30076,-0.14530368
30077,-0.19533627
30078,-0.17135186
30079,-0.18232137
30080,-0.19016054
30081,-0.51104325
30082,-0.3525862
30083,-0.18207483
30084,-0.17063361
30085,-0.22316274
30086,-0.2638747
30087,-0.51715654
30088,-0.3064511
30089,-0.1851295
30090,-0.18078986
30091,-0.16986588
30092,-0.16560417
30093,-0.17761263
30094,-0.2713157
30095,-0.23763612
30096,-0.27905786
30097,-0.311615
30098,-0.26963037
30099,-0.27718335
30100,-0.3025421
30101,-0.29616788
30102,-0.28744343
30103,-0.2807479
30104,-0.2793671
30105,-0.23419689
30106,-0.22771049
30107,-0.2601228
30108,-0.2865658
30109,-0.53401697
30110,-0.6166837
30111,-0.62324667
30112,-0.5842854
30113,-0.5414633
30114,-0.616739
30115,-0.46669602
30116,-0.4719527
30117,-0.42599878
30118,-0.08625211
30119,44.643612
30120,53.63207
30121,68.14181
30122,59.623264
30123,86.21335
30124,41.72685
30125,27.12589
30126,77.58754
30127,76.3584
30128,85.72432
30129,66.631775
30130,56.25812
30131,69.025856
30132,50.629173
30133,46.546154
30134,50.385513
30135,15.855895
30136,10.774796
30137,36.187687
30138,38.65104
30139,-0.5678851
30140,18.184647
30141,54.632137
30142,107.50627
30143,127.569695
30144,134.32211
30145,63.233376
30146,34.004112
30147,47.612114
30148,126.11569
30149,75.63751
30150,84.85345
30151,74.039894
30152,35.079464
30153,38.112488
30154,1.2164389
30155,20.311539
30156,23.673122
30157,41.79479
30158,70.62124
30159,22.253057
30160,100.69646
30161,147.63164
30162,72.756004
30163,93.395935
30164,123.69006
30165,249.1356
30166,172.03004
30167,89.61471
30168,193.32324
30169,200.90758
30170,98.10783
30171,94.08055
30172,73.80146
30173,197.71779
30174,164.0463
30175,126.96079
30176,84.18543
30177,106.466866
30178,165.53084
30179,350.38358
30180,329.19785
30181,139.5454
30182,65.629326
30183,28.185907
30184,-2.036109
30185,13.326339
30186,62.63593
30187,84.58833
30188,183.37733
30189,101.402405
30190,138.70915
30191,46.329494
30192,78.85945
30193,74.60441
30194,256.933
30195,151.07713
30196,91.4403
30197,172.4212
30198,99.84085
30199,95.633026
30200,141.1021
30201,138.25536
30202,75.71221
30203,50.782246
30204,60.2804
30205,73.25922
30206,43.33806
30207,41.65602
30208,73.24124
30209,108.49994
30210,102.24375
30211,116.57333
30212,106.084076
30213,114.49815
30214,81.190346
30215,47.632015
30216,44.860107
30217,36.37817
30218,7.672166
30219,13.432154
30220,46.29448
30221,41.37344
30222,15.417687
30223,13.7134075
30224,16.06633
30225,14.703289
30226,34.39902
30227,28.758635
30228,21.553474
30229,42.503693
30230,99.17307
30231,140.84767
30232,171.03499
30233,184.53172
30234,213.57094
30235,249.34093
30236,300.69406
30237,231.71095
30238,195.16821
30239,83.56418
30240,109.337036
30241,200.33351
30242,124.339836
30243,128.81464
30244,247.36595
30245,191.03322
30246,232.68355
30247,211.1034
30248,234.06319
30249,270.78036
30250,194.35503
30251,184.82521
30252,197.91296
30253,373.45416
30254,639.9148
30255,616.5642
30256,706.74
30257,810.0089
30258,740.02655
30259,546.67194
30260,610.9788
30261,494.69507
30262,428.0741
30263,350.81552
30264,228.27994
30265,315.2349
30266,374.83887
30267,375.74808
30268,410.42142
30269,377.05933
30270,375.3036
30271,330.9069
30272,234.79715
30273,241.04747
30274,265.50967
30275,220.78647
30276,211.07964
30277,245.62476
30278,419.44376
30279,520.2969
30280,480.6742
30281,354.8013
30282,321.57242
30283,295.0525
30284,239.66747
30285,455.30103
30286,401.1257
30287,476.5968
30288,565.07874
30289,677.135
30290,898.16846
30291,773.38153
30292,1186.6067
30293,1030.0979
30294,747.5269
30295,851.22485
30296,1088.2739
30297,651.95795
30298,709.8761
30299,571.2864
30300,503.83292
30301,469.0784
30302,513.58105
30303,554.3989
30304,814.80994
30305,818.8435
30306,1259.3695
30307,940.8811
30308,1316.4218
30309,1071.2802
30310,1118.316
30311,1018.25616
30312,1422.2612
30313,812.6535
30314,1004.10205
30315,1044.1166
30316,1078.3837
30317,789.42053
30318,687.10156
30319,798.06366
30320,1357.0533
30321,1154.0195
30322,1513.9347
30323,1392.905
30324,1469.6011
30325,1210.467
30326,1045.4012
30327,1183.6987
30328,874.23
30329,818.5395
30330,705.21136
30331,1165.7216
30332,1100.4297
30333,1039.4796
30334,1161.5671
30335,1199.724
30336,1618.0168
30337,1298.3967
30338,817.52185
30339,1014.1899
30340,926.88477
30341,1216.0023
30342,344.58112
30343,493.2094
30344,226.93619
30345,264.2476
30346,300.71585
30347,559.4557
30348,569.11115
30349,357.09152
30350,230.39786
30351,230.44371
30352,180.9195
30353,110.87576
30354,129.20413
30355,73.58242
30356,59.91475
30357,55.35174
30358,72.20475
30359,125.53481
30360,169.6442
30361,134.97131
30362,106.80689
30363,273.00702
30364,444.2417
30365,403.25238
30366,314.46185
30367,418.14966
30368,403.08658
30369,232.831
30370,184.37172
30371,157.85423
30372,179.41293
30373,245.59207
30374,339.45645
30375,388.82605
30376,517.65656
30377,501.29974
30378,508.7373
30379,600.84534
30380,644.38367
30381,689.444
30382,753.4342
30383,763.8009
30384,696.62933
30385,698.2275
30386,699.40515
30387,610.4981
30388,627.74963
30389,520.92444
30390,508.79767
30391,397.3452
30392,408.14468
30393,453.3711
30394,553.53674
30395,588.0655
30396,604.70013
30397,502.42593
30398,522.7447
30399,520.03754
30400,709.504
30401,673.6101
30402,521.184
30403,585.2705
30404,580.9769
30405,562.62256
30406,565.8475
30407,517.58295
30408,518.363
30409,585.7968
30410,626.69714
30411,642.2413
30412,660.449
30413,613.26697
30414,624.4832
30415,633.60065
30416,543.84894
30417,448.31677
30418,403.0592
30419,409.23022
30420,349.61047
30421,233.29185
30422,199.16487
30423,286.5744
30424,185.0401
30425,191.30122
30426,239.60037
30427,209.00331
30428,153.12378
30429,285.27148
30430,392.979
30431,457.84045
30432,488.13168
30433,367.99185
30434,455.76456
30435,282.10486
30436,545.4322
30437,592.8405
30438,619.5968
30439,550.1573
30440,466.0359
30441,295.4036
30442,799.66113
30443,690.7173
30444,348.97552
30445,423.12674
30446,259.95175
30447,349.44034
30448,343.34717
30449,446.76404
30450,408.59708
30451,317.939
30452,451.25555
30453,397.2305
30454,443.72595
30455,534.8093
30456,338.26263
30457,358.73495
30458,396.38742
30459,794.13
30460,925.7427
30461,971.857
30462,715.2964
30463,599.1055
30464,883.94696
30465,550.72943
30466,557.95404
30467,427.76602
30468,345.5192
30469,368.13483
30470,432.56592
30471,325.12326
30472,406.8608
30473,394.23535
30474,434.21933
30475,220.86305
30476,405.9309
30477,216.64612
30478,237.75899
30479,437.82208
30480,143.77666
30481,186.94363
30482,292.56824
30483,177.08942
30484,313.2031
30485,111.67842
30486,137.04056
30487,285.45377
30488,228.32735
30489,179.53397
30490,136.7052
30491,175.26863
30492,92.734665
30493,158.76318
30494,156.15086
30495,149.16855
30496,99.1811
30497,88.08937
30498,75.81225
30499,17.955847
30500,16.8521
30501,46.31361
30502,65.833176
30503,35.480236
30504,31.101042
30505,0.43200514
30506,-0.956729
30507,-0.5936192
30508,-0.6189492
30509,-0.71007925
30510,5.411662
30511,20.729303
30512,10.808789
30513,-6.8692403
30514,1.7707355
30515,-1.649154
30516,24.308918
30517,45.95222
30518,48.26197
30519,48.31364
30520,49.737892
30521,46.616695
30522,42.059284
30523,27.537893
30524,24.605822
30525,103.98433
30526,141.41374
30527,223.11441
30528,172.3865
30529,184.92961
30530,226.20172
30531,228.37067
30532,264.61612
30533,244.28636
30534,219.93622
30535,305.38974
30536,307.04715
30537,327.05667
30538,327.68637
30539,324.69348
30540,337.86032
30541,313.57956
30542,421.3651
30543,380.70297
30544,366.91455
30545,374.417
30546,334.6364
30547,350.37518
30548,261.9443
30549,248.32338
30550,245.09895
30551,418.04532
30552,500.27988
30553,404.21832
30554,313.3579
30555,374.31476
30556,277.0003
30557,302.5524
30558,512.87463
30559,384.89597
30560,232.05539
30561,346.46915
30562,412.16748
30563,349.62125
30564,492.32892
30565,732.3357
30566,788.00775
30567,704.32874
30568,869.5963
30569,680.5385
30570,577.24963
30571,601.4906
30572,477.81305
30573,652.0665
30574,394.44125
30575,490.9735
30576,801.67017
30577,722.06146
30578,451.86752
30579,509.11465
30580,458.49258
30581,505.45566
30582,497.8828
30583,734.0142
30584,605.50543
30585,264.0646
30586,165.73566
30587,576.0622
30588,672.29114
30589,1110.0681
30590,1178.3746
30591,970.92596
30592,976.5465
30593,540.2014
30594,506.1222
30595,540.5618
30596,505.83224
30597,527.9965
30598,663.4867
30599,730.04266
30600,399.44662
30601,298.33945
30602,607.21893
30603,286.97388
30604,823.65216
30605,633.01764
30606,691.43085
30607,746.3873
30608,672.46515
30609,603.824
30610,656.26465
30611,605.6784
30612,451.90698
30613,603.51306
30614,287.9375
30615,219.3221
30616,283.87778
30617,311.63342
30618,289.7859
30619,274.81604
30620,277.8653
30621,499.01013
30622,248.02469
30623,328.4883
30624,280.71848
30625,263.453
30626,277.02353
30627,162.26036
30628,112.777626
30629,225.80333
30630,179.13036
30631,77.76554
30632,103.672935
30633,144.88754
30634,110.424805
30635,152.22104
30636,198.88586
30637,269.20026
30638,157.27385
30639,98.535965
30640,84.013374
30641,127.97313
30642,141.84113
30643,146.92387
30644,130.36479
30645,149.21811
30646,203.68263
30647,184.00232
30648,180.98543
30649,213.45479
30650,227.30215
30651,244.23834
30652,230.9688
30653,192.06374
30654,109.09135
30655,53.489376
30656,33.919502
30657,55.281723
30658,63.073246
30659,76.40798
30660,112.78086
30661,147.29324
30662,279.67932
30663,353.28082
30664,424.7751
30665,441.36688
30666,423.06876
30667,407.42844
30668,548.2752
30669,576.9651
30670,616.34766
30671,615.2164
30672,629.6413
30673,651.81506
30674,593.51337
30675,620.9677
30676,492.00253
30677,464.5759
30678,463.755
30679,395.88358
30680,304.67737
30681,107.71556
30682,42.494583
30683,64.963936
30684,87.0927
30685,79.07055
30686,88.45772
30687,112.47725
30688,79.09717
30689,37.39255
30690,88.881485
30691,102.7833
30692,79.58463
30693,74.32861
30694,65.85014
30695,79.53014
30696,58.365417
30697,76.26185
30698,157.19545
30699,175.57104
30700,193.03609
30701,221.4445
30702,184.1427
30703,128.77022
30704,61.694817
30705,6.3680377
30706,-5.9593735
30707,1.6709799
30708,-2.2398114
30709,-2.0711296
30710,-1.2718449
30711,-0.899189
30712,-0.9576579
30713,-0.82414913
30714,-0.6752936
30715,-0.792607
30716,-0.5847451
30717,-0.3969967
30718,-0.47876963
30719,-0.3921112
30720,-0.32035413
30721,-0.25510734
30722,-0.27523643
30723,-0.30353382
30724,-0.29856253
30725,-0.5802855
30726,-0.2748157
30727,-0.6029612
30728,-0.40241978
30729,-0.33028316
30730,-0.5777991
30731,1.5378664
30732,-0.8302969
30733,-0.67549944
30734,-0.60668707
30735,15.593665
30736,-0.54934853
30737,70.83742
30738,17.153162
30739,30.856909
30740,34.55035
30741,34.240696
30742,-0.673773
30743,79.31836
30744,23.878227
30745,8.553205
30746,48.204285
30747,32.121876
30748,-0.5014423
30749,37.667
30750,81.80225
30751,2.6167054
30752,-0.2707459
30753,-0.26068935
30754,-0.5698761
30755,23.426632
30756,11.317368
30757,68.3349
30758,0.043935884
30759,-0.54483676
30760,-0.54897636
30761,-0.571179
30762,-0.44434598
30763,-0.5256052
30764,-0.4591766
30765,1.1941426
30766,2.586248
30767,-0.41302866
30768,-0.55534357
30769,-0.55831003
30770,-0.58803535
30771,-0.5965936
30772,-0.5408775
30773,-0.749783
30774,37.021324
30775,46.816895
30776,30.329847
30777,53.69114
30778,48.476418
30779,49.55305
30780,45.326214
30781,50.795044
30782,50.764603
30783,42.692013
30784,31.589334
30785,43.605915
30786,77.218605
30787,110.48042
30788,225.06572
30789,240.55545
30790,234.37415
30791,319.65628
30792,402.1839
30793,384.66867
30794,345.34943
30795,278.39655
30796,282.5728
30797,207.12782
30798,238.72314
30799,211.34921
30800,170.36223
30801,175.76685
30802,150.0794
30803,176.04463
30804,150.48509
30805,253.21678
30806,238.97968
30807,197.43124
30808,210.54156
30809,193.27608
30810,212.01662
30811,158.78386
30812,235.9396
30813,238.8529
30814,213.75522
30815,239.29462
30816,218.19305
30817,179.75124
30818,166.5036
30819,173.88118
30820,168.76024
30821,171.26268
30822,184.68561
30823,196.62398
30824,197.05942
30825,179.6892
30826,165.94075
30827,145.59157
30828,131.21083
30829,158.32669
30830,158.77495
30831,155.9884
30832,169.14256
30833,198.01614
30834,203.8234
30835,232.1425
30836,193.55959
30837,153.0393
30838,144.01823
30839,139.6168
30840,150.32082
30841,117.48308
30842,87.23495
30843,80.20614
30844,74.725494
30845,55.450096
30846,74.05639
30847,59.16544
30848,33.487095
30849,3.6869266
30850,9.70247
30851,-2.4457088
30852,-2.4787455
30853,-2.5205832
30854,-2.6310706
30855,-2.620662
30856,-2.6030097
30857,-2.6274893
30858,-2.4396482
30859,-1.8564725
30860,-2.4103158
30861,-2.2065547
30862,-1.485188
30863,-1.0740855
30864,-1.0342833
30865,-0.65554327
30866,-0.6594201
30867,-0.6074664
30868,-0.3576491
30869,12.428221
30870,1.6120573
30871,-0.27402887
30872,-0.2832193
30873,-0.3741734
30874,-0.16712494
30875,-0.14106743
30876,-0.31809127
30877,-0.2703087
30878,-0.35925058
30879,-0.3839383
30880,-0.31913772
30881,-0.6270153
30882,3.587612
30883,-2.5647347
30884,33.317795
30885,-0.36771083
30886,-0.62662476
30887,71.664154
30888,17.603907
30889,31.5012
30890,48.101543
30891,114.35598
30892,101.48177
30893,226.49649
30894,99.64892
30895,162.58374
30896,153.6636
30897,168.59613
30898,102.74309
30899,140.352
30900,113.17508
30901,69.48016
30902,35.216373
30903,31.989555
30904,31.988365
30905,50.844357
30906,115.79573
30907,158.95432
30908,26.09257
30909,66.999214
30910,110.822205
30911,36.350254
30912,117.78267
30913,82.60431
30914,94.20246
30915,110.03773
30916,169.02753
30917,224.86945
30918,198.60724
30919,200.88005
30920,236.04103
30921,258.84464
30922,226.15327
30923,240.3383
30924,209.47176
30925,223.12178
30926,197.94931
30927,147.78705
30928,106.565445
30929,65.53975
30930,71.306206
30931,91.35369
30932,60.445984
30933,71.32923
30934,87.077126
30935,63.90951
30936,43.162926
30937,51.55551
30938,53.71241
30939,36.42646
30940,30.115175
30941,14.734321
30942,11.993539
30943,13.804033
30944,18.350353
30945,-0.68396807
30946,-0.48730302
30947,26.807812
30948,109.5979
30949,163.38713
30950,163.72224
30951,236.69373
30952,212.24004
30953,142.43097
30954,38.20792
30955,21.595049
30956,11.937155
30957,34.824955
30958,78.23752
30959,42.589672
30960,50.707233
30961,141.32066
30962,125.47182
30963,117.437874
30964,141.6515
30965,155.26404
30966,98.1763
30967,133.99364
30968,160.86964
30969,239.15807
30970,451.2348
30971,561.2248
30972,386.7778
30973,333.54605
30974,281.24673
30975,171.83072
30976,131.6795
30977,132.44685
30978,279.51587
30979,484.95755
30980,540.9388
30981,465.5809
30982,281.26266
30983,240.49643
30984,426.93976
30985,827.47064
30986,390.03146
30987,345.7608
30988,307.22433
30989,231.69032
30990,185.83826
30991,164.2282
30992,165.75366
30993,149.85127
30994,87.35724
30995,244.01424
30996,322.03503
30997,243.15471
30998,358.6302
30999,529.04205
31000,472.5805
31001,337.55466
31002,725.7213
31003,524.35754
31004,451.30106
31005,326.3679
31006,311.4325
31007,402.74783
31008,577.7621
31009,1084.1523
31010,1384.147
31011,1040.144
31012,1144.8892
31013,1215.6713
31014,1329.8469
31015,1450.1101
31016,1041.5687
31017,1044.1278
31018,1308.172
31019,714.686
31020,874.375
31021,930.4357
31022,1046.4148
31023,1269.2906
31024,1108.1472
31025,753.9511
31026,704.1753
31027,687.77386
31028,877.0792
31029,742.79614
31030,1003.56885
31031,646.257
31032,670.85297
31033,863.0189
31034,1103.099
31035,837.8773
31036,993.976
31037,760.82104
31038,377.5608
31039,331.8444
31040,619.1241
31041,182.89389
31042,350.86807
31043,453.42215
31044,259.88593
31045,393.1559
31046,341.69382
31047,236.15878
31048,254.22098
31049,551.3121
31050,1438.6969
31051,1966.9103
31052,1808.8425
31053,1044.1646
31054,453.86673
31055,766.9724
31056,883.00757
31057,772.2611
31058,881.86035
31059,564.93854
31060,455.72632
31061,553.39813
31062,257.11267
31063,164.035
31064,334.72455
31065,306.32962
31066,299.4237
31067,232.06447
31068,286.0686
31069,443.03638
31070,660.1838
31071,840.9298
31072,776.50446
31073,574.8534
31074,555.1302
31075,380.2945
31076,222.51076
31077,340.16815
31078,280.6148
31079,194.32547
31080,217.04909
31081,257.92896
31082,214.80885
31083,262.09198
31084,277.9179
31085,170.04721
31086,246.39494
31087,333.77606
31088,231.79118
31089,148.38698
31090,93.2145
31091,116.42404
31092,126.33468
31093,140.40619
31094,101.312035
31095,46.632122
31096,13.902255
31097,-1.0821849
31098,6.433291
31099,42.38601
31100,54.246387
31101,109.884544
31102,111.64876
31103,95.96485
31104,101.7699
31105,109.16497
31106,103.35468
31107,139.98485
31108,183.99622
31109,245.89362
31110,239.405
31111,187.71472
31112,130.9712
31113,118.300514
31114,113.89729
31115,159.83185
31116,195.11989
31117,178.24661
31118,261.5808
31119,221.017
31120,221.16502
31121,171.07304
31122,99.53543
31123,92.48207
31124,21.589
31125,3.5790327
31126,-3.1006346
31127,-1.9949653
31128,-2.3148625
31129,-2.356915
31130,-2.6418886
31131,-2.348988
31132,-2.3763573
31133,-1.9155244
31134,-2.1049664
31135,-1.3667445
31136,-0.98597515
31137,-0.59160614
31138,-0.44066373
31139,-0.4073555
31140,-0.440285
31141,-0.4460818
31142,-0.3916208
31143,-0.54727423
31144,-0.4331946
31145,-0.3072027
31146,-0.42461902
31147,-0.44320878
31148,-0.43901992
31149,-0.409658
31150,-0.33121398
31151,-0.48999265
31152,2.5374944
31153,22.696198
31154,3.2645602
31155,-0.39359155
31156,-0.6331734
31157,-0.79366237
31158,14.205859
31159,-0.90255976
31160,-0.48020834
31161,-0.35298014
31162,5.320871
31163,-0.46199477
31164,-0.49160364
31165,-0.5072003
31166,-0.39228868
31167,-0.45738685
31168,-0.39105698
31169,1.6167305
31170,-2.0865154
31171,32.52386
31172,-0.92726415
31173,-0.48359942
31174,-0.590846
31175,34.61469
31176,38.534416
31177,102.56115
31178,53.359417
31179,37.851944
31180,31.231834
31181,19.577188
31182,328.01138
31183,505.0427
31184,249.8351
31185,370.68994
31186,241.83981
31187,235.0438
31188,298.2323
31189,307.30923
31190,303.00735
31191,266.57843
31192,254.71667
31193,236.42279
31194,255.86942
31195,207.07999
31196,187.73755
31197,155.32584
31198,125.34013
31199,142.92775
31200,83.03168
31201,107.784256
31202,143.94838
31203,91.948715
31204,67.34664
31205,34.05063
31206,30.685078
31207,48.542957
31208,42.32913
31209,162.20163
31210,239.31006
31211,428.32016
31212,280.86313
31213,405.93286
31214,361.94882
31215,183.86424
31216,178.12936
31217,254.2064
31218,149.96153
31219,167.41164
31220,231.50595
31221,167.47528
31222,101.4207
31223,57.021618
31224,-4.255341
31225,-1.2724174
31226,-2.0130196
31227,-2.1193023
31228,48.51601
31229,128.78108
31230,182.86694
31231,183.11317
31232,89.45402
31233,8.611465
31234,34.277157
31235,86.06636
31236,76.91329
31237,11.019729
31238,-3.8236866
31239,-0.35554767
31240,-0.2792434
31241,-0.31416476
31242,-0.32936403
31243,-0.26807195
31244,-0.2772078
31245,-0.45252407
31246,-0.28387782
31247,34.496418
31248,89.49075
31249,21.107952
31250,32.44886
31251,116.92335
31252,130.62714
31253,67.88299
31254,108.17119
31255,98.54286
31256,116.825516
31257,104.55727
31258,62.330418
31259,61.487015
31260,60.53468
31261,77.26983
31262,145.32484
31263,185.61116
31264,105.15149
31265,30.18714
31266,-0.3137314
31267,-0.51836
31268,-0.051668145
31269,-0.13710116
31270,-0.4485642
31271,-0.5025697
31272,-0.39487928
31273,-0.37589413
31274,-0.1585592
31275,-0.14590856
31276,-0.14706714
31277,-0.1741676
31278,-0.16507855
31279,-0.2335287
31280,-0.21260989
31281,-0.20041674
31282,-0.21129045
31283,-0.13268866
31284,-0.16559681
31285,-0.1668888
31286,-0.20186979
31287,-0.18852797
31288,-0.18970214
31289,-0.20856607
31290,-0.20715168
31291,-0.25621516
31292,-0.30546907
31293,-0.53261393
31294,-0.54710203
31295,-0.51373696
31296,-0.51521075
31297,-0.53139436
31298,-0.43748596
31299,-0.4334693
31300,-0.42735177
31301,-0.46056888
31302,-0.46991232
31303,-0.28464893
31304,-0.2829386
31305,-0.3962373
31306,-0.29738078
31307,-0.28252307
31308,-0.26855743
31309,-0.25617865
31310,-0.23722573
31311,-0.2439397
31312,-0.54883456
31313,-0.97223747
31314,4.21882
31315,1.2129558
31316,-0.29469806
31317,-0.4719866
31318,-0.44218144
31319,-0.35718948
31320,-0.29644886
31321,-0.25418928
31322,-0.2859077
31323,-0.2584364
31324,-0.25650957
31325,-0.25728998
31326,-0.256164
31327,-0.25928238
31328,-0.30082402
31329,-0.3012137
31330,-0.3012274
31331,-0.2897292
31332,-0.3012137
31333,-0.32315516
31334,-1.0410907
31335,59.835953
31336,97.48908
31337,34.51451
31338,82.093155
31339,82.55146
31340,108.81088
31341,113.1069
31342,152.2776
31343,40.301434
31344,-0.6184915
31345,53.894833
31346,247.30823
31347,269.43274
31348,119.40075
31349,72.564224
31350,98.544685
31351,117.518425
31352,123.996254
31353,104.35195
31354,12.641412
31355,15.890551
31356,15.5265
31357,11.747864
31358,6.318563
31359,8.767678
31360,-5.373215
31361,26.271088
31362,14.12574
31363,3.2603955
31364,-6.280863
31365,-4.8786707
31366,-2.589869
31367,-0.32663754
31368,-0.22574559
31369,-0.29784417
31370,-0.39861318
31371,-0.33686158
31372,-0.36169207
31373,-0.4064818
31374,-0.4484793
31375,-0.3042019
31376,-0.14513494
31377,-0.1463796
31378,-0.17650145
31379,-0.17650145
31380,-0.12838055
31381,-0.13064387
31382,-0.117977425
31383,-0.1531776
31384,-0.15424038
31385,-0.18295673
31386,-0.49895352
31387,-0.46974897
31388,-0.43806776
31389,-0.55676246
31390,-0.50943166
31391,6.0510764
31392,26.444366
31393,96.705505
31394,35.185925
31395,53.86528
31396,83.96473
31397,101.94403
31398,82.85335
31399,128.97552
31400,36.629833
31401,69.353264
31402,78.98854
31403,77.7261
31404,264.47348
31405,295.18594
31406,213.6107
31407,155.62122
31408,161.42722
31409,145.16258
31410,180.40651
31411,160.933
31412,181.03368
31413,148.12688
31414,136.48294
31415,103.7418
31416,53.09313
31417,40.833466
31418,25.467224
31419,33.581432
31420,45.913513
31421,52.32689
31422,-3.0601819
31423,-1.9397461
31424,7.9300423
31425,19.814505
31426,7.4948277
31427,-0.5081316
31428,-0.6748654
31429,12.830257
31430,47.127773
31431,108.37045
31432,329.64587
31433,298.76752
31434,272.49747
31435,397.45795
31436,615.9885
31437,377.41544
31438,333.08392
31439,346.567
31440,414.16278
31441,291.78534
31442,375.92044
31443,464.62015
31444,384.09366
31445,494.18192
31446,433.1947
31447,419.09824
31448,203.41881
31449,275.4892
31450,322.10947
31451,606.1786
31452,327.30215
31453,558.3973
31454,393.4313
31455,424.27554
31456,604.6443
31457,362.8153
31458,291.8669
31459,289.26996
31460,535.35925
31461,415.97293
31462,125.72095
31463,132.32011
31464,214.7828
31465,186.20361
31466,214.57224
31467,331.65945
31468,373.7127
31469,180.76482
31470,225.02429
31471,233.12386
31472,172.35475
31473,189.12027
31474,135.00189
31475,194.90044
31476,156.02478
31477,235.67421
31478,218.53482
31479,153.16295
31480,200.67351
31481,232.84068
31482,259.60614
31483,258.73303
31484,235.29478
31485,204.43909
31486,152.35915
31487,232.02197
31488,303.19263
31489,304.55154
31490,300.2685
31491,315.77472
31492,391.9021
31493,375.67685
31494,387.10278
31495,366.46628
31496,348.4308
31497,302.7451
31498,246.22008
31499,311.85455
31500,275.88974
31501,312.31677
31502,338.5495
31503,256.56998
31504,236.40077
31505,301.0936
31506,434.218
31507,535.14856
31508,568.4003
31509,666.71893
31510,537.00385
31511,454.8916
31512,484.96988
31513,442.95206
31514,394.92465
31515,477.82675
31516,463.77225
31517,394.96222
31518,390.01797
31519,528.394
31520,511.3806
31521,493.46457
31522,587.7575
31523,495.8099
31524,378.81793
31525,329.9219
31526,324.54922
31527,309.52988
31528,404.5265
31529,360.1233
31530,370.23315
31531,318.21115
31532,366.47867
31533,181.75552
31534,96.79592
31535,54.265743
31536,11.045904
31537,32.753662
31538,101.100746
31539,198.7271
31540,184.017
31541,161.80481
31542,146.06412
31543,161.76982
31544,135.3076
31545,148.8413
31546,153.92665
31547,180.58266
31548,207.59447
31549,209.65874
31550,265.54648
31551,173.35652
31552,167.73799
31553,125.30204
31554,137.25659
31555,157.7397
31556,281.69482
31557,117.5342
31558,79.940155
31559,83.824196
31560,207.0935
31561,112.07397
31562,208.93146
31563,192.48271
31564,344.48856
31565,725.2326
31566,682.2774
31567,533.98773
31568,905.7436
31569,452.73102
31570,615.84204
31571,538.4562
31572,510.4719
31573,495.08316
31574,397.95264
31575,347.86868
31576,262.60214
31577,367.70502
31578,461.22635
31579,513.5848
31580,565.4721
31581,563.1136
31582,654.8503
31583,739.7075
31584,866.6567
31585,804.8839
31586,615.5593
31587,953.25214
31588,758.1476
31589,804.07336
31590,762.9124
31591,810.4063
31592,560.3861
31593,535.0503
31594,919.35187
31595,440.62216
31596,727.7497
31597,763.34375
31598,637.4007
31599,534.8565
31600,628.97046
31601,407.81137
31602,642.6168
31603,329.40402
31604,247.29971
31605,386.46506
31606,599.8743
31607,703.78107
31608,942.27454
31609,610.51355
31610,733.89777
31611,505.2726
31612,530.43854
31613,343.05
31614,663.20245
31615,517.35315
31616,518.3661
31617,387.7251
31618,517.80304
31619,538.8144
31620,441.19427
31621,518.1801
31622,664.0065
31623,574.97894
31624,305.38937
31625,199.16728
31626,157.00764
31627,129.49866
31628,122.072876
31629,115.627144
31630,121.65892
31631,113.69491
31632,103.194405
31633,77.62224
31634,77.86162
31635,79.03972
31636,65.60074
31637,86.37792
31638,133.2526
31639,199.59079
31640,226.88551
31641,174.32863
31642,185.54106
31643,241.16664
31644,167.51334
31645,164.1667
31646,184.26239
31647,163.40192
31648,179.8509
31649,181.8404
31650,236.75215
31651,320.83572
31652,241.39926
31653,167.04785
31654,126.30913
31655,41.794933
31656,59.017307
31657,38.816677
31658,2.2460291
31659,27.88089
31660,60.680046
31661,75.59568
31662,129.69221
31663,124.44508
31664,86.439316
31665,84.00986
31666,105.7214
31667,109.20672
31668,97.543755
31669,111.75133
31670,167.88039
31671,211.32599
31672,192.91733
31673,133.00014
31674,139.92796
31675,94.578995
31676,94.72054
31677,91.20936
31678,77.169014
31679,67.35124
31680,61.178326
31681,87.44138
31682,80.792404
31683,83.38678
31684,96.56892
31685,47.98793
31686,37.245625
31687,3.0091734
31688,-5.534626
31689,-1.9146388
31690,-2.0603828
31691,-2.157664
31692,-2.0254734
31693,-1.9889371
31694,-2.9602854
31695,-2.9656956
31696,-3.081987
31697,-3.5055795
31698,-3.5621014
31699,-3.527336
31700,-1.630713
31701,-1.0836502
31702,-0.63562804
31703,-0.52704895
31704,-0.5073402
31705,-0.5130468
31706,-0.4627652
31707,-0.25198644
31708,-0.29931974
31709,-0.33402097
31710,-0.47686926
31711,-0.4814514
31712,-0.4647243
31713,-0.4270993
31714,-0.475357
31715,-0.4244894
31716,-0.38918644
31717,-0.4214829
31718,-0.5210491
31719,-0.48408073
31720,-0.5401703
31721,-0.41163674
31722,-0.43305966
31723,-0.3336134
31724,-0.26730463
31725,-0.6157214
31726,15.08562
31727,-2.6206787
31728,-0.4415716
31729,-0.37122926
31730,-0.48678145
31731,-0.6160912
31732,-0.51929307
31733,-0.5497457
31734,10.872312
31735,34.98774
31736,59.59104
31737,39.597057
31738,-0.6678868
31739,43.693607
31740,-1.3646058
31741,-0.5568186
31742,-0.59515536
31743,-0.50980353
31744,-0.49446115
31745,-0.48711005
31746,-0.52808416
31747,-0.46932516
31748,-0.48964682
31749,-0.6296519
31750,-0.39185303
31751,-0.53058094
31752,-0.4660953
31753,-0.48648748
31754,-0.5154965
31755,13.269689
31756,2.6017134
31757,5.721068
31758,5.9126663
31759,16.276098
31760,6.136134
31761,9.155695
31762,11.756617
31763,24.605537
31764,22.131565
31765,-0.5966393
31766,14.551832
31767,28.482271
31768,28.154436
31769,-5.069603
31770,-3.9648309
31771,19.904139
31772,19.629477
31773,10.695306
31774,-1.3572338
31775,3.0284886
31776,-3.846236
31777,-7.2266083
31778,-3.1692739
31779,-5.7952237
31780,11.105471
31781,16.630003
31782,7.339576
31783,22.06769
31784,22.43129
31785,20.078024
31786,38.686024
31787,49.424637
31788,46.257656
31789,75.04241
31790,71.82343
31791,92.62038
31792,87.319084
31793,95.86518
31794,59.243645
31795,76.58688
31796,79.20994
31797,92.39589
31798,95.67201
31799,95.66579
31800,81.12056
31801,84.451294
31802,45.08997
31803,75.089424
31804,67.59464
31805,63.683975
31806,55.985195
31807,70.96125
31808,66.31104
31809,77.78529
31810,75.9021
31811,66.924095
31812,64.13211
31813,56.892426
31814,26.146023
31815,14.507918
31816,21.25043
31817,37.55475
31818,47.88366
31819,39.84246
31820,44.82621
31821,23.318281
31822,50.63982
31823,33.49699
31824,2.0011892
31825,10.092285
31826,6.059732
31827,6.195482
31828,-7.940603
31829,-4.7113786
31830,-1.6802284
31831,-1.7579534
31832,-1.9073292
31833,-1.9168162
31834,-1.844065
31835,-1.4439987
31836,-0.90086365
31837,-0.5366437
31838,-0.2313599
31839,-0.24459553
31840,-0.22117266
31841,-0.25069103
31842,-0.2360331
31843,-0.21635824
31844,-0.20404153
31845,-0.299868
31846,-0.29413575
31847,-0.30076706
31848,-0.30270922
31849,-0.3370553
31850,-0.39254093
31851,-0.35980052
31852,-0.3495736
31853,-0.44130278
31854,-0.42681894
31855,-0.41794834
31856,-0.39137477
31857,-0.66649467
31858,0.51106983
31859,22.055773
31860,22.876099
31861,16.24005
31862,-0.49709815
31863,-0.6549079
31864,-0.50137377
31865,-1.1244167
31866,27.848915
31867,-2.919362
31868,-0.4043444
31869,49.898674
31870,43.483395
31871,12.722629
31872,-0.896813
31873,-4.2439866
31874,-0.90821433
31875,-0.4849125
31876,-0.3691325
31877,-0.587246
31878,14.617763
31879,9.888189
31880,-1.8366122
31881,-0.31101713
31882,-0.32515588
31883,-0.29542583
31884,-0.62666
31885,-0.6084175
31886,3.9745734
31887,38.650978
31888,171.27682
31889,22.6363
31890,-2.4591742
31891,-0.394678
31892,-0.47455853
31893,-0.5413021
31894,2.5721517
31895,-0.36998507
31896,-0.540494
31897,-0.4295031
31898,-0.21768698
31899,-0.45173663
31900,47.75757
31901,33.222157
31902,-3.2080207
31903,-0.3186245
31904,-0.49826717
31905,18.604181
31906,48.43156
31907,89.70052
31908,124.29116
31909,106.906525
31910,101.39823
31911,111.67346
31912,145.27655
31913,122.032326
31914,152.80705
31915,188.16142
31916,166.02094
31917,168.56958
31918,199.55838
31919,170.97389
31920,149.85323
31921,163.65317
31922,202.59001
31923,200.51492
31924,200.41777
31925,147.78928
31926,177.37077
31927,162.09776
31928,193.08827
31929,200.38669
31930,159.30542
31931,146.02797
31932,134.66382
31933,153.36052
31934,177.55699
31935,172.0502
31936,198.19049
31937,231.0532
31938,203.8746
31939,209.77834
31940,217.06693
31941,210.1734
31942,204.05493
31943,195.80803
31944,207.77875
31945,207.26616
31946,325.98804
31947,422.9355
31948,368.7914
31949,292.93414
31950,213.9221
31951,159.23062
31952,105.40548
31953,151.21193
31954,165.3941
31955,215.19063
31956,183.8814
31957,103.39521
31958,78.095116
31959,167.38925
31960,216.61363
31961,288.19717
31962,402.72702
31963,537.02124
31964,459.8943
31965,466.34274
31966,215.6237
31967,240.77228
31968,280.46484
31969,253.38089
31970,439.49396
31971,624.7342
31972,640.9903
31973,535.5673
31974,567.08746
31975,479.49875
31976,560.67694
31977,525.4403
31978,444.5322
31979,379.214
31980,241.3779
31981,274.2868
31982,358.96994
31983,223.31342
31984,216.25227
31985,311.64493
31986,298.74124
31987,255.00453
31988,338.82693
31989,350.04733
31990,737.5117
31991,1281.448
31992,1970.6625
31993,1514.5369
31994,948.2169
31995,391.87848
31996,243.13422
31997,311.60275
31998,190.49469
31999,34.341778
32000,124.97995
32001,311.5989
32002,377.9434
32003,516.79144
32004,521.0501
32005,480.4849
32006,575.7764
32007,593.4342
32008,417.30127
32009,502.60275
32010,492.79932
32011,618.37244
32012,705.35376
32013,847.5665
32014,898.90607
32015,898.033
32016,1050.7396
32017,1048.9707
32018,622.3396
32019,501.64096
32020,454.398
32021,485.72867
32022,414.56235
32023,364.5751
32024,191.47658
32025,127.552345
32026,71.91039
32027,180.75096
32028,251.63007
32029,291.97226
32030,234.37778
32031,273.87997
32032,103.805244
32033,40.18542
32034,162.58304
32035,431.92575
32036,427.32135
32037,564.0321
32038,553.873
32039,481.40506
32040,505.9536
32041,523.5583
32042,522.61334
32043,387.2397
32044,415.32388
32045,618.2438
32046,597.83685
32047,731.3226
32048,335.69476
32049,310.9307
32050,383.1808
32051,549.0859
32052,643.214
32053,502.01492
32054,607.1696
32055,626.4915
32056,387.90247
32057,339.17413
32058,295.54172
32059,452.63077
32060,363.89264
32061,138.6654
32062,93.27312
32063,35.13976
32064,4.5376325
32065,1.0802258
32066,-3.3431778
32067,9.004638
32068,-4.3598437
32069,-0.7972331
32070,-0.64851
32071,-0.6458218
32072,344.23926
32073,309.03055
32074,111.307396
32075,3.89017
32076,-0.42230314
32077,-0.35459653
32078,49.432976
32079,-0.98457074
32080,-5.376998
32081,-2.86947
32082,-0.3196169
32083,-0.16504462
32084,22.955204
32085,-3.4282727
32086,-0.10542684
32087,-0.1888054
32088,-0.38414478
32089,-0.087635525
32090,0.1305598
32091,-0.0532898
32092,-0.13627145
32093,-0.075618014
32094,0.02228318
32095,-0.13417488
32096,-0.19011182
32097,-0.23595957
32098,-0.18097882
32099,-0.16123974
32100,-0.17043722
32101,-0.037247255
32102,-0.049298994
32103,-0.0408172
32104,-0.07003473
32105,-0.047120154
32106,-0.056133866
32107,-0.16932182
32108,-0.23709476
32109,-0.24788134
32110,-0.27261338
32111,-0.33831635
32112,-0.82965314
32113,-0.5704234
32114,-0.53345317
32115,-0.52876675
32116,-0.47725967
32117,-0.48854238
32118,-0.4888488
32119,6.510203
32120,35.18094
32121,6.7217855
32122,-1.6734455
32123,-0.17714609
32124,-0.2869899
32125,-0.42357555
32126,-0.42413875
32127,-0.40122804
32128,-0.4504515
32129,-0.44540563
32130,-0.4329901
32131,-0.44365513
32132,-0.2977141
32133,-0.27726448
32134,-0.26466405
32135,-0.31618726
32136,-0.29522032
32137,-0.35252544
32138,-0.34586072
32139,-0.33314952
32140,-0.5182916
32141,-0.42254087
32142,-0.3265632
32143,-0.28701088
32144,-0.256669
32145,-0.27608818
32146,-0.45590442
32147,-0.4736194
32148,-0.46274
32149,-0.39746585
32150,-0.36946645
32151,-0.24346256
32152,-0.4007036
32153,-0.55726707
32154,-0.4435824
32155,-0.34067976
32156,-0.3096729
32157,-0.3165957
32158,-0.33428583
32159,-0.2642853
32160,-0.319205
32161,-0.50411177
32162,-0.38726586
32163,-0.3593356
32164,-0.4959388
32165,-0.55071247
32166,-0.3744149
32167,-0.47779396
32168,-0.49776724
32169,-0.4651377
32170,-0.5026174
32171,-0.49725944
32172,-0.47343358
32173,-0.4843262
32174,-0.4708248
32175,-0.49117416
32176,-0.5267679
32177,-0.53721875
32178,-0.5273301
32179,-0.5086716
32180,-0.5187264
32181,-0.4356099
32182,-0.8802091
32183,-0.6216523
32184,-0.64898723
32185,-0.47685745
32186,-0.39736947
32187,-0.5272997
32188,-0.5690037
32189,-0.40761644
32190,-0.63886935
32191,4.626014
32192,26.11381
32193,6.157138
32194,11.148187
32195,23.93173
32196,29.375217
32197,40.57634
32198,37.774002
32199,84.001976
32200,190.90872
32201,259.45255
32202,248.47173
32203,223.78624
32204,249.33829
32205,270.95496
32206,259.7166
32207,391.35342
32208,569.64954
32209,513.50696
32210,415.0539
32211,332.58826
32212,313.4529
32213,346.91806
32214,246.3383
32215,322.12094
32216,357.8603
32217,451.44412
32218,448.8811
32219,564.06573
32220,108.10115
32221,271.8342
32222,177.15987
32223,168.74332
32224,269.5781
32225,263.34216
32226,296.76184
32227,361.63876
32228,310.65494
32229,247.83344
32230,253.1807
32231,325.20694
32232,238.39404
32233,194.83871
32234,282.73752
32235,377.92044
32236,497.3472
32237,516.74927
32238,255.91469
32239,347.09042
32240,290.402
32241,360.40598
32242,751.7635
32243,666.08405
32244,538.52844
32245,833.7236
32246,815.1923
32247,583.31586
32248,502.45245
32249,772.0923
32250,806.7322
32251,721.2129
32252,385.40613
32253,550.09357
32254,516.25226
32255,315.13254
32256,506.08493
32257,648.7391
32258,341.17474
32259,490.64175
32260,232.56198
32261,399.9949
32262,502.46362
32263,653.8349
32264,392.30707
32265,249.47208
32266,336.4836
32267,365.2526
32268,353.20663
32269,611.9302
32270,357.68677
32271,355.99475
32272,504.67352
32273,362.8966
32274,518.6617
32275,454.55533
32276,468.8852
32277,327.44333
32278,237.2541
32279,204.18916
32280,64.35722
32281,41.403908
32282,52.303593
32283,125.357086
32284,124.61427
32285,355.58823
32286,285.73172
32287,241.23212
32288,208.74931
32289,265.40158
32290,157.6282
32291,157.5446
32292,189.4554
32293,129.84752
32294,163.12997
32295,196.53926
32296,270.95807
32297,352.8052
32298,275.09467
32299,231.73196
32300,210.56935
32301,318.58865
32302,270.4728
32303,323.64075
32304,205.61966
32305,181.72865
32306,208.3961
32307,196.87619
32308,157.67824
32309,196.17642
32310,251.60995
32311,277.22232
32312,252.90758
32313,336.9296
32314,381.89825
32315,376.95905
32316,407.36618
32317,456.851
32318,385.25418
32319,347.76663
32320,313.4788
32321,286.1895
32322,271.15384
32323,341.70215
32324,312.06366
32325,263.02008
32326,245.00197
32327,238.25912
32328,233.3742
32329,309.07178
32330,293.39447
32331,410.97675
32332,416.3854
32333,376.5471
32334,386.96008
32335,324.85028
32336,297.80304
32337,381.63507
32338,433.52997
32339,492.62653
32340,540.20215
32341,773.8233
32342,721.03284
32343,570.2693
32344,452.13464
32345,529.4977
32346,552.86475
32347,523.1144
32348,442.36865
32349,420.80536
32350,403.8554
32351,331.70438
32352,432.8821
32353,691.26495
32354,674.02985
32355,550.7099
32356,585.0938
32357,427.5808
32358,296.00662
32359,177.10193
32360,133.54994
32361,233.75046
32362,160.4441
32363,190.78105
32364,276.15585
32365,311.32043
32366,280.69995
32367,270.27057
32368,258.7883
32369,316.24362
32370,290.39157
32371,405.4189
32372,295.36557
32373,303.947
32374,366.49744
32375,379.80283
32376,327.5699
32377,446.7327
32378,239.7952
32379,277.06253
32380,279.38156
32381,439.43173
32382,636.2008
32383,343.62692
32384,499.56122
32385,755.9622
32386,642.1679
32387,456.63828
32388,754.4227
32389,944.72736
32390,850.95044
32391,686.28577
32392,892.284
32393,1100.3835
32394,693.3706
32395,1090.5831
32396,1370.7931
32397,1412.785
32398,1571.7219
32399,909.1954
32400,639.52454
32401,1060.7462
32402,756.68384
32403,580.52234
32404,584.8537
32405,567.6506
32406,643.3286
32407,744.1227
32408,673.62384
32409,549.1551
32410,415.2229
32411,367.81702
32412,285.2583
32413,234.03683
32414,145.22334
32415,201.81676
32416,401.998
32417,339.41473
32418,310.26675
32419,433.80753
32420,192.68181
32421,274.6141
32422,328.3869
32423,302.67294
32424,263.9756
32425,378.01874
32426,418.76392
32427,352.63068
32428,376.60532
32429,675.1664
32430,749.5048
32431,513.6545
32432,520.37805
32433,403.50183
32434,258.5285
32435,251.23598
32436,292.1438
32437,413.90823
32438,342.96194
32439,318.30063
32440,391.91684
32441,482.1785
32442,326.09393
32443,230.49243
32444,325.98975
32445,339.52283
32446,326.6195
32447,419.24786
32448,436.75653
32449,372.83087
32450,450.71875
32451,379.1845
32452,375.59482
32453,452.88397
32454,345.44684
32455,403.12183
32456,418.21024
32457,493.1912
32458,439.06747
32459,328.505
32460,319.34537
32461,444.4511
32462,429.05786
32463,349.63687
32464,166.93625
32465,71.39506
32466,84.71604
32467,89.990166
32468,207.39331
32469,145.57095
32470,17.675047
32471,-4.841082
32472,12.384402
32473,-1.111772
32474,11.262683
32475,14.538765
32476,17.810966
32477,81.825005
32478,101.55733
32479,108.51557
32480,162.28883
32481,140.2775
32482,145.36656
32483,103.850235
32484,100.61813
32485,97.08813
32486,113.194466
32487,178.28229
32488,144.90088
32489,195.79248
32490,147.74043
32491,133.18047
32492,289.06323
32493,129.13591
32494,289.63794
32495,211.36469
32496,129.08
32497,120.20537
32498,27.229383
32499,145.49878
32500,98.064926
32501,67.31495
32502,106.477646
32503,103.09319
32504,126.458405
32505,221.26723
32506,133.6963
32507,148.35167
32508,140.82263
32509,44.81331
32510,43.14563
32511,62.264774
32512,131.63855
32513,83.11386
32514,24.825735
32515,56.13987
32516,260.8734
32517,180.40236
32518,63.09083
32519,217.00688
32520,220.40244
32521,271.3807
32522,295.08408
32523,194.114
32524,297.45847
32525,256.6738
32526,336.6638
32527,102.06071
32528,256.35025
32529,392.9775
32530,439.4398
32531,592.98376
32532,293.21188
32533,251.1686
32534,196.0408
32535,154.31158
32536,237.20029
32537,315.54132
32538,450.5792
32539,522.88837
32540,473.61777
32541,536.85406
32542,466.35068
32543,477.83218
32544,204.04762
32545,302.2822
32546,150.01564
32547,329.93384
32548,401.87875
32549,358.49203
32550,619.5276
32551,439.50928
32552,266.94168
32553,150.6449
32554,299.77383
32555,55.182724
32556,248.45995
32557,189.16463
32558,321.04807
32559,325.49625
32560,405.69815
32561,242.91917
32562,152.56233
32563,188.10469
32564,404.75027
32565,340.77283
32566,476.1369
32567,121.16231
32568,62.48314
32569,341.26654
32570,114.80939
32571,197.45839
32572,250.44589
32573,188.53947
32574,160.71828
32575,134.1239
32576,163.28908
32577,236.83243
32578,131.33768
32579,128.89674
32580,141.18668
32581,129.62875
32582,159.73758
32583,312.56262
32584,397.2859
32585,381.02722
32586,480.6505
32587,331.03604
32588,279.08078
32589,262.79413
32590,224.62297
32591,224.29956
32592,214.58626
32593,185.13857
32594,187.56978
32595,224.62001
32596,214.57275
32597,184.90083
32598,202.88951
32599,151.33505
32600,95.55058
32601,82.46449
32602,21.44936
32603,-3.0955126
32604,-2.04708
32605,-2.1071827
32606,-1.8096547
32607,-1.7286562
32608,-2.4706674
32609,-2.3221462
32610,-2.366233
32611,5.4630575
32612,-8.258333
32613,-2.9222624
32614,-0.725513
32615,-0.591045
32616,-0.51335776
32617,-0.4922552
32618,101.10047
32619,265.7485
32620,172.52551
32621,346.33008
32622,340.10583
32623,396.58014
32624,284.6813
32625,205.02101
32626,281.524
32627,191.01581
32628,76.39961
32629,95.98612
32630,54.441395
32631,18.862518
32632,36.53109
32633,9.1176815
32634,-8.078437
32635,-5.4319367
32636,-2.2813294
32637,-1.5744967
32638,-0.94431585
32639,-0.44389668
32640,-0.28576186
32641,-0.26922753
32642,-0.5205242
32643,-0.53807575
32644,-0.4275562
32645,-0.5111264
32646,-0.59646237
32647,-0.57554907
32648,-0.36761543
32649,56.368206
32650,75.47734
32651,101.68131
32652,86.108154
32653,71.93867
32654,39.462505
32655,14.153756
32656,19.430082
32657,3.2809904
32658,28.421394
32659,2.9609675
32660,53.91613
32661,43.751507
32662,17.698538
32663,4.5590987
32664,-1.8054235
32665,19.088444
32666,49.959335
32667,15.896212
32668,44.764862
32669,101.78401
32670,75.65879
32671,45.625515
32672,58.027718
32673,123.11609
32674,73.015564
32675,62.470146
32676,73.48082
32677,61.015373
32678,92.97926
32679,7.6684184
32680,143.222
32681,155.76183
32682,142.9689
32683,96.7285
32684,100.61035
32685,177.80864
32686,187.67438
32687,187.03711
32688,160.88748
32689,239.87172
32690,170.54456
32691,48.58435
32692,93.182884
32693,117.22183
32694,60.84563
32695,37.98711
32696,1.8843223
32697,77.5791
32698,61.07799
32699,118.74479
32700,9.783295
32701,103.166885
32702,83.43767
32703,131.03754
32704,163.34323
32705,218.47629
32706,129.82346
32707,78.48227
32708,127.38452
32709,142.04147
32710,124.93791
32711,61.253872
32712,120.00629
32713,24.854044
32714,-3.1028159
32715,-2.2864459
32716,12.848033
32717,-2.2622366
32718,-1.491732
32719,-1.0160388
32720,-0.8347195
32721,52.067234
32722,31.68893
32723,-2.313931
32724,-0.43305233
32725,-0.45180768
32726,-0.34077895
32727,-0.38874185
32728,-0.4802818
32729,-0.45273948
32730,-0.4434252
32731,22.456638
32732,14.240218
32733,33.48127
32734,36.687447
32735,11.954238
32736,6.3497677
32737,14.57957
32738,2.4587092
32739,-3.1843545
32740,-1.8514074
32741,-1.8996313
32742,-1.4488652
32743,-0.6538912
32744,-0.5277476
32745,-0.49242395
32746,-0.4505971
32747,-0.29098648
32748,-0.27608737
32749,-0.25426033
32750,-0.18972138
32751,-0.18972138
32752,-0.22008917
32753,-0.23771434
32754,-0.20674732
32755,-0.20696503
32756,-0.20674732
32757,-0.20674732
32758,-0.18864466
32759,-0.19417097
32760,-0.21954745
32761,-0.20068543
32762,-0.20236732
32763,-0.20383425
32764,-0.21761167
32765,-0.21782938
32766,-0.21782938
32767,-0.21912532
32768,-0.21960783
32769,-0.22348478
32770,-0.21433425
32771,-0.21433425
32772,-0.21374553
32773,-0.21276015
32774,-0.21107551
32775,-0.21276015
32776,-0.20102242
32777,-0.20102242
32778,-0.20343095
32779,-0.20782265
32780,-0.20782265
32781,-0.21728149
32782,-0.2532111
32783,-0.24343395
32784,-0.2204055
32785,-0.22031467
32786,-0.20639274
32787,-0.20432231
32788,-0.22103705
32789,-0.24487685
32790,-0.2846009
32791,-0.22505268
32792,-0.24070531
32793,-0.25835285
32794,-0.33934954
32795,-0.3302268
32796,-0.4235038
32797,-0.43023115
32798,-0.28612232
32799,-0.42069247
32800,-0.8393007
32801,-0.46295205
32802,-0.5278655
32803,-0.51799035
32804,-0.6169033
32805,-0.4031899
32806,-0.4675819
32807,-0.49997956
32808,-0.5301354
32809,-0.44450328
32810,-0.5556153
32811,-0.508313
32812,-0.43518674
32813,-0.793804
32814,-0.690831
32815,-0.60822016
32816,-0.7317144
32817,-0.76699364
32818,-0.5962956
32819,-0.5806016
32820,-0.6657543
32821,-0.46143913
32822,-0.56843555
32823,-0.62546533
32824,-0.77818584
32825,-0.81982327
32826,-0.53737056
32827,18.545864
32828,-0.7039237
32829,-3.1754537
32830,-0.7431788
32831,-0.7310025
32832,-0.74423355
32833,-0.5084781
32834,-0.42184913
32835,-0.4582497
32836,-0.4626218
32837,-0.49229893
32838,-0.554836
32839,-0.554836
32840,-0.73028463
32841,-0.48363578
32842,-0.5014799
32843,-0.4454641
32844,-0.48841333
32845,-0.58974284
32846,-1.1035125
32847,-0.88051575
32848,-0.7654123
32849,-0.43571362
32850,-0.47166622
32851,-0.53003365
32852,-0.47789857
32853,-0.46369398
32854,-0.46476972
32855,-0.44217342
32856,-0.45120248
32857,-0.428056
32858,-0.428056
32859,-0.4400823
32860,-0.4412362
32861,-0.4412362
32862,-0.44553846
32863,-0.44553846
32864,-0.45003885
32865,-0.48095655
32866,-0.4890641
32867,-0.5207651
32868,-0.508719
32869,-0.5030175
32870,-0.5096044
32871,-0.52551496
32872,-0.57489955
32873,-0.55788666
32874,-0.5491766
32875,-0.57725006
32876,-0.5907952
32877,-0.65704924
32878,-0.5901425
32879,-0.59641683
32880,-0.74029166
32881,-0.64888006
32882,-0.97020614
32883,-0.9877383
32884,-0.891423
32885,-0.5133943
32886,-0.5587376
32887,-0.50007355
32888,-0.51708955
32889,-0.4923195
32890,-0.61411715
32891,-0.58534265
32892,-0.6181277
32893,-0.6327535
32894,-0.55041546
32895,-0.69028884
32896,-0.74310297
32897,-0.7331157
32898,-0.6578636
32899,-0.7035468
32900,-0.69074255
32901,-0.6253616
32902,-1.9524832
32903,5.477507
32904,-1.31409
32905,-0.95628285
32906,4.9690804
32907,-0.49388707
32908,-0.3756833
32909,-0.85352427
32910,-0.78652096
32911,-0.5193794
32912,-0.52712977
32913,-0.6633253
32914,-0.4140928
32915,-0.7536518
32916,-0.8744045
32917,16.168474
32918,-1.8235226
32919,-0.43183053
32920,-0.44178054
32921,-0.7127821
32922,-0.674973
32923,-0.71225834
32924,-0.9671981
32925,8.976946
32926,31.223358
32927,24.558989
32928,40.726685
32929,85.38731
32930,58.111088
32931,75.412
32932,135.08649
32933,171.39072
32934,168.42816
32935,170.50082
32936,166.01299
32937,146.76704
32938,234.53935
32939,261.0716
32940,201.98732
32941,184.45068
32942,173.3739
32943,176.9806
32944,199.28178
32945,196.54228
32946,196.60725
32947,217.05759
32948,244.73593
32949,290.77277
32950,287.1683
32951,321.21063
32952,232.55644
32953,187.76076
32954,223.60771
32955,107.71938
32956,138.67
32957,202.47629
32958,136.09306
32959,112.704865
32960,97.9202
32961,72.621315
32962,56.88591
32963,66.03016
32964,87.98256
32965,72.6994
32966,51.992302
32967,33.69165
32968,24.814287
32969,53.012486
32970,72.90455
32971,57.953625
32972,58.48737
32973,49.304615
32974,33.400547
32975,21.257942
32976,4.8841653
32977,9.078381
32978,6.6272
32979,14.776979
32980,17.426088
32981,19.130949
32982,36.110527
32983,42.08376
32984,40.09248
32985,33.369644
32986,12.931729
32987,-6.00675
32988,1.8770381
32989,6.163211
32990,16.473082
32991,12.554475
32992,12.394204
32993,17.194708
32994,14.976894
32995,27.596954
32996,29.096722
32997,33.34348
32998,38.118515
32999,48.067406
33000,40.072334
33001,38.20017
33002,37.25407
33003,65.17371
33004,67.19896
33005,78.3534
33006,144.5918
33007,186.43031
33008,208.97237
33009,319.1343
33010,334.94193
33011,79.159
33012,-0.30728278
33013,36.448475
33014,0.79714966
33015,-0.23460439
33016,-0.20275235
33017,-0.22939003
33018,-0.23633356
33019,-0.22619544
33020,-0.2456248
33021,-0.41453055
33022,-0.39749822
33023,-0.39749822
33024,-0.4409958
33025,-0.44762602
33026,-0.3687136
33027,-0.5238529
33028,-0.6609464
33029,-0.6924182
33030,-0.52033085
33031,-0.5093433
33032,-0.58301806
33033,-0.5074722
33034,-0.32242268
33035,-0.54826105
33036,-0.3787918
33037,-0.58161354
33038,-0.47186813
33039,-0.6475355
33040,25.365776
33041,25.551537
33042,64.269646
33043,9.113503
33044,-0.5115158
33045,28.12673
33046,40.144936
33047,26.789509
33048,5.3856325
33049,76.26894
33050,-2.0644603
33051,-0.67020667
33052,-0.6128411
33053,-0.9300041
33054,16.481054
33055,36.637726
33056,20.641548
33057,-0.5896204
33058,-1.432795
33059,-1.9812149
33060,-2.1595159
33061,-1.9454606
33062,37.035385
33063,102.53422
33064,88.05397
33065,117.086876
33066,269.9915
33067,311.13168
33068,402.9186
33069,342.71582
33070,322.7921
33071,322.4165
33072,272.36038
33073,203.12387
33074,302.11716
33075,457.81015
33076,417.46347
33077,515.58673
33078,342.9485
33079,383.4878
33080,357.86597
33081,341.855
33082,340.88205
33083,439.6374
33084,329.84222
33085,306.11716
33086,295.02808
33087,341.08627
33088,352.3044
33089,363.29565
33090,334.63797
33091,469.13425
33092,392.82703
33093,422.1607
33094,339.71948
33095,307.75333
33096,311.84106
33097,390.11734
33098,451.29935
33099,442.81644
33100,381.50937
33101,322.1975
33102,274.62863
33103,272.3376
33104,260.79456
33105,296.30145
33106,268.77313
33107,273.37622
33108,319.0351
33109,279.75452
33110,224.55919
33111,189.51108
33112,227.39294
33113,151.17194
33114,151.45708
33115,159.48415
33116,83.3105
33117,63.23894
33118,54.3457
33119,60.199585
33120,39.070004
33121,26.875801
33122,5.64336
33123,39.00098
33124,46.088512
33125,126.524765
33126,117.54462
33127,71.44154
33128,19.517092
33129,11.044915
33130,16.80326
33131,-3.9184837
33132,-3.2655945
33133,-2.715282
33134,-2.5750742
33135,-2.087802
33136,-2.0275993
33137,-1.4222633
33138,-1.1521388
33139,-0.9043847
33140,-0.8975758
33141,-0.7281409
33142,-0.57507974
33143,-0.5544551
33144,-0.5843799
33145,-0.5562098
33146,-0.4625494
33147,-0.4302316
33148,-0.44553962
33149,-0.5490933
33150,-0.5257304
33151,-0.49750286
33152,-0.31724456
33153,-0.2315359
33154,-0.27574024
33155,-0.2762459
33156,-0.28281817
33157,-0.37597856
33158,-0.3579782
33159,-0.33497325
33160,-0.39020762
33161,-0.37634617
33162,-0.4703912
33163,-0.52220076
33164,-0.48785248
33165,-0.42185438
33166,-0.3457599
33167,-0.46230128
33168,-0.4217817
33169,-0.3777858
33170,-0.35154778
33171,-0.31111014
33172,-0.2859896
33173,-0.27824643
33174,-0.3713774
33175,-0.3488981
33176,-0.33796456
33177,-0.3331326
33178,-0.31820995
33179,-0.32654744
33180,-0.6588321
33181,-0.34492344
33182,-0.52541435
33183,-0.3175061
33184,-0.28963932
33185,-0.28172737
33186,-0.3401834
33187,-0.47138673
33188,-0.38980725
33189,-0.33544573
33190,-0.32447156
33191,-0.5269015
33192,-0.52621263
33193,-0.39073855
33194,-0.35645026
33195,-0.33312112
33196,-0.42115635
33197,-0.5499198
33198,-0.41748676
33199,-0.45524907
33200,-0.64609504
33201,-0.67762387
33202,-0.67944366
33203,-0.6782041
33204,-0.6918627
33205,14.910317
33206,16.730597
33207,109.77858
33208,99.587685
33209,94.336914
33210,106.356865
33211,115.75806
33212,88.1
33213,220.6064
33214,202.03653
33215,174.50856
33216,186.92822
33217,186.86578
33218,189.93356
33219,208.31606
33220,280.18576
33221,232.23344
33222,305.62003
33223,194.3331
33224,177.17566
33225,140.71182
33226,148.69785
33227,150.43576
33228,177.6511
33229,199.8033
33230,216.41008
33231,216.665
33232,161.67226
33233,234.14964
33234,239.61215
33235,230.11852
33236,219.56601
33237,251.81186
33238,255.11514
33239,224.04784
33240,203.42964
33241,155.25302
33242,139.04018
33243,125.25037
33244,105.89164
33245,110.545906
33246,118.70812
33247,155.30493
33248,134.59718
33249,144.14864
33250,104.21073
33251,86.10293
33252,49.11412
33253,38.067524
33254,29.321209
33255,48.633465
33256,42.40546
33257,65.82763
33258,88.79169
33259,96.78107
33260,123.0853
33261,98.65999
33262,90.42684
33263,77.8021
33264,95.56561
33265,88.982254
33266,78.24516
33267,92.443504
33268,91.08009
33269,69.07046
33270,67.52116
33271,59.66587
33272,62.078304
33273,54.260723
33274,28.966742
33275,32.251022
33276,36.718803
33277,38.36629
33278,38.39777
33279,43.73736
33280,50.715126
33281,59.03019
33282,49.09903
33283,15.965342
33284,67.50747
33285,93.183304
33286,93.26617
33287,98.41475
33288,68.49061
33289,71.87756
33290,73.74909
33291,166.68294
33292,161.32686
33293,131.54478
33294,145.81317
33295,102.81903
33296,79.750565
33297,24.414364
33298,36.875187
33299,19.122574
33300,-1.1355829
33301,-1.9594185
33302,-2.1196227
33303,-1.7743864
33304,-1.5740999
33305,-2.061225
33306,52.706272
33307,83.307144
33308,69.90156
33309,37.522766
33310,56.384613
33311,53.95243
33312,30.56033
33313,97.42462
33314,165.12053
33315,138.02173
33316,148.16397
33317,141.79153
33318,66.49106
33319,141.37404
33320,95.92911
33321,106.55923
33322,171.29237
33323,86.741776
33324,20.635931
33325,-2.1921268
33326,8.0165615
33327,13.871859
33328,8.747958
33329,15.188216
33330,15.623552
33331,6.5424905
33332,5.7397842
33333,6.7558165
33334,-0.54310614
33335,-0.7183069
33336,-0.4652257
33337,-0.34287193
33338,-0.50466233
33339,-0.5050334
33340,-0.4725868
33341,-0.5297443
33342,-0.45648408
33343,-0.43308958
33344,-0.5710669
33345,-0.50199366
33346,-0.41595775
33347,-0.61585546
33348,-0.5273213
33349,-0.4496535
33350,-0.4369238
33351,-0.26007247
33352,-0.23514517
33353,-0.22382805
33354,-0.23639454
33355,-0.22900027
33356,-0.22153378
33357,-0.2388714
33358,-0.3366393
33359,-0.40982702
33360,-0.5056133
33361,-0.6054236
33362,-0.56264824
33363,-0.5344959
33364,-0.80863315
33365,31.074207
33366,63.522785
33367,70.37824
33368,43.378654
33369,37.32755
33370,66.72511
33371,131.26884
33372,114.41398
33373,109.19474
33374,123.46794
33375,133.5462
33376,128.7151
33377,97.6928
33378,152.23172
33379,158.34969
33380,136.14572
33381,215.9428
33382,185.75204
33383,118.01857
33384,124.65142
33385,112.09966
33386,124.66918
33387,147.41861
33388,114.02069
33389,164.5344
33390,245.16063
33391,321.60443
33392,180.4335
33393,116.16655
33394,125.26188
33395,100.20482
33396,188.29059
33397,230.69455
33398,213.71912
33399,252.10793
33400,412.228
33401,330.98224
33402,309.30548
33403,320.47058
33404,252.2459
33405,345.71664
33406,569.19867
33407,536.0215
33408,506.89395
33409,448.81296
33410,432.89178
33411,454.50452
33412,515.8295
33413,500.66858
33414,435.67136
33415,379.90012
33416,407.33124
33417,325.8831
33418,321.6244
33419,343.04617
33420,429.27585
33421,330.36328
33422,289.6473
33423,261.43826
33424,216.2079
33425,226.09677
33426,266.47943
33427,183.4461
33428,70.73079
33429,95.36151
33430,75.45958
33431,57.912136
33432,38.108845
33433,8.593067
33434,8.069382
33435,1.7543262
33436,-1.0425423
33437,-0.9134635
33438,-0.8529015
33439,-0.9258902
33440,-0.11697093
33441,-0.5347657
33442,27.05347
33443,38.613335
33444,158.67612
33445,137.41693
33446,207.98994
33447,174.09175
33448,161.57782
33449,63.460884
33450,41.088608
33451,104.72442
33452,107.29368
33453,46.8841
33454,51.069412
33455,62.927067
33456,9.5359955
33457,50.62841
33458,120.74903
33459,79.05123
33460,57.27365
33461,104.39204
33462,-0.8259516
33463,151.15611
33464,218.86914
33465,163.31891
33466,86.21748
33467,224.53683
33468,61.505165
33469,72.95443
33470,74.69159
33471,144.73683
33472,6.979604
33473,24.537096
33474,42.511486
33475,43.934467
33476,119.58219
33477,109.225655
33478,185.54103
33479,148.97545
33480,136.04372
33481,146.46623
33482,141.51332
33483,62.389297
33484,71.10369
33485,85.431656
33486,104.20844
33487,68.04032
33488,102.17791
33489,72.18029
33490,17.438396
33491,51.33962
33492,44.936485
33493,24.095366
33494,-1.7635775
33495,7.1479325
33496,3.698822
33497,-1.3699446
33498,-1.5339429
33499,-1.643293
33500,-1.7871646
33501,-2.0772545
33502,-2.1348922
33503,-1.7359623
33504,38.65033
33505,62.18918
33506,122.52422
33507,107.55642
33508,82.22017
33509,79.8865
33510,109.75087
33511,33.384285
33512,46.416077
33513,27.96941
33514,23.460802
33515,13.356319
33516,43.982796
33517,139.1038
33518,182.50897
33519,223.40819
33520,172.12729
33521,206.45937
33522,183.1695
33523,185.88383
33524,192.60555
33525,251.17152
33526,214.66284
33527,221.02478
33528,214.9874
33529,237.79318
33530,207.45927
33531,117.49015
33532,111.46872
33533,91.44199
33534,128.75829
33535,119.36843
33536,60.372246
33537,38.077545
33538,42.009457
33539,56.095936
33540,70.03226
33541,76.64513
33542,51.760704
33543,55.566723
33544,68.84097
33545,61.259956
33546,80.83634
33547,49.57129
33548,48.215298
33549,44.58332
33550,35.250713
33551,28.763119
33552,39.578285
33553,33.88309
33554,47.858757
33555,71.89288
33556,52.06858
33557,64.31533
33558,52.034622
33559,45.69714
33560,36.911118
33561,15.438858
33562,13.902379
33563,14.094901
33564,1.8789474
33565,34.25709
33566,29.347157
33567,13.458762
33568,6.4449353
33569,16.910606
33570,68.115074
33571,93.84721
33572,118.85926
33573,84.966125
33574,64.95024
33575,49.717228
33576,19.814945
33577,10.7251
33578,-0.8588315
33579,-0.36526144
33580,-0.27077767
33581,-0.43546763
33582,-0.6194315
33583,-0.39047608
33584,-0.588483
33585,-0.42548868
33586,-0.34303907
33587,-0.31916854
33588,-0.62559396
33589,-0.58503205
33590,25.554583
33591,86.55282
33592,113.69883
33593,146.73863
33594,6.888426
33595,0.50110865
33596,-0.33392003
33597,0.27804452
33598,-0.2744806
33599,-0.3118654
33600,-0.27581182
33601,-0.40662804
33602,-0.6201053
33603,-0.5826524
33604,-0.65055865
33605,19.399319
33606,7.572329
33607,20.718452
33608,53.725574
33609,22.952332
33610,30.32695
33611,53.403988
33612,73.45709
33613,54.17724
33614,90.38926
33615,48.69634
33616,18.102339
33617,40.246464
33618,8.983328
33619,12.802218
33620,42.59914
33621,34.702747
33622,22.512661
33623,10.772177
33624,28.428347
33625,47.84918
33626,43.669735
33627,76.37697
33628,76.33908
33629,78.15679
33630,107.56108
33631,98.27182
33632,123.20576
33633,122.512695
33634,98.13745
33635,96.42994
33636,76.908356
33637,82.73986
33638,82.03658
33639,82.315926
33640,77.011536
33641,59.559566
33642,73.58842
33643,73.26849
33644,65.31652
33645,59.750053
33646,59.97595
33647,69.77053
33648,84.63964
33649,101.20063
33650,79.15112
33651,86.588295
33652,89.842964
33653,88.32425
33654,41.593708
33655,16.780687
33656,15.003185
33657,9.20644
33658,10.019415
33659,26.28868
33660,40.56224
33661,55.951397
33662,35.16586
33663,15.126941
33664,31.740982
33665,16.626171
33666,11.808897
33667,13.359695
33668,3.892651
33669,5.4392905
33670,-8.24577
33671,30.617859
33672,36.467735
33673,9.785222
33674,22.214405
33675,54.313774
33676,51.217945
33677,76.018776
33678,84.45306
33679,73.008415
33680,60.630898
33681,80.231415
33682,127.24945
33683,98.71026
33684,98.70513
33685,86.388176
33686,75.94142
33687,18.459154
33688,1.4890324
33689,2.0425453
33690,13.526452
33691,50.516678
33692,62.657043
33693,56.418766
33694,69.23912
33695,58.168446
33696,49.50176
33697,24.26536
33698,16.840302
33699,19.456625
33700,10.099494
33701,-1.6442977
33702,-4.456789
33703,-1.7082083
33704,-1.2145969
33705,-1.2107452
33706,-0.85736203
33707,-0.66528887
33708,43.225216
33709,92.61857
33710,84.43907
33711,74.44996
33712,61.897167
33713,90.77154
33714,89.92429
33715,71.1901
33716,23.462204
33717,8.9953165
33718,-0.8798896
33719,-1.9311365
33720,-2.0110033
33721,-1.9935769
33722,-2.0845215
33723,-2.1200485
33724,-2.179091
33725,-2.0835726
33726,-1.4180646
33727,-1.5535684
33728,-1.3430238
33729,-1.8075523
33730,-1.9085308
33731,-1.4975668
33732,-1.5190911
33733,-0.96235174
33734,-1.4043018
33735,-1.5985391
33736,-0.81040525
33737,5.2619953
33738,12.60527
33739,24.43003
33740,-1.6016551
33741,-0.659474
33742,-0.7306672
33743,-0.7753195
33744,-0.52656925
33745,-0.5161218
33746,-0.518527
33747,-0.5261902
33748,-0.66611916
33749,-0.5883721
33750,19.26892
33751,42.94263
33752,16.111858
33753,-0.9742216
33754,38.28668
33755,56.320747
33756,40.336323
33757,21.837734
33758,34.01774
33759,73.42755
33760,75.982086
33761,80.09445
33762,78.50097
33763,106.35738
33764,106.3077
33765,110.386215
33766,155.12733
33767,221.37726
33768,255.9968
33769,214.36781
33770,186.16563
33771,195.48799
33772,178.01141
33773,233.39995
33774,205.27493
33775,158.36298
33776,140.27031
33777,163.34328
33778,145.32597
33779,212.73915
33780,277.69107
33781,222.02184
33782,166.05118
33783,158.47017
33784,196.8149
33785,222.1809
33786,238.61673
33787,250.07565
33788,239.5131
33789,188.25555
33790,192.24652
33791,195.33234
33792,134.17383
33793,156.02812
33794,124.48193
33795,127.2131
33796,105.928856
33797,92.72042
33798,108.2137
33799,198.0993
33800,158.42323
33801,133.57056
33802,129.27048
33803,150.0812
33804,125.24086
33805,120.30143
33806,153.6659
33807,146.13956
33808,91.48485
33809,134.52702
33810,112.71542
33811,123.83038
33812,92.65045
33813,87.227776
33814,30.966278
33815,-3.2149875
33816,-8.919544
33817,-9.300408
33818,-4.377091
33819,-2.1073303
33820,-1.6377466
33821,-0.81009144
33822,-0.73949176
33823,-1.2092417
33824,21.364693
33825,35.595142
33826,7.7124825
33827,17.56864
33828,36.26253
33829,22.133953
33830,31.783815
33831,37.36513
33832,31.307991
33833,50.853237
33834,44.39695
33835,13.48373
33836,27.683142
33837,38.033714
33838,37.69973
33839,24.15895
33840,7.427963
33841,32.11277
33842,28.017458
33843,9.380393
33844,-5.8788342
33845,-2.9277928
33846,-0.524217
33847,-0.43998513
33848,-0.35931754
33849,-0.31292906
33850,-0.31983492
33851,-0.35043892
33852,-0.3659819
33853,-0.4297726
33854,-0.4448782
33855,-0.50923836
33856,-0.57095593
33857,-0.5163029
33858,-0.48526588
33859,-0.6106882
33860,-0.59606445
33861,-0.53265244
33862,-0.51663476
33863,-0.5300705
33864,-0.5222682
33865,-0.4433281
33866,-0.5216733
33867,-0.5190184
33868,-0.5450638
33869,-0.36323017
33870,-0.6049677
33871,-0.5736119
33872,-0.5888014
33873,-0.6975291
33874,0.037605405
33875,-0.6906707
33876,-0.4322169
33877,7.5519543
33878,-0.6658194
33879,-0.47279876
33880,-0.4575351
33881,-0.57952774
33882,-0.83483684
33883,-0.548413
33884,-0.4732818
33885,-0.7800325
33886,-0.6863705
33887,-0.6497545
33888,-0.48947722
33889,-0.54988706
33890,-0.56465906
33891,-1.1907747
33892,-0.84678346
33893,45.87733
33894,66.96536
33895,77.80417
33896,73.603546
33897,83.713684
33898,76.47961
33899,88.53778
33900,74.76491
33901,103.726654
33902,108.08041
33903,108.301346
33904,105.98379
33905,144.05797
33906,108.39531
33907,116.01946
33908,113.72691
33909,81.32171
33910,90.80866
33911,105.84676
33912,112.381134
33913,131.9034
33914,125.13862
33915,136.4773
33916,141.60614
33917,179.96371
33918,256.43796
33919,281.59586
33920,231.01788
33921,269.57483
33922,248.1475
33923,241.36417
33924,233.76854
33925,230.12451
33926,269.11124
33927,297.61688
33928,457.76077
33929,471.32736
33930,429.13965
33931,430.1551
33932,428.14517
33933,447.0925
33934,452.7881
33935,436.82898
33936,622.9927
33937,730.66284
33938,686.1186
33939,688.4289
33940,676.7725
33941,678.77875
33942,633.0361
33943,438.97195
33944,343.18054
33945,539.0351
33946,450.42355
33947,697.0547
33948,650.8262
33949,507.8394
33950,507.80334
33951,606.596
33952,509.43646
33953,639.9466
33954,462.18613
33955,433.35593
33956,488.30072
33957,384.07617
33958,613.1332
33959,788.1499
33960,726.0256
33961,622.8759
33962,640.2533
33963,556.60114
33964,618.1013
33965,709.92126
33966,824.562
33967,742.68097
33968,469.55267
33969,373.33786
33970,393.0286
33971,381.11993
33972,302.3835
33973,395.39334
33974,413.7362
33975,562.59985
33976,541.2586
33977,465.93524
33978,447.71158
33979,622.5575
33980,600.48364
33981,623.7694
33982,750.8964
33983,383.81702
33984,384.4953
33985,144.9377
33986,252.88252
33987,432.00732
33988,458.16992
33989,505.7956
33990,790.6108
33991,761.98065
33992,639.6262
33993,610.7348
33994,461.84964
33995,486.75046
33996,438.13132
33997,644.99
33998,523.4725
33999,429.84888
34000,316.36044
34001,223.54895
34002,111.208015
34003,100.57571
34004,45.133316
34005,38.412876
34006,120.98797
34007,208.01488
34008,171.62279
34009,199.15192
34010,137.60844
34011,39.977863
34012,108.33609
34013,195.44662
34014,165.77559
34015,123.65465
34016,74.6664
34017,104.38559
34018,150.9627
34019,222.56122
34020,136.57349
34021,212.90985
34022,210.68811
34023,150.35628
34024,288.39896
34025,280.75668
34026,234.52992
34027,210.18756
34028,115.46167
34029,205.26402
34030,191.04074
34031,106.93239
34032,183.8512
34033,310.6038
34034,296.48138
34035,419.0667
34036,462.4933
34037,337.3204
34038,382.32108
34039,390.2614
34040,430.83487
34041,523.50995
34042,425.56055
34043,499.9049
34044,359.81613
34045,237.78159
34046,230.23872
34047,238.45573
34048,232.86476
34049,517.1182
34050,636.0909
34051,491.94968
34052,649.40375
34053,507.21747
34054,508.38968
34055,252.47464
34056,408.81046
34057,592.2481
34058,628.11
34059,433.43365
34060,358.91415
34061,326.37326
34062,230.5836
34063,347.28537
34064,379.68994
34065,361.66656
34066,466.41037
34067,422.8251
34068,471.89313
34069,397.13184
34070,346.08163
34071,228.14154
34072,337.3966
34073,283.35272
34074,284.04056
34075,341.38593
34076,428.08038
34077,489.23105
34078,295.31567
34079,281.12613
34080,271.6894
34081,171.71811
34082,236.29387
34083,765.3134
34084,739.66974
34085,268.0006
34086,371.38013
34087,407.60254
34088,230.86958
34089,366.14273
34090,583.0187
34091,392.54922
34092,451.68848
34093,907.89746
34094,810.3771
34095,1215.372
34096,1493.7854
34097,1286.5245
34098,1271.5679
34099,750.06824
34100,636.57434
34101,1081.2726
34102,1166.0413
34103,1228.0476
34104,1263.3142
34105,1062.5206
34106,586.3443
34107,399.85532
34108,766.2571
34109,968.3604
34110,549.124
34111,518.40045
34112,603.9641
34113,781.2684
34114,1205.9353
34115,714.3925
34116,876.2681
34117,545.1275
34118,395.03778
34119,338.37027
34120,408.61942
34121,629.1498
34122,632.30914
34123,589.1999
34124,322.47665
34125,394.99548
34126,288.46036
34127,285.13818
34128,313.77386
34129,128.35292
34130,252.05971
34131,180.19106
34132,251.2267
34133,138.54376
34134,133.07751
34135,64.14962
34136,124.417534
34137,62.1297
34138,89.639984
34139,233.69583
34140,392.54507
34141,249.1053
34142,132.84851
34143,135.31882
34144,153.8333
34145,152.81824
34146,102.51511
34147,27.187347
34148,84.87949
34149,68.60677
34150,90.88209
34151,100.811264
34152,52.162457
34153,39.299877
34154,66.12252
34155,49.11545
34156,25.496176
34157,-1.3757417
34158,57.11251
34159,-0.9475438
34160,44.679646
34161,93.17721
34162,31.461224
34163,-2.476873
34164,-0.4288454
34165,-0.80519176
34166,57.27529
34167,66.29349
34168,86.53384
34169,25.489792
34170,63.45074
34171,8.923395
34172,6.1601143
34173,9.376645
34174,12.855302
34175,22.872444
34176,5.5162067
34177,-2.2608445
34178,-1.6384528
34179,-1.717124
34180,-1.5959073
34181,-0.7120349
34182,-0.41718063
34183,-0.2950107
34184,-0.49857348
34185,-0.46863508
34186,-0.45113286
34187,-0.45831376
34188,-0.5076522
34189,-0.4952557
34190,-0.4688199
34191,-0.5210327
34192,-0.4647412
34193,-0.47112843
34194,-0.50931466
34195,-0.48835653
34196,-0.5448027
34197,-0.47535494
34198,-0.52410847
34199,-0.4498342
34200,47.60108
34201,50.22386
34202,40.35443
34203,19.320038
34204,39.600952
34205,39.191914
34206,39.365524
34207,23.694954
34208,14.144579
34209,14.118839
34210,20.254248
34211,23.43177
34212,32.948166
34213,14.327047
34214,0.032059796
34215,-3.4434786
34216,-1.6466538
34217,-1.7281384
34218,-2.026838
34219,-2.1017306
34220,-1.6304979
34221,-1.8209945
34222,-1.7662538
34223,-1.6902573
34224,-2.150301
34225,-2.2686088
34226,-2.3419187
34227,-2.2210023
34228,-1.3208946
34229,-1.2620242
34230,-0.81163865
34231,-0.60873127
34232,-0.5006385
34233,-0.43471473
34234,-0.5570343
34235,-0.53967094
34236,-0.41630363
34237,-0.32494038
34238,-0.32694674
34239,-0.34043217
34240,-0.41024676
34241,-0.36579284
34242,-0.42702463
34243,-0.42162564
34244,-0.5982504
34245,-0.7341323
34246,-0.6524278
34247,-0.32348365
34248,-0.3667962
34249,-0.3690788
34250,-0.30602962
34251,-0.23413123
34252,-0.2436251
34253,-0.21490777
34254,-0.2788695
34255,-0.34472245
34256,-0.9277629
34257,-0.51351255
34258,-0.59709215
34259,-0.5215492
34260,-0.47918898
34261,-0.40834868
34262,-0.2410448
34263,-0.22469856
34264,-0.2646568
34265,-0.2221573
34266,-0.2967142
34267,-0.2689261
34268,-0.3904749
34269,-0.38096625
34270,-0.4456773
34271,-0.50040513
34272,-0.43808705
34273,-0.41390646
34274,-0.5345855
34275,-0.7801712
34276,-0.70340997
34277,-0.5840409
34278,-0.3018797
34279,-0.8654331
34280,19.118416
34281,9.154927
34282,14.479005
34283,6.556538
34284,-0.45674476
34285,-0.3881022
34286,-0.6369428
34287,-0.62719524
34288,40.522774
34289,30.501122
34290,30.763813
34291,56.925014
34292,46.094322
34293,-0.30354843
34294,97.579666
34295,158.7425
34296,143.34792
34297,79.48286
34298,139.13223
34299,131.83286
34300,54.001507
34301,78.362465
34302,37.552944
34303,2.6548047
34304,13.169831
34305,263.58035
34306,321.40286
34307,256.08817
34308,189.81693
34309,369.81573
34310,208.83496
34311,275.47418
34312,163.3732
34313,85.23167
34314,80.781906
34315,6.808565
34316,-1.8538648
34317,0.24966983
34318,0.21439372
34319,0.173084
34320,5.9712834
34321,471.89014
34322,542.0422
34323,632.754
34324,529.4858
34325,448.87076
34326,525.9084
34327,839.94684
34328,552.8879
34329,541.8077
34330,526.27856
34331,421.20874
34332,356.37512
34333,603.0874
34334,641.6595
34335,404.54715
34336,550.6622
34337,334.32745
34338,171.3694
34339,177.11955
34340,105.52989
34341,47.861435
34342,151.70193
34343,224.56494
34344,178.16257
34345,56.895676
34346,32.085407
34347,35.34324
34348,72.2067
34349,98.14584
34350,19.561047
34351,19.855322
34352,6.453306
34353,38.150063
34354,35.70343
34355,20.230022
34356,12.793149
34357,10.80692
34358,6.0619555
34359,47.620083
34360,95.6061
34361,100.365074
34362,181.68387
34363,175.6587
34364,133.93481
34365,165.46828
34366,212.32361
34367,203.57393
34368,255.31447
34369,251.35681
34370,153.49585
34371,101.417175
34372,113.895256
34373,138.68176
34374,191.11017
34375,339.54755
34376,305.56915
34377,151.05412
34378,120.44577
34379,40.30629
34380,-4.8753605
34381,-3.7919292
34382,-0.46626222
34383,-0.41370246
34384,-0.4455297
34385,-0.5099742
34386,-0.40289986
34387,-0.4671025
34388,-0.34666073
34389,-0.6063333
34390,-0.52362573
34391,-0.40728664
34392,-0.3009548
34393,-0.3714504
34394,-0.22332917
34395,33.844395
34396,89.22813
34397,129.9206
34398,158.66782
34399,99.513695
34400,75.72157
34401,122.52916
34402,93.06613
34403,78.34936
34404,118.26089
34405,184.63463
34406,151.33366
34407,122.22332
34408,134.23041
34409,150.17685
34410,131.30612
34411,123.63487
34412,66.76077
34413,79.76777
34414,124.07704
34415,170.24277
34416,167.08528
34417,225.2407
34418,83.25589
34419,100.18535
34420,114.73697
34421,100.119934
34422,75.72219
34423,86.666405
34424,100.99756
34425,65.04512
34426,66.836815
34427,90.0497
34428,143.1725
34429,78.053734
34430,180.66743
34431,103.50741
34432,76.52909
34433,175.68243
34434,77.21629
34435,105.53288
34436,381.4952
34437,358.58356
34438,151.68861
34439,80.20947
34440,22.385845
34441,48.407833
34442,126.83635
34443,404.48895
34444,372.85248
34445,289.8744
34446,337.56277
34447,568.67865
34448,222.02129
34449,232.99356
34450,159.38354
34451,122.36448
34452,224.18553
34453,142.96497
34454,111.77441
34455,259.7137
34456,166.87212
34457,100.314575
34458,109.77286
34459,193.28224
34460,268.36243
34461,235.9227
34462,450.95038
34463,337.56467
34464,50.733334
34465,149.71065
34466,396.0638
34467,291.29352
34468,127.08481
34469,103.47966
34470,121.34072
34471,11.237912
34472,-0.2760635
34473,-0.19876163
34474,-0.44285908
34475,-0.20474792
34476,-0.12880617
34477,-0.13358575
34478,-0.14714418
34479,-0.17446762
34480,-0.20190737
34481,-0.20476191
34482,-0.15784058
34483,-0.15280685
34484,-0.17180762
34485,-0.11702475
34486,-0.15849748
34487,-0.16345465
34488,-0.16934785
34489,-0.15365453
34490,-0.58209074
34491,-0.41734275
34492,-0.42121592
34493,17.375921
34494,60.891857
34495,22.502445
34496,9.768262
34497,-5.500712
34498,14.417655
34499,6.5833535
34500,3.2297056
34501,-0.15769444
34502,-3.441063
34503,-1.6098307
34504,-2.0801506
34505,-2.305496
34506,-2.425833
34507,-2.3915312
34508,-2.3865874
34509,24.643951
34510,-4.1005125
34511,-6.228357
34512,-4.3250175
34513,-0.25723267
34514,-0.2902246
34515,-0.3743443
34516,-0.22787842
34517,-0.15049712
34518,-0.11848683
34519,-0.2307548
34520,-0.23720457
34521,-0.22893968
34522,-0.54906
34523,-0.3558894
34524,-0.36495554
34525,-0.28950563
34526,-0.18813133
34527,-0.179562
34528,-0.18923457
34529,-0.19942482
34530,-0.27071562
34531,-0.2706165
34532,-0.31851828
34533,-0.28953075
34534,-0.3076653
34535,-0.31507888
34536,-0.32369104
34537,-0.58306074
34538,-0.6160396
34539,-0.29692736
34540,-1.0477557
34541,-0.21236515
34542,29.190115
34543,27.128643
34544,33.389732
34545,38.21089
34546,50.237606
34547,19.188147
34548,-2.7433932
34549,-0.37713552
34550,-0.34911385
34551,-0.17070328
34552,-0.15588237
34553,-0.14494365
34554,-0.17244484
34555,-0.19669253
34556,-0.19882245
34557,-0.1602702
34558,-0.14613417
34559,-0.15666722
34560,-0.20593178
34561,-0.23440829
34562,-0.19737744
34563,-0.20807059
34564,-0.24575865
34565,-0.23838237
34566,-0.29213452
34567,-0.2554953
34568,-0.39216658
34569,-0.44551677
34570,-0.4404731
34571,-0.5469595
34572,-0.61675465
34573,-0.6852813
34574,-0.6438567
34575,26.512335
34576,87.352
34577,65.065704
34578,-0.83638364
34579,48.592785
34580,4.0340567
34581,-0.6869855
34582,-0.6137885
34583,-0.5496694
34584,-0.50255746
34585,-0.47527733
34586,-0.5131475
34587,-0.55060834
34588,-0.41643244
34589,-1.0317014
34590,-0.4425806
34591,-0.3945917
34592,-0.43995297
34593,-0.54885423
34594,-0.4728113
34595,-0.29999676
34596,-0.5973061
34597,-0.52088886
34598,-0.49930182
34599,-0.5287646
34600,-0.49271742
34601,-0.42253035
34602,-0.45146838
34603,-0.5023827
34604,-0.52314425
34605,-0.46524528
34606,-0.43708816
34607,-0.47311124
34608,-0.5949431
34609,-0.50030744
34610,-0.5446576
34611,-0.5170579
34612,-0.48647407
34613,-0.48052502
34614,-0.51031774
34615,-0.51515085
34616,-0.7561012
34617,-0.6236138
34618,48.31287
34619,102.202515
34620,94.81773
34621,94.95154
34622,96.62912
34623,65.88329
34624,74.87958
34625,55.08609
34626,6.4125276
34627,48.69942
34628,59.543804
34629,64.977776
34630,100.352005
34631,70.30215
34632,97.01491
34633,116.611084
34634,92.17798
34635,66.02984
34636,73.215385
34637,68.91371
34638,55.001137
34639,26.626759
34640,40.344913
34641,2.7472138
34642,-1.023035
34643,28.88405
34644,23.963066
34645,44.484364
34646,64.8796
34647,57.80626
34648,51.134632
34649,32.647266
34650,31.049698
34651,40.993195
34652,40.151897
34653,39.45307
34654,39.095848
34655,37.239033
34656,43.571213
34657,38.622974
34658,16.747517
34659,5.705006
34660,-1.5189942
34661,15.087328
34662,30.890348
34663,31.132578
34664,22.491
34665,15.206088
34666,14.431049
34667,20.374853
34668,14.07244
34669,9.20539
34670,16.716568
34671,31.757755
34672,43.01242
34673,90.423256
34674,125.744286
34675,99.91591
34676,137.44661
34677,95.49304
34678,147.0673
34679,164.51091
34680,151.59532
34681,90.34092
34682,130.22606
34683,86.43591
34684,62.846478
34685,95.371826
34686,99.69488
34687,74.92156
34688,53.126842
34689,42.58386
34690,21.81628
34691,26.488949
34692,22.419683
34693,13.276108
34694,6.427605
34695,-3.6091719
34696,-1.7222191
34697,-1.7502156
34698,-1.783161
34699,-1.5048746
34700,-1.7915653
34701,-1.5112424
34702,-2.027994
34703,224.23573
34704,296.45782
34705,343.04355
34706,289.40494
34707,309.8638
34708,436.5914
34709,475.98648
34710,427.91122
34711,464.21576
34712,530.46277
34713,558.16223
34714,352.536
34715,265.18536
34716,320.52133
34717,386.05875
34718,320.25952
34719,513.01416
34720,557.62
34721,485.38297
34722,376.24716
34723,381.93805
34724,462.6596
34725,548.1924
34726,492.40942
34727,427.98102
34728,386.5057
34729,356.8261
34730,294.4771
34731,153.9473
34732,89.49374
34733,138.54466
34734,138.5081
34735,178.43182
34736,218.35461
34737,322.25272
34738,330.0421
34739,276.03665
34740,219.14742
34741,232.10007
34742,205.41856
34743,246.34842
34744,242.25302
34745,328.23544
34746,312.79083
34747,247.41615
34748,206.19426
34749,213.35022
34750,219.6906
34751,98.923065
34752,155.15735
34753,148.02007
34754,201.03835
34755,267.4917
34756,257.30182
34757,217.78885
34758,276.56152
34759,163.93372
34760,137.6323
34761,177.82668
34762,257.23077
34763,254.37259
34764,253.82909
34765,401.01105
34766,423.47534
34767,402.40308
34768,299.71518
34769,290.2931
34770,386.26212
34771,493.7065
34772,404.73242
34773,561.7905
34774,352.85794
34775,367.7092
34776,372.44116
34777,525.36395
34778,403.31165
34779,542.8037
34780,656.2397
34781,562.7844
34782,441.96597
34783,491.6763
34784,464.3194
34785,761.5329
34786,727.0377
34787,519.2757
34788,369.40393
34789,161.71605
34790,236.33455
34791,230.32617
34792,299.51886
34793,360.25
34794,203.39131
34795,603.859
34796,332.80536
34797,558.71826
34798,538.6116
34799,312.6356
34800,207.30872
34801,284.70633
34802,227.45087
34803,109.21818
34804,149.6229
34805,203.50449
34806,247.89346
34807,163.48373
34808,147.20596
34809,132.58951
34810,143.08615
34811,200.86095
34812,263.01447
34813,198.08994
34814,178.05759
34815,137.50133
34816,202.18414
34817,207.51018
34818,244.95901
34819,240.92001
34820,245.08296
34821,203.46902
34822,101.95367
34823,175.19238
34824,274.73746
34825,289.0586
34826,321.68863
34827,344.3866
34828,243.92401
34829,108.34171
34830,231.28278
34831,308.84152
34832,296.32248
34833,331.77396
34834,436.83435
34835,393.6729
34836,297.06683
34837,306.79712
34838,404.66653
34839,477.3584
34840,397.64
34841,356.52136
34842,345.5296
34843,342.65976
34844,340.99207
34845,324.4786
34846,246.96527
34847,371.71786
34848,400.43735
34849,420.32993
34850,418.62277
34851,513.4342
34852,686.7339
34853,922.65857
34854,466.93854
34855,669.0048
34856,756.6959
34857,628.33374
34858,516.8797
34859,801.88696
34860,1014.8755
34861,964.937
34862,545.823
34863,492.11707
34864,458.7153
34865,432.35486
34866,477.32352
34867,348.1957
34868,398.93484
34869,425.00638
34870,351.31207
34871,333.19547
34872,336.73895
34873,379.47333
34874,414.2368
34875,321.53705
34876,367.52686
34877,466.38696
34878,557.6115
34879,537.51074
34880,706.1746
34881,563.8867
34882,530.916
34883,419.51596
34884,328.86804
34885,686.9972
34886,1095.0906
34887,772.7121
34888,758.20605
34889,485.16925
34890,455.61407
34891,471.4889
34892,440.94556
34893,389.07486
34894,593.49066
34895,615.9401
34896,454.096
34897,492.16483
34898,531.85187
34899,430.20352
34900,624.32056
34901,769.6598
34902,450.9299
34903,922.3659
34904,546.89276
34905,558.9502
34906,561.7271
34907,450.28683
34908,1011.23145
34909,527.15765
34910,420.92737
34911,499.13547
34912,729.67523
34913,789.7991
34914,901.4009
34915,885.52673
34916,540.6581
34917,436.6648
34918,758.56335
34919,676.57336
34920,476.61148
34921,760.861
34922,674.0127
34923,308.3213
34924,373.05362
34925,212.6495
34926,473.1321
34927,765.36865
34928,598.1586
34929,731.3134
34930,694.28955
34931,880.1163
34932,545.274
34933,546.4182
34934,371.5831
34935,512.5302
34936,414.8279
34937,768.05286
34938,579.1416
34939,480.31125
34940,693.5541
34941,384.3993
34942,227.38849
34943,520.1668
34944,869.00555
34945,430.24237
34946,483.33713
34947,464.21912
34948,376.8873
34949,430.74393
34950,288.0811
34951,180.24268
34952,268.1861
34953,225.61969
34954,202.32115
34955,217.02126
34956,207.20679
34957,252.35477
34958,194.38957
34959,189.20529
34960,180.05075
34961,146.76721
34962,149.55186
34963,156.20766
34964,185.67738
34965,180.47011
34966,152.10162
34967,121.67389
34968,190.67189
34969,241.55644
34970,280.31223
34971,275.84134
34972,279.246
34973,255.08525
34974,304.53348
34975,241.51907
34976,182.43976
34977,139.41914
34978,78.93418
34979,43.1561
34980,45.280655
34981,47.368324
34982,80.689995
34983,97.8239
34984,49.30627
34985,58.09769
34986,107.36804
34987,158.04384
34988,145.43217
34989,96.864494
34990,131.28067
34991,175.5563
34992,279.98666
34993,319.66574
34994,162.64043
34995,162.62395
34996,143.17886
34997,140.76642
34998,148.2648
34999,163.36331
35000,129.1421
35001,103.437904
35002,113.63851
35003,113.7717
35004,99.88378
35005,126.7093
35006,153.97734
35007,189.46072
35008,188.81789
35009,172.64322
35010,151.98122
35011,134.6713
35012,89.530304
35013,107.4279
35014,91.5739
35015,86.42339
35016,89.774376
35017,95.01284
35018,96.94944
35019,85.44327
35020,112.401924
35021,153.0009
35022,173.53532
35023,214.77602
35024,231.86934
35025,196.70824
35026,208.68323
35027,296.60373
35028,266.6267
35029,190.5737
35030,217.15265
35031,164.02548
35032,85.59037
35033,38.477703
35034,51.108055
35035,34.354893
35036,24.289797
35037,55.94111
35038,32.499397
35039,20.115788
35040,38.36128
35041,61.97843
35042,8.183402
35043,-0.71283615
35044,-0.69131386
35045,-0.9765639
35046,22.121126
35047,112.68327
35048,26.48992
35049,-0.23134437
35050,-0.49674776
35051,0.5075509
35052,-0.31793582
35053,-0.8090517
35054,0.30793625
35055,-0.59029335
35056,-0.5646268
35057,-0.78799295
35058,-0.43568256
35059,-0.38519293
35060,-0.5026699
35061,-0.6129109
35062,28.73455
35063,53.61293
35064,-1.2672932
35065,-0.5848936
35066,-0.34941182
35067,-0.5579205
35068,-0.65800536
35069,-1.0450085
35070,-0.35485598
35071,-0.16310683
35072,-1.6444706
35073,-1.0108902
35074,-1.0553833
35075,-0.7732409
35076,-1.5832965
35077,-0.80653006
35078,-1.0603827
35079,-1.850041
35080,0.2603074
35081,0.69894874
35082,0.98423547
35083,0.82267493
35084,0.8269132
35085,0.23257017
35086,0.22870813
35087,0.6581989
35088,0.6772085
35089,0.5463848
35090,-0.054572877
35091,0.8664305
35092,1.5977215
35093,1.5622528
35094,3.7493246
35095,0.43919894
35096,4.010276
35097,0.0062137432
35098,0.07334375
35099,-0.08213281
35100,0.612304
35101,0.6572095
35102,0.106458254
35103,-0.0051395213
35104,0.067832105
35105,0.35280007
35106,-0.041997816
35107,-0.14023049
35108,3.5319378
35109,-0.13426831
35110,3.6117404
35111,1.112824
35112,2.1513386
35113,0.73977166
35114,2.2961693
35115,1.3298608
35116,3.7081225
35117,1.3552632
35118,3.8613076
35119,0.4009232
35120,1.2306213
35121,1.0823314
35122,1.7754458
35123,1.640846
35124,1.7461383
35125,3.1964033
35126,2.6875553
35127,1.3169714
35128,2.923134
35129,4.0420523
35130,1.2230166
35131,-0.2711795
35132,0.4450012
35133,0.068513386
35134,0.5262516
35135,0.66426533
35136,0.84432846
35137,2.3314764
35138,0.65429574
35139,1.4845611
35140,7.4712048
35141,392.99658
35142,2.196244
35143,1.8430858
35144,695.7369
35145,1299.9517
35146,1145.8469
35147,1523.8656
35148,1509.0153
35149,1404.1191
35150,1040.3367
35151,1223.239
35152,1367.0892
35153,1073.638
35154,1048.469
35155,1237.2445
35156,868.06665
35157,1329.715
35158,1205.1539
35159,1088.6189
35160,1380.7717
35161,1562.6924
35162,1392.3737
35163,1528.6311
35164,1237.5587
35165,1131.0038
35166,1197.311
35167,1012.5346
35168,1122.3568
35169,755.40784
35170,630.88904
35171,819.8596
35172,744.0431
35173,836.90643
35174,984.07983
35175,1314.6167
35176,852.859
35177,439.61203
35178,450.22137
35179,622.5772
35180,936.982
35181,1160.0184
35182,765.24994
35183,752.6988
35184,949.32526
35185,1031.3955
35186,944.97894
35187,967.9007
35188,1066.3428
35189,843.8986
35190,723.332
35191,825.1874
35192,737.43994
35193,891.9378
35194,897.8124
35195,816.0046
35196,1142.9725
35197,1482.3953
35198,1141.6827
35199,972.20496
35200,929.4006
35201,1135.0607
35202,1297.322
35203,1386.2632
35204,1248.4409
35205,944.8652
35206,958.26794
35207,858.03937
35208,967.8485
35209,1065.459
35210,1080.6711
35211,995.5388
35212,1022.01056
35213,1146.4475
35214,1227.5432
35215,1298.0634
35216,1272.571
35217,1287.281
35218,1004.69403
35219,888.4172
35220,1179.55
35221,1286.581
35222,1341.0494
35223,1133.3901
35224,1366.6288
35225,1099.2511
35226,1004.6394
35227,1010.3804
35228,1123.1517
35229,732.8182
35230,664.9458
35231,896.6941
35232,968.31586
35233,1193.0515
35234,922.29285
35235,1250.0437
35236,1289.3801
35237,1136.8413
35238,1268.4945
35239,1673.8701
35240,1719.8972
35241,1695.6895
35242,1487.3069
35243,1740.908
35244,1643.7853
35245,1218.7281
35246,788.1996
35247,796.4363
35248,762.73895
35249,897.60077
35250,843.0051
35251,733.9612
35252,791.9706
35253,987.9694
35254,1065.7428
35255,959.85724
35256,781.159
35257,964.80554
35258,1287.7539
35259,1493.3162
35260,883.21545
35261,796.3565
35262,1219.3081
35263,1558.7343
35264,1302.1813
35265,826.0037
35266,905.86896
35267,702.8977
35268,700.1163
35269,539.1227
35270,729.37427
35271,1144.0823
35272,1042.0387
35273,978.609
35274,848.6594
35275,673.8117
35276,593.5524
35277,604.0678
35278,669.8105
35279,612.58704
35280,682.0253
35281,667.38
35282,616.0269
35283,614.84753
35284,837.14746
35285,677.9753
35286,874.6601
35287,971.1182
35288,1234.0394
35289,582.3883
35290,576.4359
35291,567.0402
35292,1088.7573
35293,878.72314
35294,326.91748
35295,320.38745
35296,351.45285
35297,404.2403
35298,281.85696
35299,330.83545
35300,451.77756
35301,372.65933
35302,373.42416
35303,310.7813
35304,474.94583
35305,460.4211
35306,525.9333
35307,428.05374
35308,237.22948
35309,278.70636
35310,274.4092
35311,155.21826
35312,289.19226
35313,219.0639
35314,181.17542
35315,274.27103
35316,369.58755
35317,658.1474
35318,428.50745
35319,641.02026
35320,572.77234
35321,395.5603
35322,213.87274
35323,137.19398
35324,107.48032
35325,193.66077
35326,247.06871
35327,202.9723
35328,186.31242
35329,218.32439
35330,276.24277
35331,471.447
35332,294.57693
35333,253.53941
35334,293.55606
35335,351.31274
35336,391.40607
35337,419.9866
35338,349.93854
35339,117.630806
35340,74.00709
35341,104.544464
35342,185.83516
35343,225.7975
35344,204.56552
35345,151.03983
35346,87.79868
35347,36.1793
35348,2.3143783
35349,49.961216
35350,77.07783
35351,116.31061
35352,139.09497
35353,175.01646
35354,172.43193
35355,166.06442
35356,107.844
35357,87.36209
35358,146.52373
35359,192.29402
35360,217.09097
35361,287.16644
35362,260.80948
35363,354.57993
35364,318.19077
35365,297.05853
35366,356.29553
35367,353.16742
35368,301.35715
35369,257.4144
35370,226.7632
35371,267.6075
35372,233.67862
35373,143.34834
35374,162.06119
35375,165.8603
35376,190.32104
35377,166.25917
35378,157.00294
35379,188.81146
35380,306.3771
35381,319.23352
35382,508.41013
35383,532.1215
35384,700.9976
35385,666.5163
35386,532.1947
35387,483.4336
35388,348.56485
35389,361.34457
35390,370.6099
35391,226.2301
35392,142.24075
35393,105.333374
35394,90.96719
35395,237.97629
35396,135.21999
35397,52.572727
35398,30.732746
35399,2.406573
35400,-0.9523655
35401,-1.4902513
35402,-1.0819283
35403,15.845119
35404,-5.8280764
35405,-2.398079
35406,-2.6890483
35407,-2.4668217
35408,3.7361014
35409,-2.6743855
35410,-0.9089701
35411,-0.7703109
35412,-0.7493121
35413,-0.7074446
35414,-0.45632318
35415,-0.4660314
35416,-0.5706831
35417,-0.5388643
35418,-0.7163871
35419,-0.4996709
35420,-0.49796206
35421,31.268503
35422,52.194008
35423,93.93382
35424,149.89983
35425,161.42508
35426,164.02661
35427,122.75906
35428,195.28154
35429,1030.2035
35430,1156.4486
35431,1171.2219
35432,974.67944
35433,811.24725
35434,656.6809
35435,883.38983
35436,758.8599
35437,1275.2605
35438,1061.9979
35439,970.7316
35440,950.397
35441,804.05505
35442,804.488
35443,807.87555
35444,739.13367
35445,545.60736
35446,687.30664
35447,902.4991
35448,639.93945
35449,599.2981
35450,683.7109
35451,447.20474
35452,510.48502
35453,354.68542
35454,420.5946
35455,433.3986
35456,370.63623
35457,557.88983
35458,570.69855
35459,635.4678
35460,739.74274
35461,1091.2047
35462,1194.82
35463,1290.3062
35464,1522.9498
35465,1291.6749
35466,1181.9226
35467,960.5144
35468,496.75818
35469,618.71747
35470,616.8172
35471,610.3201
35472,673.6535
35473,544.8997
35474,997.8728
35475,862.2545
35476,585.8461
35477,712.41614
35478,645.3836
35479,733.3822
35480,867.6512
35481,1071.9604
35482,1564.0719
35483,849.298
35484,575.0993
35485,815.0101
35486,448.2324
35487,482.06476
35488,820.90137
35489,753.692
35490,1114.9746
35491,824.4799
35492,571.9724
35493,1385.7439
35494,1498.4625
35495,960.7464
35496,582.157
35497,1417.0217
35498,860.9355
35499,1397.9939
35500,1379.3771
35501,1353.8174
35502,1910.086
35503,1670.9587
35504,1695.4541
35505,1473.4619
35506,1432.2656
35507,1481.1602
35508,1367.8638
35509,1363.1483
35510,1502.0785
35511,1903.6774
35512,1572.316
35513,1369.0101
35514,1400.4388
35515,1180.7184
35516,1588.7819
35517,1275.6813
35518,1598.2521
35519,1243.9434
35520,1141.1371
35521,1892.6833
35522,1406.3387
35523,938.19696
35524,686.70776
35525,517.2629
35526,375.50208
35527,268.34418
35528,212.43399
35529,248.56224
35530,417.279
35531,855.87384
35532,762.902
35533,560.6616
35534,522.055
35535,546.23206
35536,604.54785
35537,655.3012
35538,769.5486
35539,651.7071
35540,589.63544
35541,447.02386
35542,454.633
35543,498.223
35544,568.34326
35545,564.37286
35546,519.5252
35547,571.48846
35548,596.67377
35549,640.98065
35550,692.2208
35551,733.99963
35552,709.0081
35553,680.7018
35554,733.22235
35555,815.72327
35556,923.188
35557,834.8957
35558,923.06335
35559,932.0241
35560,914.6809
35561,931.6906
35562,825.6047
35563,937.4752
35564,614.7461
35565,588.97314
35566,511.57266
35567,668.12006
35568,564.95355
35569,602.9765
35570,513.44495
35571,561.8706
35572,588.86005
35573,525.1969
35574,461.54306
35575,375.75018
35576,418.29025
35577,475.6295
35578,413.20847
35579,375.42584
35580,357.85757
35581,381.2313
35582,524.76654
35583,410.5883
35584,497.0818
35585,529.12305
35586,529.91034
35587,552.12537
35588,559.1207
35589,468.6046
35590,504.92493
35591,483.16107
35592,432.40973
35593,355.14145
35594,374.9421
35595,325.84976
35596,418.72552
35597,389.73953
35598,521.3697
35599,579.73083
35600,435.02222
35601,350.7778
35602,399.91745
35603,466.99182
35604,305.56335
35605,410.67267
35606,466.01724
35607,352.2758
35608,408.79758
35609,457.82727
35610,485.83597
35611,304.1259
35612,419.60117
35613,499.3378
35614,610.6215
35615,487.5036
35616,509.47903
35617,815.55804
35618,776.9451
35619,664.04205
35620,665.83453
35621,450.43317
35622,303.62323
35623,341.38022
35624,354.17157
35625,696.81683
35626,821.8952
35627,493.5841
35628,646.06885
35629,1010.38367
35630,1260.0128
35631,1093.6978
35632,1205.8777
35633,1379.5314
35634,1070.6029
35635,1204.9608
35636,1316.9803
35637,1111.3567
35638,547.6172
35639,916.85333
35640,899.0363
35641,672.8592
35642,808.15717
35643,1064.8256
35644,900.71533
35645,623.53253
35646,906.6104
35647,1038.5142
35648,861.2885
35649,950.2038
35650,1105.598
35651,554.20386
35652,723.6157
35653,431.12354
35654,568.2143
35655,934.6899
35656,678.4343
35657,658.74097
35658,615.0196
35659,1033.1597
35660,286.70966
35661,270.02493
35662,247.49052
35663,113.99984
35664,162.36148
35665,264.53174
35666,401.5923
35667,830.80695
35668,806.8787
35669,680.5893
35670,625.7074
35671,415.00095
35672,413.42133
35673,381.48544
35674,340.22192
35675,339.74353
35676,350.91473
35677,416.17325
35678,579.2586
35679,384.5608
35680,553.2355
35681,664.6762
35682,616.0613
35683,500.70163
35684,447.3584
35685,495.22037
35686,468.4723
35687,443.13263
35688,446.81757
35689,519.61664
35690,544.894
35691,603.96674
35692,668.8897
35693,685.7912
35694,678.092
35695,753.61115
35696,750.5192
35697,748.7967
35698,725.138
35699,720.57367
35700,880.9547
35701,762.3681
35702,968.7892
35703,1174.5466
35704,915.89166
35705,1029.7185
35706,983.4596
35707,992.52466
35708,979.6816
35709,789.6845
35710,894.89996
35711,1026.3857
35712,1191.8224
35713,1364.1162
35714,1286.7236
35715,1499.6143
35716,1510.5243
35717,1553.7053
35718,1741.5067
35719,1766.2847
35720,1759.0339
35721,1591.6232
35722,1398.3856
35723,1597.0682
35724,1707.4243
35725,1620.4907
35726,1588.0671
35727,1761.387
35728,1796.7212
35729,1764.3729
35730,1839.5057
35731,1767.5743
35732,1803.4829
35733,1764.88
35734,1973.584
35735,2012.6545
35736,1958.0272
35737,1991.1105
35738,1978.8323
35739,1957.6831
35740,1859.2552
35741,1934.5983
35742,1816.3251
35743,1911.6777
35744,1937.2623
35745,1885.8997
35746,1970.7362
35747,1938.7141
35748,1933.9633
35749,1910.5542
35750,1990.3026
35751,1969.2708
35752,1989.7665
35753,2015.786
35754,2015.9836
35755,1962.3665
35756,1985.3909
35757,2015.7279
35758,1886.8975
35759,1881.1959
35760,1933.5215
35761,1882.7094
35762,1888.7678
35763,1906.399
35764,1941.8014
35765,1952.313
35766,2005.7898
35767,2010.3083
35768,2009.4135
35769,2014.0338
35770,2015.835
35771,2016.1326
35772,1905.0575
35773,1884.5942
35774,1785.91
35775,1775.6383
35776,1776.6746
35777,1924.7054
35778,1801.2316
35779,1884.4333
35780,1846.948
35781,1765.6196
35782,1792.5387
35783,1676.3606
35784,1713.5023
35785,1701.362
35786,1759.745
35787,1841.6206
35788,1839.3401
35789,1892.7205
35790,1862.497
35791,1812.9706
35792,1872.307
35793,1895.4293
35794,1951.8981
35795,1831.9343
35796,1650.7537
35797,1577.3639
35798,1726.7396
35799,1877.5355
35800,1877.3469
35801,1846.1937
35802,1928.035
35803,1788.9604
35804,1591.3373
35805,1757.8635
35806,1765.958
35807,1878.0848
35808,1895.1605
35809,1821.5096
35810,2009.2053
35811,1979.209
35812,2001.0319
35813,1961.915
35814,1899.6819
35815,1744.0479
35816,1817.3027
35817,1690.2181
35818,1725.853
35819,1809.8218
35820,1962.5223
35821,2006.5095
35822,1959.9167
35823,1957.4366
35824,2011.3937
35825,2003.8563
35826,1944.9875
35827,1760.6321
35828,1743.411
35829,1657.2216
35830,1815.8921
35831,1916.5966
35832,1996.4991
35833,1921.4976
35834,1896.2396
35835,1897.3323
35836,1793.5419
35837,1624.0093
35838,1698.0657
35839,1995.4443
35840,2005.4
35841,2005.4358
35842,2016.9745
35843,2026.5175
35844,2015.1201
35845,2012.9655
35846,2015.8862
35847,1998.6508
35848,2018.1254
35849,2010.2423
35850,1997.8141
35851,1894.9952
35852,1956.608
35853,1924.6934
35854,2008.738
35855,2016.9872
35856,2011.2118
35857,2009.5087
35858,970.4334
35859,512.90265
35860,440.11383
35861,356.64633
35862,583.3914
35863,217.49472
35864,174.29279
35865,150.72989
35866,150.86894
35867,131.3856
35868,116.47133
35869,218.06767
35870,495.63986
35871,332.08337
35872,314.19678
35873,178.79361
35874,222.13115
35875,247.05608
35876,287.3312
35877,734.34326
35878,452.22116
35879,576.784
35880,1522.6007
35881,1280.0859
35882,1149.138
35883,986.32117
35884,987.6096
35885,834.53235
35886,968.8109
35887,844.4566
35888,677.5938
35889,868.3144
35890,907.7834
35891,1052.8778
35892,1526.6138
35893,1368.4348
35894,1477.0089
35895,1477.021
35896,1537.2832
35897,1337.7607
35898,1185.5298
35899,1460.7467
35900,1178.2329
35901,1591.4662
35902,1764.8136
35903,1657.8091
35904,1756.2471
35905,1780.2152
35906,1639.0605
35907,1503.0546
35908,1156.2937
35909,1684.4845
35910,1764.1392
35911,1699.3596
35912,1107.3662
35913,1166.3146
35914,1104.9142
35915,1003.9189
35916,1321.028
35917,1202.1729
35918,1403.3828
35919,1551.8326
35920,1402.0157
35921,1007.46924
35922,1451.697
35923,1783.9601
35924,1574.7009
35925,965.4972
35926,1105.4548
35927,1746.3132
35928,1756.2126
35929,1549.6798
35930,1693.33
35931,1636.2106
35932,1629.0386
35933,1711.406
35934,1468.2242
35935,1235.1547
35936,1466.9462
35937,1011.3185
35938,1754.621
35939,1596.6061
35940,1748.1606
35941,1216.3362
35942,1375.937
35943,1757.69
35944,1625.2377
35945,1366.9031
35946,1822.0565
35947,1411.371
35948,1527.2471
35949,1374.2096
35950,1455.3778
35951,1416.9022
35952,1324.7034
35953,1439.3727
35954,1216.9434
35955,1325.5005
35956,1505.1628
35957,858.10364
35958,895.59515
35959,590.24774
35960,808.2897
35961,1146.7802
35962,963.5815
35963,931.68115
35964,783.2316
35965,784.2528
35966,731.434
35967,730.0805
35968,809.1052
35969,632.3958
35970,646.8187
35971,463.84506
35972,350.5598
35973,299.93198
35974,726.0041
35975,860.7857
35976,814.606
35977,755.05695
35978,969.52826
35979,992.5459
35980,900.0214
35981,976.5529
35982,940.75146
35983,998.2835
35984,1014.5751
35985,939.0734
35986,841.6149
35987,579.75366
35988,426.06732
35989,447.19675
35990,501.7817
35991,604.8222
35992,527.1911
35993,463.92255
35994,475.2968
35995,615.5342
35996,722.4594
35997,448.89767
35998,389.1219
35999,369.1186
36000,340.7021
36001,289.08347
36002,362.97852
36003,395.70236
36004,477.0602
36005,574.1196
36006,573.1193
36007,456.23138
36008,517.9455
36009,569.2529
36010,516.8069
36011,451.10245
36012,388.87088
36013,314.95377
36014,231.7562
36015,321.07376
36016,468.43494
36017,451.91998
36018,517.5718
36019,334.3324
36020,324.12808
36021,296.63953
36022,362.6076
36023,346.23495
36024,292.27454
36025,251.54013
36026,265.635
36027,258.04272
36028,207.2834
36029,329.5689
36030,497.42038
36031,435.88937
36032,418.09497
36033,356.41867
36034,270.97736
36035,218.14378
36036,232.52034
36037,201.17993
36038,214.52481
36039,231.25435
36040,231.20805
36041,123.84227
36042,63.134113
36043,89.6208
36044,220.85498
36045,192.11313
36046,129.37964
36047,120.561035
36048,143.8742
36049,125.76822
36050,202.70396
36051,149.816
36052,261.8642
36053,159.15796
36054,242.93834
36055,215.59036
36056,373.9903
36057,299.19507
36058,114.947395
36059,90.83574
36060,125.24634
36061,328.28418
36062,268.04602
36063,338.435
36064,213.65723
36065,303.21198
36066,329.3171
36067,50.749237
36068,176.71518
36069,176.73619
36070,148.62106
36071,236.75833
36072,117.02207
36073,42.479336
36074,1.2088716
36075,41.705563
36076,165.69353
36077,49.148518
36078,60.566532
36079,74.43325
36080,88.52721
36081,163.52007
36082,145.48268
36083,103.92645
36084,156.18481
36085,209.34305
36086,159.84279
36087,323.35913
36088,157.56865
36089,416.90482
36090,300.07355
36091,222.20903
36092,280.80765
36093,250.02939
36094,293.3466
36095,163.41734
36096,428.21783
36097,225.39256
36098,89.009674
36099,39.50405
36100,29.474998
36101,-2.7448163
36102,-1.7038988
36103,13.740523
36104,44.26817
36105,89.17334
36106,52.844112
36107,43.837547
36108,26.39124
36109,21.70274
36110,14.432073
36111,6.525644
36112,-2.5514977
36113,-0.29595459
36114,-0.21449542
36115,-0.13984726
36116,-0.19026452
36117,-0.2153341
36118,-0.3525489
36119,-0.17867015
36120,-0.26455882
36121,-0.39743423
36122,-0.46032086
36123,-0.1632512
36124,-0.38713136
36125,-0.4712125
36126,-0.39742437
36127,-0.47051057
36128,-0.47051057
36129,-0.53302866
36130,-1.3076727
36131,-0.7172719
36132,-0.62682986
36133,-0.5220045
36134,-0.47107717
36135,42.79893
36136,59.049118
36137,72.75866
36138,37.242798
36139,33.333385
36140,56.37723
36141,81.961945
36142,111.43817
36143,99.35276
36144,105.42823
36145,209.50185
36146,231.42732
36147,164.9921
36148,107.624794
36149,117.51043
36150,92.72286
36151,94.42187
36152,87.89153
36153,89.599045
36154,103.62293
36155,109.395546
36156,140.09854
36157,203.65956
36158,144.33891
36159,152.06555
36160,74.35476
36161,25.519215
36162,-1.8061101
36163,-2.2522001
36164,3.9770036
36165,-2.3056889
36166,-0.25835097
36167,-0.12880813
36168,-0.1380946
36169,-0.18775357
36170,-0.49722406
36171,-0.40737942
36172,-0.3772792
36173,-0.3892099
36174,-0.3842862
36175,-0.40225405
36176,-0.40446523
36177,-0.55277765
36178,-0.5510798
36179,-0.4600316
36180,-0.573914
36181,60.968468
36182,30.241016
36183,130.7163
36184,40.932396
36185,9.402755
36186,-1.1133233
36187,110.37149
36188,452.05115
36189,600.0989
36190,343.28275
36191,138.295
36192,44.673035
36193,3.390245
36194,-1.4576465
36195,-1.6824133
36196,-1.4077786
36197,-1.6339655
36198,-1.6167289
36199,-1.676272
36200,-1.6822149
36201,-2.2991505
36202,-2.331096
36203,-0.8848991
36204,187.5646
36205,185.09706
36206,159.44843
36207,76.25899
36208,-0.9664591
36209,-0.040403277
36210,-0.28099504
36211,-0.24875769
36212,-0.2824119
36213,-0.30100134
36214,0.33512715
36215,-1.7700421
36216,-0.10988605
36217,-0.36613762
36218,-0.6117101
36219,-0.35304454
36220,-0.323146
36221,-0.26094025
36222,-0.2262037
36223,155.72243
36224,116.42611
36225,24.790813
36226,26.64642
36227,-2.0629108
36228,-0.075000875
36229,-0.45240277
36230,-0.34386185
36231,-0.21829894
36232,-0.12665714
36233,-0.26503307
36234,-0.14469436
36235,-0.14594366
36236,-0.3405541
36237,-0.46931785
36238,-0.33332378
36239,-0.186288
36240,-0.20022048
36241,-0.15732597
36242,-0.24593973
36243,-0.33007902
36244,-0.4110941
36245,-0.30567524
36246,-0.4357092
36247,15.943431
36248,37.766987
36249,52.249195
36250,75.29285
36251,99.9505
36252,148.84422
36253,134.40259
36254,125.50962
36255,138.71321
36256,136.57906
36257,125.011505
36258,98.11929
36259,78.69442
36260,89.618355
36261,105.71429
36262,100.143
36263,103.877144
36264,204.24911
36265,367.76337
36266,241.02351
36267,247.91173
36268,186.41301
36269,158.61986
36270,166.42088
36271,175.01103
36272,160.41833
36273,142.81313
36274,152.92056
36275,207.13118
36276,213.80435
36277,329.85016
36278,283.67767
36279,300.06403
36280,186.34576
36281,188.28938
36282,191.41885
36283,166.62656
36284,191.08078
36285,152.759
36286,84.883675
36287,68.17691
36288,48.900024
36289,77.23149
36290,62.802673
36291,68.012794
36292,54.604267
36293,71.70585
36294,72.79855
36295,66.670525
36296,77.41214
36297,56.660828
36298,16.130875
36299,3.789651
36300,-0.12597747
36301,5.510226
36302,4.1760745
36303,11.647457
36304,36.51832
36305,34.98721
36306,23.195704
36307,19.566406
36308,33.087494
36309,46.363438
36310,38.17346
36311,-4.397749
36312,-0.3510228
36313,-0.3742382
36314,-0.3732097
36315,-0.2437909
36316,-0.3637624
36317,-0.3374936
36318,-0.36759096
36319,-0.36245412
36320,-0.41122898
36321,1.2022372
36322,58.20406
36323,35.127914
36324,91.13043
36325,41.224022
36326,1.7053018
36327,-0.43507567
36328,-0.4605612
36329,6.621515
36330,36.107525
36331,50.248127
36332,31.040483
36333,3.4736245
36334,-0.6295261
36335,-0.2401497
36336,-0.6760538
36337,0.53239495
36338,88.47275
36339,41.574074
36340,40.624012
36341,20.119444
36342,40.69841
36343,172.86865
36344,211.55687
36345,223.2059
36346,268.53986
36347,136.31477
36348,289.4357
36349,314.9156
36350,395.10034
36351,268.83707
36352,146.46318
36353,57.25958
36354,40.11923
36355,167.4818
36356,147.05197
36357,134.17664
36358,127.03915
36359,92.624176
36360,42.79088
36361,1.8513674
36362,-2.3470945
36363,-2.6793563
36364,-2.7106576
36365,-2.5191324
36366,-2.133833
36367,-1.3430529
36368,-1.175657
36369,-0.7836598
36370,-0.47828108
36371,-0.4063087
36372,-0.33496153
36373,-0.34845188
36374,-0.4086118
36375,-0.3930087
36376,-0.37544987
36377,-0.3800686
36378,-0.3572126
36379,-0.4274684
36380,-0.44140115
36381,-0.5411482
36382,-0.57381636
36383,17.545536
36384,87.47659
36385,101.45478
36386,111.387
36387,143.0337
36388,172.1922
36389,210.61055
36390,188.82312
36391,134.02458
36392,116.639854
36393,118.48498
36394,109.41847
36395,127.50941
36396,116.31522
36397,136.26843
36398,175.81929
36399,151.40945
36400,85.78483
36401,94.33641
36402,146.65353
36403,164.9787
36404,149.58026
36405,143.87312
36406,45.49586
36407,50.461575
36408,69.28534
36409,51.596893
36410,84.78301
36411,107.28391
36412,107.064644
36413,49.55533
36414,57.47194
36415,60.38652
36416,90.80832
36417,79.60862
36418,61.37449
36419,48.397747
36420,45.018295
36421,73.400604
36422,57.741108
36423,34.20505
36424,6.1273103
36425,-0.5279334
36426,-0.5183525
36427,-0.6221806
36428,-0.41732943
36429,-0.40027234
36430,-0.4614186
36431,-0.41434598
36432,5.5283318
36433,84.89143
36434,87.87715
36435,45.673595
36436,35.909336
36437,33.46132
36438,55.954517
36439,40.07316
36440,42.109127
36441,49.245502
36442,40.51345
36443,41.818745
36444,43.368153
36445,60.49875
36446,117.165634
36447,134.39998
36448,98.36757
36449,117.04484
36450,129.9968
36451,177.12863
36452,149.93576
36453,123.33136
36454,47.158268
36455,32.49045
36456,25.778833
36457,8.01028
36458,26.176939
36459,54.01186
36460,77.79853
36461,16.460129
36462,27.83692
36463,51.864864
36464,76.48136
36465,90.37696
36466,85.98308
36467,70.45976
36468,95.5066
36469,80.7916
36470,81.7215
36471,77.165985
36472,43.382572
36473,44.938488
36474,23.194757
36475,-0.75166327
36476,0.37661552
36477,92.68253
36478,87.48051
36479,66.54579
36480,31.071672
36481,126.02325
36482,77.92927
36483,91.77772
36484,48.52091
36485,85.004265
36486,31.903316
36487,6.616005
36488,0.6080913
36489,84.15535
36490,151.59204
36491,268.27774
36492,260.66348
36493,328.38843
36494,235.17996
36495,319.4552
36496,183.21544
36497,153.05453
36498,150.40034
36499,292.93982
36500,129.85904
36501,125.70298
36502,105.6261
36503,125.81399
36504,105.92156
36505,126.077774
36506,154.24113
36507,55.79517
36508,50.31556
36509,25.370115
36510,3.1563692
36511,-2.4029803
36512,-0.43345624
36513,34.662075
36514,128.59181
36515,140.92056
36516,124.33653
36517,117.27666
36518,44.851185
36519,35.554024
36520,23.24835
36521,71.28189
36522,102.695984
36523,110.965546
36524,92.13325
36525,97.1503
36526,121.61706
36527,159.54468
36528,213.74681
36529,527.06226
36530,457.37613
36531,292.92142
36532,310.13095
36533,332.1186
36534,343.1383
36535,286.42493
36536,318.90192
36537,378.48788
36538,340.12207
36539,225.7655
36540,250.41814
36541,368.71692
36542,454.3812
36543,297.3275
36544,262.7598
36545,242.95503
36546,305.91733
36547,277.5381
36548,193.08142
36549,237.8535
36550,301.3567
36551,244.5777
36552,283.84555
36553,339.16605
36554,303.77628
36555,232.57147
36556,225.77806
36557,141.52974
36558,93.04019
36559,120.60831
36560,146.36314
36561,191.7518
36562,264.38043
36563,361.34552
36564,326.36005
36565,237.89964
36566,221.74503
36567,318.33658
36568,265.22095
36569,190.66394
36570,170.52989
36571,173.60303
36572,132.07343
36573,102.804535
36574,61.69652
36575,61.062077
36576,42.48467
36577,-0.21999787
36578,-2.2914581
36579,-0.3050811
36580,59.51096
36581,121.31757
36582,69.658585
36583,80.68592
36584,93.84711
36585,53.61954
36586,66.66539
36587,8.255421
36588,116.68008
36589,40.067307
36590,8.377918
36591,49.49065
36592,5.6235714
36593,-0.1527589
36594,-0.2965483
36595,7.3692355
36596,3.9994588
36597,40.45205
36598,63.274216
36599,39.212692
36600,24.023619
36601,25.51039
36602,21.534735
36603,-0.55857074
36604,-2.3959646
36605,-2.5361714
36606,-2.6197672
36607,-2.6189961
36608,-2.5499878
36609,-2.5100868
36610,24.697472
36611,78.242836
36612,111.38193
36613,7.347096
36614,-1.6564215
36615,-0.49598762
36616,43.70155
36617,83.111
36618,64.12315
36619,187.66438
36620,298.87955
36621,172.75023
36622,238.14116
36623,389.85504
36624,404.6041
36625,395.42575
36626,350.2282
36627,294.87192
36628,383.61142
36629,224.6435
36630,372.34006
36631,123.70778
36632,111.983025
36633,256.18137
36634,307.47205
36635,502.11768
36636,302.73193
36637,252.2271
36638,440.65527
36639,421.3234
36640,454.96603
36641,281.26022
36642,305.997
36643,352.1355
36644,268.5758
36645,189.23433
36646,169.39828
36647,211.1921
36648,467.60162
36649,563.8364
36650,422.6554
36651,377.51636
36652,341.21777
36653,234.99608
36654,113.462425
36655,164.69809
36656,141.55684
36657,221.49376
36658,241.65508
36659,192.16682
36660,161.87688
36661,212.63156
36662,252.0838
36663,375.32275
36664,444.09445
36665,424.0828
36666,608.84686
36667,739.2345
36668,660.18933
36669,585.1379
36670,551.07184
36671,482.03918
36672,437.39963
36673,389.03714
36674,395.35312
36675,384.98642
36676,349.81735
36677,338.68698
36678,363.41104
36679,413.2248
36680,526.0447
36681,500.43716
36682,380.93942
36683,409.61996
36684,420.05356
36685,445.87634
36686,392.6813
36687,341.6764
36688,346.73615
36689,380.76178
36690,380.91525
36691,233.80177
36692,200.89275
36693,210.44534
36694,223.39001
36695,249.2099
36696,310.23627
36697,186.11719
36698,166.48524
36699,309.66147
36700,261.22372
36701,290.95013
36702,247.61266
36703,230.39915
36704,199.6088
36705,165.82724
36706,88.927635
36707,89.83678
36708,52.712643
36709,50.606792
36710,67.0719
36711,33.509125
36712,17.491438
36713,-2.661573
36714,-2.0098712
36715,-2.1365535
36716,-2.2093456
36717,-2.4465241
36718,-2.0683057
36719,-0.97090256
36720,2.769996
36721,-1.0943103
36722,-0.79208326
36723,-0.6644363
36724,-0.6111063
36725,-0.4604527
36726,-0.44195366
36727,-0.44789588
36728,-0.3724449
36729,24.95321
36730,104.94103
36731,84.22029
36732,105.55833
36733,75.236465
36734,45.908775
36735,77.65334
36736,106.066696
36737,0.48432663
36738,7.5160966
36739,83.473785
36740,143.22005
36741,61.11771
36742,55.48925
36743,-2.2558951
36744,-0.2917813
36745,-0.10662696
36746,-0.25304
36747,-0.41112036
36748,-0.36125314
36749,-0.25401825
36750,31.080935
36751,96.15012
36752,72.94997
36753,-2.8182044
36754,-0.42310786
36755,-0.2594103
36756,-0.17470999
36757,-0.2229152
36758,4.169472
36759,19.823236
36760,16.904902
36761,8.920755
36762,11.887433
36763,-0.5009787
36764,-0.5712423
36765,-0.3671438
36766,-0.47421035
36767,-0.44589576
36768,-0.29444537
36769,-0.22891869
36770,-0.35162842
36771,-0.400056
36772,21.99104
36773,16.303768
36774,45.262215
36775,18.64192
36776,-0.39628744
36777,-0.23522179
36778,-0.8872151
36779,56.78249
36780,2.973809
36781,-0.43813413
36782,-0.53602564
36783,-0.27721736
36784,-0.32988054
36785,-0.74894583
36786,-0.7825234
36787,-0.506792
36788,-0.5815733
36789,-0.42295566
36790,-0.3426492
36791,-0.39529556
36792,-0.34329918
36793,-0.5559101
36794,-0.5500418
36795,-0.56443816
36796,-0.48006874
36797,-0.40246573
36798,-0.33258617
36799,-0.6624653
36800,-0.4861015
36801,-0.57447743
36802,-0.61954564
36803,-0.8464034
36804,-0.59251815
36805,0.4131452
36806,70.405754
36807,67.98853
36808,46.91579
36809,41.86827
36810,40.55831
36811,38.206078
36812,39.925922
36813,44.43743
36814,51.27753
36815,38.703846
36816,41.22391
36817,38.481617
36818,35.66327
36819,19.389412
36820,12.026825
36821,3.4029722
36822,33.46936
36823,58.448044
36824,41.513794
36825,47.765827
36826,43.46657
36827,41.72221
36828,46.702454
36829,44.466587
36830,41.45589
36831,27.74727
36832,18.762333
36833,18.14702
36834,9.485381
36835,-6.6292133
36836,-6.8023515
36837,-6.502414
36838,-6.770569
36839,-3.3075964
36840,-6.429498
36841,7.773451
36842,-0.6065354
36843,-7.616964
36844,-7.7075114
36845,-6.870557
36846,-1.0077543
36847,-5.2771454
36848,14.134573
36849,7.6138625
36850,16.695091
36851,-0.5863058
36852,18.893963
36853,14.021207
36854,-3.4054077
36855,-2.0794687
36856,-2.6594675
36857,-2.3701997
36858,-2.458758
36859,-2.4674542
36860,-2.2865205
36861,-2.096655
36862,-1.3670511
36863,-1.2632517
36864,-0.6693495
36865,-0.7022881
36866,-0.9298058
36867,-0.6229846
36868,-0.59137917
36869,-0.5757689
36870,-0.5948663
36871,-0.66271687
36872,-0.61185604
36873,-0.9254468
36874,30.632067
36875,19.157743
36876,47.86452
36877,42.57054
36878,3.20015
36879,-0.5939654
36880,-0.54578936
36881,-0.54061395
36882,-0.61758584
36883,-0.6306147
36884,-0.58747923
36885,-0.5619187
36886,-0.5773438
36887,-0.5136369
36888,-0.5215787
36889,-0.46104684
36890,-0.5039954
36891,-0.5831242
36892,-0.42262855
36893,-0.66900814
36894,-0.5875502
36895,-0.5591773
36896,-0.5083605
36897,-0.504398
36898,-0.40062475
36899,-0.31109765
36900,-0.42371762
36901,-0.43243057
36902,-0.44157884
36903,-0.43572652
36904,-0.471789
36905,-0.5083526
36906,-0.56214744
36907,-0.5595873
36908,-0.4984991
36909,-0.48858824
36910,-0.56439054
36911,-0.545036
36912,-0.44936323
36913,-0.53449506
36914,-0.5643233
36915,-0.44426742
36916,-0.40497303
36917,-0.42180955
36918,-0.47105017
36919,-0.48995215
36920,-0.4967107
36921,-0.5573811
36922,-0.5716021
36923,-0.6566944
36924,28.380404
36925,2.9321954
36926,10.697167
36927,2.9414766
36928,-6.8918457
36929,-0.73803693
36930,-7.038979
36931,-1.7021233
36932,6.728947
36933,-7.296545
36934,-7.067472
36935,-6.837886
36936,-6.226254
36937,13.804554
36938,20.54173
36939,26.638515
36940,15.5399475
36941,19.832611
36942,18.797382
36943,16.178509
36944,21.680574
36945,12.492222
36946,0.25226897
36947,-2.3356166
36948,-2.0588894
36949,-2.0714843
36950,-6.557806
36951,-2.968801
36952,-0.4109123
36953,-0.40109855
36954,-0.44028565
36955,-0.45103595
36956,-0.5428029
36957,-0.37054846
36958,-0.36797908
36959,-0.40747094
36960,-0.39942825
36961,-0.37561062
36962,51.42952
36963,137.97484
36964,163.29596
36965,105.516014
36966,130.63159
36967,107.410416
36968,85.18448
36969,52.32299
36970,40.98513
36971,56.51507
36972,53.768967
36973,31.086153
36974,22.73957
36975,48.409634
36976,79.89648
36977,58.024544
36978,84.80658
36979,76.336815
36980,78.43494
36981,72.69423
36982,16.339014
36983,63.462345
36984,88.0396
36985,67.35945
36986,63.18594
36987,20.13845
36988,29.991798
36989,30.741741
36990,-5.286653
36991,-1.6242175
36992,-1.8319833
36993,-2.0750136
36994,-2.1487613
36995,-2.2423205
36996,-1.9584149
36997,-1.6224735
36998,-1.6505868
36999,-2.0899692
37000,-2.3404548
37001,-2.0249522
37002,-1.4790192
37003,-0.9791485
37004,-0.79892397
37005,-0.59711325
37006,-0.5300389
37007,-0.5151257
37008,-0.59212804
37009,-0.7978241
37010,-0.867276
37011,-0.7122152
37012,-0.6596159
37013,-0.7992135
37014,-0.51097
37015,-0.44649163
37016,-0.4755738
37017,-0.4081645
37018,-0.68679565
37019,22.659292
37020,1.6602691
37021,1.9786037
37022,31.886782
37023,35.531776
37024,37.55214
37025,62.84776
37026,135.44519
37027,107.8728
37028,94.672874
37029,65.40877
37030,33.1092
37031,74.43611
37032,41.454594
37033,82.157166
37034,40.885086
37035,43.96972
37036,19.987219
37037,13.1731615
37038,27.1703
37039,26.764166
37040,21.696283
37041,42.045456
37042,47.457634
37043,87.80174
37044,70.86413
37045,56.83702
37046,74.67175
37047,108.8591
37048,132.23116
37049,146.86287
37050,83.66566
37051,13.8327055
37052,6.9275565
37053,60.533104
37054,37.135548
37055,35.903095
37056,82.73523
37057,56.289528
37058,53.171844
37059,109.043976
37060,111.48406
37061,115.50619
37062,188.27673
37063,226.39479
37064,276.48
37065,310.74835
37066,289.5342
37067,315.66937
37068,368.09372
37069,337.2196
37070,297.07364
37071,252.39447
37072,290.83783
37073,186.37099
37074,181.03044
37075,186.242
37076,146.42537
37077,146.13747
37078,186.34
37079,67.36405
37080,126.87294
37081,74.00955
37082,51.707794
37083,88.76188
37084,114.19518
37085,123.002045
37086,76.10074
37087,42.879154
37088,22.263304
37089,48.396206
37090,54.23947
37091,64.96298
37092,76.15037
37093,45.53766
37094,49.088196
37095,50.3422
37096,29.071367
37097,35.01878
37098,33.125275
37099,15.870332
37100,21.18015
37101,16.263083
37102,16.452574
37103,5.810193
37104,-6.966671
37105,-6.8152394
37106,2.4973183
37107,14.416975
37108,14.904703
37109,14.907299
37110,14.433682
37111,10.548329
37112,-1.4223183
37113,-7.54973
37114,-0.5424401
37115,13.7006855
37116,16.76256
37117,7.8332415
37118,-0.65044665
37119,-0.28424305
37120,-0.19896719
37121,-0.21907257
37122,-0.2192044
37123,-0.23953447
37124,-0.35819864
37125,-0.36162207
37126,-0.19054097
37127,59.778893
37128,104.50832
37129,87.01077
37130,35.437695
37131,23.19071
37132,-0.71099514
37133,-0.7442449
37134,-0.37492716
37135,-0.38101387
37136,-0.35872906
37137,-0.39849955
37138,-0.39724565
37139,-0.43842
37140,-0.38989785
37141,-0.37694678
37142,-0.40225112
37143,-0.40603697
37144,-0.30352804
37145,-0.33389196
37146,-0.2681751
37147,-0.35681465
37148,-0.35474998
37149,-0.4103031
37150,-0.51131296
37151,-0.38294873
37152,-0.3870238
37153,-0.43839115
37154,-0.46310595
37155,-0.46610358
37156,-0.401373
37157,-0.43688467
37158,-0.56071234
37159,-0.4610768
37160,-0.21214809
37161,-0.26765332
37162,-0.33691964
37163,-0.279224
37164,-0.29719943
37165,-0.6363448
37166,-0.53300077
37167,-0.42201617
37168,-0.30188188
37169,9.062369
37170,31.273806
37171,46.57846
37172,41.74799
37173,13.860272
37174,20.76323
37175,11.709128
37176,8.855
37177,3.4715059
37178,-1.3557625
37179,-0.57740057
37180,-0.679059
37181,-0.55672187
37182,-0.40364024
37183,-0.4695724
37184,-0.5331375
37185,-0.51920056
37186,-0.50644356
37187,-0.3728865
37188,-0.4806364
37189,-0.4953372
37190,-0.4783463
37191,-0.40617797
37192,20.570063
37193,49.694508
37194,28.810213
37195,32.897987
37196,49.52217
37197,44.247955
37198,95.47133
37199,88.84025
37200,71.0723
37201,30.586946
37202,44.108784
37203,66.079475
37204,89.66569
37205,79.86044
37206,94.783875
37207,103.733604
37208,111.55183
37209,133.57945
37210,129.25822
37211,134.11887
37212,136.5125
37213,146.24507
37214,156.54462
37215,131.71031
37216,98.516914
37217,92.05826
37218,82.15871
37219,87.041214
37220,102.46982
37221,84.152145
37222,110.32095
37223,118.95229
37224,114.448654
37225,78.094574
37226,67.02493
37227,79.52186
37228,86.99096
37229,70.38709
37230,52.765896
37231,53.240417
37232,36.438057
37233,13.090975
37234,34.43587
37235,40.317955
37236,40.46989
37237,14.008796
37238,27.268942
37239,21.235464
37240,52.690628
37241,65.985504
37242,84.23799
37243,98.08078
37244,97.12671
37245,88.67427
37246,73.23268
37247,81.02541
37248,111.74648
37249,160.30457
37250,138.19917
37251,116.388306
37252,112.08607
37253,97.78657
37254,100.14462
37255,98.22035
37256,110.10402
37257,102.07578
37258,75.16456
37259,75.4826
37260,72.01426
37261,47.759644
37262,52.377804
37263,38.98609
37264,40.856785
37265,39.217583
37266,31.862595
37267,30.525053
37268,60.654984
37269,59.53247
37270,54.966896
37271,50.89416
37272,41.91123
37273,24.753155
37274,35.443886
37275,15.254659
37276,8.645199
37277,8.493071
37278,47.829765
37279,50.22613
37280,31.168371
37281,-0.66920274
37282,10.324
37283,2.794804
37284,-6.250854
37285,-3.6387424
37286,-0.4353381
37287,-0.42947143
37288,-0.47925854
37289,-0.4259927
37290,-0.44814062
37291,-0.50128675
37292,-0.5013675
37293,-0.5677489
37294,40.681602
37295,85.2324
37296,119.49995
37297,58.24298
37298,34.100273
37299,10.106693
37300,25.328964
37301,22.722775
37302,-0.68414426
37303,-0.5136788
37304,-0.52958626
37305,-0.44302598
37306,-0.62853205
37307,-0.5122
37308,-0.5652487
37309,-0.46474677
37310,9.83446
37311,25.644066
37312,-0.14566834
37313,14.908375
37314,-1.956515
37315,-0.26594558
37316,-0.48064834
37317,-0.37959927
37318,-0.2813981
37319,-0.40196112
37320,-0.2587299
37321,-0.32704628
37322,-0.40128714
37323,-0.43432578
37324,-0.40535346
37325,12.314829
37326,20.944883
37327,37.38343
37328,17.64537
37329,31.198364
37330,23.505066
37331,37.634617
37332,39.020554
37333,46.4287
37334,58.505527
37335,70.69717
37336,111.40271
37337,110.9756
37338,101.25256
37339,109.11219
37340,99.70928
37341,113.943726
37342,122.155174
37343,116.370415
37344,124.36237
37345,122.17037
37346,126.39817
37347,113.592545
37348,171.06061
37349,160.92445
37350,196.33394
37351,169.03197
37352,225.37419
37353,164.13539
37354,161.66498
37355,266.32855
37356,278.7261
37357,263.43362
37358,244.11868
37359,206.30467
37360,194.16513
37361,141.94745
37362,177.74432
37363,164.52293
37364,119.18084
37365,121.142395
37366,92.25695
37367,71.64633
37368,85.56857
37369,121.71269
37370,130.6681
37371,134.96278
37372,164.62622
37373,215.0289
37374,173.83788
37375,140.26115
37376,108.778725
37377,115.55437
37378,75.53434
37379,102.8227
37380,87.93159
37381,89.41905
37382,103.73053
37383,71.65136
37384,44.11145
37385,64.74501
37386,101.47626
37387,104.062614
37388,38.242428
37389,-5.655769
37390,13.397908
37391,29.183937
37392,44.814545
37393,41.275158
37394,65.2284
37395,27.523348
37396,40.812702
37397,81.23123
37398,68.611115
37399,31.709797
37400,3.0405028
37401,10.800668
37402,3.256924
37403,14.335408
37404,31.35532
37405,52.86033
37406,50.840385
37407,44.218296
37408,58.84104
37409,50.33816
37410,28.410276
37411,-2.6896288
37412,-1.7264793
37413,-1.8961018
37414,-1.9431889
37415,-1.8489834
37416,-1.5434983
37417,-2.2894685
37418,-2.08705
37419,-2.1648881
37420,-1.953943
37421,-2.239725
37422,-1.6771673
37423,-1.3196397
37424,-1.0664566
37425,-0.82476324
37426,-0.8330977
37427,-0.47405118
37428,-0.4253948
37429,-0.34116682
37430,-0.43064794
37431,-0.45835367
37432,-0.2861816
37433,-0.34012744
37434,-0.49898985
37435,-0.34598866
37436,-0.536117
37437,-0.50840145
37438,-0.42508945
37439,-0.4656274
37440,-0.45579812
37441,-0.36649606
37442,-0.3762912
37443,-0.4386972
37444,-0.5378292
37445,-0.38934997
37446,-0.38203108
37447,-0.3394546
37448,-0.6590089
37449,-0.56101805
37450,-0.49679196
37451,-0.4758833
37452,-0.5155005
37453,-0.5789101
37454,-0.6352247
37455,-0.39662823
37456,16.747097
37457,82.313896
37458,64.486694
37459,62.36375
37460,64.654854
37461,39.39043
37462,50.879757
37463,58.118217
37464,61.5175
37465,67.57952
37466,71.6848
37467,44.370255
37468,44.49568
37469,29.547316
37470,37.14218
37471,31.318438
37472,29.719551
37473,23.726524
37474,34.352116
37475,36.108303
37476,27.84994
37477,30.200174
37478,14.798592
37479,13.32838
37480,8.7946825
37481,37.419804
37482,37.62336
37483,53.449535
37484,21.95517
37485,64.3329
37486,60.818752
37487,17.866268
37488,16.01107
37489,35.974697
37490,20.86188
37491,15.335574
37492,16.42461
37493,27.12062
37494,-1.3980951
37495,-0.4641396
37496,-0.43385357
37497,-0.45428208
37498,-0.46886736
37499,-0.38529998
37500,-0.40402085
37501,-0.41908532
37502,-0.5381099
37503,-0.47320503
37504,-0.48162043
37505,-0.4966646
37506,-0.42805174
37507,-0.43460825
37508,-0.37699884
37509,-0.42436758
37510,-0.41975808
37511,-0.35541368
37512,-0.28696904
37513,-0.30502677
37514,-0.35648295
37515,-0.37403342
37516,-0.39457417
37517,-0.36326712
37518,-0.2945886
37519,-0.21243493
37520,-0.19220667
37521,-0.20380051
37522,-0.20484237
37523,-0.2627709
37524,-0.28412494
37525,-0.24861707
37526,-0.25316775
37527,-0.27126864
37528,-0.29108533
37529,-0.45547473
37530,-0.740262
37531,-0.81565946
37532,-0.82135344
37533,-0.67583776
37534,-0.7084604
37535,-0.6157492
37536,-0.6770897
37537,-0.72056895
37538,-0.82179314
37539,-0.66305506
37540,-0.7559263
37541,-0.6575929
37542,-0.7053595
37543,-0.6587419
37544,-1.1743523
37545,49.025616
37546,-0.7809405
37547,10.738501
37548,-4.2815456
37549,-0.5158053
37550,-0.39752987
37551,-0.4244186
37552,-0.4325243
37553,-0.30309728
37554,-0.268768
37555,-0.34191802
37556,-0.54809487
37557,-0.5463189
37558,-0.5297892
37559,-0.50133264
37560,-0.5356167
37561,-0.52792114
37562,-0.5746909
37563,-0.5928069
37564,-0.7045274
37565,14.472254
37566,-0.36267042
37567,-0.6518868
37568,-0.62680286
37569,-0.60200053
37570,-0.6302491
37571,-0.61966676
37572,5.0302577
37573,11.788048
37574,22.82671
37575,9.739954
37576,7.9623575
37577,1.2210807
37578,-0.43990734
37579,-0.45667732
37580,-0.43534833
37581,-0.4642046
37582,-0.457075
37583,-0.57291776
37584,-0.53432477
37585,-0.46636748
37586,-0.4133841
37587,-0.27653491
37588,-0.5328532
37589,-0.5547354
37590,-0.6131084
37591,-0.6466782
37592,-0.49732488
37593,-0.5169674
37594,-0.5514886
37595,-0.61014074
37596,-0.6142462
37597,-0.6185055
37598,-0.5891994
37599,-0.540269
37600,-0.51692146
37601,-0.49239674
37602,-0.5037142
37603,-0.54155236
37604,-0.5974459
37605,-0.56580764
37606,-0.53569865
37607,-0.54451686
37608,-0.5017307
37609,-0.50754017
37610,-0.53809977
37611,-0.4096791
37612,-0.4131529
37613,-0.41529194
37614,-0.42103297
37615,-0.42763594
37616,-0.42762637
37617,-0.42534375
37618,-0.43283325
37619,-0.46905667
37620,-0.48387763
37621,-0.48409534
37622,-0.48462301
37623,-0.48152795
37624,-0.48381063
37625,-0.47710502
37626,-0.47971871
37627,-0.47710502
37628,-0.47624037
37629,-0.4739578
37630,-0.47453883
37631,-0.4645063
37632,-0.46312073
37633,-0.6396029
37634,-0.6813498
37635,-0.88608307
37636,-1.1356082
37637,-1.0881251
37638,-1.0304419
37639,-0.9913444
37640,-1.0180312
37641,-0.95815307
37642,-0.82682836
37643,-0.8613414
37644,-0.8479886
37645,-1.0912209
37646,-0.65489316
37647,-0.59597373
37648,-0.6032368
37649,-0.58032703
37650,-0.4799349
37651,-0.9450742
37652,-0.87917763
37653,-0.8870631
37654,-0.8768506
37655,-0.8513518
37656,-0.7931629
37657,-0.7258991
37658,-0.87500304
37659,-0.515242
37660,-0.52518654
37661,-0.7955846
37662,-0.8078382
37663,-0.6883138
37664,-0.75448817
37665,-0.6826847
37666,-0.6987244
37667,-0.61027884
37668,-0.592208
37669,-0.58371866
37670,-0.6439765
37671,-1.0779771
37672,2.7360463
37673,18.159311
37674,23.069109
37675,32.095036
37676,7.6442285
37677,-0.9629658
37678,-0.87936944
37679,-0.879688
37680,-0.90550977
37681,-0.8482315
37682,-0.65743834
37683,-0.80431575
37684,-0.60112995
37685,-0.90330905
37686,-1.0219426
37687,-0.7058685
37688,-0.7329936
37689,6.1254983
37690,-1.0122637
37691,-0.6921104
37692,-0.46006054
37693,-0.45442295
37694,-0.7434945
37695,-0.7496106
37696,-0.49995786
37697,-0.78507155
37698,-0.82080346
37699,-0.743346
37700,-0.8009697
37701,-0.8976245
37702,-0.72310656
37703,-0.6332679
37704,-0.6519103
37705,-0.73568976
37706,-0.8326218
37707,-0.61635506
37708,-0.8304128
37709,-0.8110175
37710,-0.84663117
37711,-0.85919917
37712,-0.85357785
37713,-0.78791654
37714,-0.7557326
37715,-0.79990506
37716,-0.7811148
37717,-0.7827389
37718,-0.82103795
37719,-0.7774832
37720,-0.8518084
37721,-0.77932084
37722,-0.59386396
37723,-0.65708387
37724,-0.55539036
37725,56.21817
37726,83.24324
37727,98.23343
37728,88.07409
37729,73.75537
37730,88.12119
37731,99.786476
37732,94.982346
37733,90.305954
37734,92.36545
37735,80.836784
37736,60.56146
37737,93.62682
37738,85.58552
37739,140.98747
37740,173.10983
37741,159.41328
37742,182.88292
37743,200.83398
37744,206.63344
37745,178.0355
37746,183.02147
37747,194.55449
37748,259.68225
37749,382.41632
37750,474.5188
37751,402.97025
37752,415.24567
37753,332.348
37754,216.99457
37755,209.95221
37756,288.00183
37757,345.70728
37758,385.95172
37759,408.96774
37760,370.65375
37761,449.63943
37762,448.40338
37763,370.37054
37764,341.0674
37765,317.39755
37766,361.3498
37767,371.5454
37768,408.02676
37769,319.37085
37770,377.43515
37771,376.34424
37772,223.80673
37773,194.88942
37774,284.3997
37775,328.46103
37776,296.83792
37777,198.86908
37778,220.80287
37779,256.84125
37780,253.17593
37781,242.11781
37782,277.20444
37783,264.69415
37784,254.01459
37785,218.01883
37786,181.1896
37787,122.22425
37788,36.2323
37789,0.81402564
37790,-0.18188709
37791,-0.23803918
37792,76.19535
37793,109.18249
37794,58.872803
37795,90.479805
37796,77.93521
37797,50.79809
37798,30.27605
37799,30.554754
37800,31.045395
37801,30.988672
37802,46.296844
37803,94.02462
37804,54.980907
37805,52.407726
37806,127.047615
37807,56.37529
37808,124.60056
37809,126.57234
37810,110.434166
37811,70.05149
37812,74.19296
37813,73.68747
37814,112.916084
37815,38.968132
37816,18.49296
37817,0.43684518
37818,4.4205585
37819,35.94908
37820,75.74578
37821,75.70136
37822,59.599415
37823,-1.2345182
37824,-0.56726164
37825,-0.6144564
37826,-0.5695123
37827,11.415344
37828,21.600348
37829,8.955327
37830,127.809944
37831,93.950134
37832,14.27189
37833,-0.6105763
37834,-0.57889843
37835,28.021315
37836,39.95304
37837,9.507156
37838,75.96681
37839,0.59103024
37840,49.14198
37841,40.018375
37842,73.387405
37843,34.46868
37844,-0.038032725
37845,50.554413
37846,-2.0720105
37847,14.965529
37848,0.61222047
37849,-5.613301
37850,-0.57890946
37851,-0.49958432
37852,-0.47164872
37853,-0.45592013
37854,-0.4620193
37855,-0.5429166
37856,-0.48327678
37857,-0.48551008
37858,-0.48526382
37859,-0.4831829
37860,-0.46398777
37861,-0.5272457
37862,-0.8034168
37863,27.369787
37864,35.46219
37865,17.43136
37866,2.443376
37867,9.841307
37868,5.793835
37869,13.051497
37870,2.244797
37871,-1.3590765
37872,2.247431
37873,-2.7139535
37874,-1.5467637
37875,-1.8732356
37876,-2.149546
37877,-1.7013009
37878,-1.8411255
37879,-1.9200757
37880,-1.9172759
37881,-1.9315733
37882,-1.9202309
37883,-1.1652169
37884,-0.44187814
37885,-0.30900666
37886,-0.4010779
37887,-0.39847252
37888,-0.47593334
37889,-0.45861456
37890,-0.4448168
37891,-0.4406925
37892,-0.4400055
37893,-0.46923307
37894,-0.55383044
37895,-0.5701737
37896,-0.46722335
37897,-0.42770064
37898,-0.4554181
37899,-0.47427034
37900,-0.45191792
37901,-0.47077847
37902,-0.44839257
37903,-0.20747864
37904,-0.2475115
37905,19.901888
37906,17.364296
37907,29.499264
37908,39.197033
37909,50.38945
37910,46.43149
37911,41.39592
37912,43.836765
37913,71.41702
37914,41.26106
37915,20.500622
37916,49.525326
37917,39.812855
37918,-0.9624409
37919,2.4279463
37920,1.9306356
37921,-7.6688776
37922,-5.0663447
37923,-1.9165431
37924,-1.7548522
37925,-1.6737213
37926,-1.7620753
37927,-1.6502064
37928,18.949715
37929,44.35167
37930,36.95406
37931,40.930447
37932,51.239437
37933,67.43947
37934,50.925976
37935,49.15968
37936,71.7503
37937,87.80016
37938,64.72379
37939,115.17125
37940,73.22183
37941,86.21138
37942,64.90209
37943,58.992268
37944,43.11463
37945,45.424538
37946,55.34673
37947,23.754988
37948,35.938747
37949,50.106136
37950,64.5224
37951,18.757334
37952,39.3845
37953,53.67957
37954,86.15458
37955,86.56231
37956,16.256414
37957,139.66138
37958,140.43822
37959,135.07631
37960,144.68266
37961,27.443377
37962,66.26638
37963,157.17073
37964,46.555016
37965,125.012024
37966,124.05715
37967,131.24281
37968,202.20871
37969,62.38457
37970,56.340137
37971,133.0798
37972,93.82388
37973,91.8033
37974,66.575676
37975,36.138306
37976,32.1703
37977,86.73235
37978,-1.6853224
37979,48.73356
37980,35.93172
37981,58.21549
37982,0.12491606
37983,36.11033
37984,73.249176
37985,21.044613
37986,20.093863
37987,29.332867
37988,77.77399
37989,89.50589
37990,66.335106
37991,48.368477
37992,110.68849
37993,119.06701
37994,99.281265
37995,102.51953
37996,92.555084
37997,86.26564
37998,78.58796
37999,81.76244
38000,71.60242
38001,91.38137
38002,91.37896
38003,109.65042
38004,131.80064
38005,165.34308
38006,193.96233
38007,201.94249
38008,146.14632
38009,185.17397
38010,197.10979
38011,164.70369
38012,158.51677
38013,179.80656
38014,250.86894
38015,258.37643
38016,265.60837
38017,286.4068
38018,246.46555
38019,226.3933
38020,234.42432
38021,216.39636
38022,205.94482
38023,129.3509
38024,131.59
38025,197.36584
38026,239.30643
38027,295.7757
38028,306.60764
38029,325.751
38030,379.76086
38031,273.71072
38032,277.93646
38033,374.01413
38034,364.75192
38035,562.7713
38036,468.079
38037,358.22302
38038,357.90646
38039,462.34872
38040,595.1939
38041,641.90283
38042,479.7252
38043,458.44482
38044,526.09045
38045,489.61948
38046,507.14203
38047,473.48444
38048,344.27927
38049,312.36966
38050,274.12408
38051,239.49406
38052,212.25526
38053,304.5335
38054,259.62033
38055,252.15585
38056,354.79483
38057,296.9022
38058,293.1823
38059,336.61435
38060,252.9369
38061,323.81845
38062,354.4537
38063,276.72058
38064,279.53192
38065,284.45337
38066,212.10608
38067,218.53331
38068,453.75552
38069,777.2064
38070,799.8855
38071,711.5431
38072,529.7607
38073,281.78693
38074,227.80646
38075,171.96864
38076,100.111206
38077,129.97766
38078,88.570045
38079,21.114468
38080,87.586334
38081,108.37008
38082,193.42516
38083,114.77341
38084,61.472477
38085,90.24919
38086,74.88055
38087,29.028887
38088,38.14545
38089,20.915903
38090,26.136038
38091,-3.2951345
38092,-0.7275697
38093,-0.7791739
38094,-0.8939246
38095,-0.6048199
38096,-0.7775487
38097,-0.58625853
38098,-0.75633335
38099,633.7769
38100,900.75385
38101,662.79675
38102,991.5962
38103,672.2346
38104,424.87228
38105,96.21214
38106,493.19293
38107,367.06042
38108,199.73465
38109,411.7456
38110,323.82507
38111,154.86926
38112,141.89293
38113,175.6732
38114,258.02542
38115,375.49115
38116,319.6337
38117,150.0905
38118,3.580103
38119,-3.4503736
38120,-0.5218995
38121,-0.5807164
38122,-0.016504366
38123,0.08040757
38124,0.009047593
38125,-0.2527108
38126,-0.31700388
38127,-0.51287353
38128,17.460064
38129,389.25815
38130,158.43417
38131,161.38504
38132,87.73996
38133,59.325478
38134,94.31825
38135,106.81482
38136,140.73927
38137,176.31378
38138,137.54196
38139,176.2331
38140,137.56017
38141,150.69199
38142,170.77289
38143,142.4056
38144,88.5179
38145,91.90761
38146,96.92037
38147,86.64106
38148,79.270485
38149,73.999054
38150,69.839195
38151,90.08441
38152,106.304504
38153,84.8852
38154,86.311806
38155,86.00478
38156,107.627106
38157,116.40448
38158,96.7307
38159,99.990395
38160,88.261765
38161,119.17907
38162,125.40125
38163,99.610535
38164,72.11427
38165,73.503494
38166,86.363716
38167,111.74159
38168,109.65795
38169,122.854416
38170,141.32639
38171,86.09133
38172,60.68345
38173,81.07448
38174,71.21652
38175,67.658195
38176,68.17358
38177,54.28424
38178,20.808619
38179,11.153309
38180,11.24653
38181,50.488113
38182,58.031544
38183,55.98783
38184,48.921745
38185,51.25296
38186,48.015038
38187,56.523994
38188,35.041977
38189,8.433626
38190,-3.8775318
38191,-6.4145064
38192,14.641165
38193,16.42699
38194,25.72335
38195,51.686867
38196,87.1028
38197,141.2773
38198,116.83069
38199,93.865906
38200,65.78384
38201,15.547371
38202,6.731649
38203,18.787987
38204,43.139732
38205,35.848156
38206,37.0867
38207,35.82463
38208,26.923298
38209,37.72326
38210,18.838562
38211,36.904243
38212,33.63903
38213,51.21299
38214,75.47454
38215,83.86277
38216,68.52624
38217,50.21144
38218,28.701748
38219,51.19644
38220,83.41691
38221,63.736866
38222,13.666115
38223,-3.140982
38224,-1.978611
38225,-1.3016146
38226,-1.2220407
38227,-1.1130493
38228,-0.8057162
38229,-0.7470726
38230,-0.6280545
38231,-0.54690486
38232,-0.50377524
38233,-0.5025146
38234,-0.43578213
38235,-0.48710167
38236,-0.48046133
38237,-0.3922045
38238,-0.46142736
38239,-0.43711808
38240,-0.42595682
38241,-0.34293172
38242,-0.45123044
38243,-0.49257934
38244,-0.39264435
38245,42.825302
38246,33.138798
38247,63.784767
38248,2.6728535
38249,-0.39478076
38250,-0.57397175
38251,-0.65962386
38252,24.162855
38253,15.4538555
38254,13.676021
38255,3.3814363
38256,10.594333
38257,0.8343757
38258,-0.5247802
38259,-0.49509445
38260,-0.4881484
38261,-0.47073436
38262,-0.5438986
38263,4.7887197
38264,24.803213
38265,31.501324
38266,27.221315
38267,25.88827
38268,27.818796
38269,2.7815533
38270,11.134219
38271,1.962167
38272,-0.50144887
38273,21.186901
38274,75.72153
38275,16.280775
38276,33.872604
38277,50.71276
38278,81.26538
38279,108.79881
38280,117.70166
38281,120.062515
38282,160.8045
38283,197.65334
38284,255.71884
38285,263.4255
38286,171.01726
38287,174.29121
38288,99.71712
38289,166.56955
38290,225.74825
38291,69.469864
38292,95.4562
38293,138.61581
38294,138.60999
38295,231.49834
38296,414.1646
38297,341.37445
38298,407.2735
38299,471.09866
38300,369.2064
38301,379.18887
38302,374.91174
38303,337.08002
38304,369.91687
38305,468.57062
38306,392.3601
38307,241.73318
38308,163.92389
38309,268.77948
38310,289.78882
38311,349.54846
38312,389.60278
38313,418.45325
38314,392.7394
38315,361.61795
38316,323.57007
38317,304.8605
38318,423.56723
38319,332.4311
38320,332.24652
38321,313.96036
38322,292.41614
38323,184.46521
38324,296.90457
38325,365.28308
38326,450.55215
38327,397.41757
38328,525.4986
38329,617.1883
38330,588.90027
38331,443.45892
38332,505.5891
38333,636.4739
38334,546.5423
38335,584.2972
38336,723.8585
38337,673.27765
38338,631.9321
38339,534.00934
38340,414.24948
38341,438.20215
38342,464.0209
38343,577.3752
38344,492.3894
38345,270.08423
38346,223.74655
38347,238.56314
38348,221.73044
38349,239.55766
38350,239.38713
38351,323.97366
38352,358.06128
38353,317.36856
38354,472.9572
38355,402.86642
38356,405.69702
38357,405.20322
38358,413.02185
38359,449.0201
38360,564.53357
38361,478.184
38362,461.7333
38363,500.98505
38364,657.5838
38365,599.435
38366,586.93774
38367,667.6664
38368,640.88635
38369,793.548
38370,700.95166
38371,722.94385
38372,647.4787
38373,975.3508
38374,726.9077
38375,734.66205
38376,702.63837
38377,776.26294
38378,924.86676
38379,855.59094
38380,787.0396
38381,780.06104
38382,791.06696
38383,827.295
38384,989.38855
38385,927.5356
38386,1023.0242
38387,1133.5844
38388,1120.1661
38389,968.8781
38390,1370.1633
38391,948.7668
38392,916.62854
38393,1048.2903
38394,786.47284
38395,1286.2412
38396,909.9308
38397,954.4335
38398,873.52716
38399,787.6961
38400,559.7536
38401,632.6928
38402,804.96576
38403,606.86664
38404,370.62753
38405,673.9119
38406,823.3947
38407,887.10016
38408,641.1397
38409,690.1721
38410,785.94464
38411,516.9321
38412,323.81726
38413,458.31644
38414,500.45978
38415,598.382
38416,436.88068
38417,348.98627
38418,514.8632
38419,617.3205
38420,803.05646
38421,1079.3156
38422,841.9804
38423,984.16425
38424,781.4735
38425,751.77716
38426,675.7746
38427,522.56824
38428,597.24854
38429,700.02026
38430,786.7772
38431,715.0626
38432,562.441
38433,587.7393
38434,606.3625
38435,550.1616
38436,545.2323
38437,497.58798
38438,452.41196
38439,279.76514
38440,319.978
38441,542.0881
38442,616.9288
38443,677.46643
38444,809.1768
38445,677.9442
38446,510.63293
38447,400.403
38448,346.75104
38449,311.4298
38450,389.92288
38451,388.8392
38452,462.20016
38453,478.7519
38454,430.95334
38455,476.44852
38456,615.0815
38457,829.89746
38458,606.7111
38459,480.70596
38460,631.67926
38461,532.2503
38462,728.41296
38463,644.7492
38464,913.78046
38465,922.27
38466,729.6573
38467,499.47357
38468,535.74835
38469,671.33997
38470,744.3542
38471,887.2579
38472,1141.9633
38473,1284.836
38474,1258.5491
38475,1438.8594
38476,1274.516
38477,1258.6055
38478,845.20374
38479,449.65012
38480,320.3489
38481,266.97687
38482,262.72275
38483,440.19067
38484,273.21704
38485,153.3678
38486,174.07288
38487,135.30196
38488,180.4916
38489,553.26495
38490,308.2133
38491,273.76477
38492,356.1425
38493,270.5535
38494,525.32684
38495,565.73706
38496,491.1939
38497,474.52585
38498,438.046
38499,555.8195
38500,511.29593
38501,257.91238
38502,113.171425
38503,94.71926
38504,198.81528
38505,243.48865
38506,126.36124
38507,113.11471
38508,37.707447
38509,113.08455
38510,111.26807
38511,91.70189
38512,87.71932
38513,382.79898
38514,147.05833
38515,134.93387
38516,120.17695
38517,185.82619
38518,168.26013
38519,108.69933
38520,116.981804
38521,99.106995
38522,23.529182
38523,61.83106
38524,101.741714
38525,114.34111
38526,119.341934
38527,74.87204
38528,110.49923
38529,65.72336
38530,71.01112
38531,121.587585
38532,44.355373
38533,162.1376
38534,36.92724
38535,196.27002
38536,165.05544
38537,121.5677
38538,94.63438
38539,28.386
38540,115.617065
38541,161.30632
38542,113.85549
38543,50.33616
38544,76.22222
38545,116.61129
38546,118.24425
38547,2.6559267
38548,-1.0988903
38549,-0.84562254
38550,65.47175
38551,113.9829
38552,137.08565
38553,62.49835
38554,48.078403
38555,80.430145
38556,79.133156
38557,192.95241
38558,154.37814
38559,0.5888807
38560,-1.9018383
38561,130.98459
38562,83.58106
38563,61.257313
38564,53.369728
38565,36.23214
38566,87.69385
38567,75.30476
38568,73.298965
38569,73.10486
38570,36.88293
38571,-2.3176117
38572,3.514283
38573,20.1645
38574,-3.0429816
38575,-0.15489288
38576,-3.124035
38577,6.3433414
38578,48.420197
38579,38.336803
38580,32.235603
38581,20.621456
38582,78.88298
38583,62.65995
38584,56.666798
38585,16.570704
38586,7.10451
38587,-3.8945785
38588,-2.5066857
38589,-1.843216
38590,-1.3543276
38591,-1.1487418
38592,-1.0627309
38593,-0.24841946
38594,-0.2671402
38595,-0.42115998
38596,-0.2864317
38597,-0.21664695
38598,-0.18937999
38599,-0.18134324
38600,-0.20362045
38601,-0.20972125
38602,-0.36165795
38603,-0.3640882
38604,-0.3891781
38605,-0.40286222
38606,-0.3809571
38607,-0.4143773
38608,-0.7115611
38609,-0.7575137
38610,-0.7083347
38611,-0.6958584
38612,-0.6501927
38613,-0.48022452
38614,-0.5452835
38615,-0.51198226
38616,-0.56563085
38617,-0.5029601
38618,-0.56321317
38619,-0.6877558
38620,-0.730555
38621,-0.55292624
38622,-0.72032833
38623,-0.78992915
38624,-0.73605084
38625,-0.70581144
38626,-0.73101854
38627,-0.76285994
38628,-0.7060131
38629,0.023665333
38630,35.696865
38631,71.50146
38632,60.569225
38633,45.459705
38634,79.55315
38635,61.723694
38636,67.54976
38637,71.724144
38638,81.26293
38639,97.50355
38640,97.09573
38641,98.9207
38642,105.16494
38643,92.7866
38644,49.43116
38645,83.81321
38646,69.17524
38647,48.39718
38648,27.437157
38649,13.127571
38650,52.768997
38651,113.14019
38652,79.41466
38653,135.25934
38654,132.47734
38655,144.00298
38656,147.9875
38657,106.19546
38658,158.97261
38659,69.56164
38660,167.35664
38661,166.43324
38662,151.47318
38663,259.41852
38664,252.60783
38665,353.65518
38666,344.53708
38667,250.2857
38668,262.36685
38669,146.51604
38670,121.66584
38671,174.05348
38672,107.47177
38673,124.89986
38674,90.72037
38675,111.70338
38676,96.49445
38677,218.01546
38678,300.15686
38679,188.58502
38680,141.22308
38681,86.31332
38682,141.9711
38683,297.27087
38684,179.4617
38685,196.8463
38686,204.4791
38687,197.3941
38688,184.35002
38689,144.2923
38690,229.05917
38691,164.7145
38692,226.60005
38693,212.52597
38694,174.99416
38695,178.426
38696,132.30583
38697,142.35094
38698,193.20877
38699,195.6637
38700,223.01099
38701,263.3114
38702,294.41
38703,323.97827
38704,389.45795
38705,436.0305
38706,412.1896
38707,509.4425
38708,690.82117
38709,640.2881
38710,820.8553
38711,1098.144
38712,1139.963
38713,1016.80316
38714,917.8268
38715,892.42847
38716,1034.7887
38717,1009.29834
38718,981.12726
38719,690.1358
38720,687.53094
38721,837.6953
38722,978.83575
38723,1073.3873
38724,844.72437
38725,752.8948
38726,835.3185
38727,855.39124
38728,832.67645
38729,820.9209
38730,755.02246
38731,744.3045
38732,611.10095
38733,828.3419
38734,757.9307
38735,773.18195
38736,944.5064
38737,945.5065
38738,912.22064
38739,856.5115
38740,884.28827
38741,919.62805
38742,997.33673
38743,1180.1808
38744,1216.8832
38745,1215.4885
38746,1117.8557
38747,1193.219
38748,1213.9102
38749,1149.2734
38750,1073.3264
38751,1055.4397
38752,1014.8035
38753,1017.6239
38754,1205.9183
38755,1227.0631
38756,1218.6534
38757,1251.1376
38758,1441.426
38759,1505.876
38760,1553.7676
38761,1534.6239
38762,1513.9728
38763,1527.6953
38764,1405.0441
38765,1456.646
38766,1539.2196
38767,1579.6864
38768,1583.0492
38769,1448.9596
38770,1468.9896
38771,1576.4456
38772,1457.6981
38773,1359.2798
38774,1533.1897
38775,1594.8767
38776,1639.895
38777,1588.8264
38778,1434.4363
38779,1393.8475
38780,1517.5316
38781,1547.0615
38782,1289.745
38783,871.5775
38784,1092.5021
38785,1152.9867
38786,1398.0068
38787,1372.8906
38788,1399.3293
38789,1207.0914
38790,1350.1318
38791,1017.0665
38792,1330.8689
38793,1488.1661
38794,1330.7003
38795,1272.7374
38796,1441.7928
38797,1454.9171
38798,1775.0151
38799,1342.4572
38800,1081.8134
38801,1218.634
38802,1623.6842
38803,1314.157
38804,1317.3639
38805,1212.8772
38806,1562.4133
38807,1703.4788
38808,1545.1753
38809,873.3752
38810,767.886
38811,832.3341
38812,692.3048
38813,665.2143
38814,969.6464
38815,1228.3772
38816,1142.2993
38817,884.07983
38818,1401.675
38819,988.586
38820,447.95908
38821,670.61707
38822,706.6081
38823,561.70166
38824,596.89685
38825,532.0587
38826,789.0536
38827,709.92725
38828,854.7522
38829,695.95703
38830,465.13443
38831,619.0963
38832,738.2701
38833,859.2584
38834,738.77515
38835,842.2854
38836,562.5041
38837,527.84186
38838,507.11926
38839,506.33096
38840,488.70404
38841,460.51184
38842,900.5182
38843,833.21204
38844,507.70355
38845,567.0883
38846,438.7836
38847,269.03946
38848,58.70184
38849,76.95372
38850,135.52669
38851,130.5462
38852,73.88213
38853,165.24278
38854,162.0842
38855,86.343254
38856,112.4957
38857,190.2066
38858,199.19376
38859,225.10204
38860,365.99585
38861,409.09573
38862,475.22064
38863,560.43524
38864,578.79803
38865,548.1196
38866,500.54526
38867,442.97925
38868,430.4616
38869,370.84845
38870,343.49997
38871,297.2311
38872,278.5363
38873,297.65033
38874,296.6881
38875,186.07245
38876,180.27406
38877,197.1925
38878,156.42754
38879,118.68617
38880,78.88378
38881,79.45766
38882,50.806522
38883,126.89863
38884,136.30493
38885,168.3926
38886,163.06952
38887,152.61316
38888,174.03667
38889,231.02925
38890,126.53962
38891,111.20976
38892,93.263885
38893,171.69902
38894,200.33577
38895,147.80722
38896,158.01135
38897,147.45111
38898,171.91074
38899,177.03749
38900,246.86324
38901,331.6105
38902,316.69016
38903,326.76236
38904,368.5272
38905,254.98181
38906,334.42587
38907,326.99454
38908,351.69058
38909,347.62033
38910,336.4543
38911,271.86884
38912,249.16888
38913,261.46396
38914,342.1178
38915,308.27463
38916,245.62854
38917,215.12732
38918,206.3761
38919,215.73604
38920,261.70358
38921,249.79749
38922,218.61838
38923,188.22948
38924,197.92738
38925,168.10834
38926,144.44022
38927,166.95679
38928,111.28765
38929,117.08669
38930,76.32207
38931,52.41405
38932,65.67289
38933,70.51785
38934,98.46987
38935,75.362076
38936,21.488573
38937,7.132706
38938,71.23957
38939,108.971405
38940,65.58192
38941,139.79826
38942,117.73092
38943,128.8063
38944,100.35831
38945,164.32817
38946,85.28686
38947,54.710472
38948,138.6364
38949,184.36188
38950,117.64726
38951,230.41342
38952,142.17833
38953,192.44585
38954,101.321724
38955,192.97218
38956,240.41295
38957,138.59738
38958,253.64426
38959,271.0776
38960,326.26016
38961,313.30234
38962,273.24124
38963,184.48343
38964,304.13245
38965,105.57759
38966,147.88374
38967,336.78482
38968,211.39441
38969,133.72343
38970,209.95827
38971,123.39092
38972,238.97629
38973,250.07181
38974,165.77489
38975,148.31882
38976,353.24194
38977,571.84973
38978,248.80293
38979,161.63869
38980,187.42801
38981,174.1408
38982,172.65541
38983,175.31595
38984,198.24258
38985,328.3643
38986,577.99524
38987,411.93646
38988,305.32446
38989,309.9666
38990,310.3722
38991,281.06406
38992,208.7364
38993,149.07562
38994,101.63229
38995,81.087715
38996,154.3993
38997,101.84093
38998,91.19777
38999,114.09026
39000,237.49942
39001,302.29694
39002,276.98346
39003,310.49533
39004,358.4014
39005,312.69583
39006,193.51173
39007,167.55449
39008,94.432755
39009,113.409035
39010,113.54893
39011,80.03497
39012,25.859808
39013,10.409203
39014,20.623718
39015,7.4554276
39016,-5.089582
39017,11.434086
39018,96.31882
39019,181.65154
39020,264.9278
39021,176.26315
39022,227.18037
39023,324.57785
39024,166.03871
39025,212.11917
39026,275.20587
39027,342.13986
39028,315.74072
39029,297.6282
39030,236.08487
39031,173.80411
39032,72.87243
39033,55.430687
39034,13.385801
39035,-0.44452086
39036,-6.7258143
39037,-1.7946514
39038,-1.8935508
39039,-2.070745
39040,-2.3537292
39041,-1.825065
39042,-1.8203768
39043,-1.7067266
39044,-1.4170623
39045,-0.8847111
39046,-0.7801186
39047,-0.8665954
39048,-0.6243951
39049,-0.49640703
39050,-0.5092109
39051,-0.5280286
39052,-0.6375261
39053,28.081367
39054,88.585785
39055,92.45728
39056,99.856995
39057,125.73919
39058,110.83976
39059,148.934
39060,186.94467
39061,336.62546
39062,355.1312
39063,380.8241
39064,452.59927
39065,531.1051
39066,551.82935
39067,587.9826
39068,590.81604
39069,608.1994
39070,424.61377
39071,252.13966
39072,272.17145
39073,391.93454
39074,361.62534
39075,287.92886
39076,322.2257
39077,297.12122
39078,228.33
39079,177.75989
39080,222.24863
39081,346.87143
39082,310.41672
39083,416.74472
39084,320.8281
39085,476.83377
39086,566.8085
39087,378.16382
39088,518.0772
39089,601.57886
39090,376.70728
39091,518.5196
39092,658.4091
39093,350.91946
39094,361.32315
39095,568.0532
39096,348.9201
39097,327.40002
39098,197.30374
39099,295.28973
39100,490.60208
39101,573.4326
39102,320.16992
39103,253.75716
39104,590.59045
39105,532.8224
39106,294.03604
39107,359.50085
39108,276.24548
39109,719.5355
39110,492.44717
39111,358.9852
39112,480.79547
39113,353.45898
39114,228.7953
39115,348.2425
39116,401.6517
39117,283.21695
39118,301.25906
39119,390.39877
39120,415.71948
39121,267.13235
39122,255.9292
39123,378.987
39124,483.44257
39125,496.7913
39126,243.95807
39127,289.72018
39128,475.451
39129,699.0006
39130,573.7014
39131,658.5048
39132,838.0542
39133,755.7174
39134,789.182
39135,790.4659
39136,881.6526
39137,982.5726
39138,934.0674
39139,855.94257
39140,841.26416
39141,922.59705
39142,1084.1085
39143,897.5303
39144,895.7474
39145,1217.5537
39146,930.9444
39147,918.03455
39148,775.1506
39149,860.46387
39150,1051.9307
39151,1260.4875
39152,1317.4073
39153,1298.3816
39154,1220.0575
39155,868.6214
39156,871.8511
39157,1175.1277
39158,1129.9913
39159,1060.4069
39160,982.80237
39161,1083.8168
39162,991.0309
39163,1018.8085
39164,1147.488
39165,1298.9609
39166,1099.7972
39167,730.28357
39168,896.59186
39169,998.6861
39170,667.6389
39171,547.2667
39172,552.42175
39173,767.5788
39174,567.423
39175,516.77563
39176,486.79504
39177,463.91183
39178,496.89584
39179,447.7277
39180,409.18024
39181,336.39038
39182,459.07385
39183,438.05957
39184,509.62894
39185,616.9156
39186,613.46716
39187,634.3332
39188,681.8571
39189,559.673
39190,661.1192
39191,663.3528
39192,535.753
39193,574.8415
39194,597.481
39195,425.4852
39196,366.81525
39197,271.4416
39198,208.31151
39199,220.98578
39200,248.55052
39201,225.2168
39202,227.24751
39203,193.17938
39204,216.91576
39205,274.54718
39206,266.56247
39207,187.53386
39208,225.82011
39209,235.27339
39210,155.25182
39211,117.120865
39212,115.245155
39213,111.567444
39214,115.26314
39215,32.3045
39216,40.2551
39217,74.93845
39218,61.737568
39219,74.97172
39220,101.43302
39221,211.71489
39222,124.26833
39223,130.87337
39224,107.74683
39225,68.14466
39226,125.29489
39227,117.86169
39228,107.80636
39229,100.348145
39230,116.57022
39231,111.92967
39232,78.9888
39233,3.6923354
39234,-3.956446
39235,-2.0066066
39236,-2.4687154
39237,-2.451884
39238,-2.5186517
39239,-2.5019927
39240,-2.5467112
39241,-2.6881168
39242,-2.6353505
39243,-1.6038654
39244,-1.45638
39245,-1.2733665
39246,-0.82987964
39247,-0.59201634
39248,-0.50014347
39249,-0.5740609
39250,-0.5460296
39251,-0.3617452
39252,-0.4367592
39253,-0.42868543
39254,-0.38262483
39255,-0.39425454
39256,-0.3424361
39257,-0.47363925
39258,-0.4866344
39259,-0.44662586
39260,-0.47457916
39261,23.011572
39262,86.33854
39263,104.11435
39264,71.65831
39265,77.23309
39266,51.432133
39267,37.67162
39268,69.45367
39269,71.07579
39270,45.152706
39271,16.77088
39272,19.622234
39273,25.901329
39274,7.023988
39275,7.006652
39276,-4.011622
39277,-0.35431248
39278,-0.45548168
39279,-0.34340206
39280,-0.31698588
39281,-0.4230781
39282,0.81647676
39283,64.318985
39284,103.844406
39285,118.91279
39286,76.220924
39287,49.39262
39288,21.869703
39289,9.42796
39290,13.423613
39291,27.562193
39292,-1.2674208
39293,-6.1063447
39294,17.791702
39295,19.820736
39296,35.517075
39297,40.06264
39298,43.406586
39299,12.977314
39300,6.958741
39301,-6.7253947
39302,-4.448876
39303,-0.38414893
39304,-0.42882243
39305,-0.40304825
39306,-0.43263966
39307,-0.4671254
39308,-0.44318113
39309,-0.38504937
39310,-0.40036473
39311,-0.43577835
39312,-0.5414533
39313,-0.49721026
39314,-0.45391205
39315,-0.461477
39316,-0.44031513
39317,-0.41997388
39318,-0.3505011
39319,-0.41221642
39320,-0.430677
39321,-0.45677352
39322,-0.45840803
39323,-0.45971516
39324,-0.32809952
39325,-0.16787311
39326,-0.17921638
39327,-0.17103189
39328,-0.16653156
39329,-0.1566096
39330,-0.18408106
39331,-0.22239847
39332,-0.22800784
39333,-0.22849166
39334,-0.28097254
39335,-0.29052466
39336,-0.45386022
39337,-0.5068514
39338,-0.5539464
39339,-0.5376133
39340,-0.5028165
39341,-0.42903888
39342,-0.41709158
39343,-0.7272673
39344,-0.7432886
39345,-0.6638584
39346,-0.7602674
39347,-0.7609952
39348,-0.6827118
39349,-0.6433244
39350,-0.6315859
39351,-0.6100759
39352,-0.40164277
39353,-0.4812974
39354,-0.5997058
39355,-0.46359035
39356,-0.31466645
39357,-0.36639282
39358,-0.32577464
39359,-0.3096477
39360,-0.27825794
39361,-0.3264023
39362,-0.38207832
39363,-0.33383143
39364,-0.40955436
39365,-0.65290564
39366,-0.5250676
39367,-0.57579845
39368,-0.70412344
39369,-0.69817334
39370,-0.69742817
39371,-0.31119263
39372,-0.37376192
39373,-0.74530375
39374,-0.7374927
39375,-0.7766149
39376,-0.8335258
39377,9.064306
39378,42.45606
39379,-1.7743566
39380,-0.4386559
39381,-0.513654
39382,-0.83763415
39383,-0.9253024
39384,-0.8242352
39385,-0.885396
39386,-0.89574444
39387,4.0098705
39388,-0.026431605
39389,-0.85448694
39390,-0.8120038
39391,-0.7000214
39392,6.469798
39393,19.208042
39394,-0.62143165
39395,-0.5726912
39396,-0.61591583
39397,-0.63322127
39398,-0.33540875
39399,-0.549902
39400,-0.5936311
39401,-0.5647685
39402,18.359024
39403,26.392918
39404,22.162134
39405,-5.1118226
39406,-1.659558
39407,-1.0622647
39408,-0.5489316
39409,61.43929
39410,167.66382
39411,171.11961
39412,157.88528
39413,143.0607
39414,158.94493
39415,149.1849
39416,132.20145
39417,166.91435
39418,178.30466
39419,181.211
39420,132.17041
39421,119.54545
39422,131.19698
39423,127.502686
39424,152.07385
39425,141.27972
39426,151.32556
39427,213.93187
39428,248.91107
39429,238.77075
39430,258.86694
39431,322.6652
39432,290.84058
39433,278.9695
39434,274.79413
39435,222.94965
39436,198.72751
39437,194.96419
39438,189.1709
39439,188.90996
39440,167.06776
39441,146.11102
39442,169.3827
39443,183.68515
39444,179.42099
39445,154.04248
39446,205.92165
39447,252.95274
39448,346.63522
39449,346.20663
39450,331.47708
39451,399.0086
39452,354.5335
39453,440.40317
39454,404.65878
39455,438.96918
39456,489.47183
39457,506.43253
39458,514.45355
39459,601.2052
39460,489.6698
39461,603.73676
39462,520.29376
39463,463.44806
39464,512.6356
39465,676.27246
39466,633.7089
39467,608.95105
39468,604.56616
39469,521.99133
39470,569.5825
39471,534.61505
39472,522.9599
39473,567.11804
39474,668.46155
39475,571.3102
39476,468.1999
39477,472.8032
39478,408.10898
39479,405.82245
39480,425.20685
39481,394.89133
39482,271.36664
39483,217.63625
39484,254.64622
39485,206.11736
39486,211.92302
39487,255.90395
39488,296.00525
39489,334.53674
39490,272.52475
39491,341.58258
39492,318.81503
39493,353.67728
39494,319.71268
39495,418.95547
39496,469.79138
39497,490.89258
39498,371.58783
39499,312.06238
39500,255.80046
39501,305.26257
39502,295.14374
39503,236.94661
39504,279.29022
39505,283.9212
39506,241.16507
39507,259.23386
39508,216.3389
39509,174.73935
39510,346.18896
39511,161.79361
39512,179.62685
39513,153.49867
39514,144.99857
39515,168.50728
39516,140.56175
39517,109.073586
39518,63.96139
39519,109.497246
39520,119.258965
39521,109.40807
39522,113.85509
39523,117.97383
39524,134.4996
39525,129.1917
39526,48.503456
39527,40.3138
39528,81.909546
39529,80.48114
39530,78.30295
39531,100.92465
39532,115.57433
39533,131.43866
39534,164.42137
39535,131.82393
39536,81.26526
39537,141.5005
39538,116.23705
39539,110.549
39540,94.312035
39541,119.76979
39542,67.03335
39543,57.875614
39544,42.534504
39545,75.68133
39546,107.34882
39547,136.33136
39548,145.76544
39549,81.80225
39550,71.66854
39551,23.22069
39552,18.818754
39553,21.201235
39554,50.73532
39555,87.03019
39556,105.18565
39557,182.68231
39558,359.66168
39559,323.71777
39560,254.44214
39561,354.2315
39562,360.95587
39563,285.33725
39564,252.84695
39565,223.95564
39566,189.69797
39567,186.83658
39568,210.82852
39569,184.71945
39570,236.91794
39571,289.63126
39572,368.77725
39573,382.24146
39574,377.31113
39575,368.23895
39576,373.4066
39577,312.42242
39578,266.38055
39579,269.3196
39580,197.279
39581,188.62093
39582,234.05045
39583,220.11159
39584,201.08047
39585,317.03842
39586,365.38583
39587,396.10214
39588,464.55954
39589,608.65656
39590,585.11786
39591,523.91907
39592,423.50226
39593,358.44675
39594,274.20392
39595,252.04013
39596,149.15434
39597,170.33228
39598,130.63759
39599,177.55154
39600,221.69818
39601,301.85977
39602,401.03308
39603,255.27039
39604,125.662094
39605,167.36812
39606,287.42032
39607,299.93854
39608,206.96846
39609,242.44327
39610,268.09305
39611,288.14685
39612,293.07928
39613,316.20053
39614,287.98038
39615,292.4
39616,308.30228
39617,271.98465
39618,203.76831
39619,178.31946
39620,146.75143
39621,136.36633
39622,166.5718
39623,116.845314
39624,60.77509
39625,54.89012
39626,76.220894
39627,49.33288
39628,21.13384
39629,43.3266
39630,20.169708
39631,3.3147292
39632,9.138365
39633,40.731113
39634,18.843204
39635,1.7684321
39636,6.9168935
39637,36.814716
39638,46.877075
39639,3.3661287
39640,7.4241776
39641,49.601532
39642,34.896835
39643,102.27131
39644,80.131584
39645,146.29358
39646,99.32267
39647,55.395416
39648,29.924702
39649,78.7905
39650,93.572334
39651,131.56319
39652,100.24385
39653,43.35247
39654,19.72232
39655,4.8898916
39656,-0.5975078
39657,156.48962
39658,75.33231
39659,158.16237
39660,159.37315
39661,199.97794
39662,145.21848
39663,110.381134
39664,252.03902
39665,186.66917
39666,184.91252
39667,523.3441
39668,284.8035
39669,165.01326
39670,243.0553
39671,196.62288
39672,139.9557
39673,161.98264
39674,263.78445
39675,208.33769
39676,118.19861
39677,225.64157
39678,147.82289
39679,202.35167
39680,303.47617
39681,289.366
39682,456.85364
39683,382.72888
39684,271.83337
39685,356.1957
39686,339.10678
39687,206.30023
39688,299.75375
39689,323.08884
39690,265.2733
39691,248.22299
39692,184.67145
39693,144.73686
39694,182.73885
39695,263.5388
39696,407.15036
39697,475.55307
39698,582.7742
39699,752.1255
39700,760.8977
39701,991.56604
39702,987.83417
39703,856.9051
39704,755.8121
39705,678.8552
39706,574.11273
39707,492.85852
39708,517.33795
39709,603.56726
39710,722.32306
39711,822.9057
39712,772.08734
39713,697.531
39714,639.89856
39715,665.8251
39716,902.5614
39717,775.8609
39718,757.2198
39719,642.1334
39720,697.718
39721,717.8526
39722,809.3389
39723,824.98444
39724,875.94745
39725,829.0315
39726,901.16095
39727,893.73224
39728,911.66144
39729,820.41473
39730,669.3813
39731,558.3427
39732,608.2592
39733,629.1986
39734,567.3082
39735,516.47046
39736,541.63336
39737,595.60095
39738,673.49054
39739,638.5799
39740,556.2964
39741,494.83765
39742,535.3399
39743,651.2218
39744,723.9079
39745,839.3384
39746,847.27374
39747,1021.62335
39748,961.40985
39749,965.2361
39750,947.79535
39751,1006.9845
39752,945.5983
39753,812.7499
39754,806.82446
39755,813.74677
39756,804.76465
39757,797.42
39758,774.6481
39759,738.2209
39760,687.39825
39761,686.9322
39762,752.2246
39763,722.3646
39764,657.45026
39765,482.86798
39766,397.81192
39767,371.80707
39768,435.765
39769,452.28745
39770,587.1487
39771,660.4113
39772,559.07385
39773,560.40936
39774,499.68787
39775,313.2836
39776,242.2393
39777,271.93463
39778,291.9992
39779,274.4024
39780,392.7619
39781,328.1184
39782,219.56644
39783,179.80664
39784,145.30225
39785,168.99829
39786,349.28568
39787,338.45816
39788,292.3483
39789,231.54185
39790,198.0071
39791,272.44418
39792,286.96494
39793,284.27704
39794,363.74545
39795,225.10918
39796,209.24503
39797,219.82794
39798,287.6919
39799,155.6475
39800,227.99858
39801,247.44572
39802,193.42572
39803,226.18777
39804,212.05353
39805,131.03255
39806,258.0465
39807,180.53954
39808,156.72748
39809,65.28371
39810,13.757386
39811,64.07014
39812,140.65161
39813,165.3061
39814,187.1608
39815,236.25021
39816,205.13527
39817,197.01875
39818,106.30753
39819,113.8783
39820,178.67162
39821,137.03209
39822,179.90611
39823,141.20175
39824,137.24892
39825,105.09171
39826,161.9345
39827,394.18335
39828,241.95514
39829,251.75945
39830,167.61374
39831,135.76779
39832,128.91814
39833,224.00806
39834,213.2109
39835,253.57164
39836,249.09949
39837,248.1139
39838,179.84753
39839,114.505646
39840,157.70818
39841,186.9272
39842,224.07773
39843,245.21747
39844,299.61893
39845,356.99258
39846,372.09036
39847,432.4703
39848,602.0352
39849,585.3253
39850,583.50134
39851,590.4706
39852,474.03073
39853,572.896
39854,519.39276
39855,492.97342
39856,486.93842
39857,454.96005
39858,421.69043
39859,455.62393
39860,403.76483
39861,440.05212
39862,370.99506
39863,329.2429
39864,402.29608
39865,337.94327
39866,338.15823
39867,360.84866
39868,475.6228
39869,500.4334
39870,479.44778
39871,465.61743
39872,465.5134
39873,492.33774
39874,448.77417
39875,492.73636
39876,473.78885
39877,387.55832
39878,332.5924
39879,304.07556
39880,276.75952
39881,222.49944
39882,191.93393
39883,147.74469
39884,140.34048
39885,124.425575
39886,124.54473
39887,115.937836
39888,87.93776
39889,66.18145
39890,61.58647
39891,68.49456
39892,61.66758
39893,61.31352
39894,69.747635
39895,75.2579
39896,71.30584
39897,77.56447
39898,67.93428
39899,53.375828
39900,67.00574
39901,57.13445
39902,71.383705
39903,77.73145
39904,55.321926
39905,58.561516
39906,47.215237
39907,40.165398
39908,35.9071
39909,30.766096
39910,27.497004
39911,23.715225
39912,17.588074
39913,2.206354
39914,18.347618
39915,13.854171
39916,18.692268
39917,37.01182
39918,14.320957
39919,13.558873
39920,2.619492
39921,-6.32455
39922,-5.356204
39923,-6.498337
39924,-4.4839845
39925,8.83851
39926,-0.70927995
39927,6.196573
39928,11.190922
39929,12.519877
39930,1.0490546
39931,-2.4579792
39932,-0.3893661
39933,-0.36570796
39934,-0.3623327
39935,-0.29479423
39936,-0.38541737
39937,-0.32727045
39938,-0.33427295
39939,-0.37929982
39940,-0.46154153
39941,-0.3957456
39942,-0.43952137
39943,-0.41290513
39944,-0.20809871
39945,-0.3484454
39946,-0.401074
39947,-0.17123611
39948,-0.16996203
39949,-0.19681872
39950,-0.20618227
39951,-0.37613285
39952,-0.2085193
39953,-0.25676486
39954,-0.27897498
39955,-0.49846628
39956,-0.4268283
39957,-0.4763202
39958,-0.39856827
39959,-0.41700813
39960,-0.35423023
39961,-0.40425205
39962,-0.33967888
39963,-0.34781748
39964,-0.27358174
39965,-0.44471842
39966,-0.22931278
39967,-0.2668329
39968,-0.37357602
39969,-0.3242185
39970,-0.5652644
39971,-0.44602248
39972,-0.44702923
39973,-0.44421694
39974,-0.45977935
39975,-0.53806525
39976,-0.49907348
39977,-0.5319613
39978,-0.5393075
39979,-0.5988233
39980,-0.5910723
39981,-0.5834038
39982,0.015679015
39983,55.124084
39984,93.248184
39985,105.65178
39986,112.194244
39987,136.3103
39988,120.566055
39989,78.14106
39990,93.51621
39991,124.93973
39992,127.38318
39993,104.15885
39994,75.13758
39995,71.584145
39996,80.95542
39997,87.44325
39998,66.38122
39999,90.63295
40000,93.41864
40001,55.100307
40002,41.096054
40003,44.660557
40004,39.856636
40005,37.697353
40006,31.854115
40007,9.8844595
40008,10.782791
40009,-0.9376951
40010,-6.4070983
40011,-6.574933
40012,-6.804739
40013,-6.7593093
40014,-6.667004
40015,4.3911405
40016,16.287462
40017,18.964275
40018,17.107582
40019,13.319616
40020,25.669123
40021,-2.9775162
40022,-0.83065426
40023,6.4495125
40024,-6.9197097
40025,-5.1953206
40026,-6.4107246
40027,-5.498645
40028,-0.98507833
40029,2.8502681
40030,11.381786
40031,3.150828
40032,-0.32611248
40033,-1.5870683
40034,-1.3130805
40035,-1.279009
40036,-1.1856534
40037,-1.2355483
40038,-1.2807359
40039,11.497138
40040,18.18152
40041,20.389818
40042,37.9025
40043,40.15918
40044,20.629713
40045,11.629067
40046,10.590992
40047,3.2340033
40048,-6.8463745
40049,-7.136993
40050,-2.0214002
40051,-1.4239496
40052,-1.5327486
40053,-1.8266531
40054,-1.674906
40055,-1.7827425
40056,-1.9705067
40057,-2.0510619
40058,-1.8018934
40059,-2.04436
40060,-2.0965173
40061,-1.5054852
40062,-1.5292422
40063,-1.609748
40064,-1.3890449
40065,-0.80323243
40066,-0.6009183
40067,-0.4559442
40068,-0.41634142
40069,-0.43960857
40070,-0.4970662
40071,-0.51570135
40072,-0.58970124
40073,-0.63867694
40074,-0.65285087
40075,-0.7065679
40076,-0.45133534
40077,-0.44085518
40078,-0.47391304
40079,-0.2951237
40080,-0.32560158
40081,-0.32150847
40082,-0.6634276
40083,-0.5345289
40084,-0.4974317
40085,-0.46118283
40086,-0.48573467
40087,-0.48573467
40088,-0.49612114
40089,-0.51469415
40090,-0.4949533
40091,-0.49146745
40092,-0.5030471
40093,-0.624369
40094,-0.49121505
40095,-0.4805383
40096,-0.44535396
40097,85.19199
40098,137.92685
40099,160.76277
40100,142.7062
40101,108.761345
40102,89.61534
40103,61.221428
40104,105.36433
40105,117.596054
40106,105.86038
40107,83.626305
40108,96.139915
40109,136.3459
40110,147.28827
40111,133.1542
40112,135.69522
40113,156.75937
40114,189.67094
40115,113.24224
40116,154.33368
40117,179.05661
40118,192.96536
40119,192.7102
40120,176.09293
40121,215.8522
40122,243.32378
40123,226.29701
40124,202.15907
40125,258.8451
40126,246.69539
40127,232.54243
40128,238.71779
40129,218.61725
40130,235.9901
40131,280.28128
40132,399.48434
40133,384.83487
40134,436.08496
40135,535.1726
40136,463.07513
40137,397.12735
40138,323.42957
40139,305.34152
40140,323.0413
40141,323.18555
40142,360.04376
40143,374.4883
40144,369.2562
40145,345.2595
40146,374.7718
40147,286.59988
40148,226.15091
40149,119.0365
40150,90.91512
40151,79.541405
40152,105.94546
40153,149.39185
40154,256.83768
40155,271.27466
40156,267.17126
40157,337.26874
40158,385.6773
40159,304.1077
40160,331.9868
40161,313.70648
40162,296.0971
40163,331.37637
40164,304.12045
40165,328.0047
40166,532.1048
40167,635.794
40168,541.01215
40169,461.9892
40170,417.20972
40171,305.93338
40172,273.44693
40173,324.13297
40174,391.41098
40175,330.3763
40176,318.0074
40177,305.23
40178,317.32382
40179,183.86148
40180,94.23494
40181,67.58696
40182,153.09116
40183,152.78215
40184,132.1178
40185,292.6581
40186,351.13586
40187,493.58292
40188,409.92352
40189,359.99203
40190,456.64478
40191,349.04596
40192,253.41177
40193,429.88126
40194,143.68175
40195,239.46196
40196,357.19067
40197,273.0157
40198,315.40985
40199,289.58307
40200,251.2971
40201,243.4754
40202,169.63373
40203,143.72084
40204,213.83362
40205,69.662224
40206,179.27095
40207,127.59054
40208,140.10657
40209,65.42145
40210,113.604706
40211,250.85635
40212,205.14679
40213,52.57647
40214,65.51274
40215,78.09423
40216,153.04968
40217,189.30962
40218,210.90656
40219,183.32875
40220,267.02756
40221,229.75877
40222,174.46092
40223,129.95639
40224,81.06717
40225,182.66124
40226,155.91258
40227,192.26259
40228,170.53911
40229,153.51913
40230,195.7027
40231,202.28065
40232,199.51575
40233,243.94318
40234,264.6171
40235,342.01666
40236,465.14142
40237,622.1534
40238,786.23444
40239,783.9021
40240,887.4742
40241,792.6096
40242,746.46326
40243,727.2735
40244,758.56067
40245,923.40735
40246,839.75555
40247,797.6236
40248,670.62354
40249,692.4784
40250,547.426
40251,427.23245
40252,426.65765
40253,592.5529
40254,598.91675
40255,563.4044
40256,419.22122
40257,358.45047
40258,425.39966
40259,558.6794
40260,575.4903
40261,431.3137
40262,381.02115
40263,308.6319
40264,355.56546
40265,360.1549
40266,358.44992
40267,264.34744
40268,216.31204
40269,207.6437
40270,264.95715
40271,252.75508
40272,227.43277
40273,207.49484
40274,224.21451
40275,192.22725
40276,181.1461
40277,167.58542
40278,162.26355
40279,119.021416
40280,95.8535
40281,97.3959
40282,99.07627
40283,89.797935
40284,144.93216
40285,184.7029
40286,192.17554
40287,145.66847
40288,144.88597
40289,142.60736
40290,253.68398
40291,394.41153
40292,489.49063
40293,607.0532
40294,670.0725
40295,658.2453
40296,650.27563
40297,657.09485
40298,565.8631
40299,619.07983
40300,565.96106
40301,557.4191
40302,645.63043
40303,562.7939
40304,486.44638
40305,576.84045
40306,569.3055
40307,517.5154
40308,522.9282
40309,525.6411
40310,392.05936
40311,403.8858
40312,453.38004
40313,521.5179
40314,671.32574
40315,590.7186
40316,627.7143
40317,579.8729
40318,502.5861
40319,481.80133
40320,447.98233
40321,546.22534
40322,459.29898
40323,499.5516
40324,329.1993
40325,302.84836
40326,211.37466
40327,328.9737
40328,576.6647
40329,770.2725
40330,763.1457
40331,469.36783
40332,654.6516
40333,563.8441
40334,449.025
40335,426.6779
40336,493.555
40337,294.01758
40338,272.2494
40339,565.39746
40340,419.99265
40341,772.21136
40342,551.9163
40343,639.71265
40344,710.7018
40345,481.70776
40346,682.44543
40347,443.7519
40348,578.89215
40349,475.59943
40350,739.1158
40351,1028.1648
40352,504.5988
40353,724.95667
40354,516.4845
40355,831.1456
40356,712.03973
40357,566.46
40358,495.92548
40359,483.11597
40360,567.19916
40361,397.99057
40362,303.29025
40363,325.33252
40364,426.23874
40365,465.4556
40366,499.56256
40367,831.4898
40368,688.41815
40369,449.12073
40370,478.4441
40371,522.24445
40372,447.7229
40373,363.12408
40374,282.74063
40375,206.72752
40376,326.44815
40377,369.86197
40378,528.5425
40379,774.79694
40380,755.8814
40381,851.9265
40382,724.37524
40383,762.4492
40384,709.916
40385,714.01514
40386,972.5812
40387,1040.9398
40388,1161.7006
40389,978.4334
40390,823.0806
40391,695.61005
40392,861.2498
40393,795.1195
40394,624.57324
40395,491.57108
40396,424.0521
40397,615.80347
40398,704.29285
40399,557.20514
40400,688.1625
40401,594.8788
40402,864.77985
40403,603.3374
40404,474.02765
40405,427.4159
40406,380.67343
40407,365.19897
40408,364.8217
40409,304.2985
40410,286.8521
40411,254.77841
40412,169.86955
40413,134.60336
40414,144.06831
40415,200.5854
40416,190.80727
40417,180.62637
40418,159.09093
40419,148.84868
40420,109.06917
40421,135.39001
40422,94.711174
40423,89.90183
40424,81.53813
40425,68.99027
40426,48.01354
40427,22.653015
40428,13.996563
40429,18.573778
40430,17.568705
40431,24.098803
40432,32.54464
40433,25.301134
40434,84.340355
40435,63.912025
40436,87.989365
40437,98.32485
40438,105.14482
40439,121.82502
40440,95.9777
40441,64.66352
40442,48.416695
40443,42.192673
40444,39.762775
40445,42.04637
40446,25.448492
40447,36.68365
40448,11.5051365
40449,13.277231
40450,22.117378
40451,26.291897
40452,16.43382
40453,18.519335
40454,13.110015
40455,-6.729628
40456,-5.6609626
40457,6.4859757
40458,-6.2026486
40459,-0.35433006
40460,-0.84877944
40461,-6.202029
40462,22.24534
40463,-1.1558849
40464,-0.37441757
40465,16.587393
40466,-6.0502543
40467,-2.2627954
40468,-2.169776
40469,-1.3315645
40470,-1.0486461
40471,-1.0298287
40472,-0.96679974
40473,-0.8483592
40474,-0.7574611
40475,-0.7472932
40476,-0.6598393
40477,-0.58256257
40478,-0.57615995
40479,-0.5733958
40480,-0.51967067
40481,-0.6252941
40482,-0.6337085
40483,-0.68487686
40484,7.8391385
40485,25.073204
40486,10.8207
40487,6.120888
40488,41.031593
40489,9.640737
40490,14.778855
40491,28.882318
40492,12.936796
40493,37.037624
40494,41.04547
40495,68.12856
40496,57.256344
40497,31.891363
40498,56.221767
40499,30.382149
40500,2.503804
40501,10.054705
40502,-0.81762797
40503,-0.85029125
40504,7.6996937
40505,31.93666
40506,17.022648
40507,20.72016
40508,43.01567
40509,-1.0048025
40510,-0.011127608
40511,31.192547
40512,32.953873
40513,91.47349
40514,105.04041
40515,81.06164
40516,-1.0934517
40517,-1.5991683
40518,1.3054256
40519,7.236314
40520,-6.205607
40521,69.686554
40522,123.62206
40523,117.905685
40524,128.73882
40525,151.98917
40526,165.54332
40527,220.80861
40528,240.16669
40529,278.04266
40530,291.10184
40531,428.11652
40532,450.93137
40533,499.68732
40534,523.686
40535,566.912
40536,541.6579
40537,549.66516
40538,721.1763
40539,567.49677
40540,640.8594
40541,736.0615
40542,705.3131
40543,712.2686
40544,794.6522
40545,818.6403
40546,1041.7853
40547,1081.71
40548,1074.1296
40549,1116.8647
40550,1041.6844
40551,1184.513
40552,920.5036
40553,923.70435
40554,886.4359
40555,1002.4099
40556,1222.8551
40557,952.6796
40558,951.86304
40559,1030.5586
40560,1210.9851
40561,903.3742
40562,985.59204
40563,962.8145
40564,924.43677
40565,867.84674
40566,876.1214
40567,775.74023
40568,960.377
40569,856.9449
40570,646.0991
40571,422.16464
40572,403.7664
40573,634.87866
40574,443.32114
40575,245.93262
40576,209.52669
40577,270.61017
40578,341.4069
40579,465.4028
40580,506.61954
40581,604.6916
40582,888.2293
40583,797.8505
40584,726.6025
40585,688.2437
40586,713.50354
40587,886.4819
40588,878.76306
40589,839.4859
40590,797.33563
40591,726.94385
40592,677.732
40593,587.5699
40594,559.42505
40595,624.81506
40596,428.75122
40597,393.4978
40598,258.41217
40599,272.662
40600,519.21295
40601,631.5344
40602,368.71643
40603,153.64525
40604,303.3946
40605,484.2173
40606,365.12048
40607,556.8924
40608,534.1593
40609,411.30667
40610,375.95224
40611,629.63965
40612,589.4513
40613,510.13748
40614,380.13535
40615,217.92935
40616,379.8533
40617,408.6962
40618,344.1207
40619,492.72885
40620,324.91068
40621,440.16498
40622,270.216
40623,174.1088
40624,135.16234
40625,93.93697
40626,100.954254
40627,122.74853
40628,190.5959
40629,77.08576
40630,86.39521
40631,36.67597
40632,32.914692
40633,33.14548
40634,47.76347
40635,82.143135
40636,141.08017
40637,110.51722
40638,92.811646
40639,123.84933
40640,126.77775
40641,152.50256
40642,113.19862
40643,46.88381
40644,47.49395
40645,20.121414
40646,9.077414
40647,-2.1442132
40648,-0.735737
40649,-0.841398
40650,-1.1405654
40651,22.172382
40652,-2.4943225
40653,-0.8313066
40654,2.7463255
40655,-2.5186565
40656,-0.77918977
40657,-0.6420772
40658,-0.42045492
40659,-0.4457853
40660,-0.531216
40661,0.28675637
40662,193.29567
40663,171.61446
40664,140.74486
40665,105.11611
40666,117.76658
40667,120.094444
40668,103.401985
40669,120.348236
40670,75.35612
40671,70.713615
40672,89.93621
40673,81.43004
40674,35.51816
40675,7.473794
40676,43.377144
40677,72.21163
40678,78.96027
40679,61.758514
40680,60.705753
40681,63.759655
40682,75.66418
40683,107.40542
40684,133.53178
40685,186.5684
40686,214.21272
40687,231.8094
40688,186.12366
40689,191.83119
40690,192.45532
40691,217.73836
40692,316.07297
40693,325.83908
40694,294.9341
40695,276.36758
40696,276.90753
40697,304.84567
40698,375.0558
40699,346.9881
40700,346.6077
40701,282.13504
40702,258.21222
40703,317.29846
40704,316.97794
40705,278.1709
40706,202.54332
40707,178.15732
40708,214.79517
40709,399.28427
40710,452.07184
40711,474.8224
40712,441.95578
40713,401.9866
40714,437.3526
40715,403.56
40716,420.53723
40717,432.73486
40718,644.6652
40719,628.5398
40720,734.08307
40721,751.5373
40722,828.90173
40723,726.0757
40724,577.0528
40725,579.24524
40726,439.3626
40727,537.7311
40728,495.2284
40729,473.74677
40730,387.6158
40731,468.09003
40732,641.4342
40733,643.05255
40734,625.5944
40735,388.81067
40736,289.94193
40737,335.37323
40738,374.42468
40739,419.42346
40740,430.6417
40741,529.7054
40742,664.3293
40743,874.7287
40744,694.832
40745,450.34787
40746,463.50122
40747,593.82605
40748,598.0475
40749,668.9663
40750,812.2737
40751,856.3794
40752,879.60345
40753,739.1275
40754,706.98517
40755,1053.482
40756,880.4175
40757,656.79346
40758,436.16812
40759,331.92813
40760,326.8632
40761,221.88014
40762,201.2762
40763,189.24121
40764,210.00652
40765,206.61627
40766,233.26349
40767,342.0969
40768,230.44292
40769,309.53058
40770,287.62042
40771,165.47194
40772,183.47504
40773,213.4281
40774,243.05997
40775,289.56604
40776,270.93036
40777,319.18875
40778,122.07758
40779,284.57394
40780,546.84076
40781,295.4338
40782,379.05334
40783,231.92607
40784,231.81868
40785,224.22688
40786,163.09108
40787,121.42535
40788,152.58281
40789,118.32419
40790,165.51599
40791,187.5539
40792,221.79132
40793,218.14836
40794,196.02916
40795,174.85416
40796,167.24782
40797,144.15817
40798,126.30103
40799,188.61256
40800,250.0859
40801,330.40683
40802,366.74777
40803,285.32687
40804,319.35486
40805,330.2823
40806,351.33267
40807,305.11023
40808,340.07706
40809,398.32144
40810,422.13074
40811,454.01984
40812,509.61096
40813,606.4209
40814,659.8396
40815,702.74036
40816,666.7063
40817,747.2921
40818,720.22644
40819,540.665
40820,610.73444
40821,640.84
40822,624.515
40823,610.0156
40824,764.76483
40825,771.18036
40826,797.30536
40827,900.5613
40828,895.1829
40829,882.75854
40830,772.77576
40831,761.2698
40832,727.8788
40833,778.5319
40834,698.845
40835,731.0493
40836,886.83875
40837,785.1677
40838,788.3948
40839,823.6034
40840,764.9586
40841,824.0142
40842,1118.1241
40843,847.982
40844,976.26215
40845,758.08856
40846,606.22406
40847,499.92618
40848,749.5936
40849,963.33295
40850,1026.9048
40851,800.98004
40852,1191.547
40853,1097.7169
40854,1076.5804
40855,616.6837
40856,497.3205
40857,579.4392
40858,548.27563
40859,586.12036
40860,680.8728
40861,645.1819
40862,551.52423
40863,395.97604
40864,519.6088
40865,543.9897
40866,436.758
40867,361.94138
40868,617.8125
40869,546.47595
40870,471.3092
40871,633.3159
40872,727.901
40873,717.3
40874,797.89026
40875,1088.197
40876,1188.6332
40877,1428.5409
40878,1182.7267
40879,1055.9188
40880,954.37274
40881,949.4052
40882,719.26855
40883,794.6546
40884,988.8217
40885,1086.7369
40886,1253.7383
40887,1200.5348
40888,1268.6566
40889,1355.1721
40890,1351.0234
40891,1383.9852
40892,1139.9713
40893,1694.7234
40894,958.674
40895,1542.1599
40896,1098.04
40897,1174.2211
40898,1057.8804
40899,722.3465
40900,657.43933
40901,628.28723
40902,732.7463
40903,1039.1254
40904,881.8615
40905,876.83484
40906,735.5649
40907,854.3389
40908,633.3637
40909,577.69305
40910,584.99963
40911,585.94617
40912,423.34808
40913,501.15234
40914,662.6192
40915,521.5827
40916,394.52267
40917,614.84045
40918,577.66437
40919,586.85626
40920,481.7638
40921,333.18274
40922,524.1045
40923,677.09204
40924,994.5518
40925,680.2423
40926,472.38065
40927,784.83716
40928,617.93463
40929,555.4245
40930,554.3046
40931,560.1022
40932,318.4283
40933,502.0239
40934,368.9651
40935,802.19403
40936,668.29004
40937,473.19135
40938,573.5329
40939,530.6307
40940,541.8165
40941,405.63968
40942,472.8363
40943,607.153
40944,552.06464
40945,362.67755
40946,374.15494
40947,349.65652
40948,333.512
40949,285.411
40950,272.75052
40951,299.12616
40952,253.98346
40953,318.66336
40954,373.87018
40955,284.76605
40956,333.53586
40957,341.19104
40958,316.2896
40959,388.93823
40960,350.1388
40961,255.50566
40962,317.34378
40963,275.50766
40964,214.0816
40965,211.6411
40966,231.33629
40967,227.38998
40968,400.77164
40969,478.02826
40970,644.80286
40971,593.67334
40972,476.1281
40973,558.95435
40974,591.00323
40975,632.33466
40976,646.8234
40977,830.5941
40978,748.3968
40979,867.8277
40980,834.08655
40981,679.9383
40982,737.9443
40983,677.14557
40984,747.75616
40985,744.039
40986,707.36554
40987,730.74615
40988,642.61255
40989,614.3056
40990,601.52765
40991,589.7224
40992,669.84283
40993,728.0218
40994,718.1142
40995,675.79193
40996,482.0429
40997,418.7015
40998,436.8013
40999,559.39905
41000,476.7647
41001,494.5991
41002,482.36557
41003,345.22665
41004,345.42044
41005,340.5628
41006,448.10498
41007,621.9031
41008,598.36285
41009,695.74493
41010,653.3973
41011,619.0267
41012,291.32928
41013,349.66916
41014,336.31714
41015,448.06384
41016,552.65125
41017,578.0982
41018,644.1015
41019,613.68604
41020,586.341
41021,620.4099
41022,779.30365
41023,643.0592
41024,649.7564
41025,541.8294
41026,571.6505
41027,810.70605
41028,842.2979
41029,933.0942
41030,728.6237
41031,465.15564
41032,573.9198
41033,556.95685
41034,434.4155
41035,593.07025
41036,818.67706
41037,934.8916
41038,791.5712
41039,578.79016
41040,790.88116
41041,275.50482
41042,584.0342
41043,739.9943
41044,832.44446
41045,632.80194
41046,655.77026
41047,678.71643
41048,671.05286
41049,892.528
41050,1013.165
41051,1200.4584
41052,963.38214
41053,638.99274
41054,747.3213
41055,681.53015
41056,582.1869
41057,262.77145
41058,162.40175
41059,162.65749
41060,336.21954
41061,1298.5371
41062,1381.9358
41063,1156.8181
41064,1406.576
41065,1374.0144
41066,1352.3077
41067,1265.3328
41068,1072.9823
41069,1004.9497
41070,782.91876
41071,660.4531
41072,623.02655
41073,584.6211
41074,522.43134
41075,554.3246
41076,405.90585
41077,339.5542
41078,403.2522
41079,581.56934
41080,635.7304
41081,874.76825
41082,1125.8273
41083,1399.125
41084,1007.39905
41085,542.69476
41086,464.43637
41087,553.5797
41088,648.73694
41089,486.04642
41090,624.2743
41091,621.829
41092,667.0846
41093,610.11206
41094,827.2431
41095,652.6575
41096,769.74384
41097,456.36047
41098,358.09125
41099,559.03455
41100,515.05865
41101,668.1334
41102,713.3653
41103,519.6548
41104,631.1462
41105,865.3385
41106,919.6435
41107,1259.5536
41108,1013.1869
41109,832.94055
41110,355.12167
41111,323.9381
41112,301.48602
41113,185.56927
41114,594.42035
41115,1410.9991
41116,1236.9818
41117,558.34375
41118,533.9481
41119,621.27136
41120,715.7781
41121,761.4496
41122,1134.593
41123,1255.5734
41124,1272.4325
41125,1494.883
41126,1283.6257
41127,1346.8386
41128,1396.2151
41129,1325.8572
41130,1178.9397
41131,1156.372
41132,1285.587
41133,1262.1906
41134,1282.9265
41135,1003.3602
41136,1144.3772
41137,1081.4961
41138,941.7581
41139,1122.5248
41140,1136.185
41141,960.31415
41142,1125.9866
41143,1058.1107
41144,928.484
41145,1062.7527
41146,1258.5864
41147,1069.3612
41148,1255.8013
41149,1550.8129
41150,1573.8564
41151,1446.8065
41152,1511.4429
41153,1395.1957
41154,1380.4235
41155,1347.9724
41156,1447.7866
41157,1520.8411
41158,1635.15
41159,1464.8075
41160,1572.9377
41161,1515.0583
41162,1615.8759
41163,1579.3755
41164,1476.5969
41165,1400.8436
41166,1557.406
41167,1620.4174
41168,1492.3743
41169,1439.423
41170,1597.1687
41171,1609.4729
41172,1653.1989
41173,1266.4397
41174,1518.8367
41175,1622.595
41176,1586.5142
41177,1741.2588
41178,1604.495
41179,1716.2301
41180,1383.8512
41181,1488.2036
41182,1591.3083
41183,1424.711
41184,1401.744
41185,1167.5232
41186,1214.8412
41187,1232.112
41188,1196.1112
41189,1229.568
41190,1165.9362
41191,1144.0626
41192,1087.2843
41193,966.2462
41194,1213.0138
41195,1321.637
41196,1099.2965
41197,1195.7656
41198,1330.2876
41199,1166.8903
41200,1175.3076
41201,1059.1351
41202,1134.0276
41203,1212.801
41204,892.8201
41205,682.7319
41206,669.4627
41207,1034.4487
41208,1042.0891
41209,586.37476
41210,411.4474
41211,284.8895
41212,990.5392
41213,647.6693
41214,567.3357
41215,791.1416
41216,864.70654
41217,750.802
41218,746.6774
41219,719.3024
41220,644.88153
41221,358.64117
41222,435.38977
41223,450.1983
41224,456.16473
41225,279.38162
41226,1468.3536
41227,339.92392
41228,233.76442
41229,370.08878
41230,454.98138
41231,370.88293
41232,455.13123
41233,606.2753
41234,469.7592
41235,442.7276
41236,465.05356
41237,210.42061
41238,177.46436
41239,346.3887
41240,590.24005
41241,616.7544
41242,687.3327
41243,618.11755
41244,542.5868
41245,516.84143
41246,593.133
41247,577.5344
41248,343.44434
41249,373.04773
41250,716.568
41251,806.2271
41252,601.05164
41253,569.1888
41254,439.05252
41255,500.79047
41256,405.33365
41257,462.25323
41258,468.0069
41259,442.54764
41260,480.67932
41261,525.4327
41262,512.87445
41263,507.8095
41264,433.82343
41265,446.83453
41266,334.37354
41267,280.47464
41268,461.68726
41269,858.1217
41270,756.91016
41271,587.89154
41272,651.6282
41273,389.67206
41274,277.59113
41275,162.12784
41276,143.6778
41277,187.61249
41278,332.2876
41279,363.61786
41280,347.70178
41281,210.4257
41282,265.0306
41283,280.29358
41284,180.8729
41285,272.5807
41286,217.38528
41287,201.75778
41288,188.02711
41289,176.3124
41290,222.05403
41291,291.52533
41292,254.25612
41293,224.66142
41294,244.82591
41295,187.74026
41296,172.78294
41297,272.5621
41298,272.06613
41299,184.74939
41300,214.46854
41301,291.58673
41302,378.93988
41303,413.93506
41304,398.4411
41305,214.55923
41306,240.09276
41307,321.99207
41308,253.20029
41309,225.77983
41310,173.15985
41311,142.80728
41312,95.297775
41313,103.212006
41314,141.82443
41315,134.6869
41316,130.7657
41317,112.50574
41318,96.931076
41319,72.85084
41320,165.53387
41321,183.29248
41322,212.0905
41323,108.96931
41324,87.837585
41325,204.55602
41326,248.29436
41327,110.11953
41328,193.82808
41329,109.68625
41330,150.66916
41331,53.16059
41332,50.48016
41333,-3.1987844
41334,102.93624
41335,97.34403
41336,126.562126
41337,191.776
41338,181.70462
41339,210.24724
41340,120.08326
41341,164.63321
41342,136.70827
41343,86.3474
41344,173.00378
41345,155.28276
41346,54.073112
41347,165.20761
41348,158.96999
41349,259.57904
41350,311.3725
41351,375.30127
41352,283.1533
41353,277.06458
41354,330.9419
41355,372.29773
41356,258.46304
41357,212.37117
41358,206.12665
41359,130.192
41360,188.13083
41361,88.00685
41362,95.78417
41363,145.0789
41364,96.37298
41365,70.6676
41366,211.55212
41367,196.45027
41368,144.59743
41369,210.53365
41370,260.87793
41371,335.7627
41372,362.18433
41373,284.78232
41374,308.15747
41375,288.99258
41376,280.04672
41377,348.04358
41378,419.1458
41379,681.49603
41380,642.79047
41381,414.2268
41382,211.45245
41383,221.4498
41384,210.98363
41385,204.39232
41386,167.35811
41387,156.51398
41388,237.49681
41389,221.68663
41390,186.81604
41391,159.65096
41392,198.83168
41393,347.58002
41394,365.98666
41395,311.18958
41396,248.72125
41397,332.69003
41398,290.42813
41399,297.55963
41400,234.30043
41401,147.99461
41402,161.67557
41403,146.05856
41404,175.63805
41405,167.0376
41406,138.68483
41407,189.53484
41408,213.9438
41409,246.52971
41410,305.87616
41411,277.66757
41412,336.0672
41413,320.93713
41414,270.87448
41415,206.7809
41416,268.0621
41417,238.47899
41418,134.52994
41419,127.02837
41420,143.14577
41421,142.996
41422,167.11928
41423,118.13191
41424,113.63964
41425,173.38121
41426,100.38495
41427,141.20087
41428,111.867584
41429,137.37407
41430,107.38318
41431,107.36804
41432,103.45476
41433,158.80035
41434,163.56546
41435,120.00061
41436,78.885475
41437,135.96313
41438,151.57524
41439,117.03289
41440,95.2393
41441,106.60521
41442,111.165764
41443,167.71207
41444,135.63246
41445,116.18131
41446,141.1596
41447,156.05164
41448,160.81642
41449,277.58502
41450,307.14865
41451,234.19713
41452,244.3529
41453,220.96307
41454,256.297
41455,215.22385
41456,192.26071
41457,221.77249
41458,150.91634
41459,156.34808
41460,131.15767
41461,121.27047
41462,225.99734
41463,286.9718
41464,290.8803
41465,210.35782
41466,155.74301
41467,225.12978
41468,147.44781
41469,153.37982
41470,133.28448
41471,179.94025
41472,168.32898
41473,203.36711
41474,125.95978
41475,81.45169
41476,91.74538
41477,128.297
41478,157.24266
41479,156.89706
41480,193.32594
41481,103.892685
41482,126.12477
41483,148.09758
41484,149.18759
41485,160.37122
41486,218.41492
41487,209.79886
41488,111.92592
41489,77.67982
41490,92.80194
41491,87.63973
41492,125.848076
41493,130.97969
41494,108.78423
41495,133.41124
41496,122.869
41497,255.11823
41498,233.84877
41499,172.8641
41500,180.67953
41501,143.84373
41502,269.8239
41503,188.67055
41504,118.2904
41505,116.179634
41506,122.98469
41507,158.18011
41508,196.71928
41509,155.23967
41510,144.39499
41511,97.48261
41512,146.94379
41513,124.50253
41514,120.2108
41515,120.49648
41516,113.26613
41517,212.39029
41518,170.20403
41519,95.68601
41520,174.68095
41521,216.05928
41522,190.80524
41523,209.88478
41524,182.34389
41525,150.31517
41526,165.57445
41527,196.59134
41528,151.71251
41529,124.7138
41530,126.994484
41531,76.34237
41532,101.69709
41533,103.29088
41534,105.354416
41535,139.60323
41536,120.5747
41537,149.71358
41538,172.08311
41539,140.84566
41540,101.51943
41541,143.49178
41542,148.51144
41543,95.17964
41544,97.51775
41545,66.10908
41546,39.0835
41547,28.88455
41548,46.338245
41549,79.56383
41550,71.631294
41551,92.03186
41552,74.709236
41553,77.25607
41554,92.27903
41555,111.23651
41556,102.64179
41557,111.42107
41558,83.84309
41559,70.076294
41560,69.060524
41561,90.84972
41562,66.957214
41563,80.63396
41564,79.66006
41565,109.49391
41566,117.78522
41567,6.3042283
41568,0.5347736
41569,26.830984
41570,20.951607
41571,8.999484
41572,12.742614
41573,2.9958875
41574,13.882555
41575,61.295544
41576,53.923054
41577,61.373516
41578,57.39749
41579,59.7742
41580,35.65196
41581,83.718506
41582,144.2096
41583,87.17056
41584,64.73187
41585,81.31613
41586,132.05463
41587,94.225494
41588,90.50852
41589,44.955883
41590,108.519554
41591,88.04521
41592,136.74539
41593,128.34271
41594,132.58324
41595,12.869238
41596,30.765442
41597,50.872635
41598,35.67944
41599,7.1253905
41600,-3.6659265
41601,-0.6221771
41602,-0.51671964
41603,27.73615
41604,125.34574
41605,107.486
41606,63.82987
41607,96.66614
41608,49.72423
41609,93.24496
41610,125.55748
41611,60.97406
41612,102.17552
41613,99.62228
41614,137.23915
41615,116.27785
41616,86.96477
41617,145.52936
41618,139.94179
41619,140.24841
41620,86.15552
41621,32.672802
41622,83.10053
41623,94.13384
41624,91.97574
41625,150.68988
41626,68.6848
41627,52.824173
41628,48.640255
41629,32.890377
41630,7.8092957
41631,48.599403
41632,32.14463
41633,42.677998
41634,65.832466
41635,4.0746455
41636,-0.5911299
41637,-0.6638209
41638,-0.59747124
41639,-0.4026875
41640,-0.5265428
41641,17.649452
41642,26.06981
41643,30.389263
41644,45.708256
41645,62.03408
41646,58.824112
41647,49.811962
41648,14.097747
41649,51.324966
41650,42.691013
41651,63.449543
41652,69.98257
41653,64.4789
41654,92.91538
41655,26.181158
41656,-3.0973427
41657,-0.9377296
41658,-0.33521566
41659,-0.50785446
41660,-0.5208858
41661,-0.50559366
41662,-0.5059627
41663,-0.35615137
41664,29.334917
41665,3.1241925
41666,-1.6528136
41667,-0.36655414
41668,-0.3512263
41669,-0.33922377
41670,-0.38669866
41671,-0.35214972
41672,-0.43479103
41673,-0.4498808
41674,-0.464808
41675,-0.5493729
41676,-0.53419155
41677,-0.3880076
41678,-0.5834775
41679,-0.63817734
41680,-0.7454443
41681,-0.86788404
41682,-0.86955476
41683,-0.81310356
41684,-0.74298745
41685,-0.7486935
41686,-0.73397666
41687,-0.7187946
41688,-0.5037103
41689,-0.6143743
41690,-0.72550577
41691,-0.891024
41692,-0.7903352
41693,-0.69756687
41694,-0.78046566
41695,-0.74436
41696,-0.8131106
41697,16.70425
41698,79.855995
41699,67.22953
41700,69.57931
41701,89.511665
41702,80.88491
41703,67.803154
41704,106.49269
41705,140.56529
41706,142.29814
41707,131.71222
41708,131.32289
41709,107.19917
41710,51.37708
41711,59.67938
41712,87.803925
41713,118.60971
41714,99.87833
41715,96.62695
41716,143.45525
41717,229.92409
41718,212.81221
41719,232.46523
41720,162.72127
41721,130.57596
41722,128.5274
41723,121.63727
41724,144.42076
41725,189.68166
41726,165.67856
41727,95.833694
41728,66.51855
41729,60.12202
41730,84.13499
41731,83.78113
41732,67.91885
41733,69.02978
41734,32.117992
41735,-5.308973
41736,12.269301
41737,8.144231
41738,49.381996
41739,92.984856
41740,35.42517
41741,0.52384156
41742,-0.62546605
41743,-0.52945745
41744,-0.51758075
41745,-0.5540071
41746,-0.52289075
41747,-0.50379175
41748,-0.51186305
41749,-0.47371054
41750,-0.44579768
41751,-0.51403713
41752,-0.28304312
41753,-0.51931316
41754,-0.33205035
41755,-0.28355983
41756,-0.35121885
41757,-0.46079546
41758,-0.49110553
41759,-0.54313546
41760,-0.615915
41761,-0.53991276
41762,-0.57563984
41763,-0.45694527
41764,-0.45709157
41765,-0.5004429
41766,-0.45447254
41767,-0.39633173
41768,-0.54571515
41769,-0.44685206
41770,-0.43956596
41771,-0.4048392
41772,-0.48391572
41773,-0.42335564
41774,-0.39637154
41775,-0.42709386
41776,-0.42940834
41777,-0.4365324
41778,-0.2446097
41779,-0.49815187
41780,-0.52216816
41781,-0.5182317
41782,-0.53240424
41783,-0.49797162
41784,-0.3557136
41785,-0.442945
41786,-0.33614865
41787,26.624771
41788,114.36212
41789,124.66402
41790,88.49122
41791,71.661476
41792,93.776024
41793,102.12075
41794,119.008484
41795,134.1499
41796,186.9524
41797,182.09114
41798,225.0948
41799,194.67825
41800,143.79301
41801,26.545958
41802,4.211879
41803,127.22253
41804,98.99437
41805,172.37605
41806,123.246346
41807,117.25242
41808,107.89861
41809,142.08545
41810,201.9165
41811,320.07697
41812,495.176
41813,415.84775
41814,390.5295
41815,492.1437
41816,661.8791
41817,850.0112
41818,653.5891
41819,476.1769
41820,487.99817
41821,432.43683
41822,264.07495
41823,264.74673
41824,246.24104
41825,267.33868
41826,158.07452
41827,194.06804
41828,302.93668
41829,368.45193
41830,225.22272
41831,303.38715
41832,191.58469
41833,200.28763
41834,321.18845
41835,317.5754
41836,268.03662
41837,456.78033
41838,248.44315
41839,130.86761
41840,109.16912
41841,67.1062
41842,120.88945
41843,150.52405
41844,168.5251
41845,176.78366
41846,256.1527
41847,227.05243
41848,244.61348
41849,138.70024
41850,382.79333
41851,197.48743
41852,215.95363
41853,208.59906
41854,176.09227
41855,167.27797
41856,167.91702
41857,289.37082
41858,307.77338
41859,167.62538
41860,138.63234
41861,84.490486
41862,149.90886
41863,175.84596
41864,107.07453
41865,109.56584
41866,150.9073
41867,236.99275
41868,410.55313
41869,283.71118
41870,228.60342
41871,482.26584
41872,188.49342
41873,316.07428
41874,93.653755
41875,145.56778
41876,183.43689
41877,155.72952
41878,228.17418
41879,574.9836
41880,247.95699
41881,328.77866
41882,103.5559
41883,218.22885
41884,621.67114
41885,434.83606
41886,159.43085
41887,177.58578
41888,224.47925
41889,265.74118
41890,213.13167
41891,203.81245
41892,452.2708
41893,105.59663
41894,127.33934
41895,274.17313
41896,241.48077
41897,146.31801
41898,95.94271
41899,171.26228
41900,259.59396
41901,157.58725
41902,347.80392
41903,360.17664
41904,339.8034
41905,334.8104
41906,401.984
41907,432.37906
41908,496.4921
41909,540.9416
41910,560.895
41911,589.31433
41912,580.7569
41913,572.3005
41914,464.07877
41915,492.99005
41916,411.40332
41917,403.35013
41918,336.9493
41919,245.26338
41920,204.67603
41921,327.81476
41922,251.14401
41923,212.70453
41924,223.0336
41925,223.45213
41926,506.54868
41927,531.353
41928,425.21036
41929,372.08734
41930,304.05698
41931,429.193
41932,370.40274
41933,541.7543
41934,487.99274
41935,576.87744
41936,721.9159
41937,743.26587
41938,546.935
41939,414.74182
41940,422.8117
41941,423.77933
41942,388.89594
41943,464.06238
41944,527.3257
41945,394.25647
41946,298.92667
41947,277.11594
41948,276.8309
41949,326.396
41950,304.18433
41951,282.1852
41952,202.5232
41953,185.0852
41954,155.53683
41955,140.24826
41956,89.06227
41957,93.207695
41958,69.869804
41959,98.82396
41960,77.32481
41961,42.12469
41962,59.273922
41963,48.440353
41964,27.801878
41965,15.682599
41966,14.599748
41967,23.585005
41968,11.264146
41969,16.323965
41970,16.290655
41971,3.9889822
41972,-6.7919865
41973,-3.8577297
41974,-1.1153755
41975,-0.50044
41976,-0.4411347
41977,-0.38096675
41978,-0.6833757
41979,164.29187
41980,531.6067
41981,273.96887
41982,247.33801
41983,211.56812
41984,169.54025
41985,173.09613
41986,155.03546
41987,188.31749
41988,331.81772
41989,288.3759
41990,149.31639
41991,88.124985
41992,93.5985
41993,101.19764
41994,145.20308
41995,141.23343
41996,160.2244
41997,296.0201
41998,80.80674
41999,147.63725
42000,240.18106
42001,188.10686
42002,194.5583
42003,218.97801
42004,425.73953
42005,451.01627
42006,648.60803
42007,529.16547
42008,353.1994
42009,382.9931
42010,210.56657
42011,334.7184
42012,557.95447
42013,456.89264
42014,698.3223
42015,533.5699
42016,713.4697
42017,806.9227
42018,822.4641
42019,760.28595
42020,598.1324
42021,503.1308
42022,602.69604
42023,600.53094
42024,545.8426
42025,644.7972
42026,672.6768
42027,447.2374
42028,429.3777
42029,491.01102
42030,707.4621
42031,649.5581
42032,554.51306
42033,371.50882
42034,273.4479
42035,533.43774
42036,563.6465
42037,639.9298
42038,470.97766
42039,391.14682
42040,662.12683
42041,992.49316
42042,838.2739
42043,814.1528
42044,806.0367
42045,751.2467
42046,680.36774
42047,558.8809
42048,466.7783
42049,573.1072
42050,411.30563
42051,569.1966
42052,552.7032
42053,616.1426
42054,658.8627
42055,599.14276
42056,452.54184
42057,480.08545
42058,572.6137
42059,596.80255
42060,563.7616
42061,639.91187
42062,931.9864
42063,938.15375
42064,918.91876
42065,1130.3182
42066,1147.5273
42067,1202.5479
42068,1346.6199
42069,1380.5977
42070,1406.5408
42071,1521.0352
42072,1583.8145
42073,1678.8318
42074,1514.1534
42075,1503.0817
42076,1452.6613
42077,1133.4373
42078,966.8783
42079,1018.7885
42080,779.4628
42081,826.4894
42082,591.20374
42083,866.7267
42084,934.76685
42085,711.17163
42086,889.01135
42087,932.123
42088,850.56213
42089,886.0557
42090,938.20514
42091,909.8594
42092,897.7128
42093,793.6516
42094,925.55743
42095,981.2049
42096,1050.1495
42097,1019.1494
42098,974.2763
42099,1129.9203
42100,1757.0831
42101,1639.4396
42102,1464.323
42103,1445.151
42104,1690.6407
42105,1651.4565
42106,1742.1139
42107,1637.8589
42108,1648.5089
42109,1483.3325
42110,1435.0035
42111,1421.988
42112,1527.8551
42113,1000.8834
42114,1037.0714
42115,1006.7888
42116,1127.4513
42117,1308.8813
42118,1135.3906
42119,1237.7172
42120,1203.864
42121,1270.0612
42122,1399.7079
42123,1109.5499
42124,1593.674
42125,1542.991
42126,1481.4159
42127,1579.5265
42128,1543.9395
42129,1398.9927
42130,1459.2582
42131,1444.8452
42132,1248.6588
42133,1257.6158
42134,1300.8582
42135,1448.9733
42136,1237.5212
42137,1465.5208
42138,985.29535
42139,1246.083
42140,1336.8413
42141,923.4148
42142,1008.6609
42143,1168.9076
42144,915.2675
42145,1194.8721
42146,823.2574
42147,1025.9598
42148,929.7938
42149,643.0185
42150,803.30304
42151,986.3578
42152,934.9323
42153,983.69824
42154,1029.348
42155,907.3114
42156,891.0143
42157,956.32153
42158,911.4949
42159,774.6498
42160,788.9211
42161,588.1467
42162,622.8126
42163,476.73947
42164,394.38144
42165,255.05147
42166,208.81726
42167,163.53207
42168,101.70601
42169,112.19882
42170,239.03505
42171,214.8742
42172,224.72299
42173,202.01448
42174,71.64624
42175,90.604126
42176,46.82162
42177,20.031763
42178,13.286332
42179,259.72745
42180,277.08133
42181,316.98776
42182,607.6505
42183,282.2558
42184,208.33023
42185,206.56482
42186,182.40437
42187,108.95358
42188,106.76535
42189,78.937
42190,56.040764
42191,75.72862
42192,167.39832
42193,271.31696
42194,170.46011
42195,93.60309
42196,195.3572
42197,119.410416
42198,158.74887
42199,131.91081
42200,172.60835
42201,347.69843
42202,557.40674
42203,585.30896
42204,848.2989
42205,977.4352
42206,987.1759
42207,985.67285
42208,1028.7544
42209,854.8889
42210,931.07635
42211,926.96716
42212,753.5812
42213,620.75055
42214,477.67975
42215,393.86435
42216,334.5985
42217,305.7519
42218,233.02036
42219,283.12485
42220,362.28687
42221,403.67673
42222,316.1749
42223,231.08122
42224,246.45451
42225,228.28716
42226,277.95285
42227,238.27994
42228,261.93512
42229,349.8452
42230,362.10544
42231,302.22656
42232,294.72025
42233,297.70853
42234,393.50992
42235,439.3113
42236,363.37387
42237,265.5014
42238,306.51486
42239,372.8765
42240,412.38318
42241,429.1034
42242,487.60965
42243,446.16226
42244,414.5813
42245,414.26767
42246,327.05655
42247,203.59898
42248,240.22769
42249,151.33986
42250,93.4643
42251,108.16371
42252,169.85858
42253,197.42981
42254,297.38968
42255,225.31262
42256,287.66602
42257,347.4319
42258,479.50348
42259,543.506
42260,532.32587
42261,567.21606
42262,487.30112
42263,513.4919
42264,475.7886
42265,361.57712
42266,297.2012
42267,226.62238
42268,236.31099
42269,304.13986
42270,128.15904
42271,68.46421
42272,59.576553
42273,52.107536
42274,85.55884
42275,126.0
42276,146.98534
42277,63.115326
42278,29.343914
42279,-0.22336437
42280,-2.7513814
42281,14.067917
42282,32.265995
42283,94.29673
42284,153.84427
42285,61.91864
42286,5.6036305
42287,-0.4887588
42288,11.368949
42289,227.23068
42290,190.32913
42291,166.67232
42292,104.53226
42293,128.51094
42294,90.56558
42295,109.62787
42296,76.62594
42297,144.17738
42298,150.60419
42299,67.97579
42300,130.79524
42301,263.37158
42302,201.90532
42303,74.50863
42304,128.42209
42305,99.23739
42306,200.33353
42307,172.5739
42308,229.17911
42309,204.67885
42310,93.504875
42311,118.38321
42312,126.07625
42313,150.8971
42314,174.91728
42315,77.846146
42316,98.61985
42317,73.47206
42318,52.897007
42319,91.64179
42320,77.55559
42321,32.863663
42322,-2.1225474
42323,-0.4124275
42324,96.285835
42325,300.83157
42326,202.34222
42327,239.28236
42328,285.55762
42329,235.40952
42330,254.03816
42331,227.24179
42332,258.20874
42333,299.3083
42334,257.26175
42335,207.78586
42336,204.32478
42337,262.2698
42338,201.50383
42339,201.10332
42340,196.17004
42341,210.72218
42342,128.58302
42343,126.81659
42344,126.75915
42345,116.29705
42346,91.917076
42347,86.39387
42348,69.74285
42349,47.792255
42350,40.999187
42351,46.029514
42352,55.869156
42353,73.92102
42354,57.256588
42355,63.63435
42356,88.22155
42357,101.741
42358,61.928074
42359,92.022095
42360,113.85256
42361,133.37625
42362,147.65627
42363,182.43007
42364,160.59474
42365,130.19911
42366,117.87235
42367,111.103745
42368,162.79199
42369,227.3828
42370,293.6667
42371,276.22305
42372,193.48326
42373,218.23405
42374,256.70004
42375,289.7422
42376,272.6678
42377,272.9744
42378,230.41798
42379,206.39061
42380,218.9591
42381,234.98701
42382,232.71545
42383,228.38716
42384,238.29965
42385,222.28888
42386,210.58443
42387,205.17754
42388,249.05656
42389,222.87927
42390,245.31071
42391,252.3565
42392,189.72984
42393,177.94043
42394,177.89912
42395,174.83372
42396,191.943
42397,201.50609
42398,202.43202
42399,186.70068
42400,154.06415
42401,161.25117
42402,195.83232
42403,205.04384
42404,192.04352
42405,226.57755
42406,239.75356
42407,229.77963
42408,149.03601
42409,104.46472
42410,136.18262
42411,158.4138
42412,155.35999
42413,175.69058
42414,148.73166
42415,129.28055
42416,111.87199
42417,112.08061
42418,105.87771
42419,120.835075
42420,97.11722
42421,85.83886
42422,90.00942
42423,75.88352
42424,55.650307
42425,37.43449
42426,15.888074
42427,37.39284
42428,31.255623
42429,0.34038088
42430,-5.6443396
42431,19.583426
42432,27.86775
42433,-2.5402665
42434,-0.8809396
42435,-0.69389606
42436,-0.26563248
42437,-0.1813687
42438,18.886171
42439,63.905945
42440,38.3284
42441,23.854
42442,14.537818
42443,8.911095
42444,-0.9278284
42445,21.129673
42446,20.534636
42447,35.65849
42448,13.200149
42449,-0.44715956
42450,-0.4684247
42451,-0.4210717
42452,-0.38461384
42453,-0.35982922
42454,-0.44558647
42455,-0.49092856
42456,-0.47784364
42457,-0.5327006
42458,-0.5756939
42459,-0.5131374
42460,-0.4849462
42461,-0.57136846
42462,-0.52834666
42463,-0.525842
42464,-0.65034705
42465,-0.529803
42466,-0.31611735
42467,-0.4316495
42468,-0.49881437
42469,-0.3567114
42470,-0.4246678
42471,-0.651555
42472,-0.6648535
42473,-0.64088076
42474,-0.742433
42475,-0.6366706
42476,-0.5997581
42477,-0.57574177
42478,-0.57018656
42479,-0.47889525
42480,-0.5619116
42481,-0.52223605
42482,-0.56680036
42483,-0.56520617
42484,-0.62998587
42485,-0.5857745
42486,-0.6720062
42487,-0.71645147
42488,-0.6459744
42489,-0.6643349
42490,-0.61454004
42491,-0.659647
42492,-0.6711368
42493,-0.38517028
42494,-0.5913693
42495,-0.40450662
42496,-0.46803233
42497,-0.417312
42498,-0.45685276
42499,-0.68886256
42500,-0.80278265
42501,-0.9783319
42502,-0.99435616
42503,-0.9692067
42504,-0.88012123
42505,-0.8796915
42506,-0.83613896
42507,-0.8530618
42508,-1.2403479
42509,-0.9011628
42510,25.368889
42511,57.049187
42512,61.84695
42513,50.608616
42514,37.76797
42515,18.42276
42516,17.808558
42517,4.518729
42518,-5.300871
42519,17.766556
42520,37.56836
42521,40.826397
42522,31.707148
42523,18.66934
42524,43.339684
42525,94.92222
42526,84.99955
42527,65.33453
42528,57.179966
42529,71.70596
42530,84.41495
42531,67.37227
42532,45.93298
42533,54.101654
42534,59.79213
42535,40.426212
42536,42.83078
42537,61.57302
42538,73.65815
42539,101.14686
42540,23.3513
42541,-1.3169428
42542,23.071575
42543,9.951238
42544,-1.9040186
42545,-0.67557704
42546,60.071453
42547,19.918633
42548,1.2499305
42549,-0.2222886
42550,-0.1892227
42551,-0.24681672
42552,-0.5413098
42553,-0.5413098
42554,-0.60572827
42555,-0.5510421
42556,-0.5633465
42557,-0.49014688
42558,-0.5961843
42559,-0.6242971
42560,-0.34032294
42561,-0.3238288
42562,-0.37075725
42563,-0.36464843
42564,-0.4742967
42565,-0.3494927
42566,-0.5168485
42567,-0.5727346
42568,-0.49740914
42569,-0.5077147
42570,-0.65042
42571,-0.43526036
42572,-0.51969206
42573,-0.33392832
42574,-0.3270583
42575,-0.5384877
42576,-0.437248
42577,-0.48118177
42578,-0.49915868
42579,-0.44886765
42580,-0.32840055
42581,-0.31330016
42582,-0.47098118
42583,-0.66325665
42584,-0.60372335
42585,-0.59399486
42586,-0.5918307
42587,-0.63160163
42588,-0.669026
42589,-0.58318955
42590,-0.60785234
42591,-0.6698522
42592,-0.66027504
42593,-0.3523889
42594,-0.54306585
42595,-0.56000566
42596,-0.54233545
42597,-0.25663364
42598,101.16457
42599,210.23091
42600,173.17313
42601,127.67944
42602,159.85185
42603,173.88844
42604,214.63268
42605,243.1912
42606,232.54471
42607,187.07098
42608,420.24695
42609,202.84462
42610,149.7162
42611,242.02538
42612,324.93243
42613,411.91153
42614,490.44592
42615,478.64648
42616,515.23315
42617,605.58887
42618,746.6723
42619,659.1132
42620,765.6865
42621,767.11694
42622,582.8074
42623,1014.6729
42624,830.10297
42625,1245.4724
42626,1263.4827
42627,1036.1423
42628,924.3147
42629,619.1177
42630,890.4351
42631,916.7245
42632,1166.6273
42633,1045.5256
42634,1025.0808
42635,1019.6477
42636,924.3677
42637,641.44916
42638,445.36926
42639,458.23462
42640,479.75262
42641,593.17755
42642,805.412
42643,563.8185
42644,386.15176
42645,425.13052
42646,611.2774
42647,634.5054
42648,762.5977
42649,670.339
42650,688.56085
42651,853.9645
42652,858.24304
42653,795.00775
42654,699.56104
42655,731.2719
42656,663.0174
42657,722.9523
42658,741.6935
42659,704.94995
42660,764.8574
42661,701.5689
42662,609.5563
42663,546.0076
42664,504.86172
42665,602.1368
42666,564.1596
42667,649.5222
42668,537.2884
42669,701.10394
42670,939.2796
42671,858.15784
42672,855.9368
42673,833.34796
42674,826.24554
42675,867.8789
42676,717.2194
42677,770.91284
42678,666.9997
42679,687.748
42680,813.8448
42681,877.51544
42682,806.7444
42683,770.0059
42684,825.55444
42685,869.6212
42686,619.14545
42687,558.028
42688,459.03235
42689,605.0045
42690,522.20844
42691,651.9839
42692,745.6381
42693,723.31866
42694,691.50323
42695,533.9853
42696,521.759
42697,563.93585
42698,544.624
42699,286.1859
42700,392.64575
42701,338.37878
42702,427.72012
42703,394.415
42704,665.03564
42705,461.9313
42706,319.8965
42707,310.57474
42708,408.85446
42709,749.62726
42710,503.44748
42711,588.3023
42712,395.49863
42713,557.0137
42714,649.94653
42715,701.1857
42716,419.19467
42717,270.46085
42718,188.11914
42719,265.6319
42720,241.84604
42721,141.57901
42722,134.4752
42723,169.5841
42724,172.65364
42725,115.587234
42726,85.07973
42727,101.02214
42728,105.8698
42729,209.29436
42730,119.4589
42731,56.063927
42732,3.4274576
42733,-0.9878746
42734,-0.27752545
42735,-0.39328602
42736,-0.40480155
42737,-0.35568962
42738,-0.4065911
42739,-0.40252134
42740,-0.40446
42741,-0.41888675
42742,-0.37497458
42743,-0.27829936
42744,-0.3654209
42745,-0.34851748
42746,-0.1181604
42747,-0.32848355
42748,-0.27936742
42749,-0.39117348
42750,-0.3224144
42751,-0.30952728
42752,-0.3456447
42753,-0.33861938
42754,-0.30623907
42755,-0.29620162
42756,-0.31638926
42757,-0.31484938
42758,-0.32064828
42759,-0.33271056
42760,-0.31940535
42761,-0.39611995
42762,-0.40891054
42763,-0.37913564
42764,-0.44432923
42765,-0.47321984
42766,-0.40118298
42767,-0.39500847
42768,-0.40148437
42769,-0.3571244
42770,-0.332527
42771,-0.3571294
42772,-0.36931017
42773,-0.37857494
42774,-0.384316
42775,-0.384316
42776,-0.37631714
42777,-0.38425142
42778,-0.3820582
42779,-0.37448928
42780,-0.37448928
42781,-0.37448797
42782,-0.40806434
42783,-0.41011456
42784,-0.40806434
42785,-0.35985088
42786,-0.33024046
42787,-0.3477353
42788,-0.38930404
42789,-0.7035911
42790,-0.5693613
42791,-0.7304375
42792,-0.7219056
42793,-0.81472456
42794,-0.9911952
42795,-0.6881757
42796,-0.47891927
42797,-0.4615192
42798,-0.47649783
42799,-0.8441322
42800,-0.86424947
42801,-0.80312383
42802,-0.8339451
42803,-0.792339
42804,-0.7726338
42805,-0.7947941
42806,-0.7277549
42807,-0.6850734
42808,-0.6818429
42809,-0.68101406
42810,-0.5865891
42811,-0.42896163
42812,-0.43106365
42813,-0.6887777
42814,-0.5976153
42815,-0.67390215
42816,-0.75064605
42817,-0.77905554
42818,-0.784944
42819,63.984467
42820,92.277145
42821,115.22003
42822,82.46183
42823,71.63304
42824,76.12761
42825,51.408577
42826,61.658108
42827,92.40585
42828,79.833725
42829,90.79497
42830,113.77885
42831,149.45932
42832,162.0942
42833,192.73524
42834,228.64014
42835,246.4478
42836,276.08902
42837,261.3613
42838,432.57993
42839,549.67236
42840,652.08295
42841,579.51294
42842,623.2618
42843,755.4799
42844,593.1968
42845,639.1255
42846,607.6446
42847,553.97943
42848,675.4617
42849,586.39264
42850,398.42572
42851,383.06552
42852,383.12378
42853,357.08087
42854,306.26965
42855,394.29086
42856,327.0146
42857,293.03058
42858,270.94592
42859,325.83353
42860,511.5792
42861,604.0629
42862,412.95554
42863,519.34045
42864,439.17444
42865,533.4913
42866,558.05615
42867,532.2172
42868,479.32504
42869,605.2563
42870,517.1135
42871,428.55905
42872,354.85468
42873,312.4622
42874,480.07526
42875,567.24945
42876,502.51584
42877,509.85242
42878,514.51294
42879,666.37
42880,684.2963
42881,742.4698
42882,586.6212
42883,654.6111
42884,550.0998
42885,388.5991
42886,484.75916
42887,465.35657
42888,368.8333
42889,381.04697
42890,478.151
42891,430.08914
42892,496.86932
42893,244.19334
42894,429.5727
42895,586.81586
42896,361.69778
42897,327.06274
42898,288.52997
42899,245.60458
42900,130.02167
42901,166.29172
42902,137.38795
42903,218.09323
42904,134.41379
42905,144.98444
42906,132.08911
42907,118.57746
42908,63.308514
42909,75.98691
42910,204.00972
42911,442.35184
42912,529.2618
42913,398.1763
42914,351.0823
42915,495.43573
42916,355.66568
42917,519.0189
42918,526.29205
42919,398.13544
42920,274.2584
42921,283.76804
42922,475.84537
42923,690.3832
42924,628.78064
42925,517.74365
42926,171.7144
42927,681.0901
42928,342.74615
42929,528.7559
42930,286.11295
42931,235.57709
42932,154.47707
42933,151.92831
42934,150.86607
42935,114.81273
42936,75.9076
42937,119.41346
42938,85.61327
42939,98.510544
42940,169.50713
42941,290.2553
42942,314.44138
42943,362.83417
42944,354.47095
42945,497.19904
42946,431.42072
42947,233.87875
42948,294.21994
42949,290.23807
42950,385.98593
42951,495.77707
42952,316.52377
42953,252.56215
42954,252.4049
42955,238.36035
42956,358.41977
42957,188.4382
42958,230.91132
42959,252.60544
42960,227.12444
42961,234.98354
42962,225.48343
42963,190.18617
42964,211.29253
42965,257.7111
42966,211.28899
42967,308.03177
42968,435.46048
42969,305.23465
42970,396.54803
42971,419.2951
42972,553.03156
42973,547.8034
42974,448.37872
42975,245.62544
42976,203.6985
42977,225.60281
42978,290.22653
42979,360.1537
42980,450.7935
42981,303.03574
42982,367.92487
42983,422.09686
42984,446.34097
42985,347.9741
42986,239.10669
42987,264.71906
42988,335.14026
42989,322.59888
42990,415.2237
42991,363.25064
42992,473.20126
42993,746.8304
42994,620.6273
42995,327.18585
42996,370.66602
42997,315.7885
42998,307.26605
42999,307.13284
43000,320.59457
43001,209.81232
43002,332.9737
43003,386.51773
43004,369.63016
43005,336.17917
43006,334.07672
43007,394.31555
43008,1792.999
43009,1986.6956
43010,1930.048
43011,1809.4052
43012,1828.4617
43013,1581.276
43014,1644.478
43015,1249.6663
43016,970.155
43017,422.57816
43018,405.70135
43019,495.67175
43020,480.21613
43021,595.15924
43022,391.34845
43023,755.29565
43024,800.87305
43025,539.87744
43026,496.7519
43027,475.31
43028,559.9115
43029,267.34225
43030,453.16696
43031,711.7254
43032,736.11346
43033,1116.9523
43034,809.51984
43035,674.7031
43036,267.4125
43037,228.6389
43038,505.1453
43039,356.3918
43040,679.1682
43041,509.59808
43042,488.40585
43043,426.45288
43044,134.7528
43045,342.4376
43046,237.94278
43047,535.756
43048,492.90338
43049,295.54654
43050,526.7786
43051,619.8214
43052,587.2022
43053,501.30734
43054,434.49246
43055,465.0562
43056,474.4295
43057,546.0195
43058,359.5482
43059,202.37167
43060,285.85376
43061,389.4611
43062,181.53026
43063,280.48483
43064,429.4905
43065,379.3989
43066,740.5576
43067,514.9779
43068,534.82996
43069,317.40103
43070,481.02383
43071,430.137
43072,585.3796
43073,486.83194
43074,329.86203
43075,244.7362
43076,501.06253
43077,294.56262
43078,372.94598
43079,228.82756
43080,226.527
43081,120.44913
43082,107.782974
43083,56.494198
43084,4.8247337
43085,10.92099
43086,65.063614
43087,97.05745
43088,194.82144
43089,312.2498
43090,224.65532
43091,243.55989
43092,194.18185
43093,188.87598
43094,251.50949
43095,264.56653
43096,314.3342
43097,334.19632
43098,362.53754
43099,237.65756
43100,179.33449
43101,169.78014
43102,109.759865
43103,128.77515
43104,93.6654
43105,94.739944
43106,127.1238
43107,115.420876
43108,91.36183
43109,69.40011
43110,78.85466
43111,108.49795
43112,143.60103
43113,94.60086
43114,97.87989
43115,101.570564
43116,163.44135
43117,267.8151
43118,305.00217
43119,283.93256
43120,279.69034
43121,303.33392
43122,257.5825
43123,218.7901
43124,225.36595
43125,329.3104
43126,366.23508
43127,353.96725
43128,435.72308
43129,392.47968
43130,430.72748
43131,552.6368
43132,521.3924
43133,419.81018
43134,490.58105
43135,371.87363
43136,406.2238
43137,354.56024
43138,204.49179
43139,209.72348
43140,188.7801
43141,198.03055
43142,229.40341
43143,239.95195
43144,316.8772
43145,405.68265
43146,555.8361
43147,621.4347
43148,656.1875
43149,459.56027
43150,359.47296
43151,386.1816
43152,381.79718
43153,435.1335
43154,354.64642
43155,528.4664
43156,618.43585
43157,574.5699
43158,102.46896
43159,156.99652
43160,198.3493
43161,300.5077
43162,311.75424
43163,364.97104
43164,365.55743
43165,346.56912
43166,511.88867
43167,488.5714
43168,532.90234
43169,571.74084
43170,703.64404
43171,617.80695
43172,534.7387
43173,357.49347
43174,286.09628
43175,233.51436
43176,319.63672
43177,401.22476
43178,413.83267
43179,457.17282
43180,471.09863
43181,628.8168
43182,555.4046
43183,552.7672
43184,520.9901
43185,450.26727
43186,371.4389
43187,325.12207
43188,186.9588
43189,146.7675
43190,182.44635
43191,184.95413
43192,271.90527
43193,151.88905
43194,91.31642
43195,95.59543
43196,52.71624
43197,76.70495
43198,130.65689
43199,89.9192
43200,110.125465
43201,182.73924
43202,134.9682
43203,131.74756
43204,279.7576
43205,219.21234
43206,210.09654
43207,241.57416
43208,135.17163
43209,148.69907
43210,143.4942
43211,74.74023
43212,57.11527
43213,108.0862
43214,121.6457
43215,129.9846
43216,132.03027
43217,153.07045
43218,161.08163
43219,165.91423
43220,137.18916
43221,153.41368
43222,156.98064
43223,209.33624
43224,225.8501
43225,188.54622
43226,299.27463
43227,319.32455
43228,368.77435
43229,335.24155
43230,250.17278
43231,519.7181
43232,405.0348
43233,342.55045
43234,414.22256
43235,357.91644
43236,449.55975
43237,524.36584
43238,650.8845
43239,594.38794
43240,649.5694
43241,743.4548
43242,650.3896
43243,605.6802
43244,672.80853
43245,704.3108
43246,844.1727
43247,804.0183
43248,876.81635
43249,999.22217
43250,1027.6305
43251,875.07874
43252,971.1003
43253,856.7863
43254,762.07886
43255,681.93616
43256,785.63196
43257,774.9263
43258,865.1839
43259,910.7084
43260,1036.6318
43261,1011.73627
43262,1010.59863
43263,959.36224
43264,942.8554
43265,878.3604
43266,918.1284
43267,1047.1809
43268,1111.7643
43269,1179.9827
43270,1157.0792
43271,968.2001
43272,753.8604
43273,556.2005
43274,911.62726
43275,1082.0359
43276,1290.2179
43277,1181.9531
43278,1257.3134
43279,1179.0112
43280,1091.0774
43281,1251.2031
43282,1287.5433
43283,1220.9866
43284,1129.2968
43285,1045.5372
43286,1026.2639
43287,1042.7737
43288,1062.4481
43289,916.80176
43290,851.49023
43291,648.392
43292,595.68066
43293,696.0315
43294,542.36957
43295,495.44006
43296,582.2171
43297,798.8582
43298,883.10754
43299,748.1758
43300,663.95483
43301,422.2409
43302,277.80002
43303,227.62485
43304,449.19278
43305,546.4853
43306,649.41077
43307,558.8444
43308,512.4066
43309,700.46704
43310,763.2818
43311,777.5582
43312,636.6519
43313,635.68634
43314,582.51434
43315,441.3145
43316,366.27127
43317,347.52475
43318,289.33838
43319,247.18044
43320,283.0678
43321,291.88748
43322,368.0028
43323,286.1414
43324,222.97586
43325,298.24994
43326,285.54095
43327,196.12831
43328,202.27106
43329,216.74243
43330,185.75488
43331,120.5699
43332,151.62971
43333,172.86708
43334,119.72987
43335,102.05716
43336,73.2211
43337,61.11988
43338,56.670456
43339,40.809513
43340,49.428104
43341,44.73604
43342,57.136726
43343,96.887886
43344,84.34902
43345,70.592735
43346,36.11443
43347,49.443924
43348,28.528109
43349,43.482655
43350,109.87893
43351,65.92867
43352,35.95161
43353,78.415405
43354,100.87058
43355,62.911015
43356,65.18555
43357,106.97694
43358,135.40608
43359,154.60944
43360,58.2246
43361,56.61969
43362,56.200657
43363,45.545956
43364,33.79763
43365,25.367704
43366,39.591793
43367,44.828197
43368,-2.4114149
43369,0.6014866
43370,61.100487
43371,59.782257
43372,25.00551
43373,22.933716
43374,19.746937
43375,19.564068
43376,18.563269
43377,8.445264
43378,4.4483976
43379,-0.062103644
43380,23.082619
43381,33.649555
43382,41.27273
43383,26.980448
43384,4.079062
43385,-3.7305868
43386,-0.6901344
43387,-0.56949157
43388,-0.486577
43389,-0.396443
43390,-0.31468245
43391,30.915737
43392,13.368182
43393,16.2934
43394,57.58322
43395,75.21667
43396,51.74098
43397,65.795006
43398,52.09162
43399,79.75249
43400,33.191284
43401,-5.1406603
43402,-3.6037908
43403,-0.3402751
43404,-0.28761354
43405,-0.36228344
43406,-0.32327792
43407,-0.2806785
43408,-0.103296086
43409,-0.10210871
43410,-0.36250886
43411,-0.23220327
43412,-0.27613544
43413,10.001259
43414,77.12169
43415,71.93649
43416,45.622025
43417,4.4296627
43418,0.5854547
43419,158.64291
43420,150.21425
43421,167.98334
43422,146.91963
43423,116.984695
43424,79.35742
43425,74.726
43426,55.994724
43427,94.948395
43428,159.92754
43429,171.13737
43430,174.20532
43431,197.58958
43432,222.33492
43433,236.19139
43434,209.8501
43435,168.1954
43436,213.38951
43437,257.07806
43438,242.69331
43439,240.28476
43440,183.8915
43441,230.20807
43442,363.45392
43443,304.3768
43444,291.51587
43445,246.31992
43446,215.64069
43447,219.69429
43448,215.42055
43449,213.02945
43450,201.20154
43451,133.54987
43452,111.28187
43453,61.950882
43454,53.887463
43455,31.832403
43456,-0.16085106
43457,58.398922
43458,49.856243
43459,18.622519
43460,45.802483
43461,61.077423
43462,63.013412
43463,92.36144
43464,134.00336
43465,92.60106
43466,104.67731
43467,151.75052
43468,122.530174
43469,85.23328
43470,117.52704
43471,131.60396
43472,164.71172
43473,112.971466
43474,142.15216
43475,92.503395
43476,94.82193
43477,55.745144
43478,29.633661
43479,29.801313
43480,49.638355
43481,56.98008
43482,34.216053
43483,37.76241
43484,10.99662
43485,21.605587
43486,-2.4009213
43487,-0.37965697
43488,-0.37358567
43489,-0.41849992
43490,-0.45101807
43491,-0.36731854
43492,-0.34336323
43493,-0.44619465
43494,-0.49037352
43495,-0.42274565
43496,-0.45509073
43497,-0.35396987
43498,-0.350099
43499,-0.39023483
43500,-0.35485873
43501,-0.35634348
43502,-0.38534042
43503,-0.3650885
43504,-0.35621038
43505,-0.3756865
43506,-0.42683786
43507,-0.3961553
43508,-0.50154054
43509,-0.37726822
43510,-0.342738
43511,-0.30186927
43512,61.979374
43513,112.82601
43514,35.958725
43515,16.505081
43516,0.747645
43517,4.504123
43518,13.226854
43519,4.720474
43520,-1.9494842
43521,-0.3722301
43522,-0.36146125
43523,-0.40788132
43524,-0.3347404
43525,-0.32111013
43526,-0.3115793
43527,-0.36745757
43528,-0.35908973
43529,-0.36657476
43530,-0.348405
43531,-0.32005766
43532,-0.24026324
43533,-0.16079095
43534,-0.1857942
43535,-0.18198743
43536,-0.30252618
43537,-0.4565377
43538,-0.4163755
43539,-0.19600828
43540,-0.15275706
43541,-0.19646823
43542,-0.20071118
43543,-0.21161053
43544,-0.20015723
43545,-0.20452838
43546,-0.27097544
43547,-0.24089941
43548,-0.24985449
43549,-0.256309
43550,-0.25593206
43551,-0.22826849
43552,-0.23556952
43553,-0.23784994
43554,-0.2494793
43555,-0.26181498
43556,-0.3344387
43557,-0.32288375
43558,-0.32295218
43559,-0.3379453
43560,-0.3379453
43561,-0.34552675
43562,-0.3231621
43563,-0.38528043
43564,-0.33870545
43565,-0.31708774
43566,-0.3284478
43567,-0.37970793
43568,-0.91039616
43569,-0.78348595
43570,-0.7243602
43571,-0.6974858
43572,-0.67669094
43573,-0.44059548
43574,-0.8072497
43575,-0.700367
43576,-0.7219173
43577,-0.68696654
43578,-0.43922
43579,-0.35268244
43580,-0.2983507
43581,-0.27053303
43582,-0.29862523
43583,-0.2972355
43584,-0.28993174
43585,-0.29069263
43586,-0.31829897
43587,-0.3024397
43588,-0.33172652
43589,-0.36189213
43590,-0.33941883
43591,-0.32782513
43592,-0.3147015
43593,-0.31281695
43594,-0.71927834
43595,-0.70777756
43596,55.773396
43597,11.822584
43598,-0.65824616
43599,17.156677
43600,60.865635
43601,15.804798
43602,20.93892
43603,14.307597
43604,-0.7670969
43605,-0.67245024
43606,-0.5309776
43607,-0.6699752
43608,-0.6881236
43609,-0.6509074
43610,-0.6907548
43611,-0.51258564
43612,-0.63160866
43613,-0.6825674
43614,-0.64643234
43615,-0.7089816
43616,-0.66129535
43617,-0.70017594
43618,-0.65747386
43619,-0.6324204
43620,-0.56011134
43621,-0.43272707
43622,-0.3620576
43623,-0.5666127
43624,-0.72654104
43625,-0.76171285
43626,-0.7332355
43627,-0.76558906
43628,-0.79184157
43629,-0.6940413
43630,43.482082
43631,59.813698
43632,47.127388
43633,19.280832
43634,-2.7852774
43635,-1.1999955
43636,-0.6727796
43637,-0.54780865
43638,28.865475
43639,87.94692
43640,74.8814
43641,29.021948
43642,-5.205412
43643,-0.56720674
43644,-0.27987933
43645,-0.28242463
43646,-0.27247077
43647,-0.3627517
43648,-0.4637741
43649,-0.5540474
43650,-0.285196
43651,-0.35250786
43652,-0.6789398
43653,-0.770421
43654,-0.42399272
43655,47.289772
43656,70.55658
43657,102.30339
43658,190.21239
43659,125.84313
43660,123.190834
43661,103.896645
43662,123.11072
43663,127.35539
43664,82.253914
43665,101.92244
43666,135.03632
43667,202.78285
43668,156.94727
43669,239.61646
43670,235.80423
43671,225.20415
43672,199.29376
43673,172.83017
43674,212.17575
43675,239.20255
43676,180.90723
43677,178.64961
43678,167.42847
43679,277.18533
43680,288.4829
43681,245.44044
43682,378.99774
43683,451.44196
43684,411.80286
43685,499.36523
43686,335.79276
43687,429.1577
43688,610.102
43689,512.4862
43690,584.7748
43691,697.3031
43692,446.32803
43693,429.4999
43694,484.9238
43695,430.36404
43696,531.98145
43697,810.62836
43698,854.1118
43699,725.6144
43700,612.6113
43701,420.46002
43702,452.12393
43703,377.8668
43704,290.7675
43705,401.10852
43706,524.9418
43707,552.6796
43708,579.6544
43709,497.598
43710,578.77673
43711,550.59106
43712,356.0921
43713,462.75424
43714,465.27295
43715,547.68445
43716,607.36847
43717,565.59845
43718,584.31885
43719,619.9971
43720,642.35156
43721,582.8547
43722,695.68164
43723,701.0704
43724,889.0886
43725,733.4934
43726,802.6143
43727,733.5429
43728,534.1083
43729,508.33936
43730,344.98105
43731,381.84903
43732,536.8268
43733,372.42514
43734,445.24097
43735,495.4476
43736,495.2283
43737,518.8536
43738,577.3792
43739,646.7181
43740,662.055
43741,728.4375
43742,795.8902
43743,735.44666
43744,582.8017
43745,660.9215
43746,674.69836
43747,530.16315
43748,552.90295
43749,753.89844
43750,824.90906
43751,1049.9552
43752,899.46765
43753,791.8967
43754,642.3037
43755,828.81866
43756,688.42303
43757,871.992
43758,851.2694
43759,1005.4106
43760,1026.647
43761,1093.592
43762,907.71484
43763,982.8964
43764,939.9395
43765,998.536
43766,1012.8786
43767,814.8473
43768,880.31
43769,795.7928
43770,807.46875
43771,749.3795
43772,676.25256
43773,850.4707
43774,1078.0051
43775,925.957
43776,775.4356
43777,796.9246
43778,747.7226
43779,896.5086
43780,712.2002
43781,892.3345
43782,851.2134
43783,809.5277
43784,912.30975
43785,764.49243
43786,713.4199
43787,704.1165
43788,639.9769
43789,551.1502
43790,444.92474
43791,499.89148
43792,491.20782
43793,411.91592
43794,404.60156
43795,202.12184
43796,247.21986
43797,188.94106
43798,166.85329
43799,297.20255
43800,326.3607
43801,462.21967
43802,390.42673
43803,374.061
43804,231.05547
43805,408.13297
43806,159.09827
43807,100.409744
43808,72.957344
43809,29.769674
43810,69.225525
43811,143.59227
43812,258.7434
43813,216.99455
43814,177.80957
43815,121.70351
43816,114.4256
43817,128.34462
43818,122.12005
43819,126.49808
43820,119.6552
43821,117.79758
43822,69.40898
43823,50.873283
43824,26.354986
43825,28.881504
43826,33.95766
43827,23.443832
43828,44.77545
43829,52.68263
43830,90.36613
43831,88.799484
43832,69.69566
43833,61.996727
43834,35.81721
43835,38.796913
43836,96.396935
43837,133.69484
43838,173.35927
43839,184.00157
43840,181.72969
43841,186.73186
43842,123.22529
43843,184.18404
43844,181.2313
43845,133.33798
43846,103.356964
43847,136.06087
43848,195.84665
43849,195.69159
43850,266.06604
43851,218.15054
43852,230.67192
43853,217.01038
43854,156.3391
43855,207.1279
43856,248.95647
43857,288.2141
43858,263.90143
43859,260.4016
43860,304.81897
43861,450.56458
43862,542.0467
43863,675.19714
43864,683.6152
43865,718.2532
43866,715.6806
43867,597.63934
43868,542.17487
43869,532.4454
43870,831.7555
43871,744.2954
43872,855.21954
43873,1032.6122
43874,1302.445
43875,1027.7047
43876,1267.2937
43877,1458.7438
43878,1381.3387
43879,1654.3401
43880,1601.7399
43881,1552.2144
43882,1612.4156
43883,1649.1665
43884,1924.1229
43885,1738.9186
43886,1785.9473
43887,1868.6812
43888,1844.5072
43889,1849.8619
43890,1690.8088
43891,1843.2278
43892,1792.2368
43893,1723.3624
43894,1671.5564
43895,1640.2313
43896,1614.6506
43897,1684.4009
43898,1570.0005
43899,1424.8015
43900,1346.7096
43901,1512.7461
43902,1506.526
43903,1440.3618
43904,1475.9714
43905,1393.5776
43906,1559.1298
43907,1366.0079
43908,1568.8195
43909,1581.9084
43910,1630.6337
43911,1306.384
43912,1217.9188
43913,1351.5472
43914,1353.4651
43915,1076.0062
43916,1099.157
43917,1280.2502
43918,1347.8341
43919,1329.9958
43920,1267.8881
43921,1491.3574
43922,1202.6671
43923,1182.5085
43924,1137.3593
43925,1162.5776
43926,1165.6288
43927,1143.8834
43928,1151.4377
43929,1040.1035
43930,968.3241
43931,829.2061
43932,961.6519
43933,919.32385
43934,773.7487
43935,880.54974
43936,669.2154
43937,479.10693
43938,481.7438
43939,450.35364
43940,372.22293
43941,408.923
43942,435.35895
43943,373.4178
43944,295.3848
43945,233.5352
43946,283.859
43947,271.48224
43948,316.22888
43949,288.4001
43950,226.67273
43951,191.77274
43952,169.30353
43953,216.0861
43954,190.94307
43955,236.34315
43956,254.72008
43957,244.39532
43958,233.6568
43959,241.04471
43960,283.2638
43961,307.7387
43962,356.40106
43963,290.77295
43964,235.22455
43965,338.40353
43966,250.54507
43967,277.87207
43968,366.32632
43969,329.66476
43970,314.54742
43971,315.99545
43972,221.31064
43973,164.36003
43974,163.50337
43975,156.06029
43976,121.72026
43977,77.32138
43978,146.3431
43979,70.452126
43980,26.20763
43981,4.0666485
43982,42.59342
43983,28.373177
43984,51.17451
43985,40.63504
43986,67.86656
43987,68.1434
43988,10.151534
43989,0.23006696
43990,-0.10675359
43991,38.370483
43992,85.769455
43993,64.08416
43994,46.891876
43995,67.90879
43996,51.658752
43997,26.112991
43998,53.762653
43999,60.987877
44000,65.22218
44001,127.75815
44002,167.19627
44003,211.56168
44004,287.2017
44005,513.3707
44006,1004.0027
44007,1222.8625
44008,1521.3431
44009,1625.2012
44010,1522.5684
44011,1844.6034
44012,1894.1136
44013,1864.515
44014,1989.77
44015,1807.8927
44016,1997.354
44017,1959.8344
44018,1986.4514
44019,1981.5686
44020,1989.4104
44021,1922.7383
44022,2003.9474
44023,1920.4476
44024,1864.1606
44025,1856.5247
44026,1926.2682
44027,1899.588
44028,1912.8422
44029,1965.0858
44030,1853.0175
44031,2012.2351
44032,1980.2688
44033,1984.9194
44034,2015.7811
44035,2023.8931
44036,2022.8838
44037,2022.7156
44038,1795.1708
44039,1632.9692
44040,1080.0483
44041,1295.1698
44042,1471.8878
44043,1046.9487
44044,1617.8572
44045,1359.3771
44046,970.2644
44047,983.06537
44048,1169.0531
44049,1268.4047
44050,1462.4897
44051,1547.377
44052,1227.6079
44053,1244.5193
44054,904.603
44055,1213.6897
44056,560.9163
44057,433.46283
44058,806.9526
44059,887.73254
44060,806.892
44061,590.7004
44062,376.17297
44063,491.85474
44064,432.55734
44065,277.7841
44066,380.37177
44067,653.964
44068,1407.0347
44069,876.40607
44070,387.37247
44071,214.46573
44072,615.2348
44073,721.2058
44074,1034.9442
44075,898.9703
44076,1172.8761
44077,1067.7637
44078,1151.9666
44079,1023.5501
44080,1064.0624
44081,1013.10876
44082,1440.4641
44083,1126.6476
44084,950.09753
44085,1171.8037
44086,1048.6469
44087,1130.1512
44088,1409.4811
44089,1204.5398
44090,1247.3931
44091,1038.001
44092,835.39557
44093,1184.3943
44094,1322.8627
44095,925.30255
44096,549.24036
44097,547.39545
44098,646.78937
44099,737.03296
44100,956.8573
44101,704.021
44102,728.5881
44103,1003.37994
44104,784.8313
44105,818.8047
44106,783.2472
44107,619.4274
44108,663.7428
44109,814.6855
44110,738.9356
44111,778.0995
44112,784.2777
44113,739.26404
44114,527.739
44115,536.3658
44116,613.3398
44117,361.2767
44118,429.50644
44119,391.40582
44120,450.8143
44121,545.9676
44122,617.0395
44123,793.80566
44124,358.89975
44125,7.592263
44126,-0.53840584
44127,4.820267
44128,-0.97316915
44129,28.003656
44130,351.39948
44131,435.8486
44132,566.5628
44133,497.81195
44134,508.24673
44135,575.20483
44136,332.78232
44137,701.8512
44138,446.7725
44139,584.781
44140,389.55707
44141,351.74326
44142,550.67346
44143,509.86908
44144,327.40976
44145,545.58813
44146,387.4725
44147,398.05634
44148,395.5929
44149,538.7821
44150,553.892
44151,723.0231
44152,551.0593
44153,441.78125
44154,464.8222
44155,478.851
44156,912.9862
44157,802.8649
44158,741.5322
44159,454.65192
44160,182.80577
44161,167.74442
44162,203.44794
44163,135.14722
44164,135.73605
44165,171.9708
44166,258.73267
44167,357.02878
44168,340.92645
44169,420.8762
44170,437.96777
44171,326.3946
44172,217.0567
44173,174.70921
44174,210.5134
44175,185.29227
44176,215.80685
44177,322.4572
44178,303.6819
44179,294.211
44180,257.61523
44181,237.87102
44182,226.73497
44183,259.5944
44184,266.30817
44185,341.2403
44186,364.80508
44187,401.36096
44188,335.1629
44189,325.47397
44190,333.383
44191,370.84488
44192,558.4034
44193,723.345
44194,675.5885
44195,717.72156
44196,547.0634
44197,371.38937
44198,427.06207
44199,404.53125
44200,494.74567
44201,580.0573
44202,728.5768
44203,788.0683
44204,886.2841
44205,739.1995
44206,770.6824
44207,717.9086
44208,676.29663
44209,727.9308
44210,605.4118
44211,520.4455
44212,534.18024
44213,566.53076
44214,558.8883
44215,640.232
44216,566.36475
44217,376.84863
44218,438.9515
44219,449.1027
44220,386.82416
44221,450.04364
44222,381.9117
44223,366.46457
44224,325.73108
44225,288.95767
44226,253.56276
44227,316.3238
44228,321.7418
44229,329.62433
44230,316.78018
44231,264.71112
44232,242.54233
44233,210.32397
44234,77.18923
44235,36.999817
44236,1.7825024
44237,-2.8930795
44238,38.7766
44239,105.346436
44240,158.10931
44241,155.27446
44242,110.23962
44243,51.922047
44244,66.87968
44245,66.546005
44246,99.603935
44247,117.72532
44248,52.787598
44249,-0.4099568
44250,5.2182426
44251,-2.9564416
44252,-0.38780153
44253,-0.3830347
44254,-0.5018676
44255,-0.5511674
44256,3.2086308
44257,4.786621
44258,16.262657
44259,-3.0138168
44260,-0.42830855
44261,-0.41318592
44262,0.9637957
44263,16.660488
44264,55.123688
44265,18.194527
44266,32.36809
44267,18.94845
44268,0.45783496
44269,-0.10999513
44270,-0.21559648
44271,-0.25165313
44272,-0.29133403
44273,-0.28362888
44274,-0.23510262
44275,-0.23570015
44276,-0.22221236
44277,-0.24108739
44278,-0.26359844
44279,-0.27940738
44280,-0.36803913
44281,-0.3880376
44282,-0.4602225
44283,-0.4435022
44284,-0.41049045
44285,-0.46854252
44286,-0.5006727
44287,-0.57717854
44288,-0.50476855
44289,-0.4809536
44290,-0.57350665
44291,6.2550106
44292,25.621588
44293,48.235897
44294,60.396248
44295,45.735664
44296,39.890007
44297,22.456398
44298,32.882706
44299,55.148804
44300,39.492382
44301,48.04808
44302,77.69575
44303,95.813545
44304,93.59821
44305,116.54913
44306,123.43818
44307,143.64406
44308,178.80902
44309,187.80069
44310,172.47694
44311,213.41818
44312,250.54343
44313,400.1352
44314,173.11952
44315,165.96173
44316,291.62277
44317,366.11334
44318,327.69293
44319,359.70285
44320,230.61172
44321,230.8791
44322,343.17233
44323,264.95035
44324,327.80426
44325,374.87555
44326,302.6065
44327,310.0368
44328,248.83598
44329,351.22476
44330,244.05598
44331,223.93579
44332,129.23462
44333,84.34245
44334,72.48946
44335,97.89511
44336,130.21507
44337,120.32933
44338,84.14857
44339,101.67758
44340,45.927357
44341,11.831713
44342,38.75808
44343,68.175766
44344,26.347883
44345,23.961086
44346,5.155009
44347,37.960228
44348,11.551209
44349,34.927002
44350,77.585495
44351,8.236468
44352,8.488798
44353,9.222989
44354,28.947039
44355,57.865265
44356,61.13738
44357,68.14913
44358,78.70059
44359,34.11431
44360,54.107437
44361,49.371243
44362,93.82833
44363,72.69342
44364,39.54958
44365,16.28415
44366,36.95836
44367,12.854521
44368,62.17993
44369,100.76049
44370,110.25492
44371,70.03594
44372,58.47317
44373,49.697437
44374,79.1231
44375,117.03515
44376,155.51286
44377,119.409775
44378,131.11107
44379,143.10278
44380,169.66243
44381,145.14711
44382,158.0109
44383,163.96364
44384,166.80063
44385,194.43408
44386,272.25272
44387,361.27753
44388,344.09958
44389,337.9324
44390,326.75198
44391,362.6237
44392,283.5931
44393,287.20917
44394,221.0636
44395,194.09062
44396,207.90811
44397,183.76866
44398,183.1927
44399,171.83519
44400,180.76608
44401,143.01096
44402,114.83701
44403,120.143295
44404,207.414
44405,204.66486
44406,268.69748
44407,314.07278
44408,275.68945
44409,213.62794
44410,297.06464
44411,236.96358
44412,267.3315
44413,288.05222
44414,343.75995
44415,475.39948
44416,593.9706
44417,636.07983
44418,537.9289
44419,574.97205
44420,519.7736
44421,570.576
44422,432.52557
44423,311.58783
44424,289.69797
44425,255.52373
44426,220.45743
44427,188.37662
44428,191.75516
44429,212.84415
44430,191.74292
44431,240.57243
44432,257.4682
44433,277.12933
44434,209.88658
44435,226.82558
44436,192.75371
44437,227.78014
44438,219.83751
44439,198.80048
44440,220.2722
44441,217.17668
44442,199.22707
44443,178.06706
44444,146.3798
44445,96.79589
44446,78.17376
44447,104.04959
44448,38.719105
44449,8.682672
44450,109.53587
44451,77.905464
44452,37.19385
44453,32.06041
44454,-4.144735
44455,-2.3316638
44456,-2.3346112
44457,-2.324596
44458,-2.500057
44459,-2.561196
44460,-2.1431725
44461,-1.6367067
44462,-1.3774217
44463,-1.5428932
44464,-1.4816247
44465,-1.394536
44466,-1.1061105
44467,-0.9036976
44468,-0.81635404
44469,-0.7565481
44470,-0.6733995
44471,-0.70755386
44472,-0.60924673
44473,-0.5969629
44474,-0.7118201
44475,-0.6635448
44476,-0.60193765
44477,-0.52774256
44478,-0.38131505
44479,-0.38562697
44480,-0.44269702
44481,-0.355089
44482,-0.6752934
44483,-0.3814032
44484,-0.37025672
44485,-0.39477497
44486,-0.3699078
44487,-0.45032918
44488,-0.43710104
44489,-0.42780787
44490,-0.37639347
44491,-0.41856277
44492,-0.38333043
44493,-0.4342202
44494,-0.40811905
44495,-0.3906501
44496,-0.45756942
44497,-0.6168619
44498,9.12615
44499,21.61707
44500,-7.0875473
44501,-5.6167903
44502,-6.7560883
44503,10.443189
44504,67.65739
44505,42.999134
44506,64.19281
44507,32.783894
44508,30.967869
44509,19.472239
44510,37.96049
44511,59.418213
44512,27.079044
44513,29.230995
44514,17.21568
44515,12.79563
44516,63.91994
44517,73.242775
44518,64.7737
44519,68.16765
44520,64.66891
44521,62.86042
44522,88.61886
44523,85.33547
44524,80.59423
44525,34.782562
44526,90.47737
44527,56.705807
44528,81.3432
44529,77.23505
44530,86.61826
44531,102.74038
44532,84.69181
44533,52.552757
44534,59.25323
44535,58.146606
44536,77.28487
44537,72.81368
44538,23.958717
44539,-4.2553644
44540,-0.5530195
44541,-0.5291626
44542,-0.44782618
44543,-0.42991477
44544,-0.41667986
44545,-0.4916938
44546,-0.40372923
44547,-0.41969362
44548,-0.44530353
44549,-0.3557475
44550,-0.44327882
44551,-0.36097005
44552,-0.49420837
44553,-0.49472865
44554,-0.5378137
44555,-0.43655884
44556,-0.4557687
44557,-0.30684522
44558,-0.24130644
44559,-0.36675057
44560,-0.5948379
44561,37.58915
44562,8.031398
44563,8.401441
44564,5.7574887
44565,-0.42640647
44566,-0.49914467
44567,22.178562
44568,96.747734
44569,71.37437
44570,43.617367
44571,72.909874
44572,130.2861
44573,111.14442
44574,68.7945
44575,65.1161
44576,84.099266
44577,36.55746
44578,5.099068
44579,-4.635166
44580,-2.432489
44581,-0.32682624
44582,-0.39632294
44583,-0.3699575
44584,-0.28737873
44585,-0.32468075
44586,-0.347698
44587,-0.30212083
44588,-0.38641402
44589,-0.41019964
44590,-0.41739893
44591,-0.4181825
44592,-0.37740374
44593,-0.3773089
44594,-0.4647751
44595,-0.38493797
44596,-0.4025903
44597,-0.43326318
44598,-0.27600121
44599,-0.36814684
44600,-0.45098925
44601,-0.34998745
44602,-0.21849674
44603,-0.2802152
44604,-0.21325563
44605,-0.24939966
44606,-0.24752758
44607,-0.26002496
44608,-0.30956382
44609,-0.37751642
44610,-0.58725387
44611,-0.67041737
44612,-0.34866518
44613,-0.28430593
44614,-0.61751574
44615,-0.4410118
44616,-0.612047
44617,-0.5064009
44618,-0.34296885
44619,-0.540636
44620,-0.7082875
44621,-0.6952275
44622,-0.63811296
44623,-0.63550156
44624,-0.5636912
44625,-0.3780239
44626,-0.3244997
44627,-0.6614278
44628,-0.79367316
44629,-0.6659165
44630,-0.76290226
44631,-0.6879476
44632,-0.67553157
44633,-0.5163254
44634,-0.27531126
44635,-0.31371546
44636,-0.31679186
44637,-0.54299515
44638,-0.655337
44639,-0.5823754
44640,-0.6925986
44641,-0.71602094
44642,-0.76541376
44643,-0.6364216
44644,-0.7920617
44645,-0.76909083
44646,-0.7036114
44647,-0.6838146
44648,-0.6616162
44649,-0.6836754
44650,-0.7084613
44651,-0.7250675
44652,-0.756184
44653,-0.72083324
44654,-0.770474
44655,-0.78248096
44656,-0.660333
44657,-0.73790735
44658,-0.69320047
44659,-0.59908015
44660,-0.63241184
44661,32.734467
44662,33.126633
44663,21.304314
44664,26.49431
44665,21.34132
44666,31.847961
44667,18.30849
44668,29.012857
44669,30.719282
44670,35.700905
44671,47.284904
44672,79.1174
44673,74.38212
44674,53.589897
44675,20.095587
44676,34.449078
44677,31.449389
44678,60.000935
44679,102.78077
44680,121.64958
44681,66.74017
44682,84.78143
44683,99.12832
44684,58.286343
44685,3.861087
44686,-0.6284197
44687,8.954041
44688,27.040558
44689,0.6498234
44690,30.542528
44691,20.62181
44692,5.6637073
44693,1.506259
44694,25.296629
44695,9.859434
44696,27.595585
44697,114.44844
44698,50.19071
44699,27.533241
44700,26.180342
44701,45.49095
44702,57.323368
44703,48.07578
44704,75.23851
44705,75.696236
44706,79.91463
44707,179.15224
44708,121.41778
44709,117.94712
44710,150.54437
44711,130.5075
44712,74.04021
44713,120.99331
44714,105.31633
44715,130.36435
44716,218.86415
44717,184.07486
44718,228.23555
44719,204.78769
44720,213.6829
44721,217.22159
44722,180.71085
44723,109.52614
44724,103.7196
44725,155.22903
44726,180.91904
44727,230.37346
44728,241.6417
44729,150.63092
44730,121.76498
44731,147.5402
44732,155.85922
44733,188.15718
44734,251.09164
44735,290.1897
44736,345.6278
44737,316.26648
44738,379.80008
44739,455.10962
44740,400.80423
44741,258.3721
44742,574.24603
44743,657.8084
44744,744.4621
44745,665.00684
44746,720.36505
44747,581.5141
44748,631.6896
44749,608.6698
44750,552.9308
44751,606.19006
44752,649.7626
44753,622.12555
44754,584.8478
44755,538.8516
44756,596.8555
44757,781.28815
44758,787.5731
44759,758.937
44760,727.0624
44761,797.4425
44762,950.0309
44763,1091.2704
44764,1172.1492
44765,1299.3132
44766,1240.7308
44767,1346.6195
44768,1163.7703
44769,1179.8743
44770,1021.56
44771,1170.3976
44772,1022.557
44773,967.97266
44774,1212.2048
44775,1386.8702
44776,1159.8759
44777,1070.3768
44778,962.9077
44779,828.6003
44780,989.1456
44781,820.1455
44782,571.0104
44783,500.36688
44784,494.81137
44785,566.90155
44786,599.2096
44787,674.9987
44788,683.3528
44789,643.2274
44790,622.5175
44791,690.67786
44792,625.0924
44793,522.0995
44794,575.69226
44795,441.65198
44796,373.87
44797,456.12073
44798,385.1252
44799,447.70084
44800,301.14694
44801,306.6273
44802,264.97867
44803,533.98096
44804,265.46872
44805,125.3545
44806,96.246284
44807,140.207
44808,188.08995
44809,134.6778
44810,185.65437
44811,174.1134
44812,168.6763
44813,128.09052
44814,119.64108
44815,121.65256
44816,123.9746
44817,144.85762
44818,127.756134
44819,98.21458
44820,106.70359
44821,62.06693
44822,97.68598
44823,57.345448
44824,82.3382
44825,25.383163
44826,-3.1384594
44827,-0.66489923
44828,-0.5413137
44829,55.30478
44830,25.947033
44831,63.473526
44832,86.35519
44833,68.4732
44834,165.47086
44835,32.607307
44836,56.477097
44837,203.24199
44838,216.61244
44839,241.81654
44840,153.03291
44841,83.78727
44842,147.68076
44843,225.51808
44844,221.99348
44845,214.26938
44846,178.19447
44847,169.60939
44848,128.71645
44849,109.01458
44850,235.48666
44851,202.69574
44852,126.24235
44853,118.373184
44854,81.82128
44855,162.26662
44856,174.69107
44857,146.6039
44858,108.44655
44859,122.76382
44860,102.783195
44861,59.490036
44862,60.91535
44863,113.790955
44864,208.7035
44865,217.95988
44866,203.51106
44867,180.30563
44868,215.92998
44869,207.06477
44870,267.83386
44871,244.30968
44872,206.58075
44873,146.96455
44874,66.245415
44875,87.84956
44876,81.450035
44877,62.446056
44878,4.777899
44879,-5.443305
44880,-1.8860688
44881,-1.6591733
44882,-1.3454036
44883,-0.70651245
44884,-0.7024868
44885,-0.64752126
44886,-0.59760404
44887,-0.51178586
44888,-0.6016176
44889,-0.7855065
44890,34.417297
44891,57.52156
44892,64.18962
44893,80.27766
44894,37.31925
44895,17.864502
44896,4.4344907
44897,8.438932
44898,-6.271169
44899,-2.2715814
44900,-0.61004585
44901,-0.45102832
44902,-0.5189051
44903,-0.31760228
44904,52.36212
44905,81.406555
44906,49.052197
44907,72.250946
44908,111.19085
44909,113.21259
44910,122.13989
44911,74.899734
44912,83.396095
44913,128.6818
44914,126.49838
44915,193.55399
44916,174.41615
44917,170.87123
44918,218.11473
44919,298.66342
44920,375.07724
44921,539.1031
44922,479.28934
44923,469.7454
44924,536.7526
44925,627.40845
44926,614.27075
44927,505.2022
44928,386.77167
44929,316.09457
44930,193.98608
44931,174.41515
44932,266.121
44933,365.60822
44934,554.9917
44935,638.58167
44936,496.36926
44937,463.3881
44938,344.46674
44939,328.77402
44940,351.6197
44941,352.87027
44942,300.0699
44943,240.21353
44944,220.57362
44945,269.69208
44946,265.95673
44947,193.6089
44948,162.97469
44949,168.57486
44950,154.96788
44951,215.66228
44952,230.9861
44953,267.694
44954,266.41675
44955,212.91606
44956,190.71538
44957,206.36406
44958,197.20561
44959,105.89254
44960,197.47945
44961,189.45851
44962,201.49403
44963,177.06212
44964,144.97845
44965,98.99755
44966,67.78075
44967,98.12125
44968,68.57462
44969,98.235504
44970,62.791893
44971,117.274765
44972,37.112114
44973,117.09697
44974,111.58644
44975,208.9634
44976,305.16266
44977,162.59866
44978,247.92729
44979,250.79128
44980,132.24934
44981,327.77054
44982,468.87555
44983,593.65204
44984,636.2589
44985,721.46735
44986,443.01315
44987,472.66464
44988,611.39734
44989,567.69714
44990,479.34872
44991,469.7187
44992,480.76453
44993,453.32117
44994,538.6598
44995,468.30847
44996,568.87506
44997,447.57376
44998,468.8194
44999,496.437
45000,479.15262
45001,504.8654
45002,338.95642
45003,200.87585
45004,270.16608
45005,200.39777
45006,103.87829
45007,176.15872
45008,297.52853
45009,624.8155
45010,850.0061
45011,810.94446
45012,597.7789
45013,847.6617
45014,922.2035
45015,612.80206
45016,667.2613
45017,858.637
45018,1003.67267
45019,1192.3389
45020,926.9055
45021,620.9556
45022,600.93134
45023,1108.8044
45024,944.9407
45025,1109.1632
45026,1195.7091
45027,1406.7941
45028,1451.116
45029,1296.663
45030,1196.7874
45031,1085.9171
45032,1277.1124
45033,1345.1722
45034,1479.5004
45035,1474.7098
45036,1480.2462
45037,1398.6207
45038,1655.2015
45039,1592.2678
45040,1274.7565
45041,1084.9723
45042,1315.7313
45043,1332.9031
45044,1316.1077
45045,1308.9272
45046,1247.3505
45047,1113.236
45048,1069.332
45049,1051.3129
45050,1079.9297
45051,1106.8275
45052,1148.3584
45053,1074.5316
45054,935.2704
45055,957.4473
45056,1051.5889
45057,1162.9927
45058,1173.8822
45059,1152.5973
45060,998.1148
45061,759.4981
45062,805.39105
45063,930.3033
45064,788.168
45065,850.1004
45066,1085.5514
45067,1111.423
45068,1153.497
45069,1177.6763
45070,1131.6354
45071,1273.144
45072,1045.2488
45073,948.52374
45074,953.99664
45075,978.3995
45076,1101.0055
45077,1247.4718
45078,1221.2345
45079,1202.1488
45080,918.584
45081,712.5852
45082,655.4334
45083,696.3637
45084,817.3496
45085,663.31464
45086,623.9011
45087,655.8187
45088,670.3139
45089,676.55634
45090,617.222
45091,727.5332
45092,902.4302
45093,661.1075
45094,634.0709
45095,394.31882
45096,225.42233
45097,337.34302
45098,305.27423
45099,485.4382
45100,561.1079
45101,603.07495
45102,614.7008
45103,518.9359
45104,483.78598
45105,479.9457
45106,194.14413
45107,402.19257
45108,348.7855
45109,386.9028
45110,418.0799
45111,494.81216
45112,476.8305
45113,619.5504
45114,270.0347
45115,464.92847
45116,528.5849
45117,478.91077
45118,439.91125
45119,451.29196
45120,274.68817
45121,309.5339
45122,319.1851
45123,278.1996
45124,334.91125
45125,393.25406
45126,433.68423
45127,678.66974
45128,721.35767
45129,797.4117
45130,708.5491
45131,550.7608
45132,529.5091
45133,716.3791
45134,790.4615
45135,780.0194
45136,490.01764
45137,405.15485
45138,277.34967
45139,173.11122
45140,86.37552
45141,65.48223
45142,68.85586
45143,101.98562
45144,114.59177
45145,10.650748
45146,-2.7236447
45147,4.105354
45148,17.427387
45149,38.70219
45150,54.062687
45151,100.79418
45152,87.24109
45153,119.960365
45154,124.12706
45155,119.73233
45156,189.47894
45157,208.45297
45158,217.8336
45159,376.92316
45160,443.21405
45161,512.17725
45162,993.69336
45163,1302.4683
45164,1443.0605
45165,1537.604
45166,1321.4044
45167,1237.9253
45168,1314.7354
45169,1606.5262
45170,1648.8196
45171,1663.3209
45172,1609.3815
45173,1592.6907
45174,1529.1787
45175,1351.4879
45176,1335.1283
45177,1272.3767
45178,1323.2148
45179,1111.3157
45180,1052.2181
45181,869.72797
45182,787.5139
45183,756.4602
45184,634.50616
45185,657.92596
45186,623.06104
45187,641.8148
45188,870.05927
45189,704.23926
45190,501.30103
45191,348.9851
45192,343.85236
45193,389.02313
45194,284.49094
45195,405.44458
45196,545.6019
45197,727.78125
45198,790.56006
45199,662.88513
45200,693.06555
45201,767.1346
45202,803.05865
45203,600.82654
45204,501.247
45205,541.7653
45206,568.6968
45207,528.23065
45208,388.53418
45209,427.36185
45210,510.3631
45211,572.80096
45212,526.7871
45213,664.5807
45214,1005.36694
45215,1022.30756
45216,765.322
45217,696.5591
45218,608.3538
45219,682.81464
45220,856.2917
45221,1070.8595
45222,1108.7141
45223,1213.5829
45224,1194.4187
45225,1134.5153
45226,1055.8414
45227,1004.317
45228,790.1959
45229,696.32855
45230,678.8605
45231,760.05493
45232,508.7449
45233,763.2155
45234,715.0291
45235,638.069
45236,708.12915
45237,501.51157
45238,481.48764
45239,387.48303
45240,348.7991
45241,370.71295
45242,297.37704
45243,321.45657
45244,586.87885
45245,516.3148
45246,511.65607
45247,612.53094
45248,498.4436
45249,314.51614
45250,320.92664
45251,293.05768
45252,271.45892
45253,289.38055
45254,258.57407
45255,381.74646
45256,416.1645
45257,296.27087
45258,120.31144
45259,29.054356
45260,42.535213
45261,36.36542
45262,17.728981
45263,7.6545362
45264,55.381332
45265,82.09952
45266,53.70478
45267,3.3596973
45268,-0.644184
45269,-0.8366712
45270,-0.58837837
45271,-0.8040605
45272,6.355192
45273,70.660164
45274,116.90404
45275,145.38936
45276,155.25719
45277,115.447014
45278,161.17879
45279,326.78198
45280,379.58008
45281,256.8535
45282,306.40692
45283,539.0234
45284,779.6439
45285,641.4072
45286,729.6804
45287,734.0209
45288,777.88654
45289,812.37665
45290,880.5431
45291,886.9835
45292,907.66797
45293,1050.375
45294,1094.822
45295,1185.0879
45296,1283.9673
45297,1195.5277
45298,1068.6617
45299,1006.0354
45300,1073.1265
45301,908.03687
45302,857.82855
45303,1100.5288
45304,1308.1505
45305,1249.2603
45306,1239.5256
45307,1198.2589
45308,856.17175
45309,520.8282
45310,382.1147
45311,307.0951
45312,235.47343
45313,205.60887
45314,321.49396
45315,304.03244
45316,659.3861
45317,708.6446
45318,525.6715
45319,375.4813
45320,141.21918
45321,174.85081
45322,151.84415
45323,150.54851
45324,177.3857
45325,539.11993
45326,1069.6204
45327,1128.3943
45328,1258.4138
45329,1148.9331
45330,1033.2053
45331,767.7718
45332,686.9104
45333,992.17
45334,933.5247
45335,764.1563
45336,933.7942
45337,1113.5837
45338,1170.8363
45339,1183.6268
45340,1207.0183
45341,1560.5336
45342,1513.3159
45343,1119.3198
45344,1035.7416
45345,1130.8259
45346,1006.20374
45347,971.7755
45348,735.7858
45349,777.22736
45350,737.52966
45351,664.9722
45352,512.68286
45353,536.8881
45354,853.7287
45355,1167.8047
45356,1630.0989
45357,1421.8278
45358,1405.0123
45359,1591.9613
45360,1542.5393
45361,1393.8749
45362,1455.1815
45363,1210.6815
45364,1270.5599
45365,1548.7266
45366,1469.6781
45367,1531.3257
45368,1520.6504
45369,1523.8755
45370,1294.0504
45371,1397.3846
45372,1550.507
45373,1767.7742
45374,1785.2993
45375,1749.0663
45376,1753.8228
45377,1942.7012
45378,1885.3668
45379,1911.227
45380,1885.5503
45381,1526.6891
45382,1359.9891
45383,1684.0459
45384,1614.385
45385,1523.4957
45386,1782.3378
45387,1756.9991
45388,1695.8511
45389,837.5241
45390,2.9435542
45391,4.8924403
45392,4.1322255
45393,2.4093502
45394,2.799486
45395,2.5053997
45396,-3.2607107
45397,6.6982236
45398,6.152222
45399,0.2796081
45400,0.2608604
45401,2.397964
45402,0.48581845
45403,-0.75162786
45404,-0.44924742
45405,-1.8015921
45406,1.4502622
45407,1.003962
45408,1.54492
45409,8.718451
45410,3.8787344
45411,3.5420575
45412,1.6202067
45413,24.024498
45414,2.22098
45415,380.90826
45416,563.80707
45417,736.7989
45418,1156.2616
45419,1168.4838
45420,1263.3114
45421,1194.0114
45422,1060.891
45423,1395.6024
45424,1344.3722
45425,1317.7163
45426,1221.9146
45427,1334.9529
45428,1261.5607
45429,1333.4075
45430,1107.4138
45431,1114.6349
45432,1207.8553
45433,1337.8418
45434,1309.0355
45435,1125.0376
45436,971.438
45437,857.14746
45438,808.4373
45439,705.7004
45440,702.59937
45441,595.28754
45442,615.003
45443,667.5605
45444,736.2616
45445,801.00854
45446,593.13226
45447,486.4708
45448,717.6201
45449,675.13916
45450,950.534
45451,870.53235
45452,915.625
45453,1167.5872
45454,1028.246
45455,1043.1664
45456,1069.3275
45457,1110.8561
45458,1201.8528
45459,1019.89886
45460,858.8741
45461,657.83295
45462,701.26434
45463,721.4313
45464,824.1475
45465,768.2443
45466,1143.0721
45467,1162.9069
45468,1182.9222
45469,1012.33105
45470,1128.6111
45471,849.4599
45472,777.8104
45473,892.9767
45474,1005.6019
45475,1071.7417
45476,815.20166
45477,768.9051
45478,776.82104
45479,700.1759
45480,996.7282
45481,1024.4468
45482,1042.2299
45483,1187.237
45484,1199.5966
45485,1012.5821
45486,972.2468
45487,1277.6594
45488,1536.9386
45489,1206.468
45490,1004.8715
45491,1005.5397
45492,1089.1572
45493,1006.9028
45494,1165.4744
45495,1274.8433
45496,1406.1105
45497,1275.2819
45498,1306.8468
45499,1526.2448
45500,1487.4064
45501,1490.1234
45502,1189.309
45503,1275.6516
45504,1359.1382
45505,975.73663
45506,1135.9102
45507,1290.6915
45508,1061.1407
45509,984.1807
45510,1032.5961
45511,1100.7052
45512,908.7861
45513,838.5112
45514,857.9493
45515,818.0101
45516,864.5977
45517,1188.7222
45518,1076.9092
45519,864.5011
45520,596.2748
45521,559.38165
45522,635.14355
45523,795.32697
45524,933.315
45525,683.24615
45526,699.4522
45527,594.37634
45528,608.44116
45529,804.57385
45530,816.6068
45531,614.1279
45532,636.6351
45533,864.3682
45534,899.0097
45535,818.7421
45536,1029.8489
45537,868.2758
45538,897.04407
45539,766.7325
45540,786.1849
45541,883.05115
45542,736.25385
45543,730.4464
45544,683.7909
45545,681.5355
45546,625.14606
45547,727.1878
45548,879.7694
45549,840.46674
45550,884.64136
45551,784.5742
45552,694.55646
45553,882.44403
45554,1091.2336
45555,1084.6906
45556,1120.5759
45557,1129.0532
45558,905.4572
45559,752.26935
45560,594.76355
45561,826.4789
45562,843.2414
45563,761.9292
45564,760.6588
45565,979.6555
45566,754.5382
45567,793.0873
45568,745.78876
45569,705.1902
45570,928.7215
45571,1000.1662
45572,823.2731
45573,740.0387
45574,507.07788
45575,574.47943
45576,840.38385
45577,674.3079
45578,736.3268
45579,818.22217
45580,783.9964
45581,969.3023
45582,693.9181
45583,912.0157
45584,1047.9381
45585,1108.6971
45586,1190.4412
45587,719.1707
45588,686.85547
45589,743.5892
45590,508.03317
45591,456.614
45592,376.97882
45593,525.27344
45594,451.88177
45595,411.8778
45596,497.23114
45597,729.7549
45598,287.72702
45599,629.47437
45600,485.56088
45601,493.43112
45602,295.87378
45603,374.9843
45604,345.301
45605,281.76907
45606,318.6088
45607,387.8596
45608,338.4858
45609,312.18243
45610,276.1204
45611,266.07776
45612,215.62825
45613,273.01157
45614,381.35687
45615,356.1105
45616,229.4454
45617,295.0315
45618,259.67294
45619,267.3149
45620,299.2777
45621,223.11246
45622,263.709
45623,254.41264
45624,174.8597
45625,217.72987
45626,157.02087
45627,249.67557
45628,163.91808
45629,130.93193
45630,73.185326
45631,91.00048
45632,80.411674
45633,43.13933
45634,124.96533
45635,21.783916
45636,0.72457176
45637,0.26058653
45638,33.129353
45639,181.7744
45640,300.32904
45641,203.98901
45642,170.74084
45643,72.03683
45644,90.877884
45645,81.42568
45646,94.494156
45647,86.72061
45648,159.97986
45649,273.49982
45650,350.1269
45651,362.9694
45652,344.06766
45653,342.15353
45654,359.7978
45655,256.86295
45656,85.51526
45657,59.09786
45658,205.3559
45659,344.63348
45660,248.85452
45661,230.63474
45662,187.83383
45663,235.40805
45664,224.09996
45665,355.97302
45666,349.68503
45667,232.59204
45668,339.19623
45669,311.31522
45670,325.86493
45671,458.7712
45672,420.63718
45673,538.8797
45674,523.7815
45675,857.21326
45676,283.2848
45677,434.41086
45678,784.4808
45679,1327.3536
45680,810.4815
45681,655.1303
45682,926.57495
45683,1143.0529
45684,1012.00055
45685,852.07874
45686,1058.7848
45687,868.17847
45688,696.119
45689,819.92126
45690,765.77216
45691,827.7151
45692,361.02512
45693,907.7066
45694,739.2756
45695,385.83054
45696,338.24835
45697,323.2904
45698,110.91855
45699,97.56557
45700,96.68478
45701,113.303185
45702,79.74877
45703,97.01429
45704,276.8367
45705,792.36816
45706,1268.3826
45707,1183.9718
45708,830.0039
45709,794.18256
45710,819.06195
45711,681.43463
45712,745.9069
45713,655.4368
45714,574.5463
45715,312.32635
45716,202.42273
45717,114.94896
45718,115.7649
45719,223.6105
45720,177.57866
45721,92.42098
45722,135.83026
45723,278.21442
45724,236.49187
45725,328.5697
45726,309.6083
45727,343.34702
45728,598.5854
45729,529.7104
45730,479.3255
45731,522.05994
45732,497.32175
45733,588.32275
45734,440.0181
45735,368.70554
45736,370.47012
45737,376.04257
45738,353.92047
45739,655.7033
45740,375.54874
45741,354.33145
45742,512.13403
45743,518.53906
45744,723.39325
45745,914.1361
45746,1142.7913
45747,1036.8995
45748,1016.3333
45749,1049.3002
45750,1094.0765
45751,1038.8647
45752,1022.1068
45753,844.69025
45754,860.996
45755,794.07764
45756,754.53766
45757,540.09235
45758,481.12238
45759,433.9259
45760,398.57468
45761,335.35577
45762,308.52322
45763,333.92563
45764,350.17786
45765,364.78677
45766,501.9772
45767,530.7308
45768,556.63654
45769,541.79175
45770,534.94366
45771,522.6669
45772,514.699
45773,461.02942
45774,397.63586
45775,420.23398
45776,450.97037
45777,522.67993
45778,485.32584
45779,420.44742
45780,547.7078
45781,509.43478
45782,445.35648
45783,419.58807
45784,496.06223
45785,442.40442
45786,294.49457
45787,215.95476
45788,176.95618
45789,202.73737
45790,220.95549
45791,230.24944
45792,179.03088
45793,161.4939
45794,174.52148
45795,243.82887
45796,310.54395
45797,411.833
45798,410.73108
45799,235.01686
45800,222.59381
45801,320.25024
45802,350.51392
45803,394.65524
45804,268.42126
45805,236.49442
45806,241.52979
45807,288.29404
45808,340.31494
45809,340.623
45810,254.15056
45811,235.10199
45812,320.58545
45813,225.04231
45814,269.45187
45815,232.89993
45816,352.1262
45817,289.9572
45818,566.5281
45819,498.74152
45820,381.60544
45821,399.63742
45822,298.195
45823,270.32672
45824,275.34818
45825,298.89374
45826,260.23322
45827,330.8687
45828,326.97958
45829,375.67618
45830,288.1475
45831,189.48256
45832,239.66205
45833,170.0639
45834,192.73529
45835,253.54356
45836,412.4656
45837,443.96234
45838,299.01938
45839,277.62234
45840,223.58559
45841,229.41122
45842,167.99426
45843,238.86678
45844,277.38452
45845,392.94873
45846,310.37497
45847,291.9489
45848,389.37613
45849,273.7904
45850,286.62595
45851,269.73145
45852,239.7867
45853,237.57182
45854,259.27896
45855,193.724
45856,218.56163
45857,148.78539
45858,120.41518
45859,148.84795
45860,148.1145
45861,162.2348
45862,160.1717
45863,185.28517
45864,292.68942
45865,269.57013
45866,254.8046
45867,201.65556
45868,-0.8333206
45869,-1.3931327
45870,141.73085
45871,152.75233
45872,73.58058
45873,185.18321
45874,112.30159
45875,206.92882
45876,220.05544
45877,220.76868
45878,192.28871
45879,234.26744
45880,285.3199
45881,332.53915
45882,294.1548
45883,319.7074
45884,328.44318
45885,230.3003
45886,196.14441
45887,256.75647
45888,256.74323
45889,292.09787
45890,347.32825
45891,281.8855
45892,212.54262
45893,170.3309
45894,184.98177
45895,157.06987
45896,179.89403
45897,187.61398
45898,283.07748
45899,266.745
45900,314.78235
45901,228.08801
45902,233.92368
45903,240.57253
45904,178.59656
45905,156.41348
45906,187.54433
45907,288.0813
45908,234.045
45909,227.31644
45910,274.27707
45911,237.66812
45912,184.86308
45913,221.43839
45914,220.95107
45915,243.79204
45916,270.72705
45917,322.47195
45918,243.64143
45919,257.08368
45920,288.49536
45921,308.67487
45922,318.74512
45923,374.74417
45924,366.01166
45925,390.5535
45926,369.79456
45927,401.51755
45928,476.51294
45929,415.22375
45930,390.5033
45931,521.7841
45932,443.87863
45933,521.1761
45934,512.7989
45935,692.8656
45936,733.46594
45937,700.80884
45938,664.3077
45939,586.2517
45940,607.2077
45941,842.3251
45942,923.6291
45943,752.4855
45944,750.56274
45945,575.14075
45946,751.12823
45947,867.6659
45948,974.1489
45949,1330.3087
45950,950.0934
45951,1081.511
45952,1046.2057
45953,1181.9099
45954,1406.4622
45955,1204.5115
45956,1006.73425
45957,1008.4197
45958,914.1714
45959,1053.9327
45960,964.2607
45961,947.6667
45962,1012.12445
45963,1403.369
45964,1330.6094
45965,1105.3319
45966,1043.7178
45967,1245.722
45968,1382.163
45969,1386.9249
45970,1360.5142
45971,1427.8496
45972,1203.4688
45973,1321.126
45974,1080.6743
45975,1190.1759
45976,1113.1134
45977,1271.8553
45978,1206.6621
45979,1272.1959
45980,1315.6692
45981,1345.5747
45982,1361.0615
45983,1483.6991
45984,1560.2452
45985,1686.1482
45986,1738.6318
45987,1680.4407
45988,1626.2286
45989,1801.7367
45990,1712.2043
45991,1750.884
45992,1856.7808
45993,1786.0334
45994,1831.2167
45995,1890.1499
45996,1809.2954
45997,1710.2434
45998,1627.7766
45999,1772.7655
46000,1844.4253
46001,1831.13
46002,1831.2396
46003,1861.7515
46004,1883.9917
46005,1827.571
46006,1837.3845
46007,1908.8605
46008,1937.8529
46009,1965.798
46010,1912.883
46011,1818.3975
46012,1876.5468
46013,1736.031
46014,1724.6016
46015,1761.9714
46016,1724.0248
46017,1894.423
46018,1848.3851
46019,1730.3942
46020,1875.5299
46021,1727.6954
46022,1740.5153
46023,1618.1011
46024,1808.3788
46025,1720.2865
46026,1785.0198
46027,1797.5272
46028,1847.7169
46029,1741.1014
46030,1762.6633
46031,1684.7548
46032,1551.596
46033,1580.722
46034,1840.2158
46035,1765.2919
46036,1672.4652
46037,1811.5648
46038,1752.6357
46039,1781.301
46040,1788.0233
46041,1858.877
46042,1847.3071
46043,1683.8633
46044,1849.1095
46045,1898.0377
46046,1774.8904
46047,1906.2423
46048,1726.7273
46049,1899.9167
46050,1918.7477
46051,1765.8434
46052,1878.0338
46053,1750.4495
46054,1803.8154
46055,1865.428
46056,1843.6078
46057,1849.2932
46058,1868.0243
46059,1968.2479
46060,1918.3434
46061,1907.4136
46062,1921.6606
46063,1932.7377
46064,1874.0538
46065,1891.0348
46066,1955.9315
46067,1983.2726
46068,1948.5399
46069,1923.2076
46070,1852.7645
46071,1683.3463
46072,1638.3345
46073,1802.6693
46074,1917.1925
46075,1899.591
46076,1767.0233
46077,1584.8116
46078,1442.4955
46079,1604.5914
46080,1479.1691
46081,1375.2439
46082,1447.8931
46083,1080.3531
46084,1106.7631
46085,809.6381
46086,673.40564
46087,594.99036
46088,702.83813
46089,773.1618
46090,613.7071
46091,430.3799
46092,567.04144
46093,657.514
46094,247.60834
46095,111.95778
46096,275.84607
46097,242.55617
46098,142.51839
46099,23.437286
46100,-1.9234707
46101,-0.15036747
46102,-0.16510223
46103,-0.1794787
46104,0.013164637
46105,0.12713683
46106,0.118164085
46107,-0.045156512
46108,-0.31472442
46109,-0.3364291
46110,-0.52020156
46111,-0.523682
46112,-0.5706742
46113,-0.5981959
46114,-0.4722771
46115,-1.1731786
46116,34.380894
46117,47.76257
46118,56.75598
46119,44.058064
46120,71.8369
46121,60.261173
46122,73.84675
46123,74.24756
46124,81.71866
46125,145.65451
46126,138.02422
46127,109.29207
46128,50.253414
46129,24.5563
46130,-0.050541963
46131,-0.64871013
46132,-0.6726369
46133,-0.61535573
46134,-0.45170748
46135,24.729708
46136,62.05885
46137,72.11534
46138,79.062935
46139,120.093605
46140,170.46277
46141,170.80122
46142,164.89905
46143,161.29387
46144,95.33873
46145,170.10315
46146,173.1715
46147,71.05876
46148,136.16188
46149,210.51991
46150,240.3254
46151,221.80388
46152,247.11018
46153,182.59874
46154,203.64809
46155,174.85603
46156,145.66847
46157,172.42174
46158,201.2066
46159,101.87546
46160,194.44574
46161,292.2054
46162,244.87152
46163,198.68942
46164,205.30339
46165,155.59882
46166,211.58865
46167,317.5296
46168,351.38495
46169,290.82983
46170,283.16785
46171,288.11502
46172,351.1127
46173,308.53098
46174,237.57176
46175,331.68073
46176,471.45688
46177,415.8112
46178,252.47371
46179,131.52194
46180,115.62646
46181,140.89963
46182,184.2325
46183,195.20985
46184,291.99393
46185,329.15756
46186,313.327
46187,363.4953
46188,260.9128
46189,318.81863
46190,408.61124
46191,391.39026
46192,278.3194
46193,159.52562
46194,173.3437
46195,187.44955
46196,134.08394
46197,113.45816
46198,113.666794
46199,88.38939
46200,127.241
46201,78.52587
46202,146.18512
46203,207.95137
46204,172.74957
46205,162.6335
46206,237.95155
46207,63.90142
46208,68.162285
46209,68.32928
46210,58.687237
46211,106.97885
46212,152.42783
46213,196.30273
46214,175.23969
46215,196.35225
46216,242.98697
46217,233.63115
46218,203.27838
46219,239.39929
46220,196.25864
46221,291.8345
46222,322.42065
46223,142.07318
46224,244.99371
46225,292.5154
46226,193.70457
46227,132.30125
46228,130.11334
46229,155.63971
46230,139.87088
46231,85.937065
46232,108.16177
46233,59.33697
46234,83.68151
46235,104.018394
46236,69.86078
46237,143.91241
46238,88.3305
46239,47.039402
46240,64.001205
46241,3.0672677
46242,0.2823736
46243,61.448223
46244,5.450243
46245,0.95620745
46246,-0.86353207
46247,93.13231
46248,111.13391
46249,121.760765
46250,43.57837
46251,77.15101
46252,91.32924
46253,77.282234
46254,36.917473
46255,46.324562
46256,73.05749
46257,61.09719
46258,92.788284
46259,60.767113
46260,30.316538
46261,54.447094
46262,73.58617
46263,95.768715
46264,121.98448
46265,37.847336
46266,91.05848
46267,104.666466
46268,11.329166
46269,-2.200807
46270,-1.9197543
46271,36.120934
46272,92.029755
46273,52.382137
46274,11.188948
46275,67.675545
46276,72.68364
46277,175.1027
46278,286.19553
46279,356.65735
46280,340.90024
46281,282.58316
46282,168.78693
46283,267.84595
46284,321.3933
46285,330.1002
46286,293.13748
46287,231.26266
46288,149.09161
46289,167.79047
46290,137.29532
46291,95.76177
46292,153.58656
46293,210.33922
46294,226.71973
46295,207.48074
46296,272.4539
46297,306.73538
46298,216.71625
46299,233.49178
46300,210.55542
46301,322.2096
46302,319.43716
46303,328.95724
46304,394.7999
46305,425.6377
46306,446.86377
46307,603.97076
46308,564.9955
46309,561.86456
46310,474.65985
46311,625.98645
46312,845.995
46313,900.14343
46314,676.26434
46315,882.5511
46316,682.59863
46317,582.0573
46318,399.7108
46319,378.53998
46320,416.37317
46321,295.28534
46322,399.28134
46323,443.04187
46324,306.64078
46325,235.94589
46326,197.56393
46327,239.40756
46328,262.7319
46329,261.8322
46330,398.169
46331,430.79437
46332,386.19455
46333,199.97993
46334,175.50922
46335,137.5432
46336,140.2565
46337,212.503
46338,335.5862
46339,361.98865
46340,296.6492
46341,232.18962
46342,230.52562
46343,197.60849
46344,121.0112
46345,128.33275
46346,145.84108
46347,155.83427
46348,153.3595
46349,196.08546
46350,95.005875
46351,81.04538
46352,156.35234
46353,236.89992
46354,138.01913
46355,110.1239
46356,166.34105
46357,115.92027
46358,172.73805
46359,202.71793
46360,265.43393
46361,172.65364
46362,149.9006
46363,127.931046
46364,216.2369
46365,206.18289
46366,170.7482
46367,168.27997
46368,150.74165
46369,121.64231
46370,147.61766
46371,184.98573
46372,86.13882
46373,95.36203
46374,104.35857
46375,91.539734
46376,87.258804
46377,84.21549
46378,105.27318
46379,94.29519
46380,44.77834
46381,62.788216
46382,42.845947
46383,57.627594
46384,196.17184
46385,177.79399
46386,233.28166
46387,78.860985
46388,95.96485
46389,213.56644
46390,325.3689
46391,307.8533
46392,318.56314
46393,344.3557
46394,304.99057
46395,308.74585
46396,108.10441
46397,155.11627
46398,209.1198
46399,390.33725
46400,414.5509
46401,384.2467
46402,325.20187
46403,361.1668
46404,198.73798
46405,128.48318
46406,226.72401
46407,222.60051
46408,114.262184
46409,31.01514
46410,259.73624
46411,386.41672
46412,504.3292
46413,371.33423
46414,392.90472
46415,260.84198
46416,170.29265
46417,168.24095
46418,181.18733
46419,275.85065
46420,502.96326
46421,410.11908
46422,368.55054
46423,129.70854
46424,84.086205
46425,92.51266
46426,79.71375
46427,183.82817
46428,207.69135
46429,178.10983
46430,207.94635
46431,297.9281
46432,276.1374
46433,235.05605
46434,299.38138
46435,248.80057
46436,180.27509
46437,211.49495
46438,317.9789
46439,120.55401
46440,160.90147
46441,186.6138
46442,231.36623
46443,227.41435
46444,233.87265
46445,308.3767
46446,298.66183
46447,281.05478
46448,61.82277
46449,48.175842
46450,4.729842
46451,28.491777
46452,65.82544
46453,80.248474
46454,53.09002
46455,34.60763
46456,210.5698
46457,195.16444
46458,89.15891
46459,44.35246
46460,-3.881059
46461,-1.3106902
46462,-0.7188347
46463,-0.6474939
46464,-0.61491704
46465,-0.5322078
46466,-0.33633152
46467,-0.42235035
46468,-0.399377
46469,-0.08336087
46470,42.46535
46471,134.96252
46472,142.75688
46473,137.11612
46474,128.26181
46475,37.696384
46476,71.82927
46477,134.25032
46478,142.76355
46479,127.86915
46480,99.23547
46481,87.94778
46482,138.2345
46483,118.840645
46484,180.38495
46485,222.60956
46486,321.99747
46487,201.18999
46488,245.02733
46489,271.57626
46490,230.36917
46491,267.552
46492,323.07922
46493,334.71207
46494,262.64957
46495,174.94655
46496,274.5478
46497,330.6809
46498,390.93777
46499,421.01694
46500,183.88702
46501,169.66028
46502,214.96858
46503,187.51157
46504,252.95892
46505,165.5584
46506,113.44639
46507,45.315
46508,129.68755
46509,120.24001
46510,143.71706
46511,129.61926
46512,120.17751
46513,144.19815
46514,109.80738
46515,85.130684
46516,104.10726
46517,93.58487
46518,93.527435
46519,85.444916
46520,55.45982
46521,36.50972
46522,11.086114
46523,9.838022
46524,2.752149
46525,-0.4468724
46526,-0.5171604
46527,-0.4742571
46528,-0.5136804
46529,-0.40978703
46530,-0.31218323
46531,-0.24983238
46532,-0.3272949
46533,-0.17712553
46534,-0.43065298
46535,-0.7547907
46536,-0.6204091
46537,-0.7130565
46538,-0.7907687
46539,-0.755563
46540,-0.7975432
46541,47.17754
46542,88.48761
46543,52.36275
46544,71.84692
46545,67.330765
46546,94.05735
46547,5.6505966
46548,69.83887
46549,149.85063
46550,182.5552
46551,152.61267
46552,87.77811
46553,81.46282
46554,76.39498
46555,43.71187
46556,63.00773
46557,138.0145
46558,114.51905
46559,29.778294
46560,33.01546
46561,62.926582
46562,88.33585
46563,92.63596
46564,48.467484
46565,66.180405
46566,69.16987
46567,80.44407
46568,92.854485
46569,82.765015
46570,83.92856
46571,88.46625
46572,85.47957
46573,118.834656
46574,122.36791
46575,177.53795
46576,226.47733
46577,179.39616
46578,153.71947
46579,117.463135
46580,67.3133
46581,85.40369
46582,185.77371
46583,237.16544
46584,180.48923
46585,167.10059
46586,214.07562
46587,213.39014
46588,122.12
46589,153.79439
46590,223.59857
46591,256.10614
46592,336.31647
46593,229.60222
46594,271.2955
46595,315.9875
46596,262.35214
46597,279.22592
46598,224.82033
46599,208.96169
46600,357.8714
46601,404.4539
46602,445.4855
46603,378.9766
46604,490.20743
46605,506.00198
46606,535.2899
46607,495.08917
46608,405.72382
46609,545.1589
46610,577.5367
46611,491.95474
46612,380.05972
46613,356.26913
46614,411.66476
46615,507.1614
46616,627.66315
46617,549.2548
46618,482.0551
46619,338.11127
46620,331.053
46621,300.47485
46622,229.143
46623,229.58171
46624,292.30032
46625,250.36246
46626,322.44882
46627,271.0333
46628,300.16403
46629,323.04822
46630,324.24057
46631,234.87839
46632,300.26727
46633,309.42883
46634,495.7514
46635,563.2537
46636,780.383
46637,645.8821
46638,542.5246
46639,614.129
46640,504.6359
46641,712.9387
46642,403.26935
46643,473.2101
46644,432.16412
46645,672.87726
46646,657.11725
46647,717.9513
46648,567.17444
46649,520.11774
46650,544.60114
46651,429.22278
46652,361.38547
46653,326.05774
46654,460.0616
46655,418.8952
46656,575.55237
46657,683.9061
46658,646.7755
46659,665.2722
46660,625.42145
46661,618.18524
46662,543.4104
46663,627.2637
46664,531.38165
46665,313.5666
46666,226.59616
46667,393.6605
46668,430.43542
46669,223.94034
46670,169.14542
46671,114.55539
46672,179.95222
46673,188.28026
46674,199.08836
46675,225.13135
46676,250.37239
46677,153.72562
46678,79.56301
46679,98.95695
46680,87.52086
46681,119.47859
46682,190.64877
46683,252.66138
46684,420.67258
46685,398.54373
46686,341.50955
46687,372.12915
46688,449.64554
46689,352.44315
46690,398.26498
46691,437.28244
46692,283.47668
46693,240.49512
46694,182.93906
46695,175.45319
46696,272.3395
46697,286.26614
46698,374.76062
46699,458.6595
46700,457.2155
46701,281.43335
46702,166.48665
46703,139.88771
46704,179.49953
46705,85.67411
46706,151.85236
46707,230.87215
46708,300.49957
46709,210.90967
46710,309.25024
46711,324.7079
46712,169.78957
46713,86.423744
46714,141.43764
46715,151.46703
46716,137.21696
46717,73.61142
46718,212.26167
46719,107.10298
46720,108.15126
46721,76.360245
46722,125.6604
46723,174.08528
46724,227.23633
46725,195.2027
46726,139.74225
46727,43.66263
46728,121.363235
46729,69.01392
46730,72.619484
46731,92.56216
46732,89.49312
46733,45.92566
46734,57.656204
46735,78.63937
46736,18.220924
46737,34.183334
46738,47.97972
46739,26.653065
46740,4.196439
46741,-1.6957604
46742,-0.44602558
46743,-1.4993134
46744,-0.6324259
46745,-0.34963197
46746,-1.521856
46747,-0.58816123
46748,-1.3700733
46749,-1.5988035
46750,-1.5519384
46751,-1.6095959
46752,-1.7913201
46753,-1.8609794
46754,-1.7375245
46755,-1.817088
46756,-1.8491172
46757,-1.7906024
46758,-1.8075757
46759,-1.8140278
46760,-1.8847921
46761,-1.7375673
46762,-1.6615267
46763,-1.7536645
46764,-1.7394475
46765,-1.8127683
46766,-1.8585246
46767,-1.8604584
46768,-1.8604584
46769,-1.8382151
46770,-1.8446187
46771,-1.8206879
46772,-1.7357987
46773,-1.8179016
46774,-1.8040606
46775,-1.6614628
46776,-1.6614628
46777,-1.7037348
46778,-1.6895884
46779,-1.5814524
46780,-1.6932626
46781,-1.7341616
46782,-1.7238128
46783,-1.8552382
46784,-1.854813
46785,-0.76414275
46786,-0.6998963
46787,-0.79537916
46788,-0.65205896
46789,-0.98845917
46790,-1.0987087
46791,-0.9893849
46792,-0.6970687
46793,-0.7057037
46794,-0.50107527
46795,23.784376
46796,41.791092
46797,50.557026
46798,42.08936
46799,5.426202
46800,-0.8939554
46801,16.140997
46802,34.10766
46803,10.364925
46804,0.21849036
46805,28.305914
46806,49.148327
46807,-3.0468335
46808,-0.6924977
46809,-0.6820354
46810,-0.65361065
46811,-0.6389076
46812,-0.59106964
46813,-0.6936564
46814,-0.682912
46815,-0.6993371
46816,-0.710891
46817,-0.6931869
46818,-0.050584376
46819,36.82632
46820,9.684388
46821,6.021785
46822,27.510365
46823,30.871923
46824,85.59839
46825,94.660904
46826,121.80315
46827,150.84398
46828,201.3295
46829,183.73631
46830,148.31084
46831,143.56325
46832,81.822235
46833,85.23951
46834,72.82227
46835,98.200294
46836,174.89655
46837,295.76093
46838,264.93893
46839,303.33975
46840,306.79703
46841,328.814
46842,330.644
46843,378.57605
46844,239.25275
46845,337.83707
46846,281.36
46847,201.31172
46848,274.40463
46849,309.0654
46850,348.7978
46851,378.6884
46852,374.8695
46853,307.16312
46854,290.46262
46855,316.61844
46856,277.7923
46857,340.49002
46858,257.48956
46859,271.1437
46860,192.50693
46861,221.6392
46862,173.26044
46863,87.215065
46864,25.947536
46865,35.9564
46866,41.615494
46867,67.09964
46868,43.71745
46869,27.3704
46870,53.906902
46871,52.529114
46872,51.453835
46873,55.460194
46874,-1.6188103
46875,-1.2825819
46876,-1.1204956
46877,-1.0406424
46878,-0.7245338
46879,-0.77412313
46880,-0.75366855
46881,-0.69194293
46882,-0.7125933
46883,-0.7263684
46884,-0.7793749
46885,-0.7448273
46886,-0.83181036
46887,-0.5476647
46888,-0.5354664
46889,-0.51227105
46890,-0.4621285
46891,-0.45239547
46892,-0.44383854
46893,-0.44805834
46894,-0.45050085
46895,-0.44804466
46896,-0.42156672
46897,-0.45723
46898,-0.48134616
46899,-0.479734
46900,-0.47496027
46901,-0.48184136
46902,-0.49450186
46903,-0.44818747
46904,-0.47054356
46905,-0.46901053
46906,-0.4572309
46907,-0.47145662
46908,-0.48686686
46909,-0.5048076
46910,-0.44808194
46911,-0.43524915
46912,-0.45334858
46913,-0.40927967
46914,-0.40444034
46915,-0.4396339
46916,-0.4394806
46917,-0.49033114
46918,-0.5473878
46919,-0.54090196
46920,-0.49904925
46921,-0.47587195
46922,-0.51015264
46923,-0.5192779
46924,-0.5192779
46925,-0.5606613
46926,-0.5637808
46927,-0.6645365
46928,-0.6513647
46929,-0.6450342
46930,-0.66517264
46931,-0.65699244
46932,-0.7062608
46933,-0.658428
46934,-0.5631453
46935,-0.5272782
46936,-0.4940833
46937,-0.53028375
46938,-0.56222796
46939,-0.6249123
46940,-0.66785806
46941,-0.6512024
46942,-0.12352869
46943,1.2681305
46944,2.9705584
46945,1.2816528
46946,1.3940059
46947,0.8305773
46948,0.85817236
46949,1.014597
46950,0.8863727
46951,1.7021487
46952,0.50497174
46953,0.8690368
46954,1.1682214
46955,147.17867
46956,214.97133
46957,211.54799
46958,193.89969
46959,154.8176
46960,216.72247
46961,271.58582
46962,229.53027
46963,165.42546
46964,266.56458
46965,273.8849
46966,234.44647
46967,179.81406
46968,122.70094
46969,120.24387
46970,232.40454
46971,302.15857
46972,416.8544
46973,379.87314
46974,282.30997
46975,264.99963
46976,291.25656
46977,194.3249
46978,101.47736
46979,178.63716
46980,147.65895
46981,20.549976
46982,0.95188785
46983,11.229363
46984,115.31873
46985,145.73117
46986,107.35368
46987,58.123463
46988,22.711353
46989,159.9513
46990,255.69424
46991,251.71484
46992,226.50084
46993,250.73665
46994,236.49446
46995,213.03036
46996,191.8395
46997,169.18436
46998,150.78563
46999,158.17549
47000,174.37547
47001,104.657974
47002,140.7828
47003,157.95158
47004,106.89408
47005,129.29239
47006,131.27657
47007,101.30381
47008,158.08368
47009,209.59253
47010,209.88045
47011,157.92241
47012,130.8239
47013,145.38475
47014,126.9422
47015,79.90963
47016,48.02925
47017,70.07153
47018,46.04979
47019,36.72138
47020,28.412233
47021,101.362076
47022,4.7532477
47023,-0.3748119
47024,-0.4387858
47025,-0.44786912
47026,-0.39261103
47027,-0.51631266
47028,-0.520022
47029,-0.5408664
47030,28.418348
47031,21.256691
47032,0.88409615
47033,-0.46987498
47034,-0.45960405
47035,-0.48969662
47036,-0.4677148
47037,-0.2802588
47038,-0.38724032
47039,-0.3497688
47040,-0.59933656
47041,-0.43867347
47042,-0.44336036
47043,-0.4530523
47044,-0.6031298
47045,-0.4940617
47046,-0.5043406
47047,-0.32281825
47048,23.541348
47049,74.60207
47050,47.989643
47051,33.13183
47052,12.663915
47053,17.03491
47054,24.591526
47055,36.142994
47056,64.05123
47057,94.83353
47058,117.76707
47059,101.438194
47060,54.79748
47061,109.476585
47062,111.08716
47063,72.72559
47064,43.700573
47065,22.998743
47066,18.609217
47067,23.6822
47068,20.617563
47069,25.946636
47070,26.099264
47071,4.286131
47072,8.302523
47073,12.874667
47074,0.5285901
47075,-0.5327986
47076,-0.45575222
47077,-0.63994217
47078,-0.5866877
47079,-0.6224519
47080,-0.41842484
47081,18.83673
47082,38.8571
47083,77.453186
47084,62.500473
47085,87.7052
47086,36.63035
47087,25.830708
47088,6.0419173
47089,-0.5503976
47090,-0.520288
47091,-0.4208074
47092,-0.33194193
47093,-0.1292823
47094,-0.27841285
47095,-0.24165858
47096,-0.23764019
47097,-0.38346943
47098,-0.37886864
47099,-0.37564558
47100,-0.25892323
47101,-0.271442
47102,-0.23746023
47103,-0.18704906
47104,-0.24144313
47105,-0.2713409
47106,-0.20280151
47107,-0.15939555
47108,-0.20269218
47109,-0.23901607
47110,-0.19274858
47111,-0.2864822
47112,-0.2690659
47113,-0.5242196
47114,-0.50360084
47115,-0.5032989
47116,-0.47620633
47117,-0.47693142
47118,-0.4734663
47119,-0.48741525
47120,-0.47381875
47121,-0.55874723
47122,-0.20072828
47123,38.311424
47124,63.946163
47125,44.609818
47126,47.34879
47127,46.165455
47128,39.00029
47129,22.870283
47130,57.81236
47131,68.553986
47132,75.833565
47133,81.49597
47134,43.540306
47135,10.179724
47136,-1.1092519
47137,6.9036765
47138,20.867392
47139,71.39187
47140,58.10332
47141,33.877983
47142,22.713898
47143,31.395176
47144,31.950663
47145,34.346394
47146,22.250786
47147,13.920772
47148,40.734493
47149,68.489456
47150,86.485146
47151,169.54224
47152,207.94246
47153,166.1319
47154,143.23799
47155,124.87649
47156,101.641136
47157,122.12039
47158,145.5022
47159,175.09721
47160,166.38579
47161,208.10162
47162,236.18404
47163,255.06552
47164,210.91115
47165,114.936775
47166,141.271
47167,127.24142
47168,120.07753
47169,117.917305
47170,189.4277
47171,186.55112
47172,122.363335
47173,111.16091
47174,102.1248
47175,75.65778
47176,34.573345
47177,46.99795
47178,32.168457
47179,23.466751
47180,51.999825
47181,20.679287
47182,11.225087
47183,26.398489
47184,8.338646
47185,28.159348
47186,20.47749
47187,32.367905
47188,52.1428
47189,58.545982
47190,49.56361
47191,34.158157
47192,25.851376
47193,19.845465
47194,13.439198
47195,20.682219
47196,10.3161745
47197,1.1883994
47198,0.19529659
47199,0.09131298
47200,10.596427
47201,-0.45677912
47202,10.7455635
47203,-6.1925893
47204,-2.394435
47205,5.716107
47206,9.032968
47207,17.175371
47208,12.168302
47209,38.693478
47210,26.894295
47211,-0.28235772
47212,-2.3811486
47213,-2.8209019
47214,-2.3517032
47215,-2.3246148
47216,-1.8256614
47217,-1.798415
47218,-1.7173985
47219,-1.3294574
47220,-1.0589336
47221,-1.106338
47222,-0.84150946
47223,-0.591636
47224,-0.4544748
47225,-0.45148998
47226,-0.44761315
47227,-0.4097503
47228,-0.38028726
47229,-0.35745156
47230,-0.34967571
47231,-0.34350154
47232,-0.33417296
47233,-0.37403467
47234,-0.3432834
47235,-0.35932642
47236,-0.3382747
47237,-0.33390638
47238,-0.33693573
47239,-0.34010267
47240,-0.34010267
47241,-0.34010267
47242,-0.346017
47243,-0.34010267
47244,-0.3738282
47245,-0.3504946
47246,-0.39274877
47247,-0.37609196
47248,-0.34342587
47249,-0.3734368
47250,-0.38268757
47251,-0.38927063
47252,-0.38341078
47253,-0.36126116
47254,-0.36069393
47255,-0.3657141
47256,-0.35568073
47257,-0.3715832
47258,-0.3683337
47259,-0.3435434
47260,-0.38195485
47261,-0.3577101
47262,-0.34330794
47263,-0.41946682
47264,-0.36611867
47265,-0.44472906
47266,-0.70946366
47267,-0.7750013
47268,-0.77979887
47269,34.750095
47270,7.8018937
47271,-1.538168
47272,-0.6660538
47273,-0.7541821
47274,-0.72001034
47275,-0.6119636
47276,18.76136
47277,22.305168
47278,8.856687
47279,20.90704
47280,61.93344
47281,43.815083
47282,16.680746
47283,11.184253
47284,57.31405
47285,55.29929
47286,81.81901
47287,76.63899
47288,37.426735
47289,72.46438
47290,46.17201
47291,18.974688
47292,0.8155414
47293,1.2669274
47294,0.08758703
47295,-0.30080473
47296,-0.3061829
47297,-0.48400605
47298,-0.39134958
47299,-0.47453862
47300,-0.666129
47301,-0.30895302
47302,-0.5372955
47303,-0.55197346
47304,-0.5113799
47305,-0.6742367
47306,-0.58836573
47307,-0.5724241
47308,-0.56272686
47309,-0.59942263
47310,-0.58423334
47311,0.77406824
47312,0.22396514
47313,-0.17665434
47314,-0.29577425
47315,-0.4085909
47316,-0.26142988
47317,-0.5573062
47318,-0.50059235
47319,-0.6130309
47320,-0.6227562
47321,-0.66956633
47322,-0.6950166
47323,-0.6422772
47324,-0.4685534
47325,-0.4735303
47326,-0.43887693
47327,-0.48832875
47328,-0.49281073
47329,-0.6496324
47330,-0.7093041
47331,-0.71711475
47332,-0.8328138
47333,-0.7138773
47334,-0.7872842
47335,-0.7531728
47336,-0.7565116
47337,-0.7699553
47338,-0.6801193
47339,-0.83886975
47340,-0.86647236
47341,-0.9503351
47342,-0.52818227
47343,-0.67223966
47344,-1.1816758
47345,-0.78148264
47346,-0.35903105
47347,-0.27143487
47348,0.051849313
47349,-0.08405184
47350,-0.47888204
47351,-0.19047882
47352,-0.7245256
47353,0.8149057
47354,4.30083
47355,8.401612
47356,7.6014986
47357,4.8353496
47358,6.91119
47359,-2.8517423
47360,-0.864182
47361,-3.1548536
47362,0.29983318
47363,1.293189
47364,1.4711583
47365,325.2028
47366,757.6797
47367,828.89624
47368,715.9546
47369,843.4024
47370,1049.6947
47371,1026.7295
47372,1102.2029
47373,1259.8993
47374,1202.1461
47375,1267.3154
47376,1137.3127
47377,1308.4957
47378,1519.1288
47379,1605.4315
47380,1387.1287
47381,1184.4084
47382,1042.9607
47383,1095.1617
47384,954.8106
47385,683.02026
47386,478.80002
47387,518.1788
47388,599.75354
47389,577.81616
47390,636.55347
47391,480.42087
47392,383.41464
47393,374.39532
47394,515.76086
47395,823.0386
47396,802.0702
47397,787.1827
47398,647.2954
47399,666.3303
47400,725.0185
47401,855.27875
47402,1186.7712
47403,1287.2633
47404,1479.6178
47405,1433.3816
47406,731.8126
47407,1237.7734
47408,1499.2118
47409,1569.5256
47410,1651.3713
47411,1766.0314
47412,1763.7328
47413,1909.0751
47414,1872.9817
47415,1885.7352
47416,1839.1051
47417,1911.5715
47418,1913.7004
47419,1856.8245
47420,1947.793
47421,1901.8433
47422,616.0684
47423,81.28847
47424,1825.5687
47425,1703.3292
47426,1753.8737
47427,1555.8813
47428,1503.39
47429,1679.8451
47430,1748.4359
47431,1876.6244
47432,1851.8595
47433,1855.632
47434,1876.1628
47435,1922.0067
47436,1870.9778
47437,1918.025
47438,1983.2057
47439,1677.8684
47440,1453.8881
47441,1752.0118
47442,1693.7534
47443,1644.8004
47444,1525.5496
47445,1445.1658
47446,1533.7229
47447,1566.8085
47448,1560.0155
47449,1467.0752
47450,1241.7802
47451,1471.2539
47452,1435.5316
47453,1155.9332
47454,899.8727
47455,1027.511
47456,714.7702
47457,509.84888
47458,632.177
47459,624.4698
47460,407.67065
47461,358.53705
47462,220.40697
47463,140.24109
47464,106.18879
47465,129.76605
47466,161.12877
47467,162.51334
47468,118.445274
47469,76.06837
47470,191.1426
47471,154.34036
47472,229.17789
47473,341.73203
47474,452.9685
47475,306.78387
47476,169.7422
47477,119.22744
47478,327.23477
47479,302.7302
47480,323.56778
47481,331.33798
47482,368.4114
47483,332.36432
47484,283.67392
47485,205.68593
47486,90.88412
47487,357.04587
47488,490.18094
47489,525.23114
47490,407.78534
47491,398.18976
47492,364.03204
47493,424.31158
47494,361.0856
47495,403.5564
47496,430.28778
47497,621.0579
47498,726.689
47499,634.92206
47500,419.5369
47501,1005.4775
47502,1257.1863
47503,1083.513
47504,1430.0232
47505,1398.4882
47506,1888.6157
47507,1350.5505
47508,835.65063
47509,613.8524
47510,887.4762
47511,679.5488
47512,797.0428
47513,1232.17
47514,839.96155
47515,723.5208
47516,879.03326
47517,609.20764
47518,713.4287
47519,737.37024
47520,1019.7797
47521,965.5915
47522,991.87714
47523,578.25586
47524,692.52014
47525,644.7703
47526,403.42075
47527,487.1032
47528,586.50745
47529,771.9506
47530,1361.512
47531,954.32355
47532,888.41876
47533,707.53125
47534,670.4957
47535,823.2362
47536,1235.3197
47537,823.35956
47538,591.959
47539,461.115
47540,515.1566
47541,409.5449
47542,341.82727
47543,1464.9058
47544,1166.1427
47545,655.9653
47546,435.25015
47547,177.93883
47548,224.47481
47549,228.41066
47550,395.97504
47551,574.27765
47552,642.26086
47553,603.5943
47554,735.677
47555,595.92694
47556,440.54388
47557,487.26624
47558,650.03375
47559,1068.4166
47560,667.1081
47561,778.7801
47562,621.2663
47563,629.46
47564,528.55634
47565,427.25955
47566,469.08353
47567,607.81104
47568,499.98172
47569,531.10156
47570,587.88617
47571,944.79456
47572,627.10986
47573,804.99475
47574,941.3552
47575,952.8712
47576,589.9552
47577,612.2804
47578,1062.2705
47579,1006.0862
47580,786.1558
47581,606.29614
47582,775.9088
47583,819.0425
47584,798.72394
47585,378.3764
47586,539.8864
47587,516.73724
47588,368.53223
47589,299.68542
47590,506.90305
47591,455.90854
47592,455.6419
47593,333.72534
47594,515.1468
47595,641.17804
47596,462.58792
47597,432.3703
47598,310.14523
47599,307.63943
47600,229.34679
47601,213.21112
47602,274.40234
47603,380.40002
47604,418.52963
47605,288.65878
47606,402.72122
47607,407.56177
47608,630.9294
47609,787.15045
47610,602.6481
47611,454.94373
47612,497.57205
47613,336.39154
47614,237.63391
47615,266.6129
47616,187.79652
47617,170.25034
47618,139.43811
47619,157.0505
47620,285.1617
47621,148.45459
47622,154.87503
47623,92.18705
47624,104.193504
47625,192.7463
47626,122.046425
47627,160.22119
47628,166.33044
47629,110.97842
47630,109.270035
47631,273.45224
47632,231.87236
47633,119.769806
47634,175.2932
47635,230.62823
47636,109.449234
47637,268.96857
47638,445.94186
47639,453.45944
47640,410.8994
47641,412.59164
47642,317.86722
47643,274.0689
47644,290.72507
47645,259.37613
47646,390.6929
47647,466.99802
47648,445.56543
47649,468.7201
47650,478.4424
47651,437.1876
47652,499.82892
47653,514.1863
47654,324.65244
47655,433.17868
47656,533.7968
47657,649.1914
47658,443.6985
47659,466.10278
47660,331.59048
47661,121.97422
47662,211.69351
47663,316.76926
47664,372.24725
47665,199.30351
47666,281.2663
47667,459.45795
47668,450.11453
47669,479.77884
47670,455.3166
47671,486.4394
47672,466.3096
47673,476.08047
47674,494.48404
47675,426.94855
47676,425.27692
47677,335.4049
47678,286.7984
47679,361.28775
47680,346.4597
47681,360.38693
47682,405.7458
47683,428.60345
47684,301.79892
47685,292.71942
47686,301.71005
47687,249.22815
47688,377.64377
47689,415.49762
47690,361.2168
47691,478.17932
47692,346.34543
47693,397.67188
47694,368.84354
47695,434.11334
47696,582.9552
47697,606.8217
47698,581.4277
47699,497.82376
47700,435.75943
47701,446.24457
47702,362.00275
47703,295.48004
47704,333.83154
47705,362.124
47706,459.61673
47707,514.6243
47708,487.92947
47709,499.7029
47710,466.01044
47711,529.4011
47712,635.0604
47713,536.4825
47714,315.77756
47715,465.52457
47716,426.61227
47717,465.59595
47718,395.77472
47719,378.40433
47720,497.91397
47721,364.02274
47722,316.57172
47723,234.78754
47724,311.4
47725,384.01337
47726,398.67517
47727,531.15106
47728,618.45514
47729,436.56464
47730,487.40692
47731,425.72995
47732,359.4722
47733,337.46683
47734,529.0843
47735,510.82526
47736,444.40118
47737,440.74625
47738,429.78848
47739,895.3826
47740,660.40326
47741,466.5035
47742,386.5665
47743,375.43436
47744,443.88794
47745,465.91754
47746,481.85184
47747,508.18762
47748,480.80978
47749,428.6771
47750,261.96643
47751,403.1907
47752,277.56537
47753,449.092
47754,549.7762
47755,545.38293
47756,674.56946
47757,674.54285
47758,918.81866
47759,645.58655
47760,637.1598
47761,1066.9148
47762,977.8379
47763,1089.9304
47764,1082.1003
47765,1083.7887
47766,962.94617
47767,1342.61
47768,1435.0544
47769,1597.3623
47770,1607.0493
47771,1806.7881
47772,1810.9985
47773,1832.1382
47774,1804.3794
47775,1880.495
47776,1828.4337
47777,1840.9032
47778,1877.6405
47779,1854.2345
47780,1815.8793
47781,1929.2697
47782,1810.72
47783,1968.7499
47784,1975.4688
47785,1966.9193
47786,1959.5962
47787,1957.4639
47788,1960.32
47789,1631.7144
47790,1528.1605
47791,1414.4147
47792,1381.1229
47793,1131.6061
47794,1173.9983
47795,3.949818
47796,1.9341118
47797,3.8489983
47798,2.243806
47799,2.2315075
47800,2.5130002
47801,2.242469
47802,3.522873
47803,1.4529668
47804,31.764755
47805,53.050316
47806,47.88566
47807,48.041515
47808,52.331535
47809,54.84713
47810,51.9214
47811,54.32719
47812,54.489697
47813,56.275227
47814,62.719357
47815,86.29341
47816,460.2462
47817,1970.9314
47818,1970.1702
47819,1844.5062
47820,1627.2058
47821,1828.6925
47822,1787.3741
47823,1674.1648
47824,1615.5264
47825,1461.0135
47826,1856.2389
47827,1911.8975
47828,1710.8508
47829,1702.0074
47830,1471.9332
47831,1770.5931
47832,1745.2997
47833,1930.8888
47834,1958.3345
47835,1921.6183
47836,1977.3413
47837,1959.6456
47838,1951.677
47839,1798.2184
47840,1724.1194
47841,1487.4181
47842,1789.9613
47843,1898.3866
47844,1624.4088
47845,753.746
47846,627.48474
47847,1218.0831
47848,1325.5907
47849,1262.9991
47850,1443.1437
47851,1458.4592
47852,1205.7838
47853,1090.5912
47854,1169.406
47855,1453.0785
47856,1863.9249
47857,1423.0973
47858,1695.8568
47859,1478.032
47860,947.83344
47861,665.41754
47862,421.41446
47863,452.41547
47864,667.0227
47865,968.27954
47866,1171.6771
47867,1256.6157
47868,1009.27374
47869,900.57404
47870,731.2411
47871,909.95807
47872,1024.998
47873,1023.8872
47874,725.5778
47875,512.7827
47876,416.76306
47877,396.47202
47878,254.92563
47879,334.24722
47880,354.42386
47881,316.54996
47882,287.68845
47883,287.0219
47884,287.39328
47885,299.93826
47886,367.0416
47887,390.02536
47888,318.23267
47889,453.43747
47890,365.25726
47891,402.94937
47892,268.86618
47893,173.17076
47894,333.36185
47895,390.4486
47896,313.9725
47897,223.96017
47898,248.7343
47899,241.16931
47900,255.23314
47901,276.46494
47902,252.2462
47903,502.4444
47904,685.6722
47905,469.44955
47906,605.287
47907,642.9707
47908,925.2595
47909,1512.5992
47910,1605.6733
47911,1543.2189
47912,1963.3663
47913,1956.6553
47914,1926.2275
47915,2003.8052
47916,2003.026
47917,1999.3767
47918,1997.8499
47919,1956.7175
47920,1959.5127
47921,1964.6671
47922,1972.6575
47923,1949.1786
47924,1921.5544
47925,1837.1729
47926,1833.4156
47927,1504.5535
47928,1877.204
47929,1961.7317
47930,1889.7968
47931,1752.3356
47932,1666.084
47933,1247.4917
47934,943.5982
47935,1163.7074
47936,1421.3262
47937,1427.0497
47938,1555.523
47939,1716.5891
47940,1944.2454
47941,1883.1794
47942,1834.5884
47943,1857.5448
47944,1811.8391
47945,1885.24
47946,1489.3536
47947,1467.235
47948,1653.7744
47949,1476.3385
47950,1267.9847
47951,1556.092
47952,1178.4865
47953,1344.0264
47954,932.5164
47955,1253.9948
47956,1522.9626
47957,1233.9473
47958,1367.4668
47959,977.375
47960,995.63184
47961,1252.7772
47962,1309.7655
47963,1560.3221
47964,1621.4635
47965,1460.7494
47966,1434.7822
47967,1382.4619
47968,1586.2036
47969,1409.4933
47970,1429.2499
47971,1310.4044
47972,1631.97
47973,1751.4833
47974,1574.0879
47975,1559.7941
47976,1764.8682
47977,1697.3636
47978,1786.6783
47979,1770.7551
47980,1534.5103
47981,1483.5249
47982,1382.6807
47983,1380.6813
47984,1469.9357
47985,1550.9972
47986,1762.9255
47987,1888.9589
47988,1996.8433
47989,1996.2871
47990,1994.4889
47991,1973.9493
47992,1970.6074
47993,1990.3118
47994,1970.5735
47995,1975.9935
47996,2003.6497
47997,2026.1064
47998,2013.9504
47999,1982.9661
48000,1871.5314
48001,1967.445
48002,1980.7574
48003,1845.4309
48004,1980.9268
48005,2006.2438
48006,1922.9188
48007,2011.164
48008,1923.6543
48009,1969.5308
48010,1927.4805
48011,1919.9833
48012,1903.347
48013,1926.5038
48014,1969.0822
48015,1949.3906
48016,1800.9662
48017,1693.9104
48018,1443.4094
48019,1601.1906
48020,1448.1713
48021,1515.3651
48022,1091.5344
48023,1379.8705
48024,1328.7119
48025,1702.0013
48026,1612.6742
48027,1621.9999
48028,1495.4858
48029,1710.5107
48030,1689.0652
48031,1545.1064
48032,1561.1093
48033,1599.5587
48034,1629.2994
48035,1196.2621
48036,1401.4231
48037,1390.919
48038,1125.8197
48039,981.6679
48040,893.99286
48041,587.31714
48042,821.74274
48043,946.9649
48044,708.9819
48045,823.0705
48046,704.84894
48047,811.00586
48048,609.90326
48049,655.1813
48050,795.29785
48051,749.87585
48052,919.4441
48053,835.6717
48054,1100.2397
48055,1538.659
48056,799.66437
48057,784.2965
48058,836.12177
48059,631.2412
48060,595.47284
48061,641.0276
48062,681.8728
48063,763.31165
48064,572.44495
48065,448.0484
48066,411.1491
48067,485.87802
48068,628.3059
48069,438.01266
48070,487.5474
48071,469.92227
48072,437.7005
48073,628.7123
48074,486.1421
48075,571.2521
48076,282.32983
48077,250.86278
48078,280.05206
48079,199.12988
48080,361.25027
48081,22.094084
48082,1.7715398
48083,12.718654
48084,3.701236
48085,384.4847
48086,292.8512
48087,229.2299
48088,405.39825
48089,589.5248
48090,545.77515
48091,546.1249
48092,312.6993
48093,649.49347
48094,652.02576
48095,534.54083
48096,546.379
48097,823.9198
48098,440.32803
48099,617.11786
48100,486.49808
48101,357.899
48102,276.74918
48103,255.17038
48104,174.91492
48105,173.17615
48106,81.677765
48107,112.26901
48108,389.60452
48109,486.58136
48110,686.1311
48111,529.2738
48112,350.62164
48113,355.55518
48114,449.13696
48115,489.71912
48116,184.64586
48117,416.82895
48118,308.29147
48119,190.82391
48120,122.55485
48121,122.42913
48122,129.60788
48123,434.96335
48124,647.6549
48125,229.12102
48126,179.91948
48127,106.51758
48128,116.49969
48129,172.7857
48130,233.78058
48131,279.7322
48132,273.85938
48133,312.048
48134,208.85603
48135,173.96024
48136,119.3343
48137,135.97092
48138,272.11612
48139,502.19626
48140,716.52765
48141,819.34985
48142,712.7756
48143,775.0607
48144,704.50525
48145,643.87885
48146,488.75854
48147,514.6411
48148,422.96292
48149,457.85208
48150,386.90585
48151,361.23004
48152,509.4212
48153,281.1154
48154,237.67378
48155,277.8227
48156,334.41895
48157,401.257
48158,512.7208
48159,483.09567
48160,521.5114
48161,790.77856
48162,879.40247
48163,1196.7181
48164,1212.0935
48165,1049.2528
48166,948.32886
48167,746.08344
48168,604.6469
48169,441.4339
48170,620.10266
48171,621.93567
48172,686.39056
48173,862.1591
48174,790.22296
48175,935.7307
48176,1103.335
48177,1141.4454
48178,1060.9778
48179,1148.168
48180,1128.1018
48181,1100.664
48182,1193.2056
48183,847.01746
48184,555.83563
48185,705.9331
48186,733.68524
48187,960.8487
48188,702.26166
48189,689.1402
48190,676.416
48191,908.13513
48192,891.11774
48193,926.73474
48194,864.55804
48195,730.36774
48196,641.1314
48197,877.084
48198,1018.51074
48199,986.97437
48200,919.7567
48201,1053.2665
48202,1145.799
48203,1101.546
48204,1303.803
48205,1255.1166
48206,1163.8203
48207,1094.1981
48208,1133.2102
48209,1103.9768
48210,1173.3953
48211,1259.303
48212,1228.6024
48213,1467.9977
48214,1608.9319
48215,1292.4883
48216,1423.2803
48217,1065.4713
48218,1143.4691
48219,1202.5042
48220,1367.7029
48221,1509.0751
48222,1242.2655
48223,1125.1111
48224,1132.4143
48225,1035.0785
48226,1314.6202
48227,1642.6215
48228,1758.4207
48229,1724.2206
48230,1563.3226
48231,1928.3136
48232,1930.861
48233,1911.1865
48234,1849.7756
48235,1796.156
48236,1749.0841
48237,1731.5878
48238,1746.6449
48239,1737.7638
48240,1647.858
48241,1645.176
48242,1547.881
48243,1643.1167
48244,1817.0414
48245,1982.3335
48246,1919.4733
48247,1884.0035
48248,1868.178
48249,1780.9365
48250,1575.9717
48251,1671.6986
48252,1681.5531
48253,1730.4419
48254,1724.7903
48255,1626.7532
48256,1454.3153
48257,1223.3265
48258,1229.5659
48259,1153.4425
48260,1074.8376
48261,1268.3646
48262,1260.3252
48263,1460.606
48264,1251.8391
48265,1249.173
48266,1288.4872
48267,1484.272
48268,1119.9799
48269,1389.7991
48270,1279.7596
48271,1314.5841
48272,1144.2004
48273,1607.9031
48274,1518.6046
48275,1612.1481
48276,1491.9211
48277,1670.2125
48278,1712.4819
48279,1790.1907
48280,1722.6
48281,1759.461
48282,1758.0645
48283,1889.3013
48284,1785.0265
48285,1649.3959
48286,1709.4706
48287,1851.594
48288,1914.47
48289,1951.9818
48290,1955.1213
48291,1950.7983
48292,1901.2876
48293,1989.2288
48294,1958.6436
48295,1961.0323
48296,1960.3079
48297,1924.3555
48298,1953.485
48299,1685.3428
48300,1482.6061
48301,1607.8052
48302,1852.825
48303,1412.0836
48304,1234.7521
48305,1246.2394
48306,1379.814
48307,877.1469
48308,1496.5997
48309,1541.6329
48310,1139.0952
48311,1396.9518
48312,1575.8394
48313,1710.4381
48314,1679.9755
48315,1692.6306
48316,1699.4102
48317,1749.3762
48318,1749.2839
48319,1734.1251
48320,1992.8815
48321,2022.8666
48322,2024.338
48323,2019.4052
48324,2031.1714
48325,2026.6436
48326,2029.0217
48327,1985.335
48328,109.81872
48329,34.24464
48330,23.014898
48331,793.86615
48332,1829.7948
48333,1922.5808
48334,1994.0881
48335,1920.9701
48336,1810.3118
48337,1692.9175
48338,1740.8453
48339,1527.938
48340,1413.8762
48341,1572.2074
48342,1422.4141
48343,1112.2778
48344,1102.3569
48345,1279.5682
48346,1368.9739
48347,1332.1266
48348,1193.674
48349,1436.9724
48350,1307.2485
48351,1455.2933
48352,1385.4547
48353,1345.6115
48354,1367.3657
48355,1420.1112
48356,1304.3787
48357,1476.6901
48358,1372.6533
48359,1273.0856
48360,1447.745
48361,1383.9594
48362,1671.0952
48363,1503.6587
48364,1445.9143
48365,1659.4645
48366,1721.978
48367,1807.0155
48368,1764.9684
48369,1713.8694
48370,1720.3221
48371,1843.1935
48372,1815.7078
48373,1838.0558
48374,1808.914
48375,1793.1155
48376,1919.1279
48377,1887.4641
48378,1971.9994
48379,1938.4814
48380,1819.9031
48381,1833.3854
48382,1821.6666
48383,2001.3358
48384,1875.7379
48385,1889.4503
48386,1881.4261
48387,1761.9703
48388,1866.6953
48389,1641.1222
48390,1813.6322
48391,1766.7225
48392,1797.8167
48393,1739.4562
48394,1897.5563
48395,1793.7151
48396,1718.9326
48397,1732.566
48398,1722.319
48399,1849.9983
48400,1587.7927
48401,1693.6332
48402,1458.1034
48403,1158.9193
48404,1320.4995
48405,1239.0055
48406,987.61176
48407,814.1492
48408,754.04663
48409,659.994
48410,1249.8203
48411,987.0947
48412,1170.8328
48413,1026.8658
48414,1040.0593
48415,983.2687
48416,844.78766
48417,825.8763
48418,1183.5244
48419,1064.0579
48420,908.8339
48421,1418.0928
48422,1223.778
48423,1306.6354
48424,1406.131
48425,1146.7128
48426,1486.5579
48427,1447.3556
48428,1388.838
48429,1134.3159
48430,1422.9161
48431,1058.7876
48432,1431.4658
48433,1328.8379
48434,887.8516
48435,1064.0269
48436,649.4179
48437,495.7573
48438,495.9418
48439,720.7466
48440,1268.845
48441,1419.7423
48442,1465.484
48443,1861.6615
48444,1721.3411
48445,1448.8699
48446,1159.7175
48447,1434.0721
48448,1390.7147
48449,1663.2465
48450,1614.2549
48451,1532.1282
48452,1455.1866
48453,1464.3962
48454,1312.6508
48455,1208.9878
48456,1201.7449
48457,1152.8306
48458,1242.0387
48459,1054.8253
48460,1047.0033
48461,1063.859
48462,718.7841
48463,644.299
48464,674.92084
48465,1109.8533
48466,1123.2727
48467,1147.3566
48468,1454.011
48469,1503.3666
48470,1143.2844
48471,1285.8289
48472,1440.124
48473,1078.9443
48474,1000.93945
48475,974.5386
48476,1096.8851
48477,1055.5671
48478,958.16583
48479,750.6439
48480,654.58246
48481,523.76056
48482,743.08575
48483,845.23566
48484,891.2954
48485,1075.559
48486,1102.4543
48487,1254.3163
48488,1004.2704
48489,1118.1185
48490,1175.8818
48491,970.1229
48492,1290.6853
48493,1473.9408
48494,1252.0785
48495,1217.3671
48496,1082.2064
48497,1078.0428
48498,1191.6125
48499,954.8571
48500,996.7932
48501,1013.93176
48502,1197.9615
48503,1382.0446
48504,1319.538
48505,1524.059
48506,1276.4196
48507,1086.2021
48508,1168.2397
48509,1488.8553
48510,1426.3966
48511,1305.4552
48512,1433.0739
48513,1563.695
48514,1647.2009
48515,1531.117
48516,1143.426
48517,1395.4805
48518,1254.2546
48519,1170.0442
48520,1179.6226
48521,1395.6678
48522,1278.7135
48523,660.6583
48524,1050.6515
48525,1156.7957
48526,1545.7793
48527,1231.1166
48528,1000.47284
48529,270.90894
48530,1097.7628
48531,1126.05
48532,1330.3566
48533,371.80887
48534,26.880049
48535,-2.4444728
48536,20.560436
48537,2.7487004
48538,2.1490142
48539,1.2246665
48540,0.78495944
48541,-0.03292312
48542,-0.41999492
48543,-0.28279445
48544,0.3864161
48545,-0.8629029
48546,-0.3251939
48547,-0.41041473
48548,-0.18656237
48549,0.41181618
48550,-0.50617856
48551,0.29163527
48552,-0.47081903
48553,-0.32639173
48554,0.30980793
48555,-0.6116132
48556,1.1913948
48557,0.13518648
48558,-1.2804122
48559,0.9373853
48560,-1.0282574
48561,-0.7357733
48562,0.12419427
48563,0.4473565
48564,-0.13535278
48565,-0.13031195
48566,0.5404764
48567,0.58109474
48568,0.44893825
48569,0.40259013
48570,0.14489968
48571,0.11751702
48572,0.48558754
48573,-0.04929102
48574,0.17237504
48575,-0.0547359
48576,0.30986908
48577,0.14835428
48578,-0.327472
48579,0.043128032
48580,0.92669773
48581,-0.2680334
48582,-0.13880095
48583,-0.41203037
48584,1.2296451
48585,-0.02037396
48586,1.7553267
48587,0.5937493
48588,0.90533024
48589,0.58972794
48590,-0.76340455
48591,-0.7116446
48592,-0.6664498
48593,-0.78898007
48594,-0.79748803
48595,-1.0339321
48596,-0.7761327
48597,-0.60969955
48598,-0.58124244
48599,-0.5918657
48600,-0.6770198
48601,-0.6650346
48602,-0.5555325
48603,-0.655105
48604,-0.6430105
48605,-0.61289203
48606,-0.6360852
48607,-0.6816365
48608,-0.81507087
48609,-0.7461845
48610,-0.7582186
48611,-0.72542304
48612,-0.79932165
48613,-0.9446165
48614,-0.91161114
48615,-0.6169595
48616,-0.23565085
48617,-0.63122153
48618,-1.8771392
48619,-1.7916662
48620,-0.62203246
48621,0.38050318
48622,-0.36933997
48623,1.5381165
48624,0.79302424
48625,0.7408768
48626,0.71263164
48627,1.22344
48628,0.35067132
48629,1.480733
48630,0.86853737
48631,0.06429607
48632,-0.18054399
48633,0.35050955
48634,0.38765255
48635,1.5683333
48636,1.3771428
48637,1.7474757
48638,3.5352633
48639,2.6560664
48640,-0.4756718
48641,0.47304758
48642,0.16754621
48643,0.8940955
48644,0.6209057
48645,0.82837653
48646,0.8504424
48647,0.20842865
48648,0.6429533
48649,0.43696764
48650,2.493747
48651,6.9467006
48652,4.06995
48653,3.6532667
48654,3.334062
48655,2.5902414
48656,-2.6505113
48657,-6.203862
48658,-6.5607395
48659,-5.448566
48660,-1.1960633
48661,-1.9297422
48662,2.5127354
48663,0.48061052
48664,-7.089092
48665,-1.4298804
48666,-2.2038224
48667,-2.1760592
48668,-4.8562527
48669,1.6906949
48670,2.0792768
48671,4.185422
48672,-2.093805
48673,3.311345
48674,1.2807597
48675,3.9063396
48676,3.3248558
48677,4.533198
48678,4.355445
48679,4.2617
48680,3.8340034
48681,1.6321352
48682,0.880683
48683,1.1980256
48684,-1.0046481
48685,-0.07646557
48686,-0.71971387
48687,-0.58634615
48688,-0.029262822
48689,-0.6130476
48690,-0.7309363
48691,-0.4678497
48692,-1.1277422
48693,-0.31288874
48694,-0.13460492
48695,-0.7724565
48696,-0.53210616
48697,0.4049043
48698,-0.16488901
48699,-0.5430497
48700,87.46615
48701,38.21793
48702,25.010365
48703,75.04593
48704,32.260883
48705,26.885546
48706,0.9248972
48707,-0.2995595
48708,-0.3192025
48709,-0.93994623
48710,1.2829262
48711,33.4735
48712,-0.0044324296
48713,131.58452
48714,0.74301225
48715,72.898834
48716,620.3558
48717,194.52528
48718,603.7519
48719,448.68033
48720,421.15143
48721,416.64096
48722,447.2661
48723,503.80692
48724,373.82288
48725,306.18805
48726,316.91245
48727,367.7124
48728,249.52328
48729,363.53345
48730,355.6548
48731,369.0729
48732,273.2134
48733,222.7587
48734,201.97304
48735,385.25146
48736,271.5236
48737,248.4536
48738,191.53648
48739,212.87604
48740,204.44974
48741,209.85825
48742,188.41872
48743,130.23924
48744,108.688774
48745,70.30565
48746,191.74884
48747,339.09436
48748,217.71016
48749,149.5735
48750,140.34268
48751,134.80861
48752,221.51804
48753,228.11684
48754,167.3384
48755,119.55197
48756,160.67949
48757,215.35652
48758,337.82806
48759,389.11783
48760,433.60535
48761,388.7835
48762,357.1883
48763,298.2247
48764,265.11383
48765,205.94263
48766,206.35234
48767,218.05983
48768,218.2095
48769,165.041
48770,100.592354
48771,106.041756
48772,68.778336
48773,99.33778
48774,44.945686
48775,2.640304
48776,1.1547779
48777,2.3151627
48778,0.85164887
48779,0.35044447
48780,0.6182907
48781,1.8673775
48782,-0.14405511
48783,0.55683243
48784,1.3649927
48785,2.2978299
48786,1.4561542
48787,1.3413182
48788,1.3548938
48789,1.5118366
48790,0.41068006
48791,0.19038387
48792,1.5346713
48793,1.6009115
48794,0.40860078
48795,1.225181
48796,0.13202299
48797,-0.05780488
48798,0.020356208
48799,0.30448824
48800,-0.61916316
48801,-1.5446997
48802,0.06697467
48803,0.26183546
48804,-0.72568715
48805,0.80553997
48806,-0.22463506
48807,0.43568838
48808,-0.49622038
48809,-0.027414698
48810,1.3058391
48811,3.179711
48812,1.3076961
48813,1.8875406
48814,1.127977
48815,1.2249113
48816,1.3126825
48817,0.08933971
48818,-0.66246384
48819,-0.39359894
48820,2.8409364
48821,-0.6029131
48822,0.7116811
48823,4.055249
48824,1.4471179
48825,1.1508424
48826,4.0050316
48827,0.29994988
48828,1.5722094
48829,1.2059158
48830,0.9905433
48831,5.655136
48832,1.9022737
48833,-0.41746965
48834,3.6112206
48835,1.6533297
48836,0.7428338
48837,0.25166944
48838,-0.9699728
48839,-1.342585
48840,-0.57015896
48841,-0.38238046
48842,-0.4797955
48843,-0.34747744
48844,0.3387345
48845,-0.5879672
48846,-0.5476877
48847,-0.6752277
48848,0.08122666
48849,0.15370648
48850,-1.1817101
48851,-1.0464574
48852,0.44394785
48853,0.4551407
48854,0.319807
48855,0.94854766
48856,-1.0175464
48857,-0.63857776
48858,-0.69155014
48859,-1.2692084
48860,0.003468343
48861,-1.2035742
48862,-1.5156051
48863,-0.44187662
48864,0.3630014
48865,0.1034335
48866,0.35107207
48867,-0.09349614
48868,-0.36663482
48869,0.44295898
48870,1.3045353
48871,2.0120945
48872,4.2998996
48873,2.0219343
48874,1.42487
48875,1.4319627
48876,0.75507355
48877,0.30904007
48878,1.6425118
48879,0.4864312
48880,2.1465232
48881,4.9048653
48882,1.5401996
48883,1.4037702
48884,4.5611157
48885,4.754454
48886,1.3125259
48887,2.2022886
48888,1.1190518
48889,4.4932337
48890,3.181894
48891,3.2367089
48892,4.476654
48893,4.6516814
48894,1.5441092
48895,0.62864447
48896,0.56124693
48897,0.8996343
48898,-0.20026411
48899,0.9253452
48900,0.8541586
48901,14.4470625
48902,129.14407
48903,160.7884
48904,145.93155
48905,138.40579
48906,117.10004
48907,143.54063
48908,172.92696
48909,133.2464
48910,106.91189
48911,77.00338
48912,40.850777
48913,103.5169
48914,143.08537
48915,153.24455
48916,155.68306
48917,185.43324
48918,200.94376
48919,178.6046
48920,160.86879
48921,196.90672
48922,213.15442
48923,190.25775
48924,128.7653
48925,64.917175
48926,36.70312
48927,4.801795
48928,-2.2067351
48929,5.3884397
48930,0.0071616974
48931,-0.5215789
48932,-0.42946503
48933,-0.5442033
48934,4.941767
48935,26.166714
48936,19.989828
48937,38.8989
48938,37.196095
48939,18.313028
48940,8.372109
48941,4.560944
48942,-2.6915562
48943,11.087965
48944,0.47871372
48945,37.08679
48946,19.23175
48947,8.149836
48948,4.240077
48949,45.11235
48950,61.579956
48951,37.45564
48952,26.515678
48953,29.284864
48954,-2.436085
48955,0.10458724
48956,33.733253
48957,8.289448
48958,36.29997
48959,40.002052
48960,64.64464
48961,51.827194
48962,47.18283
48963,46.906925
48964,42.273834
48965,45.78241
48966,59.56174
48967,18.067728
48968,-1.2927194
48969,-0.43148828
48970,-0.40490168
48971,-0.38786918
48972,-0.4135304
48973,-0.49689713
48974,-0.3977763
48975,-0.42682043
48976,62.317123
48977,87.29491
48978,22.811949
48979,36.455154
48980,51.19289
48981,40.880913
48982,21.95033
48983,64.56106
48984,125.46893
48985,41.077873
48986,20.690577
48987,-4.541477
48988,1.7959641
48989,-2.4834406
48990,-3.669251
48991,-1.9264381
48992,-1.8308702
48993,36.15459
48994,170.10867
48995,118.42003
48996,50.523834
48997,-4.6435056
48998,-0.48098013
48999,-0.41378662
49000,-0.19339353
49001,-0.20420921
49002,-0.17981198
49003,-0.3198538
49004,-0.42290083
49005,-0.38392073
49006,-0.17158407
49007,-0.25850037
49008,-0.46047473
49009,-0.49518427
49010,-0.43745598
49011,-0.5130963
49012,-0.45278952
49013,31.318651
49014,22.65727
49015,0.6622775
49016,-0.48403442
49017,-0.432477
49018,-0.45610192
49019,-0.5208694
49020,-0.40794313
49021,-0.517564
49022,-0.5533423
49023,14.751402
49024,18.378302
49025,4.5079226
49026,-2.2365022
49027,-0.539144
49028,-0.49144197
49029,-0.47996637
49030,-0.20392458
49031,65.18488
49032,89.23017
49033,89.577225
49034,67.69658
49035,96.4171
49036,83.87003
49037,105.81033
49038,100.14082
49039,35.046425
49040,38.865616
49041,26.268263
49042,55.374577
49043,43.94685
49044,62.855003
49045,40.57213
49046,8.26956
49047,2.8479705
49048,-1.8005258
49049,29.913113
49050,34.05204
49051,45.79255
49052,84.40486
49053,22.002487
49054,46.684124
49055,9.715431
49056,-0.08179021
49057,64.36752
49058,109.33934
49059,128.37524
49060,86.11337
49061,202.46472
49062,219.13336
49063,229.18814
49064,216.22383
49065,154.6894
49066,110.03088
49067,150.58023
49068,65.6152
49069,160.33165
49070,118.04186
49071,89.54595
49072,133.81747
49073,164.11218
49074,182.60788
49075,191.66403
49076,199.53506
49077,211.11032
49078,130.70038
49079,98.28396
49080,46.968197
49081,60.301388
49082,78.07264
49083,58.246483
49084,42.127003
49085,54.54026
49086,61.097527
49087,55.015106
49088,33.482044
49089,40.86512
49090,68.96118
49091,46.871227
49092,37.884735
49093,22.146591
49094,22.02707
49095,16.365265
49096,38.804306
49097,63.092068
49098,51.1442
49099,66.28474
49100,104.38052
49101,132.88107
49102,179.94844
49103,185.02979
49104,152.11842
49105,46.103413
49106,4.249144
49107,-2.836675
49108,-0.33741146
49109,-0.33338723
49110,-0.3435588
49111,-0.3341288
49112,-0.31474707
49113,-0.29339406
49114,-0.38244134
49115,-0.4001957
49116,-0.35589483
49117,-0.37659508
49118,-0.41656974
49119,-0.4268096
49120,-0.4680821
49121,-0.453049
49122,-0.43100372
49123,-0.39964584
49124,-0.51532626
49125,-0.8075024
49126,-0.60600954
49127,44.990616
49128,56.852
49129,51.721455
49130,46.97933
49131,46.8549
49132,31.862677
49133,41.84223
49134,75.591415
49135,124.283905
49136,138.52669
49137,121.93519
49138,117.636826
49139,113.07808
49140,86.633644
49141,51.35809
49142,55.691284
49143,58.3482
49144,0.0319585
49145,36.09931
49146,100.99238
49147,100.82096
49148,143.80655
49149,180.69116
49150,206.31067
49151,233.3086
49152,258.42007
49153,260.15814
49154,245.76215
49155,288.19122
49156,317.3211
49157,334.82254
49158,261.85684
49159,290.47827
49160,269.64478
49161,222.94084
49162,286.6708
49163,267.88547
49164,211.95723
49165,182.82788
49166,117.146614
49167,104.480606
49168,88.24491
49169,137.8626
49170,184.44038
49171,107.46711
49172,21.675322
49173,22.662731
49174,121.214516
49175,316.66
49176,185.47101
49177,216.6982
49178,233.87091
49179,153.89175
49180,48.322205
49181,144.85901
49182,39.670692
49183,-0.102839574
49184,-0.3091026
49185,-0.27184558
49186,-0.17180826
49187,-0.2674961
49188,5.2499332
49189,39.507637
49190,55.060307
49191,20.386019
49192,5.82883
49193,-0.4763686
49194,-0.48182386
49195,-0.52045643
49196,-0.4985927
49197,-0.4421733
49198,-0.34282088
49199,-0.322776
49200,-0.2337586
49201,12.922074
49202,47.239906
49203,80.99878
49204,97.710075
49205,160.72372
49206,219.53766
49207,234.90837
49208,235.26741
49209,195.92488
49210,224.08714
49211,228.71004
49212,145.58539
49213,58.23097
49214,19.7331
49215,-2.5880935
49216,16.699728
49217,40.619484
49218,8.517936
49219,-0.95644057
49220,-0.37277552
49221,-0.38497528
49222,-0.37062076
49223,-0.41807106
49224,-0.3776132
49225,-0.3831583
49226,-0.32567155
49227,-0.3383286
49228,-0.46097746
49229,-0.56296736
49230,-0.44850752
49231,-0.5122603
49232,-0.46644887
49233,-0.6045213
49234,-0.55911356
49235,-0.5963482
49236,-0.4946129
49237,-0.5348947
49238,-0.52668047
49239,0.21375732
49240,52.3605
49241,33.451035
49242,10.240771
49243,25.595312
49244,35.983486
49245,22.311747
49246,4.3454986
49247,0.0470795
49248,0.19425961
49249,-2.8179123
49250,-0.68313164
49251,-0.5813903
49252,-0.43218514
49253,-0.3590097
49254,-0.42024916
49255,-0.36518952
49256,-0.40819767
49257,-0.39289904
49258,-0.45523036
49259,-0.44228765
49260,-0.46625274
49261,-0.4248214
49262,-0.4248214
49263,-0.4555004
49264,-0.42619145
49265,-0.42932236
49266,-0.33479813
49267,-0.4851246
49268,-0.3627635
49269,-0.32064372
49270,-0.25651798
49271,-0.46505845
49272,-0.46096504
49273,-0.5444079
49274,-0.53674114
49275,-0.5883479
49276,-0.5671134
49277,-0.7055787
49278,-0.7032407
49279,-0.62450284
49280,-0.61162364
49281,-0.55940384
49282,-0.5045717
49283,-0.592773
49284,-0.326081
49285,-0.27526876
49286,-0.28078583
49287,-0.4236996
49288,-0.48993185
49289,-0.6319805
49290,-0.64260507
49291,-0.70048463
49292,-0.61034626
49293,-0.5542208
49294,-0.5797519
49295,-0.5360105
49296,-0.5465718
49297,-0.52917504
49298,-0.56446457
49299,-0.5976621
49300,-0.6185969
49301,-0.5824201
49302,-0.5627922
49303,-0.5546359
49304,-0.32618907
49305,-0.5751461
49306,-0.53249335
49307,-0.56144583
49308,-0.65880996
49309,-0.5175555
49310,-0.5756959
49311,-0.56530136
49312,-0.56861275
49313,-0.33568743
49314,-0.47394988
49315,-0.55441326
49316,-0.5537252
49317,-0.6711463
49318,-0.73893267
49319,-0.6254906
49320,-0.66262704
49321,-0.71875525
49322,-0.6660581
49323,-0.39440522
49324,-0.6938732
49325,-0.41561076
49326,-0.4123459
49327,-0.75637966
49328,-0.82269764
49329,-0.8394285
49330,-0.78373325
49331,-0.8124567
49332,-0.74836123
49333,-0.7736444
49334,-0.7289939
49335,-0.964009
49336,89.81716
49337,83.2684
49338,26.766012
49339,122.42813
49340,147.27162
49341,125.889114
49342,37.95561
49343,65.36329
49344,189.22029
49345,60.07656
49346,159.5046
49347,198.01463
49348,218.60643
49349,87.45817
49350,139.2447
49351,48.30747
49352,69.74404
49353,26.26301
49354,103.974815
49355,27.615948
49356,17.94454
49357,42.620495
49358,66.64623
49359,46.058243
49360,41.385086
49361,16.425556
49362,51.314705
49363,55.660843
49364,73.320854
49365,42.626926
49366,47.38799
49367,90.65266
49368,52.913177
49369,47.03046
49370,34.749435
49371,36.43392
49372,61.79491
49373,63.672775
49374,59.053215
49375,64.456085
49376,100.9038
49377,92.02086
49378,111.44468
49379,131.38873
49380,126.52617
49381,82.87965
49382,76.36882
49383,48.44017
49384,103.13325
49385,105.466385
49386,86.62605
49387,80.79099
49388,83.93225
49389,110.86742
49390,161.37334
49391,181.09334
49392,172.75047
49393,249.31297
49394,235.48395
49395,248.8046
49396,315.15604
49397,243.87794
49398,205.26439
49399,338.28354
49400,277.37482
49401,183.57188
49402,230.80421
49403,227.24911
49404,296.88843
49405,366.7634
49406,278.5329
49407,247.43468
49408,242.70985
49409,318.8244
49410,263.3508
49411,191.53342
49412,145.7392
49413,234.51526
49414,294.89984
49415,252.34843
49416,304.85013
49417,135.38788
49418,164.25462
49419,65.84274
49420,136.00113
49421,107.79329
49422,183.003
49423,306.7606
49424,277.5217
49425,328.7412
49426,265.61514
49427,250.8375
49428,274.10382
49429,266.68674
49430,325.77338
49431,301.19247
49432,285.81705
49433,246.12793
49434,185.76503
49435,121.026115
49436,110.19785
49437,191.13863
49438,100.440285
49439,107.73595
49440,107.60211
49441,67.550385
49442,136.99023
49443,182.79628
49444,215.7111
49445,190.84567
49446,187.44257
49447,129.76768
49448,123.58337
49449,103.93009
49450,87.24359
49451,134.6723
49452,163.6722
49453,116.97578
49454,78.783424
49455,128.91838
49456,128.1445
49457,271.331
49458,193.98384
49459,142.8746
49460,194.04178
49461,403.3297
49462,305.88684
49463,274.55045
49464,196.49132
49465,226.8814
49466,180.14268
49467,154.78494
49468,118.47668
49469,140.15822
49470,269.66724
49471,305.47162
49472,357.13528
49473,183.44295
49474,146.25539
49475,97.55312
49476,106.49581
49477,121.47452
49478,198.96552
49479,93.63473
49480,101.47366
49481,97.697205
49482,131.38228
49483,119.8908
49484,131.39958
49485,191.83603
49486,150.55756
49487,214.68648
49488,207.16019
49489,308.20212
49490,187.14445
49491,194.18532
49492,79.30615
49493,122.97575
49494,160.83386
49495,186.7384
49496,166.78094
49497,169.1183
49498,192.76437
49499,249.76334
49500,416.9279
49501,305.15088
49502,234.72778
49503,276.8738
49504,389.23767
49505,281.68842
49506,153.40204
49507,126.71131
49508,239.98714
49509,136.78375
49510,103.51345
49511,150.75542
49512,229.84946
49513,169.12502
49514,72.80592
49515,77.48237
49516,101.168076
49517,188.73814
49518,188.81148
49519,240.88608
49520,134.79147
49521,108.15464
49522,103.059525
49523,76.43799
49524,76.36655
49525,9.038158
49526,59.257397
49527,112.19532
49528,173.59944
49529,131.41718
49530,144.59438
49531,182.06735
49532,68.95993
49533,50.39455
49534,72.481155
49535,149.9234
49536,79.38127
49537,122.06731
49538,60.90154
49539,141.81157
49540,183.04541
49541,255.70366
49542,206.7905
49543,212.93904
49544,244.45021
49545,267.20477
49546,294.83228
49547,366.20535
49548,307.43274
49549,252.31084
49550,147.81415
49551,137.80911
49552,110.70884
49553,102.98799
49554,98.394775
49555,106.75503
49556,122.02097
49557,133.00848
49558,112.692245
49559,116.623405
49560,122.06197
49561,101.15809
49562,59.4655
49563,70.67193
49564,69.86602
49565,37.23547
49566,54.884266
49567,29.408
49568,71.47176
49569,50.821884
49570,33.128212
49571,43.90398
49572,73.30523
49573,145.91927
49574,160.59883
49575,133.33154
49576,87.838425
49577,141.34364
49578,49.551926
49579,8.770264
49580,-0.5390742
49581,-0.49463186
49582,-0.02318822
49583,-0.22550872
49584,-0.25181085
49585,-0.24815708
49586,-0.5884559
49587,33.713585
49588,100.16199
49589,79.50167
49590,122.58807
49591,179.00818
49592,211.98897
49593,104.04271
49594,27.414148
49595,16.453302
49596,93.68816
49597,79.84538
49598,67.45512
49599,25.392553
49600,123.23214
49601,345.43808
49602,168.66103
49603,203.57262
49604,127.904305
49605,98.04701
49606,173.5164
49607,108.892
49608,169.8032
49609,239.56491
49610,170.72466
49611,128.73814
49612,88.880226
49613,164.79973
49614,371.58167
49615,310.96115
49616,310.37027
49617,108.84585
49618,196.18864
49619,142.87567
49620,96.89756
49621,153.34004
49622,181.91966
49623,87.86305
49624,181.55428
49625,273.35092
49626,198.40561
49627,177.98958
49628,288.6344
49629,269.5839
49630,323.95438
49631,373.9878
49632,300.95847
49633,182.94463
49634,35.71299
49635,95.78064
49636,275.23474
49637,311.06326
49638,191.22852
49639,156.9948
49640,91.12257
49641,148.32726
49642,237.0036
49643,238.64561
49644,128.22412
49645,181.80658
49646,102.9181
49647,174.3199
49648,152.02621
49649,97.812965
49650,90.601105
49651,171.10712
49652,191.91966
49653,219.65479
49654,123.23743
49655,130.08517
49656,197.93196
49657,248.70348
49658,245.01495
49659,185.63745
49660,84.520004
49661,109.97811
49662,162.17342
49663,271.58203
49664,471.75162
49665,277.39096
49666,206.44366
49667,229.03246
49668,308.61548
49669,236.63023
49670,276.81284
49671,342.47327
49672,400.69012
49673,391.49203
49674,326.00964
49675,451.33514
49676,432.75912
49677,438.60736
49678,450.56067
49679,580.4812
49680,708.3097
49681,698.66425
49682,796.2489
49683,735.5249
49684,881.56213
49685,900.2389
49686,1027.0554
49687,1245.4447
49688,1473.3707
49689,1510.6073
49690,1576.758
49691,1311.6007
49692,1628.4614
49693,1541.0251
49694,1320.7686
49695,1228.2717
49696,1055.6119
49697,1094.0391
49698,995.82965
49699,930.6617
49700,740.67505
49701,758.37305
49702,1008.2634
49703,959.30115
49704,757.2422
49705,909.82465
49706,972.45325
49707,1038.9716
49708,1059.6553
49709,1152.0834
49710,1115.0084
49711,1091.179
49712,910.3673
49713,1053.8972
49714,760.4236
49715,673.3583
49716,771.1986
49717,932.1532
49718,788.2777
49719,867.56384
49720,887.9894
49721,908.21173
49722,946.1128
49723,794.81885
49724,1081.6205
49725,1353.5873
49726,1495.3042
49727,1315.977
49728,1170.9241
49729,1449.8795
49730,1436.4196
49731,1728.9783
49732,1373.0298
49733,1176.8284
49734,1448.0591
49735,1429.4291
49736,1448.2639
49737,1722.6954
49738,1915.7086
49739,1920.046
49740,1877.1554
49741,1683.9716
49742,1808.336
49743,1677.3368
49744,1862.1056
49745,1938.8195
49746,1936.1561
49747,1910.7355
49748,1818.75
49749,1946.6499
49750,1968.8715
49751,1960.5073
49752,2017.0468
49753,1830.862
49754,1904.0073
49755,2010.4512
49756,2015.4194
49757,2019.6031
49758,2016.6781
49759,2014.7854
49760,2015.6074
49761,2005.8726
49762,2000.3691
49763,1992.1792
49764,1995.1403
49765,1998.5167
49766,1935.8054
49767,1939.267
49768,1534.6212
49769,1782.6356
49770,1594.6482
49771,1527.3955
49772,1729.7555
49773,1684.2213
49774,1446.2932
49775,1396.9626
49776,1525.3971
49777,1516.9861
49778,1263.7043
49779,1005.95154
49780,1091.472
49781,1386.002
49782,1592.9364
49783,1193.0055
49784,1595.6337
49785,1714.2119
49786,1387.3516
49787,1031.2495
49788,1219.3448
49789,1402.5739
49790,1456.5668
49791,919.1985
49792,979.66174
49793,1239.7218
49794,990.96423
49795,1155.673
49796,769.6431
49797,556.88525
49798,445.27032
49799,577.11615
49800,564.0688
49801,535.65393
49802,602.84436
49803,573.75574
49804,537.3333
49805,469.48834
49806,342.8458
49807,374.2965
49808,498.1457
49809,631.02905
49810,331.6576
49811,279.46957
49812,332.4567
49813,425.29233
49814,530.7121
49815,523.0745
49816,624.56494
49817,626.54834
49818,629.3814
49819,683.42596
49820,842.93195
49821,1104.919
49822,1250.4204
49823,964.63367
49824,1018.2759
49825,1304.3215
49826,1375.1781
49827,1179.849
49828,1372.8455
49829,1556.673
49830,1147.925
49831,1153.3386
49832,1360.2559
49833,1417.0928
49834,840.54767
49835,633.05273
49836,832.4893
49837,889.15027
49838,792.6461
49839,1058.2418
49840,1060.3121
49841,1224.7689
49842,1359.7286
49843,1193.9673
49844,1237.8368
49845,945.39716
49846,1156.4331
49847,1007.5151
49848,679.05853
49849,653.418
49850,876.4515
49851,798.7248
49852,1233.0155
49853,1697.4109
49854,1566.7006
49855,1513.8162
49856,1467.1794
49857,1372.6449
49858,1444.2638
49859,1553.0658
49860,1626.4193
49861,1407.3641
49862,1402.284
49863,1024.577
49864,975.6756
49865,854.0092
49866,902.8552
49867,1267.2168
49868,944.09045
49869,1260.9879
49870,1390.9377
49871,1634.6271
49872,1683.9081
49873,1816.4734
49874,2002.2896
49875,1872.6753
49876,1854.4343
49877,1836.1045
49878,1758.0515
49879,1797.1199
49880,1882.9996
49881,1866.5518
49882,1956.3943
49883,1931.4325
49884,1926.5802
49885,1884.7952
49886,1795.6608
49887,1413.0967
49888,1538.9958
49889,1765.7031
49890,1661.0999
49891,1667.209
49892,1364.9022
49893,1306.3545
49894,1375.79
49895,1696.2538
49896,1741.1881
49897,1488.4965
49898,1668.8861
49899,1480.8981
49900,1365.6975
49901,1555.5972
49902,1138.1404
49903,1131.0498
49904,1344.2596
49905,865.41034
49906,755.7996
49907,860.9936
49908,914.42786
49909,376.36557
49910,545.4609
49911,1176.317
49912,816.4909
49913,491.9182
49914,855.1672
49915,1357.6279
49916,1008.6815
49917,1142.1656
49918,1007.13116
49919,940.96014
49920,814.3829
49921,800.9954
49922,861.19836
49923,974.9299
49924,750.9475
49925,944.88196
49926,581.99506
49927,464.87332
49928,591.5286
49929,706.70966
49930,413.9407
49931,253.7703
49932,289.08496
49933,236.73763
49934,331.82202
49935,566.6135
49936,1062.4205
49937,1028.8636
49938,863.0762
49939,1125.6407
49940,1174.9124
49941,718.9537
49942,1400.8103
49943,1371.0216
49944,1263.887
49945,1421.842
49946,1023.6372
49947,986.75275
49948,1084.8319
49949,1347.1183
49950,1013.6652
49951,843.8708
49952,1293.7786
49953,984.38525
49954,998.4729
49955,894.78644
49956,1039.1805
49957,848.57227
49958,805.3172
49959,488.04617
49960,579.6861
49961,555.3725
49962,424.15723
49963,285.1329
49964,378.54608
49965,444.2489
49966,628.0031
49967,568.1798
49968,706.59863
49969,639.98114
49970,435.2811
49971,459.5519
49972,366.26
49973,545.50226
49974,712.3098
49975,695.1307
49976,745.5024
49977,751.1304
49978,763.5802
49979,794.3138
49980,774.7212
49981,868.55743
49982,1089.0883
49983,1052.595
49984,1094.9199
49985,1241.0509
49986,834.2491
49987,916.9174
49988,1343.0859
49989,1338.2988
49990,1277.9116
49991,1328.6002
49992,1412.8503
49993,1317.728
49994,1670.7076
49995,1466.9963
49996,1533.6011
49997,1554.1418
49998,1423.8304
49999,1649.6517
50000,1557.3442
50001,1421.9014
50002,1668.1615
50003,1506.0337
50004,1663.2358
50005,1583.2596
50006,1470.3972
50007,1366.0453
50008,1690.8932
50009,1416.8444
50010,1470.5023
50011,1564.5243
50012,1339.4514
50013,1079.7572
50014,986.82544
50015,1309.6111
50016,1113.1202
50017,1203.2151
50018,1072.6094
50019,918.1203
50020,924.963
50021,1086.5022
50022,986.1579
50023,772.1366
50024,904.96246
50025,912.1526
50026,506.79883
50027,366.34973
50028,388.9486
50029,565.3285
50030,492.60043
50031,547.3518
50032,591.29034
50033,682.1239
50034,1020.1495
50035,780.5958
50036,389.48413
50037,406.43344
50038,348.9803
50039,246.47975
50040,385.46906
50041,170.03267
50042,425.6538
50043,650.24
50044,633.2317
50045,575.9021
50046,493.39178
50047,437.47678
50048,506.8629
50049,351.9118
50050,241.87077
50051,212.43016
50052,267.91837
50053,384.53723
50054,453.60358
50055,427.9276
50056,472.36514
50057,175.05707
50058,317.24323
50059,385.15665
50060,109.044754
50061,89.4785
50062,91.427055
50063,72.71046
50064,69.009125
50065,109.87454
50066,102.30238
50067,182.84834
50068,39.249702
50069,127.43832
50070,91.311066
50071,82.340805
50072,54.704025
50073,5.1722994
50074,5.2314515
50075,16.235477
50076,102.86315
50077,67.90493
50078,106.476906
50079,166.5518
50080,246.8648
50081,193.24974
50082,197.02473
50083,269.69162
50084,283.872
50085,332.2571
50086,231.53893
50087,198.75958
50088,175.2547
50089,297.06244
50090,267.22876
50091,273.77127
50092,227.90446
50093,171.29616
50094,197.79308
50095,137.72086
50096,111.13064
50097,62.865353
50098,62.5221
50099,144.14726
50100,190.2167
50101,86.24376
50102,51.85537
50103,169.61046
50104,261.49634
50105,248.82527
50106,204.55223
50107,131.02618
50108,152.88333
50109,111.38649
50110,144.00603
50111,176.15105
50112,221.83333
50113,268.08408
50114,338.56488
50115,537.95685
50116,428.31
50117,443.61185
50118,391.82535
50119,433.2476
50120,276.63358
50121,371.56525
50122,316.78525
50123,374.12268
50124,528.6671
50125,439.31824
50126,417.03043
50127,331.4311
50128,165.51004
50129,154.22723
50130,162.59303
50131,178.58344
50132,187.79037
50133,173.1018
50134,190.31543
50135,250.79153
50136,315.89783
50137,371.03232
50138,367.44244
50139,295.2541
50140,280.6402
50141,353.2421
50142,243.94356
50143,217.98213
50144,277.22098
50145,302.34283
50146,433.18835
50147,432.45966
50148,310.73828
50149,167.49553
50150,178.75456
50151,197.18764
50152,128.61247
50153,105.067276
50154,206.12721
50155,154.20007
50156,168.70093
50157,124.79236
50158,131.73836
50159,92.85377
50160,94.220825
50161,187.65121
50162,223.16693
50163,209.895
50164,325.29388
50165,304.4315
50166,311.581
50167,299.89105
50168,244.9731
50169,299.95032
50170,305.71902
50171,358.89835
50172,372.21674
50173,250.99483
50174,224.25217
50175,247.92252
50176,374.95663
50177,405.14542
50178,289.14532
50179,395.61765
50180,430.9852
50181,454.32886
50182,425.23874
50183,427.79843
50184,541.29346
50185,379.32748
50186,323.0402
50187,217.16231
50188,244.40343
50189,418.98636
50190,323.82053
50191,312.37405
50192,426.85852
50193,360.00662
50194,561.4594
50195,771.9474
50196,464.21396
50197,569.4667
50198,767.54425
50199,848.15607
50200,652.7466
50201,607.1717
50202,659.0867
50203,608.6813
50204,883.28937
50205,1014.2029
50206,1120.4095
50207,1040.7711
50208,1297.1683
50209,1420.9316
50210,1475.825
50211,1473.7051
50212,1369.6833
50213,1580.9263
50214,1497.0999
50215,1763.0463
50216,1580.0918
50217,1856.9149
50218,1824.5198
50219,1412.2943
50220,1761.8988
50221,1930.1656
50222,1831.3589
50223,1730.758
50224,1730.993
50225,1666.115
50226,1660.7413
50227,1621.9662
50228,1652.1515
50229,1828.8826
50230,1746.5659
50231,1430.7915
50232,1659.2
50233,1672.8163
50234,1335.34
50235,761.57367
50236,1380.2994
50237,1598.7262
50238,1401.9019
50239,965.8855
50240,1083.5942
50241,1128.8868
50242,825.03784
50243,454.912
50244,728.177
50245,1060.6577
50246,1214.8188
50247,1560.0452
50248,1658.768
50249,1740.1246
50250,1693.4854
50251,1845.4347
50252,1719.7896
50253,1679.4347
50254,1754.4783
50255,1799.2224
50256,1698.7563
50257,1525.1038
50258,1357.1927
50259,1249.4713
50260,1181.6154
50261,1249.1014
50262,1265.3909
50263,1655.8188
50264,1108.168
50265,1009.898
50266,1037.3848
50267,963.67413
50268,995.3165
50269,840.4973
50270,842.6287
50271,831.3154
50272,989.8657
50273,661.0913
50274,689.351
50275,783.11523
50276,690.16956
50277,736.11005
50278,628.3961
50279,634.82465
50280,382.80914
50281,300.02322
50282,333.16302
50283,537.52985
50284,702.9695
50285,564.4974
50286,622.66675
50287,484.8826
50288,481.48135
50289,387.68506
50290,389.57513
50291,429.38382
50292,663.5249
50293,859.9122
50294,706.9111
50295,575.2563
50296,422.85193
50297,408.1278
50298,484.91327
50299,648.0169
50300,638.76404
50301,550.9318
50302,507.1253
50303,515.5944
50304,873.81836
50305,640.2926
50306,880.6983
50307,1114.1488
50308,1025.2872
50309,1093.3579
50310,806.9026
50311,768.4663
50312,699.767
50313,565.90485
50314,671.3576
50315,631.0767
50316,598.5914
50317,667.3008
50318,661.53564
50319,965.7669
50320,1038.1796
50321,1067.0339
50322,1235.4827
50323,1162.5598
50324,1581.0306
50325,1524.3241
50326,1478.0568
50327,1293.6802
50328,1632.5016
50329,1628.5793
50330,1498.5557
50331,1347.9365
50332,1493.1423
50333,1252.9828
50334,1200.8516
50335,971.9419
50336,1144.8451
50337,1088.2977
50338,944.9747
50339,1080.3264
50340,1218.7583
50341,1141.7448
50342,1249.1504
50343,1548.7725
50344,1283.0913
50345,1167.3856
50346,1592.8463
50347,1760.6736
50348,1629.5844
50349,1469.7241
50350,1328.8698
50351,1483.4198
50352,1238.6006
50353,1676.4084
50354,1567.899
50355,1518.2295
50356,1878.8087
50357,1950.2128
50358,1765.8608
50359,1621.9478
50360,1666.7368
50361,1755.0992
50362,1534.2905
50363,1745.0372
50364,1946.8262
50365,1889.5486
50366,1827.8971
50367,1646.8777
50368,1449.4084
50369,1310.9552
50370,1337.4874
50371,1361.5665
50372,1511.0135
50373,1736.5663
50374,1687.4325
50375,1771.941
50376,1914.1354
50377,1751.486
50378,1740.1871
50379,1712.9763
50380,1700.0125
50381,1865.9875
50382,1818.2675
50383,1814.4174
50384,1754.7272
50385,1852.7437
50386,1858.4907
50387,1842.2853
50388,1736.9789
50389,1763.0758
50390,1819.3127
50391,1852.4019
50392,1968.4579
50393,1925.0975
50394,1970.2722
50395,1859.8915
50396,1966.4799
50397,1923.5294
50398,1961.4951
50399,1911.9127
50400,1994.0201
50401,2016.8783
50402,2020.5011
50403,1857.3435
50404,1971.629
50405,2027.4658
50406,2014.1489
50407,2028.043
50408,1940.2567
50409,2027.4635
50410,1926.6703
50411,1870.4562
50412,1877.9539
50413,1833.2568
50414,1860.9526
50415,1940.7079
50416,1777.9049
50417,1769.973
50418,1709.198
50419,1862.6376
50420,2003.8499
50421,1970.7189
50422,1978.409
50423,1712.6188
50424,1906.8538
50425,1882.2
50426,1890.0176
50427,1932.3162
50428,1885.4792
50429,1983.0112
50430,1862.286
50431,1867.5217
50432,1980.4342
50433,1852.6816
50434,1982.4528
50435,1979.7745
50436,1901.2491
50437,1960.7155
50438,1977.249
50439,1899.2166
50440,1816.9225
50441,1852.194
50442,1825.9325
50443,1928.5408
50444,1874.8762
50445,1773.1698
50446,1928.584
50447,1955.8402
50448,1925.8345
50449,2025.6663
50450,2024.5769
50451,2023.7322
50452,1949.7211
50453,1952.9946
50454,1956.9261
50455,1848.7703
50456,1798.607
50457,1819.731
50458,1771.4811
50459,1736.692
50460,1751.377
50461,1744.6274
50462,1798.0046
50463,1670.6984
50464,1547.2582
50465,1570.3104
50466,1535.4803
50467,1300.3214
50468,1582.0002
50469,1372.5217
50470,1179.2125
50471,1079.8477
50472,1082.255
50473,1538.8335
50474,1319.5315
50475,1305.9937
50476,1582.7021
50477,1584.1637
50478,1791.3446
50479,1991.9574
50480,1629.7896
50481,1463.256
50482,1723.8329
50483,1301.497
50484,1323.7887
50485,1367.0653
50486,1343.3511
50487,1271.3682
50488,925.92145
50489,1286.8696
50490,1371.8105
50491,1572.9176
50492,1693.4323
50493,1404.4314
50494,1120.9031
50495,1178.9905
50496,1251.1487
50497,1117.1943
50498,932.2962
50499,1486.2441
50500,1529.4033
50501,1242.6028
50502,1362.1849
50503,1224.7762
50504,1482.2551
50505,1175.776
50506,1029.4534
50507,517.5189
50508,727.1571
50509,834.5001
50510,840.26556
50511,1067.1904
50512,1053.0812
50513,1016.92505
50514,860.55566
50515,1093.7275
50516,1143.978
50517,897.09
50518,881.77826
50519,695.5522
50520,687.3922
50521,780.99274
50522,636.4763
50523,598.32733
50524,478.38416
50525,574.7654
50526,751.16266
50527,931.77704
50528,1044.9652
50529,886.1927
50530,941.0339
50531,853.1594
50532,783.5247
50533,775.51917
50534,1064.8442
50535,981.5365
50536,923.8341
50537,1107.2297
50538,1130.8893
50539,1083.3586
50540,1430.938
50541,1531.2244
50542,1347.9596
50543,1342.8146
50544,1773.2217
50545,1835.7275
50546,1893.0347
50547,2021.2087
50548,2020.737
50549,2027.9146
50550,1878.9506
50551,1678.5625
50552,1468.1669
50553,1539.6707
50554,1707.1187
50555,1439.6846
50556,1585.5447
50557,1472.9154
50558,1484.5393
50559,1510.3196
50560,1839.9437
50561,1743.8817
50562,1671.3018
50563,1383.634
50564,1762.9994
50565,1634.7454
50566,1570.4767
50567,1473.4121
50568,1626.0619
50569,1572.7837
50570,1587.0106
50571,1606.6802
50572,1653.8141
50573,44.41145
50574,533.9475
50575,1817.9266
50576,1809.6519
50577,1837.5931
50578,1253.6631
50579,1935.2028
50580,1757.3291
50581,1724.2233
50582,1653.6104
50583,1645.6162
50584,1748.1505
50585,1730.596
50586,1623.1571
50587,1752.4705
50588,1833.8948
50589,1813.1537
50590,1635.5986
50591,1940.0803
50592,1791.6266
50593,1127.6481
50594,1574.3062
50595,1933.4685
50596,1680.6716
50597,1903.6633
50598,1733.3862
50599,1776.8135
50600,1725.1735
50601,1659.134
50602,1540.4276
50603,1669.8864
50604,1308.7175
50605,1652.3188
50606,1579.8428
50607,1741.835
50608,1913.4054
50609,1531.0317
50610,1479.0566
50611,1483.6952
50612,1391.4725
50613,1605.275
50614,1755.9707
50615,1453.8577
50616,895.7887
50617,1128.7777
50618,1355.896
50619,1228.97
50620,968.695
50621,1367.3276
50622,1560.448
50623,1565.33
50624,1342.8156
50625,1491.4412
50626,1422.8943
50627,1559.4532
50628,1421.8135
50629,1590.7821
50630,1149.6089
50631,1210.8815
50632,1555.3527
50633,1400.855
50634,1374.8574
50635,1420.8096
50636,1536.3514
50637,1468.1521
50638,1601.5881
50639,1526.5952
50640,1533.7916
50641,1610.301
50642,1896.8091
50643,1948.462
50644,1932.8375
50645,1947.9573
50646,1946.2584
50647,1989.3741
50648,1940.9929
50649,1992.8143
50650,1989.7863
50651,1989.6237
50652,1985.7427
50653,1932.2736
50654,1995.0767
50655,1988.8351
50656,1991.0631
50657,1990.9377
50658,2004.7218
50659,2002.1914
50660,1993.7775
50661,1994.0463
50662,1999.4401
50663,1984.9116
50664,1992.2023
50665,2004.7024
50666,2006.0818
50667,2006.8497
50668,2020.1997
50669,2003.8552
50670,1956.223
50671,1940.5187
50672,1720.6748
50673,1896.9714
50674,1947.3522
50675,1976.6692
50676,1994.6923
50677,2004.2294
50678,2004.0625
50679,2002.5424
50680,2006.3898
50681,2010.8668
50682,2013.4478
50683,1968.0238
50684,1913.3499
50685,1809.0453
50686,1889.9127
50687,1990.163
50688,1990.0084
50689,2003.2399
50690,2000.6348
50691,2000.9026
50692,2001.3696
50693,1992.7559
50694,1827.9896
50695,1925.0375
50696,1925.7213
50697,1980.9885
50698,1854.487
50699,1884.7827
50700,1904.3809
50701,1898.8754
50702,1862.6207
50703,1877.2275
50704,1942.2472
50705,1869.0211
50706,958.1344
50707,373.41248
50708,1054.324
50709,1563.915
50710,1833.3715
50711,1701.1763
50712,1662.812
50713,1861.8157
50714,1382.9658
50715,1433.7495
50716,1506.3542
50717,1208.4216
50718,1273.8297
50719,1504.3214
50720,1453.5808
50721,1367.1088
50722,1329.2438
50723,1659.2535
50724,1386.9155
50725,1252.4979
50726,1524.1337
50727,1541.8922
50728,1562.1825
50729,1611.6188
50730,1624.7743
50731,1227.8212
50732,1668.1904
50733,1362.992
50734,1610.9353
50735,1616.4407
50736,1127.8265
50737,1719.7169
50738,1464.8346
50739,1373.9594
50740,1068.725
50741,1385.9138
50742,1184.5219
50743,954.73193
50744,1232.4927
50745,1002.2622
50746,1459.1246
50747,1287.7688
50748,1379.367
50749,1076.9835
50750,770.42896
50751,891.0225
50752,1017.67194
50753,969.8364
50754,1348.6364
50755,1163.3325
50756,897.4936
50757,1159.5502
50758,892.5661
50759,1029.919
50760,1347.0315
50761,1279.306
50762,1150.8655
50763,1076.1051
50764,-6.270137
50765,348.31064
50766,923.4443
50767,845.9191
50768,627.1895
50769,669.47046
50770,484.02795
50771,794.713
50772,478.3698
50773,471.53784
50774,362.89975
50775,368.7838
50776,-0.31568587
50777,370.3979
50778,538.07104
50779,504.72644
50780,370.30457
50781,371.96786
50782,577.69214
50783,568.73303
50784,615.8578
50785,665.12427
50786,511.3049
50787,683.4977
50788,591.20935
50789,562.2104
50790,455.97092
50791,598.0049
50792,589.44885
50793,748.4512
50794,468.9437
50795,735.522
50796,740.4138
50797,674.51636
50798,632.9047
50799,683.7236
50800,526.8512
50801,442.913
50802,353.57367
50803,460.71216
50804,424.5339
50805,429.4416
50806,392.13776
50807,412.54755
50808,590.0128
50809,529.02045
50810,694.54156
50811,610.717
50812,300.8444
50813,333.14294
50814,368.04303
50815,524.3268
50816,521.81287
50817,471.00134
50818,1000.2208
50819,1074.5408
50820,1095.1151
50821,698.4549
50822,1109.7045
50823,969.1918
50824,1362.7325
50825,1416.6158
50826,1488.9368
50827,1145.4072
50828,1322.6802
50829,1062.3817
50830,1293.0087
50831,1198.4559
50832,1338.5776
50833,1203.9226
50834,1595.3976
50835,951.7949
50836,963.10474
50837,1082.5397
50838,1016.2317
50839,1076.0719
50840,939.11414
50841,1109.4756
50842,1107.7177
50843,1189.292
50844,1234.456
50845,1000.3792
50846,922.13403
50847,842.06726
50848,836.927
50849,689.943
50850,869.8433
50851,853.4534
50852,927.6352
50853,760.2285
50854,1055.1117
50855,1005.97644
50856,1318.2994
50857,1495.9325
50858,1246.3636
50859,1267.902
50860,1443.1417
50861,1651.5228
50862,1821.6858
50863,1805.217
50864,1888.771
50865,1998.8405
50866,2013.1012
50867,1980.1266
50868,2010.2079
50869,2016.006
50870,2017.7961
50871,2023.2094
50872,2024.259
50873,2012.0613
50874,2025.4178
50875,2023.918
50876,2026.2944
50877,2026.2876
50878,2013.4695
50879,2012.5537
50880,2008.0339
50881,2025.7114
50882,2023.9327
50883,2023.7273
50884,2016.9996
50885,2016.6598
50886,2018.5518
50887,2021.8333
50888,2019.8113
50889,2018.3298
50890,2022.1724
50891,2019.7642
50892,2020.4146
50893,2002.7423
50894,2028.0607
50895,512.4191
50896,29.182499
50897,32.850372
50898,552.676
50899,2007.3755
50900,1985.454
50901,1985.1453
50902,1951.5348
50903,1924.2793
50904,1950.071
50905,1889.2157
50906,1830.4503
50907,1841.7667
50908,1960.2046
50909,1971.8408
50910,1122.3442
50911,5.7827005
50912,2.9041212
50913,965.3226
50914,1981.3573
50915,1977.6945
50916,1908.7986
50917,1939.5869
50918,1862.3873
50919,1967.8906
50920,1903.7062
50921,1916.1458
50922,1980.4067
50923,1818.6283
50924,1980.4729
50925,1980.714
50926,1981.7247
50927,1864.455
50928,1802.177
50929,1793.1927
50930,1975.3368
50931,1993.3773
50932,1981.9047
50933,1819.8695
50934,2005.4147
50935,2004.7881
50936,2001.1343
50937,1938.534
50938,2010.1504
50939,1901.6749
50940,1778.4402
50941,1619.9633
50942,1593.4803
50943,1770.7328
50944,1771.9703
50945,1855.4613
50946,1269.7191
50947,1115.2944
50948,901.16223
50949,1126.6787
50950,1450.9866
50951,1094.8613
50952,1279.9814
50953,999.8116
50954,936.2153
50955,968.59894
50956,922.57153
50957,1097.8448
50958,1201.1877
50959,1164.7343
50960,1260.1724
50961,1130.5955
50962,1278.3694
50963,1391.7983
50964,1358.8978
50965,1195.122
50966,868.54834
50967,900.5404
50968,1034.3853
50969,1325.795
50970,1430.8921
50971,1483.9792
50972,1598.3619
50973,1743.7548
50974,1852.7203
50975,1664.8953
50976,1777.4622
50977,1263.6226
50978,1187.841
50979,1289.8641
50980,1522.1871
50981,1556.4417
50982,1553.5864
50983,1732.4474
50984,1741.259
50985,1608.2261
50986,1133.8195
50987,1009.81915
50988,988.9174
50989,1142.2126
50990,1501.3053
50991,1426.6781
50992,1407.9087
50993,1004.47314
50994,1260.6477
50995,1361.1997
50996,1598.2152
50997,1715.4783
50998,1650.2031
50999,1799.9652
51000,1749.4788
51001,1915.8092
51002,1595.5743
51003,1345.7031
51004,1201.7169
51005,1121.661
51006,869.05255
51007,680.02655
51008,709.54443
51009,516.4316
51010,582.3827
51011,597.09283
51012,753.049
51013,763.162
51014,720.55536
51015,490.83374
51016,606.79266
51017,535.58
51018,359.47217
51019,328.20108
51020,237.45213
51021,240.5894
51022,262.70963
51023,214.194
51024,283.8269
51025,285.23538
51026,450.2844
51027,571.7299
51028,657.2848
51029,633.20996
51030,621.7028
51031,575.9744
51032,502.38962
51033,619.5145
51034,568.953
51035,992.12317
51036,874.4048
51037,528.5924
51038,688.5413
51039,529.2714
51040,393.21698
51041,458.42636
51042,443.28726
51043,88.8879
51044,397.22763
51045,350.13663
51046,417.39423
51047,370.1282
51048,438.51364
51049,649.6158
51050,570.7641
51051,494.31952
51052,508.21628
51053,575.6006
51054,767.65784
51055,1164.3027
51056,1285.6886
51057,1462.8964
51058,1447.9921
51059,1508.2614
51060,1871.2988
51061,1870.3289
51062,1838.621
51063,1884.9716
51064,1945.9543
51065,1695.1703
51066,1683.3538
51067,1720.9269
51068,1614.6208
51069,1836.5676
51070,1828.2366
51071,1880.5216
51072,1859.813
51073,1909.5258
51074,1920.6301
51075,1810.4628
51076,1893.077
51077,1926.9032
51078,1909.6383
51079,1809.5052
51080,1796.0286
51081,1879.095
51082,1811.9637
51083,1779.1643
51084,1954.8833
51085,1915.9279
51086,1961.0577
51087,1871.9733
51088,2018.4775
51089,2017.1625
51090,1990.126
51091,2020.558
51092,2017.9177
51093,2017.546
51094,1980.1093
51095,1950.278
51096,1922.1088
51097,1993.6642
51098,1948.0447
51099,1947.165
51100,1952.3784
51101,1935.4358
51102,1954.582
51103,1860.9896
51104,1952.2617
51105,1979.6753
51106,1976.5898
51107,2013.0758
51108,1945.3453
51109,1967.2859
51110,2012.7445
51111,1940.7091
51112,1896.0701
51113,2015.1622
51114,1970.2051
51115,1967.6096
51116,1833.7817
51117,1994.663
51118,1967.9133
51119,1814.663
51120,1637.6234
51121,1471.4238
51122,1436.8663
51123,1376.6918
51124,1524.0876
51125,1474.8739
51126,1291.8718
51127,1545.3406
51128,1635.05
51129,1535.9933
51130,1583.3494
51131,1284.0725
51132,1615.8778
51133,1538.1581
51134,1544.5016
51135,1413.852
51136,1533.9979
51137,1602.5994
51138,1559.2018
51139,1500.229
51140,1290.5278
51141,1558.0773
51142,1444.674
51143,1261.179
51144,1330.3851
51145,1448.1896
51146,1356.4432
51147,1537.7137
51148,1638.9713
51149,1358.9147
51150,1013.5933
51151,1189.5586
51152,1374.2861
51153,1434.1521
51154,1523.9128
51155,1298.9814
51156,1239.1245
51157,1383.9294
51158,1385.2976
51159,1298.6256
51160,1159.1102
51161,1168.1613
51162,1225.1543
51163,1189.1857
51164,1223.2186
51165,1296.397
51166,1488.1107
51167,1297.4677
51168,1195.196
51169,870.3205
51170,792.46515
51171,810.24615
51172,903.9915
51173,718.0388
51174,895.6912
51175,918.3517
51176,1084.3247
51177,1126.3755
51178,1223.9059
51179,1198.7625
51180,1081.3936
51181,1160.1398
51182,1582.5685
51183,1276.7909
51184,1383.5958
51185,1258.6312
51186,1308.9073
51187,1310.0889
51188,1157.3492
51189,1112.4985
51190,1109.949
51191,1305.8812
51192,718.2104
51193,624.0846
51194,474.71472
51195,499.42474
51196,477.7386
51197,547.04456
51198,663.1423
51199,679.93225
51200,590.93756
51201,601.9896
51202,614.466
51203,464.24252
51204,480.2236
51205,530.64813
51206,488.1045
51207,563.44336
51208,569.2408
51209,848.11115
51210,726.16736
51211,272.49994
51212,148.6414
51213,132.65256
51214,110.97391
51215,331.71997
51216,430.90897
51217,283.93378
51218,278.4051
51219,291.64432
51220,559.4778
51221,675.8417
51222,635.35657
51223,789.7588
51224,1020.8689
51225,976.6865
51226,773.68097
51227,722.0325
51228,556.9241
51229,435.33722
51230,449.36575
51231,373.17194
51232,629.2996
51233,496.7873
51234,467.23117
51235,587.45294
51236,517.1824
51237,553.0169
51238,455.43362
51239,464.72696
51240,534.6917
51241,679.946
51242,694.0859
51243,759.4855
51244,649.60114
51245,528.2099
51246,405.0692
51247,362.65054
51248,325.43887
51249,341.18756
51250,390.2924
51251,411.87372
51252,412.50418
51253,380.2857
51254,577.51447
51255,530.05286
51256,455.10556
51257,471.033
51258,416.67517
51259,390.72217
51260,368.5682
51261,359.85156
51262,261.11655
51263,297.3303
51264,439.19272
51265,409.38562
51266,417.88724
51267,350.62988
51268,297.0335
51269,474.54028
51270,417.93542
51271,453.23227
51272,384.0059
51273,389.88974
51274,477.14856
51275,568.25775
51276,320.1391
51277,305.23816
51278,319.46378
51279,474.9056
51280,285.54446
51281,321.08612
51282,288.35297
51283,334.15857
51284,327.36465
51285,143.4243
51286,113.459366
51287,78.90091
51288,65.20504
51289,98.84028
51290,91.554756
51291,61.68939
51292,100.96313
51293,92.166176
51294,72.176636
51295,74.74863
51296,51.143993
51297,92.330345
51298,82.94648
51299,136.42917
51300,111.769104
51301,113.6649
51302,101.173294
51303,36.318798
51304,51.76828
51305,78.60019
51306,140.52751
51307,203.51898
51308,133.02263
51309,102.37606
51310,58.57681
51311,44.40632
51312,58.166264
51313,36.83066
51314,70.61687
51315,43.165546
51316,40.019775
51317,26.830715
51318,4.3054085
51319,0.108616434
51320,19.378002
51321,31.606052
51322,32.253345
51323,-3.3735168
51324,-3.0084665
51325,19.501205
51326,15.030542
51327,13.815066
51328,10.364163
51329,4.261792
51330,-0.3872469
51331,-3.3735976
51332,-1.800462
51333,-2.4094179
51334,-2.0495565
51335,-2.4345732
51336,-2.2372172
51337,-2.353092
51338,-2.1201
51339,-1.9386307
51340,-1.6040288
51341,-0.9911235
51342,-0.9011168
51343,-0.7995975
51344,-0.72811335
51345,-0.71566
51346,-0.52675813
51347,-0.4837018
51348,-0.4446305
51349,-0.36437523
51350,-0.43172058
51351,-0.39427203
51352,-0.18196777
51353,-0.3168117
51354,-0.18473753
51355,-0.17481239
51356,-0.20016286
51357,-0.1986605
51358,-0.16991761
51359,-0.20523287
51360,-0.15381593
51361,-0.17676668
51362,-0.15251586
51363,-0.15735665
51364,-0.17591906
51365,-0.17939207
51366,-0.19418457
51367,-0.18857998
51368,-0.21122651
51369,-0.18053153
51370,0.34760013
51371,0.15910506
51372,0.151534
51373,-0.14623825
51374,-0.14231578
51375,-0.08966242
51376,-0.81369615
51377,50.875065
51378,119.48577
51379,96.49277
51380,108.10465
51381,93.95067
51382,93.81025
51383,88.54606
51384,100.52227
51385,57.680225
51386,75.503815
51387,113.88221
51388,175.97432
51389,122.371445
51390,79.6882
51391,191.95462
51392,215.21326
51393,329.68875
51394,343.87366
51395,435.7935
51396,274.16156
51397,141.80426
51398,391.12048
51399,347.56247
51400,192.75716
51401,261.97568
51402,327.7008
51403,192.41602
51404,144.49905
51405,141.9589
51406,156.13731
51407,178.92549
51408,123.868866
51409,76.46599
51410,116.34999
51411,182.17323
51412,251.69882
51413,234.15178
51414,191.61798
51415,140.83424
51416,166.66866
51417,192.61139
51418,161.85568
51419,151.36996
51420,101.38299
51421,113.49649
51422,98.19462
51423,107.73108
51424,156.03023
51425,155.95262
51426,111.09094
51427,88.78691
51428,166.32657
51429,124.7788
51430,130.37018
51431,103.02837
51432,172.01872
51433,191.52744
51434,183.55379
51435,163.7574
51436,191.37666
51437,183.64095
51438,168.98012
51439,206.41159
51440,191.90427
51441,255.06
51442,169.31784
51443,108.83968
51444,133.94266
51445,105.27452
51446,122.41627
51447,206.08546
51448,267.5968
51449,291.53802
51450,200.32121
51451,263.02786
51452,339.89243
51453,283.54227
51454,305.6243
51455,416.7998
51456,342.65027
51457,383.73196
51458,541.18567
51459,387.45294
51460,328.06537
51461,407.80585
51462,494.8301
51463,411.96472
51464,601.89777
51465,589.6446
51466,757.39325
51467,635.0376
51468,709.8961
51469,697.82355
51470,716.3379
51471,605.49164
51472,536.8048
51473,735.5356
51474,908.29193
51475,805.01
51476,677.1767
51477,735.6487
51478,863.7426
51479,670.73755
51480,906.0064
51481,1016.91693
51482,1100.3799
51483,1129.7023
51484,946.1644
51485,1309.5789
51486,856.1671
51487,887.6718
51488,1228.1085
51489,997.5267
51490,1205.768
51491,975.28595
51492,1213.3992
51493,956.79205
51494,1058.4639
51495,906.6975
51496,959.8375
51497,819.20605
51498,767.9911
51499,950.6399
51500,975.9714
51501,761.79486
51502,1167.1514
51503,948.9006
51504,768.5725
51505,1304.2775
51506,1442.9746
51507,1282.7878
51508,1373.4193
51509,1314.4456
51510,1777.3215
51511,1839.6432
51512,1372.328
51513,873.02264
51514,788.9807
51515,669.28064
51516,756.3707
51517,854.96326
51518,808.93286
51519,895.7595
51520,1338.2828
51521,1340.7228
51522,1488.7405
51523,1194.2118
51524,1020.5485
51525,1339.8102
51526,1487.6669
51527,1432.2509
51528,1609.613
51529,1752.8129
51530,1627.5532
51531,1689.176
51532,1718.5425
51533,1846.2903
51534,1452.9563
51535,1522.567
51536,1621.0681
51537,1783.2405
51538,1698.6741
51539,1699.9761
51540,1657.539
51541,1832.5939
51542,1787.966
51543,1796.1476
51544,1972.3364
51545,1971.6919
51546,1774.0847
51547,1780.0284
51548,1826.2971
51549,1763.7026
51550,1834.8788
51551,1837.3419
51552,1416.4211
51553,1764.047
51554,1508.8513
51555,1637.2073
51556,1662.888
51557,1255.435
51558,1491.6774
51559,1623.9753
51560,1393.2366
51561,1128.7278
51562,1184.5525
51563,1085.8412
51564,1090.413
51565,1347.1425
51566,1361.2938
51567,996.3987
51568,1153.3519
51569,952.7646
51570,1253.1212
51571,942.90125
51572,896.56836
51573,1111.8068
51574,799.76013
51575,572.8315
51576,730.2298
51577,1271.2434
51578,1186.6722
51579,1033.5444
51580,895.82355
51581,839.63904
51582,955.37476
51583,963.82446
51584,1026.6403
51585,1016.8572
51586,1267.8325
51587,1334.5198
51588,1216.043
51589,1246.4879
51590,1163.8198
51591,1539.1123
51592,1433.8732
51593,1448.3354
51594,1358.9563
51595,1001.0999
51596,990.71967
51597,1061.5787
51598,1225.1593
51599,708.95374
51600,733.5425
51601,588.30005
51602,511.48425
51603,637.7886
51604,1313.8866
51605,1202.2871
51606,1034.8551
51607,1222.0432
51608,1034.9923
51609,841.36115
51610,958.1635
51611,663.0357
51612,543.3253
51613,505.51047
51614,753.2871
51615,639.94403
51616,554.49725
51617,518.5822
51618,476.09775
51619,491.23312
51620,431.05685
51621,470.5332
51622,469.48975
51623,385.93723
51624,472.5659
51625,940.6263
51626,984.2254
51627,878.20966
51628,884.87866
51629,834.4313
51630,709.59705
51631,752.8997
51632,881.9758
51633,994.56696
51634,1041.6893
51635,1007.54755
51636,906.75244
51637,779.9307
51638,886.6295
51639,1118.5109
51640,1035.6238
51641,810.6095
51642,714.54865
51643,559.1502
51644,515.8625
51645,712.53644
51646,820.4825
51647,948.16437
51648,996.41486
51649,919.8778
51650,905.9418
51651,924.48395
51652,596.4345
51653,701.8634
51654,461.87924
51655,437.02847
51656,595.4624
51657,720.6453
51658,637.55865
51659,984.6667
51660,1076.676
51661,1026.1143
51662,513.5153
51663,493.31842
51664,915.457
51665,701.19006
51666,666.39594
51667,616.27325
51668,365.22485
51669,303.14417
51670,399.23093
51671,487.7009
51672,389.58737
51673,335.8229
51674,591.19934
51675,466.20547
51676,565.0332
51677,667.97107
51678,220.28607
51679,209.95667
51680,360.2967
51681,637.49854
51682,1130.2281
51683,1337.035
51684,1230.9271
51685,1285.1744
51686,1059.6035
51687,765.86426
51688,1118.0117
51689,805.4855
51690,786.1668
51691,664.6396
51692,783.37616
51693,714.10846
51694,714.3146
51695,1133.3098
51696,924.8014
51697,666.5157
51698,748.8082
51699,739.46967
51700,721.12256
51701,614.5779
51702,545.3044
51703,712.1281
51704,700.72595
51705,475.75858
51706,251.34097
51707,363.7732
51708,601.50574
51709,551.61993
51710,743.273
51711,860.3976
51712,630.4307
51713,549.3907
51714,392.82196
51715,343.18542
51716,402.7856
51717,527.47577
51718,798.12573
51719,775.64246
51720,740.22
51721,1062.5654
51722,1030.1544
51723,814.60187
51724,857.0045
51725,812.62634
51726,702.23047
51727,519.2781
51728,345.51828
51729,389.95175
51730,343.10876
51731,239.51123
51732,226.28226
51733,228.89987
51734,165.86456
51735,239.90489
51736,233.12344
51737,231.67403
51738,270.42767
51739,231.67403
51740,169.99617
51741,128.17346
51742,38.215347
51743,40.623543
51744,17.86015
51745,20.32755
51746,33.498447
51747,46.97831
51748,126.53092
51749,76.64504
51750,5.917157
51751,-0.3450076
51752,27.184233
51753,-2.582338
51754,-0.10924111
51755,-0.21984215
51756,-0.21148418
51757,-0.20655666
51758,15.5074215
51759,-0.36958793
51760,-0.27852815
51761,80.26544
51762,140.72386
51763,9.421233
51764,-0.28017783
51765,-0.33727196
51766,-0.35978207
51767,-0.39264852
51768,-0.29837832
51769,62.93263
51770,108.73849
51771,140.23656
51772,63.85147
51773,21.819149
51774,0.14523165
51775,12.203871
51776,1.2533523
51777,0.7566076
51778,0.20318747
51779,-0.31743774
51780,-0.22097623
51781,-0.5675763
51782,-0.3343996
51783,0.46434635
51784,0.13592473
51785,-0.40446448
51786,-0.22765538
51787,-3.6435742
51788,-1.3121692
51789,-0.9444507
51790,0.73058414
51791,2.0163143
51792,-0.13512689
51793,-0.27187312
51794,0.5604072
51795,0.6470592
51796,-0.7987921
51797,0.44117785
51798,11.173867
51799,1.0497051
51800,-0.0653496
51801,-0.52760625
51802,116.95994
51803,118.35038
51804,25.734653
51805,68.49367
51806,165.2752
51807,196.99199
51808,143.28075
51809,130.84946
51810,187.86957
51811,214.42862
51812,250.89665
51813,393.63565
51814,684.11206
51815,675.4529
51816,750.1401
51817,668.1645
51818,887.81946
51819,825.6743
51820,824.8867
51821,1130.882
51822,754.18036
51823,672.91003
51824,626.5598
51825,895.08496
51826,778.0091
51827,684.9439
51828,628.26465
51829,593.63116
51830,390.04907
51831,602.35626
51832,514.2259
51833,750.7382
51834,445.51706
51835,363.51056
51836,485.03543
51837,418.39465
51838,368.78165
51839,268.00378
51840,244.9648
51841,326.84415
51842,374.79956
51843,336.452
51844,438.62354
51845,365.83716
51846,336.61966
51847,567.3014
51848,525.9046
51849,344.78226
51850,405.42728
51851,388.61884
51852,288.51184
51853,267.86267
51854,159.08022
51855,169.80429
51856,208.57318
51857,127.53113
51858,174.08362
51859,206.08344
51860,294.7967
51861,341.54816
51862,343.99155
51863,388.0324
51864,380.6913
51865,391.84262
51866,353.5926
51867,359.0129
51868,360.4358
51869,347.28882
51870,340.06857
51871,491.12607
51872,557.3475
51873,404.60846
51874,403.42575
51875,236.55617
51876,364.14465
51877,607.19867
51878,405.41122
51879,230.35706
51880,249.37856
51881,224.62494
51882,288.683
51883,368.85187
51884,252.81946
51885,284.91315
51886,285.14594
51887,249.82635
51888,198.85316
51889,207.96959
51890,224.28484
51891,276.01462
51892,283.38834
51893,236.1343
51894,275.21564
51895,341.07257
51896,338.38492
51897,276.58862
51898,435.2731
51899,362.85812
51900,186.81009
51901,208.6846
51902,287.76852
51903,332.78577
51904,282.88138
51905,223.23744
51906,194.99692
51907,216.56062
51908,200.5905
51909,244.45006
51910,218.40509
51911,204.6476
51912,184.47992
51913,192.83575
51914,227.03638
51915,225.25816
51916,267.2466
51917,171.27156
51918,132.18115
51919,142.65622
51920,195.07143
51921,203.41734
51922,153.58824
51923,189.44896
51924,175.8757
51925,135.63235
51926,74.75702
51927,114.1004
51928,276.4641
51929,259.539
51930,288.02277
51931,264.59238
51932,213.71117
51933,264.36697
51934,237.09465
51935,324.73282
51936,341.04025
51937,373.27487
51938,388.25052
51939,299.3218
51940,198.21204
51941,140.4621
51942,109.76733
51943,134.96529
51944,194.09863
51945,129.76056
51946,181.20345
51947,157.61226
51948,214.88332
51949,174.08298
51950,293.6626
51951,261.23093
51952,349.8912
51953,353.36362
51954,283.02332
51955,253.0915
51956,501.6036
51957,398.06537
51958,278.43524
51959,283.41037
51960,240.55869
51961,155.55334
51962,134.7479
51963,140.01895
51964,128.19684
51965,110.2876
51966,86.77891
51967,55.99558
51968,46.02715
51969,34.953995
51970,61.1638
51971,39.654118
51972,69.42089
51973,63.57894
51974,85.086624
51975,79.62144
51976,88.38113
51977,63.476135
51978,102.10961
51979,159.03296
51980,158.74078
51981,197.6467
51982,217.03218
51983,346.5087
51984,308.4872
51985,271.95285
51986,237.43535
51987,210.72435
51988,156.62636
51989,113.87982
51990,144.30888
51991,232.07085
51992,373.9519
51993,507.63577
51994,477.97748
51995,351.23892
51996,192.1747
51997,192.07013
51998,186.97298
51999,172.77162
52000,164.5735
52001,144.45778
52002,159.17567
52003,136.3295
52004,151.6196
52005,190.82806
52006,127.503334
52007,137.0366
52008,186.63713
52009,181.4591
52010,205.13683
52011,131.48595
52012,66.11873
52013,-0.14075932
52014,-0.14230171
52015,-0.16448969
52016,-0.16952991
52017,-0.1474711
52018,-0.21717685
52019,-0.1815347
52020,-0.19592403
52021,-0.24208406
52022,-0.31086025
52023,-0.28325656
52024,-0.2840699
52025,-0.30955276
52026,-0.3566785
52027,-0.38048148
52028,-0.87194854
52029,-0.42235073
52030,-0.29044485
52031,-0.345005
52032,-0.76053154
52033,-0.84468555
52034,-0.42590213
52035,-0.31754604
52036,-0.38633093
52037,-0.82350445
52038,-0.96009195
52039,-1.046287
52040,23.894464
52041,74.60005
52042,58.395317
52043,74.90674
52044,93.18335
52045,32.93074
52046,-4.0027475
52047,-0.57635534
52048,-0.5357073
52049,-0.548691
52050,-0.58813304
52051,-0.58260655
52052,-0.5677108
52053,-0.55110085
52054,-0.5338277
52055,-0.5242105
52056,-0.50754637
52057,-0.54844856
52058,-0.49342024
52059,-0.523299
52060,-0.54478717
52061,-0.5453523
52062,-0.57707363
52063,-0.6040106
52064,-0.60636395
52065,-0.6747677
52066,-0.6450482
52067,-0.71162534
52068,68.29424
52069,83.240234
52070,101.25
52071,146.36172
52072,120.8937
52073,129.48926
52074,118.943825
52075,38.17674
52076,-5.9181128
52077,-4.4793096
52078,-0.5235683
52079,-0.47536013
52080,-0.4021741
52081,-0.35776517
52082,-0.29498693
52083,-0.4972888
52084,-0.487627
52085,-0.50616074
52086,-0.49050295
52087,-0.52847105
52088,-0.5598502
52089,-0.58782995
52090,-0.53351814
52091,-0.56526756
52092,-0.54067284
52093,-0.63378495
52094,-0.53648186
52095,-0.5568543
52096,-0.39726028
52097,-0.5691526
52098,-0.6075625
52099,-0.6171189
52100,-0.54530275
52101,-0.5579716
52102,-0.66699785
52103,-0.43056127
52104,-0.6624955
52105,-0.5909799
52106,-0.5967431
52107,33.759468
52108,45.689762
52109,32.817753
52110,75.46733
52111,49.055946
52112,29.271381
52113,23.5155
52114,22.489107
52115,2.3815024
52116,-0.5625146
52117,-0.56168777
52118,-0.48846242
52119,-0.48995426
52120,-0.48816416
52121,-0.38949525
52122,-0.5161002
52123,-0.49390954
52124,-0.5099432
52125,-0.5076171
52126,-0.47347513
52127,-0.48160598
52128,-0.49593243
52129,-0.5243986
52130,-0.5287004
52131,-0.5206842
52132,-0.5360578
52133,-0.5218422
52134,-0.55259037
52135,-0.39590386
52136,-0.52975994
52137,-0.5343872
52138,-0.5695172
52139,-0.56958896
52140,-0.5781465
52141,-0.5456338
52142,-0.751963
52143,13.429805
52144,33.574688
52145,5.493239
52146,4.3637204
52147,40.17986
52148,20.362434
52149,68.683174
52150,87.889145
52151,58.434685
52152,34.966297
52153,9.595422
52154,37.90205
52155,50.79675
52156,51.691742
52157,73.88438
52158,31.829405
52159,12.301727
52160,13.505053
52161,-2.4735005
52162,-0.3651152
52163,-0.40915617
52164,-0.45857656
52165,-0.3630767
52166,-0.3587073
52167,-0.85639876
52168,-0.46620378
52169,-0.47144112
52170,-0.55250293
52171,-0.5414276
52172,-0.5045107
52173,-0.5247713
52174,-0.52170837
52175,-0.5417557
52176,-0.527414
52177,-0.5713195
52178,-0.61847293
52179,-0.6199128
52180,-0.6216287
52181,-0.7779124
52182,-0.58289814
52183,-0.56388676
52184,-0.6546559
52185,0.59738386
52186,78.903885
52187,73.5179
52188,73.495926
52189,65.36852
52190,69.10673
52191,100.18491
52192,88.65879
52193,64.80483
52194,69.81677
52195,91.38787
52196,101.61276
52197,138.67964
52198,184.11572
52199,238.7762
52200,191.86708
52201,194.88176
52202,217.31651
52203,226.8102
52204,201.26958
52205,153.89067
52206,136.72638
52207,118.71094
52208,85.64999
52209,53.685364
52210,62.593937
52211,43.37303
52212,64.220436
52213,47.316845
52214,43.595142
52215,62.309883
52216,49.57064
52217,46.08277
52218,81.69466
52219,73.0766
52220,101.87749
52221,129.3459
52222,103.15258
52223,52.41028
52224,5.2461734
52225,3.733175
52226,-0.34124902
52227,-0.33624792
